; HEADER_BLOCK_START
; generated by OrcaSlicer 2.3.3 on 2026-04-08 at 22:13:44
; total layer number: 309
; filament_density: 1.23
; filament_diameter: 1.12838
; max_z_height: 463.00
; HEADER_BLOCK_END

; THUMBNAIL_BLOCK_START

;
; thumbnail begin 50x50 932
; iVBORw0KGgoAAAANSUhEUgAAADIAAAAyCAYAAAAeP4ixAAACgElEQVR4Ae2ZP0vrUBjGD2qx2BBipY
; nRtkZrl3sX4W5XEN1EHBwEJ0UQR9FBRUHs4KDg0EFBFynqIAgqOig4WHRw9SP4EfoRjucVIsfQ2Jyc
; k+QU88ADpX/S/vq878OhRSiWNy1nMmWw0tKioWZUsb196DSff3stFjEYbsN9qJk0o2krNgDtx0KhBo
; 9Jnw58wMNstloPgjY8x0wkLCSjJlR1vhGAMx14DZJJW4ZRYYGgvWeaN5GPGizvlWW9+4WwDdcYUZQp
; FIUW0ukSL4Bz1OCaoaXjrFXRhiIIvKbdalW07ZpGogVx8yw0TzrCalrUQvOkw10EcEaKCsBpX+e1oB
; far5nPa2u6Xn0qFKSCAD8PDuINw3jzDLLY1VXd7+nB15YlDcRtfz/eNAw8l06zgeyaJgZXcjn8Qr6J
; KCGOyWdY1fVP+wYBH/T24vuBgdABHsh7bnd3f0Fwg4Bh1C7JqIWVzlk+/w1AGIjto2wWB1kEsNB75E
; urByEUhE5HNMRFX58rQCAgdDqiRu2AXKsRRGAg4DJJ545Uo8iFjgTEHrVzspys6ZxQtSoFCD1qjx6K
; AFLYIc9nhQgNxEsRuNWqdCBuNQ216nWhpQKx04EiYF1o6UBsiwCIQWKQGCQGcRf5LWloWtMqsoGQH+
; 2qamurhVg1nEqtlAyjJgPI/1SqhHgE6azr+ntUIEuZTC2XSIwiUZpU1XLYIOOqWkFBCNLxM2p+IISm
; 4CbWImBdaBSm/iSTU17T8Qrxr6ND/F8JXgSjNtvZecMLAinobW3R/wffqAh+ghhTlDKSST/VdCi1Kl
; r1iiDyhfYrZxHQEH+TyXnUTKLPa1znJFkE5zXuc9Jv0gcfZY+aKvI2HwAAAABJRU5ErkJggg==
; thumbnail end
; THUMBNAIL_BLOCK_END

; external perimeters extrusion width = 3.20mm
; perimeters extrusion width = 3.20mm
; infill extrusion width = 3.20mm
; solid infill extrusion width = 3.20mm
; top infill extrusion width = 3.20mm
; first layer extrusion width = 3.20mm

; EXECUTABLE_BLOCK_START
EXCLUDE_OBJECT_DEFINE NAME=Cube_id_0_copy_0 CENTER=500,500 POLYGON=[[268.766,268.766],[731.234,268.766],[731.234,731.234],[268.766,731.234],[268.766,268.766]]
M73 P0 R898
;TYPE:Custom
START_PRINT BED_TEMPERATURE=50 KAMP_LEVELING=1 EXTRUDER_ROTATION_VOLUME=456 MIXING_STEPPER_ROTATION_VOLUME=8000 PURGE_LAYER_HEIGHT=2 PURGE_PARKING_SPEED=10000 PURGE_LENGHT=500 PURGE_SPEED=400 PURGE_MATERIAL_QUANTITY=15000 EXTRUDER_TEMPERATURE=220 EXTRUDER_TEMPERATURE_INITIAL_LAYER=220 PRESSURE_ADVANCE=0.2 PRESSURE_ADVANCE_SMOOTH_TIME=0.5 ZONE_1_TEMPERATURE=200 ZONE_2_TEMPERATURE=200 ZONE_3_TEMPERATURE=200
G90
G21
M83 ; use relative distances for extrusion
SET_PRESSURE_ADVANCE EXTRUDER=extruder SMOOTH_TIME=0.5
SET_PRESSURE_ADVANCE ADVANCE=0.3; Override pressure advance value
SET_EXTRUDER_ROTATION_DISTANCE EXTRUDER=extruder DISTANCE=456
SET_EXTRUDER_ROTATION_DISTANCE EXTRUDER=mixing_stepper DISTANCE=8000
M106 S0
;LAYER_CHANGE
;Z:1
;HEIGHT:1
;BEFORE_LAYER_CHANGE
;1
G92 E0

;AFTER_LAYER_CHANGE
;1
;_SET_FAN_SPEED_CHANGING_LAYER
SET_VELOCITY_LIMIT ACCEL=300
SET_VELOCITY_LIMIT SQUARE_CORNER_VELOCITY=1
G1 E-30 F9000
G1 Z2 F15000
G1 X247.869 Y248.107
G1 Z1
G1 E40 F9000
;TYPE:Skirt
;WIDTH:3.2
G1 F3000
G1 X249.067 Y246.942 E4.98976
G1 X251.827 Y244.736 E10.54727
G1 X254.412 Y243.109 E9.11757
G1 X257.593 Y241.572 E10.5473
G1 X259.654 Y240.814 E6.55694
G1 X262.603 Y240.019 E9.11755
G1 X266.096 Y239.488 E10.54731
G1 X268.766 Y239.361 E7.9814
G1 X731.663 Y239.369 E1381.92881
G1 X735.186 Y239.633 E10.54724
G1 X737.35 Y240.009 E6.55694
G1 X740.3 Y240.799 E9.11755
G1 X742.363 Y241.554 E6.55691
G1 X745.546 Y243.085 E10.54724
G1 X747.424 Y244.225 E6.55691
G1 X749.211 Y245.503 E6.55701
G1 X751.527 Y247.493 E9.11755
G1 X753.058 Y249.067 E6.55688
G1 X755.264 Y251.827 E10.54724
G1 X756.891 Y254.412 E9.11757
G1 X757.891 Y256.367 E6.55688
G1 X758.743 Y258.392 E6.55694
G1 X759.788 Y261.766 E10.54724
G1 X760.361 Y264.766 E9.11758
G1 X760.578 Y266.961 E6.58484
G1 X760.639 Y268.766 E5.39185
G1 X760.639 Y731.234 E1380.64723
G1 X760.517 Y733.856 E7.83813
M73 P0 R897
G1 X759.991 Y737.35 E10.54732
G1 X759.201 Y740.3 E9.11768
G1 X758.446 Y742.363 E6.55691
G1 X756.915 Y745.546 E10.54736
G1 X755.775 Y747.424 E6.55688
G1 X754.497 Y749.211 E6.55695
G1 X752.507 Y751.527 E9.11743
G1 X750.933 Y753.058 E6.55688
G1 X748.173 Y755.264 E10.54736
G1 X745.588 Y756.891 E9.11757
G1 X742.407 Y758.428 E10.54736
G1 X740.346 Y759.186 E6.55688
G1 X737.397 Y759.981 E9.11755
G1 X733.904 Y760.512 E10.54736
G1 X731.234 Y760.639 E7.98145
G1 X268.766 Y760.639 E1380.64723
G1 X266.144 Y760.517 E7.83789
G1 X262.65 Y759.991 E10.54732
G1 X259.7 Y759.201 E9.11768
G1 X257.637 Y758.446 E6.55691
G1 X254.454 Y756.915 E10.54736
G1 X252.576 Y755.775 E6.55713
G1 X250.789 Y754.497 E6.55695
G1 X248.473 Y752.507 E9.11768
G1 X246.942 Y750.933 E6.55713
G1 X244.736 Y748.173 E10.54736
G1 X243.109 Y745.588 E9.11757
G1 X241.572 Y742.407 E10.54736
G1 X240.814 Y740.346 E6.55713
G1 X240.019 Y737.397 E9.11755
G1 X239.488 Y733.904 E10.54736
G1 X239.361 Y731.234 E7.98145
G1 X239.361 Y268.766 E1380.64723
G1 X239.483 Y266.144 E7.83789
G1 X240.009 Y262.65 E10.54732
G1 X240.799 Y259.7 E9.11768
G1 X241.554 Y257.637 E6.55691
G1 X243.085 Y254.454 E10.54736
G1 X244.225 Y252.576 E6.55713
G1 X245.503 Y250.789 E6.55695
G1 X247.493 Y248.473 E9.11768
G1 X247.654 Y248.316 E.67154
; printing object Cube id:0 copy 0
;WIPE_START
G1 X249.067 Y246.942 E-5.91417
G1 X251.827 Y244.736 E-10.59887
G1 X254.412 Y243.109 E-9.16217
G1 X255.71 Y242.482 E-4.32479
;WIPE_END
EXCLUDE_OBJECT_START NAME=Cube_id_0_copy_0
G1 Z2 F15000
G1 X256.841 Y257.488 Z2
G1 Z1
G1 E40 F9000
;TYPE:Brim
G1 F2400
G1 X257.589 Y256.74 E3.15684
G1 X258.517 Y255.939 E3.66162
G1 X259.504 Y255.21 E3.66169
G1 X260.542 Y254.556 E3.66162
G1 X261.625 Y253.982 E3.66162
G1 X262.749 Y253.49 E3.6617
G1 X263.906 Y253.084 E3.66162
G1 X265.09 Y252.764 E3.66162
G1 X266.295 Y252.535 E3.66173
G1 X267.513 Y252.396 E3.66016
G1 X268.795 Y252.347 E3.8287
G1 X731.206 Y252.347 E1380.479
G1 X732.459 Y252.393 E3.74512
G1 X733.678 Y252.531 E3.66175
G1 X734.883 Y252.758 E3.66162
G1 X736.068 Y253.076 E3.66173
G1 X737.226 Y253.48 E3.66162
G1 X738.351 Y253.97 E3.66174
G1 X739.435 Y254.543 E3.66162
G1 X740.474 Y255.195 E3.66162
G1 X741.462 Y255.923 E3.66171
G1 X742.392 Y256.722 E3.66162
G1 X743.26 Y257.589 E3.66173
G1 X744.061 Y258.517 E3.66162
G1 X744.79 Y259.504 E3.66169
G1 X745.444 Y260.542 E3.66162
G1 X746.018 Y261.625 E3.66162
G1 X746.51 Y262.749 E3.6617
G1 X746.916 Y263.906 E3.66162
G1 X747.236 Y265.09 E3.66162
G1 X747.465 Y266.295 E3.66173
G1 X747.604 Y267.513 E3.66016
G1 X747.653 Y268.795 E3.8287
G1 X747.653 Y731.206 E1380.479
G1 X747.607 Y732.459 E3.74512
G1 X747.469 Y733.678 E3.66175
G1 X747.242 Y734.883 E3.66211
G1 X746.924 Y736.068 E3.66173
G1 X746.52 Y737.226 E3.66211
G1 X746.03 Y738.351 E3.66174
G1 X745.457 Y739.435 E3.66211
G1 X744.805 Y740.474 E3.66211
G1 X744.077 Y741.462 E3.66171
G1 X743.278 Y742.392 E3.66211
G1 X742.411 Y743.26 E3.66173
G1 X741.483 Y744.061 E3.66211
G1 X740.496 Y744.79 E3.66169
G1 X739.458 Y745.444 E3.66211
G1 X738.375 Y746.018 E3.66211
G1 X737.251 Y746.51 E3.6617
G1 X736.094 Y746.916 E3.66211
G1 X734.91 Y747.236 E3.66211
G1 X733.705 Y747.465 E3.66211
G1 X732.487 Y747.604 E3.66016
G1 X731.205 Y747.653 E3.8287
G1 X268.794 Y747.653 E1380.47852
G1 X267.541 Y747.607 E3.74512
M73 P0 R896
G1 X266.322 Y747.469 E3.66175
G1 X265.117 Y747.242 E3.66211
G1 X263.932 Y746.924 E3.66173
G1 X262.774 Y746.52 E3.66211
G1 X261.649 Y746.03 E3.66174
G1 X260.565 Y745.457 E3.66211
G1 X259.526 Y744.805 E3.66211
G1 X258.538 Y744.077 E3.66171
G1 X257.608 Y743.278 E3.66211
G1 X256.74 Y742.411 E3.66173
G1 X255.939 Y741.483 E3.66211
G1 X255.21 Y740.496 E3.66169
G1 X254.556 Y739.458 E3.66211
G1 X253.982 Y738.375 E3.66211
G1 X253.49 Y737.251 E3.6617
G1 X253.084 Y736.094 E3.66211
G1 X252.764 Y734.91 E3.66211
G1 X252.535 Y733.705 E3.66211
G1 X252.396 Y732.487 E3.66016
G1 X252.347 Y731.205 E3.8287
G1 X252.347 Y268.794 E1380.47852
G1 X252.393 Y267.541 E3.74512
G1 X252.531 Y266.322 E3.66175
G1 X252.758 Y265.117 E3.66211
G1 X253.076 Y263.932 E3.66173
G1 X253.48 Y262.774 E3.66211
G1 X253.97 Y261.649 E3.66174
G1 X254.543 Y260.565 E3.66211
G1 X255.195 Y259.526 E3.66211
G1 X255.923 Y258.538 E3.66171
G1 X256.637 Y257.707 E3.27148
G1 X258.903 Y259.655 F15000
G1 F2400
G1 X258.937 Y259.615 E.15723
G1 X259.648 Y258.907 E2.99519
G1 X260.357 Y258.295 E2.7959
G1 X261.217 Y257.659 E3.19434
G1 X262.068 Y257.126 E2.99521
G1 X262.955 Y256.659 E2.99512
G1 X263.813 Y256.283 E2.7959
G1 X264.823 Y255.928 E3.19481
G1 X265.792 Y255.67 E2.99512
G1 X266.712 Y255.494 E2.79555
G1 X267.774 Y255.373 E3.19043
G1 X268.869 Y255.332 E3.27148
G1 X731.167 Y255.333 E1380.14063
G1 X732.27 Y255.376 E3.29513
G1 X733.266 Y255.491 E2.99512
G1 X734.252 Y255.68 E2.99516
G1 X735.156 Y255.922 E2.7959
G1 X736.166 Y256.275 E3.19434
G1 X737.085 Y256.678 E2.9952
G1 X737.913 Y257.115 E2.7959
G1 X738.82 Y257.684 E3.19481
G1 X739.574 Y258.24 E2.7959
G1 X740.336 Y258.892 E2.99512
G1 X741.048 Y259.599 E2.99519
G1 X741.747 Y260.409 E3.19434
G1 X742.341 Y261.217 E2.99512
G1 X742.84 Y262.01 E2.7956
G1 X743.312 Y262.895 E2.99512
G1 X743.741 Y263.875 E3.19434
G1 X744.052 Y264.759 E2.7956
G1 X744.315 Y265.727 E2.99512
G1 X744.506 Y266.712 E2.99517
G1 X744.622 Y267.706 E2.98828
G1 X744.667 Y268.835 E3.37146
G1 X744.668 Y731.133 E1380.14355
G1 X744.629 Y732.203 E3.19539
G1 X744.509 Y733.266 E3.19434
G1 X744.32 Y734.252 E2.99516
G1 X744.078 Y735.156 E2.7959
G1 X743.749 Y736.104 E2.99517
G1 X743.322 Y737.085 E3.19434
G1 X742.851 Y737.971 E2.99516
G1 X742.354 Y738.764 E2.7959
G1 X741.76 Y739.574 E2.99512
G1 X741.063 Y740.385 E3.19531
G1 X740.352 Y741.093 E2.99519
G1 X739.643 Y741.705 E2.7959
G1 X738.783 Y742.341 E3.19434
G1 X737.932 Y742.874 E2.99521
G1 X737.045 Y743.341 E2.99512
G1 X736.187 Y743.717 E2.7959
G1 X735.177 Y744.072 E3.19481
G1 X734.208 Y744.33 E2.99512
G1 X733.288 Y744.506 E2.7959
G1 X732.226 Y744.627 E3.19045
G1 X731.131 Y744.668 E3.27148
G1 X268.867 Y744.668 E1380.04102
G1 X267.797 Y744.629 E3.19539
G1 X266.734 Y744.509 E3.19434
G1 X265.748 Y744.32 E2.99516
G1 X264.844 Y744.078 E2.7959
G1 X263.896 Y743.749 E2.99517
G1 X262.915 Y743.322 E3.19434
G1 X262.029 Y742.851 E2.99516
G1 X261.236 Y742.354 E2.7959
G1 X260.426 Y741.76 E2.99512
G1 X259.615 Y741.063 E3.19531
G1 X258.907 Y740.352 E2.99519
G1 X258.295 Y739.643 E2.7959
G1 X257.659 Y738.783 E3.19434
G1 X257.126 Y737.932 E2.99521
G1 X256.659 Y737.045 E2.99512
G1 X256.283 Y736.187 E2.7959
G1 X255.928 Y735.177 E3.19481
G1 X255.67 Y734.208 E2.99512
G1 X255.494 Y733.288 E2.7959
G1 X255.373 Y732.226 E3.19045
G1 X255.332 Y731.131 E3.27148
G1 X255.332 Y268.867 E1380.04199
G1 X255.371 Y267.797 E3.19539
M73 P0 R895
G1 X255.491 Y266.734 E3.19531
G1 X255.68 Y265.748 E2.99516
G1 X255.922 Y264.844 E2.79492
G1 X256.251 Y263.896 E2.99517
G1 X256.678 Y262.915 E3.19531
G1 X257.149 Y262.029 E2.99516
G1 X257.646 Y261.236 E2.79492
G1 X258.24 Y260.426 E2.99512
G1 X258.707 Y259.882 E2.14258
G1 X260.967 Y261.836 F15000
G1 F2400
G1 X261.151 Y261.623 E.83997
G1 X261.656 Y261.12 E2.12891
G1 X262.196 Y260.651 E2.13672
G1 X262.872 Y260.148 E2.5137
G1 X263.587 Y259.7 E2.51953
G1 X264.223 Y259.365 E2.14356
G1 X264.877 Y259.076 E2.13672
G1 X265.737 Y258.774 E2.72006
G1 X266.426 Y258.591 E2.12891
G1 X267.129 Y258.454 E2.13651
G1 X268.034 Y258.351 E2.71875
G1 X268.942 Y258.317 E2.71289
G1 X731.09 Y258.318 E1379.69336
G1 X732.006 Y258.354 E2.73714
G1 X732.847 Y258.45 E2.52734
G1 X733.552 Y258.586 E2.14349
G1 X734.244 Y258.768 E2.13672
G1 X735.104 Y259.069 E2.7207
G1 X735.757 Y259.356 E2.12901
G1 X736.391 Y259.688 E2.13672
G1 X737.11 Y260.136 E2.52825
G1 X737.74 Y260.6 E2.33594
G1 X738.286 Y261.067 E2.14347
G1 X738.838 Y261.611 E2.31445
G1 X739.431 Y262.299 E2.71289
G1 X739.853 Y262.874 E2.12898
G1 X740.239 Y263.482 E2.15039
G1 X740.638 Y264.23 E2.52828
G1 X740.973 Y265.002 E2.51367
G1 X741.208 Y265.678 E2.13672
G1 X741.396 Y266.371 E2.14347
G1 X741.547 Y267.136 E2.32813
G1 X741.645 Y267.974 E2.51848
G1 X741.682 Y268.913 E2.80664
G1 X741.683 Y731.062 E1379.69586
G1 X741.646 Y732.014 E2.8457
G1 X741.549 Y732.852 E2.51706
G1 X741.414 Y733.552 E2.12891
G1 X741.23 Y734.249 E2.15128
G1 X740.978 Y734.985 E2.32227
G1 X740.615 Y735.817 E2.71289
G1 X740.28 Y736.447 E2.12891
G1 X739.899 Y737.059 E2.15126
G1 X739.398 Y737.742 E2.52734
G1 X738.849 Y738.377 E2.50586
G1 X738.344 Y738.88 E2.12891
G1 X737.804 Y739.349 E2.13672
G1 X737.128 Y739.852 E2.5137
G1 X736.413 Y740.3 E2.51953
G1 X735.777 Y740.635 E2.14356
G1 X735.123 Y740.924 E2.13672
G1 X734.263 Y741.226 E2.72006
G1 X733.574 Y741.409 E2.12891
G1 X732.871 Y741.546 E2.13651
G1 X731.966 Y741.649 E2.71875
G1 X731.058 Y741.683 E2.71289
G1 X268.938 Y741.683 E1379.61032
G1 X267.986 Y741.646 E2.8457
G1 X267.148 Y741.549 E2.51706
G1 X266.448 Y741.414 E2.12891
G1 X265.751 Y741.23 E2.15128
G1 X265.015 Y740.978 E2.32227
G1 X264.183 Y740.615 E2.71289
G1 X263.553 Y740.28 E2.12891
G1 X262.941 Y739.899 E2.15126
G1 X262.258 Y739.398 E2.52734
G1 X261.623 Y738.849 E2.50586
G1 X261.12 Y738.344 E2.12891
G1 X260.651 Y737.804 E2.13672
G1 X260.148 Y737.128 E2.5137
G1 X259.7 Y736.413 E2.51953
G1 X259.365 Y735.777 E2.14356
G1 X259.076 Y735.123 E2.13672
G1 X258.774 Y734.263 E2.72006
G1 X258.591 Y733.574 E2.12891
G1 X258.454 Y732.871 E2.13651
G1 X258.351 Y731.966 E2.71875
G1 X258.317 Y731.058 E2.71289
G1 X258.317 Y268.938 E1379.61032
G1 X258.354 Y267.986 E2.8457
G1 X258.451 Y267.148 E2.51706
G1 X258.586 Y266.448 E2.12891
G1 X258.77 Y265.751 E2.15128
G1 X259.022 Y265.015 E2.32227
G1 X259.385 Y264.183 E2.71289
G1 X259.72 Y263.553 E2.12891
M73 P0 R894
G1 X260.101 Y262.941 E2.15126
G1 X260.602 Y262.258 E2.52734
G1 X260.77 Y262.063 E.76953
G1 X263.032 Y264.018 F15000
G1 F2400
G1 X263.396 Y263.596 E1.6628
G1 X263.773 Y263.235 E1.55859
G1 X264.52 Y262.644 E2.84375
G1 X264.894 Y262.397 E1.33833
G1 X265.356 Y262.14 E1.57813
G1 X265.883 Y261.898 E1.73137
G1 X266.677 Y261.61 E2.52148
G1 X267.099 Y261.499 E1.30133
G1 X267.896 Y261.367 E2.41211
G1 X268.828 Y261.303 E2.78906
G1 X731.17 Y261.303 E1380.27286
G1 X732.22 Y261.384 E3.14453
G1 X732.613 Y261.444 E1.1875
G1 X733.06 Y261.539 E1.36235
G1 X733.567 Y261.689 E1.57813
G1 X734.109 Y261.895 E1.73118
G1 X734.874 Y262.261 E2.53125
G1 X735.238 Y262.475 E1.26172
G1 X735.838 Y262.908 E2.20898
G1 X736.404 Y263.396 E2.23133
G1 X736.765 Y263.773 E1.55859
G1 X737.356 Y264.52 E2.84375
G1 X737.603 Y264.894 E1.33833
G1 X737.86 Y265.356 E1.57813
G1 X738.102 Y265.883 E1.73137
G1 X738.39 Y266.677 E2.52148
G1 X738.501 Y267.099 E1.30133
G1 X738.633 Y267.896 E2.41211
G1 X738.697 Y268.828 E2.78906
G1 X738.697 Y731.17 E1380.27286
G1 X738.616 Y732.22 E3.14453
G1 X738.556 Y732.613 E1.1875
G1 X738.461 Y733.06 E1.36235
G1 X738.311 Y733.567 E1.57813
G1 X738.105 Y734.109 E1.73118
G1 X737.739 Y734.874 E2.53125
G1 X737.525 Y735.238 E1.26172
G1 X737.092 Y735.838 E2.20898
G1 X736.604 Y736.404 E2.23133
G1 X736.227 Y736.765 E1.55859
G1 X735.48 Y737.356 E2.84375
G1 X735.106 Y737.603 E1.33789
G1 X734.644 Y737.86 E1.57813
G1 X734.117 Y738.102 E1.73137
G1 X733.323 Y738.39 E2.52148
G1 X732.901 Y738.501 E1.30133
G1 X732.104 Y738.633 E2.41211
G1 X731.172 Y738.697 E2.78906
G1 X268.83 Y738.697 E1380.27286
G1 X267.78 Y738.616 E3.14453
G1 X267.387 Y738.556 E1.1875
G1 X266.94 Y738.461 E1.36235
G1 X266.433 Y738.311 E1.57813
G1 X265.891 Y738.105 E1.73118
G1 X265.126 Y737.739 E2.53125
G1 X264.762 Y737.525 E1.26172
G1 X264.162 Y737.092 E2.20898
G1 X263.596 Y736.604 E2.23133
G1 X263.235 Y736.227 E1.55859
G1 X262.644 Y735.48 E2.84375
G1 X262.397 Y735.106 E1.33789
G1 X262.14 Y734.644 E1.57813
G1 X261.898 Y734.117 E1.73137
G1 X261.61 Y733.323 E2.52148
G1 X261.499 Y732.901 E1.30133
G1 X261.367 Y732.104 E2.41211
G1 X261.303 Y731.172 E2.78906
G1 X261.303 Y268.83 E1380.27286
G1 X261.384 Y267.78 E3.14453
G1 X261.444 Y267.387 E1.1875
G1 X261.539 Y266.94 E1.36235
G1 X261.689 Y266.433 E1.57813
G1 X261.895 Y265.891 E1.73118
G1 X262.261 Y265.126 E2.53125
G1 X262.475 Y264.762 E1.26172
G1 X262.844 Y264.251 E1.88174
G1 X265.222 Y266.05 F15000
G1 F2400
G1 X265.299 Y265.948 E.38281
G1 X265.643 Y265.561 E1.54434
G1 X266.146 Y265.148 E1.94336
G1 X266.568 Y264.868 E1.51172
G1 X267.16 Y264.597 E1.94336
G1 X267.649 Y264.432 E1.53913
G1 X267.973 Y264.37 E.98633
G1 X268.325 Y264.321 E1.06133
G1 X268.797 Y264.288 E1.41211
G1 X731.205 Y264.288 E1380.46875
G1 X731.966 Y264.358 E2.2821
M73 P0 R893
G1 X732.472 Y264.466 E1.54492
G1 X733.08 Y264.698 E1.94336
G1 X733.542 Y264.932 E1.54475
G1 X733.791 Y265.102 E.90039
G1 X734.052 Y265.299 E.97852
G1 X734.439 Y265.643 E1.54434
G1 X734.852 Y266.146 E1.94336
G1 X735.132 Y266.568 E1.51172
G1 X735.403 Y267.16 E1.94336
G1 X735.568 Y267.649 E1.53913
G1 X735.63 Y267.973 E.98633
G1 X735.679 Y268.325 E1.06133
G1 X735.712 Y268.797 E1.41211
G1 X735.712 Y731.205 E1380.46875
G1 X735.642 Y731.966 E2.2821
G1 X735.534 Y732.472 E1.54492
G1 X735.302 Y733.08 E1.94336
G1 X735.068 Y733.542 E1.54475
G1 X734.898 Y733.791 E.90039
G1 X734.701 Y734.052 E.97852
G1 X734.357 Y734.439 E1.54434
G1 X733.854 Y734.852 E1.94336
G1 X733.432 Y735.132 E1.51151
G1 X732.84 Y735.403 E1.94336
G1 X732.351 Y735.568 E1.53913
G1 X732.027 Y735.63 E.98633
G1 X731.675 Y735.679 E1.06133
G1 X731.203 Y735.712 E1.41211
G1 X268.795 Y735.712 E1380.4668
G1 X268.034 Y735.642 E2.28125
G1 X267.528 Y735.534 E1.54436
G1 X266.92 Y735.302 E1.94531
G1 X266.458 Y735.068 E1.54475
G1 X266.209 Y734.898 E.90234
G1 X265.948 Y734.701 E.97656
G1 X265.561 Y734.357 E1.54434
G1 X265.148 Y733.854 E1.94531
G1 X264.868 Y733.432 E1.51151
G1 X264.597 Y732.84 E1.94531
G1 X264.432 Y732.351 E1.53913
G1 X264.37 Y732.027 E.98828
G1 X264.321 Y731.675 E1.0625
G1 X264.288 Y731.203 E1.41176
G1 X264.288 Y730.21 Z1 E2.96484
G1 X264.288 Y729.216 Z1 E2.96484
G1 X264.288 Y728.223 Z1 E2.96875
G1 X264.288 Y727.23 Z1 E2.96484
G1 X264.288 Y726.236 Z1 E2.96484
G1 X264.288 Y725.243 Z1 E2.96484
G1 X264.288 Y724.25 Z1 E2.96484
G1 X264.288 Y723.256 Z1 E2.96484
G1 X264.288 Y722.263 Z1 E2.96484
G1 X264.288 Y721.269 Z1 E2.96875
G1 X264.288 Y720.276 Z1 E2.96484
G1 X264.288 Y719.283 Z1 E2.96484
G1 X264.288 Y718.289 Z1 E2.96484
G1 X264.288 Y717.296 Z1 E2.96484
G1 X264.288 Y716.303 Z1 E2.96875
G1 X264.288 Y715.309 Z1 E2.96484
G1 X264.288 Y714.316 Z1 E2.96484
G1 X264.288 Y713.323 Z1 E2.96484
G1 X264.288 Y712.329 Z1 E2.96484
G1 X264.288 Y711.336 Z1 E2.96484
G1 X264.288 Y710.343 Z1 E2.96484
G1 X264.288 Y709.349 Z1 E2.96875
G1 X264.288 Y708.356 Z1 E2.96484
G1 X264.288 Y268.795 Z1 E1312.26172
G1 X264.358 Y268.034 E2.28125
G1 X264.466 Y267.528 E1.54436
G1 X264.698 Y266.92 E1.94531
G1 X264.932 Y266.458 E1.54475
G1 X265.045 Y266.292 E.60156
G1 X267.469 Y268.027 F15000
G1 F2400
G1 X267.702 Y267.72 E1.15234
G1 X268.006 Y267.482 E1.151
G1 X268.36 Y267.33 E1.15234
G1 X268.766 Y267.274 E1.22656
G1 X731.234 Y267.274 E1380.64723
G1 X731.616 Y267.323 E1.15234
G1 X731.973 Y267.469 E1.15101
G1 X732.28 Y267.702 E1.15234
G1 X732.518 Y268.006 E1.151
G1 X732.67 Y268.36 E1.15234
G1 X732.726 Y268.766 E1.22656
G1 X732.726 Y731.234 E1380.64723
G1 X732.677 Y731.616 E1.15234
M73 P0 R892
G1 X732.531 Y731.973 E1.15101
G1 X732.298 Y732.28 E1.15234
G1 X731.994 Y732.518 E1.151
G1 X731.64 Y732.67 E1.15234
G1 X731.234 Y732.726 E1.22656
G1 X268.766 Y732.726 E1380.64723
G1 X268.384 Y732.677 E1.15234
G1 X268.027 Y732.531 E1.15101
G1 X267.72 Y732.298 E1.15234
G1 X267.482 Y731.994 E1.151
G1 X267.33 Y731.64 E1.15234
G1 X267.274 Y731.234 E1.22656
G1 X267.274 Y268.766 E1380.64723
G1 X267.323 Y268.384 E1.15234
G1 X267.356 Y268.305 E.25539
G1 X270.366 Y270.366 F15000
;TYPE:Outer wall
;WIDTH:3.2
G1 F2400
G1 X729.634 Y270.366 E1371.09386
G1 X729.634 Y729.634 E1371.09386
G1 X270.366 Y729.634 E1371.09386
G1 X270.366 Y270.666 E1370.19824
M73 P0 R891
;WIPE_START
G1 F600
G1 X280.366 Y270.66 E-30
;WIPE_END
G1 Z2 F15000
G1 X722.243 Y271.71 Z2
G1 Z1
G1 E40 F9000
;TYPE:Bottom surface
;WIDTH:3.20592
G1 F2400
G1 X726.947 Y276.413 E19.89844
G1 X726.947 Y280.644 E12.65625
G1 X719.356 Y273.053 E32.11082
G1 X715.126 Y273.053 E12.65625
G1 X726.947 Y284.874 E50.00675
G1 X726.947 Y289.104 E12.65625
G1 X710.896 Y273.053 E67.90234
G1 X706.665 Y273.053 E12.65625
G1 X726.947 Y293.335 E85.79861
G1 X726.947 Y297.565 E12.65625
G1 X702.435 Y273.053 E103.69531
G1 X698.204 Y273.053 E12.65625
G1 X726.947 Y301.796 E121.59047
G1 X726.947 Y306.026 E12.65625
G1 X693.974 Y273.053 E139.4864
G1 X689.744 Y273.053 E12.65625
G1 X726.947 Y310.256 E157.38281
G1 X726.947 Y314.487 E12.65625
G1 X685.513 Y273.053 E175.27825
G1 X681.283 Y273.053 E12.65625
G1 X726.947 Y318.717 E193.17418
G1 X726.947 Y322.947 E12.65625
G1 X677.053 Y273.053 E211.07011
G1 X672.822 Y273.053 E12.65625
G1 X726.947 Y327.178 E228.96604
G1 X726.947 Y331.408 E12.65625
G1 X668.592 Y273.053 E246.86197
G1 X664.362 Y273.053 E12.65625
G1 X726.947 Y335.638 E264.75781
G1 X726.947 Y339.869 E12.65625
G1 X660.131 Y273.053 E282.65383
G1 X655.901 Y273.053 E12.65625
G1 X726.947 Y344.099 E300.54975
G1 X726.947 Y348.33 E12.65625
G1 X651.67 Y273.053 E318.44568
G1 X647.44 Y273.053 E12.65625
G1 X726.947 Y352.56 E336.34161
G1 X726.947 Y356.79 E12.65625
G1 X643.21 Y273.053 E354.23828
G1 X638.979 Y273.053 E12.65625
G1 X726.947 Y361.021 E372.13347
G1 X726.947 Y365.251 E12.65625
G1 X634.749 Y273.053 E390.0294
G1 X630.519 Y273.053 E12.65625
M73 P0 R890
G1 X726.947 Y369.481 E407.92578
G1 X726.947 Y373.712 E12.65625
G1 X626.288 Y273.053 E425.82126
G1 X622.058 Y273.053 E12.65625
G1 X726.947 Y377.942 E443.71718
G1 X726.947 Y382.172 E12.65625
G1 X617.828 Y273.053 E461.61328
G1 X613.597 Y273.053 E12.65625
G1 X726.947 Y386.403 E479.50904
G1 X726.947 Y390.633 E12.65625
G1 X609.367 Y273.053 E497.40625
G1 X605.136 Y273.053 E12.65625
G1 X726.947 Y394.864 E515.3009
G1 X726.947 Y399.094 E12.65625
G1 X600.906 Y273.053 E533.19683
G1 X596.676 Y273.053 E12.65625
G1 X726.947 Y403.324 E551.09275
G1 X726.947 Y407.555 E12.65625
G1 X592.445 Y273.053 E568.98868
G1 X588.215 Y273.053 E12.65625
G1 X726.947 Y411.785 E586.88461
G1 X726.947 Y416.015 E12.65625
G1 X583.985 Y273.053 E604.78054
G1 X579.754 Y273.053 E12.65625
G1 X726.947 Y420.246 E622.67647
G1 X726.947 Y424.476 E12.65625
M73 P0 R889
G1 X575.524 Y273.053 E640.5724
G1 X571.294 Y273.053 E12.65625
G1 X726.947 Y428.706 E658.46875
G1 X726.947 Y432.937 E12.65625
G1 X567.063 Y273.053 E676.36425
G1 X562.833 Y273.053 E12.65625
G1 X726.947 Y437.167 E694.26018
G1 X726.947 Y441.397 E12.65625
G1 X558.603 Y273.053 E712.15625
G1 X554.372 Y273.053 E12.65433
G1 X726.947 Y445.628 E730.05078
G1 X726.947 Y449.858 E12.65625
M73 P1 R889
G1 X550.142 Y273.053 E747.94922
G1 X545.911 Y273.053 E12.65433
G1 X726.947 Y454.089 E765.84375
G1 X726.947 Y458.319 E12.65625
G1 X541.681 Y273.053 E783.73983
G1 X537.451 Y273.053 E12.65625
M73 P1 R888
G1 X726.947 Y462.549 E801.63575
G1 X726.947 Y466.78 E12.65625
G1 X533.22 Y273.053 E819.53168
G1 X528.99 Y273.053 E12.65625
G1 X726.947 Y471.01 E837.42761
G1 X726.947 Y475.24 E12.65625
G1 X524.76 Y273.053 E855.32031
G1 X520.529 Y273.053 E12.65433
G1 X726.947 Y479.471 E873.21875
G1 X726.947 Y483.701 E12.65625
G1 X516.299 Y273.053 E891.1154
G1 X512.069 Y273.053 E12.65625
G1 X726.947 Y487.931 E909.01132
G1 X726.947 Y492.162 E12.65625
G1 X507.838 Y273.053 E926.90726
G1 X503.608 Y273.053 E12.65625
M73 P1 R887
G1 X726.947 Y496.392 E944.80318
G1 X726.947 Y500.623 E12.65625
G1 X499.377 Y273.053 E962.69911
G1 X495.147 Y273.053 E12.65625
G1 X726.947 Y504.853 E980.59504
G1 X726.947 Y509.083 E12.65625
G1 X490.917 Y273.053 E998.49097
G1 X486.686 Y273.053 E12.65625
G1 X726.947 Y513.314 E1016.3869
G1 X726.947 Y517.544 E12.65625
G1 X482.456 Y273.053 E1034.28283
G1 X478.226 Y273.053 E12.65625
G1 X726.947 Y521.774 E1052.17969
G1 X726.947 Y526.005 E12.65433
M73 P1 R886
G1 X473.995 Y273.053 E1070.07813
G1 X469.765 Y273.053 E12.65625
G1 X726.947 Y530.235 E1087.97061
G1 X726.947 Y534.465 E12.65625
G1 X465.535 Y273.053 E1105.86719
G1 X461.304 Y273.053 E12.65433
G1 X726.947 Y538.696 E1123.76563
G1 X726.947 Y542.926 E12.65625
G1 X457.074 Y273.053 E1141.6584
G1 X452.844 Y273.053 E12.65625
G1 X726.947 Y547.157 E1159.55432
G1 X726.947 Y551.387 E12.65625
G1 X448.613 Y273.053 E1177.45025
G1 X444.383 Y273.053 E12.65625
M73 P1 R885
G1 X726.947 Y555.617 E1195.34375
G1 X726.947 Y559.848 E12.65434
G1 X440.152 Y273.053 E1213.24219
G1 X435.922 Y273.053 E12.65625
G1 X726.947 Y564.078 E1231.13804
G1 X726.947 Y568.308 E12.65625
G1 X431.692 Y273.053 E1249.03397
G1 X427.461 Y273.053 E12.65625
G1 X726.947 Y572.539 E1266.9299
G1 X726.947 Y576.769 E12.65625
M73 P1 R884
G1 X423.231 Y273.053 E1284.82582
G1 X419.001 Y273.053 E12.65625
G1 X726.947 Y580.999 E1302.72175
G1 X726.947 Y585.23 E12.65625
G1 X414.77 Y273.053 E1320.61768
G1 X410.54 Y273.053 E12.65625
G1 X726.947 Y589.46 E1338.51361
G1 X726.947 Y593.69 E12.65625
G1 X406.31 Y273.053 E1356.40954
G1 X402.079 Y273.053 E12.65625
M73 P1 R883
G1 X726.947 Y597.921 E1374.30547
G1 X726.947 Y602.151 E12.65625
G1 X397.849 Y273.053 E1392.2014
G1 X393.618 Y273.053 E12.65625
G1 X726.947 Y606.382 E1410.09733
G1 X726.947 Y610.612 E12.65625
G1 X389.388 Y273.053 E1427.99326
G1 X385.158 Y273.053 E12.65625
G1 X726.947 Y614.842 E1445.89063
G1 X726.947 Y619.073 E12.65625
M73 P1 R882
G1 X380.927 Y273.053 E1463.78511
G1 X376.697 Y273.053 E12.65625
G1 X726.947 Y623.303 E1481.68104
G1 X726.947 Y627.533 E12.65625
G1 X372.467 Y273.053 E1499.57813
G1 X368.236 Y273.053 E12.65433
G1 X726.947 Y631.764 E1517.47656
G1 X726.947 Y635.994 E12.65625
G1 X364.006 Y273.053 E1535.36882
G1 X359.776 Y273.053 E12.65625
M73 P1 R881
G1 X726.947 Y640.224 E1553.26563
G1 X726.947 Y644.455 E12.65433
G1 X355.545 Y273.053 E1571.16406
G1 X351.315 Y273.053 E12.65625
G1 X726.947 Y648.685 E1589.05469
G1 X726.947 Y652.916 E12.65433
G1 X347.084 Y273.053 E1606.95313
G1 X342.854 Y273.053 E12.65625
G1 X726.947 Y657.146 E1624.84847
G1 X726.947 Y661.376 E12.65625
M73 P1 R880
G1 X338.624 Y273.053 E1642.7444
G1 X334.393 Y273.053 E12.65625
G1 X726.947 Y665.607 E1660.64033
G1 X726.947 Y669.837 E12.65625
M73 P2 R880
G1 X330.163 Y273.053 E1678.53625
G1 X325.933 Y273.053 E12.65625
G1 X726.947 Y674.067 E1696.43218
G1 X726.947 Y678.298 E12.65625
M73 P2 R879
G1 X321.702 Y273.053 E1714.32811
G1 X317.472 Y273.053 E12.65625
G1 X726.947 Y682.528 E1732.22404
G1 X726.947 Y686.758 E12.65625
G1 X313.242 Y273.053 E1750.125
G1 X309.011 Y273.053 E12.65433
G1 X726.947 Y690.989 E1768.01563
G1 X726.947 Y695.219 E12.65625
M73 P2 R878
G1 X304.781 Y273.053 E1785.91183
G1 X300.551 Y273.053 E12.65625
G1 X726.947 Y699.45 E1803.80775
G1 X726.947 Y703.68 E12.65625
G1 X296.32 Y273.053 E1821.70368
G1 X292.09 Y273.053 E12.65625
G1 X726.947 Y707.91 E1839.59375
G1 X726.947 Y712.141 E12.65433
M73 P2 R877
G1 X287.859 Y273.053 E1857.5
G1 X283.629 Y273.053 E12.65625
G1 X726.947 Y716.371 E1875.39147
G1 X726.947 Y720.601 E12.65625
G1 X279.399 Y273.053 E1893.2874
G1 X275.168 Y273.053 E12.65625
M73 P2 R876
G1 X726.947 Y724.832 E1911.18333
G1 X726.947 Y726.947 E6.32813
G1 X724.832 Y726.947 E6.32813
G1 X273.053 Y275.168 E1911.18312
G1 X273.053 Y279.399 E12.65625
G1 X720.601 Y726.947 E1893.28719
G1 X716.371 Y726.947 E12.65625
G1 X273.053 Y283.629 E1875.39126
G1 X273.053 Y287.859 E12.65625
M73 P2 R875
G1 X712.141 Y726.947 E1857.5
G1 X707.91 Y726.947 E12.65433
G1 X273.053 Y292.09 E1839.59375
G1 X273.053 Y296.32 E12.65625
G1 X703.68 Y726.947 E1821.70313
G1 X699.449 Y726.947 E12.65433
G1 X273.053 Y300.551 E1803.8125
G1 X273.053 Y304.781 E12.65625
M73 P2 R874
G1 X695.219 Y726.947 E1785.91162
G1 X690.989 Y726.947 E12.65625
G1 X273.053 Y309.011 E1768.01563
G1 X273.053 Y313.242 E12.65433
G1 X686.758 Y726.947 E1750.125
G1 X682.528 Y726.947 E12.65625
G1 X273.053 Y317.472 E1732.22383
G1 X273.053 Y321.702 E12.65625
M73 P2 R873
G1 X678.298 Y726.947 E1714.3279
G1 X674.067 Y726.947 E12.65625
G1 X273.053 Y325.933 E1696.43197
G1 X273.053 Y330.163 E12.65625
G1 X669.837 Y726.947 E1678.53604
G1 X665.607 Y726.947 E12.65625
G1 X273.053 Y334.393 E1660.64011
G1 X273.053 Y338.624 E12.65625
M73 P2 R872
G1 X661.376 Y726.947 E1642.75
G1 X657.146 Y726.947 E12.65625
G1 X273.053 Y342.854 E1624.84826
G1 X273.053 Y347.085 E12.65625
G1 X652.915 Y726.947 E1606.95233
G1 X648.685 Y726.947 E12.65625
G1 X273.053 Y351.315 E1589.0564
G1 X273.053 Y355.545 E12.65625
M73 P2 R871
G1 X644.455 Y726.947 E1571.16047
G1 X640.224 Y726.947 E12.65625
G1 X273.053 Y359.776 E1553.26563
G1 X273.053 Y364.006 E12.65625
G1 X635.994 Y726.947 E1535.36862
G1 X631.764 Y726.947 E12.65625
M73 P3 R871
G1 X273.053 Y368.236 E1517.47269
G1 X273.053 Y372.467 E12.65625
G1 X627.533 Y726.947 E1499.57813
G1 X623.303 Y726.947 E12.65625
M73 P3 R870
G1 X273.053 Y376.697 E1481.68083
G1 X273.053 Y380.927 E12.65625
G1 X619.073 Y726.947 E1463.7849
G1 X614.842 Y726.947 E12.65625
G1 X273.053 Y385.158 E1445.89063
G1 X273.053 Y389.388 E12.65625
G1 X610.612 Y726.947 E1427.99305
G1 X606.382 Y726.947 E12.65625
G1 X273.053 Y393.618 E1410.09711
G1 X273.053 Y397.849 E12.65625
M73 P3 R869
G1 X602.151 Y726.947 E1392.20119
G1 X597.921 Y726.947 E12.65625
G1 X273.053 Y402.079 E1374.3125
G1 X273.053 Y406.31 E12.65625
G1 X593.69 Y726.947 E1356.40933
G1 X589.46 Y726.947 E12.65625
G1 X273.053 Y410.54 E1338.5134
G1 X273.053 Y414.77 E12.65625
G1 X585.23 Y726.947 E1320.61747
G1 X580.999 Y726.947 E12.65625
M73 P3 R868
G1 X273.053 Y419.001 E1302.72155
G1 X273.053 Y423.231 E12.65625
G1 X576.769 Y726.947 E1284.82562
G1 X572.539 Y726.947 E12.65625
G1 X273.053 Y427.461 E1266.92969
G1 X273.053 Y431.692 E12.65625
G1 X568.308 Y726.947 E1249.03376
G1 X564.078 Y726.947 E12.65625
G1 X273.053 Y435.922 E1231.13783
G1 X273.053 Y440.152 E12.65625
M73 P3 R867
G1 X559.848 Y726.947 E1213.2419
G1 X555.617 Y726.947 E12.65625
G1 X273.053 Y444.383 E1195.34375
G1 X273.053 Y448.613 E12.65625
G1 X551.387 Y726.947 E1177.45313
G1 X547.156 Y726.947 E12.65625
G1 X273.053 Y452.844 E1159.55412
G1 X273.053 Y457.074 E12.65625
G1 X542.926 Y726.947 E1141.65819
G1 X538.696 Y726.947 E12.65625
G1 X273.053 Y461.304 E1123.76563
G1 X273.053 Y465.535 E12.65625
M73 P3 R866
G1 X534.465 Y726.947 E1105.86633
G1 X530.235 Y726.947 E12.65625
G1 X273.053 Y469.765 E1087.9704
G1 X273.053 Y473.995 E12.65625
G1 X526.005 Y726.947 E1070.07813
G1 X521.774 Y726.947 E12.65625
G1 X273.053 Y478.226 E1052.17854
G1 X273.053 Y482.456 E12.65625
G1 X517.544 Y726.947 E1034.28261
G1 X513.314 Y726.947 E12.65625
G1 X273.053 Y486.686 E1016.38669
G1 X273.053 Y490.917 E12.65625
G1 X509.083 Y726.947 E998.49076
G1 X504.853 Y726.947 E12.65625
M73 P3 R865
G1 X273.053 Y495.147 E980.59483
G1 X273.053 Y499.378 E12.65625
G1 X500.622 Y726.947 E962.70313
G1 X496.392 Y726.947 E12.65625
G1 X273.053 Y503.608 E944.80298
G1 X273.053 Y507.838 E12.65625
G1 X492.162 Y726.947 E926.90705
G1 X487.931 Y726.947 E12.65625
G1 X273.053 Y512.069 E909.01563
G1 X273.053 Y516.299 E12.65625
G1 X483.701 Y726.947 E891.11519
G1 X479.471 Y726.947 E12.65625
G1 X273.053 Y520.529 E873.21875
G1 X273.053 Y524.76 E12.65434
M73 P3 R864
G1 X475.24 Y726.947 E855.32813
G1 X471.01 Y726.947 E12.65625
G1 X273.053 Y528.99 E837.4274
G1 X273.053 Y533.22 E12.65625
G1 X466.78 Y726.947 E819.53147
G1 X462.549 Y726.947 E12.65625
G1 X273.053 Y537.451 E801.64063
G1 X273.053 Y541.681 E12.65625
G1 X458.319 Y726.947 E783.73961
G1 X454.089 Y726.947 E12.65625
G1 X273.053 Y545.911 E765.84375
G1 X273.053 Y550.142 E12.65433
G1 X449.858 Y726.947 E747.95313
G1 X445.628 Y726.947 E12.65625
G1 X273.053 Y554.372 E730.05183
G1 X273.053 Y558.603 E12.65625
M73 P3 R863
G1 X441.397 Y726.947 E712.15625
G1 X437.167 Y726.947 E12.65625
G1 X273.053 Y562.833 E694.25997
G1 X273.053 Y567.063 E12.65625
G1 X432.937 Y726.947 E676.36404
G1 X428.706 Y726.947 E12.65625
G1 X273.053 Y571.294 E658.46875
G1 X273.053 Y575.524 E12.65625
G1 X424.476 Y726.947 E640.57219
G1 X420.246 Y726.947 E12.65625
G1 X273.053 Y579.754 E622.67626
G1 X273.053 Y583.985 E12.65625
G1 X416.015 Y726.947 E604.78033
G1 X411.785 Y726.947 E12.65625
G1 X273.053 Y588.215 E586.8844
G1 X273.053 Y592.445 E12.65625
G1 X407.555 Y726.947 E568.98847
G1 X403.324 Y726.947 E12.65625
G1 X273.053 Y596.676 E551.09254
G1 X273.053 Y600.906 E12.65625
G1 X399.094 Y726.947 E533.20313
G1 X394.863 Y726.947 E12.65625
M73 P3 R862
G1 X273.053 Y605.137 E515.30069
G1 X273.053 Y609.367 E12.65625
G1 X390.633 Y726.947 E497.40476
G1 X386.403 Y726.947 E12.65625
G1 X273.053 Y613.597 E479.51563
G1 X273.053 Y617.828 E12.65625
G1 X382.172 Y726.947 E461.6129
G1 X377.942 Y726.947 E12.65625
G1 X273.053 Y622.058 E443.71698
G1 X273.053 Y626.288 E12.65625
G1 X373.712 Y726.947 E425.82813
G1 X369.481 Y726.947 E12.65625
G1 X273.053 Y630.519 E407.92512
G1 X273.053 Y634.749 E12.65625
G1 X365.251 Y726.947 E390.02919
G1 X361.021 Y726.947 E12.65625
M73 P4 R862
G1 X273.053 Y638.979 E372.14063
G1 X273.053 Y643.21 E12.65625
G1 X356.79 Y726.947 E354.23733
G1 X352.56 Y726.947 E12.65625
G1 X273.053 Y647.44 E336.34375
G1 X273.053 Y651.671 E12.65433
G1 X348.329 Y726.947 E318.45313
G1 X344.099 Y726.947 E12.65625
G1 X273.053 Y655.901 E300.54954
G1 X273.053 Y660.131 E12.65625
G1 X339.869 Y726.947 E282.65361
G1 X335.638 Y726.947 E12.65625
G1 X273.053 Y664.362 E264.75769
G1 X273.053 Y668.592 E12.65625
G1 X331.408 Y726.947 E246.86176
G1 X327.178 Y726.947 E12.65625
G1 X273.053 Y672.822 E228.96583
G1 X273.053 Y677.053 E12.65625
M73 P4 R861
G1 X322.947 Y726.947 E211.0699
G1 X318.717 Y726.947 E12.65625
G1 X273.053 Y681.283 E193.17397
G1 X273.053 Y685.513 E12.65625
G1 X314.487 Y726.947 E175.28125
G1 X310.256 Y726.947 E12.65625
G1 X273.053 Y689.744 E157.38211
G1 X273.053 Y693.974 E12.65625
G1 X306.026 Y726.947 E139.48619
G1 X301.796 Y726.947 E12.65625
G1 X273.053 Y698.204 E121.59375
G1 X273.053 Y702.435 E12.65625
G1 X297.565 Y726.947 E103.69433
G1 X293.335 Y726.947 E12.65625
G1 X273.053 Y706.665 E85.7984
G1 X273.053 Y710.896 E12.65625
G1 X289.104 Y726.947 E67.90625
G1 X284.874 Y726.947 E12.65625
G1 X273.053 Y715.126 E50.00654
G1 X273.053 Y719.356 E12.65625
G1 X280.644 Y726.947 E32.11062
G1 X276.413 Y726.947 E12.65625
G1 X271.71 Y722.243 E19.89787
; stop printing object Cube id:0 copy 0
;LAYER_CHANGE
;Z:2.5
;HEIGHT:1.5
;BEFORE_LAYER_CHANGE
;2.5
G92 E0

EXCLUDE_OBJECT_END NAME=Cube_id_0_copy_0
;AFTER_LAYER_CHANGE
;2.5
;_SET_FAN_SPEED_CHANGING_LAYER
SET_VELOCITY_LIMIT ACCEL=1500
SET_VELOCITY_LIMIT SQUARE_CORNER_VELOCITY=5
M140 S50 ; set bed temperature
; printing object Cube id:0 copy 0
;WIPE_START
G1 F600
G1 X276.413 Y726.947 E-19.95566
G1 X279.761 Y726.947 E-10.04434
;WIPE_END
EXCLUDE_OBJECT_START NAME=Cube_id_0_copy_0
G1 Z3.5 F15000
G1 X270.366 Y729.634 Z3.5
G1 Z2.5
G1 E40 F9000
;TYPE:Outer wall
;WIDTH:3.2
G1 F2779.615
G1 X270.366 Y270.366 E1982.72102
G1 F2760
G1 X729.634 Y270.366 E1982.72107
G1 X729.634 Y729.634 E1982.72102
G1 X270.666 Y729.634 E1981.42588
;WIPE_START
G1 F600
G1 X270.66 Y719.634 E-30
;WIPE_END
G1 Z3.5 F15000
G1 X722.657 Y728.482 Z3.5
G1 Z2.5
M73 P4 R860
G1 E40 F9000
;TYPE:Internal solid infill
;WIDTH:3.20362
G1 F2776.12
G1 X727.187 Y723.952 E27.69299
G1 F2760
G1 X727.187 Y719.877 E17.61621
G1 X719.877 Y727.187 E44.68861
G1 X715.802 Y727.187 E17.61621
G1 X727.187 Y715.802 E69.60156
G1 X727.187 Y711.726 E17.61607
G1 X711.726 Y727.187 E94.51416
G1 X707.651 Y727.187 E17.61621
G1 X727.187 Y707.651 E119.42773
G1 X727.187 Y703.575 E17.61607
G1 X703.575 Y727.187 E144.33984
G1 X699.5 Y727.187 E17.61621
G1 X727.187 Y699.5 E169.25308
G1 X727.187 Y695.425 E17.61621
G1 X695.425 Y727.187 E194.16602
G1 X691.349 Y727.187 E17.61608
G1 X727.187 Y691.349 E219.0791
G1 X727.187 Y687.274 E17.61621
G1 X687.274 Y727.187 E243.99176
G1 X683.199 Y727.187 E17.61621
G1 X727.187 Y683.199 E268.9043
G1 X727.187 Y679.123 E17.61607
G1 X679.123 Y727.187 E293.81738
G1 X675.048 Y727.187 E17.61621
G1 X727.187 Y675.048 E318.73043
G1 X727.187 Y670.973 E17.61621
G1 X670.973 Y727.187 E343.64355
G1 X666.897 Y727.187 E17.61608
G1 X727.187 Y666.897 E368.55664
G1 X727.187 Y662.822 E17.61621
G1 X662.822 Y727.187 E393.46875
G1 X658.746 Y727.187 E17.61608
G1 X727.187 Y658.746 E418.38184
G1 X727.187 Y654.671 E17.61621
G1 X654.671 Y727.187 E443.2949
G1 X650.596 Y727.187 E17.61621
G1 X727.187 Y650.596 E468.20801
G1 X727.187 Y646.52 E17.61607
G1 X646.52 Y727.187 E493.12109
G1 X642.445 Y727.187 E17.61621
G1 X727.187 Y642.445 E518.03358
G1 X727.187 Y638.37 E17.61621
G1 X638.37 Y727.187 E542.94629
G1 X634.294 Y727.187 E17.61608
G1 X727.187 Y634.294 E567.85938
G1 X727.187 Y630.219 E17.61621
G1 X630.219 Y727.187 E592.77246
G1 X626.143 Y727.187 E17.61608
G1 X727.187 Y626.144 E617.68555
G1 X727.187 Y622.068 E17.61607
G1 X622.068 Y727.187 E642.59863
G1 X617.993 Y727.187 E17.61523
G1 X727.187 Y617.993 E667.51172
G1 X727.187 Y613.917 E17.61607
G1 X613.917 Y727.187 E692.42383
G1 X609.842 Y727.187 E17.61523
M73 P4 R859
G1 X727.187 Y609.842 E717.33672
G1 X727.187 Y605.767 E17.61523
G1 X605.767 Y727.187 E742.25
G1 X601.691 Y727.187 E17.61608
G1 X727.187 Y601.691 E767.16211
G1 X727.187 Y597.616 E17.61523
G1 X597.616 Y727.187 E792.0754
G1 X593.541 Y727.187 E17.61523
G1 X727.187 Y593.541 E816.98828
G1 X727.187 Y589.465 E17.61607
G1 X589.465 Y727.187 E841.90039
G1 X585.39 Y727.187 E17.61523
G1 X727.187 Y585.39 E866.81445
G1 X727.187 Y581.314 E17.61607
G1 X581.314 Y727.187 E891.72656
G1 X577.239 Y727.187 E17.61523
G1 X727.187 Y577.239 E916.63987
G1 X727.187 Y573.164 E17.61523
G1 X573.164 Y727.187 E941.55273
G1 X569.088 Y727.187 E17.61608
G1 X727.187 Y569.088 E966.46484
G1 X727.187 Y565.013 E17.61523
G1 X565.013 Y727.187 E991.37855
G1 X560.938 Y727.187 E17.61523
G1 X727.187 Y560.938 E1016.29102
G1 X727.187 Y556.862 E17.61607
M73 P4 R858
G1 X556.862 Y727.187 E1041.20508
G1 X552.787 Y727.187 E17.61523
G1 X727.187 Y552.787 E1066.11722
G1 X727.187 Y548.712 E17.61523
G1 X548.711 Y727.187 E1091.03012
G1 X544.636 Y727.187 E17.61719
G1 X727.187 Y544.636 E1115.94301
G1 X727.187 Y540.561 E17.61719
G1 X540.561 Y727.187 E1140.85547
G1 X536.485 Y727.187 E17.61608
G1 X727.187 Y536.485 E1165.76953
G1 X727.187 Y532.41 E17.61719
G1 X532.41 Y727.187 E1190.68169
G1 X528.335 Y727.187 E17.61719
G1 X727.187 Y528.335 E1215.59375
G1 X727.187 Y524.259 E17.61607
G1 X524.259 Y727.187 E1240.50781
G1 X520.184 Y727.187 E17.61719
G1 X727.187 Y520.184 E1265.42036
G1 X727.187 Y516.109 E17.61719
M73 P4 R857
G1 X516.109 Y727.187 E1290.33203
G1 X512.033 Y727.187 E17.61608
G1 X727.187 Y512.033 E1315.24609
G1 X727.187 Y507.958 E17.61719
G1 X507.958 Y727.187 E1340.16016
G1 X503.882 Y727.187 E17.61608
G1 X727.187 Y503.882 E1365.07031
G1 X727.187 Y499.807 E17.61719
G1 X499.807 Y727.187 E1389.98483
G1 X495.732 Y727.187 E17.61719
G1 X727.187 Y495.732 E1414.89844
G1 X727.187 Y491.656 E17.61607
G1 X491.656 Y727.187 E1439.8125
G1 X487.581 Y727.187 E17.61719
G1 X727.187 Y487.581 E1464.72351
G1 X727.187 Y483.506 E17.61719
M73 P4 R856
G1 X483.506 Y727.187 E1489.63672
G1 X479.43 Y727.187 E17.61608
G1 X727.187 Y479.43 E1514.55078
G1 X727.187 Y475.355 E17.61719
G1 X475.355 Y727.187 E1539.46094
G1 X471.279 Y727.187 E17.61608
G1 X727.187 Y471.28 E1564.375
G1 X727.187 Y467.204 E17.61607
G1 X467.204 Y727.187 E1589.28906
G1 X463.129 Y727.187 E17.61719
G1 X727.187 Y463.129 E1614.19922
G1 X727.187 Y459.053 E17.61607
G1 X459.053 Y727.187 E1639.11328
G1 X454.978 Y727.187 E17.61719
M73 P4 R855
G1 X727.187 Y454.978 E1664.02734
G1 X727.187 Y450.903 E17.61607
G1 X450.903 Y727.187 E1688.9375
G1 X446.827 Y727.187 E17.61608
G1 X727.187 Y446.827 E1713.85156
G1 X727.187 Y442.752 E17.61719
G1 X442.752 Y727.187 E1738.76533
G1 X438.677 Y727.187 E17.61719
G1 X727.187 Y438.677 E1763.67969
G1 X727.187 Y434.601 E17.61607
G1 X434.601 Y727.187 E1788.59375
G1 X430.526 Y727.187 E17.61719
G1 X727.187 Y430.526 E1813.50401
G1 X727.187 Y426.451 E17.61719
M73 P4 R854
G1 X426.45 Y727.187 E1838.4169
G1 X422.375 Y727.187 E17.61719
G1 X727.187 Y422.375 E1863.32979
G1 X727.187 Y418.3 E17.61719
G1 X418.3 Y727.187 E1888.24219
G1 X414.224 Y727.187 E17.61608
G1 X727.187 Y414.224 E1913.15625
G1 X727.187 Y410.149 E17.61719
G1 X410.149 Y727.187 E1938.06847
G1 X406.074 Y727.187 E17.61719
G1 X727.187 Y406.074 E1962.98438
G1 X727.187 Y401.998 E17.61607
M73 P4 R853
G1 X401.998 Y727.187 E1987.89063
G1 X397.923 Y727.187 E17.61719
G1 X727.187 Y397.923 E2012.80715
G1 X727.187 Y393.848 E17.61719
G1 X393.847 Y727.187 E2037.72004
G1 X389.772 Y727.187 E17.61719
M73 P5 R853
G1 X727.187 Y389.772 E2062.63294
G1 X727.187 Y385.697 E17.61719
G1 X385.697 Y727.187 E2087.54688
G1 X381.621 Y727.187 E17.61608
G1 X727.187 Y381.621 E2112.46094
G1 X727.187 Y377.546 E17.61719
M73 P5 R852
G1 X377.546 Y727.187 E2137.37161
G1 X373.471 Y727.187 E17.61719
G1 X727.187 Y373.471 E2162.28125
G1 X727.187 Y369.395 E17.61607
G1 X369.395 Y727.187 E2187.19531
G1 X365.32 Y727.187 E17.61719
G1 X727.187 Y365.32 E2212.11029
G1 X727.187 Y361.245 E17.61719
G1 X361.245 Y727.187 E2237.02344
G1 X357.169 Y727.187 E17.61608
M73 P5 R851
G1 X727.187 Y357.169 E2261.9375
G1 X727.187 Y353.094 E17.61719
G1 X353.094 Y727.187 E2286.85156
G1 X349.018 Y727.187 E17.61608
G1 X727.187 Y349.019 E2311.76563
G1 X727.187 Y344.943 E17.61607
G1 X344.943 Y727.187 E2336.67188
G1 X340.868 Y727.187 E17.61719
G1 X727.187 Y340.868 E2361.58594
G1 X727.187 Y336.792 E17.61607
M73 P5 R850
G1 X336.792 Y727.187 E2386.5
G1 X332.717 Y727.187 E17.61719
G1 X727.187 Y332.717 E2411.41344
G1 X727.187 Y328.642 E17.61719
G1 X328.642 Y727.187 E2436.32813
G1 X324.566 Y727.187 E17.61608
G1 X727.187 Y324.566 E2461.24219
G1 X727.187 Y320.491 E17.61607
G1 X320.491 Y727.187 E2486.15625
G1 X316.415 Y727.187 E17.61608
M73 P5 R849
G1 X727.187 Y316.416 E2511.0625
G1 X727.187 Y312.34 E17.61607
G1 X312.34 Y727.187 E2535.98438
G1 X308.265 Y727.187 E17.61608
G1 X727.187 Y308.265 E2560.89063
G1 X727.187 Y304.19 E17.61607
G1 X304.189 Y727.187 E2585.79688
G1 X300.114 Y727.187 E17.61608
M73 P5 R848
G1 X727.187 Y300.114 E2610.71875
G1 X727.187 Y296.039 E17.61607
G1 X296.039 Y727.187 E2635.625
G1 X291.963 Y727.187 E17.61608
G1 X727.187 Y291.963 E2660.54688
G1 X727.187 Y287.888 E17.61607
G1 X287.888 Y727.187 E2685.45313
G1 X283.813 Y727.187 E17.61608
G1 X727.187 Y283.813 E2710.375
G1 X727.187 Y279.737 E17.61607
M73 P5 R847
G1 X279.737 Y727.187 E2735.28125
G1 X275.662 Y727.187 E17.61608
G1 X727.187 Y275.662 E2760.1875
G1 X727.187 Y272.813 E12.3125
G1 X725.961 Y272.813 E5.29993
G1 X272.813 Y725.961 E2770.10938
G1 X272.813 Y721.886 E17.61607
G1 X721.886 Y272.813 E2745.20313
G1 X717.81 Y272.813 E17.61608
M73 P5 R846
G1 X272.813 Y717.81 E2720.29688
G1 X272.813 Y713.735 E17.61607
G1 X713.735 Y272.813 E2695.375
G1 X709.66 Y272.813 E17.61608
G1 X272.813 Y709.66 E2670.46875
G1 X272.813 Y705.584 E17.61607
G1 X705.584 Y272.813 E2645.54688
G1 X701.509 Y272.813 E17.61608
M73 P5 R845
G1 X272.813 Y701.509 E2620.64063
G1 X272.813 Y697.433 E17.61607
G1 X697.434 Y272.813 E2595.71875
G1 X693.358 Y272.813 E17.61608
G1 X272.813 Y693.358 E2570.8125
G1 X272.813 Y689.283 E17.61607
G1 X689.283 Y272.813 E2545.90625
G1 X685.208 Y272.813 E17.61608
G1 X272.813 Y685.207 E2520.98438
G1 X272.813 Y681.132 E17.61607
M73 P5 R844
G1 X681.132 Y272.813 E2496.07813
G1 X677.057 Y272.813 E17.61608
G1 X272.813 Y677.057 E2471.15625
G1 X272.813 Y672.981 E17.61607
M73 P6 R844
G1 X672.981 Y272.813 E2446.25
G1 X668.906 Y272.813 E17.61608
G1 X272.813 Y668.906 E2421.32813
G1 X272.813 Y664.831 E17.61607
G1 X664.831 Y272.813 E2396.42188
M73 P6 R843
G1 X660.755 Y272.813 E17.61608
G1 X272.813 Y660.755 E2371.51563
G1 X272.813 Y656.68 E17.61607
G1 X656.68 Y272.813 E2346.59375
G1 X652.605 Y272.813 E17.61608
G1 X272.813 Y652.604 E2321.6875
G1 X272.813 Y648.529 E17.61607
G1 X648.529 Y272.813 E2296.76563
G1 X644.454 Y272.813 E17.61608
M73 P6 R842
G1 X272.813 Y644.454 E2271.85938
G1 X272.813 Y640.378 E17.61607
G1 X640.378 Y272.813 E2246.9375
G1 X636.303 Y272.813 E17.61608
G1 X272.813 Y636.303 E2222.03125
G1 X272.813 Y632.228 E17.61607
G1 X632.228 Y272.813 E2197.125
G1 X628.152 Y272.813 E17.61608
G1 X272.813 Y628.152 E2172.20313
G1 X272.813 Y624.077 E17.61607
G1 X624.077 Y272.813 E2147.29688
G1 X620.002 Y272.813 E17.61608
M73 P6 R841
G1 X272.813 Y620.002 E2122.375
G1 X272.813 Y615.926 E17.61607
G1 X615.926 Y272.813 E2097.46875
G1 X611.851 Y272.813 E17.61608
G1 X272.813 Y611.851 E2072.54688
G1 X272.813 Y607.775 E17.61607
G1 X607.776 Y272.813 E2047.64063
G1 X603.7 Y272.813 E17.61608
G1 X272.813 Y603.7 E2022.73438
G1 X272.813 Y599.625 E17.61607
M73 P6 R840
G1 X599.625 Y272.813 E1997.8125
G1 X595.549 Y272.813 E17.61608
G1 X272.813 Y595.549 E1972.90625
G1 X272.813 Y591.474 E17.61607
G1 X591.474 Y272.813 E1947.98438
G1 X587.399 Y272.813 E17.61608
G1 X272.813 Y587.399 E1923.07813
G1 X272.813 Y583.323 E17.61607
G1 X583.323 Y272.813 E1898.17188
G1 X579.248 Y272.813 E17.61608
G1 X272.813 Y579.248 E1873.25
G1 X272.813 Y575.172 E17.61607
M73 P6 R839
G1 X575.173 Y272.813 E1848.34375
G1 X571.097 Y272.813 E17.61608
G1 X272.813 Y571.097 E1823.42188
G1 X272.813 Y567.022 E17.61608
G1 X567.022 Y272.813 E1798.51563
G1 X562.946 Y272.813 E17.61608
G1 X272.813 Y562.946 E1773.59375
G1 X272.813 Y558.871 E17.61607
G1 X558.871 Y272.813 E1748.6875
G1 X554.796 Y272.813 E17.61608
G1 X272.813 Y554.796 E1723.78125
G1 X272.813 Y550.72 E17.61607
M73 P6 R838
G1 X550.72 Y272.813 E1698.875
G1 X546.645 Y272.813 E17.625
G1 X272.813 Y546.645 E1673.94814
G1 X272.813 Y542.57 E17.625
G1 X542.57 Y272.813 E1649.03525
G1 X538.494 Y272.813 E17.625
G1 X272.813 Y538.494 E1624.12236
G1 X272.813 Y534.419 E17.625
G1 X534.419 Y272.813 E1599.20946
G1 X530.344 Y272.813 E17.625
G1 X272.813 Y530.343 E1574.29657
G1 X272.813 Y526.268 E17.625
G1 X526.268 Y272.813 E1549.38367
G1 X522.193 Y272.813 E17.625
M73 P6 R837
G1 X272.813 Y522.193 E1524.47078
G1 X272.813 Y518.117 E17.625
G1 X518.117 Y272.813 E1499.55789
G1 X514.042 Y272.813 E17.625
G1 X272.813 Y514.042 E1474.645
G1 X272.813 Y509.967 E17.625
G1 X509.967 Y272.813 E1449.7321
G1 X505.891 Y272.813 E17.625
G1 X272.813 Y505.891 E1424.81921
G1 X272.813 Y501.816 E17.625
G1 X501.816 Y272.813 E1399.90632
G1 X497.741 Y272.813 E17.625
G1 X272.813 Y497.741 E1374.99343
G1 X272.813 Y493.665 E17.625
G1 X493.665 Y272.813 E1350.08053
G1 X489.59 Y272.813 E17.625
M73 P6 R836
G1 X272.813 Y489.59 E1325.16764
G1 X272.813 Y485.514 E17.625
G1 X485.514 Y272.813 E1300.25475
G1 X481.439 Y272.813 E17.625
G1 X272.813 Y481.439 E1275.34186
G1 X272.813 Y477.364 E17.625
G1 X477.364 Y272.813 E1250.42896
G1 X473.288 Y272.813 E17.625
G1 X272.813 Y473.288 E1225.51607
G1 X272.813 Y469.213 E17.625
G1 X469.213 Y272.813 E1200.60318
G1 X465.138 Y272.813 E17.625
G1 X272.813 Y465.138 E1175.69028
G1 X272.813 Y461.062 E17.625
G1 X461.062 Y272.813 E1150.77739
G1 X456.987 Y272.813 E17.625
G1 X272.813 Y456.987 E1125.8645
G1 X272.813 Y452.911 E17.625
G1 X452.912 Y272.813 E1100.95161
G1 X448.836 Y272.813 E17.625
M73 P6 R835
G1 X272.813 Y448.836 E1076.03871
G1 X272.813 Y444.761 E17.625
G1 X444.761 Y272.813 E1051.12582
G1 X440.685 Y272.813 E17.625
G1 X272.813 Y440.685 E1026.21292
G1 X272.813 Y436.61 E17.625
G1 X436.61 Y272.813 E1001.30003
G1 X432.535 Y272.813 E17.625
G1 X272.813 Y432.535 E976.38714
G1 X272.813 Y428.459 E17.625
M73 P7 R835
G1 X428.459 Y272.813 E951.47425
G1 X424.384 Y272.813 E17.625
G1 X272.813 Y424.384 E926.56136
G1 X272.813 Y420.309 E17.625
G1 X420.309 Y272.813 E901.64846
G1 X416.233 Y272.813 E17.625
G1 X272.813 Y416.233 E876.73557
G1 X272.813 Y412.158 E17.625
G1 X412.158 Y272.813 E851.82268
G1 X408.082 Y272.813 E17.625
G1 X272.813 Y408.082 E826.90978
G1 X272.813 Y404.007 E17.625
M73 P7 R834
G1 X404.007 Y272.813 E801.99689
G1 X399.932 Y272.813 E17.625
G1 X272.813 Y399.932 E777.084
G1 X272.813 Y395.856 E17.625
G1 X395.856 Y272.813 E752.17111
G1 X391.781 Y272.813 E17.625
G1 X272.813 Y391.781 E727.25821
G1 X272.813 Y387.706 E17.625
G1 X387.706 Y272.813 E702.34532
G1 X383.63 Y272.813 E17.625
G1 X272.813 Y383.63 E677.43242
G1 X272.813 Y379.555 E17.625
G1 X379.555 Y272.813 E652.51953
G1 X375.48 Y272.813 E17.625
G1 X272.813 Y375.48 E627.60664
G1 X272.813 Y371.404 E17.625
G1 X371.404 Y272.813 E602.69375
G1 X367.329 Y272.813 E17.625
G1 X272.813 Y367.329 E577.78085
G1 X272.813 Y363.253 E17.625
G1 X363.253 Y272.813 E552.86796
G1 X359.178 Y272.813 E17.625
G1 X272.813 Y359.178 E527.95507
G1 X272.813 Y355.103 E17.625
G1 X355.103 Y272.813 E503.04217
G1 X351.027 Y272.813 E17.625
G1 X272.813 Y351.027 E478.12928
G1 X272.813 Y346.952 E17.625
G1 X346.952 Y272.813 E453.21639
G1 X342.877 Y272.813 E17.625
G1 X272.813 Y342.877 E428.3035
G1 X272.813 Y338.801 E17.625
G1 X338.801 Y272.813 E403.39061
G1 X334.726 Y272.813 E17.625
M73 P7 R833
G1 X272.813 Y334.726 E378.47772
G1 X272.813 Y330.65 E17.625
G1 X330.65 Y272.813 E353.56482
G1 X326.575 Y272.813 E17.625
G1 X272.813 Y326.575 E328.65192
G1 X272.813 Y322.5 E17.625
G1 X322.5 Y272.813 E303.73903
G1 X318.424 Y272.813 E17.625
G1 X272.813 Y318.424 E278.82614
G1 X272.813 Y314.349 E17.625
G1 X314.349 Y272.813 E253.91325
G1 X310.274 Y272.813 E17.625
G1 X272.813 Y310.274 E229.00035
G1 X272.813 Y306.198 E17.625
G1 X306.198 Y272.813 E204.08746
G1 X302.123 Y272.813 E17.625
G1 X272.813 Y302.123 E179.17457
G1 X272.813 Y298.048 E17.625
G1 X298.048 Y272.813 E154.26168
G1 X293.972 Y272.813 E17.625
G1 X272.813 Y293.972 E129.34878
G1 X272.813 Y289.897 E17.625
G1 X289.897 Y272.813 E104.43589
G1 X285.821 Y272.813 E17.625
G1 X272.813 Y285.821 E79.523
G1 X272.813 Y281.746 E17.625
G1 X281.746 Y272.813 E54.61011
G1 X277.671 Y272.813 E17.625
G1 X271.518 Y278.966 E37.61448
;WIPE_START
G1 F600
G1 X277.671 Y272.813 E-26.10562
G1 X278.969 Y272.813 E-3.89439
;WIPE_END
G1 Z3.5 F15000
G1 X273.533 Y273.008 Z3.5
G1 Z2.5
G1 E40 F9000
;WIDTH:3.39255
G1 F2605.317
G1 F2580
G1 X273.149 Y273.008 E1.78125
G1 X272.957 Y273.341 E1.76791
G1 X273.149 Y273.673 E1.78125
G1 X273.533 Y273.673 E1.76791
G1 X273.575 Y273.601 E.38612
; stop printing object Cube id:0 copy 0
;LAYER_CHANGE
;Z:4
;HEIGHT:1.5
;BEFORE_LAYER_CHANGE
;4
G92 E0

EXCLUDE_OBJECT_END NAME=Cube_id_0_copy_0
;AFTER_LAYER_CHANGE
;4
;_SET_FAN_SPEED_CHANGING_LAYER
; printing object Cube id:0 copy 0
EXCLUDE_OBJECT_START NAME=Cube_id_0_copy_0
G1 X270.366 Y270.366 Z4 F15000
;TYPE:Outer wall
;WIDTH:3.2
G1 F2779.615
G1 X729.634 Y270.366 E1982.72102
G1 F2760
G1 X729.634 Y729.634 E1982.72107
G1 X270.366 Y729.634 E1982.72102
G1 X270.366 Y270.666 E1981.42588
;WIPE_START
G1 F600
M73 P7 R832
G1 X280.366 Y270.66 E-30
;WIPE_END
G1 Z5 F15000
G1 X272.813 Y413.08 Z5
G1 Z4
G1 E40 F9000
;TYPE:Sparse infill
;WIDTH:3.2
G1 F2779.614
G1 X272.813 Y401.568 E49.70059
G1 X401.568 Y272.813 E786.09564
G1 X413.08 Y272.813 E49.70059
;WIPE_START
G1 F600
G1 X403.08 Y272.813 E-30
;WIPE_END
G1 Z5 F15000
G1 X272.813 Y575.89 Z5
G1 Z4
G1 E40 F9000
G1 F2779.614
G1 X272.813 Y564.377 E49.70059
G1 X564.378 Y272.813 E1780.10741
G1 X575.89 Y272.813 E49.70059
;WIPE_START
G1 F600
G1 X565.89 Y272.813 E-30
;WIPE_END
G1 Z5 F15000
G1 X727.187 Y413.08 Z5
G1 Z4
G1 E40 F9000
G1 F2779.614
G1 X727.187 Y401.568 E49.70059
G1 X598.432 Y272.813 E786.09564
G1 X586.92 Y272.813 E49.70059
;WIPE_START
G1 F600
G1 X596.92 Y272.813 E-30
;WIPE_END
G1 Z5 F15000
G1 X727.187 Y575.89 Z5
G1 Z4
G1 E40 F9000
G1 F2779.614
G1 X727.187 Y564.378 E49.70059
G1 X435.622 Y272.813 E1780.10742
G1 X424.11 Y272.813 E49.70059
;WIPE_START
G1 F600
G1 X434.11 Y272.813 E-30
;WIPE_END
G1 Z5 F15000
G1 X424.11 Y727.187 Z5
G1 Z4
G1 E40 F9000
G1 F2779.614
G1 X435.622 Y727.187 E49.70059
G1 X727.187 Y435.623 E1780.10743
G1 X727.187 Y424.11 E49.70059
;WIPE_START
G1 F600
G1 X727.187 Y434.11 E-30
;WIPE_END
G1 Z5 F15000
G1 X715.675 Y727.187 Z5
G1 Z4
M73 P7 R831
G1 E40 F9000
G1 F2779.614
G1 X727.187 Y727.187 E49.70059
G1 X272.813 Y272.813 E2774.11918
G1 X284.325 Y272.813 E49.70059
;WIPE_START
G1 F600
G1 X274.325 Y272.813 E-30
;WIPE_END
G1 Z5 F15000
G1 X284.325 Y727.187 Z5
G1 Z4
G1 E40 F9000
G1 F2779.614
G1 X272.813 Y727.187 E49.70025
G1 X727.187 Y272.813 E2774.11872
G1 X715.675 Y272.813 E49.70027
;WIPE_START
G1 F600
G1 X725.675 Y272.813 E-30
;WIPE_END
G1 Z5 F15000
G1 X586.92 Y727.187 Z5
G1 Z4
G1 E40 F9000
G1 F2779.614
G1 X598.432 Y727.187 E49.70059
G1 X727.187 Y598.432 E786.09565
G1 X727.187 Y586.92 E49.70059
;WIPE_START
G1 F600
G1 X727.187 Y596.92 E-30
;WIPE_END
G1 Z5 F15000
G1 X575.89 Y727.187 Z5
G1 Z4
G1 E40 F9000
G1 F2779.614
G1 X564.378 Y727.187 E49.70059
G1 X272.813 Y435.622 E1780.10742
G1 X272.813 Y424.11 E49.70059
;WIPE_START
G1 F600
G1 X272.813 Y434.11 E-30
;WIPE_END
G1 Z5 F15000
G1 X413.08 Y727.187 Z5
G1 Z4
G1 E40 F9000
G1 F2779.614
G1 X401.568 Y727.187 E49.70059
G1 X272.813 Y598.432 E786.09565
G1 X272.813 Y586.92 E49.70059
M73 P7 R830
; stop printing object Cube id:0 copy 0
;LAYER_CHANGE
;Z:5.5
;HEIGHT:1.5
;BEFORE_LAYER_CHANGE
;5.5
G92 E0

EXCLUDE_OBJECT_END NAME=Cube_id_0_copy_0
;AFTER_LAYER_CHANGE
;5.5
;_SET_FAN_SPEED_CHANGING_LAYER
; printing object Cube id:0 copy 0
;WIPE_START
G1 F600
G1 X272.813 Y596.92 E-30
;WIPE_END
EXCLUDE_OBJECT_START NAME=Cube_id_0_copy_0
G1 Z6.5 F15000
G1 X270.366 Y729.634 Z6.5
G1 Z5.5
G1 E40 F9000
;TYPE:Outer wall
;WIDTH:3.2
G1 F2779.615
G1 X270.366 Y270.366 E1982.72102
G1 F2760
G1 X729.634 Y270.366 E1982.72107
G1 X729.634 Y729.634 E1982.72102
G1 X270.666 Y729.634 E1981.42588
;WIPE_START
G1 F600
G1 X270.66 Y719.634 E-30
;WIPE_END
G1 Z6.5 F15000
G1 X272.813 Y586.92 Z6.5
G1 Z5.5
G1 E40 F9000
;TYPE:Sparse infill
;WIDTH:3.2
G1 F2779.614
G1 X272.813 Y598.432 E49.70059
G1 X401.568 Y727.187 E786.09565
G1 X413.08 Y727.187 E49.70059
;WIPE_START
G1 F600
G1 X403.08 Y727.187 E-30
;WIPE_END
G1 Z6.5 F15000
G1 X272.813 Y424.11 Z6.5
G1 Z5.5
G1 E40 F9000
G1 F2779.614
G1 X272.813 Y435.622 E49.70059
G1 X564.378 Y727.187 E1780.10742
G1 X575.89 Y727.187 E49.70059
M73 P7 R829
;WIPE_START
G1 F600
G1 X565.89 Y727.187 E-30
;WIPE_END
G1 Z6.5 F15000
G1 X727.187 Y586.92 Z6.5
G1 Z5.5
G1 E40 F9000
G1 F2779.614
G1 X727.187 Y598.432 E49.70059
G1 X598.432 Y727.187 E786.09565
G1 X586.92 Y727.187 E49.70059
;WIPE_START
G1 F600
G1 X596.92 Y727.187 E-30
;WIPE_END
G1 Z6.5 F15000
G1 X727.187 Y424.11 Z6.5
G1 Z5.5
G1 E40 F9000
G1 F2779.614
G1 X727.187 Y435.623 E49.70059
G1 X435.622 Y727.187 E1780.10743
G1 X424.11 Y727.187 E49.70059
;WIPE_START
G1 F600
G1 X434.11 Y727.187 E-30
;WIPE_END
G1 Z6.5 F15000
G1 X424.11 Y272.813 Z6.5
G1 Z5.5
G1 E40 F9000
G1 F2779.614
G1 X435.622 Y272.813 E49.70059
G1 X727.187 Y564.378 E1780.10742
G1 X727.187 Y575.89 E49.70059
;WIPE_START
G1 F600
G1 X727.187 Y565.89 E-30
;WIPE_END
G1 Z6.5 F15000
G1 X715.675 Y272.813 Z6.5
G1 Z5.5
G1 E40 F9000
G1 F2779.614
G1 X727.187 Y272.813 E49.70027
G1 X272.813 Y727.187 E2774.11872
G1 X284.325 Y727.187 E49.70025
;WIPE_START
G1 F600
G1 X274.325 Y727.187 E-30
;WIPE_END
G1 Z6.5 F15000
G1 X284.325 Y272.813 Z6.5
M73 P7 R828
G1 Z5.5
G1 E40 F9000
G1 F2779.614
G1 X272.813 Y272.813 E49.70059
G1 X727.187 Y727.187 E2774.11918
G1 X715.675 Y727.187 E49.70059
;WIPE_START
G1 F600
G1 X725.675 Y727.187 E-30
;WIPE_END
G1 Z6.5 F15000
G1 X586.92 Y272.813 Z6.5
G1 Z5.5
G1 E40 F9000
G1 F2779.614
G1 X598.432 Y272.813 E49.70059
G1 X727.187 Y401.568 E786.09564
G1 X727.187 Y413.08 E49.70059
;WIPE_START
G1 F600
G1 X727.187 Y403.08 E-30
;WIPE_END
G1 Z6.5 F15000
G1 X575.89 Y272.813 Z6.5
G1 Z5.5
G1 E40 F9000
G1 F2779.614
G1 X564.378 Y272.813 E49.70059
G1 X272.813 Y564.377 E1780.10741
G1 X272.813 Y575.89 E49.70059
;WIPE_START
G1 F600
G1 X272.813 Y565.89 E-30
;WIPE_END
G1 Z6.5 F15000
G1 X413.08 Y272.813 Z6.5
G1 Z5.5
G1 E40 F9000
G1 F2779.614
G1 X401.568 Y272.813 E49.70059
G1 X272.813 Y401.568 E786.09564
G1 X272.813 Y413.08 E49.70059
; stop printing object Cube id:0 copy 0
;LAYER_CHANGE
;Z:7
;HEIGHT:1.5
;BEFORE_LAYER_CHANGE
;7
G92 E0

EXCLUDE_OBJECT_END NAME=Cube_id_0_copy_0
;AFTER_LAYER_CHANGE
;7
;_SET_FAN_SPEED_CHANGING_LAYER
; printing object Cube id:0 copy 0
;WIPE_START
G1 F600
G1 X272.813 Y403.08 E-30
;WIPE_END
EXCLUDE_OBJECT_START NAME=Cube_id_0_copy_0
G1 Z8 F15000
G1 X270.366 Y270.366 Z8
G1 Z7
G1 E40 F9000
;TYPE:Outer wall
;WIDTH:3.2
G1 F2779.615
G1 X729.634 Y270.366 E1982.72102
G1 F2760
G1 X729.634 Y729.634 E1982.72107
G1 X270.366 Y729.634 E1982.72102
M73 P7 R827
G1 X270.366 Y270.666 E1981.42588
;WIPE_START
G1 F600
G1 X280.366 Y270.66 E-30
;WIPE_END
G1 Z8 F15000
G1 X272.813 Y413.08 Z8
G1 Z7
G1 E40 F9000
;TYPE:Sparse infill
;WIDTH:3.2
G1 F2779.614
G1 X272.813 Y401.568 E49.70059
G1 X401.568 Y272.813 E786.09564
G1 X413.08 Y272.813 E49.70059
;WIPE_START
G1 F600
G1 X403.08 Y272.813 E-30
;WIPE_END
G1 Z8 F15000
G1 X272.813 Y575.89 Z8
G1 Z7
G1 E40 F9000
G1 F2779.614
G1 X272.813 Y564.377 E49.70059
G1 X564.378 Y272.813 E1780.10741
G1 X575.89 Y272.813 E49.70059
;WIPE_START
G1 F600
G1 X565.89 Y272.813 E-30
;WIPE_END
G1 Z8 F15000
G1 X727.187 Y413.08 Z8
G1 Z7
G1 E40 F9000
G1 F2779.614
G1 X727.187 Y401.568 E49.70059
G1 X598.432 Y272.813 E786.09564
G1 X586.92 Y272.813 E49.70059
;WIPE_START
G1 F600
G1 X596.92 Y272.813 E-30
;WIPE_END
G1 Z8 F15000
G1 X727.187 Y575.89 Z8
G1 Z7
M73 P7 R826
G1 E40 F9000
G1 F2779.614
G1 X727.187 Y564.378 E49.70059
G1 X435.622 Y272.813 E1780.10742
G1 X424.11 Y272.813 E49.70059
;WIPE_START
G1 F600
G1 X434.11 Y272.813 E-30
;WIPE_END
G1 Z8 F15000
G1 X424.11 Y727.187 Z8
G1 Z7
G1 E40 F9000
G1 F2779.614
G1 X435.622 Y727.187 E49.70059
G1 X727.187 Y435.623 E1780.10743
G1 X727.187 Y424.11 E49.70059
;WIPE_START
G1 F600
G1 X727.187 Y434.11 E-30
;WIPE_END
G1 Z8 F15000
G1 X715.675 Y727.187 Z8
G1 Z7
G1 E40 F9000
G1 F2779.614
G1 X727.187 Y727.187 E49.70059
G1 X272.813 Y272.813 E2774.11918
G1 X284.325 Y272.813 E49.70059
M73 P8 R826
;WIPE_START
G1 F600
G1 X274.325 Y272.813 E-30
;WIPE_END
G1 Z8 F15000
G1 X284.325 Y727.187 Z8
G1 Z7
G1 E40 F9000
G1 F2779.614
G1 X272.813 Y727.187 E49.70025
G1 X727.187 Y272.813 E2774.11872
G1 X715.675 Y272.813 E49.70027
;WIPE_START
G1 F600
M73 P8 R825
G1 X725.675 Y272.813 E-30
;WIPE_END
G1 Z8 F15000
G1 X586.92 Y727.187 Z8
G1 Z7
G1 E40 F9000
G1 F2779.614
G1 X598.432 Y727.187 E49.70059
G1 X727.187 Y598.432 E786.09565
G1 X727.187 Y586.92 E49.70059
;WIPE_START
G1 F600
G1 X727.187 Y596.92 E-30
;WIPE_END
G1 Z8 F15000
G1 X575.89 Y727.187 Z8
G1 Z7
G1 E40 F9000
G1 F2779.614
G1 X564.378 Y727.187 E49.70059
G1 X272.813 Y435.622 E1780.10742
G1 X272.813 Y424.11 E49.70059
;WIPE_START
G1 F600
G1 X272.813 Y434.11 E-30
;WIPE_END
G1 Z8 F15000
G1 X413.08 Y727.187 Z8
G1 Z7
G1 E40 F9000
G1 F2779.614
G1 X401.568 Y727.187 E49.70059
G1 X272.813 Y598.432 E786.09565
G1 X272.813 Y586.92 E49.70059
; stop printing object Cube id:0 copy 0
;LAYER_CHANGE
;Z:8.5
;HEIGHT:1.5
;BEFORE_LAYER_CHANGE
;8.5
G92 E0

EXCLUDE_OBJECT_END NAME=Cube_id_0_copy_0
;AFTER_LAYER_CHANGE
;8.5
;_SET_FAN_SPEED_CHANGING_LAYER
; printing object Cube id:0 copy 0
;WIPE_START
G1 F600
G1 X272.813 Y596.92 E-30
;WIPE_END
EXCLUDE_OBJECT_START NAME=Cube_id_0_copy_0
G1 Z9.5 F15000
G1 X270.366 Y729.634 Z9.5
G1 Z8.5
G1 E40 F9000
;TYPE:Outer wall
;WIDTH:3.2
G1 F2779.615
G1 X270.366 Y270.366 E1982.72102
G1 F2760
G1 X729.634 Y270.366 E1982.72107
G1 X729.634 Y729.634 E1982.72102
G1 X270.666 Y729.634 E1981.42588
M73 P8 R824
;WIPE_START
G1 F600
G1 X270.66 Y719.634 E-30
;WIPE_END
G1 Z9.5 F15000
G1 X272.813 Y586.92 Z9.5
G1 Z8.5
G1 E40 F9000
;TYPE:Sparse infill
;WIDTH:3.2
G1 F2779.614
G1 X272.813 Y598.432 E49.70059
G1 X401.568 Y727.187 E786.09565
G1 X413.08 Y727.187 E49.70059
;WIPE_START
G1 F600
G1 X403.08 Y727.187 E-30
;WIPE_END
G1 Z9.5 F15000
G1 X272.813 Y424.11 Z9.5
G1 Z8.5
G1 E40 F9000
G1 F2779.614
G1 X272.813 Y435.622 E49.70059
G1 X564.378 Y727.187 E1780.10742
G1 X575.89 Y727.187 E49.70059
;WIPE_START
G1 F600
G1 X565.89 Y727.187 E-30
;WIPE_END
G1 Z9.5 F15000
G1 X727.187 Y586.92 Z9.5
G1 Z8.5
G1 E40 F9000
G1 F2779.614
G1 X727.187 Y598.432 E49.70059
G1 X598.432 Y727.187 E786.09565
G1 X586.92 Y727.187 E49.70059
;WIPE_START
G1 F600
G1 X596.92 Y727.187 E-30
;WIPE_END
G1 Z9.5 F15000
G1 X727.187 Y424.11 Z9.5
G1 Z8.5
G1 E40 F9000
G1 F2779.614
G1 X727.187 Y435.623 E49.70059
G1 X435.622 Y727.187 E1780.10743
G1 X424.11 Y727.187 E49.70059
;WIPE_START
G1 F600
G1 X434.11 Y727.187 E-30
;WIPE_END
G1 Z9.5 F15000
G1 X424.11 Y272.813 Z9.5
G1 Z8.5
G1 E40 F9000
G1 F2779.614
G1 X435.622 Y272.813 E49.70059
G1 X727.187 Y564.378 E1780.10742
G1 X727.187 Y575.89 E49.70059
M73 P8 R823
;WIPE_START
G1 F600
G1 X727.187 Y565.89 E-30
;WIPE_END
G1 Z9.5 F15000
G1 X715.675 Y272.813 Z9.5
G1 Z8.5
G1 E40 F9000
G1 F2779.614
G1 X727.187 Y272.813 E49.70027
G1 X272.813 Y727.187 E2774.11872
G1 X284.325 Y727.187 E49.70025
;WIPE_START
G1 F600
G1 X274.325 Y727.187 E-30
;WIPE_END
G1 Z9.5 F15000
G1 X284.325 Y272.813 Z9.5
G1 Z8.5
G1 E40 F9000
G1 F2779.614
G1 X272.813 Y272.813 E49.70059
G1 X727.187 Y727.187 E2774.11918
G1 X715.675 Y727.187 E49.70059
;WIPE_START
G1 F600
G1 X725.675 Y727.187 E-30
;WIPE_END
G1 Z9.5 F15000
G1 X586.92 Y272.813 Z9.5
G1 Z8.5
G1 E40 F9000
G1 F2779.614
G1 X598.432 Y272.813 E49.70059
G1 X727.187 Y401.568 E786.09564
G1 X727.187 Y413.08 E49.70059
;WIPE_START
G1 F600
G1 X727.187 Y403.08 E-30
;WIPE_END
G1 Z9.5 F15000
G1 X575.89 Y272.813 Z9.5
G1 Z8.5
G1 E40 F9000
G1 F2779.614
G1 X564.378 Y272.813 E49.70059
G1 X272.813 Y564.377 E1780.10741
G1 X272.813 Y575.89 E49.70059
M73 P8 R822
;WIPE_START
G1 F600
G1 X272.813 Y565.89 E-30
;WIPE_END
G1 Z9.5 F15000
G1 X413.08 Y272.813 Z9.5
G1 Z8.5
G1 E40 F9000
G1 F2779.614
G1 X401.568 Y272.813 E49.70059
G1 X272.813 Y401.568 E786.09564
G1 X272.813 Y413.08 E49.70059
; stop printing object Cube id:0 copy 0
;LAYER_CHANGE
;Z:10
;HEIGHT:1.5
;BEFORE_LAYER_CHANGE
;10
G92 E0

EXCLUDE_OBJECT_END NAME=Cube_id_0_copy_0
;AFTER_LAYER_CHANGE
;10
;_SET_FAN_SPEED_CHANGING_LAYER
; printing object Cube id:0 copy 0
;WIPE_START
G1 F600
G1 X272.813 Y403.08 E-30
;WIPE_END
EXCLUDE_OBJECT_START NAME=Cube_id_0_copy_0
G1 Z11 F15000
G1 X270.366 Y270.366 Z11
G1 Z10
G1 E40 F9000
;TYPE:Outer wall
;WIDTH:3.2
G1 F2779.615
G1 X729.634 Y270.366 E1982.72102
G1 F2760
G1 X729.634 Y729.634 E1982.72107
G1 X270.366 Y729.634 E1982.72102
G1 X270.366 Y270.666 E1981.42588
;WIPE_START
G1 F600
G1 X280.366 Y270.66 E-30
;WIPE_END
G1 Z11 F15000
G1 X272.813 Y413.08 Z11
G1 Z10
G1 E40 F9000
;TYPE:Sparse infill
;WIDTH:3.2
G1 F2779.614
G1 X272.813 Y401.568 E49.70059
G1 X401.568 Y272.813 E786.09564
G1 X413.08 Y272.813 E49.70059
M73 P8 R821
;WIPE_START
G1 F600
G1 X403.08 Y272.813 E-30
;WIPE_END
G1 Z11 F15000
G1 X272.813 Y575.89 Z11
G1 Z10
G1 E40 F9000
G1 F2779.614
G1 X272.813 Y564.377 E49.70059
G1 X564.378 Y272.813 E1780.10741
G1 X575.89 Y272.813 E49.70059
;WIPE_START
G1 F600
G1 X565.89 Y272.813 E-30
;WIPE_END
G1 Z11 F15000
G1 X727.187 Y413.08 Z11
G1 Z10
G1 E40 F9000
G1 F2779.614
G1 X727.187 Y401.568 E49.70059
G1 X598.432 Y272.813 E786.09564
G1 X586.92 Y272.813 E49.70059
;WIPE_START
G1 F600
G1 X596.92 Y272.813 E-30
;WIPE_END
G1 Z11 F15000
G1 X727.187 Y575.89 Z11
G1 Z10
G1 E40 F9000
G1 F2779.614
G1 X727.187 Y564.378 E49.70059
G1 X435.622 Y272.813 E1780.10742
G1 X424.11 Y272.813 E49.70059
;WIPE_START
G1 F600
G1 X434.11 Y272.813 E-30
;WIPE_END
G1 Z11 F15000
G1 X424.11 Y727.187 Z11
G1 Z10
G1 E40 F9000
G1 F2779.614
G1 X435.622 Y727.187 E49.70059
G1 X727.187 Y435.623 E1780.10743
G1 X727.187 Y424.11 E49.70059
;WIPE_START
G1 F600
G1 X727.187 Y434.11 E-30
;WIPE_END
G1 Z11 F15000
G1 X715.675 Y727.187 Z11
G1 Z10
G1 E40 F9000
G1 F2779.614
G1 X727.187 Y727.187 E49.70059
G1 X272.813 Y272.813 E2774.11918
G1 X284.325 Y272.813 E49.70059
M73 P8 R820
;WIPE_START
G1 F600
G1 X274.325 Y272.813 E-30
;WIPE_END
G1 Z11 F15000
G1 X284.325 Y727.187 Z11
G1 Z10
G1 E40 F9000
G1 F2779.614
G1 X272.813 Y727.187 E49.70025
G1 X727.187 Y272.813 E2774.11872
G1 X715.675 Y272.813 E49.70027
;WIPE_START
G1 F600
G1 X725.675 Y272.813 E-30
;WIPE_END
G1 Z11 F15000
G1 X586.92 Y727.187 Z11
G1 Z10
G1 E40 F9000
G1 F2779.614
G1 X598.432 Y727.187 E49.70059
G1 X727.187 Y598.432 E786.09565
G1 X727.187 Y586.92 E49.70059
;WIPE_START
G1 F600
G1 X727.187 Y596.92 E-30
;WIPE_END
G1 Z11 F15000
G1 X575.89 Y727.187 Z11
G1 Z10
G1 E40 F9000
G1 F2779.614
G1 X564.378 Y727.187 E49.70059
G1 X272.813 Y435.622 E1780.10742
G1 X272.813 Y424.11 E49.70059
;WIPE_START
G1 F600
G1 X272.813 Y434.11 E-30
;WIPE_END
G1 Z11 F15000
G1 X413.08 Y727.187 Z11
G1 Z10
G1 E40 F9000
G1 F2779.614
G1 X401.568 Y727.187 E49.70059
G1 X272.813 Y598.432 E786.09565
G1 X272.813 Y586.92 E49.70059
; stop printing object Cube id:0 copy 0
;LAYER_CHANGE
;Z:11.5
;HEIGHT:1.5
;BEFORE_LAYER_CHANGE
;11.5
G92 E0

EXCLUDE_OBJECT_END NAME=Cube_id_0_copy_0
;AFTER_LAYER_CHANGE
;11.5
;_SET_FAN_SPEED_CHANGING_LAYER
; printing object Cube id:0 copy 0
;WIPE_START
G1 F600
G1 X272.813 Y596.92 E-30
;WIPE_END
EXCLUDE_OBJECT_START NAME=Cube_id_0_copy_0
G1 Z12.5 F15000
G1 X270.366 Y729.634 Z12.5
G1 Z11.5
G1 E40 F9000
;TYPE:Outer wall
;WIDTH:3.2
G1 F2779.615
G1 X270.366 Y270.366 E1982.72102
G1 F2760
M73 P8 R819
G1 X729.634 Y270.366 E1982.72107
G1 X729.634 Y729.634 E1982.72102
G1 X270.666 Y729.634 E1981.42588
;WIPE_START
G1 F600
G1 X270.66 Y719.634 E-30
;WIPE_END
G1 Z12.5 F15000
G1 X272.813 Y586.92 Z12.5
G1 Z11.5
G1 E40 F9000
;TYPE:Sparse infill
;WIDTH:3.2
G1 F2779.614
G1 X272.813 Y598.432 E49.70059
G1 X401.568 Y727.187 E786.09565
G1 X413.08 Y727.187 E49.70059
;WIPE_START
G1 F600
G1 X403.08 Y727.187 E-30
;WIPE_END
G1 Z12.5 F15000
G1 X272.813 Y424.11 Z12.5
G1 Z11.5
G1 E40 F9000
G1 F2779.614
G1 X272.813 Y435.622 E49.70059
G1 X564.378 Y727.187 E1780.10742
G1 X575.89 Y727.187 E49.70059
;WIPE_START
G1 F600
G1 X565.89 Y727.187 E-30
;WIPE_END
G1 Z12.5 F15000
G1 X727.187 Y586.92 Z12.5
G1 Z11.5
M73 P8 R818
G1 E40 F9000
G1 F2779.614
G1 X727.187 Y598.432 E49.70059
G1 X598.432 Y727.187 E786.09565
G1 X586.92 Y727.187 E49.70059
;WIPE_START
G1 F600
G1 X596.92 Y727.187 E-30
;WIPE_END
G1 Z12.5 F15000
G1 X727.187 Y424.11 Z12.5
G1 Z11.5
G1 E40 F9000
G1 F2779.614
G1 X727.187 Y435.623 E49.70059
G1 X435.622 Y727.187 E1780.10743
G1 X424.11 Y727.187 E49.70059
;WIPE_START
G1 F600
G1 X434.11 Y727.187 E-30
;WIPE_END
G1 Z12.5 F15000
G1 X424.11 Y272.813 Z12.5
G1 Z11.5
G1 E40 F9000
G1 F2779.614
G1 X435.622 Y272.813 E49.70059
G1 X727.187 Y564.378 E1780.10742
G1 X727.187 Y575.89 E49.70059
;WIPE_START
G1 F600
G1 X727.187 Y565.89 E-30
;WIPE_END
G1 Z12.5 F15000
G1 X715.675 Y272.813 Z12.5
G1 Z11.5
G1 E40 F9000
G1 F2779.614
G1 X727.187 Y272.813 E49.70027
G1 X272.813 Y727.187 E2774.11872
G1 X284.325 Y727.187 E49.70025
;WIPE_START
G1 F600
G1 X274.325 Y727.187 E-30
;WIPE_END
G1 Z12.5 F15000
G1 X284.325 Y272.813 Z12.5
G1 Z11.5
G1 E40 F9000
G1 F2779.614
G1 X272.813 Y272.813 E49.70059
G1 X727.187 Y727.187 E2774.11918
G1 X715.675 Y727.187 E49.70059
M73 P8 R817
;WIPE_START
G1 F600
G1 X725.675 Y727.187 E-30
;WIPE_END
G1 Z12.5 F15000
G1 X586.92 Y272.813 Z12.5
G1 Z11.5
G1 E40 F9000
G1 F2779.614
G1 X598.432 Y272.813 E49.70059
G1 X727.187 Y401.568 E786.09564
G1 X727.187 Y413.08 E49.70059
;WIPE_START
G1 F600
G1 X727.187 Y403.08 E-30
;WIPE_END
G1 Z12.5 F15000
G1 X575.89 Y272.813 Z12.5
G1 Z11.5
G1 E40 F9000
G1 F2779.614
G1 X564.378 Y272.813 E49.70059
G1 X272.813 Y564.377 E1780.10741
G1 X272.813 Y575.89 E49.70059
M73 P9 R817
;WIPE_START
G1 F600
G1 X272.813 Y565.89 E-30
;WIPE_END
G1 Z12.5 F15000
G1 X413.08 Y272.813 Z12.5
G1 Z11.5
G1 E40 F9000
G1 F2779.614
G1 X401.568 Y272.813 E49.70059
G1 X272.813 Y401.568 E786.09564
G1 X272.813 Y413.08 E49.70059
; stop printing object Cube id:0 copy 0
;LAYER_CHANGE
;Z:13
;HEIGHT:1.5
;BEFORE_LAYER_CHANGE
;13
G92 E0

EXCLUDE_OBJECT_END NAME=Cube_id_0_copy_0
;AFTER_LAYER_CHANGE
;13
;_SET_FAN_SPEED_CHANGING_LAYER
; printing object Cube id:0 copy 0
;WIPE_START
G1 F600
G1 X272.813 Y403.08 E-30
;WIPE_END
EXCLUDE_OBJECT_START NAME=Cube_id_0_copy_0
G1 Z14 F15000
G1 X270.366 Y270.366 Z14
G1 Z13
G1 E40 F9000
;TYPE:Outer wall
;WIDTH:3.2
G1 F2779.615
G1 X729.634 Y270.366 E1982.72102
G1 F2760
G1 X729.634 Y729.634 E1982.72107
G1 X270.366 Y729.634 E1982.72102
M73 P9 R816
G1 X270.366 Y270.666 E1981.42588
;WIPE_START
G1 F600
G1 X280.366 Y270.66 E-30
;WIPE_END
G1 Z14 F15000
G1 X272.813 Y413.08 Z14
G1 Z13
G1 E40 F9000
;TYPE:Sparse infill
;WIDTH:3.2
G1 F2779.614
G1 X272.813 Y401.568 E49.70059
G1 X401.568 Y272.813 E786.09564
G1 X413.08 Y272.813 E49.70059
;WIPE_START
G1 F600
G1 X403.08 Y272.813 E-30
;WIPE_END
G1 Z14 F15000
G1 X272.813 Y575.89 Z14
G1 Z13
G1 E40 F9000
G1 F2779.614
G1 X272.813 Y564.377 E49.70059
G1 X564.378 Y272.813 E1780.10741
G1 X575.89 Y272.813 E49.70059
;WIPE_START
G1 F600
G1 X565.89 Y272.813 E-30
;WIPE_END
G1 Z14 F15000
G1 X727.187 Y413.08 Z14
G1 Z13
G1 E40 F9000
G1 F2779.614
G1 X727.187 Y401.568 E49.70059
G1 X598.432 Y272.813 E786.09564
G1 X586.92 Y272.813 E49.70059
;WIPE_START
G1 F600
G1 X596.92 Y272.813 E-30
;WIPE_END
G1 Z14 F15000
G1 X727.187 Y575.89 Z14
G1 Z13
G1 E40 F9000
G1 F2779.614
G1 X727.187 Y564.378 E49.70059
G1 X435.622 Y272.813 E1780.10742
G1 X424.11 Y272.813 E49.70059
M73 P9 R815
;WIPE_START
G1 F600
G1 X434.11 Y272.813 E-30
;WIPE_END
G1 Z14 F15000
G1 X424.11 Y727.187 Z14
G1 Z13
G1 E40 F9000
G1 F2779.614
G1 X435.622 Y727.187 E49.70059
G1 X727.187 Y435.623 E1780.10743
G1 X727.187 Y424.11 E49.70059
;WIPE_START
G1 F600
G1 X727.187 Y434.11 E-30
;WIPE_END
G1 Z14 F15000
G1 X715.675 Y727.187 Z14
G1 Z13
G1 E40 F9000
G1 F2779.614
G1 X727.187 Y727.187 E49.70059
G1 X272.813 Y272.813 E2774.11918
G1 X284.325 Y272.813 E49.70059
;WIPE_START
G1 F600
G1 X274.325 Y272.813 E-30
;WIPE_END
G1 Z14 F15000
G1 X284.325 Y727.187 Z14
G1 Z13
G1 E40 F9000
G1 F2779.614
G1 X272.813 Y727.187 E49.70025
G1 X727.187 Y272.813 E2774.11872
G1 X715.675 Y272.813 E49.70027
;WIPE_START
G1 F600
G1 X725.675 Y272.813 E-30
;WIPE_END
G1 Z14 F15000
G1 X586.92 Y727.187 Z14
G1 Z13
G1 E40 F9000
G1 F2779.614
G1 X598.432 Y727.187 E49.70059
G1 X727.187 Y598.432 E786.09565
G1 X727.187 Y586.92 E49.70059
M73 P9 R814
;WIPE_START
G1 F600
G1 X727.187 Y596.92 E-30
;WIPE_END
G1 Z14 F15000
G1 X575.89 Y727.187 Z14
G1 Z13
G1 E40 F9000
G1 F2779.614
G1 X564.378 Y727.187 E49.70059
G1 X272.813 Y435.622 E1780.10742
G1 X272.813 Y424.11 E49.70059
;WIPE_START
G1 F600
G1 X272.813 Y434.11 E-30
;WIPE_END
G1 Z14 F15000
G1 X413.08 Y727.187 Z14
G1 Z13
G1 E40 F9000
G1 F2779.614
G1 X401.568 Y727.187 E49.70059
G1 X272.813 Y598.432 E786.09565
G1 X272.813 Y586.92 E49.70059
; stop printing object Cube id:0 copy 0
;LAYER_CHANGE
;Z:14.5
;HEIGHT:1.5
;BEFORE_LAYER_CHANGE
;14.5
G92 E0

EXCLUDE_OBJECT_END NAME=Cube_id_0_copy_0
;AFTER_LAYER_CHANGE
;14.5
;_SET_FAN_SPEED_CHANGING_LAYER
; printing object Cube id:0 copy 0
;WIPE_START
G1 F600
G1 X272.813 Y596.92 E-30
;WIPE_END
EXCLUDE_OBJECT_START NAME=Cube_id_0_copy_0
G1 Z15.5 F15000
G1 X270.366 Y729.634 Z15.5
G1 Z14.5
G1 E40 F9000
;TYPE:Outer wall
;WIDTH:3.2
G1 F2779.615
G1 X270.366 Y270.366 E1982.72102
G1 F2760
G1 X729.634 Y270.366 E1982.72107
G1 X729.634 Y729.634 E1982.72102
G1 X270.666 Y729.634 E1981.42588
;WIPE_START
G1 F600
M73 P9 R813
G1 X270.66 Y719.634 E-30
;WIPE_END
G1 Z15.5 F15000
G1 X272.813 Y586.92 Z15.5
G1 Z14.5
G1 E40 F9000
;TYPE:Sparse infill
;WIDTH:3.2
G1 F2779.614
G1 X272.813 Y598.432 E49.70059
G1 X401.568 Y727.187 E786.09565
G1 X413.08 Y727.187 E49.70059
;WIPE_START
G1 F600
G1 X403.08 Y727.187 E-30
;WIPE_END
G1 Z15.5 F15000
G1 X272.813 Y424.11 Z15.5
G1 Z14.5
G1 E40 F9000
G1 F2779.614
G1 X272.813 Y435.622 E49.70059
G1 X564.378 Y727.187 E1780.10742
G1 X575.89 Y727.187 E49.70059
;WIPE_START
G1 F600
G1 X565.89 Y727.187 E-30
;WIPE_END
G1 Z15.5 F15000
G1 X727.187 Y586.92 Z15.5
G1 Z14.5
G1 E40 F9000
G1 F2779.614
G1 X727.187 Y598.432 E49.70059
G1 X598.432 Y727.187 E786.09565
G1 X586.92 Y727.187 E49.70059
;WIPE_START
G1 F600
G1 X596.92 Y727.187 E-30
;WIPE_END
G1 Z15.5 F15000
G1 X727.187 Y424.11 Z15.5
G1 Z14.5
G1 E40 F9000
G1 F2779.614
G1 X727.187 Y435.623 E49.70059
G1 X435.622 Y727.187 E1780.10743
G1 X424.11 Y727.187 E49.70059
;WIPE_START
G1 F600
G1 X434.11 Y727.187 E-30
;WIPE_END
G1 Z15.5 F15000
G1 X424.11 Y272.813 Z15.5
G1 Z14.5
G1 E40 F9000
G1 F2779.614
G1 X435.622 Y272.813 E49.70059
G1 X727.187 Y564.378 E1780.10742
G1 X727.187 Y575.89 E49.70059
;WIPE_START
G1 F600
G1 X727.187 Y565.89 E-30
;WIPE_END
G1 Z15.5 F15000
G1 X715.675 Y272.813 Z15.5
G1 Z14.5
M73 P9 R812
G1 E40 F9000
G1 F2779.614
G1 X727.187 Y272.813 E49.70027
G1 X272.813 Y727.187 E2774.11872
G1 X284.325 Y727.187 E49.70025
;WIPE_START
G1 F600
G1 X274.325 Y727.187 E-30
;WIPE_END
G1 Z15.5 F15000
G1 X284.325 Y272.813 Z15.5
G1 Z14.5
G1 E40 F9000
G1 F2779.614
G1 X272.813 Y272.813 E49.70059
G1 X727.187 Y727.187 E2774.11918
G1 X715.675 Y727.187 E49.70059
;WIPE_START
G1 F600
G1 X725.675 Y727.187 E-30
;WIPE_END
G1 Z15.5 F15000
G1 X586.92 Y272.813 Z15.5
G1 Z14.5
G1 E40 F9000
G1 F2779.614
G1 X598.432 Y272.813 E49.70059
G1 X727.187 Y401.568 E786.09564
G1 X727.187 Y413.08 E49.70059
;WIPE_START
G1 F600
G1 X727.187 Y403.08 E-30
;WIPE_END
G1 Z15.5 F15000
G1 X575.89 Y272.813 Z15.5
G1 Z14.5
G1 E40 F9000
G1 F2779.614
G1 X564.378 Y272.813 E49.70059
G1 X272.813 Y564.377 E1780.10741
G1 X272.813 Y575.89 E49.70059
;WIPE_START
G1 F600
G1 X272.813 Y565.89 E-30
;WIPE_END
G1 Z15.5 F15000
G1 X413.08 Y272.813 Z15.5
G1 Z14.5
G1 E40 F9000
G1 F2779.614
G1 X401.568 Y272.813 E49.70059
G1 X272.813 Y401.568 E786.09564
G1 X272.813 Y413.08 E49.70059
M73 P9 R811
; stop printing object Cube id:0 copy 0
;LAYER_CHANGE
;Z:16
;HEIGHT:1.5
;BEFORE_LAYER_CHANGE
;16
G92 E0

EXCLUDE_OBJECT_END NAME=Cube_id_0_copy_0
;AFTER_LAYER_CHANGE
;16
;_SET_FAN_SPEED_CHANGING_LAYER
; printing object Cube id:0 copy 0
;WIPE_START
G1 F600
G1 X272.813 Y403.08 E-30
;WIPE_END
EXCLUDE_OBJECT_START NAME=Cube_id_0_copy_0
G1 Z17 F15000
G1 X270.366 Y270.366 Z17
G1 Z16
G1 E40 F9000
;TYPE:Outer wall
;WIDTH:3.2
G1 F2779.615
G1 X729.634 Y270.366 E1982.72102
G1 F2760
G1 X729.634 Y729.634 E1982.72107
G1 X270.366 Y729.634 E1982.72102
G1 X270.366 Y270.666 E1981.42588
;WIPE_START
G1 F600
G1 X280.366 Y270.66 E-30
;WIPE_END
G1 Z17 F15000
G1 X272.813 Y413.08 Z17
G1 Z16
G1 E40 F9000
;TYPE:Sparse infill
;WIDTH:3.2
G1 F2779.614
G1 X272.813 Y401.568 E49.70059
G1 X401.568 Y272.813 E786.09564
G1 X413.08 Y272.813 E49.70059
;WIPE_START
G1 F600
G1 X403.08 Y272.813 E-30
;WIPE_END
G1 Z17 F15000
G1 X272.813 Y575.89 Z17
G1 Z16
G1 E40 F9000
G1 F2779.614
G1 X272.813 Y564.377 E49.70059
G1 X564.378 Y272.813 E1780.10741
G1 X575.89 Y272.813 E49.70059
M73 P9 R810
;WIPE_START
G1 F600
G1 X565.89 Y272.813 E-30
;WIPE_END
G1 Z17 F15000
G1 X727.187 Y413.08 Z17
G1 Z16
G1 E40 F9000
G1 F2779.614
G1 X727.187 Y401.568 E49.70059
G1 X598.432 Y272.813 E786.09564
G1 X586.92 Y272.813 E49.70059
;WIPE_START
G1 F600
G1 X596.92 Y272.813 E-30
;WIPE_END
G1 Z17 F15000
G1 X727.187 Y575.89 Z17
G1 Z16
G1 E40 F9000
G1 F2779.614
G1 X727.187 Y564.378 E49.70059
G1 X435.622 Y272.813 E1780.10742
G1 X424.11 Y272.813 E49.70059
;WIPE_START
G1 F600
G1 X434.11 Y272.813 E-30
;WIPE_END
G1 Z17 F15000
G1 X424.11 Y727.187 Z17
G1 Z16
G1 E40 F9000
G1 F2779.614
G1 X435.622 Y727.187 E49.70059
G1 X727.187 Y435.623 E1780.10743
G1 X727.187 Y424.11 E49.70059
;WIPE_START
G1 F600
G1 X727.187 Y434.11 E-30
;WIPE_END
G1 Z17 F15000
G1 X715.675 Y727.187 Z17
G1 Z16
G1 E40 F9000
G1 F2779.614
G1 X727.187 Y727.187 E49.70059
G1 X272.813 Y272.813 E2774.11918
G1 X284.325 Y272.813 E49.70059
;WIPE_START
G1 F600
G1 X274.325 Y272.813 E-30
;WIPE_END
G1 Z17 F15000
M73 P9 R809
G1 X284.325 Y727.187 Z17
G1 Z16
G1 E40 F9000
G1 F2779.614
G1 X272.813 Y727.187 E49.70025
G1 X727.187 Y272.813 E2774.11872
G1 X715.675 Y272.813 E49.70027
;WIPE_START
G1 F600
G1 X725.675 Y272.813 E-30
;WIPE_END
G1 Z17 F15000
G1 X586.92 Y727.187 Z17
G1 Z16
G1 E40 F9000
G1 F2779.614
G1 X598.432 Y727.187 E49.70059
G1 X727.187 Y598.432 E786.09565
G1 X727.187 Y586.92 E49.70059
;WIPE_START
G1 F600
G1 X727.187 Y596.92 E-30
;WIPE_END
G1 Z17 F15000
G1 X575.89 Y727.187 Z17
G1 Z16
G1 E40 F9000
G1 F2779.614
G1 X564.378 Y727.187 E49.70059
G1 X272.813 Y435.622 E1780.10742
G1 X272.813 Y424.11 E49.70059
;WIPE_START
G1 F600
G1 X272.813 Y434.11 E-30
;WIPE_END
G1 Z17 F15000
G1 X413.08 Y727.187 Z17
G1 Z16
G1 E40 F9000
G1 F2779.614
G1 X401.568 Y727.187 E49.70059
G1 X272.813 Y598.432 E786.09565
G1 X272.813 Y586.92 E49.70059
; stop printing object Cube id:0 copy 0
;LAYER_CHANGE
;Z:17.5
;HEIGHT:1.5
;BEFORE_LAYER_CHANGE
;17.5
G92 E0

EXCLUDE_OBJECT_END NAME=Cube_id_0_copy_0
;AFTER_LAYER_CHANGE
;17.5
;_SET_FAN_SPEED_CHANGING_LAYER
; printing object Cube id:0 copy 0
;WIPE_START
G1 F600
G1 X272.813 Y596.92 E-30
;WIPE_END
EXCLUDE_OBJECT_START NAME=Cube_id_0_copy_0
G1 Z18.5 F15000
G1 X270.366 Y729.634 Z18.5
G1 Z17.5
G1 E40 F9000
;TYPE:Outer wall
;WIDTH:3.2
G1 F2779.615
G1 X270.366 Y270.366 E1982.72102
G1 F2760
G1 X729.634 Y270.366 E1982.72107
G1 X729.634 Y729.634 E1982.72102
M73 P9 R808
G1 X270.666 Y729.634 E1981.42588
;WIPE_START
G1 F600
M73 P10 R808
G1 X270.66 Y719.634 E-30
;WIPE_END
G1 Z18.5 F15000
G1 X272.813 Y586.92 Z18.5
G1 Z17.5
G1 E40 F9000
;TYPE:Sparse infill
;WIDTH:3.2
G1 F2779.614
G1 X272.813 Y598.432 E49.70059
G1 X401.568 Y727.187 E786.09565
G1 X413.08 Y727.187 E49.70059
;WIPE_START
G1 F600
G1 X403.08 Y727.187 E-30
;WIPE_END
G1 Z18.5 F15000
G1 X272.813 Y424.11 Z18.5
G1 Z17.5
G1 E40 F9000
G1 F2779.614
G1 X272.813 Y435.622 E49.70059
G1 X564.378 Y727.187 E1780.10742
G1 X575.89 Y727.187 E49.70059
;WIPE_START
G1 F600
G1 X565.89 Y727.187 E-30
;WIPE_END
G1 Z18.5 F15000
G1 X727.187 Y586.92 Z18.5
G1 Z17.5
G1 E40 F9000
G1 F2779.614
G1 X727.187 Y598.432 E49.70059
G1 X598.432 Y727.187 E786.09565
G1 X586.92 Y727.187 E49.70059
;WIPE_START
G1 F600
G1 X596.92 Y727.187 E-30
;WIPE_END
G1 Z18.5 F15000
G1 X727.187 Y424.11 Z18.5
G1 Z17.5
M73 P10 R807
G1 E40 F9000
G1 F2779.614
G1 X727.187 Y435.623 E49.70059
G1 X435.622 Y727.187 E1780.10743
G1 X424.11 Y727.187 E49.70059
;WIPE_START
G1 F600
G1 X434.11 Y727.187 E-30
;WIPE_END
G1 Z18.5 F15000
G1 X424.11 Y272.813 Z18.5
G1 Z17.5
G1 E40 F9000
G1 F2779.614
G1 X435.622 Y272.813 E49.70059
G1 X727.187 Y564.378 E1780.10742
G1 X727.187 Y575.89 E49.70059
;WIPE_START
G1 F600
G1 X727.187 Y565.89 E-30
;WIPE_END
G1 Z18.5 F15000
G1 X715.675 Y272.813 Z18.5
G1 Z17.5
G1 E40 F9000
G1 F2779.614
G1 X727.187 Y272.813 E49.70027
G1 X272.813 Y727.187 E2774.11872
G1 X284.325 Y727.187 E49.70025
;WIPE_START
G1 F600
G1 X274.325 Y727.187 E-30
;WIPE_END
G1 Z18.5 F15000
G1 X284.325 Y272.813 Z18.5
G1 Z17.5
G1 E40 F9000
G1 F2779.614
G1 X272.813 Y272.813 E49.70059
G1 X727.187 Y727.187 E2774.11918
G1 X715.675 Y727.187 E49.70059
M73 P10 R806
;WIPE_START
G1 F600
G1 X725.675 Y727.187 E-30
;WIPE_END
G1 Z18.5 F15000
G1 X586.92 Y272.813 Z18.5
G1 Z17.5
G1 E40 F9000
G1 F2779.614
G1 X598.432 Y272.813 E49.70059
G1 X727.187 Y401.568 E786.09564
G1 X727.187 Y413.08 E49.70059
;WIPE_START
G1 F600
G1 X727.187 Y403.08 E-30
;WIPE_END
G1 Z18.5 F15000
G1 X575.89 Y272.813 Z18.5
G1 Z17.5
G1 E40 F9000
G1 F2779.614
G1 X564.378 Y272.813 E49.70059
G1 X272.813 Y564.377 E1780.10741
G1 X272.813 Y575.89 E49.70059
;WIPE_START
G1 F600
G1 X272.813 Y565.89 E-30
;WIPE_END
G1 Z18.5 F15000
G1 X413.08 Y272.813 Z18.5
G1 Z17.5
G1 E40 F9000
G1 F2779.614
G1 X401.568 Y272.813 E49.70059
G1 X272.813 Y401.568 E786.09564
G1 X272.813 Y413.08 E49.70059
; stop printing object Cube id:0 copy 0
;LAYER_CHANGE
;Z:19
;HEIGHT:1.5
;BEFORE_LAYER_CHANGE
;19
G92 E0

EXCLUDE_OBJECT_END NAME=Cube_id_0_copy_0
;AFTER_LAYER_CHANGE
;19
;_SET_FAN_SPEED_CHANGING_LAYER
; printing object Cube id:0 copy 0
;WIPE_START
G1 F600
G1 X272.813 Y403.08 E-30
;WIPE_END
EXCLUDE_OBJECT_START NAME=Cube_id_0_copy_0
G1 Z20 F15000
G1 X270.366 Y270.366 Z20
G1 Z19
G1 E40 F9000
;TYPE:Outer wall
;WIDTH:3.2
G1 F2779.615
G1 X729.634 Y270.366 E1982.72102
G1 F2760
G1 X729.634 Y729.634 E1982.72107
G1 X270.366 Y729.634 E1982.72102
G1 X270.366 Y270.666 E1981.42588
M73 P10 R805
;WIPE_START
G1 F600
G1 X280.366 Y270.66 E-30
;WIPE_END
G1 Z20 F15000
G1 X272.813 Y413.08 Z20
G1 Z19
G1 E40 F9000
;TYPE:Sparse infill
;WIDTH:3.2
G1 F2779.614
G1 X272.813 Y401.568 E49.70059
G1 X401.568 Y272.813 E786.09564
G1 X413.08 Y272.813 E49.70059
;WIPE_START
G1 F600
G1 X403.08 Y272.813 E-30
;WIPE_END
G1 Z20 F15000
G1 X272.813 Y575.89 Z20
G1 Z19
G1 E40 F9000
G1 F2779.614
G1 X272.813 Y564.377 E49.70059
G1 X564.378 Y272.813 E1780.10741
G1 X575.89 Y272.813 E49.70059
;WIPE_START
G1 F600
G1 X565.89 Y272.813 E-30
;WIPE_END
G1 Z20 F15000
G1 X727.187 Y413.08 Z20
G1 Z19
G1 E40 F9000
G1 F2779.614
G1 X727.187 Y401.568 E49.70059
G1 X598.432 Y272.813 E786.09564
G1 X586.92 Y272.813 E49.70059
;WIPE_START
G1 F600
G1 X596.92 Y272.813 E-30
;WIPE_END
G1 Z20 F15000
G1 X727.187 Y575.89 Z20
G1 Z19
G1 E40 F9000
G1 F2779.614
G1 X727.187 Y564.378 E49.70059
G1 X435.622 Y272.813 E1780.10742
G1 X424.11 Y272.813 E49.70059
;WIPE_START
G1 F600
G1 X434.11 Y272.813 E-30
;WIPE_END
G1 Z20 F15000
G1 X424.11 Y727.187 Z20
G1 Z19
G1 E40 F9000
G1 F2779.614
G1 X435.622 Y727.187 E49.70059
G1 X727.187 Y435.623 E1780.10743
G1 X727.187 Y424.11 E49.70059
M73 P10 R804
;WIPE_START
G1 F600
G1 X727.187 Y434.11 E-30
;WIPE_END
G1 Z20 F15000
G1 X715.675 Y727.187 Z20
G1 Z19
G1 E40 F9000
G1 F2779.614
G1 X727.187 Y727.187 E49.70059
G1 X272.813 Y272.813 E2774.11918
G1 X284.325 Y272.813 E49.70059
;WIPE_START
G1 F600
G1 X274.325 Y272.813 E-30
;WIPE_END
G1 Z20 F15000
G1 X284.325 Y727.187 Z20
G1 Z19
G1 E40 F9000
G1 F2779.614
G1 X272.813 Y727.187 E49.70025
G1 X727.187 Y272.813 E2774.11872
G1 X715.675 Y272.813 E49.70027
;WIPE_START
G1 F600
G1 X725.675 Y272.813 E-30
;WIPE_END
G1 Z20 F15000
G1 X586.92 Y727.187 Z20
G1 Z19
G1 E40 F9000
G1 F2779.614
G1 X598.432 Y727.187 E49.70059
G1 X727.187 Y598.432 E786.09565
G1 X727.187 Y586.92 E49.70059
;WIPE_START
G1 F600
G1 X727.187 Y596.92 E-30
;WIPE_END
G1 Z20 F15000
G1 X575.89 Y727.187 Z20
G1 Z19
G1 E40 F9000
G1 F2779.614
G1 X564.378 Y727.187 E49.70059
G1 X272.813 Y435.622 E1780.10742
G1 X272.813 Y424.11 E49.70059
M73 P10 R803
;WIPE_START
G1 F600
G1 X272.813 Y434.11 E-30
;WIPE_END
G1 Z20 F15000
G1 X413.08 Y727.187 Z20
G1 Z19
G1 E40 F9000
G1 F2779.614
G1 X401.568 Y727.187 E49.70059
G1 X272.813 Y598.432 E786.09565
G1 X272.813 Y586.92 E49.70059
; stop printing object Cube id:0 copy 0
;LAYER_CHANGE
;Z:20.5
;HEIGHT:1.5
;BEFORE_LAYER_CHANGE
;20.5
G92 E0

EXCLUDE_OBJECT_END NAME=Cube_id_0_copy_0
;AFTER_LAYER_CHANGE
;20.5
;_SET_FAN_SPEED_CHANGING_LAYER
; printing object Cube id:0 copy 0
;WIPE_START
G1 F600
G1 X272.813 Y596.92 E-30
;WIPE_END
EXCLUDE_OBJECT_START NAME=Cube_id_0_copy_0
G1 Z21.5 F15000
G1 X270.366 Y729.634 Z21.5
G1 Z20.5
G1 E40 F9000
;TYPE:Outer wall
;WIDTH:3.2
G1 F2779.615
G1 X270.366 Y270.366 E1982.72102
G1 F2760
G1 X729.634 Y270.366 E1982.72107
G1 X729.634 Y729.634 E1982.72102
G1 X270.666 Y729.634 E1981.42588
;WIPE_START
G1 F600
G1 X270.66 Y719.634 E-30
;WIPE_END
G1 Z21.5 F15000
G1 X272.813 Y586.92 Z21.5
G1 Z20.5
G1 E40 F9000
;TYPE:Sparse infill
;WIDTH:3.2
G1 F2779.614
G1 X272.813 Y598.432 E49.70059
G1 X401.568 Y727.187 E786.09565
G1 X413.08 Y727.187 E49.70059
M73 P10 R802
;WIPE_START
G1 F600
G1 X403.08 Y727.187 E-30
;WIPE_END
G1 Z21.5 F15000
G1 X272.813 Y424.11 Z21.5
G1 Z20.5
G1 E40 F9000
G1 F2779.614
G1 X272.813 Y435.622 E49.70059
G1 X564.378 Y727.187 E1780.10742
G1 X575.89 Y727.187 E49.70059
;WIPE_START
G1 F600
G1 X565.89 Y727.187 E-30
;WIPE_END
G1 Z21.5 F15000
G1 X727.187 Y586.92 Z21.5
G1 Z20.5
G1 E40 F9000
G1 F2779.614
G1 X727.187 Y598.432 E49.70059
G1 X598.432 Y727.187 E786.09565
G1 X586.92 Y727.187 E49.70059
;WIPE_START
G1 F600
G1 X596.92 Y727.187 E-30
;WIPE_END
G1 Z21.5 F15000
G1 X727.187 Y424.11 Z21.5
G1 Z20.5
G1 E40 F9000
G1 F2779.614
G1 X727.187 Y435.623 E49.70059
G1 X435.622 Y727.187 E1780.10743
G1 X424.11 Y727.187 E49.70059
;WIPE_START
G1 F600
G1 X434.11 Y727.187 E-30
;WIPE_END
G1 Z21.5 F15000
G1 X424.11 Y272.813 Z21.5
G1 Z20.5
G1 E40 F9000
G1 F2779.614
G1 X435.622 Y272.813 E49.70059
G1 X727.187 Y564.378 E1780.10742
G1 X727.187 Y575.89 E49.70059
;WIPE_START
G1 F600
G1 X727.187 Y565.89 E-30
;WIPE_END
G1 Z21.5 F15000
G1 X715.675 Y272.813 Z21.5
G1 Z20.5
G1 E40 F9000
G1 F2779.614
G1 X727.187 Y272.813 E49.70027
G1 X272.813 Y727.187 E2774.11872
G1 X284.325 Y727.187 E49.70025
M73 P10 R801
;WIPE_START
G1 F600
G1 X274.325 Y727.187 E-30
;WIPE_END
G1 Z21.5 F15000
G1 X284.325 Y272.813 Z21.5
G1 Z20.5
G1 E40 F9000
G1 F2779.614
G1 X272.813 Y272.813 E49.70059
G1 X727.187 Y727.187 E2774.11918
G1 X715.675 Y727.187 E49.70059
;WIPE_START
G1 F600
G1 X725.675 Y727.187 E-30
;WIPE_END
G1 Z21.5 F15000
G1 X586.92 Y272.813 Z21.5
G1 Z20.5
G1 E40 F9000
G1 F2779.614
G1 X598.432 Y272.813 E49.70059
G1 X727.187 Y401.568 E786.09564
G1 X727.187 Y413.08 E49.70059
;WIPE_START
G1 F600
G1 X727.187 Y403.08 E-30
;WIPE_END
G1 Z21.5 F15000
G1 X575.89 Y272.813 Z21.5
G1 Z20.5
G1 E40 F9000
G1 F2779.614
G1 X564.378 Y272.813 E49.70059
G1 X272.813 Y564.377 E1780.10741
G1 X272.813 Y575.89 E49.70059
;WIPE_START
G1 F600
G1 X272.813 Y565.89 E-30
;WIPE_END
G1 Z21.5 F15000
G1 X413.08 Y272.813 Z21.5
G1 Z20.5
G1 E40 F9000
G1 F2779.614
G1 X401.568 Y272.813 E49.70059
G1 X272.813 Y401.568 E786.09564
G1 X272.813 Y413.08 E49.70059
; stop printing object Cube id:0 copy 0
;LAYER_CHANGE
;Z:22
;HEIGHT:1.5
;BEFORE_LAYER_CHANGE
;22
G92 E0

EXCLUDE_OBJECT_END NAME=Cube_id_0_copy_0
;AFTER_LAYER_CHANGE
;22
;_SET_FAN_SPEED_CHANGING_LAYER
; printing object Cube id:0 copy 0
;WIPE_START
G1 F600
G1 X272.813 Y403.08 E-30
;WIPE_END
EXCLUDE_OBJECT_START NAME=Cube_id_0_copy_0
G1 Z23 F15000
G1 X270.366 Y270.366 Z23
G1 Z22
G1 E40 F9000
;TYPE:Outer wall
;WIDTH:3.2
G1 F2779.615
G1 X729.634 Y270.366 E1982.72102
G1 F2760
M73 P10 R800
G1 X729.634 Y729.634 E1982.72107
G1 X270.366 Y729.634 E1982.72102
G1 X270.366 Y270.666 E1981.42588
;WIPE_START
G1 F600
G1 X280.366 Y270.66 E-30
;WIPE_END
G1 Z23 F15000
G1 X272.813 Y413.08 Z23
G1 Z22
G1 E40 F9000
;TYPE:Sparse infill
;WIDTH:3.2
G1 F2779.614
G1 X272.813 Y401.568 E49.70059
G1 X401.568 Y272.813 E786.09564
G1 X413.08 Y272.813 E49.70059
;WIPE_START
G1 F600
G1 X403.08 Y272.813 E-30
;WIPE_END
G1 Z23 F15000
G1 X272.813 Y575.89 Z23
G1 Z22
G1 E40 F9000
G1 F2779.614
G1 X272.813 Y564.377 E49.70059
G1 X564.378 Y272.813 E1780.10741
G1 X575.89 Y272.813 E49.70059
;WIPE_START
G1 F600
G1 X565.89 Y272.813 E-30
;WIPE_END
G1 Z23 F15000
M73 P10 R799
G1 X727.187 Y413.08 Z23
G1 Z22
G1 E40 F9000
G1 F2779.614
G1 X727.187 Y401.568 E49.70059
G1 X598.432 Y272.813 E786.09564
G1 X586.92 Y272.813 E49.70059
;WIPE_START
G1 F600
G1 X596.92 Y272.813 E-30
;WIPE_END
G1 Z23 F15000
G1 X727.187 Y575.89 Z23
G1 Z22
G1 E40 F9000
G1 F2779.614
G1 X727.187 Y564.378 E49.70059
G1 X435.622 Y272.813 E1780.10742
G1 X424.11 Y272.813 E49.70059
;WIPE_START
G1 F600
G1 X434.11 Y272.813 E-30
;WIPE_END
G1 Z23 F15000
G1 X424.11 Y727.187 Z23
G1 Z22
G1 E40 F9000
G1 F2779.614
G1 X435.622 Y727.187 E49.70059
G1 X727.187 Y435.623 E1780.10743
G1 X727.187 Y424.11 E49.70059
M73 P11 R799
;WIPE_START
G1 F600
G1 X727.187 Y434.11 E-30
;WIPE_END
G1 Z23 F15000
G1 X715.675 Y727.187 Z23
G1 Z22
G1 E40 F9000
G1 F2779.614
G1 X727.187 Y727.187 E49.70059
G1 X272.813 Y272.813 E2774.11918
G1 X284.325 Y272.813 E49.70059
;WIPE_START
G1 F600
G1 X274.325 Y272.813 E-30
;WIPE_END
G1 Z23 F15000
G1 X284.325 Y727.187 Z23
G1 Z22
G1 E40 F9000
G1 F2779.614
G1 X272.813 Y727.187 E49.70025
G1 X727.187 Y272.813 E2774.11872
G1 X715.675 Y272.813 E49.70027
M73 P11 R798
;WIPE_START
G1 F600
G1 X725.675 Y272.813 E-30
;WIPE_END
G1 Z23 F15000
G1 X586.92 Y727.187 Z23
G1 Z22
G1 E40 F9000
G1 F2779.614
G1 X598.432 Y727.187 E49.70059
G1 X727.187 Y598.432 E786.09565
G1 X727.187 Y586.92 E49.70059
;WIPE_START
G1 F600
G1 X727.187 Y596.92 E-30
;WIPE_END
G1 Z23 F15000
G1 X575.89 Y727.187 Z23
G1 Z22
G1 E40 F9000
G1 F2779.614
G1 X564.378 Y727.187 E49.70059
G1 X272.813 Y435.622 E1780.10742
G1 X272.813 Y424.11 E49.70059
;WIPE_START
G1 F600
G1 X272.813 Y434.11 E-30
;WIPE_END
G1 Z23 F15000
G1 X413.08 Y727.187 Z23
G1 Z22
G1 E40 F9000
G1 F2779.614
G1 X401.568 Y727.187 E49.70059
G1 X272.813 Y598.432 E786.09565
G1 X272.813 Y586.92 E49.70059
; stop printing object Cube id:0 copy 0
;LAYER_CHANGE
;Z:23.5
;HEIGHT:1.5
;BEFORE_LAYER_CHANGE
;23.5
G92 E0

EXCLUDE_OBJECT_END NAME=Cube_id_0_copy_0
;AFTER_LAYER_CHANGE
;23.5
;_SET_FAN_SPEED_CHANGING_LAYER
; printing object Cube id:0 copy 0
;WIPE_START
G1 F600
G1 X272.813 Y596.92 E-30
;WIPE_END
EXCLUDE_OBJECT_START NAME=Cube_id_0_copy_0
G1 Z24.5 F15000
G1 X270.366 Y729.634 Z24.5
G1 Z23.5
G1 E40 F9000
;TYPE:Outer wall
;WIDTH:3.2
G1 F2779.615
G1 X270.366 Y270.366 E1982.72102
G1 F2760
G1 X729.634 Y270.366 E1982.72107
G1 X729.634 Y729.634 E1982.72102
M73 P11 R797
G1 X270.666 Y729.634 E1981.42588
;WIPE_START
G1 F600
G1 X270.66 Y719.634 E-30
;WIPE_END
G1 Z24.5 F15000
G1 X272.813 Y586.92 Z24.5
G1 Z23.5
G1 E40 F9000
;TYPE:Sparse infill
;WIDTH:3.2
G1 F2779.614
G1 X272.813 Y598.432 E49.70059
G1 X401.568 Y727.187 E786.09565
G1 X413.08 Y727.187 E49.70059
;WIPE_START
G1 F600
G1 X403.08 Y727.187 E-30
;WIPE_END
G1 Z24.5 F15000
G1 X272.813 Y424.11 Z24.5
G1 Z23.5
G1 E40 F9000
G1 F2779.614
G1 X272.813 Y435.622 E49.70059
G1 X564.378 Y727.187 E1780.10742
G1 X575.89 Y727.187 E49.70059
;WIPE_START
G1 F600
G1 X565.89 Y727.187 E-30
;WIPE_END
G1 Z24.5 F15000
G1 X727.187 Y586.92 Z24.5
G1 Z23.5
G1 E40 F9000
G1 F2779.614
G1 X727.187 Y598.432 E49.70059
G1 X598.432 Y727.187 E786.09565
G1 X586.92 Y727.187 E49.70059
;WIPE_START
G1 F600
G1 X596.92 Y727.187 E-30
;WIPE_END
G1 Z24.5 F15000
G1 X727.187 Y424.11 Z24.5
G1 Z23.5
G1 E40 F9000
G1 F2779.614
G1 X727.187 Y435.623 E49.70059
G1 X435.622 Y727.187 E1780.10743
G1 X424.11 Y727.187 E49.70059
M73 P11 R796
;WIPE_START
G1 F600
G1 X434.11 Y727.187 E-30
;WIPE_END
G1 Z24.5 F15000
G1 X424.11 Y272.813 Z24.5
G1 Z23.5
G1 E40 F9000
G1 F2779.614
G1 X435.622 Y272.813 E49.70059
G1 X727.187 Y564.378 E1780.10742
G1 X727.187 Y575.89 E49.70059
;WIPE_START
G1 F600
G1 X727.187 Y565.89 E-30
;WIPE_END
G1 Z24.5 F15000
G1 X715.675 Y272.813 Z24.5
G1 Z23.5
G1 E40 F9000
G1 F2779.614
G1 X727.187 Y272.813 E49.70027
G1 X272.813 Y727.187 E2774.11872
G1 X284.325 Y727.187 E49.70025
;WIPE_START
G1 F600
G1 X274.325 Y727.187 E-30
;WIPE_END
G1 Z24.5 F15000
G1 X284.325 Y272.813 Z24.5
G1 Z23.5
G1 E40 F9000
G1 F2779.614
G1 X272.813 Y272.813 E49.70059
G1 X727.187 Y727.187 E2774.11918
G1 X715.675 Y727.187 E49.70059
;WIPE_START
G1 F600
G1 X725.675 Y727.187 E-30
;WIPE_END
G1 Z24.5 F15000
G1 X586.92 Y272.813 Z24.5
G1 Z23.5
G1 E40 F9000
G1 F2779.614
G1 X598.432 Y272.813 E49.70059
G1 X727.187 Y401.568 E786.09564
G1 X727.187 Y413.08 E49.70059
M73 P11 R795
;WIPE_START
G1 F600
G1 X727.187 Y403.08 E-30
;WIPE_END
G1 Z24.5 F15000
G1 X575.89 Y272.813 Z24.5
G1 Z23.5
G1 E40 F9000
G1 F2779.614
G1 X564.378 Y272.813 E49.70059
G1 X272.813 Y564.377 E1780.10741
G1 X272.813 Y575.89 E49.70059
;WIPE_START
G1 F600
G1 X272.813 Y565.89 E-30
;WIPE_END
G1 Z24.5 F15000
G1 X413.08 Y272.813 Z24.5
G1 Z23.5
G1 E40 F9000
G1 F2779.614
G1 X401.568 Y272.813 E49.70059
G1 X272.813 Y401.568 E786.09564
G1 X272.813 Y413.08 E49.70059
; stop printing object Cube id:0 copy 0
;LAYER_CHANGE
;Z:25
;HEIGHT:1.5
;BEFORE_LAYER_CHANGE
;25
G92 E0

EXCLUDE_OBJECT_END NAME=Cube_id_0_copy_0
;AFTER_LAYER_CHANGE
;25
;_SET_FAN_SPEED_CHANGING_LAYER
; printing object Cube id:0 copy 0
;WIPE_START
G1 F600
G1 X272.813 Y403.08 E-30
;WIPE_END
EXCLUDE_OBJECT_START NAME=Cube_id_0_copy_0
G1 Z26 F15000
G1 X270.366 Y270.366 Z26
G1 Z25
G1 E40 F9000
;TYPE:Outer wall
;WIDTH:3.2
G1 F2779.615
G1 X729.634 Y270.366 E1982.72102
G1 F2760
G1 X729.634 Y729.634 E1982.72107
G1 X270.366 Y729.634 E1982.72102
G1 X270.366 Y270.666 E1981.42588
;WIPE_START
G1 F600
M73 P11 R794
G1 X280.366 Y270.66 E-30
;WIPE_END
G1 Z26 F15000
G1 X272.813 Y413.08 Z26
G1 Z25
G1 E40 F9000
;TYPE:Sparse infill
;WIDTH:3.2
G1 F2779.614
G1 X272.813 Y401.568 E49.70059
G1 X401.568 Y272.813 E786.09564
G1 X413.08 Y272.813 E49.70059
;WIPE_START
G1 F600
G1 X403.08 Y272.813 E-30
;WIPE_END
G1 Z26 F15000
G1 X272.813 Y575.89 Z26
G1 Z25
G1 E40 F9000
G1 F2779.614
G1 X272.813 Y564.377 E49.70059
G1 X564.378 Y272.813 E1780.10741
G1 X575.89 Y272.813 E49.70059
;WIPE_START
G1 F600
G1 X565.89 Y272.813 E-30
;WIPE_END
G1 Z26 F15000
G1 X727.187 Y413.08 Z26
G1 Z25
G1 E40 F9000
G1 F2779.614
G1 X727.187 Y401.568 E49.70059
G1 X598.432 Y272.813 E786.09564
G1 X586.92 Y272.813 E49.70059
;WIPE_START
G1 F600
G1 X596.92 Y272.813 E-30
;WIPE_END
G1 Z26 F15000
G1 X727.187 Y575.89 Z26
G1 Z25
G1 E40 F9000
G1 F2779.614
G1 X727.187 Y564.378 E49.70059
G1 X435.622 Y272.813 E1780.10742
G1 X424.11 Y272.813 E49.70059
;WIPE_START
G1 F600
G1 X434.11 Y272.813 E-30
;WIPE_END
G1 Z26 F15000
G1 X424.11 Y727.187 Z26
G1 Z25
G1 E40 F9000
G1 F2779.614
G1 X435.622 Y727.187 E49.70059
G1 X727.187 Y435.623 E1780.10743
G1 X727.187 Y424.11 E49.70059
;WIPE_START
G1 F600
G1 X727.187 Y434.11 E-30
;WIPE_END
G1 Z26 F15000
M73 P11 R793
G1 X715.675 Y727.187 Z26
G1 Z25
G1 E40 F9000
G1 F2779.614
G1 X727.187 Y727.187 E49.70059
G1 X272.813 Y272.813 E2774.11918
G1 X284.325 Y272.813 E49.70059
;WIPE_START
G1 F600
G1 X274.325 Y272.813 E-30
;WIPE_END
G1 Z26 F15000
G1 X284.325 Y727.187 Z26
G1 Z25
G1 E40 F9000
G1 F2779.614
G1 X272.813 Y727.187 E49.70025
G1 X727.187 Y272.813 E2774.11872
G1 X715.675 Y272.813 E49.70027
;WIPE_START
G1 F600
G1 X725.675 Y272.813 E-30
;WIPE_END
G1 Z26 F15000
G1 X586.92 Y727.187 Z26
G1 Z25
G1 E40 F9000
G1 F2779.614
G1 X598.432 Y727.187 E49.70059
G1 X727.187 Y598.432 E786.09565
G1 X727.187 Y586.92 E49.70059
;WIPE_START
G1 F600
G1 X727.187 Y596.92 E-30
;WIPE_END
G1 Z26 F15000
G1 X575.89 Y727.187 Z26
G1 Z25
G1 E40 F9000
G1 F2779.614
G1 X564.378 Y727.187 E49.70059
G1 X272.813 Y435.622 E1780.10742
G1 X272.813 Y424.11 E49.70059
;WIPE_START
G1 F600
G1 X272.813 Y434.11 E-30
;WIPE_END
G1 Z26 F15000
G1 X413.08 Y727.187 Z26
G1 Z25
G1 E40 F9000
G1 F2779.614
G1 X401.568 Y727.187 E49.70059
G1 X272.813 Y598.432 E786.09565
M73 P11 R792
G1 X272.813 Y586.92 E49.70059
; stop printing object Cube id:0 copy 0
;LAYER_CHANGE
;Z:26.5
;HEIGHT:1.5
;BEFORE_LAYER_CHANGE
;26.5
G92 E0

EXCLUDE_OBJECT_END NAME=Cube_id_0_copy_0
;AFTER_LAYER_CHANGE
;26.5
;_SET_FAN_SPEED_CHANGING_LAYER
; printing object Cube id:0 copy 0
;WIPE_START
G1 F600
G1 X272.813 Y596.92 E-30
;WIPE_END
EXCLUDE_OBJECT_START NAME=Cube_id_0_copy_0
G1 Z27.5 F15000
G1 X270.366 Y729.634 Z27.5
G1 Z26.5
G1 E40 F9000
;TYPE:Outer wall
;WIDTH:3.2
G1 F2779.615
G1 X270.366 Y270.366 E1982.72102
G1 F2760
G1 X729.634 Y270.366 E1982.72107
G1 X729.634 Y729.634 E1982.72102
G1 X270.666 Y729.634 E1981.42588
;WIPE_START
G1 F600
G1 X270.66 Y719.634 E-30
;WIPE_END
G1 Z27.5 F15000
G1 X272.813 Y586.92 Z27.5
G1 Z26.5
G1 E40 F9000
;TYPE:Sparse infill
;WIDTH:3.2
G1 F2779.614
G1 X272.813 Y598.432 E49.70059
G1 X401.568 Y727.187 E786.09565
G1 X413.08 Y727.187 E49.70059
;WIPE_START
G1 F600
G1 X403.08 Y727.187 E-30
;WIPE_END
G1 Z27.5 F15000
G1 X272.813 Y424.11 Z27.5
G1 Z26.5
G1 E40 F9000
G1 F2779.614
G1 X272.813 Y435.622 E49.70059
G1 X564.378 Y727.187 E1780.10742
G1 X575.89 Y727.187 E49.70059
M73 P11 R791
;WIPE_START
G1 F600
G1 X565.89 Y727.187 E-30
;WIPE_END
G1 Z27.5 F15000
G1 X727.187 Y586.92 Z27.5
G1 Z26.5
G1 E40 F9000
G1 F2779.614
G1 X727.187 Y598.432 E49.70059
G1 X598.432 Y727.187 E786.09565
G1 X586.92 Y727.187 E49.70059
;WIPE_START
G1 F600
G1 X596.92 Y727.187 E-30
;WIPE_END
G1 Z27.5 F15000
G1 X727.187 Y424.11 Z27.5
G1 Z26.5
G1 E40 F9000
G1 F2779.614
G1 X727.187 Y435.623 E49.70059
G1 X435.622 Y727.187 E1780.10743
G1 X424.11 Y727.187 E49.70059
;WIPE_START
G1 F600
G1 X434.11 Y727.187 E-30
;WIPE_END
G1 Z27.5 F15000
G1 X424.11 Y272.813 Z27.5
G1 Z26.5
G1 E40 F9000
G1 F2779.614
G1 X435.622 Y272.813 E49.70059
G1 X727.187 Y564.378 E1780.10742
G1 X727.187 Y575.89 E49.70059
;WIPE_START
G1 F600
G1 X727.187 Y565.89 E-30
;WIPE_END
G1 Z27.5 F15000
G1 X715.675 Y272.813 Z27.5
G1 Z26.5
G1 E40 F9000
G1 F2779.614
G1 X727.187 Y272.813 E49.70027
G1 X272.813 Y727.187 E2774.11872
G1 X284.325 Y727.187 E49.70025
;WIPE_START
G1 F600
M73 P11 R790
G1 X274.325 Y727.187 E-30
;WIPE_END
G1 Z27.5 F15000
G1 X284.325 Y272.813 Z27.5
G1 Z26.5
G1 E40 F9000
G1 F2779.614
G1 X272.813 Y272.813 E49.70059
G1 X727.187 Y727.187 E2774.11918
G1 X715.675 Y727.187 E49.70059
;WIPE_START
G1 F600
G1 X725.675 Y727.187 E-30
;WIPE_END
G1 Z27.5 F15000
G1 X586.92 Y272.813 Z27.5
G1 Z26.5
G1 E40 F9000
G1 F2779.614
G1 X598.432 Y272.813 E49.70059
G1 X727.187 Y401.568 E786.09564
G1 X727.187 Y413.08 E49.70059
M73 P12 R790
;WIPE_START
G1 F600
G1 X727.187 Y403.08 E-30
;WIPE_END
G1 Z27.5 F15000
G1 X575.89 Y272.813 Z27.5
G1 Z26.5
G1 E40 F9000
G1 F2779.614
G1 X564.378 Y272.813 E49.70059
G1 X272.813 Y564.377 E1780.10741
G1 X272.813 Y575.89 E49.70059
;WIPE_START
G1 F600
G1 X272.813 Y565.89 E-30
;WIPE_END
G1 Z27.5 F15000
G1 X413.08 Y272.813 Z27.5
G1 Z26.5
G1 E40 F9000
G1 F2779.614
G1 X401.568 Y272.813 E49.70059
G1 X272.813 Y401.568 E786.09564
G1 X272.813 Y413.08 E49.70059
; stop printing object Cube id:0 copy 0
;LAYER_CHANGE
;Z:28
;HEIGHT:1.5
;BEFORE_LAYER_CHANGE
;28
G92 E0

EXCLUDE_OBJECT_END NAME=Cube_id_0_copy_0
;AFTER_LAYER_CHANGE
;28
;_SET_FAN_SPEED_CHANGING_LAYER
; printing object Cube id:0 copy 0
;WIPE_START
G1 F600
G1 X272.813 Y403.08 E-30
;WIPE_END
EXCLUDE_OBJECT_START NAME=Cube_id_0_copy_0
G1 Z29 F15000
G1 X270.366 Y270.366 Z29
G1 Z28
G1 E40 F9000
;TYPE:Outer wall
;WIDTH:3.2
G1 F2779.615
G1 X729.634 Y270.366 E1982.72102
G1 F2760
M73 P12 R789
G1 X729.634 Y729.634 E1982.72107
G1 X270.366 Y729.634 E1982.72102
G1 X270.366 Y270.666 E1981.42588
;WIPE_START
G1 F600
G1 X280.366 Y270.66 E-30
;WIPE_END
G1 Z29 F15000
G1 X272.813 Y413.08 Z29
G1 Z28
G1 E40 F9000
;TYPE:Sparse infill
;WIDTH:3.2
G1 F2779.614
G1 X272.813 Y401.568 E49.70059
G1 X401.568 Y272.813 E786.09564
G1 X413.08 Y272.813 E49.70059
;WIPE_START
G1 F600
G1 X403.08 Y272.813 E-30
;WIPE_END
G1 Z29 F15000
G1 X272.813 Y575.89 Z29
G1 Z28
G1 E40 F9000
G1 F2779.614
G1 X272.813 Y564.377 E49.70059
G1 X564.378 Y272.813 E1780.10741
G1 X575.89 Y272.813 E49.70059
;WIPE_START
G1 F600
G1 X565.89 Y272.813 E-30
;WIPE_END
G1 Z29 F15000
G1 X727.187 Y413.08 Z29
G1 Z28
G1 E40 F9000
G1 F2779.614
G1 X727.187 Y401.568 E49.70059
G1 X598.432 Y272.813 E786.09564
G1 X586.92 Y272.813 E49.70059
;WIPE_START
G1 F600
G1 X596.92 Y272.813 E-30
;WIPE_END
G1 Z29 F15000
G1 X727.187 Y575.89 Z29
G1 Z28
M73 P12 R788
G1 E40 F9000
G1 F2779.614
G1 X727.187 Y564.378 E49.70059
G1 X435.622 Y272.813 E1780.10742
G1 X424.11 Y272.813 E49.70059
;WIPE_START
G1 F600
G1 X434.11 Y272.813 E-30
;WIPE_END
G1 Z29 F15000
G1 X424.11 Y727.187 Z29
G1 Z28
G1 E40 F9000
G1 F2779.614
G1 X435.622 Y727.187 E49.70059
G1 X727.187 Y435.623 E1780.10743
G1 X727.187 Y424.11 E49.70059
;WIPE_START
G1 F600
G1 X727.187 Y434.11 E-30
;WIPE_END
G1 Z29 F15000
G1 X715.675 Y727.187 Z29
G1 Z28
G1 E40 F9000
G1 F2779.614
G1 X727.187 Y727.187 E49.70059
G1 X272.813 Y272.813 E2774.11918
G1 X284.325 Y272.813 E49.70059
;WIPE_START
G1 F600
G1 X274.325 Y272.813 E-30
;WIPE_END
G1 Z29 F15000
G1 X284.325 Y727.187 Z29
G1 Z28
G1 E40 F9000
G1 F2779.614
G1 X272.813 Y727.187 E49.70025
G1 X727.187 Y272.813 E2774.11872
G1 X715.675 Y272.813 E49.70027
M73 P12 R787
;WIPE_START
G1 F600
G1 X725.675 Y272.813 E-30
;WIPE_END
G1 Z29 F15000
G1 X586.92 Y727.187 Z29
G1 Z28
G1 E40 F9000
G1 F2779.614
G1 X598.432 Y727.187 E49.70059
G1 X727.187 Y598.432 E786.09565
G1 X727.187 Y586.92 E49.70059
;WIPE_START
G1 F600
G1 X727.187 Y596.92 E-30
;WIPE_END
G1 Z29 F15000
G1 X575.89 Y727.187 Z29
G1 Z28
G1 E40 F9000
G1 F2779.614
G1 X564.378 Y727.187 E49.70059
G1 X272.813 Y435.622 E1780.10742
G1 X272.813 Y424.11 E49.70059
;WIPE_START
G1 F600
G1 X272.813 Y434.11 E-30
;WIPE_END
G1 Z29 F15000
G1 X413.08 Y727.187 Z29
G1 Z28
G1 E40 F9000
G1 F2779.614
G1 X401.568 Y727.187 E49.70059
G1 X272.813 Y598.432 E786.09565
G1 X272.813 Y586.92 E49.70059
; stop printing object Cube id:0 copy 0
;LAYER_CHANGE
;Z:29.5
;HEIGHT:1.5
;BEFORE_LAYER_CHANGE
;29.5
G92 E0

EXCLUDE_OBJECT_END NAME=Cube_id_0_copy_0
;AFTER_LAYER_CHANGE
;29.5
;_SET_FAN_SPEED_CHANGING_LAYER
; printing object Cube id:0 copy 0
;WIPE_START
G1 F600
G1 X272.813 Y596.92 E-30
;WIPE_END
EXCLUDE_OBJECT_START NAME=Cube_id_0_copy_0
G1 Z30.5 F15000
G1 X270.366 Y729.634 Z30.5
G1 Z29.5
G1 E40 F9000
;TYPE:Outer wall
;WIDTH:3.2
G1 F2779.615
G1 X270.366 Y270.366 E1982.72102
G1 F2760
G1 X729.634 Y270.366 E1982.72107
G1 X729.634 Y729.634 E1982.72102
G1 X270.666 Y729.634 E1981.42588
M73 P12 R786
;WIPE_START
G1 F600
G1 X270.66 Y719.634 E-30
;WIPE_END
G1 Z30.5 F15000
G1 X272.813 Y586.92 Z30.5
G1 Z29.5
G1 E40 F9000
;TYPE:Sparse infill
;WIDTH:3.2
G1 F2779.614
G1 X272.813 Y598.432 E49.70059
G1 X401.568 Y727.187 E786.09565
G1 X413.08 Y727.187 E49.70059
;WIPE_START
G1 F600
G1 X403.08 Y727.187 E-30
;WIPE_END
G1 Z30.5 F15000
G1 X272.813 Y424.11 Z30.5
G1 Z29.5
G1 E40 F9000
G1 F2779.614
G1 X272.813 Y435.622 E49.70059
G1 X564.378 Y727.187 E1780.10742
G1 X575.89 Y727.187 E49.70059
;WIPE_START
G1 F600
G1 X565.89 Y727.187 E-30
;WIPE_END
G1 Z30.5 F15000
G1 X727.187 Y586.92 Z30.5
G1 Z29.5
G1 E40 F9000
G1 F2779.614
G1 X727.187 Y598.432 E49.70059
G1 X598.432 Y727.187 E786.09565
G1 X586.92 Y727.187 E49.70059
;WIPE_START
G1 F600
G1 X596.92 Y727.187 E-30
;WIPE_END
G1 Z30.5 F15000
G1 X727.187 Y424.11 Z30.5
G1 Z29.5
G1 E40 F9000
G1 F2779.614
G1 X727.187 Y435.623 E49.70059
G1 X435.622 Y727.187 E1780.10743
G1 X424.11 Y727.187 E49.70059
;WIPE_START
G1 F600
G1 X434.11 Y727.187 E-30
;WIPE_END
G1 Z30.5 F15000
G1 X424.11 Y272.813 Z30.5
G1 Z29.5
G1 E40 F9000
G1 F2779.614
G1 X435.622 Y272.813 E49.70059
G1 X727.187 Y564.378 E1780.10742
G1 X727.187 Y575.89 E49.70059
M73 P12 R785
;WIPE_START
G1 F600
G1 X727.187 Y565.89 E-30
;WIPE_END
G1 Z30.5 F15000
G1 X715.675 Y272.813 Z30.5
G1 Z29.5
G1 E40 F9000
G1 F2779.614
G1 X727.187 Y272.813 E49.70027
G1 X272.813 Y727.187 E2774.11872
G1 X284.325 Y727.187 E49.70025
;WIPE_START
G1 F600
G1 X274.325 Y727.187 E-30
;WIPE_END
G1 Z30.5 F15000
G1 X284.325 Y272.813 Z30.5
G1 Z29.5
G1 E40 F9000
G1 F2779.614
G1 X272.813 Y272.813 E49.70059
G1 X727.187 Y727.187 E2774.11918
G1 X715.675 Y727.187 E49.70059
;WIPE_START
G1 F600
G1 X725.675 Y727.187 E-30
;WIPE_END
G1 Z30.5 F15000
G1 X586.92 Y272.813 Z30.5
G1 Z29.5
G1 E40 F9000
G1 F2779.614
G1 X598.432 Y272.813 E49.70059
G1 X727.187 Y401.568 E786.09564
G1 X727.187 Y413.08 E49.70059
;WIPE_START
G1 F600
G1 X727.187 Y403.08 E-30
;WIPE_END
G1 Z30.5 F15000
G1 X575.89 Y272.813 Z30.5
G1 Z29.5
G1 E40 F9000
G1 F2779.614
G1 X564.378 Y272.813 E49.70059
G1 X272.813 Y564.377 E1780.10741
G1 X272.813 Y575.89 E49.70059
M73 P12 R784
;WIPE_START
G1 F600
G1 X272.813 Y565.89 E-30
;WIPE_END
G1 Z30.5 F15000
G1 X413.08 Y272.813 Z30.5
G1 Z29.5
G1 E40 F9000
G1 F2779.614
G1 X401.568 Y272.813 E49.70059
G1 X272.813 Y401.568 E786.09564
G1 X272.813 Y413.08 E49.70059
; stop printing object Cube id:0 copy 0
;LAYER_CHANGE
;Z:31
;HEIGHT:1.5
;BEFORE_LAYER_CHANGE
;31
G92 E0

EXCLUDE_OBJECT_END NAME=Cube_id_0_copy_0
;AFTER_LAYER_CHANGE
;31
;_SET_FAN_SPEED_CHANGING_LAYER
; printing object Cube id:0 copy 0
;WIPE_START
G1 F600
G1 X272.813 Y403.08 E-30
;WIPE_END
EXCLUDE_OBJECT_START NAME=Cube_id_0_copy_0
G1 Z32 F15000
G1 X270.366 Y270.366 Z32
G1 Z31
G1 E40 F9000
;TYPE:Outer wall
;WIDTH:3.2
G1 F2779.615
G1 X729.634 Y270.366 E1982.72102
G1 F2760
G1 X729.634 Y729.634 E1982.72107
G1 X270.366 Y729.634 E1982.72102
G1 X270.366 Y270.666 E1981.42588
;WIPE_START
G1 F600
G1 X280.366 Y270.66 E-30
;WIPE_END
G1 Z32 F15000
G1 X272.813 Y413.08 Z32
G1 Z31
G1 E40 F9000
;TYPE:Sparse infill
;WIDTH:3.2
G1 F2779.614
G1 X272.813 Y401.568 E49.70059
G1 X401.568 Y272.813 E786.09564
G1 X413.08 Y272.813 E49.70059
M73 P12 R783
;WIPE_START
G1 F600
G1 X403.08 Y272.813 E-30
;WIPE_END
G1 Z32 F15000
G1 X272.813 Y575.89 Z32
G1 Z31
G1 E40 F9000
G1 F2779.614
G1 X272.813 Y564.377 E49.70059
G1 X564.378 Y272.813 E1780.10741
G1 X575.89 Y272.813 E49.70059
;WIPE_START
G1 F600
G1 X565.89 Y272.813 E-30
;WIPE_END
G1 Z32 F15000
G1 X727.187 Y413.08 Z32
G1 Z31
G1 E40 F9000
G1 F2779.614
G1 X727.187 Y401.568 E49.70059
G1 X598.432 Y272.813 E786.09564
G1 X586.92 Y272.813 E49.70059
;WIPE_START
G1 F600
G1 X596.92 Y272.813 E-30
;WIPE_END
G1 Z32 F15000
G1 X727.187 Y575.89 Z32
G1 Z31
G1 E40 F9000
G1 F2779.614
G1 X727.187 Y564.378 E49.70059
G1 X435.622 Y272.813 E1780.10742
G1 X424.11 Y272.813 E49.70059
;WIPE_START
G1 F600
G1 X434.11 Y272.813 E-30
;WIPE_END
G1 Z32 F15000
G1 X424.11 Y727.187 Z32
G1 Z31
G1 E40 F9000
G1 F2779.614
G1 X435.622 Y727.187 E49.70059
G1 X727.187 Y435.623 E1780.10743
G1 X727.187 Y424.11 E49.70059
;WIPE_START
G1 F600
G1 X727.187 Y434.11 E-30
;WIPE_END
G1 Z32 F15000
G1 X715.675 Y727.187 Z32
G1 Z31
G1 E40 F9000
G1 F2779.614
G1 X727.187 Y727.187 E49.70059
G1 X272.813 Y272.813 E2774.11918
G1 X284.325 Y272.813 E49.70059
M73 P12 R782
;WIPE_START
G1 F600
G1 X274.325 Y272.813 E-30
;WIPE_END
G1 Z32 F15000
G1 X284.325 Y727.187 Z32
G1 Z31
G1 E40 F9000
G1 F2779.614
G1 X272.813 Y727.187 E49.70025
G1 X727.187 Y272.813 E2774.11872
G1 X715.675 Y272.813 E49.70027
;WIPE_START
G1 F600
G1 X725.675 Y272.813 E-30
;WIPE_END
G1 Z32 F15000
G1 X586.92 Y727.187 Z32
G1 Z31
G1 E40 F9000
G1 F2779.614
G1 X598.432 Y727.187 E49.70059
G1 X727.187 Y598.432 E786.09565
G1 X727.187 Y586.92 E49.70059
;WIPE_START
G1 F600
G1 X727.187 Y596.92 E-30
;WIPE_END
G1 Z32 F15000
G1 X575.89 Y727.187 Z32
G1 Z31
G1 E40 F9000
G1 F2779.614
G1 X564.378 Y727.187 E49.70059
G1 X272.813 Y435.622 E1780.10742
G1 X272.813 Y424.11 E49.70059
;WIPE_START
G1 F600
G1 X272.813 Y434.11 E-30
;WIPE_END
G1 Z32 F15000
G1 X413.08 Y727.187 Z32
G1 Z31
G1 E40 F9000
G1 F2779.614
G1 X401.568 Y727.187 E49.70059
G1 X272.813 Y598.432 E786.09565
G1 X272.813 Y586.92 E49.70059
; stop printing object Cube id:0 copy 0
;LAYER_CHANGE
;Z:32.5
;HEIGHT:1.5
;BEFORE_LAYER_CHANGE
;32.5
G92 E0

EXCLUDE_OBJECT_END NAME=Cube_id_0_copy_0
;AFTER_LAYER_CHANGE
;32.5
;_SET_FAN_SPEED_CHANGING_LAYER
; printing object Cube id:0 copy 0
;WIPE_START
G1 F600
G1 X272.813 Y596.92 E-30
;WIPE_END
EXCLUDE_OBJECT_START NAME=Cube_id_0_copy_0
G1 Z33.5 F15000
G1 X270.366 Y729.634 Z33.5
G1 Z32.5
G1 E40 F9000
;TYPE:Outer wall
;WIDTH:3.2
G1 F2779.615
G1 X270.366 Y270.366 E1982.72102
G1 F2760
M73 P12 R781
G1 X729.634 Y270.366 E1982.72107
G1 X729.634 Y729.634 E1982.72102
G1 X270.666 Y729.634 E1981.42588
M73 P13 R781
;WIPE_START
G1 F600
G1 X270.66 Y719.634 E-30
;WIPE_END
G1 Z33.5 F15000
G1 X272.813 Y586.92 Z33.5
G1 Z32.5
G1 E40 F9000
;TYPE:Sparse infill
;WIDTH:3.2
G1 F2779.614
G1 X272.813 Y598.432 E49.70059
G1 X401.568 Y727.187 E786.09565
G1 X413.08 Y727.187 E49.70059
;WIPE_START
G1 F600
G1 X403.08 Y727.187 E-30
;WIPE_END
G1 Z33.5 F15000
G1 X272.813 Y424.11 Z33.5
G1 Z32.5
G1 E40 F9000
G1 F2779.614
G1 X272.813 Y435.622 E49.70059
G1 X564.378 Y727.187 E1780.10742
G1 X575.89 Y727.187 E49.70059
;WIPE_START
G1 F600
G1 X565.89 Y727.187 E-30
;WIPE_END
G1 Z33.5 F15000
M73 P13 R780
G1 X727.187 Y586.92 Z33.5
G1 Z32.5
G1 E40 F9000
G1 F2779.614
G1 X727.187 Y598.432 E49.70059
G1 X598.432 Y727.187 E786.09565
G1 X586.92 Y727.187 E49.70059
;WIPE_START
G1 F600
G1 X596.92 Y727.187 E-30
;WIPE_END
G1 Z33.5 F15000
G1 X727.187 Y424.11 Z33.5
G1 Z32.5
G1 E40 F9000
G1 F2779.614
G1 X727.187 Y435.623 E49.70059
G1 X435.622 Y727.187 E1780.10743
G1 X424.11 Y727.187 E49.70059
;WIPE_START
G1 F600
G1 X434.11 Y727.187 E-30
;WIPE_END
G1 Z33.5 F15000
G1 X424.11 Y272.813 Z33.5
G1 Z32.5
G1 E40 F9000
G1 F2779.614
G1 X435.622 Y272.813 E49.70059
G1 X727.187 Y564.378 E1780.10742
G1 X727.187 Y575.89 E49.70059
;WIPE_START
G1 F600
G1 X727.187 Y565.89 E-30
;WIPE_END
G1 Z33.5 F15000
G1 X715.675 Y272.813 Z33.5
G1 Z32.5
G1 E40 F9000
G1 F2779.614
G1 X727.187 Y272.813 E49.70027
G1 X272.813 Y727.187 E2774.11872
G1 X284.325 Y727.187 E49.70025
;WIPE_START
G1 F600
G1 X274.325 Y727.187 E-30
;WIPE_END
G1 Z33.5 F15000
G1 X284.325 Y272.813 Z33.5
G1 Z32.5
G1 E40 F9000
G1 F2779.614
G1 X272.813 Y272.813 E49.70059
G1 X727.187 Y727.187 E2774.11918
G1 X715.675 Y727.187 E49.70059
M73 P13 R779
;WIPE_START
G1 F600
G1 X725.675 Y727.187 E-30
;WIPE_END
G1 Z33.5 F15000
G1 X586.92 Y272.813 Z33.5
G1 Z32.5
G1 E40 F9000
G1 F2779.614
G1 X598.432 Y272.813 E49.70059
G1 X727.187 Y401.568 E786.09564
G1 X727.187 Y413.08 E49.70059
;WIPE_START
G1 F600
G1 X727.187 Y403.08 E-30
;WIPE_END
G1 Z33.5 F15000
G1 X575.89 Y272.813 Z33.5
G1 Z32.5
G1 E40 F9000
G1 F2779.614
G1 X564.378 Y272.813 E49.70059
G1 X272.813 Y564.377 E1780.10741
G1 X272.813 Y575.89 E49.70059
;WIPE_START
G1 F600
G1 X272.813 Y565.89 E-30
;WIPE_END
G1 Z33.5 F15000
G1 X413.08 Y272.813 Z33.5
G1 Z32.5
G1 E40 F9000
G1 F2779.614
G1 X401.568 Y272.813 E49.70059
G1 X272.813 Y401.568 E786.09564
G1 X272.813 Y413.08 E49.70059
; stop printing object Cube id:0 copy 0
;LAYER_CHANGE
;Z:34
;HEIGHT:1.5
;BEFORE_LAYER_CHANGE
;34
G92 E0

EXCLUDE_OBJECT_END NAME=Cube_id_0_copy_0
;AFTER_LAYER_CHANGE
;34
;_SET_FAN_SPEED_CHANGING_LAYER
; printing object Cube id:0 copy 0
;WIPE_START
G1 F600
G1 X272.813 Y403.08 E-30
;WIPE_END
EXCLUDE_OBJECT_START NAME=Cube_id_0_copy_0
G1 Z35 F15000
G1 X270.366 Y270.366 Z35
G1 Z34
G1 E40 F9000
;TYPE:Outer wall
;WIDTH:3.2
G1 F2779.615
G1 X729.634 Y270.366 E1982.72102
G1 F2760
G1 X729.634 Y729.634 E1982.72107
G1 X270.366 Y729.634 E1982.72102
M73 P13 R778
G1 X270.366 Y270.666 E1981.42588
;WIPE_START
G1 F600
G1 X280.366 Y270.66 E-30
;WIPE_END
G1 Z35 F15000
G1 X272.813 Y413.08 Z35
G1 Z34
G1 E40 F9000
;TYPE:Sparse infill
;WIDTH:3.2
G1 F2779.614
G1 X272.813 Y401.568 E49.70059
G1 X401.568 Y272.813 E786.09564
G1 X413.08 Y272.813 E49.70059
;WIPE_START
G1 F600
G1 X403.08 Y272.813 E-30
;WIPE_END
G1 Z35 F15000
G1 X272.813 Y575.89 Z35
G1 Z34
G1 E40 F9000
G1 F2779.614
G1 X272.813 Y564.377 E49.70059
G1 X564.378 Y272.813 E1780.10741
G1 X575.89 Y272.813 E49.70059
;WIPE_START
G1 F600
G1 X565.89 Y272.813 E-30
;WIPE_END
G1 Z35 F15000
G1 X727.187 Y413.08 Z35
G1 Z34
G1 E40 F9000
G1 F2779.614
G1 X727.187 Y401.568 E49.70059
G1 X598.432 Y272.813 E786.09564
G1 X586.92 Y272.813 E49.70059
;WIPE_START
G1 F600
G1 X596.92 Y272.813 E-30
;WIPE_END
G1 Z35 F15000
G1 X727.187 Y575.89 Z35
G1 Z34
G1 E40 F9000
G1 F2779.614
G1 X727.187 Y564.378 E49.70059
G1 X435.622 Y272.813 E1780.10742
G1 X424.11 Y272.813 E49.70059
M73 P13 R777
;WIPE_START
G1 F600
G1 X434.11 Y272.813 E-30
;WIPE_END
G1 Z35 F15000
G1 X424.11 Y727.187 Z35
G1 Z34
G1 E40 F9000
G1 F2779.614
G1 X435.622 Y727.187 E49.70059
G1 X727.187 Y435.623 E1780.10743
G1 X727.187 Y424.11 E49.70059
;WIPE_START
G1 F600
G1 X727.187 Y434.11 E-30
;WIPE_END
G1 Z35 F15000
G1 X715.675 Y727.187 Z35
G1 Z34
G1 E40 F9000
G1 F2779.614
G1 X727.187 Y727.187 E49.70059
G1 X272.813 Y272.813 E2774.11918
G1 X284.325 Y272.813 E49.70059
;WIPE_START
G1 F600
G1 X274.325 Y272.813 E-30
;WIPE_END
G1 Z35 F15000
G1 X284.325 Y727.187 Z35
G1 Z34
G1 E40 F9000
G1 F2779.614
G1 X272.813 Y727.187 E49.70025
G1 X727.187 Y272.813 E2774.11872
G1 X715.675 Y272.813 E49.70027
;WIPE_START
G1 F600
G1 X725.675 Y272.813 E-30
;WIPE_END
G1 Z35 F15000
G1 X586.92 Y727.187 Z35
G1 Z34
G1 E40 F9000
G1 F2779.614
G1 X598.432 Y727.187 E49.70059
G1 X727.187 Y598.432 E786.09565
G1 X727.187 Y586.92 E49.70059
M73 P13 R776
;WIPE_START
G1 F600
G1 X727.187 Y596.92 E-30
;WIPE_END
G1 Z35 F15000
G1 X575.89 Y727.187 Z35
G1 Z34
G1 E40 F9000
G1 F2779.614
G1 X564.378 Y727.187 E49.70059
G1 X272.813 Y435.622 E1780.10742
G1 X272.813 Y424.11 E49.70059
;WIPE_START
G1 F600
G1 X272.813 Y434.11 E-30
;WIPE_END
G1 Z35 F15000
G1 X413.08 Y727.187 Z35
G1 Z34
G1 E40 F9000
G1 F2779.614
G1 X401.568 Y727.187 E49.70059
G1 X272.813 Y598.432 E786.09565
G1 X272.813 Y586.92 E49.70059
; stop printing object Cube id:0 copy 0
;LAYER_CHANGE
;Z:35.5
;HEIGHT:1.5
;BEFORE_LAYER_CHANGE
;35.5
G92 E0

EXCLUDE_OBJECT_END NAME=Cube_id_0_copy_0
;AFTER_LAYER_CHANGE
;35.5
;_SET_FAN_SPEED_CHANGING_LAYER
; printing object Cube id:0 copy 0
;WIPE_START
G1 F600
G1 X272.813 Y596.92 E-30
;WIPE_END
EXCLUDE_OBJECT_START NAME=Cube_id_0_copy_0
G1 Z36.5 F15000
G1 X270.366 Y729.634 Z36.5
G1 Z35.5
G1 E40 F9000
;TYPE:Outer wall
;WIDTH:3.2
G1 F2779.615
G1 X270.366 Y270.366 E1982.72102
G1 F2760
G1 X729.634 Y270.366 E1982.72107
G1 X729.634 Y729.634 E1982.72102
G1 X270.666 Y729.634 E1981.42588
;WIPE_START
G1 F600
M73 P13 R775
G1 X270.66 Y719.634 E-30
;WIPE_END
G1 Z36.5 F15000
G1 X272.813 Y586.92 Z36.5
G1 Z35.5
G1 E40 F9000
;TYPE:Sparse infill
;WIDTH:3.2
G1 F2779.614
G1 X272.813 Y598.432 E49.70059
G1 X401.568 Y727.187 E786.09565
G1 X413.08 Y727.187 E49.70059
;WIPE_START
G1 F600
G1 X403.08 Y727.187 E-30
;WIPE_END
G1 Z36.5 F15000
G1 X272.813 Y424.11 Z36.5
G1 Z35.5
G1 E40 F9000
G1 F2779.614
G1 X272.813 Y435.622 E49.70059
G1 X564.378 Y727.187 E1780.10742
G1 X575.89 Y727.187 E49.70059
;WIPE_START
G1 F600
G1 X565.89 Y727.187 E-30
;WIPE_END
G1 Z36.5 F15000
G1 X727.187 Y586.92 Z36.5
G1 Z35.5
G1 E40 F9000
G1 F2779.614
G1 X727.187 Y598.432 E49.70059
G1 X598.432 Y727.187 E786.09565
G1 X586.92 Y727.187 E49.70059
;WIPE_START
G1 F600
G1 X596.92 Y727.187 E-30
;WIPE_END
G1 Z36.5 F15000
G1 X727.187 Y424.11 Z36.5
G1 Z35.5
G1 E40 F9000
G1 F2779.614
G1 X727.187 Y435.623 E49.70059
G1 X435.622 Y727.187 E1780.10743
G1 X424.11 Y727.187 E49.70059
;WIPE_START
G1 F600
G1 X434.11 Y727.187 E-30
;WIPE_END
G1 Z36.5 F15000
G1 X424.11 Y272.813 Z36.5
G1 Z35.5
G1 E40 F9000
G1 F2779.614
G1 X435.622 Y272.813 E49.70059
G1 X727.187 Y564.378 E1780.10742
G1 X727.187 Y575.89 E49.70059
;WIPE_START
G1 F600
G1 X727.187 Y565.89 E-30
;WIPE_END
G1 Z36.5 F15000
M73 P13 R774
G1 X715.675 Y272.813 Z36.5
G1 Z35.5
G1 E40 F9000
G1 F2779.614
G1 X727.187 Y272.813 E49.70027
G1 X272.813 Y727.187 E2774.11872
G1 X284.325 Y727.187 E49.70025
;WIPE_START
G1 F600
G1 X274.325 Y727.187 E-30
;WIPE_END
G1 Z36.5 F15000
G1 X284.325 Y272.813 Z36.5
G1 Z35.5
G1 E40 F9000
G1 F2779.614
G1 X272.813 Y272.813 E49.70059
G1 X727.187 Y727.187 E2774.11918
G1 X715.675 Y727.187 E49.70059
;WIPE_START
G1 F600
G1 X725.675 Y727.187 E-30
;WIPE_END
G1 Z36.5 F15000
G1 X586.92 Y272.813 Z36.5
G1 Z35.5
G1 E40 F9000
G1 F2779.614
G1 X598.432 Y272.813 E49.70059
G1 X727.187 Y401.568 E786.09564
G1 X727.187 Y413.08 E49.70059
;WIPE_START
G1 F600
G1 X727.187 Y403.08 E-30
;WIPE_END
G1 Z36.5 F15000
G1 X575.89 Y272.813 Z36.5
G1 Z35.5
G1 E40 F9000
G1 F2779.614
G1 X564.378 Y272.813 E49.70059
G1 X272.813 Y564.377 E1780.10741
G1 X272.813 Y575.89 E49.70059
;WIPE_START
G1 F600
G1 X272.813 Y565.89 E-30
;WIPE_END
G1 Z36.5 F15000
G1 X413.08 Y272.813 Z36.5
G1 Z35.5
G1 E40 F9000
M73 P13 R773
G1 F2779.614
G1 X401.568 Y272.813 E49.70059
G1 X272.813 Y401.568 E786.09564
G1 X272.813 Y413.08 E49.70059
; stop printing object Cube id:0 copy 0
;LAYER_CHANGE
;Z:37
;HEIGHT:1.5
;BEFORE_LAYER_CHANGE
;37
G92 E0

EXCLUDE_OBJECT_END NAME=Cube_id_0_copy_0
;AFTER_LAYER_CHANGE
;37
;_SET_FAN_SPEED_CHANGING_LAYER
; printing object Cube id:0 copy 0
;WIPE_START
G1 F600
G1 X272.813 Y403.08 E-30
;WIPE_END
EXCLUDE_OBJECT_START NAME=Cube_id_0_copy_0
G1 Z38 F15000
G1 X270.366 Y270.366 Z38
G1 Z37
G1 E40 F9000
;TYPE:Outer wall
;WIDTH:3.2
G1 F2779.615
G1 X729.634 Y270.366 E1982.72102
G1 F2760
G1 X729.634 Y729.634 E1982.72107
G1 X270.366 Y729.634 E1982.72102
G1 X270.366 Y270.666 E1981.42588
;WIPE_START
G1 F600
G1 X280.366 Y270.66 E-30
;WIPE_END
G1 Z38 F15000
G1 X272.813 Y413.08 Z38
G1 Z37
G1 E40 F9000
;TYPE:Sparse infill
;WIDTH:3.2
G1 F2779.614
G1 X272.813 Y401.568 E49.70059
G1 X401.568 Y272.813 E786.09564
G1 X413.08 Y272.813 E49.70059
;WIPE_START
G1 F600
G1 X403.08 Y272.813 E-30
;WIPE_END
G1 Z38 F15000
G1 X272.813 Y575.89 Z38
G1 Z37
G1 E40 F9000
G1 F2779.614
G1 X272.813 Y564.377 E49.70059
G1 X564.378 Y272.813 E1780.10741
G1 X575.89 Y272.813 E49.70059
M73 P13 R772
;WIPE_START
G1 F600
G1 X565.89 Y272.813 E-30
;WIPE_END
G1 Z38 F15000
G1 X727.187 Y413.08 Z38
G1 Z37
G1 E40 F9000
G1 F2779.614
G1 X727.187 Y401.568 E49.70059
G1 X598.432 Y272.813 E786.09564
G1 X586.92 Y272.813 E49.70059
;WIPE_START
G1 F600
G1 X596.92 Y272.813 E-30
;WIPE_END
G1 Z38 F15000
G1 X727.187 Y575.89 Z38
G1 Z37
G1 E40 F9000
G1 F2779.614
G1 X727.187 Y564.378 E49.70059
G1 X435.622 Y272.813 E1780.10742
G1 X424.11 Y272.813 E49.70059
M73 P14 R772
;WIPE_START
G1 F600
G1 X434.11 Y272.813 E-30
;WIPE_END
G1 Z38 F15000
G1 X424.11 Y727.187 Z38
G1 Z37
G1 E40 F9000
G1 F2779.614
G1 X435.622 Y727.187 E49.70059
G1 X727.187 Y435.623 E1780.10743
G1 X727.187 Y424.11 E49.70059
;WIPE_START
G1 F600
G1 X727.187 Y434.11 E-30
;WIPE_END
G1 Z38 F15000
G1 X715.675 Y727.187 Z38
G1 Z37
G1 E40 F9000
G1 F2779.614
G1 X727.187 Y727.187 E49.70059
G1 X272.813 Y272.813 E2774.11918
G1 X284.325 Y272.813 E49.70059
M73 P14 R771
;WIPE_START
G1 F600
G1 X274.325 Y272.813 E-30
;WIPE_END
G1 Z38 F15000
G1 X284.325 Y727.187 Z38
G1 Z37
G1 E40 F9000
G1 F2779.614
G1 X272.813 Y727.187 E49.70025
G1 X727.187 Y272.813 E2774.11872
G1 X715.675 Y272.813 E49.70027
;WIPE_START
G1 F600
G1 X725.675 Y272.813 E-30
;WIPE_END
G1 Z38 F15000
G1 X586.92 Y727.187 Z38
G1 Z37
G1 E40 F9000
G1 F2779.614
G1 X598.432 Y727.187 E49.70059
G1 X727.187 Y598.432 E786.09565
G1 X727.187 Y586.92 E49.70059
;WIPE_START
G1 F600
G1 X727.187 Y596.92 E-30
;WIPE_END
G1 Z38 F15000
G1 X575.89 Y727.187 Z38
G1 Z37
G1 E40 F9000
G1 F2779.614
G1 X564.378 Y727.187 E49.70059
G1 X272.813 Y435.622 E1780.10742
G1 X272.813 Y424.11 E49.70059
;WIPE_START
G1 F600
G1 X272.813 Y434.11 E-30
;WIPE_END
G1 Z38 F15000
G1 X413.08 Y727.187 Z38
G1 Z37
G1 E40 F9000
G1 F2779.614
G1 X401.568 Y727.187 E49.70059
G1 X272.813 Y598.432 E786.09565
G1 X272.813 Y586.92 E49.70059
; stop printing object Cube id:0 copy 0
;LAYER_CHANGE
;Z:38.5
;HEIGHT:1.5
;BEFORE_LAYER_CHANGE
;38.5
G92 E0

EXCLUDE_OBJECT_END NAME=Cube_id_0_copy_0
;AFTER_LAYER_CHANGE
;38.5
;_SET_FAN_SPEED_CHANGING_LAYER
; printing object Cube id:0 copy 0
;WIPE_START
G1 F600
G1 X272.813 Y596.92 E-30
;WIPE_END
EXCLUDE_OBJECT_START NAME=Cube_id_0_copy_0
G1 Z39.5 F15000
G1 X270.366 Y729.634 Z39.5
G1 Z38.5
G1 E40 F9000
;TYPE:Outer wall
;WIDTH:3.2
G1 F2779.615
G1 X270.366 Y270.366 E1982.72102
G1 F2760
M73 P14 R770
G1 X729.634 Y270.366 E1982.72107
G1 X729.634 Y729.634 E1982.72102
G1 X270.666 Y729.634 E1981.42588
;WIPE_START
G1 F600
G1 X270.66 Y719.634 E-30
;WIPE_END
G1 Z39.5 F15000
G1 X272.813 Y586.92 Z39.5
G1 Z38.5
G1 E40 F9000
;TYPE:Sparse infill
;WIDTH:3.2
G1 F2779.614
G1 X272.813 Y598.432 E49.70059
G1 X401.568 Y727.187 E786.09565
G1 X413.08 Y727.187 E49.70059
;WIPE_START
G1 F600
G1 X403.08 Y727.187 E-30
;WIPE_END
G1 Z39.5 F15000
G1 X272.813 Y424.11 Z39.5
G1 Z38.5
G1 E40 F9000
G1 F2779.614
G1 X272.813 Y435.622 E49.70059
G1 X564.378 Y727.187 E1780.10742
G1 X575.89 Y727.187 E49.70059
;WIPE_START
G1 F600
G1 X565.89 Y727.187 E-30
;WIPE_END
G1 Z39.5 F15000
G1 X727.187 Y586.92 Z39.5
G1 Z38.5
G1 E40 F9000
G1 F2779.614
G1 X727.187 Y598.432 E49.70059
G1 X598.432 Y727.187 E786.09565
G1 X586.92 Y727.187 E49.70059
;WIPE_START
G1 F600
G1 X596.92 Y727.187 E-30
;WIPE_END
G1 Z39.5 F15000
M73 P14 R769
G1 X727.187 Y424.11 Z39.5
G1 Z38.5
G1 E40 F9000
G1 F2779.614
G1 X727.187 Y435.623 E49.70059
G1 X435.622 Y727.187 E1780.10743
G1 X424.11 Y727.187 E49.70059
;WIPE_START
G1 F600
G1 X434.11 Y727.187 E-30
;WIPE_END
G1 Z39.5 F15000
G1 X424.11 Y272.813 Z39.5
G1 Z38.5
G1 E40 F9000
G1 F2779.614
G1 X435.622 Y272.813 E49.70059
G1 X727.187 Y564.378 E1780.10742
G1 X727.187 Y575.89 E49.70059
;WIPE_START
G1 F600
G1 X727.187 Y565.89 E-30
;WIPE_END
G1 Z39.5 F15000
G1 X715.675 Y272.813 Z39.5
G1 Z38.5
G1 E40 F9000
G1 F2779.614
G1 X727.187 Y272.813 E49.70027
G1 X272.813 Y727.187 E2774.11872
G1 X284.325 Y727.187 E49.70025
;WIPE_START
G1 F600
G1 X274.325 Y727.187 E-30
;WIPE_END
G1 Z39.5 F15000
G1 X284.325 Y272.813 Z39.5
G1 Z38.5
G1 E40 F9000
G1 F2779.614
G1 X272.813 Y272.813 E49.70059
G1 X727.187 Y727.187 E2774.11918
G1 X715.675 Y727.187 E49.70059
M73 P14 R768
;WIPE_START
G1 F600
G1 X725.675 Y727.187 E-30
;WIPE_END
G1 Z39.5 F15000
G1 X586.92 Y272.813 Z39.5
G1 Z38.5
G1 E40 F9000
G1 F2779.614
G1 X598.432 Y272.813 E49.70059
G1 X727.187 Y401.568 E786.09564
G1 X727.187 Y413.08 E49.70059
;WIPE_START
G1 F600
G1 X727.187 Y403.08 E-30
;WIPE_END
G1 Z39.5 F15000
G1 X575.89 Y272.813 Z39.5
G1 Z38.5
G1 E40 F9000
G1 F2779.614
G1 X564.378 Y272.813 E49.70059
G1 X272.813 Y564.377 E1780.10741
G1 X272.813 Y575.89 E49.70059
;WIPE_START
G1 F600
G1 X272.813 Y565.89 E-30
;WIPE_END
G1 Z39.5 F15000
G1 X413.08 Y272.813 Z39.5
G1 Z38.5
G1 E40 F9000
G1 F2779.614
G1 X401.568 Y272.813 E49.70059
G1 X272.813 Y401.568 E786.09564
G1 X272.813 Y413.08 E49.70059
; stop printing object Cube id:0 copy 0
;LAYER_CHANGE
;Z:40
;HEIGHT:1.5
;BEFORE_LAYER_CHANGE
;40
G92 E0

EXCLUDE_OBJECT_END NAME=Cube_id_0_copy_0
;AFTER_LAYER_CHANGE
;40
;_SET_FAN_SPEED_CHANGING_LAYER
; printing object Cube id:0 copy 0
;WIPE_START
G1 F600
G1 X272.813 Y403.08 E-30
;WIPE_END
EXCLUDE_OBJECT_START NAME=Cube_id_0_copy_0
G1 Z41 F15000
G1 X270.366 Y270.366 Z41
G1 Z40
G1 E40 F9000
;TYPE:Outer wall
;WIDTH:3.2
G1 F2779.615
G1 X729.634 Y270.366 E1982.72102
G1 F2760
G1 X729.634 Y729.634 E1982.72107
G1 X270.366 Y729.634 E1982.72102
G1 X270.366 Y270.666 E1981.42588
M73 P14 R767
;WIPE_START
G1 F600
G1 X280.366 Y270.66 E-30
;WIPE_END
G1 Z41 F15000
G1 X272.813 Y413.08 Z41
G1 Z40
G1 E40 F9000
;TYPE:Sparse infill
;WIDTH:3.2
G1 F2779.614
G1 X272.813 Y401.568 E49.70059
G1 X401.568 Y272.813 E786.09564
G1 X413.08 Y272.813 E49.70059
;WIPE_START
G1 F600
G1 X403.08 Y272.813 E-30
;WIPE_END
G1 Z41 F15000
G1 X272.813 Y575.89 Z41
G1 Z40
G1 E40 F9000
G1 F2779.614
G1 X272.813 Y564.377 E49.70059
G1 X564.378 Y272.813 E1780.10741
G1 X575.89 Y272.813 E49.70059
;WIPE_START
G1 F600
G1 X565.89 Y272.813 E-30
;WIPE_END
G1 Z41 F15000
G1 X727.187 Y413.08 Z41
G1 Z40
G1 E40 F9000
G1 F2779.614
G1 X727.187 Y401.568 E49.70059
G1 X598.432 Y272.813 E786.09564
G1 X586.92 Y272.813 E49.70059
;WIPE_START
G1 F600
G1 X596.92 Y272.813 E-30
;WIPE_END
G1 Z41 F15000
G1 X727.187 Y575.89 Z41
G1 Z40
G1 E40 F9000
G1 F2779.614
G1 X727.187 Y564.378 E49.70059
G1 X435.622 Y272.813 E1780.10742
G1 X424.11 Y272.813 E49.70059
;WIPE_START
G1 F600
G1 X434.11 Y272.813 E-30
;WIPE_END
G1 Z41 F15000
G1 X424.11 Y727.187 Z41
G1 Z40
G1 E40 F9000
G1 F2779.614
G1 X435.622 Y727.187 E49.70059
G1 X727.187 Y435.623 E1780.10743
G1 X727.187 Y424.11 E49.70059
M73 P14 R766
;WIPE_START
G1 F600
G1 X727.187 Y434.11 E-30
;WIPE_END
G1 Z41 F15000
G1 X715.675 Y727.187 Z41
G1 Z40
G1 E40 F9000
G1 F2779.614
G1 X727.187 Y727.187 E49.70059
G1 X272.813 Y272.813 E2774.11918
G1 X284.325 Y272.813 E49.70059
;WIPE_START
G1 F600
G1 X274.325 Y272.813 E-30
;WIPE_END
G1 Z41 F15000
G1 X284.325 Y727.187 Z41
G1 Z40
G1 E40 F9000
G1 F2779.614
G1 X272.813 Y727.187 E49.70025
G1 X727.187 Y272.813 E2774.11872
G1 X715.675 Y272.813 E49.70027
;WIPE_START
G1 F600
G1 X725.675 Y272.813 E-30
;WIPE_END
G1 Z41 F15000
G1 X586.92 Y727.187 Z41
G1 Z40
G1 E40 F9000
G1 F2779.614
G1 X598.432 Y727.187 E49.70059
G1 X727.187 Y598.432 E786.09565
G1 X727.187 Y586.92 E49.70059
;WIPE_START
G1 F600
G1 X727.187 Y596.92 E-30
;WIPE_END
G1 Z41 F15000
G1 X575.89 Y727.187 Z41
G1 Z40
G1 E40 F9000
G1 F2779.614
G1 X564.378 Y727.187 E49.70059
G1 X272.813 Y435.622 E1780.10742
G1 X272.813 Y424.11 E49.70059
M73 P14 R765
;WIPE_START
G1 F600
G1 X272.813 Y434.11 E-30
;WIPE_END
G1 Z41 F15000
G1 X413.08 Y727.187 Z41
G1 Z40
G1 E40 F9000
G1 F2779.614
G1 X401.568 Y727.187 E49.70059
G1 X272.813 Y598.432 E786.09565
G1 X272.813 Y586.92 E49.70059
; stop printing object Cube id:0 copy 0
;LAYER_CHANGE
;Z:41.5
;HEIGHT:1.5
;BEFORE_LAYER_CHANGE
;41.5
G92 E0

EXCLUDE_OBJECT_END NAME=Cube_id_0_copy_0
;AFTER_LAYER_CHANGE
;41.5
;_SET_FAN_SPEED_CHANGING_LAYER
; printing object Cube id:0 copy 0
;WIPE_START
G1 F600
G1 X272.813 Y596.92 E-30
;WIPE_END
EXCLUDE_OBJECT_START NAME=Cube_id_0_copy_0
G1 Z42.5 F15000
G1 X270.366 Y729.634 Z42.5
G1 Z41.5
G1 E40 F9000
;TYPE:Outer wall
;WIDTH:3.2
G1 F2779.615
G1 X270.366 Y270.366 E1982.72102
G1 F2760
G1 X729.634 Y270.366 E1982.72107
G1 X729.634 Y729.634 E1982.72102
G1 X270.666 Y729.634 E1981.42588
;WIPE_START
G1 F600
G1 X270.66 Y719.634 E-30
;WIPE_END
G1 Z42.5 F15000
G1 X272.813 Y586.92 Z42.5
G1 Z41.5
G1 E40 F9000
;TYPE:Sparse infill
;WIDTH:3.2
G1 F2779.614
G1 X272.813 Y598.432 E49.70059
G1 X401.568 Y727.187 E786.09565
M73 P14 R764
G1 X413.08 Y727.187 E49.70059
;WIPE_START
G1 F600
G1 X403.08 Y727.187 E-30
;WIPE_END
G1 Z42.5 F15000
G1 X272.813 Y424.11 Z42.5
G1 Z41.5
G1 E40 F9000
G1 F2779.614
G1 X272.813 Y435.622 E49.70059
G1 X564.378 Y727.187 E1780.10742
G1 X575.89 Y727.187 E49.70059
;WIPE_START
G1 F600
G1 X565.89 Y727.187 E-30
;WIPE_END
G1 Z42.5 F15000
G1 X727.187 Y586.92 Z42.5
G1 Z41.5
G1 E40 F9000
G1 F2779.614
G1 X727.187 Y598.432 E49.70059
G1 X598.432 Y727.187 E786.09565
G1 X586.92 Y727.187 E49.70059
;WIPE_START
G1 F600
G1 X596.92 Y727.187 E-30
;WIPE_END
G1 Z42.5 F15000
G1 X727.187 Y424.11 Z42.5
G1 Z41.5
G1 E40 F9000
G1 F2779.614
G1 X727.187 Y435.623 E49.70059
G1 X435.622 Y727.187 E1780.10743
G1 X424.11 Y727.187 E49.70059
;WIPE_START
G1 F600
G1 X434.11 Y727.187 E-30
;WIPE_END
G1 Z42.5 F15000
G1 X424.11 Y272.813 Z42.5
G1 Z41.5
G1 E40 F9000
G1 F2779.614
G1 X435.622 Y272.813 E49.70059
G1 X727.187 Y564.378 E1780.10742
G1 X727.187 Y575.89 E49.70059
;WIPE_START
G1 F600
G1 X727.187 Y565.89 E-30
;WIPE_END
G1 Z42.5 F15000
G1 X715.675 Y272.813 Z42.5
G1 Z41.5
G1 E40 F9000
G1 F2779.614
G1 X727.187 Y272.813 E49.70027
G1 X272.813 Y727.187 E2774.11872
G1 X284.325 Y727.187 E49.70025
M73 P14 R763
;WIPE_START
G1 F600
G1 X274.325 Y727.187 E-30
;WIPE_END
G1 Z42.5 F15000
G1 X284.325 Y272.813 Z42.5
G1 Z41.5
G1 E40 F9000
G1 F2779.614
G1 X272.813 Y272.813 E49.70059
G1 X727.187 Y727.187 E2774.11918
G1 X715.675 Y727.187 E49.70059
M73 P15 R763
;WIPE_START
G1 F600
G1 X725.675 Y727.187 E-30
;WIPE_END
G1 Z42.5 F15000
G1 X586.92 Y272.813 Z42.5
G1 Z41.5
G1 E40 F9000
G1 F2779.614
G1 X598.432 Y272.813 E49.70059
G1 X727.187 Y401.568 E786.09564
G1 X727.187 Y413.08 E49.70059
;WIPE_START
G1 F600
G1 X727.187 Y403.08 E-30
;WIPE_END
G1 Z42.5 F15000
G1 X575.89 Y272.813 Z42.5
G1 Z41.5
G1 E40 F9000
G1 F2779.614
G1 X564.378 Y272.813 E49.70059
G1 X272.813 Y564.377 E1780.10741
G1 X272.813 Y575.89 E49.70059
;WIPE_START
G1 F600
G1 X272.813 Y565.89 E-30
;WIPE_END
G1 Z42.5 F15000
G1 X413.08 Y272.813 Z42.5
G1 Z41.5
G1 E40 F9000
G1 F2779.614
G1 X401.568 Y272.813 E49.70059
G1 X272.813 Y401.568 E786.09564
G1 X272.813 Y413.08 E49.70059
; stop printing object Cube id:0 copy 0
;LAYER_CHANGE
;Z:43
;HEIGHT:1.5
;BEFORE_LAYER_CHANGE
;43
G92 E0

EXCLUDE_OBJECT_END NAME=Cube_id_0_copy_0
;AFTER_LAYER_CHANGE
;43
;_SET_FAN_SPEED_CHANGING_LAYER
; printing object Cube id:0 copy 0
;WIPE_START
G1 F600
G1 X272.813 Y403.08 E-30
;WIPE_END
EXCLUDE_OBJECT_START NAME=Cube_id_0_copy_0
G1 Z44 F15000
G1 X270.366 Y270.366 Z44
G1 Z43
G1 E40 F9000
;TYPE:Outer wall
;WIDTH:3.2
G1 F2779.615
G1 X729.634 Y270.366 E1982.72102
G1 F2760
M73 P15 R762
G1 X729.634 Y729.634 E1982.72107
G1 X270.366 Y729.634 E1982.72102
G1 X270.366 Y270.666 E1981.42588
;WIPE_START
G1 F600
G1 X280.366 Y270.66 E-30
;WIPE_END
G1 Z44 F15000
G1 X272.813 Y413.08 Z44
G1 Z43
G1 E40 F9000
;TYPE:Sparse infill
;WIDTH:3.2
G1 F2779.614
G1 X272.813 Y401.568 E49.70059
G1 X401.568 Y272.813 E786.09564
G1 X413.08 Y272.813 E49.70059
;WIPE_START
G1 F600
G1 X403.08 Y272.813 E-30
;WIPE_END
G1 Z44 F15000
G1 X272.813 Y575.89 Z44
G1 Z43
G1 E40 F9000
G1 F2779.614
G1 X272.813 Y564.377 E49.70059
G1 X564.378 Y272.813 E1780.10741
G1 X575.89 Y272.813 E49.70059
M73 P15 R761
;WIPE_START
G1 F600
G1 X565.89 Y272.813 E-30
;WIPE_END
G1 Z44 F15000
G1 X727.187 Y413.08 Z44
G1 Z43
G1 E40 F9000
G1 F2779.614
G1 X727.187 Y401.568 E49.70059
G1 X598.432 Y272.813 E786.09564
G1 X586.92 Y272.813 E49.70059
;WIPE_START
G1 F600
G1 X596.92 Y272.813 E-30
;WIPE_END
G1 Z44 F15000
G1 X727.187 Y575.89 Z44
G1 Z43
G1 E40 F9000
G1 F2779.614
G1 X727.187 Y564.378 E49.70059
G1 X435.622 Y272.813 E1780.10742
G1 X424.11 Y272.813 E49.70059
;WIPE_START
G1 F600
G1 X434.11 Y272.813 E-30
;WIPE_END
G1 Z44 F15000
G1 X424.11 Y727.187 Z44
G1 Z43
G1 E40 F9000
G1 F2779.614
G1 X435.622 Y727.187 E49.70059
G1 X727.187 Y435.623 E1780.10743
G1 X727.187 Y424.11 E49.70059
;WIPE_START
G1 F600
G1 X727.187 Y434.11 E-30
;WIPE_END
G1 Z44 F15000
G1 X715.675 Y727.187 Z44
G1 Z43
G1 E40 F9000
G1 F2779.614
G1 X727.187 Y727.187 E49.70059
G1 X272.813 Y272.813 E2774.11918
G1 X284.325 Y272.813 E49.70059
;WIPE_START
G1 F600
G1 X274.325 Y272.813 E-30
;WIPE_END
G1 Z44 F15000
G1 X284.325 Y727.187 Z44
G1 Z43
G1 E40 F9000
G1 F2779.614
G1 X272.813 Y727.187 E49.70025
G1 X727.187 Y272.813 E2774.11872
G1 X715.675 Y272.813 E49.70027
M73 P15 R760
;WIPE_START
G1 F600
G1 X725.675 Y272.813 E-30
;WIPE_END
G1 Z44 F15000
G1 X586.92 Y727.187 Z44
G1 Z43
G1 E40 F9000
G1 F2779.614
G1 X598.432 Y727.187 E49.70059
G1 X727.187 Y598.432 E786.09565
G1 X727.187 Y586.92 E49.70059
;WIPE_START
G1 F600
G1 X727.187 Y596.92 E-30
;WIPE_END
G1 Z44 F15000
G1 X575.89 Y727.187 Z44
G1 Z43
G1 E40 F9000
G1 F2779.614
G1 X564.378 Y727.187 E49.70059
G1 X272.813 Y435.622 E1780.10742
G1 X272.813 Y424.11 E49.70059
;WIPE_START
G1 F600
G1 X272.813 Y434.11 E-30
;WIPE_END
G1 Z44 F15000
G1 X413.08 Y727.187 Z44
G1 Z43
G1 E40 F9000
G1 F2779.614
G1 X401.568 Y727.187 E49.70059
G1 X272.813 Y598.432 E786.09565
G1 X272.813 Y586.92 E49.70059
; stop printing object Cube id:0 copy 0
;LAYER_CHANGE
;Z:44.5
;HEIGHT:1.5
;BEFORE_LAYER_CHANGE
;44.5
G92 E0

EXCLUDE_OBJECT_END NAME=Cube_id_0_copy_0
;AFTER_LAYER_CHANGE
;44.5
;_SET_FAN_SPEED_CHANGING_LAYER
; printing object Cube id:0 copy 0
;WIPE_START
G1 F600
G1 X272.813 Y596.92 E-30
;WIPE_END
EXCLUDE_OBJECT_START NAME=Cube_id_0_copy_0
G1 Z45.5 F15000
G1 X270.366 Y729.634 Z45.5
G1 Z44.5
G1 E40 F9000
;TYPE:Outer wall
;WIDTH:3.2
G1 F2779.615
G1 X270.366 Y270.366 E1982.72102
G1 F2760
G1 X729.634 Y270.366 E1982.72107
G1 X729.634 Y729.634 E1982.72102
M73 P15 R759
G1 X270.666 Y729.634 E1981.42588
;WIPE_START
G1 F600
G1 X270.66 Y719.634 E-30
;WIPE_END
G1 Z45.5 F15000
G1 X272.813 Y586.92 Z45.5
G1 Z44.5
G1 E40 F9000
;TYPE:Sparse infill
;WIDTH:3.2
G1 F2779.614
G1 X272.813 Y598.432 E49.70059
G1 X401.568 Y727.187 E786.09565
G1 X413.08 Y727.187 E49.70059
;WIPE_START
G1 F600
G1 X403.08 Y727.187 E-30
;WIPE_END
G1 Z45.5 F15000
G1 X272.813 Y424.11 Z45.5
G1 Z44.5
G1 E40 F9000
G1 F2779.614
G1 X272.813 Y435.622 E49.70059
G1 X564.378 Y727.187 E1780.10742
G1 X575.89 Y727.187 E49.70059
;WIPE_START
G1 F600
G1 X565.89 Y727.187 E-30
;WIPE_END
G1 Z45.5 F15000
G1 X727.187 Y586.92 Z45.5
G1 Z44.5
G1 E40 F9000
G1 F2779.614
G1 X727.187 Y598.432 E49.70059
G1 X598.432 Y727.187 E786.09565
G1 X586.92 Y727.187 E49.70059
;WIPE_START
G1 F600
G1 X596.92 Y727.187 E-30
;WIPE_END
G1 Z45.5 F15000
G1 X727.187 Y424.11 Z45.5
G1 Z44.5
G1 E40 F9000
G1 F2779.614
G1 X727.187 Y435.623 E49.70059
G1 X435.622 Y727.187 E1780.10743
G1 X424.11 Y727.187 E49.70059
M73 P15 R758
;WIPE_START
G1 F600
G1 X434.11 Y727.187 E-30
;WIPE_END
G1 Z45.5 F15000
G1 X424.11 Y272.813 Z45.5
G1 Z44.5
G1 E40 F9000
G1 F2779.614
G1 X435.622 Y272.813 E49.70059
G1 X727.187 Y564.378 E1780.10742
G1 X727.187 Y575.89 E49.70059
;WIPE_START
G1 F600
G1 X727.187 Y565.89 E-30
;WIPE_END
G1 Z45.5 F15000
G1 X715.675 Y272.813 Z45.5
G1 Z44.5
G1 E40 F9000
G1 F2779.614
G1 X727.187 Y272.813 E49.70027
G1 X272.813 Y727.187 E2774.11872
G1 X284.325 Y727.187 E49.70025
;WIPE_START
G1 F600
G1 X274.325 Y727.187 E-30
;WIPE_END
G1 Z45.5 F15000
G1 X284.325 Y272.813 Z45.5
G1 Z44.5
G1 E40 F9000
G1 F2779.614
G1 X272.813 Y272.813 E49.70059
G1 X727.187 Y727.187 E2774.11918
G1 X715.675 Y727.187 E49.70059
;WIPE_START
G1 F600
G1 X725.675 Y727.187 E-30
;WIPE_END
G1 Z45.5 F15000
G1 X586.92 Y272.813 Z45.5
G1 Z44.5
G1 E40 F9000
G1 F2779.614
G1 X598.432 Y272.813 E49.70059
G1 X727.187 Y401.568 E786.09564
G1 X727.187 Y413.08 E49.70059
M73 P15 R757
;WIPE_START
G1 F600
G1 X727.187 Y403.08 E-30
;WIPE_END
G1 Z45.5 F15000
G1 X575.89 Y272.813 Z45.5
G1 Z44.5
G1 E40 F9000
G1 F2779.614
G1 X564.378 Y272.813 E49.70059
G1 X272.813 Y564.377 E1780.10741
G1 X272.813 Y575.89 E49.70059
;WIPE_START
G1 F600
G1 X272.813 Y565.89 E-30
;WIPE_END
G1 Z45.5 F15000
G1 X413.08 Y272.813 Z45.5
G1 Z44.5
G1 E40 F9000
G1 F2779.614
G1 X401.568 Y272.813 E49.70059
G1 X272.813 Y401.568 E786.09564
G1 X272.813 Y413.08 E49.70059
; stop printing object Cube id:0 copy 0
;LAYER_CHANGE
;Z:46
;HEIGHT:1.5
;BEFORE_LAYER_CHANGE
;46
G92 E0

EXCLUDE_OBJECT_END NAME=Cube_id_0_copy_0
;AFTER_LAYER_CHANGE
;46
;_SET_FAN_SPEED_CHANGING_LAYER
; printing object Cube id:0 copy 0
;WIPE_START
G1 F600
G1 X272.813 Y403.08 E-30
;WIPE_END
EXCLUDE_OBJECT_START NAME=Cube_id_0_copy_0
G1 Z47 F15000
G1 X270.366 Y270.366 Z47
G1 Z46
G1 E40 F9000
;TYPE:Outer wall
;WIDTH:3.2
G1 F2779.615
G1 X729.634 Y270.366 E1982.72102
G1 F2760
G1 X729.634 Y729.634 E1982.72107
G1 X270.366 Y729.634 E1982.72102
G1 X270.366 Y270.666 E1981.42588
;WIPE_START
G1 F600
M73 P15 R756
G1 X280.366 Y270.66 E-30
;WIPE_END
G1 Z47 F15000
G1 X272.813 Y413.08 Z47
G1 Z46
G1 E40 F9000
;TYPE:Sparse infill
;WIDTH:3.2
G1 F2779.614
G1 X272.813 Y401.568 E49.70059
G1 X401.568 Y272.813 E786.09564
G1 X413.08 Y272.813 E49.70059
;WIPE_START
G1 F600
G1 X403.08 Y272.813 E-30
;WIPE_END
G1 Z47 F15000
G1 X272.813 Y575.89 Z47
G1 Z46
G1 E40 F9000
G1 F2779.614
G1 X272.813 Y564.377 E49.70059
G1 X564.378 Y272.813 E1780.10741
G1 X575.89 Y272.813 E49.70059
;WIPE_START
G1 F600
G1 X565.89 Y272.813 E-30
;WIPE_END
G1 Z47 F15000
G1 X727.187 Y413.08 Z47
G1 Z46
G1 E40 F9000
G1 F2779.614
G1 X727.187 Y401.568 E49.70059
G1 X598.432 Y272.813 E786.09564
G1 X586.92 Y272.813 E49.70059
;WIPE_START
G1 F600
G1 X596.92 Y272.813 E-30
;WIPE_END
G1 Z47 F15000
G1 X727.187 Y575.89 Z47
G1 Z46
G1 E40 F9000
G1 F2779.614
G1 X727.187 Y564.378 E49.70059
G1 X435.622 Y272.813 E1780.10742
G1 X424.11 Y272.813 E49.70059
;WIPE_START
G1 F600
G1 X434.11 Y272.813 E-30
;WIPE_END
G1 Z47 F15000
G1 X424.11 Y727.187 Z47
G1 Z46
G1 E40 F9000
G1 F2779.614
G1 X435.622 Y727.187 E49.70059
G1 X727.187 Y435.623 E1780.10743
G1 X727.187 Y424.11 E49.70059
M73 P15 R755
;WIPE_START
G1 F600
G1 X727.187 Y434.11 E-30
;WIPE_END
G1 Z47 F15000
G1 X715.675 Y727.187 Z47
G1 Z46
G1 E40 F9000
G1 F2779.614
G1 X727.187 Y727.187 E49.70059
G1 X272.813 Y272.813 E2774.11918
G1 X284.325 Y272.813 E49.70059
;WIPE_START
G1 F600
G1 X274.325 Y272.813 E-30
;WIPE_END
G1 Z47 F15000
G1 X284.325 Y727.187 Z47
G1 Z46
G1 E40 F9000
G1 F2779.614
G1 X272.813 Y727.187 E49.70025
G1 X727.187 Y272.813 E2774.11872
G1 X715.675 Y272.813 E49.70027
;WIPE_START
G1 F600
G1 X725.675 Y272.813 E-30
;WIPE_END
G1 Z47 F15000
G1 X586.92 Y727.187 Z47
G1 Z46
G1 E40 F9000
G1 F2779.614
G1 X598.432 Y727.187 E49.70059
G1 X727.187 Y598.432 E786.09565
G1 X727.187 Y586.92 E49.70059
;WIPE_START
G1 F600
G1 X727.187 Y596.92 E-30
;WIPE_END
G1 Z47 F15000
G1 X575.89 Y727.187 Z47
G1 Z46
G1 E40 F9000
G1 F2779.614
G1 X564.378 Y727.187 E49.70059
G1 X272.813 Y435.622 E1780.10742
G1 X272.813 Y424.11 E49.70059
;WIPE_START
G1 F600
G1 X272.813 Y434.11 E-30
;WIPE_END
G1 Z47 F15000
G1 X413.08 Y727.187 Z47
G1 Z46
M73 P15 R754
G1 E40 F9000
G1 F2779.614
G1 X401.568 Y727.187 E49.70059
G1 X272.813 Y598.432 E786.09565
G1 X272.813 Y586.92 E49.70059
; stop printing object Cube id:0 copy 0
;LAYER_CHANGE
;Z:47.5
;HEIGHT:1.5
;BEFORE_LAYER_CHANGE
;47.5
G92 E0

EXCLUDE_OBJECT_END NAME=Cube_id_0_copy_0
;AFTER_LAYER_CHANGE
;47.5
;_SET_FAN_SPEED_CHANGING_LAYER
; printing object Cube id:0 copy 0
;WIPE_START
G1 F600
G1 X272.813 Y596.92 E-30
;WIPE_END
EXCLUDE_OBJECT_START NAME=Cube_id_0_copy_0
G1 Z48.5 F15000
G1 X270.366 Y729.634 Z48.5
G1 Z47.5
G1 E40 F9000
;TYPE:Outer wall
;WIDTH:3.2
G1 F2779.615
G1 X270.366 Y270.366 E1982.72102
G1 F2760
G1 X729.634 Y270.366 E1982.72107
G1 X729.634 Y729.634 E1982.72102
M73 P16 R754
G1 X270.666 Y729.634 E1981.42588
;WIPE_START
G1 F600
G1 X270.66 Y719.634 E-30
;WIPE_END
G1 Z48.5 F15000
G1 X272.813 Y586.92 Z48.5
G1 Z47.5
G1 E40 F9000
;TYPE:Sparse infill
;WIDTH:3.2
G1 F2779.614
G1 X272.813 Y598.432 E49.70059
G1 X401.568 Y727.187 E786.09565
G1 X413.08 Y727.187 E49.70059
;WIPE_START
G1 F600
G1 X403.08 Y727.187 E-30
;WIPE_END
G1 Z48.5 F15000
G1 X272.813 Y424.11 Z48.5
G1 Z47.5
G1 E40 F9000
G1 F2779.614
G1 X272.813 Y435.622 E49.70059
G1 X564.378 Y727.187 E1780.10742
G1 X575.89 Y727.187 E49.70059
M73 P16 R753
;WIPE_START
G1 F600
G1 X565.89 Y727.187 E-30
;WIPE_END
G1 Z48.5 F15000
G1 X727.187 Y586.92 Z48.5
G1 Z47.5
G1 E40 F9000
G1 F2779.614
G1 X727.187 Y598.432 E49.70059
G1 X598.432 Y727.187 E786.09565
G1 X586.92 Y727.187 E49.70059
;WIPE_START
G1 F600
G1 X596.92 Y727.187 E-30
;WIPE_END
G1 Z48.5 F15000
G1 X727.187 Y424.11 Z48.5
G1 Z47.5
G1 E40 F9000
G1 F2779.614
G1 X727.187 Y435.623 E49.70059
G1 X435.622 Y727.187 E1780.10743
G1 X424.11 Y727.187 E49.70059
;WIPE_START
G1 F600
G1 X434.11 Y727.187 E-30
;WIPE_END
G1 Z48.5 F15000
G1 X424.11 Y272.813 Z48.5
G1 Z47.5
G1 E40 F9000
G1 F2779.614
G1 X435.622 Y272.813 E49.70059
G1 X727.187 Y564.378 E1780.10742
G1 X727.187 Y575.89 E49.70059
;WIPE_START
G1 F600
G1 X727.187 Y565.89 E-30
;WIPE_END
G1 Z48.5 F15000
G1 X715.675 Y272.813 Z48.5
G1 Z47.5
G1 E40 F9000
G1 F2779.614
G1 X727.187 Y272.813 E49.70027
G1 X272.813 Y727.187 E2774.11872
G1 X284.325 Y727.187 E49.70025
M73 P16 R752
;WIPE_START
G1 F600
G1 X274.325 Y727.187 E-30
;WIPE_END
G1 Z48.5 F15000
G1 X284.325 Y272.813 Z48.5
G1 Z47.5
G1 E40 F9000
G1 F2779.614
G1 X272.813 Y272.813 E49.70059
G1 X727.187 Y727.187 E2774.11918
G1 X715.675 Y727.187 E49.70059
;WIPE_START
G1 F600
G1 X725.675 Y727.187 E-30
;WIPE_END
G1 Z48.5 F15000
G1 X586.92 Y272.813 Z48.5
G1 Z47.5
G1 E40 F9000
G1 F2779.614
G1 X598.432 Y272.813 E49.70059
G1 X727.187 Y401.568 E786.09564
G1 X727.187 Y413.08 E49.70059
;WIPE_START
G1 F600
G1 X727.187 Y403.08 E-30
;WIPE_END
G1 Z48.5 F15000
G1 X575.89 Y272.813 Z48.5
G1 Z47.5
G1 E40 F9000
G1 F2779.614
G1 X564.378 Y272.813 E49.70059
G1 X272.813 Y564.377 E1780.10741
G1 X272.813 Y575.89 E49.70059
;WIPE_START
G1 F600
G1 X272.813 Y565.89 E-30
;WIPE_END
G1 Z48.5 F15000
G1 X413.08 Y272.813 Z48.5
G1 Z47.5
G1 E40 F9000
G1 F2779.614
G1 X401.568 Y272.813 E49.70059
G1 X272.813 Y401.568 E786.09564
G1 X272.813 Y413.08 E49.70059
; stop printing object Cube id:0 copy 0
;LAYER_CHANGE
;Z:49
;HEIGHT:1.5
;BEFORE_LAYER_CHANGE
;49
G92 E0

EXCLUDE_OBJECT_END NAME=Cube_id_0_copy_0
;AFTER_LAYER_CHANGE
;49
;_SET_FAN_SPEED_CHANGING_LAYER
; printing object Cube id:0 copy 0
;WIPE_START
G1 F600
G1 X272.813 Y403.08 E-30
;WIPE_END
EXCLUDE_OBJECT_START NAME=Cube_id_0_copy_0
G1 Z50 F15000
G1 X270.366 Y270.366 Z50
G1 Z49
G1 E40 F9000
;TYPE:Outer wall
;WIDTH:3.2
G1 F2779.615
G1 X729.634 Y270.366 E1982.72102
G1 F2760
M73 P16 R751
G1 X729.634 Y729.634 E1982.72107
G1 X270.366 Y729.634 E1982.72102
G1 X270.366 Y270.666 E1981.42588
;WIPE_START
G1 F600
G1 X280.366 Y270.66 E-30
;WIPE_END
G1 Z50 F15000
G1 X272.813 Y413.08 Z50
G1 Z49
G1 E40 F9000
;TYPE:Sparse infill
;WIDTH:3.2
G1 F2779.614
G1 X272.813 Y401.568 E49.70059
G1 X401.568 Y272.813 E786.09564
G1 X413.08 Y272.813 E49.70059
;WIPE_START
G1 F600
G1 X403.08 Y272.813 E-30
;WIPE_END
G1 Z50 F15000
G1 X272.813 Y575.89 Z50
G1 Z49
G1 E40 F9000
G1 F2779.614
G1 X272.813 Y564.377 E49.70059
G1 X564.378 Y272.813 E1780.10741
G1 X575.89 Y272.813 E49.70059
;WIPE_START
G1 F600
G1 X565.89 Y272.813 E-30
;WIPE_END
G1 Z50 F15000
G1 X727.187 Y413.08 Z50
G1 Z49
G1 E40 F9000
G1 F2779.614
G1 X727.187 Y401.568 E49.70059
G1 X598.432 Y272.813 E786.09564
G1 X586.92 Y272.813 E49.70059
;WIPE_START
G1 F600
G1 X596.92 Y272.813 E-30
;WIPE_END
G1 Z50 F15000
M73 P16 R750
G1 X727.187 Y575.89 Z50
G1 Z49
G1 E40 F9000
G1 F2779.614
G1 X727.187 Y564.378 E49.70059
G1 X435.622 Y272.813 E1780.10742
G1 X424.11 Y272.813 E49.70059
;WIPE_START
G1 F600
G1 X434.11 Y272.813 E-30
;WIPE_END
G1 Z50 F15000
G1 X424.11 Y727.187 Z50
G1 Z49
G1 E40 F9000
G1 F2779.614
G1 X435.622 Y727.187 E49.70059
G1 X727.187 Y435.623 E1780.10743
G1 X727.187 Y424.11 E49.70059
;WIPE_START
G1 F600
G1 X727.187 Y434.11 E-30
;WIPE_END
G1 Z50 F15000
G1 X715.675 Y727.187 Z50
G1 Z49
G1 E40 F9000
G1 F2779.614
G1 X727.187 Y727.187 E49.70059
G1 X272.813 Y272.813 E2774.11918
G1 X284.325 Y272.813 E49.70059
;WIPE_START
G1 F600
G1 X274.325 Y272.813 E-30
;WIPE_END
G1 Z50 F15000
G1 X284.325 Y727.187 Z50
G1 Z49
G1 E40 F9000
G1 F2779.614
G1 X272.813 Y727.187 E49.70025
G1 X727.187 Y272.813 E2774.11872
G1 X715.675 Y272.813 E49.70027
M73 P16 R749
;WIPE_START
G1 F600
G1 X725.675 Y272.813 E-30
;WIPE_END
G1 Z50 F15000
G1 X586.92 Y727.187 Z50
G1 Z49
G1 E40 F9000
G1 F2779.614
G1 X598.432 Y727.187 E49.70059
G1 X727.187 Y598.432 E786.09565
G1 X727.187 Y586.92 E49.70059
;WIPE_START
G1 F600
G1 X727.187 Y596.92 E-30
;WIPE_END
G1 Z50 F15000
G1 X575.89 Y727.187 Z50
G1 Z49
G1 E40 F9000
G1 F2779.614
G1 X564.378 Y727.187 E49.70059
G1 X272.813 Y435.622 E1780.10742
G1 X272.813 Y424.11 E49.70059
;WIPE_START
G1 F600
G1 X272.813 Y434.11 E-30
;WIPE_END
G1 Z50 F15000
G1 X413.08 Y727.187 Z50
G1 Z49
G1 E40 F9000
G1 F2779.614
G1 X401.568 Y727.187 E49.70059
G1 X272.813 Y598.432 E786.09565
G1 X272.813 Y586.92 E49.70059
; stop printing object Cube id:0 copy 0
;LAYER_CHANGE
;Z:50.5
;HEIGHT:1.5
;BEFORE_LAYER_CHANGE
;50.5
G92 E0

EXCLUDE_OBJECT_END NAME=Cube_id_0_copy_0
;AFTER_LAYER_CHANGE
;50.5
;_SET_FAN_SPEED_CHANGING_LAYER
; printing object Cube id:0 copy 0
;WIPE_START
G1 F600
G1 X272.813 Y596.92 E-30
;WIPE_END
EXCLUDE_OBJECT_START NAME=Cube_id_0_copy_0
G1 Z51.5 F15000
G1 X270.366 Y729.634 Z51.5
G1 Z50.5
G1 E40 F9000
;TYPE:Outer wall
;WIDTH:3.2
G1 F2779.615
G1 X270.366 Y270.366 E1982.72102
G1 F2760
G1 X729.634 Y270.366 E1982.72107
G1 X729.634 Y729.634 E1982.72102
G1 X270.666 Y729.634 E1981.42588
M73 P16 R748
;WIPE_START
G1 F600
G1 X270.66 Y719.634 E-30
;WIPE_END
G1 Z51.5 F15000
G1 X272.813 Y586.92 Z51.5
G1 Z50.5
G1 E40 F9000
;TYPE:Sparse infill
;WIDTH:3.2
G1 F2779.614
G1 X272.813 Y598.432 E49.70059
G1 X401.568 Y727.187 E786.09565
G1 X413.08 Y727.187 E49.70059
;WIPE_START
G1 F600
G1 X403.08 Y727.187 E-30
;WIPE_END
G1 Z51.5 F15000
G1 X272.813 Y424.11 Z51.5
G1 Z50.5
G1 E40 F9000
G1 F2779.614
G1 X272.813 Y435.622 E49.70059
G1 X564.378 Y727.187 E1780.10742
G1 X575.89 Y727.187 E49.70059
;WIPE_START
G1 F600
G1 X565.89 Y727.187 E-30
;WIPE_END
G1 Z51.5 F15000
G1 X727.187 Y586.92 Z51.5
G1 Z50.5
G1 E40 F9000
G1 F2779.614
G1 X727.187 Y598.432 E49.70059
G1 X598.432 Y727.187 E786.09565
G1 X586.92 Y727.187 E49.70059
;WIPE_START
G1 F600
G1 X596.92 Y727.187 E-30
;WIPE_END
G1 Z51.5 F15000
G1 X727.187 Y424.11 Z51.5
G1 Z50.5
G1 E40 F9000
G1 F2779.614
G1 X727.187 Y435.623 E49.70059
G1 X435.622 Y727.187 E1780.10743
G1 X424.11 Y727.187 E49.70059
;WIPE_START
G1 F600
G1 X434.11 Y727.187 E-30
;WIPE_END
G1 Z51.5 F15000
G1 X424.11 Y272.813 Z51.5
G1 Z50.5
G1 E40 F9000
G1 F2779.614
G1 X435.622 Y272.813 E49.70059
G1 X727.187 Y564.378 E1780.10742
G1 X727.187 Y575.89 E49.70059
M73 P16 R747
;WIPE_START
G1 F600
G1 X727.187 Y565.89 E-30
;WIPE_END
G1 Z51.5 F15000
G1 X715.675 Y272.813 Z51.5
G1 Z50.5
G1 E40 F9000
G1 F2779.614
G1 X727.187 Y272.813 E49.70027
G1 X272.813 Y727.187 E2774.11872
G1 X284.325 Y727.187 E49.70025
;WIPE_START
G1 F600
G1 X274.325 Y727.187 E-30
;WIPE_END
G1 Z51.5 F15000
G1 X284.325 Y272.813 Z51.5
G1 Z50.5
G1 E40 F9000
G1 F2779.614
G1 X272.813 Y272.813 E49.70059
G1 X727.187 Y727.187 E2774.11918
G1 X715.675 Y727.187 E49.70059
;WIPE_START
G1 F600
G1 X725.675 Y727.187 E-30
;WIPE_END
G1 Z51.5 F15000
G1 X586.92 Y272.813 Z51.5
G1 Z50.5
G1 E40 F9000
G1 F2779.614
G1 X598.432 Y272.813 E49.70059
G1 X727.187 Y401.568 E786.09564
G1 X727.187 Y413.08 E49.70059
;WIPE_START
G1 F600
G1 X727.187 Y403.08 E-30
;WIPE_END
G1 Z51.5 F15000
G1 X575.89 Y272.813 Z51.5
G1 Z50.5
G1 E40 F9000
G1 F2779.614
G1 X564.378 Y272.813 E49.70059
G1 X272.813 Y564.377 E1780.10741
G1 X272.813 Y575.89 E49.70059
M73 P16 R746
;WIPE_START
G1 F600
G1 X272.813 Y565.89 E-30
;WIPE_END
G1 Z51.5 F15000
G1 X413.08 Y272.813 Z51.5
G1 Z50.5
G1 E40 F9000
G1 F2779.614
G1 X401.568 Y272.813 E49.70059
G1 X272.813 Y401.568 E786.09564
G1 X272.813 Y413.08 E49.70059
; stop printing object Cube id:0 copy 0
;LAYER_CHANGE
;Z:52
;HEIGHT:1.5
;BEFORE_LAYER_CHANGE
;52
G92 E0

EXCLUDE_OBJECT_END NAME=Cube_id_0_copy_0
;AFTER_LAYER_CHANGE
;52
;_SET_FAN_SPEED_CHANGING_LAYER
; printing object Cube id:0 copy 0
;WIPE_START
G1 F600
G1 X272.813 Y403.08 E-30
;WIPE_END
EXCLUDE_OBJECT_START NAME=Cube_id_0_copy_0
G1 Z53 F15000
G1 X270.366 Y270.366 Z53
G1 Z52
G1 E40 F9000
;TYPE:Outer wall
;WIDTH:3.2
G1 F2779.615
G1 X729.634 Y270.366 E1982.72102
G1 F2760
G1 X729.634 Y729.634 E1982.72107
G1 X270.366 Y729.634 E1982.72102
G1 X270.366 Y270.666 E1981.42588
;WIPE_START
G1 F600
G1 X280.366 Y270.66 E-30
;WIPE_END
G1 Z53 F15000
G1 X272.813 Y413.08 Z53
G1 Z52
G1 E40 F9000
;TYPE:Sparse infill
;WIDTH:3.2
G1 F2779.614
M73 P16 R745
G1 X272.813 Y401.568 E49.70059
G1 X401.568 Y272.813 E786.09564
G1 X413.08 Y272.813 E49.70059
;WIPE_START
G1 F600
G1 X403.08 Y272.813 E-30
;WIPE_END
G1 Z53 F15000
G1 X272.813 Y575.89 Z53
G1 Z52
G1 E40 F9000
G1 F2779.614
G1 X272.813 Y564.377 E49.70059
G1 X564.378 Y272.813 E1780.10741
G1 X575.89 Y272.813 E49.70059
;WIPE_START
G1 F600
G1 X565.89 Y272.813 E-30
;WIPE_END
G1 Z53 F15000
G1 X727.187 Y413.08 Z53
G1 Z52
G1 E40 F9000
M73 P17 R745
G1 F2779.614
G1 X727.187 Y401.568 E49.70059
G1 X598.432 Y272.813 E786.09564
G1 X586.92 Y272.813 E49.70059
;WIPE_START
G1 F600
G1 X596.92 Y272.813 E-30
;WIPE_END
G1 Z53 F15000
G1 X727.187 Y575.89 Z53
G1 Z52
G1 E40 F9000
G1 F2779.614
G1 X727.187 Y564.378 E49.70059
G1 X435.622 Y272.813 E1780.10742
G1 X424.11 Y272.813 E49.70059
;WIPE_START
G1 F600
G1 X434.11 Y272.813 E-30
;WIPE_END
G1 Z53 F15000
G1 X424.11 Y727.187 Z53
G1 Z52
G1 E40 F9000
G1 F2779.614
G1 X435.622 Y727.187 E49.70059
G1 X727.187 Y435.623 E1780.10743
G1 X727.187 Y424.11 E49.70059
;WIPE_START
G1 F600
G1 X727.187 Y434.11 E-30
;WIPE_END
G1 Z53 F15000
G1 X715.675 Y727.187 Z53
G1 Z52
G1 E40 F9000
G1 F2779.614
G1 X727.187 Y727.187 E49.70059
G1 X272.813 Y272.813 E2774.11918
G1 X284.325 Y272.813 E49.70059
M73 P17 R744
;WIPE_START
G1 F600
G1 X274.325 Y272.813 E-30
;WIPE_END
G1 Z53 F15000
G1 X284.325 Y727.187 Z53
G1 Z52
G1 E40 F9000
G1 F2779.614
G1 X272.813 Y727.187 E49.70025
G1 X727.187 Y272.813 E2774.11872
G1 X715.675 Y272.813 E49.70027
;WIPE_START
G1 F600
G1 X725.675 Y272.813 E-30
;WIPE_END
G1 Z53 F15000
G1 X586.92 Y727.187 Z53
G1 Z52
G1 E40 F9000
G1 F2779.614
G1 X598.432 Y727.187 E49.70059
G1 X727.187 Y598.432 E786.09565
G1 X727.187 Y586.92 E49.70059
;WIPE_START
G1 F600
G1 X727.187 Y596.92 E-30
;WIPE_END
G1 Z53 F15000
G1 X575.89 Y727.187 Z53
G1 Z52
G1 E40 F9000
G1 F2779.614
G1 X564.378 Y727.187 E49.70059
G1 X272.813 Y435.622 E1780.10742
G1 X272.813 Y424.11 E49.70059
;WIPE_START
G1 F600
G1 X272.813 Y434.11 E-30
;WIPE_END
G1 Z53 F15000
G1 X413.08 Y727.187 Z53
G1 Z52
G1 E40 F9000
G1 F2779.614
G1 X401.568 Y727.187 E49.70059
G1 X272.813 Y598.432 E786.09565
G1 X272.813 Y586.92 E49.70059
; stop printing object Cube id:0 copy 0
;LAYER_CHANGE
;Z:53.5
;HEIGHT:1.5
;BEFORE_LAYER_CHANGE
;53.5
G92 E0

EXCLUDE_OBJECT_END NAME=Cube_id_0_copy_0
;AFTER_LAYER_CHANGE
;53.5
;_SET_FAN_SPEED_CHANGING_LAYER
; printing object Cube id:0 copy 0
;WIPE_START
G1 F600
G1 X272.813 Y596.92 E-30
;WIPE_END
EXCLUDE_OBJECT_START NAME=Cube_id_0_copy_0
G1 Z54.5 F15000
G1 X270.366 Y729.634 Z54.5
G1 Z53.5
G1 E40 F9000
;TYPE:Outer wall
;WIDTH:3.2
G1 F2779.615
M73 P17 R743
G1 X270.366 Y270.366 E1982.72102
G1 F2760
G1 X729.634 Y270.366 E1982.72107
G1 X729.634 Y729.634 E1982.72102
G1 X270.666 Y729.634 E1981.42588
;WIPE_START
G1 F600
G1 X270.66 Y719.634 E-30
;WIPE_END
G1 Z54.5 F15000
G1 X272.813 Y586.92 Z54.5
G1 Z53.5
G1 E40 F9000
;TYPE:Sparse infill
;WIDTH:3.2
G1 F2779.614
G1 X272.813 Y598.432 E49.70059
G1 X401.568 Y727.187 E786.09565
G1 X413.08 Y727.187 E49.70059
;WIPE_START
G1 F600
G1 X403.08 Y727.187 E-30
;WIPE_END
G1 Z54.5 F15000
G1 X272.813 Y424.11 Z54.5
G1 Z53.5
G1 E40 F9000
G1 F2779.614
G1 X272.813 Y435.622 E49.70059
G1 X564.378 Y727.187 E1780.10742
G1 X575.89 Y727.187 E49.70059
M73 P17 R742
;WIPE_START
G1 F600
G1 X565.89 Y727.187 E-30
;WIPE_END
G1 Z54.5 F15000
G1 X727.187 Y586.92 Z54.5
G1 Z53.5
G1 E40 F9000
G1 F2779.614
G1 X727.187 Y598.432 E49.70059
G1 X598.432 Y727.187 E786.09565
G1 X586.92 Y727.187 E49.70059
;WIPE_START
G1 F600
G1 X596.92 Y727.187 E-30
;WIPE_END
G1 Z54.5 F15000
G1 X727.187 Y424.11 Z54.5
G1 Z53.5
G1 E40 F9000
G1 F2779.614
G1 X727.187 Y435.623 E49.70059
G1 X435.622 Y727.187 E1780.10743
G1 X424.11 Y727.187 E49.70059
;WIPE_START
G1 F600
G1 X434.11 Y727.187 E-30
;WIPE_END
G1 Z54.5 F15000
G1 X424.11 Y272.813 Z54.5
G1 Z53.5
G1 E40 F9000
G1 F2779.614
G1 X435.622 Y272.813 E49.70059
G1 X727.187 Y564.378 E1780.10742
G1 X727.187 Y575.89 E49.70059
;WIPE_START
G1 F600
G1 X727.187 Y565.89 E-30
;WIPE_END
G1 Z54.5 F15000
G1 X715.675 Y272.813 Z54.5
G1 Z53.5
G1 E40 F9000
G1 F2779.614
G1 X727.187 Y272.813 E49.70027
G1 X272.813 Y727.187 E2774.11872
G1 X284.325 Y727.187 E49.70025
;WIPE_START
G1 F600
G1 X274.325 Y727.187 E-30
;WIPE_END
G1 Z54.5 F15000
G1 X284.325 Y272.813 Z54.5
G1 Z53.5
G1 E40 F9000
G1 F2779.614
G1 X272.813 Y272.813 E49.70059
G1 X727.187 Y727.187 E2774.11918
G1 X715.675 Y727.187 E49.70059
M73 P17 R741
;WIPE_START
G1 F600
G1 X725.675 Y727.187 E-30
;WIPE_END
G1 Z54.5 F15000
G1 X586.92 Y272.813 Z54.5
G1 Z53.5
G1 E40 F9000
G1 F2779.614
G1 X598.432 Y272.813 E49.70059
G1 X727.187 Y401.568 E786.09564
G1 X727.187 Y413.08 E49.70059
;WIPE_START
G1 F600
G1 X727.187 Y403.08 E-30
;WIPE_END
G1 Z54.5 F15000
G1 X575.89 Y272.813 Z54.5
G1 Z53.5
G1 E40 F9000
G1 F2779.614
G1 X564.378 Y272.813 E49.70059
G1 X272.813 Y564.377 E1780.10741
G1 X272.813 Y575.89 E49.70059
;WIPE_START
G1 F600
G1 X272.813 Y565.89 E-30
;WIPE_END
G1 Z54.5 F15000
G1 X413.08 Y272.813 Z54.5
G1 Z53.5
G1 E40 F9000
G1 F2779.614
G1 X401.568 Y272.813 E49.70059
G1 X272.813 Y401.568 E786.09564
G1 X272.813 Y413.08 E49.70059
; stop printing object Cube id:0 copy 0
;LAYER_CHANGE
;Z:55
;HEIGHT:1.5
;BEFORE_LAYER_CHANGE
;55
G92 E0

EXCLUDE_OBJECT_END NAME=Cube_id_0_copy_0
;AFTER_LAYER_CHANGE
;55
;_SET_FAN_SPEED_CHANGING_LAYER
; printing object Cube id:0 copy 0
;WIPE_START
G1 F600
G1 X272.813 Y403.08 E-30
;WIPE_END
EXCLUDE_OBJECT_START NAME=Cube_id_0_copy_0
G1 Z56 F15000
G1 X270.366 Y270.366 Z56
G1 Z55
G1 E40 F9000
;TYPE:Outer wall
;WIDTH:3.2
G1 F2779.615
G1 X729.634 Y270.366 E1982.72102
G1 F2760
G1 X729.634 Y729.634 E1982.72107
G1 X270.366 Y729.634 E1982.72102
M73 P17 R740
G1 X270.366 Y270.666 E1981.42588
;WIPE_START
G1 F600
G1 X280.366 Y270.66 E-30
;WIPE_END
G1 Z56 F15000
G1 X272.813 Y413.08 Z56
G1 Z55
G1 E40 F9000
;TYPE:Sparse infill
;WIDTH:3.2
G1 F2779.614
G1 X272.813 Y401.568 E49.70059
G1 X401.568 Y272.813 E786.09564
G1 X413.08 Y272.813 E49.70059
;WIPE_START
G1 F600
G1 X403.08 Y272.813 E-30
;WIPE_END
G1 Z56 F15000
G1 X272.813 Y575.89 Z56
G1 Z55
G1 E40 F9000
G1 F2779.614
G1 X272.813 Y564.377 E49.70059
G1 X564.378 Y272.813 E1780.10741
G1 X575.89 Y272.813 E49.70059
;WIPE_START
G1 F600
G1 X565.89 Y272.813 E-30
;WIPE_END
G1 Z56 F15000
G1 X727.187 Y413.08 Z56
G1 Z55
G1 E40 F9000
G1 F2779.614
G1 X727.187 Y401.568 E49.70059
G1 X598.432 Y272.813 E786.09564
G1 X586.92 Y272.813 E49.70059
;WIPE_START
G1 F600
G1 X596.92 Y272.813 E-30
;WIPE_END
G1 Z56 F15000
G1 X727.187 Y575.89 Z56
G1 Z55
G1 E40 F9000
G1 F2779.614
G1 X727.187 Y564.378 E49.70059
G1 X435.622 Y272.813 E1780.10742
G1 X424.11 Y272.813 E49.70059
M73 P17 R739
;WIPE_START
G1 F600
G1 X434.11 Y272.813 E-30
;WIPE_END
G1 Z56 F15000
G1 X424.11 Y727.187 Z56
G1 Z55
G1 E40 F9000
G1 F2779.614
G1 X435.622 Y727.187 E49.70059
G1 X727.187 Y435.623 E1780.10743
G1 X727.187 Y424.11 E49.70059
;WIPE_START
G1 F600
G1 X727.187 Y434.11 E-30
;WIPE_END
G1 Z56 F15000
G1 X715.675 Y727.187 Z56
G1 Z55
G1 E40 F9000
G1 F2779.614
G1 X727.187 Y727.187 E49.70059
G1 X272.813 Y272.813 E2774.11918
G1 X284.325 Y272.813 E49.70059
;WIPE_START
G1 F600
G1 X274.325 Y272.813 E-30
;WIPE_END
G1 Z56 F15000
G1 X284.325 Y727.187 Z56
G1 Z55
G1 E40 F9000
G1 F2779.614
G1 X272.813 Y727.187 E49.70025
G1 X727.187 Y272.813 E2774.11872
G1 X715.675 Y272.813 E49.70027
;WIPE_START
G1 F600
G1 X725.675 Y272.813 E-30
;WIPE_END
G1 Z56 F15000
G1 X586.92 Y727.187 Z56
G1 Z55
G1 E40 F9000
G1 F2779.614
G1 X598.432 Y727.187 E49.70059
G1 X727.187 Y598.432 E786.09565
G1 X727.187 Y586.92 E49.70059
M73 P17 R738
;WIPE_START
G1 F600
G1 X727.187 Y596.92 E-30
;WIPE_END
G1 Z56 F15000
G1 X575.89 Y727.187 Z56
G1 Z55
G1 E40 F9000
G1 F2779.614
G1 X564.378 Y727.187 E49.70059
G1 X272.813 Y435.622 E1780.10742
G1 X272.813 Y424.11 E49.70059
;WIPE_START
G1 F600
G1 X272.813 Y434.11 E-30
;WIPE_END
G1 Z56 F15000
G1 X413.08 Y727.187 Z56
G1 Z55
G1 E40 F9000
G1 F2779.614
G1 X401.568 Y727.187 E49.70059
G1 X272.813 Y598.432 E786.09565
G1 X272.813 Y586.92 E49.70059
; stop printing object Cube id:0 copy 0
;LAYER_CHANGE
;Z:56.5
;HEIGHT:1.5
;BEFORE_LAYER_CHANGE
;56.5
G92 E0

EXCLUDE_OBJECT_END NAME=Cube_id_0_copy_0
;AFTER_LAYER_CHANGE
;56.5
;_SET_FAN_SPEED_CHANGING_LAYER
; printing object Cube id:0 copy 0
;WIPE_START
G1 F600
G1 X272.813 Y596.92 E-30
;WIPE_END
EXCLUDE_OBJECT_START NAME=Cube_id_0_copy_0
G1 Z57.5 F15000
G1 X270.366 Y729.634 Z57.5
G1 Z56.5
G1 E40 F9000
;TYPE:Outer wall
;WIDTH:3.2
G1 F2779.615
G1 X270.366 Y270.366 E1982.72102
G1 F2760
G1 X729.634 Y270.366 E1982.72107
G1 X729.634 Y729.634 E1982.72102
G1 X270.666 Y729.634 E1981.42588
;WIPE_START
G1 F600
M73 P17 R737
G1 X270.66 Y719.634 E-30
;WIPE_END
G1 Z57.5 F15000
G1 X272.813 Y586.92 Z57.5
G1 Z56.5
G1 E40 F9000
;TYPE:Sparse infill
;WIDTH:3.2
G1 F2779.614
G1 X272.813 Y598.432 E49.70059
G1 X401.568 Y727.187 E786.09565
G1 X413.08 Y727.187 E49.70059
;WIPE_START
G1 F600
G1 X403.08 Y727.187 E-30
;WIPE_END
G1 Z57.5 F15000
G1 X272.813 Y424.11 Z57.5
G1 Z56.5
G1 E40 F9000
G1 F2779.614
G1 X272.813 Y435.622 E49.70059
G1 X564.378 Y727.187 E1780.10742
G1 X575.89 Y727.187 E49.70059
;WIPE_START
G1 F600
G1 X565.89 Y727.187 E-30
;WIPE_END
G1 Z57.5 F15000
G1 X727.187 Y586.92 Z57.5
G1 Z56.5
G1 E40 F9000
G1 F2779.614
G1 X727.187 Y598.432 E49.70059
G1 X598.432 Y727.187 E786.09565
G1 X586.92 Y727.187 E49.70059
;WIPE_START
G1 F600
G1 X596.92 Y727.187 E-30
;WIPE_END
G1 Z57.5 F15000
G1 X727.187 Y424.11 Z57.5
G1 Z56.5
G1 E40 F9000
G1 F2779.614
G1 X727.187 Y435.623 E49.70059
G1 X435.622 Y727.187 E1780.10743
G1 X424.11 Y727.187 E49.70059
;WIPE_START
G1 F600
G1 X434.11 Y727.187 E-30
;WIPE_END
G1 Z57.5 F15000
G1 X424.11 Y272.813 Z57.5
G1 Z56.5
G1 E40 F9000
G1 F2779.614
G1 X435.622 Y272.813 E49.70059
G1 X727.187 Y564.378 E1780.10742
G1 X727.187 Y575.89 E49.70059
M73 P17 R736
;WIPE_START
G1 F600
G1 X727.187 Y565.89 E-30
;WIPE_END
G1 Z57.5 F15000
G1 X715.675 Y272.813 Z57.5
G1 Z56.5
G1 E40 F9000
G1 F2779.614
G1 X727.187 Y272.813 E49.70027
G1 X272.813 Y727.187 E2774.11872
G1 X284.325 Y727.187 E49.70025
;WIPE_START
G1 F600
G1 X274.325 Y727.187 E-30
;WIPE_END
G1 Z57.5 F15000
M73 P18 R736
G1 X284.325 Y272.813 Z57.5
G1 Z56.5
G1 E40 F9000
G1 F2779.614
G1 X272.813 Y272.813 E49.70059
G1 X727.187 Y727.187 E2774.11918
G1 X715.675 Y727.187 E49.70059
;WIPE_START
G1 F600
G1 X725.675 Y727.187 E-30
;WIPE_END
G1 Z57.5 F15000
G1 X586.92 Y272.813 Z57.5
G1 Z56.5
G1 E40 F9000
G1 F2779.614
G1 X598.432 Y272.813 E49.70059
G1 X727.187 Y401.568 E786.09564
G1 X727.187 Y413.08 E49.70059
;WIPE_START
G1 F600
G1 X727.187 Y403.08 E-30
;WIPE_END
G1 Z57.5 F15000
G1 X575.89 Y272.813 Z57.5
G1 Z56.5
G1 E40 F9000
G1 F2779.614
G1 X564.378 Y272.813 E49.70059
G1 X272.813 Y564.377 E1780.10741
G1 X272.813 Y575.89 E49.70059
;WIPE_START
G1 F600
G1 X272.813 Y565.89 E-30
;WIPE_END
G1 Z57.5 F15000
G1 X413.08 Y272.813 Z57.5
G1 Z56.5
M73 P18 R735
G1 E40 F9000
G1 F2779.614
G1 X401.568 Y272.813 E49.70059
G1 X272.813 Y401.568 E786.09564
G1 X272.813 Y413.08 E49.70059
; stop printing object Cube id:0 copy 0
;LAYER_CHANGE
;Z:58
;HEIGHT:1.5
;BEFORE_LAYER_CHANGE
;58
G92 E0

EXCLUDE_OBJECT_END NAME=Cube_id_0_copy_0
;AFTER_LAYER_CHANGE
;58
;_SET_FAN_SPEED_CHANGING_LAYER
; printing object Cube id:0 copy 0
;WIPE_START
G1 F600
G1 X272.813 Y403.08 E-30
;WIPE_END
EXCLUDE_OBJECT_START NAME=Cube_id_0_copy_0
G1 Z59 F15000
G1 X270.366 Y270.366 Z59
G1 Z58
G1 E40 F9000
;TYPE:Outer wall
;WIDTH:3.2
G1 F2779.615
G1 X729.634 Y270.366 E1982.72102
G1 F2760
G1 X729.634 Y729.634 E1982.72107
G1 X270.366 Y729.634 E1982.72102
G1 X270.366 Y270.666 E1981.42588
;WIPE_START
G1 F600
G1 X280.366 Y270.66 E-30
;WIPE_END
G1 Z59 F15000
G1 X272.813 Y413.08 Z59
G1 Z58
G1 E40 F9000
;TYPE:Sparse infill
;WIDTH:3.2
G1 F2779.614
G1 X272.813 Y401.568 E49.70059
G1 X401.568 Y272.813 E786.09564
G1 X413.08 Y272.813 E49.70059
;WIPE_START
G1 F600
G1 X403.08 Y272.813 E-30
;WIPE_END
G1 Z59 F15000
G1 X272.813 Y575.89 Z59
G1 Z58
G1 E40 F9000
G1 F2779.614
G1 X272.813 Y564.377 E49.70059
G1 X564.378 Y272.813 E1780.10741
M73 P18 R734
G1 X575.89 Y272.813 E49.70059
;WIPE_START
G1 F600
G1 X565.89 Y272.813 E-30
;WIPE_END
G1 Z59 F15000
G1 X727.187 Y413.08 Z59
G1 Z58
G1 E40 F9000
G1 F2779.614
G1 X727.187 Y401.568 E49.70059
G1 X598.432 Y272.813 E786.09564
G1 X586.92 Y272.813 E49.70059
;WIPE_START
G1 F600
G1 X596.92 Y272.813 E-30
;WIPE_END
G1 Z59 F15000
G1 X727.187 Y575.89 Z59
G1 Z58
G1 E40 F9000
G1 F2779.614
G1 X727.187 Y564.378 E49.70059
G1 X435.622 Y272.813 E1780.10742
G1 X424.11 Y272.813 E49.70059
;WIPE_START
G1 F600
G1 X434.11 Y272.813 E-30
;WIPE_END
G1 Z59 F15000
G1 X424.11 Y727.187 Z59
G1 Z58
G1 E40 F9000
G1 F2779.614
G1 X435.622 Y727.187 E49.70059
G1 X727.187 Y435.623 E1780.10743
G1 X727.187 Y424.11 E49.70059
;WIPE_START
G1 F600
G1 X727.187 Y434.11 E-30
;WIPE_END
G1 Z59 F15000
G1 X715.675 Y727.187 Z59
G1 Z58
G1 E40 F9000
G1 F2779.614
G1 X727.187 Y727.187 E49.70059
G1 X272.813 Y272.813 E2774.11918
G1 X284.325 Y272.813 E49.70059
M73 P18 R733
;WIPE_START
G1 F600
G1 X274.325 Y272.813 E-30
;WIPE_END
G1 Z59 F15000
G1 X284.325 Y727.187 Z59
G1 Z58
G1 E40 F9000
G1 F2779.614
G1 X272.813 Y727.187 E49.70025
G1 X727.187 Y272.813 E2774.11872
G1 X715.675 Y272.813 E49.70027
;WIPE_START
G1 F600
G1 X725.675 Y272.813 E-30
;WIPE_END
G1 Z59 F15000
G1 X586.92 Y727.187 Z59
G1 Z58
G1 E40 F9000
G1 F2779.614
G1 X598.432 Y727.187 E49.70059
G1 X727.187 Y598.432 E786.09565
G1 X727.187 Y586.92 E49.70059
;WIPE_START
G1 F600
G1 X727.187 Y596.92 E-30
;WIPE_END
G1 Z59 F15000
G1 X575.89 Y727.187 Z59
G1 Z58
G1 E40 F9000
G1 F2779.614
G1 X564.378 Y727.187 E49.70059
G1 X272.813 Y435.622 E1780.10742
G1 X272.813 Y424.11 E49.70059
;WIPE_START
G1 F600
G1 X272.813 Y434.11 E-30
;WIPE_END
G1 Z59 F15000
G1 X413.08 Y727.187 Z59
G1 Z58
G1 E40 F9000
G1 F2779.614
G1 X401.568 Y727.187 E49.70059
G1 X272.813 Y598.432 E786.09565
G1 X272.813 Y586.92 E49.70059
; stop printing object Cube id:0 copy 0
;LAYER_CHANGE
;Z:59.5
;HEIGHT:1.5
;BEFORE_LAYER_CHANGE
;59.5
G92 E0

EXCLUDE_OBJECT_END NAME=Cube_id_0_copy_0
;AFTER_LAYER_CHANGE
;59.5
;_SET_FAN_SPEED_CHANGING_LAYER
; printing object Cube id:0 copy 0
;WIPE_START
G1 F600
G1 X272.813 Y596.92 E-30
;WIPE_END
EXCLUDE_OBJECT_START NAME=Cube_id_0_copy_0
G1 Z60.5 F15000
G1 X270.366 Y729.634 Z60.5
G1 Z59.5
G1 E40 F9000
;TYPE:Outer wall
;WIDTH:3.2
G1 F2779.615
G1 X270.366 Y270.366 E1982.72102
G1 F2760
M73 P18 R732
G1 X729.634 Y270.366 E1982.72107
G1 X729.634 Y729.634 E1982.72102
G1 X270.666 Y729.634 E1981.42588
;WIPE_START
G1 F600
G1 X270.66 Y719.634 E-30
;WIPE_END
G1 Z60.5 F15000
G1 X272.813 Y586.92 Z60.5
G1 Z59.5
G1 E40 F9000
;TYPE:Sparse infill
;WIDTH:3.2
G1 F2779.614
G1 X272.813 Y598.432 E49.70059
G1 X401.568 Y727.187 E786.09565
G1 X413.08 Y727.187 E49.70059
;WIPE_START
G1 F600
G1 X403.08 Y727.187 E-30
;WIPE_END
G1 Z60.5 F15000
G1 X272.813 Y424.11 Z60.5
G1 Z59.5
G1 E40 F9000
G1 F2779.614
G1 X272.813 Y435.622 E49.70059
G1 X564.378 Y727.187 E1780.10742
G1 X575.89 Y727.187 E49.70059
;WIPE_START
G1 F600
G1 X565.89 Y727.187 E-30
;WIPE_END
G1 Z60.5 F15000
G1 X727.187 Y586.92 Z60.5
G1 Z59.5
G1 E40 F9000
G1 F2779.614
G1 X727.187 Y598.432 E49.70059
G1 X598.432 Y727.187 E786.09565
G1 X586.92 Y727.187 E49.70059
;WIPE_START
G1 F600
M73 P18 R731
G1 X596.92 Y727.187 E-30
;WIPE_END
G1 Z60.5 F15000
G1 X727.187 Y424.11 Z60.5
G1 Z59.5
G1 E40 F9000
G1 F2779.614
G1 X727.187 Y435.623 E49.70059
G1 X435.622 Y727.187 E1780.10743
G1 X424.11 Y727.187 E49.70059
;WIPE_START
G1 F600
G1 X434.11 Y727.187 E-30
;WIPE_END
G1 Z60.5 F15000
G1 X424.11 Y272.813 Z60.5
G1 Z59.5
G1 E40 F9000
G1 F2779.614
G1 X435.622 Y272.813 E49.70059
G1 X727.187 Y564.378 E1780.10742
G1 X727.187 Y575.89 E49.70059
;WIPE_START
G1 F600
G1 X727.187 Y565.89 E-30
;WIPE_END
G1 Z60.5 F15000
G1 X715.675 Y272.813 Z60.5
G1 Z59.5
G1 E40 F9000
G1 F2779.614
G1 X727.187 Y272.813 E49.70027
G1 X272.813 Y727.187 E2774.11872
G1 X284.325 Y727.187 E49.70025
;WIPE_START
G1 F600
G1 X274.325 Y727.187 E-30
;WIPE_END
G1 Z60.5 F15000
G1 X284.325 Y272.813 Z60.5
G1 Z59.5
G1 E40 F9000
G1 F2779.614
G1 X272.813 Y272.813 E49.70059
G1 X727.187 Y727.187 E2774.11918
G1 X715.675 Y727.187 E49.70059
M73 P18 R730
;WIPE_START
G1 F600
G1 X725.675 Y727.187 E-30
;WIPE_END
G1 Z60.5 F15000
G1 X586.92 Y272.813 Z60.5
G1 Z59.5
G1 E40 F9000
G1 F2779.614
G1 X598.432 Y272.813 E49.70059
G1 X727.187 Y401.568 E786.09564
G1 X727.187 Y413.08 E49.70059
;WIPE_START
G1 F600
G1 X727.187 Y403.08 E-30
;WIPE_END
G1 Z60.5 F15000
G1 X575.89 Y272.813 Z60.5
G1 Z59.5
G1 E40 F9000
G1 F2779.614
G1 X564.378 Y272.813 E49.70059
G1 X272.813 Y564.377 E1780.10741
G1 X272.813 Y575.89 E49.70059
;WIPE_START
G1 F600
G1 X272.813 Y565.89 E-30
;WIPE_END
G1 Z60.5 F15000
G1 X413.08 Y272.813 Z60.5
G1 Z59.5
G1 E40 F9000
G1 F2779.614
G1 X401.568 Y272.813 E49.70059
G1 X272.813 Y401.568 E786.09564
G1 X272.813 Y413.08 E49.70059
; stop printing object Cube id:0 copy 0
;LAYER_CHANGE
;Z:61
;HEIGHT:1.5
;BEFORE_LAYER_CHANGE
;61
G92 E0

EXCLUDE_OBJECT_END NAME=Cube_id_0_copy_0
;AFTER_LAYER_CHANGE
;61
;_SET_FAN_SPEED_CHANGING_LAYER
; printing object Cube id:0 copy 0
;WIPE_START
G1 F600
G1 X272.813 Y403.08 E-30
;WIPE_END
EXCLUDE_OBJECT_START NAME=Cube_id_0_copy_0
G1 Z62 F15000
G1 X270.366 Y270.366 Z62
G1 Z61
G1 E40 F9000
;TYPE:Outer wall
;WIDTH:3.2
G1 F2779.615
G1 X729.634 Y270.366 E1982.72102
G1 F2760
G1 X729.634 Y729.634 E1982.72107
G1 X270.366 Y729.634 E1982.72102
G1 X270.366 Y270.666 E1981.42588
M73 P18 R729
;WIPE_START
G1 F600
G1 X280.366 Y270.66 E-30
;WIPE_END
G1 Z62 F15000
G1 X272.813 Y413.08 Z62
G1 Z61
G1 E40 F9000
;TYPE:Sparse infill
;WIDTH:3.2
G1 F2779.614
G1 X272.813 Y401.568 E49.70059
G1 X401.568 Y272.813 E786.09564
G1 X413.08 Y272.813 E49.70059
;WIPE_START
G1 F600
G1 X403.08 Y272.813 E-30
;WIPE_END
G1 Z62 F15000
G1 X272.813 Y575.89 Z62
G1 Z61
G1 E40 F9000
G1 F2779.614
G1 X272.813 Y564.377 E49.70059
G1 X564.378 Y272.813 E1780.10741
G1 X575.89 Y272.813 E49.70059
;WIPE_START
G1 F600
G1 X565.89 Y272.813 E-30
;WIPE_END
G1 Z62 F15000
G1 X727.187 Y413.08 Z62
G1 Z61
G1 E40 F9000
G1 F2779.614
G1 X727.187 Y401.568 E49.70059
G1 X598.432 Y272.813 E786.09564
G1 X586.92 Y272.813 E49.70059
;WIPE_START
G1 F600
G1 X596.92 Y272.813 E-30
;WIPE_END
G1 Z62 F15000
G1 X727.187 Y575.89 Z62
G1 Z61
G1 E40 F9000
G1 F2779.614
G1 X727.187 Y564.378 E49.70059
G1 X435.622 Y272.813 E1780.10742
G1 X424.11 Y272.813 E49.70059
;WIPE_START
G1 F600
G1 X434.11 Y272.813 E-30
;WIPE_END
G1 Z62 F15000
G1 X424.11 Y727.187 Z62
G1 Z61
G1 E40 F9000
G1 F2779.614
G1 X435.622 Y727.187 E49.70059
G1 X727.187 Y435.623 E1780.10743
M73 P18 R728
G1 X727.187 Y424.11 E49.70059
;WIPE_START
G1 F600
G1 X727.187 Y434.11 E-30
;WIPE_END
G1 Z62 F15000
G1 X715.675 Y727.187 Z62
G1 Z61
G1 E40 F9000
G1 F2779.614
G1 X727.187 Y727.187 E49.70059
G1 X272.813 Y272.813 E2774.11918
G1 X284.325 Y272.813 E49.70059
;WIPE_START
G1 F600
G1 X274.325 Y272.813 E-30
;WIPE_END
G1 Z62 F15000
G1 X284.325 Y727.187 Z62
G1 Z61
G1 E40 F9000
G1 F2779.614
G1 X272.813 Y727.187 E49.70025
G1 X727.187 Y272.813 E2774.11872
G1 X715.675 Y272.813 E49.70027
;WIPE_START
G1 F600
G1 X725.675 Y272.813 E-30
;WIPE_END
G1 Z62 F15000
G1 X586.92 Y727.187 Z62
G1 Z61
G1 E40 F9000
G1 F2779.614
G1 X598.432 Y727.187 E49.70059
G1 X727.187 Y598.432 E786.09565
G1 X727.187 Y586.92 E49.70059
;WIPE_START
G1 F600
G1 X727.187 Y596.92 E-30
;WIPE_END
G1 Z62 F15000
G1 X575.89 Y727.187 Z62
G1 Z61
G1 E40 F9000
G1 F2779.614
G1 X564.378 Y727.187 E49.70059
G1 X272.813 Y435.622 E1780.10742
G1 X272.813 Y424.11 E49.70059
M73 P18 R727
;WIPE_START
G1 F600
G1 X272.813 Y434.11 E-30
;WIPE_END
G1 Z62 F15000
G1 X413.08 Y727.187 Z62
G1 Z61
G1 E40 F9000
G1 F2779.614
G1 X401.568 Y727.187 E49.70059
G1 X272.813 Y598.432 E786.09565
G1 X272.813 Y586.92 E49.70059
; stop printing object Cube id:0 copy 0
;LAYER_CHANGE
;Z:62.5
;HEIGHT:1.5
;BEFORE_LAYER_CHANGE
;62.5
G92 E0

EXCLUDE_OBJECT_END NAME=Cube_id_0_copy_0
;AFTER_LAYER_CHANGE
;62.5
;_SET_FAN_SPEED_CHANGING_LAYER
; printing object Cube id:0 copy 0
;WIPE_START
G1 F600
G1 X272.813 Y596.92 E-30
;WIPE_END
EXCLUDE_OBJECT_START NAME=Cube_id_0_copy_0
G1 Z63.5 F15000
G1 X270.366 Y729.634 Z63.5
G1 Z62.5
G1 E40 F9000
;TYPE:Outer wall
;WIDTH:3.2
G1 F2779.615
G1 X270.366 Y270.366 E1982.72102
G1 F2760
M73 P19 R727
G1 X729.634 Y270.366 E1982.72107
G1 X729.634 Y729.634 E1982.72102
G1 X270.666 Y729.634 E1981.42588
;WIPE_START
G1 F600
G1 X270.66 Y719.634 E-30
;WIPE_END
G1 Z63.5 F15000
G1 X272.813 Y586.92 Z63.5
G1 Z62.5
M73 P19 R726
G1 E40 F9000
;TYPE:Sparse infill
;WIDTH:3.2
G1 F2779.614
G1 X272.813 Y598.432 E49.70059
G1 X401.568 Y727.187 E786.09565
G1 X413.08 Y727.187 E49.70059
;WIPE_START
G1 F600
G1 X403.08 Y727.187 E-30
;WIPE_END
G1 Z63.5 F15000
G1 X272.813 Y424.11 Z63.5
G1 Z62.5
G1 E40 F9000
G1 F2779.614
G1 X272.813 Y435.622 E49.70059
G1 X564.378 Y727.187 E1780.10742
G1 X575.89 Y727.187 E49.70059
;WIPE_START
G1 F600
G1 X565.89 Y727.187 E-30
;WIPE_END
G1 Z63.5 F15000
G1 X727.187 Y586.92 Z63.5
G1 Z62.5
G1 E40 F9000
G1 F2779.614
G1 X727.187 Y598.432 E49.70059
G1 X598.432 Y727.187 E786.09565
G1 X586.92 Y727.187 E49.70059
;WIPE_START
G1 F600
G1 X596.92 Y727.187 E-30
;WIPE_END
G1 Z63.5 F15000
G1 X727.187 Y424.11 Z63.5
G1 Z62.5
G1 E40 F9000
G1 F2779.614
G1 X727.187 Y435.623 E49.70059
G1 X435.622 Y727.187 E1780.10743
G1 X424.11 Y727.187 E49.70059
;WIPE_START
G1 F600
G1 X434.11 Y727.187 E-30
;WIPE_END
G1 Z63.5 F15000
G1 X424.11 Y272.813 Z63.5
G1 Z62.5
G1 E40 F9000
G1 F2779.614
G1 X435.622 Y272.813 E49.70059
G1 X727.187 Y564.378 E1780.10742
G1 X727.187 Y575.89 E49.70059
;WIPE_START
G1 F600
G1 X727.187 Y565.89 E-30
;WIPE_END
G1 Z63.5 F15000
G1 X715.675 Y272.813 Z63.5
G1 Z62.5
G1 E40 F9000
G1 F2779.614
G1 X727.187 Y272.813 E49.70027
G1 X272.813 Y727.187 E2774.11872
G1 X284.325 Y727.187 E49.70025
M73 P19 R725
;WIPE_START
G1 F600
G1 X274.325 Y727.187 E-30
;WIPE_END
G1 Z63.5 F15000
G1 X284.325 Y272.813 Z63.5
G1 Z62.5
G1 E40 F9000
G1 F2779.614
G1 X272.813 Y272.813 E49.70059
G1 X727.187 Y727.187 E2774.11918
G1 X715.675 Y727.187 E49.70059
;WIPE_START
G1 F600
G1 X725.675 Y727.187 E-30
;WIPE_END
G1 Z63.5 F15000
G1 X586.92 Y272.813 Z63.5
G1 Z62.5
G1 E40 F9000
G1 F2779.614
G1 X598.432 Y272.813 E49.70059
G1 X727.187 Y401.568 E786.09564
G1 X727.187 Y413.08 E49.70059
;WIPE_START
G1 F600
G1 X727.187 Y403.08 E-30
;WIPE_END
G1 Z63.5 F15000
G1 X575.89 Y272.813 Z63.5
G1 Z62.5
G1 E40 F9000
G1 F2779.614
G1 X564.378 Y272.813 E49.70059
G1 X272.813 Y564.377 E1780.10741
G1 X272.813 Y575.89 E49.70059
;WIPE_START
G1 F600
G1 X272.813 Y565.89 E-30
;WIPE_END
G1 Z63.5 F15000
G1 X413.08 Y272.813 Z63.5
G1 Z62.5
G1 E40 F9000
G1 F2779.614
G1 X401.568 Y272.813 E49.70059
G1 X272.813 Y401.568 E786.09564
G1 X272.813 Y413.08 E49.70059
; stop printing object Cube id:0 copy 0
;LAYER_CHANGE
;Z:64
;HEIGHT:1.5
;BEFORE_LAYER_CHANGE
;64
G92 E0

EXCLUDE_OBJECT_END NAME=Cube_id_0_copy_0
;AFTER_LAYER_CHANGE
;64
;_SET_FAN_SPEED_CHANGING_LAYER
; printing object Cube id:0 copy 0
;WIPE_START
G1 F600
G1 X272.813 Y403.08 E-30
;WIPE_END
EXCLUDE_OBJECT_START NAME=Cube_id_0_copy_0
G1 Z65 F15000
G1 X270.366 Y270.366 Z65
G1 Z64
M73 P19 R724
G1 E40 F9000
;TYPE:Outer wall
;WIDTH:3.2
G1 F2779.615
G1 X729.634 Y270.366 E1982.72102
G1 F2760
G1 X729.634 Y729.634 E1982.72107
G1 X270.366 Y729.634 E1982.72102
G1 X270.366 Y270.666 E1981.42588
;WIPE_START
G1 F600
G1 X280.366 Y270.66 E-30
;WIPE_END
G1 Z65 F15000
G1 X272.813 Y413.08 Z65
G1 Z64
G1 E40 F9000
;TYPE:Sparse infill
;WIDTH:3.2
G1 F2779.614
G1 X272.813 Y401.568 E49.70059
G1 X401.568 Y272.813 E786.09564
G1 X413.08 Y272.813 E49.70059
;WIPE_START
G1 F600
G1 X403.08 Y272.813 E-30
;WIPE_END
G1 Z65 F15000
G1 X272.813 Y575.89 Z65
G1 Z64
G1 E40 F9000
G1 F2779.614
G1 X272.813 Y564.377 E49.70059
G1 X564.378 Y272.813 E1780.10741
G1 X575.89 Y272.813 E49.70059
M73 P19 R723
;WIPE_START
G1 F600
G1 X565.89 Y272.813 E-30
;WIPE_END
G1 Z65 F15000
G1 X727.187 Y413.08 Z65
G1 Z64
G1 E40 F9000
G1 F2779.614
G1 X727.187 Y401.568 E49.70059
G1 X598.432 Y272.813 E786.09564
G1 X586.92 Y272.813 E49.70059
;WIPE_START
G1 F600
G1 X596.92 Y272.813 E-30
;WIPE_END
G1 Z65 F15000
G1 X727.187 Y575.89 Z65
G1 Z64
G1 E40 F9000
G1 F2779.614
G1 X727.187 Y564.378 E49.70059
G1 X435.622 Y272.813 E1780.10742
G1 X424.11 Y272.813 E49.70059
;WIPE_START
G1 F600
G1 X434.11 Y272.813 E-30
;WIPE_END
G1 Z65 F15000
G1 X424.11 Y727.187 Z65
G1 Z64
G1 E40 F9000
G1 F2779.614
G1 X435.622 Y727.187 E49.70059
G1 X727.187 Y435.623 E1780.10743
G1 X727.187 Y424.11 E49.70059
;WIPE_START
G1 F600
G1 X727.187 Y434.11 E-30
;WIPE_END
G1 Z65 F15000
G1 X715.675 Y727.187 Z65
G1 Z64
G1 E40 F9000
G1 F2779.614
G1 X727.187 Y727.187 E49.70059
G1 X272.813 Y272.813 E2774.11918
G1 X284.325 Y272.813 E49.70059
;WIPE_START
G1 F600
G1 X274.325 Y272.813 E-30
;WIPE_END
G1 Z65 F15000
G1 X284.325 Y727.187 Z65
G1 Z64
G1 E40 F9000
G1 F2779.614
G1 X272.813 Y727.187 E49.70025
G1 X727.187 Y272.813 E2774.11872
G1 X715.675 Y272.813 E49.70027
M73 P19 R722
;WIPE_START
G1 F600
G1 X725.675 Y272.813 E-30
;WIPE_END
G1 Z65 F15000
G1 X586.92 Y727.187 Z65
G1 Z64
G1 E40 F9000
G1 F2779.614
G1 X598.432 Y727.187 E49.70059
G1 X727.187 Y598.432 E786.09565
G1 X727.187 Y586.92 E49.70059
;WIPE_START
G1 F600
G1 X727.187 Y596.92 E-30
;WIPE_END
G1 Z65 F15000
G1 X575.89 Y727.187 Z65
G1 Z64
G1 E40 F9000
G1 F2779.614
G1 X564.378 Y727.187 E49.70059
G1 X272.813 Y435.622 E1780.10742
G1 X272.813 Y424.11 E49.70059
;WIPE_START
G1 F600
G1 X272.813 Y434.11 E-30
;WIPE_END
G1 Z65 F15000
G1 X413.08 Y727.187 Z65
G1 Z64
G1 E40 F9000
G1 F2779.614
G1 X401.568 Y727.187 E49.70059
G1 X272.813 Y598.432 E786.09565
G1 X272.813 Y586.92 E49.70059
; stop printing object Cube id:0 copy 0
;LAYER_CHANGE
;Z:65.5
;HEIGHT:1.5
;BEFORE_LAYER_CHANGE
;65.5
G92 E0

EXCLUDE_OBJECT_END NAME=Cube_id_0_copy_0
;AFTER_LAYER_CHANGE
;65.5
;_SET_FAN_SPEED_CHANGING_LAYER
; printing object Cube id:0 copy 0
;WIPE_START
G1 F600
G1 X272.813 Y596.92 E-30
;WIPE_END
EXCLUDE_OBJECT_START NAME=Cube_id_0_copy_0
G1 Z66.5 F15000
G1 X270.366 Y729.634 Z66.5
G1 Z65.5
G1 E40 F9000
;TYPE:Outer wall
;WIDTH:3.2
G1 F2779.615
G1 X270.366 Y270.366 E1982.72102
G1 F2760
G1 X729.634 Y270.366 E1982.72107
G1 X729.634 Y729.634 E1982.72102
M73 P19 R721
G1 X270.666 Y729.634 E1981.42588
;WIPE_START
G1 F600
G1 X270.66 Y719.634 E-30
;WIPE_END
G1 Z66.5 F15000
G1 X272.813 Y586.92 Z66.5
G1 Z65.5
G1 E40 F9000
;TYPE:Sparse infill
;WIDTH:3.2
G1 F2779.614
G1 X272.813 Y598.432 E49.70059
G1 X401.568 Y727.187 E786.09565
G1 X413.08 Y727.187 E49.70059
;WIPE_START
G1 F600
G1 X403.08 Y727.187 E-30
;WIPE_END
G1 Z66.5 F15000
G1 X272.813 Y424.11 Z66.5
G1 Z65.5
G1 E40 F9000
G1 F2779.614
G1 X272.813 Y435.622 E49.70059
G1 X564.378 Y727.187 E1780.10742
G1 X575.89 Y727.187 E49.70059
;WIPE_START
G1 F600
G1 X565.89 Y727.187 E-30
;WIPE_END
G1 Z66.5 F15000
G1 X727.187 Y586.92 Z66.5
G1 Z65.5
G1 E40 F9000
G1 F2779.614
G1 X727.187 Y598.432 E49.70059
G1 X598.432 Y727.187 E786.09565
G1 X586.92 Y727.187 E49.70059
;WIPE_START
G1 F600
G1 X596.92 Y727.187 E-30
;WIPE_END
G1 Z66.5 F15000
G1 X727.187 Y424.11 Z66.5
G1 Z65.5
G1 E40 F9000
G1 F2779.614
G1 X727.187 Y435.623 E49.70059
G1 X435.622 Y727.187 E1780.10743
G1 X424.11 Y727.187 E49.70059
M73 P19 R720
;WIPE_START
G1 F600
G1 X434.11 Y727.187 E-30
;WIPE_END
G1 Z66.5 F15000
G1 X424.11 Y272.813 Z66.5
G1 Z65.5
G1 E40 F9000
G1 F2779.614
G1 X435.622 Y272.813 E49.70059
G1 X727.187 Y564.378 E1780.10742
G1 X727.187 Y575.89 E49.70059
;WIPE_START
G1 F600
G1 X727.187 Y565.89 E-30
;WIPE_END
G1 Z66.5 F15000
G1 X715.675 Y272.813 Z66.5
G1 Z65.5
G1 E40 F9000
G1 F2779.614
G1 X727.187 Y272.813 E49.70027
G1 X272.813 Y727.187 E2774.11872
G1 X284.325 Y727.187 E49.70025
;WIPE_START
G1 F600
G1 X274.325 Y727.187 E-30
;WIPE_END
G1 Z66.5 F15000
G1 X284.325 Y272.813 Z66.5
G1 Z65.5
G1 E40 F9000
G1 F2779.614
G1 X272.813 Y272.813 E49.70059
G1 X727.187 Y727.187 E2774.11918
G1 X715.675 Y727.187 E49.70059
;WIPE_START
G1 F600
G1 X725.675 Y727.187 E-30
;WIPE_END
G1 Z66.5 F15000
G1 X586.92 Y272.813 Z66.5
G1 Z65.5
G1 E40 F9000
G1 F2779.614
G1 X598.432 Y272.813 E49.70059
G1 X727.187 Y401.568 E786.09564
G1 X727.187 Y413.08 E49.70059
M73 P19 R719
;WIPE_START
G1 F600
G1 X727.187 Y403.08 E-30
;WIPE_END
G1 Z66.5 F15000
G1 X575.89 Y272.813 Z66.5
G1 Z65.5
G1 E40 F9000
G1 F2779.614
G1 X564.378 Y272.813 E49.70059
G1 X272.813 Y564.377 E1780.10741
G1 X272.813 Y575.89 E49.70059
;WIPE_START
G1 F600
G1 X272.813 Y565.89 E-30
;WIPE_END
G1 Z66.5 F15000
G1 X413.08 Y272.813 Z66.5
G1 Z65.5
G1 E40 F9000
G1 F2779.614
G1 X401.568 Y272.813 E49.70059
G1 X272.813 Y401.568 E786.09564
G1 X272.813 Y413.08 E49.70059
; stop printing object Cube id:0 copy 0
;LAYER_CHANGE
;Z:67
;HEIGHT:1.5
;BEFORE_LAYER_CHANGE
;67
G92 E0

EXCLUDE_OBJECT_END NAME=Cube_id_0_copy_0
;AFTER_LAYER_CHANGE
;67
;_SET_FAN_SPEED_CHANGING_LAYER
; printing object Cube id:0 copy 0
;WIPE_START
G1 F600
G1 X272.813 Y403.08 E-30
;WIPE_END
EXCLUDE_OBJECT_START NAME=Cube_id_0_copy_0
G1 Z68 F15000
G1 X270.366 Y270.366 Z68
G1 Z67
G1 E40 F9000
;TYPE:Outer wall
;WIDTH:3.2
G1 F2779.615
G1 X729.634 Y270.366 E1982.72102
G1 F2760
G1 X729.634 Y729.634 E1982.72107
G1 X270.366 Y729.634 E1982.72102
G1 X270.366 Y270.666 E1981.42588
;WIPE_START
G1 F600
M73 P19 R718
G1 X280.366 Y270.66 E-30
;WIPE_END
G1 Z68 F15000
G1 X272.813 Y413.08 Z68
G1 Z67
G1 E40 F9000
;TYPE:Sparse infill
;WIDTH:3.2
G1 F2779.614
G1 X272.813 Y401.568 E49.70059
G1 X401.568 Y272.813 E786.09564
G1 X413.08 Y272.813 E49.70059
;WIPE_START
G1 F600
G1 X403.08 Y272.813 E-30
;WIPE_END
G1 Z68 F15000
G1 X272.813 Y575.89 Z68
G1 Z67
G1 E40 F9000
G1 F2779.614
M73 P20 R718
G1 X272.813 Y564.377 E49.70059
G1 X564.378 Y272.813 E1780.10741
G1 X575.89 Y272.813 E49.70059
;WIPE_START
G1 F600
G1 X565.89 Y272.813 E-30
;WIPE_END
G1 Z68 F15000
G1 X727.187 Y413.08 Z68
G1 Z67
G1 E40 F9000
G1 F2779.614
G1 X727.187 Y401.568 E49.70059
G1 X598.432 Y272.813 E786.09564
G1 X586.92 Y272.813 E49.70059
;WIPE_START
G1 F600
G1 X596.92 Y272.813 E-30
;WIPE_END
G1 Z68 F15000
G1 X727.187 Y575.89 Z68
G1 Z67
G1 E40 F9000
G1 F2779.614
G1 X727.187 Y564.378 E49.70059
G1 X435.622 Y272.813 E1780.10742
G1 X424.11 Y272.813 E49.70059
;WIPE_START
G1 F600
G1 X434.11 Y272.813 E-30
;WIPE_END
G1 Z68 F15000
G1 X424.11 Y727.187 Z68
G1 Z67
G1 E40 F9000
G1 F2779.614
G1 X435.622 Y727.187 E49.70059
G1 X727.187 Y435.623 E1780.10743
G1 X727.187 Y424.11 E49.70059
M73 P20 R717
;WIPE_START
G1 F600
G1 X727.187 Y434.11 E-30
;WIPE_END
G1 Z68 F15000
G1 X715.675 Y727.187 Z68
G1 Z67
G1 E40 F9000
G1 F2779.614
G1 X727.187 Y727.187 E49.70059
G1 X272.813 Y272.813 E2774.11918
G1 X284.325 Y272.813 E49.70059
;WIPE_START
G1 F600
G1 X274.325 Y272.813 E-30
;WIPE_END
G1 Z68 F15000
G1 X284.325 Y727.187 Z68
G1 Z67
G1 E40 F9000
G1 F2779.614
G1 X272.813 Y727.187 E49.70025
G1 X727.187 Y272.813 E2774.11872
G1 X715.675 Y272.813 E49.70027
;WIPE_START
G1 F600
G1 X725.675 Y272.813 E-30
;WIPE_END
G1 Z68 F15000
G1 X586.92 Y727.187 Z68
G1 Z67
G1 E40 F9000
G1 F2779.614
G1 X598.432 Y727.187 E49.70059
G1 X727.187 Y598.432 E786.09565
G1 X727.187 Y586.92 E49.70059
;WIPE_START
G1 F600
G1 X727.187 Y596.92 E-30
;WIPE_END
G1 Z68 F15000
G1 X575.89 Y727.187 Z68
G1 Z67
G1 E40 F9000
G1 F2779.614
G1 X564.378 Y727.187 E49.70059
G1 X272.813 Y435.622 E1780.10742
G1 X272.813 Y424.11 E49.70059
;WIPE_START
G1 F600
G1 X272.813 Y434.11 E-30
;WIPE_END
G1 Z68 F15000
M73 P20 R716
G1 X413.08 Y727.187 Z68
G1 Z67
G1 E40 F9000
G1 F2779.614
G1 X401.568 Y727.187 E49.70059
G1 X272.813 Y598.432 E786.09565
G1 X272.813 Y586.92 E49.70059
; stop printing object Cube id:0 copy 0
;LAYER_CHANGE
;Z:68.5
;HEIGHT:1.5
;BEFORE_LAYER_CHANGE
;68.5
G92 E0

EXCLUDE_OBJECT_END NAME=Cube_id_0_copy_0
;AFTER_LAYER_CHANGE
;68.5
;_SET_FAN_SPEED_CHANGING_LAYER
; printing object Cube id:0 copy 0
;WIPE_START
G1 F600
G1 X272.813 Y596.92 E-30
;WIPE_END
EXCLUDE_OBJECT_START NAME=Cube_id_0_copy_0
G1 Z69.5 F15000
G1 X270.366 Y729.634 Z69.5
G1 Z68.5
G1 E40 F9000
;TYPE:Outer wall
;WIDTH:3.2
G1 F2779.615
G1 X270.366 Y270.366 E1982.72102
G1 F2760
G1 X729.634 Y270.366 E1982.72107
G1 X729.634 Y729.634 E1982.72102
G1 X270.666 Y729.634 E1981.42588
;WIPE_START
G1 F600
G1 X270.66 Y719.634 E-30
;WIPE_END
G1 Z69.5 F15000
G1 X272.813 Y586.92 Z69.5
G1 Z68.5
G1 E40 F9000
;TYPE:Sparse infill
;WIDTH:3.2
G1 F2779.614
G1 X272.813 Y598.432 E49.70059
G1 X401.568 Y727.187 E786.09565
G1 X413.08 Y727.187 E49.70059
;WIPE_START
G1 F600
G1 X403.08 Y727.187 E-30
;WIPE_END
G1 Z69.5 F15000
G1 X272.813 Y424.11 Z69.5
G1 Z68.5
G1 E40 F9000
M73 P20 R715
G1 F2779.614
G1 X272.813 Y435.622 E49.70059
G1 X564.378 Y727.187 E1780.10742
G1 X575.89 Y727.187 E49.70059
;WIPE_START
G1 F600
G1 X565.89 Y727.187 E-30
;WIPE_END
G1 Z69.5 F15000
G1 X727.187 Y586.92 Z69.5
G1 Z68.5
G1 E40 F9000
G1 F2779.614
G1 X727.187 Y598.432 E49.70059
G1 X598.432 Y727.187 E786.09565
G1 X586.92 Y727.187 E49.70059
;WIPE_START
G1 F600
G1 X596.92 Y727.187 E-30
;WIPE_END
G1 Z69.5 F15000
G1 X727.187 Y424.11 Z69.5
G1 Z68.5
G1 E40 F9000
G1 F2779.614
G1 X727.187 Y435.623 E49.70059
G1 X435.622 Y727.187 E1780.10743
G1 X424.11 Y727.187 E49.70059
;WIPE_START
G1 F600
G1 X434.11 Y727.187 E-30
;WIPE_END
G1 Z69.5 F15000
G1 X424.11 Y272.813 Z69.5
G1 Z68.5
G1 E40 F9000
G1 F2779.614
G1 X435.622 Y272.813 E49.70059
G1 X727.187 Y564.378 E1780.10742
G1 X727.187 Y575.89 E49.70059
;WIPE_START
G1 F600
G1 X727.187 Y565.89 E-30
;WIPE_END
G1 Z69.5 F15000
G1 X715.675 Y272.813 Z69.5
G1 Z68.5
G1 E40 F9000
G1 F2779.614
G1 X727.187 Y272.813 E49.70027
G1 X272.813 Y727.187 E2774.11872
G1 X284.325 Y727.187 E49.70025
M73 P20 R714
;WIPE_START
G1 F600
G1 X274.325 Y727.187 E-30
;WIPE_END
G1 Z69.5 F15000
G1 X284.325 Y272.813 Z69.5
G1 Z68.5
G1 E40 F9000
G1 F2779.614
G1 X272.813 Y272.813 E49.70059
G1 X727.187 Y727.187 E2774.11918
G1 X715.675 Y727.187 E49.70059
;WIPE_START
G1 F600
G1 X725.675 Y727.187 E-30
;WIPE_END
G1 Z69.5 F15000
G1 X586.92 Y272.813 Z69.5
G1 Z68.5
G1 E40 F9000
G1 F2779.614
G1 X598.432 Y272.813 E49.70059
G1 X727.187 Y401.568 E786.09564
G1 X727.187 Y413.08 E49.70059
;WIPE_START
G1 F600
G1 X727.187 Y403.08 E-30
;WIPE_END
G1 Z69.5 F15000
G1 X575.89 Y272.813 Z69.5
G1 Z68.5
G1 E40 F9000
G1 F2779.614
G1 X564.378 Y272.813 E49.70059
G1 X272.813 Y564.377 E1780.10741
G1 X272.813 Y575.89 E49.70059
;WIPE_START
G1 F600
G1 X272.813 Y565.89 E-30
;WIPE_END
G1 Z69.5 F15000
G1 X413.08 Y272.813 Z69.5
G1 Z68.5
G1 E40 F9000
G1 F2779.614
G1 X401.568 Y272.813 E49.70059
G1 X272.813 Y401.568 E786.09564
G1 X272.813 Y413.08 E49.70059
; stop printing object Cube id:0 copy 0
;LAYER_CHANGE
;Z:70
;HEIGHT:1.5
;BEFORE_LAYER_CHANGE
;70
G92 E0

EXCLUDE_OBJECT_END NAME=Cube_id_0_copy_0
;AFTER_LAYER_CHANGE
;70
;_SET_FAN_SPEED_CHANGING_LAYER
; printing object Cube id:0 copy 0
;WIPE_START
G1 F600
G1 X272.813 Y403.08 E-30
;WIPE_END
EXCLUDE_OBJECT_START NAME=Cube_id_0_copy_0
G1 Z71 F15000
G1 X270.366 Y270.366 Z71
G1 Z70
G1 E40 F9000
;TYPE:Outer wall
;WIDTH:3.2
G1 F2779.615
G1 X729.634 Y270.366 E1982.72102
G1 F2760
M73 P20 R713
G1 X729.634 Y729.634 E1982.72107
G1 X270.366 Y729.634 E1982.72102
G1 X270.366 Y270.666 E1981.42588
;WIPE_START
G1 F600
G1 X280.366 Y270.66 E-30
;WIPE_END
G1 Z71 F15000
G1 X272.813 Y413.08 Z71
G1 Z70
G1 E40 F9000
;TYPE:Sparse infill
;WIDTH:3.2
G1 F2779.614
G1 X272.813 Y401.568 E49.70059
G1 X401.568 Y272.813 E786.09564
G1 X413.08 Y272.813 E49.70059
;WIPE_START
G1 F600
G1 X403.08 Y272.813 E-30
;WIPE_END
G1 Z71 F15000
G1 X272.813 Y575.89 Z71
G1 Z70
G1 E40 F9000
G1 F2779.614
G1 X272.813 Y564.377 E49.70059
G1 X564.378 Y272.813 E1780.10741
G1 X575.89 Y272.813 E49.70059
;WIPE_START
G1 F600
G1 X565.89 Y272.813 E-30
;WIPE_END
G1 Z71 F15000
G1 X727.187 Y413.08 Z71
G1 Z70
G1 E40 F9000
G1 F2779.614
G1 X727.187 Y401.568 E49.70059
G1 X598.432 Y272.813 E786.09564
G1 X586.92 Y272.813 E49.70059
M73 P20 R712
;WIPE_START
G1 F600
G1 X596.92 Y272.813 E-30
;WIPE_END
G1 Z71 F15000
G1 X727.187 Y575.89 Z71
G1 Z70
G1 E40 F9000
G1 F2779.614
G1 X727.187 Y564.378 E49.70059
G1 X435.622 Y272.813 E1780.10742
G1 X424.11 Y272.813 E49.70059
;WIPE_START
G1 F600
G1 X434.11 Y272.813 E-30
;WIPE_END
G1 Z71 F15000
G1 X424.11 Y727.187 Z71
G1 Z70
G1 E40 F9000
G1 F2779.614
G1 X435.622 Y727.187 E49.70059
G1 X727.187 Y435.623 E1780.10743
G1 X727.187 Y424.11 E49.70059
;WIPE_START
G1 F600
G1 X727.187 Y434.11 E-30
;WIPE_END
G1 Z71 F15000
G1 X715.675 Y727.187 Z71
G1 Z70
G1 E40 F9000
G1 F2779.614
G1 X727.187 Y727.187 E49.70059
G1 X272.813 Y272.813 E2774.11918
G1 X284.325 Y272.813 E49.70059
;WIPE_START
G1 F600
G1 X274.325 Y272.813 E-30
;WIPE_END
G1 Z71 F15000
G1 X284.325 Y727.187 Z71
G1 Z70
G1 E40 F9000
G1 F2779.614
G1 X272.813 Y727.187 E49.70025
G1 X727.187 Y272.813 E2774.11872
G1 X715.675 Y272.813 E49.70027
M73 P20 R711
;WIPE_START
G1 F600
G1 X725.675 Y272.813 E-30
;WIPE_END
G1 Z71 F15000
G1 X586.92 Y727.187 Z71
G1 Z70
G1 E40 F9000
G1 F2779.614
G1 X598.432 Y727.187 E49.70059
G1 X727.187 Y598.432 E786.09565
G1 X727.187 Y586.92 E49.70059
;WIPE_START
G1 F600
G1 X727.187 Y596.92 E-30
;WIPE_END
G1 Z71 F15000
G1 X575.89 Y727.187 Z71
G1 Z70
G1 E40 F9000
G1 F2779.614
G1 X564.378 Y727.187 E49.70059
G1 X272.813 Y435.622 E1780.10742
G1 X272.813 Y424.11 E49.70059
;WIPE_START
G1 F600
G1 X272.813 Y434.11 E-30
;WIPE_END
G1 Z71 F15000
G1 X413.08 Y727.187 Z71
G1 Z70
G1 E40 F9000
G1 F2779.614
G1 X401.568 Y727.187 E49.70059
G1 X272.813 Y598.432 E786.09565
G1 X272.813 Y586.92 E49.70059
; stop printing object Cube id:0 copy 0
;LAYER_CHANGE
;Z:71.5
;HEIGHT:1.5
;BEFORE_LAYER_CHANGE
;71.5
G92 E0

EXCLUDE_OBJECT_END NAME=Cube_id_0_copy_0
;AFTER_LAYER_CHANGE
;71.5
;_SET_FAN_SPEED_CHANGING_LAYER
; printing object Cube id:0 copy 0
;WIPE_START
G1 F600
G1 X272.813 Y596.92 E-30
;WIPE_END
EXCLUDE_OBJECT_START NAME=Cube_id_0_copy_0
G1 Z72.5 F15000
G1 X270.366 Y729.634 Z72.5
G1 Z71.5
G1 E40 F9000
;TYPE:Outer wall
;WIDTH:3.2
G1 F2779.615
G1 X270.366 Y270.366 E1982.72102
G1 F2760
G1 X729.634 Y270.366 E1982.72107
G1 X729.634 Y729.634 E1982.72102
G1 X270.666 Y729.634 E1981.42588
M73 P20 R710
;WIPE_START
G1 F600
G1 X270.66 Y719.634 E-30
;WIPE_END
G1 Z72.5 F15000
G1 X272.813 Y586.92 Z72.5
G1 Z71.5
G1 E40 F9000
;TYPE:Sparse infill
;WIDTH:3.2
G1 F2779.614
G1 X272.813 Y598.432 E49.70059
G1 X401.568 Y727.187 E786.09565
G1 X413.08 Y727.187 E49.70059
;WIPE_START
G1 F600
G1 X403.08 Y727.187 E-30
;WIPE_END
G1 Z72.5 F15000
G1 X272.813 Y424.11 Z72.5
G1 Z71.5
G1 E40 F9000
G1 F2779.614
G1 X272.813 Y435.622 E49.70059
G1 X564.378 Y727.187 E1780.10742
G1 X575.89 Y727.187 E49.70059
;WIPE_START
G1 F600
G1 X565.89 Y727.187 E-30
;WIPE_END
G1 Z72.5 F15000
G1 X727.187 Y586.92 Z72.5
G1 Z71.5
G1 E40 F9000
G1 F2779.614
G1 X727.187 Y598.432 E49.70059
G1 X598.432 Y727.187 E786.09565
G1 X586.92 Y727.187 E49.70059
;WIPE_START
G1 F600
G1 X596.92 Y727.187 E-30
;WIPE_END
G1 Z72.5 F15000
G1 X727.187 Y424.11 Z72.5
G1 Z71.5
G1 E40 F9000
G1 F2779.614
G1 X727.187 Y435.623 E49.70059
G1 X435.622 Y727.187 E1780.10743
G1 X424.11 Y727.187 E49.70059
;WIPE_START
G1 F600
G1 X434.11 Y727.187 E-30
;WIPE_END
G1 Z72.5 F15000
G1 X424.11 Y272.813 Z72.5
G1 Z71.5
G1 E40 F9000
M73 P20 R709
G1 F2779.614
G1 X435.622 Y272.813 E49.70059
G1 X727.187 Y564.378 E1780.10742
G1 X727.187 Y575.89 E49.70059
;WIPE_START
G1 F600
G1 X727.187 Y565.89 E-30
;WIPE_END
G1 Z72.5 F15000
G1 X715.675 Y272.813 Z72.5
G1 Z71.5
G1 E40 F9000
G1 F2779.614
G1 X727.187 Y272.813 E49.70027
G1 X272.813 Y727.187 E2774.11872
G1 X284.325 Y727.187 E49.70025
M73 P21 R709
;WIPE_START
G1 F600
G1 X274.325 Y727.187 E-30
;WIPE_END
G1 Z72.5 F15000
G1 X284.325 Y272.813 Z72.5
G1 Z71.5
G1 E40 F9000
G1 F2779.614
G1 X272.813 Y272.813 E49.70059
G1 X727.187 Y727.187 E2774.11918
G1 X715.675 Y727.187 E49.70059
;WIPE_START
G1 F600
G1 X725.675 Y727.187 E-30
;WIPE_END
G1 Z72.5 F15000
G1 X586.92 Y272.813 Z72.5
G1 Z71.5
G1 E40 F9000
G1 F2779.614
G1 X598.432 Y272.813 E49.70059
G1 X727.187 Y401.568 E786.09564
G1 X727.187 Y413.08 E49.70059
;WIPE_START
G1 F600
G1 X727.187 Y403.08 E-30
;WIPE_END
G1 Z72.5 F15000
G1 X575.89 Y272.813 Z72.5
G1 Z71.5
G1 E40 F9000
G1 F2779.614
G1 X564.378 Y272.813 E49.70059
G1 X272.813 Y564.377 E1780.10741
G1 X272.813 Y575.89 E49.70059
M73 P21 R708
;WIPE_START
G1 F600
G1 X272.813 Y565.89 E-30
;WIPE_END
G1 Z72.5 F15000
G1 X413.08 Y272.813 Z72.5
G1 Z71.5
G1 E40 F9000
G1 F2779.614
G1 X401.568 Y272.813 E49.70059
G1 X272.813 Y401.568 E786.09564
G1 X272.813 Y413.08 E49.70059
; stop printing object Cube id:0 copy 0
;LAYER_CHANGE
;Z:73
;HEIGHT:1.5
;BEFORE_LAYER_CHANGE
;73
G92 E0

EXCLUDE_OBJECT_END NAME=Cube_id_0_copy_0
;AFTER_LAYER_CHANGE
;73
;_SET_FAN_SPEED_CHANGING_LAYER
; printing object Cube id:0 copy 0
;WIPE_START
G1 F600
G1 X272.813 Y403.08 E-30
;WIPE_END
EXCLUDE_OBJECT_START NAME=Cube_id_0_copy_0
G1 Z74 F15000
G1 X270.366 Y270.366 Z74
G1 Z73
G1 E40 F9000
;TYPE:Outer wall
;WIDTH:3.2
G1 F2779.615
G1 X729.634 Y270.366 E1982.72102
G1 F2760
G1 X729.634 Y729.634 E1982.72107
G1 X270.366 Y729.634 E1982.72102
G1 X270.366 Y270.666 E1981.42588
;WIPE_START
G1 F600
G1 X280.366 Y270.66 E-30
;WIPE_END
G1 Z74 F15000
G1 X272.813 Y413.08 Z74
M73 P21 R707
G1 Z73
G1 E40 F9000
;TYPE:Sparse infill
;WIDTH:3.2
G1 F2779.614
G1 X272.813 Y401.568 E49.70059
G1 X401.568 Y272.813 E786.09564
G1 X413.08 Y272.813 E49.70059
;WIPE_START
G1 F600
G1 X403.08 Y272.813 E-30
;WIPE_END
G1 Z74 F15000
G1 X272.813 Y575.89 Z74
G1 Z73
G1 E40 F9000
G1 F2779.614
G1 X272.813 Y564.377 E49.70059
G1 X564.378 Y272.813 E1780.10741
G1 X575.89 Y272.813 E49.70059
;WIPE_START
G1 F600
G1 X565.89 Y272.813 E-30
;WIPE_END
G1 Z74 F15000
G1 X727.187 Y413.08 Z74
G1 Z73
G1 E40 F9000
G1 F2779.614
G1 X727.187 Y401.568 E49.70059
G1 X598.432 Y272.813 E786.09564
G1 X586.92 Y272.813 E49.70059
;WIPE_START
G1 F600
G1 X596.92 Y272.813 E-30
;WIPE_END
G1 Z74 F15000
G1 X727.187 Y575.89 Z74
G1 Z73
G1 E40 F9000
G1 F2779.614
G1 X727.187 Y564.378 E49.70059
G1 X435.622 Y272.813 E1780.10742
G1 X424.11 Y272.813 E49.70059
;WIPE_START
G1 F600
G1 X434.11 Y272.813 E-30
;WIPE_END
G1 Z74 F15000
G1 X424.11 Y727.187 Z74
G1 Z73
G1 E40 F9000
G1 F2779.614
G1 X435.622 Y727.187 E49.70059
G1 X727.187 Y435.623 E1780.10743
G1 X727.187 Y424.11 E49.70059
;WIPE_START
G1 F600
G1 X727.187 Y434.11 E-30
;WIPE_END
G1 Z74 F15000
G1 X715.675 Y727.187 Z74
G1 Z73
G1 E40 F9000
G1 F2779.614
G1 X727.187 Y727.187 E49.70059
G1 X272.813 Y272.813 E2774.11918
G1 X284.325 Y272.813 E49.70059
M73 P21 R706
;WIPE_START
G1 F600
G1 X274.325 Y272.813 E-30
;WIPE_END
G1 Z74 F15000
G1 X284.325 Y727.187 Z74
G1 Z73
G1 E40 F9000
G1 F2779.614
G1 X272.813 Y727.187 E49.70025
G1 X727.187 Y272.813 E2774.11872
G1 X715.675 Y272.813 E49.70027
;WIPE_START
G1 F600
G1 X725.675 Y272.813 E-30
;WIPE_END
G1 Z74 F15000
G1 X586.92 Y727.187 Z74
G1 Z73
G1 E40 F9000
G1 F2779.614
G1 X598.432 Y727.187 E49.70059
G1 X727.187 Y598.432 E786.09565
G1 X727.187 Y586.92 E49.70059
;WIPE_START
G1 F600
G1 X727.187 Y596.92 E-30
;WIPE_END
G1 Z74 F15000
G1 X575.89 Y727.187 Z74
G1 Z73
G1 E40 F9000
G1 F2779.614
G1 X564.378 Y727.187 E49.70059
G1 X272.813 Y435.622 E1780.10742
G1 X272.813 Y424.11 E49.70059
;WIPE_START
G1 F600
G1 X272.813 Y434.11 E-30
;WIPE_END
G1 Z74 F15000
G1 X413.08 Y727.187 Z74
G1 Z73
G1 E40 F9000
G1 F2779.614
G1 X401.568 Y727.187 E49.70059
G1 X272.813 Y598.432 E786.09565
G1 X272.813 Y586.92 E49.70059
; stop printing object Cube id:0 copy 0
;LAYER_CHANGE
;Z:74.5
;HEIGHT:1.5
;BEFORE_LAYER_CHANGE
;74.5
G92 E0

EXCLUDE_OBJECT_END NAME=Cube_id_0_copy_0
;AFTER_LAYER_CHANGE
;74.5
;_SET_FAN_SPEED_CHANGING_LAYER
; printing object Cube id:0 copy 0
;WIPE_START
G1 F600
G1 X272.813 Y596.92 E-30
;WIPE_END
EXCLUDE_OBJECT_START NAME=Cube_id_0_copy_0
G1 Z75.5 F15000
G1 X270.366 Y729.634 Z75.5
M73 P21 R705
G1 Z74.5
G1 E40 F9000
;TYPE:Outer wall
;WIDTH:3.2
G1 F2779.615
G1 X270.366 Y270.366 E1982.72102
G1 F2760
G1 X729.634 Y270.366 E1982.72107
G1 X729.634 Y729.634 E1982.72102
G1 X270.666 Y729.634 E1981.42588
;WIPE_START
G1 F600
G1 X270.66 Y719.634 E-30
;WIPE_END
G1 Z75.5 F15000
G1 X272.813 Y586.92 Z75.5
G1 Z74.5
G1 E40 F9000
;TYPE:Sparse infill
;WIDTH:3.2
G1 F2779.614
G1 X272.813 Y598.432 E49.70059
G1 X401.568 Y727.187 E786.09565
G1 X413.08 Y727.187 E49.70059
;WIPE_START
G1 F600
G1 X403.08 Y727.187 E-30
;WIPE_END
G1 Z75.5 F15000
G1 X272.813 Y424.11 Z75.5
G1 Z74.5
G1 E40 F9000
G1 F2779.614
G1 X272.813 Y435.622 E49.70059
G1 X564.378 Y727.187 E1780.10742
G1 X575.89 Y727.187 E49.70059
M73 P21 R704
;WIPE_START
G1 F600
G1 X565.89 Y727.187 E-30
;WIPE_END
G1 Z75.5 F15000
G1 X727.187 Y586.92 Z75.5
G1 Z74.5
G1 E40 F9000
G1 F2779.614
G1 X727.187 Y598.432 E49.70059
G1 X598.432 Y727.187 E786.09565
G1 X586.92 Y727.187 E49.70059
;WIPE_START
G1 F600
G1 X596.92 Y727.187 E-30
;WIPE_END
G1 Z75.5 F15000
G1 X727.187 Y424.11 Z75.5
G1 Z74.5
G1 E40 F9000
G1 F2779.614
G1 X727.187 Y435.623 E49.70059
G1 X435.622 Y727.187 E1780.10743
G1 X424.11 Y727.187 E49.70059
;WIPE_START
G1 F600
G1 X434.11 Y727.187 E-30
;WIPE_END
G1 Z75.5 F15000
G1 X424.11 Y272.813 Z75.5
G1 Z74.5
G1 E40 F9000
G1 F2779.614
G1 X435.622 Y272.813 E49.70059
G1 X727.187 Y564.378 E1780.10742
G1 X727.187 Y575.89 E49.70059
;WIPE_START
G1 F600
G1 X727.187 Y565.89 E-30
;WIPE_END
G1 Z75.5 F15000
G1 X715.675 Y272.813 Z75.5
G1 Z74.5
G1 E40 F9000
G1 F2779.614
G1 X727.187 Y272.813 E49.70027
G1 X272.813 Y727.187 E2774.11872
G1 X284.325 Y727.187 E49.70025
;WIPE_START
G1 F600
G1 X274.325 Y727.187 E-30
;WIPE_END
G1 Z75.5 F15000
G1 X284.325 Y272.813 Z75.5
G1 Z74.5
G1 E40 F9000
G1 F2779.614
G1 X272.813 Y272.813 E49.70059
G1 X727.187 Y727.187 E2774.11918
G1 X715.675 Y727.187 E49.70059
M73 P21 R703
;WIPE_START
G1 F600
G1 X725.675 Y727.187 E-30
;WIPE_END
G1 Z75.5 F15000
G1 X586.92 Y272.813 Z75.5
G1 Z74.5
G1 E40 F9000
G1 F2779.614
G1 X598.432 Y272.813 E49.70059
G1 X727.187 Y401.568 E786.09564
G1 X727.187 Y413.08 E49.70059
;WIPE_START
G1 F600
G1 X727.187 Y403.08 E-30
;WIPE_END
G1 Z75.5 F15000
G1 X575.89 Y272.813 Z75.5
G1 Z74.5
G1 E40 F9000
G1 F2779.614
G1 X564.378 Y272.813 E49.70059
G1 X272.813 Y564.377 E1780.10741
G1 X272.813 Y575.89 E49.70059
;WIPE_START
G1 F600
G1 X272.813 Y565.89 E-30
;WIPE_END
G1 Z75.5 F15000
G1 X413.08 Y272.813 Z75.5
G1 Z74.5
G1 E40 F9000
G1 F2779.614
G1 X401.568 Y272.813 E49.70059
G1 X272.813 Y401.568 E786.09564
G1 X272.813 Y413.08 E49.70059
; stop printing object Cube id:0 copy 0
;LAYER_CHANGE
;Z:76
;HEIGHT:1.5
;BEFORE_LAYER_CHANGE
;76
G92 E0

EXCLUDE_OBJECT_END NAME=Cube_id_0_copy_0
;AFTER_LAYER_CHANGE
;76
;_SET_FAN_SPEED_CHANGING_LAYER
; printing object Cube id:0 copy 0
;WIPE_START
G1 F600
G1 X272.813 Y403.08 E-30
;WIPE_END
EXCLUDE_OBJECT_START NAME=Cube_id_0_copy_0
G1 Z77 F15000
G1 X270.366 Y270.366 Z77
G1 Z76
G1 E40 F9000
;TYPE:Outer wall
;WIDTH:3.2
G1 F2779.615
G1 X729.634 Y270.366 E1982.72102
G1 F2760
G1 X729.634 Y729.634 E1982.72107
G1 X270.366 Y729.634 E1982.72102
M73 P21 R702
G1 X270.366 Y270.666 E1981.42588
;WIPE_START
G1 F600
G1 X280.366 Y270.66 E-30
;WIPE_END
G1 Z77 F15000
G1 X272.813 Y413.08 Z77
G1 Z76
G1 E40 F9000
;TYPE:Sparse infill
;WIDTH:3.2
G1 F2779.614
G1 X272.813 Y401.568 E49.70059
G1 X401.568 Y272.813 E786.09564
G1 X413.08 Y272.813 E49.70059
;WIPE_START
G1 F600
G1 X403.08 Y272.813 E-30
;WIPE_END
G1 Z77 F15000
G1 X272.813 Y575.89 Z77
G1 Z76
G1 E40 F9000
G1 F2779.614
G1 X272.813 Y564.377 E49.70059
G1 X564.378 Y272.813 E1780.10741
G1 X575.89 Y272.813 E49.70059
;WIPE_START
G1 F600
G1 X565.89 Y272.813 E-30
;WIPE_END
G1 Z77 F15000
G1 X727.187 Y413.08 Z77
G1 Z76
G1 E40 F9000
G1 F2779.614
G1 X727.187 Y401.568 E49.70059
G1 X598.432 Y272.813 E786.09564
G1 X586.92 Y272.813 E49.70059
;WIPE_START
G1 F600
G1 X596.92 Y272.813 E-30
;WIPE_END
G1 Z77 F15000
G1 X727.187 Y575.89 Z77
G1 Z76
G1 E40 F9000
G1 F2779.614
G1 X727.187 Y564.378 E49.70059
G1 X435.622 Y272.813 E1780.10742
G1 X424.11 Y272.813 E49.70059
M73 P21 R701
;WIPE_START
G1 F600
G1 X434.11 Y272.813 E-30
;WIPE_END
G1 Z77 F15000
G1 X424.11 Y727.187 Z77
G1 Z76
G1 E40 F9000
G1 F2779.614
G1 X435.622 Y727.187 E49.70059
G1 X727.187 Y435.623 E1780.10743
G1 X727.187 Y424.11 E49.70059
;WIPE_START
G1 F600
G1 X727.187 Y434.11 E-30
;WIPE_END
G1 Z77 F15000
G1 X715.675 Y727.187 Z77
G1 Z76
G1 E40 F9000
G1 F2779.614
G1 X727.187 Y727.187 E49.70059
G1 X272.813 Y272.813 E2774.11918
G1 X284.325 Y272.813 E49.70059
;WIPE_START
G1 F600
G1 X274.325 Y272.813 E-30
;WIPE_END
G1 Z77 F15000
G1 X284.325 Y727.187 Z77
G1 Z76
G1 E40 F9000
G1 F2779.614
G1 X272.813 Y727.187 E49.70025
G1 X727.187 Y272.813 E2774.11872
G1 X715.675 Y272.813 E49.70027
;WIPE_START
G1 F600
G1 X725.675 Y272.813 E-30
;WIPE_END
G1 Z77 F15000
G1 X586.92 Y727.187 Z77
G1 Z76
G1 E40 F9000
G1 F2779.614
G1 X598.432 Y727.187 E49.70059
G1 X727.187 Y598.432 E786.09565
G1 X727.187 Y586.92 E49.70059
M73 P21 R700
;WIPE_START
G1 F600
G1 X727.187 Y596.92 E-30
;WIPE_END
G1 Z77 F15000
G1 X575.89 Y727.187 Z77
G1 Z76
G1 E40 F9000
G1 F2779.614
G1 X564.378 Y727.187 E49.70059
G1 X272.813 Y435.622 E1780.10742
G1 X272.813 Y424.11 E49.70059
M73 P22 R700
;WIPE_START
G1 F600
G1 X272.813 Y434.11 E-30
;WIPE_END
G1 Z77 F15000
G1 X413.08 Y727.187 Z77
G1 Z76
G1 E40 F9000
G1 F2779.614
G1 X401.568 Y727.187 E49.70059
G1 X272.813 Y598.432 E786.09565
G1 X272.813 Y586.92 E49.70059
; stop printing object Cube id:0 copy 0
;LAYER_CHANGE
;Z:77.5
;HEIGHT:1.5
;BEFORE_LAYER_CHANGE
;77.5
G92 E0

EXCLUDE_OBJECT_END NAME=Cube_id_0_copy_0
;AFTER_LAYER_CHANGE
;77.5
;_SET_FAN_SPEED_CHANGING_LAYER
; printing object Cube id:0 copy 0
;WIPE_START
G1 F600
G1 X272.813 Y596.92 E-30
;WIPE_END
EXCLUDE_OBJECT_START NAME=Cube_id_0_copy_0
G1 Z78.5 F15000
G1 X270.366 Y729.634 Z78.5
G1 Z77.5
G1 E40 F9000
;TYPE:Outer wall
;WIDTH:3.2
G1 F2779.615
G1 X270.366 Y270.366 E1982.72102
G1 F2760
G1 X729.634 Y270.366 E1982.72107
G1 X729.634 Y729.634 E1982.72102
G1 X270.666 Y729.634 E1981.42588
;WIPE_START
G1 F600
M73 P22 R699
G1 X270.66 Y719.634 E-30
;WIPE_END
G1 Z78.5 F15000
G1 X272.813 Y586.92 Z78.5
G1 Z77.5
G1 E40 F9000
;TYPE:Sparse infill
;WIDTH:3.2
G1 F2779.614
G1 X272.813 Y598.432 E49.70059
G1 X401.568 Y727.187 E786.09565
G1 X413.08 Y727.187 E49.70059
;WIPE_START
G1 F600
G1 X403.08 Y727.187 E-30
;WIPE_END
G1 Z78.5 F15000
G1 X272.813 Y424.11 Z78.5
G1 Z77.5
G1 E40 F9000
G1 F2779.614
G1 X272.813 Y435.622 E49.70059
G1 X564.378 Y727.187 E1780.10742
G1 X575.89 Y727.187 E49.70059
;WIPE_START
G1 F600
G1 X565.89 Y727.187 E-30
;WIPE_END
G1 Z78.5 F15000
G1 X727.187 Y586.92 Z78.5
G1 Z77.5
G1 E40 F9000
G1 F2779.614
G1 X727.187 Y598.432 E49.70059
G1 X598.432 Y727.187 E786.09565
G1 X586.92 Y727.187 E49.70059
;WIPE_START
G1 F600
G1 X596.92 Y727.187 E-30
;WIPE_END
G1 Z78.5 F15000
G1 X727.187 Y424.11 Z78.5
G1 Z77.5
G1 E40 F9000
G1 F2779.614
G1 X727.187 Y435.623 E49.70059
G1 X435.622 Y727.187 E1780.10743
G1 X424.11 Y727.187 E49.70059
;WIPE_START
G1 F600
G1 X434.11 Y727.187 E-30
;WIPE_END
G1 Z78.5 F15000
G1 X424.11 Y272.813 Z78.5
G1 Z77.5
G1 E40 F9000
G1 F2779.614
G1 X435.622 Y272.813 E49.70059
G1 X727.187 Y564.378 E1780.10742
G1 X727.187 Y575.89 E49.70059
M73 P22 R698
;WIPE_START
G1 F600
G1 X727.187 Y565.89 E-30
;WIPE_END
G1 Z78.5 F15000
G1 X715.675 Y272.813 Z78.5
G1 Z77.5
G1 E40 F9000
G1 F2779.614
G1 X727.187 Y272.813 E49.70027
G1 X272.813 Y727.187 E2774.11872
G1 X284.325 Y727.187 E49.70025
;WIPE_START
G1 F600
G1 X274.325 Y727.187 E-30
;WIPE_END
G1 Z78.5 F15000
G1 X284.325 Y272.813 Z78.5
G1 Z77.5
G1 E40 F9000
G1 F2779.614
G1 X272.813 Y272.813 E49.70059
G1 X727.187 Y727.187 E2774.11918
G1 X715.675 Y727.187 E49.70059
;WIPE_START
G1 F600
G1 X725.675 Y727.187 E-30
;WIPE_END
G1 Z78.5 F15000
G1 X586.92 Y272.813 Z78.5
G1 Z77.5
G1 E40 F9000
G1 F2779.614
G1 X598.432 Y272.813 E49.70059
G1 X727.187 Y401.568 E786.09564
G1 X727.187 Y413.08 E49.70059
;WIPE_START
G1 F600
G1 X727.187 Y403.08 E-30
;WIPE_END
G1 Z78.5 F15000
G1 X575.89 Y272.813 Z78.5
G1 Z77.5
G1 E40 F9000
G1 F2779.614
G1 X564.378 Y272.813 E49.70059
G1 X272.813 Y564.377 E1780.10741
G1 X272.813 Y575.89 E49.70059
;WIPE_START
G1 F600
G1 X272.813 Y565.89 E-30
;WIPE_END
G1 Z78.5 F15000
M73 P22 R697
G1 X413.08 Y272.813 Z78.5
G1 Z77.5
G1 E40 F9000
G1 F2779.614
G1 X401.568 Y272.813 E49.70059
G1 X272.813 Y401.568 E786.09564
G1 X272.813 Y413.08 E49.70059
; stop printing object Cube id:0 copy 0
;LAYER_CHANGE
;Z:79
;HEIGHT:1.5
;BEFORE_LAYER_CHANGE
;79
G92 E0

EXCLUDE_OBJECT_END NAME=Cube_id_0_copy_0
;AFTER_LAYER_CHANGE
;79
;_SET_FAN_SPEED_CHANGING_LAYER
; printing object Cube id:0 copy 0
;WIPE_START
G1 F600
G1 X272.813 Y403.08 E-30
;WIPE_END
EXCLUDE_OBJECT_START NAME=Cube_id_0_copy_0
G1 Z80 F15000
G1 X270.366 Y270.366 Z80
G1 Z79
G1 E40 F9000
;TYPE:Outer wall
;WIDTH:3.2
G1 F2779.615
G1 X729.634 Y270.366 E1982.72102
G1 F2760
G1 X729.634 Y729.634 E1982.72107
G1 X270.366 Y729.634 E1982.72102
G1 X270.366 Y270.666 E1981.42588
;WIPE_START
G1 F600
G1 X280.366 Y270.66 E-30
;WIPE_END
G1 Z80 F15000
G1 X272.813 Y413.08 Z80
G1 Z79
G1 E40 F9000
;TYPE:Sparse infill
;WIDTH:3.2
G1 F2779.614
G1 X272.813 Y401.568 E49.70059
G1 X401.568 Y272.813 E786.09564
G1 X413.08 Y272.813 E49.70059
;WIPE_START
G1 F600
G1 X403.08 Y272.813 E-30
;WIPE_END
G1 Z80 F15000
G1 X272.813 Y575.89 Z80
G1 Z79
M73 P22 R696
G1 E40 F9000
G1 F2779.614
G1 X272.813 Y564.377 E49.70059
G1 X564.378 Y272.813 E1780.10741
G1 X575.89 Y272.813 E49.70059
;WIPE_START
G1 F600
G1 X565.89 Y272.813 E-30
;WIPE_END
G1 Z80 F15000
G1 X727.187 Y413.08 Z80
G1 Z79
G1 E40 F9000
G1 F2779.614
G1 X727.187 Y401.568 E49.70059
G1 X598.432 Y272.813 E786.09564
G1 X586.92 Y272.813 E49.70059
;WIPE_START
G1 F600
G1 X596.92 Y272.813 E-30
;WIPE_END
G1 Z80 F15000
G1 X727.187 Y575.89 Z80
G1 Z79
G1 E40 F9000
G1 F2779.614
G1 X727.187 Y564.378 E49.70059
G1 X435.622 Y272.813 E1780.10742
G1 X424.11 Y272.813 E49.70059
;WIPE_START
G1 F600
G1 X434.11 Y272.813 E-30
;WIPE_END
G1 Z80 F15000
G1 X424.11 Y727.187 Z80
G1 Z79
G1 E40 F9000
G1 F2779.614
G1 X435.622 Y727.187 E49.70059
G1 X727.187 Y435.623 E1780.10743
G1 X727.187 Y424.11 E49.70059
;WIPE_START
G1 F600
G1 X727.187 Y434.11 E-30
;WIPE_END
G1 Z80 F15000
G1 X715.675 Y727.187 Z80
G1 Z79
G1 E40 F9000
G1 F2779.614
G1 X727.187 Y727.187 E49.70059
G1 X272.813 Y272.813 E2774.11918
G1 X284.325 Y272.813 E49.70059
M73 P22 R695
;WIPE_START
G1 F600
G1 X274.325 Y272.813 E-30
;WIPE_END
G1 Z80 F15000
G1 X284.325 Y727.187 Z80
G1 Z79
G1 E40 F9000
G1 F2779.614
G1 X272.813 Y727.187 E49.70025
G1 X727.187 Y272.813 E2774.11872
G1 X715.675 Y272.813 E49.70027
;WIPE_START
G1 F600
G1 X725.675 Y272.813 E-30
;WIPE_END
G1 Z80 F15000
G1 X586.92 Y727.187 Z80
G1 Z79
G1 E40 F9000
G1 F2779.614
G1 X598.432 Y727.187 E49.70059
G1 X727.187 Y598.432 E786.09565
G1 X727.187 Y586.92 E49.70059
;WIPE_START
G1 F600
G1 X727.187 Y596.92 E-30
;WIPE_END
G1 Z80 F15000
G1 X575.89 Y727.187 Z80
G1 Z79
G1 E40 F9000
G1 F2779.614
G1 X564.378 Y727.187 E49.70059
G1 X272.813 Y435.622 E1780.10742
G1 X272.813 Y424.11 E49.70059
;WIPE_START
G1 F600
G1 X272.813 Y434.11 E-30
;WIPE_END
G1 Z80 F15000
G1 X413.08 Y727.187 Z80
G1 Z79
G1 E40 F9000
G1 F2779.614
G1 X401.568 Y727.187 E49.70059
G1 X272.813 Y598.432 E786.09565
G1 X272.813 Y586.92 E49.70059
; stop printing object Cube id:0 copy 0
;LAYER_CHANGE
;Z:80.5
;HEIGHT:1.5
;BEFORE_LAYER_CHANGE
;80.5
G92 E0

EXCLUDE_OBJECT_END NAME=Cube_id_0_copy_0
;AFTER_LAYER_CHANGE
;80.5
;_SET_FAN_SPEED_CHANGING_LAYER
; printing object Cube id:0 copy 0
;WIPE_START
G1 F600
G1 X272.813 Y596.92 E-30
;WIPE_END
EXCLUDE_OBJECT_START NAME=Cube_id_0_copy_0
G1 Z81.5 F15000
G1 X270.366 Y729.634 Z81.5
G1 Z80.5
G1 E40 F9000
;TYPE:Outer wall
;WIDTH:3.2
G1 F2779.615
G1 X270.366 Y270.366 E1982.72102
G1 F2760
M73 P22 R694
G1 X729.634 Y270.366 E1982.72107
G1 X729.634 Y729.634 E1982.72102
G1 X270.666 Y729.634 E1981.42588
;WIPE_START
G1 F600
G1 X270.66 Y719.634 E-30
;WIPE_END
G1 Z81.5 F15000
G1 X272.813 Y586.92 Z81.5
G1 Z80.5
G1 E40 F9000
;TYPE:Sparse infill
;WIDTH:3.2
G1 F2779.614
G1 X272.813 Y598.432 E49.70059
G1 X401.568 Y727.187 E786.09565
G1 X413.08 Y727.187 E49.70059
;WIPE_START
G1 F600
G1 X403.08 Y727.187 E-30
;WIPE_END
G1 Z81.5 F15000
G1 X272.813 Y424.11 Z81.5
G1 Z80.5
G1 E40 F9000
G1 F2779.614
G1 X272.813 Y435.622 E49.70059
G1 X564.378 Y727.187 E1780.10742
G1 X575.89 Y727.187 E49.70059
;WIPE_START
G1 F600
G1 X565.89 Y727.187 E-30
;WIPE_END
G1 Z81.5 F15000
G1 X727.187 Y586.92 Z81.5
G1 Z80.5
G1 E40 F9000
G1 F2779.614
G1 X727.187 Y598.432 E49.70059
G1 X598.432 Y727.187 E786.09565
G1 X586.92 Y727.187 E49.70059
M73 P22 R693
;WIPE_START
G1 F600
G1 X596.92 Y727.187 E-30
;WIPE_END
G1 Z81.5 F15000
G1 X727.187 Y424.11 Z81.5
G1 Z80.5
G1 E40 F9000
G1 F2779.614
G1 X727.187 Y435.623 E49.70059
G1 X435.622 Y727.187 E1780.10743
G1 X424.11 Y727.187 E49.70059
;WIPE_START
G1 F600
G1 X434.11 Y727.187 E-30
;WIPE_END
G1 Z81.5 F15000
G1 X424.11 Y272.813 Z81.5
G1 Z80.5
G1 E40 F9000
G1 F2779.614
G1 X435.622 Y272.813 E49.70059
G1 X727.187 Y564.378 E1780.10742
G1 X727.187 Y575.89 E49.70059
;WIPE_START
G1 F600
G1 X727.187 Y565.89 E-30
;WIPE_END
G1 Z81.5 F15000
G1 X715.675 Y272.813 Z81.5
G1 Z80.5
G1 E40 F9000
G1 F2779.614
G1 X727.187 Y272.813 E49.70027
G1 X272.813 Y727.187 E2774.11872
G1 X284.325 Y727.187 E49.70025
;WIPE_START
G1 F600
G1 X274.325 Y727.187 E-30
;WIPE_END
G1 Z81.5 F15000
G1 X284.325 Y272.813 Z81.5
G1 Z80.5
G1 E40 F9000
G1 F2779.614
G1 X272.813 Y272.813 E49.70059
G1 X727.187 Y727.187 E2774.11918
G1 X715.675 Y727.187 E49.70059
M73 P22 R692
;WIPE_START
G1 F600
G1 X725.675 Y727.187 E-30
;WIPE_END
G1 Z81.5 F15000
G1 X586.92 Y272.813 Z81.5
G1 Z80.5
G1 E40 F9000
G1 F2779.614
G1 X598.432 Y272.813 E49.70059
G1 X727.187 Y401.568 E786.09564
G1 X727.187 Y413.08 E49.70059
;WIPE_START
G1 F600
G1 X727.187 Y403.08 E-30
;WIPE_END
G1 Z81.5 F15000
G1 X575.89 Y272.813 Z81.5
G1 Z80.5
G1 E40 F9000
G1 F2779.614
G1 X564.378 Y272.813 E49.70059
G1 X272.813 Y564.377 E1780.10741
G1 X272.813 Y575.89 E49.70059
;WIPE_START
G1 F600
G1 X272.813 Y565.89 E-30
;WIPE_END
G1 Z81.5 F15000
G1 X413.08 Y272.813 Z81.5
G1 Z80.5
G1 E40 F9000
G1 F2779.614
G1 X401.568 Y272.813 E49.70059
G1 X272.813 Y401.568 E786.09564
G1 X272.813 Y413.08 E49.70059
; stop printing object Cube id:0 copy 0
;LAYER_CHANGE
;Z:82
;HEIGHT:1.5
;BEFORE_LAYER_CHANGE
;82
G92 E0

EXCLUDE_OBJECT_END NAME=Cube_id_0_copy_0
;AFTER_LAYER_CHANGE
;82
;_SET_FAN_SPEED_CHANGING_LAYER
; printing object Cube id:0 copy 0
;WIPE_START
G1 F600
G1 X272.813 Y403.08 E-30
;WIPE_END
EXCLUDE_OBJECT_START NAME=Cube_id_0_copy_0
G1 Z83 F15000
G1 X270.366 Y270.366 Z83
G1 Z82
G1 E40 F9000
;TYPE:Outer wall
;WIDTH:3.2
G1 F2779.615
G1 X729.634 Y270.366 E1982.72102
G1 F2760
G1 X729.634 Y729.634 E1982.72107
G1 X270.366 Y729.634 E1982.72102
G1 X270.366 Y270.666 E1981.42588
M73 P22 R691
;WIPE_START
G1 F600
M73 P23 R691
G1 X280.366 Y270.66 E-30
;WIPE_END
G1 Z83 F15000
G1 X272.813 Y413.08 Z83
G1 Z82
G1 E40 F9000
;TYPE:Sparse infill
;WIDTH:3.2
G1 F2779.614
G1 X272.813 Y401.568 E49.70059
G1 X401.568 Y272.813 E786.09564
G1 X413.08 Y272.813 E49.70059
;WIPE_START
G1 F600
G1 X403.08 Y272.813 E-30
;WIPE_END
G1 Z83 F15000
G1 X272.813 Y575.89 Z83
G1 Z82
G1 E40 F9000
G1 F2779.614
G1 X272.813 Y564.377 E49.70059
G1 X564.378 Y272.813 E1780.10741
G1 X575.89 Y272.813 E49.70059
;WIPE_START
G1 F600
G1 X565.89 Y272.813 E-30
;WIPE_END
G1 Z83 F15000
G1 X727.187 Y413.08 Z83
G1 Z82
G1 E40 F9000
G1 F2779.614
G1 X727.187 Y401.568 E49.70059
G1 X598.432 Y272.813 E786.09564
G1 X586.92 Y272.813 E49.70059
;WIPE_START
G1 F600
G1 X596.92 Y272.813 E-30
;WIPE_END
G1 Z83 F15000
G1 X727.187 Y575.89 Z83
G1 Z82
G1 E40 F9000
G1 F2779.614
G1 X727.187 Y564.378 E49.70059
G1 X435.622 Y272.813 E1780.10742
G1 X424.11 Y272.813 E49.70059
;WIPE_START
G1 F600
G1 X434.11 Y272.813 E-30
;WIPE_END
G1 Z83 F15000
G1 X424.11 Y727.187 Z83
G1 Z82
M73 P23 R690
G1 E40 F9000
G1 F2779.614
G1 X435.622 Y727.187 E49.70059
G1 X727.187 Y435.623 E1780.10743
G1 X727.187 Y424.11 E49.70059
;WIPE_START
G1 F600
G1 X727.187 Y434.11 E-30
;WIPE_END
G1 Z83 F15000
G1 X715.675 Y727.187 Z83
G1 Z82
G1 E40 F9000
G1 F2779.614
G1 X727.187 Y727.187 E49.70059
G1 X272.813 Y272.813 E2774.11918
G1 X284.325 Y272.813 E49.70059
;WIPE_START
G1 F600
G1 X274.325 Y272.813 E-30
;WIPE_END
G1 Z83 F15000
G1 X284.325 Y727.187 Z83
G1 Z82
G1 E40 F9000
G1 F2779.614
G1 X272.813 Y727.187 E49.70025
G1 X727.187 Y272.813 E2774.11872
G1 X715.675 Y272.813 E49.70027
;WIPE_START
G1 F600
G1 X725.675 Y272.813 E-30
;WIPE_END
G1 Z83 F15000
G1 X586.92 Y727.187 Z83
G1 Z82
G1 E40 F9000
G1 F2779.614
G1 X598.432 Y727.187 E49.70059
G1 X727.187 Y598.432 E786.09565
G1 X727.187 Y586.92 E49.70059
;WIPE_START
G1 F600
G1 X727.187 Y596.92 E-30
;WIPE_END
G1 Z83 F15000
G1 X575.89 Y727.187 Z83
G1 Z82
G1 E40 F9000
G1 F2779.614
G1 X564.378 Y727.187 E49.70059
G1 X272.813 Y435.622 E1780.10742
G1 X272.813 Y424.11 E49.70059
M73 P23 R689
;WIPE_START
G1 F600
G1 X272.813 Y434.11 E-30
;WIPE_END
G1 Z83 F15000
G1 X413.08 Y727.187 Z83
G1 Z82
G1 E40 F9000
G1 F2779.614
G1 X401.568 Y727.187 E49.70059
G1 X272.813 Y598.432 E786.09565
G1 X272.813 Y586.92 E49.70059
; stop printing object Cube id:0 copy 0
;LAYER_CHANGE
;Z:83.5
;HEIGHT:1.5
;BEFORE_LAYER_CHANGE
;83.5
G92 E0

EXCLUDE_OBJECT_END NAME=Cube_id_0_copy_0
;AFTER_LAYER_CHANGE
;83.5
;_SET_FAN_SPEED_CHANGING_LAYER
; printing object Cube id:0 copy 0
;WIPE_START
G1 F600
G1 X272.813 Y596.92 E-30
;WIPE_END
EXCLUDE_OBJECT_START NAME=Cube_id_0_copy_0
G1 Z84.5 F15000
G1 X270.366 Y729.634 Z84.5
G1 Z83.5
G1 E40 F9000
;TYPE:Outer wall
;WIDTH:3.2
G1 F2779.615
G1 X270.366 Y270.366 E1982.72102
G1 F2760
G1 X729.634 Y270.366 E1982.72107
G1 X729.634 Y729.634 E1982.72102
G1 X270.666 Y729.634 E1981.42588
;WIPE_START
G1 F600
G1 X270.66 Y719.634 E-30
;WIPE_END
G1 Z84.5 F15000
M73 P23 R688
G1 X272.813 Y586.92 Z84.5
G1 Z83.5
G1 E40 F9000
;TYPE:Sparse infill
;WIDTH:3.2
G1 F2779.614
G1 X272.813 Y598.432 E49.70059
G1 X401.568 Y727.187 E786.09565
G1 X413.08 Y727.187 E49.70059
;WIPE_START
G1 F600
G1 X403.08 Y727.187 E-30
;WIPE_END
G1 Z84.5 F15000
G1 X272.813 Y424.11 Z84.5
G1 Z83.5
G1 E40 F9000
G1 F2779.614
G1 X272.813 Y435.622 E49.70059
G1 X564.378 Y727.187 E1780.10742
G1 X575.89 Y727.187 E49.70059
;WIPE_START
G1 F600
G1 X565.89 Y727.187 E-30
;WIPE_END
G1 Z84.5 F15000
G1 X727.187 Y586.92 Z84.5
G1 Z83.5
G1 E40 F9000
G1 F2779.614
G1 X727.187 Y598.432 E49.70059
G1 X598.432 Y727.187 E786.09565
G1 X586.92 Y727.187 E49.70059
;WIPE_START
G1 F600
G1 X596.92 Y727.187 E-30
;WIPE_END
G1 Z84.5 F15000
G1 X727.187 Y424.11 Z84.5
G1 Z83.5
G1 E40 F9000
G1 F2779.614
G1 X727.187 Y435.623 E49.70059
G1 X435.622 Y727.187 E1780.10743
G1 X424.11 Y727.187 E49.70059
;WIPE_START
G1 F600
G1 X434.11 Y727.187 E-30
;WIPE_END
G1 Z84.5 F15000
G1 X424.11 Y272.813 Z84.5
G1 Z83.5
G1 E40 F9000
G1 F2779.614
G1 X435.622 Y272.813 E49.70059
G1 X727.187 Y564.378 E1780.10742
G1 X727.187 Y575.89 E49.70059
;WIPE_START
G1 F600
G1 X727.187 Y565.89 E-30
;WIPE_END
G1 Z84.5 F15000
G1 X715.675 Y272.813 Z84.5
G1 Z83.5
G1 E40 F9000
G1 F2779.614
G1 X727.187 Y272.813 E49.70027
G1 X272.813 Y727.187 E2774.11872
G1 X284.325 Y727.187 E49.70025
M73 P23 R687
;WIPE_START
G1 F600
G1 X274.325 Y727.187 E-30
;WIPE_END
G1 Z84.5 F15000
G1 X284.325 Y272.813 Z84.5
G1 Z83.5
G1 E40 F9000
G1 F2779.614
G1 X272.813 Y272.813 E49.70059
G1 X727.187 Y727.187 E2774.11918
G1 X715.675 Y727.187 E49.70059
;WIPE_START
G1 F600
G1 X725.675 Y727.187 E-30
;WIPE_END
G1 Z84.5 F15000
G1 X586.92 Y272.813 Z84.5
G1 Z83.5
G1 E40 F9000
G1 F2779.614
G1 X598.432 Y272.813 E49.70059
G1 X727.187 Y401.568 E786.09564
G1 X727.187 Y413.08 E49.70059
;WIPE_START
G1 F600
G1 X727.187 Y403.08 E-30
;WIPE_END
G1 Z84.5 F15000
G1 X575.89 Y272.813 Z84.5
G1 Z83.5
G1 E40 F9000
G1 F2779.614
G1 X564.378 Y272.813 E49.70059
G1 X272.813 Y564.377 E1780.10741
G1 X272.813 Y575.89 E49.70059
;WIPE_START
G1 F600
G1 X272.813 Y565.89 E-30
;WIPE_END
G1 Z84.5 F15000
G1 X413.08 Y272.813 Z84.5
G1 Z83.5
G1 E40 F9000
G1 F2779.614
G1 X401.568 Y272.813 E49.70059
G1 X272.813 Y401.568 E786.09564
G1 X272.813 Y413.08 E49.70059
; stop printing object Cube id:0 copy 0
;LAYER_CHANGE
;Z:85
;HEIGHT:1.5
;BEFORE_LAYER_CHANGE
;85
G92 E0

EXCLUDE_OBJECT_END NAME=Cube_id_0_copy_0
;AFTER_LAYER_CHANGE
;85
;_SET_FAN_SPEED_CHANGING_LAYER
; printing object Cube id:0 copy 0
;WIPE_START
G1 F600
G1 X272.813 Y403.08 E-30
;WIPE_END
EXCLUDE_OBJECT_START NAME=Cube_id_0_copy_0
G1 Z86 F15000
M73 P23 R686
G1 X270.366 Y270.366 Z86
G1 Z85
G1 E40 F9000
;TYPE:Outer wall
;WIDTH:3.2
G1 F2779.615
G1 X729.634 Y270.366 E1982.72102
G1 F2760
G1 X729.634 Y729.634 E1982.72107
G1 X270.366 Y729.634 E1982.72102
G1 X270.366 Y270.666 E1981.42588
;WIPE_START
G1 F600
G1 X280.366 Y270.66 E-30
;WIPE_END
G1 Z86 F15000
G1 X272.813 Y413.08 Z86
G1 Z85
G1 E40 F9000
;TYPE:Sparse infill
;WIDTH:3.2
G1 F2779.614
G1 X272.813 Y401.568 E49.70059
G1 X401.568 Y272.813 E786.09564
G1 X413.08 Y272.813 E49.70059
;WIPE_START
G1 F600
G1 X403.08 Y272.813 E-30
;WIPE_END
G1 Z86 F15000
G1 X272.813 Y575.89 Z86
G1 Z85
G1 E40 F9000
G1 F2779.614
G1 X272.813 Y564.377 E49.70059
G1 X564.378 Y272.813 E1780.10741
G1 X575.89 Y272.813 E49.70059
M73 P23 R685
;WIPE_START
G1 F600
G1 X565.89 Y272.813 E-30
;WIPE_END
G1 Z86 F15000
G1 X727.187 Y413.08 Z86
G1 Z85
G1 E40 F9000
G1 F2779.614
G1 X727.187 Y401.568 E49.70059
G1 X598.432 Y272.813 E786.09564
G1 X586.92 Y272.813 E49.70059
;WIPE_START
G1 F600
G1 X596.92 Y272.813 E-30
;WIPE_END
G1 Z86 F15000
G1 X727.187 Y575.89 Z86
G1 Z85
G1 E40 F9000
G1 F2779.614
G1 X727.187 Y564.378 E49.70059
G1 X435.622 Y272.813 E1780.10742
G1 X424.11 Y272.813 E49.70059
;WIPE_START
G1 F600
G1 X434.11 Y272.813 E-30
;WIPE_END
G1 Z86 F15000
G1 X424.11 Y727.187 Z86
G1 Z85
G1 E40 F9000
G1 F2779.614
G1 X435.622 Y727.187 E49.70059
G1 X727.187 Y435.623 E1780.10743
G1 X727.187 Y424.11 E49.70059
;WIPE_START
G1 F600
G1 X727.187 Y434.11 E-30
;WIPE_END
G1 Z86 F15000
G1 X715.675 Y727.187 Z86
G1 Z85
G1 E40 F9000
G1 F2779.614
G1 X727.187 Y727.187 E49.70059
G1 X272.813 Y272.813 E2774.11918
G1 X284.325 Y272.813 E49.70059
;WIPE_START
G1 F600
G1 X274.325 Y272.813 E-30
;WIPE_END
G1 Z86 F15000
G1 X284.325 Y727.187 Z86
G1 Z85
G1 E40 F9000
G1 F2779.614
G1 X272.813 Y727.187 E49.70025
G1 X727.187 Y272.813 E2774.11872
G1 X715.675 Y272.813 E49.70027
M73 P23 R684
;WIPE_START
G1 F600
G1 X725.675 Y272.813 E-30
;WIPE_END
G1 Z86 F15000
G1 X586.92 Y727.187 Z86
G1 Z85
G1 E40 F9000
G1 F2779.614
G1 X598.432 Y727.187 E49.70059
G1 X727.187 Y598.432 E786.09565
G1 X727.187 Y586.92 E49.70059
;WIPE_START
G1 F600
G1 X727.187 Y596.92 E-30
;WIPE_END
G1 Z86 F15000
G1 X575.89 Y727.187 Z86
G1 Z85
G1 E40 F9000
G1 F2779.614
G1 X564.378 Y727.187 E49.70059
G1 X272.813 Y435.622 E1780.10742
G1 X272.813 Y424.11 E49.70059
;WIPE_START
G1 F600
G1 X272.813 Y434.11 E-30
;WIPE_END
G1 Z86 F15000
G1 X413.08 Y727.187 Z86
G1 Z85
G1 E40 F9000
G1 F2779.614
G1 X401.568 Y727.187 E49.70059
G1 X272.813 Y598.432 E786.09565
G1 X272.813 Y586.92 E49.70059
; stop printing object Cube id:0 copy 0
;LAYER_CHANGE
;Z:86.5
;HEIGHT:1.5
;BEFORE_LAYER_CHANGE
;86.5
G92 E0

EXCLUDE_OBJECT_END NAME=Cube_id_0_copy_0
;AFTER_LAYER_CHANGE
;86.5
;_SET_FAN_SPEED_CHANGING_LAYER
; printing object Cube id:0 copy 0
;WIPE_START
G1 F600
G1 X272.813 Y596.92 E-30
;WIPE_END
EXCLUDE_OBJECT_START NAME=Cube_id_0_copy_0
G1 Z87.5 F15000
G1 X270.366 Y729.634 Z87.5
G1 Z86.5
G1 E40 F9000
;TYPE:Outer wall
;WIDTH:3.2
G1 F2779.615
G1 X270.366 Y270.366 E1982.72102
G1 F2760
G1 X729.634 Y270.366 E1982.72107
G1 X729.634 Y729.634 E1982.72102
M73 P23 R683
G1 X270.666 Y729.634 E1981.42588
;WIPE_START
G1 F600
G1 X270.66 Y719.634 E-30
;WIPE_END
G1 Z87.5 F15000
G1 X272.813 Y586.92 Z87.5
G1 Z86.5
G1 E40 F9000
;TYPE:Sparse infill
;WIDTH:3.2
G1 F2779.614
G1 X272.813 Y598.432 E49.70059
G1 X401.568 Y727.187 E786.09565
G1 X413.08 Y727.187 E49.70059
;WIPE_START
G1 F600
G1 X403.08 Y727.187 E-30
;WIPE_END
G1 Z87.5 F15000
G1 X272.813 Y424.11 Z87.5
G1 Z86.5
G1 E40 F9000
G1 F2779.614
G1 X272.813 Y435.622 E49.70059
G1 X564.378 Y727.187 E1780.10742
G1 X575.89 Y727.187 E49.70059
;WIPE_START
G1 F600
G1 X565.89 Y727.187 E-30
;WIPE_END
G1 Z87.5 F15000
G1 X727.187 Y586.92 Z87.5
G1 Z86.5
G1 E40 F9000
G1 F2779.614
G1 X727.187 Y598.432 E49.70059
G1 X598.432 Y727.187 E786.09565
G1 X586.92 Y727.187 E49.70059
;WIPE_START
G1 F600
G1 X596.92 Y727.187 E-30
;WIPE_END
G1 Z87.5 F15000
G1 X727.187 Y424.11 Z87.5
G1 Z86.5
G1 E40 F9000
G1 F2779.614
G1 X727.187 Y435.623 E49.70059
G1 X435.622 Y727.187 E1780.10743
G1 X424.11 Y727.187 E49.70059
M73 P23 R682
;WIPE_START
G1 F600
G1 X434.11 Y727.187 E-30
;WIPE_END
G1 Z87.5 F15000
G1 X424.11 Y272.813 Z87.5
G1 Z86.5
G1 E40 F9000
G1 F2779.614
G1 X435.622 Y272.813 E49.70059
G1 X727.187 Y564.378 E1780.10742
G1 X727.187 Y575.89 E49.70059
M73 P24 R682
;WIPE_START
G1 F600
G1 X727.187 Y565.89 E-30
;WIPE_END
G1 Z87.5 F15000
G1 X715.675 Y272.813 Z87.5
G1 Z86.5
G1 E40 F9000
G1 F2779.614
G1 X727.187 Y272.813 E49.70027
G1 X272.813 Y727.187 E2774.11872
G1 X284.325 Y727.187 E49.70025
;WIPE_START
G1 F600
G1 X274.325 Y727.187 E-30
;WIPE_END
G1 Z87.5 F15000
G1 X284.325 Y272.813 Z87.5
G1 Z86.5
G1 E40 F9000
G1 F2779.614
G1 X272.813 Y272.813 E49.70059
G1 X727.187 Y727.187 E2774.11918
G1 X715.675 Y727.187 E49.70059
;WIPE_START
G1 F600
G1 X725.675 Y727.187 E-30
;WIPE_END
G1 Z87.5 F15000
G1 X586.92 Y272.813 Z87.5
G1 Z86.5
G1 E40 F9000
G1 F2779.614
G1 X598.432 Y272.813 E49.70059
G1 X727.187 Y401.568 E786.09564
M73 P24 R681
G1 X727.187 Y413.08 E49.70059
;WIPE_START
G1 F600
G1 X727.187 Y403.08 E-30
;WIPE_END
G1 Z87.5 F15000
G1 X575.89 Y272.813 Z87.5
G1 Z86.5
G1 E40 F9000
G1 F2779.614
G1 X564.378 Y272.813 E49.70059
G1 X272.813 Y564.377 E1780.10741
G1 X272.813 Y575.89 E49.70059
;WIPE_START
G1 F600
G1 X272.813 Y565.89 E-30
;WIPE_END
G1 Z87.5 F15000
G1 X413.08 Y272.813 Z87.5
G1 Z86.5
G1 E40 F9000
G1 F2779.614
G1 X401.568 Y272.813 E49.70059
G1 X272.813 Y401.568 E786.09564
G1 X272.813 Y413.08 E49.70059
; stop printing object Cube id:0 copy 0
;LAYER_CHANGE
;Z:88
;HEIGHT:1.5
;BEFORE_LAYER_CHANGE
;88
G92 E0

EXCLUDE_OBJECT_END NAME=Cube_id_0_copy_0
;AFTER_LAYER_CHANGE
;88
;_SET_FAN_SPEED_CHANGING_LAYER
; printing object Cube id:0 copy 0
;WIPE_START
G1 F600
G1 X272.813 Y403.08 E-30
;WIPE_END
EXCLUDE_OBJECT_START NAME=Cube_id_0_copy_0
G1 Z89 F15000
G1 X270.366 Y270.366 Z89
G1 Z88
G1 E40 F9000
;TYPE:Outer wall
;WIDTH:3.2
G1 F2779.615
G1 X729.634 Y270.366 E1982.72102
G1 F2760
G1 X729.634 Y729.634 E1982.72107
G1 X270.366 Y729.634 E1982.72102
G1 X270.366 Y270.666 E1981.42588
;WIPE_START
G1 F600
M73 P24 R680
G1 X280.366 Y270.66 E-30
;WIPE_END
G1 Z89 F15000
G1 X272.813 Y413.08 Z89
G1 Z88
G1 E40 F9000
;TYPE:Sparse infill
;WIDTH:3.2
G1 F2779.614
G1 X272.813 Y401.568 E49.70059
G1 X401.568 Y272.813 E786.09564
G1 X413.08 Y272.813 E49.70059
;WIPE_START
G1 F600
G1 X403.08 Y272.813 E-30
;WIPE_END
G1 Z89 F15000
G1 X272.813 Y575.89 Z89
G1 Z88
G1 E40 F9000
G1 F2779.614
G1 X272.813 Y564.377 E49.70059
G1 X564.378 Y272.813 E1780.10741
G1 X575.89 Y272.813 E49.70059
;WIPE_START
G1 F600
G1 X565.89 Y272.813 E-30
;WIPE_END
G1 Z89 F15000
G1 X727.187 Y413.08 Z89
G1 Z88
G1 E40 F9000
G1 F2779.614
G1 X727.187 Y401.568 E49.70059
G1 X598.432 Y272.813 E786.09564
G1 X586.92 Y272.813 E49.70059
;WIPE_START
G1 F600
G1 X596.92 Y272.813 E-30
;WIPE_END
G1 Z89 F15000
G1 X727.187 Y575.89 Z89
G1 Z88
G1 E40 F9000
G1 F2779.614
G1 X727.187 Y564.378 E49.70059
G1 X435.622 Y272.813 E1780.10742
G1 X424.11 Y272.813 E49.70059
;WIPE_START
G1 F600
G1 X434.11 Y272.813 E-30
;WIPE_END
G1 Z89 F15000
G1 X424.11 Y727.187 Z89
G1 Z88
G1 E40 F9000
G1 F2779.614
G1 X435.622 Y727.187 E49.70059
G1 X727.187 Y435.623 E1780.10743
G1 X727.187 Y424.11 E49.70059
M73 P24 R679
;WIPE_START
G1 F600
G1 X727.187 Y434.11 E-30
;WIPE_END
G1 Z89 F15000
G1 X715.675 Y727.187 Z89
G1 Z88
G1 E40 F9000
G1 F2779.614
G1 X727.187 Y727.187 E49.70059
G1 X272.813 Y272.813 E2774.11918
G1 X284.325 Y272.813 E49.70059
;WIPE_START
G1 F600
G1 X274.325 Y272.813 E-30
;WIPE_END
G1 Z89 F15000
G1 X284.325 Y727.187 Z89
G1 Z88
G1 E40 F9000
G1 F2779.614
G1 X272.813 Y727.187 E49.70025
G1 X727.187 Y272.813 E2774.11872
G1 X715.675 Y272.813 E49.70027
;WIPE_START
G1 F600
G1 X725.675 Y272.813 E-30
;WIPE_END
G1 Z89 F15000
G1 X586.92 Y727.187 Z89
G1 Z88
G1 E40 F9000
G1 F2779.614
G1 X598.432 Y727.187 E49.70059
G1 X727.187 Y598.432 E786.09565
G1 X727.187 Y586.92 E49.70059
;WIPE_START
G1 F600
G1 X727.187 Y596.92 E-30
;WIPE_END
G1 Z89 F15000
G1 X575.89 Y727.187 Z89
G1 Z88
G1 E40 F9000
G1 F2779.614
G1 X564.378 Y727.187 E49.70059
G1 X272.813 Y435.622 E1780.10742
G1 X272.813 Y424.11 E49.70059
;WIPE_START
G1 F600
M73 P24 R678
G1 X272.813 Y434.11 E-30
;WIPE_END
G1 Z89 F15000
G1 X413.08 Y727.187 Z89
G1 Z88
G1 E40 F9000
G1 F2779.614
G1 X401.568 Y727.187 E49.70059
G1 X272.813 Y598.432 E786.09565
G1 X272.813 Y586.92 E49.70059
; stop printing object Cube id:0 copy 0
;LAYER_CHANGE
;Z:89.5
;HEIGHT:1.5
;BEFORE_LAYER_CHANGE
;89.5
G92 E0

EXCLUDE_OBJECT_END NAME=Cube_id_0_copy_0
;AFTER_LAYER_CHANGE
;89.5
;_SET_FAN_SPEED_CHANGING_LAYER
; printing object Cube id:0 copy 0
;WIPE_START
G1 F600
G1 X272.813 Y596.92 E-30
;WIPE_END
EXCLUDE_OBJECT_START NAME=Cube_id_0_copy_0
G1 Z90.5 F15000
G1 X270.366 Y729.634 Z90.5
G1 Z89.5
G1 E40 F9000
;TYPE:Outer wall
;WIDTH:3.2
G1 F2779.615
G1 X270.366 Y270.366 E1982.72102
G1 F2760
G1 X729.634 Y270.366 E1982.72107
G1 X729.634 Y729.634 E1982.72102
G1 X270.666 Y729.634 E1981.42588
;WIPE_START
G1 F600
G1 X270.66 Y719.634 E-30
;WIPE_END
G1 Z90.5 F15000
G1 X272.813 Y586.92 Z90.5
G1 Z89.5
G1 E40 F9000
;TYPE:Sparse infill
;WIDTH:3.2
G1 F2779.614
G1 X272.813 Y598.432 E49.70059
G1 X401.568 Y727.187 E786.09565
G1 X413.08 Y727.187 E49.70059
;WIPE_START
G1 F600
G1 X403.08 Y727.187 E-30
;WIPE_END
G1 Z90.5 F15000
G1 X272.813 Y424.11 Z90.5
G1 Z89.5
M73 P24 R677
G1 E40 F9000
G1 F2779.614
G1 X272.813 Y435.622 E49.70059
G1 X564.378 Y727.187 E1780.10742
G1 X575.89 Y727.187 E49.70059
;WIPE_START
G1 F600
G1 X565.89 Y727.187 E-30
;WIPE_END
G1 Z90.5 F15000
G1 X727.187 Y586.92 Z90.5
G1 Z89.5
G1 E40 F9000
G1 F2779.614
G1 X727.187 Y598.432 E49.70059
G1 X598.432 Y727.187 E786.09565
G1 X586.92 Y727.187 E49.70059
;WIPE_START
G1 F600
G1 X596.92 Y727.187 E-30
;WIPE_END
G1 Z90.5 F15000
G1 X727.187 Y424.11 Z90.5
G1 Z89.5
G1 E40 F9000
G1 F2779.614
G1 X727.187 Y435.623 E49.70059
G1 X435.622 Y727.187 E1780.10743
G1 X424.11 Y727.187 E49.70059
;WIPE_START
G1 F600
G1 X434.11 Y727.187 E-30
;WIPE_END
G1 Z90.5 F15000
G1 X424.11 Y272.813 Z90.5
G1 Z89.5
G1 E40 F9000
G1 F2779.614
G1 X435.622 Y272.813 E49.70059
G1 X727.187 Y564.378 E1780.10742
G1 X727.187 Y575.89 E49.70059
;WIPE_START
G1 F600
G1 X727.187 Y565.89 E-30
;WIPE_END
G1 Z90.5 F15000
G1 X715.675 Y272.813 Z90.5
G1 Z89.5
G1 E40 F9000
G1 F2779.614
G1 X727.187 Y272.813 E49.70027
G1 X272.813 Y727.187 E2774.11872
G1 X284.325 Y727.187 E49.70025
M73 P24 R676
;WIPE_START
G1 F600
G1 X274.325 Y727.187 E-30
;WIPE_END
G1 Z90.5 F15000
G1 X284.325 Y272.813 Z90.5
G1 Z89.5
G1 E40 F9000
G1 F2779.614
G1 X272.813 Y272.813 E49.70059
G1 X727.187 Y727.187 E2774.11918
G1 X715.675 Y727.187 E49.70059
;WIPE_START
G1 F600
G1 X725.675 Y727.187 E-30
;WIPE_END
G1 Z90.5 F15000
G1 X586.92 Y272.813 Z90.5
G1 Z89.5
G1 E40 F9000
G1 F2779.614
G1 X598.432 Y272.813 E49.70059
G1 X727.187 Y401.568 E786.09564
G1 X727.187 Y413.08 E49.70059
;WIPE_START
G1 F600
G1 X727.187 Y403.08 E-30
;WIPE_END
G1 Z90.5 F15000
G1 X575.89 Y272.813 Z90.5
G1 Z89.5
G1 E40 F9000
G1 F2779.614
G1 X564.378 Y272.813 E49.70059
G1 X272.813 Y564.377 E1780.10741
G1 X272.813 Y575.89 E49.70059
;WIPE_START
G1 F600
G1 X272.813 Y565.89 E-30
;WIPE_END
G1 Z90.5 F15000
G1 X413.08 Y272.813 Z90.5
G1 Z89.5
G1 E40 F9000
G1 F2779.614
G1 X401.568 Y272.813 E49.70059
G1 X272.813 Y401.568 E786.09564
G1 X272.813 Y413.08 E49.70059
; stop printing object Cube id:0 copy 0
;LAYER_CHANGE
;Z:91
;HEIGHT:1.5
;BEFORE_LAYER_CHANGE
;91
G92 E0

EXCLUDE_OBJECT_END NAME=Cube_id_0_copy_0
;AFTER_LAYER_CHANGE
;91
;_SET_FAN_SPEED_CHANGING_LAYER
; printing object Cube id:0 copy 0
;WIPE_START
G1 F600
G1 X272.813 Y403.08 E-30
;WIPE_END
EXCLUDE_OBJECT_START NAME=Cube_id_0_copy_0
G1 Z92 F15000
G1 X270.366 Y270.366 Z92
G1 Z91
G1 E40 F9000
;TYPE:Outer wall
;WIDTH:3.2
G1 F2779.615
G1 X729.634 Y270.366 E1982.72102
G1 F2760
M73 P24 R675
G1 X729.634 Y729.634 E1982.72107
G1 X270.366 Y729.634 E1982.72102
G1 X270.366 Y270.666 E1981.42588
;WIPE_START
G1 F600
G1 X280.366 Y270.66 E-30
;WIPE_END
G1 Z92 F15000
G1 X272.813 Y413.08 Z92
G1 Z91
G1 E40 F9000
;TYPE:Sparse infill
;WIDTH:3.2
G1 F2779.614
G1 X272.813 Y401.568 E49.70059
G1 X401.568 Y272.813 E786.09564
G1 X413.08 Y272.813 E49.70059
;WIPE_START
G1 F600
G1 X403.08 Y272.813 E-30
;WIPE_END
G1 Z92 F15000
G1 X272.813 Y575.89 Z92
G1 Z91
G1 E40 F9000
G1 F2779.614
G1 X272.813 Y564.377 E49.70059
G1 X564.378 Y272.813 E1780.10741
G1 X575.89 Y272.813 E49.70059
;WIPE_START
G1 F600
G1 X565.89 Y272.813 E-30
;WIPE_END
G1 Z92 F15000
G1 X727.187 Y413.08 Z92
G1 Z91
G1 E40 F9000
G1 F2779.614
G1 X727.187 Y401.568 E49.70059
G1 X598.432 Y272.813 E786.09564
G1 X586.92 Y272.813 E49.70059
M73 P24 R674
;WIPE_START
G1 F600
G1 X596.92 Y272.813 E-30
;WIPE_END
G1 Z92 F15000
G1 X727.187 Y575.89 Z92
G1 Z91
G1 E40 F9000
G1 F2779.614
G1 X727.187 Y564.378 E49.70059
G1 X435.622 Y272.813 E1780.10742
G1 X424.11 Y272.813 E49.70059
;WIPE_START
G1 F600
G1 X434.11 Y272.813 E-30
;WIPE_END
G1 Z92 F15000
G1 X424.11 Y727.187 Z92
G1 Z91
G1 E40 F9000
G1 F2779.614
G1 X435.622 Y727.187 E49.70059
G1 X727.187 Y435.623 E1780.10743
G1 X727.187 Y424.11 E49.70059
;WIPE_START
G1 F600
G1 X727.187 Y434.11 E-30
;WIPE_END
G1 Z92 F15000
G1 X715.675 Y727.187 Z92
G1 Z91
G1 E40 F9000
G1 F2779.614
G1 X727.187 Y727.187 E49.70059
G1 X272.813 Y272.813 E2774.11918
G1 X284.325 Y272.813 E49.70059
;WIPE_START
G1 F600
G1 X274.325 Y272.813 E-30
;WIPE_END
G1 Z92 F15000
G1 X284.325 Y727.187 Z92
G1 Z91
G1 E40 F9000
G1 F2779.614
G1 X272.813 Y727.187 E49.70025
G1 X727.187 Y272.813 E2774.11872
G1 X715.675 Y272.813 E49.70027
M73 P24 R673
;WIPE_START
G1 F600
G1 X725.675 Y272.813 E-30
;WIPE_END
G1 Z92 F15000
G1 X586.92 Y727.187 Z92
G1 Z91
G1 E40 F9000
G1 F2779.614
G1 X598.432 Y727.187 E49.70059
G1 X727.187 Y598.432 E786.09565
G1 X727.187 Y586.92 E49.70059
M73 P25 R673
;WIPE_START
G1 F600
G1 X727.187 Y596.92 E-30
;WIPE_END
G1 Z92 F15000
G1 X575.89 Y727.187 Z92
G1 Z91
G1 E40 F9000
G1 F2779.614
G1 X564.378 Y727.187 E49.70059
G1 X272.813 Y435.622 E1780.10742
G1 X272.813 Y424.11 E49.70059
;WIPE_START
G1 F600
G1 X272.813 Y434.11 E-30
;WIPE_END
G1 Z92 F15000
G1 X413.08 Y727.187 Z92
G1 Z91
G1 E40 F9000
G1 F2779.614
G1 X401.568 Y727.187 E49.70059
G1 X272.813 Y598.432 E786.09565
G1 X272.813 Y586.92 E49.70059
; stop printing object Cube id:0 copy 0
;LAYER_CHANGE
;Z:92.5
;HEIGHT:1.5
;BEFORE_LAYER_CHANGE
;92.5
G92 E0

EXCLUDE_OBJECT_END NAME=Cube_id_0_copy_0
;AFTER_LAYER_CHANGE
;92.5
;_SET_FAN_SPEED_CHANGING_LAYER
; printing object Cube id:0 copy 0
;WIPE_START
G1 F600
G1 X272.813 Y596.92 E-30
;WIPE_END
EXCLUDE_OBJECT_START NAME=Cube_id_0_copy_0
G1 Z93.5 F15000
G1 X270.366 Y729.634 Z93.5
G1 Z92.5
G1 E40 F9000
;TYPE:Outer wall
;WIDTH:3.2
G1 F2779.615
G1 X270.366 Y270.366 E1982.72102
G1 F2760
G1 X729.634 Y270.366 E1982.72107
G1 X729.634 Y729.634 E1982.72102
G1 X270.666 Y729.634 E1981.42588
M73 P25 R672
;WIPE_START
G1 F600
G1 X270.66 Y719.634 E-30
;WIPE_END
G1 Z93.5 F15000
G1 X272.813 Y586.92 Z93.5
G1 Z92.5
G1 E40 F9000
;TYPE:Sparse infill
;WIDTH:3.2
G1 F2779.614
G1 X272.813 Y598.432 E49.70059
G1 X401.568 Y727.187 E786.09565
G1 X413.08 Y727.187 E49.70059
;WIPE_START
G1 F600
G1 X403.08 Y727.187 E-30
;WIPE_END
G1 Z93.5 F15000
G1 X272.813 Y424.11 Z93.5
G1 Z92.5
G1 E40 F9000
G1 F2779.614
G1 X272.813 Y435.622 E49.70059
G1 X564.378 Y727.187 E1780.10742
G1 X575.89 Y727.187 E49.70059
;WIPE_START
G1 F600
G1 X565.89 Y727.187 E-30
;WIPE_END
G1 Z93.5 F15000
G1 X727.187 Y586.92 Z93.5
G1 Z92.5
G1 E40 F9000
G1 F2779.614
G1 X727.187 Y598.432 E49.70059
G1 X598.432 Y727.187 E786.09565
G1 X586.92 Y727.187 E49.70059
;WIPE_START
G1 F600
G1 X596.92 Y727.187 E-30
;WIPE_END
G1 Z93.5 F15000
G1 X727.187 Y424.11 Z93.5
G1 Z92.5
G1 E40 F9000
G1 F2779.614
G1 X727.187 Y435.623 E49.70059
G1 X435.622 Y727.187 E1780.10743
G1 X424.11 Y727.187 E49.70059
;WIPE_START
G1 F600
G1 X434.11 Y727.187 E-30
;WIPE_END
G1 Z93.5 F15000
G1 X424.11 Y272.813 Z93.5
G1 Z92.5
M73 P25 R671
G1 E40 F9000
G1 F2779.614
G1 X435.622 Y272.813 E49.70059
G1 X727.187 Y564.378 E1780.10742
G1 X727.187 Y575.89 E49.70059
;WIPE_START
G1 F600
G1 X727.187 Y565.89 E-30
;WIPE_END
G1 Z93.5 F15000
G1 X715.675 Y272.813 Z93.5
G1 Z92.5
G1 E40 F9000
G1 F2779.614
G1 X727.187 Y272.813 E49.70027
G1 X272.813 Y727.187 E2774.11872
G1 X284.325 Y727.187 E49.70025
;WIPE_START
G1 F600
G1 X274.325 Y727.187 E-30
;WIPE_END
G1 Z93.5 F15000
G1 X284.325 Y272.813 Z93.5
G1 Z92.5
G1 E40 F9000
G1 F2779.614
G1 X272.813 Y272.813 E49.70059
G1 X727.187 Y727.187 E2774.11918
G1 X715.675 Y727.187 E49.70059
;WIPE_START
G1 F600
G1 X725.675 Y727.187 E-30
;WIPE_END
G1 Z93.5 F15000
G1 X586.92 Y272.813 Z93.5
G1 Z92.5
G1 E40 F9000
G1 F2779.614
G1 X598.432 Y272.813 E49.70059
G1 X727.187 Y401.568 E786.09564
G1 X727.187 Y413.08 E49.70059
;WIPE_START
G1 F600
G1 X727.187 Y403.08 E-30
;WIPE_END
G1 Z93.5 F15000
G1 X575.89 Y272.813 Z93.5
G1 Z92.5
G1 E40 F9000
G1 F2779.614
G1 X564.378 Y272.813 E49.70059
G1 X272.813 Y564.377 E1780.10741
G1 X272.813 Y575.89 E49.70059
M73 P25 R670
;WIPE_START
G1 F600
G1 X272.813 Y565.89 E-30
;WIPE_END
G1 Z93.5 F15000
G1 X413.08 Y272.813 Z93.5
G1 Z92.5
G1 E40 F9000
G1 F2779.614
G1 X401.568 Y272.813 E49.70059
G1 X272.813 Y401.568 E786.09564
G1 X272.813 Y413.08 E49.70059
; stop printing object Cube id:0 copy 0
;LAYER_CHANGE
;Z:94
;HEIGHT:1.5
;BEFORE_LAYER_CHANGE
;94
G92 E0

EXCLUDE_OBJECT_END NAME=Cube_id_0_copy_0
;AFTER_LAYER_CHANGE
;94
;_SET_FAN_SPEED_CHANGING_LAYER
; printing object Cube id:0 copy 0
;WIPE_START
G1 F600
G1 X272.813 Y403.08 E-30
;WIPE_END
EXCLUDE_OBJECT_START NAME=Cube_id_0_copy_0
G1 Z95 F15000
G1 X270.366 Y270.366 Z95
G1 Z94
G1 E40 F9000
;TYPE:Outer wall
;WIDTH:3.2
G1 F2779.615
G1 X729.634 Y270.366 E1982.72102
G1 F2760
G1 X729.634 Y729.634 E1982.72107
G1 X270.366 Y729.634 E1982.72102
G1 X270.366 Y270.666 E1981.42588
;WIPE_START
G1 F600
G1 X280.366 Y270.66 E-30
;WIPE_END
G1 Z95 F15000
M73 P25 R669
G1 X272.813 Y413.08 Z95
G1 Z94
G1 E40 F9000
;TYPE:Sparse infill
;WIDTH:3.2
G1 F2779.614
G1 X272.813 Y401.568 E49.70059
G1 X401.568 Y272.813 E786.09564
G1 X413.08 Y272.813 E49.70059
;WIPE_START
G1 F600
G1 X403.08 Y272.813 E-30
;WIPE_END
G1 Z95 F15000
G1 X272.813 Y575.89 Z95
G1 Z94
G1 E40 F9000
G1 F2779.614
G1 X272.813 Y564.377 E49.70059
G1 X564.378 Y272.813 E1780.10741
G1 X575.89 Y272.813 E49.70059
;WIPE_START
G1 F600
G1 X565.89 Y272.813 E-30
;WIPE_END
G1 Z95 F15000
G1 X727.187 Y413.08 Z95
G1 Z94
G1 E40 F9000
G1 F2779.614
G1 X727.187 Y401.568 E49.70059
G1 X598.432 Y272.813 E786.09564
G1 X586.92 Y272.813 E49.70059
;WIPE_START
G1 F600
G1 X596.92 Y272.813 E-30
;WIPE_END
G1 Z95 F15000
G1 X727.187 Y575.89 Z95
G1 Z94
G1 E40 F9000
G1 F2779.614
G1 X727.187 Y564.378 E49.70059
G1 X435.622 Y272.813 E1780.10742
G1 X424.11 Y272.813 E49.70059
;WIPE_START
G1 F600
G1 X434.11 Y272.813 E-30
;WIPE_END
G1 Z95 F15000
G1 X424.11 Y727.187 Z95
G1 Z94
G1 E40 F9000
G1 F2779.614
G1 X435.622 Y727.187 E49.70059
G1 X727.187 Y435.623 E1780.10743
G1 X727.187 Y424.11 E49.70059
;WIPE_START
G1 F600
G1 X727.187 Y434.11 E-30
;WIPE_END
G1 Z95 F15000
G1 X715.675 Y727.187 Z95
G1 Z94
G1 E40 F9000
G1 F2779.614
G1 X727.187 Y727.187 E49.70059
G1 X272.813 Y272.813 E2774.11918
G1 X284.325 Y272.813 E49.70059
M73 P25 R668
;WIPE_START
G1 F600
G1 X274.325 Y272.813 E-30
;WIPE_END
G1 Z95 F15000
G1 X284.325 Y727.187 Z95
G1 Z94
G1 E40 F9000
G1 F2779.614
G1 X272.813 Y727.187 E49.70025
G1 X727.187 Y272.813 E2774.11872
G1 X715.675 Y272.813 E49.70027
;WIPE_START
G1 F600
G1 X725.675 Y272.813 E-30
;WIPE_END
G1 Z95 F15000
G1 X586.92 Y727.187 Z95
G1 Z94
G1 E40 F9000
G1 F2779.614
G1 X598.432 Y727.187 E49.70059
G1 X727.187 Y598.432 E786.09565
G1 X727.187 Y586.92 E49.70059
;WIPE_START
G1 F600
G1 X727.187 Y596.92 E-30
;WIPE_END
G1 Z95 F15000
G1 X575.89 Y727.187 Z95
G1 Z94
G1 E40 F9000
G1 F2779.614
G1 X564.378 Y727.187 E49.70059
G1 X272.813 Y435.622 E1780.10742
G1 X272.813 Y424.11 E49.70059
;WIPE_START
G1 F600
G1 X272.813 Y434.11 E-30
;WIPE_END
G1 Z95 F15000
G1 X413.08 Y727.187 Z95
G1 Z94
G1 E40 F9000
G1 F2779.614
G1 X401.568 Y727.187 E49.70059
G1 X272.813 Y598.432 E786.09565
G1 X272.813 Y586.92 E49.70059
; stop printing object Cube id:0 copy 0
;LAYER_CHANGE
;Z:95.5
;HEIGHT:1.5
;BEFORE_LAYER_CHANGE
;95.5
G92 E0

EXCLUDE_OBJECT_END NAME=Cube_id_0_copy_0
;AFTER_LAYER_CHANGE
;95.5
;_SET_FAN_SPEED_CHANGING_LAYER
; printing object Cube id:0 copy 0
;WIPE_START
G1 F600
G1 X272.813 Y596.92 E-30
;WIPE_END
EXCLUDE_OBJECT_START NAME=Cube_id_0_copy_0
G1 Z96.5 F15000
M73 P25 R667
G1 X270.366 Y729.634 Z96.5
G1 Z95.5
G1 E40 F9000
;TYPE:Outer wall
;WIDTH:3.2
G1 F2779.615
G1 X270.366 Y270.366 E1982.72102
G1 F2760
G1 X729.634 Y270.366 E1982.72107
G1 X729.634 Y729.634 E1982.72102
G1 X270.666 Y729.634 E1981.42588
;WIPE_START
G1 F600
G1 X270.66 Y719.634 E-30
;WIPE_END
G1 Z96.5 F15000
G1 X272.813 Y586.92 Z96.5
G1 Z95.5
G1 E40 F9000
;TYPE:Sparse infill
;WIDTH:3.2
G1 F2779.614
G1 X272.813 Y598.432 E49.70059
G1 X401.568 Y727.187 E786.09565
G1 X413.08 Y727.187 E49.70059
;WIPE_START
G1 F600
G1 X403.08 Y727.187 E-30
;WIPE_END
G1 Z96.5 F15000
G1 X272.813 Y424.11 Z96.5
G1 Z95.5
G1 E40 F9000
G1 F2779.614
G1 X272.813 Y435.622 E49.70059
G1 X564.378 Y727.187 E1780.10742
G1 X575.89 Y727.187 E49.70059
M73 P25 R666
;WIPE_START
G1 F600
G1 X565.89 Y727.187 E-30
;WIPE_END
G1 Z96.5 F15000
G1 X727.187 Y586.92 Z96.5
G1 Z95.5
G1 E40 F9000
G1 F2779.614
G1 X727.187 Y598.432 E49.70059
G1 X598.432 Y727.187 E786.09565
G1 X586.92 Y727.187 E49.70059
;WIPE_START
G1 F600
G1 X596.92 Y727.187 E-30
;WIPE_END
G1 Z96.5 F15000
G1 X727.187 Y424.11 Z96.5
G1 Z95.5
G1 E40 F9000
G1 F2779.614
G1 X727.187 Y435.623 E49.70059
G1 X435.622 Y727.187 E1780.10743
G1 X424.11 Y727.187 E49.70059
;WIPE_START
G1 F600
G1 X434.11 Y727.187 E-30
;WIPE_END
G1 Z96.5 F15000
G1 X424.11 Y272.813 Z96.5
G1 Z95.5
G1 E40 F9000
G1 F2779.614
G1 X435.622 Y272.813 E49.70059
G1 X727.187 Y564.378 E1780.10742
G1 X727.187 Y575.89 E49.70059
;WIPE_START
G1 F600
G1 X727.187 Y565.89 E-30
;WIPE_END
G1 Z96.5 F15000
G1 X715.675 Y272.813 Z96.5
G1 Z95.5
G1 E40 F9000
G1 F2779.614
G1 X727.187 Y272.813 E49.70027
G1 X272.813 Y727.187 E2774.11872
G1 X284.325 Y727.187 E49.70025
;WIPE_START
G1 F600
G1 X274.325 Y727.187 E-30
;WIPE_END
G1 Z96.5 F15000
G1 X284.325 Y272.813 Z96.5
G1 Z95.5
G1 E40 F9000
G1 F2779.614
G1 X272.813 Y272.813 E49.70059
G1 X727.187 Y727.187 E2774.11918
G1 X715.675 Y727.187 E49.70059
M73 P25 R665
;WIPE_START
G1 F600
G1 X725.675 Y727.187 E-30
;WIPE_END
G1 Z96.5 F15000
G1 X586.92 Y272.813 Z96.5
G1 Z95.5
G1 E40 F9000
G1 F2779.614
G1 X598.432 Y272.813 E49.70059
G1 X727.187 Y401.568 E786.09564
G1 X727.187 Y413.08 E49.70059
;WIPE_START
G1 F600
G1 X727.187 Y403.08 E-30
;WIPE_END
G1 Z96.5 F15000
G1 X575.89 Y272.813 Z96.5
G1 Z95.5
G1 E40 F9000
G1 F2779.614
G1 X564.378 Y272.813 E49.70059
G1 X272.813 Y564.377 E1780.10741
G1 X272.813 Y575.89 E49.70059
;WIPE_START
G1 F600
G1 X272.813 Y565.89 E-30
;WIPE_END
G1 Z96.5 F15000
G1 X413.08 Y272.813 Z96.5
G1 Z95.5
G1 E40 F9000
G1 F2779.614
G1 X401.568 Y272.813 E49.70059
G1 X272.813 Y401.568 E786.09564
G1 X272.813 Y413.08 E49.70059
; stop printing object Cube id:0 copy 0
;LAYER_CHANGE
;Z:97
;HEIGHT:1.5
;BEFORE_LAYER_CHANGE
;97
G92 E0

EXCLUDE_OBJECT_END NAME=Cube_id_0_copy_0
;AFTER_LAYER_CHANGE
;97
;_SET_FAN_SPEED_CHANGING_LAYER
; printing object Cube id:0 copy 0
;WIPE_START
G1 F600
G1 X272.813 Y403.08 E-30
;WIPE_END
EXCLUDE_OBJECT_START NAME=Cube_id_0_copy_0
G1 Z98 F15000
G1 X270.366 Y270.366 Z98
G1 Z97
G1 E40 F9000
;TYPE:Outer wall
;WIDTH:3.2
G1 F2779.615
G1 X729.634 Y270.366 E1982.72102
G1 F2760
G1 X729.634 Y729.634 E1982.72107
G1 X270.366 Y729.634 E1982.72102
M73 P25 R664
G1 X270.366 Y270.666 E1981.42588
M73 P26 R664
;WIPE_START
G1 F600
G1 X280.366 Y270.66 E-30
;WIPE_END
G1 Z98 F15000
G1 X272.813 Y413.08 Z98
G1 Z97
G1 E40 F9000
;TYPE:Sparse infill
;WIDTH:3.2
G1 F2779.614
G1 X272.813 Y401.568 E49.70059
G1 X401.568 Y272.813 E786.09564
G1 X413.08 Y272.813 E49.70059
;WIPE_START
G1 F600
G1 X403.08 Y272.813 E-30
;WIPE_END
G1 Z98 F15000
G1 X272.813 Y575.89 Z98
G1 Z97
G1 E40 F9000
G1 F2779.614
G1 X272.813 Y564.377 E49.70059
G1 X564.378 Y272.813 E1780.10741
G1 X575.89 Y272.813 E49.70059
;WIPE_START
G1 F600
G1 X565.89 Y272.813 E-30
;WIPE_END
G1 Z98 F15000
G1 X727.187 Y413.08 Z98
G1 Z97
G1 E40 F9000
G1 F2779.614
G1 X727.187 Y401.568 E49.70059
G1 X598.432 Y272.813 E786.09564
G1 X586.92 Y272.813 E49.70059
;WIPE_START
G1 F600
G1 X596.92 Y272.813 E-30
;WIPE_END
G1 Z98 F15000
G1 X727.187 Y575.89 Z98
G1 Z97
G1 E40 F9000
G1 F2779.614
G1 X727.187 Y564.378 E49.70059
G1 X435.622 Y272.813 E1780.10742
G1 X424.11 Y272.813 E49.70059
M73 P26 R663
;WIPE_START
G1 F600
G1 X434.11 Y272.813 E-30
;WIPE_END
G1 Z98 F15000
G1 X424.11 Y727.187 Z98
G1 Z97
G1 E40 F9000
G1 F2779.614
G1 X435.622 Y727.187 E49.70059
G1 X727.187 Y435.623 E1780.10743
G1 X727.187 Y424.11 E49.70059
;WIPE_START
G1 F600
G1 X727.187 Y434.11 E-30
;WIPE_END
G1 Z98 F15000
G1 X715.675 Y727.187 Z98
G1 Z97
G1 E40 F9000
G1 F2779.614
G1 X727.187 Y727.187 E49.70059
G1 X272.813 Y272.813 E2774.11918
G1 X284.325 Y272.813 E49.70059
;WIPE_START
G1 F600
G1 X274.325 Y272.813 E-30
;WIPE_END
G1 Z98 F15000
G1 X284.325 Y727.187 Z98
G1 Z97
G1 E40 F9000
G1 F2779.614
G1 X272.813 Y727.187 E49.70025
G1 X727.187 Y272.813 E2774.11872
G1 X715.675 Y272.813 E49.70027
;WIPE_START
G1 F600
G1 X725.675 Y272.813 E-30
;WIPE_END
G1 Z98 F15000
G1 X586.92 Y727.187 Z98
G1 Z97
G1 E40 F9000
G1 F2779.614
M73 P26 R662
G1 X598.432 Y727.187 E49.70059
G1 X727.187 Y598.432 E786.09565
G1 X727.187 Y586.92 E49.70059
;WIPE_START
G1 F600
G1 X727.187 Y596.92 E-30
;WIPE_END
G1 Z98 F15000
G1 X575.89 Y727.187 Z98
G1 Z97
G1 E40 F9000
G1 F2779.614
G1 X564.378 Y727.187 E49.70059
G1 X272.813 Y435.622 E1780.10742
G1 X272.813 Y424.11 E49.70059
;WIPE_START
G1 F600
G1 X272.813 Y434.11 E-30
;WIPE_END
G1 Z98 F15000
G1 X413.08 Y727.187 Z98
G1 Z97
G1 E40 F9000
G1 F2779.614
G1 X401.568 Y727.187 E49.70059
G1 X272.813 Y598.432 E786.09565
G1 X272.813 Y586.92 E49.70059
; stop printing object Cube id:0 copy 0
;LAYER_CHANGE
;Z:98.5
;HEIGHT:1.5
;BEFORE_LAYER_CHANGE
;98.5
G92 E0

EXCLUDE_OBJECT_END NAME=Cube_id_0_copy_0
;AFTER_LAYER_CHANGE
;98.5
;_SET_FAN_SPEED_CHANGING_LAYER
; printing object Cube id:0 copy 0
;WIPE_START
G1 F600
G1 X272.813 Y596.92 E-30
;WIPE_END
EXCLUDE_OBJECT_START NAME=Cube_id_0_copy_0
G1 Z99.5 F15000
G1 X270.366 Y729.634 Z99.5
G1 Z98.5
G1 E40 F9000
;TYPE:Outer wall
;WIDTH:3.2
G1 F2779.615
G1 X270.366 Y270.366 E1982.72102
G1 F2760
G1 X729.634 Y270.366 E1982.72107
G1 X729.634 Y729.634 E1982.72102
G1 X270.666 Y729.634 E1981.42588
;WIPE_START
G1 F600
M73 P26 R661
G1 X270.66 Y719.634 E-30
;WIPE_END
G1 Z99.5 F15000
G1 X272.813 Y586.92 Z99.5
G1 Z98.5
G1 E40 F9000
;TYPE:Sparse infill
;WIDTH:3.2
G1 F2779.614
G1 X272.813 Y598.432 E49.70059
G1 X401.568 Y727.187 E786.09565
G1 X413.08 Y727.187 E49.70059
;WIPE_START
G1 F600
G1 X403.08 Y727.187 E-30
;WIPE_END
G1 Z99.5 F15000
G1 X272.813 Y424.11 Z99.5
G1 Z98.5
G1 E40 F9000
G1 F2779.614
G1 X272.813 Y435.622 E49.70059
G1 X564.378 Y727.187 E1780.10742
G1 X575.89 Y727.187 E49.70059
;WIPE_START
G1 F600
G1 X565.89 Y727.187 E-30
;WIPE_END
G1 Z99.5 F15000
G1 X727.187 Y586.92 Z99.5
G1 Z98.5
G1 E40 F9000
G1 F2779.614
G1 X727.187 Y598.432 E49.70059
G1 X598.432 Y727.187 E786.09565
G1 X586.92 Y727.187 E49.70059
;WIPE_START
G1 F600
G1 X596.92 Y727.187 E-30
;WIPE_END
G1 Z99.5 F15000
G1 X727.187 Y424.11 Z99.5
G1 Z98.5
G1 E40 F9000
G1 F2779.614
G1 X727.187 Y435.623 E49.70059
G1 X435.622 Y727.187 E1780.10743
G1 X424.11 Y727.187 E49.70059
;WIPE_START
G1 F600
G1 X434.11 Y727.187 E-30
;WIPE_END
G1 Z99.5 F15000
G1 X424.11 Y272.813 Z99.5
G1 Z98.5
G1 E40 F9000
G1 F2779.614
G1 X435.622 Y272.813 E49.70059
G1 X727.187 Y564.378 E1780.10742
G1 X727.187 Y575.89 E49.70059
M73 P26 R660
;WIPE_START
G1 F600
G1 X727.187 Y565.89 E-30
;WIPE_END
G1 Z99.5 F15000
G1 X715.675 Y272.813 Z99.5
G1 Z98.5
G1 E40 F9000
G1 F2779.614
G1 X727.187 Y272.813 E49.70027
G1 X272.813 Y727.187 E2774.11872
G1 X284.325 Y727.187 E49.70025
;WIPE_START
G1 F600
G1 X274.325 Y727.187 E-30
;WIPE_END
G1 Z99.5 F15000
G1 X284.325 Y272.813 Z99.5
G1 Z98.5
G1 E40 F9000
G1 F2779.614
G1 X272.813 Y272.813 E49.70059
G1 X727.187 Y727.187 E2774.11918
G1 X715.675 Y727.187 E49.70059
;WIPE_START
G1 F600
G1 X725.675 Y727.187 E-30
;WIPE_END
G1 Z99.5 F15000
G1 X586.92 Y272.813 Z99.5
G1 Z98.5
G1 E40 F9000
G1 F2779.614
G1 X598.432 Y272.813 E49.70059
G1 X727.187 Y401.568 E786.09564
G1 X727.187 Y413.08 E49.70059
;WIPE_START
G1 F600
G1 X727.187 Y403.08 E-30
;WIPE_END
G1 Z99.5 F15000
G1 X575.89 Y272.813 Z99.5
G1 Z98.5
G1 E40 F9000
G1 F2779.614
G1 X564.378 Y272.813 E49.70059
G1 X272.813 Y564.377 E1780.10741
G1 X272.813 Y575.89 E49.70059
M73 P26 R659
;WIPE_START
G1 F600
G1 X272.813 Y565.89 E-30
;WIPE_END
G1 Z99.5 F15000
G1 X413.08 Y272.813 Z99.5
G1 Z98.5
G1 E40 F9000
G1 F2779.614
G1 X401.568 Y272.813 E49.70059
G1 X272.813 Y401.568 E786.09564
G1 X272.813 Y413.08 E49.70059
; stop printing object Cube id:0 copy 0
;LAYER_CHANGE
;Z:100
;HEIGHT:1.5
;BEFORE_LAYER_CHANGE
;100
G92 E0

EXCLUDE_OBJECT_END NAME=Cube_id_0_copy_0
;AFTER_LAYER_CHANGE
;100
;_SET_FAN_SPEED_CHANGING_LAYER
; printing object Cube id:0 copy 0
;WIPE_START
G1 F600
G1 X272.813 Y403.08 E-30
;WIPE_END
EXCLUDE_OBJECT_START NAME=Cube_id_0_copy_0
G1 Z101 F15000
G1 X270.366 Y270.366 Z101
G1 Z100
G1 E40 F9000
;TYPE:Outer wall
;WIDTH:3.2
G1 F2779.615
G1 X729.634 Y270.366 E1982.72102
G1 F2760
G1 X729.634 Y729.634 E1982.72107
G1 X270.366 Y729.634 E1982.72102
G1 X270.366 Y270.666 E1981.42588
;WIPE_START
G1 F600
G1 X280.366 Y270.66 E-30
;WIPE_END
G1 Z101 F15000
G1 X272.813 Y413.08 Z101
G1 Z100
G1 E40 F9000
;TYPE:Sparse infill
;WIDTH:3.2
G1 F2779.614
G1 X272.813 Y401.568 E49.70059
G1 X401.568 Y272.813 E786.09564
G1 X413.08 Y272.813 E49.70059
;WIPE_START
G1 F600
G1 X403.08 Y272.813 E-30
;WIPE_END
G1 Z101 F15000
G1 X272.813 Y575.89 Z101
M73 P26 R658
G1 Z100
G1 E40 F9000
G1 F2779.614
G1 X272.813 Y564.377 E49.70059
G1 X564.378 Y272.813 E1780.10741
G1 X575.89 Y272.813 E49.70059
;WIPE_START
G1 F600
G1 X565.89 Y272.813 E-30
;WIPE_END
G1 Z101 F15000
G1 X727.187 Y413.08 Z101
G1 Z100
G1 E40 F9000
G1 F2779.614
G1 X727.187 Y401.568 E49.70059
G1 X598.432 Y272.813 E786.09564
G1 X586.92 Y272.813 E49.70059
;WIPE_START
G1 F600
G1 X596.92 Y272.813 E-30
;WIPE_END
G1 Z101 F15000
G1 X727.187 Y575.89 Z101
G1 Z100
G1 E40 F9000
G1 F2779.614
G1 X727.187 Y564.378 E49.70059
G1 X435.622 Y272.813 E1780.10742
G1 X424.11 Y272.813 E49.70059
;WIPE_START
G1 F600
G1 X434.11 Y272.813 E-30
;WIPE_END
G1 Z101 F15000
G1 X424.11 Y727.187 Z101
G1 Z100
G1 E40 F9000
G1 F2779.614
G1 X435.622 Y727.187 E49.70059
G1 X727.187 Y435.623 E1780.10743
G1 X727.187 Y424.11 E49.70059
;WIPE_START
G1 F600
G1 X727.187 Y434.11 E-30
;WIPE_END
G1 Z101 F15000
G1 X715.675 Y727.187 Z101
G1 Z100
G1 E40 F9000
G1 F2779.614
G1 X727.187 Y727.187 E49.70059
G1 X272.813 Y272.813 E2774.11918
G1 X284.325 Y272.813 E49.70059
M73 P26 R657
;WIPE_START
G1 F600
G1 X274.325 Y272.813 E-30
;WIPE_END
G1 Z101 F15000
G1 X284.325 Y727.187 Z101
G1 Z100
G1 E40 F9000
G1 F2779.614
G1 X272.813 Y727.187 E49.70025
G1 X727.187 Y272.813 E2774.11872
G1 X715.675 Y272.813 E49.70027
;WIPE_START
G1 F600
G1 X725.675 Y272.813 E-30
;WIPE_END
G1 Z101 F15000
G1 X586.92 Y727.187 Z101
G1 Z100
G1 E40 F9000
G1 F2779.614
G1 X598.432 Y727.187 E49.70059
G1 X727.187 Y598.432 E786.09565
G1 X727.187 Y586.92 E49.70059
;WIPE_START
G1 F600
G1 X727.187 Y596.92 E-30
;WIPE_END
G1 Z101 F15000
G1 X575.89 Y727.187 Z101
G1 Z100
G1 E40 F9000
G1 F2779.614
G1 X564.378 Y727.187 E49.70059
G1 X272.813 Y435.622 E1780.10742
G1 X272.813 Y424.11 E49.70059
;WIPE_START
G1 F600
G1 X272.813 Y434.11 E-30
;WIPE_END
G1 Z101 F15000
G1 X413.08 Y727.187 Z101
G1 Z100
G1 E40 F9000
G1 F2779.614
G1 X401.568 Y727.187 E49.70059
G1 X272.813 Y598.432 E786.09565
G1 X272.813 Y586.92 E49.70059
; stop printing object Cube id:0 copy 0
;LAYER_CHANGE
;Z:101.5
;HEIGHT:1.5
;BEFORE_LAYER_CHANGE
;101.5
G92 E0

EXCLUDE_OBJECT_END NAME=Cube_id_0_copy_0
;AFTER_LAYER_CHANGE
;101.5
;_SET_FAN_SPEED_CHANGING_LAYER
; printing object Cube id:0 copy 0
;WIPE_START
G1 F600
G1 X272.813 Y596.92 E-30
;WIPE_END
EXCLUDE_OBJECT_START NAME=Cube_id_0_copy_0
G1 Z102.5 F15000
G1 X270.366 Y729.634 Z102.5
G1 Z101.5
G1 E40 F9000
;TYPE:Outer wall
;WIDTH:3.2
G1 F2779.615
G1 X270.366 Y270.366 E1982.72102
G1 F2760
M73 P26 R656
G1 X729.634 Y270.366 E1982.72107
G1 X729.634 Y729.634 E1982.72102
G1 X270.666 Y729.634 E1981.42588
;WIPE_START
G1 F600
G1 X270.66 Y719.634 E-30
;WIPE_END
G1 Z102.5 F15000
G1 X272.813 Y586.92 Z102.5
G1 Z101.5
G1 E40 F9000
;TYPE:Sparse infill
;WIDTH:3.2
G1 F2779.614
G1 X272.813 Y598.432 E49.70059
G1 X401.568 Y727.187 E786.09565
G1 X413.08 Y727.187 E49.70059
;WIPE_START
G1 F600
G1 X403.08 Y727.187 E-30
;WIPE_END
G1 Z102.5 F15000
G1 X272.813 Y424.11 Z102.5
G1 Z101.5
G1 E40 F9000
G1 F2779.614
G1 X272.813 Y435.622 E49.70059
G1 X564.378 Y727.187 E1780.10742
G1 X575.89 Y727.187 E49.70059
;WIPE_START
G1 F600
G1 X565.89 Y727.187 E-30
;WIPE_END
G1 Z102.5 F15000
G1 X727.187 Y586.92 Z102.5
G1 Z101.5
G1 E40 F9000
G1 F2779.614
G1 X727.187 Y598.432 E49.70059
G1 X598.432 Y727.187 E786.09565
G1 X586.92 Y727.187 E49.70059
M73 P26 R655
;WIPE_START
G1 F600
G1 X596.92 Y727.187 E-30
;WIPE_END
G1 Z102.5 F15000
G1 X727.187 Y424.11 Z102.5
G1 Z101.5
G1 E40 F9000
G1 F2779.614
G1 X727.187 Y435.623 E49.70059
G1 X435.622 Y727.187 E1780.10743
G1 X424.11 Y727.187 E49.70059
M73 P27 R655
;WIPE_START
G1 F600
G1 X434.11 Y727.187 E-30
;WIPE_END
G1 Z102.5 F15000
G1 X424.11 Y272.813 Z102.5
G1 Z101.5
G1 E40 F9000
G1 F2779.614
G1 X435.622 Y272.813 E49.70059
G1 X727.187 Y564.378 E1780.10742
G1 X727.187 Y575.89 E49.70059
;WIPE_START
G1 F600
G1 X727.187 Y565.89 E-30
;WIPE_END
G1 Z102.5 F15000
G1 X715.675 Y272.813 Z102.5
G1 Z101.5
G1 E40 F9000
G1 F2779.614
G1 X727.187 Y272.813 E49.70027
G1 X272.813 Y727.187 E2774.11872
G1 X284.325 Y727.187 E49.70025
;WIPE_START
G1 F600
G1 X274.325 Y727.187 E-30
;WIPE_END
G1 Z102.5 F15000
G1 X284.325 Y272.813 Z102.5
G1 Z101.5
G1 E40 F9000
G1 F2779.614
G1 X272.813 Y272.813 E49.70059
G1 X727.187 Y727.187 E2774.11918
G1 X715.675 Y727.187 E49.70059
M73 P27 R654
;WIPE_START
G1 F600
G1 X725.675 Y727.187 E-30
;WIPE_END
G1 Z102.5 F15000
G1 X586.92 Y272.813 Z102.5
G1 Z101.5
G1 E40 F9000
G1 F2779.614
G1 X598.432 Y272.813 E49.70059
G1 X727.187 Y401.568 E786.09564
G1 X727.187 Y413.08 E49.70059
;WIPE_START
G1 F600
G1 X727.187 Y403.08 E-30
;WIPE_END
G1 Z102.5 F15000
G1 X575.89 Y272.813 Z102.5
G1 Z101.5
G1 E40 F9000
G1 F2779.614
G1 X564.378 Y272.813 E49.70059
G1 X272.813 Y564.377 E1780.10741
G1 X272.813 Y575.89 E49.70059
;WIPE_START
G1 F600
G1 X272.813 Y565.89 E-30
;WIPE_END
G1 Z102.5 F15000
G1 X413.08 Y272.813 Z102.5
G1 Z101.5
G1 E40 F9000
G1 F2779.614
G1 X401.568 Y272.813 E49.70059
G1 X272.813 Y401.568 E786.09564
G1 X272.813 Y413.08 E49.70059
; stop printing object Cube id:0 copy 0
;LAYER_CHANGE
;Z:103
;HEIGHT:1.5
;BEFORE_LAYER_CHANGE
;103
G92 E0

EXCLUDE_OBJECT_END NAME=Cube_id_0_copy_0
;AFTER_LAYER_CHANGE
;103
;_SET_FAN_SPEED_CHANGING_LAYER
; printing object Cube id:0 copy 0
;WIPE_START
G1 F600
G1 X272.813 Y403.08 E-30
;WIPE_END
EXCLUDE_OBJECT_START NAME=Cube_id_0_copy_0
G1 Z104 F15000
G1 X270.366 Y270.366 Z104
G1 Z103
G1 E40 F9000
;TYPE:Outer wall
;WIDTH:3.2
G1 F2779.615
G1 X729.634 Y270.366 E1982.72102
G1 F2760
G1 X729.634 Y729.634 E1982.72107
G1 X270.366 Y729.634 E1982.72102
G1 X270.366 Y270.666 E1981.42588
M73 P27 R653
;WIPE_START
G1 F600
G1 X280.366 Y270.66 E-30
;WIPE_END
G1 Z104 F15000
G1 X272.813 Y413.08 Z104
G1 Z103
G1 E40 F9000
;TYPE:Sparse infill
;WIDTH:3.2
G1 F2779.614
G1 X272.813 Y401.568 E49.70059
G1 X401.568 Y272.813 E786.09564
G1 X413.08 Y272.813 E49.70059
;WIPE_START
G1 F600
G1 X403.08 Y272.813 E-30
;WIPE_END
G1 Z104 F15000
G1 X272.813 Y575.89 Z104
G1 Z103
G1 E40 F9000
G1 F2779.614
G1 X272.813 Y564.377 E49.70059
G1 X564.378 Y272.813 E1780.10741
G1 X575.89 Y272.813 E49.70059
;WIPE_START
G1 F600
G1 X565.89 Y272.813 E-30
;WIPE_END
G1 Z104 F15000
G1 X727.187 Y413.08 Z104
G1 Z103
G1 E40 F9000
G1 F2779.614
G1 X727.187 Y401.568 E49.70059
G1 X598.432 Y272.813 E786.09564
G1 X586.92 Y272.813 E49.70059
;WIPE_START
G1 F600
G1 X596.92 Y272.813 E-30
;WIPE_END
G1 Z104 F15000
G1 X727.187 Y575.89 Z104
G1 Z103
G1 E40 F9000
G1 F2779.614
G1 X727.187 Y564.378 E49.70059
G1 X435.622 Y272.813 E1780.10742
G1 X424.11 Y272.813 E49.70059
;WIPE_START
G1 F600
G1 X434.11 Y272.813 E-30
;WIPE_END
G1 Z104 F15000
G1 X424.11 Y727.187 Z104
G1 Z103
M73 P27 R652
G1 E40 F9000
G1 F2779.614
G1 X435.622 Y727.187 E49.70059
G1 X727.187 Y435.623 E1780.10743
G1 X727.187 Y424.11 E49.70059
;WIPE_START
G1 F600
G1 X727.187 Y434.11 E-30
;WIPE_END
G1 Z104 F15000
G1 X715.675 Y727.187 Z104
G1 Z103
G1 E40 F9000
G1 F2779.614
G1 X727.187 Y727.187 E49.70059
G1 X272.813 Y272.813 E2774.11918
G1 X284.325 Y272.813 E49.70059
;WIPE_START
G1 F600
G1 X274.325 Y272.813 E-30
;WIPE_END
G1 Z104 F15000
G1 X284.325 Y727.187 Z104
G1 Z103
G1 E40 F9000
G1 F2779.614
G1 X272.813 Y727.187 E49.70025
G1 X727.187 Y272.813 E2774.11872
G1 X715.675 Y272.813 E49.70027
;WIPE_START
G1 F600
G1 X725.675 Y272.813 E-30
;WIPE_END
G1 Z104 F15000
G1 X586.92 Y727.187 Z104
G1 Z103
G1 E40 F9000
G1 F2779.614
G1 X598.432 Y727.187 E49.70059
G1 X727.187 Y598.432 E786.09565
G1 X727.187 Y586.92 E49.70059
;WIPE_START
G1 F600
G1 X727.187 Y596.92 E-30
;WIPE_END
G1 Z104 F15000
G1 X575.89 Y727.187 Z104
G1 Z103
G1 E40 F9000
G1 F2779.614
G1 X564.378 Y727.187 E49.70059
G1 X272.813 Y435.622 E1780.10742
G1 X272.813 Y424.11 E49.70059
M73 P27 R651
;WIPE_START
G1 F600
G1 X272.813 Y434.11 E-30
;WIPE_END
G1 Z104 F15000
G1 X413.08 Y727.187 Z104
G1 Z103
G1 E40 F9000
G1 F2779.614
G1 X401.568 Y727.187 E49.70059
G1 X272.813 Y598.432 E786.09565
G1 X272.813 Y586.92 E49.70059
; stop printing object Cube id:0 copy 0
;LAYER_CHANGE
;Z:104.5
;HEIGHT:1.5
;BEFORE_LAYER_CHANGE
;104.5
G92 E0

EXCLUDE_OBJECT_END NAME=Cube_id_0_copy_0
;AFTER_LAYER_CHANGE
;104.5
;_SET_FAN_SPEED_CHANGING_LAYER
; printing object Cube id:0 copy 0
;WIPE_START
G1 F600
G1 X272.813 Y596.92 E-30
;WIPE_END
EXCLUDE_OBJECT_START NAME=Cube_id_0_copy_0
G1 Z105.5 F15000
G1 X270.366 Y729.634 Z105.5
G1 Z104.5
G1 E40 F9000
;TYPE:Outer wall
;WIDTH:3.2
G1 F2779.615
G1 X270.366 Y270.366 E1982.72102
G1 F2760
G1 X729.634 Y270.366 E1982.72107
G1 X729.634 Y729.634 E1982.72102
G1 X270.666 Y729.634 E1981.42588
;WIPE_START
G1 F600
M73 P27 R650
G1 X270.66 Y719.634 E-30
;WIPE_END
G1 Z105.5 F15000
G1 X272.813 Y586.92 Z105.5
G1 Z104.5
G1 E40 F9000
;TYPE:Sparse infill
;WIDTH:3.2
G1 F2779.614
G1 X272.813 Y598.432 E49.70059
G1 X401.568 Y727.187 E786.09565
G1 X413.08 Y727.187 E49.70059
;WIPE_START
G1 F600
G1 X403.08 Y727.187 E-30
;WIPE_END
G1 Z105.5 F15000
G1 X272.813 Y424.11 Z105.5
G1 Z104.5
G1 E40 F9000
G1 F2779.614
G1 X272.813 Y435.622 E49.70059
G1 X564.378 Y727.187 E1780.10742
G1 X575.89 Y727.187 E49.70059
;WIPE_START
G1 F600
G1 X565.89 Y727.187 E-30
;WIPE_END
G1 Z105.5 F15000
G1 X727.187 Y586.92 Z105.5
G1 Z104.5
G1 E40 F9000
G1 F2779.614
G1 X727.187 Y598.432 E49.70059
G1 X598.432 Y727.187 E786.09565
G1 X586.92 Y727.187 E49.70059
;WIPE_START
G1 F600
G1 X596.92 Y727.187 E-30
;WIPE_END
G1 Z105.5 F15000
G1 X727.187 Y424.11 Z105.5
G1 Z104.5
G1 E40 F9000
G1 F2779.614
G1 X727.187 Y435.623 E49.70059
G1 X435.622 Y727.187 E1780.10743
G1 X424.11 Y727.187 E49.70059
;WIPE_START
G1 F600
G1 X434.11 Y727.187 E-30
;WIPE_END
G1 Z105.5 F15000
G1 X424.11 Y272.813 Z105.5
G1 Z104.5
G1 E40 F9000
G1 F2779.614
G1 X435.622 Y272.813 E49.70059
G1 X727.187 Y564.378 E1780.10742
G1 X727.187 Y575.89 E49.70059
;WIPE_START
G1 F600
G1 X727.187 Y565.89 E-30
;WIPE_END
G1 Z105.5 F15000
G1 X715.675 Y272.813 Z105.5
G1 Z104.5
G1 E40 F9000
G1 F2779.614
G1 X727.187 Y272.813 E49.70027
G1 X272.813 Y727.187 E2774.11872
G1 X284.325 Y727.187 E49.70025
M73 P27 R649
;WIPE_START
G1 F600
G1 X274.325 Y727.187 E-30
;WIPE_END
G1 Z105.5 F15000
G1 X284.325 Y272.813 Z105.5
G1 Z104.5
G1 E40 F9000
G1 F2779.614
G1 X272.813 Y272.813 E49.70059
G1 X727.187 Y727.187 E2774.11918
G1 X715.675 Y727.187 E49.70059
;WIPE_START
G1 F600
G1 X725.675 Y727.187 E-30
;WIPE_END
G1 Z105.5 F15000
G1 X586.92 Y272.813 Z105.5
G1 Z104.5
G1 E40 F9000
G1 F2779.614
G1 X598.432 Y272.813 E49.70059
G1 X727.187 Y401.568 E786.09564
G1 X727.187 Y413.08 E49.70059
;WIPE_START
G1 F600
G1 X727.187 Y403.08 E-30
;WIPE_END
G1 Z105.5 F15000
G1 X575.89 Y272.813 Z105.5
G1 Z104.5
G1 E40 F9000
G1 F2779.614
G1 X564.378 Y272.813 E49.70059
G1 X272.813 Y564.377 E1780.10741
G1 X272.813 Y575.89 E49.70059
;WIPE_START
G1 F600
G1 X272.813 Y565.89 E-30
;WIPE_END
G1 Z105.5 F15000
G1 X413.08 Y272.813 Z105.5
G1 Z104.5
G1 E40 F9000
G1 F2779.614
G1 X401.568 Y272.813 E49.70059
G1 X272.813 Y401.568 E786.09564
G1 X272.813 Y413.08 E49.70059
; stop printing object Cube id:0 copy 0
;LAYER_CHANGE
;Z:106
;HEIGHT:1.5
;BEFORE_LAYER_CHANGE
;106
G92 E0

EXCLUDE_OBJECT_END NAME=Cube_id_0_copy_0
;AFTER_LAYER_CHANGE
;106
;_SET_FAN_SPEED_CHANGING_LAYER
; printing object Cube id:0 copy 0
;WIPE_START
G1 F600
M73 P27 R648
G1 X272.813 Y403.08 E-30
;WIPE_END
EXCLUDE_OBJECT_START NAME=Cube_id_0_copy_0
G1 Z107 F15000
G1 X270.366 Y270.366 Z107
G1 Z106
G1 E40 F9000
;TYPE:Outer wall
;WIDTH:3.2
G1 F2779.615
G1 X729.634 Y270.366 E1982.72102
G1 F2760
G1 X729.634 Y729.634 E1982.72107
G1 X270.366 Y729.634 E1982.72102
G1 X270.366 Y270.666 E1981.42588
;WIPE_START
G1 F600
G1 X280.366 Y270.66 E-30
;WIPE_END
G1 Z107 F15000
G1 X272.813 Y413.08 Z107
G1 Z106
G1 E40 F9000
;TYPE:Sparse infill
;WIDTH:3.2
G1 F2779.614
G1 X272.813 Y401.568 E49.70059
G1 X401.568 Y272.813 E786.09564
G1 X413.08 Y272.813 E49.70059
;WIPE_START
G1 F600
G1 X403.08 Y272.813 E-30
;WIPE_END
G1 Z107 F15000
G1 X272.813 Y575.89 Z107
G1 Z106
G1 E40 F9000
G1 F2779.614
G1 X272.813 Y564.377 E49.70059
G1 X564.378 Y272.813 E1780.10741
G1 X575.89 Y272.813 E49.70059
M73 P27 R647
;WIPE_START
G1 F600
G1 X565.89 Y272.813 E-30
;WIPE_END
G1 Z107 F15000
G1 X727.187 Y413.08 Z107
G1 Z106
G1 E40 F9000
G1 F2779.614
G1 X727.187 Y401.568 E49.70059
G1 X598.432 Y272.813 E786.09564
G1 X586.92 Y272.813 E49.70059
;WIPE_START
G1 F600
G1 X596.92 Y272.813 E-30
;WIPE_END
G1 Z107 F15000
G1 X727.187 Y575.89 Z107
G1 Z106
G1 E40 F9000
G1 F2779.614
G1 X727.187 Y564.378 E49.70059
G1 X435.622 Y272.813 E1780.10742
G1 X424.11 Y272.813 E49.70059
;WIPE_START
G1 F600
G1 X434.11 Y272.813 E-30
;WIPE_END
G1 Z107 F15000
G1 X424.11 Y727.187 Z107
G1 Z106
G1 E40 F9000
G1 F2779.614
G1 X435.622 Y727.187 E49.70059
G1 X727.187 Y435.623 E1780.10743
G1 X727.187 Y424.11 E49.70059
;WIPE_START
G1 F600
G1 X727.187 Y434.11 E-30
;WIPE_END
G1 Z107 F15000
G1 X715.675 Y727.187 Z107
G1 Z106
G1 E40 F9000
G1 F2779.614
G1 X727.187 Y727.187 E49.70059
G1 X272.813 Y272.813 E2774.11918
G1 X284.325 Y272.813 E49.70059
;WIPE_START
G1 F600
G1 X274.325 Y272.813 E-30
;WIPE_END
G1 Z107 F15000
G1 X284.325 Y727.187 Z107
G1 Z106
G1 E40 F9000
G1 F2779.614
G1 X272.813 Y727.187 E49.70025
G1 X727.187 Y272.813 E2774.11872
G1 X715.675 Y272.813 E49.70027
M73 P28 R646
;WIPE_START
G1 F600
G1 X725.675 Y272.813 E-30
;WIPE_END
G1 Z107 F15000
G1 X586.92 Y727.187 Z107
G1 Z106
G1 E40 F9000
G1 F2779.614
G1 X598.432 Y727.187 E49.70059
G1 X727.187 Y598.432 E786.09565
G1 X727.187 Y586.92 E49.70059
;WIPE_START
G1 F600
G1 X727.187 Y596.92 E-30
;WIPE_END
G1 Z107 F15000
G1 X575.89 Y727.187 Z107
G1 Z106
G1 E40 F9000
G1 F2779.614
G1 X564.378 Y727.187 E49.70059
G1 X272.813 Y435.622 E1780.10742
G1 X272.813 Y424.11 E49.70059
;WIPE_START
G1 F600
G1 X272.813 Y434.11 E-30
;WIPE_END
G1 Z107 F15000
G1 X413.08 Y727.187 Z107
G1 Z106
G1 E40 F9000
G1 F2779.614
G1 X401.568 Y727.187 E49.70059
G1 X272.813 Y598.432 E786.09565
G1 X272.813 Y586.92 E49.70059
; stop printing object Cube id:0 copy 0
;LAYER_CHANGE
;Z:107.5
;HEIGHT:1.5
;BEFORE_LAYER_CHANGE
;107.5
G92 E0

EXCLUDE_OBJECT_END NAME=Cube_id_0_copy_0
;AFTER_LAYER_CHANGE
;107.5
;_SET_FAN_SPEED_CHANGING_LAYER
; printing object Cube id:0 copy 0
;WIPE_START
G1 F600
G1 X272.813 Y596.92 E-30
;WIPE_END
EXCLUDE_OBJECT_START NAME=Cube_id_0_copy_0
G1 Z108.5 F15000
G1 X270.366 Y729.634 Z108.5
G1 Z107.5
G1 E40 F9000
;TYPE:Outer wall
;WIDTH:3.2
G1 F2779.615
G1 X270.366 Y270.366 E1982.72102
G1 F2760
G1 X729.634 Y270.366 E1982.72107
G1 X729.634 Y729.634 E1982.72102
M73 P28 R645
G1 X270.666 Y729.634 E1981.42588
;WIPE_START
G1 F600
G1 X270.66 Y719.634 E-30
;WIPE_END
G1 Z108.5 F15000
G1 X272.813 Y586.92 Z108.5
G1 Z107.5
G1 E40 F9000
;TYPE:Sparse infill
;WIDTH:3.2
G1 F2779.614
G1 X272.813 Y598.432 E49.70059
G1 X401.568 Y727.187 E786.09565
G1 X413.08 Y727.187 E49.70059
;WIPE_START
G1 F600
G1 X403.08 Y727.187 E-30
;WIPE_END
G1 Z108.5 F15000
G1 X272.813 Y424.11 Z108.5
G1 Z107.5
G1 E40 F9000
G1 F2779.614
G1 X272.813 Y435.622 E49.70059
G1 X564.378 Y727.187 E1780.10742
G1 X575.89 Y727.187 E49.70059
;WIPE_START
G1 F600
G1 X565.89 Y727.187 E-30
;WIPE_END
G1 Z108.5 F15000
G1 X727.187 Y586.92 Z108.5
G1 Z107.5
G1 E40 F9000
G1 F2779.614
G1 X727.187 Y598.432 E49.70059
G1 X598.432 Y727.187 E786.09565
G1 X586.92 Y727.187 E49.70059
;WIPE_START
G1 F600
G1 X596.92 Y727.187 E-30
;WIPE_END
G1 Z108.5 F15000
G1 X727.187 Y424.11 Z108.5
G1 Z107.5
G1 E40 F9000
G1 F2779.614
G1 X727.187 Y435.623 E49.70059
G1 X435.622 Y727.187 E1780.10743
G1 X424.11 Y727.187 E49.70059
M73 P28 R644
;WIPE_START
G1 F600
G1 X434.11 Y727.187 E-30
;WIPE_END
G1 Z108.5 F15000
G1 X424.11 Y272.813 Z108.5
G1 Z107.5
G1 E40 F9000
G1 F2779.614
G1 X435.622 Y272.813 E49.70059
G1 X727.187 Y564.378 E1780.10742
G1 X727.187 Y575.89 E49.70059
;WIPE_START
G1 F600
G1 X727.187 Y565.89 E-30
;WIPE_END
G1 Z108.5 F15000
G1 X715.675 Y272.813 Z108.5
G1 Z107.5
G1 E40 F9000
G1 F2779.614
G1 X727.187 Y272.813 E49.70027
G1 X272.813 Y727.187 E2774.11872
G1 X284.325 Y727.187 E49.70025
;WIPE_START
G1 F600
G1 X274.325 Y727.187 E-30
;WIPE_END
G1 Z108.5 F15000
G1 X284.325 Y272.813 Z108.5
G1 Z107.5
G1 E40 F9000
G1 F2779.614
G1 X272.813 Y272.813 E49.70059
G1 X727.187 Y727.187 E2774.11918
G1 X715.675 Y727.187 E49.70059
;WIPE_START
G1 F600
G1 X725.675 Y727.187 E-30
;WIPE_END
G1 Z108.5 F15000
G1 X586.92 Y272.813 Z108.5
G1 Z107.5
M73 P28 R643
G1 E40 F9000
G1 F2779.614
G1 X598.432 Y272.813 E49.70059
G1 X727.187 Y401.568 E786.09564
G1 X727.187 Y413.08 E49.70059
;WIPE_START
G1 F600
G1 X727.187 Y403.08 E-30
;WIPE_END
G1 Z108.5 F15000
G1 X575.89 Y272.813 Z108.5
G1 Z107.5
G1 E40 F9000
G1 F2779.614
G1 X564.378 Y272.813 E49.70059
G1 X272.813 Y564.377 E1780.10741
G1 X272.813 Y575.89 E49.70059
;WIPE_START
G1 F600
G1 X272.813 Y565.89 E-30
;WIPE_END
G1 Z108.5 F15000
G1 X413.08 Y272.813 Z108.5
G1 Z107.5
G1 E40 F9000
G1 F2779.614
G1 X401.568 Y272.813 E49.70059
G1 X272.813 Y401.568 E786.09564
G1 X272.813 Y413.08 E49.70059
; stop printing object Cube id:0 copy 0
;LAYER_CHANGE
;Z:109
;HEIGHT:1.5
;BEFORE_LAYER_CHANGE
;109
G92 E0

EXCLUDE_OBJECT_END NAME=Cube_id_0_copy_0
;AFTER_LAYER_CHANGE
;109
;_SET_FAN_SPEED_CHANGING_LAYER
; printing object Cube id:0 copy 0
;WIPE_START
G1 F600
G1 X272.813 Y403.08 E-30
;WIPE_END
EXCLUDE_OBJECT_START NAME=Cube_id_0_copy_0
G1 Z110 F15000
G1 X270.366 Y270.366 Z110
G1 Z109
G1 E40 F9000
;TYPE:Outer wall
;WIDTH:3.2
G1 F2779.615
G1 X729.634 Y270.366 E1982.72102
G1 F2760
G1 X729.634 Y729.634 E1982.72107
G1 X270.366 Y729.634 E1982.72102
G1 X270.366 Y270.666 E1981.42588
;WIPE_START
G1 F600
M73 P28 R642
G1 X280.366 Y270.66 E-30
;WIPE_END
G1 Z110 F15000
G1 X272.813 Y413.08 Z110
G1 Z109
G1 E40 F9000
;TYPE:Sparse infill
;WIDTH:3.2
G1 F2779.614
G1 X272.813 Y401.568 E49.70059
G1 X401.568 Y272.813 E786.09564
G1 X413.08 Y272.813 E49.70059
;WIPE_START
G1 F600
G1 X403.08 Y272.813 E-30
;WIPE_END
G1 Z110 F15000
G1 X272.813 Y575.89 Z110
G1 Z109
G1 E40 F9000
G1 F2779.614
G1 X272.813 Y564.377 E49.70059
G1 X564.378 Y272.813 E1780.10741
G1 X575.89 Y272.813 E49.70059
;WIPE_START
G1 F600
G1 X565.89 Y272.813 E-30
;WIPE_END
G1 Z110 F15000
G1 X727.187 Y413.08 Z110
G1 Z109
G1 E40 F9000
G1 F2779.614
G1 X727.187 Y401.568 E49.70059
G1 X598.432 Y272.813 E786.09564
G1 X586.92 Y272.813 E49.70059
;WIPE_START
G1 F600
G1 X596.92 Y272.813 E-30
;WIPE_END
G1 Z110 F15000
G1 X727.187 Y575.89 Z110
G1 Z109
G1 E40 F9000
G1 F2779.614
G1 X727.187 Y564.378 E49.70059
G1 X435.622 Y272.813 E1780.10742
G1 X424.11 Y272.813 E49.70059
;WIPE_START
G1 F600
G1 X434.11 Y272.813 E-30
;WIPE_END
G1 Z110 F15000
G1 X424.11 Y727.187 Z110
G1 Z109
G1 E40 F9000
G1 F2779.614
G1 X435.622 Y727.187 E49.70059
G1 X727.187 Y435.623 E1780.10743
G1 X727.187 Y424.11 E49.70059
M73 P28 R641
;WIPE_START
G1 F600
G1 X727.187 Y434.11 E-30
;WIPE_END
G1 Z110 F15000
G1 X715.675 Y727.187 Z110
G1 Z109
G1 E40 F9000
G1 F2779.614
G1 X727.187 Y727.187 E49.70059
G1 X272.813 Y272.813 E2774.11918
G1 X284.325 Y272.813 E49.70059
;WIPE_START
G1 F600
G1 X274.325 Y272.813 E-30
;WIPE_END
G1 Z110 F15000
G1 X284.325 Y727.187 Z110
G1 Z109
G1 E40 F9000
G1 F2779.614
G1 X272.813 Y727.187 E49.70025
G1 X727.187 Y272.813 E2774.11872
G1 X715.675 Y272.813 E49.70027
;WIPE_START
G1 F600
G1 X725.675 Y272.813 E-30
;WIPE_END
G1 Z110 F15000
G1 X586.92 Y727.187 Z110
G1 Z109
G1 E40 F9000
G1 F2779.614
G1 X598.432 Y727.187 E49.70059
G1 X727.187 Y598.432 E786.09565
G1 X727.187 Y586.92 E49.70059
;WIPE_START
G1 F600
G1 X727.187 Y596.92 E-30
;WIPE_END
G1 Z110 F15000
G1 X575.89 Y727.187 Z110
G1 Z109
G1 E40 F9000
G1 F2779.614
G1 X564.378 Y727.187 E49.70059
G1 X272.813 Y435.622 E1780.10742
G1 X272.813 Y424.11 E49.70059
M73 P28 R640
;WIPE_START
G1 F600
G1 X272.813 Y434.11 E-30
;WIPE_END
G1 Z110 F15000
G1 X413.08 Y727.187 Z110
G1 Z109
G1 E40 F9000
G1 F2779.614
G1 X401.568 Y727.187 E49.70059
G1 X272.813 Y598.432 E786.09565
G1 X272.813 Y586.92 E49.70059
; stop printing object Cube id:0 copy 0
;LAYER_CHANGE
;Z:110.5
;HEIGHT:1.5
;BEFORE_LAYER_CHANGE
;110.5
G92 E0

EXCLUDE_OBJECT_END NAME=Cube_id_0_copy_0
;AFTER_LAYER_CHANGE
;110.5
;_SET_FAN_SPEED_CHANGING_LAYER
; printing object Cube id:0 copy 0
;WIPE_START
G1 F600
G1 X272.813 Y596.92 E-30
;WIPE_END
EXCLUDE_OBJECT_START NAME=Cube_id_0_copy_0
G1 Z111.5 F15000
G1 X270.366 Y729.634 Z111.5
G1 Z110.5
G1 E40 F9000
;TYPE:Outer wall
;WIDTH:3.2
G1 F2779.615
G1 X270.366 Y270.366 E1982.72102
G1 F2760
G1 X729.634 Y270.366 E1982.72107
G1 X729.634 Y729.634 E1982.72102
G1 X270.666 Y729.634 E1981.42588
;WIPE_START
G1 F600
G1 X270.66 Y719.634 E-30
;WIPE_END
G1 Z111.5 F15000
G1 X272.813 Y586.92 Z111.5
G1 Z110.5
G1 E40 F9000
;TYPE:Sparse infill
;WIDTH:3.2
G1 F2779.614
G1 X272.813 Y598.432 E49.70059
G1 X401.568 Y727.187 E786.09565
G1 X413.08 Y727.187 E49.70059
;WIPE_START
G1 F600
G1 X403.08 Y727.187 E-30
;WIPE_END
G1 Z111.5 F15000
M73 P28 R639
G1 X272.813 Y424.11 Z111.5
G1 Z110.5
G1 E40 F9000
G1 F2779.614
G1 X272.813 Y435.622 E49.70059
G1 X564.378 Y727.187 E1780.10742
G1 X575.89 Y727.187 E49.70059
;WIPE_START
G1 F600
G1 X565.89 Y727.187 E-30
;WIPE_END
G1 Z111.5 F15000
G1 X727.187 Y586.92 Z111.5
G1 Z110.5
G1 E40 F9000
G1 F2779.614
G1 X727.187 Y598.432 E49.70059
G1 X598.432 Y727.187 E786.09565
G1 X586.92 Y727.187 E49.70059
;WIPE_START
G1 F600
G1 X596.92 Y727.187 E-30
;WIPE_END
G1 Z111.5 F15000
G1 X727.187 Y424.11 Z111.5
G1 Z110.5
G1 E40 F9000
G1 F2779.614
G1 X727.187 Y435.623 E49.70059
G1 X435.622 Y727.187 E1780.10743
G1 X424.11 Y727.187 E49.70059
;WIPE_START
G1 F600
G1 X434.11 Y727.187 E-30
;WIPE_END
G1 Z111.5 F15000
G1 X424.11 Y272.813 Z111.5
G1 Z110.5
G1 E40 F9000
G1 F2779.614
G1 X435.622 Y272.813 E49.70059
G1 X727.187 Y564.378 E1780.10742
G1 X727.187 Y575.89 E49.70059
;WIPE_START
G1 F600
G1 X727.187 Y565.89 E-30
;WIPE_END
G1 Z111.5 F15000
G1 X715.675 Y272.813 Z111.5
G1 Z110.5
G1 E40 F9000
G1 F2779.614
G1 X727.187 Y272.813 E49.70027
G1 X272.813 Y727.187 E2774.11872
G1 X284.325 Y727.187 E49.70025
M73 P28 R638
;WIPE_START
G1 F600
G1 X274.325 Y727.187 E-30
;WIPE_END
G1 Z111.5 F15000
G1 X284.325 Y272.813 Z111.5
G1 Z110.5
G1 E40 F9000
G1 F2779.614
G1 X272.813 Y272.813 E49.70059
G1 X727.187 Y727.187 E2774.11918
G1 X715.675 Y727.187 E49.70059
;WIPE_START
G1 F600
G1 X725.675 Y727.187 E-30
;WIPE_END
G1 Z111.5 F15000
G1 X586.92 Y272.813 Z111.5
G1 Z110.5
G1 E40 F9000
G1 F2779.614
G1 X598.432 Y272.813 E49.70059
G1 X727.187 Y401.568 E786.09564
G1 X727.187 Y413.08 E49.70059
;WIPE_START
G1 F600
G1 X727.187 Y403.08 E-30
;WIPE_END
G1 Z111.5 F15000
G1 X575.89 Y272.813 Z111.5
G1 Z110.5
G1 E40 F9000
G1 F2779.614
G1 X564.378 Y272.813 E49.70059
G1 X272.813 Y564.377 E1780.10741
G1 X272.813 Y575.89 E49.70059
;WIPE_START
G1 F600
G1 X272.813 Y565.89 E-30
;WIPE_END
G1 Z111.5 F15000
G1 X413.08 Y272.813 Z111.5
G1 Z110.5
G1 E40 F9000
G1 F2779.614
G1 X401.568 Y272.813 E49.70059
G1 X272.813 Y401.568 E786.09564
G1 X272.813 Y413.08 E49.70059
; stop printing object Cube id:0 copy 0
;LAYER_CHANGE
;Z:112
;HEIGHT:1.5
;BEFORE_LAYER_CHANGE
;112
G92 E0

EXCLUDE_OBJECT_END NAME=Cube_id_0_copy_0
;AFTER_LAYER_CHANGE
;112
;_SET_FAN_SPEED_CHANGING_LAYER
; printing object Cube id:0 copy 0
;WIPE_START
G1 F600
G1 X272.813 Y403.08 E-30
;WIPE_END
EXCLUDE_OBJECT_START NAME=Cube_id_0_copy_0
G1 Z113 F15000
G1 X270.366 Y270.366 Z113
G1 Z112
G1 E40 F9000
;TYPE:Outer wall
;WIDTH:3.2
G1 F2779.615
G1 X729.634 Y270.366 E1982.72102
G1 F2760
M73 P28 R637
G1 X729.634 Y729.634 E1982.72107
G1 X270.366 Y729.634 E1982.72102
M73 P29 R637
G1 X270.366 Y270.666 E1981.42588
;WIPE_START
G1 F600
G1 X280.366 Y270.66 E-30
;WIPE_END
G1 Z113 F15000
G1 X272.813 Y413.08 Z113
G1 Z112
G1 E40 F9000
;TYPE:Sparse infill
;WIDTH:3.2
G1 F2779.614
G1 X272.813 Y401.568 E49.70059
G1 X401.568 Y272.813 E786.09564
G1 X413.08 Y272.813 E49.70059
;WIPE_START
G1 F600
G1 X403.08 Y272.813 E-30
;WIPE_END
G1 Z113 F15000
G1 X272.813 Y575.89 Z113
G1 Z112
G1 E40 F9000
G1 F2779.614
G1 X272.813 Y564.377 E49.70059
G1 X564.378 Y272.813 E1780.10741
G1 X575.89 Y272.813 E49.70059
;WIPE_START
G1 F600
G1 X565.89 Y272.813 E-30
;WIPE_END
G1 Z113 F15000
G1 X727.187 Y413.08 Z113
G1 Z112
G1 E40 F9000
G1 F2779.614
G1 X727.187 Y401.568 E49.70059
G1 X598.432 Y272.813 E786.09564
G1 X586.92 Y272.813 E49.70059
M73 P29 R636
;WIPE_START
G1 F600
G1 X596.92 Y272.813 E-30
;WIPE_END
G1 Z113 F15000
G1 X727.187 Y575.89 Z113
G1 Z112
G1 E40 F9000
G1 F2779.614
G1 X727.187 Y564.378 E49.70059
G1 X435.622 Y272.813 E1780.10742
G1 X424.11 Y272.813 E49.70059
;WIPE_START
G1 F600
G1 X434.11 Y272.813 E-30
;WIPE_END
G1 Z113 F15000
G1 X424.11 Y727.187 Z113
G1 Z112
G1 E40 F9000
G1 F2779.614
G1 X435.622 Y727.187 E49.70059
G1 X727.187 Y435.623 E1780.10743
G1 X727.187 Y424.11 E49.70059
;WIPE_START
G1 F600
G1 X727.187 Y434.11 E-30
;WIPE_END
G1 Z113 F15000
G1 X715.675 Y727.187 Z113
G1 Z112
G1 E40 F9000
G1 F2779.614
G1 X727.187 Y727.187 E49.70059
G1 X272.813 Y272.813 E2774.11918
G1 X284.325 Y272.813 E49.70059
;WIPE_START
G1 F600
G1 X274.325 Y272.813 E-30
;WIPE_END
G1 Z113 F15000
G1 X284.325 Y727.187 Z113
G1 Z112
G1 E40 F9000
G1 F2779.614
G1 X272.813 Y727.187 E49.70025
G1 X727.187 Y272.813 E2774.11872
G1 X715.675 Y272.813 E49.70027
M73 P29 R635
;WIPE_START
G1 F600
G1 X725.675 Y272.813 E-30
;WIPE_END
G1 Z113 F15000
G1 X586.92 Y727.187 Z113
G1 Z112
G1 E40 F9000
G1 F2779.614
G1 X598.432 Y727.187 E49.70059
G1 X727.187 Y598.432 E786.09565
G1 X727.187 Y586.92 E49.70059
;WIPE_START
G1 F600
G1 X727.187 Y596.92 E-30
;WIPE_END
G1 Z113 F15000
G1 X575.89 Y727.187 Z113
G1 Z112
G1 E40 F9000
G1 F2779.614
G1 X564.378 Y727.187 E49.70059
G1 X272.813 Y435.622 E1780.10742
G1 X272.813 Y424.11 E49.70059
;WIPE_START
G1 F600
G1 X272.813 Y434.11 E-30
;WIPE_END
G1 Z113 F15000
G1 X413.08 Y727.187 Z113
G1 Z112
G1 E40 F9000
G1 F2779.614
G1 X401.568 Y727.187 E49.70059
G1 X272.813 Y598.432 E786.09565
G1 X272.813 Y586.92 E49.70059
; stop printing object Cube id:0 copy 0
;LAYER_CHANGE
;Z:113.5
;HEIGHT:1.5
;BEFORE_LAYER_CHANGE
;113.5
G92 E0

EXCLUDE_OBJECT_END NAME=Cube_id_0_copy_0
;AFTER_LAYER_CHANGE
;113.5
;_SET_FAN_SPEED_CHANGING_LAYER
; printing object Cube id:0 copy 0
;WIPE_START
G1 F600
G1 X272.813 Y596.92 E-30
;WIPE_END
EXCLUDE_OBJECT_START NAME=Cube_id_0_copy_0
G1 Z114.5 F15000
G1 X270.366 Y729.634 Z114.5
G1 Z113.5
G1 E40 F9000
;TYPE:Outer wall
;WIDTH:3.2
G1 F2779.615
G1 X270.366 Y270.366 E1982.72102
G1 F2760
G1 X729.634 Y270.366 E1982.72107
G1 X729.634 Y729.634 E1982.72102
G1 X270.666 Y729.634 E1981.42588
M73 P29 R634
;WIPE_START
G1 F600
G1 X270.66 Y719.634 E-30
;WIPE_END
G1 Z114.5 F15000
G1 X272.813 Y586.92 Z114.5
G1 Z113.5
G1 E40 F9000
;TYPE:Sparse infill
;WIDTH:3.2
G1 F2779.614
G1 X272.813 Y598.432 E49.70059
G1 X401.568 Y727.187 E786.09565
G1 X413.08 Y727.187 E49.70059
;WIPE_START
G1 F600
G1 X403.08 Y727.187 E-30
;WIPE_END
G1 Z114.5 F15000
G1 X272.813 Y424.11 Z114.5
G1 Z113.5
G1 E40 F9000
G1 F2779.614
G1 X272.813 Y435.622 E49.70059
G1 X564.378 Y727.187 E1780.10742
G1 X575.89 Y727.187 E49.70059
;WIPE_START
G1 F600
G1 X565.89 Y727.187 E-30
;WIPE_END
G1 Z114.5 F15000
G1 X727.187 Y586.92 Z114.5
G1 Z113.5
G1 E40 F9000
G1 F2779.614
G1 X727.187 Y598.432 E49.70059
G1 X598.432 Y727.187 E786.09565
G1 X586.92 Y727.187 E49.70059
;WIPE_START
G1 F600
G1 X596.92 Y727.187 E-30
;WIPE_END
G1 Z114.5 F15000
G1 X727.187 Y424.11 Z114.5
G1 Z113.5
G1 E40 F9000
G1 F2779.614
G1 X727.187 Y435.623 E49.70059
G1 X435.622 Y727.187 E1780.10743
G1 X424.11 Y727.187 E49.70059
;WIPE_START
G1 F600
G1 X434.11 Y727.187 E-30
;WIPE_END
G1 Z114.5 F15000
G1 X424.11 Y272.813 Z114.5
M73 P29 R633
G1 Z113.5
G1 E40 F9000
G1 F2779.614
G1 X435.622 Y272.813 E49.70059
G1 X727.187 Y564.378 E1780.10742
G1 X727.187 Y575.89 E49.70059
;WIPE_START
G1 F600
G1 X727.187 Y565.89 E-30
;WIPE_END
G1 Z114.5 F15000
G1 X715.675 Y272.813 Z114.5
G1 Z113.5
G1 E40 F9000
G1 F2779.614
G1 X727.187 Y272.813 E49.70027
G1 X272.813 Y727.187 E2774.11872
G1 X284.325 Y727.187 E49.70025
;WIPE_START
G1 F600
G1 X274.325 Y727.187 E-30
;WIPE_END
G1 Z114.5 F15000
G1 X284.325 Y272.813 Z114.5
G1 Z113.5
G1 E40 F9000
G1 F2779.614
G1 X272.813 Y272.813 E49.70059
G1 X727.187 Y727.187 E2774.11918
G1 X715.675 Y727.187 E49.70059
;WIPE_START
G1 F600
G1 X725.675 Y727.187 E-30
;WIPE_END
G1 Z114.5 F15000
G1 X586.92 Y272.813 Z114.5
G1 Z113.5
G1 E40 F9000
G1 F2779.614
G1 X598.432 Y272.813 E49.70059
G1 X727.187 Y401.568 E786.09564
G1 X727.187 Y413.08 E49.70059
;WIPE_START
G1 F600
G1 X727.187 Y403.08 E-30
;WIPE_END
G1 Z114.5 F15000
G1 X575.89 Y272.813 Z114.5
G1 Z113.5
G1 E40 F9000
G1 F2779.614
M73 P29 R632
G1 X564.378 Y272.813 E49.70059
G1 X272.813 Y564.377 E1780.10741
G1 X272.813 Y575.89 E49.70059
;WIPE_START
G1 F600
G1 X272.813 Y565.89 E-30
;WIPE_END
G1 Z114.5 F15000
G1 X413.08 Y272.813 Z114.5
G1 Z113.5
G1 E40 F9000
G1 F2779.614
G1 X401.568 Y272.813 E49.70059
G1 X272.813 Y401.568 E786.09564
G1 X272.813 Y413.08 E49.70059
; stop printing object Cube id:0 copy 0
;LAYER_CHANGE
;Z:115
;HEIGHT:1.5
;BEFORE_LAYER_CHANGE
;115
G92 E0

EXCLUDE_OBJECT_END NAME=Cube_id_0_copy_0
;AFTER_LAYER_CHANGE
;115
;_SET_FAN_SPEED_CHANGING_LAYER
; printing object Cube id:0 copy 0
;WIPE_START
G1 F600
G1 X272.813 Y403.08 E-30
;WIPE_END
EXCLUDE_OBJECT_START NAME=Cube_id_0_copy_0
G1 Z116 F15000
G1 X270.366 Y270.366 Z116
G1 Z115
G1 E40 F9000
;TYPE:Outer wall
;WIDTH:3.2
G1 F2779.615
G1 X729.634 Y270.366 E1982.72102
G1 F2760
G1 X729.634 Y729.634 E1982.72107
G1 X270.366 Y729.634 E1982.72102
G1 X270.366 Y270.666 E1981.42588
;WIPE_START
G1 F600
M73 P29 R631
G1 X280.366 Y270.66 E-30
;WIPE_END
G1 Z116 F15000
G1 X272.813 Y413.08 Z116
G1 Z115
G1 E40 F9000
;TYPE:Sparse infill
;WIDTH:3.2
G1 F2779.614
G1 X272.813 Y401.568 E49.70059
G1 X401.568 Y272.813 E786.09564
G1 X413.08 Y272.813 E49.70059
;WIPE_START
G1 F600
G1 X403.08 Y272.813 E-30
;WIPE_END
G1 Z116 F15000
G1 X272.813 Y575.89 Z116
G1 Z115
G1 E40 F9000
G1 F2779.614
G1 X272.813 Y564.377 E49.70059
G1 X564.378 Y272.813 E1780.10741
G1 X575.89 Y272.813 E49.70059
;WIPE_START
G1 F600
G1 X565.89 Y272.813 E-30
;WIPE_END
G1 Z116 F15000
G1 X727.187 Y413.08 Z116
G1 Z115
G1 E40 F9000
G1 F2779.614
G1 X727.187 Y401.568 E49.70059
G1 X598.432 Y272.813 E786.09564
G1 X586.92 Y272.813 E49.70059
;WIPE_START
G1 F600
G1 X596.92 Y272.813 E-30
;WIPE_END
G1 Z116 F15000
G1 X727.187 Y575.89 Z116
G1 Z115
G1 E40 F9000
G1 F2779.614
G1 X727.187 Y564.378 E49.70059
G1 X435.622 Y272.813 E1780.10742
G1 X424.11 Y272.813 E49.70059
;WIPE_START
G1 F600
G1 X434.11 Y272.813 E-30
;WIPE_END
G1 Z116 F15000
G1 X424.11 Y727.187 Z116
G1 Z115
G1 E40 F9000
G1 F2779.614
G1 X435.622 Y727.187 E49.70059
G1 X727.187 Y435.623 E1780.10743
G1 X727.187 Y424.11 E49.70059
;WIPE_START
G1 F600
G1 X727.187 Y434.11 E-30
;WIPE_END
G1 Z116 F15000
G1 X715.675 Y727.187 Z116
G1 Z115
G1 E40 F9000
G1 F2779.614
G1 X727.187 Y727.187 E49.70059
G1 X272.813 Y272.813 E2774.11918
G1 X284.325 Y272.813 E49.70059
M73 P29 R630
;WIPE_START
G1 F600
G1 X274.325 Y272.813 E-30
;WIPE_END
G1 Z116 F15000
G1 X284.325 Y727.187 Z116
G1 Z115
G1 E40 F9000
G1 F2779.614
G1 X272.813 Y727.187 E49.70025
G1 X727.187 Y272.813 E2774.11872
G1 X715.675 Y272.813 E49.70027
;WIPE_START
G1 F600
G1 X725.675 Y272.813 E-30
;WIPE_END
G1 Z116 F15000
G1 X586.92 Y727.187 Z116
G1 Z115
G1 E40 F9000
G1 F2779.614
G1 X598.432 Y727.187 E49.70059
G1 X727.187 Y598.432 E786.09565
G1 X727.187 Y586.92 E49.70059
;WIPE_START
G1 F600
G1 X727.187 Y596.92 E-30
;WIPE_END
G1 Z116 F15000
G1 X575.89 Y727.187 Z116
G1 Z115
G1 E40 F9000
G1 F2779.614
G1 X564.378 Y727.187 E49.70059
G1 X272.813 Y435.622 E1780.10742
G1 X272.813 Y424.11 E49.70059
;WIPE_START
G1 F600
G1 X272.813 Y434.11 E-30
;WIPE_END
G1 Z116 F15000
G1 X413.08 Y727.187 Z116
G1 Z115
G1 E40 F9000
G1 F2779.614
G1 X401.568 Y727.187 E49.70059
G1 X272.813 Y598.432 E786.09565
G1 X272.813 Y586.92 E49.70059
M73 P29 R629
; stop printing object Cube id:0 copy 0
;LAYER_CHANGE
;Z:116.5
;HEIGHT:1.5
;BEFORE_LAYER_CHANGE
;116.5
G92 E0

EXCLUDE_OBJECT_END NAME=Cube_id_0_copy_0
;AFTER_LAYER_CHANGE
;116.5
;_SET_FAN_SPEED_CHANGING_LAYER
; printing object Cube id:0 copy 0
;WIPE_START
G1 F600
G1 X272.813 Y596.92 E-30
;WIPE_END
EXCLUDE_OBJECT_START NAME=Cube_id_0_copy_0
G1 Z117.5 F15000
G1 X270.366 Y729.634 Z117.5
G1 Z116.5
G1 E40 F9000
;TYPE:Outer wall
;WIDTH:3.2
G1 F2779.615
G1 X270.366 Y270.366 E1982.72102
G1 F2760
G1 X729.634 Y270.366 E1982.72107
G1 X729.634 Y729.634 E1982.72102
G1 X270.666 Y729.634 E1981.42588
;WIPE_START
G1 F600
G1 X270.66 Y719.634 E-30
;WIPE_END
G1 Z117.5 F15000
G1 X272.813 Y586.92 Z117.5
G1 Z116.5
G1 E40 F9000
;TYPE:Sparse infill
;WIDTH:3.2
G1 F2779.614
G1 X272.813 Y598.432 E49.70059
G1 X401.568 Y727.187 E786.09565
G1 X413.08 Y727.187 E49.70059
;WIPE_START
G1 F600
G1 X403.08 Y727.187 E-30
;WIPE_END
G1 Z117.5 F15000
G1 X272.813 Y424.11 Z117.5
G1 Z116.5
G1 E40 F9000
G1 F2779.614
G1 X272.813 Y435.622 E49.70059
G1 X564.378 Y727.187 E1780.10742
G1 X575.89 Y727.187 E49.70059
M73 P29 R628
;WIPE_START
G1 F600
G1 X565.89 Y727.187 E-30
;WIPE_END
G1 Z117.5 F15000
G1 X727.187 Y586.92 Z117.5
G1 Z116.5
G1 E40 F9000
G1 F2779.614
G1 X727.187 Y598.432 E49.70059
G1 X598.432 Y727.187 E786.09565
G1 X586.92 Y727.187 E49.70059
M73 P30 R628
;WIPE_START
G1 F600
G1 X596.92 Y727.187 E-30
;WIPE_END
G1 Z117.5 F15000
G1 X727.187 Y424.11 Z117.5
G1 Z116.5
G1 E40 F9000
G1 F2779.614
G1 X727.187 Y435.623 E49.70059
G1 X435.622 Y727.187 E1780.10743
G1 X424.11 Y727.187 E49.70059
;WIPE_START
G1 F600
G1 X434.11 Y727.187 E-30
;WIPE_END
G1 Z117.5 F15000
G1 X424.11 Y272.813 Z117.5
G1 Z116.5
G1 E40 F9000
G1 F2779.614
G1 X435.622 Y272.813 E49.70059
G1 X727.187 Y564.378 E1780.10742
G1 X727.187 Y575.89 E49.70059
;WIPE_START
G1 F600
G1 X727.187 Y565.89 E-30
;WIPE_END
G1 Z117.5 F15000
G1 X715.675 Y272.813 Z117.5
G1 Z116.5
G1 E40 F9000
G1 F2779.614
G1 X727.187 Y272.813 E49.70027
G1 X272.813 Y727.187 E2774.11872
G1 X284.325 Y727.187 E49.70025
;WIPE_START
G1 F600
G1 X274.325 Y727.187 E-30
;WIPE_END
G1 Z117.5 F15000
G1 X284.325 Y272.813 Z117.5
G1 Z116.5
G1 E40 F9000
G1 F2779.614
G1 X272.813 Y272.813 E49.70059
G1 X727.187 Y727.187 E2774.11918
M73 P30 R627
G1 X715.675 Y727.187 E49.70059
;WIPE_START
G1 F600
G1 X725.675 Y727.187 E-30
;WIPE_END
G1 Z117.5 F15000
G1 X586.92 Y272.813 Z117.5
G1 Z116.5
G1 E40 F9000
G1 F2779.614
G1 X598.432 Y272.813 E49.70059
G1 X727.187 Y401.568 E786.09564
G1 X727.187 Y413.08 E49.70059
;WIPE_START
G1 F600
G1 X727.187 Y403.08 E-30
;WIPE_END
G1 Z117.5 F15000
G1 X575.89 Y272.813 Z117.5
G1 Z116.5
G1 E40 F9000
G1 F2779.614
G1 X564.378 Y272.813 E49.70059
G1 X272.813 Y564.377 E1780.10741
G1 X272.813 Y575.89 E49.70059
;WIPE_START
G1 F600
G1 X272.813 Y565.89 E-30
;WIPE_END
G1 Z117.5 F15000
G1 X413.08 Y272.813 Z117.5
G1 Z116.5
G1 E40 F9000
G1 F2779.614
G1 X401.568 Y272.813 E49.70059
G1 X272.813 Y401.568 E786.09564
G1 X272.813 Y413.08 E49.70059
; stop printing object Cube id:0 copy 0
;LAYER_CHANGE
;Z:118
;HEIGHT:1.5
;BEFORE_LAYER_CHANGE
;118
G92 E0

EXCLUDE_OBJECT_END NAME=Cube_id_0_copy_0
;AFTER_LAYER_CHANGE
;118
;_SET_FAN_SPEED_CHANGING_LAYER
; printing object Cube id:0 copy 0
;WIPE_START
G1 F600
G1 X272.813 Y403.08 E-30
;WIPE_END
EXCLUDE_OBJECT_START NAME=Cube_id_0_copy_0
G1 Z119 F15000
G1 X270.366 Y270.366 Z119
G1 Z118
G1 E40 F9000
;TYPE:Outer wall
;WIDTH:3.2
G1 F2779.615
G1 X729.634 Y270.366 E1982.72102
G1 F2760
G1 X729.634 Y729.634 E1982.72107
G1 X270.366 Y729.634 E1982.72102
M73 P30 R626
G1 X270.366 Y270.666 E1981.42588
;WIPE_START
G1 F600
G1 X280.366 Y270.66 E-30
;WIPE_END
G1 Z119 F15000
G1 X272.813 Y413.08 Z119
G1 Z118
G1 E40 F9000
;TYPE:Sparse infill
;WIDTH:3.2
G1 F2779.614
G1 X272.813 Y401.568 E49.70059
G1 X401.568 Y272.813 E786.09564
G1 X413.08 Y272.813 E49.70059
;WIPE_START
G1 F600
G1 X403.08 Y272.813 E-30
;WIPE_END
G1 Z119 F15000
G1 X272.813 Y575.89 Z119
G1 Z118
G1 E40 F9000
G1 F2779.614
G1 X272.813 Y564.377 E49.70059
G1 X564.378 Y272.813 E1780.10741
G1 X575.89 Y272.813 E49.70059
;WIPE_START
G1 F600
G1 X565.89 Y272.813 E-30
;WIPE_END
G1 Z119 F15000
G1 X727.187 Y413.08 Z119
G1 Z118
G1 E40 F9000
G1 F2779.614
G1 X727.187 Y401.568 E49.70059
G1 X598.432 Y272.813 E786.09564
G1 X586.92 Y272.813 E49.70059
;WIPE_START
G1 F600
G1 X596.92 Y272.813 E-30
;WIPE_END
G1 Z119 F15000
G1 X727.187 Y575.89 Z119
G1 Z118
G1 E40 F9000
G1 F2779.614
G1 X727.187 Y564.378 E49.70059
G1 X435.622 Y272.813 E1780.10742
G1 X424.11 Y272.813 E49.70059
M73 P30 R625
;WIPE_START
G1 F600
G1 X434.11 Y272.813 E-30
;WIPE_END
G1 Z119 F15000
G1 X424.11 Y727.187 Z119
G1 Z118
G1 E40 F9000
G1 F2779.614
G1 X435.622 Y727.187 E49.70059
G1 X727.187 Y435.623 E1780.10743
G1 X727.187 Y424.11 E49.70059
;WIPE_START
G1 F600
G1 X727.187 Y434.11 E-30
;WIPE_END
G1 Z119 F15000
G1 X715.675 Y727.187 Z119
G1 Z118
G1 E40 F9000
G1 F2779.614
G1 X727.187 Y727.187 E49.70059
G1 X272.813 Y272.813 E2774.11918
G1 X284.325 Y272.813 E49.70059
;WIPE_START
G1 F600
G1 X274.325 Y272.813 E-30
;WIPE_END
G1 Z119 F15000
G1 X284.325 Y727.187 Z119
G1 Z118
G1 E40 F9000
G1 F2779.614
G1 X272.813 Y727.187 E49.70025
G1 X727.187 Y272.813 E2774.11872
G1 X715.675 Y272.813 E49.70027
;WIPE_START
G1 F600
G1 X725.675 Y272.813 E-30
;WIPE_END
G1 Z119 F15000
G1 X586.92 Y727.187 Z119
G1 Z118
M73 P30 R624
G1 E40 F9000
G1 F2779.614
G1 X598.432 Y727.187 E49.70059
G1 X727.187 Y598.432 E786.09565
G1 X727.187 Y586.92 E49.70059
;WIPE_START
G1 F600
G1 X727.187 Y596.92 E-30
;WIPE_END
G1 Z119 F15000
G1 X575.89 Y727.187 Z119
G1 Z118
G1 E40 F9000
G1 F2779.614
G1 X564.378 Y727.187 E49.70059
G1 X272.813 Y435.622 E1780.10742
G1 X272.813 Y424.11 E49.70059
;WIPE_START
G1 F600
G1 X272.813 Y434.11 E-30
;WIPE_END
G1 Z119 F15000
G1 X413.08 Y727.187 Z119
G1 Z118
G1 E40 F9000
G1 F2779.614
G1 X401.568 Y727.187 E49.70059
G1 X272.813 Y598.432 E786.09565
G1 X272.813 Y586.92 E49.70059
; stop printing object Cube id:0 copy 0
;LAYER_CHANGE
;Z:119.5
;HEIGHT:1.5
;BEFORE_LAYER_CHANGE
;119.5
G92 E0

EXCLUDE_OBJECT_END NAME=Cube_id_0_copy_0
;AFTER_LAYER_CHANGE
;119.5
;_SET_FAN_SPEED_CHANGING_LAYER
; printing object Cube id:0 copy 0
;WIPE_START
G1 F600
G1 X272.813 Y596.92 E-30
;WIPE_END
EXCLUDE_OBJECT_START NAME=Cube_id_0_copy_0
G1 Z120.5 F15000
G1 X270.366 Y729.634 Z120.5
G1 Z119.5
G1 E40 F9000
;TYPE:Outer wall
;WIDTH:3.2
G1 F2779.615
G1 X270.366 Y270.366 E1982.72102
G1 F2760
G1 X729.634 Y270.366 E1982.72107
G1 X729.634 Y729.634 E1982.72102
G1 X270.666 Y729.634 E1981.42588
;WIPE_START
G1 F600
M73 P30 R623
G1 X270.66 Y719.634 E-30
;WIPE_END
G1 Z120.5 F15000
G1 X272.813 Y586.92 Z120.5
G1 Z119.5
G1 E40 F9000
;TYPE:Sparse infill
;WIDTH:3.2
G1 F2779.614
G1 X272.813 Y598.432 E49.70059
G1 X401.568 Y727.187 E786.09565
G1 X413.08 Y727.187 E49.70059
;WIPE_START
G1 F600
G1 X403.08 Y727.187 E-30
;WIPE_END
G1 Z120.5 F15000
G1 X272.813 Y424.11 Z120.5
G1 Z119.5
G1 E40 F9000
G1 F2779.614
G1 X272.813 Y435.622 E49.70059
G1 X564.378 Y727.187 E1780.10742
G1 X575.89 Y727.187 E49.70059
;WIPE_START
G1 F600
G1 X565.89 Y727.187 E-30
;WIPE_END
G1 Z120.5 F15000
G1 X727.187 Y586.92 Z120.5
G1 Z119.5
G1 E40 F9000
G1 F2779.614
G1 X727.187 Y598.432 E49.70059
G1 X598.432 Y727.187 E786.09565
G1 X586.92 Y727.187 E49.70059
;WIPE_START
G1 F600
G1 X596.92 Y727.187 E-30
;WIPE_END
G1 Z120.5 F15000
G1 X727.187 Y424.11 Z120.5
G1 Z119.5
G1 E40 F9000
G1 F2779.614
G1 X727.187 Y435.623 E49.70059
G1 X435.622 Y727.187 E1780.10743
G1 X424.11 Y727.187 E49.70059
;WIPE_START
G1 F600
G1 X434.11 Y727.187 E-30
;WIPE_END
G1 Z120.5 F15000
G1 X424.11 Y272.813 Z120.5
G1 Z119.5
G1 E40 F9000
G1 F2779.614
G1 X435.622 Y272.813 E49.70059
G1 X727.187 Y564.378 E1780.10742
G1 X727.187 Y575.89 E49.70059
M73 P30 R622
;WIPE_START
G1 F600
G1 X727.187 Y565.89 E-30
;WIPE_END
G1 Z120.5 F15000
G1 X715.675 Y272.813 Z120.5
G1 Z119.5
G1 E40 F9000
G1 F2779.614
G1 X727.187 Y272.813 E49.70027
G1 X272.813 Y727.187 E2774.11872
G1 X284.325 Y727.187 E49.70025
;WIPE_START
G1 F600
G1 X274.325 Y727.187 E-30
;WIPE_END
G1 Z120.5 F15000
G1 X284.325 Y272.813 Z120.5
G1 Z119.5
G1 E40 F9000
G1 F2779.614
G1 X272.813 Y272.813 E49.70059
G1 X727.187 Y727.187 E2774.11918
G1 X715.675 Y727.187 E49.70059
;WIPE_START
G1 F600
G1 X725.675 Y727.187 E-30
;WIPE_END
G1 Z120.5 F15000
G1 X586.92 Y272.813 Z120.5
G1 Z119.5
G1 E40 F9000
G1 F2779.614
G1 X598.432 Y272.813 E49.70059
G1 X727.187 Y401.568 E786.09564
G1 X727.187 Y413.08 E49.70059
;WIPE_START
G1 F600
G1 X727.187 Y403.08 E-30
;WIPE_END
G1 Z120.5 F15000
G1 X575.89 Y272.813 Z120.5
G1 Z119.5
G1 E40 F9000
G1 F2779.614
G1 X564.378 Y272.813 E49.70059
G1 X272.813 Y564.377 E1780.10741
G1 X272.813 Y575.89 E49.70059
M73 P30 R621
;WIPE_START
G1 F600
G1 X272.813 Y565.89 E-30
;WIPE_END
G1 Z120.5 F15000
G1 X413.08 Y272.813 Z120.5
G1 Z119.5
G1 E40 F9000
G1 F2779.614
G1 X401.568 Y272.813 E49.70059
G1 X272.813 Y401.568 E786.09564
G1 X272.813 Y413.08 E49.70059
; stop printing object Cube id:0 copy 0
;LAYER_CHANGE
;Z:121
;HEIGHT:1.5
;BEFORE_LAYER_CHANGE
;121
G92 E0

EXCLUDE_OBJECT_END NAME=Cube_id_0_copy_0
;AFTER_LAYER_CHANGE
;121
;_SET_FAN_SPEED_CHANGING_LAYER
; printing object Cube id:0 copy 0
;WIPE_START
G1 F600
G1 X272.813 Y403.08 E-30
;WIPE_END
EXCLUDE_OBJECT_START NAME=Cube_id_0_copy_0
G1 Z122 F15000
G1 X270.366 Y270.366 Z122
G1 Z121
G1 E40 F9000
;TYPE:Outer wall
;WIDTH:3.2
G1 F2779.615
G1 X729.634 Y270.366 E1982.72102
G1 F2760
G1 X729.634 Y729.634 E1982.72107
G1 X270.366 Y729.634 E1982.72102
G1 X270.366 Y270.666 E1981.42588
;WIPE_START
G1 F600
G1 X280.366 Y270.66 E-30
;WIPE_END
G1 Z122 F15000
G1 X272.813 Y413.08 Z122
G1 Z121
G1 E40 F9000
;TYPE:Sparse infill
;WIDTH:3.2
G1 F2779.614
G1 X272.813 Y401.568 E49.70059
G1 X401.568 Y272.813 E786.09564
G1 X413.08 Y272.813 E49.70059
;WIPE_START
G1 F600
M73 P30 R620
G1 X403.08 Y272.813 E-30
;WIPE_END
G1 Z122 F15000
G1 X272.813 Y575.89 Z122
G1 Z121
G1 E40 F9000
G1 F2779.614
G1 X272.813 Y564.377 E49.70059
G1 X564.378 Y272.813 E1780.10741
G1 X575.89 Y272.813 E49.70059
;WIPE_START
G1 F600
G1 X565.89 Y272.813 E-30
;WIPE_END
G1 Z122 F15000
G1 X727.187 Y413.08 Z122
G1 Z121
G1 E40 F9000
G1 F2779.614
G1 X727.187 Y401.568 E49.70059
G1 X598.432 Y272.813 E786.09564
G1 X586.92 Y272.813 E49.70059
;WIPE_START
G1 F600
G1 X596.92 Y272.813 E-30
;WIPE_END
G1 Z122 F15000
G1 X727.187 Y575.89 Z122
G1 Z121
G1 E40 F9000
G1 F2779.614
G1 X727.187 Y564.378 E49.70059
G1 X435.622 Y272.813 E1780.10742
G1 X424.11 Y272.813 E49.70059
;WIPE_START
G1 F600
G1 X434.11 Y272.813 E-30
;WIPE_END
G1 Z122 F15000
G1 X424.11 Y727.187 Z122
G1 Z121
G1 E40 F9000
G1 F2779.614
G1 X435.622 Y727.187 E49.70059
G1 X727.187 Y435.623 E1780.10743
G1 X727.187 Y424.11 E49.70059
;WIPE_START
G1 F600
G1 X727.187 Y434.11 E-30
;WIPE_END
G1 Z122 F15000
G1 X715.675 Y727.187 Z122
G1 Z121
G1 E40 F9000
G1 F2779.614
G1 X727.187 Y727.187 E49.70059
G1 X272.813 Y272.813 E2774.11918
G1 X284.325 Y272.813 E49.70059
M73 P30 R619
;WIPE_START
G1 F600
G1 X274.325 Y272.813 E-30
;WIPE_END
G1 Z122 F15000
G1 X284.325 Y727.187 Z122
G1 Z121
M73 P31 R619
G1 E40 F9000
G1 F2779.614
G1 X272.813 Y727.187 E49.70025
G1 X727.187 Y272.813 E2774.11872
G1 X715.675 Y272.813 E49.70027
;WIPE_START
G1 F600
G1 X725.675 Y272.813 E-30
;WIPE_END
G1 Z122 F15000
G1 X586.92 Y727.187 Z122
G1 Z121
G1 E40 F9000
G1 F2779.614
G1 X598.432 Y727.187 E49.70059
G1 X727.187 Y598.432 E786.09565
G1 X727.187 Y586.92 E49.70059
;WIPE_START
G1 F600
G1 X727.187 Y596.92 E-30
;WIPE_END
G1 Z122 F15000
G1 X575.89 Y727.187 Z122
G1 Z121
G1 E40 F9000
G1 F2779.614
G1 X564.378 Y727.187 E49.70059
G1 X272.813 Y435.622 E1780.10742
G1 X272.813 Y424.11 E49.70059
;WIPE_START
G1 F600
G1 X272.813 Y434.11 E-30
;WIPE_END
G1 Z122 F15000
G1 X413.08 Y727.187 Z122
G1 Z121
G1 E40 F9000
G1 F2779.614
G1 X401.568 Y727.187 E49.70059
G1 X272.813 Y598.432 E786.09565
G1 X272.813 Y586.92 E49.70059
; stop printing object Cube id:0 copy 0
;LAYER_CHANGE
;Z:122.5
;HEIGHT:1.5
;BEFORE_LAYER_CHANGE
;122.5
G92 E0

EXCLUDE_OBJECT_END NAME=Cube_id_0_copy_0
;AFTER_LAYER_CHANGE
;122.5
;_SET_FAN_SPEED_CHANGING_LAYER
; printing object Cube id:0 copy 0
;WIPE_START
G1 F600
G1 X272.813 Y596.92 E-30
;WIPE_END
EXCLUDE_OBJECT_START NAME=Cube_id_0_copy_0
G1 Z123.5 F15000
G1 X270.366 Y729.634 Z123.5
G1 Z122.5
G1 E40 F9000
;TYPE:Outer wall
;WIDTH:3.2
G1 F2779.615
G1 X270.366 Y270.366 E1982.72102
G1 F2760
M73 P31 R618
G1 X729.634 Y270.366 E1982.72107
G1 X729.634 Y729.634 E1982.72102
G1 X270.666 Y729.634 E1981.42588
;WIPE_START
G1 F600
G1 X270.66 Y719.634 E-30
;WIPE_END
G1 Z123.5 F15000
G1 X272.813 Y586.92 Z123.5
G1 Z122.5
G1 E40 F9000
;TYPE:Sparse infill
;WIDTH:3.2
G1 F2779.614
G1 X272.813 Y598.432 E49.70059
G1 X401.568 Y727.187 E786.09565
G1 X413.08 Y727.187 E49.70059
;WIPE_START
G1 F600
G1 X403.08 Y727.187 E-30
;WIPE_END
G1 Z123.5 F15000
G1 X272.813 Y424.11 Z123.5
G1 Z122.5
G1 E40 F9000
G1 F2779.614
G1 X272.813 Y435.622 E49.70059
G1 X564.378 Y727.187 E1780.10742
G1 X575.89 Y727.187 E49.70059
;WIPE_START
G1 F600
G1 X565.89 Y727.187 E-30
;WIPE_END
G1 Z123.5 F15000
G1 X727.187 Y586.92 Z123.5
G1 Z122.5
G1 E40 F9000
G1 F2779.614
G1 X727.187 Y598.432 E49.70059
G1 X598.432 Y727.187 E786.09565
G1 X586.92 Y727.187 E49.70059
M73 P31 R617
;WIPE_START
G1 F600
G1 X596.92 Y727.187 E-30
;WIPE_END
G1 Z123.5 F15000
G1 X727.187 Y424.11 Z123.5
G1 Z122.5
G1 E40 F9000
G1 F2779.614
G1 X727.187 Y435.623 E49.70059
G1 X435.622 Y727.187 E1780.10743
G1 X424.11 Y727.187 E49.70059
;WIPE_START
G1 F600
G1 X434.11 Y727.187 E-30
;WIPE_END
G1 Z123.5 F15000
G1 X424.11 Y272.813 Z123.5
G1 Z122.5
G1 E40 F9000
G1 F2779.614
G1 X435.622 Y272.813 E49.70059
G1 X727.187 Y564.378 E1780.10742
G1 X727.187 Y575.89 E49.70059
;WIPE_START
G1 F600
G1 X727.187 Y565.89 E-30
;WIPE_END
G1 Z123.5 F15000
G1 X715.675 Y272.813 Z123.5
G1 Z122.5
G1 E40 F9000
G1 F2779.614
G1 X727.187 Y272.813 E49.70027
G1 X272.813 Y727.187 E2774.11872
G1 X284.325 Y727.187 E49.70025
;WIPE_START
G1 F600
G1 X274.325 Y727.187 E-30
;WIPE_END
G1 Z123.5 F15000
G1 X284.325 Y272.813 Z123.5
G1 Z122.5
G1 E40 F9000
G1 F2779.614
G1 X272.813 Y272.813 E49.70059
G1 X727.187 Y727.187 E2774.11918
G1 X715.675 Y727.187 E49.70059
M73 P31 R616
;WIPE_START
G1 F600
G1 X725.675 Y727.187 E-30
;WIPE_END
G1 Z123.5 F15000
G1 X586.92 Y272.813 Z123.5
G1 Z122.5
G1 E40 F9000
G1 F2779.614
G1 X598.432 Y272.813 E49.70059
G1 X727.187 Y401.568 E786.09564
G1 X727.187 Y413.08 E49.70059
;WIPE_START
G1 F600
G1 X727.187 Y403.08 E-30
;WIPE_END
G1 Z123.5 F15000
G1 X575.89 Y272.813 Z123.5
G1 Z122.5
G1 E40 F9000
G1 F2779.614
G1 X564.378 Y272.813 E49.70059
G1 X272.813 Y564.377 E1780.10741
G1 X272.813 Y575.89 E49.70059
;WIPE_START
G1 F600
G1 X272.813 Y565.89 E-30
;WIPE_END
G1 Z123.5 F15000
G1 X413.08 Y272.813 Z123.5
G1 Z122.5
G1 E40 F9000
G1 F2779.614
G1 X401.568 Y272.813 E49.70059
G1 X272.813 Y401.568 E786.09564
G1 X272.813 Y413.08 E49.70059
; stop printing object Cube id:0 copy 0
;LAYER_CHANGE
;Z:124
;HEIGHT:1.5
;BEFORE_LAYER_CHANGE
;124
G92 E0

EXCLUDE_OBJECT_END NAME=Cube_id_0_copy_0
;AFTER_LAYER_CHANGE
;124
;_SET_FAN_SPEED_CHANGING_LAYER
; printing object Cube id:0 copy 0
;WIPE_START
G1 F600
G1 X272.813 Y403.08 E-30
;WIPE_END
EXCLUDE_OBJECT_START NAME=Cube_id_0_copy_0
G1 Z125 F15000
G1 X270.366 Y270.366 Z125
G1 Z124
G1 E40 F9000
;TYPE:Outer wall
;WIDTH:3.2
G1 F2779.615
G1 X729.634 Y270.366 E1982.72102
G1 F2760
G1 X729.634 Y729.634 E1982.72107
G1 X270.366 Y729.634 E1982.72102
G1 X270.366 Y270.666 E1981.42588
M73 P31 R615
;WIPE_START
G1 F600
G1 X280.366 Y270.66 E-30
;WIPE_END
G1 Z125 F15000
G1 X272.813 Y413.08 Z125
G1 Z124
G1 E40 F9000
;TYPE:Sparse infill
;WIDTH:3.2
G1 F2779.614
G1 X272.813 Y401.568 E49.70059
G1 X401.568 Y272.813 E786.09564
G1 X413.08 Y272.813 E49.70059
;WIPE_START
G1 F600
G1 X403.08 Y272.813 E-30
;WIPE_END
G1 Z125 F15000
G1 X272.813 Y575.89 Z125
G1 Z124
G1 E40 F9000
G1 F2779.614
G1 X272.813 Y564.377 E49.70059
G1 X564.378 Y272.813 E1780.10741
G1 X575.89 Y272.813 E49.70059
;WIPE_START
G1 F600
G1 X565.89 Y272.813 E-30
;WIPE_END
G1 Z125 F15000
G1 X727.187 Y413.08 Z125
G1 Z124
G1 E40 F9000
G1 F2779.614
G1 X727.187 Y401.568 E49.70059
G1 X598.432 Y272.813 E786.09564
G1 X586.92 Y272.813 E49.70059
;WIPE_START
G1 F600
G1 X596.92 Y272.813 E-30
;WIPE_END
G1 Z125 F15000
G1 X727.187 Y575.89 Z125
G1 Z124
G1 E40 F9000
G1 F2779.614
G1 X727.187 Y564.378 E49.70059
G1 X435.622 Y272.813 E1780.10742
G1 X424.11 Y272.813 E49.70059
;WIPE_START
G1 F600
G1 X434.11 Y272.813 E-30
;WIPE_END
G1 Z125 F15000
M73 P31 R614
G1 X424.11 Y727.187 Z125
G1 Z124
G1 E40 F9000
G1 F2779.614
G1 X435.622 Y727.187 E49.70059
G1 X727.187 Y435.623 E1780.10743
G1 X727.187 Y424.11 E49.70059
;WIPE_START
G1 F600
G1 X727.187 Y434.11 E-30
;WIPE_END
G1 Z125 F15000
G1 X715.675 Y727.187 Z125
G1 Z124
G1 E40 F9000
G1 F2779.614
G1 X727.187 Y727.187 E49.70059
G1 X272.813 Y272.813 E2774.11918
G1 X284.325 Y272.813 E49.70059
;WIPE_START
G1 F600
G1 X274.325 Y272.813 E-30
;WIPE_END
G1 Z125 F15000
G1 X284.325 Y727.187 Z125
G1 Z124
G1 E40 F9000
G1 F2779.614
G1 X272.813 Y727.187 E49.70025
G1 X727.187 Y272.813 E2774.11872
G1 X715.675 Y272.813 E49.70027
;WIPE_START
G1 F600
G1 X725.675 Y272.813 E-30
;WIPE_END
G1 Z125 F15000
G1 X586.92 Y727.187 Z125
G1 Z124
G1 E40 F9000
G1 F2779.614
G1 X598.432 Y727.187 E49.70059
G1 X727.187 Y598.432 E786.09565
G1 X727.187 Y586.92 E49.70059
;WIPE_START
G1 F600
G1 X727.187 Y596.92 E-30
;WIPE_END
G1 Z125 F15000
G1 X575.89 Y727.187 Z125
G1 Z124
M73 P31 R613
G1 E40 F9000
G1 F2779.614
G1 X564.378 Y727.187 E49.70059
G1 X272.813 Y435.622 E1780.10742
G1 X272.813 Y424.11 E49.70059
;WIPE_START
G1 F600
G1 X272.813 Y434.11 E-30
;WIPE_END
G1 Z125 F15000
G1 X413.08 Y727.187 Z125
G1 Z124
G1 E40 F9000
G1 F2779.614
G1 X401.568 Y727.187 E49.70059
G1 X272.813 Y598.432 E786.09565
G1 X272.813 Y586.92 E49.70059
; stop printing object Cube id:0 copy 0
;LAYER_CHANGE
;Z:125.5
;HEIGHT:1.5
;BEFORE_LAYER_CHANGE
;125.5
G92 E0

EXCLUDE_OBJECT_END NAME=Cube_id_0_copy_0
;AFTER_LAYER_CHANGE
;125.5
;_SET_FAN_SPEED_CHANGING_LAYER
; printing object Cube id:0 copy 0
;WIPE_START
G1 F600
G1 X272.813 Y596.92 E-30
;WIPE_END
EXCLUDE_OBJECT_START NAME=Cube_id_0_copy_0
G1 Z126.5 F15000
G1 X270.366 Y729.634 Z126.5
G1 Z125.5
G1 E40 F9000
;TYPE:Outer wall
;WIDTH:3.2
G1 F2779.615
G1 X270.366 Y270.366 E1982.72102
G1 F2760
G1 X729.634 Y270.366 E1982.72107
G1 X729.634 Y729.634 E1982.72102
G1 X270.666 Y729.634 E1981.42588
;WIPE_START
G1 F600
M73 P31 R612
G1 X270.66 Y719.634 E-30
;WIPE_END
G1 Z126.5 F15000
G1 X272.813 Y586.92 Z126.5
G1 Z125.5
G1 E40 F9000
;TYPE:Sparse infill
;WIDTH:3.2
G1 F2779.614
G1 X272.813 Y598.432 E49.70059
G1 X401.568 Y727.187 E786.09565
G1 X413.08 Y727.187 E49.70059
;WIPE_START
G1 F600
G1 X403.08 Y727.187 E-30
;WIPE_END
G1 Z126.5 F15000
G1 X272.813 Y424.11 Z126.5
G1 Z125.5
G1 E40 F9000
G1 F2779.614
G1 X272.813 Y435.622 E49.70059
G1 X564.378 Y727.187 E1780.10742
G1 X575.89 Y727.187 E49.70059
;WIPE_START
G1 F600
G1 X565.89 Y727.187 E-30
;WIPE_END
G1 Z126.5 F15000
G1 X727.187 Y586.92 Z126.5
G1 Z125.5
G1 E40 F9000
G1 F2779.614
G1 X727.187 Y598.432 E49.70059
G1 X598.432 Y727.187 E786.09565
G1 X586.92 Y727.187 E49.70059
;WIPE_START
G1 F600
G1 X596.92 Y727.187 E-30
;WIPE_END
G1 Z126.5 F15000
G1 X727.187 Y424.11 Z126.5
G1 Z125.5
G1 E40 F9000
G1 F2779.614
G1 X727.187 Y435.623 E49.70059
G1 X435.622 Y727.187 E1780.10743
G1 X424.11 Y727.187 E49.70059
;WIPE_START
G1 F600
G1 X434.11 Y727.187 E-30
;WIPE_END
G1 Z126.5 F15000
G1 X424.11 Y272.813 Z126.5
G1 Z125.5
G1 E40 F9000
G1 F2779.614
G1 X435.622 Y272.813 E49.70059
G1 X727.187 Y564.378 E1780.10742
G1 X727.187 Y575.89 E49.70059
;WIPE_START
G1 F600
G1 X727.187 Y565.89 E-30
;WIPE_END
G1 Z126.5 F15000
G1 X715.675 Y272.813 Z126.5
G1 Z125.5
G1 E40 F9000
G1 F2779.614
G1 X727.187 Y272.813 E49.70027
G1 X272.813 Y727.187 E2774.11872
G1 X284.325 Y727.187 E49.70025
M73 P31 R611
;WIPE_START
G1 F600
G1 X274.325 Y727.187 E-30
;WIPE_END
G1 Z126.5 F15000
G1 X284.325 Y272.813 Z126.5
G1 Z125.5
G1 E40 F9000
G1 F2779.614
G1 X272.813 Y272.813 E49.70059
G1 X727.187 Y727.187 E2774.11918
G1 X715.675 Y727.187 E49.70059
;WIPE_START
G1 F600
G1 X725.675 Y727.187 E-30
;WIPE_END
G1 Z126.5 F15000
G1 X586.92 Y272.813 Z126.5
G1 Z125.5
G1 E40 F9000
G1 F2779.614
G1 X598.432 Y272.813 E49.70059
G1 X727.187 Y401.568 E786.09564
G1 X727.187 Y413.08 E49.70059
;WIPE_START
G1 F600
G1 X727.187 Y403.08 E-30
;WIPE_END
G1 Z126.5 F15000
G1 X575.89 Y272.813 Z126.5
G1 Z125.5
G1 E40 F9000
G1 F2779.614
G1 X564.378 Y272.813 E49.70059
G1 X272.813 Y564.377 E1780.10741
G1 X272.813 Y575.89 E49.70059
;WIPE_START
G1 F600
G1 X272.813 Y565.89 E-30
;WIPE_END
G1 Z126.5 F15000
G1 X413.08 Y272.813 Z126.5
G1 Z125.5
G1 E40 F9000
G1 F2779.614
G1 X401.568 Y272.813 E49.70059
G1 X272.813 Y401.568 E786.09564
G1 X272.813 Y413.08 E49.70059
M73 P31 R610
; stop printing object Cube id:0 copy 0
;LAYER_CHANGE
;Z:127
;HEIGHT:1.5
;BEFORE_LAYER_CHANGE
;127
G92 E0

EXCLUDE_OBJECT_END NAME=Cube_id_0_copy_0
;AFTER_LAYER_CHANGE
;127
;_SET_FAN_SPEED_CHANGING_LAYER
; printing object Cube id:0 copy 0
;WIPE_START
G1 F600
G1 X272.813 Y403.08 E-30
;WIPE_END
EXCLUDE_OBJECT_START NAME=Cube_id_0_copy_0
G1 Z128 F15000
G1 X270.366 Y270.366 Z128
G1 Z127
G1 E40 F9000
;TYPE:Outer wall
;WIDTH:3.2
G1 F2779.615
G1 X729.634 Y270.366 E1982.72102
G1 F2760
M73 P32 R610
G1 X729.634 Y729.634 E1982.72107
G1 X270.366 Y729.634 E1982.72102
G1 X270.366 Y270.666 E1981.42588
;WIPE_START
G1 F600
G1 X280.366 Y270.66 E-30
;WIPE_END
G1 Z128 F15000
G1 X272.813 Y413.08 Z128
G1 Z127
G1 E40 F9000
;TYPE:Sparse infill
;WIDTH:3.2
G1 F2779.614
G1 X272.813 Y401.568 E49.70059
G1 X401.568 Y272.813 E786.09564
G1 X413.08 Y272.813 E49.70059
;WIPE_START
G1 F600
G1 X403.08 Y272.813 E-30
;WIPE_END
G1 Z128 F15000
G1 X272.813 Y575.89 Z128
G1 Z127
G1 E40 F9000
G1 F2779.614
G1 X272.813 Y564.377 E49.70059
G1 X564.378 Y272.813 E1780.10741
G1 X575.89 Y272.813 E49.70059
M73 P32 R609
;WIPE_START
G1 F600
G1 X565.89 Y272.813 E-30
;WIPE_END
G1 Z128 F15000
G1 X727.187 Y413.08 Z128
G1 Z127
G1 E40 F9000
G1 F2779.614
G1 X727.187 Y401.568 E49.70059
G1 X598.432 Y272.813 E786.09564
G1 X586.92 Y272.813 E49.70059
;WIPE_START
G1 F600
G1 X596.92 Y272.813 E-30
;WIPE_END
G1 Z128 F15000
G1 X727.187 Y575.89 Z128
G1 Z127
G1 E40 F9000
G1 F2779.614
G1 X727.187 Y564.378 E49.70059
G1 X435.622 Y272.813 E1780.10742
G1 X424.11 Y272.813 E49.70059
;WIPE_START
G1 F600
G1 X434.11 Y272.813 E-30
;WIPE_END
G1 Z128 F15000
G1 X424.11 Y727.187 Z128
G1 Z127
G1 E40 F9000
G1 F2779.614
G1 X435.622 Y727.187 E49.70059
G1 X727.187 Y435.623 E1780.10743
G1 X727.187 Y424.11 E49.70059
;WIPE_START
G1 F600
G1 X727.187 Y434.11 E-30
;WIPE_END
G1 Z128 F15000
G1 X715.675 Y727.187 Z128
G1 Z127
G1 E40 F9000
G1 F2779.614
G1 X727.187 Y727.187 E49.70059
G1 X272.813 Y272.813 E2774.11918
G1 X284.325 Y272.813 E49.70059
;WIPE_START
G1 F600
G1 X274.325 Y272.813 E-30
;WIPE_END
G1 Z128 F15000
G1 X284.325 Y727.187 Z128
G1 Z127
G1 E40 F9000
M73 P32 R608
G1 F2779.614
G1 X272.813 Y727.187 E49.70025
G1 X727.187 Y272.813 E2774.11872
G1 X715.675 Y272.813 E49.70027
;WIPE_START
G1 F600
G1 X725.675 Y272.813 E-30
;WIPE_END
G1 Z128 F15000
G1 X586.92 Y727.187 Z128
G1 Z127
G1 E40 F9000
G1 F2779.614
G1 X598.432 Y727.187 E49.70059
G1 X727.187 Y598.432 E786.09565
G1 X727.187 Y586.92 E49.70059
;WIPE_START
G1 F600
G1 X727.187 Y596.92 E-30
;WIPE_END
G1 Z128 F15000
G1 X575.89 Y727.187 Z128
G1 Z127
G1 E40 F9000
G1 F2779.614
G1 X564.378 Y727.187 E49.70059
G1 X272.813 Y435.622 E1780.10742
G1 X272.813 Y424.11 E49.70059
;WIPE_START
G1 F600
G1 X272.813 Y434.11 E-30
;WIPE_END
G1 Z128 F15000
G1 X413.08 Y727.187 Z128
G1 Z127
G1 E40 F9000
G1 F2779.614
G1 X401.568 Y727.187 E49.70059
G1 X272.813 Y598.432 E786.09565
G1 X272.813 Y586.92 E49.70059
; stop printing object Cube id:0 copy 0
;LAYER_CHANGE
;Z:128.5
;HEIGHT:1.5
;BEFORE_LAYER_CHANGE
;128.5
G92 E0

EXCLUDE_OBJECT_END NAME=Cube_id_0_copy_0
;AFTER_LAYER_CHANGE
;128.5
;_SET_FAN_SPEED_CHANGING_LAYER
; printing object Cube id:0 copy 0
;WIPE_START
G1 F600
G1 X272.813 Y596.92 E-30
;WIPE_END
EXCLUDE_OBJECT_START NAME=Cube_id_0_copy_0
G1 Z129.5 F15000
G1 X270.366 Y729.634 Z129.5
G1 Z128.5
G1 E40 F9000
;TYPE:Outer wall
;WIDTH:3.2
G1 F2779.615
G1 X270.366 Y270.366 E1982.72102
G1 F2760
G1 X729.634 Y270.366 E1982.72107
G1 X729.634 Y729.634 E1982.72102
M73 P32 R607
G1 X270.666 Y729.634 E1981.42588
;WIPE_START
G1 F600
G1 X270.66 Y719.634 E-30
;WIPE_END
G1 Z129.5 F15000
G1 X272.813 Y586.92 Z129.5
G1 Z128.5
G1 E40 F9000
;TYPE:Sparse infill
;WIDTH:3.2
G1 F2779.614
G1 X272.813 Y598.432 E49.70059
G1 X401.568 Y727.187 E786.09565
G1 X413.08 Y727.187 E49.70059
;WIPE_START
G1 F600
G1 X403.08 Y727.187 E-30
;WIPE_END
G1 Z129.5 F15000
G1 X272.813 Y424.11 Z129.5
G1 Z128.5
G1 E40 F9000
G1 F2779.614
G1 X272.813 Y435.622 E49.70059
G1 X564.378 Y727.187 E1780.10742
G1 X575.89 Y727.187 E49.70059
;WIPE_START
G1 F600
G1 X565.89 Y727.187 E-30
;WIPE_END
G1 Z129.5 F15000
G1 X727.187 Y586.92 Z129.5
G1 Z128.5
G1 E40 F9000
G1 F2779.614
G1 X727.187 Y598.432 E49.70059
G1 X598.432 Y727.187 E786.09565
G1 X586.92 Y727.187 E49.70059
;WIPE_START
G1 F600
G1 X596.92 Y727.187 E-30
;WIPE_END
G1 Z129.5 F15000
G1 X727.187 Y424.11 Z129.5
G1 Z128.5
G1 E40 F9000
G1 F2779.614
G1 X727.187 Y435.623 E49.70059
G1 X435.622 Y727.187 E1780.10743
G1 X424.11 Y727.187 E49.70059
M73 P32 R606
;WIPE_START
G1 F600
G1 X434.11 Y727.187 E-30
;WIPE_END
G1 Z129.5 F15000
G1 X424.11 Y272.813 Z129.5
G1 Z128.5
G1 E40 F9000
G1 F2779.614
G1 X435.622 Y272.813 E49.70059
G1 X727.187 Y564.378 E1780.10742
G1 X727.187 Y575.89 E49.70059
;WIPE_START
G1 F600
G1 X727.187 Y565.89 E-30
;WIPE_END
G1 Z129.5 F15000
G1 X715.675 Y272.813 Z129.5
G1 Z128.5
G1 E40 F9000
G1 F2779.614
G1 X727.187 Y272.813 E49.70027
G1 X272.813 Y727.187 E2774.11872
G1 X284.325 Y727.187 E49.70025
;WIPE_START
G1 F600
G1 X274.325 Y727.187 E-30
;WIPE_END
G1 Z129.5 F15000
G1 X284.325 Y272.813 Z129.5
G1 Z128.5
G1 E40 F9000
G1 F2779.614
G1 X272.813 Y272.813 E49.70059
G1 X727.187 Y727.187 E2774.11918
G1 X715.675 Y727.187 E49.70059
;WIPE_START
G1 F600
G1 X725.675 Y727.187 E-30
;WIPE_END
G1 Z129.5 F15000
G1 X586.92 Y272.813 Z129.5
G1 Z128.5
M73 P32 R605
G1 E40 F9000
G1 F2779.614
G1 X598.432 Y272.813 E49.70059
G1 X727.187 Y401.568 E786.09564
G1 X727.187 Y413.08 E49.70059
;WIPE_START
G1 F600
G1 X727.187 Y403.08 E-30
;WIPE_END
G1 Z129.5 F15000
G1 X575.89 Y272.813 Z129.5
G1 Z128.5
G1 E40 F9000
G1 F2779.614
G1 X564.378 Y272.813 E49.70059
G1 X272.813 Y564.377 E1780.10741
G1 X272.813 Y575.89 E49.70059
;WIPE_START
G1 F600
G1 X272.813 Y565.89 E-30
;WIPE_END
G1 Z129.5 F15000
G1 X413.08 Y272.813 Z129.5
G1 Z128.5
G1 E40 F9000
G1 F2779.614
G1 X401.568 Y272.813 E49.70059
G1 X272.813 Y401.568 E786.09564
G1 X272.813 Y413.08 E49.70059
; stop printing object Cube id:0 copy 0
;LAYER_CHANGE
;Z:130
;HEIGHT:1.5
;BEFORE_LAYER_CHANGE
;130
G92 E0

EXCLUDE_OBJECT_END NAME=Cube_id_0_copy_0
;AFTER_LAYER_CHANGE
;130
;_SET_FAN_SPEED_CHANGING_LAYER
; printing object Cube id:0 copy 0
;WIPE_START
G1 F600
G1 X272.813 Y403.08 E-30
;WIPE_END
EXCLUDE_OBJECT_START NAME=Cube_id_0_copy_0
G1 Z131 F15000
G1 X270.366 Y270.366 Z131
G1 Z130
G1 E40 F9000
;TYPE:Outer wall
;WIDTH:3.2
G1 F2779.615
G1 X729.634 Y270.366 E1982.72102
G1 F2760
G1 X729.634 Y729.634 E1982.72107
G1 X270.366 Y729.634 E1982.72102
G1 X270.366 Y270.666 E1981.42588
M73 P32 R604
;WIPE_START
G1 F600
G1 X280.366 Y270.66 E-30
;WIPE_END
G1 Z131 F15000
G1 X272.813 Y413.08 Z131
G1 Z130
G1 E40 F9000
;TYPE:Sparse infill
;WIDTH:3.2
G1 F2779.614
G1 X272.813 Y401.568 E49.70059
G1 X401.568 Y272.813 E786.09564
G1 X413.08 Y272.813 E49.70059
;WIPE_START
G1 F600
G1 X403.08 Y272.813 E-30
;WIPE_END
G1 Z131 F15000
G1 X272.813 Y575.89 Z131
G1 Z130
G1 E40 F9000
G1 F2779.614
G1 X272.813 Y564.377 E49.70059
G1 X564.378 Y272.813 E1780.10741
G1 X575.89 Y272.813 E49.70059
;WIPE_START
G1 F600
G1 X565.89 Y272.813 E-30
;WIPE_END
G1 Z131 F15000
G1 X727.187 Y413.08 Z131
G1 Z130
G1 E40 F9000
G1 F2779.614
G1 X727.187 Y401.568 E49.70059
G1 X598.432 Y272.813 E786.09564
G1 X586.92 Y272.813 E49.70059
;WIPE_START
G1 F600
G1 X596.92 Y272.813 E-30
;WIPE_END
G1 Z131 F15000
G1 X727.187 Y575.89 Z131
G1 Z130
G1 E40 F9000
G1 F2779.614
G1 X727.187 Y564.378 E49.70059
G1 X435.622 Y272.813 E1780.10742
G1 X424.11 Y272.813 E49.70059
;WIPE_START
G1 F600
G1 X434.11 Y272.813 E-30
;WIPE_END
G1 Z131 F15000
G1 X424.11 Y727.187 Z131
G1 Z130
G1 E40 F9000
G1 F2779.614
G1 X435.622 Y727.187 E49.70059
G1 X727.187 Y435.623 E1780.10743
G1 X727.187 Y424.11 E49.70059
M73 P32 R603
;WIPE_START
G1 F600
G1 X727.187 Y434.11 E-30
;WIPE_END
G1 Z131 F15000
G1 X715.675 Y727.187 Z131
G1 Z130
G1 E40 F9000
G1 F2779.614
G1 X727.187 Y727.187 E49.70059
G1 X272.813 Y272.813 E2774.11918
G1 X284.325 Y272.813 E49.70059
;WIPE_START
G1 F600
G1 X274.325 Y272.813 E-30
;WIPE_END
G1 Z131 F15000
G1 X284.325 Y727.187 Z131
G1 Z130
G1 E40 F9000
G1 F2779.614
G1 X272.813 Y727.187 E49.70025
G1 X727.187 Y272.813 E2774.11872
G1 X715.675 Y272.813 E49.70027
;WIPE_START
G1 F600
G1 X725.675 Y272.813 E-30
;WIPE_END
G1 Z131 F15000
G1 X586.92 Y727.187 Z131
G1 Z130
G1 E40 F9000
G1 F2779.614
G1 X598.432 Y727.187 E49.70059
G1 X727.187 Y598.432 E786.09565
G1 X727.187 Y586.92 E49.70059
;WIPE_START
G1 F600
G1 X727.187 Y596.92 E-30
;WIPE_END
G1 Z131 F15000
G1 X575.89 Y727.187 Z131
G1 Z130
G1 E40 F9000
G1 F2779.614
G1 X564.378 Y727.187 E49.70059
G1 X272.813 Y435.622 E1780.10742
G1 X272.813 Y424.11 E49.70059
M73 P32 R602
;WIPE_START
G1 F600
G1 X272.813 Y434.11 E-30
;WIPE_END
G1 Z131 F15000
G1 X413.08 Y727.187 Z131
G1 Z130
G1 E40 F9000
G1 F2779.614
G1 X401.568 Y727.187 E49.70059
G1 X272.813 Y598.432 E786.09565
G1 X272.813 Y586.92 E49.70059
; stop printing object Cube id:0 copy 0
;LAYER_CHANGE
;Z:131.5
;HEIGHT:1.5
;BEFORE_LAYER_CHANGE
;131.5
G92 E0

EXCLUDE_OBJECT_END NAME=Cube_id_0_copy_0
;AFTER_LAYER_CHANGE
;131.5
;_SET_FAN_SPEED_CHANGING_LAYER
; printing object Cube id:0 copy 0
;WIPE_START
G1 F600
G1 X272.813 Y596.92 E-30
;WIPE_END
EXCLUDE_OBJECT_START NAME=Cube_id_0_copy_0
G1 Z132.5 F15000
G1 X270.366 Y729.634 Z132.5
G1 Z131.5
G1 E40 F9000
;TYPE:Outer wall
;WIDTH:3.2
G1 F2779.615
G1 X270.366 Y270.366 E1982.72102
G1 F2760
G1 X729.634 Y270.366 E1982.72107
G1 X729.634 Y729.634 E1982.72102
G1 X270.666 Y729.634 E1981.42588
;WIPE_START
G1 F600
G1 X270.66 Y719.634 E-30
;WIPE_END
G1 Z132.5 F15000
G1 X272.813 Y586.92 Z132.5
G1 Z131.5
G1 E40 F9000
;TYPE:Sparse infill
;WIDTH:3.2
G1 F2779.614
G1 X272.813 Y598.432 E49.70059
G1 X401.568 Y727.187 E786.09565
G1 X413.08 Y727.187 E49.70059
M73 P32 R601
;WIPE_START
G1 F600
G1 X403.08 Y727.187 E-30
;WIPE_END
G1 Z132.5 F15000
G1 X272.813 Y424.11 Z132.5
G1 Z131.5
G1 E40 F9000
G1 F2779.614
G1 X272.813 Y435.622 E49.70059
G1 X564.378 Y727.187 E1780.10742
G1 X575.89 Y727.187 E49.70059
M73 P33 R601
;WIPE_START
G1 F600
G1 X565.89 Y727.187 E-30
;WIPE_END
G1 Z132.5 F15000
G1 X727.187 Y586.92 Z132.5
G1 Z131.5
G1 E40 F9000
G1 F2779.614
G1 X727.187 Y598.432 E49.70059
G1 X598.432 Y727.187 E786.09565
G1 X586.92 Y727.187 E49.70059
;WIPE_START
G1 F600
G1 X596.92 Y727.187 E-30
;WIPE_END
G1 Z132.5 F15000
G1 X727.187 Y424.11 Z132.5
G1 Z131.5
G1 E40 F9000
G1 F2779.614
G1 X727.187 Y435.623 E49.70059
G1 X435.622 Y727.187 E1780.10743
G1 X424.11 Y727.187 E49.70059
;WIPE_START
G1 F600
G1 X434.11 Y727.187 E-30
;WIPE_END
G1 Z132.5 F15000
G1 X424.11 Y272.813 Z132.5
G1 Z131.5
G1 E40 F9000
G1 F2779.614
G1 X435.622 Y272.813 E49.70059
G1 X727.187 Y564.378 E1780.10742
G1 X727.187 Y575.89 E49.70059
;WIPE_START
G1 F600
G1 X727.187 Y565.89 E-30
;WIPE_END
G1 Z132.5 F15000
G1 X715.675 Y272.813 Z132.5
G1 Z131.5
G1 E40 F9000
G1 F2779.614
G1 X727.187 Y272.813 E49.70027
G1 X272.813 Y727.187 E2774.11872
G1 X284.325 Y727.187 E49.70025
M73 P33 R600
;WIPE_START
G1 F600
G1 X274.325 Y727.187 E-30
;WIPE_END
G1 Z132.5 F15000
G1 X284.325 Y272.813 Z132.5
G1 Z131.5
G1 E40 F9000
G1 F2779.614
G1 X272.813 Y272.813 E49.70059
G1 X727.187 Y727.187 E2774.11918
G1 X715.675 Y727.187 E49.70059
;WIPE_START
G1 F600
G1 X725.675 Y727.187 E-30
;WIPE_END
G1 Z132.5 F15000
G1 X586.92 Y272.813 Z132.5
G1 Z131.5
G1 E40 F9000
G1 F2779.614
G1 X598.432 Y272.813 E49.70059
G1 X727.187 Y401.568 E786.09564
G1 X727.187 Y413.08 E49.70059
;WIPE_START
G1 F600
G1 X727.187 Y403.08 E-30
;WIPE_END
G1 Z132.5 F15000
G1 X575.89 Y272.813 Z132.5
G1 Z131.5
G1 E40 F9000
G1 F2779.614
G1 X564.378 Y272.813 E49.70059
G1 X272.813 Y564.377 E1780.10741
G1 X272.813 Y575.89 E49.70059
;WIPE_START
G1 F600
G1 X272.813 Y565.89 E-30
;WIPE_END
G1 Z132.5 F15000
G1 X413.08 Y272.813 Z132.5
G1 Z131.5
G1 E40 F9000
G1 F2779.614
G1 X401.568 Y272.813 E49.70059
G1 X272.813 Y401.568 E786.09564
G1 X272.813 Y413.08 E49.70059
; stop printing object Cube id:0 copy 0
;LAYER_CHANGE
;Z:133
;HEIGHT:1.5
;BEFORE_LAYER_CHANGE
;133
G92 E0

EXCLUDE_OBJECT_END NAME=Cube_id_0_copy_0
;AFTER_LAYER_CHANGE
;133
;_SET_FAN_SPEED_CHANGING_LAYER
; printing object Cube id:0 copy 0
;WIPE_START
G1 F600
G1 X272.813 Y403.08 E-30
;WIPE_END
EXCLUDE_OBJECT_START NAME=Cube_id_0_copy_0
G1 Z134 F15000
G1 X270.366 Y270.366 Z134
G1 Z133
G1 E40 F9000
;TYPE:Outer wall
;WIDTH:3.2
G1 F2779.615
G1 X729.634 Y270.366 E1982.72102
G1 F2760
M73 P33 R599
G1 X729.634 Y729.634 E1982.72107
G1 X270.366 Y729.634 E1982.72102
G1 X270.366 Y270.666 E1981.42588
;WIPE_START
G1 F600
G1 X280.366 Y270.66 E-30
;WIPE_END
G1 Z134 F15000
G1 X272.813 Y413.08 Z134
G1 Z133
G1 E40 F9000
;TYPE:Sparse infill
;WIDTH:3.2
G1 F2779.614
G1 X272.813 Y401.568 E49.70059
G1 X401.568 Y272.813 E786.09564
G1 X413.08 Y272.813 E49.70059
;WIPE_START
G1 F600
G1 X403.08 Y272.813 E-30
;WIPE_END
G1 Z134 F15000
G1 X272.813 Y575.89 Z134
G1 Z133
G1 E40 F9000
G1 F2779.614
G1 X272.813 Y564.377 E49.70059
G1 X564.378 Y272.813 E1780.10741
G1 X575.89 Y272.813 E49.70059
;WIPE_START
G1 F600
G1 X565.89 Y272.813 E-30
;WIPE_END
G1 Z134 F15000
G1 X727.187 Y413.08 Z134
G1 Z133
G1 E40 F9000
G1 F2779.614
G1 X727.187 Y401.568 E49.70059
G1 X598.432 Y272.813 E786.09564
G1 X586.92 Y272.813 E49.70059
M73 P33 R598
;WIPE_START
G1 F600
G1 X596.92 Y272.813 E-30
;WIPE_END
G1 Z134 F15000
G1 X727.187 Y575.89 Z134
G1 Z133
G1 E40 F9000
G1 F2779.614
G1 X727.187 Y564.378 E49.70059
G1 X435.622 Y272.813 E1780.10742
G1 X424.11 Y272.813 E49.70059
;WIPE_START
G1 F600
G1 X434.11 Y272.813 E-30
;WIPE_END
G1 Z134 F15000
G1 X424.11 Y727.187 Z134
G1 Z133
G1 E40 F9000
G1 F2779.614
G1 X435.622 Y727.187 E49.70059
G1 X727.187 Y435.623 E1780.10743
G1 X727.187 Y424.11 E49.70059
;WIPE_START
G1 F600
G1 X727.187 Y434.11 E-30
;WIPE_END
G1 Z134 F15000
G1 X715.675 Y727.187 Z134
G1 Z133
G1 E40 F9000
G1 F2779.614
G1 X727.187 Y727.187 E49.70059
G1 X272.813 Y272.813 E2774.11918
G1 X284.325 Y272.813 E49.70059
;WIPE_START
G1 F600
G1 X274.325 Y272.813 E-30
;WIPE_END
G1 Z134 F15000
G1 X284.325 Y727.187 Z134
G1 Z133
G1 E40 F9000
G1 F2779.614
G1 X272.813 Y727.187 E49.70025
G1 X727.187 Y272.813 E2774.11872
G1 X715.675 Y272.813 E49.70027
M73 P33 R597
;WIPE_START
G1 F600
G1 X725.675 Y272.813 E-30
;WIPE_END
G1 Z134 F15000
G1 X586.92 Y727.187 Z134
G1 Z133
G1 E40 F9000
G1 F2779.614
G1 X598.432 Y727.187 E49.70059
G1 X727.187 Y598.432 E786.09565
G1 X727.187 Y586.92 E49.70059
;WIPE_START
G1 F600
G1 X727.187 Y596.92 E-30
;WIPE_END
G1 Z134 F15000
G1 X575.89 Y727.187 Z134
G1 Z133
G1 E40 F9000
G1 F2779.614
G1 X564.378 Y727.187 E49.70059
G1 X272.813 Y435.622 E1780.10742
G1 X272.813 Y424.11 E49.70059
;WIPE_START
G1 F600
G1 X272.813 Y434.11 E-30
;WIPE_END
G1 Z134 F15000
G1 X413.08 Y727.187 Z134
G1 Z133
G1 E40 F9000
G1 F2779.614
G1 X401.568 Y727.187 E49.70059
G1 X272.813 Y598.432 E786.09565
G1 X272.813 Y586.92 E49.70059
; stop printing object Cube id:0 copy 0
;LAYER_CHANGE
;Z:134.5
;HEIGHT:1.5
;BEFORE_LAYER_CHANGE
;134.5
G92 E0

EXCLUDE_OBJECT_END NAME=Cube_id_0_copy_0
;AFTER_LAYER_CHANGE
;134.5
;_SET_FAN_SPEED_CHANGING_LAYER
; printing object Cube id:0 copy 0
;WIPE_START
G1 F600
G1 X272.813 Y596.92 E-30
;WIPE_END
EXCLUDE_OBJECT_START NAME=Cube_id_0_copy_0
G1 Z135.5 F15000
G1 X270.366 Y729.634 Z135.5
G1 Z134.5
G1 E40 F9000
;TYPE:Outer wall
;WIDTH:3.2
G1 F2779.615
G1 X270.366 Y270.366 E1982.72102
G1 F2760
G1 X729.634 Y270.366 E1982.72107
G1 X729.634 Y729.634 E1982.72102
G1 X270.666 Y729.634 E1981.42588
M73 P33 R596
;WIPE_START
G1 F600
G1 X270.66 Y719.634 E-30
;WIPE_END
G1 Z135.5 F15000
G1 X272.813 Y586.92 Z135.5
G1 Z134.5
G1 E40 F9000
;TYPE:Sparse infill
;WIDTH:3.2
G1 F2779.614
G1 X272.813 Y598.432 E49.70059
G1 X401.568 Y727.187 E786.09565
G1 X413.08 Y727.187 E49.70059
;WIPE_START
G1 F600
G1 X403.08 Y727.187 E-30
;WIPE_END
G1 Z135.5 F15000
G1 X272.813 Y424.11 Z135.5
G1 Z134.5
G1 E40 F9000
G1 F2779.614
G1 X272.813 Y435.622 E49.70059
G1 X564.378 Y727.187 E1780.10742
G1 X575.89 Y727.187 E49.70059
;WIPE_START
G1 F600
G1 X565.89 Y727.187 E-30
;WIPE_END
G1 Z135.5 F15000
G1 X727.187 Y586.92 Z135.5
G1 Z134.5
G1 E40 F9000
G1 F2779.614
G1 X727.187 Y598.432 E49.70059
G1 X598.432 Y727.187 E786.09565
G1 X586.92 Y727.187 E49.70059
;WIPE_START
G1 F600
G1 X596.92 Y727.187 E-30
;WIPE_END
G1 Z135.5 F15000
G1 X727.187 Y424.11 Z135.5
G1 Z134.5
G1 E40 F9000
G1 F2779.614
G1 X727.187 Y435.623 E49.70059
G1 X435.622 Y727.187 E1780.10743
G1 X424.11 Y727.187 E49.70059
;WIPE_START
G1 F600
M73 P33 R595
G1 X434.11 Y727.187 E-30
;WIPE_END
G1 Z135.5 F15000
G1 X424.11 Y272.813 Z135.5
G1 Z134.5
G1 E40 F9000
G1 F2779.614
G1 X435.622 Y272.813 E49.70059
G1 X727.187 Y564.378 E1780.10742
G1 X727.187 Y575.89 E49.70059
;WIPE_START
G1 F600
G1 X727.187 Y565.89 E-30
;WIPE_END
G1 Z135.5 F15000
G1 X715.675 Y272.813 Z135.5
G1 Z134.5
G1 E40 F9000
G1 F2779.614
G1 X727.187 Y272.813 E49.70027
G1 X272.813 Y727.187 E2774.11872
G1 X284.325 Y727.187 E49.70025
;WIPE_START
G1 F600
G1 X274.325 Y727.187 E-30
;WIPE_END
G1 Z135.5 F15000
G1 X284.325 Y272.813 Z135.5
G1 Z134.5
G1 E40 F9000
G1 F2779.614
G1 X272.813 Y272.813 E49.70059
G1 X727.187 Y727.187 E2774.11918
G1 X715.675 Y727.187 E49.70059
;WIPE_START
G1 F600
G1 X725.675 Y727.187 E-30
;WIPE_END
G1 Z135.5 F15000
G1 X586.92 Y272.813 Z135.5
G1 Z134.5
G1 E40 F9000
G1 F2779.614
G1 X598.432 Y272.813 E49.70059
G1 X727.187 Y401.568 E786.09564
G1 X727.187 Y413.08 E49.70059
;WIPE_START
G1 F600
G1 X727.187 Y403.08 E-30
;WIPE_END
G1 Z135.5 F15000
G1 X575.89 Y272.813 Z135.5
G1 Z134.5
M73 P33 R594
G1 E40 F9000
G1 F2779.614
G1 X564.378 Y272.813 E49.70059
G1 X272.813 Y564.377 E1780.10741
G1 X272.813 Y575.89 E49.70059
;WIPE_START
G1 F600
G1 X272.813 Y565.89 E-30
;WIPE_END
G1 Z135.5 F15000
G1 X413.08 Y272.813 Z135.5
G1 Z134.5
G1 E40 F9000
G1 F2779.614
G1 X401.568 Y272.813 E49.70059
G1 X272.813 Y401.568 E786.09564
G1 X272.813 Y413.08 E49.70059
; stop printing object Cube id:0 copy 0
;LAYER_CHANGE
;Z:136
;HEIGHT:1.5
;BEFORE_LAYER_CHANGE
;136
G92 E0

EXCLUDE_OBJECT_END NAME=Cube_id_0_copy_0
;AFTER_LAYER_CHANGE
;136
;_SET_FAN_SPEED_CHANGING_LAYER
; printing object Cube id:0 copy 0
;WIPE_START
G1 F600
G1 X272.813 Y403.08 E-30
;WIPE_END
EXCLUDE_OBJECT_START NAME=Cube_id_0_copy_0
G1 Z137 F15000
G1 X270.366 Y270.366 Z137
G1 Z136
G1 E40 F9000
;TYPE:Outer wall
;WIDTH:3.2
G1 F2779.615
G1 X729.634 Y270.366 E1982.72102
G1 F2760
G1 X729.634 Y729.634 E1982.72107
G1 X270.366 Y729.634 E1982.72102
G1 X270.366 Y270.666 E1981.42588
;WIPE_START
G1 F600
M73 P33 R593
G1 X280.366 Y270.66 E-30
;WIPE_END
G1 Z137 F15000
G1 X272.813 Y413.08 Z137
G1 Z136
G1 E40 F9000
;TYPE:Sparse infill
;WIDTH:3.2
G1 F2779.614
G1 X272.813 Y401.568 E49.70059
G1 X401.568 Y272.813 E786.09564
G1 X413.08 Y272.813 E49.70059
;WIPE_START
G1 F600
G1 X403.08 Y272.813 E-30
;WIPE_END
G1 Z137 F15000
G1 X272.813 Y575.89 Z137
G1 Z136
G1 E40 F9000
G1 F2779.614
G1 X272.813 Y564.377 E49.70059
G1 X564.378 Y272.813 E1780.10741
G1 X575.89 Y272.813 E49.70059
;WIPE_START
G1 F600
G1 X565.89 Y272.813 E-30
;WIPE_END
G1 Z137 F15000
G1 X727.187 Y413.08 Z137
G1 Z136
G1 E40 F9000
G1 F2779.614
G1 X727.187 Y401.568 E49.70059
G1 X598.432 Y272.813 E786.09564
G1 X586.92 Y272.813 E49.70059
;WIPE_START
G1 F600
G1 X596.92 Y272.813 E-30
;WIPE_END
G1 Z137 F15000
G1 X727.187 Y575.89 Z137
G1 Z136
G1 E40 F9000
G1 F2779.614
G1 X727.187 Y564.378 E49.70059
G1 X435.622 Y272.813 E1780.10742
G1 X424.11 Y272.813 E49.70059
;WIPE_START
G1 F600
G1 X434.11 Y272.813 E-30
;WIPE_END
G1 Z137 F15000
G1 X424.11 Y727.187 Z137
G1 Z136
G1 E40 F9000
G1 F2779.614
G1 X435.622 Y727.187 E49.70059
G1 X727.187 Y435.623 E1780.10743
G1 X727.187 Y424.11 E49.70059
;WIPE_START
G1 F600
G1 X727.187 Y434.11 E-30
;WIPE_END
G1 Z137 F15000
G1 X715.675 Y727.187 Z137
G1 Z136
G1 E40 F9000
G1 F2779.614
G1 X727.187 Y727.187 E49.70059
G1 X272.813 Y272.813 E2774.11918
M73 P33 R592
G1 X284.325 Y272.813 E49.70059
M73 P34 R592
;WIPE_START
G1 F600
G1 X274.325 Y272.813 E-30
;WIPE_END
G1 Z137 F15000
G1 X284.325 Y727.187 Z137
G1 Z136
G1 E40 F9000
G1 F2779.614
G1 X272.813 Y727.187 E49.70025
G1 X727.187 Y272.813 E2774.11872
G1 X715.675 Y272.813 E49.70027
;WIPE_START
G1 F600
G1 X725.675 Y272.813 E-30
;WIPE_END
G1 Z137 F15000
G1 X586.92 Y727.187 Z137
G1 Z136
G1 E40 F9000
G1 F2779.614
G1 X598.432 Y727.187 E49.70059
G1 X727.187 Y598.432 E786.09565
G1 X727.187 Y586.92 E49.70059
;WIPE_START
G1 F600
G1 X727.187 Y596.92 E-30
;WIPE_END
G1 Z137 F15000
G1 X575.89 Y727.187 Z137
G1 Z136
G1 E40 F9000
G1 F2779.614
G1 X564.378 Y727.187 E49.70059
G1 X272.813 Y435.622 E1780.10742
G1 X272.813 Y424.11 E49.70059
;WIPE_START
G1 F600
G1 X272.813 Y434.11 E-30
;WIPE_END
G1 Z137 F15000
G1 X413.08 Y727.187 Z137
G1 Z136
G1 E40 F9000
G1 F2779.614
G1 X401.568 Y727.187 E49.70059
G1 X272.813 Y598.432 E786.09565
G1 X272.813 Y586.92 E49.70059
M73 P34 R591
; stop printing object Cube id:0 copy 0
;LAYER_CHANGE
;Z:137.5
;HEIGHT:1.5
;BEFORE_LAYER_CHANGE
;137.5
G92 E0

EXCLUDE_OBJECT_END NAME=Cube_id_0_copy_0
;AFTER_LAYER_CHANGE
;137.5
;_SET_FAN_SPEED_CHANGING_LAYER
; printing object Cube id:0 copy 0
;WIPE_START
G1 F600
G1 X272.813 Y596.92 E-30
;WIPE_END
EXCLUDE_OBJECT_START NAME=Cube_id_0_copy_0
G1 Z138.5 F15000
G1 X270.366 Y729.634 Z138.5
G1 Z137.5
G1 E40 F9000
;TYPE:Outer wall
;WIDTH:3.2
G1 F2779.615
G1 X270.366 Y270.366 E1982.72102
G1 F2760
G1 X729.634 Y270.366 E1982.72107
G1 X729.634 Y729.634 E1982.72102
G1 X270.666 Y729.634 E1981.42588
;WIPE_START
G1 F600
G1 X270.66 Y719.634 E-30
;WIPE_END
G1 Z138.5 F15000
G1 X272.813 Y586.92 Z138.5
G1 Z137.5
G1 E40 F9000
;TYPE:Sparse infill
;WIDTH:3.2
G1 F2779.614
G1 X272.813 Y598.432 E49.70059
G1 X401.568 Y727.187 E786.09565
G1 X413.08 Y727.187 E49.70059
;WIPE_START
G1 F600
G1 X403.08 Y727.187 E-30
;WIPE_END
G1 Z138.5 F15000
G1 X272.813 Y424.11 Z138.5
G1 Z137.5
G1 E40 F9000
G1 F2779.614
G1 X272.813 Y435.622 E49.70059
G1 X564.378 Y727.187 E1780.10742
G1 X575.89 Y727.187 E49.70059
M73 P34 R590
;WIPE_START
G1 F600
G1 X565.89 Y727.187 E-30
;WIPE_END
G1 Z138.5 F15000
G1 X727.187 Y586.92 Z138.5
G1 Z137.5
G1 E40 F9000
G1 F2779.614
G1 X727.187 Y598.432 E49.70059
G1 X598.432 Y727.187 E786.09565
G1 X586.92 Y727.187 E49.70059
;WIPE_START
G1 F600
G1 X596.92 Y727.187 E-30
;WIPE_END
G1 Z138.5 F15000
G1 X727.187 Y424.11 Z138.5
G1 Z137.5
G1 E40 F9000
G1 F2779.614
G1 X727.187 Y435.623 E49.70059
G1 X435.622 Y727.187 E1780.10743
G1 X424.11 Y727.187 E49.70059
;WIPE_START
G1 F600
G1 X434.11 Y727.187 E-30
;WIPE_END
G1 Z138.5 F15000
G1 X424.11 Y272.813 Z138.5
G1 Z137.5
G1 E40 F9000
G1 F2779.614
G1 X435.622 Y272.813 E49.70059
G1 X727.187 Y564.378 E1780.10742
G1 X727.187 Y575.89 E49.70059
;WIPE_START
G1 F600
G1 X727.187 Y565.89 E-30
;WIPE_END
G1 Z138.5 F15000
G1 X715.675 Y272.813 Z138.5
G1 Z137.5
G1 E40 F9000
G1 F2779.614
G1 X727.187 Y272.813 E49.70027
G1 X272.813 Y727.187 E2774.11872
G1 X284.325 Y727.187 E49.70025
;WIPE_START
G1 F600
G1 X274.325 Y727.187 E-30
;WIPE_END
G1 Z138.5 F15000
G1 X284.325 Y272.813 Z138.5
G1 Z137.5
M73 P34 R589
G1 E40 F9000
G1 F2779.614
G1 X272.813 Y272.813 E49.70059
G1 X727.187 Y727.187 E2774.11918
G1 X715.675 Y727.187 E49.70059
;WIPE_START
G1 F600
G1 X725.675 Y727.187 E-30
;WIPE_END
G1 Z138.5 F15000
G1 X586.92 Y272.813 Z138.5
G1 Z137.5
G1 E40 F9000
G1 F2779.614
G1 X598.432 Y272.813 E49.70059
G1 X727.187 Y401.568 E786.09564
G1 X727.187 Y413.08 E49.70059
;WIPE_START
G1 F600
G1 X727.187 Y403.08 E-30
;WIPE_END
G1 Z138.5 F15000
G1 X575.89 Y272.813 Z138.5
G1 Z137.5
G1 E40 F9000
G1 F2779.614
G1 X564.378 Y272.813 E49.70059
G1 X272.813 Y564.377 E1780.10741
G1 X272.813 Y575.89 E49.70059
;WIPE_START
G1 F600
G1 X272.813 Y565.89 E-30
;WIPE_END
G1 Z138.5 F15000
G1 X413.08 Y272.813 Z138.5
G1 Z137.5
G1 E40 F9000
G1 F2779.614
G1 X401.568 Y272.813 E49.70059
G1 X272.813 Y401.568 E786.09564
G1 X272.813 Y413.08 E49.70059
; stop printing object Cube id:0 copy 0
;LAYER_CHANGE
;Z:139
;HEIGHT:1.5
;BEFORE_LAYER_CHANGE
;139
G92 E0

EXCLUDE_OBJECT_END NAME=Cube_id_0_copy_0
;AFTER_LAYER_CHANGE
;139
;_SET_FAN_SPEED_CHANGING_LAYER
; printing object Cube id:0 copy 0
;WIPE_START
G1 F600
G1 X272.813 Y403.08 E-30
;WIPE_END
EXCLUDE_OBJECT_START NAME=Cube_id_0_copy_0
G1 Z140 F15000
G1 X270.366 Y270.366 Z140
G1 Z139
G1 E40 F9000
;TYPE:Outer wall
;WIDTH:3.2
G1 F2779.615
G1 X729.634 Y270.366 E1982.72102
G1 F2760
G1 X729.634 Y729.634 E1982.72107
G1 X270.366 Y729.634 E1982.72102
M73 P34 R588
G1 X270.366 Y270.666 E1981.42588
;WIPE_START
G1 F600
G1 X280.366 Y270.66 E-30
;WIPE_END
G1 Z140 F15000
G1 X272.813 Y413.08 Z140
G1 Z139
G1 E40 F9000
;TYPE:Sparse infill
;WIDTH:3.2
G1 F2779.614
G1 X272.813 Y401.568 E49.70059
G1 X401.568 Y272.813 E786.09564
G1 X413.08 Y272.813 E49.70059
;WIPE_START
G1 F600
G1 X403.08 Y272.813 E-30
;WIPE_END
G1 Z140 F15000
G1 X272.813 Y575.89 Z140
G1 Z139
G1 E40 F9000
G1 F2779.614
G1 X272.813 Y564.377 E49.70059
G1 X564.378 Y272.813 E1780.10741
G1 X575.89 Y272.813 E49.70059
;WIPE_START
G1 F600
G1 X565.89 Y272.813 E-30
;WIPE_END
G1 Z140 F15000
G1 X727.187 Y413.08 Z140
G1 Z139
G1 E40 F9000
G1 F2779.614
G1 X727.187 Y401.568 E49.70059
G1 X598.432 Y272.813 E786.09564
G1 X586.92 Y272.813 E49.70059
;WIPE_START
G1 F600
G1 X596.92 Y272.813 E-30
;WIPE_END
G1 Z140 F15000
G1 X727.187 Y575.89 Z140
G1 Z139
G1 E40 F9000
G1 F2779.614
G1 X727.187 Y564.378 E49.70059
G1 X435.622 Y272.813 E1780.10742
G1 X424.11 Y272.813 E49.70059
M73 P34 R587
;WIPE_START
G1 F600
G1 X434.11 Y272.813 E-30
;WIPE_END
G1 Z140 F15000
G1 X424.11 Y727.187 Z140
G1 Z139
G1 E40 F9000
G1 F2779.614
G1 X435.622 Y727.187 E49.70059
G1 X727.187 Y435.623 E1780.10743
G1 X727.187 Y424.11 E49.70059
;WIPE_START
G1 F600
G1 X727.187 Y434.11 E-30
;WIPE_END
G1 Z140 F15000
G1 X715.675 Y727.187 Z140
G1 Z139
G1 E40 F9000
G1 F2779.614
G1 X727.187 Y727.187 E49.70059
G1 X272.813 Y272.813 E2774.11918
G1 X284.325 Y272.813 E49.70059
;WIPE_START
G1 F600
G1 X274.325 Y272.813 E-30
;WIPE_END
G1 Z140 F15000
G1 X284.325 Y727.187 Z140
G1 Z139
G1 E40 F9000
G1 F2779.614
G1 X272.813 Y727.187 E49.70025
G1 X727.187 Y272.813 E2774.11872
G1 X715.675 Y272.813 E49.70027
;WIPE_START
G1 F600
G1 X725.675 Y272.813 E-30
;WIPE_END
G1 Z140 F15000
G1 X586.92 Y727.187 Z140
M73 P34 R586
G1 Z139
G1 E40 F9000
G1 F2779.614
G1 X598.432 Y727.187 E49.70059
G1 X727.187 Y598.432 E786.09565
G1 X727.187 Y586.92 E49.70059
;WIPE_START
G1 F600
G1 X727.187 Y596.92 E-30
;WIPE_END
G1 Z140 F15000
G1 X575.89 Y727.187 Z140
G1 Z139
G1 E40 F9000
G1 F2779.614
G1 X564.378 Y727.187 E49.70059
G1 X272.813 Y435.622 E1780.10742
G1 X272.813 Y424.11 E49.70059
;WIPE_START
G1 F600
G1 X272.813 Y434.11 E-30
;WIPE_END
G1 Z140 F15000
G1 X413.08 Y727.187 Z140
G1 Z139
G1 E40 F9000
G1 F2779.614
G1 X401.568 Y727.187 E49.70059
G1 X272.813 Y598.432 E786.09565
G1 X272.813 Y586.92 E49.70059
; stop printing object Cube id:0 copy 0
;LAYER_CHANGE
;Z:140.5
;HEIGHT:1.5
;BEFORE_LAYER_CHANGE
;140.5
G92 E0

EXCLUDE_OBJECT_END NAME=Cube_id_0_copy_0
;AFTER_LAYER_CHANGE
;140.5
;_SET_FAN_SPEED_CHANGING_LAYER
; printing object Cube id:0 copy 0
;WIPE_START
G1 F600
G1 X272.813 Y596.92 E-30
;WIPE_END
EXCLUDE_OBJECT_START NAME=Cube_id_0_copy_0
G1 Z141.5 F15000
G1 X270.366 Y729.634 Z141.5
G1 Z140.5
G1 E40 F9000
;TYPE:Outer wall
;WIDTH:3.2
G1 F2779.615
G1 X270.366 Y270.366 E1982.72102
G1 F2760
G1 X729.634 Y270.366 E1982.72107
G1 X729.634 Y729.634 E1982.72102
G1 X270.666 Y729.634 E1981.42588
M73 P34 R585
;WIPE_START
G1 F600
G1 X270.66 Y719.634 E-30
;WIPE_END
G1 Z141.5 F15000
G1 X272.813 Y586.92 Z141.5
G1 Z140.5
G1 E40 F9000
;TYPE:Sparse infill
;WIDTH:3.2
G1 F2779.614
G1 X272.813 Y598.432 E49.70059
G1 X401.568 Y727.187 E786.09565
G1 X413.08 Y727.187 E49.70059
;WIPE_START
G1 F600
G1 X403.08 Y727.187 E-30
;WIPE_END
G1 Z141.5 F15000
G1 X272.813 Y424.11 Z141.5
G1 Z140.5
G1 E40 F9000
G1 F2779.614
G1 X272.813 Y435.622 E49.70059
G1 X564.378 Y727.187 E1780.10742
G1 X575.89 Y727.187 E49.70059
;WIPE_START
G1 F600
G1 X565.89 Y727.187 E-30
;WIPE_END
G1 Z141.5 F15000
G1 X727.187 Y586.92 Z141.5
G1 Z140.5
G1 E40 F9000
G1 F2779.614
G1 X727.187 Y598.432 E49.70059
G1 X598.432 Y727.187 E786.09565
G1 X586.92 Y727.187 E49.70059
;WIPE_START
G1 F600
G1 X596.92 Y727.187 E-30
;WIPE_END
G1 Z141.5 F15000
G1 X727.187 Y424.11 Z141.5
G1 Z140.5
G1 E40 F9000
G1 F2779.614
G1 X727.187 Y435.623 E49.70059
G1 X435.622 Y727.187 E1780.10743
G1 X424.11 Y727.187 E49.70059
;WIPE_START
G1 F600
G1 X434.11 Y727.187 E-30
;WIPE_END
G1 Z141.5 F15000
G1 X424.11 Y272.813 Z141.5
G1 Z140.5
G1 E40 F9000
G1 F2779.614
G1 X435.622 Y272.813 E49.70059
G1 X727.187 Y564.378 E1780.10742
G1 X727.187 Y575.89 E49.70059
M73 P34 R584
;WIPE_START
G1 F600
G1 X727.187 Y565.89 E-30
;WIPE_END
G1 Z141.5 F15000
G1 X715.675 Y272.813 Z141.5
G1 Z140.5
G1 E40 F9000
G1 F2779.614
G1 X727.187 Y272.813 E49.70027
G1 X272.813 Y727.187 E2774.11872
G1 X284.325 Y727.187 E49.70025
;WIPE_START
G1 F600
G1 X274.325 Y727.187 E-30
;WIPE_END
G1 Z141.5 F15000
G1 X284.325 Y272.813 Z141.5
G1 Z140.5
G1 E40 F9000
G1 F2779.614
G1 X272.813 Y272.813 E49.70059
G1 X727.187 Y727.187 E2774.11918
G1 X715.675 Y727.187 E49.70059
;WIPE_START
G1 F600
G1 X725.675 Y727.187 E-30
;WIPE_END
G1 Z141.5 F15000
G1 X586.92 Y272.813 Z141.5
G1 Z140.5
G1 E40 F9000
G1 F2779.614
G1 X598.432 Y272.813 E49.70059
G1 X727.187 Y401.568 E786.09564
G1 X727.187 Y413.08 E49.70059
;WIPE_START
G1 F600
G1 X727.187 Y403.08 E-30
;WIPE_END
G1 Z141.5 F15000
G1 X575.89 Y272.813 Z141.5
G1 Z140.5
G1 E40 F9000
G1 F2779.614
G1 X564.378 Y272.813 E49.70059
G1 X272.813 Y564.377 E1780.10741
G1 X272.813 Y575.89 E49.70059
M73 P34 R583
;WIPE_START
G1 F600
M73 P35 R583
G1 X272.813 Y565.89 E-30
;WIPE_END
G1 Z141.5 F15000
G1 X413.08 Y272.813 Z141.5
G1 Z140.5
G1 E40 F9000
G1 F2779.614
G1 X401.568 Y272.813 E49.70059
G1 X272.813 Y401.568 E786.09564
G1 X272.813 Y413.08 E49.70059
; stop printing object Cube id:0 copy 0
;LAYER_CHANGE
;Z:142
;HEIGHT:1.5
;BEFORE_LAYER_CHANGE
;142
G92 E0

EXCLUDE_OBJECT_END NAME=Cube_id_0_copy_0
;AFTER_LAYER_CHANGE
;142
;_SET_FAN_SPEED_CHANGING_LAYER
; printing object Cube id:0 copy 0
;WIPE_START
G1 F600
G1 X272.813 Y403.08 E-30
;WIPE_END
EXCLUDE_OBJECT_START NAME=Cube_id_0_copy_0
G1 Z143 F15000
G1 X270.366 Y270.366 Z143
G1 Z142
G1 E40 F9000
;TYPE:Outer wall
;WIDTH:3.2
G1 F2779.615
G1 X729.634 Y270.366 E1982.72102
G1 F2760
G1 X729.634 Y729.634 E1982.72107
G1 X270.366 Y729.634 E1982.72102
G1 X270.366 Y270.666 E1981.42588
;WIPE_START
G1 F600
G1 X280.366 Y270.66 E-30
;WIPE_END
G1 Z143 F15000
G1 X272.813 Y413.08 Z143
G1 Z142
G1 E40 F9000
;TYPE:Sparse infill
;WIDTH:3.2
G1 F2779.614
G1 X272.813 Y401.568 E49.70059
G1 X401.568 Y272.813 E786.09564
G1 X413.08 Y272.813 E49.70059
M73 P35 R582
;WIPE_START
G1 F600
G1 X403.08 Y272.813 E-30
;WIPE_END
G1 Z143 F15000
G1 X272.813 Y575.89 Z143
G1 Z142
G1 E40 F9000
G1 F2779.614
G1 X272.813 Y564.377 E49.70059
G1 X564.378 Y272.813 E1780.10741
G1 X575.89 Y272.813 E49.70059
;WIPE_START
G1 F600
G1 X565.89 Y272.813 E-30
;WIPE_END
G1 Z143 F15000
G1 X727.187 Y413.08 Z143
G1 Z142
G1 E40 F9000
G1 F2779.614
G1 X727.187 Y401.568 E49.70059
G1 X598.432 Y272.813 E786.09564
G1 X586.92 Y272.813 E49.70059
;WIPE_START
G1 F600
G1 X596.92 Y272.813 E-30
;WIPE_END
G1 Z143 F15000
G1 X727.187 Y575.89 Z143
G1 Z142
G1 E40 F9000
G1 F2779.614
G1 X727.187 Y564.378 E49.70059
G1 X435.622 Y272.813 E1780.10742
G1 X424.11 Y272.813 E49.70059
;WIPE_START
G1 F600
G1 X434.11 Y272.813 E-30
;WIPE_END
G1 Z143 F15000
G1 X424.11 Y727.187 Z143
G1 Z142
G1 E40 F9000
G1 F2779.614
G1 X435.622 Y727.187 E49.70059
G1 X727.187 Y435.623 E1780.10743
G1 X727.187 Y424.11 E49.70059
;WIPE_START
G1 F600
G1 X727.187 Y434.11 E-30
;WIPE_END
G1 Z143 F15000
G1 X715.675 Y727.187 Z143
G1 Z142
G1 E40 F9000
G1 F2779.614
G1 X727.187 Y727.187 E49.70059
G1 X272.813 Y272.813 E2774.11918
G1 X284.325 Y272.813 E49.70059
M73 P35 R581
;WIPE_START
G1 F600
G1 X274.325 Y272.813 E-30
;WIPE_END
G1 Z143 F15000
G1 X284.325 Y727.187 Z143
G1 Z142
G1 E40 F9000
G1 F2779.614
G1 X272.813 Y727.187 E49.70025
G1 X727.187 Y272.813 E2774.11872
G1 X715.675 Y272.813 E49.70027
;WIPE_START
G1 F600
G1 X725.675 Y272.813 E-30
;WIPE_END
G1 Z143 F15000
G1 X586.92 Y727.187 Z143
G1 Z142
G1 E40 F9000
G1 F2779.614
G1 X598.432 Y727.187 E49.70059
G1 X727.187 Y598.432 E786.09565
G1 X727.187 Y586.92 E49.70059
;WIPE_START
G1 F600
G1 X727.187 Y596.92 E-30
;WIPE_END
G1 Z143 F15000
G1 X575.89 Y727.187 Z143
G1 Z142
G1 E40 F9000
G1 F2779.614
G1 X564.378 Y727.187 E49.70059
G1 X272.813 Y435.622 E1780.10742
G1 X272.813 Y424.11 E49.70059
;WIPE_START
G1 F600
G1 X272.813 Y434.11 E-30
;WIPE_END
G1 Z143 F15000
G1 X413.08 Y727.187 Z143
G1 Z142
G1 E40 F9000
G1 F2779.614
G1 X401.568 Y727.187 E49.70059
G1 X272.813 Y598.432 E786.09565
G1 X272.813 Y586.92 E49.70059
; stop printing object Cube id:0 copy 0
;LAYER_CHANGE
;Z:143.5
;HEIGHT:1.5
;BEFORE_LAYER_CHANGE
;143.5
G92 E0

EXCLUDE_OBJECT_END NAME=Cube_id_0_copy_0
;AFTER_LAYER_CHANGE
;143.5
;_SET_FAN_SPEED_CHANGING_LAYER
; printing object Cube id:0 copy 0
;WIPE_START
G1 F600
G1 X272.813 Y596.92 E-30
;WIPE_END
EXCLUDE_OBJECT_START NAME=Cube_id_0_copy_0
G1 Z144.5 F15000
G1 X270.366 Y729.634 Z144.5
G1 Z143.5
G1 E40 F9000
;TYPE:Outer wall
;WIDTH:3.2
G1 F2779.615
G1 X270.366 Y270.366 E1982.72102
G1 F2760
M73 P35 R580
G1 X729.634 Y270.366 E1982.72107
G1 X729.634 Y729.634 E1982.72102
G1 X270.666 Y729.634 E1981.42588
;WIPE_START
G1 F600
G1 X270.66 Y719.634 E-30
;WIPE_END
G1 Z144.5 F15000
G1 X272.813 Y586.92 Z144.5
G1 Z143.5
G1 E40 F9000
;TYPE:Sparse infill
;WIDTH:3.2
G1 F2779.614
G1 X272.813 Y598.432 E49.70059
G1 X401.568 Y727.187 E786.09565
G1 X413.08 Y727.187 E49.70059
;WIPE_START
G1 F600
G1 X403.08 Y727.187 E-30
;WIPE_END
G1 Z144.5 F15000
G1 X272.813 Y424.11 Z144.5
G1 Z143.5
G1 E40 F9000
G1 F2779.614
G1 X272.813 Y435.622 E49.70059
G1 X564.378 Y727.187 E1780.10742
G1 X575.89 Y727.187 E49.70059
;WIPE_START
G1 F600
G1 X565.89 Y727.187 E-30
;WIPE_END
G1 Z144.5 F15000
G1 X727.187 Y586.92 Z144.5
G1 Z143.5
G1 E40 F9000
G1 F2779.614
G1 X727.187 Y598.432 E49.70059
G1 X598.432 Y727.187 E786.09565
M73 P35 R579
G1 X586.92 Y727.187 E49.70059
;WIPE_START
G1 F600
G1 X596.92 Y727.187 E-30
;WIPE_END
G1 Z144.5 F15000
G1 X727.187 Y424.11 Z144.5
G1 Z143.5
G1 E40 F9000
G1 F2779.614
G1 X727.187 Y435.623 E49.70059
G1 X435.622 Y727.187 E1780.10743
G1 X424.11 Y727.187 E49.70059
;WIPE_START
G1 F600
G1 X434.11 Y727.187 E-30
;WIPE_END
G1 Z144.5 F15000
G1 X424.11 Y272.813 Z144.5
G1 Z143.5
G1 E40 F9000
G1 F2779.614
G1 X435.622 Y272.813 E49.70059
G1 X727.187 Y564.378 E1780.10742
G1 X727.187 Y575.89 E49.70059
;WIPE_START
G1 F600
G1 X727.187 Y565.89 E-30
;WIPE_END
G1 Z144.5 F15000
G1 X715.675 Y272.813 Z144.5
G1 Z143.5
G1 E40 F9000
G1 F2779.614
G1 X727.187 Y272.813 E49.70027
G1 X272.813 Y727.187 E2774.11872
G1 X284.325 Y727.187 E49.70025
;WIPE_START
G1 F600
G1 X274.325 Y727.187 E-30
;WIPE_END
G1 Z144.5 F15000
G1 X284.325 Y272.813 Z144.5
G1 Z143.5
G1 E40 F9000
G1 F2779.614
G1 X272.813 Y272.813 E49.70059
G1 X727.187 Y727.187 E2774.11918
G1 X715.675 Y727.187 E49.70059
M73 P35 R578
;WIPE_START
G1 F600
G1 X725.675 Y727.187 E-30
;WIPE_END
G1 Z144.5 F15000
G1 X586.92 Y272.813 Z144.5
G1 Z143.5
G1 E40 F9000
G1 F2779.614
G1 X598.432 Y272.813 E49.70059
G1 X727.187 Y401.568 E786.09564
G1 X727.187 Y413.08 E49.70059
;WIPE_START
G1 F600
G1 X727.187 Y403.08 E-30
;WIPE_END
G1 Z144.5 F15000
G1 X575.89 Y272.813 Z144.5
G1 Z143.5
G1 E40 F9000
G1 F2779.614
G1 X564.378 Y272.813 E49.70059
G1 X272.813 Y564.377 E1780.10741
G1 X272.813 Y575.89 E49.70059
;WIPE_START
G1 F600
G1 X272.813 Y565.89 E-30
;WIPE_END
G1 Z144.5 F15000
G1 X413.08 Y272.813 Z144.5
G1 Z143.5
G1 E40 F9000
G1 F2779.614
G1 X401.568 Y272.813 E49.70059
G1 X272.813 Y401.568 E786.09564
G1 X272.813 Y413.08 E49.70059
; stop printing object Cube id:0 copy 0
;LAYER_CHANGE
;Z:145
;HEIGHT:1.5
;BEFORE_LAYER_CHANGE
;145
G92 E0

EXCLUDE_OBJECT_END NAME=Cube_id_0_copy_0
;AFTER_LAYER_CHANGE
;145
;_SET_FAN_SPEED_CHANGING_LAYER
; printing object Cube id:0 copy 0
;WIPE_START
G1 F600
G1 X272.813 Y403.08 E-30
;WIPE_END
EXCLUDE_OBJECT_START NAME=Cube_id_0_copy_0
G1 Z146 F15000
G1 X270.366 Y270.366 Z146
G1 Z145
G1 E40 F9000
;TYPE:Outer wall
;WIDTH:3.2
G1 F2779.615
G1 X729.634 Y270.366 E1982.72102
G1 F2760
G1 X729.634 Y729.634 E1982.72107
G1 X270.366 Y729.634 E1982.72102
G1 X270.366 Y270.666 E1981.42588
M73 P35 R577
;WIPE_START
G1 F600
G1 X280.366 Y270.66 E-30
;WIPE_END
G1 Z146 F15000
G1 X272.813 Y413.08 Z146
G1 Z145
G1 E40 F9000
;TYPE:Sparse infill
;WIDTH:3.2
G1 F2779.614
G1 X272.813 Y401.568 E49.70059
G1 X401.568 Y272.813 E786.09564
G1 X413.08 Y272.813 E49.70059
;WIPE_START
G1 F600
G1 X403.08 Y272.813 E-30
;WIPE_END
G1 Z146 F15000
G1 X272.813 Y575.89 Z146
G1 Z145
G1 E40 F9000
G1 F2779.614
G1 X272.813 Y564.377 E49.70059
G1 X564.378 Y272.813 E1780.10741
G1 X575.89 Y272.813 E49.70059
;WIPE_START
G1 F600
G1 X565.89 Y272.813 E-30
;WIPE_END
G1 Z146 F15000
G1 X727.187 Y413.08 Z146
G1 Z145
G1 E40 F9000
G1 F2779.614
G1 X727.187 Y401.568 E49.70059
G1 X598.432 Y272.813 E786.09564
G1 X586.92 Y272.813 E49.70059
;WIPE_START
G1 F600
G1 X596.92 Y272.813 E-30
;WIPE_END
G1 Z146 F15000
G1 X727.187 Y575.89 Z146
G1 Z145
G1 E40 F9000
G1 F2779.614
G1 X727.187 Y564.378 E49.70059
G1 X435.622 Y272.813 E1780.10742
G1 X424.11 Y272.813 E49.70059
M73 P35 R576
;WIPE_START
G1 F600
G1 X434.11 Y272.813 E-30
;WIPE_END
G1 Z146 F15000
G1 X424.11 Y727.187 Z146
G1 Z145
G1 E40 F9000
G1 F2779.614
G1 X435.622 Y727.187 E49.70059
G1 X727.187 Y435.623 E1780.10743
G1 X727.187 Y424.11 E49.70059
;WIPE_START
G1 F600
G1 X727.187 Y434.11 E-30
;WIPE_END
G1 Z146 F15000
G1 X715.675 Y727.187 Z146
G1 Z145
G1 E40 F9000
G1 F2779.614
G1 X727.187 Y727.187 E49.70059
G1 X272.813 Y272.813 E2774.11918
G1 X284.325 Y272.813 E49.70059
;WIPE_START
G1 F600
G1 X274.325 Y272.813 E-30
;WIPE_END
G1 Z146 F15000
G1 X284.325 Y727.187 Z146
G1 Z145
G1 E40 F9000
G1 F2779.614
G1 X272.813 Y727.187 E49.70025
G1 X727.187 Y272.813 E2774.11872
G1 X715.675 Y272.813 E49.70027
;WIPE_START
G1 F600
G1 X725.675 Y272.813 E-30
;WIPE_END
G1 Z146 F15000
G1 X586.92 Y727.187 Z146
G1 Z145
G1 E40 F9000
G1 F2779.614
G1 X598.432 Y727.187 E49.70059
G1 X727.187 Y598.432 E786.09565
G1 X727.187 Y586.92 E49.70059
;WIPE_START
G1 F600
G1 X727.187 Y596.92 E-30
;WIPE_END
G1 Z146 F15000
M73 P35 R575
G1 X575.89 Y727.187 Z146
G1 Z145
G1 E40 F9000
G1 F2779.614
G1 X564.378 Y727.187 E49.70059
G1 X272.813 Y435.622 E1780.10742
G1 X272.813 Y424.11 E49.70059
;WIPE_START
G1 F600
G1 X272.813 Y434.11 E-30
;WIPE_END
G1 Z146 F15000
G1 X413.08 Y727.187 Z146
G1 Z145
G1 E40 F9000
G1 F2779.614
G1 X401.568 Y727.187 E49.70059
G1 X272.813 Y598.432 E786.09565
G1 X272.813 Y586.92 E49.70059
; stop printing object Cube id:0 copy 0
;LAYER_CHANGE
;Z:146.5
;HEIGHT:1.5
;BEFORE_LAYER_CHANGE
;146.5
G92 E0

EXCLUDE_OBJECT_END NAME=Cube_id_0_copy_0
;AFTER_LAYER_CHANGE
;146.5
;_SET_FAN_SPEED_CHANGING_LAYER
; printing object Cube id:0 copy 0
;WIPE_START
G1 F600
G1 X272.813 Y596.92 E-30
;WIPE_END
EXCLUDE_OBJECT_START NAME=Cube_id_0_copy_0
G1 Z147.5 F15000
G1 X270.366 Y729.634 Z147.5
G1 Z146.5
G1 E40 F9000
;TYPE:Outer wall
;WIDTH:3.2
G1 F2779.615
G1 X270.366 Y270.366 E1982.72102
G1 F2760
G1 X729.634 Y270.366 E1982.72107
G1 X729.634 Y729.634 E1982.72102
G1 X270.666 Y729.634 E1981.42588
;WIPE_START
G1 F600
M73 P36 R574
G1 X270.66 Y719.634 E-30
;WIPE_END
G1 Z147.5 F15000
G1 X272.813 Y586.92 Z147.5
G1 Z146.5
G1 E40 F9000
;TYPE:Sparse infill
;WIDTH:3.2
G1 F2779.614
G1 X272.813 Y598.432 E49.70059
G1 X401.568 Y727.187 E786.09565
G1 X413.08 Y727.187 E49.70059
;WIPE_START
G1 F600
G1 X403.08 Y727.187 E-30
;WIPE_END
G1 Z147.5 F15000
G1 X272.813 Y424.11 Z147.5
G1 Z146.5
G1 E40 F9000
G1 F2779.614
G1 X272.813 Y435.622 E49.70059
G1 X564.378 Y727.187 E1780.10742
G1 X575.89 Y727.187 E49.70059
;WIPE_START
G1 F600
G1 X565.89 Y727.187 E-30
;WIPE_END
G1 Z147.5 F15000
G1 X727.187 Y586.92 Z147.5
G1 Z146.5
G1 E40 F9000
G1 F2779.614
G1 X727.187 Y598.432 E49.70059
G1 X598.432 Y727.187 E786.09565
G1 X586.92 Y727.187 E49.70059
;WIPE_START
G1 F600
G1 X596.92 Y727.187 E-30
;WIPE_END
G1 Z147.5 F15000
G1 X727.187 Y424.11 Z147.5
G1 Z146.5
G1 E40 F9000
G1 F2779.614
G1 X727.187 Y435.623 E49.70059
G1 X435.622 Y727.187 E1780.10743
G1 X424.11 Y727.187 E49.70059
;WIPE_START
G1 F600
G1 X434.11 Y727.187 E-30
;WIPE_END
G1 Z147.5 F15000
G1 X424.11 Y272.813 Z147.5
G1 Z146.5
G1 E40 F9000
G1 F2779.614
G1 X435.622 Y272.813 E49.70059
G1 X727.187 Y564.378 E1780.10742
G1 X727.187 Y575.89 E49.70059
;WIPE_START
G1 F600
G1 X727.187 Y565.89 E-30
;WIPE_END
G1 Z147.5 F15000
G1 X715.675 Y272.813 Z147.5
G1 Z146.5
G1 E40 F9000
G1 F2779.614
M73 P36 R573
G1 X727.187 Y272.813 E49.70027
G1 X272.813 Y727.187 E2774.11872
G1 X284.325 Y727.187 E49.70025
;WIPE_START
G1 F600
G1 X274.325 Y727.187 E-30
;WIPE_END
G1 Z147.5 F15000
G1 X284.325 Y272.813 Z147.5
G1 Z146.5
G1 E40 F9000
G1 F2779.614
G1 X272.813 Y272.813 E49.70059
G1 X727.187 Y727.187 E2774.11918
G1 X715.675 Y727.187 E49.70059
;WIPE_START
G1 F600
G1 X725.675 Y727.187 E-30
;WIPE_END
G1 Z147.5 F15000
G1 X586.92 Y272.813 Z147.5
G1 Z146.5
G1 E40 F9000
G1 F2779.614
G1 X598.432 Y272.813 E49.70059
G1 X727.187 Y401.568 E786.09564
G1 X727.187 Y413.08 E49.70059
;WIPE_START
G1 F600
G1 X727.187 Y403.08 E-30
;WIPE_END
G1 Z147.5 F15000
G1 X575.89 Y272.813 Z147.5
G1 Z146.5
G1 E40 F9000
G1 F2779.614
G1 X564.378 Y272.813 E49.70059
G1 X272.813 Y564.377 E1780.10741
G1 X272.813 Y575.89 E49.70059
;WIPE_START
G1 F600
G1 X272.813 Y565.89 E-30
;WIPE_END
G1 Z147.5 F15000
G1 X413.08 Y272.813 Z147.5
G1 Z146.5
G1 E40 F9000
G1 F2779.614
G1 X401.568 Y272.813 E49.70059
G1 X272.813 Y401.568 E786.09564
G1 X272.813 Y413.08 E49.70059
M73 P36 R572
; stop printing object Cube id:0 copy 0
;LAYER_CHANGE
;Z:148
;HEIGHT:1.5
;BEFORE_LAYER_CHANGE
;148
G92 E0

EXCLUDE_OBJECT_END NAME=Cube_id_0_copy_0
;AFTER_LAYER_CHANGE
;148
;_SET_FAN_SPEED_CHANGING_LAYER
; printing object Cube id:0 copy 0
;WIPE_START
G1 F600
G1 X272.813 Y403.08 E-30
;WIPE_END
EXCLUDE_OBJECT_START NAME=Cube_id_0_copy_0
G1 Z149 F15000
G1 X270.366 Y270.366 Z149
G1 Z148
G1 E40 F9000
;TYPE:Outer wall
;WIDTH:3.2
G1 F2779.615
G1 X729.634 Y270.366 E1982.72102
G1 F2760
G1 X729.634 Y729.634 E1982.72107
G1 X270.366 Y729.634 E1982.72102
G1 X270.366 Y270.666 E1981.42588
;WIPE_START
G1 F600
G1 X280.366 Y270.66 E-30
;WIPE_END
G1 Z149 F15000
G1 X272.813 Y413.08 Z149
G1 Z148
G1 E40 F9000
;TYPE:Sparse infill
;WIDTH:3.2
G1 F2779.614
G1 X272.813 Y401.568 E49.70059
G1 X401.568 Y272.813 E786.09564
G1 X413.08 Y272.813 E49.70059
;WIPE_START
G1 F600
G1 X403.08 Y272.813 E-30
;WIPE_END
G1 Z149 F15000
G1 X272.813 Y575.89 Z149
G1 Z148
G1 E40 F9000
G1 F2779.614
G1 X272.813 Y564.377 E49.70059
G1 X564.378 Y272.813 E1780.10741
G1 X575.89 Y272.813 E49.70059
M73 P36 R571
;WIPE_START
G1 F600
G1 X565.89 Y272.813 E-30
;WIPE_END
G1 Z149 F15000
G1 X727.187 Y413.08 Z149
G1 Z148
G1 E40 F9000
G1 F2779.614
G1 X727.187 Y401.568 E49.70059
G1 X598.432 Y272.813 E786.09564
G1 X586.92 Y272.813 E49.70059
;WIPE_START
G1 F600
G1 X596.92 Y272.813 E-30
;WIPE_END
G1 Z149 F15000
G1 X727.187 Y575.89 Z149
G1 Z148
G1 E40 F9000
G1 F2779.614
G1 X727.187 Y564.378 E49.70059
G1 X435.622 Y272.813 E1780.10742
G1 X424.11 Y272.813 E49.70059
;WIPE_START
G1 F600
G1 X434.11 Y272.813 E-30
;WIPE_END
G1 Z149 F15000
G1 X424.11 Y727.187 Z149
G1 Z148
G1 E40 F9000
G1 F2779.614
G1 X435.622 Y727.187 E49.70059
G1 X727.187 Y435.623 E1780.10743
G1 X727.187 Y424.11 E49.70059
;WIPE_START
G1 F600
G1 X727.187 Y434.11 E-30
;WIPE_END
G1 Z149 F15000
G1 X715.675 Y727.187 Z149
G1 Z148
G1 E40 F9000
G1 F2779.614
G1 X727.187 Y727.187 E49.70059
G1 X272.813 Y272.813 E2774.11918
G1 X284.325 Y272.813 E49.70059
;WIPE_START
G1 F600
G1 X274.325 Y272.813 E-30
;WIPE_END
G1 Z149 F15000
G1 X284.325 Y727.187 Z149
G1 Z148
M73 P36 R570
G1 E40 F9000
G1 F2779.614
G1 X272.813 Y727.187 E49.70025
G1 X727.187 Y272.813 E2774.11872
G1 X715.675 Y272.813 E49.70027
;WIPE_START
G1 F600
G1 X725.675 Y272.813 E-30
;WIPE_END
G1 Z149 F15000
G1 X586.92 Y727.187 Z149
G1 Z148
G1 E40 F9000
G1 F2779.614
G1 X598.432 Y727.187 E49.70059
G1 X727.187 Y598.432 E786.09565
G1 X727.187 Y586.92 E49.70059
;WIPE_START
G1 F600
G1 X727.187 Y596.92 E-30
;WIPE_END
G1 Z149 F15000
G1 X575.89 Y727.187 Z149
G1 Z148
G1 E40 F9000
G1 F2779.614
G1 X564.378 Y727.187 E49.70059
G1 X272.813 Y435.622 E1780.10742
G1 X272.813 Y424.11 E49.70059
;WIPE_START
G1 F600
G1 X272.813 Y434.11 E-30
;WIPE_END
G1 Z149 F15000
G1 X413.08 Y727.187 Z149
G1 Z148
G1 E40 F9000
G1 F2779.614
G1 X401.568 Y727.187 E49.70059
G1 X272.813 Y598.432 E786.09565
G1 X272.813 Y586.92 E49.70059
; stop printing object Cube id:0 copy 0
;LAYER_CHANGE
;Z:149.5
;HEIGHT:1.5
;BEFORE_LAYER_CHANGE
;149.5
G92 E0

EXCLUDE_OBJECT_END NAME=Cube_id_0_copy_0
;AFTER_LAYER_CHANGE
;149.5
;_SET_FAN_SPEED_CHANGING_LAYER
; printing object Cube id:0 copy 0
;WIPE_START
G1 F600
G1 X272.813 Y596.92 E-30
;WIPE_END
EXCLUDE_OBJECT_START NAME=Cube_id_0_copy_0
G1 Z150.5 F15000
G1 X270.366 Y729.634 Z150.5
G1 Z149.5
G1 E40 F9000
;TYPE:Outer wall
;WIDTH:3.2
G1 F2779.615
G1 X270.366 Y270.366 E1982.72102
G1 F2760
G1 X729.634 Y270.366 E1982.72107
G1 X729.634 Y729.634 E1982.72102
M73 P36 R569
G1 X270.666 Y729.634 E1981.42588
;WIPE_START
G1 F600
G1 X270.66 Y719.634 E-30
;WIPE_END
G1 Z150.5 F15000
G1 X272.813 Y586.92 Z150.5
G1 Z149.5
G1 E40 F9000
;TYPE:Sparse infill
;WIDTH:3.2
G1 F2779.614
G1 X272.813 Y598.432 E49.70059
G1 X401.568 Y727.187 E786.09565
G1 X413.08 Y727.187 E49.70059
;WIPE_START
G1 F600
G1 X403.08 Y727.187 E-30
;WIPE_END
G1 Z150.5 F15000
G1 X272.813 Y424.11 Z150.5
G1 Z149.5
G1 E40 F9000
G1 F2779.614
G1 X272.813 Y435.622 E49.70059
G1 X564.378 Y727.187 E1780.10742
G1 X575.89 Y727.187 E49.70059
;WIPE_START
G1 F600
G1 X565.89 Y727.187 E-30
;WIPE_END
G1 Z150.5 F15000
G1 X727.187 Y586.92 Z150.5
G1 Z149.5
G1 E40 F9000
G1 F2779.614
G1 X727.187 Y598.432 E49.70059
G1 X598.432 Y727.187 E786.09565
G1 X586.92 Y727.187 E49.70059
;WIPE_START
G1 F600
G1 X596.92 Y727.187 E-30
;WIPE_END
G1 Z150.5 F15000
G1 X727.187 Y424.11 Z150.5
G1 Z149.5
G1 E40 F9000
G1 F2779.614
G1 X727.187 Y435.623 E49.70059
G1 X435.622 Y727.187 E1780.10743
M73 P36 R568
G1 X424.11 Y727.187 E49.70059
;WIPE_START
G1 F600
G1 X434.11 Y727.187 E-30
;WIPE_END
G1 Z150.5 F15000
G1 X424.11 Y272.813 Z150.5
G1 Z149.5
G1 E40 F9000
G1 F2779.614
G1 X435.622 Y272.813 E49.70059
G1 X727.187 Y564.378 E1780.10742
G1 X727.187 Y575.89 E49.70059
;WIPE_START
G1 F600
G1 X727.187 Y565.89 E-30
;WIPE_END
G1 Z150.5 F15000
G1 X715.675 Y272.813 Z150.5
G1 Z149.5
G1 E40 F9000
G1 F2779.614
G1 X727.187 Y272.813 E49.70027
G1 X272.813 Y727.187 E2774.11872
G1 X284.325 Y727.187 E49.70025
;WIPE_START
G1 F600
G1 X274.325 Y727.187 E-30
;WIPE_END
G1 Z150.5 F15000
G1 X284.325 Y272.813 Z150.5
G1 Z149.5
G1 E40 F9000
G1 F2779.614
G1 X272.813 Y272.813 E49.70059
G1 X727.187 Y727.187 E2774.11918
G1 X715.675 Y727.187 E49.70059
;WIPE_START
G1 F600
G1 X725.675 Y727.187 E-30
;WIPE_END
G1 Z150.5 F15000
M73 P36 R567
G1 X586.92 Y272.813 Z150.5
G1 Z149.5
G1 E40 F9000
G1 F2779.614
G1 X598.432 Y272.813 E49.70059
G1 X727.187 Y401.568 E786.09564
G1 X727.187 Y413.08 E49.70059
;WIPE_START
G1 F600
G1 X727.187 Y403.08 E-30
;WIPE_END
G1 Z150.5 F15000
G1 X575.89 Y272.813 Z150.5
G1 Z149.5
G1 E40 F9000
G1 F2779.614
G1 X564.378 Y272.813 E49.70059
G1 X272.813 Y564.377 E1780.10741
G1 X272.813 Y575.89 E49.70059
;WIPE_START
G1 F600
G1 X272.813 Y565.89 E-30
;WIPE_END
G1 Z150.5 F15000
G1 X413.08 Y272.813 Z150.5
G1 Z149.5
G1 E40 F9000
G1 F2779.614
G1 X401.568 Y272.813 E49.70059
G1 X272.813 Y401.568 E786.09564
G1 X272.813 Y413.08 E49.70059
; stop printing object Cube id:0 copy 0
;LAYER_CHANGE
;Z:151
;HEIGHT:1.5
;BEFORE_LAYER_CHANGE
;151
G92 E0

EXCLUDE_OBJECT_END NAME=Cube_id_0_copy_0
;AFTER_LAYER_CHANGE
;151
;_SET_FAN_SPEED_CHANGING_LAYER
; printing object Cube id:0 copy 0
;WIPE_START
G1 F600
G1 X272.813 Y403.08 E-30
;WIPE_END
EXCLUDE_OBJECT_START NAME=Cube_id_0_copy_0
G1 Z152 F15000
G1 X270.366 Y270.366 Z152
G1 Z151
G1 E40 F9000
;TYPE:Outer wall
;WIDTH:3.2
G1 F2779.615
G1 X729.634 Y270.366 E1982.72102
G1 F2760
G1 X729.634 Y729.634 E1982.72107
G1 X270.366 Y729.634 E1982.72102
G1 X270.366 Y270.666 E1981.42588
M73 P36 R566
;WIPE_START
G1 F600
G1 X280.366 Y270.66 E-30
;WIPE_END
G1 Z152 F15000
G1 X272.813 Y413.08 Z152
G1 Z151
G1 E40 F9000
;TYPE:Sparse infill
;WIDTH:3.2
G1 F2779.614
G1 X272.813 Y401.568 E49.70059
G1 X401.568 Y272.813 E786.09564
G1 X413.08 Y272.813 E49.70059
;WIPE_START
G1 F600
G1 X403.08 Y272.813 E-30
;WIPE_END
G1 Z152 F15000
G1 X272.813 Y575.89 Z152
G1 Z151
G1 E40 F9000
G1 F2779.614
G1 X272.813 Y564.377 E49.70059
G1 X564.378 Y272.813 E1780.10741
G1 X575.89 Y272.813 E49.70059
;WIPE_START
G1 F600
G1 X565.89 Y272.813 E-30
;WIPE_END
G1 Z152 F15000
G1 X727.187 Y413.08 Z152
G1 Z151
G1 E40 F9000
G1 F2779.614
G1 X727.187 Y401.568 E49.70059
G1 X598.432 Y272.813 E786.09564
G1 X586.92 Y272.813 E49.70059
;WIPE_START
G1 F600
G1 X596.92 Y272.813 E-30
;WIPE_END
G1 Z152 F15000
G1 X727.187 Y575.89 Z152
G1 Z151
G1 E40 F9000
G1 F2779.614
G1 X727.187 Y564.378 E49.70059
G1 X435.622 Y272.813 E1780.10742
G1 X424.11 Y272.813 E49.70059
;WIPE_START
G1 F600
G1 X434.11 Y272.813 E-30
;WIPE_END
G1 Z152 F15000
G1 X424.11 Y727.187 Z152
G1 Z151
G1 E40 F9000
G1 F2779.614
G1 X435.622 Y727.187 E49.70059
G1 X727.187 Y435.623 E1780.10743
G1 X727.187 Y424.11 E49.70059
M73 P37 R565
;WIPE_START
G1 F600
G1 X727.187 Y434.11 E-30
;WIPE_END
G1 Z152 F15000
G1 X715.675 Y727.187 Z152
G1 Z151
G1 E40 F9000
G1 F2779.614
G1 X727.187 Y727.187 E49.70059
G1 X272.813 Y272.813 E2774.11918
G1 X284.325 Y272.813 E49.70059
;WIPE_START
G1 F600
G1 X274.325 Y272.813 E-30
;WIPE_END
G1 Z152 F15000
G1 X284.325 Y727.187 Z152
G1 Z151
G1 E40 F9000
G1 F2779.614
G1 X272.813 Y727.187 E49.70025
G1 X727.187 Y272.813 E2774.11872
G1 X715.675 Y272.813 E49.70027
;WIPE_START
G1 F600
G1 X725.675 Y272.813 E-30
;WIPE_END
G1 Z152 F15000
G1 X586.92 Y727.187 Z152
G1 Z151
G1 E40 F9000
G1 F2779.614
G1 X598.432 Y727.187 E49.70059
G1 X727.187 Y598.432 E786.09565
G1 X727.187 Y586.92 E49.70059
;WIPE_START
G1 F600
G1 X727.187 Y596.92 E-30
;WIPE_END
G1 Z152 F15000
G1 X575.89 Y727.187 Z152
G1 Z151
G1 E40 F9000
G1 F2779.614
G1 X564.378 Y727.187 E49.70059
G1 X272.813 Y435.622 E1780.10742
G1 X272.813 Y424.11 E49.70059
M73 P37 R564
;WIPE_START
G1 F600
G1 X272.813 Y434.11 E-30
;WIPE_END
G1 Z152 F15000
G1 X413.08 Y727.187 Z152
G1 Z151
G1 E40 F9000
G1 F2779.614
G1 X401.568 Y727.187 E49.70059
G1 X272.813 Y598.432 E786.09565
G1 X272.813 Y586.92 E49.70059
; stop printing object Cube id:0 copy 0
;LAYER_CHANGE
;Z:152.5
;HEIGHT:1.5
;BEFORE_LAYER_CHANGE
;152.5
G92 E0

EXCLUDE_OBJECT_END NAME=Cube_id_0_copy_0
;AFTER_LAYER_CHANGE
;152.5
;_SET_FAN_SPEED_CHANGING_LAYER
; printing object Cube id:0 copy 0
;WIPE_START
G1 F600
G1 X272.813 Y596.92 E-30
;WIPE_END
EXCLUDE_OBJECT_START NAME=Cube_id_0_copy_0
G1 Z153.5 F15000
G1 X270.366 Y729.634 Z153.5
G1 Z152.5
G1 E40 F9000
;TYPE:Outer wall
;WIDTH:3.2
G1 F2779.615
G1 X270.366 Y270.366 E1982.72102
G1 F2760
G1 X729.634 Y270.366 E1982.72107
G1 X729.634 Y729.634 E1982.72102
G1 X270.666 Y729.634 E1981.42588
;WIPE_START
G1 F600
G1 X270.66 Y719.634 E-30
;WIPE_END
G1 Z153.5 F15000
G1 X272.813 Y586.92 Z153.5
G1 Z152.5
G1 E40 F9000
;TYPE:Sparse infill
;WIDTH:3.2
G1 F2779.614
G1 X272.813 Y598.432 E49.70059
G1 X401.568 Y727.187 E786.09565
G1 X413.08 Y727.187 E49.70059
M73 P37 R563
;WIPE_START
G1 F600
G1 X403.08 Y727.187 E-30
;WIPE_END
G1 Z153.5 F15000
G1 X272.813 Y424.11 Z153.5
G1 Z152.5
G1 E40 F9000
G1 F2779.614
G1 X272.813 Y435.622 E49.70059
G1 X564.378 Y727.187 E1780.10742
G1 X575.89 Y727.187 E49.70059
;WIPE_START
G1 F600
G1 X565.89 Y727.187 E-30
;WIPE_END
G1 Z153.5 F15000
G1 X727.187 Y586.92 Z153.5
G1 Z152.5
G1 E40 F9000
G1 F2779.614
G1 X727.187 Y598.432 E49.70059
G1 X598.432 Y727.187 E786.09565
G1 X586.92 Y727.187 E49.70059
;WIPE_START
G1 F600
G1 X596.92 Y727.187 E-30
;WIPE_END
G1 Z153.5 F15000
G1 X727.187 Y424.11 Z153.5
G1 Z152.5
G1 E40 F9000
G1 F2779.614
G1 X727.187 Y435.623 E49.70059
G1 X435.622 Y727.187 E1780.10743
G1 X424.11 Y727.187 E49.70059
;WIPE_START
G1 F600
G1 X434.11 Y727.187 E-30
;WIPE_END
G1 Z153.5 F15000
G1 X424.11 Y272.813 Z153.5
G1 Z152.5
G1 E40 F9000
G1 F2779.614
G1 X435.622 Y272.813 E49.70059
G1 X727.187 Y564.378 E1780.10742
G1 X727.187 Y575.89 E49.70059
;WIPE_START
G1 F600
G1 X727.187 Y565.89 E-30
;WIPE_END
G1 Z153.5 F15000
G1 X715.675 Y272.813 Z153.5
G1 Z152.5
G1 E40 F9000
G1 F2779.614
G1 X727.187 Y272.813 E49.70027
G1 X272.813 Y727.187 E2774.11872
G1 X284.325 Y727.187 E49.70025
M73 P37 R562
;WIPE_START
G1 F600
G1 X274.325 Y727.187 E-30
;WIPE_END
G1 Z153.5 F15000
G1 X284.325 Y272.813 Z153.5
G1 Z152.5
G1 E40 F9000
G1 F2779.614
G1 X272.813 Y272.813 E49.70059
G1 X727.187 Y727.187 E2774.11918
G1 X715.675 Y727.187 E49.70059
;WIPE_START
G1 F600
G1 X725.675 Y727.187 E-30
;WIPE_END
G1 Z153.5 F15000
G1 X586.92 Y272.813 Z153.5
G1 Z152.5
G1 E40 F9000
G1 F2779.614
G1 X598.432 Y272.813 E49.70059
G1 X727.187 Y401.568 E786.09564
G1 X727.187 Y413.08 E49.70059
;WIPE_START
G1 F600
G1 X727.187 Y403.08 E-30
;WIPE_END
G1 Z153.5 F15000
G1 X575.89 Y272.813 Z153.5
G1 Z152.5
G1 E40 F9000
G1 F2779.614
G1 X564.378 Y272.813 E49.70059
G1 X272.813 Y564.377 E1780.10741
G1 X272.813 Y575.89 E49.70059
;WIPE_START
G1 F600
G1 X272.813 Y565.89 E-30
;WIPE_END
G1 Z153.5 F15000
G1 X413.08 Y272.813 Z153.5
G1 Z152.5
G1 E40 F9000
G1 F2779.614
G1 X401.568 Y272.813 E49.70059
G1 X272.813 Y401.568 E786.09564
G1 X272.813 Y413.08 E49.70059
; stop printing object Cube id:0 copy 0
;LAYER_CHANGE
;Z:154
;HEIGHT:1.5
;BEFORE_LAYER_CHANGE
;154
G92 E0

EXCLUDE_OBJECT_END NAME=Cube_id_0_copy_0
;AFTER_LAYER_CHANGE
;154
;_SET_FAN_SPEED_CHANGING_LAYER
; printing object Cube id:0 copy 0
;WIPE_START
G1 F600
G1 X272.813 Y403.08 E-30
;WIPE_END
EXCLUDE_OBJECT_START NAME=Cube_id_0_copy_0
G1 Z155 F15000
G1 X270.366 Y270.366 Z155
G1 Z154
G1 E40 F9000
;TYPE:Outer wall
;WIDTH:3.2
G1 F2779.615
G1 X729.634 Y270.366 E1982.72102
G1 F2760
M73 P37 R561
G1 X729.634 Y729.634 E1982.72107
G1 X270.366 Y729.634 E1982.72102
G1 X270.366 Y270.666 E1981.42588
;WIPE_START
G1 F600
G1 X280.366 Y270.66 E-30
;WIPE_END
G1 Z155 F15000
G1 X272.813 Y413.08 Z155
G1 Z154
G1 E40 F9000
;TYPE:Sparse infill
;WIDTH:3.2
G1 F2779.614
G1 X272.813 Y401.568 E49.70059
G1 X401.568 Y272.813 E786.09564
G1 X413.08 Y272.813 E49.70059
;WIPE_START
G1 F600
G1 X403.08 Y272.813 E-30
;WIPE_END
G1 Z155 F15000
G1 X272.813 Y575.89 Z155
G1 Z154
G1 E40 F9000
G1 F2779.614
G1 X272.813 Y564.377 E49.70059
G1 X564.378 Y272.813 E1780.10741
G1 X575.89 Y272.813 E49.70059
;WIPE_START
G1 F600
G1 X565.89 Y272.813 E-30
;WIPE_END
G1 Z155 F15000
G1 X727.187 Y413.08 Z155
G1 Z154
M73 P37 R560
G1 E40 F9000
G1 F2779.614
G1 X727.187 Y401.568 E49.70059
G1 X598.432 Y272.813 E786.09564
G1 X586.92 Y272.813 E49.70059
;WIPE_START
G1 F600
G1 X596.92 Y272.813 E-30
;WIPE_END
G1 Z155 F15000
G1 X727.187 Y575.89 Z155
G1 Z154
G1 E40 F9000
G1 F2779.614
G1 X727.187 Y564.378 E49.70059
G1 X435.622 Y272.813 E1780.10742
G1 X424.11 Y272.813 E49.70059
;WIPE_START
G1 F600
G1 X434.11 Y272.813 E-30
;WIPE_END
G1 Z155 F15000
G1 X424.11 Y727.187 Z155
G1 Z154
G1 E40 F9000
G1 F2779.614
G1 X435.622 Y727.187 E49.70059
G1 X727.187 Y435.623 E1780.10743
G1 X727.187 Y424.11 E49.70059
;WIPE_START
G1 F600
G1 X727.187 Y434.11 E-30
;WIPE_END
G1 Z155 F15000
G1 X715.675 Y727.187 Z155
G1 Z154
G1 E40 F9000
G1 F2779.614
G1 X727.187 Y727.187 E49.70059
G1 X272.813 Y272.813 E2774.11918
G1 X284.325 Y272.813 E49.70059
;WIPE_START
G1 F600
G1 X274.325 Y272.813 E-30
;WIPE_END
G1 Z155 F15000
G1 X284.325 Y727.187 Z155
G1 Z154
G1 E40 F9000
G1 F2779.614
G1 X272.813 Y727.187 E49.70025
G1 X727.187 Y272.813 E2774.11872
G1 X715.675 Y272.813 E49.70027
M73 P37 R559
;WIPE_START
G1 F600
G1 X725.675 Y272.813 E-30
;WIPE_END
G1 Z155 F15000
G1 X586.92 Y727.187 Z155
G1 Z154
G1 E40 F9000
G1 F2779.614
G1 X598.432 Y727.187 E49.70059
G1 X727.187 Y598.432 E786.09565
G1 X727.187 Y586.92 E49.70059
;WIPE_START
G1 F600
G1 X727.187 Y596.92 E-30
;WIPE_END
G1 Z155 F15000
G1 X575.89 Y727.187 Z155
G1 Z154
G1 E40 F9000
G1 F2779.614
G1 X564.378 Y727.187 E49.70059
G1 X272.813 Y435.622 E1780.10742
G1 X272.813 Y424.11 E49.70059
;WIPE_START
G1 F600
G1 X272.813 Y434.11 E-30
;WIPE_END
G1 Z155 F15000
G1 X413.08 Y727.187 Z155
G1 Z154
G1 E40 F9000
G1 F2779.614
G1 X401.568 Y727.187 E49.70059
G1 X272.813 Y598.432 E786.09565
G1 X272.813 Y586.92 E49.70059
; stop printing object Cube id:0 copy 0
;LAYER_CHANGE
;Z:155.5
;HEIGHT:1.5
;BEFORE_LAYER_CHANGE
;155.5
G92 E0

EXCLUDE_OBJECT_END NAME=Cube_id_0_copy_0
;AFTER_LAYER_CHANGE
;155.5
;_SET_FAN_SPEED_CHANGING_LAYER
; printing object Cube id:0 copy 0
;WIPE_START
G1 F600
G1 X272.813 Y596.92 E-30
;WIPE_END
EXCLUDE_OBJECT_START NAME=Cube_id_0_copy_0
G1 Z156.5 F15000
G1 X270.366 Y729.634 Z156.5
G1 Z155.5
G1 E40 F9000
;TYPE:Outer wall
;WIDTH:3.2
G1 F2779.615
G1 X270.366 Y270.366 E1982.72102
G1 F2760
G1 X729.634 Y270.366 E1982.72107
G1 X729.634 Y729.634 E1982.72102
M73 P37 R558
G1 X270.666 Y729.634 E1981.42588
;WIPE_START
G1 F600
G1 X270.66 Y719.634 E-30
;WIPE_END
G1 Z156.5 F15000
G1 X272.813 Y586.92 Z156.5
G1 Z155.5
G1 E40 F9000
;TYPE:Sparse infill
;WIDTH:3.2
G1 F2779.614
G1 X272.813 Y598.432 E49.70059
G1 X401.568 Y727.187 E786.09565
G1 X413.08 Y727.187 E49.70059
;WIPE_START
G1 F600
G1 X403.08 Y727.187 E-30
;WIPE_END
G1 Z156.5 F15000
G1 X272.813 Y424.11 Z156.5
G1 Z155.5
G1 E40 F9000
G1 F2779.614
G1 X272.813 Y435.622 E49.70059
G1 X564.378 Y727.187 E1780.10742
G1 X575.89 Y727.187 E49.70059
;WIPE_START
G1 F600
G1 X565.89 Y727.187 E-30
;WIPE_END
G1 Z156.5 F15000
G1 X727.187 Y586.92 Z156.5
G1 Z155.5
G1 E40 F9000
G1 F2779.614
G1 X727.187 Y598.432 E49.70059
G1 X598.432 Y727.187 E786.09565
G1 X586.92 Y727.187 E49.70059
;WIPE_START
G1 F600
G1 X596.92 Y727.187 E-30
;WIPE_END
G1 Z156.5 F15000
G1 X727.187 Y424.11 Z156.5
G1 Z155.5
G1 E40 F9000
G1 F2779.614
G1 X727.187 Y435.623 E49.70059
G1 X435.622 Y727.187 E1780.10743
G1 X424.11 Y727.187 E49.70059
M73 P37 R557
;WIPE_START
G1 F600
G1 X434.11 Y727.187 E-30
;WIPE_END
G1 Z156.5 F15000
G1 X424.11 Y272.813 Z156.5
G1 Z155.5
G1 E40 F9000
G1 F2779.614
G1 X435.622 Y272.813 E49.70059
G1 X727.187 Y564.378 E1780.10742
G1 X727.187 Y575.89 E49.70059
;WIPE_START
G1 F600
G1 X727.187 Y565.89 E-30
;WIPE_END
G1 Z156.5 F15000
G1 X715.675 Y272.813 Z156.5
G1 Z155.5
G1 E40 F9000
G1 F2779.614
G1 X727.187 Y272.813 E49.70027
G1 X272.813 Y727.187 E2774.11872
G1 X284.325 Y727.187 E49.70025
;WIPE_START
G1 F600
G1 X274.325 Y727.187 E-30
;WIPE_END
G1 Z156.5 F15000
G1 X284.325 Y272.813 Z156.5
G1 Z155.5
G1 E40 F9000
G1 F2779.614
G1 X272.813 Y272.813 E49.70059
G1 X727.187 Y727.187 E2774.11918
G1 X715.675 Y727.187 E49.70059
;WIPE_START
G1 F600
G1 X725.675 Y727.187 E-30
;WIPE_END
G1 Z156.5 F15000
G1 X586.92 Y272.813 Z156.5
G1 Z155.5
G1 E40 F9000
G1 F2779.614
G1 X598.432 Y272.813 E49.70059
G1 X727.187 Y401.568 E786.09564
G1 X727.187 Y413.08 E49.70059
;WIPE_START
G1 F600
G1 X727.187 Y403.08 E-30
;WIPE_END
G1 Z156.5 F15000
M73 P38 R556
G1 X575.89 Y272.813 Z156.5
G1 Z155.5
G1 E40 F9000
G1 F2779.614
G1 X564.378 Y272.813 E49.70059
G1 X272.813 Y564.377 E1780.10741
G1 X272.813 Y575.89 E49.70059
;WIPE_START
G1 F600
G1 X272.813 Y565.89 E-30
;WIPE_END
G1 Z156.5 F15000
G1 X413.08 Y272.813 Z156.5
G1 Z155.5
G1 E40 F9000
G1 F2779.614
G1 X401.568 Y272.813 E49.70059
G1 X272.813 Y401.568 E786.09564
G1 X272.813 Y413.08 E49.70059
; stop printing object Cube id:0 copy 0
;LAYER_CHANGE
;Z:157
;HEIGHT:1.5
;BEFORE_LAYER_CHANGE
;157
G92 E0

EXCLUDE_OBJECT_END NAME=Cube_id_0_copy_0
;AFTER_LAYER_CHANGE
;157
;_SET_FAN_SPEED_CHANGING_LAYER
; printing object Cube id:0 copy 0
;WIPE_START
G1 F600
G1 X272.813 Y403.08 E-30
;WIPE_END
EXCLUDE_OBJECT_START NAME=Cube_id_0_copy_0
G1 Z158 F15000
G1 X270.366 Y270.366 Z158
G1 Z157
G1 E40 F9000
;TYPE:Outer wall
;WIDTH:3.2
G1 F2779.615
G1 X729.634 Y270.366 E1982.72102
G1 F2760
G1 X729.634 Y729.634 E1982.72107
G1 X270.366 Y729.634 E1982.72102
G1 X270.366 Y270.666 E1981.42588
;WIPE_START
G1 F600
M73 P38 R555
G1 X280.366 Y270.66 E-30
;WIPE_END
G1 Z158 F15000
G1 X272.813 Y413.08 Z158
G1 Z157
G1 E40 F9000
;TYPE:Sparse infill
;WIDTH:3.2
G1 F2779.614
G1 X272.813 Y401.568 E49.70059
G1 X401.568 Y272.813 E786.09564
G1 X413.08 Y272.813 E49.70059
;WIPE_START
G1 F600
G1 X403.08 Y272.813 E-30
;WIPE_END
G1 Z158 F15000
G1 X272.813 Y575.89 Z158
G1 Z157
G1 E40 F9000
G1 F2779.614
G1 X272.813 Y564.377 E49.70059
G1 X564.378 Y272.813 E1780.10741
G1 X575.89 Y272.813 E49.70059
;WIPE_START
G1 F600
G1 X565.89 Y272.813 E-30
;WIPE_END
G1 Z158 F15000
G1 X727.187 Y413.08 Z158
G1 Z157
G1 E40 F9000
G1 F2779.614
G1 X727.187 Y401.568 E49.70059
G1 X598.432 Y272.813 E786.09564
G1 X586.92 Y272.813 E49.70059
;WIPE_START
G1 F600
G1 X596.92 Y272.813 E-30
;WIPE_END
G1 Z158 F15000
G1 X727.187 Y575.89 Z158
G1 Z157
G1 E40 F9000
G1 F2779.614
G1 X727.187 Y564.378 E49.70059
G1 X435.622 Y272.813 E1780.10742
G1 X424.11 Y272.813 E49.70059
;WIPE_START
G1 F600
G1 X434.11 Y272.813 E-30
;WIPE_END
G1 Z158 F15000
G1 X424.11 Y727.187 Z158
G1 Z157
G1 E40 F9000
G1 F2779.614
G1 X435.622 Y727.187 E49.70059
G1 X727.187 Y435.623 E1780.10743
G1 X727.187 Y424.11 E49.70059
;WIPE_START
G1 F600
G1 X727.187 Y434.11 E-30
;WIPE_END
G1 Z158 F15000
G1 X715.675 Y727.187 Z158
G1 Z157
M73 P38 R554
G1 E40 F9000
G1 F2779.614
G1 X727.187 Y727.187 E49.70059
G1 X272.813 Y272.813 E2774.11918
G1 X284.325 Y272.813 E49.70059
;WIPE_START
G1 F600
G1 X274.325 Y272.813 E-30
;WIPE_END
G1 Z158 F15000
G1 X284.325 Y727.187 Z158
G1 Z157
G1 E40 F9000
G1 F2779.614
G1 X272.813 Y727.187 E49.70025
G1 X727.187 Y272.813 E2774.11872
G1 X715.675 Y272.813 E49.70027
;WIPE_START
G1 F600
G1 X725.675 Y272.813 E-30
;WIPE_END
G1 Z158 F15000
G1 X586.92 Y727.187 Z158
G1 Z157
G1 E40 F9000
G1 F2779.614
G1 X598.432 Y727.187 E49.70059
G1 X727.187 Y598.432 E786.09565
G1 X727.187 Y586.92 E49.70059
;WIPE_START
G1 F600
G1 X727.187 Y596.92 E-30
;WIPE_END
G1 Z158 F15000
G1 X575.89 Y727.187 Z158
G1 Z157
G1 E40 F9000
G1 F2779.614
G1 X564.378 Y727.187 E49.70059
G1 X272.813 Y435.622 E1780.10742
G1 X272.813 Y424.11 E49.70059
;WIPE_START
G1 F600
G1 X272.813 Y434.11 E-30
;WIPE_END
G1 Z158 F15000
G1 X413.08 Y727.187 Z158
G1 Z157
G1 E40 F9000
G1 F2779.614
G1 X401.568 Y727.187 E49.70059
G1 X272.813 Y598.432 E786.09565
G1 X272.813 Y586.92 E49.70059
M73 P38 R553
; stop printing object Cube id:0 copy 0
;LAYER_CHANGE
;Z:158.5
;HEIGHT:1.5
;BEFORE_LAYER_CHANGE
;158.5
G92 E0

EXCLUDE_OBJECT_END NAME=Cube_id_0_copy_0
;AFTER_LAYER_CHANGE
;158.5
;_SET_FAN_SPEED_CHANGING_LAYER
; printing object Cube id:0 copy 0
;WIPE_START
G1 F600
G1 X272.813 Y596.92 E-30
;WIPE_END
EXCLUDE_OBJECT_START NAME=Cube_id_0_copy_0
G1 Z159.5 F15000
G1 X270.366 Y729.634 Z159.5
G1 Z158.5
G1 E40 F9000
;TYPE:Outer wall
;WIDTH:3.2
G1 F2779.615
G1 X270.366 Y270.366 E1982.72102
G1 F2760
G1 X729.634 Y270.366 E1982.72107
G1 X729.634 Y729.634 E1982.72102
G1 X270.666 Y729.634 E1981.42588
;WIPE_START
G1 F600
G1 X270.66 Y719.634 E-30
;WIPE_END
G1 Z159.5 F15000
G1 X272.813 Y586.92 Z159.5
G1 Z158.5
G1 E40 F9000
;TYPE:Sparse infill
;WIDTH:3.2
G1 F2779.614
G1 X272.813 Y598.432 E49.70059
G1 X401.568 Y727.187 E786.09565
G1 X413.08 Y727.187 E49.70059
;WIPE_START
G1 F600
G1 X403.08 Y727.187 E-30
;WIPE_END
G1 Z159.5 F15000
G1 X272.813 Y424.11 Z159.5
G1 Z158.5
G1 E40 F9000
G1 F2779.614
G1 X272.813 Y435.622 E49.70059
G1 X564.378 Y727.187 E1780.10742
G1 X575.89 Y727.187 E49.70059
M73 P38 R552
;WIPE_START
G1 F600
G1 X565.89 Y727.187 E-30
;WIPE_END
G1 Z159.5 F15000
G1 X727.187 Y586.92 Z159.5
G1 Z158.5
G1 E40 F9000
G1 F2779.614
G1 X727.187 Y598.432 E49.70059
G1 X598.432 Y727.187 E786.09565
G1 X586.92 Y727.187 E49.70059
;WIPE_START
G1 F600
G1 X596.92 Y727.187 E-30
;WIPE_END
G1 Z159.5 F15000
G1 X727.187 Y424.11 Z159.5
G1 Z158.5
G1 E40 F9000
G1 F2779.614
G1 X727.187 Y435.623 E49.70059
G1 X435.622 Y727.187 E1780.10743
G1 X424.11 Y727.187 E49.70059
;WIPE_START
G1 F600
G1 X434.11 Y727.187 E-30
;WIPE_END
G1 Z159.5 F15000
G1 X424.11 Y272.813 Z159.5
G1 Z158.5
G1 E40 F9000
G1 F2779.614
G1 X435.622 Y272.813 E49.70059
G1 X727.187 Y564.378 E1780.10742
G1 X727.187 Y575.89 E49.70059
;WIPE_START
G1 F600
G1 X727.187 Y565.89 E-30
;WIPE_END
G1 Z159.5 F15000
G1 X715.675 Y272.813 Z159.5
G1 Z158.5
G1 E40 F9000
G1 F2779.614
G1 X727.187 Y272.813 E49.70027
G1 X272.813 Y727.187 E2774.11872
G1 X284.325 Y727.187 E49.70025
;WIPE_START
G1 F600
G1 X274.325 Y727.187 E-30
;WIPE_END
G1 Z159.5 F15000
G1 X284.325 Y272.813 Z159.5
G1 Z158.5
M73 P38 R551
G1 E40 F9000
G1 F2779.614
G1 X272.813 Y272.813 E49.70059
G1 X727.187 Y727.187 E2774.11918
G1 X715.675 Y727.187 E49.70059
;WIPE_START
G1 F600
G1 X725.675 Y727.187 E-30
;WIPE_END
G1 Z159.5 F15000
G1 X586.92 Y272.813 Z159.5
G1 Z158.5
G1 E40 F9000
G1 F2779.614
G1 X598.432 Y272.813 E49.70059
G1 X727.187 Y401.568 E786.09564
G1 X727.187 Y413.08 E49.70059
;WIPE_START
G1 F600
G1 X727.187 Y403.08 E-30
;WIPE_END
G1 Z159.5 F15000
G1 X575.89 Y272.813 Z159.5
G1 Z158.5
G1 E40 F9000
G1 F2779.614
G1 X564.378 Y272.813 E49.70059
G1 X272.813 Y564.377 E1780.10741
G1 X272.813 Y575.89 E49.70059
;WIPE_START
G1 F600
G1 X272.813 Y565.89 E-30
;WIPE_END
G1 Z159.5 F15000
G1 X413.08 Y272.813 Z159.5
G1 Z158.5
G1 E40 F9000
G1 F2779.614
G1 X401.568 Y272.813 E49.70059
G1 X272.813 Y401.568 E786.09564
G1 X272.813 Y413.08 E49.70059
; stop printing object Cube id:0 copy 0
;LAYER_CHANGE
;Z:160
;HEIGHT:1.5
;BEFORE_LAYER_CHANGE
;160
G92 E0

EXCLUDE_OBJECT_END NAME=Cube_id_0_copy_0
;AFTER_LAYER_CHANGE
;160
;_SET_FAN_SPEED_CHANGING_LAYER
; printing object Cube id:0 copy 0
;WIPE_START
G1 F600
G1 X272.813 Y403.08 E-30
;WIPE_END
EXCLUDE_OBJECT_START NAME=Cube_id_0_copy_0
G1 Z161 F15000
G1 X270.366 Y270.366 Z161
G1 Z160
G1 E40 F9000
;TYPE:Outer wall
;WIDTH:3.2
G1 F2779.615
G1 X729.634 Y270.366 E1982.72102
G1 F2760
G1 X729.634 Y729.634 E1982.72107
G1 X270.366 Y729.634 E1982.72102
M73 P38 R550
G1 X270.366 Y270.666 E1981.42588
;WIPE_START
G1 F600
G1 X280.366 Y270.66 E-30
;WIPE_END
G1 Z161 F15000
G1 X272.813 Y413.08 Z161
G1 Z160
G1 E40 F9000
;TYPE:Sparse infill
;WIDTH:3.2
G1 F2779.614
G1 X272.813 Y401.568 E49.70059
G1 X401.568 Y272.813 E786.09564
G1 X413.08 Y272.813 E49.70059
;WIPE_START
G1 F600
G1 X403.08 Y272.813 E-30
;WIPE_END
G1 Z161 F15000
G1 X272.813 Y575.89 Z161
G1 Z160
G1 E40 F9000
G1 F2779.614
G1 X272.813 Y564.377 E49.70059
G1 X564.378 Y272.813 E1780.10741
G1 X575.89 Y272.813 E49.70059
;WIPE_START
G1 F600
G1 X565.89 Y272.813 E-30
;WIPE_END
G1 Z161 F15000
G1 X727.187 Y413.08 Z161
G1 Z160
G1 E40 F9000
G1 F2779.614
G1 X727.187 Y401.568 E49.70059
G1 X598.432 Y272.813 E786.09564
G1 X586.92 Y272.813 E49.70059
;WIPE_START
G1 F600
G1 X596.92 Y272.813 E-30
;WIPE_END
G1 Z161 F15000
G1 X727.187 Y575.89 Z161
G1 Z160
G1 E40 F9000
G1 F2779.614
M73 P38 R549
G1 X727.187 Y564.378 E49.70059
G1 X435.622 Y272.813 E1780.10742
G1 X424.11 Y272.813 E49.70059
;WIPE_START
G1 F600
G1 X434.11 Y272.813 E-30
;WIPE_END
G1 Z161 F15000
G1 X424.11 Y727.187 Z161
G1 Z160
G1 E40 F9000
G1 F2779.614
G1 X435.622 Y727.187 E49.70059
G1 X727.187 Y435.623 E1780.10743
G1 X727.187 Y424.11 E49.70059
;WIPE_START
G1 F600
G1 X727.187 Y434.11 E-30
;WIPE_END
G1 Z161 F15000
G1 X715.675 Y727.187 Z161
G1 Z160
G1 E40 F9000
G1 F2779.614
G1 X727.187 Y727.187 E49.70059
G1 X272.813 Y272.813 E2774.11918
G1 X284.325 Y272.813 E49.70059
;WIPE_START
G1 F600
G1 X274.325 Y272.813 E-30
;WIPE_END
G1 Z161 F15000
G1 X284.325 Y727.187 Z161
G1 Z160
G1 E40 F9000
G1 F2779.614
G1 X272.813 Y727.187 E49.70025
G1 X727.187 Y272.813 E2774.11872
G1 X715.675 Y272.813 E49.70027
;WIPE_START
G1 F600
M73 P38 R548
G1 X725.675 Y272.813 E-30
;WIPE_END
G1 Z161 F15000
G1 X586.92 Y727.187 Z161
G1 Z160
G1 E40 F9000
G1 F2779.614
G1 X598.432 Y727.187 E49.70059
G1 X727.187 Y598.432 E786.09565
G1 X727.187 Y586.92 E49.70059
;WIPE_START
G1 F600
G1 X727.187 Y596.92 E-30
;WIPE_END
G1 Z161 F15000
G1 X575.89 Y727.187 Z161
G1 Z160
G1 E40 F9000
G1 F2779.614
G1 X564.378 Y727.187 E49.70059
G1 X272.813 Y435.622 E1780.10742
G1 X272.813 Y424.11 E49.70059
;WIPE_START
G1 F600
G1 X272.813 Y434.11 E-30
;WIPE_END
G1 Z161 F15000
G1 X413.08 Y727.187 Z161
G1 Z160
G1 E40 F9000
G1 F2779.614
G1 X401.568 Y727.187 E49.70059
G1 X272.813 Y598.432 E786.09565
G1 X272.813 Y586.92 E49.70059
; stop printing object Cube id:0 copy 0
;LAYER_CHANGE
;Z:161.5
;HEIGHT:1.5
;BEFORE_LAYER_CHANGE
;161.5
G92 E0

EXCLUDE_OBJECT_END NAME=Cube_id_0_copy_0
;AFTER_LAYER_CHANGE
;161.5
;_SET_FAN_SPEED_CHANGING_LAYER
; printing object Cube id:0 copy 0
;WIPE_START
G1 F600
G1 X272.813 Y596.92 E-30
;WIPE_END
EXCLUDE_OBJECT_START NAME=Cube_id_0_copy_0
G1 Z162.5 F15000
G1 X270.366 Y729.634 Z162.5
G1 Z161.5
G1 E40 F9000
;TYPE:Outer wall
;WIDTH:3.2
G1 F2779.615
G1 X270.366 Y270.366 E1982.72102
G1 F2760
G1 X729.634 Y270.366 E1982.72107
G1 X729.634 Y729.634 E1982.72102
G1 X270.666 Y729.634 E1981.42588
M73 P39 R547
;WIPE_START
G1 F600
G1 X270.66 Y719.634 E-30
;WIPE_END
G1 Z162.5 F15000
G1 X272.813 Y586.92 Z162.5
G1 Z161.5
G1 E40 F9000
;TYPE:Sparse infill
;WIDTH:3.2
G1 F2779.614
G1 X272.813 Y598.432 E49.70059
G1 X401.568 Y727.187 E786.09565
G1 X413.08 Y727.187 E49.70059
;WIPE_START
G1 F600
G1 X403.08 Y727.187 E-30
;WIPE_END
G1 Z162.5 F15000
G1 X272.813 Y424.11 Z162.5
G1 Z161.5
G1 E40 F9000
G1 F2779.614
G1 X272.813 Y435.622 E49.70059
G1 X564.378 Y727.187 E1780.10742
G1 X575.89 Y727.187 E49.70059
;WIPE_START
G1 F600
G1 X565.89 Y727.187 E-30
;WIPE_END
G1 Z162.5 F15000
G1 X727.187 Y586.92 Z162.5
G1 Z161.5
G1 E40 F9000
G1 F2779.614
G1 X727.187 Y598.432 E49.70059
G1 X598.432 Y727.187 E786.09565
G1 X586.92 Y727.187 E49.70059
;WIPE_START
G1 F600
G1 X596.92 Y727.187 E-30
;WIPE_END
G1 Z162.5 F15000
G1 X727.187 Y424.11 Z162.5
G1 Z161.5
G1 E40 F9000
G1 F2779.614
G1 X727.187 Y435.623 E49.70059
G1 X435.622 Y727.187 E1780.10743
G1 X424.11 Y727.187 E49.70059
;WIPE_START
G1 F600
G1 X434.11 Y727.187 E-30
;WIPE_END
G1 Z162.5 F15000
G1 X424.11 Y272.813 Z162.5
G1 Z161.5
G1 E40 F9000
G1 F2779.614
G1 X435.622 Y272.813 E49.70059
G1 X727.187 Y564.378 E1780.10742
G1 X727.187 Y575.89 E49.70059
M73 P39 R546
;WIPE_START
G1 F600
G1 X727.187 Y565.89 E-30
;WIPE_END
G1 Z162.5 F15000
G1 X715.675 Y272.813 Z162.5
G1 Z161.5
G1 E40 F9000
G1 F2779.614
G1 X727.187 Y272.813 E49.70027
G1 X272.813 Y727.187 E2774.11872
G1 X284.325 Y727.187 E49.70025
;WIPE_START
G1 F600
G1 X274.325 Y727.187 E-30
;WIPE_END
G1 Z162.5 F15000
G1 X284.325 Y272.813 Z162.5
G1 Z161.5
G1 E40 F9000
G1 F2779.614
G1 X272.813 Y272.813 E49.70059
G1 X727.187 Y727.187 E2774.11918
G1 X715.675 Y727.187 E49.70059
;WIPE_START
G1 F600
G1 X725.675 Y727.187 E-30
;WIPE_END
G1 Z162.5 F15000
G1 X586.92 Y272.813 Z162.5
G1 Z161.5
G1 E40 F9000
G1 F2779.614
G1 X598.432 Y272.813 E49.70059
G1 X727.187 Y401.568 E786.09564
G1 X727.187 Y413.08 E49.70059
;WIPE_START
G1 F600
G1 X727.187 Y403.08 E-30
;WIPE_END
G1 Z162.5 F15000
G1 X575.89 Y272.813 Z162.5
G1 Z161.5
G1 E40 F9000
G1 F2779.614
G1 X564.378 Y272.813 E49.70059
G1 X272.813 Y564.377 E1780.10741
G1 X272.813 Y575.89 E49.70059
M73 P39 R545
;WIPE_START
G1 F600
G1 X272.813 Y565.89 E-30
;WIPE_END
G1 Z162.5 F15000
G1 X413.08 Y272.813 Z162.5
G1 Z161.5
G1 E40 F9000
G1 F2779.614
G1 X401.568 Y272.813 E49.70059
G1 X272.813 Y401.568 E786.09564
G1 X272.813 Y413.08 E49.70059
; stop printing object Cube id:0 copy 0
;LAYER_CHANGE
;Z:163
;HEIGHT:1.5
;BEFORE_LAYER_CHANGE
;163
G92 E0

EXCLUDE_OBJECT_END NAME=Cube_id_0_copy_0
;AFTER_LAYER_CHANGE
;163
;_SET_FAN_SPEED_CHANGING_LAYER
; printing object Cube id:0 copy 0
;WIPE_START
G1 F600
G1 X272.813 Y403.08 E-30
;WIPE_END
EXCLUDE_OBJECT_START NAME=Cube_id_0_copy_0
G1 Z164 F15000
G1 X270.366 Y270.366 Z164
G1 Z163
G1 E40 F9000
;TYPE:Outer wall
;WIDTH:3.2
G1 F2779.615
G1 X729.634 Y270.366 E1982.72102
G1 F2760
G1 X729.634 Y729.634 E1982.72107
G1 X270.366 Y729.634 E1982.72102
G1 X270.366 Y270.666 E1981.42588
;WIPE_START
G1 F600
G1 X280.366 Y270.66 E-30
;WIPE_END
G1 Z164 F15000
G1 X272.813 Y413.08 Z164
G1 Z163
G1 E40 F9000
;TYPE:Sparse infill
;WIDTH:3.2
G1 F2779.614
G1 X272.813 Y401.568 E49.70059
G1 X401.568 Y272.813 E786.09564
G1 X413.08 Y272.813 E49.70059
M73 P39 R544
;WIPE_START
G1 F600
G1 X403.08 Y272.813 E-30
;WIPE_END
G1 Z164 F15000
G1 X272.813 Y575.89 Z164
G1 Z163
G1 E40 F9000
G1 F2779.614
G1 X272.813 Y564.377 E49.70059
G1 X564.378 Y272.813 E1780.10741
G1 X575.89 Y272.813 E49.70059
;WIPE_START
G1 F600
G1 X565.89 Y272.813 E-30
;WIPE_END
G1 Z164 F15000
G1 X727.187 Y413.08 Z164
G1 Z163
G1 E40 F9000
G1 F2779.614
G1 X727.187 Y401.568 E49.70059
G1 X598.432 Y272.813 E786.09564
G1 X586.92 Y272.813 E49.70059
;WIPE_START
G1 F600
G1 X596.92 Y272.813 E-30
;WIPE_END
G1 Z164 F15000
G1 X727.187 Y575.89 Z164
G1 Z163
G1 E40 F9000
G1 F2779.614
G1 X727.187 Y564.378 E49.70059
G1 X435.622 Y272.813 E1780.10742
G1 X424.11 Y272.813 E49.70059
;WIPE_START
G1 F600
G1 X434.11 Y272.813 E-30
;WIPE_END
G1 Z164 F15000
G1 X424.11 Y727.187 Z164
G1 Z163
G1 E40 F9000
G1 F2779.614
G1 X435.622 Y727.187 E49.70059
G1 X727.187 Y435.623 E1780.10743
G1 X727.187 Y424.11 E49.70059
;WIPE_START
G1 F600
G1 X727.187 Y434.11 E-30
;WIPE_END
G1 Z164 F15000
G1 X715.675 Y727.187 Z164
G1 Z163
G1 E40 F9000
G1 F2779.614
G1 X727.187 Y727.187 E49.70059
G1 X272.813 Y272.813 E2774.11918
G1 X284.325 Y272.813 E49.70059
M73 P39 R543
;WIPE_START
G1 F600
G1 X274.325 Y272.813 E-30
;WIPE_END
G1 Z164 F15000
G1 X284.325 Y727.187 Z164
G1 Z163
G1 E40 F9000
G1 F2779.614
G1 X272.813 Y727.187 E49.70025
G1 X727.187 Y272.813 E2774.11872
G1 X715.675 Y272.813 E49.70027
;WIPE_START
G1 F600
G1 X725.675 Y272.813 E-30
;WIPE_END
G1 Z164 F15000
G1 X586.92 Y727.187 Z164
G1 Z163
G1 E40 F9000
G1 F2779.614
G1 X598.432 Y727.187 E49.70059
G1 X727.187 Y598.432 E786.09565
G1 X727.187 Y586.92 E49.70059
;WIPE_START
G1 F600
G1 X727.187 Y596.92 E-30
;WIPE_END
G1 Z164 F15000
G1 X575.89 Y727.187 Z164
G1 Z163
G1 E40 F9000
G1 F2779.614
G1 X564.378 Y727.187 E49.70059
G1 X272.813 Y435.622 E1780.10742
G1 X272.813 Y424.11 E49.70059
;WIPE_START
G1 F600
G1 X272.813 Y434.11 E-30
;WIPE_END
G1 Z164 F15000
G1 X413.08 Y727.187 Z164
G1 Z163
G1 E40 F9000
G1 F2779.614
G1 X401.568 Y727.187 E49.70059
G1 X272.813 Y598.432 E786.09565
G1 X272.813 Y586.92 E49.70059
; stop printing object Cube id:0 copy 0
;LAYER_CHANGE
;Z:164.5
;HEIGHT:1.5
;BEFORE_LAYER_CHANGE
;164.5
G92 E0

EXCLUDE_OBJECT_END NAME=Cube_id_0_copy_0
;AFTER_LAYER_CHANGE
;164.5
;_SET_FAN_SPEED_CHANGING_LAYER
; printing object Cube id:0 copy 0
;WIPE_START
G1 F600
G1 X272.813 Y596.92 E-30
;WIPE_END
EXCLUDE_OBJECT_START NAME=Cube_id_0_copy_0
G1 Z165.5 F15000
G1 X270.366 Y729.634 Z165.5
G1 Z164.5
G1 E40 F9000
;TYPE:Outer wall
;WIDTH:3.2
G1 F2779.615
G1 X270.366 Y270.366 E1982.72102
G1 F2760
M73 P39 R542
G1 X729.634 Y270.366 E1982.72107
G1 X729.634 Y729.634 E1982.72102
G1 X270.666 Y729.634 E1981.42588
;WIPE_START
G1 F600
G1 X270.66 Y719.634 E-30
;WIPE_END
G1 Z165.5 F15000
G1 X272.813 Y586.92 Z165.5
G1 Z164.5
G1 E40 F9000
;TYPE:Sparse infill
;WIDTH:3.2
G1 F2779.614
G1 X272.813 Y598.432 E49.70059
G1 X401.568 Y727.187 E786.09565
G1 X413.08 Y727.187 E49.70059
;WIPE_START
G1 F600
G1 X403.08 Y727.187 E-30
;WIPE_END
G1 Z165.5 F15000
G1 X272.813 Y424.11 Z165.5
G1 Z164.5
G1 E40 F9000
G1 F2779.614
G1 X272.813 Y435.622 E49.70059
G1 X564.378 Y727.187 E1780.10742
G1 X575.89 Y727.187 E49.70059
;WIPE_START
G1 F600
G1 X565.89 Y727.187 E-30
;WIPE_END
G1 Z165.5 F15000
G1 X727.187 Y586.92 Z165.5
G1 Z164.5
M73 P39 R541
G1 E40 F9000
G1 F2779.614
G1 X727.187 Y598.432 E49.70059
G1 X598.432 Y727.187 E786.09565
G1 X586.92 Y727.187 E49.70059
;WIPE_START
G1 F600
G1 X596.92 Y727.187 E-30
;WIPE_END
G1 Z165.5 F15000
G1 X727.187 Y424.11 Z165.5
G1 Z164.5
G1 E40 F9000
G1 F2779.614
G1 X727.187 Y435.623 E49.70059
G1 X435.622 Y727.187 E1780.10743
G1 X424.11 Y727.187 E49.70059
;WIPE_START
G1 F600
G1 X434.11 Y727.187 E-30
;WIPE_END
G1 Z165.5 F15000
G1 X424.11 Y272.813 Z165.5
G1 Z164.5
G1 E40 F9000
G1 F2779.614
G1 X435.622 Y272.813 E49.70059
G1 X727.187 Y564.378 E1780.10742
G1 X727.187 Y575.89 E49.70059
;WIPE_START
G1 F600
G1 X727.187 Y565.89 E-30
;WIPE_END
G1 Z165.5 F15000
G1 X715.675 Y272.813 Z165.5
G1 Z164.5
G1 E40 F9000
G1 F2779.614
G1 X727.187 Y272.813 E49.70027
G1 X272.813 Y727.187 E2774.11872
G1 X284.325 Y727.187 E49.70025
;WIPE_START
G1 F600
G1 X274.325 Y727.187 E-30
;WIPE_END
G1 Z165.5 F15000
G1 X284.325 Y272.813 Z165.5
G1 Z164.5
G1 E40 F9000
G1 F2779.614
G1 X272.813 Y272.813 E49.70059
G1 X727.187 Y727.187 E2774.11918
G1 X715.675 Y727.187 E49.70059
M73 P39 R540
;WIPE_START
G1 F600
G1 X725.675 Y727.187 E-30
;WIPE_END
G1 Z165.5 F15000
G1 X586.92 Y272.813 Z165.5
G1 Z164.5
G1 E40 F9000
G1 F2779.614
G1 X598.432 Y272.813 E49.70059
G1 X727.187 Y401.568 E786.09564
G1 X727.187 Y413.08 E49.70059
;WIPE_START
G1 F600
G1 X727.187 Y403.08 E-30
;WIPE_END
G1 Z165.5 F15000
G1 X575.89 Y272.813 Z165.5
G1 Z164.5
G1 E40 F9000
G1 F2779.614
G1 X564.378 Y272.813 E49.70059
G1 X272.813 Y564.377 E1780.10741
G1 X272.813 Y575.89 E49.70059
;WIPE_START
G1 F600
G1 X272.813 Y565.89 E-30
;WIPE_END
G1 Z165.5 F15000
G1 X413.08 Y272.813 Z165.5
G1 Z164.5
G1 E40 F9000
G1 F2779.614
G1 X401.568 Y272.813 E49.70059
G1 X272.813 Y401.568 E786.09564
G1 X272.813 Y413.08 E49.70059
; stop printing object Cube id:0 copy 0
;LAYER_CHANGE
;Z:166
;HEIGHT:1.5
;BEFORE_LAYER_CHANGE
;166
G92 E0

EXCLUDE_OBJECT_END NAME=Cube_id_0_copy_0
;AFTER_LAYER_CHANGE
;166
;_SET_FAN_SPEED_CHANGING_LAYER
; printing object Cube id:0 copy 0
;WIPE_START
G1 F600
G1 X272.813 Y403.08 E-30
;WIPE_END
EXCLUDE_OBJECT_START NAME=Cube_id_0_copy_0
G1 Z167 F15000
G1 X270.366 Y270.366 Z167
G1 Z166
G1 E40 F9000
;TYPE:Outer wall
;WIDTH:3.2
G1 F2779.615
G1 X729.634 Y270.366 E1982.72102
G1 F2760
G1 X729.634 Y729.634 E1982.72107
G1 X270.366 Y729.634 E1982.72102
M73 P39 R539
G1 X270.366 Y270.666 E1981.42588
;WIPE_START
G1 F600
G1 X280.366 Y270.66 E-30
;WIPE_END
G1 Z167 F15000
G1 X272.813 Y413.08 Z167
G1 Z166
G1 E40 F9000
;TYPE:Sparse infill
;WIDTH:3.2
G1 F2779.614
G1 X272.813 Y401.568 E49.70059
G1 X401.568 Y272.813 E786.09564
G1 X413.08 Y272.813 E49.70059
;WIPE_START
G1 F600
G1 X403.08 Y272.813 E-30
;WIPE_END
G1 Z167 F15000
G1 X272.813 Y575.89 Z167
G1 Z166
G1 E40 F9000
G1 F2779.614
G1 X272.813 Y564.377 E49.70059
G1 X564.378 Y272.813 E1780.10741
G1 X575.89 Y272.813 E49.70059
;WIPE_START
G1 F600
G1 X565.89 Y272.813 E-30
;WIPE_END
G1 Z167 F15000
G1 X727.187 Y413.08 Z167
G1 Z166
G1 E40 F9000
G1 F2779.614
G1 X727.187 Y401.568 E49.70059
G1 X598.432 Y272.813 E786.09564
G1 X586.92 Y272.813 E49.70059
;WIPE_START
G1 F600
G1 X596.92 Y272.813 E-30
;WIPE_END
G1 Z167 F15000
G1 X727.187 Y575.89 Z167
G1 Z166
G1 E40 F9000
G1 F2779.614
G1 X727.187 Y564.378 E49.70059
G1 X435.622 Y272.813 E1780.10742
G1 X424.11 Y272.813 E49.70059
M73 P40 R538
;WIPE_START
G1 F600
G1 X434.11 Y272.813 E-30
;WIPE_END
G1 Z167 F15000
G1 X424.11 Y727.187 Z167
G1 Z166
G1 E40 F9000
G1 F2779.614
G1 X435.622 Y727.187 E49.70059
G1 X727.187 Y435.623 E1780.10743
G1 X727.187 Y424.11 E49.70059
;WIPE_START
G1 F600
G1 X727.187 Y434.11 E-30
;WIPE_END
G1 Z167 F15000
G1 X715.675 Y727.187 Z167
G1 Z166
G1 E40 F9000
G1 F2779.614
G1 X727.187 Y727.187 E49.70059
G1 X272.813 Y272.813 E2774.11918
G1 X284.325 Y272.813 E49.70059
;WIPE_START
G1 F600
G1 X274.325 Y272.813 E-30
;WIPE_END
G1 Z167 F15000
G1 X284.325 Y727.187 Z167
G1 Z166
G1 E40 F9000
G1 F2779.614
G1 X272.813 Y727.187 E49.70025
G1 X727.187 Y272.813 E2774.11872
G1 X715.675 Y272.813 E49.70027
;WIPE_START
G1 F600
G1 X725.675 Y272.813 E-30
;WIPE_END
G1 Z167 F15000
G1 X586.92 Y727.187 Z167
G1 Z166
G1 E40 F9000
G1 F2779.614
G1 X598.432 Y727.187 E49.70059
G1 X727.187 Y598.432 E786.09565
G1 X727.187 Y586.92 E49.70059
M73 P40 R537
;WIPE_START
G1 F600
G1 X727.187 Y596.92 E-30
;WIPE_END
G1 Z167 F15000
G1 X575.89 Y727.187 Z167
G1 Z166
G1 E40 F9000
G1 F2779.614
G1 X564.378 Y727.187 E49.70059
G1 X272.813 Y435.622 E1780.10742
G1 X272.813 Y424.11 E49.70059
;WIPE_START
G1 F600
G1 X272.813 Y434.11 E-30
;WIPE_END
G1 Z167 F15000
G1 X413.08 Y727.187 Z167
G1 Z166
G1 E40 F9000
G1 F2779.614
G1 X401.568 Y727.187 E49.70059
G1 X272.813 Y598.432 E786.09565
G1 X272.813 Y586.92 E49.70059
; stop printing object Cube id:0 copy 0
;LAYER_CHANGE
;Z:167.5
;HEIGHT:1.5
;BEFORE_LAYER_CHANGE
;167.5
G92 E0

EXCLUDE_OBJECT_END NAME=Cube_id_0_copy_0
;AFTER_LAYER_CHANGE
;167.5
;_SET_FAN_SPEED_CHANGING_LAYER
; printing object Cube id:0 copy 0
;WIPE_START
G1 F600
G1 X272.813 Y596.92 E-30
;WIPE_END
EXCLUDE_OBJECT_START NAME=Cube_id_0_copy_0
G1 Z168.5 F15000
G1 X270.366 Y729.634 Z168.5
G1 Z167.5
G1 E40 F9000
;TYPE:Outer wall
;WIDTH:3.2
G1 F2779.615
G1 X270.366 Y270.366 E1982.72102
G1 F2760
G1 X729.634 Y270.366 E1982.72107
G1 X729.634 Y729.634 E1982.72102
G1 X270.666 Y729.634 E1981.42588
;WIPE_START
G1 F600
M73 P40 R536
G1 X270.66 Y719.634 E-30
;WIPE_END
G1 Z168.5 F15000
G1 X272.813 Y586.92 Z168.5
G1 Z167.5
G1 E40 F9000
;TYPE:Sparse infill
;WIDTH:3.2
G1 F2779.614
G1 X272.813 Y598.432 E49.70059
G1 X401.568 Y727.187 E786.09565
G1 X413.08 Y727.187 E49.70059
;WIPE_START
G1 F600
G1 X403.08 Y727.187 E-30
;WIPE_END
G1 Z168.5 F15000
G1 X272.813 Y424.11 Z168.5
G1 Z167.5
G1 E40 F9000
G1 F2779.614
G1 X272.813 Y435.622 E49.70059
G1 X564.378 Y727.187 E1780.10742
G1 X575.89 Y727.187 E49.70059
;WIPE_START
G1 F600
G1 X565.89 Y727.187 E-30
;WIPE_END
G1 Z168.5 F15000
G1 X727.187 Y586.92 Z168.5
G1 Z167.5
G1 E40 F9000
G1 F2779.614
G1 X727.187 Y598.432 E49.70059
G1 X598.432 Y727.187 E786.09565
G1 X586.92 Y727.187 E49.70059
;WIPE_START
G1 F600
G1 X596.92 Y727.187 E-30
;WIPE_END
G1 Z168.5 F15000
G1 X727.187 Y424.11 Z168.5
G1 Z167.5
G1 E40 F9000
G1 F2779.614
G1 X727.187 Y435.623 E49.70059
G1 X435.622 Y727.187 E1780.10743
G1 X424.11 Y727.187 E49.70059
;WIPE_START
G1 F600
G1 X434.11 Y727.187 E-30
;WIPE_END
G1 Z168.5 F15000
G1 X424.11 Y272.813 Z168.5
G1 Z167.5
G1 E40 F9000
G1 F2779.614
G1 X435.622 Y272.813 E49.70059
G1 X727.187 Y564.378 E1780.10742
G1 X727.187 Y575.89 E49.70059
;WIPE_START
G1 F600
G1 X727.187 Y565.89 E-30
;WIPE_END
G1 Z168.5 F15000
G1 X715.675 Y272.813 Z168.5
G1 Z167.5
M73 P40 R535
G1 E40 F9000
G1 F2779.614
G1 X727.187 Y272.813 E49.70027
G1 X272.813 Y727.187 E2774.11872
G1 X284.325 Y727.187 E49.70025
;WIPE_START
G1 F600
G1 X274.325 Y727.187 E-30
;WIPE_END
G1 Z168.5 F15000
G1 X284.325 Y272.813 Z168.5
G1 Z167.5
G1 E40 F9000
G1 F2779.614
G1 X272.813 Y272.813 E49.70059
G1 X727.187 Y727.187 E2774.11918
G1 X715.675 Y727.187 E49.70059
;WIPE_START
G1 F600
G1 X725.675 Y727.187 E-30
;WIPE_END
G1 Z168.5 F15000
G1 X586.92 Y272.813 Z168.5
G1 Z167.5
G1 E40 F9000
G1 F2779.614
G1 X598.432 Y272.813 E49.70059
G1 X727.187 Y401.568 E786.09564
G1 X727.187 Y413.08 E49.70059
;WIPE_START
G1 F600
G1 X727.187 Y403.08 E-30
;WIPE_END
G1 Z168.5 F15000
G1 X575.89 Y272.813 Z168.5
G1 Z167.5
G1 E40 F9000
G1 F2779.614
G1 X564.378 Y272.813 E49.70059
G1 X272.813 Y564.377 E1780.10741
G1 X272.813 Y575.89 E49.70059
;WIPE_START
G1 F600
G1 X272.813 Y565.89 E-30
;WIPE_END
G1 Z168.5 F15000
G1 X413.08 Y272.813 Z168.5
G1 Z167.5
G1 E40 F9000
G1 F2779.614
G1 X401.568 Y272.813 E49.70059
G1 X272.813 Y401.568 E786.09564
G1 X272.813 Y413.08 E49.70059
M73 P40 R534
; stop printing object Cube id:0 copy 0
;LAYER_CHANGE
;Z:169
;HEIGHT:1.5
;BEFORE_LAYER_CHANGE
;169
G92 E0

EXCLUDE_OBJECT_END NAME=Cube_id_0_copy_0
;AFTER_LAYER_CHANGE
;169
;_SET_FAN_SPEED_CHANGING_LAYER
; printing object Cube id:0 copy 0
;WIPE_START
G1 F600
G1 X272.813 Y403.08 E-30
;WIPE_END
EXCLUDE_OBJECT_START NAME=Cube_id_0_copy_0
G1 Z170 F15000
G1 X270.366 Y270.366 Z170
G1 Z169
G1 E40 F9000
;TYPE:Outer wall
;WIDTH:3.2
G1 F2779.615
G1 X729.634 Y270.366 E1982.72102
G1 F2760
G1 X729.634 Y729.634 E1982.72107
G1 X270.366 Y729.634 E1982.72102
G1 X270.366 Y270.666 E1981.42588
;WIPE_START
G1 F600
G1 X280.366 Y270.66 E-30
;WIPE_END
G1 Z170 F15000
G1 X272.813 Y413.08 Z170
G1 Z169
G1 E40 F9000
;TYPE:Sparse infill
;WIDTH:3.2
G1 F2779.614
G1 X272.813 Y401.568 E49.70059
G1 X401.568 Y272.813 E786.09564
G1 X413.08 Y272.813 E49.70059
;WIPE_START
G1 F600
G1 X403.08 Y272.813 E-30
;WIPE_END
G1 Z170 F15000
G1 X272.813 Y575.89 Z170
G1 Z169
G1 E40 F9000
G1 F2779.614
G1 X272.813 Y564.377 E49.70059
G1 X564.378 Y272.813 E1780.10741
G1 X575.89 Y272.813 E49.70059
M73 P40 R533
;WIPE_START
G1 F600
G1 X565.89 Y272.813 E-30
;WIPE_END
G1 Z170 F15000
G1 X727.187 Y413.08 Z170
G1 Z169
G1 E40 F9000
G1 F2779.614
G1 X727.187 Y401.568 E49.70059
G1 X598.432 Y272.813 E786.09564
G1 X586.92 Y272.813 E49.70059
;WIPE_START
G1 F600
G1 X596.92 Y272.813 E-30
;WIPE_END
G1 Z170 F15000
G1 X727.187 Y575.89 Z170
G1 Z169
G1 E40 F9000
G1 F2779.614
G1 X727.187 Y564.378 E49.70059
G1 X435.622 Y272.813 E1780.10742
G1 X424.11 Y272.813 E49.70059
;WIPE_START
G1 F600
G1 X434.11 Y272.813 E-30
;WIPE_END
G1 Z170 F15000
G1 X424.11 Y727.187 Z170
G1 Z169
G1 E40 F9000
G1 F2779.614
G1 X435.622 Y727.187 E49.70059
G1 X727.187 Y435.623 E1780.10743
G1 X727.187 Y424.11 E49.70059
;WIPE_START
G1 F600
G1 X727.187 Y434.11 E-30
;WIPE_END
G1 Z170 F15000
G1 X715.675 Y727.187 Z170
G1 Z169
G1 E40 F9000
G1 F2779.614
G1 X727.187 Y727.187 E49.70059
G1 X272.813 Y272.813 E2774.11918
G1 X284.325 Y272.813 E49.70059
;WIPE_START
G1 F600
G1 X274.325 Y272.813 E-30
;WIPE_END
G1 Z170 F15000
M73 P40 R532
G1 X284.325 Y727.187 Z170
G1 Z169
G1 E40 F9000
G1 F2779.614
G1 X272.813 Y727.187 E49.70025
G1 X727.187 Y272.813 E2774.11872
G1 X715.675 Y272.813 E49.70027
;WIPE_START
G1 F600
G1 X725.675 Y272.813 E-30
;WIPE_END
G1 Z170 F15000
G1 X586.92 Y727.187 Z170
G1 Z169
G1 E40 F9000
G1 F2779.614
G1 X598.432 Y727.187 E49.70059
G1 X727.187 Y598.432 E786.09565
G1 X727.187 Y586.92 E49.70059
;WIPE_START
G1 F600
G1 X727.187 Y596.92 E-30
;WIPE_END
G1 Z170 F15000
G1 X575.89 Y727.187 Z170
G1 Z169
G1 E40 F9000
G1 F2779.614
G1 X564.378 Y727.187 E49.70059
G1 X272.813 Y435.622 E1780.10742
G1 X272.813 Y424.11 E49.70059
;WIPE_START
G1 F600
G1 X272.813 Y434.11 E-30
;WIPE_END
G1 Z170 F15000
G1 X413.08 Y727.187 Z170
G1 Z169
G1 E40 F9000
G1 F2779.614
G1 X401.568 Y727.187 E49.70059
G1 X272.813 Y598.432 E786.09565
G1 X272.813 Y586.92 E49.70059
; stop printing object Cube id:0 copy 0
;LAYER_CHANGE
;Z:170.5
;HEIGHT:1.5
;BEFORE_LAYER_CHANGE
;170.5
G92 E0

EXCLUDE_OBJECT_END NAME=Cube_id_0_copy_0
;AFTER_LAYER_CHANGE
;170.5
;_SET_FAN_SPEED_CHANGING_LAYER
; printing object Cube id:0 copy 0
;WIPE_START
G1 F600
G1 X272.813 Y596.92 E-30
;WIPE_END
EXCLUDE_OBJECT_START NAME=Cube_id_0_copy_0
G1 Z171.5 F15000
G1 X270.366 Y729.634 Z171.5
G1 Z170.5
G1 E40 F9000
;TYPE:Outer wall
;WIDTH:3.2
G1 F2779.615
G1 X270.366 Y270.366 E1982.72102
G1 F2760
G1 X729.634 Y270.366 E1982.72107
G1 X729.634 Y729.634 E1982.72102
M73 P40 R531
G1 X270.666 Y729.634 E1981.42588
;WIPE_START
G1 F600
G1 X270.66 Y719.634 E-30
;WIPE_END
G1 Z171.5 F15000
G1 X272.813 Y586.92 Z171.5
G1 Z170.5
G1 E40 F9000
;TYPE:Sparse infill
;WIDTH:3.2
G1 F2779.614
G1 X272.813 Y598.432 E49.70059
G1 X401.568 Y727.187 E786.09565
G1 X413.08 Y727.187 E49.70059
;WIPE_START
G1 F600
G1 X403.08 Y727.187 E-30
;WIPE_END
G1 Z171.5 F15000
G1 X272.813 Y424.11 Z171.5
G1 Z170.5
G1 E40 F9000
G1 F2779.614
G1 X272.813 Y435.622 E49.70059
G1 X564.378 Y727.187 E1780.10742
G1 X575.89 Y727.187 E49.70059
;WIPE_START
G1 F600
G1 X565.89 Y727.187 E-30
;WIPE_END
G1 Z171.5 F15000
G1 X727.187 Y586.92 Z171.5
G1 Z170.5
G1 E40 F9000
G1 F2779.614
G1 X727.187 Y598.432 E49.70059
G1 X598.432 Y727.187 E786.09565
G1 X586.92 Y727.187 E49.70059
;WIPE_START
G1 F600
G1 X596.92 Y727.187 E-30
;WIPE_END
G1 Z171.5 F15000
G1 X727.187 Y424.11 Z171.5
G1 Z170.5
M73 P40 R530
G1 E40 F9000
G1 F2779.614
G1 X727.187 Y435.623 E49.70059
G1 X435.622 Y727.187 E1780.10743
G1 X424.11 Y727.187 E49.70059
;WIPE_START
G1 F600
G1 X434.11 Y727.187 E-30
;WIPE_END
G1 Z171.5 F15000
G1 X424.11 Y272.813 Z171.5
G1 Z170.5
G1 E40 F9000
G1 F2779.614
G1 X435.622 Y272.813 E49.70059
G1 X727.187 Y564.378 E1780.10742
G1 X727.187 Y575.89 E49.70059
;WIPE_START
G1 F600
G1 X727.187 Y565.89 E-30
;WIPE_END
G1 Z171.5 F15000
G1 X715.675 Y272.813 Z171.5
G1 Z170.5
G1 E40 F9000
G1 F2779.614
G1 X727.187 Y272.813 E49.70027
G1 X272.813 Y727.187 E2774.11872
G1 X284.325 Y727.187 E49.70025
;WIPE_START
G1 F600
G1 X274.325 Y727.187 E-30
;WIPE_END
G1 Z171.5 F15000
G1 X284.325 Y272.813 Z171.5
G1 Z170.5
G1 E40 F9000
G1 F2779.614
G1 X272.813 Y272.813 E49.70059
G1 X727.187 Y727.187 E2774.11918
G1 X715.675 Y727.187 E49.70059
M73 P41 R529
;WIPE_START
G1 F600
G1 X725.675 Y727.187 E-30
;WIPE_END
G1 Z171.5 F15000
G1 X586.92 Y272.813 Z171.5
G1 Z170.5
G1 E40 F9000
G1 F2779.614
G1 X598.432 Y272.813 E49.70059
G1 X727.187 Y401.568 E786.09564
G1 X727.187 Y413.08 E49.70059
;WIPE_START
G1 F600
G1 X727.187 Y403.08 E-30
;WIPE_END
G1 Z171.5 F15000
G1 X575.89 Y272.813 Z171.5
G1 Z170.5
G1 E40 F9000
G1 F2779.614
G1 X564.378 Y272.813 E49.70059
G1 X272.813 Y564.377 E1780.10741
G1 X272.813 Y575.89 E49.70059
;WIPE_START
G1 F600
G1 X272.813 Y565.89 E-30
;WIPE_END
G1 Z171.5 F15000
G1 X413.08 Y272.813 Z171.5
G1 Z170.5
G1 E40 F9000
G1 F2779.614
G1 X401.568 Y272.813 E49.70059
G1 X272.813 Y401.568 E786.09564
G1 X272.813 Y413.08 E49.70059
; stop printing object Cube id:0 copy 0
;LAYER_CHANGE
;Z:172
;HEIGHT:1.5
;BEFORE_LAYER_CHANGE
;172
G92 E0

EXCLUDE_OBJECT_END NAME=Cube_id_0_copy_0
;AFTER_LAYER_CHANGE
;172
;_SET_FAN_SPEED_CHANGING_LAYER
; printing object Cube id:0 copy 0
;WIPE_START
G1 F600
G1 X272.813 Y403.08 E-30
;WIPE_END
EXCLUDE_OBJECT_START NAME=Cube_id_0_copy_0
G1 Z173 F15000
G1 X270.366 Y270.366 Z173
G1 Z172
G1 E40 F9000
;TYPE:Outer wall
;WIDTH:3.2
G1 F2779.615
G1 X729.634 Y270.366 E1982.72102
G1 F2760
G1 X729.634 Y729.634 E1982.72107
G1 X270.366 Y729.634 E1982.72102
G1 X270.366 Y270.666 E1981.42588
M73 P41 R528
;WIPE_START
G1 F600
G1 X280.366 Y270.66 E-30
;WIPE_END
G1 Z173 F15000
G1 X272.813 Y413.08 Z173
G1 Z172
G1 E40 F9000
;TYPE:Sparse infill
;WIDTH:3.2
G1 F2779.614
G1 X272.813 Y401.568 E49.70059
G1 X401.568 Y272.813 E786.09564
G1 X413.08 Y272.813 E49.70059
;WIPE_START
G1 F600
G1 X403.08 Y272.813 E-30
;WIPE_END
G1 Z173 F15000
G1 X272.813 Y575.89 Z173
G1 Z172
G1 E40 F9000
G1 F2779.614
G1 X272.813 Y564.377 E49.70059
G1 X564.378 Y272.813 E1780.10741
G1 X575.89 Y272.813 E49.70059
;WIPE_START
G1 F600
G1 X565.89 Y272.813 E-30
;WIPE_END
G1 Z173 F15000
G1 X727.187 Y413.08 Z173
G1 Z172
G1 E40 F9000
G1 F2779.614
G1 X727.187 Y401.568 E49.70059
G1 X598.432 Y272.813 E786.09564
G1 X586.92 Y272.813 E49.70059
;WIPE_START
G1 F600
G1 X596.92 Y272.813 E-30
;WIPE_END
G1 Z173 F15000
G1 X727.187 Y575.89 Z173
G1 Z172
G1 E40 F9000
G1 F2779.614
G1 X727.187 Y564.378 E49.70059
G1 X435.622 Y272.813 E1780.10742
G1 X424.11 Y272.813 E49.70059
;WIPE_START
G1 F600
G1 X434.11 Y272.813 E-30
;WIPE_END
G1 Z173 F15000
G1 X424.11 Y727.187 Z173
G1 Z172
G1 E40 F9000
G1 F2779.614
G1 X435.622 Y727.187 E49.70059
G1 X727.187 Y435.623 E1780.10743
G1 X727.187 Y424.11 E49.70059
M73 P41 R527
;WIPE_START
G1 F600
G1 X727.187 Y434.11 E-30
;WIPE_END
G1 Z173 F15000
G1 X715.675 Y727.187 Z173
G1 Z172
G1 E40 F9000
G1 F2779.614
G1 X727.187 Y727.187 E49.70059
G1 X272.813 Y272.813 E2774.11918
G1 X284.325 Y272.813 E49.70059
;WIPE_START
G1 F600
G1 X274.325 Y272.813 E-30
;WIPE_END
G1 Z173 F15000
G1 X284.325 Y727.187 Z173
G1 Z172
G1 E40 F9000
G1 F2779.614
G1 X272.813 Y727.187 E49.70025
G1 X727.187 Y272.813 E2774.11872
G1 X715.675 Y272.813 E49.70027
;WIPE_START
G1 F600
G1 X725.675 Y272.813 E-30
;WIPE_END
G1 Z173 F15000
G1 X586.92 Y727.187 Z173
G1 Z172
G1 E40 F9000
G1 F2779.614
G1 X598.432 Y727.187 E49.70059
G1 X727.187 Y598.432 E786.09565
G1 X727.187 Y586.92 E49.70059
;WIPE_START
G1 F600
G1 X727.187 Y596.92 E-30
;WIPE_END
G1 Z173 F15000
G1 X575.89 Y727.187 Z173
G1 Z172
G1 E40 F9000
G1 F2779.614
G1 X564.378 Y727.187 E49.70059
G1 X272.813 Y435.622 E1780.10742
G1 X272.813 Y424.11 E49.70059
M73 P41 R526
;WIPE_START
G1 F600
G1 X272.813 Y434.11 E-30
;WIPE_END
G1 Z173 F15000
G1 X413.08 Y727.187 Z173
G1 Z172
G1 E40 F9000
G1 F2779.614
G1 X401.568 Y727.187 E49.70059
G1 X272.813 Y598.432 E786.09565
G1 X272.813 Y586.92 E49.70059
; stop printing object Cube id:0 copy 0
;LAYER_CHANGE
;Z:173.5
;HEIGHT:1.5
;BEFORE_LAYER_CHANGE
;173.5
G92 E0

EXCLUDE_OBJECT_END NAME=Cube_id_0_copy_0
;AFTER_LAYER_CHANGE
;173.5
;_SET_FAN_SPEED_CHANGING_LAYER
; printing object Cube id:0 copy 0
;WIPE_START
G1 F600
G1 X272.813 Y596.92 E-30
;WIPE_END
EXCLUDE_OBJECT_START NAME=Cube_id_0_copy_0
G1 Z174.5 F15000
G1 X270.366 Y729.634 Z174.5
G1 Z173.5
G1 E40 F9000
;TYPE:Outer wall
;WIDTH:3.2
G1 F2779.615
G1 X270.366 Y270.366 E1982.72102
G1 F2760
G1 X729.634 Y270.366 E1982.72107
G1 X729.634 Y729.634 E1982.72102
G1 X270.666 Y729.634 E1981.42588
;WIPE_START
G1 F600
G1 X270.66 Y719.634 E-30
;WIPE_END
G1 Z174.5 F15000
G1 X272.813 Y586.92 Z174.5
G1 Z173.5
G1 E40 F9000
;TYPE:Sparse infill
;WIDTH:3.2
G1 F2779.614
G1 X272.813 Y598.432 E49.70059
G1 X401.568 Y727.187 E786.09565
G1 X413.08 Y727.187 E49.70059
M73 P41 R525
;WIPE_START
G1 F600
G1 X403.08 Y727.187 E-30
;WIPE_END
G1 Z174.5 F15000
G1 X272.813 Y424.11 Z174.5
G1 Z173.5
G1 E40 F9000
G1 F2779.614
G1 X272.813 Y435.622 E49.70059
G1 X564.378 Y727.187 E1780.10742
G1 X575.89 Y727.187 E49.70059
;WIPE_START
G1 F600
G1 X565.89 Y727.187 E-30
;WIPE_END
G1 Z174.5 F15000
G1 X727.187 Y586.92 Z174.5
G1 Z173.5
G1 E40 F9000
G1 F2779.614
G1 X727.187 Y598.432 E49.70059
G1 X598.432 Y727.187 E786.09565
G1 X586.92 Y727.187 E49.70059
;WIPE_START
G1 F600
G1 X596.92 Y727.187 E-30
;WIPE_END
G1 Z174.5 F15000
G1 X727.187 Y424.11 Z174.5
G1 Z173.5
G1 E40 F9000
G1 F2779.614
G1 X727.187 Y435.623 E49.70059
G1 X435.622 Y727.187 E1780.10743
G1 X424.11 Y727.187 E49.70059
;WIPE_START
G1 F600
G1 X434.11 Y727.187 E-30
;WIPE_END
G1 Z174.5 F15000
G1 X424.11 Y272.813 Z174.5
G1 Z173.5
G1 E40 F9000
G1 F2779.614
G1 X435.622 Y272.813 E49.70059
G1 X727.187 Y564.378 E1780.10742
G1 X727.187 Y575.89 E49.70059
;WIPE_START
G1 F600
G1 X727.187 Y565.89 E-30
;WIPE_END
G1 Z174.5 F15000
G1 X715.675 Y272.813 Z174.5
G1 Z173.5
G1 E40 F9000
G1 F2779.614
G1 X727.187 Y272.813 E49.70027
G1 X272.813 Y727.187 E2774.11872
G1 X284.325 Y727.187 E49.70025
M73 P41 R524
;WIPE_START
G1 F600
G1 X274.325 Y727.187 E-30
;WIPE_END
G1 Z174.5 F15000
G1 X284.325 Y272.813 Z174.5
G1 Z173.5
G1 E40 F9000
G1 F2779.614
G1 X272.813 Y272.813 E49.70059
G1 X727.187 Y727.187 E2774.11918
G1 X715.675 Y727.187 E49.70059
;WIPE_START
G1 F600
G1 X725.675 Y727.187 E-30
;WIPE_END
G1 Z174.5 F15000
G1 X586.92 Y272.813 Z174.5
G1 Z173.5
G1 E40 F9000
G1 F2779.614
G1 X598.432 Y272.813 E49.70059
G1 X727.187 Y401.568 E786.09564
G1 X727.187 Y413.08 E49.70059
;WIPE_START
G1 F600
G1 X727.187 Y403.08 E-30
;WIPE_END
G1 Z174.5 F15000
G1 X575.89 Y272.813 Z174.5
G1 Z173.5
G1 E40 F9000
G1 F2779.614
G1 X564.378 Y272.813 E49.70059
G1 X272.813 Y564.377 E1780.10741
G1 X272.813 Y575.89 E49.70059
;WIPE_START
G1 F600
G1 X272.813 Y565.89 E-30
;WIPE_END
G1 Z174.5 F15000
G1 X413.08 Y272.813 Z174.5
G1 Z173.5
G1 E40 F9000
G1 F2779.614
G1 X401.568 Y272.813 E49.70059
G1 X272.813 Y401.568 E786.09564
G1 X272.813 Y413.08 E49.70059
; stop printing object Cube id:0 copy 0
;LAYER_CHANGE
;Z:175
;HEIGHT:1.5
;BEFORE_LAYER_CHANGE
;175
G92 E0

EXCLUDE_OBJECT_END NAME=Cube_id_0_copy_0
;AFTER_LAYER_CHANGE
;175
;_SET_FAN_SPEED_CHANGING_LAYER
; printing object Cube id:0 copy 0
;WIPE_START
G1 F600
G1 X272.813 Y403.08 E-30
;WIPE_END
EXCLUDE_OBJECT_START NAME=Cube_id_0_copy_0
G1 Z176 F15000
G1 X270.366 Y270.366 Z176
G1 Z175
G1 E40 F9000
;TYPE:Outer wall
;WIDTH:3.2
G1 F2779.615
G1 X729.634 Y270.366 E1982.72102
G1 F2760
M73 P41 R523
G1 X729.634 Y729.634 E1982.72107
G1 X270.366 Y729.634 E1982.72102
G1 X270.366 Y270.666 E1981.42588
;WIPE_START
G1 F600
G1 X280.366 Y270.66 E-30
;WIPE_END
G1 Z176 F15000
G1 X272.813 Y413.08 Z176
G1 Z175
G1 E40 F9000
;TYPE:Sparse infill
;WIDTH:3.2
G1 F2779.614
G1 X272.813 Y401.568 E49.70059
G1 X401.568 Y272.813 E786.09564
G1 X413.08 Y272.813 E49.70059
;WIPE_START
G1 F600
G1 X403.08 Y272.813 E-30
;WIPE_END
G1 Z176 F15000
G1 X272.813 Y575.89 Z176
G1 Z175
G1 E40 F9000
G1 F2779.614
G1 X272.813 Y564.377 E49.70059
G1 X564.378 Y272.813 E1780.10741
G1 X575.89 Y272.813 E49.70059
;WIPE_START
G1 F600
G1 X565.89 Y272.813 E-30
;WIPE_END
G1 Z176 F15000
M73 P41 R522
G1 X727.187 Y413.08 Z176
G1 Z175
G1 E40 F9000
G1 F2779.614
G1 X727.187 Y401.568 E49.70059
G1 X598.432 Y272.813 E786.09564
G1 X586.92 Y272.813 E49.70059
;WIPE_START
G1 F600
G1 X596.92 Y272.813 E-30
;WIPE_END
G1 Z176 F15000
G1 X727.187 Y575.89 Z176
G1 Z175
G1 E40 F9000
G1 F2779.614
G1 X727.187 Y564.378 E49.70059
G1 X435.622 Y272.813 E1780.10742
G1 X424.11 Y272.813 E49.70059
;WIPE_START
G1 F600
G1 X434.11 Y272.813 E-30
;WIPE_END
G1 Z176 F15000
G1 X424.11 Y727.187 Z176
G1 Z175
G1 E40 F9000
G1 F2779.614
G1 X435.622 Y727.187 E49.70059
G1 X727.187 Y435.623 E1780.10743
G1 X727.187 Y424.11 E49.70059
;WIPE_START
G1 F600
G1 X727.187 Y434.11 E-30
;WIPE_END
G1 Z176 F15000
G1 X715.675 Y727.187 Z176
G1 Z175
G1 E40 F9000
G1 F2779.614
G1 X727.187 Y727.187 E49.70059
G1 X272.813 Y272.813 E2774.11918
G1 X284.325 Y272.813 E49.70059
;WIPE_START
G1 F600
G1 X274.325 Y272.813 E-30
;WIPE_END
G1 Z176 F15000
G1 X284.325 Y727.187 Z176
G1 Z175
G1 E40 F9000
G1 F2779.614
G1 X272.813 Y727.187 E49.70025
G1 X727.187 Y272.813 E2774.11872
G1 X715.675 Y272.813 E49.70027
M73 P41 R521
;WIPE_START
G1 F600
G1 X725.675 Y272.813 E-30
;WIPE_END
G1 Z176 F15000
G1 X586.92 Y727.187 Z176
G1 Z175
G1 E40 F9000
G1 F2779.614
G1 X598.432 Y727.187 E49.70059
G1 X727.187 Y598.432 E786.09565
G1 X727.187 Y586.92 E49.70059
;WIPE_START
G1 F600
G1 X727.187 Y596.92 E-30
;WIPE_END
G1 Z176 F15000
G1 X575.89 Y727.187 Z176
G1 Z175
G1 E40 F9000
G1 F2779.614
G1 X564.378 Y727.187 E49.70059
G1 X272.813 Y435.622 E1780.10742
G1 X272.813 Y424.11 E49.70059
;WIPE_START
G1 F600
G1 X272.813 Y434.11 E-30
;WIPE_END
G1 Z176 F15000
G1 X413.08 Y727.187 Z176
G1 Z175
G1 E40 F9000
G1 F2779.614
G1 X401.568 Y727.187 E49.70059
G1 X272.813 Y598.432 E786.09565
G1 X272.813 Y586.92 E49.70059
; stop printing object Cube id:0 copy 0
;LAYER_CHANGE
;Z:176.5
;HEIGHT:1.5
;BEFORE_LAYER_CHANGE
;176.5
G92 E0

EXCLUDE_OBJECT_END NAME=Cube_id_0_copy_0
;AFTER_LAYER_CHANGE
;176.5
;_SET_FAN_SPEED_CHANGING_LAYER
; printing object Cube id:0 copy 0
;WIPE_START
G1 F600
G1 X272.813 Y596.92 E-30
;WIPE_END
EXCLUDE_OBJECT_START NAME=Cube_id_0_copy_0
G1 Z177.5 F15000
G1 X270.366 Y729.634 Z177.5
G1 Z176.5
G1 E40 F9000
;TYPE:Outer wall
;WIDTH:3.2
G1 F2779.615
G1 X270.366 Y270.366 E1982.72102
G1 F2760
G1 X729.634 Y270.366 E1982.72107
G1 X729.634 Y729.634 E1982.72102
M73 P42 R520
G1 X270.666 Y729.634 E1981.42588
;WIPE_START
G1 F600
G1 X270.66 Y719.634 E-30
;WIPE_END
G1 Z177.5 F15000
G1 X272.813 Y586.92 Z177.5
G1 Z176.5
G1 E40 F9000
;TYPE:Sparse infill
;WIDTH:3.2
G1 F2779.614
G1 X272.813 Y598.432 E49.70059
G1 X401.568 Y727.187 E786.09565
G1 X413.08 Y727.187 E49.70059
;WIPE_START
G1 F600
G1 X403.08 Y727.187 E-30
;WIPE_END
G1 Z177.5 F15000
G1 X272.813 Y424.11 Z177.5
G1 Z176.5
G1 E40 F9000
G1 F2779.614
G1 X272.813 Y435.622 E49.70059
G1 X564.378 Y727.187 E1780.10742
G1 X575.89 Y727.187 E49.70059
;WIPE_START
G1 F600
G1 X565.89 Y727.187 E-30
;WIPE_END
G1 Z177.5 F15000
G1 X727.187 Y586.92 Z177.5
G1 Z176.5
G1 E40 F9000
G1 F2779.614
G1 X727.187 Y598.432 E49.70059
G1 X598.432 Y727.187 E786.09565
G1 X586.92 Y727.187 E49.70059
;WIPE_START
G1 F600
G1 X596.92 Y727.187 E-30
;WIPE_END
G1 Z177.5 F15000
G1 X727.187 Y424.11 Z177.5
G1 Z176.5
G1 E40 F9000
G1 F2779.614
G1 X727.187 Y435.623 E49.70059
G1 X435.622 Y727.187 E1780.10743
G1 X424.11 Y727.187 E49.70059
M73 P42 R519
;WIPE_START
G1 F600
G1 X434.11 Y727.187 E-30
;WIPE_END
G1 Z177.5 F15000
G1 X424.11 Y272.813 Z177.5
G1 Z176.5
G1 E40 F9000
G1 F2779.614
G1 X435.622 Y272.813 E49.70059
G1 X727.187 Y564.378 E1780.10742
G1 X727.187 Y575.89 E49.70059
;WIPE_START
G1 F600
G1 X727.187 Y565.89 E-30
;WIPE_END
G1 Z177.5 F15000
G1 X715.675 Y272.813 Z177.5
G1 Z176.5
G1 E40 F9000
G1 F2779.614
G1 X727.187 Y272.813 E49.70027
G1 X272.813 Y727.187 E2774.11872
G1 X284.325 Y727.187 E49.70025
;WIPE_START
G1 F600
G1 X274.325 Y727.187 E-30
;WIPE_END
G1 Z177.5 F15000
G1 X284.325 Y272.813 Z177.5
G1 Z176.5
G1 E40 F9000
G1 F2779.614
G1 X272.813 Y272.813 E49.70059
G1 X727.187 Y727.187 E2774.11918
G1 X715.675 Y727.187 E49.70059
;WIPE_START
G1 F600
G1 X725.675 Y727.187 E-30
;WIPE_END
G1 Z177.5 F15000
G1 X586.92 Y272.813 Z177.5
G1 Z176.5
G1 E40 F9000
G1 F2779.614
G1 X598.432 Y272.813 E49.70059
G1 X727.187 Y401.568 E786.09564
G1 X727.187 Y413.08 E49.70059
M73 P42 R518
;WIPE_START
G1 F600
G1 X727.187 Y403.08 E-30
;WIPE_END
G1 Z177.5 F15000
G1 X575.89 Y272.813 Z177.5
G1 Z176.5
G1 E40 F9000
G1 F2779.614
G1 X564.378 Y272.813 E49.70059
G1 X272.813 Y564.377 E1780.10741
G1 X272.813 Y575.89 E49.70059
;WIPE_START
G1 F600
G1 X272.813 Y565.89 E-30
;WIPE_END
G1 Z177.5 F15000
G1 X413.08 Y272.813 Z177.5
G1 Z176.5
G1 E40 F9000
G1 F2779.614
G1 X401.568 Y272.813 E49.70059
G1 X272.813 Y401.568 E786.09564
G1 X272.813 Y413.08 E49.70059
; stop printing object Cube id:0 copy 0
;LAYER_CHANGE
;Z:178
;HEIGHT:1.5
;BEFORE_LAYER_CHANGE
;178
G92 E0

EXCLUDE_OBJECT_END NAME=Cube_id_0_copy_0
;AFTER_LAYER_CHANGE
;178
;_SET_FAN_SPEED_CHANGING_LAYER
; printing object Cube id:0 copy 0
;WIPE_START
G1 F600
G1 X272.813 Y403.08 E-30
;WIPE_END
EXCLUDE_OBJECT_START NAME=Cube_id_0_copy_0
G1 Z179 F15000
G1 X270.366 Y270.366 Z179
G1 Z178
G1 E40 F9000
;TYPE:Outer wall
;WIDTH:3.2
G1 F2779.615
G1 X729.634 Y270.366 E1982.72102
G1 F2760
G1 X729.634 Y729.634 E1982.72107
G1 X270.366 Y729.634 E1982.72102
G1 X270.366 Y270.666 E1981.42588
;WIPE_START
G1 F600
M73 P42 R517
G1 X280.366 Y270.66 E-30
;WIPE_END
G1 Z179 F15000
G1 X272.813 Y413.08 Z179
G1 Z178
G1 E40 F9000
;TYPE:Sparse infill
;WIDTH:3.2
G1 F2779.614
G1 X272.813 Y401.568 E49.70059
G1 X401.568 Y272.813 E786.09564
G1 X413.08 Y272.813 E49.70059
;WIPE_START
G1 F600
G1 X403.08 Y272.813 E-30
;WIPE_END
G1 Z179 F15000
G1 X272.813 Y575.89 Z179
G1 Z178
G1 E40 F9000
G1 F2779.614
G1 X272.813 Y564.377 E49.70059
G1 X564.378 Y272.813 E1780.10741
G1 X575.89 Y272.813 E49.70059
;WIPE_START
G1 F600
G1 X565.89 Y272.813 E-30
;WIPE_END
G1 Z179 F15000
G1 X727.187 Y413.08 Z179
G1 Z178
G1 E40 F9000
G1 F2779.614
G1 X727.187 Y401.568 E49.70059
G1 X598.432 Y272.813 E786.09564
G1 X586.92 Y272.813 E49.70059
;WIPE_START
G1 F600
G1 X596.92 Y272.813 E-30
;WIPE_END
G1 Z179 F15000
G1 X727.187 Y575.89 Z179
G1 Z178
G1 E40 F9000
G1 F2779.614
G1 X727.187 Y564.378 E49.70059
G1 X435.622 Y272.813 E1780.10742
G1 X424.11 Y272.813 E49.70059
;WIPE_START
G1 F600
G1 X434.11 Y272.813 E-30
;WIPE_END
G1 Z179 F15000
G1 X424.11 Y727.187 Z179
G1 Z178
G1 E40 F9000
G1 F2779.614
G1 X435.622 Y727.187 E49.70059
G1 X727.187 Y435.623 E1780.10743
G1 X727.187 Y424.11 E49.70059
;WIPE_START
G1 F600
G1 X727.187 Y434.11 E-30
;WIPE_END
G1 Z179 F15000
M73 P42 R516
G1 X715.675 Y727.187 Z179
G1 Z178
G1 E40 F9000
G1 F2779.614
G1 X727.187 Y727.187 E49.70059
G1 X272.813 Y272.813 E2774.11918
G1 X284.325 Y272.813 E49.70059
;WIPE_START
G1 F600
G1 X274.325 Y272.813 E-30
;WIPE_END
G1 Z179 F15000
G1 X284.325 Y727.187 Z179
G1 Z178
G1 E40 F9000
G1 F2779.614
G1 X272.813 Y727.187 E49.70025
G1 X727.187 Y272.813 E2774.11872
G1 X715.675 Y272.813 E49.70027
;WIPE_START
G1 F600
G1 X725.675 Y272.813 E-30
;WIPE_END
G1 Z179 F15000
G1 X586.92 Y727.187 Z179
G1 Z178
G1 E40 F9000
G1 F2779.614
G1 X598.432 Y727.187 E49.70059
G1 X727.187 Y598.432 E786.09565
G1 X727.187 Y586.92 E49.70059
;WIPE_START
G1 F600
G1 X727.187 Y596.92 E-30
;WIPE_END
G1 Z179 F15000
G1 X575.89 Y727.187 Z179
G1 Z178
G1 E40 F9000
G1 F2779.614
G1 X564.378 Y727.187 E49.70059
G1 X272.813 Y435.622 E1780.10742
G1 X272.813 Y424.11 E49.70059
;WIPE_START
G1 F600
G1 X272.813 Y434.11 E-30
;WIPE_END
G1 Z179 F15000
G1 X413.08 Y727.187 Z179
G1 Z178
G1 E40 F9000
G1 F2779.614
G1 X401.568 Y727.187 E49.70059
G1 X272.813 Y598.432 E786.09565
M73 P42 R515
G1 X272.813 Y586.92 E49.70059
; stop printing object Cube id:0 copy 0
;LAYER_CHANGE
;Z:179.5
;HEIGHT:1.5
;BEFORE_LAYER_CHANGE
;179.5
G92 E0

EXCLUDE_OBJECT_END NAME=Cube_id_0_copy_0
;AFTER_LAYER_CHANGE
;179.5
;_SET_FAN_SPEED_CHANGING_LAYER
; printing object Cube id:0 copy 0
;WIPE_START
G1 F600
G1 X272.813 Y596.92 E-30
;WIPE_END
EXCLUDE_OBJECT_START NAME=Cube_id_0_copy_0
G1 Z180.5 F15000
G1 X270.366 Y729.634 Z180.5
G1 Z179.5
G1 E40 F9000
;TYPE:Outer wall
;WIDTH:3.2
G1 F2779.615
G1 X270.366 Y270.366 E1982.72102
G1 F2760
G1 X729.634 Y270.366 E1982.72107
G1 X729.634 Y729.634 E1982.72102
G1 X270.666 Y729.634 E1981.42588
;WIPE_START
G1 F600
G1 X270.66 Y719.634 E-30
;WIPE_END
G1 Z180.5 F15000
G1 X272.813 Y586.92 Z180.5
G1 Z179.5
G1 E40 F9000
;TYPE:Sparse infill
;WIDTH:3.2
G1 F2779.614
G1 X272.813 Y598.432 E49.70059
G1 X401.568 Y727.187 E786.09565
G1 X413.08 Y727.187 E49.70059
;WIPE_START
G1 F600
G1 X403.08 Y727.187 E-30
;WIPE_END
G1 Z180.5 F15000
G1 X272.813 Y424.11 Z180.5
G1 Z179.5
G1 E40 F9000
G1 F2779.614
G1 X272.813 Y435.622 E49.70059
G1 X564.378 Y727.187 E1780.10742
G1 X575.89 Y727.187 E49.70059
M73 P42 R514
;WIPE_START
G1 F600
G1 X565.89 Y727.187 E-30
;WIPE_END
G1 Z180.5 F15000
G1 X727.187 Y586.92 Z180.5
G1 Z179.5
G1 E40 F9000
G1 F2779.614
G1 X727.187 Y598.432 E49.70059
G1 X598.432 Y727.187 E786.09565
G1 X586.92 Y727.187 E49.70059
;WIPE_START
G1 F600
G1 X596.92 Y727.187 E-30
;WIPE_END
G1 Z180.5 F15000
G1 X727.187 Y424.11 Z180.5
G1 Z179.5
G1 E40 F9000
G1 F2779.614
G1 X727.187 Y435.623 E49.70059
G1 X435.622 Y727.187 E1780.10743
G1 X424.11 Y727.187 E49.70059
;WIPE_START
G1 F600
G1 X434.11 Y727.187 E-30
;WIPE_END
G1 Z180.5 F15000
G1 X424.11 Y272.813 Z180.5
G1 Z179.5
G1 E40 F9000
G1 F2779.614
G1 X435.622 Y272.813 E49.70059
G1 X727.187 Y564.378 E1780.10742
G1 X727.187 Y575.89 E49.70059
;WIPE_START
G1 F600
G1 X727.187 Y565.89 E-30
;WIPE_END
G1 Z180.5 F15000
G1 X715.675 Y272.813 Z180.5
G1 Z179.5
G1 E40 F9000
G1 F2779.614
G1 X727.187 Y272.813 E49.70027
G1 X272.813 Y727.187 E2774.11872
G1 X284.325 Y727.187 E49.70025
;WIPE_START
G1 F600
G1 X274.325 Y727.187 E-30
;WIPE_END
G1 Z180.5 F15000
M73 P42 R513
G1 X284.325 Y272.813 Z180.5
G1 Z179.5
G1 E40 F9000
G1 F2779.614
G1 X272.813 Y272.813 E49.70059
G1 X727.187 Y727.187 E2774.11918
G1 X715.675 Y727.187 E49.70059
;WIPE_START
G1 F600
G1 X725.675 Y727.187 E-30
;WIPE_END
G1 Z180.5 F15000
G1 X586.92 Y272.813 Z180.5
G1 Z179.5
G1 E40 F9000
G1 F2779.614
G1 X598.432 Y272.813 E49.70059
G1 X727.187 Y401.568 E786.09564
G1 X727.187 Y413.08 E49.70059
;WIPE_START
G1 F600
G1 X727.187 Y403.08 E-30
;WIPE_END
G1 Z180.5 F15000
G1 X575.89 Y272.813 Z180.5
G1 Z179.5
G1 E40 F9000
G1 F2779.614
G1 X564.378 Y272.813 E49.70059
G1 X272.813 Y564.377 E1780.10741
G1 X272.813 Y575.89 E49.70059
;WIPE_START
G1 F600
G1 X272.813 Y565.89 E-30
;WIPE_END
G1 Z180.5 F15000
G1 X413.08 Y272.813 Z180.5
G1 Z179.5
G1 E40 F9000
G1 F2779.614
G1 X401.568 Y272.813 E49.70059
G1 X272.813 Y401.568 E786.09564
G1 X272.813 Y413.08 E49.70059
; stop printing object Cube id:0 copy 0
;LAYER_CHANGE
;Z:181
;HEIGHT:1.5
;BEFORE_LAYER_CHANGE
;181
G92 E0

EXCLUDE_OBJECT_END NAME=Cube_id_0_copy_0
;AFTER_LAYER_CHANGE
;181
;_SET_FAN_SPEED_CHANGING_LAYER
; printing object Cube id:0 copy 0
;WIPE_START
G1 F600
G1 X272.813 Y403.08 E-30
;WIPE_END
EXCLUDE_OBJECT_START NAME=Cube_id_0_copy_0
G1 Z182 F15000
G1 X270.366 Y270.366 Z182
G1 Z181
G1 E40 F9000
;TYPE:Outer wall
;WIDTH:3.2
G1 F2779.615
G1 X729.634 Y270.366 E1982.72102
G1 F2760
M73 P42 R512
G1 X729.634 Y729.634 E1982.72107
G1 X270.366 Y729.634 E1982.72102
G1 X270.366 Y270.666 E1981.42588
;WIPE_START
G1 F600
G1 X280.366 Y270.66 E-30
;WIPE_END
G1 Z182 F15000
G1 X272.813 Y413.08 Z182
G1 Z181
G1 E40 F9000
;TYPE:Sparse infill
;WIDTH:3.2
G1 F2779.614
G1 X272.813 Y401.568 E49.70059
G1 X401.568 Y272.813 E786.09564
G1 X413.08 Y272.813 E49.70059
;WIPE_START
G1 F600
G1 X403.08 Y272.813 E-30
;WIPE_END
G1 Z182 F15000
G1 X272.813 Y575.89 Z182
G1 Z181
G1 E40 F9000
G1 F2779.614
G1 X272.813 Y564.377 E49.70059
G1 X564.378 Y272.813 E1780.10741
G1 X575.89 Y272.813 E49.70059
;WIPE_START
G1 F600
G1 X565.89 Y272.813 E-30
;WIPE_END
G1 Z182 F15000
G1 X727.187 Y413.08 Z182
G1 Z181
G1 E40 F9000
G1 F2779.614
G1 X727.187 Y401.568 E49.70059
G1 X598.432 Y272.813 E786.09564
G1 X586.92 Y272.813 E49.70059
M73 P43 R512
;WIPE_START
G1 F600
G1 X596.92 Y272.813 E-30
;WIPE_END
G1 Z182 F15000
G1 X727.187 Y575.89 Z182
G1 Z181
M73 P43 R511
G1 E40 F9000
G1 F2779.614
G1 X727.187 Y564.378 E49.70059
G1 X435.622 Y272.813 E1780.10742
G1 X424.11 Y272.813 E49.70059
;WIPE_START
G1 F600
G1 X434.11 Y272.813 E-30
;WIPE_END
G1 Z182 F15000
G1 X424.11 Y727.187 Z182
G1 Z181
G1 E40 F9000
G1 F2779.614
G1 X435.622 Y727.187 E49.70059
G1 X727.187 Y435.623 E1780.10743
G1 X727.187 Y424.11 E49.70059
;WIPE_START
G1 F600
G1 X727.187 Y434.11 E-30
;WIPE_END
G1 Z182 F15000
G1 X715.675 Y727.187 Z182
G1 Z181
G1 E40 F9000
G1 F2779.614
G1 X727.187 Y727.187 E49.70059
G1 X272.813 Y272.813 E2774.11918
G1 X284.325 Y272.813 E49.70059
;WIPE_START
G1 F600
G1 X274.325 Y272.813 E-30
;WIPE_END
G1 Z182 F15000
G1 X284.325 Y727.187 Z182
G1 Z181
G1 E40 F9000
G1 F2779.614
G1 X272.813 Y727.187 E49.70025
G1 X727.187 Y272.813 E2774.11872
G1 X715.675 Y272.813 E49.70027
M73 P43 R510
;WIPE_START
G1 F600
G1 X725.675 Y272.813 E-30
;WIPE_END
G1 Z182 F15000
G1 X586.92 Y727.187 Z182
G1 Z181
G1 E40 F9000
G1 F2779.614
G1 X598.432 Y727.187 E49.70059
G1 X727.187 Y598.432 E786.09565
G1 X727.187 Y586.92 E49.70059
;WIPE_START
G1 F600
G1 X727.187 Y596.92 E-30
;WIPE_END
G1 Z182 F15000
G1 X575.89 Y727.187 Z182
G1 Z181
G1 E40 F9000
G1 F2779.614
G1 X564.378 Y727.187 E49.70059
G1 X272.813 Y435.622 E1780.10742
G1 X272.813 Y424.11 E49.70059
;WIPE_START
G1 F600
G1 X272.813 Y434.11 E-30
;WIPE_END
G1 Z182 F15000
G1 X413.08 Y727.187 Z182
G1 Z181
G1 E40 F9000
G1 F2779.614
G1 X401.568 Y727.187 E49.70059
G1 X272.813 Y598.432 E786.09565
G1 X272.813 Y586.92 E49.70059
; stop printing object Cube id:0 copy 0
;LAYER_CHANGE
;Z:182.5
;HEIGHT:1.5
;BEFORE_LAYER_CHANGE
;182.5
G92 E0

EXCLUDE_OBJECT_END NAME=Cube_id_0_copy_0
;AFTER_LAYER_CHANGE
;182.5
;_SET_FAN_SPEED_CHANGING_LAYER
; printing object Cube id:0 copy 0
;WIPE_START
G1 F600
G1 X272.813 Y596.92 E-30
;WIPE_END
EXCLUDE_OBJECT_START NAME=Cube_id_0_copy_0
G1 Z183.5 F15000
G1 X270.366 Y729.634 Z183.5
G1 Z182.5
G1 E40 F9000
;TYPE:Outer wall
;WIDTH:3.2
G1 F2779.615
G1 X270.366 Y270.366 E1982.72102
G1 F2760
G1 X729.634 Y270.366 E1982.72107
G1 X729.634 Y729.634 E1982.72102
G1 X270.666 Y729.634 E1981.42588
M73 P43 R509
;WIPE_START
G1 F600
G1 X270.66 Y719.634 E-30
;WIPE_END
G1 Z183.5 F15000
G1 X272.813 Y586.92 Z183.5
G1 Z182.5
G1 E40 F9000
;TYPE:Sparse infill
;WIDTH:3.2
G1 F2779.614
G1 X272.813 Y598.432 E49.70059
G1 X401.568 Y727.187 E786.09565
G1 X413.08 Y727.187 E49.70059
;WIPE_START
G1 F600
G1 X403.08 Y727.187 E-30
;WIPE_END
G1 Z183.5 F15000
G1 X272.813 Y424.11 Z183.5
G1 Z182.5
G1 E40 F9000
G1 F2779.614
G1 X272.813 Y435.622 E49.70059
G1 X564.378 Y727.187 E1780.10742
G1 X575.89 Y727.187 E49.70059
;WIPE_START
G1 F600
G1 X565.89 Y727.187 E-30
;WIPE_END
G1 Z183.5 F15000
G1 X727.187 Y586.92 Z183.5
G1 Z182.5
G1 E40 F9000
G1 F2779.614
G1 X727.187 Y598.432 E49.70059
G1 X598.432 Y727.187 E786.09565
G1 X586.92 Y727.187 E49.70059
;WIPE_START
G1 F600
G1 X596.92 Y727.187 E-30
;WIPE_END
G1 Z183.5 F15000
G1 X727.187 Y424.11 Z183.5
G1 Z182.5
G1 E40 F9000
G1 F2779.614
G1 X727.187 Y435.623 E49.70059
G1 X435.622 Y727.187 E1780.10743
G1 X424.11 Y727.187 E49.70059
;WIPE_START
G1 F600
G1 X434.11 Y727.187 E-30
;WIPE_END
G1 Z183.5 F15000
G1 X424.11 Y272.813 Z183.5
G1 Z182.5
G1 E40 F9000
G1 F2779.614
G1 X435.622 Y272.813 E49.70059
G1 X727.187 Y564.378 E1780.10742
G1 X727.187 Y575.89 E49.70059
M73 P43 R508
;WIPE_START
G1 F600
G1 X727.187 Y565.89 E-30
;WIPE_END
G1 Z183.5 F15000
G1 X715.675 Y272.813 Z183.5
G1 Z182.5
G1 E40 F9000
G1 F2779.614
G1 X727.187 Y272.813 E49.70027
G1 X272.813 Y727.187 E2774.11872
G1 X284.325 Y727.187 E49.70025
;WIPE_START
G1 F600
G1 X274.325 Y727.187 E-30
;WIPE_END
G1 Z183.5 F15000
G1 X284.325 Y272.813 Z183.5
G1 Z182.5
G1 E40 F9000
G1 F2779.614
G1 X272.813 Y272.813 E49.70059
G1 X727.187 Y727.187 E2774.11918
G1 X715.675 Y727.187 E49.70059
;WIPE_START
G1 F600
G1 X725.675 Y727.187 E-30
;WIPE_END
G1 Z183.5 F15000
G1 X586.92 Y272.813 Z183.5
G1 Z182.5
G1 E40 F9000
G1 F2779.614
G1 X598.432 Y272.813 E49.70059
G1 X727.187 Y401.568 E786.09564
G1 X727.187 Y413.08 E49.70059
;WIPE_START
G1 F600
G1 X727.187 Y403.08 E-30
;WIPE_END
G1 Z183.5 F15000
G1 X575.89 Y272.813 Z183.5
G1 Z182.5
G1 E40 F9000
G1 F2779.614
G1 X564.378 Y272.813 E49.70059
G1 X272.813 Y564.377 E1780.10741
G1 X272.813 Y575.89 E49.70059
M73 P43 R507
;WIPE_START
G1 F600
G1 X272.813 Y565.89 E-30
;WIPE_END
G1 Z183.5 F15000
G1 X413.08 Y272.813 Z183.5
G1 Z182.5
G1 E40 F9000
G1 F2779.614
G1 X401.568 Y272.813 E49.70059
G1 X272.813 Y401.568 E786.09564
G1 X272.813 Y413.08 E49.70059
; stop printing object Cube id:0 copy 0
;LAYER_CHANGE
;Z:184
;HEIGHT:1.5
;BEFORE_LAYER_CHANGE
;184
G92 E0

EXCLUDE_OBJECT_END NAME=Cube_id_0_copy_0
;AFTER_LAYER_CHANGE
;184
;_SET_FAN_SPEED_CHANGING_LAYER
; printing object Cube id:0 copy 0
;WIPE_START
G1 F600
G1 X272.813 Y403.08 E-30
;WIPE_END
EXCLUDE_OBJECT_START NAME=Cube_id_0_copy_0
G1 Z185 F15000
G1 X270.366 Y270.366 Z185
G1 Z184
G1 E40 F9000
;TYPE:Outer wall
;WIDTH:3.2
G1 F2779.615
G1 X729.634 Y270.366 E1982.72102
G1 F2760
G1 X729.634 Y729.634 E1982.72107
G1 X270.366 Y729.634 E1982.72102
G1 X270.366 Y270.666 E1981.42588
;WIPE_START
G1 F600
G1 X280.366 Y270.66 E-30
;WIPE_END
G1 Z185 F15000
G1 X272.813 Y413.08 Z185
G1 Z184
G1 E40 F9000
;TYPE:Sparse infill
;WIDTH:3.2
G1 F2779.614
G1 X272.813 Y401.568 E49.70059
G1 X401.568 Y272.813 E786.09564
G1 X413.08 Y272.813 E49.70059
M73 P43 R506
;WIPE_START
G1 F600
G1 X403.08 Y272.813 E-30
;WIPE_END
G1 Z185 F15000
G1 X272.813 Y575.89 Z185
G1 Z184
G1 E40 F9000
G1 F2779.614
G1 X272.813 Y564.377 E49.70059
G1 X564.378 Y272.813 E1780.10741
G1 X575.89 Y272.813 E49.70059
;WIPE_START
G1 F600
G1 X565.89 Y272.813 E-30
;WIPE_END
G1 Z185 F15000
G1 X727.187 Y413.08 Z185
G1 Z184
G1 E40 F9000
G1 F2779.614
G1 X727.187 Y401.568 E49.70059
G1 X598.432 Y272.813 E786.09564
G1 X586.92 Y272.813 E49.70059
;WIPE_START
G1 F600
G1 X596.92 Y272.813 E-30
;WIPE_END
G1 Z185 F15000
G1 X727.187 Y575.89 Z185
G1 Z184
G1 E40 F9000
G1 F2779.614
G1 X727.187 Y564.378 E49.70059
G1 X435.622 Y272.813 E1780.10742
G1 X424.11 Y272.813 E49.70059
;WIPE_START
G1 F600
G1 X434.11 Y272.813 E-30
;WIPE_END
G1 Z185 F15000
G1 X424.11 Y727.187 Z185
G1 Z184
G1 E40 F9000
G1 F2779.614
G1 X435.622 Y727.187 E49.70059
G1 X727.187 Y435.623 E1780.10743
G1 X727.187 Y424.11 E49.70059
;WIPE_START
G1 F600
G1 X727.187 Y434.11 E-30
;WIPE_END
G1 Z185 F15000
G1 X715.675 Y727.187 Z185
G1 Z184
G1 E40 F9000
G1 F2779.614
G1 X727.187 Y727.187 E49.70059
G1 X272.813 Y272.813 E2774.11918
G1 X284.325 Y272.813 E49.70059
M73 P43 R505
;WIPE_START
G1 F600
G1 X274.325 Y272.813 E-30
;WIPE_END
G1 Z185 F15000
G1 X284.325 Y727.187 Z185
G1 Z184
G1 E40 F9000
G1 F2779.614
G1 X272.813 Y727.187 E49.70025
G1 X727.187 Y272.813 E2774.11872
G1 X715.675 Y272.813 E49.70027
;WIPE_START
G1 F600
G1 X725.675 Y272.813 E-30
;WIPE_END
G1 Z185 F15000
G1 X586.92 Y727.187 Z185
G1 Z184
G1 E40 F9000
G1 F2779.614
G1 X598.432 Y727.187 E49.70059
G1 X727.187 Y598.432 E786.09565
G1 X727.187 Y586.92 E49.70059
;WIPE_START
G1 F600
G1 X727.187 Y596.92 E-30
;WIPE_END
G1 Z185 F15000
G1 X575.89 Y727.187 Z185
G1 Z184
G1 E40 F9000
G1 F2779.614
G1 X564.378 Y727.187 E49.70059
G1 X272.813 Y435.622 E1780.10742
G1 X272.813 Y424.11 E49.70059
;WIPE_START
G1 F600
G1 X272.813 Y434.11 E-30
;WIPE_END
G1 Z185 F15000
G1 X413.08 Y727.187 Z185
G1 Z184
G1 E40 F9000
G1 F2779.614
G1 X401.568 Y727.187 E49.70059
G1 X272.813 Y598.432 E786.09565
G1 X272.813 Y586.92 E49.70059
; stop printing object Cube id:0 copy 0
;LAYER_CHANGE
;Z:185.5
;HEIGHT:1.5
;BEFORE_LAYER_CHANGE
;185.5
G92 E0

EXCLUDE_OBJECT_END NAME=Cube_id_0_copy_0
;AFTER_LAYER_CHANGE
;185.5
;_SET_FAN_SPEED_CHANGING_LAYER
; printing object Cube id:0 copy 0
;WIPE_START
G1 F600
G1 X272.813 Y596.92 E-30
;WIPE_END
EXCLUDE_OBJECT_START NAME=Cube_id_0_copy_0
G1 Z186.5 F15000
G1 X270.366 Y729.634 Z186.5
G1 Z185.5
G1 E40 F9000
;TYPE:Outer wall
;WIDTH:3.2
G1 F2779.615
G1 X270.366 Y270.366 E1982.72102
G1 F2760
M73 P43 R504
G1 X729.634 Y270.366 E1982.72107
G1 X729.634 Y729.634 E1982.72102
G1 X270.666 Y729.634 E1981.42588
;WIPE_START
G1 F600
G1 X270.66 Y719.634 E-30
;WIPE_END
G1 Z186.5 F15000
G1 X272.813 Y586.92 Z186.5
G1 Z185.5
G1 E40 F9000
;TYPE:Sparse infill
;WIDTH:3.2
G1 F2779.614
G1 X272.813 Y598.432 E49.70059
G1 X401.568 Y727.187 E786.09565
G1 X413.08 Y727.187 E49.70059
;WIPE_START
G1 F600
G1 X403.08 Y727.187 E-30
;WIPE_END
G1 Z186.5 F15000
G1 X272.813 Y424.11 Z186.5
G1 Z185.5
G1 E40 F9000
G1 F2779.614
G1 X272.813 Y435.622 E49.70059
G1 X564.378 Y727.187 E1780.10742
G1 X575.89 Y727.187 E49.70059
;WIPE_START
G1 F600
G1 X565.89 Y727.187 E-30
;WIPE_END
G1 Z186.5 F15000
M73 P43 R503
G1 X727.187 Y586.92 Z186.5
G1 Z185.5
G1 E40 F9000
G1 F2779.614
G1 X727.187 Y598.432 E49.70059
G1 X598.432 Y727.187 E786.09565
G1 X586.92 Y727.187 E49.70059
;WIPE_START
G1 F600
G1 X596.92 Y727.187 E-30
;WIPE_END
G1 Z186.5 F15000
G1 X727.187 Y424.11 Z186.5
G1 Z185.5
G1 E40 F9000
G1 F2779.614
G1 X727.187 Y435.623 E49.70059
G1 X435.622 Y727.187 E1780.10743
G1 X424.11 Y727.187 E49.70059
;WIPE_START
G1 F600
G1 X434.11 Y727.187 E-30
;WIPE_END
G1 Z186.5 F15000
G1 X424.11 Y272.813 Z186.5
G1 Z185.5
G1 E40 F9000
G1 F2779.614
G1 X435.622 Y272.813 E49.70059
G1 X727.187 Y564.378 E1780.10742
G1 X727.187 Y575.89 E49.70059
;WIPE_START
G1 F600
G1 X727.187 Y565.89 E-30
;WIPE_END
G1 Z186.5 F15000
G1 X715.675 Y272.813 Z186.5
G1 Z185.5
G1 E40 F9000
G1 F2779.614
G1 X727.187 Y272.813 E49.70027
G1 X272.813 Y727.187 E2774.11872
G1 X284.325 Y727.187 E49.70025
;WIPE_START
G1 F600
G1 X274.325 Y727.187 E-30
;WIPE_END
G1 Z186.5 F15000
G1 X284.325 Y272.813 Z186.5
G1 Z185.5
M73 P44 R503
G1 E40 F9000
G1 F2779.614
G1 X272.813 Y272.813 E49.70059
G1 X727.187 Y727.187 E2774.11918
G1 X715.675 Y727.187 E49.70059
M73 P44 R502
;WIPE_START
G1 F600
G1 X725.675 Y727.187 E-30
;WIPE_END
G1 Z186.5 F15000
G1 X586.92 Y272.813 Z186.5
G1 Z185.5
G1 E40 F9000
G1 F2779.614
G1 X598.432 Y272.813 E49.70059
G1 X727.187 Y401.568 E786.09564
G1 X727.187 Y413.08 E49.70059
;WIPE_START
G1 F600
G1 X727.187 Y403.08 E-30
;WIPE_END
G1 Z186.5 F15000
G1 X575.89 Y272.813 Z186.5
G1 Z185.5
G1 E40 F9000
G1 F2779.614
G1 X564.378 Y272.813 E49.70059
G1 X272.813 Y564.377 E1780.10741
G1 X272.813 Y575.89 E49.70059
;WIPE_START
G1 F600
G1 X272.813 Y565.89 E-30
;WIPE_END
G1 Z186.5 F15000
G1 X413.08 Y272.813 Z186.5
G1 Z185.5
G1 E40 F9000
G1 F2779.614
G1 X401.568 Y272.813 E49.70059
G1 X272.813 Y401.568 E786.09564
G1 X272.813 Y413.08 E49.70059
; stop printing object Cube id:0 copy 0
;LAYER_CHANGE
;Z:187
;HEIGHT:1.5
;BEFORE_LAYER_CHANGE
;187
G92 E0

EXCLUDE_OBJECT_END NAME=Cube_id_0_copy_0
;AFTER_LAYER_CHANGE
;187
;_SET_FAN_SPEED_CHANGING_LAYER
; printing object Cube id:0 copy 0
;WIPE_START
G1 F600
G1 X272.813 Y403.08 E-30
;WIPE_END
EXCLUDE_OBJECT_START NAME=Cube_id_0_copy_0
G1 Z188 F15000
G1 X270.366 Y270.366 Z188
G1 Z187
G1 E40 F9000
;TYPE:Outer wall
;WIDTH:3.2
G1 F2779.615
G1 X729.634 Y270.366 E1982.72102
G1 F2760
G1 X729.634 Y729.634 E1982.72107
G1 X270.366 Y729.634 E1982.72102
M73 P44 R501
G1 X270.366 Y270.666 E1981.42588
;WIPE_START
G1 F600
G1 X280.366 Y270.66 E-30
;WIPE_END
G1 Z188 F15000
G1 X272.813 Y413.08 Z188
G1 Z187
G1 E40 F9000
;TYPE:Sparse infill
;WIDTH:3.2
G1 F2779.614
G1 X272.813 Y401.568 E49.70059
G1 X401.568 Y272.813 E786.09564
G1 X413.08 Y272.813 E49.70059
;WIPE_START
G1 F600
G1 X403.08 Y272.813 E-30
;WIPE_END
G1 Z188 F15000
G1 X272.813 Y575.89 Z188
G1 Z187
G1 E40 F9000
G1 F2779.614
G1 X272.813 Y564.377 E49.70059
G1 X564.378 Y272.813 E1780.10741
G1 X575.89 Y272.813 E49.70059
;WIPE_START
G1 F600
G1 X565.89 Y272.813 E-30
;WIPE_END
G1 Z188 F15000
G1 X727.187 Y413.08 Z188
G1 Z187
G1 E40 F9000
G1 F2779.614
G1 X727.187 Y401.568 E49.70059
G1 X598.432 Y272.813 E786.09564
G1 X586.92 Y272.813 E49.70059
;WIPE_START
G1 F600
G1 X596.92 Y272.813 E-30
;WIPE_END
G1 Z188 F15000
G1 X727.187 Y575.89 Z188
G1 Z187
G1 E40 F9000
G1 F2779.614
G1 X727.187 Y564.378 E49.70059
G1 X435.622 Y272.813 E1780.10742
G1 X424.11 Y272.813 E49.70059
M73 P44 R500
;WIPE_START
G1 F600
G1 X434.11 Y272.813 E-30
;WIPE_END
G1 Z188 F15000
G1 X424.11 Y727.187 Z188
G1 Z187
G1 E40 F9000
G1 F2779.614
G1 X435.622 Y727.187 E49.70059
G1 X727.187 Y435.623 E1780.10743
G1 X727.187 Y424.11 E49.70059
;WIPE_START
G1 F600
G1 X727.187 Y434.11 E-30
;WIPE_END
G1 Z188 F15000
G1 X715.675 Y727.187 Z188
G1 Z187
G1 E40 F9000
G1 F2779.614
G1 X727.187 Y727.187 E49.70059
G1 X272.813 Y272.813 E2774.11918
G1 X284.325 Y272.813 E49.70059
;WIPE_START
G1 F600
G1 X274.325 Y272.813 E-30
;WIPE_END
G1 Z188 F15000
G1 X284.325 Y727.187 Z188
G1 Z187
G1 E40 F9000
G1 F2779.614
G1 X272.813 Y727.187 E49.70025
G1 X727.187 Y272.813 E2774.11872
G1 X715.675 Y272.813 E49.70027
;WIPE_START
G1 F600
G1 X725.675 Y272.813 E-30
;WIPE_END
G1 Z188 F15000
G1 X586.92 Y727.187 Z188
G1 Z187
G1 E40 F9000
G1 F2779.614
G1 X598.432 Y727.187 E49.70059
G1 X727.187 Y598.432 E786.09565
G1 X727.187 Y586.92 E49.70059
M73 P44 R499
;WIPE_START
G1 F600
G1 X727.187 Y596.92 E-30
;WIPE_END
G1 Z188 F15000
G1 X575.89 Y727.187 Z188
G1 Z187
G1 E40 F9000
G1 F2779.614
G1 X564.378 Y727.187 E49.70059
G1 X272.813 Y435.622 E1780.10742
G1 X272.813 Y424.11 E49.70059
;WIPE_START
G1 F600
G1 X272.813 Y434.11 E-30
;WIPE_END
G1 Z188 F15000
G1 X413.08 Y727.187 Z188
G1 Z187
G1 E40 F9000
G1 F2779.614
G1 X401.568 Y727.187 E49.70059
G1 X272.813 Y598.432 E786.09565
G1 X272.813 Y586.92 E49.70059
; stop printing object Cube id:0 copy 0
;LAYER_CHANGE
;Z:188.5
;HEIGHT:1.5
;BEFORE_LAYER_CHANGE
;188.5
G92 E0

EXCLUDE_OBJECT_END NAME=Cube_id_0_copy_0
;AFTER_LAYER_CHANGE
;188.5
;_SET_FAN_SPEED_CHANGING_LAYER
; printing object Cube id:0 copy 0
;WIPE_START
G1 F600
G1 X272.813 Y596.92 E-30
;WIPE_END
EXCLUDE_OBJECT_START NAME=Cube_id_0_copy_0
G1 Z189.5 F15000
G1 X270.366 Y729.634 Z189.5
G1 Z188.5
G1 E40 F9000
;TYPE:Outer wall
;WIDTH:3.2
G1 F2779.615
G1 X270.366 Y270.366 E1982.72102
G1 F2760
G1 X729.634 Y270.366 E1982.72107
G1 X729.634 Y729.634 E1982.72102
G1 X270.666 Y729.634 E1981.42588
;WIPE_START
G1 F600
M73 P44 R498
G1 X270.66 Y719.634 E-30
;WIPE_END
G1 Z189.5 F15000
G1 X272.813 Y586.92 Z189.5
G1 Z188.5
G1 E40 F9000
;TYPE:Sparse infill
;WIDTH:3.2
G1 F2779.614
G1 X272.813 Y598.432 E49.70059
G1 X401.568 Y727.187 E786.09565
G1 X413.08 Y727.187 E49.70059
;WIPE_START
G1 F600
G1 X403.08 Y727.187 E-30
;WIPE_END
G1 Z189.5 F15000
G1 X272.813 Y424.11 Z189.5
G1 Z188.5
G1 E40 F9000
G1 F2779.614
G1 X272.813 Y435.622 E49.70059
G1 X564.378 Y727.187 E1780.10742
G1 X575.89 Y727.187 E49.70059
;WIPE_START
G1 F600
G1 X565.89 Y727.187 E-30
;WIPE_END
G1 Z189.5 F15000
G1 X727.187 Y586.92 Z189.5
G1 Z188.5
G1 E40 F9000
G1 F2779.614
G1 X727.187 Y598.432 E49.70059
G1 X598.432 Y727.187 E786.09565
G1 X586.92 Y727.187 E49.70059
;WIPE_START
G1 F600
G1 X596.92 Y727.187 E-30
;WIPE_END
G1 Z189.5 F15000
G1 X727.187 Y424.11 Z189.5
G1 Z188.5
G1 E40 F9000
G1 F2779.614
G1 X727.187 Y435.623 E49.70059
G1 X435.622 Y727.187 E1780.10743
G1 X424.11 Y727.187 E49.70059
;WIPE_START
G1 F600
G1 X434.11 Y727.187 E-30
;WIPE_END
G1 Z189.5 F15000
G1 X424.11 Y272.813 Z189.5
G1 Z188.5
G1 E40 F9000
G1 F2779.614
G1 X435.622 Y272.813 E49.70059
G1 X727.187 Y564.378 E1780.10742
G1 X727.187 Y575.89 E49.70059
;WIPE_START
G1 F600
G1 X727.187 Y565.89 E-30
;WIPE_END
G1 Z189.5 F15000
M73 P44 R497
G1 X715.675 Y272.813 Z189.5
G1 Z188.5
G1 E40 F9000
G1 F2779.614
G1 X727.187 Y272.813 E49.70027
G1 X272.813 Y727.187 E2774.11872
G1 X284.325 Y727.187 E49.70025
;WIPE_START
G1 F600
G1 X274.325 Y727.187 E-30
;WIPE_END
G1 Z189.5 F15000
G1 X284.325 Y272.813 Z189.5
G1 Z188.5
G1 E40 F9000
G1 F2779.614
G1 X272.813 Y272.813 E49.70059
G1 X727.187 Y727.187 E2774.11918
G1 X715.675 Y727.187 E49.70059
;WIPE_START
G1 F600
G1 X725.675 Y727.187 E-30
;WIPE_END
G1 Z189.5 F15000
G1 X586.92 Y272.813 Z189.5
G1 Z188.5
G1 E40 F9000
G1 F2779.614
G1 X598.432 Y272.813 E49.70059
G1 X727.187 Y401.568 E786.09564
G1 X727.187 Y413.08 E49.70059
;WIPE_START
G1 F600
G1 X727.187 Y403.08 E-30
;WIPE_END
G1 Z189.5 F15000
G1 X575.89 Y272.813 Z189.5
G1 Z188.5
G1 E40 F9000
G1 F2779.614
G1 X564.378 Y272.813 E49.70059
G1 X272.813 Y564.377 E1780.10741
G1 X272.813 Y575.89 E49.70059
;WIPE_START
G1 F600
G1 X272.813 Y565.89 E-30
;WIPE_END
G1 Z189.5 F15000
G1 X413.08 Y272.813 Z189.5
G1 Z188.5
G1 E40 F9000
G1 F2779.614
M73 P44 R496
G1 X401.568 Y272.813 E49.70059
G1 X272.813 Y401.568 E786.09564
G1 X272.813 Y413.08 E49.70059
; stop printing object Cube id:0 copy 0
;LAYER_CHANGE
;Z:190
;HEIGHT:1.5
;BEFORE_LAYER_CHANGE
;190
G92 E0

EXCLUDE_OBJECT_END NAME=Cube_id_0_copy_0
;AFTER_LAYER_CHANGE
;190
;_SET_FAN_SPEED_CHANGING_LAYER
; printing object Cube id:0 copy 0
;WIPE_START
G1 F600
G1 X272.813 Y403.08 E-30
;WIPE_END
EXCLUDE_OBJECT_START NAME=Cube_id_0_copy_0
G1 Z191 F15000
G1 X270.366 Y270.366 Z191
G1 Z190
G1 E40 F9000
;TYPE:Outer wall
;WIDTH:3.2
G1 F2779.615
G1 X729.634 Y270.366 E1982.72102
G1 F2760
G1 X729.634 Y729.634 E1982.72107
G1 X270.366 Y729.634 E1982.72102
G1 X270.366 Y270.666 E1981.42588
;WIPE_START
G1 F600
G1 X280.366 Y270.66 E-30
;WIPE_END
G1 Z191 F15000
G1 X272.813 Y413.08 Z191
G1 Z190
G1 E40 F9000
;TYPE:Sparse infill
;WIDTH:3.2
G1 F2779.614
G1 X272.813 Y401.568 E49.70059
G1 X401.568 Y272.813 E786.09564
G1 X413.08 Y272.813 E49.70059
;WIPE_START
G1 F600
G1 X403.08 Y272.813 E-30
;WIPE_END
G1 Z191 F15000
G1 X272.813 Y575.89 Z191
G1 Z190
G1 E40 F9000
G1 F2779.614
G1 X272.813 Y564.377 E49.70059
G1 X564.378 Y272.813 E1780.10741
G1 X575.89 Y272.813 E49.70059
M73 P44 R495
;WIPE_START
G1 F600
G1 X565.89 Y272.813 E-30
;WIPE_END
G1 Z191 F15000
G1 X727.187 Y413.08 Z191
G1 Z190
G1 E40 F9000
G1 F2779.614
G1 X727.187 Y401.568 E49.70059
G1 X598.432 Y272.813 E786.09564
G1 X586.92 Y272.813 E49.70059
;WIPE_START
G1 F600
G1 X596.92 Y272.813 E-30
;WIPE_END
G1 Z191 F15000
G1 X727.187 Y575.89 Z191
G1 Z190
G1 E40 F9000
G1 F2779.614
G1 X727.187 Y564.378 E49.70059
G1 X435.622 Y272.813 E1780.10742
G1 X424.11 Y272.813 E49.70059
;WIPE_START
G1 F600
G1 X434.11 Y272.813 E-30
;WIPE_END
G1 Z191 F15000
G1 X424.11 Y727.187 Z191
G1 Z190
G1 E40 F9000
G1 F2779.614
G1 X435.622 Y727.187 E49.70059
G1 X727.187 Y435.623 E1780.10743
G1 X727.187 Y424.11 E49.70059
;WIPE_START
G1 F600
G1 X727.187 Y434.11 E-30
;WIPE_END
G1 Z191 F15000
G1 X715.675 Y727.187 Z191
G1 Z190
G1 E40 F9000
G1 F2779.614
G1 X727.187 Y727.187 E49.70059
G1 X272.813 Y272.813 E2774.11918
G1 X284.325 Y272.813 E49.70059
M73 P44 R494
;WIPE_START
G1 F600
G1 X274.325 Y272.813 E-30
;WIPE_END
G1 Z191 F15000
G1 X284.325 Y727.187 Z191
G1 Z190
G1 E40 F9000
G1 F2779.614
G1 X272.813 Y727.187 E49.70025
G1 X727.187 Y272.813 E2774.11872
G1 X715.675 Y272.813 E49.70027
;WIPE_START
G1 F600
G1 X725.675 Y272.813 E-30
;WIPE_END
G1 Z191 F15000
G1 X586.92 Y727.187 Z191
G1 Z190
G1 E40 F9000
G1 F2779.614
G1 X598.432 Y727.187 E49.70059
G1 X727.187 Y598.432 E786.09565
G1 X727.187 Y586.92 E49.70059
;WIPE_START
G1 F600
G1 X727.187 Y596.92 E-30
;WIPE_END
G1 Z191 F15000
G1 X575.89 Y727.187 Z191
G1 Z190
G1 E40 F9000
G1 F2779.614
G1 X564.378 Y727.187 E49.70059
G1 X272.813 Y435.622 E1780.10742
G1 X272.813 Y424.11 E49.70059
;WIPE_START
G1 F600
G1 X272.813 Y434.11 E-30
;WIPE_END
G1 Z191 F15000
G1 X413.08 Y727.187 Z191
G1 Z190
G1 E40 F9000
G1 F2779.614
G1 X401.568 Y727.187 E49.70059
G1 X272.813 Y598.432 E786.09565
G1 X272.813 Y586.92 E49.70059
; stop printing object Cube id:0 copy 0
;LAYER_CHANGE
;Z:191.5
;HEIGHT:1.5
;BEFORE_LAYER_CHANGE
;191.5
G92 E0

EXCLUDE_OBJECT_END NAME=Cube_id_0_copy_0
;AFTER_LAYER_CHANGE
;191.5
;_SET_FAN_SPEED_CHANGING_LAYER
; printing object Cube id:0 copy 0
;WIPE_START
G1 F600
G1 X272.813 Y596.92 E-30
;WIPE_END
EXCLUDE_OBJECT_START NAME=Cube_id_0_copy_0
G1 Z192.5 F15000
G1 X270.366 Y729.634 Z192.5
G1 Z191.5
G1 E40 F9000
;TYPE:Outer wall
;WIDTH:3.2
G1 F2779.615
G1 X270.366 Y270.366 E1982.72102
G1 F2760
M73 P45 R493
G1 X729.634 Y270.366 E1982.72107
G1 X729.634 Y729.634 E1982.72102
G1 X270.666 Y729.634 E1981.42588
;WIPE_START
G1 F600
G1 X270.66 Y719.634 E-30
;WIPE_END
G1 Z192.5 F15000
G1 X272.813 Y586.92 Z192.5
G1 Z191.5
G1 E40 F9000
;TYPE:Sparse infill
;WIDTH:3.2
G1 F2779.614
G1 X272.813 Y598.432 E49.70059
G1 X401.568 Y727.187 E786.09565
G1 X413.08 Y727.187 E49.70059
;WIPE_START
G1 F600
G1 X403.08 Y727.187 E-30
;WIPE_END
G1 Z192.5 F15000
G1 X272.813 Y424.11 Z192.5
G1 Z191.5
G1 E40 F9000
G1 F2779.614
G1 X272.813 Y435.622 E49.70059
G1 X564.378 Y727.187 E1780.10742
G1 X575.89 Y727.187 E49.70059
;WIPE_START
G1 F600
G1 X565.89 Y727.187 E-30
;WIPE_END
G1 Z192.5 F15000
G1 X727.187 Y586.92 Z192.5
G1 Z191.5
G1 E40 F9000
G1 F2779.614
G1 X727.187 Y598.432 E49.70059
G1 X598.432 Y727.187 E786.09565
G1 X586.92 Y727.187 E49.70059
;WIPE_START
G1 F600
G1 X596.92 Y727.187 E-30
;WIPE_END
G1 Z192.5 F15000
M73 P45 R492
G1 X727.187 Y424.11 Z192.5
G1 Z191.5
G1 E40 F9000
G1 F2779.614
G1 X727.187 Y435.623 E49.70059
G1 X435.622 Y727.187 E1780.10743
G1 X424.11 Y727.187 E49.70059
;WIPE_START
G1 F600
G1 X434.11 Y727.187 E-30
;WIPE_END
G1 Z192.5 F15000
G1 X424.11 Y272.813 Z192.5
G1 Z191.5
G1 E40 F9000
G1 F2779.614
G1 X435.622 Y272.813 E49.70059
G1 X727.187 Y564.378 E1780.10742
G1 X727.187 Y575.89 E49.70059
;WIPE_START
G1 F600
G1 X727.187 Y565.89 E-30
;WIPE_END
G1 Z192.5 F15000
G1 X715.675 Y272.813 Z192.5
G1 Z191.5
G1 E40 F9000
G1 F2779.614
G1 X727.187 Y272.813 E49.70027
G1 X272.813 Y727.187 E2774.11872
G1 X284.325 Y727.187 E49.70025
;WIPE_START
G1 F600
G1 X274.325 Y727.187 E-30
;WIPE_END
G1 Z192.5 F15000
G1 X284.325 Y272.813 Z192.5
G1 Z191.5
G1 E40 F9000
G1 F2779.614
G1 X272.813 Y272.813 E49.70059
G1 X727.187 Y727.187 E2774.11918
G1 X715.675 Y727.187 E49.70059
M73 P45 R491
;WIPE_START
G1 F600
G1 X725.675 Y727.187 E-30
;WIPE_END
G1 Z192.5 F15000
G1 X586.92 Y272.813 Z192.5
G1 Z191.5
G1 E40 F9000
G1 F2779.614
G1 X598.432 Y272.813 E49.70059
G1 X727.187 Y401.568 E786.09564
G1 X727.187 Y413.08 E49.70059
;WIPE_START
G1 F600
G1 X727.187 Y403.08 E-30
;WIPE_END
G1 Z192.5 F15000
G1 X575.89 Y272.813 Z192.5
G1 Z191.5
G1 E40 F9000
G1 F2779.614
G1 X564.378 Y272.813 E49.70059
G1 X272.813 Y564.377 E1780.10741
G1 X272.813 Y575.89 E49.70059
;WIPE_START
G1 F600
G1 X272.813 Y565.89 E-30
;WIPE_END
G1 Z192.5 F15000
G1 X413.08 Y272.813 Z192.5
G1 Z191.5
G1 E40 F9000
G1 F2779.614
G1 X401.568 Y272.813 E49.70059
G1 X272.813 Y401.568 E786.09564
G1 X272.813 Y413.08 E49.70059
; stop printing object Cube id:0 copy 0
;LAYER_CHANGE
;Z:193
;HEIGHT:1.5
;BEFORE_LAYER_CHANGE
;193
G92 E0

EXCLUDE_OBJECT_END NAME=Cube_id_0_copy_0
;AFTER_LAYER_CHANGE
;193
;_SET_FAN_SPEED_CHANGING_LAYER
; printing object Cube id:0 copy 0
;WIPE_START
G1 F600
G1 X272.813 Y403.08 E-30
;WIPE_END
EXCLUDE_OBJECT_START NAME=Cube_id_0_copy_0
G1 Z194 F15000
G1 X270.366 Y270.366 Z194
G1 Z193
G1 E40 F9000
;TYPE:Outer wall
;WIDTH:3.2
G1 F2779.615
G1 X729.634 Y270.366 E1982.72102
G1 F2760
G1 X729.634 Y729.634 E1982.72107
G1 X270.366 Y729.634 E1982.72102
G1 X270.366 Y270.666 E1981.42588
M73 P45 R490
;WIPE_START
G1 F600
G1 X280.366 Y270.66 E-30
;WIPE_END
G1 Z194 F15000
G1 X272.813 Y413.08 Z194
G1 Z193
G1 E40 F9000
;TYPE:Sparse infill
;WIDTH:3.2
G1 F2779.614
G1 X272.813 Y401.568 E49.70059
G1 X401.568 Y272.813 E786.09564
G1 X413.08 Y272.813 E49.70059
;WIPE_START
G1 F600
G1 X403.08 Y272.813 E-30
;WIPE_END
G1 Z194 F15000
G1 X272.813 Y575.89 Z194
G1 Z193
G1 E40 F9000
G1 F2779.614
G1 X272.813 Y564.377 E49.70059
G1 X564.378 Y272.813 E1780.10741
G1 X575.89 Y272.813 E49.70059
;WIPE_START
G1 F600
G1 X565.89 Y272.813 E-30
;WIPE_END
G1 Z194 F15000
G1 X727.187 Y413.08 Z194
G1 Z193
G1 E40 F9000
G1 F2779.614
G1 X727.187 Y401.568 E49.70059
G1 X598.432 Y272.813 E786.09564
G1 X586.92 Y272.813 E49.70059
;WIPE_START
G1 F600
G1 X596.92 Y272.813 E-30
;WIPE_END
G1 Z194 F15000
G1 X727.187 Y575.89 Z194
G1 Z193
G1 E40 F9000
G1 F2779.614
G1 X727.187 Y564.378 E49.70059
G1 X435.622 Y272.813 E1780.10742
G1 X424.11 Y272.813 E49.70059
;WIPE_START
G1 F600
G1 X434.11 Y272.813 E-30
;WIPE_END
G1 Z194 F15000
G1 X424.11 Y727.187 Z194
G1 Z193
G1 E40 F9000
G1 F2779.614
G1 X435.622 Y727.187 E49.70059
G1 X727.187 Y435.623 E1780.10743
G1 X727.187 Y424.11 E49.70059
M73 P45 R489
;WIPE_START
G1 F600
G1 X727.187 Y434.11 E-30
;WIPE_END
G1 Z194 F15000
G1 X715.675 Y727.187 Z194
G1 Z193
G1 E40 F9000
G1 F2779.614
G1 X727.187 Y727.187 E49.70059
G1 X272.813 Y272.813 E2774.11918
G1 X284.325 Y272.813 E49.70059
;WIPE_START
G1 F600
G1 X274.325 Y272.813 E-30
;WIPE_END
G1 Z194 F15000
G1 X284.325 Y727.187 Z194
G1 Z193
G1 E40 F9000
G1 F2779.614
G1 X272.813 Y727.187 E49.70025
G1 X727.187 Y272.813 E2774.11872
G1 X715.675 Y272.813 E49.70027
;WIPE_START
G1 F600
G1 X725.675 Y272.813 E-30
;WIPE_END
G1 Z194 F15000
G1 X586.92 Y727.187 Z194
G1 Z193
G1 E40 F9000
G1 F2779.614
G1 X598.432 Y727.187 E49.70059
G1 X727.187 Y598.432 E786.09565
G1 X727.187 Y586.92 E49.70059
;WIPE_START
G1 F600
G1 X727.187 Y596.92 E-30
;WIPE_END
G1 Z194 F15000
G1 X575.89 Y727.187 Z194
G1 Z193
G1 E40 F9000
G1 F2779.614
G1 X564.378 Y727.187 E49.70059
G1 X272.813 Y435.622 E1780.10742
G1 X272.813 Y424.11 E49.70059
M73 P45 R488
;WIPE_START
G1 F600
G1 X272.813 Y434.11 E-30
;WIPE_END
G1 Z194 F15000
G1 X413.08 Y727.187 Z194
G1 Z193
G1 E40 F9000
G1 F2779.614
G1 X401.568 Y727.187 E49.70059
G1 X272.813 Y598.432 E786.09565
G1 X272.813 Y586.92 E49.70059
; stop printing object Cube id:0 copy 0
;LAYER_CHANGE
;Z:194.5
;HEIGHT:1.5
;BEFORE_LAYER_CHANGE
;194.5
G92 E0

EXCLUDE_OBJECT_END NAME=Cube_id_0_copy_0
;AFTER_LAYER_CHANGE
;194.5
;_SET_FAN_SPEED_CHANGING_LAYER
; printing object Cube id:0 copy 0
;WIPE_START
G1 F600
G1 X272.813 Y596.92 E-30
;WIPE_END
EXCLUDE_OBJECT_START NAME=Cube_id_0_copy_0
G1 Z195.5 F15000
G1 X270.366 Y729.634 Z195.5
G1 Z194.5
G1 E40 F9000
;TYPE:Outer wall
;WIDTH:3.2
G1 F2779.615
G1 X270.366 Y270.366 E1982.72102
G1 F2760
G1 X729.634 Y270.366 E1982.72107
G1 X729.634 Y729.634 E1982.72102
G1 X270.666 Y729.634 E1981.42588
;WIPE_START
G1 F600
G1 X270.66 Y719.634 E-30
;WIPE_END
G1 Z195.5 F15000
G1 X272.813 Y586.92 Z195.5
G1 Z194.5
G1 E40 F9000
;TYPE:Sparse infill
;WIDTH:3.2
G1 F2779.614
G1 X272.813 Y598.432 E49.70059
G1 X401.568 Y727.187 E786.09565
G1 X413.08 Y727.187 E49.70059
M73 P45 R487
;WIPE_START
G1 F600
G1 X403.08 Y727.187 E-30
;WIPE_END
G1 Z195.5 F15000
G1 X272.813 Y424.11 Z195.5
G1 Z194.5
G1 E40 F9000
G1 F2779.614
G1 X272.813 Y435.622 E49.70059
G1 X564.378 Y727.187 E1780.10742
G1 X575.89 Y727.187 E49.70059
;WIPE_START
G1 F600
G1 X565.89 Y727.187 E-30
;WIPE_END
G1 Z195.5 F15000
G1 X727.187 Y586.92 Z195.5
G1 Z194.5
G1 E40 F9000
G1 F2779.614
G1 X727.187 Y598.432 E49.70059
G1 X598.432 Y727.187 E786.09565
G1 X586.92 Y727.187 E49.70059
;WIPE_START
G1 F600
G1 X596.92 Y727.187 E-30
;WIPE_END
G1 Z195.5 F15000
G1 X727.187 Y424.11 Z195.5
G1 Z194.5
G1 E40 F9000
G1 F2779.614
G1 X727.187 Y435.623 E49.70059
G1 X435.622 Y727.187 E1780.10743
G1 X424.11 Y727.187 E49.70059
;WIPE_START
G1 F600
G1 X434.11 Y727.187 E-30
;WIPE_END
G1 Z195.5 F15000
G1 X424.11 Y272.813 Z195.5
G1 Z194.5
G1 E40 F9000
G1 F2779.614
G1 X435.622 Y272.813 E49.70059
G1 X727.187 Y564.378 E1780.10742
G1 X727.187 Y575.89 E49.70059
;WIPE_START
G1 F600
G1 X727.187 Y565.89 E-30
;WIPE_END
G1 Z195.5 F15000
G1 X715.675 Y272.813 Z195.5
G1 Z194.5
G1 E40 F9000
G1 F2779.614
G1 X727.187 Y272.813 E49.70027
G1 X272.813 Y727.187 E2774.11872
G1 X284.325 Y727.187 E49.70025
M73 P45 R486
;WIPE_START
G1 F600
G1 X274.325 Y727.187 E-30
;WIPE_END
G1 Z195.5 F15000
G1 X284.325 Y272.813 Z195.5
G1 Z194.5
G1 E40 F9000
G1 F2779.614
G1 X272.813 Y272.813 E49.70059
G1 X727.187 Y727.187 E2774.11918
G1 X715.675 Y727.187 E49.70059
;WIPE_START
G1 F600
G1 X725.675 Y727.187 E-30
;WIPE_END
G1 Z195.5 F15000
G1 X586.92 Y272.813 Z195.5
G1 Z194.5
G1 E40 F9000
G1 F2779.614
G1 X598.432 Y272.813 E49.70059
G1 X727.187 Y401.568 E786.09564
G1 X727.187 Y413.08 E49.70059
;WIPE_START
G1 F600
G1 X727.187 Y403.08 E-30
;WIPE_END
G1 Z195.5 F15000
G1 X575.89 Y272.813 Z195.5
G1 Z194.5
G1 E40 F9000
G1 F2779.614
G1 X564.378 Y272.813 E49.70059
G1 X272.813 Y564.377 E1780.10741
G1 X272.813 Y575.89 E49.70059
;WIPE_START
G1 F600
G1 X272.813 Y565.89 E-30
;WIPE_END
G1 Z195.5 F15000
G1 X413.08 Y272.813 Z195.5
G1 Z194.5
G1 E40 F9000
G1 F2779.614
G1 X401.568 Y272.813 E49.70059
G1 X272.813 Y401.568 E786.09564
G1 X272.813 Y413.08 E49.70059
; stop printing object Cube id:0 copy 0
;LAYER_CHANGE
;Z:196
;HEIGHT:1.5
;BEFORE_LAYER_CHANGE
;196
G92 E0

EXCLUDE_OBJECT_END NAME=Cube_id_0_copy_0
;AFTER_LAYER_CHANGE
;196
;_SET_FAN_SPEED_CHANGING_LAYER
; printing object Cube id:0 copy 0
;WIPE_START
G1 F600
G1 X272.813 Y403.08 E-30
;WIPE_END
EXCLUDE_OBJECT_START NAME=Cube_id_0_copy_0
G1 Z197 F15000
G1 X270.366 Y270.366 Z197
G1 Z196
G1 E40 F9000
;TYPE:Outer wall
;WIDTH:3.2
G1 F2779.615
G1 X729.634 Y270.366 E1982.72102
G1 F2760
M73 P45 R485
G1 X729.634 Y729.634 E1982.72107
G1 X270.366 Y729.634 E1982.72102
G1 X270.366 Y270.666 E1981.42588
;WIPE_START
G1 F600
G1 X280.366 Y270.66 E-30
;WIPE_END
G1 Z197 F15000
G1 X272.813 Y413.08 Z197
G1 Z196
G1 E40 F9000
;TYPE:Sparse infill
;WIDTH:3.2
G1 F2779.614
G1 X272.813 Y401.568 E49.70059
G1 X401.568 Y272.813 E786.09564
G1 X413.08 Y272.813 E49.70059
;WIPE_START
G1 F600
G1 X403.08 Y272.813 E-30
;WIPE_END
G1 Z197 F15000
G1 X272.813 Y575.89 Z197
G1 Z196
G1 E40 F9000
G1 F2779.614
G1 X272.813 Y564.377 E49.70059
G1 X564.378 Y272.813 E1780.10741
G1 X575.89 Y272.813 E49.70059
M73 P46 R485
;WIPE_START
G1 F600
M73 P46 R484
G1 X565.89 Y272.813 E-30
;WIPE_END
G1 Z197 F15000
G1 X727.187 Y413.08 Z197
G1 Z196
G1 E40 F9000
G1 F2779.614
G1 X727.187 Y401.568 E49.70059
G1 X598.432 Y272.813 E786.09564
G1 X586.92 Y272.813 E49.70059
;WIPE_START
G1 F600
G1 X596.92 Y272.813 E-30
;WIPE_END
G1 Z197 F15000
G1 X727.187 Y575.89 Z197
G1 Z196
G1 E40 F9000
G1 F2779.614
G1 X727.187 Y564.378 E49.70059
G1 X435.622 Y272.813 E1780.10742
G1 X424.11 Y272.813 E49.70059
;WIPE_START
G1 F600
G1 X434.11 Y272.813 E-30
;WIPE_END
G1 Z197 F15000
G1 X424.11 Y727.187 Z197
G1 Z196
G1 E40 F9000
G1 F2779.614
G1 X435.622 Y727.187 E49.70059
G1 X727.187 Y435.623 E1780.10743
G1 X727.187 Y424.11 E49.70059
;WIPE_START
G1 F600
G1 X727.187 Y434.11 E-30
;WIPE_END
G1 Z197 F15000
G1 X715.675 Y727.187 Z197
G1 Z196
G1 E40 F9000
G1 F2779.614
G1 X727.187 Y727.187 E49.70059
G1 X272.813 Y272.813 E2774.11918
G1 X284.325 Y272.813 E49.70059
;WIPE_START
G1 F600
G1 X274.325 Y272.813 E-30
;WIPE_END
G1 Z197 F15000
G1 X284.325 Y727.187 Z197
G1 Z196
G1 E40 F9000
G1 F2779.614
G1 X272.813 Y727.187 E49.70025
G1 X727.187 Y272.813 E2774.11872
G1 X715.675 Y272.813 E49.70027
M73 P46 R483
;WIPE_START
G1 F600
G1 X725.675 Y272.813 E-30
;WIPE_END
G1 Z197 F15000
G1 X586.92 Y727.187 Z197
G1 Z196
G1 E40 F9000
G1 F2779.614
G1 X598.432 Y727.187 E49.70059
G1 X727.187 Y598.432 E786.09565
G1 X727.187 Y586.92 E49.70059
;WIPE_START
G1 F600
G1 X727.187 Y596.92 E-30
;WIPE_END
G1 Z197 F15000
G1 X575.89 Y727.187 Z197
G1 Z196
G1 E40 F9000
G1 F2779.614
G1 X564.378 Y727.187 E49.70059
G1 X272.813 Y435.622 E1780.10742
G1 X272.813 Y424.11 E49.70059
;WIPE_START
G1 F600
G1 X272.813 Y434.11 E-30
;WIPE_END
G1 Z197 F15000
G1 X413.08 Y727.187 Z197
G1 Z196
G1 E40 F9000
G1 F2779.614
G1 X401.568 Y727.187 E49.70059
G1 X272.813 Y598.432 E786.09565
G1 X272.813 Y586.92 E49.70059
; stop printing object Cube id:0 copy 0
;LAYER_CHANGE
;Z:197.5
;HEIGHT:1.5
;BEFORE_LAYER_CHANGE
;197.5
G92 E0

EXCLUDE_OBJECT_END NAME=Cube_id_0_copy_0
;AFTER_LAYER_CHANGE
;197.5
;_SET_FAN_SPEED_CHANGING_LAYER
; printing object Cube id:0 copy 0
;WIPE_START
G1 F600
G1 X272.813 Y596.92 E-30
;WIPE_END
EXCLUDE_OBJECT_START NAME=Cube_id_0_copy_0
G1 Z198.5 F15000
G1 X270.366 Y729.634 Z198.5
G1 Z197.5
G1 E40 F9000
;TYPE:Outer wall
;WIDTH:3.2
G1 F2779.615
G1 X270.366 Y270.366 E1982.72102
G1 F2760
G1 X729.634 Y270.366 E1982.72107
G1 X729.634 Y729.634 E1982.72102
M73 P46 R482
G1 X270.666 Y729.634 E1981.42588
;WIPE_START
G1 F600
G1 X270.66 Y719.634 E-30
;WIPE_END
G1 Z198.5 F15000
G1 X272.813 Y586.92 Z198.5
G1 Z197.5
G1 E40 F9000
;TYPE:Sparse infill
;WIDTH:3.2
G1 F2779.614
G1 X272.813 Y598.432 E49.70059
G1 X401.568 Y727.187 E786.09565
G1 X413.08 Y727.187 E49.70059
;WIPE_START
G1 F600
G1 X403.08 Y727.187 E-30
;WIPE_END
G1 Z198.5 F15000
G1 X272.813 Y424.11 Z198.5
G1 Z197.5
G1 E40 F9000
G1 F2779.614
G1 X272.813 Y435.622 E49.70059
G1 X564.378 Y727.187 E1780.10742
G1 X575.89 Y727.187 E49.70059
;WIPE_START
G1 F600
G1 X565.89 Y727.187 E-30
;WIPE_END
G1 Z198.5 F15000
G1 X727.187 Y586.92 Z198.5
G1 Z197.5
G1 E40 F9000
G1 F2779.614
G1 X727.187 Y598.432 E49.70059
G1 X598.432 Y727.187 E786.09565
G1 X586.92 Y727.187 E49.70059
;WIPE_START
G1 F600
G1 X596.92 Y727.187 E-30
;WIPE_END
G1 Z198.5 F15000
G1 X727.187 Y424.11 Z198.5
G1 Z197.5
G1 E40 F9000
G1 F2779.614
G1 X727.187 Y435.623 E49.70059
G1 X435.622 Y727.187 E1780.10743
G1 X424.11 Y727.187 E49.70059
M73 P46 R481
;WIPE_START
G1 F600
G1 X434.11 Y727.187 E-30
;WIPE_END
G1 Z198.5 F15000
G1 X424.11 Y272.813 Z198.5
G1 Z197.5
G1 E40 F9000
G1 F2779.614
G1 X435.622 Y272.813 E49.70059
G1 X727.187 Y564.378 E1780.10742
G1 X727.187 Y575.89 E49.70059
;WIPE_START
G1 F600
G1 X727.187 Y565.89 E-30
;WIPE_END
G1 Z198.5 F15000
G1 X715.675 Y272.813 Z198.5
G1 Z197.5
G1 E40 F9000
G1 F2779.614
G1 X727.187 Y272.813 E49.70027
G1 X272.813 Y727.187 E2774.11872
G1 X284.325 Y727.187 E49.70025
;WIPE_START
G1 F600
G1 X274.325 Y727.187 E-30
;WIPE_END
G1 Z198.5 F15000
G1 X284.325 Y272.813 Z198.5
G1 Z197.5
G1 E40 F9000
G1 F2779.614
G1 X272.813 Y272.813 E49.70059
G1 X727.187 Y727.187 E2774.11918
G1 X715.675 Y727.187 E49.70059
;WIPE_START
G1 F600
G1 X725.675 Y727.187 E-30
;WIPE_END
G1 Z198.5 F15000
G1 X586.92 Y272.813 Z198.5
G1 Z197.5
G1 E40 F9000
G1 F2779.614
G1 X598.432 Y272.813 E49.70059
G1 X727.187 Y401.568 E786.09564
G1 X727.187 Y413.08 E49.70059
M73 P46 R480
;WIPE_START
G1 F600
G1 X727.187 Y403.08 E-30
;WIPE_END
G1 Z198.5 F15000
G1 X575.89 Y272.813 Z198.5
G1 Z197.5
G1 E40 F9000
G1 F2779.614
G1 X564.378 Y272.813 E49.70059
G1 X272.813 Y564.377 E1780.10741
G1 X272.813 Y575.89 E49.70059
;WIPE_START
G1 F600
G1 X272.813 Y565.89 E-30
;WIPE_END
G1 Z198.5 F15000
G1 X413.08 Y272.813 Z198.5
G1 Z197.5
G1 E40 F9000
G1 F2779.614
G1 X401.568 Y272.813 E49.70059
G1 X272.813 Y401.568 E786.09564
G1 X272.813 Y413.08 E49.70059
; stop printing object Cube id:0 copy 0
;LAYER_CHANGE
;Z:199
;HEIGHT:1.5
;BEFORE_LAYER_CHANGE
;199
G92 E0

EXCLUDE_OBJECT_END NAME=Cube_id_0_copy_0
;AFTER_LAYER_CHANGE
;199
;_SET_FAN_SPEED_CHANGING_LAYER
; printing object Cube id:0 copy 0
;WIPE_START
G1 F600
G1 X272.813 Y403.08 E-30
;WIPE_END
EXCLUDE_OBJECT_START NAME=Cube_id_0_copy_0
G1 Z200 F15000
G1 X270.366 Y270.366 Z200
G1 Z199
G1 E40 F9000
;TYPE:Outer wall
;WIDTH:3.2
G1 F2779.615
G1 X729.634 Y270.366 E1982.72102
G1 F2760
G1 X729.634 Y729.634 E1982.72107
G1 X270.366 Y729.634 E1982.72102
G1 X270.366 Y270.666 E1981.42588
;WIPE_START
G1 F600
M73 P46 R479
G1 X280.366 Y270.66 E-30
;WIPE_END
G1 Z200 F15000
G1 X272.813 Y413.08 Z200
G1 Z199
G1 E40 F9000
;TYPE:Sparse infill
;WIDTH:3.2
G1 F2779.614
G1 X272.813 Y401.568 E49.70059
G1 X401.568 Y272.813 E786.09564
G1 X413.08 Y272.813 E49.70059
;WIPE_START
G1 F600
G1 X403.08 Y272.813 E-30
;WIPE_END
G1 Z200 F15000
G1 X272.813 Y575.89 Z200
G1 Z199
G1 E40 F9000
G1 F2779.614
G1 X272.813 Y564.377 E49.70059
G1 X564.378 Y272.813 E1780.10741
G1 X575.89 Y272.813 E49.70059
;WIPE_START
G1 F600
G1 X565.89 Y272.813 E-30
;WIPE_END
G1 Z200 F15000
G1 X727.187 Y413.08 Z200
G1 Z199
G1 E40 F9000
G1 F2779.614
G1 X727.187 Y401.568 E49.70059
G1 X598.432 Y272.813 E786.09564
G1 X586.92 Y272.813 E49.70059
;WIPE_START
G1 F600
G1 X596.92 Y272.813 E-30
;WIPE_END
G1 Z200 F15000
G1 X727.187 Y575.89 Z200
G1 Z199
G1 E40 F9000
G1 F2779.614
G1 X727.187 Y564.378 E49.70059
G1 X435.622 Y272.813 E1780.10742
G1 X424.11 Y272.813 E49.70059
;WIPE_START
G1 F600
G1 X434.11 Y272.813 E-30
;WIPE_END
G1 Z200 F15000
G1 X424.11 Y727.187 Z200
G1 Z199
G1 E40 F9000
G1 F2779.614
G1 X435.622 Y727.187 E49.70059
G1 X727.187 Y435.623 E1780.10743
G1 X727.187 Y424.11 E49.70059
;WIPE_START
G1 F600
M73 P46 R478
G1 X727.187 Y434.11 E-30
;WIPE_END
G1 Z200 F15000
G1 X715.675 Y727.187 Z200
G1 Z199
G1 E40 F9000
G1 F2779.614
G1 X727.187 Y727.187 E49.70059
G1 X272.813 Y272.813 E2774.11918
G1 X284.325 Y272.813 E49.70059
;WIPE_START
G1 F600
G1 X274.325 Y272.813 E-30
;WIPE_END
G1 Z200 F15000
G1 X284.325 Y727.187 Z200
G1 Z199
G1 E40 F9000
G1 F2779.614
G1 X272.813 Y727.187 E49.70025
G1 X727.187 Y272.813 E2774.11872
G1 X715.675 Y272.813 E49.70027
;WIPE_START
G1 F600
G1 X725.675 Y272.813 E-30
;WIPE_END
G1 Z200 F15000
G1 X586.92 Y727.187 Z200
G1 Z199
G1 E40 F9000
G1 F2779.614
G1 X598.432 Y727.187 E49.70059
G1 X727.187 Y598.432 E786.09565
G1 X727.187 Y586.92 E49.70059
;WIPE_START
G1 F600
G1 X727.187 Y596.92 E-30
;WIPE_END
G1 Z200 F15000
G1 X575.89 Y727.187 Z200
G1 Z199
G1 E40 F9000
G1 F2779.614
G1 X564.378 Y727.187 E49.70059
G1 X272.813 Y435.622 E1780.10742
G1 X272.813 Y424.11 E49.70059
;WIPE_START
G1 F600
G1 X272.813 Y434.11 E-30
;WIPE_END
G1 Z200 F15000
G1 X413.08 Y727.187 Z200
G1 Z199
M73 P46 R477
G1 E40 F9000
G1 F2779.614
G1 X401.568 Y727.187 E49.70059
G1 X272.813 Y598.432 E786.09565
G1 X272.813 Y586.92 E49.70059
; stop printing object Cube id:0 copy 0
;LAYER_CHANGE
;Z:200.5
;HEIGHT:1.5
;BEFORE_LAYER_CHANGE
;200.5
G92 E0

EXCLUDE_OBJECT_END NAME=Cube_id_0_copy_0
;AFTER_LAYER_CHANGE
;200.5
;_SET_FAN_SPEED_CHANGING_LAYER
; printing object Cube id:0 copy 0
;WIPE_START
G1 F600
G1 X272.813 Y596.92 E-30
;WIPE_END
EXCLUDE_OBJECT_START NAME=Cube_id_0_copy_0
G1 Z201.5 F15000
G1 X270.366 Y729.634 Z201.5
G1 Z200.5
G1 E40 F9000
;TYPE:Outer wall
;WIDTH:3.2
G1 F2779.615
G1 X270.366 Y270.366 E1982.72102
G1 F2760
G1 X729.634 Y270.366 E1982.72107
G1 X729.634 Y729.634 E1982.72102
G1 X270.666 Y729.634 E1981.42588
;WIPE_START
G1 F600
G1 X270.66 Y719.634 E-30
;WIPE_END
G1 Z201.5 F15000
G1 X272.813 Y586.92 Z201.5
G1 Z200.5
G1 E40 F9000
;TYPE:Sparse infill
;WIDTH:3.2
G1 F2779.614
G1 X272.813 Y598.432 E49.70059
G1 X401.568 Y727.187 E786.09565
G1 X413.08 Y727.187 E49.70059
;WIPE_START
G1 F600
G1 X403.08 Y727.187 E-30
;WIPE_END
G1 Z201.5 F15000
G1 X272.813 Y424.11 Z201.5
G1 Z200.5
G1 E40 F9000
G1 F2779.614
G1 X272.813 Y435.622 E49.70059
G1 X564.378 Y727.187 E1780.10742
G1 X575.89 Y727.187 E49.70059
M73 P46 R476
;WIPE_START
G1 F600
G1 X565.89 Y727.187 E-30
;WIPE_END
G1 Z201.5 F15000
G1 X727.187 Y586.92 Z201.5
G1 Z200.5
G1 E40 F9000
G1 F2779.614
G1 X727.187 Y598.432 E49.70059
G1 X598.432 Y727.187 E786.09565
G1 X586.92 Y727.187 E49.70059
;WIPE_START
G1 F600
G1 X596.92 Y727.187 E-30
;WIPE_END
G1 Z201.5 F15000
G1 X727.187 Y424.11 Z201.5
G1 Z200.5
G1 E40 F9000
G1 F2779.614
G1 X727.187 Y435.623 E49.70059
G1 X435.622 Y727.187 E1780.10743
G1 X424.11 Y727.187 E49.70059
;WIPE_START
G1 F600
G1 X434.11 Y727.187 E-30
;WIPE_END
G1 Z201.5 F15000
G1 X424.11 Y272.813 Z201.5
G1 Z200.5
G1 E40 F9000
G1 F2779.614
G1 X435.622 Y272.813 E49.70059
G1 X727.187 Y564.378 E1780.10742
G1 X727.187 Y575.89 E49.70059
;WIPE_START
G1 F600
G1 X727.187 Y565.89 E-30
;WIPE_END
G1 Z201.5 F15000
G1 X715.675 Y272.813 Z201.5
G1 Z200.5
G1 E40 F9000
G1 F2779.614
G1 X727.187 Y272.813 E49.70027
G1 X272.813 Y727.187 E2774.11872
G1 X284.325 Y727.187 E49.70025
M73 P47 R475
;WIPE_START
G1 F600
G1 X274.325 Y727.187 E-30
;WIPE_END
G1 Z201.5 F15000
G1 X284.325 Y272.813 Z201.5
G1 Z200.5
G1 E40 F9000
G1 F2779.614
G1 X272.813 Y272.813 E49.70059
G1 X727.187 Y727.187 E2774.11918
G1 X715.675 Y727.187 E49.70059
;WIPE_START
G1 F600
G1 X725.675 Y727.187 E-30
;WIPE_END
G1 Z201.5 F15000
G1 X586.92 Y272.813 Z201.5
G1 Z200.5
G1 E40 F9000
G1 F2779.614
G1 X598.432 Y272.813 E49.70059
G1 X727.187 Y401.568 E786.09564
G1 X727.187 Y413.08 E49.70059
;WIPE_START
G1 F600
G1 X727.187 Y403.08 E-30
;WIPE_END
G1 Z201.5 F15000
G1 X575.89 Y272.813 Z201.5
G1 Z200.5
G1 E40 F9000
G1 F2779.614
G1 X564.378 Y272.813 E49.70059
G1 X272.813 Y564.377 E1780.10741
G1 X272.813 Y575.89 E49.70059
;WIPE_START
G1 F600
G1 X272.813 Y565.89 E-30
;WIPE_END
G1 Z201.5 F15000
G1 X413.08 Y272.813 Z201.5
G1 Z200.5
G1 E40 F9000
G1 F2779.614
G1 X401.568 Y272.813 E49.70059
G1 X272.813 Y401.568 E786.09564
G1 X272.813 Y413.08 E49.70059
; stop printing object Cube id:0 copy 0
;LAYER_CHANGE
;Z:202
;HEIGHT:1.5
;BEFORE_LAYER_CHANGE
;202
G92 E0

EXCLUDE_OBJECT_END NAME=Cube_id_0_copy_0
;AFTER_LAYER_CHANGE
;202
;_SET_FAN_SPEED_CHANGING_LAYER
; printing object Cube id:0 copy 0
;WIPE_START
G1 F600
G1 X272.813 Y403.08 E-30
;WIPE_END
EXCLUDE_OBJECT_START NAME=Cube_id_0_copy_0
G1 Z203 F15000
G1 X270.366 Y270.366 Z203
G1 Z202
G1 E40 F9000
;TYPE:Outer wall
;WIDTH:3.2
G1 F2779.615
G1 X729.634 Y270.366 E1982.72102
G1 F2760
M73 P47 R474
G1 X729.634 Y729.634 E1982.72107
G1 X270.366 Y729.634 E1982.72102
G1 X270.366 Y270.666 E1981.42588
;WIPE_START
G1 F600
G1 X280.366 Y270.66 E-30
;WIPE_END
G1 Z203 F15000
G1 X272.813 Y413.08 Z203
G1 Z202
G1 E40 F9000
;TYPE:Sparse infill
;WIDTH:3.2
G1 F2779.614
G1 X272.813 Y401.568 E49.70059
G1 X401.568 Y272.813 E786.09564
G1 X413.08 Y272.813 E49.70059
;WIPE_START
G1 F600
G1 X403.08 Y272.813 E-30
;WIPE_END
G1 Z203 F15000
G1 X272.813 Y575.89 Z203
G1 Z202
G1 E40 F9000
G1 F2779.614
G1 X272.813 Y564.377 E49.70059
G1 X564.378 Y272.813 E1780.10741
G1 X575.89 Y272.813 E49.70059
;WIPE_START
G1 F600
G1 X565.89 Y272.813 E-30
;WIPE_END
G1 Z203 F15000
G1 X727.187 Y413.08 Z203
G1 Z202
G1 E40 F9000
G1 F2779.614
G1 X727.187 Y401.568 E49.70059
G1 X598.432 Y272.813 E786.09564
G1 X586.92 Y272.813 E49.70059
;WIPE_START
G1 F600
G1 X596.92 Y272.813 E-30
;WIPE_END
G1 Z203 F15000
M73 P47 R473
G1 X727.187 Y575.89 Z203
G1 Z202
G1 E40 F9000
G1 F2779.614
G1 X727.187 Y564.378 E49.70059
G1 X435.622 Y272.813 E1780.10742
G1 X424.11 Y272.813 E49.70059
;WIPE_START
G1 F600
G1 X434.11 Y272.813 E-30
;WIPE_END
G1 Z203 F15000
G1 X424.11 Y727.187 Z203
G1 Z202
G1 E40 F9000
G1 F2779.614
G1 X435.622 Y727.187 E49.70059
G1 X727.187 Y435.623 E1780.10743
G1 X727.187 Y424.11 E49.70059
;WIPE_START
G1 F600
G1 X727.187 Y434.11 E-30
;WIPE_END
G1 Z203 F15000
G1 X715.675 Y727.187 Z203
G1 Z202
G1 E40 F9000
G1 F2779.614
G1 X727.187 Y727.187 E49.70059
G1 X272.813 Y272.813 E2774.11918
G1 X284.325 Y272.813 E49.70059
;WIPE_START
G1 F600
G1 X274.325 Y272.813 E-30
;WIPE_END
G1 Z203 F15000
G1 X284.325 Y727.187 Z203
G1 Z202
G1 E40 F9000
G1 F2779.614
G1 X272.813 Y727.187 E49.70025
G1 X727.187 Y272.813 E2774.11872
G1 X715.675 Y272.813 E49.70027
M73 P47 R472
;WIPE_START
G1 F600
G1 X725.675 Y272.813 E-30
;WIPE_END
G1 Z203 F15000
G1 X586.92 Y727.187 Z203
G1 Z202
G1 E40 F9000
G1 F2779.614
G1 X598.432 Y727.187 E49.70059
G1 X727.187 Y598.432 E786.09565
G1 X727.187 Y586.92 E49.70059
;WIPE_START
G1 F600
G1 X727.187 Y596.92 E-30
;WIPE_END
G1 Z203 F15000
G1 X575.89 Y727.187 Z203
G1 Z202
G1 E40 F9000
G1 F2779.614
G1 X564.378 Y727.187 E49.70059
G1 X272.813 Y435.622 E1780.10742
G1 X272.813 Y424.11 E49.70059
;WIPE_START
G1 F600
G1 X272.813 Y434.11 E-30
;WIPE_END
G1 Z203 F15000
G1 X413.08 Y727.187 Z203
G1 Z202
G1 E40 F9000
G1 F2779.614
G1 X401.568 Y727.187 E49.70059
G1 X272.813 Y598.432 E786.09565
G1 X272.813 Y586.92 E49.70059
; stop printing object Cube id:0 copy 0
;LAYER_CHANGE
;Z:203.5
;HEIGHT:1.5
;BEFORE_LAYER_CHANGE
;203.5
G92 E0

EXCLUDE_OBJECT_END NAME=Cube_id_0_copy_0
;AFTER_LAYER_CHANGE
;203.5
;_SET_FAN_SPEED_CHANGING_LAYER
; printing object Cube id:0 copy 0
;WIPE_START
G1 F600
G1 X272.813 Y596.92 E-30
;WIPE_END
EXCLUDE_OBJECT_START NAME=Cube_id_0_copy_0
G1 Z204.5 F15000
G1 X270.366 Y729.634 Z204.5
G1 Z203.5
G1 E40 F9000
;TYPE:Outer wall
;WIDTH:3.2
G1 F2779.615
G1 X270.366 Y270.366 E1982.72102
G1 F2760
G1 X729.634 Y270.366 E1982.72107
G1 X729.634 Y729.634 E1982.72102
G1 X270.666 Y729.634 E1981.42588
M73 P47 R471
;WIPE_START
G1 F600
G1 X270.66 Y719.634 E-30
;WIPE_END
G1 Z204.5 F15000
G1 X272.813 Y586.92 Z204.5
G1 Z203.5
G1 E40 F9000
;TYPE:Sparse infill
;WIDTH:3.2
G1 F2779.614
G1 X272.813 Y598.432 E49.70059
G1 X401.568 Y727.187 E786.09565
G1 X413.08 Y727.187 E49.70059
;WIPE_START
G1 F600
G1 X403.08 Y727.187 E-30
;WIPE_END
G1 Z204.5 F15000
G1 X272.813 Y424.11 Z204.5
G1 Z203.5
G1 E40 F9000
G1 F2779.614
G1 X272.813 Y435.622 E49.70059
G1 X564.378 Y727.187 E1780.10742
G1 X575.89 Y727.187 E49.70059
;WIPE_START
G1 F600
G1 X565.89 Y727.187 E-30
;WIPE_END
G1 Z204.5 F15000
G1 X727.187 Y586.92 Z204.5
G1 Z203.5
G1 E40 F9000
G1 F2779.614
G1 X727.187 Y598.432 E49.70059
G1 X598.432 Y727.187 E786.09565
G1 X586.92 Y727.187 E49.70059
;WIPE_START
G1 F600
G1 X596.92 Y727.187 E-30
;WIPE_END
G1 Z204.5 F15000
G1 X727.187 Y424.11 Z204.5
G1 Z203.5
G1 E40 F9000
G1 F2779.614
G1 X727.187 Y435.623 E49.70059
G1 X435.622 Y727.187 E1780.10743
G1 X424.11 Y727.187 E49.70059
;WIPE_START
G1 F600
G1 X434.11 Y727.187 E-30
;WIPE_END
G1 Z204.5 F15000
G1 X424.11 Y272.813 Z204.5
G1 Z203.5
G1 E40 F9000
G1 F2779.614
G1 X435.622 Y272.813 E49.70059
G1 X727.187 Y564.378 E1780.10742
G1 X727.187 Y575.89 E49.70059
M73 P47 R470
;WIPE_START
G1 F600
G1 X727.187 Y565.89 E-30
;WIPE_END
G1 Z204.5 F15000
G1 X715.675 Y272.813 Z204.5
G1 Z203.5
G1 E40 F9000
G1 F2779.614
G1 X727.187 Y272.813 E49.70027
G1 X272.813 Y727.187 E2774.11872
G1 X284.325 Y727.187 E49.70025
;WIPE_START
G1 F600
G1 X274.325 Y727.187 E-30
;WIPE_END
G1 Z204.5 F15000
G1 X284.325 Y272.813 Z204.5
G1 Z203.5
G1 E40 F9000
G1 F2779.614
G1 X272.813 Y272.813 E49.70059
G1 X727.187 Y727.187 E2774.11918
G1 X715.675 Y727.187 E49.70059
;WIPE_START
G1 F600
G1 X725.675 Y727.187 E-30
;WIPE_END
G1 Z204.5 F15000
G1 X586.92 Y272.813 Z204.5
G1 Z203.5
G1 E40 F9000
G1 F2779.614
G1 X598.432 Y272.813 E49.70059
G1 X727.187 Y401.568 E786.09564
G1 X727.187 Y413.08 E49.70059
;WIPE_START
G1 F600
G1 X727.187 Y403.08 E-30
;WIPE_END
G1 Z204.5 F15000
G1 X575.89 Y272.813 Z204.5
G1 Z203.5
G1 E40 F9000
G1 F2779.614
G1 X564.378 Y272.813 E49.70059
G1 X272.813 Y564.377 E1780.10741
G1 X272.813 Y575.89 E49.70059
M73 P47 R469
;WIPE_START
G1 F600
G1 X272.813 Y565.89 E-30
;WIPE_END
G1 Z204.5 F15000
G1 X413.08 Y272.813 Z204.5
G1 Z203.5
G1 E40 F9000
G1 F2779.614
G1 X401.568 Y272.813 E49.70059
G1 X272.813 Y401.568 E786.09564
G1 X272.813 Y413.08 E49.70059
; stop printing object Cube id:0 copy 0
;LAYER_CHANGE
;Z:205
;HEIGHT:1.5
;BEFORE_LAYER_CHANGE
;205
G92 E0

EXCLUDE_OBJECT_END NAME=Cube_id_0_copy_0
;AFTER_LAYER_CHANGE
;205
;_SET_FAN_SPEED_CHANGING_LAYER
; printing object Cube id:0 copy 0
;WIPE_START
G1 F600
G1 X272.813 Y403.08 E-30
;WIPE_END
EXCLUDE_OBJECT_START NAME=Cube_id_0_copy_0
G1 Z206 F15000
G1 X270.366 Y270.366 Z206
G1 Z205
G1 E40 F9000
;TYPE:Outer wall
;WIDTH:3.2
G1 F2779.615
G1 X729.634 Y270.366 E1982.72102
G1 F2760
G1 X729.634 Y729.634 E1982.72107
G1 X270.366 Y729.634 E1982.72102
G1 X270.366 Y270.666 E1981.42588
;WIPE_START
G1 F600
G1 X280.366 Y270.66 E-30
;WIPE_END
G1 Z206 F15000
G1 X272.813 Y413.08 Z206
G1 Z205
G1 E40 F9000
;TYPE:Sparse infill
;WIDTH:3.2
G1 F2779.614
M73 P47 R468
G1 X272.813 Y401.568 E49.70059
G1 X401.568 Y272.813 E786.09564
G1 X413.08 Y272.813 E49.70059
;WIPE_START
G1 F600
G1 X403.08 Y272.813 E-30
;WIPE_END
G1 Z206 F15000
G1 X272.813 Y575.89 Z206
G1 Z205
G1 E40 F9000
G1 F2779.614
G1 X272.813 Y564.377 E49.70059
G1 X564.378 Y272.813 E1780.10741
G1 X575.89 Y272.813 E49.70059
;WIPE_START
G1 F600
G1 X565.89 Y272.813 E-30
;WIPE_END
G1 Z206 F15000
G1 X727.187 Y413.08 Z206
G1 Z205
G1 E40 F9000
G1 F2779.614
G1 X727.187 Y401.568 E49.70059
G1 X598.432 Y272.813 E786.09564
G1 X586.92 Y272.813 E49.70059
;WIPE_START
G1 F600
G1 X596.92 Y272.813 E-30
;WIPE_END
G1 Z206 F15000
G1 X727.187 Y575.89 Z206
G1 Z205
G1 E40 F9000
G1 F2779.614
G1 X727.187 Y564.378 E49.70059
G1 X435.622 Y272.813 E1780.10742
G1 X424.11 Y272.813 E49.70059
;WIPE_START
G1 F600
G1 X434.11 Y272.813 E-30
;WIPE_END
G1 Z206 F15000
G1 X424.11 Y727.187 Z206
G1 Z205
G1 E40 F9000
G1 F2779.614
G1 X435.622 Y727.187 E49.70059
G1 X727.187 Y435.623 E1780.10743
G1 X727.187 Y424.11 E49.70059
;WIPE_START
G1 F600
G1 X727.187 Y434.11 E-30
;WIPE_END
G1 Z206 F15000
G1 X715.675 Y727.187 Z206
G1 Z205
G1 E40 F9000
G1 F2779.614
G1 X727.187 Y727.187 E49.70059
G1 X272.813 Y272.813 E2774.11918
G1 X284.325 Y272.813 E49.70059
M73 P47 R467
;WIPE_START
G1 F600
G1 X274.325 Y272.813 E-30
;WIPE_END
G1 Z206 F15000
G1 X284.325 Y727.187 Z206
G1 Z205
G1 E40 F9000
G1 F2779.614
G1 X272.813 Y727.187 E49.70025
G1 X727.187 Y272.813 E2774.11872
G1 X715.675 Y272.813 E49.70027
;WIPE_START
G1 F600
G1 X725.675 Y272.813 E-30
;WIPE_END
G1 Z206 F15000
G1 X586.92 Y727.187 Z206
G1 Z205
G1 E40 F9000
G1 F2779.614
G1 X598.432 Y727.187 E49.70059
G1 X727.187 Y598.432 E786.09565
G1 X727.187 Y586.92 E49.70059
;WIPE_START
G1 F600
G1 X727.187 Y596.92 E-30
;WIPE_END
G1 Z206 F15000
G1 X575.89 Y727.187 Z206
G1 Z205
G1 E40 F9000
G1 F2779.614
G1 X564.378 Y727.187 E49.70059
G1 X272.813 Y435.622 E1780.10742
G1 X272.813 Y424.11 E49.70059
;WIPE_START
G1 F600
G1 X272.813 Y434.11 E-30
;WIPE_END
G1 Z206 F15000
M73 P48 R467
G1 X413.08 Y727.187 Z206
G1 Z205
G1 E40 F9000
G1 F2779.614
G1 X401.568 Y727.187 E49.70059
G1 X272.813 Y598.432 E786.09565
G1 X272.813 Y586.92 E49.70059
; stop printing object Cube id:0 copy 0
;LAYER_CHANGE
;Z:206.5
;HEIGHT:1.5
;BEFORE_LAYER_CHANGE
;206.5
G92 E0

EXCLUDE_OBJECT_END NAME=Cube_id_0_copy_0
;AFTER_LAYER_CHANGE
;206.5
;_SET_FAN_SPEED_CHANGING_LAYER
; printing object Cube id:0 copy 0
;WIPE_START
G1 F600
G1 X272.813 Y596.92 E-30
;WIPE_END
EXCLUDE_OBJECT_START NAME=Cube_id_0_copy_0
G1 Z207.5 F15000
G1 X270.366 Y729.634 Z207.5
G1 Z206.5
G1 E40 F9000
;TYPE:Outer wall
;WIDTH:3.2
G1 F2779.615
M73 P48 R466
G1 X270.366 Y270.366 E1982.72102
G1 F2760
G1 X729.634 Y270.366 E1982.72107
G1 X729.634 Y729.634 E1982.72102
G1 X270.666 Y729.634 E1981.42588
;WIPE_START
G1 F600
G1 X270.66 Y719.634 E-30
;WIPE_END
G1 Z207.5 F15000
G1 X272.813 Y586.92 Z207.5
G1 Z206.5
G1 E40 F9000
;TYPE:Sparse infill
;WIDTH:3.2
G1 F2779.614
G1 X272.813 Y598.432 E49.70059
G1 X401.568 Y727.187 E786.09565
G1 X413.08 Y727.187 E49.70059
;WIPE_START
G1 F600
G1 X403.08 Y727.187 E-30
;WIPE_END
G1 Z207.5 F15000
G1 X272.813 Y424.11 Z207.5
G1 Z206.5
G1 E40 F9000
G1 F2779.614
G1 X272.813 Y435.622 E49.70059
G1 X564.378 Y727.187 E1780.10742
G1 X575.89 Y727.187 E49.70059
M73 P48 R465
;WIPE_START
G1 F600
G1 X565.89 Y727.187 E-30
;WIPE_END
G1 Z207.5 F15000
G1 X727.187 Y586.92 Z207.5
G1 Z206.5
G1 E40 F9000
G1 F2779.614
G1 X727.187 Y598.432 E49.70059
G1 X598.432 Y727.187 E786.09565
G1 X586.92 Y727.187 E49.70059
;WIPE_START
G1 F600
G1 X596.92 Y727.187 E-30
;WIPE_END
G1 Z207.5 F15000
G1 X727.187 Y424.11 Z207.5
G1 Z206.5
G1 E40 F9000
G1 F2779.614
G1 X727.187 Y435.623 E49.70059
G1 X435.622 Y727.187 E1780.10743
G1 X424.11 Y727.187 E49.70059
;WIPE_START
G1 F600
G1 X434.11 Y727.187 E-30
;WIPE_END
G1 Z207.5 F15000
G1 X424.11 Y272.813 Z207.5
G1 Z206.5
G1 E40 F9000
G1 F2779.614
G1 X435.622 Y272.813 E49.70059
G1 X727.187 Y564.378 E1780.10742
G1 X727.187 Y575.89 E49.70059
;WIPE_START
G1 F600
G1 X727.187 Y565.89 E-30
;WIPE_END
G1 Z207.5 F15000
G1 X715.675 Y272.813 Z207.5
G1 Z206.5
G1 E40 F9000
G1 F2779.614
G1 X727.187 Y272.813 E49.70027
G1 X272.813 Y727.187 E2774.11872
G1 X284.325 Y727.187 E49.70025
;WIPE_START
G1 F600
G1 X274.325 Y727.187 E-30
;WIPE_END
G1 Z207.5 F15000
G1 X284.325 Y272.813 Z207.5
G1 Z206.5
G1 E40 F9000
G1 F2779.614
G1 X272.813 Y272.813 E49.70059
G1 X727.187 Y727.187 E2774.11918
G1 X715.675 Y727.187 E49.70059
M73 P48 R464
;WIPE_START
G1 F600
G1 X725.675 Y727.187 E-30
;WIPE_END
G1 Z207.5 F15000
G1 X586.92 Y272.813 Z207.5
G1 Z206.5
G1 E40 F9000
G1 F2779.614
G1 X598.432 Y272.813 E49.70059
G1 X727.187 Y401.568 E786.09564
G1 X727.187 Y413.08 E49.70059
;WIPE_START
G1 F600
G1 X727.187 Y403.08 E-30
;WIPE_END
G1 Z207.5 F15000
G1 X575.89 Y272.813 Z207.5
G1 Z206.5
G1 E40 F9000
G1 F2779.614
G1 X564.378 Y272.813 E49.70059
G1 X272.813 Y564.377 E1780.10741
G1 X272.813 Y575.89 E49.70059
;WIPE_START
G1 F600
G1 X272.813 Y565.89 E-30
;WIPE_END
G1 Z207.5 F15000
G1 X413.08 Y272.813 Z207.5
G1 Z206.5
G1 E40 F9000
G1 F2779.614
G1 X401.568 Y272.813 E49.70059
G1 X272.813 Y401.568 E786.09564
G1 X272.813 Y413.08 E49.70059
; stop printing object Cube id:0 copy 0
;LAYER_CHANGE
;Z:208
;HEIGHT:1.5
;BEFORE_LAYER_CHANGE
;208
G92 E0

EXCLUDE_OBJECT_END NAME=Cube_id_0_copy_0
;AFTER_LAYER_CHANGE
;208
;_SET_FAN_SPEED_CHANGING_LAYER
; printing object Cube id:0 copy 0
;WIPE_START
G1 F600
G1 X272.813 Y403.08 E-30
;WIPE_END
EXCLUDE_OBJECT_START NAME=Cube_id_0_copy_0
G1 Z209 F15000
G1 X270.366 Y270.366 Z209
G1 Z208
G1 E40 F9000
;TYPE:Outer wall
;WIDTH:3.2
G1 F2779.615
G1 X729.634 Y270.366 E1982.72102
G1 F2760
G1 X729.634 Y729.634 E1982.72107
G1 X270.366 Y729.634 E1982.72102
M73 P48 R463
G1 X270.366 Y270.666 E1981.42588
;WIPE_START
G1 F600
G1 X280.366 Y270.66 E-30
;WIPE_END
G1 Z209 F15000
G1 X272.813 Y413.08 Z209
G1 Z208
G1 E40 F9000
;TYPE:Sparse infill
;WIDTH:3.2
G1 F2779.614
G1 X272.813 Y401.568 E49.70059
G1 X401.568 Y272.813 E786.09564
G1 X413.08 Y272.813 E49.70059
;WIPE_START
G1 F600
G1 X403.08 Y272.813 E-30
;WIPE_END
G1 Z209 F15000
G1 X272.813 Y575.89 Z209
G1 Z208
G1 E40 F9000
G1 F2779.614
G1 X272.813 Y564.377 E49.70059
G1 X564.378 Y272.813 E1780.10741
G1 X575.89 Y272.813 E49.70059
;WIPE_START
G1 F600
G1 X565.89 Y272.813 E-30
;WIPE_END
G1 Z209 F15000
G1 X727.187 Y413.08 Z209
G1 Z208
G1 E40 F9000
G1 F2779.614
G1 X727.187 Y401.568 E49.70059
G1 X598.432 Y272.813 E786.09564
G1 X586.92 Y272.813 E49.70059
;WIPE_START
G1 F600
G1 X596.92 Y272.813 E-30
;WIPE_END
G1 Z209 F15000
G1 X727.187 Y575.89 Z209
G1 Z208
G1 E40 F9000
G1 F2779.614
G1 X727.187 Y564.378 E49.70059
G1 X435.622 Y272.813 E1780.10742
G1 X424.11 Y272.813 E49.70059
M73 P48 R462
;WIPE_START
G1 F600
G1 X434.11 Y272.813 E-30
;WIPE_END
G1 Z209 F15000
G1 X424.11 Y727.187 Z209
G1 Z208
G1 E40 F9000
G1 F2779.614
G1 X435.622 Y727.187 E49.70059
G1 X727.187 Y435.623 E1780.10743
G1 X727.187 Y424.11 E49.70059
;WIPE_START
G1 F600
G1 X727.187 Y434.11 E-30
;WIPE_END
G1 Z209 F15000
G1 X715.675 Y727.187 Z209
G1 Z208
G1 E40 F9000
G1 F2779.614
G1 X727.187 Y727.187 E49.70059
G1 X272.813 Y272.813 E2774.11918
G1 X284.325 Y272.813 E49.70059
;WIPE_START
G1 F600
G1 X274.325 Y272.813 E-30
;WIPE_END
G1 Z209 F15000
G1 X284.325 Y727.187 Z209
G1 Z208
G1 E40 F9000
G1 F2779.614
G1 X272.813 Y727.187 E49.70025
G1 X727.187 Y272.813 E2774.11872
G1 X715.675 Y272.813 E49.70027
;WIPE_START
G1 F600
G1 X725.675 Y272.813 E-30
;WIPE_END
G1 Z209 F15000
G1 X586.92 Y727.187 Z209
G1 Z208
G1 E40 F9000
G1 F2779.614
G1 X598.432 Y727.187 E49.70059
G1 X727.187 Y598.432 E786.09565
G1 X727.187 Y586.92 E49.70059
M73 P48 R461
;WIPE_START
G1 F600
G1 X727.187 Y596.92 E-30
;WIPE_END
G1 Z209 F15000
G1 X575.89 Y727.187 Z209
G1 Z208
G1 E40 F9000
G1 F2779.614
G1 X564.378 Y727.187 E49.70059
G1 X272.813 Y435.622 E1780.10742
G1 X272.813 Y424.11 E49.70059
;WIPE_START
G1 F600
G1 X272.813 Y434.11 E-30
;WIPE_END
G1 Z209 F15000
G1 X413.08 Y727.187 Z209
G1 Z208
G1 E40 F9000
G1 F2779.614
G1 X401.568 Y727.187 E49.70059
G1 X272.813 Y598.432 E786.09565
G1 X272.813 Y586.92 E49.70059
; stop printing object Cube id:0 copy 0
;LAYER_CHANGE
;Z:209.5
;HEIGHT:1.5
;BEFORE_LAYER_CHANGE
;209.5
G92 E0

EXCLUDE_OBJECT_END NAME=Cube_id_0_copy_0
;AFTER_LAYER_CHANGE
;209.5
;_SET_FAN_SPEED_CHANGING_LAYER
; printing object Cube id:0 copy 0
;WIPE_START
G1 F600
G1 X272.813 Y596.92 E-30
;WIPE_END
EXCLUDE_OBJECT_START NAME=Cube_id_0_copy_0
G1 Z210.5 F15000
G1 X270.366 Y729.634 Z210.5
G1 Z209.5
G1 E40 F9000
;TYPE:Outer wall
;WIDTH:3.2
G1 F2779.615
G1 X270.366 Y270.366 E1982.72102
G1 F2760
G1 X729.634 Y270.366 E1982.72107
G1 X729.634 Y729.634 E1982.72102
G1 X270.666 Y729.634 E1981.42588
;WIPE_START
G1 F600
M73 P48 R460
G1 X270.66 Y719.634 E-30
;WIPE_END
G1 Z210.5 F15000
G1 X272.813 Y586.92 Z210.5
G1 Z209.5
G1 E40 F9000
;TYPE:Sparse infill
;WIDTH:3.2
G1 F2779.614
G1 X272.813 Y598.432 E49.70059
G1 X401.568 Y727.187 E786.09565
G1 X413.08 Y727.187 E49.70059
;WIPE_START
G1 F600
G1 X403.08 Y727.187 E-30
;WIPE_END
G1 Z210.5 F15000
G1 X272.813 Y424.11 Z210.5
G1 Z209.5
G1 E40 F9000
G1 F2779.614
G1 X272.813 Y435.622 E49.70059
G1 X564.378 Y727.187 E1780.10742
G1 X575.89 Y727.187 E49.70059
;WIPE_START
G1 F600
G1 X565.89 Y727.187 E-30
;WIPE_END
G1 Z210.5 F15000
G1 X727.187 Y586.92 Z210.5
G1 Z209.5
G1 E40 F9000
G1 F2779.614
G1 X727.187 Y598.432 E49.70059
G1 X598.432 Y727.187 E786.09565
G1 X586.92 Y727.187 E49.70059
;WIPE_START
G1 F600
G1 X596.92 Y727.187 E-30
;WIPE_END
G1 Z210.5 F15000
G1 X727.187 Y424.11 Z210.5
G1 Z209.5
G1 E40 F9000
G1 F2779.614
G1 X727.187 Y435.623 E49.70059
G1 X435.622 Y727.187 E1780.10743
G1 X424.11 Y727.187 E49.70059
;WIPE_START
G1 F600
G1 X434.11 Y727.187 E-30
;WIPE_END
G1 Z210.5 F15000
G1 X424.11 Y272.813 Z210.5
G1 Z209.5
G1 E40 F9000
G1 F2779.614
G1 X435.622 Y272.813 E49.70059
G1 X727.187 Y564.378 E1780.10742
G1 X727.187 Y575.89 E49.70059
M73 P48 R459
;WIPE_START
G1 F600
G1 X727.187 Y565.89 E-30
;WIPE_END
G1 Z210.5 F15000
G1 X715.675 Y272.813 Z210.5
G1 Z209.5
G1 E40 F9000
G1 F2779.614
G1 X727.187 Y272.813 E49.70027
G1 X272.813 Y727.187 E2774.11872
G1 X284.325 Y727.187 E49.70025
;WIPE_START
G1 F600
G1 X274.325 Y727.187 E-30
;WIPE_END
G1 Z210.5 F15000
G1 X284.325 Y272.813 Z210.5
G1 Z209.5
G1 E40 F9000
G1 F2779.614
G1 X272.813 Y272.813 E49.70059
G1 X727.187 Y727.187 E2774.11918
G1 X715.675 Y727.187 E49.70059
;WIPE_START
G1 F600
G1 X725.675 Y727.187 E-30
;WIPE_END
G1 Z210.5 F15000
G1 X586.92 Y272.813 Z210.5
G1 Z209.5
G1 E40 F9000
G1 F2779.614
G1 X598.432 Y272.813 E49.70059
G1 X727.187 Y401.568 E786.09564
G1 X727.187 Y413.08 E49.70059
;WIPE_START
G1 F600
G1 X727.187 Y403.08 E-30
;WIPE_END
G1 Z210.5 F15000
G1 X575.89 Y272.813 Z210.5
G1 Z209.5
G1 E40 F9000
G1 F2779.614
G1 X564.378 Y272.813 E49.70059
G1 X272.813 Y564.377 E1780.10741
G1 X272.813 Y575.89 E49.70059
;WIPE_START
G1 F600
G1 X272.813 Y565.89 E-30
;WIPE_END
G1 Z210.5 F15000
G1 X413.08 Y272.813 Z210.5
G1 Z209.5
M73 P48 R458
G1 E40 F9000
G1 F2779.614
G1 X401.568 Y272.813 E49.70059
G1 X272.813 Y401.568 E786.09564
G1 X272.813 Y413.08 E49.70059
; stop printing object Cube id:0 copy 0
;LAYER_CHANGE
;Z:211
;HEIGHT:1.5
;BEFORE_LAYER_CHANGE
;211
G92 E0

EXCLUDE_OBJECT_END NAME=Cube_id_0_copy_0
;AFTER_LAYER_CHANGE
;211
;_SET_FAN_SPEED_CHANGING_LAYER
; printing object Cube id:0 copy 0
;WIPE_START
G1 F600
G1 X272.813 Y403.08 E-30
;WIPE_END
EXCLUDE_OBJECT_START NAME=Cube_id_0_copy_0
G1 Z212 F15000
G1 X270.366 Y270.366 Z212
G1 Z211
G1 E40 F9000
;TYPE:Outer wall
;WIDTH:3.2
G1 F2779.615
G1 X729.634 Y270.366 E1982.72102
G1 F2760
G1 X729.634 Y729.634 E1982.72107
G1 X270.366 Y729.634 E1982.72102
G1 X270.366 Y270.666 E1981.42588
;WIPE_START
G1 F600
M73 P49 R458
G1 X280.366 Y270.66 E-30
;WIPE_END
G1 Z212 F15000
G1 X272.813 Y413.08 Z212
G1 Z211
G1 E40 F9000
;TYPE:Sparse infill
;WIDTH:3.2
G1 F2779.614
G1 X272.813 Y401.568 E49.70059
G1 X401.568 Y272.813 E786.09564
G1 X413.08 Y272.813 E49.70059
;WIPE_START
G1 F600
G1 X403.08 Y272.813 E-30
;WIPE_END
G1 Z212 F15000
G1 X272.813 Y575.89 Z212
G1 Z211
G1 E40 F9000
G1 F2779.614
G1 X272.813 Y564.377 E49.70059
G1 X564.378 Y272.813 E1780.10741
M73 P49 R457
G1 X575.89 Y272.813 E49.70059
;WIPE_START
G1 F600
G1 X565.89 Y272.813 E-30
;WIPE_END
G1 Z212 F15000
G1 X727.187 Y413.08 Z212
G1 Z211
G1 E40 F9000
G1 F2779.614
G1 X727.187 Y401.568 E49.70059
G1 X598.432 Y272.813 E786.09564
G1 X586.92 Y272.813 E49.70059
;WIPE_START
G1 F600
G1 X596.92 Y272.813 E-30
;WIPE_END
G1 Z212 F15000
G1 X727.187 Y575.89 Z212
G1 Z211
G1 E40 F9000
G1 F2779.614
G1 X727.187 Y564.378 E49.70059
G1 X435.622 Y272.813 E1780.10742
G1 X424.11 Y272.813 E49.70059
;WIPE_START
G1 F600
G1 X434.11 Y272.813 E-30
;WIPE_END
G1 Z212 F15000
G1 X424.11 Y727.187 Z212
G1 Z211
G1 E40 F9000
G1 F2779.614
G1 X435.622 Y727.187 E49.70059
G1 X727.187 Y435.623 E1780.10743
G1 X727.187 Y424.11 E49.70059
;WIPE_START
G1 F600
G1 X727.187 Y434.11 E-30
;WIPE_END
G1 Z212 F15000
G1 X715.675 Y727.187 Z212
G1 Z211
G1 E40 F9000
G1 F2779.614
G1 X727.187 Y727.187 E49.70059
G1 X272.813 Y272.813 E2774.11918
G1 X284.325 Y272.813 E49.70059
M73 P49 R456
;WIPE_START
G1 F600
G1 X274.325 Y272.813 E-30
;WIPE_END
G1 Z212 F15000
G1 X284.325 Y727.187 Z212
G1 Z211
G1 E40 F9000
G1 F2779.614
G1 X272.813 Y727.187 E49.70025
G1 X727.187 Y272.813 E2774.11872
G1 X715.675 Y272.813 E49.70027
;WIPE_START
G1 F600
G1 X725.675 Y272.813 E-30
;WIPE_END
G1 Z212 F15000
G1 X586.92 Y727.187 Z212
G1 Z211
G1 E40 F9000
G1 F2779.614
G1 X598.432 Y727.187 E49.70059
G1 X727.187 Y598.432 E786.09565
G1 X727.187 Y586.92 E49.70059
;WIPE_START
G1 F600
G1 X727.187 Y596.92 E-30
;WIPE_END
G1 Z212 F15000
G1 X575.89 Y727.187 Z212
G1 Z211
G1 E40 F9000
G1 F2779.614
G1 X564.378 Y727.187 E49.70059
G1 X272.813 Y435.622 E1780.10742
G1 X272.813 Y424.11 E49.70059
;WIPE_START
G1 F600
G1 X272.813 Y434.11 E-30
;WIPE_END
G1 Z212 F15000
G1 X413.08 Y727.187 Z212
G1 Z211
G1 E40 F9000
G1 F2779.614
G1 X401.568 Y727.187 E49.70059
G1 X272.813 Y598.432 E786.09565
G1 X272.813 Y586.92 E49.70059
; stop printing object Cube id:0 copy 0
;LAYER_CHANGE
;Z:212.5
;HEIGHT:1.5
;BEFORE_LAYER_CHANGE
;212.5
G92 E0

EXCLUDE_OBJECT_END NAME=Cube_id_0_copy_0
;AFTER_LAYER_CHANGE
;212.5
;_SET_FAN_SPEED_CHANGING_LAYER
; printing object Cube id:0 copy 0
;WIPE_START
G1 F600
G1 X272.813 Y596.92 E-30
;WIPE_END
EXCLUDE_OBJECT_START NAME=Cube_id_0_copy_0
G1 Z213.5 F15000
G1 X270.366 Y729.634 Z213.5
G1 Z212.5
G1 E40 F9000
;TYPE:Outer wall
;WIDTH:3.2
G1 F2779.615
G1 X270.366 Y270.366 E1982.72102
G1 F2760
M73 P49 R455
G1 X729.634 Y270.366 E1982.72107
G1 X729.634 Y729.634 E1982.72102
G1 X270.666 Y729.634 E1981.42588
;WIPE_START
G1 F600
G1 X270.66 Y719.634 E-30
;WIPE_END
G1 Z213.5 F15000
G1 X272.813 Y586.92 Z213.5
G1 Z212.5
G1 E40 F9000
;TYPE:Sparse infill
;WIDTH:3.2
G1 F2779.614
G1 X272.813 Y598.432 E49.70059
G1 X401.568 Y727.187 E786.09565
G1 X413.08 Y727.187 E49.70059
;WIPE_START
G1 F600
G1 X403.08 Y727.187 E-30
;WIPE_END
G1 Z213.5 F15000
G1 X272.813 Y424.11 Z213.5
G1 Z212.5
G1 E40 F9000
G1 F2779.614
G1 X272.813 Y435.622 E49.70059
G1 X564.378 Y727.187 E1780.10742
G1 X575.89 Y727.187 E49.70059
;WIPE_START
G1 F600
G1 X565.89 Y727.187 E-30
;WIPE_END
G1 Z213.5 F15000
G1 X727.187 Y586.92 Z213.5
G1 Z212.5
G1 E40 F9000
G1 F2779.614
G1 X727.187 Y598.432 E49.70059
G1 X598.432 Y727.187 E786.09565
G1 X586.92 Y727.187 E49.70059
;WIPE_START
G1 F600
M73 P49 R454
G1 X596.92 Y727.187 E-30
;WIPE_END
G1 Z213.5 F15000
G1 X727.187 Y424.11 Z213.5
G1 Z212.5
G1 E40 F9000
G1 F2779.614
G1 X727.187 Y435.623 E49.70059
G1 X435.622 Y727.187 E1780.10743
G1 X424.11 Y727.187 E49.70059
;WIPE_START
G1 F600
G1 X434.11 Y727.187 E-30
;WIPE_END
G1 Z213.5 F15000
G1 X424.11 Y272.813 Z213.5
G1 Z212.5
G1 E40 F9000
G1 F2779.614
G1 X435.622 Y272.813 E49.70059
G1 X727.187 Y564.378 E1780.10742
G1 X727.187 Y575.89 E49.70059
;WIPE_START
G1 F600
G1 X727.187 Y565.89 E-30
;WIPE_END
G1 Z213.5 F15000
G1 X715.675 Y272.813 Z213.5
G1 Z212.5
G1 E40 F9000
G1 F2779.614
G1 X727.187 Y272.813 E49.70027
G1 X272.813 Y727.187 E2774.11872
G1 X284.325 Y727.187 E49.70025
;WIPE_START
G1 F600
G1 X274.325 Y727.187 E-30
;WIPE_END
G1 Z213.5 F15000
G1 X284.325 Y272.813 Z213.5
G1 Z212.5
G1 E40 F9000
G1 F2779.614
G1 X272.813 Y272.813 E49.70059
G1 X727.187 Y727.187 E2774.11918
G1 X715.675 Y727.187 E49.70059
M73 P49 R453
;WIPE_START
G1 F600
G1 X725.675 Y727.187 E-30
;WIPE_END
G1 Z213.5 F15000
G1 X586.92 Y272.813 Z213.5
G1 Z212.5
G1 E40 F9000
G1 F2779.614
G1 X598.432 Y272.813 E49.70059
G1 X727.187 Y401.568 E786.09564
G1 X727.187 Y413.08 E49.70059
;WIPE_START
G1 F600
G1 X727.187 Y403.08 E-30
;WIPE_END
G1 Z213.5 F15000
G1 X575.89 Y272.813 Z213.5
G1 Z212.5
G1 E40 F9000
G1 F2779.614
G1 X564.378 Y272.813 E49.70059
G1 X272.813 Y564.377 E1780.10741
G1 X272.813 Y575.89 E49.70059
;WIPE_START
G1 F600
G1 X272.813 Y565.89 E-30
;WIPE_END
G1 Z213.5 F15000
G1 X413.08 Y272.813 Z213.5
G1 Z212.5
G1 E40 F9000
G1 F2779.614
G1 X401.568 Y272.813 E49.70059
G1 X272.813 Y401.568 E786.09564
G1 X272.813 Y413.08 E49.70059
; stop printing object Cube id:0 copy 0
;LAYER_CHANGE
;Z:214
;HEIGHT:1.5
;BEFORE_LAYER_CHANGE
;214
G92 E0

EXCLUDE_OBJECT_END NAME=Cube_id_0_copy_0
;AFTER_LAYER_CHANGE
;214
;_SET_FAN_SPEED_CHANGING_LAYER
; printing object Cube id:0 copy 0
;WIPE_START
G1 F600
G1 X272.813 Y403.08 E-30
;WIPE_END
EXCLUDE_OBJECT_START NAME=Cube_id_0_copy_0
G1 Z215 F15000
G1 X270.366 Y270.366 Z215
G1 Z214
G1 E40 F9000
;TYPE:Outer wall
;WIDTH:3.2
G1 F2779.615
G1 X729.634 Y270.366 E1982.72102
G1 F2760
G1 X729.634 Y729.634 E1982.72107
G1 X270.366 Y729.634 E1982.72102
G1 X270.366 Y270.666 E1981.42588
M73 P49 R452
;WIPE_START
G1 F600
G1 X280.366 Y270.66 E-30
;WIPE_END
G1 Z215 F15000
G1 X272.813 Y413.08 Z215
G1 Z214
G1 E40 F9000
;TYPE:Sparse infill
;WIDTH:3.2
G1 F2779.614
G1 X272.813 Y401.568 E49.70059
G1 X401.568 Y272.813 E786.09564
G1 X413.08 Y272.813 E49.70059
;WIPE_START
G1 F600
G1 X403.08 Y272.813 E-30
;WIPE_END
G1 Z215 F15000
G1 X272.813 Y575.89 Z215
G1 Z214
G1 E40 F9000
G1 F2779.614
G1 X272.813 Y564.377 E49.70059
G1 X564.378 Y272.813 E1780.10741
G1 X575.89 Y272.813 E49.70059
;WIPE_START
G1 F600
G1 X565.89 Y272.813 E-30
;WIPE_END
G1 Z215 F15000
G1 X727.187 Y413.08 Z215
G1 Z214
G1 E40 F9000
G1 F2779.614
G1 X727.187 Y401.568 E49.70059
G1 X598.432 Y272.813 E786.09564
G1 X586.92 Y272.813 E49.70059
;WIPE_START
G1 F600
G1 X596.92 Y272.813 E-30
;WIPE_END
G1 Z215 F15000
G1 X727.187 Y575.89 Z215
G1 Z214
G1 E40 F9000
G1 F2779.614
G1 X727.187 Y564.378 E49.70059
G1 X435.622 Y272.813 E1780.10742
G1 X424.11 Y272.813 E49.70059
;WIPE_START
G1 F600
G1 X434.11 Y272.813 E-30
;WIPE_END
G1 Z215 F15000
G1 X424.11 Y727.187 Z215
G1 Z214
G1 E40 F9000
G1 F2779.614
G1 X435.622 Y727.187 E49.70059
G1 X727.187 Y435.623 E1780.10743
M73 P49 R451
G1 X727.187 Y424.11 E49.70059
;WIPE_START
G1 F600
G1 X727.187 Y434.11 E-30
;WIPE_END
G1 Z215 F15000
G1 X715.675 Y727.187 Z215
G1 Z214
G1 E40 F9000
G1 F2779.614
G1 X727.187 Y727.187 E49.70059
G1 X272.813 Y272.813 E2774.11918
G1 X284.325 Y272.813 E49.70059
;WIPE_START
G1 F600
G1 X274.325 Y272.813 E-30
;WIPE_END
G1 Z215 F15000
G1 X284.325 Y727.187 Z215
G1 Z214
G1 E40 F9000
G1 F2779.614
G1 X272.813 Y727.187 E49.70025
G1 X727.187 Y272.813 E2774.11872
G1 X715.675 Y272.813 E49.70027
;WIPE_START
G1 F600
G1 X725.675 Y272.813 E-30
;WIPE_END
G1 Z215 F15000
G1 X586.92 Y727.187 Z215
G1 Z214
G1 E40 F9000
G1 F2779.614
G1 X598.432 Y727.187 E49.70059
G1 X727.187 Y598.432 E786.09565
G1 X727.187 Y586.92 E49.70059
;WIPE_START
G1 F600
G1 X727.187 Y596.92 E-30
;WIPE_END
G1 Z215 F15000
G1 X575.89 Y727.187 Z215
G1 Z214
G1 E40 F9000
G1 F2779.614
G1 X564.378 Y727.187 E49.70059
G1 X272.813 Y435.622 E1780.10742
G1 X272.813 Y424.11 E49.70059
M73 P49 R450
;WIPE_START
G1 F600
G1 X272.813 Y434.11 E-30
;WIPE_END
G1 Z215 F15000
G1 X413.08 Y727.187 Z215
G1 Z214
G1 E40 F9000
G1 F2779.614
G1 X401.568 Y727.187 E49.70059
G1 X272.813 Y598.432 E786.09565
G1 X272.813 Y586.92 E49.70059
; stop printing object Cube id:0 copy 0
;LAYER_CHANGE
;Z:215.5
;HEIGHT:1.5
;BEFORE_LAYER_CHANGE
;215.5
G92 E0

EXCLUDE_OBJECT_END NAME=Cube_id_0_copy_0
;AFTER_LAYER_CHANGE
;215.5
;_SET_FAN_SPEED_CHANGING_LAYER
; printing object Cube id:0 copy 0
;WIPE_START
G1 F600
G1 X272.813 Y596.92 E-30
;WIPE_END
EXCLUDE_OBJECT_START NAME=Cube_id_0_copy_0
G1 Z216.5 F15000
G1 X270.366 Y729.634 Z216.5
G1 Z215.5
G1 E40 F9000
;TYPE:Outer wall
;WIDTH:3.2
G1 F2779.615
G1 X270.366 Y270.366 E1982.72102
G1 F2760
G1 X729.634 Y270.366 E1982.72107
G1 X729.634 Y729.634 E1982.72102
G1 X270.666 Y729.634 E1981.42588
;WIPE_START
G1 F600
G1 X270.66 Y719.634 E-30
;WIPE_END
G1 Z216.5 F15000
G1 X272.813 Y586.92 Z216.5
G1 Z215.5
M73 P49 R449
G1 E40 F9000
;TYPE:Sparse infill
;WIDTH:3.2
G1 F2779.614
G1 X272.813 Y598.432 E49.70059
G1 X401.568 Y727.187 E786.09565
G1 X413.08 Y727.187 E49.70059
;WIPE_START
G1 F600
G1 X403.08 Y727.187 E-30
;WIPE_END
G1 Z216.5 F15000
G1 X272.813 Y424.11 Z216.5
G1 Z215.5
G1 E40 F9000
G1 F2779.614
G1 X272.813 Y435.622 E49.70059
G1 X564.378 Y727.187 E1780.10742
G1 X575.89 Y727.187 E49.70059
;WIPE_START
G1 F600
G1 X565.89 Y727.187 E-30
;WIPE_END
G1 Z216.5 F15000
G1 X727.187 Y586.92 Z216.5
G1 Z215.5
G1 E40 F9000
G1 F2779.614
G1 X727.187 Y598.432 E49.70059
G1 X598.432 Y727.187 E786.09565
G1 X586.92 Y727.187 E49.70059
;WIPE_START
G1 F600
G1 X596.92 Y727.187 E-30
;WIPE_END
G1 Z216.5 F15000
G1 X727.187 Y424.11 Z216.5
G1 Z215.5
G1 E40 F9000
G1 F2779.614
G1 X727.187 Y435.623 E49.70059
G1 X435.622 Y727.187 E1780.10743
G1 X424.11 Y727.187 E49.70059
;WIPE_START
G1 F600
G1 X434.11 Y727.187 E-30
;WIPE_END
G1 Z216.5 F15000
G1 X424.11 Y272.813 Z216.5
G1 Z215.5
G1 E40 F9000
G1 F2779.614
G1 X435.622 Y272.813 E49.70059
G1 X727.187 Y564.378 E1780.10742
G1 X727.187 Y575.89 E49.70059
M73 P50 R449
;WIPE_START
G1 F600
G1 X727.187 Y565.89 E-30
;WIPE_END
G1 Z216.5 F15000
G1 X715.675 Y272.813 Z216.5
G1 Z215.5
G1 E40 F9000
G1 F2779.614
G1 X727.187 Y272.813 E49.70027
G1 X272.813 Y727.187 E2774.11872
G1 X284.325 Y727.187 E49.70025
M73 P50 R448
;WIPE_START
G1 F600
G1 X274.325 Y727.187 E-30
;WIPE_END
G1 Z216.5 F15000
G1 X284.325 Y272.813 Z216.5
G1 Z215.5
G1 E40 F9000
G1 F2779.614
G1 X272.813 Y272.813 E49.70059
G1 X727.187 Y727.187 E2774.11918
G1 X715.675 Y727.187 E49.70059
;WIPE_START
G1 F600
G1 X725.675 Y727.187 E-30
;WIPE_END
G1 Z216.5 F15000
G1 X586.92 Y272.813 Z216.5
G1 Z215.5
G1 E40 F9000
G1 F2779.614
G1 X598.432 Y272.813 E49.70059
G1 X727.187 Y401.568 E786.09564
G1 X727.187 Y413.08 E49.70059
;WIPE_START
G1 F600
G1 X727.187 Y403.08 E-30
;WIPE_END
G1 Z216.5 F15000
G1 X575.89 Y272.813 Z216.5
G1 Z215.5
G1 E40 F9000
G1 F2779.614
G1 X564.378 Y272.813 E49.70059
G1 X272.813 Y564.377 E1780.10741
G1 X272.813 Y575.89 E49.70059
;WIPE_START
G1 F600
G1 X272.813 Y565.89 E-30
;WIPE_END
G1 Z216.5 F15000
G1 X413.08 Y272.813 Z216.5
G1 Z215.5
G1 E40 F9000
G1 F2779.614
G1 X401.568 Y272.813 E49.70059
G1 X272.813 Y401.568 E786.09564
G1 X272.813 Y413.08 E49.70059
; stop printing object Cube id:0 copy 0
;LAYER_CHANGE
;Z:217
;HEIGHT:1.5
;BEFORE_LAYER_CHANGE
;217
G92 E0

EXCLUDE_OBJECT_END NAME=Cube_id_0_copy_0
;AFTER_LAYER_CHANGE
;217
;_SET_FAN_SPEED_CHANGING_LAYER
; printing object Cube id:0 copy 0
;WIPE_START
G1 F600
G1 X272.813 Y403.08 E-30
;WIPE_END
EXCLUDE_OBJECT_START NAME=Cube_id_0_copy_0
G1 Z218 F15000
G1 X270.366 Y270.366 Z218
G1 Z217
M73 P50 R447
G1 E40 F9000
;TYPE:Outer wall
;WIDTH:3.2
G1 F2779.615
G1 X729.634 Y270.366 E1982.72102
G1 F2760
G1 X729.634 Y729.634 E1982.72107
G1 X270.366 Y729.634 E1982.72102
G1 X270.366 Y270.666 E1981.42588
;WIPE_START
G1 F600
G1 X280.366 Y270.66 E-30
;WIPE_END
G1 Z218 F15000
G1 X272.813 Y413.08 Z218
G1 Z217
G1 E40 F9000
;TYPE:Sparse infill
;WIDTH:3.2
G1 F2779.614
G1 X272.813 Y401.568 E49.70059
G1 X401.568 Y272.813 E786.09564
G1 X413.08 Y272.813 E49.70059
;WIPE_START
G1 F600
G1 X403.08 Y272.813 E-30
;WIPE_END
G1 Z218 F15000
G1 X272.813 Y575.89 Z218
G1 Z217
G1 E40 F9000
G1 F2779.614
G1 X272.813 Y564.377 E49.70059
G1 X564.378 Y272.813 E1780.10741
G1 X575.89 Y272.813 E49.70059
M73 P50 R446
;WIPE_START
G1 F600
G1 X565.89 Y272.813 E-30
;WIPE_END
G1 Z218 F15000
G1 X727.187 Y413.08 Z218
G1 Z217
G1 E40 F9000
G1 F2779.614
G1 X727.187 Y401.568 E49.70059
G1 X598.432 Y272.813 E786.09564
G1 X586.92 Y272.813 E49.70059
;WIPE_START
G1 F600
G1 X596.92 Y272.813 E-30
;WIPE_END
G1 Z218 F15000
G1 X727.187 Y575.89 Z218
G1 Z217
G1 E40 F9000
G1 F2779.614
G1 X727.187 Y564.378 E49.70059
G1 X435.622 Y272.813 E1780.10742
G1 X424.11 Y272.813 E49.70059
;WIPE_START
G1 F600
G1 X434.11 Y272.813 E-30
;WIPE_END
G1 Z218 F15000
G1 X424.11 Y727.187 Z218
G1 Z217
G1 E40 F9000
G1 F2779.614
G1 X435.622 Y727.187 E49.70059
G1 X727.187 Y435.623 E1780.10743
G1 X727.187 Y424.11 E49.70059
;WIPE_START
G1 F600
G1 X727.187 Y434.11 E-30
;WIPE_END
G1 Z218 F15000
G1 X715.675 Y727.187 Z218
G1 Z217
G1 E40 F9000
G1 F2779.614
G1 X727.187 Y727.187 E49.70059
G1 X272.813 Y272.813 E2774.11918
G1 X284.325 Y272.813 E49.70059
;WIPE_START
G1 F600
G1 X274.325 Y272.813 E-30
;WIPE_END
G1 Z218 F15000
G1 X284.325 Y727.187 Z218
G1 Z217
G1 E40 F9000
G1 F2779.614
G1 X272.813 Y727.187 E49.70025
G1 X727.187 Y272.813 E2774.11872
G1 X715.675 Y272.813 E49.70027
M73 P50 R445
;WIPE_START
G1 F600
G1 X725.675 Y272.813 E-30
;WIPE_END
G1 Z218 F15000
G1 X586.92 Y727.187 Z218
G1 Z217
G1 E40 F9000
G1 F2779.614
G1 X598.432 Y727.187 E49.70059
G1 X727.187 Y598.432 E786.09565
G1 X727.187 Y586.92 E49.70059
;WIPE_START
G1 F600
G1 X727.187 Y596.92 E-30
;WIPE_END
G1 Z218 F15000
G1 X575.89 Y727.187 Z218
G1 Z217
G1 E40 F9000
G1 F2779.614
G1 X564.378 Y727.187 E49.70059
G1 X272.813 Y435.622 E1780.10742
G1 X272.813 Y424.11 E49.70059
;WIPE_START
G1 F600
G1 X272.813 Y434.11 E-30
;WIPE_END
G1 Z218 F15000
G1 X413.08 Y727.187 Z218
G1 Z217
G1 E40 F9000
G1 F2779.614
G1 X401.568 Y727.187 E49.70059
G1 X272.813 Y598.432 E786.09565
G1 X272.813 Y586.92 E49.70059
; stop printing object Cube id:0 copy 0
;LAYER_CHANGE
;Z:218.5
;HEIGHT:1.5
;BEFORE_LAYER_CHANGE
;218.5
G92 E0

EXCLUDE_OBJECT_END NAME=Cube_id_0_copy_0
;AFTER_LAYER_CHANGE
;218.5
;_SET_FAN_SPEED_CHANGING_LAYER
; printing object Cube id:0 copy 0
;WIPE_START
G1 F600
G1 X272.813 Y596.92 E-30
;WIPE_END
EXCLUDE_OBJECT_START NAME=Cube_id_0_copy_0
G1 Z219.5 F15000
G1 X270.366 Y729.634 Z219.5
G1 Z218.5
G1 E40 F9000
;TYPE:Outer wall
;WIDTH:3.2
G1 F2779.615
G1 X270.366 Y270.366 E1982.72102
G1 F2760
G1 X729.634 Y270.366 E1982.72107
G1 X729.634 Y729.634 E1982.72102
M73 P50 R444
G1 X270.666 Y729.634 E1981.42588
;WIPE_START
G1 F600
G1 X270.66 Y719.634 E-30
;WIPE_END
G1 Z219.5 F15000
G1 X272.813 Y586.92 Z219.5
G1 Z218.5
G1 E40 F9000
;TYPE:Sparse infill
;WIDTH:3.2
G1 F2779.614
G1 X272.813 Y598.432 E49.70059
G1 X401.568 Y727.187 E786.09565
G1 X413.08 Y727.187 E49.70059
;WIPE_START
G1 F600
G1 X403.08 Y727.187 E-30
;WIPE_END
G1 Z219.5 F15000
G1 X272.813 Y424.11 Z219.5
G1 Z218.5
G1 E40 F9000
G1 F2779.614
G1 X272.813 Y435.622 E49.70059
G1 X564.378 Y727.187 E1780.10742
G1 X575.89 Y727.187 E49.70059
;WIPE_START
G1 F600
G1 X565.89 Y727.187 E-30
;WIPE_END
G1 Z219.5 F15000
G1 X727.187 Y586.92 Z219.5
G1 Z218.5
G1 E40 F9000
G1 F2779.614
G1 X727.187 Y598.432 E49.70059
G1 X598.432 Y727.187 E786.09565
G1 X586.92 Y727.187 E49.70059
;WIPE_START
G1 F600
G1 X596.92 Y727.187 E-30
;WIPE_END
G1 Z219.5 F15000
G1 X727.187 Y424.11 Z219.5
G1 Z218.5
G1 E40 F9000
G1 F2779.614
G1 X727.187 Y435.623 E49.70059
G1 X435.622 Y727.187 E1780.10743
G1 X424.11 Y727.187 E49.70059
M73 P50 R443
;WIPE_START
G1 F600
G1 X434.11 Y727.187 E-30
;WIPE_END
G1 Z219.5 F15000
G1 X424.11 Y272.813 Z219.5
G1 Z218.5
G1 E40 F9000
G1 F2779.614
G1 X435.622 Y272.813 E49.70059
G1 X727.187 Y564.378 E1780.10742
G1 X727.187 Y575.89 E49.70059
;WIPE_START
G1 F600
G1 X727.187 Y565.89 E-30
;WIPE_END
G1 Z219.5 F15000
G1 X715.675 Y272.813 Z219.5
G1 Z218.5
G1 E40 F9000
G1 F2779.614
G1 X727.187 Y272.813 E49.70027
G1 X272.813 Y727.187 E2774.11872
G1 X284.325 Y727.187 E49.70025
;WIPE_START
G1 F600
G1 X274.325 Y727.187 E-30
;WIPE_END
G1 Z219.5 F15000
G1 X284.325 Y272.813 Z219.5
G1 Z218.5
G1 E40 F9000
G1 F2779.614
G1 X272.813 Y272.813 E49.70059
G1 X727.187 Y727.187 E2774.11918
G1 X715.675 Y727.187 E49.70059
;WIPE_START
G1 F600
G1 X725.675 Y727.187 E-30
;WIPE_END
G1 Z219.5 F15000
G1 X586.92 Y272.813 Z219.5
G1 Z218.5
G1 E40 F9000
G1 F2779.614
G1 X598.432 Y272.813 E49.70059
G1 X727.187 Y401.568 E786.09564
G1 X727.187 Y413.08 E49.70059
M73 P50 R442
;WIPE_START
G1 F600
G1 X727.187 Y403.08 E-30
;WIPE_END
G1 Z219.5 F15000
G1 X575.89 Y272.813 Z219.5
G1 Z218.5
G1 E40 F9000
G1 F2779.614
G1 X564.378 Y272.813 E49.70059
G1 X272.813 Y564.377 E1780.10741
G1 X272.813 Y575.89 E49.70059
;WIPE_START
G1 F600
G1 X272.813 Y565.89 E-30
;WIPE_END
G1 Z219.5 F15000
G1 X413.08 Y272.813 Z219.5
G1 Z218.5
G1 E40 F9000
G1 F2779.614
G1 X401.568 Y272.813 E49.70059
G1 X272.813 Y401.568 E786.09564
G1 X272.813 Y413.08 E49.70059
; stop printing object Cube id:0 copy 0
;LAYER_CHANGE
;Z:220
;HEIGHT:1.5
;BEFORE_LAYER_CHANGE
;220
G92 E0

EXCLUDE_OBJECT_END NAME=Cube_id_0_copy_0
;AFTER_LAYER_CHANGE
;220
;_SET_FAN_SPEED_CHANGING_LAYER
; printing object Cube id:0 copy 0
;WIPE_START
G1 F600
G1 X272.813 Y403.08 E-30
;WIPE_END
EXCLUDE_OBJECT_START NAME=Cube_id_0_copy_0
G1 Z221 F15000
G1 X270.366 Y270.366 Z221
G1 Z220
G1 E40 F9000
;TYPE:Outer wall
;WIDTH:3.2
G1 F2779.615
G1 X729.634 Y270.366 E1982.72102
G1 F2760
G1 X729.634 Y729.634 E1982.72107
G1 X270.366 Y729.634 E1982.72102
G1 X270.366 Y270.666 E1981.42588
;WIPE_START
G1 F600
M73 P50 R441
G1 X280.366 Y270.66 E-30
;WIPE_END
G1 Z221 F15000
G1 X272.813 Y413.08 Z221
G1 Z220
G1 E40 F9000
;TYPE:Sparse infill
;WIDTH:3.2
G1 F2779.614
G1 X272.813 Y401.568 E49.70059
G1 X401.568 Y272.813 E786.09564
G1 X413.08 Y272.813 E49.70059
;WIPE_START
G1 F600
G1 X403.08 Y272.813 E-30
;WIPE_END
G1 Z221 F15000
G1 X272.813 Y575.89 Z221
G1 Z220
G1 E40 F9000
G1 F2779.614
G1 X272.813 Y564.377 E49.70059
G1 X564.378 Y272.813 E1780.10741
G1 X575.89 Y272.813 E49.70059
;WIPE_START
G1 F600
G1 X565.89 Y272.813 E-30
;WIPE_END
G1 Z221 F15000
G1 X727.187 Y413.08 Z221
G1 Z220
G1 E40 F9000
G1 F2779.614
G1 X727.187 Y401.568 E49.70059
G1 X598.432 Y272.813 E786.09564
G1 X586.92 Y272.813 E49.70059
;WIPE_START
G1 F600
G1 X596.92 Y272.813 E-30
;WIPE_END
G1 Z221 F15000
G1 X727.187 Y575.89 Z221
G1 Z220
G1 E40 F9000
G1 F2779.614
G1 X727.187 Y564.378 E49.70059
G1 X435.622 Y272.813 E1780.10742
G1 X424.11 Y272.813 E49.70059
;WIPE_START
G1 F600
G1 X434.11 Y272.813 E-30
;WIPE_END
G1 Z221 F15000
G1 X424.11 Y727.187 Z221
G1 Z220
G1 E40 F9000
G1 F2779.614
G1 X435.622 Y727.187 E49.70059
G1 X727.187 Y435.623 E1780.10743
G1 X727.187 Y424.11 E49.70059
M73 P50 R440
;WIPE_START
G1 F600
G1 X727.187 Y434.11 E-30
;WIPE_END
G1 Z221 F15000
G1 X715.675 Y727.187 Z221
G1 Z220
G1 E40 F9000
G1 F2779.614
G1 X727.187 Y727.187 E49.70059
G1 X272.813 Y272.813 E2774.11918
G1 X284.325 Y272.813 E49.70059
;WIPE_START
G1 F600
G1 X274.325 Y272.813 E-30
;WIPE_END
G1 Z221 F15000
G1 X284.325 Y727.187 Z221
G1 Z220
G1 E40 F9000
G1 F2779.614
G1 X272.813 Y727.187 E49.70025
G1 X727.187 Y272.813 E2774.11872
G1 X715.675 Y272.813 E49.70027
;WIPE_START
G1 F600
G1 X725.675 Y272.813 E-30
;WIPE_END
G1 Z221 F15000
G1 X586.92 Y727.187 Z221
G1 Z220
G1 E40 F9000
G1 F2779.614
G1 X598.432 Y727.187 E49.70059
G1 X727.187 Y598.432 E786.09565
G1 X727.187 Y586.92 E49.70059
;WIPE_START
G1 F600
G1 X727.187 Y596.92 E-30
;WIPE_END
G1 Z221 F15000
M73 P51 R440
G1 X575.89 Y727.187 Z221
G1 Z220
G1 E40 F9000
G1 F2779.614
G1 X564.378 Y727.187 E49.70059
G1 X272.813 Y435.622 E1780.10742
G1 X272.813 Y424.11 E49.70059
;WIPE_START
G1 F600
G1 X272.813 Y434.11 E-30
;WIPE_END
G1 Z221 F15000
M73 P51 R439
G1 X413.08 Y727.187 Z221
G1 Z220
G1 E40 F9000
G1 F2779.614
G1 X401.568 Y727.187 E49.70059
G1 X272.813 Y598.432 E786.09565
G1 X272.813 Y586.92 E49.70059
; stop printing object Cube id:0 copy 0
;LAYER_CHANGE
;Z:221.5
;HEIGHT:1.5
;BEFORE_LAYER_CHANGE
;221.5
G92 E0

EXCLUDE_OBJECT_END NAME=Cube_id_0_copy_0
;AFTER_LAYER_CHANGE
;221.5
;_SET_FAN_SPEED_CHANGING_LAYER
; printing object Cube id:0 copy 0
;WIPE_START
G1 F600
G1 X272.813 Y596.92 E-30
;WIPE_END
EXCLUDE_OBJECT_START NAME=Cube_id_0_copy_0
G1 Z222.5 F15000
G1 X270.366 Y729.634 Z222.5
G1 Z221.5
G1 E40 F9000
;TYPE:Outer wall
;WIDTH:3.2
G1 F2779.615
G1 X270.366 Y270.366 E1982.72102
G1 F2760
G1 X729.634 Y270.366 E1982.72107
G1 X729.634 Y729.634 E1982.72102
G1 X270.666 Y729.634 E1981.42588
;WIPE_START
G1 F600
G1 X270.66 Y719.634 E-30
;WIPE_END
G1 Z222.5 F15000
G1 X272.813 Y586.92 Z222.5
G1 Z221.5
G1 E40 F9000
;TYPE:Sparse infill
;WIDTH:3.2
G1 F2779.614
G1 X272.813 Y598.432 E49.70059
G1 X401.568 Y727.187 E786.09565
G1 X413.08 Y727.187 E49.70059
;WIPE_START
G1 F600
G1 X403.08 Y727.187 E-30
;WIPE_END
G1 Z222.5 F15000
G1 X272.813 Y424.11 Z222.5
G1 Z221.5
G1 E40 F9000
M73 P51 R438
G1 F2779.614
G1 X272.813 Y435.622 E49.70059
G1 X564.378 Y727.187 E1780.10742
G1 X575.89 Y727.187 E49.70059
;WIPE_START
G1 F600
G1 X565.89 Y727.187 E-30
;WIPE_END
G1 Z222.5 F15000
G1 X727.187 Y586.92 Z222.5
G1 Z221.5
G1 E40 F9000
G1 F2779.614
G1 X727.187 Y598.432 E49.70059
G1 X598.432 Y727.187 E786.09565
G1 X586.92 Y727.187 E49.70059
;WIPE_START
G1 F600
G1 X596.92 Y727.187 E-30
;WIPE_END
G1 Z222.5 F15000
G1 X727.187 Y424.11 Z222.5
G1 Z221.5
G1 E40 F9000
G1 F2779.614
G1 X727.187 Y435.623 E49.70059
G1 X435.622 Y727.187 E1780.10743
G1 X424.11 Y727.187 E49.70059
;WIPE_START
G1 F600
G1 X434.11 Y727.187 E-30
;WIPE_END
G1 Z222.5 F15000
G1 X424.11 Y272.813 Z222.5
G1 Z221.5
G1 E40 F9000
G1 F2779.614
G1 X435.622 Y272.813 E49.70059
G1 X727.187 Y564.378 E1780.10742
G1 X727.187 Y575.89 E49.70059
;WIPE_START
G1 F600
G1 X727.187 Y565.89 E-30
;WIPE_END
G1 Z222.5 F15000
G1 X715.675 Y272.813 Z222.5
G1 Z221.5
G1 E40 F9000
G1 F2779.614
G1 X727.187 Y272.813 E49.70027
G1 X272.813 Y727.187 E2774.11872
G1 X284.325 Y727.187 E49.70025
M73 P51 R437
;WIPE_START
G1 F600
G1 X274.325 Y727.187 E-30
;WIPE_END
G1 Z222.5 F15000
G1 X284.325 Y272.813 Z222.5
G1 Z221.5
G1 E40 F9000
G1 F2779.614
G1 X272.813 Y272.813 E49.70059
G1 X727.187 Y727.187 E2774.11918
G1 X715.675 Y727.187 E49.70059
;WIPE_START
G1 F600
G1 X725.675 Y727.187 E-30
;WIPE_END
G1 Z222.5 F15000
G1 X586.92 Y272.813 Z222.5
G1 Z221.5
G1 E40 F9000
G1 F2779.614
G1 X598.432 Y272.813 E49.70059
G1 X727.187 Y401.568 E786.09564
G1 X727.187 Y413.08 E49.70059
;WIPE_START
G1 F600
G1 X727.187 Y403.08 E-30
;WIPE_END
G1 Z222.5 F15000
G1 X575.89 Y272.813 Z222.5
G1 Z221.5
G1 E40 F9000
G1 F2779.614
G1 X564.378 Y272.813 E49.70059
G1 X272.813 Y564.377 E1780.10741
G1 X272.813 Y575.89 E49.70059
;WIPE_START
G1 F600
G1 X272.813 Y565.89 E-30
;WIPE_END
G1 Z222.5 F15000
G1 X413.08 Y272.813 Z222.5
G1 Z221.5
G1 E40 F9000
G1 F2779.614
G1 X401.568 Y272.813 E49.70059
G1 X272.813 Y401.568 E786.09564
G1 X272.813 Y413.08 E49.70059
; stop printing object Cube id:0 copy 0
;LAYER_CHANGE
;Z:223
;HEIGHT:1.5
;BEFORE_LAYER_CHANGE
;223
G92 E0

EXCLUDE_OBJECT_END NAME=Cube_id_0_copy_0
;AFTER_LAYER_CHANGE
;223
;_SET_FAN_SPEED_CHANGING_LAYER
; printing object Cube id:0 copy 0
;WIPE_START
G1 F600
G1 X272.813 Y403.08 E-30
;WIPE_END
EXCLUDE_OBJECT_START NAME=Cube_id_0_copy_0
G1 Z224 F15000
G1 X270.366 Y270.366 Z224
G1 Z223
G1 E40 F9000
;TYPE:Outer wall
;WIDTH:3.2
G1 F2779.615
G1 X729.634 Y270.366 E1982.72102
G1 F2760
M73 P51 R436
G1 X729.634 Y729.634 E1982.72107
G1 X270.366 Y729.634 E1982.72102
G1 X270.366 Y270.666 E1981.42588
;WIPE_START
G1 F600
G1 X280.366 Y270.66 E-30
;WIPE_END
G1 Z224 F15000
G1 X272.813 Y413.08 Z224
G1 Z223
G1 E40 F9000
;TYPE:Sparse infill
;WIDTH:3.2
G1 F2779.614
G1 X272.813 Y401.568 E49.70059
G1 X401.568 Y272.813 E786.09564
G1 X413.08 Y272.813 E49.70059
;WIPE_START
G1 F600
G1 X403.08 Y272.813 E-30
;WIPE_END
G1 Z224 F15000
G1 X272.813 Y575.89 Z224
G1 Z223
G1 E40 F9000
G1 F2779.614
G1 X272.813 Y564.377 E49.70059
G1 X564.378 Y272.813 E1780.10741
G1 X575.89 Y272.813 E49.70059
;WIPE_START
G1 F600
G1 X565.89 Y272.813 E-30
;WIPE_END
G1 Z224 F15000
G1 X727.187 Y413.08 Z224
G1 Z223
G1 E40 F9000
G1 F2779.614
G1 X727.187 Y401.568 E49.70059
G1 X598.432 Y272.813 E786.09564
G1 X586.92 Y272.813 E49.70059
M73 P51 R435
;WIPE_START
G1 F600
G1 X596.92 Y272.813 E-30
;WIPE_END
G1 Z224 F15000
G1 X727.187 Y575.89 Z224
G1 Z223
G1 E40 F9000
G1 F2779.614
G1 X727.187 Y564.378 E49.70059
G1 X435.622 Y272.813 E1780.10742
G1 X424.11 Y272.813 E49.70059
;WIPE_START
G1 F600
G1 X434.11 Y272.813 E-30
;WIPE_END
G1 Z224 F15000
G1 X424.11 Y727.187 Z224
G1 Z223
G1 E40 F9000
G1 F2779.614
G1 X435.622 Y727.187 E49.70059
G1 X727.187 Y435.623 E1780.10743
G1 X727.187 Y424.11 E49.70059
;WIPE_START
G1 F600
G1 X727.187 Y434.11 E-30
;WIPE_END
G1 Z224 F15000
G1 X715.675 Y727.187 Z224
G1 Z223
G1 E40 F9000
G1 F2779.614
G1 X727.187 Y727.187 E49.70059
G1 X272.813 Y272.813 E2774.11918
G1 X284.325 Y272.813 E49.70059
;WIPE_START
G1 F600
G1 X274.325 Y272.813 E-30
;WIPE_END
G1 Z224 F15000
G1 X284.325 Y727.187 Z224
G1 Z223
G1 E40 F9000
G1 F2779.614
G1 X272.813 Y727.187 E49.70025
G1 X727.187 Y272.813 E2774.11872
G1 X715.675 Y272.813 E49.70027
M73 P51 R434
;WIPE_START
G1 F600
G1 X725.675 Y272.813 E-30
;WIPE_END
G1 Z224 F15000
G1 X586.92 Y727.187 Z224
G1 Z223
G1 E40 F9000
G1 F2779.614
G1 X598.432 Y727.187 E49.70059
G1 X727.187 Y598.432 E786.09565
G1 X727.187 Y586.92 E49.70059
;WIPE_START
G1 F600
G1 X727.187 Y596.92 E-30
;WIPE_END
G1 Z224 F15000
G1 X575.89 Y727.187 Z224
G1 Z223
G1 E40 F9000
G1 F2779.614
G1 X564.378 Y727.187 E49.70059
G1 X272.813 Y435.622 E1780.10742
G1 X272.813 Y424.11 E49.70059
;WIPE_START
G1 F600
G1 X272.813 Y434.11 E-30
;WIPE_END
G1 Z224 F15000
G1 X413.08 Y727.187 Z224
G1 Z223
G1 E40 F9000
G1 F2779.614
G1 X401.568 Y727.187 E49.70059
G1 X272.813 Y598.432 E786.09565
G1 X272.813 Y586.92 E49.70059
; stop printing object Cube id:0 copy 0
;LAYER_CHANGE
;Z:224.5
;HEIGHT:1.5
;BEFORE_LAYER_CHANGE
;224.5
G92 E0

EXCLUDE_OBJECT_END NAME=Cube_id_0_copy_0
;AFTER_LAYER_CHANGE
;224.5
;_SET_FAN_SPEED_CHANGING_LAYER
; printing object Cube id:0 copy 0
;WIPE_START
G1 F600
G1 X272.813 Y596.92 E-30
;WIPE_END
EXCLUDE_OBJECT_START NAME=Cube_id_0_copy_0
G1 Z225.5 F15000
G1 X270.366 Y729.634 Z225.5
G1 Z224.5
G1 E40 F9000
;TYPE:Outer wall
;WIDTH:3.2
G1 F2779.615
G1 X270.366 Y270.366 E1982.72102
G1 F2760
G1 X729.634 Y270.366 E1982.72107
G1 X729.634 Y729.634 E1982.72102
G1 X270.666 Y729.634 E1981.42588
M73 P51 R433
;WIPE_START
G1 F600
G1 X270.66 Y719.634 E-30
;WIPE_END
G1 Z225.5 F15000
G1 X272.813 Y586.92 Z225.5
G1 Z224.5
G1 E40 F9000
;TYPE:Sparse infill
;WIDTH:3.2
G1 F2779.614
G1 X272.813 Y598.432 E49.70059
G1 X401.568 Y727.187 E786.09565
G1 X413.08 Y727.187 E49.70059
;WIPE_START
G1 F600
G1 X403.08 Y727.187 E-30
;WIPE_END
G1 Z225.5 F15000
G1 X272.813 Y424.11 Z225.5
G1 Z224.5
G1 E40 F9000
G1 F2779.614
G1 X272.813 Y435.622 E49.70059
G1 X564.378 Y727.187 E1780.10742
G1 X575.89 Y727.187 E49.70059
;WIPE_START
G1 F600
G1 X565.89 Y727.187 E-30
;WIPE_END
G1 Z225.5 F15000
G1 X727.187 Y586.92 Z225.5
G1 Z224.5
G1 E40 F9000
G1 F2779.614
G1 X727.187 Y598.432 E49.70059
G1 X598.432 Y727.187 E786.09565
G1 X586.92 Y727.187 E49.70059
;WIPE_START
G1 F600
G1 X596.92 Y727.187 E-30
;WIPE_END
G1 Z225.5 F15000
G1 X727.187 Y424.11 Z225.5
G1 Z224.5
G1 E40 F9000
G1 F2779.614
G1 X727.187 Y435.623 E49.70059
G1 X435.622 Y727.187 E1780.10743
G1 X424.11 Y727.187 E49.70059
;WIPE_START
G1 F600
G1 X434.11 Y727.187 E-30
;WIPE_END
G1 Z225.5 F15000
G1 X424.11 Y272.813 Z225.5
G1 Z224.5
G1 E40 F9000
M73 P51 R432
G1 F2779.614
G1 X435.622 Y272.813 E49.70059
G1 X727.187 Y564.378 E1780.10742
G1 X727.187 Y575.89 E49.70059
;WIPE_START
G1 F600
G1 X727.187 Y565.89 E-30
;WIPE_END
G1 Z225.5 F15000
G1 X715.675 Y272.813 Z225.5
G1 Z224.5
G1 E40 F9000
G1 F2779.614
G1 X727.187 Y272.813 E49.70027
G1 X272.813 Y727.187 E2774.11872
G1 X284.325 Y727.187 E49.70025
;WIPE_START
G1 F600
G1 X274.325 Y727.187 E-30
;WIPE_END
G1 Z225.5 F15000
G1 X284.325 Y272.813 Z225.5
G1 Z224.5
G1 E40 F9000
G1 F2779.614
G1 X272.813 Y272.813 E49.70059
G1 X727.187 Y727.187 E2774.11918
G1 X715.675 Y727.187 E49.70059
;WIPE_START
G1 F600
G1 X725.675 Y727.187 E-30
;WIPE_END
G1 Z225.5 F15000
G1 X586.92 Y272.813 Z225.5
G1 Z224.5
G1 E40 F9000
G1 F2779.614
G1 X598.432 Y272.813 E49.70059
G1 X727.187 Y401.568 E786.09564
G1 X727.187 Y413.08 E49.70059
;WIPE_START
G1 F600
G1 X727.187 Y403.08 E-30
;WIPE_END
G1 Z225.5 F15000
G1 X575.89 Y272.813 Z225.5
G1 Z224.5
G1 E40 F9000
G1 F2779.614
G1 X564.378 Y272.813 E49.70059
G1 X272.813 Y564.377 E1780.10741
G1 X272.813 Y575.89 E49.70059
M73 P51 R431
;WIPE_START
G1 F600
G1 X272.813 Y565.89 E-30
;WIPE_END
G1 Z225.5 F15000
G1 X413.08 Y272.813 Z225.5
G1 Z224.5
G1 E40 F9000
G1 F2779.614
G1 X401.568 Y272.813 E49.70059
G1 X272.813 Y401.568 E786.09564
G1 X272.813 Y413.08 E49.70059
; stop printing object Cube id:0 copy 0
;LAYER_CHANGE
;Z:226
;HEIGHT:1.5
;BEFORE_LAYER_CHANGE
;226
G92 E0

EXCLUDE_OBJECT_END NAME=Cube_id_0_copy_0
;AFTER_LAYER_CHANGE
;226
;_SET_FAN_SPEED_CHANGING_LAYER
; printing object Cube id:0 copy 0
;WIPE_START
G1 F600
G1 X272.813 Y403.08 E-30
;WIPE_END
EXCLUDE_OBJECT_START NAME=Cube_id_0_copy_0
G1 Z227 F15000
G1 X270.366 Y270.366 Z227
G1 Z226
G1 E40 F9000
;TYPE:Outer wall
;WIDTH:3.2
G1 F2779.615
G1 X729.634 Y270.366 E1982.72102
G1 F2760
G1 X729.634 Y729.634 E1982.72107
G1 X270.366 Y729.634 E1982.72102
G1 X270.366 Y270.666 E1981.42588
M73 P52 R431
;WIPE_START
G1 F600
G1 X280.366 Y270.66 E-30
;WIPE_END
G1 Z227 F15000
G1 X272.813 Y413.08 Z227
M73 P52 R430
G1 Z226
G1 E40 F9000
;TYPE:Sparse infill
;WIDTH:3.2
G1 F2779.614
G1 X272.813 Y401.568 E49.70059
G1 X401.568 Y272.813 E786.09564
G1 X413.08 Y272.813 E49.70059
;WIPE_START
G1 F600
G1 X403.08 Y272.813 E-30
;WIPE_END
G1 Z227 F15000
G1 X272.813 Y575.89 Z227
G1 Z226
G1 E40 F9000
G1 F2779.614
G1 X272.813 Y564.377 E49.70059
G1 X564.378 Y272.813 E1780.10741
G1 X575.89 Y272.813 E49.70059
;WIPE_START
G1 F600
G1 X565.89 Y272.813 E-30
;WIPE_END
G1 Z227 F15000
G1 X727.187 Y413.08 Z227
G1 Z226
G1 E40 F9000
G1 F2779.614
G1 X727.187 Y401.568 E49.70059
G1 X598.432 Y272.813 E786.09564
G1 X586.92 Y272.813 E49.70059
;WIPE_START
G1 F600
G1 X596.92 Y272.813 E-30
;WIPE_END
G1 Z227 F15000
G1 X727.187 Y575.89 Z227
G1 Z226
G1 E40 F9000
G1 F2779.614
G1 X727.187 Y564.378 E49.70059
G1 X435.622 Y272.813 E1780.10742
G1 X424.11 Y272.813 E49.70059
;WIPE_START
G1 F600
G1 X434.11 Y272.813 E-30
;WIPE_END
G1 Z227 F15000
G1 X424.11 Y727.187 Z227
G1 Z226
G1 E40 F9000
G1 F2779.614
G1 X435.622 Y727.187 E49.70059
G1 X727.187 Y435.623 E1780.10743
G1 X727.187 Y424.11 E49.70059
;WIPE_START
G1 F600
G1 X727.187 Y434.11 E-30
;WIPE_END
G1 Z227 F15000
G1 X715.675 Y727.187 Z227
G1 Z226
G1 E40 F9000
G1 F2779.614
G1 X727.187 Y727.187 E49.70059
G1 X272.813 Y272.813 E2774.11918
G1 X284.325 Y272.813 E49.70059
M73 P52 R429
;WIPE_START
G1 F600
G1 X274.325 Y272.813 E-30
;WIPE_END
G1 Z227 F15000
G1 X284.325 Y727.187 Z227
G1 Z226
G1 E40 F9000
G1 F2779.614
G1 X272.813 Y727.187 E49.70025
G1 X727.187 Y272.813 E2774.11872
G1 X715.675 Y272.813 E49.70027
;WIPE_START
G1 F600
G1 X725.675 Y272.813 E-30
;WIPE_END
G1 Z227 F15000
G1 X586.92 Y727.187 Z227
G1 Z226
G1 E40 F9000
G1 F2779.614
G1 X598.432 Y727.187 E49.70059
G1 X727.187 Y598.432 E786.09565
G1 X727.187 Y586.92 E49.70059
;WIPE_START
G1 F600
G1 X727.187 Y596.92 E-30
;WIPE_END
G1 Z227 F15000
G1 X575.89 Y727.187 Z227
G1 Z226
G1 E40 F9000
G1 F2779.614
G1 X564.378 Y727.187 E49.70059
G1 X272.813 Y435.622 E1780.10742
G1 X272.813 Y424.11 E49.70059
;WIPE_START
G1 F600
G1 X272.813 Y434.11 E-30
;WIPE_END
G1 Z227 F15000
G1 X413.08 Y727.187 Z227
G1 Z226
G1 E40 F9000
G1 F2779.614
G1 X401.568 Y727.187 E49.70059
G1 X272.813 Y598.432 E786.09565
G1 X272.813 Y586.92 E49.70059
; stop printing object Cube id:0 copy 0
;LAYER_CHANGE
;Z:227.5
;HEIGHT:1.5
;BEFORE_LAYER_CHANGE
;227.5
G92 E0

EXCLUDE_OBJECT_END NAME=Cube_id_0_copy_0
;AFTER_LAYER_CHANGE
;227.5
;_SET_FAN_SPEED_CHANGING_LAYER
; printing object Cube id:0 copy 0
;WIPE_START
G1 F600
G1 X272.813 Y596.92 E-30
;WIPE_END
EXCLUDE_OBJECT_START NAME=Cube_id_0_copy_0
G1 Z228.5 F15000
G1 X270.366 Y729.634 Z228.5
M73 P52 R428
G1 Z227.5
G1 E40 F9000
;TYPE:Outer wall
;WIDTH:3.2
G1 F2779.615
G1 X270.366 Y270.366 E1982.72102
G1 F2760
G1 X729.634 Y270.366 E1982.72107
G1 X729.634 Y729.634 E1982.72102
G1 X270.666 Y729.634 E1981.42588
;WIPE_START
G1 F600
G1 X270.66 Y719.634 E-30
;WIPE_END
G1 Z228.5 F15000
G1 X272.813 Y586.92 Z228.5
G1 Z227.5
G1 E40 F9000
;TYPE:Sparse infill
;WIDTH:3.2
G1 F2779.614
G1 X272.813 Y598.432 E49.70059
G1 X401.568 Y727.187 E786.09565
G1 X413.08 Y727.187 E49.70059
;WIPE_START
G1 F600
G1 X403.08 Y727.187 E-30
;WIPE_END
G1 Z228.5 F15000
G1 X272.813 Y424.11 Z228.5
G1 Z227.5
G1 E40 F9000
G1 F2779.614
G1 X272.813 Y435.622 E49.70059
G1 X564.378 Y727.187 E1780.10742
G1 X575.89 Y727.187 E49.70059
M73 P52 R427
;WIPE_START
G1 F600
G1 X565.89 Y727.187 E-30
;WIPE_END
G1 Z228.5 F15000
G1 X727.187 Y586.92 Z228.5
G1 Z227.5
G1 E40 F9000
G1 F2779.614
G1 X727.187 Y598.432 E49.70059
G1 X598.432 Y727.187 E786.09565
G1 X586.92 Y727.187 E49.70059
;WIPE_START
G1 F600
G1 X596.92 Y727.187 E-30
;WIPE_END
G1 Z228.5 F15000
G1 X727.187 Y424.11 Z228.5
G1 Z227.5
G1 E40 F9000
G1 F2779.614
G1 X727.187 Y435.623 E49.70059
G1 X435.622 Y727.187 E1780.10743
G1 X424.11 Y727.187 E49.70059
;WIPE_START
G1 F600
G1 X434.11 Y727.187 E-30
;WIPE_END
G1 Z228.5 F15000
G1 X424.11 Y272.813 Z228.5
G1 Z227.5
G1 E40 F9000
G1 F2779.614
G1 X435.622 Y272.813 E49.70059
G1 X727.187 Y564.378 E1780.10742
G1 X727.187 Y575.89 E49.70059
;WIPE_START
G1 F600
G1 X727.187 Y565.89 E-30
;WIPE_END
G1 Z228.5 F15000
G1 X715.675 Y272.813 Z228.5
G1 Z227.5
G1 E40 F9000
G1 F2779.614
G1 X727.187 Y272.813 E49.70027
G1 X272.813 Y727.187 E2774.11872
G1 X284.325 Y727.187 E49.70025
;WIPE_START
G1 F600
G1 X274.325 Y727.187 E-30
;WIPE_END
G1 Z228.5 F15000
G1 X284.325 Y272.813 Z228.5
G1 Z227.5
G1 E40 F9000
G1 F2779.614
G1 X272.813 Y272.813 E49.70059
G1 X727.187 Y727.187 E2774.11918
G1 X715.675 Y727.187 E49.70059
M73 P52 R426
;WIPE_START
G1 F600
G1 X725.675 Y727.187 E-30
;WIPE_END
G1 Z228.5 F15000
G1 X586.92 Y272.813 Z228.5
G1 Z227.5
G1 E40 F9000
G1 F2779.614
G1 X598.432 Y272.813 E49.70059
G1 X727.187 Y401.568 E786.09564
G1 X727.187 Y413.08 E49.70059
;WIPE_START
G1 F600
G1 X727.187 Y403.08 E-30
;WIPE_END
G1 Z228.5 F15000
G1 X575.89 Y272.813 Z228.5
G1 Z227.5
G1 E40 F9000
G1 F2779.614
G1 X564.378 Y272.813 E49.70059
G1 X272.813 Y564.377 E1780.10741
G1 X272.813 Y575.89 E49.70059
;WIPE_START
G1 F600
G1 X272.813 Y565.89 E-30
;WIPE_END
G1 Z228.5 F15000
G1 X413.08 Y272.813 Z228.5
G1 Z227.5
G1 E40 F9000
G1 F2779.614
G1 X401.568 Y272.813 E49.70059
G1 X272.813 Y401.568 E786.09564
G1 X272.813 Y413.08 E49.70059
; stop printing object Cube id:0 copy 0
;LAYER_CHANGE
;Z:229
;HEIGHT:1.5
;BEFORE_LAYER_CHANGE
;229
G92 E0

EXCLUDE_OBJECT_END NAME=Cube_id_0_copy_0
;AFTER_LAYER_CHANGE
;229
;_SET_FAN_SPEED_CHANGING_LAYER
; printing object Cube id:0 copy 0
;WIPE_START
G1 F600
G1 X272.813 Y403.08 E-30
;WIPE_END
EXCLUDE_OBJECT_START NAME=Cube_id_0_copy_0
G1 Z230 F15000
G1 X270.366 Y270.366 Z230
G1 Z229
G1 E40 F9000
;TYPE:Outer wall
;WIDTH:3.2
G1 F2779.615
G1 X729.634 Y270.366 E1982.72102
G1 F2760
G1 X729.634 Y729.634 E1982.72107
G1 X270.366 Y729.634 E1982.72102
M73 P52 R425
G1 X270.366 Y270.666 E1981.42588
;WIPE_START
G1 F600
G1 X280.366 Y270.66 E-30
;WIPE_END
G1 Z230 F15000
G1 X272.813 Y413.08 Z230
G1 Z229
G1 E40 F9000
;TYPE:Sparse infill
;WIDTH:3.2
G1 F2779.614
G1 X272.813 Y401.568 E49.70059
G1 X401.568 Y272.813 E786.09564
G1 X413.08 Y272.813 E49.70059
;WIPE_START
G1 F600
G1 X403.08 Y272.813 E-30
;WIPE_END
G1 Z230 F15000
G1 X272.813 Y575.89 Z230
G1 Z229
G1 E40 F9000
G1 F2779.614
G1 X272.813 Y564.377 E49.70059
G1 X564.378 Y272.813 E1780.10741
G1 X575.89 Y272.813 E49.70059
;WIPE_START
G1 F600
G1 X565.89 Y272.813 E-30
;WIPE_END
G1 Z230 F15000
G1 X727.187 Y413.08 Z230
G1 Z229
G1 E40 F9000
G1 F2779.614
G1 X727.187 Y401.568 E49.70059
G1 X598.432 Y272.813 E786.09564
G1 X586.92 Y272.813 E49.70059
;WIPE_START
G1 F600
G1 X596.92 Y272.813 E-30
;WIPE_END
G1 Z230 F15000
G1 X727.187 Y575.89 Z230
G1 Z229
G1 E40 F9000
G1 F2779.614
G1 X727.187 Y564.378 E49.70059
G1 X435.622 Y272.813 E1780.10742
G1 X424.11 Y272.813 E49.70059
M73 P52 R424
;WIPE_START
G1 F600
G1 X434.11 Y272.813 E-30
;WIPE_END
G1 Z230 F15000
G1 X424.11 Y727.187 Z230
G1 Z229
G1 E40 F9000
G1 F2779.614
G1 X435.622 Y727.187 E49.70059
G1 X727.187 Y435.623 E1780.10743
G1 X727.187 Y424.11 E49.70059
;WIPE_START
G1 F600
G1 X727.187 Y434.11 E-30
;WIPE_END
G1 Z230 F15000
G1 X715.675 Y727.187 Z230
G1 Z229
G1 E40 F9000
G1 F2779.614
G1 X727.187 Y727.187 E49.70059
G1 X272.813 Y272.813 E2774.11918
G1 X284.325 Y272.813 E49.70059
;WIPE_START
G1 F600
G1 X274.325 Y272.813 E-30
;WIPE_END
G1 Z230 F15000
G1 X284.325 Y727.187 Z230
G1 Z229
G1 E40 F9000
G1 F2779.614
G1 X272.813 Y727.187 E49.70025
G1 X727.187 Y272.813 E2774.11872
G1 X715.675 Y272.813 E49.70027
;WIPE_START
G1 F600
G1 X725.675 Y272.813 E-30
;WIPE_END
G1 Z230 F15000
G1 X586.92 Y727.187 Z230
G1 Z229
G1 E40 F9000
G1 F2779.614
G1 X598.432 Y727.187 E49.70059
G1 X727.187 Y598.432 E786.09565
G1 X727.187 Y586.92 E49.70059
M73 P52 R423
;WIPE_START
G1 F600
G1 X727.187 Y596.92 E-30
;WIPE_END
G1 Z230 F15000
G1 X575.89 Y727.187 Z230
G1 Z229
G1 E40 F9000
G1 F2779.614
G1 X564.378 Y727.187 E49.70059
G1 X272.813 Y435.622 E1780.10742
G1 X272.813 Y424.11 E49.70059
;WIPE_START
G1 F600
G1 X272.813 Y434.11 E-30
;WIPE_END
G1 Z230 F15000
G1 X413.08 Y727.187 Z230
G1 Z229
G1 E40 F9000
G1 F2779.614
G1 X401.568 Y727.187 E49.70059
G1 X272.813 Y598.432 E786.09565
G1 X272.813 Y586.92 E49.70059
; stop printing object Cube id:0 copy 0
;LAYER_CHANGE
;Z:230.5
;HEIGHT:1.5
;BEFORE_LAYER_CHANGE
;230.5
G92 E0

EXCLUDE_OBJECT_END NAME=Cube_id_0_copy_0
;AFTER_LAYER_CHANGE
;230.5
;_SET_FAN_SPEED_CHANGING_LAYER
; printing object Cube id:0 copy 0
;WIPE_START
G1 F600
G1 X272.813 Y596.92 E-30
;WIPE_END
EXCLUDE_OBJECT_START NAME=Cube_id_0_copy_0
G1 Z231.5 F15000
G1 X270.366 Y729.634 Z231.5
G1 Z230.5
G1 E40 F9000
;TYPE:Outer wall
;WIDTH:3.2
G1 F2779.615
G1 X270.366 Y270.366 E1982.72102
G1 F2760
G1 X729.634 Y270.366 E1982.72107
G1 X729.634 Y729.634 E1982.72102
G1 X270.666 Y729.634 E1981.42588
;WIPE_START
G1 F600
M73 P52 R422
G1 X270.66 Y719.634 E-30
;WIPE_END
G1 Z231.5 F15000
G1 X272.813 Y586.92 Z231.5
G1 Z230.5
G1 E40 F9000
;TYPE:Sparse infill
;WIDTH:3.2
G1 F2779.614
G1 X272.813 Y598.432 E49.70059
G1 X401.568 Y727.187 E786.09565
G1 X413.08 Y727.187 E49.70059
;WIPE_START
G1 F600
G1 X403.08 Y727.187 E-30
;WIPE_END
G1 Z231.5 F15000
G1 X272.813 Y424.11 Z231.5
G1 Z230.5
G1 E40 F9000
G1 F2779.614
G1 X272.813 Y435.622 E49.70059
G1 X564.378 Y727.187 E1780.10742
G1 X575.89 Y727.187 E49.70059
;WIPE_START
G1 F600
G1 X565.89 Y727.187 E-30
;WIPE_END
G1 Z231.5 F15000
G1 X727.187 Y586.92 Z231.5
G1 Z230.5
G1 E40 F9000
G1 F2779.614
G1 X727.187 Y598.432 E49.70059
G1 X598.432 Y727.187 E786.09565
G1 X586.92 Y727.187 E49.70059
;WIPE_START
G1 F600
G1 X596.92 Y727.187 E-30
;WIPE_END
G1 Z231.5 F15000
G1 X727.187 Y424.11 Z231.5
G1 Z230.5
G1 E40 F9000
G1 F2779.614
G1 X727.187 Y435.623 E49.70059
G1 X435.622 Y727.187 E1780.10743
G1 X424.11 Y727.187 E49.70059
M73 P53 R422
;WIPE_START
G1 F600
G1 X434.11 Y727.187 E-30
;WIPE_END
G1 Z231.5 F15000
G1 X424.11 Y272.813 Z231.5
G1 Z230.5
G1 E40 F9000
G1 F2779.614
G1 X435.622 Y272.813 E49.70059
G1 X727.187 Y564.378 E1780.10742
G1 X727.187 Y575.89 E49.70059
M73 P53 R421
;WIPE_START
G1 F600
G1 X727.187 Y565.89 E-30
;WIPE_END
G1 Z231.5 F15000
G1 X715.675 Y272.813 Z231.5
G1 Z230.5
G1 E40 F9000
G1 F2779.614
G1 X727.187 Y272.813 E49.70027
G1 X272.813 Y727.187 E2774.11872
G1 X284.325 Y727.187 E49.70025
;WIPE_START
G1 F600
G1 X274.325 Y727.187 E-30
;WIPE_END
G1 Z231.5 F15000
G1 X284.325 Y272.813 Z231.5
G1 Z230.5
G1 E40 F9000
G1 F2779.614
G1 X272.813 Y272.813 E49.70059
G1 X727.187 Y727.187 E2774.11918
G1 X715.675 Y727.187 E49.70059
;WIPE_START
G1 F600
G1 X725.675 Y727.187 E-30
;WIPE_END
G1 Z231.5 F15000
G1 X586.92 Y272.813 Z231.5
G1 Z230.5
G1 E40 F9000
G1 F2779.614
G1 X598.432 Y272.813 E49.70059
G1 X727.187 Y401.568 E786.09564
G1 X727.187 Y413.08 E49.70059
;WIPE_START
G1 F600
G1 X727.187 Y403.08 E-30
;WIPE_END
G1 Z231.5 F15000
G1 X575.89 Y272.813 Z231.5
G1 Z230.5
G1 E40 F9000
G1 F2779.614
G1 X564.378 Y272.813 E49.70059
G1 X272.813 Y564.377 E1780.10741
G1 X272.813 Y575.89 E49.70059
;WIPE_START
G1 F600
G1 X272.813 Y565.89 E-30
;WIPE_END
G1 Z231.5 F15000
M73 P53 R420
G1 X413.08 Y272.813 Z231.5
G1 Z230.5
G1 E40 F9000
G1 F2779.614
G1 X401.568 Y272.813 E49.70059
G1 X272.813 Y401.568 E786.09564
G1 X272.813 Y413.08 E49.70059
; stop printing object Cube id:0 copy 0
;LAYER_CHANGE
;Z:232
;HEIGHT:1.5
;BEFORE_LAYER_CHANGE
;232
G92 E0

EXCLUDE_OBJECT_END NAME=Cube_id_0_copy_0
;AFTER_LAYER_CHANGE
;232
;_SET_FAN_SPEED_CHANGING_LAYER
; printing object Cube id:0 copy 0
;WIPE_START
G1 F600
G1 X272.813 Y403.08 E-30
;WIPE_END
EXCLUDE_OBJECT_START NAME=Cube_id_0_copy_0
G1 Z233 F15000
G1 X270.366 Y270.366 Z233
G1 Z232
G1 E40 F9000
;TYPE:Outer wall
;WIDTH:3.2
G1 F2779.615
G1 X729.634 Y270.366 E1982.72102
G1 F2760
G1 X729.634 Y729.634 E1982.72107
G1 X270.366 Y729.634 E1982.72102
G1 X270.366 Y270.666 E1981.42588
;WIPE_START
G1 F600
G1 X280.366 Y270.66 E-30
;WIPE_END
G1 Z233 F15000
G1 X272.813 Y413.08 Z233
G1 Z232
G1 E40 F9000
;TYPE:Sparse infill
;WIDTH:3.2
G1 F2779.614
G1 X272.813 Y401.568 E49.70059
G1 X401.568 Y272.813 E786.09564
G1 X413.08 Y272.813 E49.70059
;WIPE_START
G1 F600
G1 X403.08 Y272.813 E-30
;WIPE_END
G1 Z233 F15000
G1 X272.813 Y575.89 Z233
G1 Z232
M73 P53 R419
G1 E40 F9000
G1 F2779.614
G1 X272.813 Y564.377 E49.70059
G1 X564.378 Y272.813 E1780.10741
G1 X575.89 Y272.813 E49.70059
;WIPE_START
G1 F600
G1 X565.89 Y272.813 E-30
;WIPE_END
G1 Z233 F15000
G1 X727.187 Y413.08 Z233
G1 Z232
G1 E40 F9000
G1 F2779.614
G1 X727.187 Y401.568 E49.70059
G1 X598.432 Y272.813 E786.09564
G1 X586.92 Y272.813 E49.70059
;WIPE_START
G1 F600
G1 X596.92 Y272.813 E-30
;WIPE_END
G1 Z233 F15000
G1 X727.187 Y575.89 Z233
G1 Z232
G1 E40 F9000
G1 F2779.614
G1 X727.187 Y564.378 E49.70059
G1 X435.622 Y272.813 E1780.10742
G1 X424.11 Y272.813 E49.70059
;WIPE_START
G1 F600
G1 X434.11 Y272.813 E-30
;WIPE_END
G1 Z233 F15000
G1 X424.11 Y727.187 Z233
G1 Z232
G1 E40 F9000
G1 F2779.614
G1 X435.622 Y727.187 E49.70059
G1 X727.187 Y435.623 E1780.10743
G1 X727.187 Y424.11 E49.70059
;WIPE_START
G1 F600
G1 X727.187 Y434.11 E-30
;WIPE_END
G1 Z233 F15000
G1 X715.675 Y727.187 Z233
G1 Z232
G1 E40 F9000
G1 F2779.614
G1 X727.187 Y727.187 E49.70059
G1 X272.813 Y272.813 E2774.11918
G1 X284.325 Y272.813 E49.70059
M73 P53 R418
;WIPE_START
G1 F600
G1 X274.325 Y272.813 E-30
;WIPE_END
G1 Z233 F15000
G1 X284.325 Y727.187 Z233
G1 Z232
G1 E40 F9000
G1 F2779.614
G1 X272.813 Y727.187 E49.70025
G1 X727.187 Y272.813 E2774.11872
G1 X715.675 Y272.813 E49.70027
;WIPE_START
G1 F600
G1 X725.675 Y272.813 E-30
;WIPE_END
G1 Z233 F15000
G1 X586.92 Y727.187 Z233
G1 Z232
G1 E40 F9000
G1 F2779.614
G1 X598.432 Y727.187 E49.70059
G1 X727.187 Y598.432 E786.09565
G1 X727.187 Y586.92 E49.70059
;WIPE_START
G1 F600
G1 X727.187 Y596.92 E-30
;WIPE_END
G1 Z233 F15000
G1 X575.89 Y727.187 Z233
G1 Z232
G1 E40 F9000
G1 F2779.614
G1 X564.378 Y727.187 E49.70059
G1 X272.813 Y435.622 E1780.10742
G1 X272.813 Y424.11 E49.70059
;WIPE_START
G1 F600
G1 X272.813 Y434.11 E-30
;WIPE_END
G1 Z233 F15000
G1 X413.08 Y727.187 Z233
G1 Z232
G1 E40 F9000
G1 F2779.614
G1 X401.568 Y727.187 E49.70059
G1 X272.813 Y598.432 E786.09565
G1 X272.813 Y586.92 E49.70059
; stop printing object Cube id:0 copy 0
;LAYER_CHANGE
;Z:233.5
;HEIGHT:1.5
;BEFORE_LAYER_CHANGE
;233.5
G92 E0

EXCLUDE_OBJECT_END NAME=Cube_id_0_copy_0
;AFTER_LAYER_CHANGE
;233.5
;_SET_FAN_SPEED_CHANGING_LAYER
; printing object Cube id:0 copy 0
;WIPE_START
G1 F600
G1 X272.813 Y596.92 E-30
;WIPE_END
EXCLUDE_OBJECT_START NAME=Cube_id_0_copy_0
G1 Z234.5 F15000
G1 X270.366 Y729.634 Z234.5
G1 Z233.5
G1 E40 F9000
;TYPE:Outer wall
;WIDTH:3.2
G1 F2779.615
G1 X270.366 Y270.366 E1982.72102
G1 F2760
M73 P53 R417
G1 X729.634 Y270.366 E1982.72107
G1 X729.634 Y729.634 E1982.72102
G1 X270.666 Y729.634 E1981.42588
;WIPE_START
G1 F600
G1 X270.66 Y719.634 E-30
;WIPE_END
G1 Z234.5 F15000
G1 X272.813 Y586.92 Z234.5
G1 Z233.5
G1 E40 F9000
;TYPE:Sparse infill
;WIDTH:3.2
G1 F2779.614
G1 X272.813 Y598.432 E49.70059
G1 X401.568 Y727.187 E786.09565
G1 X413.08 Y727.187 E49.70059
;WIPE_START
G1 F600
G1 X403.08 Y727.187 E-30
;WIPE_END
G1 Z234.5 F15000
G1 X272.813 Y424.11 Z234.5
G1 Z233.5
G1 E40 F9000
G1 F2779.614
G1 X272.813 Y435.622 E49.70059
G1 X564.378 Y727.187 E1780.10742
G1 X575.89 Y727.187 E49.70059
;WIPE_START
G1 F600
G1 X565.89 Y727.187 E-30
;WIPE_END
G1 Z234.5 F15000
G1 X727.187 Y586.92 Z234.5
G1 Z233.5
G1 E40 F9000
G1 F2779.614
G1 X727.187 Y598.432 E49.70059
G1 X598.432 Y727.187 E786.09565
G1 X586.92 Y727.187 E49.70059
M73 P53 R416
;WIPE_START
G1 F600
G1 X596.92 Y727.187 E-30
;WIPE_END
G1 Z234.5 F15000
G1 X727.187 Y424.11 Z234.5
G1 Z233.5
G1 E40 F9000
G1 F2779.614
G1 X727.187 Y435.623 E49.70059
G1 X435.622 Y727.187 E1780.10743
G1 X424.11 Y727.187 E49.70059
;WIPE_START
G1 F600
G1 X434.11 Y727.187 E-30
;WIPE_END
G1 Z234.5 F15000
G1 X424.11 Y272.813 Z234.5
G1 Z233.5
G1 E40 F9000
G1 F2779.614
G1 X435.622 Y272.813 E49.70059
G1 X727.187 Y564.378 E1780.10742
G1 X727.187 Y575.89 E49.70059
;WIPE_START
G1 F600
G1 X727.187 Y565.89 E-30
;WIPE_END
G1 Z234.5 F15000
G1 X715.675 Y272.813 Z234.5
G1 Z233.5
G1 E40 F9000
G1 F2779.614
G1 X727.187 Y272.813 E49.70027
G1 X272.813 Y727.187 E2774.11872
G1 X284.325 Y727.187 E49.70025
;WIPE_START
G1 F600
G1 X274.325 Y727.187 E-30
;WIPE_END
G1 Z234.5 F15000
G1 X284.325 Y272.813 Z234.5
G1 Z233.5
G1 E40 F9000
G1 F2779.614
G1 X272.813 Y272.813 E49.70059
G1 X727.187 Y727.187 E2774.11918
G1 X715.675 Y727.187 E49.70059
M73 P53 R415
;WIPE_START
G1 F600
G1 X725.675 Y727.187 E-30
;WIPE_END
G1 Z234.5 F15000
G1 X586.92 Y272.813 Z234.5
G1 Z233.5
G1 E40 F9000
G1 F2779.614
G1 X598.432 Y272.813 E49.70059
G1 X727.187 Y401.568 E786.09564
G1 X727.187 Y413.08 E49.70059
;WIPE_START
G1 F600
G1 X727.187 Y403.08 E-30
;WIPE_END
G1 Z234.5 F15000
G1 X575.89 Y272.813 Z234.5
G1 Z233.5
G1 E40 F9000
G1 F2779.614
G1 X564.378 Y272.813 E49.70059
G1 X272.813 Y564.377 E1780.10741
G1 X272.813 Y575.89 E49.70059
;WIPE_START
G1 F600
G1 X272.813 Y565.89 E-30
;WIPE_END
G1 Z234.5 F15000
G1 X413.08 Y272.813 Z234.5
G1 Z233.5
G1 E40 F9000
G1 F2779.614
G1 X401.568 Y272.813 E49.70059
G1 X272.813 Y401.568 E786.09564
G1 X272.813 Y413.08 E49.70059
; stop printing object Cube id:0 copy 0
;LAYER_CHANGE
;Z:235
;HEIGHT:1.5
;BEFORE_LAYER_CHANGE
;235
G92 E0

EXCLUDE_OBJECT_END NAME=Cube_id_0_copy_0
;AFTER_LAYER_CHANGE
;235
;_SET_FAN_SPEED_CHANGING_LAYER
; printing object Cube id:0 copy 0
;WIPE_START
G1 F600
G1 X272.813 Y403.08 E-30
;WIPE_END
EXCLUDE_OBJECT_START NAME=Cube_id_0_copy_0
G1 Z236 F15000
G1 X270.366 Y270.366 Z236
G1 Z235
G1 E40 F9000
;TYPE:Outer wall
;WIDTH:3.2
G1 F2779.615
G1 X729.634 Y270.366 E1982.72102
G1 F2760
G1 X729.634 Y729.634 E1982.72107
G1 X270.366 Y729.634 E1982.72102
G1 X270.366 Y270.666 E1981.42588
M73 P53 R414
;WIPE_START
G1 F600
G1 X280.366 Y270.66 E-30
;WIPE_END
G1 Z236 F15000
G1 X272.813 Y413.08 Z236
G1 Z235
G1 E40 F9000
;TYPE:Sparse infill
;WIDTH:3.2
G1 F2779.614
G1 X272.813 Y401.568 E49.70059
G1 X401.568 Y272.813 E786.09564
G1 X413.08 Y272.813 E49.70059
;WIPE_START
G1 F600
G1 X403.08 Y272.813 E-30
;WIPE_END
G1 Z236 F15000
G1 X272.813 Y575.89 Z236
G1 Z235
G1 E40 F9000
G1 F2779.614
G1 X272.813 Y564.377 E49.70059
G1 X564.378 Y272.813 E1780.10741
G1 X575.89 Y272.813 E49.70059
;WIPE_START
G1 F600
G1 X565.89 Y272.813 E-30
;WIPE_END
G1 Z236 F15000
G1 X727.187 Y413.08 Z236
G1 Z235
G1 E40 F9000
G1 F2779.614
G1 X727.187 Y401.568 E49.70059
G1 X598.432 Y272.813 E786.09564
G1 X586.92 Y272.813 E49.70059
;WIPE_START
G1 F600
G1 X596.92 Y272.813 E-30
;WIPE_END
G1 Z236 F15000
G1 X727.187 Y575.89 Z236
G1 Z235
G1 E40 F9000
G1 F2779.614
G1 X727.187 Y564.378 E49.70059
G1 X435.622 Y272.813 E1780.10742
G1 X424.11 Y272.813 E49.70059
;WIPE_START
G1 F600
G1 X434.11 Y272.813 E-30
;WIPE_END
G1 Z236 F15000
G1 X424.11 Y727.187 Z236
G1 Z235
M73 P53 R413
G1 E40 F9000
G1 F2779.614
G1 X435.622 Y727.187 E49.70059
G1 X727.187 Y435.623 E1780.10743
G1 X727.187 Y424.11 E49.70059
;WIPE_START
G1 F600
G1 X727.187 Y434.11 E-30
;WIPE_END
G1 Z236 F15000
G1 X715.675 Y727.187 Z236
G1 Z235
G1 E40 F9000
G1 F2779.614
G1 X727.187 Y727.187 E49.70059
G1 X272.813 Y272.813 E2774.11918
G1 X284.325 Y272.813 E49.70059
;WIPE_START
G1 F600
G1 X274.325 Y272.813 E-30
;WIPE_END
G1 Z236 F15000
G1 X284.325 Y727.187 Z236
G1 Z235
G1 E40 F9000
G1 F2779.614
G1 X272.813 Y727.187 E49.70025
G1 X727.187 Y272.813 E2774.11872
G1 X715.675 Y272.813 E49.70027
M73 P54 R413
;WIPE_START
G1 F600
G1 X725.675 Y272.813 E-30
;WIPE_END
G1 Z236 F15000
G1 X586.92 Y727.187 Z236
G1 Z235
G1 E40 F9000
G1 F2779.614
G1 X598.432 Y727.187 E49.70059
G1 X727.187 Y598.432 E786.09565
G1 X727.187 Y586.92 E49.70059
;WIPE_START
G1 F600
G1 X727.187 Y596.92 E-30
;WIPE_END
G1 Z236 F15000
G1 X575.89 Y727.187 Z236
G1 Z235
G1 E40 F9000
G1 F2779.614
G1 X564.378 Y727.187 E49.70059
G1 X272.813 Y435.622 E1780.10742
G1 X272.813 Y424.11 E49.70059
M73 P54 R412
;WIPE_START
G1 F600
G1 X272.813 Y434.11 E-30
;WIPE_END
G1 Z236 F15000
G1 X413.08 Y727.187 Z236
G1 Z235
G1 E40 F9000
G1 F2779.614
G1 X401.568 Y727.187 E49.70059
G1 X272.813 Y598.432 E786.09565
G1 X272.813 Y586.92 E49.70059
; stop printing object Cube id:0 copy 0
;LAYER_CHANGE
;Z:236.5
;HEIGHT:1.5
;BEFORE_LAYER_CHANGE
;236.5
G92 E0

EXCLUDE_OBJECT_END NAME=Cube_id_0_copy_0
;AFTER_LAYER_CHANGE
;236.5
;_SET_FAN_SPEED_CHANGING_LAYER
; printing object Cube id:0 copy 0
;WIPE_START
G1 F600
G1 X272.813 Y596.92 E-30
;WIPE_END
EXCLUDE_OBJECT_START NAME=Cube_id_0_copy_0
G1 Z237.5 F15000
G1 X270.366 Y729.634 Z237.5
G1 Z236.5
G1 E40 F9000
;TYPE:Outer wall
;WIDTH:3.2
G1 F2779.615
G1 X270.366 Y270.366 E1982.72102
G1 F2760
G1 X729.634 Y270.366 E1982.72107
G1 X729.634 Y729.634 E1982.72102
G1 X270.666 Y729.634 E1981.42588
;WIPE_START
G1 F600
G1 X270.66 Y719.634 E-30
;WIPE_END
G1 Z237.5 F15000
M73 P54 R411
G1 X272.813 Y586.92 Z237.5
G1 Z236.5
G1 E40 F9000
;TYPE:Sparse infill
;WIDTH:3.2
G1 F2779.614
G1 X272.813 Y598.432 E49.70059
G1 X401.568 Y727.187 E786.09565
G1 X413.08 Y727.187 E49.70059
;WIPE_START
G1 F600
G1 X403.08 Y727.187 E-30
;WIPE_END
G1 Z237.5 F15000
G1 X272.813 Y424.11 Z237.5
G1 Z236.5
G1 E40 F9000
G1 F2779.614
G1 X272.813 Y435.622 E49.70059
G1 X564.378 Y727.187 E1780.10742
G1 X575.89 Y727.187 E49.70059
;WIPE_START
G1 F600
G1 X565.89 Y727.187 E-30
;WIPE_END
G1 Z237.5 F15000
G1 X727.187 Y586.92 Z237.5
G1 Z236.5
G1 E40 F9000
G1 F2779.614
G1 X727.187 Y598.432 E49.70059
G1 X598.432 Y727.187 E786.09565
G1 X586.92 Y727.187 E49.70059
;WIPE_START
G1 F600
G1 X596.92 Y727.187 E-30
;WIPE_END
G1 Z237.5 F15000
G1 X727.187 Y424.11 Z237.5
G1 Z236.5
G1 E40 F9000
G1 F2779.614
G1 X727.187 Y435.623 E49.70059
G1 X435.622 Y727.187 E1780.10743
G1 X424.11 Y727.187 E49.70059
;WIPE_START
G1 F600
G1 X434.11 Y727.187 E-30
;WIPE_END
G1 Z237.5 F15000
G1 X424.11 Y272.813 Z237.5
G1 Z236.5
G1 E40 F9000
G1 F2779.614
G1 X435.622 Y272.813 E49.70059
G1 X727.187 Y564.378 E1780.10742
G1 X727.187 Y575.89 E49.70059
;WIPE_START
G1 F600
G1 X727.187 Y565.89 E-30
;WIPE_END
G1 Z237.5 F15000
G1 X715.675 Y272.813 Z237.5
G1 Z236.5
G1 E40 F9000
G1 F2779.614
G1 X727.187 Y272.813 E49.70027
G1 X272.813 Y727.187 E2774.11872
G1 X284.325 Y727.187 E49.70025
M73 P54 R410
;WIPE_START
G1 F600
G1 X274.325 Y727.187 E-30
;WIPE_END
G1 Z237.5 F15000
G1 X284.325 Y272.813 Z237.5
G1 Z236.5
G1 E40 F9000
G1 F2779.614
G1 X272.813 Y272.813 E49.70059
G1 X727.187 Y727.187 E2774.11918
G1 X715.675 Y727.187 E49.70059
;WIPE_START
G1 F600
G1 X725.675 Y727.187 E-30
;WIPE_END
G1 Z237.5 F15000
G1 X586.92 Y272.813 Z237.5
G1 Z236.5
G1 E40 F9000
G1 F2779.614
G1 X598.432 Y272.813 E49.70059
G1 X727.187 Y401.568 E786.09564
G1 X727.187 Y413.08 E49.70059
;WIPE_START
G1 F600
G1 X727.187 Y403.08 E-30
;WIPE_END
G1 Z237.5 F15000
G1 X575.89 Y272.813 Z237.5
G1 Z236.5
G1 E40 F9000
G1 F2779.614
G1 X564.378 Y272.813 E49.70059
G1 X272.813 Y564.377 E1780.10741
G1 X272.813 Y575.89 E49.70059
;WIPE_START
G1 F600
G1 X272.813 Y565.89 E-30
;WIPE_END
G1 Z237.5 F15000
G1 X413.08 Y272.813 Z237.5
G1 Z236.5
G1 E40 F9000
G1 F2779.614
G1 X401.568 Y272.813 E49.70059
G1 X272.813 Y401.568 E786.09564
G1 X272.813 Y413.08 E49.70059
; stop printing object Cube id:0 copy 0
;LAYER_CHANGE
;Z:238
;HEIGHT:1.5
;BEFORE_LAYER_CHANGE
;238
G92 E0

EXCLUDE_OBJECT_END NAME=Cube_id_0_copy_0
;AFTER_LAYER_CHANGE
;238
;_SET_FAN_SPEED_CHANGING_LAYER
; printing object Cube id:0 copy 0
;WIPE_START
G1 F600
G1 X272.813 Y403.08 E-30
;WIPE_END
EXCLUDE_OBJECT_START NAME=Cube_id_0_copy_0
G1 Z239 F15000
M73 P54 R409
G1 X270.366 Y270.366 Z239
G1 Z238
G1 E40 F9000
;TYPE:Outer wall
;WIDTH:3.2
G1 F2779.615
G1 X729.634 Y270.366 E1982.72102
G1 F2760
G1 X729.634 Y729.634 E1982.72107
G1 X270.366 Y729.634 E1982.72102
G1 X270.366 Y270.666 E1981.42588
;WIPE_START
G1 F600
G1 X280.366 Y270.66 E-30
;WIPE_END
G1 Z239 F15000
G1 X272.813 Y413.08 Z239
G1 Z238
G1 E40 F9000
;TYPE:Sparse infill
;WIDTH:3.2
G1 F2779.614
G1 X272.813 Y401.568 E49.70059
G1 X401.568 Y272.813 E786.09564
G1 X413.08 Y272.813 E49.70059
;WIPE_START
G1 F600
G1 X403.08 Y272.813 E-30
;WIPE_END
G1 Z239 F15000
G1 X272.813 Y575.89 Z239
G1 Z238
G1 E40 F9000
G1 F2779.614
G1 X272.813 Y564.377 E49.70059
G1 X564.378 Y272.813 E1780.10741
G1 X575.89 Y272.813 E49.70059
M73 P54 R408
;WIPE_START
G1 F600
G1 X565.89 Y272.813 E-30
;WIPE_END
G1 Z239 F15000
G1 X727.187 Y413.08 Z239
G1 Z238
G1 E40 F9000
G1 F2779.614
G1 X727.187 Y401.568 E49.70059
G1 X598.432 Y272.813 E786.09564
G1 X586.92 Y272.813 E49.70059
;WIPE_START
G1 F600
G1 X596.92 Y272.813 E-30
;WIPE_END
G1 Z239 F15000
G1 X727.187 Y575.89 Z239
G1 Z238
G1 E40 F9000
G1 F2779.614
G1 X727.187 Y564.378 E49.70059
G1 X435.622 Y272.813 E1780.10742
G1 X424.11 Y272.813 E49.70059
;WIPE_START
G1 F600
G1 X434.11 Y272.813 E-30
;WIPE_END
G1 Z239 F15000
G1 X424.11 Y727.187 Z239
G1 Z238
G1 E40 F9000
G1 F2779.614
G1 X435.622 Y727.187 E49.70059
G1 X727.187 Y435.623 E1780.10743
G1 X727.187 Y424.11 E49.70059
;WIPE_START
G1 F600
G1 X727.187 Y434.11 E-30
;WIPE_END
G1 Z239 F15000
G1 X715.675 Y727.187 Z239
G1 Z238
G1 E40 F9000
G1 F2779.614
G1 X727.187 Y727.187 E49.70059
G1 X272.813 Y272.813 E2774.11918
G1 X284.325 Y272.813 E49.70059
;WIPE_START
G1 F600
G1 X274.325 Y272.813 E-30
;WIPE_END
G1 Z239 F15000
G1 X284.325 Y727.187 Z239
G1 Z238
G1 E40 F9000
G1 F2779.614
G1 X272.813 Y727.187 E49.70025
G1 X727.187 Y272.813 E2774.11872
G1 X715.675 Y272.813 E49.70027
M73 P54 R407
;WIPE_START
G1 F600
G1 X725.675 Y272.813 E-30
;WIPE_END
G1 Z239 F15000
G1 X586.92 Y727.187 Z239
G1 Z238
G1 E40 F9000
G1 F2779.614
G1 X598.432 Y727.187 E49.70059
G1 X727.187 Y598.432 E786.09565
G1 X727.187 Y586.92 E49.70059
;WIPE_START
G1 F600
G1 X727.187 Y596.92 E-30
;WIPE_END
G1 Z239 F15000
G1 X575.89 Y727.187 Z239
G1 Z238
G1 E40 F9000
G1 F2779.614
G1 X564.378 Y727.187 E49.70059
G1 X272.813 Y435.622 E1780.10742
G1 X272.813 Y424.11 E49.70059
;WIPE_START
G1 F600
G1 X272.813 Y434.11 E-30
;WIPE_END
G1 Z239 F15000
G1 X413.08 Y727.187 Z239
G1 Z238
G1 E40 F9000
G1 F2779.614
G1 X401.568 Y727.187 E49.70059
G1 X272.813 Y598.432 E786.09565
G1 X272.813 Y586.92 E49.70059
; stop printing object Cube id:0 copy 0
;LAYER_CHANGE
;Z:239.5
;HEIGHT:1.5
;BEFORE_LAYER_CHANGE
;239.5
G92 E0

EXCLUDE_OBJECT_END NAME=Cube_id_0_copy_0
;AFTER_LAYER_CHANGE
;239.5
;_SET_FAN_SPEED_CHANGING_LAYER
; printing object Cube id:0 copy 0
;WIPE_START
G1 F600
G1 X272.813 Y596.92 E-30
;WIPE_END
EXCLUDE_OBJECT_START NAME=Cube_id_0_copy_0
G1 Z240.5 F15000
G1 X270.366 Y729.634 Z240.5
G1 Z239.5
G1 E40 F9000
;TYPE:Outer wall
;WIDTH:3.2
G1 F2779.615
G1 X270.366 Y270.366 E1982.72102
G1 F2760
G1 X729.634 Y270.366 E1982.72107
G1 X729.634 Y729.634 E1982.72102
M73 P54 R406
G1 X270.666 Y729.634 E1981.42588
;WIPE_START
G1 F600
G1 X270.66 Y719.634 E-30
;WIPE_END
G1 Z240.5 F15000
G1 X272.813 Y586.92 Z240.5
G1 Z239.5
G1 E40 F9000
;TYPE:Sparse infill
;WIDTH:3.2
G1 F2779.614
G1 X272.813 Y598.432 E49.70059
G1 X401.568 Y727.187 E786.09565
G1 X413.08 Y727.187 E49.70059
;WIPE_START
G1 F600
G1 X403.08 Y727.187 E-30
;WIPE_END
G1 Z240.5 F15000
G1 X272.813 Y424.11 Z240.5
G1 Z239.5
G1 E40 F9000
G1 F2779.614
G1 X272.813 Y435.622 E49.70059
G1 X564.378 Y727.187 E1780.10742
G1 X575.89 Y727.187 E49.70059
;WIPE_START
G1 F600
G1 X565.89 Y727.187 E-30
;WIPE_END
G1 Z240.5 F15000
G1 X727.187 Y586.92 Z240.5
G1 Z239.5
G1 E40 F9000
G1 F2779.614
G1 X727.187 Y598.432 E49.70059
G1 X598.432 Y727.187 E786.09565
G1 X586.92 Y727.187 E49.70059
;WIPE_START
G1 F600
G1 X596.92 Y727.187 E-30
;WIPE_END
G1 Z240.5 F15000
G1 X727.187 Y424.11 Z240.5
G1 Z239.5
G1 E40 F9000
G1 F2779.614
G1 X727.187 Y435.623 E49.70059
G1 X435.622 Y727.187 E1780.10743
G1 X424.11 Y727.187 E49.70059
M73 P54 R405
;WIPE_START
G1 F600
G1 X434.11 Y727.187 E-30
;WIPE_END
G1 Z240.5 F15000
G1 X424.11 Y272.813 Z240.5
G1 Z239.5
G1 E40 F9000
G1 F2779.614
G1 X435.622 Y272.813 E49.70059
G1 X727.187 Y564.378 E1780.10742
G1 X727.187 Y575.89 E49.70059
;WIPE_START
G1 F600
G1 X727.187 Y565.89 E-30
;WIPE_END
G1 Z240.5 F15000
G1 X715.675 Y272.813 Z240.5
G1 Z239.5
G1 E40 F9000
G1 F2779.614
G1 X727.187 Y272.813 E49.70027
G1 X272.813 Y727.187 E2774.11872
G1 X284.325 Y727.187 E49.70025
;WIPE_START
G1 F600
G1 X274.325 Y727.187 E-30
;WIPE_END
G1 Z240.5 F15000
G1 X284.325 Y272.813 Z240.5
G1 Z239.5
G1 E40 F9000
G1 F2779.614
G1 X272.813 Y272.813 E49.70059
G1 X727.187 Y727.187 E2774.11918
G1 X715.675 Y727.187 E49.70059
;WIPE_START
G1 F600
G1 X725.675 Y727.187 E-30
;WIPE_END
G1 Z240.5 F15000
G1 X586.92 Y272.813 Z240.5
G1 Z239.5
G1 E40 F9000
G1 F2779.614
G1 X598.432 Y272.813 E49.70059
G1 X727.187 Y401.568 E786.09564
M73 P54 R404
G1 X727.187 Y413.08 E49.70059
;WIPE_START
G1 F600
G1 X727.187 Y403.08 E-30
;WIPE_END
G1 Z240.5 F15000
G1 X575.89 Y272.813 Z240.5
G1 Z239.5
G1 E40 F9000
G1 F2779.614
G1 X564.378 Y272.813 E49.70059
G1 X272.813 Y564.377 E1780.10741
G1 X272.813 Y575.89 E49.70059
;WIPE_START
G1 F600
G1 X272.813 Y565.89 E-30
;WIPE_END
G1 Z240.5 F15000
G1 X413.08 Y272.813 Z240.5
G1 Z239.5
G1 E40 F9000
G1 F2779.614
G1 X401.568 Y272.813 E49.70059
G1 X272.813 Y401.568 E786.09564
G1 X272.813 Y413.08 E49.70059
; stop printing object Cube id:0 copy 0
;LAYER_CHANGE
;Z:241
;HEIGHT:1.5
;BEFORE_LAYER_CHANGE
;241
G92 E0

EXCLUDE_OBJECT_END NAME=Cube_id_0_copy_0
;AFTER_LAYER_CHANGE
;241
;_SET_FAN_SPEED_CHANGING_LAYER
; printing object Cube id:0 copy 0
;WIPE_START
G1 F600
G1 X272.813 Y403.08 E-30
;WIPE_END
EXCLUDE_OBJECT_START NAME=Cube_id_0_copy_0
G1 Z242 F15000
G1 X270.366 Y270.366 Z242
G1 Z241
G1 E40 F9000
;TYPE:Outer wall
;WIDTH:3.2
G1 F2779.615
G1 X729.634 Y270.366 E1982.72102
G1 F2760
G1 X729.634 Y729.634 E1982.72107
G1 X270.366 Y729.634 E1982.72102
M73 P55 R404
G1 X270.366 Y270.666 E1981.42588
;WIPE_START
G1 F600
M73 P55 R403
G1 X280.366 Y270.66 E-30
;WIPE_END
G1 Z242 F15000
G1 X272.813 Y413.08 Z242
G1 Z241
G1 E40 F9000
;TYPE:Sparse infill
;WIDTH:3.2
G1 F2779.614
G1 X272.813 Y401.568 E49.70059
G1 X401.568 Y272.813 E786.09564
G1 X413.08 Y272.813 E49.70059
;WIPE_START
G1 F600
G1 X403.08 Y272.813 E-30
;WIPE_END
G1 Z242 F15000
G1 X272.813 Y575.89 Z242
G1 Z241
G1 E40 F9000
G1 F2779.614
G1 X272.813 Y564.377 E49.70059
G1 X564.378 Y272.813 E1780.10741
G1 X575.89 Y272.813 E49.70059
;WIPE_START
G1 F600
G1 X565.89 Y272.813 E-30
;WIPE_END
G1 Z242 F15000
G1 X727.187 Y413.08 Z242
G1 Z241
G1 E40 F9000
G1 F2779.614
G1 X727.187 Y401.568 E49.70059
G1 X598.432 Y272.813 E786.09564
G1 X586.92 Y272.813 E49.70059
;WIPE_START
G1 F600
G1 X596.92 Y272.813 E-30
;WIPE_END
G1 Z242 F15000
G1 X727.187 Y575.89 Z242
G1 Z241
G1 E40 F9000
G1 F2779.614
G1 X727.187 Y564.378 E49.70059
G1 X435.622 Y272.813 E1780.10742
G1 X424.11 Y272.813 E49.70059
;WIPE_START
G1 F600
G1 X434.11 Y272.813 E-30
;WIPE_END
G1 Z242 F15000
G1 X424.11 Y727.187 Z242
G1 Z241
G1 E40 F9000
G1 F2779.614
G1 X435.622 Y727.187 E49.70059
G1 X727.187 Y435.623 E1780.10743
G1 X727.187 Y424.11 E49.70059
M73 P55 R402
;WIPE_START
G1 F600
G1 X727.187 Y434.11 E-30
;WIPE_END
G1 Z242 F15000
G1 X715.675 Y727.187 Z242
G1 Z241
G1 E40 F9000
G1 F2779.614
G1 X727.187 Y727.187 E49.70059
G1 X272.813 Y272.813 E2774.11918
G1 X284.325 Y272.813 E49.70059
;WIPE_START
G1 F600
G1 X274.325 Y272.813 E-30
;WIPE_END
G1 Z242 F15000
G1 X284.325 Y727.187 Z242
G1 Z241
G1 E40 F9000
G1 F2779.614
G1 X272.813 Y727.187 E49.70025
G1 X727.187 Y272.813 E2774.11872
G1 X715.675 Y272.813 E49.70027
;WIPE_START
G1 F600
G1 X725.675 Y272.813 E-30
;WIPE_END
G1 Z242 F15000
G1 X586.92 Y727.187 Z242
G1 Z241
G1 E40 F9000
G1 F2779.614
G1 X598.432 Y727.187 E49.70059
G1 X727.187 Y598.432 E786.09565
G1 X727.187 Y586.92 E49.70059
;WIPE_START
G1 F600
G1 X727.187 Y596.92 E-30
;WIPE_END
G1 Z242 F15000
G1 X575.89 Y727.187 Z242
G1 Z241
G1 E40 F9000
G1 F2779.614
G1 X564.378 Y727.187 E49.70059
G1 X272.813 Y435.622 E1780.10742
G1 X272.813 Y424.11 E49.70059
;WIPE_START
G1 F600
M73 P55 R401
G1 X272.813 Y434.11 E-30
;WIPE_END
G1 Z242 F15000
G1 X413.08 Y727.187 Z242
G1 Z241
G1 E40 F9000
G1 F2779.614
G1 X401.568 Y727.187 E49.70059
G1 X272.813 Y598.432 E786.09565
G1 X272.813 Y586.92 E49.70059
; stop printing object Cube id:0 copy 0
;LAYER_CHANGE
;Z:242.5
;HEIGHT:1.5
;BEFORE_LAYER_CHANGE
;242.5
G92 E0

EXCLUDE_OBJECT_END NAME=Cube_id_0_copy_0
;AFTER_LAYER_CHANGE
;242.5
;_SET_FAN_SPEED_CHANGING_LAYER
; printing object Cube id:0 copy 0
;WIPE_START
G1 F600
G1 X272.813 Y596.92 E-30
;WIPE_END
EXCLUDE_OBJECT_START NAME=Cube_id_0_copy_0
G1 Z243.5 F15000
G1 X270.366 Y729.634 Z243.5
G1 Z242.5
G1 E40 F9000
;TYPE:Outer wall
;WIDTH:3.2
G1 F2779.615
G1 X270.366 Y270.366 E1982.72102
G1 F2760
G1 X729.634 Y270.366 E1982.72107
G1 X729.634 Y729.634 E1982.72102
G1 X270.666 Y729.634 E1981.42588
;WIPE_START
G1 F600
G1 X270.66 Y719.634 E-30
;WIPE_END
G1 Z243.5 F15000
G1 X272.813 Y586.92 Z243.5
G1 Z242.5
G1 E40 F9000
;TYPE:Sparse infill
;WIDTH:3.2
G1 F2779.614
G1 X272.813 Y598.432 E49.70059
G1 X401.568 Y727.187 E786.09565
G1 X413.08 Y727.187 E49.70059
;WIPE_START
G1 F600
G1 X403.08 Y727.187 E-30
;WIPE_END
G1 Z243.5 F15000
G1 X272.813 Y424.11 Z243.5
G1 Z242.5
M73 P55 R400
G1 E40 F9000
G1 F2779.614
G1 X272.813 Y435.622 E49.70059
G1 X564.378 Y727.187 E1780.10742
G1 X575.89 Y727.187 E49.70059
;WIPE_START
G1 F600
G1 X565.89 Y727.187 E-30
;WIPE_END
G1 Z243.5 F15000
G1 X727.187 Y586.92 Z243.5
G1 Z242.5
G1 E40 F9000
G1 F2779.614
G1 X727.187 Y598.432 E49.70059
G1 X598.432 Y727.187 E786.09565
G1 X586.92 Y727.187 E49.70059
;WIPE_START
G1 F600
G1 X596.92 Y727.187 E-30
;WIPE_END
G1 Z243.5 F15000
G1 X727.187 Y424.11 Z243.5
G1 Z242.5
G1 E40 F9000
G1 F2779.614
G1 X727.187 Y435.623 E49.70059
G1 X435.622 Y727.187 E1780.10743
G1 X424.11 Y727.187 E49.70059
;WIPE_START
G1 F600
G1 X434.11 Y727.187 E-30
;WIPE_END
G1 Z243.5 F15000
G1 X424.11 Y272.813 Z243.5
G1 Z242.5
G1 E40 F9000
G1 F2779.614
G1 X435.622 Y272.813 E49.70059
G1 X727.187 Y564.378 E1780.10742
G1 X727.187 Y575.89 E49.70059
;WIPE_START
G1 F600
G1 X727.187 Y565.89 E-30
;WIPE_END
G1 Z243.5 F15000
G1 X715.675 Y272.813 Z243.5
G1 Z242.5
G1 E40 F9000
G1 F2779.614
G1 X727.187 Y272.813 E49.70027
G1 X272.813 Y727.187 E2774.11872
G1 X284.325 Y727.187 E49.70025
M73 P55 R399
;WIPE_START
G1 F600
G1 X274.325 Y727.187 E-30
;WIPE_END
G1 Z243.5 F15000
G1 X284.325 Y272.813 Z243.5
G1 Z242.5
G1 E40 F9000
G1 F2779.614
G1 X272.813 Y272.813 E49.70059
G1 X727.187 Y727.187 E2774.11918
G1 X715.675 Y727.187 E49.70059
;WIPE_START
G1 F600
G1 X725.675 Y727.187 E-30
;WIPE_END
G1 Z243.5 F15000
G1 X586.92 Y272.813 Z243.5
G1 Z242.5
G1 E40 F9000
G1 F2779.614
G1 X598.432 Y272.813 E49.70059
G1 X727.187 Y401.568 E786.09564
G1 X727.187 Y413.08 E49.70059
;WIPE_START
G1 F600
G1 X727.187 Y403.08 E-30
;WIPE_END
G1 Z243.5 F15000
G1 X575.89 Y272.813 Z243.5
G1 Z242.5
G1 E40 F9000
G1 F2779.614
G1 X564.378 Y272.813 E49.70059
G1 X272.813 Y564.377 E1780.10741
G1 X272.813 Y575.89 E49.70059
;WIPE_START
G1 F600
G1 X272.813 Y565.89 E-30
;WIPE_END
G1 Z243.5 F15000
G1 X413.08 Y272.813 Z243.5
G1 Z242.5
G1 E40 F9000
G1 F2779.614
G1 X401.568 Y272.813 E49.70059
G1 X272.813 Y401.568 E786.09564
G1 X272.813 Y413.08 E49.70059
; stop printing object Cube id:0 copy 0
;LAYER_CHANGE
;Z:244
;HEIGHT:1.5
;BEFORE_LAYER_CHANGE
;244
G92 E0

EXCLUDE_OBJECT_END NAME=Cube_id_0_copy_0
;AFTER_LAYER_CHANGE
;244
;_SET_FAN_SPEED_CHANGING_LAYER
; printing object Cube id:0 copy 0
;WIPE_START
G1 F600
G1 X272.813 Y403.08 E-30
;WIPE_END
EXCLUDE_OBJECT_START NAME=Cube_id_0_copy_0
G1 Z245 F15000
G1 X270.366 Y270.366 Z245
G1 Z244
G1 E40 F9000
;TYPE:Outer wall
;WIDTH:3.2
G1 F2779.615
G1 X729.634 Y270.366 E1982.72102
G1 F2760
M73 P55 R398
G1 X729.634 Y729.634 E1982.72107
G1 X270.366 Y729.634 E1982.72102
G1 X270.366 Y270.666 E1981.42588
;WIPE_START
G1 F600
G1 X280.366 Y270.66 E-30
;WIPE_END
G1 Z245 F15000
G1 X272.813 Y413.08 Z245
G1 Z244
G1 E40 F9000
;TYPE:Sparse infill
;WIDTH:3.2
G1 F2779.614
G1 X272.813 Y401.568 E49.70059
G1 X401.568 Y272.813 E786.09564
G1 X413.08 Y272.813 E49.70059
;WIPE_START
G1 F600
G1 X403.08 Y272.813 E-30
;WIPE_END
G1 Z245 F15000
G1 X272.813 Y575.89 Z245
G1 Z244
G1 E40 F9000
G1 F2779.614
G1 X272.813 Y564.377 E49.70059
G1 X564.378 Y272.813 E1780.10741
G1 X575.89 Y272.813 E49.70059
;WIPE_START
G1 F600
G1 X565.89 Y272.813 E-30
;WIPE_END
G1 Z245 F15000
G1 X727.187 Y413.08 Z245
G1 Z244
G1 E40 F9000
G1 F2779.614
G1 X727.187 Y401.568 E49.70059
G1 X598.432 Y272.813 E786.09564
G1 X586.92 Y272.813 E49.70059
M73 P55 R397
;WIPE_START
G1 F600
G1 X596.92 Y272.813 E-30
;WIPE_END
G1 Z245 F15000
G1 X727.187 Y575.89 Z245
G1 Z244
G1 E40 F9000
G1 F2779.614
G1 X727.187 Y564.378 E49.70059
G1 X435.622 Y272.813 E1780.10742
G1 X424.11 Y272.813 E49.70059
;WIPE_START
G1 F600
G1 X434.11 Y272.813 E-30
;WIPE_END
G1 Z245 F15000
G1 X424.11 Y727.187 Z245
G1 Z244
G1 E40 F9000
G1 F2779.614
G1 X435.622 Y727.187 E49.70059
G1 X727.187 Y435.623 E1780.10743
G1 X727.187 Y424.11 E49.70059
;WIPE_START
G1 F600
G1 X727.187 Y434.11 E-30
;WIPE_END
G1 Z245 F15000
G1 X715.675 Y727.187 Z245
G1 Z244
G1 E40 F9000
G1 F2779.614
G1 X727.187 Y727.187 E49.70059
G1 X272.813 Y272.813 E2774.11918
G1 X284.325 Y272.813 E49.70059
;WIPE_START
G1 F600
G1 X274.325 Y272.813 E-30
;WIPE_END
G1 Z245 F15000
G1 X284.325 Y727.187 Z245
G1 Z244
G1 E40 F9000
G1 F2779.614
G1 X272.813 Y727.187 E49.70025
G1 X727.187 Y272.813 E2774.11872
G1 X715.675 Y272.813 E49.70027
M73 P55 R396
;WIPE_START
G1 F600
G1 X725.675 Y272.813 E-30
;WIPE_END
G1 Z245 F15000
G1 X586.92 Y727.187 Z245
G1 Z244
G1 E40 F9000
G1 F2779.614
G1 X598.432 Y727.187 E49.70059
G1 X727.187 Y598.432 E786.09565
G1 X727.187 Y586.92 E49.70059
;WIPE_START
G1 F600
G1 X727.187 Y596.92 E-30
;WIPE_END
G1 Z245 F15000
G1 X575.89 Y727.187 Z245
G1 Z244
G1 E40 F9000
G1 F2779.614
G1 X564.378 Y727.187 E49.70059
G1 X272.813 Y435.622 E1780.10742
G1 X272.813 Y424.11 E49.70059
;WIPE_START
G1 F600
G1 X272.813 Y434.11 E-30
;WIPE_END
G1 Z245 F15000
G1 X413.08 Y727.187 Z245
G1 Z244
G1 E40 F9000
G1 F2779.614
G1 X401.568 Y727.187 E49.70059
G1 X272.813 Y598.432 E786.09565
G1 X272.813 Y586.92 E49.70059
; stop printing object Cube id:0 copy 0
;LAYER_CHANGE
;Z:245.5
;HEIGHT:1.5
;BEFORE_LAYER_CHANGE
;245.5
G92 E0

EXCLUDE_OBJECT_END NAME=Cube_id_0_copy_0
;AFTER_LAYER_CHANGE
;245.5
;_SET_FAN_SPEED_CHANGING_LAYER
; printing object Cube id:0 copy 0
;WIPE_START
G1 F600
G1 X272.813 Y596.92 E-30
;WIPE_END
EXCLUDE_OBJECT_START NAME=Cube_id_0_copy_0
G1 Z246.5 F15000
G1 X270.366 Y729.634 Z246.5
G1 Z245.5
G1 E40 F9000
;TYPE:Outer wall
;WIDTH:3.2
G1 F2779.615
G1 X270.366 Y270.366 E1982.72102
G1 F2760
G1 X729.634 Y270.366 E1982.72107
G1 X729.634 Y729.634 E1982.72102
G1 X270.666 Y729.634 E1981.42588
M73 P55 R395
;WIPE_START
G1 F600
G1 X270.66 Y719.634 E-30
;WIPE_END
G1 Z246.5 F15000
G1 X272.813 Y586.92 Z246.5
G1 Z245.5
G1 E40 F9000
;TYPE:Sparse infill
;WIDTH:3.2
G1 F2779.614
G1 X272.813 Y598.432 E49.70059
G1 X401.568 Y727.187 E786.09565
G1 X413.08 Y727.187 E49.70059
;WIPE_START
G1 F600
G1 X403.08 Y727.187 E-30
;WIPE_END
G1 Z246.5 F15000
G1 X272.813 Y424.11 Z246.5
G1 Z245.5
G1 E40 F9000
G1 F2779.614
G1 X272.813 Y435.622 E49.70059
G1 X564.378 Y727.187 E1780.10742
G1 X575.89 Y727.187 E49.70059
;WIPE_START
G1 F600
G1 X565.89 Y727.187 E-30
;WIPE_END
G1 Z246.5 F15000
G1 X727.187 Y586.92 Z246.5
G1 Z245.5
G1 E40 F9000
G1 F2779.614
G1 X727.187 Y598.432 E49.70059
G1 X598.432 Y727.187 E786.09565
G1 X586.92 Y727.187 E49.70059
M73 P56 R395
;WIPE_START
G1 F600
G1 X596.92 Y727.187 E-30
;WIPE_END
G1 Z246.5 F15000
G1 X727.187 Y424.11 Z246.5
G1 Z245.5
G1 E40 F9000
G1 F2779.614
G1 X727.187 Y435.623 E49.70059
G1 X435.622 Y727.187 E1780.10743
G1 X424.11 Y727.187 E49.70059
;WIPE_START
G1 F600
G1 X434.11 Y727.187 E-30
;WIPE_END
G1 Z246.5 F15000
G1 X424.11 Y272.813 Z246.5
G1 Z245.5
M73 P56 R394
G1 E40 F9000
G1 F2779.614
G1 X435.622 Y272.813 E49.70059
G1 X727.187 Y564.378 E1780.10742
G1 X727.187 Y575.89 E49.70059
;WIPE_START
G1 F600
G1 X727.187 Y565.89 E-30
;WIPE_END
G1 Z246.5 F15000
G1 X715.675 Y272.813 Z246.5
G1 Z245.5
G1 E40 F9000
G1 F2779.614
G1 X727.187 Y272.813 E49.70027
G1 X272.813 Y727.187 E2774.11872
G1 X284.325 Y727.187 E49.70025
;WIPE_START
G1 F600
G1 X274.325 Y727.187 E-30
;WIPE_END
G1 Z246.5 F15000
G1 X284.325 Y272.813 Z246.5
G1 Z245.5
G1 E40 F9000
G1 F2779.614
G1 X272.813 Y272.813 E49.70059
G1 X727.187 Y727.187 E2774.11918
G1 X715.675 Y727.187 E49.70059
;WIPE_START
G1 F600
G1 X725.675 Y727.187 E-30
;WIPE_END
G1 Z246.5 F15000
G1 X586.92 Y272.813 Z246.5
G1 Z245.5
G1 E40 F9000
G1 F2779.614
G1 X598.432 Y272.813 E49.70059
G1 X727.187 Y401.568 E786.09564
G1 X727.187 Y413.08 E49.70059
;WIPE_START
G1 F600
G1 X727.187 Y403.08 E-30
;WIPE_END
G1 Z246.5 F15000
G1 X575.89 Y272.813 Z246.5
G1 Z245.5
G1 E40 F9000
G1 F2779.614
G1 X564.378 Y272.813 E49.70059
G1 X272.813 Y564.377 E1780.10741
G1 X272.813 Y575.89 E49.70059
M73 P56 R393
;WIPE_START
G1 F600
G1 X272.813 Y565.89 E-30
;WIPE_END
G1 Z246.5 F15000
G1 X413.08 Y272.813 Z246.5
G1 Z245.5
G1 E40 F9000
G1 F2779.614
G1 X401.568 Y272.813 E49.70059
G1 X272.813 Y401.568 E786.09564
G1 X272.813 Y413.08 E49.70059
; stop printing object Cube id:0 copy 0
;LAYER_CHANGE
;Z:247
;HEIGHT:1.5
;BEFORE_LAYER_CHANGE
;247
G92 E0

EXCLUDE_OBJECT_END NAME=Cube_id_0_copy_0
;AFTER_LAYER_CHANGE
;247
;_SET_FAN_SPEED_CHANGING_LAYER
; printing object Cube id:0 copy 0
;WIPE_START
G1 F600
G1 X272.813 Y403.08 E-30
;WIPE_END
EXCLUDE_OBJECT_START NAME=Cube_id_0_copy_0
G1 Z248 F15000
G1 X270.366 Y270.366 Z248
G1 Z247
G1 E40 F9000
;TYPE:Outer wall
;WIDTH:3.2
G1 F2779.615
G1 X729.634 Y270.366 E1982.72102
G1 F2760
G1 X729.634 Y729.634 E1982.72107
G1 X270.366 Y729.634 E1982.72102
G1 X270.366 Y270.666 E1981.42588
;WIPE_START
G1 F600
M73 P56 R392
G1 X280.366 Y270.66 E-30
;WIPE_END
G1 Z248 F15000
G1 X272.813 Y413.08 Z248
G1 Z247
G1 E40 F9000
;TYPE:Sparse infill
;WIDTH:3.2
G1 F2779.614
G1 X272.813 Y401.568 E49.70059
G1 X401.568 Y272.813 E786.09564
G1 X413.08 Y272.813 E49.70059
;WIPE_START
G1 F600
G1 X403.08 Y272.813 E-30
;WIPE_END
G1 Z248 F15000
G1 X272.813 Y575.89 Z248
G1 Z247
G1 E40 F9000
G1 F2779.614
G1 X272.813 Y564.377 E49.70059
G1 X564.378 Y272.813 E1780.10741
G1 X575.89 Y272.813 E49.70059
;WIPE_START
G1 F600
G1 X565.89 Y272.813 E-30
;WIPE_END
G1 Z248 F15000
G1 X727.187 Y413.08 Z248
G1 Z247
G1 E40 F9000
G1 F2779.614
G1 X727.187 Y401.568 E49.70059
G1 X598.432 Y272.813 E786.09564
G1 X586.92 Y272.813 E49.70059
;WIPE_START
G1 F600
G1 X596.92 Y272.813 E-30
;WIPE_END
G1 Z248 F15000
G1 X727.187 Y575.89 Z248
G1 Z247
G1 E40 F9000
G1 F2779.614
G1 X727.187 Y564.378 E49.70059
G1 X435.622 Y272.813 E1780.10742
G1 X424.11 Y272.813 E49.70059
;WIPE_START
G1 F600
G1 X434.11 Y272.813 E-30
;WIPE_END
G1 Z248 F15000
G1 X424.11 Y727.187 Z248
G1 Z247
G1 E40 F9000
G1 F2779.614
G1 X435.622 Y727.187 E49.70059
G1 X727.187 Y435.623 E1780.10743
G1 X727.187 Y424.11 E49.70059
;WIPE_START
G1 F600
G1 X727.187 Y434.11 E-30
;WIPE_END
G1 Z248 F15000
G1 X715.675 Y727.187 Z248
G1 Z247
G1 E40 F9000
G1 F2779.614
G1 X727.187 Y727.187 E49.70059
G1 X272.813 Y272.813 E2774.11918
G1 X284.325 Y272.813 E49.70059
M73 P56 R391
;WIPE_START
G1 F600
G1 X274.325 Y272.813 E-30
;WIPE_END
G1 Z248 F15000
G1 X284.325 Y727.187 Z248
G1 Z247
G1 E40 F9000
G1 F2779.614
G1 X272.813 Y727.187 E49.70025
G1 X727.187 Y272.813 E2774.11872
G1 X715.675 Y272.813 E49.70027
;WIPE_START
G1 F600
G1 X725.675 Y272.813 E-30
;WIPE_END
G1 Z248 F15000
G1 X586.92 Y727.187 Z248
G1 Z247
G1 E40 F9000
G1 F2779.614
G1 X598.432 Y727.187 E49.70059
G1 X727.187 Y598.432 E786.09565
G1 X727.187 Y586.92 E49.70059
;WIPE_START
G1 F600
G1 X727.187 Y596.92 E-30
;WIPE_END
G1 Z248 F15000
G1 X575.89 Y727.187 Z248
G1 Z247
G1 E40 F9000
G1 F2779.614
G1 X564.378 Y727.187 E49.70059
G1 X272.813 Y435.622 E1780.10742
G1 X272.813 Y424.11 E49.70059
;WIPE_START
G1 F600
G1 X272.813 Y434.11 E-30
;WIPE_END
G1 Z248 F15000
G1 X413.08 Y727.187 Z248
G1 Z247
G1 E40 F9000
G1 F2779.614
G1 X401.568 Y727.187 E49.70059
G1 X272.813 Y598.432 E786.09565
G1 X272.813 Y586.92 E49.70059
; stop printing object Cube id:0 copy 0
;LAYER_CHANGE
;Z:248.5
;HEIGHT:1.5
;BEFORE_LAYER_CHANGE
;248.5
G92 E0

EXCLUDE_OBJECT_END NAME=Cube_id_0_copy_0
;AFTER_LAYER_CHANGE
;248.5
;_SET_FAN_SPEED_CHANGING_LAYER
; printing object Cube id:0 copy 0
;WIPE_START
G1 F600
M73 P56 R390
G1 X272.813 Y596.92 E-30
;WIPE_END
EXCLUDE_OBJECT_START NAME=Cube_id_0_copy_0
G1 Z249.5 F15000
G1 X270.366 Y729.634 Z249.5
G1 Z248.5
G1 E40 F9000
;TYPE:Outer wall
;WIDTH:3.2
G1 F2779.615
G1 X270.366 Y270.366 E1982.72102
G1 F2760
G1 X729.634 Y270.366 E1982.72107
G1 X729.634 Y729.634 E1982.72102
G1 X270.666 Y729.634 E1981.42588
;WIPE_START
G1 F600
G1 X270.66 Y719.634 E-30
;WIPE_END
G1 Z249.5 F15000
G1 X272.813 Y586.92 Z249.5
G1 Z248.5
G1 E40 F9000
;TYPE:Sparse infill
;WIDTH:3.2
G1 F2779.614
G1 X272.813 Y598.432 E49.70059
G1 X401.568 Y727.187 E786.09565
G1 X413.08 Y727.187 E49.70059
;WIPE_START
G1 F600
G1 X403.08 Y727.187 E-30
;WIPE_END
G1 Z249.5 F15000
G1 X272.813 Y424.11 Z249.5
G1 Z248.5
G1 E40 F9000
G1 F2779.614
G1 X272.813 Y435.622 E49.70059
G1 X564.378 Y727.187 E1780.10742
G1 X575.89 Y727.187 E49.70059
M73 P56 R389
;WIPE_START
G1 F600
G1 X565.89 Y727.187 E-30
;WIPE_END
G1 Z249.5 F15000
G1 X727.187 Y586.92 Z249.5
G1 Z248.5
G1 E40 F9000
G1 F2779.614
G1 X727.187 Y598.432 E49.70059
G1 X598.432 Y727.187 E786.09565
G1 X586.92 Y727.187 E49.70059
;WIPE_START
G1 F600
G1 X596.92 Y727.187 E-30
;WIPE_END
G1 Z249.5 F15000
G1 X727.187 Y424.11 Z249.5
G1 Z248.5
G1 E40 F9000
G1 F2779.614
G1 X727.187 Y435.623 E49.70059
G1 X435.622 Y727.187 E1780.10743
G1 X424.11 Y727.187 E49.70059
;WIPE_START
G1 F600
G1 X434.11 Y727.187 E-30
;WIPE_END
G1 Z249.5 F15000
G1 X424.11 Y272.813 Z249.5
G1 Z248.5
G1 E40 F9000
G1 F2779.614
G1 X435.622 Y272.813 E49.70059
G1 X727.187 Y564.378 E1780.10742
G1 X727.187 Y575.89 E49.70059
;WIPE_START
G1 F600
G1 X727.187 Y565.89 E-30
;WIPE_END
G1 Z249.5 F15000
G1 X715.675 Y272.813 Z249.5
G1 Z248.5
G1 E40 F9000
G1 F2779.614
G1 X727.187 Y272.813 E49.70027
G1 X272.813 Y727.187 E2774.11872
G1 X284.325 Y727.187 E49.70025
;WIPE_START
G1 F600
G1 X274.325 Y727.187 E-30
;WIPE_END
G1 Z249.5 F15000
G1 X284.325 Y272.813 Z249.5
G1 Z248.5
G1 E40 F9000
G1 F2779.614
G1 X272.813 Y272.813 E49.70059
G1 X727.187 Y727.187 E2774.11918
G1 X715.675 Y727.187 E49.70059
M73 P56 R388
;WIPE_START
G1 F600
G1 X725.675 Y727.187 E-30
;WIPE_END
G1 Z249.5 F15000
G1 X586.92 Y272.813 Z249.5
G1 Z248.5
G1 E40 F9000
G1 F2779.614
G1 X598.432 Y272.813 E49.70059
G1 X727.187 Y401.568 E786.09564
G1 X727.187 Y413.08 E49.70059
;WIPE_START
G1 F600
G1 X727.187 Y403.08 E-30
;WIPE_END
G1 Z249.5 F15000
G1 X575.89 Y272.813 Z249.5
G1 Z248.5
G1 E40 F9000
G1 F2779.614
G1 X564.378 Y272.813 E49.70059
G1 X272.813 Y564.377 E1780.10741
G1 X272.813 Y575.89 E49.70059
;WIPE_START
G1 F600
G1 X272.813 Y565.89 E-30
;WIPE_END
G1 Z249.5 F15000
G1 X413.08 Y272.813 Z249.5
G1 Z248.5
G1 E40 F9000
G1 F2779.614
G1 X401.568 Y272.813 E49.70059
G1 X272.813 Y401.568 E786.09564
G1 X272.813 Y413.08 E49.70059
; stop printing object Cube id:0 copy 0
;LAYER_CHANGE
;Z:250
;HEIGHT:1.5
;BEFORE_LAYER_CHANGE
;250
G92 E0

EXCLUDE_OBJECT_END NAME=Cube_id_0_copy_0
;AFTER_LAYER_CHANGE
;250
;_SET_FAN_SPEED_CHANGING_LAYER
; printing object Cube id:0 copy 0
;WIPE_START
G1 F600
G1 X272.813 Y403.08 E-30
;WIPE_END
EXCLUDE_OBJECT_START NAME=Cube_id_0_copy_0
G1 Z251 F15000
G1 X270.366 Y270.366 Z251
G1 Z250
G1 E40 F9000
;TYPE:Outer wall
;WIDTH:3.2
G1 F2779.615
G1 X729.634 Y270.366 E1982.72102
G1 F2760
G1 X729.634 Y729.634 E1982.72107
G1 X270.366 Y729.634 E1982.72102
M73 P56 R387
G1 X270.366 Y270.666 E1981.42588
;WIPE_START
G1 F600
G1 X280.366 Y270.66 E-30
;WIPE_END
G1 Z251 F15000
G1 X272.813 Y413.08 Z251
G1 Z250
G1 E40 F9000
;TYPE:Sparse infill
;WIDTH:3.2
G1 F2779.614
G1 X272.813 Y401.568 E49.70059
G1 X401.568 Y272.813 E786.09564
G1 X413.08 Y272.813 E49.70059
;WIPE_START
G1 F600
G1 X403.08 Y272.813 E-30
;WIPE_END
G1 Z251 F15000
G1 X272.813 Y575.89 Z251
G1 Z250
G1 E40 F9000
G1 F2779.614
G1 X272.813 Y564.377 E49.70059
G1 X564.378 Y272.813 E1780.10741
G1 X575.89 Y272.813 E49.70059
;WIPE_START
G1 F600
G1 X565.89 Y272.813 E-30
;WIPE_END
G1 Z251 F15000
G1 X727.187 Y413.08 Z251
G1 Z250
G1 E40 F9000
G1 F2779.614
G1 X727.187 Y401.568 E49.70059
G1 X598.432 Y272.813 E786.09564
G1 X586.92 Y272.813 E49.70059
;WIPE_START
G1 F600
G1 X596.92 Y272.813 E-30
;WIPE_END
G1 Z251 F15000
G1 X727.187 Y575.89 Z251
G1 Z250
G1 E40 F9000
G1 F2779.614
G1 X727.187 Y564.378 E49.70059
G1 X435.622 Y272.813 E1780.10742
G1 X424.11 Y272.813 E49.70059
M73 P56 R386
;WIPE_START
G1 F600
G1 X434.11 Y272.813 E-30
;WIPE_END
G1 Z251 F15000
G1 X424.11 Y727.187 Z251
G1 Z250
G1 E40 F9000
G1 F2779.614
G1 X435.622 Y727.187 E49.70059
G1 X727.187 Y435.623 E1780.10743
G1 X727.187 Y424.11 E49.70059
;WIPE_START
G1 F600
G1 X727.187 Y434.11 E-30
;WIPE_END
G1 Z251 F15000
G1 X715.675 Y727.187 Z251
G1 Z250
G1 E40 F9000
G1 F2779.614
G1 X727.187 Y727.187 E49.70059
G1 X272.813 Y272.813 E2774.11918
G1 X284.325 Y272.813 E49.70059
;WIPE_START
G1 F600
G1 X274.325 Y272.813 E-30
;WIPE_END
G1 Z251 F15000
G1 X284.325 Y727.187 Z251
G1 Z250
M73 P57 R386
G1 E40 F9000
G1 F2779.614
G1 X272.813 Y727.187 E49.70025
G1 X727.187 Y272.813 E2774.11872
G1 X715.675 Y272.813 E49.70027
;WIPE_START
G1 F600
G1 X725.675 Y272.813 E-30
;WIPE_END
G1 Z251 F15000
G1 X586.92 Y727.187 Z251
G1 Z250
M73 P57 R385
G1 E40 F9000
G1 F2779.614
G1 X598.432 Y727.187 E49.70059
G1 X727.187 Y598.432 E786.09565
G1 X727.187 Y586.92 E49.70059
;WIPE_START
G1 F600
G1 X727.187 Y596.92 E-30
;WIPE_END
G1 Z251 F15000
G1 X575.89 Y727.187 Z251
G1 Z250
G1 E40 F9000
G1 F2779.614
G1 X564.378 Y727.187 E49.70059
G1 X272.813 Y435.622 E1780.10742
G1 X272.813 Y424.11 E49.70059
;WIPE_START
G1 F600
G1 X272.813 Y434.11 E-30
;WIPE_END
G1 Z251 F15000
G1 X413.08 Y727.187 Z251
G1 Z250
G1 E40 F9000
G1 F2779.614
G1 X401.568 Y727.187 E49.70059
G1 X272.813 Y598.432 E786.09565
G1 X272.813 Y586.92 E49.70059
; stop printing object Cube id:0 copy 0
;LAYER_CHANGE
;Z:251.5
;HEIGHT:1.5
;BEFORE_LAYER_CHANGE
;251.5
G92 E0

EXCLUDE_OBJECT_END NAME=Cube_id_0_copy_0
;AFTER_LAYER_CHANGE
;251.5
;_SET_FAN_SPEED_CHANGING_LAYER
; printing object Cube id:0 copy 0
;WIPE_START
G1 F600
G1 X272.813 Y596.92 E-30
;WIPE_END
EXCLUDE_OBJECT_START NAME=Cube_id_0_copy_0
G1 Z252.5 F15000
G1 X270.366 Y729.634 Z252.5
G1 Z251.5
G1 E40 F9000
;TYPE:Outer wall
;WIDTH:3.2
G1 F2779.615
G1 X270.366 Y270.366 E1982.72102
G1 F2760
G1 X729.634 Y270.366 E1982.72107
G1 X729.634 Y729.634 E1982.72102
G1 X270.666 Y729.634 E1981.42588
;WIPE_START
G1 F600
M73 P57 R384
G1 X270.66 Y719.634 E-30
;WIPE_END
G1 Z252.5 F15000
G1 X272.813 Y586.92 Z252.5
G1 Z251.5
G1 E40 F9000
;TYPE:Sparse infill
;WIDTH:3.2
G1 F2779.614
G1 X272.813 Y598.432 E49.70059
G1 X401.568 Y727.187 E786.09565
G1 X413.08 Y727.187 E49.70059
;WIPE_START
G1 F600
G1 X403.08 Y727.187 E-30
;WIPE_END
G1 Z252.5 F15000
G1 X272.813 Y424.11 Z252.5
G1 Z251.5
G1 E40 F9000
G1 F2779.614
G1 X272.813 Y435.622 E49.70059
G1 X564.378 Y727.187 E1780.10742
G1 X575.89 Y727.187 E49.70059
;WIPE_START
G1 F600
G1 X565.89 Y727.187 E-30
;WIPE_END
G1 Z252.5 F15000
G1 X727.187 Y586.92 Z252.5
G1 Z251.5
G1 E40 F9000
G1 F2779.614
G1 X727.187 Y598.432 E49.70059
G1 X598.432 Y727.187 E786.09565
G1 X586.92 Y727.187 E49.70059
;WIPE_START
G1 F600
G1 X596.92 Y727.187 E-30
;WIPE_END
G1 Z252.5 F15000
G1 X727.187 Y424.11 Z252.5
G1 Z251.5
G1 E40 F9000
G1 F2779.614
G1 X727.187 Y435.623 E49.70059
G1 X435.622 Y727.187 E1780.10743
G1 X424.11 Y727.187 E49.70059
;WIPE_START
G1 F600
G1 X434.11 Y727.187 E-30
;WIPE_END
G1 Z252.5 F15000
G1 X424.11 Y272.813 Z252.5
G1 Z251.5
G1 E40 F9000
G1 F2779.614
G1 X435.622 Y272.813 E49.70059
G1 X727.187 Y564.378 E1780.10742
G1 X727.187 Y575.89 E49.70059
M73 P57 R383
;WIPE_START
G1 F600
G1 X727.187 Y565.89 E-30
;WIPE_END
G1 Z252.5 F15000
G1 X715.675 Y272.813 Z252.5
G1 Z251.5
G1 E40 F9000
G1 F2779.614
G1 X727.187 Y272.813 E49.70027
G1 X272.813 Y727.187 E2774.11872
G1 X284.325 Y727.187 E49.70025
;WIPE_START
G1 F600
G1 X274.325 Y727.187 E-30
;WIPE_END
G1 Z252.5 F15000
G1 X284.325 Y272.813 Z252.5
G1 Z251.5
G1 E40 F9000
G1 F2779.614
G1 X272.813 Y272.813 E49.70059
G1 X727.187 Y727.187 E2774.11918
G1 X715.675 Y727.187 E49.70059
;WIPE_START
G1 F600
G1 X725.675 Y727.187 E-30
;WIPE_END
G1 Z252.5 F15000
G1 X586.92 Y272.813 Z252.5
G1 Z251.5
G1 E40 F9000
G1 F2779.614
G1 X598.432 Y272.813 E49.70059
G1 X727.187 Y401.568 E786.09564
G1 X727.187 Y413.08 E49.70059
;WIPE_START
G1 F600
G1 X727.187 Y403.08 E-30
;WIPE_END
G1 Z252.5 F15000
G1 X575.89 Y272.813 Z252.5
G1 Z251.5
G1 E40 F9000
G1 F2779.614
G1 X564.378 Y272.813 E49.70059
G1 X272.813 Y564.377 E1780.10741
G1 X272.813 Y575.89 E49.70059
M73 P57 R382
;WIPE_START
G1 F600
G1 X272.813 Y565.89 E-30
;WIPE_END
G1 Z252.5 F15000
G1 X413.08 Y272.813 Z252.5
G1 Z251.5
G1 E40 F9000
G1 F2779.614
G1 X401.568 Y272.813 E49.70059
G1 X272.813 Y401.568 E786.09564
G1 X272.813 Y413.08 E49.70059
; stop printing object Cube id:0 copy 0
;LAYER_CHANGE
;Z:253
;HEIGHT:1.5
;BEFORE_LAYER_CHANGE
;253
G92 E0

EXCLUDE_OBJECT_END NAME=Cube_id_0_copy_0
;AFTER_LAYER_CHANGE
;253
;_SET_FAN_SPEED_CHANGING_LAYER
; printing object Cube id:0 copy 0
;WIPE_START
G1 F600
G1 X272.813 Y403.08 E-30
;WIPE_END
EXCLUDE_OBJECT_START NAME=Cube_id_0_copy_0
G1 Z254 F15000
G1 X270.366 Y270.366 Z254
G1 Z253
G1 E40 F9000
;TYPE:Outer wall
;WIDTH:3.2
G1 F2779.615
G1 X729.634 Y270.366 E1982.72102
G1 F2760
G1 X729.634 Y729.634 E1982.72107
G1 X270.366 Y729.634 E1982.72102
G1 X270.366 Y270.666 E1981.42588
;WIPE_START
G1 F600
G1 X280.366 Y270.66 E-30
;WIPE_END
G1 Z254 F15000
G1 X272.813 Y413.08 Z254
G1 Z253
G1 E40 F9000
;TYPE:Sparse infill
;WIDTH:3.2
G1 F2779.614
G1 X272.813 Y401.568 E49.70059
G1 X401.568 Y272.813 E786.09564
G1 X413.08 Y272.813 E49.70059
;WIPE_START
G1 F600
G1 X403.08 Y272.813 E-30
;WIPE_END
G1 Z254 F15000
M73 P57 R381
G1 X272.813 Y575.89 Z254
G1 Z253
G1 E40 F9000
G1 F2779.614
G1 X272.813 Y564.377 E49.70059
G1 X564.378 Y272.813 E1780.10741
G1 X575.89 Y272.813 E49.70059
;WIPE_START
G1 F600
G1 X565.89 Y272.813 E-30
;WIPE_END
G1 Z254 F15000
G1 X727.187 Y413.08 Z254
G1 Z253
G1 E40 F9000
G1 F2779.614
G1 X727.187 Y401.568 E49.70059
G1 X598.432 Y272.813 E786.09564
G1 X586.92 Y272.813 E49.70059
;WIPE_START
G1 F600
G1 X596.92 Y272.813 E-30
;WIPE_END
G1 Z254 F15000
G1 X727.187 Y575.89 Z254
G1 Z253
G1 E40 F9000
G1 F2779.614
G1 X727.187 Y564.378 E49.70059
G1 X435.622 Y272.813 E1780.10742
G1 X424.11 Y272.813 E49.70059
;WIPE_START
G1 F600
G1 X434.11 Y272.813 E-30
;WIPE_END
G1 Z254 F15000
G1 X424.11 Y727.187 Z254
G1 Z253
G1 E40 F9000
G1 F2779.614
G1 X435.622 Y727.187 E49.70059
G1 X727.187 Y435.623 E1780.10743
G1 X727.187 Y424.11 E49.70059
;WIPE_START
G1 F600
G1 X727.187 Y434.11 E-30
;WIPE_END
G1 Z254 F15000
G1 X715.675 Y727.187 Z254
G1 Z253
G1 E40 F9000
G1 F2779.614
G1 X727.187 Y727.187 E49.70059
G1 X272.813 Y272.813 E2774.11918
G1 X284.325 Y272.813 E49.70059
M73 P57 R380
;WIPE_START
G1 F600
G1 X274.325 Y272.813 E-30
;WIPE_END
G1 Z254 F15000
G1 X284.325 Y727.187 Z254
G1 Z253
G1 E40 F9000
G1 F2779.614
G1 X272.813 Y727.187 E49.70025
G1 X727.187 Y272.813 E2774.11872
G1 X715.675 Y272.813 E49.70027
;WIPE_START
G1 F600
G1 X725.675 Y272.813 E-30
;WIPE_END
G1 Z254 F15000
G1 X586.92 Y727.187 Z254
G1 Z253
G1 E40 F9000
G1 F2779.614
G1 X598.432 Y727.187 E49.70059
G1 X727.187 Y598.432 E786.09565
G1 X727.187 Y586.92 E49.70059
;WIPE_START
G1 F600
G1 X727.187 Y596.92 E-30
;WIPE_END
G1 Z254 F15000
G1 X575.89 Y727.187 Z254
G1 Z253
G1 E40 F9000
G1 F2779.614
G1 X564.378 Y727.187 E49.70059
G1 X272.813 Y435.622 E1780.10742
G1 X272.813 Y424.11 E49.70059
;WIPE_START
G1 F600
G1 X272.813 Y434.11 E-30
;WIPE_END
G1 Z254 F15000
G1 X413.08 Y727.187 Z254
G1 Z253
G1 E40 F9000
G1 F2779.614
G1 X401.568 Y727.187 E49.70059
G1 X272.813 Y598.432 E786.09565
G1 X272.813 Y586.92 E49.70059
; stop printing object Cube id:0 copy 0
;LAYER_CHANGE
;Z:254.5
;HEIGHT:1.5
;BEFORE_LAYER_CHANGE
;254.5
G92 E0

EXCLUDE_OBJECT_END NAME=Cube_id_0_copy_0
;AFTER_LAYER_CHANGE
;254.5
;_SET_FAN_SPEED_CHANGING_LAYER
; printing object Cube id:0 copy 0
;WIPE_START
G1 F600
G1 X272.813 Y596.92 E-30
;WIPE_END
EXCLUDE_OBJECT_START NAME=Cube_id_0_copy_0
G1 Z255.5 F15000
G1 X270.366 Y729.634 Z255.5
G1 Z254.5
G1 E40 F9000
;TYPE:Outer wall
;WIDTH:3.2
G1 F2779.615
G1 X270.366 Y270.366 E1982.72102
G1 F2760
M73 P57 R379
G1 X729.634 Y270.366 E1982.72107
G1 X729.634 Y729.634 E1982.72102
G1 X270.666 Y729.634 E1981.42588
;WIPE_START
G1 F600
G1 X270.66 Y719.634 E-30
;WIPE_END
G1 Z255.5 F15000
G1 X272.813 Y586.92 Z255.5
G1 Z254.5
G1 E40 F9000
;TYPE:Sparse infill
;WIDTH:3.2
G1 F2779.614
G1 X272.813 Y598.432 E49.70059
G1 X401.568 Y727.187 E786.09565
G1 X413.08 Y727.187 E49.70059
;WIPE_START
G1 F600
G1 X403.08 Y727.187 E-30
;WIPE_END
G1 Z255.5 F15000
G1 X272.813 Y424.11 Z255.5
G1 Z254.5
G1 E40 F9000
G1 F2779.614
G1 X272.813 Y435.622 E49.70059
G1 X564.378 Y727.187 E1780.10742
G1 X575.89 Y727.187 E49.70059
;WIPE_START
G1 F600
G1 X565.89 Y727.187 E-30
;WIPE_END
G1 Z255.5 F15000
G1 X727.187 Y586.92 Z255.5
G1 Z254.5
G1 E40 F9000
G1 F2779.614
G1 X727.187 Y598.432 E49.70059
G1 X598.432 Y727.187 E786.09565
G1 X586.92 Y727.187 E49.70059
M73 P57 R378
;WIPE_START
G1 F600
G1 X596.92 Y727.187 E-30
;WIPE_END
G1 Z255.5 F15000
G1 X727.187 Y424.11 Z255.5
G1 Z254.5
G1 E40 F9000
G1 F2779.614
G1 X727.187 Y435.623 E49.70059
G1 X435.622 Y727.187 E1780.10743
G1 X424.11 Y727.187 E49.70059
;WIPE_START
G1 F600
G1 X434.11 Y727.187 E-30
;WIPE_END
G1 Z255.5 F15000
G1 X424.11 Y272.813 Z255.5
G1 Z254.5
G1 E40 F9000
G1 F2779.614
G1 X435.622 Y272.813 E49.70059
G1 X727.187 Y564.378 E1780.10742
G1 X727.187 Y575.89 E49.70059
;WIPE_START
G1 F600
G1 X727.187 Y565.89 E-30
;WIPE_END
G1 Z255.5 F15000
G1 X715.675 Y272.813 Z255.5
G1 Z254.5
G1 E40 F9000
G1 F2779.614
G1 X727.187 Y272.813 E49.70027
G1 X272.813 Y727.187 E2774.11872
G1 X284.325 Y727.187 E49.70025
;WIPE_START
G1 F600
G1 X274.325 Y727.187 E-30
;WIPE_END
G1 Z255.5 F15000
G1 X284.325 Y272.813 Z255.5
G1 Z254.5
G1 E40 F9000
G1 F2779.614
G1 X272.813 Y272.813 E49.70059
G1 X727.187 Y727.187 E2774.11918
G1 X715.675 Y727.187 E49.70059
M73 P57 R377
;WIPE_START
G1 F600
G1 X725.675 Y727.187 E-30
;WIPE_END
G1 Z255.5 F15000
G1 X586.92 Y272.813 Z255.5
G1 Z254.5
G1 E40 F9000
G1 F2779.614
G1 X598.432 Y272.813 E49.70059
G1 X727.187 Y401.568 E786.09564
G1 X727.187 Y413.08 E49.70059
;WIPE_START
G1 F600
G1 X727.187 Y403.08 E-30
;WIPE_END
G1 Z255.5 F15000
G1 X575.89 Y272.813 Z255.5
G1 Z254.5
G1 E40 F9000
G1 F2779.614
G1 X564.378 Y272.813 E49.70059
G1 X272.813 Y564.377 E1780.10741
G1 X272.813 Y575.89 E49.70059
;WIPE_START
G1 F600
G1 X272.813 Y565.89 E-30
;WIPE_END
G1 Z255.5 F15000
G1 X413.08 Y272.813 Z255.5
G1 Z254.5
G1 E40 F9000
G1 F2779.614
G1 X401.568 Y272.813 E49.70059
G1 X272.813 Y401.568 E786.09564
G1 X272.813 Y413.08 E49.70059
; stop printing object Cube id:0 copy 0
;LAYER_CHANGE
;Z:256
;HEIGHT:1.5
;BEFORE_LAYER_CHANGE
;256
G92 E0

EXCLUDE_OBJECT_END NAME=Cube_id_0_copy_0
;AFTER_LAYER_CHANGE
;256
;_SET_FAN_SPEED_CHANGING_LAYER
; printing object Cube id:0 copy 0
;WIPE_START
G1 F600
G1 X272.813 Y403.08 E-30
;WIPE_END
EXCLUDE_OBJECT_START NAME=Cube_id_0_copy_0
G1 Z257 F15000
G1 X270.366 Y270.366 Z257
G1 Z256
G1 E40 F9000
;TYPE:Outer wall
;WIDTH:3.2
G1 F2779.615
G1 X729.634 Y270.366 E1982.72102
G1 F2760
M73 P58 R377
G1 X729.634 Y729.634 E1982.72107
G1 X270.366 Y729.634 E1982.72102
G1 X270.366 Y270.666 E1981.42588
M73 P58 R376
;WIPE_START
G1 F600
G1 X280.366 Y270.66 E-30
;WIPE_END
G1 Z257 F15000
G1 X272.813 Y413.08 Z257
G1 Z256
G1 E40 F9000
;TYPE:Sparse infill
;WIDTH:3.2
G1 F2779.614
G1 X272.813 Y401.568 E49.70059
G1 X401.568 Y272.813 E786.09564
G1 X413.08 Y272.813 E49.70059
;WIPE_START
G1 F600
G1 X403.08 Y272.813 E-30
;WIPE_END
G1 Z257 F15000
G1 X272.813 Y575.89 Z257
G1 Z256
G1 E40 F9000
G1 F2779.614
G1 X272.813 Y564.377 E49.70059
G1 X564.378 Y272.813 E1780.10741
G1 X575.89 Y272.813 E49.70059
;WIPE_START
G1 F600
G1 X565.89 Y272.813 E-30
;WIPE_END
G1 Z257 F15000
G1 X727.187 Y413.08 Z257
G1 Z256
G1 E40 F9000
G1 F2779.614
G1 X727.187 Y401.568 E49.70059
G1 X598.432 Y272.813 E786.09564
G1 X586.92 Y272.813 E49.70059
;WIPE_START
G1 F600
G1 X596.92 Y272.813 E-30
;WIPE_END
G1 Z257 F15000
G1 X727.187 Y575.89 Z257
G1 Z256
G1 E40 F9000
G1 F2779.614
G1 X727.187 Y564.378 E49.70059
G1 X435.622 Y272.813 E1780.10742
G1 X424.11 Y272.813 E49.70059
;WIPE_START
G1 F600
G1 X434.11 Y272.813 E-30
;WIPE_END
G1 Z257 F15000
G1 X424.11 Y727.187 Z257
G1 Z256
M73 P58 R375
G1 E40 F9000
G1 F2779.614
G1 X435.622 Y727.187 E49.70059
G1 X727.187 Y435.623 E1780.10743
G1 X727.187 Y424.11 E49.70059
;WIPE_START
G1 F600
G1 X727.187 Y434.11 E-30
;WIPE_END
G1 Z257 F15000
G1 X715.675 Y727.187 Z257
G1 Z256
G1 E40 F9000
G1 F2779.614
G1 X727.187 Y727.187 E49.70059
G1 X272.813 Y272.813 E2774.11918
G1 X284.325 Y272.813 E49.70059
;WIPE_START
G1 F600
G1 X274.325 Y272.813 E-30
;WIPE_END
G1 Z257 F15000
G1 X284.325 Y727.187 Z257
G1 Z256
G1 E40 F9000
G1 F2779.614
G1 X272.813 Y727.187 E49.70025
G1 X727.187 Y272.813 E2774.11872
G1 X715.675 Y272.813 E49.70027
;WIPE_START
G1 F600
G1 X725.675 Y272.813 E-30
;WIPE_END
G1 Z257 F15000
G1 X586.92 Y727.187 Z257
G1 Z256
G1 E40 F9000
G1 F2779.614
G1 X598.432 Y727.187 E49.70059
G1 X727.187 Y598.432 E786.09565
G1 X727.187 Y586.92 E49.70059
;WIPE_START
G1 F600
G1 X727.187 Y596.92 E-30
;WIPE_END
G1 Z257 F15000
G1 X575.89 Y727.187 Z257
G1 Z256
G1 E40 F9000
G1 F2779.614
G1 X564.378 Y727.187 E49.70059
G1 X272.813 Y435.622 E1780.10742
M73 P58 R374
G1 X272.813 Y424.11 E49.70059
;WIPE_START
G1 F600
G1 X272.813 Y434.11 E-30
;WIPE_END
G1 Z257 F15000
G1 X413.08 Y727.187 Z257
G1 Z256
G1 E40 F9000
G1 F2779.614
G1 X401.568 Y727.187 E49.70059
G1 X272.813 Y598.432 E786.09565
G1 X272.813 Y586.92 E49.70059
; stop printing object Cube id:0 copy 0
;LAYER_CHANGE
;Z:257.5
;HEIGHT:1.5
;BEFORE_LAYER_CHANGE
;257.5
G92 E0

EXCLUDE_OBJECT_END NAME=Cube_id_0_copy_0
;AFTER_LAYER_CHANGE
;257.5
;_SET_FAN_SPEED_CHANGING_LAYER
; printing object Cube id:0 copy 0
;WIPE_START
G1 F600
G1 X272.813 Y596.92 E-30
;WIPE_END
EXCLUDE_OBJECT_START NAME=Cube_id_0_copy_0
G1 Z258.5 F15000
G1 X270.366 Y729.634 Z258.5
G1 Z257.5
G1 E40 F9000
;TYPE:Outer wall
;WIDTH:3.2
G1 F2779.615
G1 X270.366 Y270.366 E1982.72102
G1 F2760
G1 X729.634 Y270.366 E1982.72107
G1 X729.634 Y729.634 E1982.72102
G1 X270.666 Y729.634 E1981.42588
;WIPE_START
G1 F600
M73 P58 R373
G1 X270.66 Y719.634 E-30
;WIPE_END
G1 Z258.5 F15000
G1 X272.813 Y586.92 Z258.5
G1 Z257.5
G1 E40 F9000
;TYPE:Sparse infill
;WIDTH:3.2
G1 F2779.614
G1 X272.813 Y598.432 E49.70059
G1 X401.568 Y727.187 E786.09565
G1 X413.08 Y727.187 E49.70059
;WIPE_START
G1 F600
G1 X403.08 Y727.187 E-30
;WIPE_END
G1 Z258.5 F15000
G1 X272.813 Y424.11 Z258.5
G1 Z257.5
G1 E40 F9000
G1 F2779.614
G1 X272.813 Y435.622 E49.70059
G1 X564.378 Y727.187 E1780.10742
G1 X575.89 Y727.187 E49.70059
;WIPE_START
G1 F600
G1 X565.89 Y727.187 E-30
;WIPE_END
G1 Z258.5 F15000
G1 X727.187 Y586.92 Z258.5
G1 Z257.5
G1 E40 F9000
G1 F2779.614
G1 X727.187 Y598.432 E49.70059
G1 X598.432 Y727.187 E786.09565
G1 X586.92 Y727.187 E49.70059
;WIPE_START
G1 F600
G1 X596.92 Y727.187 E-30
;WIPE_END
G1 Z258.5 F15000
G1 X727.187 Y424.11 Z258.5
G1 Z257.5
G1 E40 F9000
G1 F2779.614
G1 X727.187 Y435.623 E49.70059
G1 X435.622 Y727.187 E1780.10743
G1 X424.11 Y727.187 E49.70059
;WIPE_START
G1 F600
G1 X434.11 Y727.187 E-30
;WIPE_END
G1 Z258.5 F15000
G1 X424.11 Y272.813 Z258.5
G1 Z257.5
G1 E40 F9000
G1 F2779.614
G1 X435.622 Y272.813 E49.70059
G1 X727.187 Y564.378 E1780.10742
G1 X727.187 Y575.89 E49.70059
;WIPE_START
G1 F600
G1 X727.187 Y565.89 E-30
;WIPE_END
G1 Z258.5 F15000
G1 X715.675 Y272.813 Z258.5
G1 Z257.5
G1 E40 F9000
G1 F2779.614
G1 X727.187 Y272.813 E49.70027
G1 X272.813 Y727.187 E2774.11872
G1 X284.325 Y727.187 E49.70025
M73 P58 R372
;WIPE_START
G1 F600
G1 X274.325 Y727.187 E-30
;WIPE_END
G1 Z258.5 F15000
G1 X284.325 Y272.813 Z258.5
G1 Z257.5
G1 E40 F9000
G1 F2779.614
G1 X272.813 Y272.813 E49.70059
G1 X727.187 Y727.187 E2774.11918
G1 X715.675 Y727.187 E49.70059
;WIPE_START
G1 F600
G1 X725.675 Y727.187 E-30
;WIPE_END
G1 Z258.5 F15000
G1 X586.92 Y272.813 Z258.5
G1 Z257.5
G1 E40 F9000
G1 F2779.614
G1 X598.432 Y272.813 E49.70059
G1 X727.187 Y401.568 E786.09564
G1 X727.187 Y413.08 E49.70059
;WIPE_START
G1 F600
G1 X727.187 Y403.08 E-30
;WIPE_END
G1 Z258.5 F15000
G1 X575.89 Y272.813 Z258.5
G1 Z257.5
G1 E40 F9000
G1 F2779.614
G1 X564.378 Y272.813 E49.70059
G1 X272.813 Y564.377 E1780.10741
G1 X272.813 Y575.89 E49.70059
;WIPE_START
G1 F600
G1 X272.813 Y565.89 E-30
;WIPE_END
G1 Z258.5 F15000
G1 X413.08 Y272.813 Z258.5
G1 Z257.5
G1 E40 F9000
G1 F2779.614
G1 X401.568 Y272.813 E49.70059
G1 X272.813 Y401.568 E786.09564
G1 X272.813 Y413.08 E49.70059
M73 P58 R371
; stop printing object Cube id:0 copy 0
;LAYER_CHANGE
;Z:259
;HEIGHT:1.5
;BEFORE_LAYER_CHANGE
;259
G92 E0

EXCLUDE_OBJECT_END NAME=Cube_id_0_copy_0
;AFTER_LAYER_CHANGE
;259
;_SET_FAN_SPEED_CHANGING_LAYER
; printing object Cube id:0 copy 0
;WIPE_START
G1 F600
G1 X272.813 Y403.08 E-30
;WIPE_END
EXCLUDE_OBJECT_START NAME=Cube_id_0_copy_0
G1 Z260 F15000
G1 X270.366 Y270.366 Z260
G1 Z259
G1 E40 F9000
;TYPE:Outer wall
;WIDTH:3.2
G1 F2779.615
G1 X729.634 Y270.366 E1982.72102
G1 F2760
G1 X729.634 Y729.634 E1982.72107
G1 X270.366 Y729.634 E1982.72102
G1 X270.366 Y270.666 E1981.42588
;WIPE_START
G1 F600
G1 X280.366 Y270.66 E-30
;WIPE_END
G1 Z260 F15000
G1 X272.813 Y413.08 Z260
G1 Z259
G1 E40 F9000
;TYPE:Sparse infill
;WIDTH:3.2
G1 F2779.614
G1 X272.813 Y401.568 E49.70059
G1 X401.568 Y272.813 E786.09564
G1 X413.08 Y272.813 E49.70059
;WIPE_START
G1 F600
G1 X403.08 Y272.813 E-30
;WIPE_END
G1 Z260 F15000
G1 X272.813 Y575.89 Z260
G1 Z259
G1 E40 F9000
G1 F2779.614
G1 X272.813 Y564.377 E49.70059
G1 X564.378 Y272.813 E1780.10741
G1 X575.89 Y272.813 E49.70059
M73 P58 R370
;WIPE_START
G1 F600
G1 X565.89 Y272.813 E-30
;WIPE_END
G1 Z260 F15000
G1 X727.187 Y413.08 Z260
G1 Z259
G1 E40 F9000
G1 F2779.614
G1 X727.187 Y401.568 E49.70059
G1 X598.432 Y272.813 E786.09564
G1 X586.92 Y272.813 E49.70059
;WIPE_START
G1 F600
G1 X596.92 Y272.813 E-30
;WIPE_END
G1 Z260 F15000
G1 X727.187 Y575.89 Z260
G1 Z259
G1 E40 F9000
G1 F2779.614
G1 X727.187 Y564.378 E49.70059
G1 X435.622 Y272.813 E1780.10742
G1 X424.11 Y272.813 E49.70059
;WIPE_START
G1 F600
G1 X434.11 Y272.813 E-30
;WIPE_END
G1 Z260 F15000
G1 X424.11 Y727.187 Z260
G1 Z259
G1 E40 F9000
G1 F2779.614
G1 X435.622 Y727.187 E49.70059
G1 X727.187 Y435.623 E1780.10743
G1 X727.187 Y424.11 E49.70059
;WIPE_START
G1 F600
G1 X727.187 Y434.11 E-30
;WIPE_END
G1 Z260 F15000
G1 X715.675 Y727.187 Z260
G1 Z259
G1 E40 F9000
G1 F2779.614
G1 X727.187 Y727.187 E49.70059
G1 X272.813 Y272.813 E2774.11918
G1 X284.325 Y272.813 E49.70059
;WIPE_START
G1 F600
G1 X274.325 Y272.813 E-30
;WIPE_END
G1 Z260 F15000
G1 X284.325 Y727.187 Z260
G1 Z259
G1 E40 F9000
G1 F2779.614
G1 X272.813 Y727.187 E49.70025
G1 X727.187 Y272.813 E2774.11872
M73 P58 R369
G1 X715.675 Y272.813 E49.70027
;WIPE_START
G1 F600
G1 X725.675 Y272.813 E-30
;WIPE_END
G1 Z260 F15000
G1 X586.92 Y727.187 Z260
G1 Z259
G1 E40 F9000
G1 F2779.614
G1 X598.432 Y727.187 E49.70059
G1 X727.187 Y598.432 E786.09565
G1 X727.187 Y586.92 E49.70059
;WIPE_START
G1 F600
G1 X727.187 Y596.92 E-30
;WIPE_END
G1 Z260 F15000
G1 X575.89 Y727.187 Z260
G1 Z259
G1 E40 F9000
G1 F2779.614
G1 X564.378 Y727.187 E49.70059
G1 X272.813 Y435.622 E1780.10742
G1 X272.813 Y424.11 E49.70059
;WIPE_START
G1 F600
G1 X272.813 Y434.11 E-30
;WIPE_END
G1 Z260 F15000
G1 X413.08 Y727.187 Z260
G1 Z259
G1 E40 F9000
G1 F2779.614
G1 X401.568 Y727.187 E49.70059
G1 X272.813 Y598.432 E786.09565
G1 X272.813 Y586.92 E49.70059
; stop printing object Cube id:0 copy 0
;LAYER_CHANGE
;Z:260.5
;HEIGHT:1.5
;BEFORE_LAYER_CHANGE
;260.5
G92 E0

EXCLUDE_OBJECT_END NAME=Cube_id_0_copy_0
;AFTER_LAYER_CHANGE
;260.5
;_SET_FAN_SPEED_CHANGING_LAYER
; printing object Cube id:0 copy 0
;WIPE_START
G1 F600
G1 X272.813 Y596.92 E-30
;WIPE_END
EXCLUDE_OBJECT_START NAME=Cube_id_0_copy_0
G1 Z261.5 F15000
G1 X270.366 Y729.634 Z261.5
G1 Z260.5
G1 E40 F9000
;TYPE:Outer wall
;WIDTH:3.2
G1 F2779.615
G1 X270.366 Y270.366 E1982.72102
G1 F2760
G1 X729.634 Y270.366 E1982.72107
G1 X729.634 Y729.634 E1982.72102
M73 P58 R368
G1 X270.666 Y729.634 E1981.42588
;WIPE_START
G1 F600
G1 X270.66 Y719.634 E-30
;WIPE_END
G1 Z261.5 F15000
G1 X272.813 Y586.92 Z261.5
G1 Z260.5
G1 E40 F9000
;TYPE:Sparse infill
;WIDTH:3.2
G1 F2779.614
G1 X272.813 Y598.432 E49.70059
G1 X401.568 Y727.187 E786.09565
G1 X413.08 Y727.187 E49.70059
;WIPE_START
G1 F600
G1 X403.08 Y727.187 E-30
;WIPE_END
G1 Z261.5 F15000
G1 X272.813 Y424.11 Z261.5
G1 Z260.5
G1 E40 F9000
G1 F2779.614
G1 X272.813 Y435.622 E49.70059
G1 X564.378 Y727.187 E1780.10742
G1 X575.89 Y727.187 E49.70059
M73 P59 R368
;WIPE_START
G1 F600
G1 X565.89 Y727.187 E-30
;WIPE_END
G1 Z261.5 F15000
G1 X727.187 Y586.92 Z261.5
G1 Z260.5
G1 E40 F9000
G1 F2779.614
G1 X727.187 Y598.432 E49.70059
G1 X598.432 Y727.187 E786.09565
G1 X586.92 Y727.187 E49.70059
;WIPE_START
G1 F600
G1 X596.92 Y727.187 E-30
;WIPE_END
G1 Z261.5 F15000
G1 X727.187 Y424.11 Z261.5
G1 Z260.5
G1 E40 F9000
G1 F2779.614
G1 X727.187 Y435.623 E49.70059
G1 X435.622 Y727.187 E1780.10743
G1 X424.11 Y727.187 E49.70059
M73 P59 R367
;WIPE_START
G1 F600
G1 X434.11 Y727.187 E-30
;WIPE_END
G1 Z261.5 F15000
G1 X424.11 Y272.813 Z261.5
G1 Z260.5
G1 E40 F9000
G1 F2779.614
G1 X435.622 Y272.813 E49.70059
G1 X727.187 Y564.378 E1780.10742
G1 X727.187 Y575.89 E49.70059
;WIPE_START
G1 F600
G1 X727.187 Y565.89 E-30
;WIPE_END
G1 Z261.5 F15000
G1 X715.675 Y272.813 Z261.5
G1 Z260.5
G1 E40 F9000
G1 F2779.614
G1 X727.187 Y272.813 E49.70027
G1 X272.813 Y727.187 E2774.11872
G1 X284.325 Y727.187 E49.70025
;WIPE_START
G1 F600
G1 X274.325 Y727.187 E-30
;WIPE_END
G1 Z261.5 F15000
G1 X284.325 Y272.813 Z261.5
G1 Z260.5
G1 E40 F9000
G1 F2779.614
G1 X272.813 Y272.813 E49.70059
G1 X727.187 Y727.187 E2774.11918
G1 X715.675 Y727.187 E49.70059
;WIPE_START
G1 F600
G1 X725.675 Y727.187 E-30
;WIPE_END
G1 Z261.5 F15000
G1 X586.92 Y272.813 Z261.5
G1 Z260.5
M73 P59 R366
G1 E40 F9000
G1 F2779.614
G1 X598.432 Y272.813 E49.70059
G1 X727.187 Y401.568 E786.09564
G1 X727.187 Y413.08 E49.70059
;WIPE_START
G1 F600
G1 X727.187 Y403.08 E-30
;WIPE_END
G1 Z261.5 F15000
G1 X575.89 Y272.813 Z261.5
G1 Z260.5
G1 E40 F9000
G1 F2779.614
G1 X564.378 Y272.813 E49.70059
G1 X272.813 Y564.377 E1780.10741
G1 X272.813 Y575.89 E49.70059
;WIPE_START
G1 F600
G1 X272.813 Y565.89 E-30
;WIPE_END
G1 Z261.5 F15000
G1 X413.08 Y272.813 Z261.5
G1 Z260.5
G1 E40 F9000
G1 F2779.614
G1 X401.568 Y272.813 E49.70059
G1 X272.813 Y401.568 E786.09564
G1 X272.813 Y413.08 E49.70059
; stop printing object Cube id:0 copy 0
;LAYER_CHANGE
;Z:262
;HEIGHT:1.5
;BEFORE_LAYER_CHANGE
;262
G92 E0

EXCLUDE_OBJECT_END NAME=Cube_id_0_copy_0
;AFTER_LAYER_CHANGE
;262
;_SET_FAN_SPEED_CHANGING_LAYER
; printing object Cube id:0 copy 0
;WIPE_START
G1 F600
G1 X272.813 Y403.08 E-30
;WIPE_END
EXCLUDE_OBJECT_START NAME=Cube_id_0_copy_0
G1 Z263 F15000
G1 X270.366 Y270.366 Z263
G1 Z262
G1 E40 F9000
;TYPE:Outer wall
;WIDTH:3.2
G1 F2779.615
G1 X729.634 Y270.366 E1982.72102
G1 F2760
G1 X729.634 Y729.634 E1982.72107
G1 X270.366 Y729.634 E1982.72102
G1 X270.366 Y270.666 E1981.42588
;WIPE_START
G1 F600
M73 P59 R365
G1 X280.366 Y270.66 E-30
;WIPE_END
G1 Z263 F15000
G1 X272.813 Y413.08 Z263
G1 Z262
G1 E40 F9000
;TYPE:Sparse infill
;WIDTH:3.2
G1 F2779.614
G1 X272.813 Y401.568 E49.70059
G1 X401.568 Y272.813 E786.09564
G1 X413.08 Y272.813 E49.70059
;WIPE_START
G1 F600
G1 X403.08 Y272.813 E-30
;WIPE_END
G1 Z263 F15000
G1 X272.813 Y575.89 Z263
G1 Z262
G1 E40 F9000
G1 F2779.614
G1 X272.813 Y564.377 E49.70059
G1 X564.378 Y272.813 E1780.10741
G1 X575.89 Y272.813 E49.70059
;WIPE_START
G1 F600
G1 X565.89 Y272.813 E-30
;WIPE_END
G1 Z263 F15000
G1 X727.187 Y413.08 Z263
G1 Z262
G1 E40 F9000
G1 F2779.614
G1 X727.187 Y401.568 E49.70059
G1 X598.432 Y272.813 E786.09564
G1 X586.92 Y272.813 E49.70059
;WIPE_START
G1 F600
G1 X596.92 Y272.813 E-30
;WIPE_END
G1 Z263 F15000
G1 X727.187 Y575.89 Z263
G1 Z262
G1 E40 F9000
G1 F2779.614
G1 X727.187 Y564.378 E49.70059
G1 X435.622 Y272.813 E1780.10742
G1 X424.11 Y272.813 E49.70059
;WIPE_START
G1 F600
G1 X434.11 Y272.813 E-30
;WIPE_END
G1 Z263 F15000
G1 X424.11 Y727.187 Z263
G1 Z262
G1 E40 F9000
G1 F2779.614
G1 X435.622 Y727.187 E49.70059
G1 X727.187 Y435.623 E1780.10743
G1 X727.187 Y424.11 E49.70059
M73 P59 R364
;WIPE_START
G1 F600
G1 X727.187 Y434.11 E-30
;WIPE_END
G1 Z263 F15000
G1 X715.675 Y727.187 Z263
G1 Z262
G1 E40 F9000
G1 F2779.614
G1 X727.187 Y727.187 E49.70059
G1 X272.813 Y272.813 E2774.11918
G1 X284.325 Y272.813 E49.70059
;WIPE_START
G1 F600
G1 X274.325 Y272.813 E-30
;WIPE_END
G1 Z263 F15000
G1 X284.325 Y727.187 Z263
G1 Z262
G1 E40 F9000
G1 F2779.614
G1 X272.813 Y727.187 E49.70025
G1 X727.187 Y272.813 E2774.11872
G1 X715.675 Y272.813 E49.70027
;WIPE_START
G1 F600
G1 X725.675 Y272.813 E-30
;WIPE_END
G1 Z263 F15000
G1 X586.92 Y727.187 Z263
G1 Z262
G1 E40 F9000
G1 F2779.614
G1 X598.432 Y727.187 E49.70059
G1 X727.187 Y598.432 E786.09565
G1 X727.187 Y586.92 E49.70059
;WIPE_START
G1 F600
G1 X727.187 Y596.92 E-30
;WIPE_END
G1 Z263 F15000
G1 X575.89 Y727.187 Z263
G1 Z262
G1 E40 F9000
G1 F2779.614
G1 X564.378 Y727.187 E49.70059
G1 X272.813 Y435.622 E1780.10742
G1 X272.813 Y424.11 E49.70059
M73 P59 R363
;WIPE_START
G1 F600
G1 X272.813 Y434.11 E-30
;WIPE_END
G1 Z263 F15000
G1 X413.08 Y727.187 Z263
G1 Z262
G1 E40 F9000
G1 F2779.614
G1 X401.568 Y727.187 E49.70059
G1 X272.813 Y598.432 E786.09565
G1 X272.813 Y586.92 E49.70059
; stop printing object Cube id:0 copy 0
;LAYER_CHANGE
;Z:263.5
;HEIGHT:1.5
;BEFORE_LAYER_CHANGE
;263.5
G92 E0

EXCLUDE_OBJECT_END NAME=Cube_id_0_copy_0
;AFTER_LAYER_CHANGE
;263.5
;_SET_FAN_SPEED_CHANGING_LAYER
; printing object Cube id:0 copy 0
;WIPE_START
G1 F600
G1 X272.813 Y596.92 E-30
;WIPE_END
EXCLUDE_OBJECT_START NAME=Cube_id_0_copy_0
G1 Z264.5 F15000
G1 X270.366 Y729.634 Z264.5
G1 Z263.5
G1 E40 F9000
;TYPE:Outer wall
;WIDTH:3.2
G1 F2779.615
G1 X270.366 Y270.366 E1982.72102
G1 F2760
G1 X729.634 Y270.366 E1982.72107
G1 X729.634 Y729.634 E1982.72102
G1 X270.666 Y729.634 E1981.42588
;WIPE_START
G1 F600
G1 X270.66 Y719.634 E-30
;WIPE_END
G1 Z264.5 F15000
G1 X272.813 Y586.92 Z264.5
G1 Z263.5
G1 E40 F9000
;TYPE:Sparse infill
;WIDTH:3.2
G1 F2779.614
G1 X272.813 Y598.432 E49.70059
G1 X401.568 Y727.187 E786.09565
G1 X413.08 Y727.187 E49.70059
;WIPE_START
G1 F600
G1 X403.08 Y727.187 E-30
;WIPE_END
G1 Z264.5 F15000
M73 P59 R362
G1 X272.813 Y424.11 Z264.5
G1 Z263.5
G1 E40 F9000
G1 F2779.614
G1 X272.813 Y435.622 E49.70059
G1 X564.378 Y727.187 E1780.10742
G1 X575.89 Y727.187 E49.70059
;WIPE_START
G1 F600
G1 X565.89 Y727.187 E-30
;WIPE_END
G1 Z264.5 F15000
G1 X727.187 Y586.92 Z264.5
G1 Z263.5
G1 E40 F9000
G1 F2779.614
G1 X727.187 Y598.432 E49.70059
G1 X598.432 Y727.187 E786.09565
G1 X586.92 Y727.187 E49.70059
;WIPE_START
G1 F600
G1 X596.92 Y727.187 E-30
;WIPE_END
G1 Z264.5 F15000
G1 X727.187 Y424.11 Z264.5
G1 Z263.5
G1 E40 F9000
G1 F2779.614
G1 X727.187 Y435.623 E49.70059
G1 X435.622 Y727.187 E1780.10743
G1 X424.11 Y727.187 E49.70059
;WIPE_START
G1 F600
G1 X434.11 Y727.187 E-30
;WIPE_END
G1 Z264.5 F15000
G1 X424.11 Y272.813 Z264.5
G1 Z263.5
G1 E40 F9000
G1 F2779.614
G1 X435.622 Y272.813 E49.70059
G1 X727.187 Y564.378 E1780.10742
G1 X727.187 Y575.89 E49.70059
;WIPE_START
G1 F600
G1 X727.187 Y565.89 E-30
;WIPE_END
G1 Z264.5 F15000
G1 X715.675 Y272.813 Z264.5
G1 Z263.5
G1 E40 F9000
G1 F2779.614
G1 X727.187 Y272.813 E49.70027
G1 X272.813 Y727.187 E2774.11872
G1 X284.325 Y727.187 E49.70025
M73 P59 R361
;WIPE_START
G1 F600
G1 X274.325 Y727.187 E-30
;WIPE_END
G1 Z264.5 F15000
G1 X284.325 Y272.813 Z264.5
G1 Z263.5
G1 E40 F9000
G1 F2779.614
G1 X272.813 Y272.813 E49.70059
G1 X727.187 Y727.187 E2774.11918
G1 X715.675 Y727.187 E49.70059
;WIPE_START
G1 F600
G1 X725.675 Y727.187 E-30
;WIPE_END
G1 Z264.5 F15000
G1 X586.92 Y272.813 Z264.5
G1 Z263.5
G1 E40 F9000
G1 F2779.614
G1 X598.432 Y272.813 E49.70059
G1 X727.187 Y401.568 E786.09564
G1 X727.187 Y413.08 E49.70059
;WIPE_START
G1 F600
G1 X727.187 Y403.08 E-30
;WIPE_END
G1 Z264.5 F15000
G1 X575.89 Y272.813 Z264.5
G1 Z263.5
G1 E40 F9000
G1 F2779.614
G1 X564.378 Y272.813 E49.70059
G1 X272.813 Y564.377 E1780.10741
G1 X272.813 Y575.89 E49.70059
;WIPE_START
G1 F600
G1 X272.813 Y565.89 E-30
;WIPE_END
G1 Z264.5 F15000
G1 X413.08 Y272.813 Z264.5
G1 Z263.5
G1 E40 F9000
G1 F2779.614
G1 X401.568 Y272.813 E49.70059
G1 X272.813 Y401.568 E786.09564
G1 X272.813 Y413.08 E49.70059
; stop printing object Cube id:0 copy 0
;LAYER_CHANGE
;Z:265
;HEIGHT:1.5
;BEFORE_LAYER_CHANGE
;265
G92 E0

EXCLUDE_OBJECT_END NAME=Cube_id_0_copy_0
;AFTER_LAYER_CHANGE
;265
;_SET_FAN_SPEED_CHANGING_LAYER
; printing object Cube id:0 copy 0
;WIPE_START
G1 F600
G1 X272.813 Y403.08 E-30
;WIPE_END
EXCLUDE_OBJECT_START NAME=Cube_id_0_copy_0
G1 Z266 F15000
G1 X270.366 Y270.366 Z266
G1 Z265
G1 E40 F9000
;TYPE:Outer wall
;WIDTH:3.2
G1 F2779.615
G1 X729.634 Y270.366 E1982.72102
G1 F2760
M73 P59 R360
G1 X729.634 Y729.634 E1982.72107
G1 X270.366 Y729.634 E1982.72102
G1 X270.366 Y270.666 E1981.42588
;WIPE_START
G1 F600
G1 X280.366 Y270.66 E-30
;WIPE_END
G1 Z266 F15000
G1 X272.813 Y413.08 Z266
G1 Z265
G1 E40 F9000
;TYPE:Sparse infill
;WIDTH:3.2
G1 F2779.614
G1 X272.813 Y401.568 E49.70059
G1 X401.568 Y272.813 E786.09564
G1 X413.08 Y272.813 E49.70059
;WIPE_START
G1 F600
G1 X403.08 Y272.813 E-30
;WIPE_END
G1 Z266 F15000
G1 X272.813 Y575.89 Z266
G1 Z265
G1 E40 F9000
G1 F2779.614
G1 X272.813 Y564.377 E49.70059
G1 X564.378 Y272.813 E1780.10741
G1 X575.89 Y272.813 E49.70059
;WIPE_START
G1 F600
G1 X565.89 Y272.813 E-30
;WIPE_END
G1 Z266 F15000
G1 X727.187 Y413.08 Z266
G1 Z265
G1 E40 F9000
G1 F2779.614
G1 X727.187 Y401.568 E49.70059
G1 X598.432 Y272.813 E786.09564
G1 X586.92 Y272.813 E49.70059
M73 P59 R359
;WIPE_START
G1 F600
G1 X596.92 Y272.813 E-30
;WIPE_END
G1 Z266 F15000
G1 X727.187 Y575.89 Z266
G1 Z265
G1 E40 F9000
G1 F2779.614
G1 X727.187 Y564.378 E49.70059
G1 X435.622 Y272.813 E1780.10742
G1 X424.11 Y272.813 E49.70059
;WIPE_START
G1 F600
G1 X434.11 Y272.813 E-30
;WIPE_END
G1 Z266 F15000
G1 X424.11 Y727.187 Z266
G1 Z265
G1 E40 F9000
G1 F2779.614
G1 X435.622 Y727.187 E49.70059
G1 X727.187 Y435.623 E1780.10743
G1 X727.187 Y424.11 E49.70059
;WIPE_START
G1 F600
G1 X727.187 Y434.11 E-30
;WIPE_END
G1 Z266 F15000
G1 X715.675 Y727.187 Z266
G1 Z265
G1 E40 F9000
G1 F2779.614
G1 X727.187 Y727.187 E49.70059
G1 X272.813 Y272.813 E2774.11918
G1 X284.325 Y272.813 E49.70059
M73 P60 R359
;WIPE_START
G1 F600
G1 X274.325 Y272.813 E-30
;WIPE_END
G1 Z266 F15000
G1 X284.325 Y727.187 Z266
G1 Z265
G1 E40 F9000
G1 F2779.614
G1 X272.813 Y727.187 E49.70025
G1 X727.187 Y272.813 E2774.11872
G1 X715.675 Y272.813 E49.70027
M73 P60 R358
;WIPE_START
G1 F600
G1 X725.675 Y272.813 E-30
;WIPE_END
G1 Z266 F15000
G1 X586.92 Y727.187 Z266
G1 Z265
G1 E40 F9000
G1 F2779.614
G1 X598.432 Y727.187 E49.70059
G1 X727.187 Y598.432 E786.09565
G1 X727.187 Y586.92 E49.70059
;WIPE_START
G1 F600
G1 X727.187 Y596.92 E-30
;WIPE_END
G1 Z266 F15000
G1 X575.89 Y727.187 Z266
G1 Z265
G1 E40 F9000
G1 F2779.614
G1 X564.378 Y727.187 E49.70059
G1 X272.813 Y435.622 E1780.10742
G1 X272.813 Y424.11 E49.70059
;WIPE_START
G1 F600
G1 X272.813 Y434.11 E-30
;WIPE_END
G1 Z266 F15000
G1 X413.08 Y727.187 Z266
G1 Z265
G1 E40 F9000
G1 F2779.614
G1 X401.568 Y727.187 E49.70059
G1 X272.813 Y598.432 E786.09565
G1 X272.813 Y586.92 E49.70059
; stop printing object Cube id:0 copy 0
;LAYER_CHANGE
;Z:266.5
;HEIGHT:1.5
;BEFORE_LAYER_CHANGE
;266.5
G92 E0

EXCLUDE_OBJECT_END NAME=Cube_id_0_copy_0
;AFTER_LAYER_CHANGE
;266.5
;_SET_FAN_SPEED_CHANGING_LAYER
; printing object Cube id:0 copy 0
;WIPE_START
G1 F600
G1 X272.813 Y596.92 E-30
;WIPE_END
EXCLUDE_OBJECT_START NAME=Cube_id_0_copy_0
G1 Z267.5 F15000
G1 X270.366 Y729.634 Z267.5
G1 Z266.5
G1 E40 F9000
;TYPE:Outer wall
;WIDTH:3.2
G1 F2779.615
G1 X270.366 Y270.366 E1982.72102
G1 F2760
G1 X729.634 Y270.366 E1982.72107
G1 X729.634 Y729.634 E1982.72102
G1 X270.666 Y729.634 E1981.42588
M73 P60 R357
;WIPE_START
G1 F600
G1 X270.66 Y719.634 E-30
;WIPE_END
G1 Z267.5 F15000
G1 X272.813 Y586.92 Z267.5
G1 Z266.5
G1 E40 F9000
;TYPE:Sparse infill
;WIDTH:3.2
G1 F2779.614
G1 X272.813 Y598.432 E49.70059
G1 X401.568 Y727.187 E786.09565
G1 X413.08 Y727.187 E49.70059
;WIPE_START
G1 F600
G1 X403.08 Y727.187 E-30
;WIPE_END
G1 Z267.5 F15000
G1 X272.813 Y424.11 Z267.5
G1 Z266.5
G1 E40 F9000
G1 F2779.614
G1 X272.813 Y435.622 E49.70059
G1 X564.378 Y727.187 E1780.10742
G1 X575.89 Y727.187 E49.70059
;WIPE_START
G1 F600
G1 X565.89 Y727.187 E-30
;WIPE_END
G1 Z267.5 F15000
G1 X727.187 Y586.92 Z267.5
G1 Z266.5
G1 E40 F9000
G1 F2779.614
G1 X727.187 Y598.432 E49.70059
G1 X598.432 Y727.187 E786.09565
G1 X586.92 Y727.187 E49.70059
;WIPE_START
G1 F600
G1 X596.92 Y727.187 E-30
;WIPE_END
G1 Z267.5 F15000
G1 X727.187 Y424.11 Z267.5
G1 Z266.5
G1 E40 F9000
G1 F2779.614
G1 X727.187 Y435.623 E49.70059
G1 X435.622 Y727.187 E1780.10743
G1 X424.11 Y727.187 E49.70059
;WIPE_START
G1 F600
G1 X434.11 Y727.187 E-30
;WIPE_END
G1 Z267.5 F15000
M73 P60 R356
G1 X424.11 Y272.813 Z267.5
G1 Z266.5
G1 E40 F9000
G1 F2779.614
G1 X435.622 Y272.813 E49.70059
G1 X727.187 Y564.378 E1780.10742
G1 X727.187 Y575.89 E49.70059
;WIPE_START
G1 F600
G1 X727.187 Y565.89 E-30
;WIPE_END
G1 Z267.5 F15000
G1 X715.675 Y272.813 Z267.5
G1 Z266.5
G1 E40 F9000
G1 F2779.614
G1 X727.187 Y272.813 E49.70027
G1 X272.813 Y727.187 E2774.11872
G1 X284.325 Y727.187 E49.70025
;WIPE_START
G1 F600
G1 X274.325 Y727.187 E-30
;WIPE_END
G1 Z267.5 F15000
G1 X284.325 Y272.813 Z267.5
G1 Z266.5
G1 E40 F9000
G1 F2779.614
G1 X272.813 Y272.813 E49.70059
G1 X727.187 Y727.187 E2774.11918
G1 X715.675 Y727.187 E49.70059
;WIPE_START
G1 F600
G1 X725.675 Y727.187 E-30
;WIPE_END
G1 Z267.5 F15000
G1 X586.92 Y272.813 Z267.5
G1 Z266.5
G1 E40 F9000
G1 F2779.614
G1 X598.432 Y272.813 E49.70059
G1 X727.187 Y401.568 E786.09564
G1 X727.187 Y413.08 E49.70059
;WIPE_START
G1 F600
G1 X727.187 Y403.08 E-30
;WIPE_END
G1 Z267.5 F15000
G1 X575.89 Y272.813 Z267.5
G1 Z266.5
G1 E40 F9000
M73 P60 R355
G1 F2779.614
G1 X564.378 Y272.813 E49.70059
G1 X272.813 Y564.377 E1780.10741
G1 X272.813 Y575.89 E49.70059
;WIPE_START
G1 F600
G1 X272.813 Y565.89 E-30
;WIPE_END
G1 Z267.5 F15000
G1 X413.08 Y272.813 Z267.5
G1 Z266.5
G1 E40 F9000
G1 F2779.614
G1 X401.568 Y272.813 E49.70059
G1 X272.813 Y401.568 E786.09564
G1 X272.813 Y413.08 E49.70059
; stop printing object Cube id:0 copy 0
;LAYER_CHANGE
;Z:268
;HEIGHT:1.5
;BEFORE_LAYER_CHANGE
;268
G92 E0

EXCLUDE_OBJECT_END NAME=Cube_id_0_copy_0
;AFTER_LAYER_CHANGE
;268
;_SET_FAN_SPEED_CHANGING_LAYER
; printing object Cube id:0 copy 0
;WIPE_START
G1 F600
G1 X272.813 Y403.08 E-30
;WIPE_END
EXCLUDE_OBJECT_START NAME=Cube_id_0_copy_0
G1 Z269 F15000
G1 X270.366 Y270.366 Z269
G1 Z268
G1 E40 F9000
;TYPE:Outer wall
;WIDTH:3.2
G1 F2779.615
G1 X729.634 Y270.366 E1982.72102
G1 F2760
G1 X729.634 Y729.634 E1982.72107
G1 X270.366 Y729.634 E1982.72102
G1 X270.366 Y270.666 E1981.42588
;WIPE_START
G1 F600
M73 P60 R354
G1 X280.366 Y270.66 E-30
;WIPE_END
G1 Z269 F15000
G1 X272.813 Y413.08 Z269
G1 Z268
G1 E40 F9000
;TYPE:Sparse infill
;WIDTH:3.2
G1 F2779.614
G1 X272.813 Y401.568 E49.70059
G1 X401.568 Y272.813 E786.09564
G1 X413.08 Y272.813 E49.70059
;WIPE_START
G1 F600
G1 X403.08 Y272.813 E-30
;WIPE_END
G1 Z269 F15000
G1 X272.813 Y575.89 Z269
G1 Z268
G1 E40 F9000
G1 F2779.614
G1 X272.813 Y564.377 E49.70059
G1 X564.378 Y272.813 E1780.10741
G1 X575.89 Y272.813 E49.70059
;WIPE_START
G1 F600
G1 X565.89 Y272.813 E-30
;WIPE_END
G1 Z269 F15000
G1 X727.187 Y413.08 Z269
G1 Z268
G1 E40 F9000
G1 F2779.614
G1 X727.187 Y401.568 E49.70059
G1 X598.432 Y272.813 E786.09564
G1 X586.92 Y272.813 E49.70059
;WIPE_START
G1 F600
G1 X596.92 Y272.813 E-30
;WIPE_END
G1 Z269 F15000
G1 X727.187 Y575.89 Z269
G1 Z268
G1 E40 F9000
G1 F2779.614
G1 X727.187 Y564.378 E49.70059
G1 X435.622 Y272.813 E1780.10742
G1 X424.11 Y272.813 E49.70059
;WIPE_START
G1 F600
G1 X434.11 Y272.813 E-30
;WIPE_END
G1 Z269 F15000
G1 X424.11 Y727.187 Z269
G1 Z268
G1 E40 F9000
G1 F2779.614
G1 X435.622 Y727.187 E49.70059
G1 X727.187 Y435.623 E1780.10743
G1 X727.187 Y424.11 E49.70059
;WIPE_START
G1 F600
G1 X727.187 Y434.11 E-30
;WIPE_END
G1 Z269 F15000
G1 X715.675 Y727.187 Z269
G1 Z268
G1 E40 F9000
G1 F2779.614
G1 X727.187 Y727.187 E49.70059
G1 X272.813 Y272.813 E2774.11918
G1 X284.325 Y272.813 E49.70059
M73 P60 R353
;WIPE_START
G1 F600
G1 X274.325 Y272.813 E-30
;WIPE_END
G1 Z269 F15000
G1 X284.325 Y727.187 Z269
G1 Z268
G1 E40 F9000
G1 F2779.614
G1 X272.813 Y727.187 E49.70025
G1 X727.187 Y272.813 E2774.11872
G1 X715.675 Y272.813 E49.70027
;WIPE_START
G1 F600
G1 X725.675 Y272.813 E-30
;WIPE_END
G1 Z269 F15000
G1 X586.92 Y727.187 Z269
G1 Z268
G1 E40 F9000
G1 F2779.614
G1 X598.432 Y727.187 E49.70059
G1 X727.187 Y598.432 E786.09565
G1 X727.187 Y586.92 E49.70059
;WIPE_START
G1 F600
G1 X727.187 Y596.92 E-30
;WIPE_END
G1 Z269 F15000
G1 X575.89 Y727.187 Z269
G1 Z268
G1 E40 F9000
G1 F2779.614
G1 X564.378 Y727.187 E49.70059
G1 X272.813 Y435.622 E1780.10742
G1 X272.813 Y424.11 E49.70059
;WIPE_START
G1 F600
G1 X272.813 Y434.11 E-30
;WIPE_END
G1 Z269 F15000
G1 X413.08 Y727.187 Z269
G1 Z268
G1 E40 F9000
G1 F2779.614
G1 X401.568 Y727.187 E49.70059
G1 X272.813 Y598.432 E786.09565
G1 X272.813 Y586.92 E49.70059
M73 P60 R352
; stop printing object Cube id:0 copy 0
;LAYER_CHANGE
;Z:269.5
;HEIGHT:1.5
;BEFORE_LAYER_CHANGE
;269.5
G92 E0

EXCLUDE_OBJECT_END NAME=Cube_id_0_copy_0
;AFTER_LAYER_CHANGE
;269.5
;_SET_FAN_SPEED_CHANGING_LAYER
; printing object Cube id:0 copy 0
;WIPE_START
G1 F600
G1 X272.813 Y596.92 E-30
;WIPE_END
EXCLUDE_OBJECT_START NAME=Cube_id_0_copy_0
G1 Z270.5 F15000
G1 X270.366 Y729.634 Z270.5
G1 Z269.5
G1 E40 F9000
;TYPE:Outer wall
;WIDTH:3.2
G1 F2779.615
G1 X270.366 Y270.366 E1982.72102
G1 F2760
G1 X729.634 Y270.366 E1982.72107
G1 X729.634 Y729.634 E1982.72102
G1 X270.666 Y729.634 E1981.42588
;WIPE_START
G1 F600
G1 X270.66 Y719.634 E-30
;WIPE_END
G1 Z270.5 F15000
G1 X272.813 Y586.92 Z270.5
G1 Z269.5
G1 E40 F9000
;TYPE:Sparse infill
;WIDTH:3.2
G1 F2779.614
G1 X272.813 Y598.432 E49.70059
G1 X401.568 Y727.187 E786.09565
G1 X413.08 Y727.187 E49.70059
;WIPE_START
G1 F600
G1 X403.08 Y727.187 E-30
;WIPE_END
G1 Z270.5 F15000
G1 X272.813 Y424.11 Z270.5
G1 Z269.5
G1 E40 F9000
G1 F2779.614
G1 X272.813 Y435.622 E49.70059
G1 X564.378 Y727.187 E1780.10742
G1 X575.89 Y727.187 E49.70059
M73 P60 R351
;WIPE_START
G1 F600
G1 X565.89 Y727.187 E-30
;WIPE_END
G1 Z270.5 F15000
G1 X727.187 Y586.92 Z270.5
G1 Z269.5
G1 E40 F9000
G1 F2779.614
G1 X727.187 Y598.432 E49.70059
G1 X598.432 Y727.187 E786.09565
G1 X586.92 Y727.187 E49.70059
;WIPE_START
G1 F600
G1 X596.92 Y727.187 E-30
;WIPE_END
G1 Z270.5 F15000
G1 X727.187 Y424.11 Z270.5
G1 Z269.5
G1 E40 F9000
G1 F2779.614
G1 X727.187 Y435.623 E49.70059
G1 X435.622 Y727.187 E1780.10743
G1 X424.11 Y727.187 E49.70059
;WIPE_START
G1 F600
G1 X434.11 Y727.187 E-30
;WIPE_END
G1 Z270.5 F15000
G1 X424.11 Y272.813 Z270.5
G1 Z269.5
G1 E40 F9000
G1 F2779.614
G1 X435.622 Y272.813 E49.70059
G1 X727.187 Y564.378 E1780.10742
G1 X727.187 Y575.89 E49.70059
;WIPE_START
G1 F600
G1 X727.187 Y565.89 E-30
;WIPE_END
G1 Z270.5 F15000
G1 X715.675 Y272.813 Z270.5
G1 Z269.5
G1 E40 F9000
G1 F2779.614
G1 X727.187 Y272.813 E49.70027
G1 X272.813 Y727.187 E2774.11872
G1 X284.325 Y727.187 E49.70025
;WIPE_START
G1 F600
G1 X274.325 Y727.187 E-30
;WIPE_END
G1 Z270.5 F15000
G1 X284.325 Y272.813 Z270.5
G1 Z269.5
G1 E40 F9000
G1 F2779.614
M73 P60 R350
G1 X272.813 Y272.813 E49.70059
G1 X727.187 Y727.187 E2774.11918
G1 X715.675 Y727.187 E49.70059
;WIPE_START
G1 F600
G1 X725.675 Y727.187 E-30
;WIPE_END
G1 Z270.5 F15000
G1 X586.92 Y272.813 Z270.5
G1 Z269.5
G1 E40 F9000
G1 F2779.614
G1 X598.432 Y272.813 E49.70059
G1 X727.187 Y401.568 E786.09564
G1 X727.187 Y413.08 E49.70059
;WIPE_START
G1 F600
G1 X727.187 Y403.08 E-30
;WIPE_END
G1 Z270.5 F15000
G1 X575.89 Y272.813 Z270.5
G1 Z269.5
G1 E40 F9000
G1 F2779.614
G1 X564.378 Y272.813 E49.70059
G1 X272.813 Y564.377 E1780.10741
G1 X272.813 Y575.89 E49.70059
;WIPE_START
G1 F600
G1 X272.813 Y565.89 E-30
;WIPE_END
G1 Z270.5 F15000
G1 X413.08 Y272.813 Z270.5
G1 Z269.5
M73 P61 R350
G1 E40 F9000
G1 F2779.614
G1 X401.568 Y272.813 E49.70059
G1 X272.813 Y401.568 E786.09564
G1 X272.813 Y413.08 E49.70059
; stop printing object Cube id:0 copy 0
;LAYER_CHANGE
;Z:271
;HEIGHT:1.5
;BEFORE_LAYER_CHANGE
;271
G92 E0

EXCLUDE_OBJECT_END NAME=Cube_id_0_copy_0
;AFTER_LAYER_CHANGE
;271
;_SET_FAN_SPEED_CHANGING_LAYER
; printing object Cube id:0 copy 0
;WIPE_START
G1 F600
G1 X272.813 Y403.08 E-30
;WIPE_END
EXCLUDE_OBJECT_START NAME=Cube_id_0_copy_0
G1 Z272 F15000
G1 X270.366 Y270.366 Z272
G1 Z271
G1 E40 F9000
;TYPE:Outer wall
;WIDTH:3.2
G1 F2779.615
G1 X729.634 Y270.366 E1982.72102
G1 F2760
G1 X729.634 Y729.634 E1982.72107
G1 X270.366 Y729.634 E1982.72102
M73 P61 R349
G1 X270.366 Y270.666 E1981.42588
;WIPE_START
G1 F600
G1 X280.366 Y270.66 E-30
;WIPE_END
G1 Z272 F15000
G1 X272.813 Y413.08 Z272
G1 Z271
G1 E40 F9000
;TYPE:Sparse infill
;WIDTH:3.2
G1 F2779.614
G1 X272.813 Y401.568 E49.70059
G1 X401.568 Y272.813 E786.09564
G1 X413.08 Y272.813 E49.70059
;WIPE_START
G1 F600
G1 X403.08 Y272.813 E-30
;WIPE_END
G1 Z272 F15000
G1 X272.813 Y575.89 Z272
G1 Z271
G1 E40 F9000
G1 F2779.614
G1 X272.813 Y564.377 E49.70059
G1 X564.378 Y272.813 E1780.10741
G1 X575.89 Y272.813 E49.70059
;WIPE_START
G1 F600
G1 X565.89 Y272.813 E-30
;WIPE_END
G1 Z272 F15000
G1 X727.187 Y413.08 Z272
G1 Z271
G1 E40 F9000
G1 F2779.614
G1 X727.187 Y401.568 E49.70059
G1 X598.432 Y272.813 E786.09564
G1 X586.92 Y272.813 E49.70059
;WIPE_START
G1 F600
G1 X596.92 Y272.813 E-30
;WIPE_END
G1 Z272 F15000
G1 X727.187 Y575.89 Z272
G1 Z271
G1 E40 F9000
G1 F2779.614
G1 X727.187 Y564.378 E49.70059
G1 X435.622 Y272.813 E1780.10742
G1 X424.11 Y272.813 E49.70059
M73 P61 R348
;WIPE_START
G1 F600
G1 X434.11 Y272.813 E-30
;WIPE_END
G1 Z272 F15000
G1 X424.11 Y727.187 Z272
G1 Z271
G1 E40 F9000
G1 F2779.614
G1 X435.622 Y727.187 E49.70059
G1 X727.187 Y435.623 E1780.10743
G1 X727.187 Y424.11 E49.70059
;WIPE_START
G1 F600
G1 X727.187 Y434.11 E-30
;WIPE_END
G1 Z272 F15000
G1 X715.675 Y727.187 Z272
G1 Z271
G1 E40 F9000
G1 F2779.614
G1 X727.187 Y727.187 E49.70059
G1 X272.813 Y272.813 E2774.11918
G1 X284.325 Y272.813 E49.70059
;WIPE_START
G1 F600
G1 X274.325 Y272.813 E-30
;WIPE_END
G1 Z272 F15000
G1 X284.325 Y727.187 Z272
G1 Z271
G1 E40 F9000
G1 F2779.614
G1 X272.813 Y727.187 E49.70025
G1 X727.187 Y272.813 E2774.11872
G1 X715.675 Y272.813 E49.70027
;WIPE_START
G1 F600
G1 X725.675 Y272.813 E-30
;WIPE_END
G1 Z272 F15000
G1 X586.92 Y727.187 Z272
G1 Z271
M73 P61 R347
G1 E40 F9000
G1 F2779.614
G1 X598.432 Y727.187 E49.70059
G1 X727.187 Y598.432 E786.09565
G1 X727.187 Y586.92 E49.70059
;WIPE_START
G1 F600
G1 X727.187 Y596.92 E-30
;WIPE_END
G1 Z272 F15000
G1 X575.89 Y727.187 Z272
G1 Z271
G1 E40 F9000
G1 F2779.614
G1 X564.378 Y727.187 E49.70059
G1 X272.813 Y435.622 E1780.10742
G1 X272.813 Y424.11 E49.70059
;WIPE_START
G1 F600
G1 X272.813 Y434.11 E-30
;WIPE_END
G1 Z272 F15000
G1 X413.08 Y727.187 Z272
G1 Z271
G1 E40 F9000
G1 F2779.614
G1 X401.568 Y727.187 E49.70059
G1 X272.813 Y598.432 E786.09565
G1 X272.813 Y586.92 E49.70059
; stop printing object Cube id:0 copy 0
;LAYER_CHANGE
;Z:272.5
;HEIGHT:1.5
;BEFORE_LAYER_CHANGE
;272.5
G92 E0

EXCLUDE_OBJECT_END NAME=Cube_id_0_copy_0
;AFTER_LAYER_CHANGE
;272.5
;_SET_FAN_SPEED_CHANGING_LAYER
; printing object Cube id:0 copy 0
;WIPE_START
G1 F600
G1 X272.813 Y596.92 E-30
;WIPE_END
EXCLUDE_OBJECT_START NAME=Cube_id_0_copy_0
G1 Z273.5 F15000
G1 X270.366 Y729.634 Z273.5
G1 Z272.5
G1 E40 F9000
;TYPE:Outer wall
;WIDTH:3.2
G1 F2779.615
G1 X270.366 Y270.366 E1982.72102
G1 F2760
G1 X729.634 Y270.366 E1982.72107
G1 X729.634 Y729.634 E1982.72102
G1 X270.666 Y729.634 E1981.42588
M73 P61 R346
;WIPE_START
G1 F600
G1 X270.66 Y719.634 E-30
;WIPE_END
G1 Z273.5 F15000
G1 X272.813 Y586.92 Z273.5
G1 Z272.5
G1 E40 F9000
;TYPE:Sparse infill
;WIDTH:3.2
G1 F2779.614
G1 X272.813 Y598.432 E49.70059
G1 X401.568 Y727.187 E786.09565
G1 X413.08 Y727.187 E49.70059
;WIPE_START
G1 F600
G1 X403.08 Y727.187 E-30
;WIPE_END
G1 Z273.5 F15000
G1 X272.813 Y424.11 Z273.5
G1 Z272.5
G1 E40 F9000
G1 F2779.614
G1 X272.813 Y435.622 E49.70059
G1 X564.378 Y727.187 E1780.10742
G1 X575.89 Y727.187 E49.70059
;WIPE_START
G1 F600
G1 X565.89 Y727.187 E-30
;WIPE_END
G1 Z273.5 F15000
G1 X727.187 Y586.92 Z273.5
G1 Z272.5
G1 E40 F9000
G1 F2779.614
G1 X727.187 Y598.432 E49.70059
G1 X598.432 Y727.187 E786.09565
G1 X586.92 Y727.187 E49.70059
;WIPE_START
G1 F600
G1 X596.92 Y727.187 E-30
;WIPE_END
G1 Z273.5 F15000
G1 X727.187 Y424.11 Z273.5
G1 Z272.5
G1 E40 F9000
G1 F2779.614
G1 X727.187 Y435.623 E49.70059
G1 X435.622 Y727.187 E1780.10743
G1 X424.11 Y727.187 E49.70059
;WIPE_START
G1 F600
G1 X434.11 Y727.187 E-30
;WIPE_END
G1 Z273.5 F15000
G1 X424.11 Y272.813 Z273.5
G1 Z272.5
G1 E40 F9000
G1 F2779.614
G1 X435.622 Y272.813 E49.70059
G1 X727.187 Y564.378 E1780.10742
G1 X727.187 Y575.89 E49.70059
M73 P61 R345
;WIPE_START
G1 F600
G1 X727.187 Y565.89 E-30
;WIPE_END
G1 Z273.5 F15000
G1 X715.675 Y272.813 Z273.5
G1 Z272.5
G1 E40 F9000
G1 F2779.614
G1 X727.187 Y272.813 E49.70027
G1 X272.813 Y727.187 E2774.11872
G1 X284.325 Y727.187 E49.70025
;WIPE_START
G1 F600
G1 X274.325 Y727.187 E-30
;WIPE_END
G1 Z273.5 F15000
G1 X284.325 Y272.813 Z273.5
G1 Z272.5
G1 E40 F9000
G1 F2779.614
G1 X272.813 Y272.813 E49.70059
G1 X727.187 Y727.187 E2774.11918
G1 X715.675 Y727.187 E49.70059
;WIPE_START
G1 F600
G1 X725.675 Y727.187 E-30
;WIPE_END
G1 Z273.5 F15000
G1 X586.92 Y272.813 Z273.5
G1 Z272.5
G1 E40 F9000
G1 F2779.614
G1 X598.432 Y272.813 E49.70059
G1 X727.187 Y401.568 E786.09564
G1 X727.187 Y413.08 E49.70059
;WIPE_START
G1 F600
G1 X727.187 Y403.08 E-30
;WIPE_END
G1 Z273.5 F15000
G1 X575.89 Y272.813 Z273.5
G1 Z272.5
G1 E40 F9000
G1 F2779.614
G1 X564.378 Y272.813 E49.70059
G1 X272.813 Y564.377 E1780.10741
G1 X272.813 Y575.89 E49.70059
M73 P61 R344
;WIPE_START
G1 F600
G1 X272.813 Y565.89 E-30
;WIPE_END
G1 Z273.5 F15000
G1 X413.08 Y272.813 Z273.5
G1 Z272.5
G1 E40 F9000
G1 F2779.614
G1 X401.568 Y272.813 E49.70059
G1 X272.813 Y401.568 E786.09564
G1 X272.813 Y413.08 E49.70059
; stop printing object Cube id:0 copy 0
;LAYER_CHANGE
;Z:274
;HEIGHT:1.5
;BEFORE_LAYER_CHANGE
;274
G92 E0

EXCLUDE_OBJECT_END NAME=Cube_id_0_copy_0
;AFTER_LAYER_CHANGE
;274
;_SET_FAN_SPEED_CHANGING_LAYER
; printing object Cube id:0 copy 0
;WIPE_START
G1 F600
G1 X272.813 Y403.08 E-30
;WIPE_END
EXCLUDE_OBJECT_START NAME=Cube_id_0_copy_0
G1 Z275 F15000
G1 X270.366 Y270.366 Z275
G1 Z274
G1 E40 F9000
;TYPE:Outer wall
;WIDTH:3.2
G1 F2779.615
G1 X729.634 Y270.366 E1982.72102
G1 F2760
G1 X729.634 Y729.634 E1982.72107
G1 X270.366 Y729.634 E1982.72102
G1 X270.366 Y270.666 E1981.42588
;WIPE_START
G1 F600
G1 X280.366 Y270.66 E-30
;WIPE_END
G1 Z275 F15000
G1 X272.813 Y413.08 Z275
G1 Z274
G1 E40 F9000
;TYPE:Sparse infill
;WIDTH:3.2
G1 F2779.614
G1 X272.813 Y401.568 E49.70059
G1 X401.568 Y272.813 E786.09564
G1 X413.08 Y272.813 E49.70059
;WIPE_START
G1 F600
M73 P61 R343
G1 X403.08 Y272.813 E-30
;WIPE_END
G1 Z275 F15000
G1 X272.813 Y575.89 Z275
G1 Z274
G1 E40 F9000
G1 F2779.614
G1 X272.813 Y564.377 E49.70059
G1 X564.378 Y272.813 E1780.10741
G1 X575.89 Y272.813 E49.70059
;WIPE_START
G1 F600
G1 X565.89 Y272.813 E-30
;WIPE_END
G1 Z275 F15000
G1 X727.187 Y413.08 Z275
G1 Z274
G1 E40 F9000
G1 F2779.614
G1 X727.187 Y401.568 E49.70059
G1 X598.432 Y272.813 E786.09564
G1 X586.92 Y272.813 E49.70059
;WIPE_START
G1 F600
G1 X596.92 Y272.813 E-30
;WIPE_END
G1 Z275 F15000
G1 X727.187 Y575.89 Z275
G1 Z274
G1 E40 F9000
G1 F2779.614
G1 X727.187 Y564.378 E49.70059
G1 X435.622 Y272.813 E1780.10742
G1 X424.11 Y272.813 E49.70059
;WIPE_START
G1 F600
G1 X434.11 Y272.813 E-30
;WIPE_END
G1 Z275 F15000
G1 X424.11 Y727.187 Z275
G1 Z274
G1 E40 F9000
G1 F2779.614
G1 X435.622 Y727.187 E49.70059
G1 X727.187 Y435.623 E1780.10743
G1 X727.187 Y424.11 E49.70059
;WIPE_START
G1 F600
G1 X727.187 Y434.11 E-30
;WIPE_END
G1 Z275 F15000
G1 X715.675 Y727.187 Z275
G1 Z274
G1 E40 F9000
G1 F2779.614
G1 X727.187 Y727.187 E49.70059
G1 X272.813 Y272.813 E2774.11918
G1 X284.325 Y272.813 E49.70059
M73 P61 R342
;WIPE_START
G1 F600
G1 X274.325 Y272.813 E-30
;WIPE_END
G1 Z275 F15000
G1 X284.325 Y727.187 Z275
G1 Z274
G1 E40 F9000
G1 F2779.614
G1 X272.813 Y727.187 E49.70025
G1 X727.187 Y272.813 E2774.11872
G1 X715.675 Y272.813 E49.70027
;WIPE_START
G1 F600
G1 X725.675 Y272.813 E-30
;WIPE_END
G1 Z275 F15000
G1 X586.92 Y727.187 Z275
G1 Z274
G1 E40 F9000
G1 F2779.614
G1 X598.432 Y727.187 E49.70059
G1 X727.187 Y598.432 E786.09565
G1 X727.187 Y586.92 E49.70059
;WIPE_START
G1 F600
G1 X727.187 Y596.92 E-30
;WIPE_END
G1 Z275 F15000
G1 X575.89 Y727.187 Z275
G1 Z274
G1 E40 F9000
G1 F2779.614
G1 X564.378 Y727.187 E49.70059
G1 X272.813 Y435.622 E1780.10742
G1 X272.813 Y424.11 E49.70059
;WIPE_START
G1 F600
G1 X272.813 Y434.11 E-30
;WIPE_END
G1 Z275 F15000
G1 X413.08 Y727.187 Z275
G1 Z274
G1 E40 F9000
G1 F2779.614
G1 X401.568 Y727.187 E49.70059
G1 X272.813 Y598.432 E786.09565
G1 X272.813 Y586.92 E49.70059
; stop printing object Cube id:0 copy 0
;LAYER_CHANGE
;Z:275.5
;HEIGHT:1.5
;BEFORE_LAYER_CHANGE
;275.5
G92 E0

EXCLUDE_OBJECT_END NAME=Cube_id_0_copy_0
;AFTER_LAYER_CHANGE
;275.5
;_SET_FAN_SPEED_CHANGING_LAYER
; printing object Cube id:0 copy 0
;WIPE_START
G1 F600
G1 X272.813 Y596.92 E-30
;WIPE_END
EXCLUDE_OBJECT_START NAME=Cube_id_0_copy_0
G1 Z276.5 F15000
G1 X270.366 Y729.634 Z276.5
G1 Z275.5
G1 E40 F9000
;TYPE:Outer wall
;WIDTH:3.2
G1 F2779.615
G1 X270.366 Y270.366 E1982.72102
G1 F2760
M73 P61 R341
G1 X729.634 Y270.366 E1982.72107
G1 X729.634 Y729.634 E1982.72102
G1 X270.666 Y729.634 E1981.42588
;WIPE_START
G1 F600
G1 X270.66 Y719.634 E-30
;WIPE_END
G1 Z276.5 F15000
M73 P62 R341
G1 X272.813 Y586.92 Z276.5
G1 Z275.5
G1 E40 F9000
;TYPE:Sparse infill
;WIDTH:3.2
G1 F2779.614
G1 X272.813 Y598.432 E49.70059
G1 X401.568 Y727.187 E786.09565
G1 X413.08 Y727.187 E49.70059
;WIPE_START
G1 F600
G1 X403.08 Y727.187 E-30
;WIPE_END
G1 Z276.5 F15000
G1 X272.813 Y424.11 Z276.5
G1 Z275.5
G1 E40 F9000
G1 F2779.614
G1 X272.813 Y435.622 E49.70059
G1 X564.378 Y727.187 E1780.10742
G1 X575.89 Y727.187 E49.70059
;WIPE_START
G1 F600
G1 X565.89 Y727.187 E-30
;WIPE_END
G1 Z276.5 F15000
G1 X727.187 Y586.92 Z276.5
G1 Z275.5
G1 E40 F9000
G1 F2779.614
G1 X727.187 Y598.432 E49.70059
G1 X598.432 Y727.187 E786.09565
G1 X586.92 Y727.187 E49.70059
M73 P62 R340
;WIPE_START
G1 F600
G1 X596.92 Y727.187 E-30
;WIPE_END
G1 Z276.5 F15000
G1 X727.187 Y424.11 Z276.5
G1 Z275.5
G1 E40 F9000
G1 F2779.614
G1 X727.187 Y435.623 E49.70059
G1 X435.622 Y727.187 E1780.10743
G1 X424.11 Y727.187 E49.70059
;WIPE_START
G1 F600
G1 X434.11 Y727.187 E-30
;WIPE_END
G1 Z276.5 F15000
G1 X424.11 Y272.813 Z276.5
G1 Z275.5
G1 E40 F9000
G1 F2779.614
G1 X435.622 Y272.813 E49.70059
G1 X727.187 Y564.378 E1780.10742
G1 X727.187 Y575.89 E49.70059
;WIPE_START
G1 F600
G1 X727.187 Y565.89 E-30
;WIPE_END
G1 Z276.5 F15000
G1 X715.675 Y272.813 Z276.5
G1 Z275.5
G1 E40 F9000
G1 F2779.614
G1 X727.187 Y272.813 E49.70027
G1 X272.813 Y727.187 E2774.11872
G1 X284.325 Y727.187 E49.70025
;WIPE_START
G1 F600
G1 X274.325 Y727.187 E-30
;WIPE_END
G1 Z276.5 F15000
G1 X284.325 Y272.813 Z276.5
G1 Z275.5
G1 E40 F9000
G1 F2779.614
G1 X272.813 Y272.813 E49.70059
G1 X727.187 Y727.187 E2774.11918
G1 X715.675 Y727.187 E49.70059
M73 P62 R339
;WIPE_START
G1 F600
G1 X725.675 Y727.187 E-30
;WIPE_END
G1 Z276.5 F15000
G1 X586.92 Y272.813 Z276.5
G1 Z275.5
G1 E40 F9000
G1 F2779.614
G1 X598.432 Y272.813 E49.70059
G1 X727.187 Y401.568 E786.09564
G1 X727.187 Y413.08 E49.70059
;WIPE_START
G1 F600
G1 X727.187 Y403.08 E-30
;WIPE_END
G1 Z276.5 F15000
G1 X575.89 Y272.813 Z276.5
G1 Z275.5
G1 E40 F9000
G1 F2779.614
G1 X564.378 Y272.813 E49.70059
G1 X272.813 Y564.377 E1780.10741
G1 X272.813 Y575.89 E49.70059
;WIPE_START
G1 F600
G1 X272.813 Y565.89 E-30
;WIPE_END
G1 Z276.5 F15000
G1 X413.08 Y272.813 Z276.5
G1 Z275.5
G1 E40 F9000
G1 F2779.614
G1 X401.568 Y272.813 E49.70059
G1 X272.813 Y401.568 E786.09564
G1 X272.813 Y413.08 E49.70059
; stop printing object Cube id:0 copy 0
;LAYER_CHANGE
;Z:277
;HEIGHT:1.5
;BEFORE_LAYER_CHANGE
;277
G92 E0

EXCLUDE_OBJECT_END NAME=Cube_id_0_copy_0
;AFTER_LAYER_CHANGE
;277
;_SET_FAN_SPEED_CHANGING_LAYER
; printing object Cube id:0 copy 0
;WIPE_START
G1 F600
G1 X272.813 Y403.08 E-30
;WIPE_END
EXCLUDE_OBJECT_START NAME=Cube_id_0_copy_0
G1 Z278 F15000
G1 X270.366 Y270.366 Z278
G1 Z277
G1 E40 F9000
;TYPE:Outer wall
;WIDTH:3.2
G1 F2779.615
G1 X729.634 Y270.366 E1982.72102
G1 F2760
G1 X729.634 Y729.634 E1982.72107
G1 X270.366 Y729.634 E1982.72102
G1 X270.366 Y270.666 E1981.42588
M73 P62 R338
;WIPE_START
G1 F600
G1 X280.366 Y270.66 E-30
;WIPE_END
G1 Z278 F15000
G1 X272.813 Y413.08 Z278
G1 Z277
G1 E40 F9000
;TYPE:Sparse infill
;WIDTH:3.2
G1 F2779.614
G1 X272.813 Y401.568 E49.70059
G1 X401.568 Y272.813 E786.09564
G1 X413.08 Y272.813 E49.70059
;WIPE_START
G1 F600
G1 X403.08 Y272.813 E-30
;WIPE_END
G1 Z278 F15000
G1 X272.813 Y575.89 Z278
G1 Z277
G1 E40 F9000
G1 F2779.614
G1 X272.813 Y564.377 E49.70059
G1 X564.378 Y272.813 E1780.10741
G1 X575.89 Y272.813 E49.70059
;WIPE_START
G1 F600
G1 X565.89 Y272.813 E-30
;WIPE_END
G1 Z278 F15000
G1 X727.187 Y413.08 Z278
G1 Z277
G1 E40 F9000
G1 F2779.614
G1 X727.187 Y401.568 E49.70059
G1 X598.432 Y272.813 E786.09564
G1 X586.92 Y272.813 E49.70059
;WIPE_START
G1 F600
G1 X596.92 Y272.813 E-30
;WIPE_END
G1 Z278 F15000
G1 X727.187 Y575.89 Z278
G1 Z277
G1 E40 F9000
G1 F2779.614
G1 X727.187 Y564.378 E49.70059
G1 X435.622 Y272.813 E1780.10742
G1 X424.11 Y272.813 E49.70059
;WIPE_START
G1 F600
G1 X434.11 Y272.813 E-30
;WIPE_END
G1 Z278 F15000
M73 P62 R337
G1 X424.11 Y727.187 Z278
G1 Z277
G1 E40 F9000
G1 F2779.614
G1 X435.622 Y727.187 E49.70059
G1 X727.187 Y435.623 E1780.10743
G1 X727.187 Y424.11 E49.70059
;WIPE_START
G1 F600
G1 X727.187 Y434.11 E-30
;WIPE_END
G1 Z278 F15000
G1 X715.675 Y727.187 Z278
G1 Z277
G1 E40 F9000
G1 F2779.614
G1 X727.187 Y727.187 E49.70059
G1 X272.813 Y272.813 E2774.11918
G1 X284.325 Y272.813 E49.70059
;WIPE_START
G1 F600
G1 X274.325 Y272.813 E-30
;WIPE_END
G1 Z278 F15000
G1 X284.325 Y727.187 Z278
G1 Z277
G1 E40 F9000
G1 F2779.614
G1 X272.813 Y727.187 E49.70025
G1 X727.187 Y272.813 E2774.11872
G1 X715.675 Y272.813 E49.70027
;WIPE_START
G1 F600
G1 X725.675 Y272.813 E-30
;WIPE_END
G1 Z278 F15000
G1 X586.92 Y727.187 Z278
G1 Z277
G1 E40 F9000
G1 F2779.614
G1 X598.432 Y727.187 E49.70059
G1 X727.187 Y598.432 E786.09565
G1 X727.187 Y586.92 E49.70059
;WIPE_START
G1 F600
G1 X727.187 Y596.92 E-30
;WIPE_END
G1 Z278 F15000
G1 X575.89 Y727.187 Z278
G1 Z277
M73 P62 R336
G1 E40 F9000
G1 F2779.614
G1 X564.378 Y727.187 E49.70059
G1 X272.813 Y435.622 E1780.10742
G1 X272.813 Y424.11 E49.70059
;WIPE_START
G1 F600
G1 X272.813 Y434.11 E-30
;WIPE_END
G1 Z278 F15000
G1 X413.08 Y727.187 Z278
G1 Z277
G1 E40 F9000
G1 F2779.614
G1 X401.568 Y727.187 E49.70059
G1 X272.813 Y598.432 E786.09565
G1 X272.813 Y586.92 E49.70059
; stop printing object Cube id:0 copy 0
;LAYER_CHANGE
;Z:278.5
;HEIGHT:1.5
;BEFORE_LAYER_CHANGE
;278.5
G92 E0

EXCLUDE_OBJECT_END NAME=Cube_id_0_copy_0
;AFTER_LAYER_CHANGE
;278.5
;_SET_FAN_SPEED_CHANGING_LAYER
; printing object Cube id:0 copy 0
;WIPE_START
G1 F600
G1 X272.813 Y596.92 E-30
;WIPE_END
EXCLUDE_OBJECT_START NAME=Cube_id_0_copy_0
G1 Z279.5 F15000
G1 X270.366 Y729.634 Z279.5
G1 Z278.5
G1 E40 F9000
;TYPE:Outer wall
;WIDTH:3.2
G1 F2779.615
G1 X270.366 Y270.366 E1982.72102
G1 F2760
G1 X729.634 Y270.366 E1982.72107
G1 X729.634 Y729.634 E1982.72102
G1 X270.666 Y729.634 E1981.42588
;WIPE_START
G1 F600
M73 P62 R335
G1 X270.66 Y719.634 E-30
;WIPE_END
G1 Z279.5 F15000
G1 X272.813 Y586.92 Z279.5
G1 Z278.5
G1 E40 F9000
;TYPE:Sparse infill
;WIDTH:3.2
G1 F2779.614
G1 X272.813 Y598.432 E49.70059
G1 X401.568 Y727.187 E786.09565
G1 X413.08 Y727.187 E49.70059
;WIPE_START
G1 F600
G1 X403.08 Y727.187 E-30
;WIPE_END
G1 Z279.5 F15000
G1 X272.813 Y424.11 Z279.5
G1 Z278.5
G1 E40 F9000
G1 F2779.614
G1 X272.813 Y435.622 E49.70059
G1 X564.378 Y727.187 E1780.10742
G1 X575.89 Y727.187 E49.70059
;WIPE_START
G1 F600
G1 X565.89 Y727.187 E-30
;WIPE_END
G1 Z279.5 F15000
G1 X727.187 Y586.92 Z279.5
G1 Z278.5
G1 E40 F9000
G1 F2779.614
G1 X727.187 Y598.432 E49.70059
G1 X598.432 Y727.187 E786.09565
G1 X586.92 Y727.187 E49.70059
;WIPE_START
G1 F600
G1 X596.92 Y727.187 E-30
;WIPE_END
G1 Z279.5 F15000
G1 X727.187 Y424.11 Z279.5
G1 Z278.5
G1 E40 F9000
G1 F2779.614
G1 X727.187 Y435.623 E49.70059
G1 X435.622 Y727.187 E1780.10743
G1 X424.11 Y727.187 E49.70059
;WIPE_START
G1 F600
G1 X434.11 Y727.187 E-30
;WIPE_END
G1 Z279.5 F15000
G1 X424.11 Y272.813 Z279.5
G1 Z278.5
G1 E40 F9000
G1 F2779.614
G1 X435.622 Y272.813 E49.70059
G1 X727.187 Y564.378 E1780.10742
G1 X727.187 Y575.89 E49.70059
;WIPE_START
G1 F600
G1 X727.187 Y565.89 E-30
;WIPE_END
G1 Z279.5 F15000
G1 X715.675 Y272.813 Z279.5
G1 Z278.5
G1 E40 F9000
G1 F2779.614
G1 X727.187 Y272.813 E49.70027
G1 X272.813 Y727.187 E2774.11872
G1 X284.325 Y727.187 E49.70025
M73 P62 R334
;WIPE_START
G1 F600
G1 X274.325 Y727.187 E-30
;WIPE_END
G1 Z279.5 F15000
G1 X284.325 Y272.813 Z279.5
G1 Z278.5
G1 E40 F9000
G1 F2779.614
G1 X272.813 Y272.813 E49.70059
G1 X727.187 Y727.187 E2774.11918
G1 X715.675 Y727.187 E49.70059
;WIPE_START
G1 F600
G1 X725.675 Y727.187 E-30
;WIPE_END
G1 Z279.5 F15000
G1 X586.92 Y272.813 Z279.5
G1 Z278.5
G1 E40 F9000
G1 F2779.614
G1 X598.432 Y272.813 E49.70059
G1 X727.187 Y401.568 E786.09564
G1 X727.187 Y413.08 E49.70059
;WIPE_START
G1 F600
G1 X727.187 Y403.08 E-30
;WIPE_END
G1 Z279.5 F15000
G1 X575.89 Y272.813 Z279.5
G1 Z278.5
G1 E40 F9000
G1 F2779.614
G1 X564.378 Y272.813 E49.70059
G1 X272.813 Y564.377 E1780.10741
G1 X272.813 Y575.89 E49.70059
;WIPE_START
G1 F600
G1 X272.813 Y565.89 E-30
;WIPE_END
G1 Z279.5 F15000
G1 X413.08 Y272.813 Z279.5
G1 Z278.5
G1 E40 F9000
G1 F2779.614
G1 X401.568 Y272.813 E49.70059
G1 X272.813 Y401.568 E786.09564
G1 X272.813 Y413.08 E49.70059
M73 P62 R333
; stop printing object Cube id:0 copy 0
;LAYER_CHANGE
;Z:280
;HEIGHT:1.5
;BEFORE_LAYER_CHANGE
;280
G92 E0

EXCLUDE_OBJECT_END NAME=Cube_id_0_copy_0
;AFTER_LAYER_CHANGE
;280
;_SET_FAN_SPEED_CHANGING_LAYER
; printing object Cube id:0 copy 0
;WIPE_START
G1 F600
G1 X272.813 Y403.08 E-30
;WIPE_END
EXCLUDE_OBJECT_START NAME=Cube_id_0_copy_0
G1 Z281 F15000
G1 X270.366 Y270.366 Z281
G1 Z280
G1 E40 F9000
;TYPE:Outer wall
;WIDTH:3.2
G1 F2779.615
G1 X729.634 Y270.366 E1982.72102
G1 F2760
G1 X729.634 Y729.634 E1982.72107
G1 X270.366 Y729.634 E1982.72102
G1 X270.366 Y270.666 E1981.42588
;WIPE_START
G1 F600
G1 X280.366 Y270.66 E-30
;WIPE_END
G1 Z281 F15000
G1 X272.813 Y413.08 Z281
G1 Z280
G1 E40 F9000
;TYPE:Sparse infill
;WIDTH:3.2
G1 F2779.614
G1 X272.813 Y401.568 E49.70059
G1 X401.568 Y272.813 E786.09564
G1 X413.08 Y272.813 E49.70059
;WIPE_START
G1 F600
G1 X403.08 Y272.813 E-30
;WIPE_END
G1 Z281 F15000
G1 X272.813 Y575.89 Z281
G1 Z280
G1 E40 F9000
G1 F2779.614
G1 X272.813 Y564.377 E49.70059
G1 X564.378 Y272.813 E1780.10741
G1 X575.89 Y272.813 E49.70059
M73 P62 R332
;WIPE_START
G1 F600
G1 X565.89 Y272.813 E-30
;WIPE_END
G1 Z281 F15000
G1 X727.187 Y413.08 Z281
G1 Z280
G1 E40 F9000
G1 F2779.614
G1 X727.187 Y401.568 E49.70059
G1 X598.432 Y272.813 E786.09564
G1 X586.92 Y272.813 E49.70059
;WIPE_START
G1 F600
G1 X596.92 Y272.813 E-30
;WIPE_END
G1 Z281 F15000
G1 X727.187 Y575.89 Z281
G1 Z280
G1 E40 F9000
G1 F2779.614
G1 X727.187 Y564.378 E49.70059
G1 X435.622 Y272.813 E1780.10742
G1 X424.11 Y272.813 E49.70059
;WIPE_START
G1 F600
G1 X434.11 Y272.813 E-30
;WIPE_END
G1 Z281 F15000
G1 X424.11 Y727.187 Z281
G1 Z280
G1 E40 F9000
G1 F2779.614
G1 X435.622 Y727.187 E49.70059
G1 X727.187 Y435.623 E1780.10743
G1 X727.187 Y424.11 E49.70059
M73 P63 R332
;WIPE_START
G1 F600
G1 X727.187 Y434.11 E-30
;WIPE_END
G1 Z281 F15000
G1 X715.675 Y727.187 Z281
G1 Z280
G1 E40 F9000
G1 F2779.614
G1 X727.187 Y727.187 E49.70059
G1 X272.813 Y272.813 E2774.11918
G1 X284.325 Y272.813 E49.70059
;WIPE_START
G1 F600
G1 X274.325 Y272.813 E-30
;WIPE_END
G1 Z281 F15000
G1 X284.325 Y727.187 Z281
G1 Z280
M73 P63 R331
G1 E40 F9000
G1 F2779.614
G1 X272.813 Y727.187 E49.70025
G1 X727.187 Y272.813 E2774.11872
G1 X715.675 Y272.813 E49.70027
;WIPE_START
G1 F600
G1 X725.675 Y272.813 E-30
;WIPE_END
G1 Z281 F15000
G1 X586.92 Y727.187 Z281
G1 Z280
G1 E40 F9000
G1 F2779.614
G1 X598.432 Y727.187 E49.70059
G1 X727.187 Y598.432 E786.09565
G1 X727.187 Y586.92 E49.70059
;WIPE_START
G1 F600
G1 X727.187 Y596.92 E-30
;WIPE_END
G1 Z281 F15000
G1 X575.89 Y727.187 Z281
G1 Z280
G1 E40 F9000
G1 F2779.614
G1 X564.378 Y727.187 E49.70059
G1 X272.813 Y435.622 E1780.10742
G1 X272.813 Y424.11 E49.70059
;WIPE_START
G1 F600
G1 X272.813 Y434.11 E-30
;WIPE_END
G1 Z281 F15000
G1 X413.08 Y727.187 Z281
G1 Z280
G1 E40 F9000
G1 F2779.614
G1 X401.568 Y727.187 E49.70059
G1 X272.813 Y598.432 E786.09565
G1 X272.813 Y586.92 E49.70059
; stop printing object Cube id:0 copy 0
;LAYER_CHANGE
;Z:281.5
;HEIGHT:1.5
;BEFORE_LAYER_CHANGE
;281.5
G92 E0

EXCLUDE_OBJECT_END NAME=Cube_id_0_copy_0
;AFTER_LAYER_CHANGE
;281.5
;_SET_FAN_SPEED_CHANGING_LAYER
; printing object Cube id:0 copy 0
;WIPE_START
G1 F600
G1 X272.813 Y596.92 E-30
;WIPE_END
EXCLUDE_OBJECT_START NAME=Cube_id_0_copy_0
G1 Z282.5 F15000
G1 X270.366 Y729.634 Z282.5
G1 Z281.5
G1 E40 F9000
;TYPE:Outer wall
;WIDTH:3.2
G1 F2779.615
G1 X270.366 Y270.366 E1982.72102
G1 F2760
G1 X729.634 Y270.366 E1982.72107
G1 X729.634 Y729.634 E1982.72102
M73 P63 R330
G1 X270.666 Y729.634 E1981.42588
;WIPE_START
G1 F600
G1 X270.66 Y719.634 E-30
;WIPE_END
G1 Z282.5 F15000
G1 X272.813 Y586.92 Z282.5
G1 Z281.5
G1 E40 F9000
;TYPE:Sparse infill
;WIDTH:3.2
G1 F2779.614
G1 X272.813 Y598.432 E49.70059
G1 X401.568 Y727.187 E786.09565
G1 X413.08 Y727.187 E49.70059
;WIPE_START
G1 F600
G1 X403.08 Y727.187 E-30
;WIPE_END
G1 Z282.5 F15000
G1 X272.813 Y424.11 Z282.5
G1 Z281.5
G1 E40 F9000
G1 F2779.614
G1 X272.813 Y435.622 E49.70059
G1 X564.378 Y727.187 E1780.10742
G1 X575.89 Y727.187 E49.70059
;WIPE_START
G1 F600
G1 X565.89 Y727.187 E-30
;WIPE_END
G1 Z282.5 F15000
G1 X727.187 Y586.92 Z282.5
G1 Z281.5
G1 E40 F9000
G1 F2779.614
G1 X727.187 Y598.432 E49.70059
G1 X598.432 Y727.187 E786.09565
G1 X586.92 Y727.187 E49.70059
;WIPE_START
G1 F600
G1 X596.92 Y727.187 E-30
;WIPE_END
G1 Z282.5 F15000
G1 X727.187 Y424.11 Z282.5
G1 Z281.5
G1 E40 F9000
G1 F2779.614
G1 X727.187 Y435.623 E49.70059
G1 X435.622 Y727.187 E1780.10743
G1 X424.11 Y727.187 E49.70059
M73 P63 R329
;WIPE_START
G1 F600
G1 X434.11 Y727.187 E-30
;WIPE_END
G1 Z282.5 F15000
G1 X424.11 Y272.813 Z282.5
G1 Z281.5
G1 E40 F9000
G1 F2779.614
G1 X435.622 Y272.813 E49.70059
G1 X727.187 Y564.378 E1780.10742
G1 X727.187 Y575.89 E49.70059
;WIPE_START
G1 F600
G1 X727.187 Y565.89 E-30
;WIPE_END
G1 Z282.5 F15000
G1 X715.675 Y272.813 Z282.5
G1 Z281.5
G1 E40 F9000
G1 F2779.614
G1 X727.187 Y272.813 E49.70027
G1 X272.813 Y727.187 E2774.11872
G1 X284.325 Y727.187 E49.70025
;WIPE_START
G1 F600
G1 X274.325 Y727.187 E-30
;WIPE_END
G1 Z282.5 F15000
G1 X284.325 Y272.813 Z282.5
G1 Z281.5
G1 E40 F9000
G1 F2779.614
G1 X272.813 Y272.813 E49.70059
G1 X727.187 Y727.187 E2774.11918
G1 X715.675 Y727.187 E49.70059
;WIPE_START
G1 F600
G1 X725.675 Y727.187 E-30
;WIPE_END
G1 Z282.5 F15000
G1 X586.92 Y272.813 Z282.5
G1 Z281.5
M73 P63 R328
G1 E40 F9000
G1 F2779.614
G1 X598.432 Y272.813 E49.70059
G1 X727.187 Y401.568 E786.09564
G1 X727.187 Y413.08 E49.70059
;WIPE_START
G1 F600
G1 X727.187 Y403.08 E-30
;WIPE_END
G1 Z282.5 F15000
G1 X575.89 Y272.813 Z282.5
G1 Z281.5
G1 E40 F9000
G1 F2779.614
G1 X564.378 Y272.813 E49.70059
G1 X272.813 Y564.377 E1780.10741
G1 X272.813 Y575.89 E49.70059
;WIPE_START
G1 F600
G1 X272.813 Y565.89 E-30
;WIPE_END
G1 Z282.5 F15000
G1 X413.08 Y272.813 Z282.5
G1 Z281.5
G1 E40 F9000
G1 F2779.614
G1 X401.568 Y272.813 E49.70059
G1 X272.813 Y401.568 E786.09564
G1 X272.813 Y413.08 E49.70059
; stop printing object Cube id:0 copy 0
;LAYER_CHANGE
;Z:283
;HEIGHT:1.5
;BEFORE_LAYER_CHANGE
;283
G92 E0

EXCLUDE_OBJECT_END NAME=Cube_id_0_copy_0
;AFTER_LAYER_CHANGE
;283
;_SET_FAN_SPEED_CHANGING_LAYER
; printing object Cube id:0 copy 0
;WIPE_START
G1 F600
G1 X272.813 Y403.08 E-30
;WIPE_END
EXCLUDE_OBJECT_START NAME=Cube_id_0_copy_0
G1 Z284 F15000
G1 X270.366 Y270.366 Z284
G1 Z283
G1 E40 F9000
;TYPE:Outer wall
;WIDTH:3.2
G1 F2779.615
G1 X729.634 Y270.366 E1982.72102
G1 F2760
G1 X729.634 Y729.634 E1982.72107
G1 X270.366 Y729.634 E1982.72102
G1 X270.366 Y270.666 E1981.42588
M73 P63 R327
;WIPE_START
G1 F600
G1 X280.366 Y270.66 E-30
;WIPE_END
G1 Z284 F15000
G1 X272.813 Y413.08 Z284
G1 Z283
G1 E40 F9000
;TYPE:Sparse infill
;WIDTH:3.2
G1 F2779.614
G1 X272.813 Y401.568 E49.70059
G1 X401.568 Y272.813 E786.09564
G1 X413.08 Y272.813 E49.70059
;WIPE_START
G1 F600
G1 X403.08 Y272.813 E-30
;WIPE_END
G1 Z284 F15000
G1 X272.813 Y575.89 Z284
G1 Z283
G1 E40 F9000
G1 F2779.614
G1 X272.813 Y564.377 E49.70059
G1 X564.378 Y272.813 E1780.10741
G1 X575.89 Y272.813 E49.70059
;WIPE_START
G1 F600
G1 X565.89 Y272.813 E-30
;WIPE_END
G1 Z284 F15000
G1 X727.187 Y413.08 Z284
G1 Z283
G1 E40 F9000
G1 F2779.614
G1 X727.187 Y401.568 E49.70059
G1 X598.432 Y272.813 E786.09564
G1 X586.92 Y272.813 E49.70059
;WIPE_START
G1 F600
G1 X596.92 Y272.813 E-30
;WIPE_END
G1 Z284 F15000
G1 X727.187 Y575.89 Z284
G1 Z283
G1 E40 F9000
G1 F2779.614
G1 X727.187 Y564.378 E49.70059
G1 X435.622 Y272.813 E1780.10742
G1 X424.11 Y272.813 E49.70059
;WIPE_START
G1 F600
G1 X434.11 Y272.813 E-30
;WIPE_END
G1 Z284 F15000
G1 X424.11 Y727.187 Z284
G1 Z283
G1 E40 F9000
G1 F2779.614
G1 X435.622 Y727.187 E49.70059
G1 X727.187 Y435.623 E1780.10743
G1 X727.187 Y424.11 E49.70059
M73 P63 R326
;WIPE_START
G1 F600
G1 X727.187 Y434.11 E-30
;WIPE_END
G1 Z284 F15000
G1 X715.675 Y727.187 Z284
G1 Z283
G1 E40 F9000
G1 F2779.614
G1 X727.187 Y727.187 E49.70059
G1 X272.813 Y272.813 E2774.11918
G1 X284.325 Y272.813 E49.70059
;WIPE_START
G1 F600
G1 X274.325 Y272.813 E-30
;WIPE_END
G1 Z284 F15000
G1 X284.325 Y727.187 Z284
G1 Z283
G1 E40 F9000
G1 F2779.614
G1 X272.813 Y727.187 E49.70025
G1 X727.187 Y272.813 E2774.11872
G1 X715.675 Y272.813 E49.70027
;WIPE_START
G1 F600
G1 X725.675 Y272.813 E-30
;WIPE_END
G1 Z284 F15000
G1 X586.92 Y727.187 Z284
G1 Z283
G1 E40 F9000
G1 F2779.614
G1 X598.432 Y727.187 E49.70059
G1 X727.187 Y598.432 E786.09565
G1 X727.187 Y586.92 E49.70059
;WIPE_START
G1 F600
G1 X727.187 Y596.92 E-30
;WIPE_END
G1 Z284 F15000
G1 X575.89 Y727.187 Z284
G1 Z283
G1 E40 F9000
G1 F2779.614
G1 X564.378 Y727.187 E49.70059
G1 X272.813 Y435.622 E1780.10742
G1 X272.813 Y424.11 E49.70059
M73 P63 R325
;WIPE_START
G1 F600
G1 X272.813 Y434.11 E-30
;WIPE_END
G1 Z284 F15000
G1 X413.08 Y727.187 Z284
G1 Z283
G1 E40 F9000
G1 F2779.614
G1 X401.568 Y727.187 E49.70059
G1 X272.813 Y598.432 E786.09565
G1 X272.813 Y586.92 E49.70059
; stop printing object Cube id:0 copy 0
;LAYER_CHANGE
;Z:284.5
;HEIGHT:1.5
;BEFORE_LAYER_CHANGE
;284.5
G92 E0

EXCLUDE_OBJECT_END NAME=Cube_id_0_copy_0
;AFTER_LAYER_CHANGE
;284.5
;_SET_FAN_SPEED_CHANGING_LAYER
; printing object Cube id:0 copy 0
;WIPE_START
G1 F600
G1 X272.813 Y596.92 E-30
;WIPE_END
EXCLUDE_OBJECT_START NAME=Cube_id_0_copy_0
G1 Z285.5 F15000
G1 X270.366 Y729.634 Z285.5
G1 Z284.5
G1 E40 F9000
;TYPE:Outer wall
;WIDTH:3.2
G1 F2779.615
G1 X270.366 Y270.366 E1982.72102
G1 F2760
G1 X729.634 Y270.366 E1982.72107
G1 X729.634 Y729.634 E1982.72102
G1 X270.666 Y729.634 E1981.42588
;WIPE_START
G1 F600
G1 X270.66 Y719.634 E-30
;WIPE_END
G1 Z285.5 F15000
G1 X272.813 Y586.92 Z285.5
G1 Z284.5
G1 E40 F9000
;TYPE:Sparse infill
;WIDTH:3.2
G1 F2779.614
G1 X272.813 Y598.432 E49.70059
G1 X401.568 Y727.187 E786.09565
G1 X413.08 Y727.187 E49.70059
M73 P63 R324
;WIPE_START
G1 F600
G1 X403.08 Y727.187 E-30
;WIPE_END
G1 Z285.5 F15000
G1 X272.813 Y424.11 Z285.5
G1 Z284.5
G1 E40 F9000
G1 F2779.614
G1 X272.813 Y435.622 E49.70059
G1 X564.378 Y727.187 E1780.10742
G1 X575.89 Y727.187 E49.70059
;WIPE_START
G1 F600
G1 X565.89 Y727.187 E-30
;WIPE_END
G1 Z285.5 F15000
G1 X727.187 Y586.92 Z285.5
G1 Z284.5
G1 E40 F9000
G1 F2779.614
G1 X727.187 Y598.432 E49.70059
G1 X598.432 Y727.187 E786.09565
G1 X586.92 Y727.187 E49.70059
;WIPE_START
G1 F600
G1 X596.92 Y727.187 E-30
;WIPE_END
G1 Z285.5 F15000
G1 X727.187 Y424.11 Z285.5
G1 Z284.5
G1 E40 F9000
G1 F2779.614
G1 X727.187 Y435.623 E49.70059
G1 X435.622 Y727.187 E1780.10743
G1 X424.11 Y727.187 E49.70059
;WIPE_START
G1 F600
G1 X434.11 Y727.187 E-30
;WIPE_END
G1 Z285.5 F15000
G1 X424.11 Y272.813 Z285.5
G1 Z284.5
G1 E40 F9000
G1 F2779.614
G1 X435.622 Y272.813 E49.70059
G1 X727.187 Y564.378 E1780.10742
G1 X727.187 Y575.89 E49.70059
;WIPE_START
G1 F600
G1 X727.187 Y565.89 E-30
;WIPE_END
G1 Z285.5 F15000
G1 X715.675 Y272.813 Z285.5
G1 Z284.5
G1 E40 F9000
G1 F2779.614
G1 X727.187 Y272.813 E49.70027
G1 X272.813 Y727.187 E2774.11872
G1 X284.325 Y727.187 E49.70025
M73 P63 R323
;WIPE_START
G1 F600
G1 X274.325 Y727.187 E-30
;WIPE_END
G1 Z285.5 F15000
G1 X284.325 Y272.813 Z285.5
G1 Z284.5
G1 E40 F9000
G1 F2779.614
G1 X272.813 Y272.813 E49.70059
G1 X727.187 Y727.187 E2774.11918
G1 X715.675 Y727.187 E49.70059
;WIPE_START
G1 F600
G1 X725.675 Y727.187 E-30
;WIPE_END
G1 Z285.5 F15000
G1 X586.92 Y272.813 Z285.5
G1 Z284.5
G1 E40 F9000
G1 F2779.614
G1 X598.432 Y272.813 E49.70059
G1 X727.187 Y401.568 E786.09564
G1 X727.187 Y413.08 E49.70059
;WIPE_START
G1 F600
G1 X727.187 Y403.08 E-30
;WIPE_END
G1 Z285.5 F15000
G1 X575.89 Y272.813 Z285.5
G1 Z284.5
M73 P64 R323
G1 E40 F9000
G1 F2779.614
G1 X564.378 Y272.813 E49.70059
G1 X272.813 Y564.377 E1780.10741
G1 X272.813 Y575.89 E49.70059
;WIPE_START
G1 F600
G1 X272.813 Y565.89 E-30
;WIPE_END
G1 Z285.5 F15000
G1 X413.08 Y272.813 Z285.5
G1 Z284.5
G1 E40 F9000
G1 F2779.614
G1 X401.568 Y272.813 E49.70059
G1 X272.813 Y401.568 E786.09564
G1 X272.813 Y413.08 E49.70059
; stop printing object Cube id:0 copy 0
;LAYER_CHANGE
;Z:286
;HEIGHT:1.5
;BEFORE_LAYER_CHANGE
;286
G92 E0

EXCLUDE_OBJECT_END NAME=Cube_id_0_copy_0
;AFTER_LAYER_CHANGE
;286
;_SET_FAN_SPEED_CHANGING_LAYER
; printing object Cube id:0 copy 0
;WIPE_START
G1 F600
G1 X272.813 Y403.08 E-30
;WIPE_END
EXCLUDE_OBJECT_START NAME=Cube_id_0_copy_0
G1 Z287 F15000
G1 X270.366 Y270.366 Z287
G1 Z286
G1 E40 F9000
;TYPE:Outer wall
;WIDTH:3.2
G1 F2779.615
G1 X729.634 Y270.366 E1982.72102
G1 F2760
M73 P64 R322
G1 X729.634 Y729.634 E1982.72107
G1 X270.366 Y729.634 E1982.72102
G1 X270.366 Y270.666 E1981.42588
;WIPE_START
G1 F600
G1 X280.366 Y270.66 E-30
;WIPE_END
G1 Z287 F15000
G1 X272.813 Y413.08 Z287
G1 Z286
G1 E40 F9000
;TYPE:Sparse infill
;WIDTH:3.2
G1 F2779.614
G1 X272.813 Y401.568 E49.70059
G1 X401.568 Y272.813 E786.09564
G1 X413.08 Y272.813 E49.70059
;WIPE_START
G1 F600
G1 X403.08 Y272.813 E-30
;WIPE_END
G1 Z287 F15000
G1 X272.813 Y575.89 Z287
G1 Z286
G1 E40 F9000
G1 F2779.614
G1 X272.813 Y564.377 E49.70059
G1 X564.378 Y272.813 E1780.10741
G1 X575.89 Y272.813 E49.70059
;WIPE_START
G1 F600
G1 X565.89 Y272.813 E-30
;WIPE_END
G1 Z287 F15000
G1 X727.187 Y413.08 Z287
G1 Z286
G1 E40 F9000
G1 F2779.614
G1 X727.187 Y401.568 E49.70059
G1 X598.432 Y272.813 E786.09564
G1 X586.92 Y272.813 E49.70059
M73 P64 R321
;WIPE_START
G1 F600
G1 X596.92 Y272.813 E-30
;WIPE_END
G1 Z287 F15000
G1 X727.187 Y575.89 Z287
G1 Z286
G1 E40 F9000
G1 F2779.614
G1 X727.187 Y564.378 E49.70059
G1 X435.622 Y272.813 E1780.10742
G1 X424.11 Y272.813 E49.70059
;WIPE_START
G1 F600
G1 X434.11 Y272.813 E-30
;WIPE_END
G1 Z287 F15000
G1 X424.11 Y727.187 Z287
G1 Z286
G1 E40 F9000
G1 F2779.614
G1 X435.622 Y727.187 E49.70059
G1 X727.187 Y435.623 E1780.10743
G1 X727.187 Y424.11 E49.70059
;WIPE_START
G1 F600
G1 X727.187 Y434.11 E-30
;WIPE_END
G1 Z287 F15000
G1 X715.675 Y727.187 Z287
G1 Z286
G1 E40 F9000
G1 F2779.614
G1 X727.187 Y727.187 E49.70059
G1 X272.813 Y272.813 E2774.11918
G1 X284.325 Y272.813 E49.70059
;WIPE_START
G1 F600
G1 X274.325 Y272.813 E-30
;WIPE_END
G1 Z287 F15000
G1 X284.325 Y727.187 Z287
G1 Z286
G1 E40 F9000
G1 F2779.614
G1 X272.813 Y727.187 E49.70025
G1 X727.187 Y272.813 E2774.11872
G1 X715.675 Y272.813 E49.70027
M73 P64 R320
;WIPE_START
G1 F600
G1 X725.675 Y272.813 E-30
;WIPE_END
G1 Z287 F15000
G1 X586.92 Y727.187 Z287
G1 Z286
G1 E40 F9000
G1 F2779.614
G1 X598.432 Y727.187 E49.70059
G1 X727.187 Y598.432 E786.09565
G1 X727.187 Y586.92 E49.70059
;WIPE_START
G1 F600
G1 X727.187 Y596.92 E-30
;WIPE_END
G1 Z287 F15000
G1 X575.89 Y727.187 Z287
G1 Z286
G1 E40 F9000
G1 F2779.614
G1 X564.378 Y727.187 E49.70059
G1 X272.813 Y435.622 E1780.10742
G1 X272.813 Y424.11 E49.70059
;WIPE_START
G1 F600
G1 X272.813 Y434.11 E-30
;WIPE_END
G1 Z287 F15000
G1 X413.08 Y727.187 Z287
G1 Z286
G1 E40 F9000
G1 F2779.614
G1 X401.568 Y727.187 E49.70059
G1 X272.813 Y598.432 E786.09565
G1 X272.813 Y586.92 E49.70059
; stop printing object Cube id:0 copy 0
;LAYER_CHANGE
;Z:287.5
;HEIGHT:1.5
;BEFORE_LAYER_CHANGE
;287.5
G92 E0

EXCLUDE_OBJECT_END NAME=Cube_id_0_copy_0
;AFTER_LAYER_CHANGE
;287.5
;_SET_FAN_SPEED_CHANGING_LAYER
; printing object Cube id:0 copy 0
;WIPE_START
G1 F600
G1 X272.813 Y596.92 E-30
;WIPE_END
EXCLUDE_OBJECT_START NAME=Cube_id_0_copy_0
G1 Z288.5 F15000
G1 X270.366 Y729.634 Z288.5
G1 Z287.5
G1 E40 F9000
;TYPE:Outer wall
;WIDTH:3.2
G1 F2779.615
G1 X270.366 Y270.366 E1982.72102
G1 F2760
G1 X729.634 Y270.366 E1982.72107
G1 X729.634 Y729.634 E1982.72102
G1 X270.666 Y729.634 E1981.42588
M73 P64 R319
;WIPE_START
G1 F600
G1 X270.66 Y719.634 E-30
;WIPE_END
G1 Z288.5 F15000
G1 X272.813 Y586.92 Z288.5
G1 Z287.5
G1 E40 F9000
;TYPE:Sparse infill
;WIDTH:3.2
G1 F2779.614
G1 X272.813 Y598.432 E49.70059
G1 X401.568 Y727.187 E786.09565
G1 X413.08 Y727.187 E49.70059
;WIPE_START
G1 F600
G1 X403.08 Y727.187 E-30
;WIPE_END
G1 Z288.5 F15000
G1 X272.813 Y424.11 Z288.5
G1 Z287.5
G1 E40 F9000
G1 F2779.614
G1 X272.813 Y435.622 E49.70059
G1 X564.378 Y727.187 E1780.10742
G1 X575.89 Y727.187 E49.70059
;WIPE_START
G1 F600
G1 X565.89 Y727.187 E-30
;WIPE_END
G1 Z288.5 F15000
G1 X727.187 Y586.92 Z288.5
G1 Z287.5
G1 E40 F9000
G1 F2779.614
G1 X727.187 Y598.432 E49.70059
G1 X598.432 Y727.187 E786.09565
G1 X586.92 Y727.187 E49.70059
;WIPE_START
G1 F600
G1 X596.92 Y727.187 E-30
;WIPE_END
G1 Z288.5 F15000
G1 X727.187 Y424.11 Z288.5
G1 Z287.5
G1 E40 F9000
G1 F2779.614
G1 X727.187 Y435.623 E49.70059
G1 X435.622 Y727.187 E1780.10743
G1 X424.11 Y727.187 E49.70059
;WIPE_START
G1 F600
G1 X434.11 Y727.187 E-30
;WIPE_END
G1 Z288.5 F15000
M73 P64 R318
G1 X424.11 Y272.813 Z288.5
G1 Z287.5
G1 E40 F9000
G1 F2779.614
G1 X435.622 Y272.813 E49.70059
G1 X727.187 Y564.378 E1780.10742
G1 X727.187 Y575.89 E49.70059
;WIPE_START
G1 F600
G1 X727.187 Y565.89 E-30
;WIPE_END
G1 Z288.5 F15000
G1 X715.675 Y272.813 Z288.5
G1 Z287.5
G1 E40 F9000
G1 F2779.614
G1 X727.187 Y272.813 E49.70027
G1 X272.813 Y727.187 E2774.11872
G1 X284.325 Y727.187 E49.70025
;WIPE_START
G1 F600
G1 X274.325 Y727.187 E-30
;WIPE_END
G1 Z288.5 F15000
G1 X284.325 Y272.813 Z288.5
G1 Z287.5
G1 E40 F9000
G1 F2779.614
G1 X272.813 Y272.813 E49.70059
G1 X727.187 Y727.187 E2774.11918
G1 X715.675 Y727.187 E49.70059
;WIPE_START
G1 F600
G1 X725.675 Y727.187 E-30
;WIPE_END
G1 Z288.5 F15000
G1 X586.92 Y272.813 Z288.5
G1 Z287.5
G1 E40 F9000
G1 F2779.614
G1 X598.432 Y272.813 E49.70059
G1 X727.187 Y401.568 E786.09564
G1 X727.187 Y413.08 E49.70059
;WIPE_START
G1 F600
G1 X727.187 Y403.08 E-30
;WIPE_END
G1 Z288.5 F15000
G1 X575.89 Y272.813 Z288.5
G1 Z287.5
M73 P64 R317
G1 E40 F9000
G1 F2779.614
G1 X564.378 Y272.813 E49.70059
G1 X272.813 Y564.377 E1780.10741
G1 X272.813 Y575.89 E49.70059
;WIPE_START
G1 F600
G1 X272.813 Y565.89 E-30
;WIPE_END
G1 Z288.5 F15000
G1 X413.08 Y272.813 Z288.5
G1 Z287.5
G1 E40 F9000
G1 F2779.614
G1 X401.568 Y272.813 E49.70059
G1 X272.813 Y401.568 E786.09564
G1 X272.813 Y413.08 E49.70059
; stop printing object Cube id:0 copy 0
;LAYER_CHANGE
;Z:289
;HEIGHT:1.5
;BEFORE_LAYER_CHANGE
;289
G92 E0

EXCLUDE_OBJECT_END NAME=Cube_id_0_copy_0
;AFTER_LAYER_CHANGE
;289
;_SET_FAN_SPEED_CHANGING_LAYER
; printing object Cube id:0 copy 0
;WIPE_START
G1 F600
G1 X272.813 Y403.08 E-30
;WIPE_END
EXCLUDE_OBJECT_START NAME=Cube_id_0_copy_0
G1 Z290 F15000
G1 X270.366 Y270.366 Z290
G1 Z289
G1 E40 F9000
;TYPE:Outer wall
;WIDTH:3.2
G1 F2779.615
G1 X729.634 Y270.366 E1982.72102
G1 F2760
G1 X729.634 Y729.634 E1982.72107
G1 X270.366 Y729.634 E1982.72102
G1 X270.366 Y270.666 E1981.42588
;WIPE_START
G1 F600
M73 P64 R316
G1 X280.366 Y270.66 E-30
;WIPE_END
G1 Z290 F15000
G1 X272.813 Y413.08 Z290
G1 Z289
G1 E40 F9000
;TYPE:Sparse infill
;WIDTH:3.2
G1 F2779.614
G1 X272.813 Y401.568 E49.70059
G1 X401.568 Y272.813 E786.09564
G1 X413.08 Y272.813 E49.70059
;WIPE_START
G1 F600
G1 X403.08 Y272.813 E-30
;WIPE_END
G1 Z290 F15000
G1 X272.813 Y575.89 Z290
G1 Z289
G1 E40 F9000
G1 F2779.614
G1 X272.813 Y564.377 E49.70059
G1 X564.378 Y272.813 E1780.10741
G1 X575.89 Y272.813 E49.70059
;WIPE_START
G1 F600
G1 X565.89 Y272.813 E-30
;WIPE_END
G1 Z290 F15000
G1 X727.187 Y413.08 Z290
G1 Z289
G1 E40 F9000
G1 F2779.614
G1 X727.187 Y401.568 E49.70059
G1 X598.432 Y272.813 E786.09564
G1 X586.92 Y272.813 E49.70059
;WIPE_START
G1 F600
G1 X596.92 Y272.813 E-30
;WIPE_END
G1 Z290 F15000
G1 X727.187 Y575.89 Z290
G1 Z289
G1 E40 F9000
G1 F2779.614
G1 X727.187 Y564.378 E49.70059
G1 X435.622 Y272.813 E1780.10742
G1 X424.11 Y272.813 E49.70059
;WIPE_START
G1 F600
G1 X434.11 Y272.813 E-30
;WIPE_END
G1 Z290 F15000
G1 X424.11 Y727.187 Z290
G1 Z289
G1 E40 F9000
G1 F2779.614
G1 X435.622 Y727.187 E49.70059
G1 X727.187 Y435.623 E1780.10743
G1 X727.187 Y424.11 E49.70059
;WIPE_START
G1 F600
G1 X727.187 Y434.11 E-30
;WIPE_END
G1 Z290 F15000
G1 X715.675 Y727.187 Z290
G1 Z289
G1 E40 F9000
G1 F2779.614
G1 X727.187 Y727.187 E49.70059
G1 X272.813 Y272.813 E2774.11918
G1 X284.325 Y272.813 E49.70059
M73 P64 R315
;WIPE_START
G1 F600
G1 X274.325 Y272.813 E-30
;WIPE_END
G1 Z290 F15000
G1 X284.325 Y727.187 Z290
G1 Z289
G1 E40 F9000
G1 F2779.614
G1 X272.813 Y727.187 E49.70025
G1 X727.187 Y272.813 E2774.11872
G1 X715.675 Y272.813 E49.70027
;WIPE_START
G1 F600
G1 X725.675 Y272.813 E-30
;WIPE_END
G1 Z290 F15000
G1 X586.92 Y727.187 Z290
G1 Z289
G1 E40 F9000
G1 F2779.614
G1 X598.432 Y727.187 E49.70059
G1 X727.187 Y598.432 E786.09565
G1 X727.187 Y586.92 E49.70059
;WIPE_START
G1 F600
G1 X727.187 Y596.92 E-30
;WIPE_END
G1 Z290 F15000
G1 X575.89 Y727.187 Z290
G1 Z289
G1 E40 F9000
G1 F2779.614
G1 X564.378 Y727.187 E49.70059
G1 X272.813 Y435.622 E1780.10742
G1 X272.813 Y424.11 E49.70059
;WIPE_START
G1 F600
G1 X272.813 Y434.11 E-30
;WIPE_END
G1 Z290 F15000
G1 X413.08 Y727.187 Z290
G1 Z289
G1 E40 F9000
G1 F2779.614
G1 X401.568 Y727.187 E49.70059
G1 X272.813 Y598.432 E786.09565
G1 X272.813 Y586.92 E49.70059
M73 P64 R314
; stop printing object Cube id:0 copy 0
;LAYER_CHANGE
;Z:290.5
;HEIGHT:1.5
;BEFORE_LAYER_CHANGE
;290.5
G92 E0

EXCLUDE_OBJECT_END NAME=Cube_id_0_copy_0
;AFTER_LAYER_CHANGE
;290.5
;_SET_FAN_SPEED_CHANGING_LAYER
; printing object Cube id:0 copy 0
;WIPE_START
G1 F600
G1 X272.813 Y596.92 E-30
;WIPE_END
EXCLUDE_OBJECT_START NAME=Cube_id_0_copy_0
G1 Z291.5 F15000
G1 X270.366 Y729.634 Z291.5
G1 Z290.5
G1 E40 F9000
;TYPE:Outer wall
;WIDTH:3.2
G1 F2779.615
G1 X270.366 Y270.366 E1982.72102
G1 F2760
G1 X729.634 Y270.366 E1982.72107
G1 X729.634 Y729.634 E1982.72102
G1 X270.666 Y729.634 E1981.42588
M73 P65 R314
;WIPE_START
G1 F600
G1 X270.66 Y719.634 E-30
;WIPE_END
G1 Z291.5 F15000
G1 X272.813 Y586.92 Z291.5
G1 Z290.5
G1 E40 F9000
;TYPE:Sparse infill
;WIDTH:3.2
G1 F2779.614
G1 X272.813 Y598.432 E49.70059
G1 X401.568 Y727.187 E786.09565
G1 X413.08 Y727.187 E49.70059
;WIPE_START
G1 F600
G1 X403.08 Y727.187 E-30
;WIPE_END
G1 Z291.5 F15000
G1 X272.813 Y424.11 Z291.5
G1 Z290.5
G1 E40 F9000
G1 F2779.614
G1 X272.813 Y435.622 E49.70059
G1 X564.378 Y727.187 E1780.10742
G1 X575.89 Y727.187 E49.70059
M73 P65 R313
;WIPE_START
G1 F600
G1 X565.89 Y727.187 E-30
;WIPE_END
G1 Z291.5 F15000
G1 X727.187 Y586.92 Z291.5
G1 Z290.5
G1 E40 F9000
G1 F2779.614
G1 X727.187 Y598.432 E49.70059
G1 X598.432 Y727.187 E786.09565
G1 X586.92 Y727.187 E49.70059
;WIPE_START
G1 F600
G1 X596.92 Y727.187 E-30
;WIPE_END
G1 Z291.5 F15000
G1 X727.187 Y424.11 Z291.5
G1 Z290.5
G1 E40 F9000
G1 F2779.614
G1 X727.187 Y435.623 E49.70059
G1 X435.622 Y727.187 E1780.10743
G1 X424.11 Y727.187 E49.70059
;WIPE_START
G1 F600
G1 X434.11 Y727.187 E-30
;WIPE_END
G1 Z291.5 F15000
G1 X424.11 Y272.813 Z291.5
G1 Z290.5
G1 E40 F9000
G1 F2779.614
G1 X435.622 Y272.813 E49.70059
G1 X727.187 Y564.378 E1780.10742
G1 X727.187 Y575.89 E49.70059
;WIPE_START
G1 F600
G1 X727.187 Y565.89 E-30
;WIPE_END
G1 Z291.5 F15000
G1 X715.675 Y272.813 Z291.5
G1 Z290.5
G1 E40 F9000
G1 F2779.614
G1 X727.187 Y272.813 E49.70027
G1 X272.813 Y727.187 E2774.11872
G1 X284.325 Y727.187 E49.70025
;WIPE_START
G1 F600
G1 X274.325 Y727.187 E-30
;WIPE_END
G1 Z291.5 F15000
G1 X284.325 Y272.813 Z291.5
G1 Z290.5
M73 P65 R312
G1 E40 F9000
G1 F2779.614
G1 X272.813 Y272.813 E49.70059
G1 X727.187 Y727.187 E2774.11918
G1 X715.675 Y727.187 E49.70059
;WIPE_START
G1 F600
G1 X725.675 Y727.187 E-30
;WIPE_END
G1 Z291.5 F15000
G1 X586.92 Y272.813 Z291.5
G1 Z290.5
G1 E40 F9000
G1 F2779.614
G1 X598.432 Y272.813 E49.70059
G1 X727.187 Y401.568 E786.09564
G1 X727.187 Y413.08 E49.70059
;WIPE_START
G1 F600
G1 X727.187 Y403.08 E-30
;WIPE_END
G1 Z291.5 F15000
G1 X575.89 Y272.813 Z291.5
G1 Z290.5
G1 E40 F9000
G1 F2779.614
G1 X564.378 Y272.813 E49.70059
G1 X272.813 Y564.377 E1780.10741
G1 X272.813 Y575.89 E49.70059
;WIPE_START
G1 F600
G1 X272.813 Y565.89 E-30
;WIPE_END
G1 Z291.5 F15000
G1 X413.08 Y272.813 Z291.5
G1 Z290.5
G1 E40 F9000
G1 F2779.614
G1 X401.568 Y272.813 E49.70059
G1 X272.813 Y401.568 E786.09564
G1 X272.813 Y413.08 E49.70059
; stop printing object Cube id:0 copy 0
;LAYER_CHANGE
;Z:292
;HEIGHT:1.5
;BEFORE_LAYER_CHANGE
;292
G92 E0

EXCLUDE_OBJECT_END NAME=Cube_id_0_copy_0
;AFTER_LAYER_CHANGE
;292
;_SET_FAN_SPEED_CHANGING_LAYER
; printing object Cube id:0 copy 0
;WIPE_START
G1 F600
G1 X272.813 Y403.08 E-30
;WIPE_END
EXCLUDE_OBJECT_START NAME=Cube_id_0_copy_0
G1 Z293 F15000
G1 X270.366 Y270.366 Z293
G1 Z292
G1 E40 F9000
;TYPE:Outer wall
;WIDTH:3.2
G1 F2779.615
G1 X729.634 Y270.366 E1982.72102
G1 F2760
G1 X729.634 Y729.634 E1982.72107
G1 X270.366 Y729.634 E1982.72102
M73 P65 R311
G1 X270.366 Y270.666 E1981.42588
;WIPE_START
G1 F600
G1 X280.366 Y270.66 E-30
;WIPE_END
G1 Z293 F15000
G1 X272.813 Y413.08 Z293
G1 Z292
G1 E40 F9000
;TYPE:Sparse infill
;WIDTH:3.2
G1 F2779.614
G1 X272.813 Y401.568 E49.70059
G1 X401.568 Y272.813 E786.09564
G1 X413.08 Y272.813 E49.70059
;WIPE_START
G1 F600
G1 X403.08 Y272.813 E-30
;WIPE_END
G1 Z293 F15000
G1 X272.813 Y575.89 Z293
G1 Z292
G1 E40 F9000
G1 F2779.614
G1 X272.813 Y564.377 E49.70059
G1 X564.378 Y272.813 E1780.10741
G1 X575.89 Y272.813 E49.70059
;WIPE_START
G1 F600
G1 X565.89 Y272.813 E-30
;WIPE_END
G1 Z293 F15000
G1 X727.187 Y413.08 Z293
G1 Z292
G1 E40 F9000
G1 F2779.614
G1 X727.187 Y401.568 E49.70059
G1 X598.432 Y272.813 E786.09564
G1 X586.92 Y272.813 E49.70059
;WIPE_START
G1 F600
G1 X596.92 Y272.813 E-30
;WIPE_END
G1 Z293 F15000
G1 X727.187 Y575.89 Z293
G1 Z292
G1 E40 F9000
G1 F2779.614
G1 X727.187 Y564.378 E49.70059
G1 X435.622 Y272.813 E1780.10742
G1 X424.11 Y272.813 E49.70059
M73 P65 R310
;WIPE_START
G1 F600
G1 X434.11 Y272.813 E-30
;WIPE_END
G1 Z293 F15000
G1 X424.11 Y727.187 Z293
G1 Z292
G1 E40 F9000
G1 F2779.614
G1 X435.622 Y727.187 E49.70059
G1 X727.187 Y435.623 E1780.10743
G1 X727.187 Y424.11 E49.70059
;WIPE_START
G1 F600
G1 X727.187 Y434.11 E-30
;WIPE_END
G1 Z293 F15000
G1 X715.675 Y727.187 Z293
G1 Z292
G1 E40 F9000
G1 F2779.614
G1 X727.187 Y727.187 E49.70059
G1 X272.813 Y272.813 E2774.11918
G1 X284.325 Y272.813 E49.70059
;WIPE_START
G1 F600
G1 X274.325 Y272.813 E-30
;WIPE_END
G1 Z293 F15000
G1 X284.325 Y727.187 Z293
G1 Z292
G1 E40 F9000
G1 F2779.614
G1 X272.813 Y727.187 E49.70025
G1 X727.187 Y272.813 E2774.11872
G1 X715.675 Y272.813 E49.70027
;WIPE_START
G1 F600
G1 X725.675 Y272.813 E-30
;WIPE_END
G1 Z293 F15000
G1 X586.92 Y727.187 Z293
G1 Z292
M73 P65 R309
G1 E40 F9000
G1 F2779.614
G1 X598.432 Y727.187 E49.70059
G1 X727.187 Y598.432 E786.09565
G1 X727.187 Y586.92 E49.70059
;WIPE_START
G1 F600
G1 X727.187 Y596.92 E-30
;WIPE_END
G1 Z293 F15000
G1 X575.89 Y727.187 Z293
G1 Z292
G1 E40 F9000
G1 F2779.614
G1 X564.378 Y727.187 E49.70059
G1 X272.813 Y435.622 E1780.10742
G1 X272.813 Y424.11 E49.70059
;WIPE_START
G1 F600
G1 X272.813 Y434.11 E-30
;WIPE_END
G1 Z293 F15000
G1 X413.08 Y727.187 Z293
G1 Z292
G1 E40 F9000
G1 F2779.614
G1 X401.568 Y727.187 E49.70059
G1 X272.813 Y598.432 E786.09565
G1 X272.813 Y586.92 E49.70059
; stop printing object Cube id:0 copy 0
;LAYER_CHANGE
;Z:293.5
;HEIGHT:1.5
;BEFORE_LAYER_CHANGE
;293.5
G92 E0

EXCLUDE_OBJECT_END NAME=Cube_id_0_copy_0
;AFTER_LAYER_CHANGE
;293.5
;_SET_FAN_SPEED_CHANGING_LAYER
; printing object Cube id:0 copy 0
;WIPE_START
G1 F600
G1 X272.813 Y596.92 E-30
;WIPE_END
EXCLUDE_OBJECT_START NAME=Cube_id_0_copy_0
G1 Z294.5 F15000
G1 X270.366 Y729.634 Z294.5
G1 Z293.5
G1 E40 F9000
;TYPE:Outer wall
;WIDTH:3.2
G1 F2779.615
G1 X270.366 Y270.366 E1982.72102
G1 F2760
G1 X729.634 Y270.366 E1982.72107
G1 X729.634 Y729.634 E1982.72102
G1 X270.666 Y729.634 E1981.42588
M73 P65 R308
;WIPE_START
G1 F600
G1 X270.66 Y719.634 E-30
;WIPE_END
G1 Z294.5 F15000
G1 X272.813 Y586.92 Z294.5
G1 Z293.5
G1 E40 F9000
;TYPE:Sparse infill
;WIDTH:3.2
G1 F2779.614
G1 X272.813 Y598.432 E49.70059
G1 X401.568 Y727.187 E786.09565
G1 X413.08 Y727.187 E49.70059
;WIPE_START
G1 F600
G1 X403.08 Y727.187 E-30
;WIPE_END
G1 Z294.5 F15000
G1 X272.813 Y424.11 Z294.5
G1 Z293.5
G1 E40 F9000
G1 F2779.614
G1 X272.813 Y435.622 E49.70059
G1 X564.378 Y727.187 E1780.10742
G1 X575.89 Y727.187 E49.70059
;WIPE_START
G1 F600
G1 X565.89 Y727.187 E-30
;WIPE_END
G1 Z294.5 F15000
G1 X727.187 Y586.92 Z294.5
G1 Z293.5
G1 E40 F9000
G1 F2779.614
G1 X727.187 Y598.432 E49.70059
G1 X598.432 Y727.187 E786.09565
G1 X586.92 Y727.187 E49.70059
;WIPE_START
G1 F600
G1 X596.92 Y727.187 E-30
;WIPE_END
G1 Z294.5 F15000
G1 X727.187 Y424.11 Z294.5
G1 Z293.5
G1 E40 F9000
G1 F2779.614
G1 X727.187 Y435.623 E49.70059
G1 X435.622 Y727.187 E1780.10743
G1 X424.11 Y727.187 E49.70059
;WIPE_START
G1 F600
G1 X434.11 Y727.187 E-30
;WIPE_END
G1 Z294.5 F15000
G1 X424.11 Y272.813 Z294.5
G1 Z293.5
G1 E40 F9000
G1 F2779.614
G1 X435.622 Y272.813 E49.70059
G1 X727.187 Y564.378 E1780.10742
G1 X727.187 Y575.89 E49.70059
M73 P65 R307
;WIPE_START
G1 F600
G1 X727.187 Y565.89 E-30
;WIPE_END
G1 Z294.5 F15000
G1 X715.675 Y272.813 Z294.5
G1 Z293.5
G1 E40 F9000
G1 F2779.614
G1 X727.187 Y272.813 E49.70027
G1 X272.813 Y727.187 E2774.11872
G1 X284.325 Y727.187 E49.70025
;WIPE_START
G1 F600
G1 X274.325 Y727.187 E-30
;WIPE_END
G1 Z294.5 F15000
G1 X284.325 Y272.813 Z294.5
G1 Z293.5
G1 E40 F9000
G1 F2779.614
G1 X272.813 Y272.813 E49.70059
G1 X727.187 Y727.187 E2774.11918
G1 X715.675 Y727.187 E49.70059
;WIPE_START
G1 F600
G1 X725.675 Y727.187 E-30
;WIPE_END
G1 Z294.5 F15000
G1 X586.92 Y272.813 Z294.5
G1 Z293.5
G1 E40 F9000
G1 F2779.614
G1 X598.432 Y272.813 E49.70059
G1 X727.187 Y401.568 E786.09564
G1 X727.187 Y413.08 E49.70059
;WIPE_START
G1 F600
G1 X727.187 Y403.08 E-30
;WIPE_END
G1 Z294.5 F15000
G1 X575.89 Y272.813 Z294.5
G1 Z293.5
G1 E40 F9000
G1 F2779.614
G1 X564.378 Y272.813 E49.70059
G1 X272.813 Y564.377 E1780.10741
G1 X272.813 Y575.89 E49.70059
M73 P65 R306
;WIPE_START
G1 F600
G1 X272.813 Y565.89 E-30
;WIPE_END
G1 Z294.5 F15000
G1 X413.08 Y272.813 Z294.5
G1 Z293.5
G1 E40 F9000
G1 F2779.614
G1 X401.568 Y272.813 E49.70059
G1 X272.813 Y401.568 E786.09564
G1 X272.813 Y413.08 E49.70059
; stop printing object Cube id:0 copy 0
;LAYER_CHANGE
;Z:295
;HEIGHT:1.5
;BEFORE_LAYER_CHANGE
;295
G92 E0

EXCLUDE_OBJECT_END NAME=Cube_id_0_copy_0
;AFTER_LAYER_CHANGE
;295
;_SET_FAN_SPEED_CHANGING_LAYER
; printing object Cube id:0 copy 0
;WIPE_START
G1 F600
G1 X272.813 Y403.08 E-30
;WIPE_END
EXCLUDE_OBJECT_START NAME=Cube_id_0_copy_0
G1 Z296 F15000
G1 X270.366 Y270.366 Z296
G1 Z295
G1 E40 F9000
;TYPE:Outer wall
;WIDTH:3.2
G1 F2779.615
G1 X729.634 Y270.366 E1982.72102
G1 F2760
G1 X729.634 Y729.634 E1982.72107
G1 X270.366 Y729.634 E1982.72102
G1 X270.366 Y270.666 E1981.42588
;WIPE_START
G1 F600
G1 X280.366 Y270.66 E-30
;WIPE_END
G1 Z296 F15000
G1 X272.813 Y413.08 Z296
G1 Z295
G1 E40 F9000
;TYPE:Sparse infill
;WIDTH:3.2
G1 F2779.614
G1 X272.813 Y401.568 E49.70059
G1 X401.568 Y272.813 E786.09564
G1 X413.08 Y272.813 E49.70059
M73 P65 R305
;WIPE_START
G1 F600
G1 X403.08 Y272.813 E-30
;WIPE_END
G1 Z296 F15000
G1 X272.813 Y575.89 Z296
G1 Z295
G1 E40 F9000
G1 F2779.614
G1 X272.813 Y564.377 E49.70059
G1 X564.378 Y272.813 E1780.10741
G1 X575.89 Y272.813 E49.70059
;WIPE_START
G1 F600
G1 X565.89 Y272.813 E-30
;WIPE_END
G1 Z296 F15000
G1 X727.187 Y413.08 Z296
G1 Z295
G1 E40 F9000
G1 F2779.614
G1 X727.187 Y401.568 E49.70059
G1 X598.432 Y272.813 E786.09564
G1 X586.92 Y272.813 E49.70059
;WIPE_START
G1 F600
G1 X596.92 Y272.813 E-30
;WIPE_END
G1 Z296 F15000
G1 X727.187 Y575.89 Z296
G1 Z295
G1 E40 F9000
G1 F2779.614
G1 X727.187 Y564.378 E49.70059
G1 X435.622 Y272.813 E1780.10742
G1 X424.11 Y272.813 E49.70059
M73 P66 R305
;WIPE_START
G1 F600
G1 X434.11 Y272.813 E-30
;WIPE_END
G1 Z296 F15000
G1 X424.11 Y727.187 Z296
G1 Z295
G1 E40 F9000
G1 F2779.614
G1 X435.622 Y727.187 E49.70059
G1 X727.187 Y435.623 E1780.10743
G1 X727.187 Y424.11 E49.70059
;WIPE_START
G1 F600
G1 X727.187 Y434.11 E-30
;WIPE_END
G1 Z296 F15000
G1 X715.675 Y727.187 Z296
G1 Z295
G1 E40 F9000
G1 F2779.614
G1 X727.187 Y727.187 E49.70059
G1 X272.813 Y272.813 E2774.11918
G1 X284.325 Y272.813 E49.70059
M73 P66 R304
;WIPE_START
G1 F600
G1 X274.325 Y272.813 E-30
;WIPE_END
G1 Z296 F15000
G1 X284.325 Y727.187 Z296
G1 Z295
G1 E40 F9000
G1 F2779.614
G1 X272.813 Y727.187 E49.70025
G1 X727.187 Y272.813 E2774.11872
G1 X715.675 Y272.813 E49.70027
;WIPE_START
G1 F600
G1 X725.675 Y272.813 E-30
;WIPE_END
G1 Z296 F15000
G1 X586.92 Y727.187 Z296
G1 Z295
G1 E40 F9000
G1 F2779.614
G1 X598.432 Y727.187 E49.70059
G1 X727.187 Y598.432 E786.09565
G1 X727.187 Y586.92 E49.70059
;WIPE_START
G1 F600
G1 X727.187 Y596.92 E-30
;WIPE_END
G1 Z296 F15000
G1 X575.89 Y727.187 Z296
G1 Z295
G1 E40 F9000
G1 F2779.614
G1 X564.378 Y727.187 E49.70059
G1 X272.813 Y435.622 E1780.10742
G1 X272.813 Y424.11 E49.70059
;WIPE_START
G1 F600
G1 X272.813 Y434.11 E-30
;WIPE_END
G1 Z296 F15000
G1 X413.08 Y727.187 Z296
G1 Z295
G1 E40 F9000
G1 F2779.614
G1 X401.568 Y727.187 E49.70059
G1 X272.813 Y598.432 E786.09565
G1 X272.813 Y586.92 E49.70059
; stop printing object Cube id:0 copy 0
;LAYER_CHANGE
;Z:296.5
;HEIGHT:1.5
;BEFORE_LAYER_CHANGE
;296.5
G92 E0

EXCLUDE_OBJECT_END NAME=Cube_id_0_copy_0
;AFTER_LAYER_CHANGE
;296.5
;_SET_FAN_SPEED_CHANGING_LAYER
; printing object Cube id:0 copy 0
;WIPE_START
G1 F600
G1 X272.813 Y596.92 E-30
;WIPE_END
EXCLUDE_OBJECT_START NAME=Cube_id_0_copy_0
G1 Z297.5 F15000
G1 X270.366 Y729.634 Z297.5
G1 Z296.5
G1 E40 F9000
;TYPE:Outer wall
;WIDTH:3.2
G1 F2779.615
G1 X270.366 Y270.366 E1982.72102
G1 F2760
M73 P66 R303
G1 X729.634 Y270.366 E1982.72107
G1 X729.634 Y729.634 E1982.72102
G1 X270.666 Y729.634 E1981.42588
;WIPE_START
G1 F600
G1 X270.66 Y719.634 E-30
;WIPE_END
G1 Z297.5 F15000
G1 X272.813 Y586.92 Z297.5
G1 Z296.5
G1 E40 F9000
;TYPE:Sparse infill
;WIDTH:3.2
G1 F2779.614
G1 X272.813 Y598.432 E49.70059
G1 X401.568 Y727.187 E786.09565
G1 X413.08 Y727.187 E49.70059
;WIPE_START
G1 F600
G1 X403.08 Y727.187 E-30
;WIPE_END
G1 Z297.5 F15000
G1 X272.813 Y424.11 Z297.5
G1 Z296.5
G1 E40 F9000
G1 F2779.614
G1 X272.813 Y435.622 E49.70059
G1 X564.378 Y727.187 E1780.10742
G1 X575.89 Y727.187 E49.70059
;WIPE_START
G1 F600
G1 X565.89 Y727.187 E-30
;WIPE_END
G1 Z297.5 F15000
G1 X727.187 Y586.92 Z297.5
G1 Z296.5
G1 E40 F9000
G1 F2779.614
G1 X727.187 Y598.432 E49.70059
G1 X598.432 Y727.187 E786.09565
G1 X586.92 Y727.187 E49.70059
M73 P66 R302
;WIPE_START
G1 F600
G1 X596.92 Y727.187 E-30
;WIPE_END
G1 Z297.5 F15000
G1 X727.187 Y424.11 Z297.5
G1 Z296.5
G1 E40 F9000
G1 F2779.614
G1 X727.187 Y435.623 E49.70059
G1 X435.622 Y727.187 E1780.10743
G1 X424.11 Y727.187 E49.70059
;WIPE_START
G1 F600
G1 X434.11 Y727.187 E-30
;WIPE_END
G1 Z297.5 F15000
G1 X424.11 Y272.813 Z297.5
G1 Z296.5
G1 E40 F9000
G1 F2779.614
G1 X435.622 Y272.813 E49.70059
G1 X727.187 Y564.378 E1780.10742
G1 X727.187 Y575.89 E49.70059
;WIPE_START
G1 F600
G1 X727.187 Y565.89 E-30
;WIPE_END
G1 Z297.5 F15000
G1 X715.675 Y272.813 Z297.5
G1 Z296.5
G1 E40 F9000
G1 F2779.614
G1 X727.187 Y272.813 E49.70027
G1 X272.813 Y727.187 E2774.11872
G1 X284.325 Y727.187 E49.70025
;WIPE_START
G1 F600
G1 X274.325 Y727.187 E-30
;WIPE_END
G1 Z297.5 F15000
G1 X284.325 Y272.813 Z297.5
G1 Z296.5
G1 E40 F9000
G1 F2779.614
G1 X272.813 Y272.813 E49.70059
G1 X727.187 Y727.187 E2774.11918
G1 X715.675 Y727.187 E49.70059
M73 P66 R301
;WIPE_START
G1 F600
G1 X725.675 Y727.187 E-30
;WIPE_END
G1 Z297.5 F15000
G1 X586.92 Y272.813 Z297.5
G1 Z296.5
G1 E40 F9000
G1 F2779.614
G1 X598.432 Y272.813 E49.70059
G1 X727.187 Y401.568 E786.09564
G1 X727.187 Y413.08 E49.70059
;WIPE_START
G1 F600
G1 X727.187 Y403.08 E-30
;WIPE_END
G1 Z297.5 F15000
G1 X575.89 Y272.813 Z297.5
G1 Z296.5
G1 E40 F9000
G1 F2779.614
G1 X564.378 Y272.813 E49.70059
G1 X272.813 Y564.377 E1780.10741
G1 X272.813 Y575.89 E49.70059
;WIPE_START
G1 F600
G1 X272.813 Y565.89 E-30
;WIPE_END
G1 Z297.5 F15000
G1 X413.08 Y272.813 Z297.5
G1 Z296.5
G1 E40 F9000
G1 F2779.614
G1 X401.568 Y272.813 E49.70059
G1 X272.813 Y401.568 E786.09564
G1 X272.813 Y413.08 E49.70059
; stop printing object Cube id:0 copy 0
;LAYER_CHANGE
;Z:298
;HEIGHT:1.5
;BEFORE_LAYER_CHANGE
;298
G92 E0

EXCLUDE_OBJECT_END NAME=Cube_id_0_copy_0
;AFTER_LAYER_CHANGE
;298
;_SET_FAN_SPEED_CHANGING_LAYER
; printing object Cube id:0 copy 0
;WIPE_START
G1 F600
G1 X272.813 Y403.08 E-30
;WIPE_END
EXCLUDE_OBJECT_START NAME=Cube_id_0_copy_0
G1 Z299 F15000
G1 X270.366 Y270.366 Z299
G1 Z298
G1 E40 F9000
;TYPE:Outer wall
;WIDTH:3.2
G1 F2779.615
G1 X729.634 Y270.366 E1982.72102
G1 F2760
G1 X729.634 Y729.634 E1982.72107
G1 X270.366 Y729.634 E1982.72102
G1 X270.366 Y270.666 E1981.42588
M73 P66 R300
;WIPE_START
G1 F600
G1 X280.366 Y270.66 E-30
;WIPE_END
G1 Z299 F15000
G1 X272.813 Y413.08 Z299
G1 Z298
G1 E40 F9000
;TYPE:Sparse infill
;WIDTH:3.2
G1 F2779.614
G1 X272.813 Y401.568 E49.70059
G1 X401.568 Y272.813 E786.09564
G1 X413.08 Y272.813 E49.70059
;WIPE_START
G1 F600
G1 X403.08 Y272.813 E-30
;WIPE_END
G1 Z299 F15000
G1 X272.813 Y575.89 Z299
G1 Z298
G1 E40 F9000
G1 F2779.614
G1 X272.813 Y564.377 E49.70059
G1 X564.378 Y272.813 E1780.10741
G1 X575.89 Y272.813 E49.70059
;WIPE_START
G1 F600
G1 X565.89 Y272.813 E-30
;WIPE_END
G1 Z299 F15000
G1 X727.187 Y413.08 Z299
G1 Z298
G1 E40 F9000
G1 F2779.614
G1 X727.187 Y401.568 E49.70059
G1 X598.432 Y272.813 E786.09564
G1 X586.92 Y272.813 E49.70059
;WIPE_START
G1 F600
G1 X596.92 Y272.813 E-30
;WIPE_END
G1 Z299 F15000
G1 X727.187 Y575.89 Z299
G1 Z298
G1 E40 F9000
G1 F2779.614
G1 X727.187 Y564.378 E49.70059
G1 X435.622 Y272.813 E1780.10742
G1 X424.11 Y272.813 E49.70059
;WIPE_START
G1 F600
M73 P66 R299
G1 X434.11 Y272.813 E-30
;WIPE_END
G1 Z299 F15000
G1 X424.11 Y727.187 Z299
G1 Z298
G1 E40 F9000
G1 F2779.614
G1 X435.622 Y727.187 E49.70059
G1 X727.187 Y435.623 E1780.10743
G1 X727.187 Y424.11 E49.70059
;WIPE_START
G1 F600
G1 X727.187 Y434.11 E-30
;WIPE_END
G1 Z299 F15000
G1 X715.675 Y727.187 Z299
G1 Z298
G1 E40 F9000
G1 F2779.614
G1 X727.187 Y727.187 E49.70059
G1 X272.813 Y272.813 E2774.11918
G1 X284.325 Y272.813 E49.70059
;WIPE_START
G1 F600
G1 X274.325 Y272.813 E-30
;WIPE_END
G1 Z299 F15000
G1 X284.325 Y727.187 Z299
G1 Z298
G1 E40 F9000
G1 F2779.614
G1 X272.813 Y727.187 E49.70025
G1 X727.187 Y272.813 E2774.11872
G1 X715.675 Y272.813 E49.70027
;WIPE_START
G1 F600
G1 X725.675 Y272.813 E-30
;WIPE_END
G1 Z299 F15000
G1 X586.92 Y727.187 Z299
G1 Z298
G1 E40 F9000
G1 F2779.614
G1 X598.432 Y727.187 E49.70059
G1 X727.187 Y598.432 E786.09565
G1 X727.187 Y586.92 E49.70059
;WIPE_START
G1 F600
G1 X727.187 Y596.92 E-30
;WIPE_END
G1 Z299 F15000
G1 X575.89 Y727.187 Z299
G1 Z298
M73 P66 R298
G1 E40 F9000
G1 F2779.614
G1 X564.378 Y727.187 E49.70059
G1 X272.813 Y435.622 E1780.10742
G1 X272.813 Y424.11 E49.70059
;WIPE_START
G1 F600
G1 X272.813 Y434.11 E-30
;WIPE_END
G1 Z299 F15000
G1 X413.08 Y727.187 Z299
G1 Z298
G1 E40 F9000
G1 F2779.614
G1 X401.568 Y727.187 E49.70059
G1 X272.813 Y598.432 E786.09565
G1 X272.813 Y586.92 E49.70059
; stop printing object Cube id:0 copy 0
;LAYER_CHANGE
;Z:299.5
;HEIGHT:1.5
;BEFORE_LAYER_CHANGE
;299.5
G92 E0

EXCLUDE_OBJECT_END NAME=Cube_id_0_copy_0
;AFTER_LAYER_CHANGE
;299.5
;_SET_FAN_SPEED_CHANGING_LAYER
; printing object Cube id:0 copy 0
;WIPE_START
G1 F600
G1 X272.813 Y596.92 E-30
;WIPE_END
EXCLUDE_OBJECT_START NAME=Cube_id_0_copy_0
G1 Z300.5 F15000
G1 X270.366 Y729.634 Z300.5
G1 Z299.5
G1 E40 F9000
;TYPE:Outer wall
;WIDTH:3.2
G1 F2779.615
G1 X270.366 Y270.366 E1982.72102
G1 F2760
G1 X729.634 Y270.366 E1982.72107
G1 X729.634 Y729.634 E1982.72102
G1 X270.666 Y729.634 E1981.42588
;WIPE_START
G1 F600
M73 P66 R297
G1 X270.66 Y719.634 E-30
;WIPE_END
G1 Z300.5 F15000
G1 X272.813 Y586.92 Z300.5
G1 Z299.5
G1 E40 F9000
;TYPE:Sparse infill
;WIDTH:3.2
G1 F2779.614
G1 X272.813 Y598.432 E49.70059
G1 X401.568 Y727.187 E786.09565
G1 X413.08 Y727.187 E49.70059
;WIPE_START
G1 F600
G1 X403.08 Y727.187 E-30
;WIPE_END
G1 Z300.5 F15000
G1 X272.813 Y424.11 Z300.5
G1 Z299.5
G1 E40 F9000
G1 F2779.614
G1 X272.813 Y435.622 E49.70059
G1 X564.378 Y727.187 E1780.10742
G1 X575.89 Y727.187 E49.70059
;WIPE_START
G1 F600
G1 X565.89 Y727.187 E-30
;WIPE_END
G1 Z300.5 F15000
G1 X727.187 Y586.92 Z300.5
G1 Z299.5
G1 E40 F9000
G1 F2779.614
G1 X727.187 Y598.432 E49.70059
G1 X598.432 Y727.187 E786.09565
G1 X586.92 Y727.187 E49.70059
;WIPE_START
G1 F600
G1 X596.92 Y727.187 E-30
;WIPE_END
G1 Z300.5 F15000
G1 X727.187 Y424.11 Z300.5
G1 Z299.5
G1 E40 F9000
G1 F2779.614
G1 X727.187 Y435.623 E49.70059
G1 X435.622 Y727.187 E1780.10743
G1 X424.11 Y727.187 E49.70059
;WIPE_START
G1 F600
G1 X434.11 Y727.187 E-30
;WIPE_END
G1 Z300.5 F15000
G1 X424.11 Y272.813 Z300.5
G1 Z299.5
G1 E40 F9000
G1 F2779.614
G1 X435.622 Y272.813 E49.70059
G1 X727.187 Y564.378 E1780.10742
G1 X727.187 Y575.89 E49.70059
;WIPE_START
G1 F600
G1 X727.187 Y565.89 E-30
;WIPE_END
G1 Z300.5 F15000
G1 X715.675 Y272.813 Z300.5
G1 Z299.5
G1 E40 F9000
G1 F2779.614
G1 X727.187 Y272.813 E49.70027
G1 X272.813 Y727.187 E2774.11872
M73 P66 R296
G1 X284.325 Y727.187 E49.70025
;WIPE_START
G1 F600
G1 X274.325 Y727.187 E-30
;WIPE_END
G1 Z300.5 F15000
G1 X284.325 Y272.813 Z300.5
G1 Z299.5
G1 E40 F9000
G1 F2779.614
G1 X272.813 Y272.813 E49.70059
G1 X727.187 Y727.187 E2774.11918
G1 X715.675 Y727.187 E49.70059
M73 P67 R296
;WIPE_START
G1 F600
G1 X725.675 Y727.187 E-30
;WIPE_END
G1 Z300.5 F15000
G1 X586.92 Y272.813 Z300.5
G1 Z299.5
G1 E40 F9000
G1 F2779.614
G1 X598.432 Y272.813 E49.70059
G1 X727.187 Y401.568 E786.09564
G1 X727.187 Y413.08 E49.70059
;WIPE_START
G1 F600
G1 X727.187 Y403.08 E-30
;WIPE_END
G1 Z300.5 F15000
G1 X575.89 Y272.813 Z300.5
G1 Z299.5
G1 E40 F9000
G1 F2779.614
G1 X564.378 Y272.813 E49.70059
G1 X272.813 Y564.377 E1780.10741
G1 X272.813 Y575.89 E49.70059
;WIPE_START
G1 F600
G1 X272.813 Y565.89 E-30
;WIPE_END
G1 Z300.5 F15000
G1 X413.08 Y272.813 Z300.5
G1 Z299.5
G1 E40 F9000
G1 F2779.614
G1 X401.568 Y272.813 E49.70059
G1 X272.813 Y401.568 E786.09564
G1 X272.813 Y413.08 E49.70059
M73 P67 R295
; stop printing object Cube id:0 copy 0
;LAYER_CHANGE
;Z:301
;HEIGHT:1.5
;BEFORE_LAYER_CHANGE
;301
G92 E0

EXCLUDE_OBJECT_END NAME=Cube_id_0_copy_0
;AFTER_LAYER_CHANGE
;301
;_SET_FAN_SPEED_CHANGING_LAYER
; printing object Cube id:0 copy 0
;WIPE_START
G1 F600
G1 X272.813 Y403.08 E-30
;WIPE_END
EXCLUDE_OBJECT_START NAME=Cube_id_0_copy_0
G1 Z302 F15000
G1 X270.366 Y270.366 Z302
G1 Z301
G1 E40 F9000
;TYPE:Outer wall
;WIDTH:3.2
G1 F2779.615
G1 X729.634 Y270.366 E1982.72102
G1 F2760
G1 X729.634 Y729.634 E1982.72107
G1 X270.366 Y729.634 E1982.72102
G1 X270.366 Y270.666 E1981.42588
;WIPE_START
G1 F600
G1 X280.366 Y270.66 E-30
;WIPE_END
G1 Z302 F15000
G1 X272.813 Y413.08 Z302
G1 Z301
G1 E40 F9000
;TYPE:Sparse infill
;WIDTH:3.2
G1 F2779.614
G1 X272.813 Y401.568 E49.70059
G1 X401.568 Y272.813 E786.09564
G1 X413.08 Y272.813 E49.70059
;WIPE_START
G1 F600
G1 X403.08 Y272.813 E-30
;WIPE_END
G1 Z302 F15000
G1 X272.813 Y575.89 Z302
G1 Z301
G1 E40 F9000
G1 F2779.614
G1 X272.813 Y564.377 E49.70059
G1 X564.378 Y272.813 E1780.10741
G1 X575.89 Y272.813 E49.70059
M73 P67 R294
;WIPE_START
G1 F600
G1 X565.89 Y272.813 E-30
;WIPE_END
G1 Z302 F15000
G1 X727.187 Y413.08 Z302
G1 Z301
G1 E40 F9000
G1 F2779.614
G1 X727.187 Y401.568 E49.70059
G1 X598.432 Y272.813 E786.09564
G1 X586.92 Y272.813 E49.70059
;WIPE_START
G1 F600
G1 X596.92 Y272.813 E-30
;WIPE_END
G1 Z302 F15000
G1 X727.187 Y575.89 Z302
G1 Z301
G1 E40 F9000
G1 F2779.614
G1 X727.187 Y564.378 E49.70059
G1 X435.622 Y272.813 E1780.10742
G1 X424.11 Y272.813 E49.70059
;WIPE_START
G1 F600
G1 X434.11 Y272.813 E-30
;WIPE_END
G1 Z302 F15000
G1 X424.11 Y727.187 Z302
G1 Z301
G1 E40 F9000
G1 F2779.614
G1 X435.622 Y727.187 E49.70059
G1 X727.187 Y435.623 E1780.10743
G1 X727.187 Y424.11 E49.70059
;WIPE_START
G1 F600
G1 X727.187 Y434.11 E-30
;WIPE_END
G1 Z302 F15000
G1 X715.675 Y727.187 Z302
G1 Z301
G1 E40 F9000
G1 F2779.614
G1 X727.187 Y727.187 E49.70059
G1 X272.813 Y272.813 E2774.11918
G1 X284.325 Y272.813 E49.70059
;WIPE_START
G1 F600
G1 X274.325 Y272.813 E-30
;WIPE_END
G1 Z302 F15000
G1 X284.325 Y727.187 Z302
G1 Z301
M73 P67 R293
G1 E40 F9000
G1 F2779.614
G1 X272.813 Y727.187 E49.70025
G1 X727.187 Y272.813 E2774.11872
G1 X715.675 Y272.813 E49.70027
;WIPE_START
G1 F600
G1 X725.675 Y272.813 E-30
;WIPE_END
G1 Z302 F15000
G1 X586.92 Y727.187 Z302
G1 Z301
G1 E40 F9000
G1 F2779.614
G1 X598.432 Y727.187 E49.70059
G1 X727.187 Y598.432 E786.09565
G1 X727.187 Y586.92 E49.70059
;WIPE_START
G1 F600
G1 X727.187 Y596.92 E-30
;WIPE_END
G1 Z302 F15000
G1 X575.89 Y727.187 Z302
G1 Z301
G1 E40 F9000
G1 F2779.614
G1 X564.378 Y727.187 E49.70059
G1 X272.813 Y435.622 E1780.10742
G1 X272.813 Y424.11 E49.70059
;WIPE_START
G1 F600
G1 X272.813 Y434.11 E-30
;WIPE_END
G1 Z302 F15000
G1 X413.08 Y727.187 Z302
G1 Z301
G1 E40 F9000
G1 F2779.614
G1 X401.568 Y727.187 E49.70059
G1 X272.813 Y598.432 E786.09565
G1 X272.813 Y586.92 E49.70059
; stop printing object Cube id:0 copy 0
;LAYER_CHANGE
;Z:302.5
;HEIGHT:1.5
;BEFORE_LAYER_CHANGE
;302.5
G92 E0

EXCLUDE_OBJECT_END NAME=Cube_id_0_copy_0
;AFTER_LAYER_CHANGE
;302.5
;_SET_FAN_SPEED_CHANGING_LAYER
; printing object Cube id:0 copy 0
;WIPE_START
G1 F600
G1 X272.813 Y596.92 E-30
;WIPE_END
EXCLUDE_OBJECT_START NAME=Cube_id_0_copy_0
G1 Z303.5 F15000
G1 X270.366 Y729.634 Z303.5
G1 Z302.5
G1 E40 F9000
;TYPE:Outer wall
;WIDTH:3.2
G1 F2779.615
G1 X270.366 Y270.366 E1982.72102
G1 F2760
G1 X729.634 Y270.366 E1982.72107
G1 X729.634 Y729.634 E1982.72102
M73 P67 R292
G1 X270.666 Y729.634 E1981.42588
;WIPE_START
G1 F600
G1 X270.66 Y719.634 E-30
;WIPE_END
G1 Z303.5 F15000
G1 X272.813 Y586.92 Z303.5
G1 Z302.5
G1 E40 F9000
;TYPE:Sparse infill
;WIDTH:3.2
G1 F2779.614
G1 X272.813 Y598.432 E49.70059
G1 X401.568 Y727.187 E786.09565
G1 X413.08 Y727.187 E49.70059
;WIPE_START
G1 F600
G1 X403.08 Y727.187 E-30
;WIPE_END
G1 Z303.5 F15000
G1 X272.813 Y424.11 Z303.5
G1 Z302.5
G1 E40 F9000
G1 F2779.614
G1 X272.813 Y435.622 E49.70059
G1 X564.378 Y727.187 E1780.10742
G1 X575.89 Y727.187 E49.70059
;WIPE_START
G1 F600
G1 X565.89 Y727.187 E-30
;WIPE_END
G1 Z303.5 F15000
G1 X727.187 Y586.92 Z303.5
G1 Z302.5
G1 E40 F9000
G1 F2779.614
G1 X727.187 Y598.432 E49.70059
G1 X598.432 Y727.187 E786.09565
G1 X586.92 Y727.187 E49.70059
;WIPE_START
G1 F600
G1 X596.92 Y727.187 E-30
;WIPE_END
G1 Z303.5 F15000
G1 X727.187 Y424.11 Z303.5
G1 Z302.5
G1 E40 F9000
G1 F2779.614
G1 X727.187 Y435.623 E49.70059
G1 X435.622 Y727.187 E1780.10743
G1 X424.11 Y727.187 E49.70059
M73 P67 R291
;WIPE_START
G1 F600
G1 X434.11 Y727.187 E-30
;WIPE_END
G1 Z303.5 F15000
G1 X424.11 Y272.813 Z303.5
G1 Z302.5
G1 E40 F9000
G1 F2779.614
G1 X435.622 Y272.813 E49.70059
G1 X727.187 Y564.378 E1780.10742
G1 X727.187 Y575.89 E49.70059
;WIPE_START
G1 F600
G1 X727.187 Y565.89 E-30
;WIPE_END
G1 Z303.5 F15000
G1 X715.675 Y272.813 Z303.5
G1 Z302.5
G1 E40 F9000
G1 F2779.614
G1 X727.187 Y272.813 E49.70027
G1 X272.813 Y727.187 E2774.11872
G1 X284.325 Y727.187 E49.70025
;WIPE_START
G1 F600
G1 X274.325 Y727.187 E-30
;WIPE_END
G1 Z303.5 F15000
G1 X284.325 Y272.813 Z303.5
G1 Z302.5
G1 E40 F9000
G1 F2779.614
G1 X272.813 Y272.813 E49.70059
G1 X727.187 Y727.187 E2774.11918
G1 X715.675 Y727.187 E49.70059
;WIPE_START
G1 F600
G1 X725.675 Y727.187 E-30
;WIPE_END
G1 Z303.5 F15000
G1 X586.92 Y272.813 Z303.5
M73 P67 R290
G1 Z302.5
G1 E40 F9000
G1 F2779.614
G1 X598.432 Y272.813 E49.70059
G1 X727.187 Y401.568 E786.09564
G1 X727.187 Y413.08 E49.70059
;WIPE_START
G1 F600
G1 X727.187 Y403.08 E-30
;WIPE_END
G1 Z303.5 F15000
G1 X575.89 Y272.813 Z303.5
G1 Z302.5
G1 E40 F9000
G1 F2779.614
G1 X564.378 Y272.813 E49.70059
G1 X272.813 Y564.377 E1780.10741
G1 X272.813 Y575.89 E49.70059
;WIPE_START
G1 F600
G1 X272.813 Y565.89 E-30
;WIPE_END
G1 Z303.5 F15000
G1 X413.08 Y272.813 Z303.5
G1 Z302.5
G1 E40 F9000
G1 F2779.614
G1 X401.568 Y272.813 E49.70059
G1 X272.813 Y401.568 E786.09564
G1 X272.813 Y413.08 E49.70059
; stop printing object Cube id:0 copy 0
;LAYER_CHANGE
;Z:304
;HEIGHT:1.5
;BEFORE_LAYER_CHANGE
;304
G92 E0

EXCLUDE_OBJECT_END NAME=Cube_id_0_copy_0
;AFTER_LAYER_CHANGE
;304
;_SET_FAN_SPEED_CHANGING_LAYER
; printing object Cube id:0 copy 0
;WIPE_START
G1 F600
G1 X272.813 Y403.08 E-30
;WIPE_END
EXCLUDE_OBJECT_START NAME=Cube_id_0_copy_0
G1 Z305 F15000
G1 X270.366 Y270.366 Z305
G1 Z304
G1 E40 F9000
;TYPE:Outer wall
;WIDTH:3.2
G1 F2779.615
G1 X729.634 Y270.366 E1982.72102
G1 F2760
G1 X729.634 Y729.634 E1982.72107
G1 X270.366 Y729.634 E1982.72102
G1 X270.366 Y270.666 E1981.42588
M73 P67 R289
;WIPE_START
G1 F600
G1 X280.366 Y270.66 E-30
;WIPE_END
G1 Z305 F15000
G1 X272.813 Y413.08 Z305
G1 Z304
G1 E40 F9000
;TYPE:Sparse infill
;WIDTH:3.2
G1 F2779.614
G1 X272.813 Y401.568 E49.70059
G1 X401.568 Y272.813 E786.09564
G1 X413.08 Y272.813 E49.70059
;WIPE_START
G1 F600
G1 X403.08 Y272.813 E-30
;WIPE_END
G1 Z305 F15000
G1 X272.813 Y575.89 Z305
G1 Z304
G1 E40 F9000
G1 F2779.614
G1 X272.813 Y564.377 E49.70059
G1 X564.378 Y272.813 E1780.10741
G1 X575.89 Y272.813 E49.70059
;WIPE_START
G1 F600
G1 X565.89 Y272.813 E-30
;WIPE_END
G1 Z305 F15000
G1 X727.187 Y413.08 Z305
G1 Z304
G1 E40 F9000
G1 F2779.614
G1 X727.187 Y401.568 E49.70059
G1 X598.432 Y272.813 E786.09564
G1 X586.92 Y272.813 E49.70059
;WIPE_START
G1 F600
G1 X596.92 Y272.813 E-30
;WIPE_END
G1 Z305 F15000
G1 X727.187 Y575.89 Z305
G1 Z304
G1 E40 F9000
G1 F2779.614
G1 X727.187 Y564.378 E49.70059
G1 X435.622 Y272.813 E1780.10742
G1 X424.11 Y272.813 E49.70059
;WIPE_START
G1 F600
G1 X434.11 Y272.813 E-30
;WIPE_END
G1 Z305 F15000
G1 X424.11 Y727.187 Z305
G1 Z304
G1 E40 F9000
G1 F2779.614
G1 X435.622 Y727.187 E49.70059
G1 X727.187 Y435.623 E1780.10743
G1 X727.187 Y424.11 E49.70059
M73 P67 R288
;WIPE_START
G1 F600
G1 X727.187 Y434.11 E-30
;WIPE_END
G1 Z305 F15000
G1 X715.675 Y727.187 Z305
G1 Z304
G1 E40 F9000
G1 F2779.614
G1 X727.187 Y727.187 E49.70059
G1 X272.813 Y272.813 E2774.11918
G1 X284.325 Y272.813 E49.70059
;WIPE_START
G1 F600
G1 X274.325 Y272.813 E-30
;WIPE_END
G1 Z305 F15000
G1 X284.325 Y727.187 Z305
G1 Z304
G1 E40 F9000
G1 F2779.614
G1 X272.813 Y727.187 E49.70025
G1 X727.187 Y272.813 E2774.11872
G1 X715.675 Y272.813 E49.70027
;WIPE_START
G1 F600
G1 X725.675 Y272.813 E-30
;WIPE_END
G1 Z305 F15000
G1 X586.92 Y727.187 Z305
G1 Z304
G1 E40 F9000
G1 F2779.614
G1 X598.432 Y727.187 E49.70059
G1 X727.187 Y598.432 E786.09565
G1 X727.187 Y586.92 E49.70059
;WIPE_START
G1 F600
G1 X727.187 Y596.92 E-30
;WIPE_END
G1 Z305 F15000
G1 X575.89 Y727.187 Z305
G1 Z304
G1 E40 F9000
G1 F2779.614
G1 X564.378 Y727.187 E49.70059
G1 X272.813 Y435.622 E1780.10742
G1 X272.813 Y424.11 E49.70059
M73 P67 R287
;WIPE_START
G1 F600
G1 X272.813 Y434.11 E-30
;WIPE_END
G1 Z305 F15000
G1 X413.08 Y727.187 Z305
G1 Z304
G1 E40 F9000
G1 F2779.614
G1 X401.568 Y727.187 E49.70059
G1 X272.813 Y598.432 E786.09565
G1 X272.813 Y586.92 E49.70059
; stop printing object Cube id:0 copy 0
;LAYER_CHANGE
;Z:305.5
;HEIGHT:1.5
;BEFORE_LAYER_CHANGE
;305.5
G92 E0

EXCLUDE_OBJECT_END NAME=Cube_id_0_copy_0
;AFTER_LAYER_CHANGE
;305.5
;_SET_FAN_SPEED_CHANGING_LAYER
; printing object Cube id:0 copy 0
;WIPE_START
G1 F600
G1 X272.813 Y596.92 E-30
;WIPE_END
EXCLUDE_OBJECT_START NAME=Cube_id_0_copy_0
G1 Z306.5 F15000
G1 X270.366 Y729.634 Z306.5
G1 Z305.5
G1 E40 F9000
;TYPE:Outer wall
;WIDTH:3.2
G1 F2779.615
G1 X270.366 Y270.366 E1982.72102
G1 F2760
G1 X729.634 Y270.366 E1982.72107
G1 X729.634 Y729.634 E1982.72102
M73 P68 R287
G1 X270.666 Y729.634 E1981.42588
;WIPE_START
G1 F600
G1 X270.66 Y719.634 E-30
;WIPE_END
G1 Z306.5 F15000
G1 X272.813 Y586.92 Z306.5
G1 Z305.5
G1 E40 F9000
;TYPE:Sparse infill
;WIDTH:3.2
G1 F2779.614
G1 X272.813 Y598.432 E49.70059
G1 X401.568 Y727.187 E786.09565
G1 X413.08 Y727.187 E49.70059
M73 P68 R286
;WIPE_START
G1 F600
G1 X403.08 Y727.187 E-30
;WIPE_END
G1 Z306.5 F15000
G1 X272.813 Y424.11 Z306.5
G1 Z305.5
G1 E40 F9000
G1 F2779.614
G1 X272.813 Y435.622 E49.70059
G1 X564.378 Y727.187 E1780.10742
G1 X575.89 Y727.187 E49.70059
;WIPE_START
G1 F600
G1 X565.89 Y727.187 E-30
;WIPE_END
G1 Z306.5 F15000
G1 X727.187 Y586.92 Z306.5
G1 Z305.5
G1 E40 F9000
G1 F2779.614
G1 X727.187 Y598.432 E49.70059
G1 X598.432 Y727.187 E786.09565
G1 X586.92 Y727.187 E49.70059
;WIPE_START
G1 F600
G1 X596.92 Y727.187 E-30
;WIPE_END
G1 Z306.5 F15000
G1 X727.187 Y424.11 Z306.5
G1 Z305.5
G1 E40 F9000
G1 F2779.614
G1 X727.187 Y435.623 E49.70059
G1 X435.622 Y727.187 E1780.10743
G1 X424.11 Y727.187 E49.70059
;WIPE_START
G1 F600
G1 X434.11 Y727.187 E-30
;WIPE_END
G1 Z306.5 F15000
G1 X424.11 Y272.813 Z306.5
G1 Z305.5
G1 E40 F9000
G1 F2779.614
G1 X435.622 Y272.813 E49.70059
G1 X727.187 Y564.378 E1780.10742
G1 X727.187 Y575.89 E49.70059
;WIPE_START
G1 F600
G1 X727.187 Y565.89 E-30
;WIPE_END
G1 Z306.5 F15000
G1 X715.675 Y272.813 Z306.5
G1 Z305.5
G1 E40 F9000
G1 F2779.614
G1 X727.187 Y272.813 E49.70027
G1 X272.813 Y727.187 E2774.11872
G1 X284.325 Y727.187 E49.70025
M73 P68 R285
;WIPE_START
G1 F600
G1 X274.325 Y727.187 E-30
;WIPE_END
G1 Z306.5 F15000
G1 X284.325 Y272.813 Z306.5
G1 Z305.5
G1 E40 F9000
G1 F2779.614
G1 X272.813 Y272.813 E49.70059
G1 X727.187 Y727.187 E2774.11918
G1 X715.675 Y727.187 E49.70059
;WIPE_START
G1 F600
G1 X725.675 Y727.187 E-30
;WIPE_END
G1 Z306.5 F15000
G1 X586.92 Y272.813 Z306.5
G1 Z305.5
G1 E40 F9000
G1 F2779.614
G1 X598.432 Y272.813 E49.70059
G1 X727.187 Y401.568 E786.09564
G1 X727.187 Y413.08 E49.70059
;WIPE_START
G1 F600
G1 X727.187 Y403.08 E-30
;WIPE_END
G1 Z306.5 F15000
G1 X575.89 Y272.813 Z306.5
G1 Z305.5
G1 E40 F9000
G1 F2779.614
G1 X564.378 Y272.813 E49.70059
G1 X272.813 Y564.377 E1780.10741
G1 X272.813 Y575.89 E49.70059
;WIPE_START
G1 F600
G1 X272.813 Y565.89 E-30
;WIPE_END
G1 Z306.5 F15000
G1 X413.08 Y272.813 Z306.5
G1 Z305.5
G1 E40 F9000
G1 F2779.614
G1 X401.568 Y272.813 E49.70059
G1 X272.813 Y401.568 E786.09564
G1 X272.813 Y413.08 E49.70059
; stop printing object Cube id:0 copy 0
;LAYER_CHANGE
;Z:307
;HEIGHT:1.5
;BEFORE_LAYER_CHANGE
;307
G92 E0

EXCLUDE_OBJECT_END NAME=Cube_id_0_copy_0
;AFTER_LAYER_CHANGE
;307
;_SET_FAN_SPEED_CHANGING_LAYER
; printing object Cube id:0 copy 0
;WIPE_START
G1 F600
G1 X272.813 Y403.08 E-30
;WIPE_END
EXCLUDE_OBJECT_START NAME=Cube_id_0_copy_0
G1 Z308 F15000
G1 X270.366 Y270.366 Z308
G1 Z307
G1 E40 F9000
;TYPE:Outer wall
;WIDTH:3.2
G1 F2779.615
G1 X729.634 Y270.366 E1982.72102
G1 F2760
M73 P68 R284
G1 X729.634 Y729.634 E1982.72107
G1 X270.366 Y729.634 E1982.72102
G1 X270.366 Y270.666 E1981.42588
;WIPE_START
G1 F600
G1 X280.366 Y270.66 E-30
;WIPE_END
G1 Z308 F15000
G1 X272.813 Y413.08 Z308
G1 Z307
G1 E40 F9000
;TYPE:Sparse infill
;WIDTH:3.2
G1 F2779.614
G1 X272.813 Y401.568 E49.70059
G1 X401.568 Y272.813 E786.09564
G1 X413.08 Y272.813 E49.70059
;WIPE_START
G1 F600
G1 X403.08 Y272.813 E-30
;WIPE_END
G1 Z308 F15000
G1 X272.813 Y575.89 Z308
G1 Z307
G1 E40 F9000
G1 F2779.614
G1 X272.813 Y564.377 E49.70059
G1 X564.378 Y272.813 E1780.10741
G1 X575.89 Y272.813 E49.70059
;WIPE_START
G1 F600
G1 X565.89 Y272.813 E-30
;WIPE_END
G1 Z308 F15000
G1 X727.187 Y413.08 Z308
G1 Z307
G1 E40 F9000
G1 F2779.614
G1 X727.187 Y401.568 E49.70059
G1 X598.432 Y272.813 E786.09564
M73 P68 R283
G1 X586.92 Y272.813 E49.70059
;WIPE_START
G1 F600
G1 X596.92 Y272.813 E-30
;WIPE_END
G1 Z308 F15000
G1 X727.187 Y575.89 Z308
G1 Z307
G1 E40 F9000
G1 F2779.614
G1 X727.187 Y564.378 E49.70059
G1 X435.622 Y272.813 E1780.10742
G1 X424.11 Y272.813 E49.70059
;WIPE_START
G1 F600
G1 X434.11 Y272.813 E-30
;WIPE_END
G1 Z308 F15000
G1 X424.11 Y727.187 Z308
G1 Z307
G1 E40 F9000
G1 F2779.614
G1 X435.622 Y727.187 E49.70059
G1 X727.187 Y435.623 E1780.10743
G1 X727.187 Y424.11 E49.70059
;WIPE_START
G1 F600
G1 X727.187 Y434.11 E-30
;WIPE_END
G1 Z308 F15000
G1 X715.675 Y727.187 Z308
G1 Z307
G1 E40 F9000
G1 F2779.614
G1 X727.187 Y727.187 E49.70059
G1 X272.813 Y272.813 E2774.11918
G1 X284.325 Y272.813 E49.70059
;WIPE_START
G1 F600
G1 X274.325 Y272.813 E-30
;WIPE_END
G1 Z308 F15000
G1 X284.325 Y727.187 Z308
G1 Z307
G1 E40 F9000
G1 F2779.614
G1 X272.813 Y727.187 E49.70025
G1 X727.187 Y272.813 E2774.11872
G1 X715.675 Y272.813 E49.70027
M73 P68 R282
;WIPE_START
G1 F600
G1 X725.675 Y272.813 E-30
;WIPE_END
G1 Z308 F15000
G1 X586.92 Y727.187 Z308
G1 Z307
G1 E40 F9000
G1 F2779.614
G1 X598.432 Y727.187 E49.70059
G1 X727.187 Y598.432 E786.09565
G1 X727.187 Y586.92 E49.70059
;WIPE_START
G1 F600
G1 X727.187 Y596.92 E-30
;WIPE_END
G1 Z308 F15000
G1 X575.89 Y727.187 Z308
G1 Z307
G1 E40 F9000
G1 F2779.614
G1 X564.378 Y727.187 E49.70059
G1 X272.813 Y435.622 E1780.10742
G1 X272.813 Y424.11 E49.70059
;WIPE_START
G1 F600
G1 X272.813 Y434.11 E-30
;WIPE_END
G1 Z308 F15000
G1 X413.08 Y727.187 Z308
G1 Z307
G1 E40 F9000
G1 F2779.614
G1 X401.568 Y727.187 E49.70059
G1 X272.813 Y598.432 E786.09565
G1 X272.813 Y586.92 E49.70059
; stop printing object Cube id:0 copy 0
;LAYER_CHANGE
;Z:308.5
;HEIGHT:1.5
;BEFORE_LAYER_CHANGE
;308.5
G92 E0

EXCLUDE_OBJECT_END NAME=Cube_id_0_copy_0
;AFTER_LAYER_CHANGE
;308.5
;_SET_FAN_SPEED_CHANGING_LAYER
; printing object Cube id:0 copy 0
;WIPE_START
G1 F600
G1 X272.813 Y596.92 E-30
;WIPE_END
EXCLUDE_OBJECT_START NAME=Cube_id_0_copy_0
G1 Z309.5 F15000
G1 X270.366 Y729.634 Z309.5
G1 Z308.5
G1 E40 F9000
;TYPE:Outer wall
;WIDTH:3.2
G1 F2779.615
G1 X270.366 Y270.366 E1982.72102
G1 F2760
G1 X729.634 Y270.366 E1982.72107
G1 X729.634 Y729.634 E1982.72102
G1 X270.666 Y729.634 E1981.42588
M73 P68 R281
;WIPE_START
G1 F600
G1 X270.66 Y719.634 E-30
;WIPE_END
G1 Z309.5 F15000
G1 X272.813 Y586.92 Z309.5
G1 Z308.5
G1 E40 F9000
;TYPE:Sparse infill
;WIDTH:3.2
G1 F2779.614
G1 X272.813 Y598.432 E49.70059
G1 X401.568 Y727.187 E786.09565
G1 X413.08 Y727.187 E49.70059
;WIPE_START
G1 F600
G1 X403.08 Y727.187 E-30
;WIPE_END
G1 Z309.5 F15000
G1 X272.813 Y424.11 Z309.5
G1 Z308.5
G1 E40 F9000
G1 F2779.614
G1 X272.813 Y435.622 E49.70059
G1 X564.378 Y727.187 E1780.10742
G1 X575.89 Y727.187 E49.70059
;WIPE_START
G1 F600
G1 X565.89 Y727.187 E-30
;WIPE_END
G1 Z309.5 F15000
G1 X727.187 Y586.92 Z309.5
G1 Z308.5
G1 E40 F9000
G1 F2779.614
G1 X727.187 Y598.432 E49.70059
G1 X598.432 Y727.187 E786.09565
G1 X586.92 Y727.187 E49.70059
;WIPE_START
G1 F600
G1 X596.92 Y727.187 E-30
;WIPE_END
G1 Z309.5 F15000
G1 X727.187 Y424.11 Z309.5
G1 Z308.5
G1 E40 F9000
G1 F2779.614
G1 X727.187 Y435.623 E49.70059
G1 X435.622 Y727.187 E1780.10743
G1 X424.11 Y727.187 E49.70059
M73 P68 R280
;WIPE_START
G1 F600
G1 X434.11 Y727.187 E-30
;WIPE_END
G1 Z309.5 F15000
G1 X424.11 Y272.813 Z309.5
G1 Z308.5
G1 E40 F9000
G1 F2779.614
G1 X435.622 Y272.813 E49.70059
G1 X727.187 Y564.378 E1780.10742
G1 X727.187 Y575.89 E49.70059
;WIPE_START
G1 F600
G1 X727.187 Y565.89 E-30
;WIPE_END
G1 Z309.5 F15000
G1 X715.675 Y272.813 Z309.5
G1 Z308.5
G1 E40 F9000
G1 F2779.614
G1 X727.187 Y272.813 E49.70027
G1 X272.813 Y727.187 E2774.11872
G1 X284.325 Y727.187 E49.70025
;WIPE_START
G1 F600
G1 X274.325 Y727.187 E-30
;WIPE_END
G1 Z309.5 F15000
G1 X284.325 Y272.813 Z309.5
G1 Z308.5
G1 E40 F9000
G1 F2779.614
G1 X272.813 Y272.813 E49.70059
G1 X727.187 Y727.187 E2774.11918
G1 X715.675 Y727.187 E49.70059
;WIPE_START
G1 F600
G1 X725.675 Y727.187 E-30
;WIPE_END
G1 Z309.5 F15000
G1 X586.92 Y272.813 Z309.5
G1 Z308.5
G1 E40 F9000
G1 F2779.614
G1 X598.432 Y272.813 E49.70059
G1 X727.187 Y401.568 E786.09564
G1 X727.187 Y413.08 E49.70059
;WIPE_START
G1 F600
G1 X727.187 Y403.08 E-30
;WIPE_END
G1 Z309.5 F15000
M73 P68 R279
G1 X575.89 Y272.813 Z309.5
G1 Z308.5
G1 E40 F9000
G1 F2779.614
G1 X564.378 Y272.813 E49.70059
G1 X272.813 Y564.377 E1780.10741
G1 X272.813 Y575.89 E49.70059
;WIPE_START
G1 F600
G1 X272.813 Y565.89 E-30
;WIPE_END
G1 Z309.5 F15000
G1 X413.08 Y272.813 Z309.5
G1 Z308.5
G1 E40 F9000
G1 F2779.614
G1 X401.568 Y272.813 E49.70059
G1 X272.813 Y401.568 E786.09564
G1 X272.813 Y413.08 E49.70059
; stop printing object Cube id:0 copy 0
;LAYER_CHANGE
;Z:310
;HEIGHT:1.5
;BEFORE_LAYER_CHANGE
;310
G92 E0

EXCLUDE_OBJECT_END NAME=Cube_id_0_copy_0
;AFTER_LAYER_CHANGE
;310
;_SET_FAN_SPEED_CHANGING_LAYER
; printing object Cube id:0 copy 0
;WIPE_START
G1 F600
G1 X272.813 Y403.08 E-30
;WIPE_END
EXCLUDE_OBJECT_START NAME=Cube_id_0_copy_0
G1 Z311 F15000
G1 X270.366 Y270.366 Z311
G1 Z310
G1 E40 F9000
;TYPE:Outer wall
;WIDTH:3.2
G1 F2779.615
G1 X729.634 Y270.366 E1982.72102
G1 F2760
G1 X729.634 Y729.634 E1982.72107
G1 X270.366 Y729.634 E1982.72102
G1 X270.366 Y270.666 E1981.42588
;WIPE_START
G1 F600
M73 P68 R278
G1 X280.366 Y270.66 E-30
;WIPE_END
G1 Z311 F15000
G1 X272.813 Y413.08 Z311
G1 Z310
G1 E40 F9000
;TYPE:Sparse infill
;WIDTH:3.2
G1 F2779.614
G1 X272.813 Y401.568 E49.70059
G1 X401.568 Y272.813 E786.09564
G1 X413.08 Y272.813 E49.70059
;WIPE_START
G1 F600
G1 X403.08 Y272.813 E-30
;WIPE_END
G1 Z311 F15000
G1 X272.813 Y575.89 Z311
G1 Z310
G1 E40 F9000
G1 F2779.614
G1 X272.813 Y564.377 E49.70059
G1 X564.378 Y272.813 E1780.10741
G1 X575.89 Y272.813 E49.70059
;WIPE_START
G1 F600
G1 X565.89 Y272.813 E-30
;WIPE_END
G1 Z311 F15000
G1 X727.187 Y413.08 Z311
G1 Z310
G1 E40 F9000
G1 F2779.614
G1 X727.187 Y401.568 E49.70059
G1 X598.432 Y272.813 E786.09564
G1 X586.92 Y272.813 E49.70059
M73 P69 R278
;WIPE_START
G1 F600
G1 X596.92 Y272.813 E-30
;WIPE_END
G1 Z311 F15000
G1 X727.187 Y575.89 Z311
G1 Z310
G1 E40 F9000
G1 F2779.614
G1 X727.187 Y564.378 E49.70059
G1 X435.622 Y272.813 E1780.10742
G1 X424.11 Y272.813 E49.70059
;WIPE_START
G1 F600
G1 X434.11 Y272.813 E-30
;WIPE_END
G1 Z311 F15000
G1 X424.11 Y727.187 Z311
G1 Z310
G1 E40 F9000
G1 F2779.614
G1 X435.622 Y727.187 E49.70059
G1 X727.187 Y435.623 E1780.10743
G1 X727.187 Y424.11 E49.70059
;WIPE_START
G1 F600
G1 X727.187 Y434.11 E-30
;WIPE_END
G1 Z311 F15000
G1 X715.675 Y727.187 Z311
G1 Z310
G1 E40 F9000
G1 F2779.614
M73 P69 R277
G1 X727.187 Y727.187 E49.70059
G1 X272.813 Y272.813 E2774.11918
G1 X284.325 Y272.813 E49.70059
;WIPE_START
G1 F600
G1 X274.325 Y272.813 E-30
;WIPE_END
G1 Z311 F15000
G1 X284.325 Y727.187 Z311
G1 Z310
G1 E40 F9000
G1 F2779.614
G1 X272.813 Y727.187 E49.70025
G1 X727.187 Y272.813 E2774.11872
G1 X715.675 Y272.813 E49.70027
;WIPE_START
G1 F600
G1 X725.675 Y272.813 E-30
;WIPE_END
G1 Z311 F15000
G1 X586.92 Y727.187 Z311
G1 Z310
G1 E40 F9000
G1 F2779.614
G1 X598.432 Y727.187 E49.70059
G1 X727.187 Y598.432 E786.09565
G1 X727.187 Y586.92 E49.70059
;WIPE_START
G1 F600
G1 X727.187 Y596.92 E-30
;WIPE_END
G1 Z311 F15000
G1 X575.89 Y727.187 Z311
G1 Z310
G1 E40 F9000
G1 F2779.614
G1 X564.378 Y727.187 E49.70059
G1 X272.813 Y435.622 E1780.10742
G1 X272.813 Y424.11 E49.70059
;WIPE_START
G1 F600
G1 X272.813 Y434.11 E-30
;WIPE_END
G1 Z311 F15000
G1 X413.08 Y727.187 Z311
G1 Z310
G1 E40 F9000
G1 F2779.614
G1 X401.568 Y727.187 E49.70059
G1 X272.813 Y598.432 E786.09565
G1 X272.813 Y586.92 E49.70059
M73 P69 R276
; stop printing object Cube id:0 copy 0
;LAYER_CHANGE
;Z:311.5
;HEIGHT:1.5
;BEFORE_LAYER_CHANGE
;311.5
G92 E0

EXCLUDE_OBJECT_END NAME=Cube_id_0_copy_0
;AFTER_LAYER_CHANGE
;311.5
;_SET_FAN_SPEED_CHANGING_LAYER
; printing object Cube id:0 copy 0
;WIPE_START
G1 F600
G1 X272.813 Y596.92 E-30
;WIPE_END
EXCLUDE_OBJECT_START NAME=Cube_id_0_copy_0
G1 Z312.5 F15000
G1 X270.366 Y729.634 Z312.5
G1 Z311.5
G1 E40 F9000
;TYPE:Outer wall
;WIDTH:3.2
G1 F2779.615
G1 X270.366 Y270.366 E1982.72102
G1 F2760
G1 X729.634 Y270.366 E1982.72107
G1 X729.634 Y729.634 E1982.72102
G1 X270.666 Y729.634 E1981.42588
;WIPE_START
G1 F600
G1 X270.66 Y719.634 E-30
;WIPE_END
G1 Z312.5 F15000
G1 X272.813 Y586.92 Z312.5
G1 Z311.5
G1 E40 F9000
;TYPE:Sparse infill
;WIDTH:3.2
G1 F2779.614
G1 X272.813 Y598.432 E49.70059
G1 X401.568 Y727.187 E786.09565
G1 X413.08 Y727.187 E49.70059
;WIPE_START
G1 F600
G1 X403.08 Y727.187 E-30
;WIPE_END
G1 Z312.5 F15000
G1 X272.813 Y424.11 Z312.5
G1 Z311.5
G1 E40 F9000
G1 F2779.614
G1 X272.813 Y435.622 E49.70059
G1 X564.378 Y727.187 E1780.10742
G1 X575.89 Y727.187 E49.70059
M73 P69 R275
;WIPE_START
G1 F600
G1 X565.89 Y727.187 E-30
;WIPE_END
G1 Z312.5 F15000
G1 X727.187 Y586.92 Z312.5
G1 Z311.5
G1 E40 F9000
G1 F2779.614
G1 X727.187 Y598.432 E49.70059
G1 X598.432 Y727.187 E786.09565
G1 X586.92 Y727.187 E49.70059
;WIPE_START
G1 F600
G1 X596.92 Y727.187 E-30
;WIPE_END
G1 Z312.5 F15000
G1 X727.187 Y424.11 Z312.5
G1 Z311.5
G1 E40 F9000
G1 F2779.614
G1 X727.187 Y435.623 E49.70059
G1 X435.622 Y727.187 E1780.10743
G1 X424.11 Y727.187 E49.70059
;WIPE_START
G1 F600
G1 X434.11 Y727.187 E-30
;WIPE_END
G1 Z312.5 F15000
G1 X424.11 Y272.813 Z312.5
G1 Z311.5
G1 E40 F9000
G1 F2779.614
G1 X435.622 Y272.813 E49.70059
G1 X727.187 Y564.378 E1780.10742
G1 X727.187 Y575.89 E49.70059
;WIPE_START
G1 F600
G1 X727.187 Y565.89 E-30
;WIPE_END
G1 Z312.5 F15000
G1 X715.675 Y272.813 Z312.5
G1 Z311.5
G1 E40 F9000
G1 F2779.614
G1 X727.187 Y272.813 E49.70027
G1 X272.813 Y727.187 E2774.11872
G1 X284.325 Y727.187 E49.70025
;WIPE_START
G1 F600
G1 X274.325 Y727.187 E-30
;WIPE_END
G1 Z312.5 F15000
G1 X284.325 Y272.813 Z312.5
G1 Z311.5
M73 P69 R274
G1 E40 F9000
G1 F2779.614
G1 X272.813 Y272.813 E49.70059
G1 X727.187 Y727.187 E2774.11918
G1 X715.675 Y727.187 E49.70059
;WIPE_START
G1 F600
G1 X725.675 Y727.187 E-30
;WIPE_END
G1 Z312.5 F15000
G1 X586.92 Y272.813 Z312.5
G1 Z311.5
G1 E40 F9000
G1 F2779.614
G1 X598.432 Y272.813 E49.70059
G1 X727.187 Y401.568 E786.09564
G1 X727.187 Y413.08 E49.70059
;WIPE_START
G1 F600
G1 X727.187 Y403.08 E-30
;WIPE_END
G1 Z312.5 F15000
G1 X575.89 Y272.813 Z312.5
G1 Z311.5
G1 E40 F9000
G1 F2779.614
G1 X564.378 Y272.813 E49.70059
G1 X272.813 Y564.377 E1780.10741
G1 X272.813 Y575.89 E49.70059
;WIPE_START
G1 F600
G1 X272.813 Y565.89 E-30
;WIPE_END
G1 Z312.5 F15000
G1 X413.08 Y272.813 Z312.5
G1 Z311.5
G1 E40 F9000
G1 F2779.614
G1 X401.568 Y272.813 E49.70059
G1 X272.813 Y401.568 E786.09564
G1 X272.813 Y413.08 E49.70059
; stop printing object Cube id:0 copy 0
;LAYER_CHANGE
;Z:313
;HEIGHT:1.5
;BEFORE_LAYER_CHANGE
;313
G92 E0

EXCLUDE_OBJECT_END NAME=Cube_id_0_copy_0
;AFTER_LAYER_CHANGE
;313
;_SET_FAN_SPEED_CHANGING_LAYER
; printing object Cube id:0 copy 0
;WIPE_START
G1 F600
G1 X272.813 Y403.08 E-30
;WIPE_END
EXCLUDE_OBJECT_START NAME=Cube_id_0_copy_0
G1 Z314 F15000
G1 X270.366 Y270.366 Z314
G1 Z313
G1 E40 F9000
;TYPE:Outer wall
;WIDTH:3.2
G1 F2779.615
G1 X729.634 Y270.366 E1982.72102
G1 F2760
G1 X729.634 Y729.634 E1982.72107
G1 X270.366 Y729.634 E1982.72102
M73 P69 R273
G1 X270.366 Y270.666 E1981.42588
;WIPE_START
G1 F600
G1 X280.366 Y270.66 E-30
;WIPE_END
G1 Z314 F15000
G1 X272.813 Y413.08 Z314
G1 Z313
G1 E40 F9000
;TYPE:Sparse infill
;WIDTH:3.2
G1 F2779.614
G1 X272.813 Y401.568 E49.70059
G1 X401.568 Y272.813 E786.09564
G1 X413.08 Y272.813 E49.70059
;WIPE_START
G1 F600
G1 X403.08 Y272.813 E-30
;WIPE_END
G1 Z314 F15000
G1 X272.813 Y575.89 Z314
G1 Z313
G1 E40 F9000
G1 F2779.614
G1 X272.813 Y564.377 E49.70059
G1 X564.378 Y272.813 E1780.10741
G1 X575.89 Y272.813 E49.70059
;WIPE_START
G1 F600
G1 X565.89 Y272.813 E-30
;WIPE_END
G1 Z314 F15000
G1 X727.187 Y413.08 Z314
G1 Z313
G1 E40 F9000
G1 F2779.614
G1 X727.187 Y401.568 E49.70059
G1 X598.432 Y272.813 E786.09564
G1 X586.92 Y272.813 E49.70059
;WIPE_START
G1 F600
G1 X596.92 Y272.813 E-30
;WIPE_END
G1 Z314 F15000
G1 X727.187 Y575.89 Z314
G1 Z313
G1 E40 F9000
G1 F2779.614
G1 X727.187 Y564.378 E49.70059
G1 X435.622 Y272.813 E1780.10742
G1 X424.11 Y272.813 E49.70059
M73 P69 R272
;WIPE_START
G1 F600
G1 X434.11 Y272.813 E-30
;WIPE_END
G1 Z314 F15000
G1 X424.11 Y727.187 Z314
G1 Z313
G1 E40 F9000
G1 F2779.614
G1 X435.622 Y727.187 E49.70059
G1 X727.187 Y435.623 E1780.10743
G1 X727.187 Y424.11 E49.70059
;WIPE_START
G1 F600
G1 X727.187 Y434.11 E-30
;WIPE_END
G1 Z314 F15000
G1 X715.675 Y727.187 Z314
G1 Z313
G1 E40 F9000
G1 F2779.614
G1 X727.187 Y727.187 E49.70059
G1 X272.813 Y272.813 E2774.11918
G1 X284.325 Y272.813 E49.70059
;WIPE_START
G1 F600
G1 X274.325 Y272.813 E-30
;WIPE_END
G1 Z314 F15000
G1 X284.325 Y727.187 Z314
G1 Z313
G1 E40 F9000
G1 F2779.614
G1 X272.813 Y727.187 E49.70025
G1 X727.187 Y272.813 E2774.11872
G1 X715.675 Y272.813 E49.70027
;WIPE_START
G1 F600
G1 X725.675 Y272.813 E-30
;WIPE_END
G1 Z314 F15000
M73 P69 R271
G1 X586.92 Y727.187 Z314
G1 Z313
G1 E40 F9000
G1 F2779.614
G1 X598.432 Y727.187 E49.70059
G1 X727.187 Y598.432 E786.09565
G1 X727.187 Y586.92 E49.70059
;WIPE_START
G1 F600
G1 X727.187 Y596.92 E-30
;WIPE_END
G1 Z314 F15000
G1 X575.89 Y727.187 Z314
G1 Z313
G1 E40 F9000
G1 F2779.614
G1 X564.378 Y727.187 E49.70059
G1 X272.813 Y435.622 E1780.10742
G1 X272.813 Y424.11 E49.70059
;WIPE_START
G1 F600
G1 X272.813 Y434.11 E-30
;WIPE_END
G1 Z314 F15000
G1 X413.08 Y727.187 Z314
G1 Z313
G1 E40 F9000
G1 F2779.614
G1 X401.568 Y727.187 E49.70059
G1 X272.813 Y598.432 E786.09565
G1 X272.813 Y586.92 E49.70059
; stop printing object Cube id:0 copy 0
;LAYER_CHANGE
;Z:314.5
;HEIGHT:1.5
;BEFORE_LAYER_CHANGE
;314.5
G92 E0

EXCLUDE_OBJECT_END NAME=Cube_id_0_copy_0
;AFTER_LAYER_CHANGE
;314.5
;_SET_FAN_SPEED_CHANGING_LAYER
; printing object Cube id:0 copy 0
;WIPE_START
G1 F600
G1 X272.813 Y596.92 E-30
;WIPE_END
EXCLUDE_OBJECT_START NAME=Cube_id_0_copy_0
G1 Z315.5 F15000
G1 X270.366 Y729.634 Z315.5
G1 Z314.5
G1 E40 F9000
;TYPE:Outer wall
;WIDTH:3.2
G1 F2779.615
G1 X270.366 Y270.366 E1982.72102
G1 F2760
G1 X729.634 Y270.366 E1982.72107
G1 X729.634 Y729.634 E1982.72102
G1 X270.666 Y729.634 E1981.42588
M73 P69 R270
;WIPE_START
G1 F600
G1 X270.66 Y719.634 E-30
;WIPE_END
G1 Z315.5 F15000
G1 X272.813 Y586.92 Z315.5
G1 Z314.5
G1 E40 F9000
;TYPE:Sparse infill
;WIDTH:3.2
G1 F2779.614
G1 X272.813 Y598.432 E49.70059
G1 X401.568 Y727.187 E786.09565
G1 X413.08 Y727.187 E49.70059
;WIPE_START
G1 F600
G1 X403.08 Y727.187 E-30
;WIPE_END
G1 Z315.5 F15000
G1 X272.813 Y424.11 Z315.5
G1 Z314.5
G1 E40 F9000
G1 F2779.614
G1 X272.813 Y435.622 E49.70059
G1 X564.378 Y727.187 E1780.10742
G1 X575.89 Y727.187 E49.70059
;WIPE_START
G1 F600
G1 X565.89 Y727.187 E-30
;WIPE_END
G1 Z315.5 F15000
G1 X727.187 Y586.92 Z315.5
G1 Z314.5
G1 E40 F9000
G1 F2779.614
G1 X727.187 Y598.432 E49.70059
G1 X598.432 Y727.187 E786.09565
G1 X586.92 Y727.187 E49.70059
;WIPE_START
G1 F600
G1 X596.92 Y727.187 E-30
;WIPE_END
G1 Z315.5 F15000
G1 X727.187 Y424.11 Z315.5
G1 Z314.5
G1 E40 F9000
G1 F2779.614
G1 X727.187 Y435.623 E49.70059
G1 X435.622 Y727.187 E1780.10743
G1 X424.11 Y727.187 E49.70059
;WIPE_START
G1 F600
G1 X434.11 Y727.187 E-30
;WIPE_END
G1 Z315.5 F15000
G1 X424.11 Y272.813 Z315.5
G1 Z314.5
G1 E40 F9000
G1 F2779.614
G1 X435.622 Y272.813 E49.70059
G1 X727.187 Y564.378 E1780.10742
G1 X727.187 Y575.89 E49.70059
M73 P69 R269
;WIPE_START
G1 F600
G1 X727.187 Y565.89 E-30
;WIPE_END
G1 Z315.5 F15000
G1 X715.675 Y272.813 Z315.5
G1 Z314.5
G1 E40 F9000
G1 F2779.614
G1 X727.187 Y272.813 E49.70027
G1 X272.813 Y727.187 E2774.11872
G1 X284.325 Y727.187 E49.70025
;WIPE_START
G1 F600
G1 X274.325 Y727.187 E-30
;WIPE_END
G1 Z315.5 F15000
G1 X284.325 Y272.813 Z315.5
G1 Z314.5
G1 E40 F9000
G1 F2779.614
G1 X272.813 Y272.813 E49.70059
G1 X727.187 Y727.187 E2774.11918
G1 X715.675 Y727.187 E49.70059
M73 P70 R269
;WIPE_START
G1 F600
G1 X725.675 Y727.187 E-30
;WIPE_END
G1 Z315.5 F15000
G1 X586.92 Y272.813 Z315.5
G1 Z314.5
G1 E40 F9000
G1 F2779.614
G1 X598.432 Y272.813 E49.70059
G1 X727.187 Y401.568 E786.09564
G1 X727.187 Y413.08 E49.70059
;WIPE_START
G1 F600
G1 X727.187 Y403.08 E-30
;WIPE_END
G1 Z315.5 F15000
G1 X575.89 Y272.813 Z315.5
G1 Z314.5
G1 E40 F9000
G1 F2779.614
G1 X564.378 Y272.813 E49.70059
G1 X272.813 Y564.377 E1780.10741
G1 X272.813 Y575.89 E49.70059
M73 P70 R268
;WIPE_START
G1 F600
G1 X272.813 Y565.89 E-30
;WIPE_END
G1 Z315.5 F15000
G1 X413.08 Y272.813 Z315.5
G1 Z314.5
G1 E40 F9000
G1 F2779.614
G1 X401.568 Y272.813 E49.70059
G1 X272.813 Y401.568 E786.09564
G1 X272.813 Y413.08 E49.70059
; stop printing object Cube id:0 copy 0
;LAYER_CHANGE
;Z:316
;HEIGHT:1.5
;BEFORE_LAYER_CHANGE
;316
G92 E0

EXCLUDE_OBJECT_END NAME=Cube_id_0_copy_0
;AFTER_LAYER_CHANGE
;316
;_SET_FAN_SPEED_CHANGING_LAYER
; printing object Cube id:0 copy 0
;WIPE_START
G1 F600
G1 X272.813 Y403.08 E-30
;WIPE_END
EXCLUDE_OBJECT_START NAME=Cube_id_0_copy_0
G1 Z317 F15000
G1 X270.366 Y270.366 Z317
G1 Z316
G1 E40 F9000
;TYPE:Outer wall
;WIDTH:3.2
G1 F2779.615
G1 X729.634 Y270.366 E1982.72102
G1 F2760
G1 X729.634 Y729.634 E1982.72107
G1 X270.366 Y729.634 E1982.72102
G1 X270.366 Y270.666 E1981.42588
;WIPE_START
G1 F600
G1 X280.366 Y270.66 E-30
;WIPE_END
G1 Z317 F15000
G1 X272.813 Y413.08 Z317
G1 Z316
G1 E40 F9000
;TYPE:Sparse infill
;WIDTH:3.2
G1 F2779.614
G1 X272.813 Y401.568 E49.70059
G1 X401.568 Y272.813 E786.09564
G1 X413.08 Y272.813 E49.70059
M73 P70 R267
;WIPE_START
G1 F600
G1 X403.08 Y272.813 E-30
;WIPE_END
G1 Z317 F15000
G1 X272.813 Y575.89 Z317
G1 Z316
G1 E40 F9000
G1 F2779.614
G1 X272.813 Y564.377 E49.70059
G1 X564.378 Y272.813 E1780.10741
G1 X575.89 Y272.813 E49.70059
;WIPE_START
G1 F600
G1 X565.89 Y272.813 E-30
;WIPE_END
G1 Z317 F15000
G1 X727.187 Y413.08 Z317
G1 Z316
G1 E40 F9000
G1 F2779.614
G1 X727.187 Y401.568 E49.70059
G1 X598.432 Y272.813 E786.09564
G1 X586.92 Y272.813 E49.70059
;WIPE_START
G1 F600
G1 X596.92 Y272.813 E-30
;WIPE_END
G1 Z317 F15000
G1 X727.187 Y575.89 Z317
G1 Z316
G1 E40 F9000
G1 F2779.614
G1 X727.187 Y564.378 E49.70059
G1 X435.622 Y272.813 E1780.10742
G1 X424.11 Y272.813 E49.70059
;WIPE_START
G1 F600
G1 X434.11 Y272.813 E-30
;WIPE_END
G1 Z317 F15000
G1 X424.11 Y727.187 Z317
G1 Z316
G1 E40 F9000
G1 F2779.614
G1 X435.622 Y727.187 E49.70059
G1 X727.187 Y435.623 E1780.10743
G1 X727.187 Y424.11 E49.70059
;WIPE_START
G1 F600
G1 X727.187 Y434.11 E-30
;WIPE_END
G1 Z317 F15000
G1 X715.675 Y727.187 Z317
G1 Z316
G1 E40 F9000
G1 F2779.614
G1 X727.187 Y727.187 E49.70059
G1 X272.813 Y272.813 E2774.11918
G1 X284.325 Y272.813 E49.70059
M73 P70 R266
;WIPE_START
G1 F600
G1 X274.325 Y272.813 E-30
;WIPE_END
G1 Z317 F15000
G1 X284.325 Y727.187 Z317
G1 Z316
G1 E40 F9000
G1 F2779.614
G1 X272.813 Y727.187 E49.70025
G1 X727.187 Y272.813 E2774.11872
G1 X715.675 Y272.813 E49.70027
;WIPE_START
G1 F600
G1 X725.675 Y272.813 E-30
;WIPE_END
G1 Z317 F15000
G1 X586.92 Y727.187 Z317
G1 Z316
G1 E40 F9000
G1 F2779.614
G1 X598.432 Y727.187 E49.70059
G1 X727.187 Y598.432 E786.09565
G1 X727.187 Y586.92 E49.70059
;WIPE_START
G1 F600
G1 X727.187 Y596.92 E-30
;WIPE_END
G1 Z317 F15000
G1 X575.89 Y727.187 Z317
G1 Z316
G1 E40 F9000
G1 F2779.614
G1 X564.378 Y727.187 E49.70059
G1 X272.813 Y435.622 E1780.10742
G1 X272.813 Y424.11 E49.70059
;WIPE_START
G1 F600
G1 X272.813 Y434.11 E-30
;WIPE_END
G1 Z317 F15000
G1 X413.08 Y727.187 Z317
G1 Z316
G1 E40 F9000
G1 F2779.614
G1 X401.568 Y727.187 E49.70059
G1 X272.813 Y598.432 E786.09565
G1 X272.813 Y586.92 E49.70059
; stop printing object Cube id:0 copy 0
;LAYER_CHANGE
;Z:317.5
;HEIGHT:1.5
;BEFORE_LAYER_CHANGE
;317.5
G92 E0

EXCLUDE_OBJECT_END NAME=Cube_id_0_copy_0
;AFTER_LAYER_CHANGE
;317.5
;_SET_FAN_SPEED_CHANGING_LAYER
; printing object Cube id:0 copy 0
;WIPE_START
G1 F600
G1 X272.813 Y596.92 E-30
;WIPE_END
EXCLUDE_OBJECT_START NAME=Cube_id_0_copy_0
G1 Z318.5 F15000
G1 X270.366 Y729.634 Z318.5
G1 Z317.5
G1 E40 F9000
;TYPE:Outer wall
;WIDTH:3.2
G1 F2779.615
G1 X270.366 Y270.366 E1982.72102
G1 F2760
M73 P70 R265
G1 X729.634 Y270.366 E1982.72107
G1 X729.634 Y729.634 E1982.72102
G1 X270.666 Y729.634 E1981.42588
;WIPE_START
G1 F600
G1 X270.66 Y719.634 E-30
;WIPE_END
G1 Z318.5 F15000
G1 X272.813 Y586.92 Z318.5
G1 Z317.5
G1 E40 F9000
;TYPE:Sparse infill
;WIDTH:3.2
G1 F2779.614
G1 X272.813 Y598.432 E49.70059
G1 X401.568 Y727.187 E786.09565
G1 X413.08 Y727.187 E49.70059
;WIPE_START
G1 F600
G1 X403.08 Y727.187 E-30
;WIPE_END
G1 Z318.5 F15000
G1 X272.813 Y424.11 Z318.5
G1 Z317.5
G1 E40 F9000
G1 F2779.614
G1 X272.813 Y435.622 E49.70059
G1 X564.378 Y727.187 E1780.10742
G1 X575.89 Y727.187 E49.70059
;WIPE_START
G1 F600
G1 X565.89 Y727.187 E-30
;WIPE_END
G1 Z318.5 F15000
G1 X727.187 Y586.92 Z318.5
G1 Z317.5
G1 E40 F9000
G1 F2779.614
M73 P70 R264
G1 X727.187 Y598.432 E49.70059
G1 X598.432 Y727.187 E786.09565
G1 X586.92 Y727.187 E49.70059
;WIPE_START
G1 F600
G1 X596.92 Y727.187 E-30
;WIPE_END
G1 Z318.5 F15000
G1 X727.187 Y424.11 Z318.5
G1 Z317.5
G1 E40 F9000
G1 F2779.614
G1 X727.187 Y435.623 E49.70059
G1 X435.622 Y727.187 E1780.10743
G1 X424.11 Y727.187 E49.70059
;WIPE_START
G1 F600
G1 X434.11 Y727.187 E-30
;WIPE_END
G1 Z318.5 F15000
G1 X424.11 Y272.813 Z318.5
G1 Z317.5
G1 E40 F9000
G1 F2779.614
G1 X435.622 Y272.813 E49.70059
G1 X727.187 Y564.378 E1780.10742
G1 X727.187 Y575.89 E49.70059
;WIPE_START
G1 F600
G1 X727.187 Y565.89 E-30
;WIPE_END
G1 Z318.5 F15000
G1 X715.675 Y272.813 Z318.5
G1 Z317.5
G1 E40 F9000
G1 F2779.614
G1 X727.187 Y272.813 E49.70027
G1 X272.813 Y727.187 E2774.11872
G1 X284.325 Y727.187 E49.70025
;WIPE_START
G1 F600
G1 X274.325 Y727.187 E-30
;WIPE_END
G1 Z318.5 F15000
G1 X284.325 Y272.813 Z318.5
G1 Z317.5
G1 E40 F9000
G1 F2779.614
G1 X272.813 Y272.813 E49.70059
G1 X727.187 Y727.187 E2774.11918
G1 X715.675 Y727.187 E49.70059
M73 P70 R263
;WIPE_START
G1 F600
G1 X725.675 Y727.187 E-30
;WIPE_END
G1 Z318.5 F15000
G1 X586.92 Y272.813 Z318.5
G1 Z317.5
G1 E40 F9000
G1 F2779.614
G1 X598.432 Y272.813 E49.70059
G1 X727.187 Y401.568 E786.09564
G1 X727.187 Y413.08 E49.70059
;WIPE_START
G1 F600
G1 X727.187 Y403.08 E-30
;WIPE_END
G1 Z318.5 F15000
G1 X575.89 Y272.813 Z318.5
G1 Z317.5
G1 E40 F9000
G1 F2779.614
G1 X564.378 Y272.813 E49.70059
G1 X272.813 Y564.377 E1780.10741
G1 X272.813 Y575.89 E49.70059
;WIPE_START
G1 F600
G1 X272.813 Y565.89 E-30
;WIPE_END
G1 Z318.5 F15000
G1 X413.08 Y272.813 Z318.5
G1 Z317.5
G1 E40 F9000
G1 F2779.614
G1 X401.568 Y272.813 E49.70059
G1 X272.813 Y401.568 E786.09564
G1 X272.813 Y413.08 E49.70059
; stop printing object Cube id:0 copy 0
;LAYER_CHANGE
;Z:319
;HEIGHT:1.5
;BEFORE_LAYER_CHANGE
;319
G92 E0

EXCLUDE_OBJECT_END NAME=Cube_id_0_copy_0
;AFTER_LAYER_CHANGE
;319
;_SET_FAN_SPEED_CHANGING_LAYER
; printing object Cube id:0 copy 0
;WIPE_START
G1 F600
G1 X272.813 Y403.08 E-30
;WIPE_END
EXCLUDE_OBJECT_START NAME=Cube_id_0_copy_0
G1 Z320 F15000
G1 X270.366 Y270.366 Z320
G1 Z319
G1 E40 F9000
;TYPE:Outer wall
;WIDTH:3.2
G1 F2779.615
G1 X729.634 Y270.366 E1982.72102
G1 F2760
G1 X729.634 Y729.634 E1982.72107
G1 X270.366 Y729.634 E1982.72102
G1 X270.366 Y270.666 E1981.42588
M73 P70 R262
;WIPE_START
G1 F600
G1 X280.366 Y270.66 E-30
;WIPE_END
G1 Z320 F15000
G1 X272.813 Y413.08 Z320
G1 Z319
G1 E40 F9000
;TYPE:Sparse infill
;WIDTH:3.2
G1 F2779.614
G1 X272.813 Y401.568 E49.70059
G1 X401.568 Y272.813 E786.09564
G1 X413.08 Y272.813 E49.70059
;WIPE_START
G1 F600
G1 X403.08 Y272.813 E-30
;WIPE_END
G1 Z320 F15000
G1 X272.813 Y575.89 Z320
G1 Z319
G1 E40 F9000
G1 F2779.614
G1 X272.813 Y564.377 E49.70059
G1 X564.378 Y272.813 E1780.10741
G1 X575.89 Y272.813 E49.70059
;WIPE_START
G1 F600
G1 X565.89 Y272.813 E-30
;WIPE_END
G1 Z320 F15000
G1 X727.187 Y413.08 Z320
G1 Z319
G1 E40 F9000
G1 F2779.614
G1 X727.187 Y401.568 E49.70059
G1 X598.432 Y272.813 E786.09564
G1 X586.92 Y272.813 E49.70059
;WIPE_START
G1 F600
G1 X596.92 Y272.813 E-30
;WIPE_END
G1 Z320 F15000
G1 X727.187 Y575.89 Z320
G1 Z319
G1 E40 F9000
G1 F2779.614
G1 X727.187 Y564.378 E49.70059
G1 X435.622 Y272.813 E1780.10742
G1 X424.11 Y272.813 E49.70059
M73 P70 R261
;WIPE_START
G1 F600
G1 X434.11 Y272.813 E-30
;WIPE_END
G1 Z320 F15000
G1 X424.11 Y727.187 Z320
G1 Z319
G1 E40 F9000
G1 F2779.614
G1 X435.622 Y727.187 E49.70059
G1 X727.187 Y435.623 E1780.10743
G1 X727.187 Y424.11 E49.70059
;WIPE_START
G1 F600
G1 X727.187 Y434.11 E-30
;WIPE_END
G1 Z320 F15000
G1 X715.675 Y727.187 Z320
G1 Z319
G1 E40 F9000
G1 F2779.614
G1 X727.187 Y727.187 E49.70059
G1 X272.813 Y272.813 E2774.11918
G1 X284.325 Y272.813 E49.70059
;WIPE_START
G1 F600
G1 X274.325 Y272.813 E-30
;WIPE_END
G1 Z320 F15000
G1 X284.325 Y727.187 Z320
G1 Z319
G1 E40 F9000
G1 F2779.614
G1 X272.813 Y727.187 E49.70025
G1 X727.187 Y272.813 E2774.11872
G1 X715.675 Y272.813 E49.70027
;WIPE_START
G1 F600
G1 X725.675 Y272.813 E-30
;WIPE_END
G1 Z320 F15000
G1 X586.92 Y727.187 Z320
G1 Z319
G1 E40 F9000
G1 F2779.614
G1 X598.432 Y727.187 E49.70059
G1 X727.187 Y598.432 E786.09565
G1 X727.187 Y586.92 E49.70059
;WIPE_START
G1 F600
G1 X727.187 Y596.92 E-30
;WIPE_END
G1 Z320 F15000
M73 P70 R260
G1 X575.89 Y727.187 Z320
G1 Z319
G1 E40 F9000
G1 F2779.614
G1 X564.378 Y727.187 E49.70059
G1 X272.813 Y435.622 E1780.10742
G1 X272.813 Y424.11 E49.70059
;WIPE_START
G1 F600
G1 X272.813 Y434.11 E-30
;WIPE_END
G1 Z320 F15000
G1 X413.08 Y727.187 Z320
G1 Z319
G1 E40 F9000
G1 F2779.614
G1 X401.568 Y727.187 E49.70059
G1 X272.813 Y598.432 E786.09565
G1 X272.813 Y586.92 E49.70059
; stop printing object Cube id:0 copy 0
;LAYER_CHANGE
;Z:320.5
;HEIGHT:1.5
;BEFORE_LAYER_CHANGE
;320.5
G92 E0

EXCLUDE_OBJECT_END NAME=Cube_id_0_copy_0
;AFTER_LAYER_CHANGE
;320.5
;_SET_FAN_SPEED_CHANGING_LAYER
; printing object Cube id:0 copy 0
;WIPE_START
G1 F600
G1 X272.813 Y596.92 E-30
;WIPE_END
EXCLUDE_OBJECT_START NAME=Cube_id_0_copy_0
G1 Z321.5 F15000
G1 X270.366 Y729.634 Z321.5
G1 Z320.5
G1 E40 F9000
;TYPE:Outer wall
;WIDTH:3.2
G1 F2779.615
G1 X270.366 Y270.366 E1982.72102
G1 F2760
M73 P71 R260
G1 X729.634 Y270.366 E1982.72107
G1 X729.634 Y729.634 E1982.72102
G1 X270.666 Y729.634 E1981.42588
;WIPE_START
G1 F600
M73 P71 R259
G1 X270.66 Y719.634 E-30
;WIPE_END
G1 Z321.5 F15000
G1 X272.813 Y586.92 Z321.5
G1 Z320.5
G1 E40 F9000
;TYPE:Sparse infill
;WIDTH:3.2
G1 F2779.614
G1 X272.813 Y598.432 E49.70059
G1 X401.568 Y727.187 E786.09565
G1 X413.08 Y727.187 E49.70059
;WIPE_START
G1 F600
G1 X403.08 Y727.187 E-30
;WIPE_END
G1 Z321.5 F15000
G1 X272.813 Y424.11 Z321.5
G1 Z320.5
G1 E40 F9000
G1 F2779.614
G1 X272.813 Y435.622 E49.70059
G1 X564.378 Y727.187 E1780.10742
G1 X575.89 Y727.187 E49.70059
;WIPE_START
G1 F600
G1 X565.89 Y727.187 E-30
;WIPE_END
G1 Z321.5 F15000
G1 X727.187 Y586.92 Z321.5
G1 Z320.5
G1 E40 F9000
G1 F2779.614
G1 X727.187 Y598.432 E49.70059
G1 X598.432 Y727.187 E786.09565
G1 X586.92 Y727.187 E49.70059
;WIPE_START
G1 F600
G1 X596.92 Y727.187 E-30
;WIPE_END
G1 Z321.5 F15000
G1 X727.187 Y424.11 Z321.5
G1 Z320.5
G1 E40 F9000
G1 F2779.614
G1 X727.187 Y435.623 E49.70059
G1 X435.622 Y727.187 E1780.10743
G1 X424.11 Y727.187 E49.70059
;WIPE_START
G1 F600
G1 X434.11 Y727.187 E-30
;WIPE_END
G1 Z321.5 F15000
G1 X424.11 Y272.813 Z321.5
G1 Z320.5
G1 E40 F9000
G1 F2779.614
G1 X435.622 Y272.813 E49.70059
G1 X727.187 Y564.378 E1780.10742
G1 X727.187 Y575.89 E49.70059
;WIPE_START
G1 F600
G1 X727.187 Y565.89 E-30
;WIPE_END
G1 Z321.5 F15000
G1 X715.675 Y272.813 Z321.5
G1 Z320.5
G1 E40 F9000
G1 F2779.614
M73 P71 R258
G1 X727.187 Y272.813 E49.70027
G1 X272.813 Y727.187 E2774.11872
G1 X284.325 Y727.187 E49.70025
;WIPE_START
G1 F600
G1 X274.325 Y727.187 E-30
;WIPE_END
G1 Z321.5 F15000
G1 X284.325 Y272.813 Z321.5
G1 Z320.5
G1 E40 F9000
G1 F2779.614
G1 X272.813 Y272.813 E49.70059
G1 X727.187 Y727.187 E2774.11918
G1 X715.675 Y727.187 E49.70059
;WIPE_START
G1 F600
G1 X725.675 Y727.187 E-30
;WIPE_END
G1 Z321.5 F15000
G1 X586.92 Y272.813 Z321.5
G1 Z320.5
G1 E40 F9000
G1 F2779.614
G1 X598.432 Y272.813 E49.70059
G1 X727.187 Y401.568 E786.09564
G1 X727.187 Y413.08 E49.70059
;WIPE_START
G1 F600
G1 X727.187 Y403.08 E-30
;WIPE_END
G1 Z321.5 F15000
G1 X575.89 Y272.813 Z321.5
G1 Z320.5
G1 E40 F9000
G1 F2779.614
G1 X564.378 Y272.813 E49.70059
G1 X272.813 Y564.377 E1780.10741
G1 X272.813 Y575.89 E49.70059
;WIPE_START
G1 F600
G1 X272.813 Y565.89 E-30
;WIPE_END
G1 Z321.5 F15000
G1 X413.08 Y272.813 Z321.5
G1 Z320.5
G1 E40 F9000
G1 F2779.614
G1 X401.568 Y272.813 E49.70059
G1 X272.813 Y401.568 E786.09564
G1 X272.813 Y413.08 E49.70059
M73 P71 R257
; stop printing object Cube id:0 copy 0
;LAYER_CHANGE
;Z:322
;HEIGHT:1.5
;BEFORE_LAYER_CHANGE
;322
G92 E0

EXCLUDE_OBJECT_END NAME=Cube_id_0_copy_0
;AFTER_LAYER_CHANGE
;322
;_SET_FAN_SPEED_CHANGING_LAYER
; printing object Cube id:0 copy 0
;WIPE_START
G1 F600
G1 X272.813 Y403.08 E-30
;WIPE_END
EXCLUDE_OBJECT_START NAME=Cube_id_0_copy_0
G1 Z323 F15000
G1 X270.366 Y270.366 Z323
G1 Z322
G1 E40 F9000
;TYPE:Outer wall
;WIDTH:3.2
G1 F2779.615
G1 X729.634 Y270.366 E1982.72102
G1 F2760
G1 X729.634 Y729.634 E1982.72107
G1 X270.366 Y729.634 E1982.72102
G1 X270.366 Y270.666 E1981.42588
;WIPE_START
G1 F600
G1 X280.366 Y270.66 E-30
;WIPE_END
G1 Z323 F15000
G1 X272.813 Y413.08 Z323
G1 Z322
G1 E40 F9000
;TYPE:Sparse infill
;WIDTH:3.2
G1 F2779.614
G1 X272.813 Y401.568 E49.70059
G1 X401.568 Y272.813 E786.09564
G1 X413.08 Y272.813 E49.70059
;WIPE_START
G1 F600
G1 X403.08 Y272.813 E-30
;WIPE_END
G1 Z323 F15000
G1 X272.813 Y575.89 Z323
G1 Z322
G1 E40 F9000
G1 F2779.614
G1 X272.813 Y564.377 E49.70059
G1 X564.378 Y272.813 E1780.10741
G1 X575.89 Y272.813 E49.70059
M73 P71 R256
;WIPE_START
G1 F600
G1 X565.89 Y272.813 E-30
;WIPE_END
G1 Z323 F15000
G1 X727.187 Y413.08 Z323
G1 Z322
G1 E40 F9000
G1 F2779.614
G1 X727.187 Y401.568 E49.70059
G1 X598.432 Y272.813 E786.09564
G1 X586.92 Y272.813 E49.70059
;WIPE_START
G1 F600
G1 X596.92 Y272.813 E-30
;WIPE_END
G1 Z323 F15000
G1 X727.187 Y575.89 Z323
G1 Z322
G1 E40 F9000
G1 F2779.614
G1 X727.187 Y564.378 E49.70059
G1 X435.622 Y272.813 E1780.10742
G1 X424.11 Y272.813 E49.70059
;WIPE_START
G1 F600
G1 X434.11 Y272.813 E-30
;WIPE_END
G1 Z323 F15000
G1 X424.11 Y727.187 Z323
G1 Z322
G1 E40 F9000
G1 F2779.614
G1 X435.622 Y727.187 E49.70059
G1 X727.187 Y435.623 E1780.10743
G1 X727.187 Y424.11 E49.70059
;WIPE_START
G1 F600
G1 X727.187 Y434.11 E-30
;WIPE_END
G1 Z323 F15000
G1 X715.675 Y727.187 Z323
G1 Z322
G1 E40 F9000
G1 F2779.614
G1 X727.187 Y727.187 E49.70059
G1 X272.813 Y272.813 E2774.11918
G1 X284.325 Y272.813 E49.70059
;WIPE_START
G1 F600
G1 X274.325 Y272.813 E-30
;WIPE_END
G1 Z323 F15000
G1 X284.325 Y727.187 Z323
G1 Z322
M73 P71 R255
G1 E40 F9000
G1 F2779.614
G1 X272.813 Y727.187 E49.70025
G1 X727.187 Y272.813 E2774.11872
G1 X715.675 Y272.813 E49.70027
;WIPE_START
G1 F600
G1 X725.675 Y272.813 E-30
;WIPE_END
G1 Z323 F15000
G1 X586.92 Y727.187 Z323
G1 Z322
G1 E40 F9000
G1 F2779.614
G1 X598.432 Y727.187 E49.70059
G1 X727.187 Y598.432 E786.09565
G1 X727.187 Y586.92 E49.70059
;WIPE_START
G1 F600
G1 X727.187 Y596.92 E-30
;WIPE_END
G1 Z323 F15000
G1 X575.89 Y727.187 Z323
G1 Z322
G1 E40 F9000
G1 F2779.614
G1 X564.378 Y727.187 E49.70059
G1 X272.813 Y435.622 E1780.10742
G1 X272.813 Y424.11 E49.70059
;WIPE_START
G1 F600
G1 X272.813 Y434.11 E-30
;WIPE_END
G1 Z323 F15000
G1 X413.08 Y727.187 Z323
G1 Z322
G1 E40 F9000
G1 F2779.614
G1 X401.568 Y727.187 E49.70059
G1 X272.813 Y598.432 E786.09565
G1 X272.813 Y586.92 E49.70059
; stop printing object Cube id:0 copy 0
;LAYER_CHANGE
;Z:323.5
;HEIGHT:1.5
;BEFORE_LAYER_CHANGE
;323.5
G92 E0

EXCLUDE_OBJECT_END NAME=Cube_id_0_copy_0
;AFTER_LAYER_CHANGE
;323.5
;_SET_FAN_SPEED_CHANGING_LAYER
; printing object Cube id:0 copy 0
;WIPE_START
G1 F600
G1 X272.813 Y596.92 E-30
;WIPE_END
EXCLUDE_OBJECT_START NAME=Cube_id_0_copy_0
G1 Z324.5 F15000
G1 X270.366 Y729.634 Z324.5
G1 Z323.5
G1 E40 F9000
;TYPE:Outer wall
;WIDTH:3.2
G1 F2779.615
G1 X270.366 Y270.366 E1982.72102
G1 F2760
G1 X729.634 Y270.366 E1982.72107
G1 X729.634 Y729.634 E1982.72102
M73 P71 R254
G1 X270.666 Y729.634 E1981.42588
;WIPE_START
G1 F600
G1 X270.66 Y719.634 E-30
;WIPE_END
G1 Z324.5 F15000
G1 X272.813 Y586.92 Z324.5
G1 Z323.5
G1 E40 F9000
;TYPE:Sparse infill
;WIDTH:3.2
G1 F2779.614
G1 X272.813 Y598.432 E49.70059
G1 X401.568 Y727.187 E786.09565
G1 X413.08 Y727.187 E49.70059
;WIPE_START
G1 F600
G1 X403.08 Y727.187 E-30
;WIPE_END
G1 Z324.5 F15000
G1 X272.813 Y424.11 Z324.5
G1 Z323.5
G1 E40 F9000
G1 F2779.614
G1 X272.813 Y435.622 E49.70059
G1 X564.378 Y727.187 E1780.10742
G1 X575.89 Y727.187 E49.70059
;WIPE_START
G1 F600
G1 X565.89 Y727.187 E-30
;WIPE_END
G1 Z324.5 F15000
G1 X727.187 Y586.92 Z324.5
G1 Z323.5
G1 E40 F9000
G1 F2779.614
G1 X727.187 Y598.432 E49.70059
G1 X598.432 Y727.187 E786.09565
G1 X586.92 Y727.187 E49.70059
;WIPE_START
G1 F600
G1 X596.92 Y727.187 E-30
;WIPE_END
G1 Z324.5 F15000
G1 X727.187 Y424.11 Z324.5
G1 Z323.5
G1 E40 F9000
G1 F2779.614
G1 X727.187 Y435.623 E49.70059
G1 X435.622 Y727.187 E1780.10743
M73 P71 R253
G1 X424.11 Y727.187 E49.70059
;WIPE_START
G1 F600
G1 X434.11 Y727.187 E-30
;WIPE_END
G1 Z324.5 F15000
G1 X424.11 Y272.813 Z324.5
G1 Z323.5
G1 E40 F9000
G1 F2779.614
G1 X435.622 Y272.813 E49.70059
G1 X727.187 Y564.378 E1780.10742
G1 X727.187 Y575.89 E49.70059
;WIPE_START
G1 F600
G1 X727.187 Y565.89 E-30
;WIPE_END
G1 Z324.5 F15000
G1 X715.675 Y272.813 Z324.5
G1 Z323.5
G1 E40 F9000
G1 F2779.614
G1 X727.187 Y272.813 E49.70027
G1 X272.813 Y727.187 E2774.11872
G1 X284.325 Y727.187 E49.70025
;WIPE_START
G1 F600
G1 X274.325 Y727.187 E-30
;WIPE_END
G1 Z324.5 F15000
G1 X284.325 Y272.813 Z324.5
G1 Z323.5
G1 E40 F9000
G1 F2779.614
G1 X272.813 Y272.813 E49.70059
G1 X727.187 Y727.187 E2774.11918
G1 X715.675 Y727.187 E49.70059
;WIPE_START
G1 F600
G1 X725.675 Y727.187 E-30
;WIPE_END
G1 Z324.5 F15000
M73 P71 R252
G1 X586.92 Y272.813 Z324.5
G1 Z323.5
G1 E40 F9000
G1 F2779.614
G1 X598.432 Y272.813 E49.70059
G1 X727.187 Y401.568 E786.09564
G1 X727.187 Y413.08 E49.70059
;WIPE_START
G1 F600
G1 X727.187 Y403.08 E-30
;WIPE_END
G1 Z324.5 F15000
G1 X575.89 Y272.813 Z324.5
G1 Z323.5
G1 E40 F9000
G1 F2779.614
G1 X564.378 Y272.813 E49.70059
G1 X272.813 Y564.377 E1780.10741
G1 X272.813 Y575.89 E49.70059
;WIPE_START
G1 F600
G1 X272.813 Y565.89 E-30
;WIPE_END
G1 Z324.5 F15000
G1 X413.08 Y272.813 Z324.5
G1 Z323.5
G1 E40 F9000
G1 F2779.614
G1 X401.568 Y272.813 E49.70059
G1 X272.813 Y401.568 E786.09564
G1 X272.813 Y413.08 E49.70059
; stop printing object Cube id:0 copy 0
;LAYER_CHANGE
;Z:325
;HEIGHT:1.5
;BEFORE_LAYER_CHANGE
;325
G92 E0

EXCLUDE_OBJECT_END NAME=Cube_id_0_copy_0
;AFTER_LAYER_CHANGE
;325
;_SET_FAN_SPEED_CHANGING_LAYER
; printing object Cube id:0 copy 0
;WIPE_START
G1 F600
G1 X272.813 Y403.08 E-30
;WIPE_END
EXCLUDE_OBJECT_START NAME=Cube_id_0_copy_0
G1 Z326 F15000
G1 X270.366 Y270.366 Z326
G1 Z325
G1 E40 F9000
;TYPE:Outer wall
;WIDTH:3.2
G1 F2779.615
G1 X729.634 Y270.366 E1982.72102
G1 F2760
G1 X729.634 Y729.634 E1982.72107
G1 X270.366 Y729.634 E1982.72102
G1 X270.366 Y270.666 E1981.42588
M73 P71 R251
;WIPE_START
G1 F600
G1 X280.366 Y270.66 E-30
;WIPE_END
G1 Z326 F15000
G1 X272.813 Y413.08 Z326
G1 Z325
G1 E40 F9000
;TYPE:Sparse infill
;WIDTH:3.2
G1 F2779.614
G1 X272.813 Y401.568 E49.70059
G1 X401.568 Y272.813 E786.09564
G1 X413.08 Y272.813 E49.70059
;WIPE_START
G1 F600
G1 X403.08 Y272.813 E-30
;WIPE_END
G1 Z326 F15000
G1 X272.813 Y575.89 Z326
G1 Z325
G1 E40 F9000
G1 F2779.614
G1 X272.813 Y564.377 E49.70059
G1 X564.378 Y272.813 E1780.10741
G1 X575.89 Y272.813 E49.70059
M73 P72 R251
;WIPE_START
G1 F600
G1 X565.89 Y272.813 E-30
;WIPE_END
G1 Z326 F15000
G1 X727.187 Y413.08 Z326
G1 Z325
G1 E40 F9000
G1 F2779.614
G1 X727.187 Y401.568 E49.70059
G1 X598.432 Y272.813 E786.09564
G1 X586.92 Y272.813 E49.70059
;WIPE_START
G1 F600
G1 X596.92 Y272.813 E-30
;WIPE_END
G1 Z326 F15000
G1 X727.187 Y575.89 Z326
G1 Z325
G1 E40 F9000
G1 F2779.614
G1 X727.187 Y564.378 E49.70059
G1 X435.622 Y272.813 E1780.10742
G1 X424.11 Y272.813 E49.70059
;WIPE_START
G1 F600
G1 X434.11 Y272.813 E-30
;WIPE_END
G1 Z326 F15000
G1 X424.11 Y727.187 Z326
G1 Z325
G1 E40 F9000
G1 F2779.614
G1 X435.622 Y727.187 E49.70059
G1 X727.187 Y435.623 E1780.10743
G1 X727.187 Y424.11 E49.70059
M73 P72 R250
;WIPE_START
G1 F600
G1 X727.187 Y434.11 E-30
;WIPE_END
G1 Z326 F15000
G1 X715.675 Y727.187 Z326
G1 Z325
G1 E40 F9000
G1 F2779.614
G1 X727.187 Y727.187 E49.70059
G1 X272.813 Y272.813 E2774.11918
G1 X284.325 Y272.813 E49.70059
;WIPE_START
G1 F600
G1 X274.325 Y272.813 E-30
;WIPE_END
G1 Z326 F15000
G1 X284.325 Y727.187 Z326
G1 Z325
G1 E40 F9000
G1 F2779.614
G1 X272.813 Y727.187 E49.70025
G1 X727.187 Y272.813 E2774.11872
G1 X715.675 Y272.813 E49.70027
;WIPE_START
G1 F600
G1 X725.675 Y272.813 E-30
;WIPE_END
G1 Z326 F15000
G1 X586.92 Y727.187 Z326
G1 Z325
G1 E40 F9000
G1 F2779.614
G1 X598.432 Y727.187 E49.70059
G1 X727.187 Y598.432 E786.09565
G1 X727.187 Y586.92 E49.70059
;WIPE_START
G1 F600
G1 X727.187 Y596.92 E-30
;WIPE_END
G1 Z326 F15000
G1 X575.89 Y727.187 Z326
G1 Z325
G1 E40 F9000
G1 F2779.614
G1 X564.378 Y727.187 E49.70059
G1 X272.813 Y435.622 E1780.10742
G1 X272.813 Y424.11 E49.70059
M73 P72 R249
;WIPE_START
G1 F600
G1 X272.813 Y434.11 E-30
;WIPE_END
G1 Z326 F15000
G1 X413.08 Y727.187 Z326
G1 Z325
G1 E40 F9000
G1 F2779.614
G1 X401.568 Y727.187 E49.70059
G1 X272.813 Y598.432 E786.09565
G1 X272.813 Y586.92 E49.70059
; stop printing object Cube id:0 copy 0
;LAYER_CHANGE
;Z:326.5
;HEIGHT:1.5
;BEFORE_LAYER_CHANGE
;326.5
G92 E0

EXCLUDE_OBJECT_END NAME=Cube_id_0_copy_0
;AFTER_LAYER_CHANGE
;326.5
;_SET_FAN_SPEED_CHANGING_LAYER
; printing object Cube id:0 copy 0
;WIPE_START
G1 F600
G1 X272.813 Y596.92 E-30
;WIPE_END
EXCLUDE_OBJECT_START NAME=Cube_id_0_copy_0
G1 Z327.5 F15000
G1 X270.366 Y729.634 Z327.5
G1 Z326.5
G1 E40 F9000
;TYPE:Outer wall
;WIDTH:3.2
G1 F2779.615
G1 X270.366 Y270.366 E1982.72102
G1 F2760
G1 X729.634 Y270.366 E1982.72107
G1 X729.634 Y729.634 E1982.72102
G1 X270.666 Y729.634 E1981.42588
;WIPE_START
G1 F600
G1 X270.66 Y719.634 E-30
;WIPE_END
G1 Z327.5 F15000
G1 X272.813 Y586.92 Z327.5
G1 Z326.5
G1 E40 F9000
;TYPE:Sparse infill
;WIDTH:3.2
G1 F2779.614
G1 X272.813 Y598.432 E49.70059
G1 X401.568 Y727.187 E786.09565
G1 X413.08 Y727.187 E49.70059
M73 P72 R248
;WIPE_START
G1 F600
G1 X403.08 Y727.187 E-30
;WIPE_END
G1 Z327.5 F15000
G1 X272.813 Y424.11 Z327.5
G1 Z326.5
G1 E40 F9000
G1 F2779.614
G1 X272.813 Y435.622 E49.70059
G1 X564.378 Y727.187 E1780.10742
G1 X575.89 Y727.187 E49.70059
;WIPE_START
G1 F600
G1 X565.89 Y727.187 E-30
;WIPE_END
G1 Z327.5 F15000
G1 X727.187 Y586.92 Z327.5
G1 Z326.5
G1 E40 F9000
G1 F2779.614
G1 X727.187 Y598.432 E49.70059
G1 X598.432 Y727.187 E786.09565
G1 X586.92 Y727.187 E49.70059
;WIPE_START
G1 F600
G1 X596.92 Y727.187 E-30
;WIPE_END
G1 Z327.5 F15000
G1 X727.187 Y424.11 Z327.5
G1 Z326.5
G1 E40 F9000
G1 F2779.614
G1 X727.187 Y435.623 E49.70059
G1 X435.622 Y727.187 E1780.10743
G1 X424.11 Y727.187 E49.70059
;WIPE_START
G1 F600
G1 X434.11 Y727.187 E-30
;WIPE_END
G1 Z327.5 F15000
G1 X424.11 Y272.813 Z327.5
G1 Z326.5
G1 E40 F9000
G1 F2779.614
G1 X435.622 Y272.813 E49.70059
G1 X727.187 Y564.378 E1780.10742
G1 X727.187 Y575.89 E49.70059
;WIPE_START
G1 F600
G1 X727.187 Y565.89 E-30
;WIPE_END
G1 Z327.5 F15000
G1 X715.675 Y272.813 Z327.5
G1 Z326.5
G1 E40 F9000
G1 F2779.614
G1 X727.187 Y272.813 E49.70027
G1 X272.813 Y727.187 E2774.11872
G1 X284.325 Y727.187 E49.70025
M73 P72 R247
;WIPE_START
G1 F600
G1 X274.325 Y727.187 E-30
;WIPE_END
G1 Z327.5 F15000
G1 X284.325 Y272.813 Z327.5
G1 Z326.5
G1 E40 F9000
G1 F2779.614
G1 X272.813 Y272.813 E49.70059
G1 X727.187 Y727.187 E2774.11918
G1 X715.675 Y727.187 E49.70059
;WIPE_START
G1 F600
G1 X725.675 Y727.187 E-30
;WIPE_END
G1 Z327.5 F15000
G1 X586.92 Y272.813 Z327.5
G1 Z326.5
G1 E40 F9000
G1 F2779.614
G1 X598.432 Y272.813 E49.70059
G1 X727.187 Y401.568 E786.09564
G1 X727.187 Y413.08 E49.70059
;WIPE_START
G1 F600
G1 X727.187 Y403.08 E-30
;WIPE_END
G1 Z327.5 F15000
G1 X575.89 Y272.813 Z327.5
G1 Z326.5
G1 E40 F9000
G1 F2779.614
G1 X564.378 Y272.813 E49.70059
G1 X272.813 Y564.377 E1780.10741
G1 X272.813 Y575.89 E49.70059
;WIPE_START
G1 F600
G1 X272.813 Y565.89 E-30
;WIPE_END
G1 Z327.5 F15000
G1 X413.08 Y272.813 Z327.5
G1 Z326.5
G1 E40 F9000
G1 F2779.614
G1 X401.568 Y272.813 E49.70059
G1 X272.813 Y401.568 E786.09564
G1 X272.813 Y413.08 E49.70059
; stop printing object Cube id:0 copy 0
;LAYER_CHANGE
;Z:328
;HEIGHT:1.5
;BEFORE_LAYER_CHANGE
;328
G92 E0

EXCLUDE_OBJECT_END NAME=Cube_id_0_copy_0
;AFTER_LAYER_CHANGE
;328
;_SET_FAN_SPEED_CHANGING_LAYER
; printing object Cube id:0 copy 0
;WIPE_START
G1 F600
G1 X272.813 Y403.08 E-30
;WIPE_END
EXCLUDE_OBJECT_START NAME=Cube_id_0_copy_0
G1 Z329 F15000
G1 X270.366 Y270.366 Z329
G1 Z328
G1 E40 F9000
;TYPE:Outer wall
;WIDTH:3.2
G1 F2779.615
G1 X729.634 Y270.366 E1982.72102
G1 F2760
M73 P72 R246
G1 X729.634 Y729.634 E1982.72107
G1 X270.366 Y729.634 E1982.72102
G1 X270.366 Y270.666 E1981.42588
;WIPE_START
G1 F600
G1 X280.366 Y270.66 E-30
;WIPE_END
G1 Z329 F15000
G1 X272.813 Y413.08 Z329
G1 Z328
G1 E40 F9000
;TYPE:Sparse infill
;WIDTH:3.2
G1 F2779.614
G1 X272.813 Y401.568 E49.70059
G1 X401.568 Y272.813 E786.09564
G1 X413.08 Y272.813 E49.70059
;WIPE_START
G1 F600
G1 X403.08 Y272.813 E-30
;WIPE_END
G1 Z329 F15000
G1 X272.813 Y575.89 Z329
G1 Z328
G1 E40 F9000
G1 F2779.614
G1 X272.813 Y564.377 E49.70059
G1 X564.378 Y272.813 E1780.10741
G1 X575.89 Y272.813 E49.70059
;WIPE_START
G1 F600
G1 X565.89 Y272.813 E-30
;WIPE_END
G1 Z329 F15000
G1 X727.187 Y413.08 Z329
G1 Z328
G1 E40 F9000
M73 P72 R245
G1 F2779.614
G1 X727.187 Y401.568 E49.70059
G1 X598.432 Y272.813 E786.09564
G1 X586.92 Y272.813 E49.70059
;WIPE_START
G1 F600
G1 X596.92 Y272.813 E-30
;WIPE_END
G1 Z329 F15000
G1 X727.187 Y575.89 Z329
G1 Z328
G1 E40 F9000
G1 F2779.614
G1 X727.187 Y564.378 E49.70059
G1 X435.622 Y272.813 E1780.10742
G1 X424.11 Y272.813 E49.70059
;WIPE_START
G1 F600
G1 X434.11 Y272.813 E-30
;WIPE_END
G1 Z329 F15000
G1 X424.11 Y727.187 Z329
G1 Z328
G1 E40 F9000
G1 F2779.614
G1 X435.622 Y727.187 E49.70059
G1 X727.187 Y435.623 E1780.10743
G1 X727.187 Y424.11 E49.70059
;WIPE_START
G1 F600
G1 X727.187 Y434.11 E-30
;WIPE_END
G1 Z329 F15000
G1 X715.675 Y727.187 Z329
G1 Z328
G1 E40 F9000
G1 F2779.614
G1 X727.187 Y727.187 E49.70059
G1 X272.813 Y272.813 E2774.11918
G1 X284.325 Y272.813 E49.70059
;WIPE_START
G1 F600
G1 X274.325 Y272.813 E-30
;WIPE_END
G1 Z329 F15000
G1 X284.325 Y727.187 Z329
G1 Z328
G1 E40 F9000
G1 F2779.614
G1 X272.813 Y727.187 E49.70025
G1 X727.187 Y272.813 E2774.11872
G1 X715.675 Y272.813 E49.70027
M73 P72 R244
;WIPE_START
G1 F600
G1 X725.675 Y272.813 E-30
;WIPE_END
G1 Z329 F15000
G1 X586.92 Y727.187 Z329
G1 Z328
G1 E40 F9000
G1 F2779.614
G1 X598.432 Y727.187 E49.70059
G1 X727.187 Y598.432 E786.09565
G1 X727.187 Y586.92 E49.70059
;WIPE_START
G1 F600
G1 X727.187 Y596.92 E-30
;WIPE_END
G1 Z329 F15000
G1 X575.89 Y727.187 Z329
G1 Z328
G1 E40 F9000
G1 F2779.614
G1 X564.378 Y727.187 E49.70059
G1 X272.813 Y435.622 E1780.10742
G1 X272.813 Y424.11 E49.70059
;WIPE_START
G1 F600
G1 X272.813 Y434.11 E-30
;WIPE_END
G1 Z329 F15000
G1 X413.08 Y727.187 Z329
G1 Z328
G1 E40 F9000
G1 F2779.614
G1 X401.568 Y727.187 E49.70059
G1 X272.813 Y598.432 E786.09565
G1 X272.813 Y586.92 E49.70059
; stop printing object Cube id:0 copy 0
;LAYER_CHANGE
;Z:329.5
;HEIGHT:1.5
;BEFORE_LAYER_CHANGE
;329.5
G92 E0

EXCLUDE_OBJECT_END NAME=Cube_id_0_copy_0
;AFTER_LAYER_CHANGE
;329.5
;_SET_FAN_SPEED_CHANGING_LAYER
; printing object Cube id:0 copy 0
;WIPE_START
G1 F600
G1 X272.813 Y596.92 E-30
;WIPE_END
EXCLUDE_OBJECT_START NAME=Cube_id_0_copy_0
G1 Z330.5 F15000
G1 X270.366 Y729.634 Z330.5
G1 Z329.5
G1 E40 F9000
;TYPE:Outer wall
;WIDTH:3.2
G1 F2779.615
G1 X270.366 Y270.366 E1982.72102
G1 F2760
G1 X729.634 Y270.366 E1982.72107
G1 X729.634 Y729.634 E1982.72102
M73 P72 R243
G1 X270.666 Y729.634 E1981.42588
;WIPE_START
G1 F600
G1 X270.66 Y719.634 E-30
;WIPE_END
G1 Z330.5 F15000
G1 X272.813 Y586.92 Z330.5
G1 Z329.5
G1 E40 F9000
;TYPE:Sparse infill
;WIDTH:3.2
G1 F2779.614
G1 X272.813 Y598.432 E49.70059
G1 X401.568 Y727.187 E786.09565
G1 X413.08 Y727.187 E49.70059
;WIPE_START
G1 F600
G1 X403.08 Y727.187 E-30
;WIPE_END
G1 Z330.5 F15000
G1 X272.813 Y424.11 Z330.5
G1 Z329.5
G1 E40 F9000
G1 F2779.614
G1 X272.813 Y435.622 E49.70059
G1 X564.378 Y727.187 E1780.10742
G1 X575.89 Y727.187 E49.70059
;WIPE_START
G1 F600
G1 X565.89 Y727.187 E-30
;WIPE_END
G1 Z330.5 F15000
G1 X727.187 Y586.92 Z330.5
G1 Z329.5
G1 E40 F9000
G1 F2779.614
G1 X727.187 Y598.432 E49.70059
G1 X598.432 Y727.187 E786.09565
G1 X586.92 Y727.187 E49.70059
;WIPE_START
G1 F600
G1 X596.92 Y727.187 E-30
;WIPE_END
G1 Z330.5 F15000
G1 X727.187 Y424.11 Z330.5
G1 Z329.5
G1 E40 F9000
G1 F2779.614
G1 X727.187 Y435.623 E49.70059
G1 X435.622 Y727.187 E1780.10743
G1 X424.11 Y727.187 E49.70059
M73 P72 R242
;WIPE_START
G1 F600
G1 X434.11 Y727.187 E-30
;WIPE_END
G1 Z330.5 F15000
G1 X424.11 Y272.813 Z330.5
G1 Z329.5
G1 E40 F9000
G1 F2779.614
G1 X435.622 Y272.813 E49.70059
G1 X727.187 Y564.378 E1780.10742
G1 X727.187 Y575.89 E49.70059
;WIPE_START
G1 F600
G1 X727.187 Y565.89 E-30
;WIPE_END
G1 Z330.5 F15000
G1 X715.675 Y272.813 Z330.5
G1 Z329.5
G1 E40 F9000
G1 F2779.614
G1 X727.187 Y272.813 E49.70027
G1 X272.813 Y727.187 E2774.11872
G1 X284.325 Y727.187 E49.70025
M73 P73 R242
;WIPE_START
G1 F600
G1 X274.325 Y727.187 E-30
;WIPE_END
G1 Z330.5 F15000
G1 X284.325 Y272.813 Z330.5
G1 Z329.5
G1 E40 F9000
G1 F2779.614
G1 X272.813 Y272.813 E49.70059
G1 X727.187 Y727.187 E2774.11918
G1 X715.675 Y727.187 E49.70059
;WIPE_START
G1 F600
G1 X725.675 Y727.187 E-30
;WIPE_END
G1 Z330.5 F15000
G1 X586.92 Y272.813 Z330.5
G1 Z329.5
G1 E40 F9000
G1 F2779.614
G1 X598.432 Y272.813 E49.70059
G1 X727.187 Y401.568 E786.09564
G1 X727.187 Y413.08 E49.70059
;WIPE_START
G1 F600
G1 X727.187 Y403.08 E-30
;WIPE_END
G1 Z330.5 F15000
M73 P73 R241
G1 X575.89 Y272.813 Z330.5
G1 Z329.5
G1 E40 F9000
G1 F2779.614
G1 X564.378 Y272.813 E49.70059
G1 X272.813 Y564.377 E1780.10741
G1 X272.813 Y575.89 E49.70059
;WIPE_START
G1 F600
G1 X272.813 Y565.89 E-30
;WIPE_END
G1 Z330.5 F15000
G1 X413.08 Y272.813 Z330.5
G1 Z329.5
G1 E40 F9000
G1 F2779.614
G1 X401.568 Y272.813 E49.70059
G1 X272.813 Y401.568 E786.09564
G1 X272.813 Y413.08 E49.70059
; stop printing object Cube id:0 copy 0
;LAYER_CHANGE
;Z:331
;HEIGHT:1.5
;BEFORE_LAYER_CHANGE
;331
G92 E0

EXCLUDE_OBJECT_END NAME=Cube_id_0_copy_0
;AFTER_LAYER_CHANGE
;331
;_SET_FAN_SPEED_CHANGING_LAYER
; printing object Cube id:0 copy 0
;WIPE_START
G1 F600
G1 X272.813 Y403.08 E-30
;WIPE_END
EXCLUDE_OBJECT_START NAME=Cube_id_0_copy_0
G1 Z332 F15000
G1 X270.366 Y270.366 Z332
G1 Z331
G1 E40 F9000
;TYPE:Outer wall
;WIDTH:3.2
G1 F2779.615
G1 X729.634 Y270.366 E1982.72102
G1 F2760
G1 X729.634 Y729.634 E1982.72107
G1 X270.366 Y729.634 E1982.72102
G1 X270.366 Y270.666 E1981.42588
;WIPE_START
G1 F600
M73 P73 R240
G1 X280.366 Y270.66 E-30
;WIPE_END
G1 Z332 F15000
G1 X272.813 Y413.08 Z332
G1 Z331
G1 E40 F9000
;TYPE:Sparse infill
;WIDTH:3.2
G1 F2779.614
G1 X272.813 Y401.568 E49.70059
G1 X401.568 Y272.813 E786.09564
G1 X413.08 Y272.813 E49.70059
;WIPE_START
G1 F600
G1 X403.08 Y272.813 E-30
;WIPE_END
G1 Z332 F15000
G1 X272.813 Y575.89 Z332
G1 Z331
G1 E40 F9000
G1 F2779.614
G1 X272.813 Y564.377 E49.70059
G1 X564.378 Y272.813 E1780.10741
G1 X575.89 Y272.813 E49.70059
;WIPE_START
G1 F600
G1 X565.89 Y272.813 E-30
;WIPE_END
G1 Z332 F15000
G1 X727.187 Y413.08 Z332
G1 Z331
G1 E40 F9000
G1 F2779.614
G1 X727.187 Y401.568 E49.70059
G1 X598.432 Y272.813 E786.09564
G1 X586.92 Y272.813 E49.70059
;WIPE_START
G1 F600
G1 X596.92 Y272.813 E-30
;WIPE_END
G1 Z332 F15000
G1 X727.187 Y575.89 Z332
G1 Z331
G1 E40 F9000
G1 F2779.614
G1 X727.187 Y564.378 E49.70059
G1 X435.622 Y272.813 E1780.10742
G1 X424.11 Y272.813 E49.70059
;WIPE_START
G1 F600
G1 X434.11 Y272.813 E-30
;WIPE_END
G1 Z332 F15000
G1 X424.11 Y727.187 Z332
G1 Z331
G1 E40 F9000
G1 F2779.614
G1 X435.622 Y727.187 E49.70059
G1 X727.187 Y435.623 E1780.10743
G1 X727.187 Y424.11 E49.70059
;WIPE_START
G1 F600
G1 X727.187 Y434.11 E-30
;WIPE_END
G1 Z332 F15000
G1 X715.675 Y727.187 Z332
G1 Z331
M73 P73 R239
G1 E40 F9000
G1 F2779.614
G1 X727.187 Y727.187 E49.70059
G1 X272.813 Y272.813 E2774.11918
G1 X284.325 Y272.813 E49.70059
;WIPE_START
G1 F600
G1 X274.325 Y272.813 E-30
;WIPE_END
G1 Z332 F15000
G1 X284.325 Y727.187 Z332
G1 Z331
G1 E40 F9000
G1 F2779.614
G1 X272.813 Y727.187 E49.70025
G1 X727.187 Y272.813 E2774.11872
G1 X715.675 Y272.813 E49.70027
;WIPE_START
G1 F600
G1 X725.675 Y272.813 E-30
;WIPE_END
G1 Z332 F15000
G1 X586.92 Y727.187 Z332
G1 Z331
G1 E40 F9000
G1 F2779.614
G1 X598.432 Y727.187 E49.70059
G1 X727.187 Y598.432 E786.09565
G1 X727.187 Y586.92 E49.70059
;WIPE_START
G1 F600
G1 X727.187 Y596.92 E-30
;WIPE_END
G1 Z332 F15000
G1 X575.89 Y727.187 Z332
G1 Z331
G1 E40 F9000
G1 F2779.614
G1 X564.378 Y727.187 E49.70059
G1 X272.813 Y435.622 E1780.10742
G1 X272.813 Y424.11 E49.70059
;WIPE_START
G1 F600
G1 X272.813 Y434.11 E-30
;WIPE_END
G1 Z332 F15000
G1 X413.08 Y727.187 Z332
G1 Z331
G1 E40 F9000
G1 F2779.614
G1 X401.568 Y727.187 E49.70059
G1 X272.813 Y598.432 E786.09565
G1 X272.813 Y586.92 E49.70059
M73 P73 R238
; stop printing object Cube id:0 copy 0
;LAYER_CHANGE
;Z:332.5
;HEIGHT:1.5
;BEFORE_LAYER_CHANGE
;332.5
G92 E0

EXCLUDE_OBJECT_END NAME=Cube_id_0_copy_0
;AFTER_LAYER_CHANGE
;332.5
;_SET_FAN_SPEED_CHANGING_LAYER
; printing object Cube id:0 copy 0
;WIPE_START
G1 F600
G1 X272.813 Y596.92 E-30
;WIPE_END
EXCLUDE_OBJECT_START NAME=Cube_id_0_copy_0
G1 Z333.5 F15000
G1 X270.366 Y729.634 Z333.5
G1 Z332.5
G1 E40 F9000
;TYPE:Outer wall
;WIDTH:3.2
G1 F2779.615
G1 X270.366 Y270.366 E1982.72102
G1 F2760
G1 X729.634 Y270.366 E1982.72107
G1 X729.634 Y729.634 E1982.72102
G1 X270.666 Y729.634 E1981.42588
;WIPE_START
G1 F600
G1 X270.66 Y719.634 E-30
;WIPE_END
G1 Z333.5 F15000
G1 X272.813 Y586.92 Z333.5
G1 Z332.5
G1 E40 F9000
;TYPE:Sparse infill
;WIDTH:3.2
G1 F2779.614
G1 X272.813 Y598.432 E49.70059
G1 X401.568 Y727.187 E786.09565
G1 X413.08 Y727.187 E49.70059
;WIPE_START
G1 F600
G1 X403.08 Y727.187 E-30
;WIPE_END
G1 Z333.5 F15000
G1 X272.813 Y424.11 Z333.5
G1 Z332.5
G1 E40 F9000
G1 F2779.614
G1 X272.813 Y435.622 E49.70059
G1 X564.378 Y727.187 E1780.10742
G1 X575.89 Y727.187 E49.70059
M73 P73 R237
;WIPE_START
G1 F600
G1 X565.89 Y727.187 E-30
;WIPE_END
G1 Z333.5 F15000
G1 X727.187 Y586.92 Z333.5
G1 Z332.5
G1 E40 F9000
G1 F2779.614
G1 X727.187 Y598.432 E49.70059
G1 X598.432 Y727.187 E786.09565
G1 X586.92 Y727.187 E49.70059
;WIPE_START
G1 F600
G1 X596.92 Y727.187 E-30
;WIPE_END
G1 Z333.5 F15000
G1 X727.187 Y424.11 Z333.5
G1 Z332.5
G1 E40 F9000
G1 F2779.614
G1 X727.187 Y435.623 E49.70059
G1 X435.622 Y727.187 E1780.10743
G1 X424.11 Y727.187 E49.70059
;WIPE_START
G1 F600
G1 X434.11 Y727.187 E-30
;WIPE_END
G1 Z333.5 F15000
G1 X424.11 Y272.813 Z333.5
G1 Z332.5
G1 E40 F9000
G1 F2779.614
G1 X435.622 Y272.813 E49.70059
G1 X727.187 Y564.378 E1780.10742
G1 X727.187 Y575.89 E49.70059
;WIPE_START
G1 F600
G1 X727.187 Y565.89 E-30
;WIPE_END
G1 Z333.5 F15000
G1 X715.675 Y272.813 Z333.5
G1 Z332.5
G1 E40 F9000
G1 F2779.614
G1 X727.187 Y272.813 E49.70027
G1 X272.813 Y727.187 E2774.11872
G1 X284.325 Y727.187 E49.70025
;WIPE_START
G1 F600
G1 X274.325 Y727.187 E-30
;WIPE_END
G1 Z333.5 F15000
G1 X284.325 Y272.813 Z333.5
G1 Z332.5
M73 P73 R236
G1 E40 F9000
G1 F2779.614
G1 X272.813 Y272.813 E49.70059
G1 X727.187 Y727.187 E2774.11918
G1 X715.675 Y727.187 E49.70059
;WIPE_START
G1 F600
G1 X725.675 Y727.187 E-30
;WIPE_END
G1 Z333.5 F15000
G1 X586.92 Y272.813 Z333.5
G1 Z332.5
G1 E40 F9000
G1 F2779.614
G1 X598.432 Y272.813 E49.70059
G1 X727.187 Y401.568 E786.09564
G1 X727.187 Y413.08 E49.70059
;WIPE_START
G1 F600
G1 X727.187 Y403.08 E-30
;WIPE_END
G1 Z333.5 F15000
G1 X575.89 Y272.813 Z333.5
G1 Z332.5
G1 E40 F9000
G1 F2779.614
G1 X564.378 Y272.813 E49.70059
G1 X272.813 Y564.377 E1780.10741
G1 X272.813 Y575.89 E49.70059
;WIPE_START
G1 F600
G1 X272.813 Y565.89 E-30
;WIPE_END
G1 Z333.5 F15000
G1 X413.08 Y272.813 Z333.5
G1 Z332.5
G1 E40 F9000
G1 F2779.614
G1 X401.568 Y272.813 E49.70059
G1 X272.813 Y401.568 E786.09564
G1 X272.813 Y413.08 E49.70059
; stop printing object Cube id:0 copy 0
;LAYER_CHANGE
;Z:334
;HEIGHT:1.5
;BEFORE_LAYER_CHANGE
;334
G92 E0

EXCLUDE_OBJECT_END NAME=Cube_id_0_copy_0
;AFTER_LAYER_CHANGE
;334
;_SET_FAN_SPEED_CHANGING_LAYER
; printing object Cube id:0 copy 0
;WIPE_START
G1 F600
G1 X272.813 Y403.08 E-30
;WIPE_END
EXCLUDE_OBJECT_START NAME=Cube_id_0_copy_0
G1 Z335 F15000
G1 X270.366 Y270.366 Z335
G1 Z334
G1 E40 F9000
;TYPE:Outer wall
;WIDTH:3.2
G1 F2779.615
G1 X729.634 Y270.366 E1982.72102
G1 F2760
G1 X729.634 Y729.634 E1982.72107
G1 X270.366 Y729.634 E1982.72102
M73 P73 R235
G1 X270.366 Y270.666 E1981.42588
;WIPE_START
G1 F600
G1 X280.366 Y270.66 E-30
;WIPE_END
G1 Z335 F15000
G1 X272.813 Y413.08 Z335
G1 Z334
G1 E40 F9000
;TYPE:Sparse infill
;WIDTH:3.2
G1 F2779.614
G1 X272.813 Y401.568 E49.70059
G1 X401.568 Y272.813 E786.09564
G1 X413.08 Y272.813 E49.70059
;WIPE_START
G1 F600
G1 X403.08 Y272.813 E-30
;WIPE_END
G1 Z335 F15000
G1 X272.813 Y575.89 Z335
G1 Z334
G1 E40 F9000
G1 F2779.614
G1 X272.813 Y564.377 E49.70059
G1 X564.378 Y272.813 E1780.10741
G1 X575.89 Y272.813 E49.70059
;WIPE_START
G1 F600
G1 X565.89 Y272.813 E-30
;WIPE_END
G1 Z335 F15000
G1 X727.187 Y413.08 Z335
G1 Z334
G1 E40 F9000
G1 F2779.614
G1 X727.187 Y401.568 E49.70059
G1 X598.432 Y272.813 E786.09564
G1 X586.92 Y272.813 E49.70059
;WIPE_START
G1 F600
G1 X596.92 Y272.813 E-30
;WIPE_END
G1 Z335 F15000
G1 X727.187 Y575.89 Z335
G1 Z334
G1 E40 F9000
G1 F2779.614
M73 P73 R234
G1 X727.187 Y564.378 E49.70059
G1 X435.622 Y272.813 E1780.10742
G1 X424.11 Y272.813 E49.70059
;WIPE_START
G1 F600
G1 X434.11 Y272.813 E-30
;WIPE_END
G1 Z335 F15000
G1 X424.11 Y727.187 Z335
G1 Z334
G1 E40 F9000
G1 F2779.614
G1 X435.622 Y727.187 E49.70059
G1 X727.187 Y435.623 E1780.10743
G1 X727.187 Y424.11 E49.70059
;WIPE_START
G1 F600
G1 X727.187 Y434.11 E-30
;WIPE_END
G1 Z335 F15000
G1 X715.675 Y727.187 Z335
G1 Z334
G1 E40 F9000
G1 F2779.614
G1 X727.187 Y727.187 E49.70059
G1 X272.813 Y272.813 E2774.11918
G1 X284.325 Y272.813 E49.70059
;WIPE_START
G1 F600
G1 X274.325 Y272.813 E-30
;WIPE_END
G1 Z335 F15000
G1 X284.325 Y727.187 Z335
G1 Z334
G1 E40 F9000
G1 F2779.614
G1 X272.813 Y727.187 E49.70025
G1 X727.187 Y272.813 E2774.11872
G1 X715.675 Y272.813 E49.70027
;WIPE_START
G1 F600
G1 X725.675 Y272.813 E-30
;WIPE_END
G1 Z335 F15000
M73 P73 R233
G1 X586.92 Y727.187 Z335
G1 Z334
G1 E40 F9000
G1 F2779.614
G1 X598.432 Y727.187 E49.70059
G1 X727.187 Y598.432 E786.09565
G1 X727.187 Y586.92 E49.70059
;WIPE_START
G1 F600
G1 X727.187 Y596.92 E-30
;WIPE_END
G1 Z335 F15000
G1 X575.89 Y727.187 Z335
G1 Z334
G1 E40 F9000
G1 F2779.614
G1 X564.378 Y727.187 E49.70059
G1 X272.813 Y435.622 E1780.10742
G1 X272.813 Y424.11 E49.70059
;WIPE_START
G1 F600
G1 X272.813 Y434.11 E-30
;WIPE_END
G1 Z335 F15000
G1 X413.08 Y727.187 Z335
G1 Z334
G1 E40 F9000
G1 F2779.614
G1 X401.568 Y727.187 E49.70059
G1 X272.813 Y598.432 E786.09565
G1 X272.813 Y586.92 E49.70059
M73 P74 R233
; stop printing object Cube id:0 copy 0
;LAYER_CHANGE
;Z:335.5
;HEIGHT:1.5
;BEFORE_LAYER_CHANGE
;335.5
G92 E0

EXCLUDE_OBJECT_END NAME=Cube_id_0_copy_0
;AFTER_LAYER_CHANGE
;335.5
;_SET_FAN_SPEED_CHANGING_LAYER
; printing object Cube id:0 copy 0
;WIPE_START
G1 F600
G1 X272.813 Y596.92 E-30
;WIPE_END
EXCLUDE_OBJECT_START NAME=Cube_id_0_copy_0
G1 Z336.5 F15000
G1 X270.366 Y729.634 Z336.5
G1 Z335.5
G1 E40 F9000
;TYPE:Outer wall
;WIDTH:3.2
G1 F2779.615
G1 X270.366 Y270.366 E1982.72102
G1 F2760
G1 X729.634 Y270.366 E1982.72107
G1 X729.634 Y729.634 E1982.72102
G1 X270.666 Y729.634 E1981.42588
M73 P74 R232
;WIPE_START
G1 F600
G1 X270.66 Y719.634 E-30
;WIPE_END
G1 Z336.5 F15000
G1 X272.813 Y586.92 Z336.5
G1 Z335.5
G1 E40 F9000
;TYPE:Sparse infill
;WIDTH:3.2
G1 F2779.614
G1 X272.813 Y598.432 E49.70059
G1 X401.568 Y727.187 E786.09565
G1 X413.08 Y727.187 E49.70059
;WIPE_START
G1 F600
G1 X403.08 Y727.187 E-30
;WIPE_END
G1 Z336.5 F15000
G1 X272.813 Y424.11 Z336.5
G1 Z335.5
G1 E40 F9000
G1 F2779.614
G1 X272.813 Y435.622 E49.70059
G1 X564.378 Y727.187 E1780.10742
G1 X575.89 Y727.187 E49.70059
;WIPE_START
G1 F600
G1 X565.89 Y727.187 E-30
;WIPE_END
G1 Z336.5 F15000
G1 X727.187 Y586.92 Z336.5
G1 Z335.5
G1 E40 F9000
G1 F2779.614
G1 X727.187 Y598.432 E49.70059
G1 X598.432 Y727.187 E786.09565
G1 X586.92 Y727.187 E49.70059
;WIPE_START
G1 F600
G1 X596.92 Y727.187 E-30
;WIPE_END
G1 Z336.5 F15000
G1 X727.187 Y424.11 Z336.5
G1 Z335.5
G1 E40 F9000
G1 F2779.614
G1 X727.187 Y435.623 E49.70059
G1 X435.622 Y727.187 E1780.10743
G1 X424.11 Y727.187 E49.70059
;WIPE_START
G1 F600
G1 X434.11 Y727.187 E-30
;WIPE_END
G1 Z336.5 F15000
G1 X424.11 Y272.813 Z336.5
G1 Z335.5
G1 E40 F9000
G1 F2779.614
G1 X435.622 Y272.813 E49.70059
G1 X727.187 Y564.378 E1780.10742
G1 X727.187 Y575.89 E49.70059
M73 P74 R231
;WIPE_START
G1 F600
G1 X727.187 Y565.89 E-30
;WIPE_END
G1 Z336.5 F15000
G1 X715.675 Y272.813 Z336.5
G1 Z335.5
G1 E40 F9000
G1 F2779.614
G1 X727.187 Y272.813 E49.70027
G1 X272.813 Y727.187 E2774.11872
G1 X284.325 Y727.187 E49.70025
;WIPE_START
G1 F600
G1 X274.325 Y727.187 E-30
;WIPE_END
G1 Z336.5 F15000
G1 X284.325 Y272.813 Z336.5
G1 Z335.5
G1 E40 F9000
G1 F2779.614
G1 X272.813 Y272.813 E49.70059
G1 X727.187 Y727.187 E2774.11918
G1 X715.675 Y727.187 E49.70059
;WIPE_START
G1 F600
G1 X725.675 Y727.187 E-30
;WIPE_END
G1 Z336.5 F15000
G1 X586.92 Y272.813 Z336.5
G1 Z335.5
G1 E40 F9000
G1 F2779.614
G1 X598.432 Y272.813 E49.70059
G1 X727.187 Y401.568 E786.09564
G1 X727.187 Y413.08 E49.70059
;WIPE_START
G1 F600
G1 X727.187 Y403.08 E-30
;WIPE_END
G1 Z336.5 F15000
G1 X575.89 Y272.813 Z336.5
G1 Z335.5
G1 E40 F9000
G1 F2779.614
G1 X564.378 Y272.813 E49.70059
G1 X272.813 Y564.377 E1780.10741
G1 X272.813 Y575.89 E49.70059
M73 P74 R230
;WIPE_START
G1 F600
G1 X272.813 Y565.89 E-30
;WIPE_END
G1 Z336.5 F15000
G1 X413.08 Y272.813 Z336.5
G1 Z335.5
G1 E40 F9000
G1 F2779.614
G1 X401.568 Y272.813 E49.70059
G1 X272.813 Y401.568 E786.09564
G1 X272.813 Y413.08 E49.70059
; stop printing object Cube id:0 copy 0
;LAYER_CHANGE
;Z:337
;HEIGHT:1.5
;BEFORE_LAYER_CHANGE
;337
G92 E0

EXCLUDE_OBJECT_END NAME=Cube_id_0_copy_0
;AFTER_LAYER_CHANGE
;337
;_SET_FAN_SPEED_CHANGING_LAYER
; printing object Cube id:0 copy 0
;WIPE_START
G1 F600
G1 X272.813 Y403.08 E-30
;WIPE_END
EXCLUDE_OBJECT_START NAME=Cube_id_0_copy_0
G1 Z338 F15000
G1 X270.366 Y270.366 Z338
G1 Z337
G1 E40 F9000
;TYPE:Outer wall
;WIDTH:3.2
G1 F2779.615
G1 X729.634 Y270.366 E1982.72102
G1 F2760
G1 X729.634 Y729.634 E1982.72107
G1 X270.366 Y729.634 E1982.72102
G1 X270.366 Y270.666 E1981.42588
;WIPE_START
G1 F600
G1 X280.366 Y270.66 E-30
;WIPE_END
G1 Z338 F15000
G1 X272.813 Y413.08 Z338
G1 Z337
G1 E40 F9000
;TYPE:Sparse infill
;WIDTH:3.2
G1 F2779.614
G1 X272.813 Y401.568 E49.70059
G1 X401.568 Y272.813 E786.09564
G1 X413.08 Y272.813 E49.70059
M73 P74 R229
;WIPE_START
G1 F600
G1 X403.08 Y272.813 E-30
;WIPE_END
G1 Z338 F15000
G1 X272.813 Y575.89 Z338
G1 Z337
G1 E40 F9000
G1 F2779.614
G1 X272.813 Y564.377 E49.70059
G1 X564.378 Y272.813 E1780.10741
G1 X575.89 Y272.813 E49.70059
;WIPE_START
G1 F600
G1 X565.89 Y272.813 E-30
;WIPE_END
G1 Z338 F15000
G1 X727.187 Y413.08 Z338
G1 Z337
G1 E40 F9000
G1 F2779.614
G1 X727.187 Y401.568 E49.70059
G1 X598.432 Y272.813 E786.09564
G1 X586.92 Y272.813 E49.70059
;WIPE_START
G1 F600
G1 X596.92 Y272.813 E-30
;WIPE_END
G1 Z338 F15000
G1 X727.187 Y575.89 Z338
G1 Z337
G1 E40 F9000
G1 F2779.614
G1 X727.187 Y564.378 E49.70059
G1 X435.622 Y272.813 E1780.10742
G1 X424.11 Y272.813 E49.70059
;WIPE_START
G1 F600
G1 X434.11 Y272.813 E-30
;WIPE_END
G1 Z338 F15000
G1 X424.11 Y727.187 Z338
G1 Z337
G1 E40 F9000
G1 F2779.614
G1 X435.622 Y727.187 E49.70059
G1 X727.187 Y435.623 E1780.10743
G1 X727.187 Y424.11 E49.70059
;WIPE_START
G1 F600
G1 X727.187 Y434.11 E-30
;WIPE_END
G1 Z338 F15000
G1 X715.675 Y727.187 Z338
G1 Z337
G1 E40 F9000
G1 F2779.614
G1 X727.187 Y727.187 E49.70059
G1 X272.813 Y272.813 E2774.11918
G1 X284.325 Y272.813 E49.70059
M73 P74 R228
;WIPE_START
G1 F600
G1 X274.325 Y272.813 E-30
;WIPE_END
G1 Z338 F15000
G1 X284.325 Y727.187 Z338
G1 Z337
G1 E40 F9000
G1 F2779.614
G1 X272.813 Y727.187 E49.70025
G1 X727.187 Y272.813 E2774.11872
G1 X715.675 Y272.813 E49.70027
;WIPE_START
G1 F600
G1 X725.675 Y272.813 E-30
;WIPE_END
G1 Z338 F15000
G1 X586.92 Y727.187 Z338
G1 Z337
G1 E40 F9000
G1 F2779.614
G1 X598.432 Y727.187 E49.70059
G1 X727.187 Y598.432 E786.09565
G1 X727.187 Y586.92 E49.70059
;WIPE_START
G1 F600
G1 X727.187 Y596.92 E-30
;WIPE_END
G1 Z338 F15000
G1 X575.89 Y727.187 Z338
G1 Z337
G1 E40 F9000
G1 F2779.614
G1 X564.378 Y727.187 E49.70059
G1 X272.813 Y435.622 E1780.10742
G1 X272.813 Y424.11 E49.70059
;WIPE_START
G1 F600
G1 X272.813 Y434.11 E-30
;WIPE_END
G1 Z338 F15000
G1 X413.08 Y727.187 Z338
G1 Z337
G1 E40 F9000
G1 F2779.614
G1 X401.568 Y727.187 E49.70059
G1 X272.813 Y598.432 E786.09565
G1 X272.813 Y586.92 E49.70059
; stop printing object Cube id:0 copy 0
;LAYER_CHANGE
;Z:338.5
;HEIGHT:1.5
;BEFORE_LAYER_CHANGE
;338.5
G92 E0

EXCLUDE_OBJECT_END NAME=Cube_id_0_copy_0
;AFTER_LAYER_CHANGE
;338.5
;_SET_FAN_SPEED_CHANGING_LAYER
; printing object Cube id:0 copy 0
;WIPE_START
G1 F600
G1 X272.813 Y596.92 E-30
;WIPE_END
EXCLUDE_OBJECT_START NAME=Cube_id_0_copy_0
G1 Z339.5 F15000
G1 X270.366 Y729.634 Z339.5
G1 Z338.5
G1 E40 F9000
;TYPE:Outer wall
;WIDTH:3.2
G1 F2779.615
G1 X270.366 Y270.366 E1982.72102
G1 F2760
M73 P74 R227
G1 X729.634 Y270.366 E1982.72107
G1 X729.634 Y729.634 E1982.72102
G1 X270.666 Y729.634 E1981.42588
;WIPE_START
G1 F600
G1 X270.66 Y719.634 E-30
;WIPE_END
G1 Z339.5 F15000
G1 X272.813 Y586.92 Z339.5
G1 Z338.5
G1 E40 F9000
;TYPE:Sparse infill
;WIDTH:3.2
G1 F2779.614
G1 X272.813 Y598.432 E49.70059
G1 X401.568 Y727.187 E786.09565
G1 X413.08 Y727.187 E49.70059
;WIPE_START
G1 F600
G1 X403.08 Y727.187 E-30
;WIPE_END
G1 Z339.5 F15000
G1 X272.813 Y424.11 Z339.5
G1 Z338.5
G1 E40 F9000
G1 F2779.614
G1 X272.813 Y435.622 E49.70059
G1 X564.378 Y727.187 E1780.10742
G1 X575.89 Y727.187 E49.70059
;WIPE_START
G1 F600
G1 X565.89 Y727.187 E-30
;WIPE_END
G1 Z339.5 F15000
G1 X727.187 Y586.92 Z339.5
G1 Z338.5
M73 P74 R226
G1 E40 F9000
G1 F2779.614
G1 X727.187 Y598.432 E49.70059
G1 X598.432 Y727.187 E786.09565
G1 X586.92 Y727.187 E49.70059
;WIPE_START
G1 F600
G1 X596.92 Y727.187 E-30
;WIPE_END
G1 Z339.5 F15000
G1 X727.187 Y424.11 Z339.5
G1 Z338.5
G1 E40 F9000
G1 F2779.614
G1 X727.187 Y435.623 E49.70059
G1 X435.622 Y727.187 E1780.10743
G1 X424.11 Y727.187 E49.70059
;WIPE_START
G1 F600
G1 X434.11 Y727.187 E-30
;WIPE_END
G1 Z339.5 F15000
G1 X424.11 Y272.813 Z339.5
G1 Z338.5
G1 E40 F9000
G1 F2779.614
G1 X435.622 Y272.813 E49.70059
G1 X727.187 Y564.378 E1780.10742
G1 X727.187 Y575.89 E49.70059
;WIPE_START
G1 F600
G1 X727.187 Y565.89 E-30
;WIPE_END
G1 Z339.5 F15000
G1 X715.675 Y272.813 Z339.5
G1 Z338.5
G1 E40 F9000
G1 F2779.614
G1 X727.187 Y272.813 E49.70027
G1 X272.813 Y727.187 E2774.11872
G1 X284.325 Y727.187 E49.70025
;WIPE_START
G1 F600
G1 X274.325 Y727.187 E-30
;WIPE_END
G1 Z339.5 F15000
G1 X284.325 Y272.813 Z339.5
G1 Z338.5
G1 E40 F9000
G1 F2779.614
G1 X272.813 Y272.813 E49.70059
G1 X727.187 Y727.187 E2774.11918
G1 X715.675 Y727.187 E49.70059
M73 P74 R225
;WIPE_START
G1 F600
G1 X725.675 Y727.187 E-30
;WIPE_END
G1 Z339.5 F15000
G1 X586.92 Y272.813 Z339.5
G1 Z338.5
G1 E40 F9000
G1 F2779.614
G1 X598.432 Y272.813 E49.70059
G1 X727.187 Y401.568 E786.09564
G1 X727.187 Y413.08 E49.70059
;WIPE_START
G1 F600
G1 X727.187 Y403.08 E-30
;WIPE_END
G1 Z339.5 F15000
G1 X575.89 Y272.813 Z339.5
G1 Z338.5
G1 E40 F9000
G1 F2779.614
G1 X564.378 Y272.813 E49.70059
G1 X272.813 Y564.377 E1780.10741
G1 X272.813 Y575.89 E49.70059
;WIPE_START
G1 F600
G1 X272.813 Y565.89 E-30
;WIPE_END
G1 Z339.5 F15000
G1 X413.08 Y272.813 Z339.5
G1 Z338.5
G1 E40 F9000
G1 F2779.614
G1 X401.568 Y272.813 E49.70059
G1 X272.813 Y401.568 E786.09564
G1 X272.813 Y413.08 E49.70059
; stop printing object Cube id:0 copy 0
;LAYER_CHANGE
;Z:340
;HEIGHT:1.5
;BEFORE_LAYER_CHANGE
;340
G92 E0

EXCLUDE_OBJECT_END NAME=Cube_id_0_copy_0
;AFTER_LAYER_CHANGE
;340
;_SET_FAN_SPEED_CHANGING_LAYER
; printing object Cube id:0 copy 0
;WIPE_START
G1 F600
G1 X272.813 Y403.08 E-30
;WIPE_END
EXCLUDE_OBJECT_START NAME=Cube_id_0_copy_0
G1 Z341 F15000
G1 X270.366 Y270.366 Z341
G1 Z340
G1 E40 F9000
;TYPE:Outer wall
;WIDTH:3.2
G1 F2779.615
G1 X729.634 Y270.366 E1982.72102
G1 F2760
G1 X729.634 Y729.634 E1982.72107
G1 X270.366 Y729.634 E1982.72102
M73 P74 R224
G1 X270.366 Y270.666 E1981.42588
;WIPE_START
G1 F600
G1 X280.366 Y270.66 E-30
;WIPE_END
G1 Z341 F15000
G1 X272.813 Y413.08 Z341
G1 Z340
G1 E40 F9000
;TYPE:Sparse infill
;WIDTH:3.2
G1 F2779.614
G1 X272.813 Y401.568 E49.70059
G1 X401.568 Y272.813 E786.09564
G1 X413.08 Y272.813 E49.70059
M73 P75 R224
;WIPE_START
G1 F600
G1 X403.08 Y272.813 E-30
;WIPE_END
G1 Z341 F15000
G1 X272.813 Y575.89 Z341
G1 Z340
G1 E40 F9000
G1 F2779.614
G1 X272.813 Y564.377 E49.70059
G1 X564.378 Y272.813 E1780.10741
G1 X575.89 Y272.813 E49.70059
;WIPE_START
G1 F600
G1 X565.89 Y272.813 E-30
;WIPE_END
G1 Z341 F15000
G1 X727.187 Y413.08 Z341
G1 Z340
G1 E40 F9000
G1 F2779.614
G1 X727.187 Y401.568 E49.70059
G1 X598.432 Y272.813 E786.09564
G1 X586.92 Y272.813 E49.70059
;WIPE_START
G1 F600
G1 X596.92 Y272.813 E-30
;WIPE_END
G1 Z341 F15000
G1 X727.187 Y575.89 Z341
G1 Z340
G1 E40 F9000
G1 F2779.614
G1 X727.187 Y564.378 E49.70059
G1 X435.622 Y272.813 E1780.10742
G1 X424.11 Y272.813 E49.70059
M73 P75 R223
;WIPE_START
G1 F600
G1 X434.11 Y272.813 E-30
;WIPE_END
G1 Z341 F15000
G1 X424.11 Y727.187 Z341
G1 Z340
G1 E40 F9000
G1 F2779.614
G1 X435.622 Y727.187 E49.70059
G1 X727.187 Y435.623 E1780.10743
G1 X727.187 Y424.11 E49.70059
;WIPE_START
G1 F600
G1 X727.187 Y434.11 E-30
;WIPE_END
G1 Z341 F15000
G1 X715.675 Y727.187 Z341
G1 Z340
G1 E40 F9000
G1 F2779.614
G1 X727.187 Y727.187 E49.70059
G1 X272.813 Y272.813 E2774.11918
G1 X284.325 Y272.813 E49.70059
;WIPE_START
G1 F600
G1 X274.325 Y272.813 E-30
;WIPE_END
G1 Z341 F15000
G1 X284.325 Y727.187 Z341
G1 Z340
G1 E40 F9000
G1 F2779.614
G1 X272.813 Y727.187 E49.70025
G1 X727.187 Y272.813 E2774.11872
G1 X715.675 Y272.813 E49.70027
;WIPE_START
G1 F600
G1 X725.675 Y272.813 E-30
;WIPE_END
G1 Z341 F15000
G1 X586.92 Y727.187 Z341
G1 Z340
G1 E40 F9000
G1 F2779.614
G1 X598.432 Y727.187 E49.70059
G1 X727.187 Y598.432 E786.09565
G1 X727.187 Y586.92 E49.70059
;WIPE_START
G1 F600
M73 P75 R222
G1 X727.187 Y596.92 E-30
;WIPE_END
G1 Z341 F15000
G1 X575.89 Y727.187 Z341
G1 Z340
G1 E40 F9000
G1 F2779.614
G1 X564.378 Y727.187 E49.70059
G1 X272.813 Y435.622 E1780.10742
G1 X272.813 Y424.11 E49.70059
;WIPE_START
G1 F600
G1 X272.813 Y434.11 E-30
;WIPE_END
G1 Z341 F15000
G1 X413.08 Y727.187 Z341
G1 Z340
G1 E40 F9000
G1 F2779.614
G1 X401.568 Y727.187 E49.70059
G1 X272.813 Y598.432 E786.09565
G1 X272.813 Y586.92 E49.70059
; stop printing object Cube id:0 copy 0
;LAYER_CHANGE
;Z:341.5
;HEIGHT:1.5
;BEFORE_LAYER_CHANGE
;341.5
G92 E0

EXCLUDE_OBJECT_END NAME=Cube_id_0_copy_0
;AFTER_LAYER_CHANGE
;341.5
;_SET_FAN_SPEED_CHANGING_LAYER
; printing object Cube id:0 copy 0
;WIPE_START
G1 F600
G1 X272.813 Y596.92 E-30
;WIPE_END
EXCLUDE_OBJECT_START NAME=Cube_id_0_copy_0
G1 Z342.5 F15000
G1 X270.366 Y729.634 Z342.5
G1 Z341.5
G1 E40 F9000
;TYPE:Outer wall
;WIDTH:3.2
G1 F2779.615
G1 X270.366 Y270.366 E1982.72102
G1 F2760
G1 X729.634 Y270.366 E1982.72107
G1 X729.634 Y729.634 E1982.72102
G1 X270.666 Y729.634 E1981.42588
;WIPE_START
G1 F600
M73 P75 R221
G1 X270.66 Y719.634 E-30
;WIPE_END
G1 Z342.5 F15000
G1 X272.813 Y586.92 Z342.5
G1 Z341.5
G1 E40 F9000
;TYPE:Sparse infill
;WIDTH:3.2
G1 F2779.614
G1 X272.813 Y598.432 E49.70059
G1 X401.568 Y727.187 E786.09565
G1 X413.08 Y727.187 E49.70059
;WIPE_START
G1 F600
G1 X403.08 Y727.187 E-30
;WIPE_END
G1 Z342.5 F15000
G1 X272.813 Y424.11 Z342.5
G1 Z341.5
G1 E40 F9000
G1 F2779.614
G1 X272.813 Y435.622 E49.70059
G1 X564.378 Y727.187 E1780.10742
G1 X575.89 Y727.187 E49.70059
;WIPE_START
G1 F600
G1 X565.89 Y727.187 E-30
;WIPE_END
G1 Z342.5 F15000
G1 X727.187 Y586.92 Z342.5
G1 Z341.5
G1 E40 F9000
G1 F2779.614
G1 X727.187 Y598.432 E49.70059
G1 X598.432 Y727.187 E786.09565
G1 X586.92 Y727.187 E49.70059
;WIPE_START
G1 F600
G1 X596.92 Y727.187 E-30
;WIPE_END
G1 Z342.5 F15000
G1 X727.187 Y424.11 Z342.5
G1 Z341.5
G1 E40 F9000
G1 F2779.614
G1 X727.187 Y435.623 E49.70059
G1 X435.622 Y727.187 E1780.10743
G1 X424.11 Y727.187 E49.70059
;WIPE_START
G1 F600
G1 X434.11 Y727.187 E-30
;WIPE_END
G1 Z342.5 F15000
G1 X424.11 Y272.813 Z342.5
G1 Z341.5
G1 E40 F9000
G1 F2779.614
G1 X435.622 Y272.813 E49.70059
G1 X727.187 Y564.378 E1780.10742
G1 X727.187 Y575.89 E49.70059
;WIPE_START
G1 F600
G1 X727.187 Y565.89 E-30
;WIPE_END
G1 Z342.5 F15000
G1 X715.675 Y272.813 Z342.5
G1 Z341.5
M73 P75 R220
G1 E40 F9000
G1 F2779.614
G1 X727.187 Y272.813 E49.70027
G1 X272.813 Y727.187 E2774.11872
G1 X284.325 Y727.187 E49.70025
;WIPE_START
G1 F600
G1 X274.325 Y727.187 E-30
;WIPE_END
G1 Z342.5 F15000
G1 X284.325 Y272.813 Z342.5
G1 Z341.5
G1 E40 F9000
G1 F2779.614
G1 X272.813 Y272.813 E49.70059
G1 X727.187 Y727.187 E2774.11918
G1 X715.675 Y727.187 E49.70059
;WIPE_START
G1 F600
G1 X725.675 Y727.187 E-30
;WIPE_END
G1 Z342.5 F15000
G1 X586.92 Y272.813 Z342.5
G1 Z341.5
G1 E40 F9000
G1 F2779.614
G1 X598.432 Y272.813 E49.70059
G1 X727.187 Y401.568 E786.09564
G1 X727.187 Y413.08 E49.70059
;WIPE_START
G1 F600
G1 X727.187 Y403.08 E-30
;WIPE_END
G1 Z342.5 F15000
G1 X575.89 Y272.813 Z342.5
G1 Z341.5
G1 E40 F9000
G1 F2779.614
G1 X564.378 Y272.813 E49.70059
G1 X272.813 Y564.377 E1780.10741
G1 X272.813 Y575.89 E49.70059
;WIPE_START
G1 F600
G1 X272.813 Y565.89 E-30
;WIPE_END
G1 Z342.5 F15000
G1 X413.08 Y272.813 Z342.5
G1 Z341.5
G1 E40 F9000
G1 F2779.614
G1 X401.568 Y272.813 E49.70059
G1 X272.813 Y401.568 E786.09564
G1 X272.813 Y413.08 E49.70059
M73 P75 R219
; stop printing object Cube id:0 copy 0
;LAYER_CHANGE
;Z:343
;HEIGHT:1.5
;BEFORE_LAYER_CHANGE
;343
G92 E0

EXCLUDE_OBJECT_END NAME=Cube_id_0_copy_0
;AFTER_LAYER_CHANGE
;343
;_SET_FAN_SPEED_CHANGING_LAYER
; printing object Cube id:0 copy 0
;WIPE_START
G1 F600
G1 X272.813 Y403.08 E-30
;WIPE_END
EXCLUDE_OBJECT_START NAME=Cube_id_0_copy_0
G1 Z344 F15000
G1 X270.366 Y270.366 Z344
G1 Z343
G1 E40 F9000
;TYPE:Outer wall
;WIDTH:3.2
G1 F2779.615
G1 X729.634 Y270.366 E1982.72102
G1 F2760
G1 X729.634 Y729.634 E1982.72107
G1 X270.366 Y729.634 E1982.72102
G1 X270.366 Y270.666 E1981.42588
;WIPE_START
G1 F600
G1 X280.366 Y270.66 E-30
;WIPE_END
G1 Z344 F15000
G1 X272.813 Y413.08 Z344
G1 Z343
G1 E40 F9000
;TYPE:Sparse infill
;WIDTH:3.2
G1 F2779.614
G1 X272.813 Y401.568 E49.70059
G1 X401.568 Y272.813 E786.09564
G1 X413.08 Y272.813 E49.70059
;WIPE_START
G1 F600
G1 X403.08 Y272.813 E-30
;WIPE_END
G1 Z344 F15000
G1 X272.813 Y575.89 Z344
G1 Z343
G1 E40 F9000
G1 F2779.614
G1 X272.813 Y564.377 E49.70059
G1 X564.378 Y272.813 E1780.10741
G1 X575.89 Y272.813 E49.70059
M73 P75 R218
;WIPE_START
G1 F600
G1 X565.89 Y272.813 E-30
;WIPE_END
G1 Z344 F15000
G1 X727.187 Y413.08 Z344
G1 Z343
G1 E40 F9000
G1 F2779.614
G1 X727.187 Y401.568 E49.70059
G1 X598.432 Y272.813 E786.09564
G1 X586.92 Y272.813 E49.70059
;WIPE_START
G1 F600
G1 X596.92 Y272.813 E-30
;WIPE_END
G1 Z344 F15000
G1 X727.187 Y575.89 Z344
G1 Z343
G1 E40 F9000
G1 F2779.614
G1 X727.187 Y564.378 E49.70059
G1 X435.622 Y272.813 E1780.10742
G1 X424.11 Y272.813 E49.70059
;WIPE_START
G1 F600
G1 X434.11 Y272.813 E-30
;WIPE_END
G1 Z344 F15000
G1 X424.11 Y727.187 Z344
G1 Z343
G1 E40 F9000
G1 F2779.614
G1 X435.622 Y727.187 E49.70059
G1 X727.187 Y435.623 E1780.10743
G1 X727.187 Y424.11 E49.70059
;WIPE_START
G1 F600
G1 X727.187 Y434.11 E-30
;WIPE_END
G1 Z344 F15000
G1 X715.675 Y727.187 Z344
G1 Z343
G1 E40 F9000
G1 F2779.614
G1 X727.187 Y727.187 E49.70059
G1 X272.813 Y272.813 E2774.11918
G1 X284.325 Y272.813 E49.70059
;WIPE_START
G1 F600
G1 X274.325 Y272.813 E-30
;WIPE_END
G1 Z344 F15000
G1 X284.325 Y727.187 Z344
G1 Z343
M73 P75 R217
G1 E40 F9000
G1 F2779.614
G1 X272.813 Y727.187 E49.70025
G1 X727.187 Y272.813 E2774.11872
G1 X715.675 Y272.813 E49.70027
;WIPE_START
G1 F600
G1 X725.675 Y272.813 E-30
;WIPE_END
G1 Z344 F15000
G1 X586.92 Y727.187 Z344
G1 Z343
G1 E40 F9000
G1 F2779.614
G1 X598.432 Y727.187 E49.70059
G1 X727.187 Y598.432 E786.09565
G1 X727.187 Y586.92 E49.70059
;WIPE_START
G1 F600
G1 X727.187 Y596.92 E-30
;WIPE_END
G1 Z344 F15000
G1 X575.89 Y727.187 Z344
G1 Z343
G1 E40 F9000
G1 F2779.614
G1 X564.378 Y727.187 E49.70059
G1 X272.813 Y435.622 E1780.10742
G1 X272.813 Y424.11 E49.70059
;WIPE_START
G1 F600
G1 X272.813 Y434.11 E-30
;WIPE_END
G1 Z344 F15000
G1 X413.08 Y727.187 Z344
G1 Z343
G1 E40 F9000
G1 F2779.614
G1 X401.568 Y727.187 E49.70059
G1 X272.813 Y598.432 E786.09565
G1 X272.813 Y586.92 E49.70059
; stop printing object Cube id:0 copy 0
;LAYER_CHANGE
;Z:344.5
;HEIGHT:1.5
;BEFORE_LAYER_CHANGE
;344.5
G92 E0

EXCLUDE_OBJECT_END NAME=Cube_id_0_copy_0
;AFTER_LAYER_CHANGE
;344.5
;_SET_FAN_SPEED_CHANGING_LAYER
; printing object Cube id:0 copy 0
;WIPE_START
G1 F600
G1 X272.813 Y596.92 E-30
;WIPE_END
EXCLUDE_OBJECT_START NAME=Cube_id_0_copy_0
G1 Z345.5 F15000
G1 X270.366 Y729.634 Z345.5
G1 Z344.5
G1 E40 F9000
;TYPE:Outer wall
;WIDTH:3.2
G1 F2779.615
G1 X270.366 Y270.366 E1982.72102
G1 F2760
G1 X729.634 Y270.366 E1982.72107
G1 X729.634 Y729.634 E1982.72102
M73 P75 R216
G1 X270.666 Y729.634 E1981.42588
;WIPE_START
G1 F600
G1 X270.66 Y719.634 E-30
;WIPE_END
G1 Z345.5 F15000
G1 X272.813 Y586.92 Z345.5
G1 Z344.5
G1 E40 F9000
;TYPE:Sparse infill
;WIDTH:3.2
G1 F2779.614
G1 X272.813 Y598.432 E49.70059
G1 X401.568 Y727.187 E786.09565
G1 X413.08 Y727.187 E49.70059
;WIPE_START
G1 F600
G1 X403.08 Y727.187 E-30
;WIPE_END
G1 Z345.5 F15000
G1 X272.813 Y424.11 Z345.5
G1 Z344.5
G1 E40 F9000
G1 F2779.614
G1 X272.813 Y435.622 E49.70059
G1 X564.378 Y727.187 E1780.10742
G1 X575.89 Y727.187 E49.70059
;WIPE_START
G1 F600
G1 X565.89 Y727.187 E-30
;WIPE_END
G1 Z345.5 F15000
G1 X727.187 Y586.92 Z345.5
G1 Z344.5
G1 E40 F9000
G1 F2779.614
G1 X727.187 Y598.432 E49.70059
G1 X598.432 Y727.187 E786.09565
G1 X586.92 Y727.187 E49.70059
;WIPE_START
G1 F600
G1 X596.92 Y727.187 E-30
;WIPE_END
G1 Z345.5 F15000
G1 X727.187 Y424.11 Z345.5
G1 Z344.5
G1 E40 F9000
M73 P75 R215
G1 F2779.614
G1 X727.187 Y435.623 E49.70059
G1 X435.622 Y727.187 E1780.10743
G1 X424.11 Y727.187 E49.70059
;WIPE_START
G1 F600
G1 X434.11 Y727.187 E-30
;WIPE_END
G1 Z345.5 F15000
G1 X424.11 Y272.813 Z345.5
G1 Z344.5
G1 E40 F9000
G1 F2779.614
G1 X435.622 Y272.813 E49.70059
G1 X727.187 Y564.378 E1780.10742
G1 X727.187 Y575.89 E49.70059
M73 P76 R215
;WIPE_START
G1 F600
G1 X727.187 Y565.89 E-30
;WIPE_END
G1 Z345.5 F15000
G1 X715.675 Y272.813 Z345.5
G1 Z344.5
G1 E40 F9000
G1 F2779.614
G1 X727.187 Y272.813 E49.70027
G1 X272.813 Y727.187 E2774.11872
G1 X284.325 Y727.187 E49.70025
;WIPE_START
G1 F600
G1 X274.325 Y727.187 E-30
;WIPE_END
G1 Z345.5 F15000
G1 X284.325 Y272.813 Z345.5
G1 Z344.5
G1 E40 F9000
G1 F2779.614
G1 X272.813 Y272.813 E49.70059
G1 X727.187 Y727.187 E2774.11918
G1 X715.675 Y727.187 E49.70059
;WIPE_START
G1 F600
M73 P76 R214
G1 X725.675 Y727.187 E-30
;WIPE_END
G1 Z345.5 F15000
G1 X586.92 Y272.813 Z345.5
G1 Z344.5
G1 E40 F9000
G1 F2779.614
G1 X598.432 Y272.813 E49.70059
G1 X727.187 Y401.568 E786.09564
G1 X727.187 Y413.08 E49.70059
;WIPE_START
G1 F600
G1 X727.187 Y403.08 E-30
;WIPE_END
G1 Z345.5 F15000
G1 X575.89 Y272.813 Z345.5
G1 Z344.5
G1 E40 F9000
G1 F2779.614
G1 X564.378 Y272.813 E49.70059
G1 X272.813 Y564.377 E1780.10741
G1 X272.813 Y575.89 E49.70059
;WIPE_START
G1 F600
G1 X272.813 Y565.89 E-30
;WIPE_END
G1 Z345.5 F15000
G1 X413.08 Y272.813 Z345.5
G1 Z344.5
G1 E40 F9000
G1 F2779.614
G1 X401.568 Y272.813 E49.70059
G1 X272.813 Y401.568 E786.09564
G1 X272.813 Y413.08 E49.70059
; stop printing object Cube id:0 copy 0
;LAYER_CHANGE
;Z:346
;HEIGHT:1.5
;BEFORE_LAYER_CHANGE
;346
G92 E0

EXCLUDE_OBJECT_END NAME=Cube_id_0_copy_0
;AFTER_LAYER_CHANGE
;346
;_SET_FAN_SPEED_CHANGING_LAYER
; printing object Cube id:0 copy 0
;WIPE_START
G1 F600
G1 X272.813 Y403.08 E-30
;WIPE_END
EXCLUDE_OBJECT_START NAME=Cube_id_0_copy_0
G1 Z347 F15000
G1 X270.366 Y270.366 Z347
G1 Z346
G1 E40 F9000
;TYPE:Outer wall
;WIDTH:3.2
G1 F2779.615
G1 X729.634 Y270.366 E1982.72102
G1 F2760
G1 X729.634 Y729.634 E1982.72107
G1 X270.366 Y729.634 E1982.72102
G1 X270.366 Y270.666 E1981.42588
M73 P76 R213
;WIPE_START
G1 F600
G1 X280.366 Y270.66 E-30
;WIPE_END
G1 Z347 F15000
G1 X272.813 Y413.08 Z347
G1 Z346
G1 E40 F9000
;TYPE:Sparse infill
;WIDTH:3.2
G1 F2779.614
G1 X272.813 Y401.568 E49.70059
G1 X401.568 Y272.813 E786.09564
G1 X413.08 Y272.813 E49.70059
;WIPE_START
G1 F600
G1 X403.08 Y272.813 E-30
;WIPE_END
G1 Z347 F15000
G1 X272.813 Y575.89 Z347
G1 Z346
G1 E40 F9000
G1 F2779.614
G1 X272.813 Y564.377 E49.70059
G1 X564.378 Y272.813 E1780.10741
G1 X575.89 Y272.813 E49.70059
;WIPE_START
G1 F600
G1 X565.89 Y272.813 E-30
;WIPE_END
G1 Z347 F15000
G1 X727.187 Y413.08 Z347
G1 Z346
G1 E40 F9000
G1 F2779.614
G1 X727.187 Y401.568 E49.70059
G1 X598.432 Y272.813 E786.09564
G1 X586.92 Y272.813 E49.70059
;WIPE_START
G1 F600
G1 X596.92 Y272.813 E-30
;WIPE_END
G1 Z347 F15000
G1 X727.187 Y575.89 Z347
G1 Z346
G1 E40 F9000
G1 F2779.614
G1 X727.187 Y564.378 E49.70059
G1 X435.622 Y272.813 E1780.10742
G1 X424.11 Y272.813 E49.70059
;WIPE_START
G1 F600
G1 X434.11 Y272.813 E-30
;WIPE_END
G1 Z347 F15000
G1 X424.11 Y727.187 Z347
G1 Z346
G1 E40 F9000
G1 F2779.614
G1 X435.622 Y727.187 E49.70059
G1 X727.187 Y435.623 E1780.10743
G1 X727.187 Y424.11 E49.70059
M73 P76 R212
;WIPE_START
G1 F600
G1 X727.187 Y434.11 E-30
;WIPE_END
G1 Z347 F15000
G1 X715.675 Y727.187 Z347
G1 Z346
G1 E40 F9000
G1 F2779.614
G1 X727.187 Y727.187 E49.70059
G1 X272.813 Y272.813 E2774.11918
G1 X284.325 Y272.813 E49.70059
;WIPE_START
G1 F600
G1 X274.325 Y272.813 E-30
;WIPE_END
G1 Z347 F15000
G1 X284.325 Y727.187 Z347
G1 Z346
G1 E40 F9000
G1 F2779.614
G1 X272.813 Y727.187 E49.70025
G1 X727.187 Y272.813 E2774.11872
G1 X715.675 Y272.813 E49.70027
;WIPE_START
G1 F600
G1 X725.675 Y272.813 E-30
;WIPE_END
G1 Z347 F15000
G1 X586.92 Y727.187 Z347
G1 Z346
G1 E40 F9000
G1 F2779.614
G1 X598.432 Y727.187 E49.70059
G1 X727.187 Y598.432 E786.09565
G1 X727.187 Y586.92 E49.70059
;WIPE_START
G1 F600
G1 X727.187 Y596.92 E-30
;WIPE_END
G1 Z347 F15000
G1 X575.89 Y727.187 Z347
G1 Z346
G1 E40 F9000
G1 F2779.614
G1 X564.378 Y727.187 E49.70059
G1 X272.813 Y435.622 E1780.10742
G1 X272.813 Y424.11 E49.70059
M73 P76 R211
;WIPE_START
G1 F600
G1 X272.813 Y434.11 E-30
;WIPE_END
G1 Z347 F15000
G1 X413.08 Y727.187 Z347
G1 Z346
G1 E40 F9000
G1 F2779.614
G1 X401.568 Y727.187 E49.70059
G1 X272.813 Y598.432 E786.09565
G1 X272.813 Y586.92 E49.70059
; stop printing object Cube id:0 copy 0
;LAYER_CHANGE
;Z:347.5
;HEIGHT:1.5
;BEFORE_LAYER_CHANGE
;347.5
G92 E0

EXCLUDE_OBJECT_END NAME=Cube_id_0_copy_0
;AFTER_LAYER_CHANGE
;347.5
;_SET_FAN_SPEED_CHANGING_LAYER
; printing object Cube id:0 copy 0
;WIPE_START
G1 F600
G1 X272.813 Y596.92 E-30
;WIPE_END
EXCLUDE_OBJECT_START NAME=Cube_id_0_copy_0
G1 Z348.5 F15000
G1 X270.366 Y729.634 Z348.5
G1 Z347.5
G1 E40 F9000
;TYPE:Outer wall
;WIDTH:3.2
G1 F2779.615
G1 X270.366 Y270.366 E1982.72102
G1 F2760
G1 X729.634 Y270.366 E1982.72107
G1 X729.634 Y729.634 E1982.72102
G1 X270.666 Y729.634 E1981.42588
;WIPE_START
G1 F600
G1 X270.66 Y719.634 E-30
;WIPE_END
G1 Z348.5 F15000
G1 X272.813 Y586.92 Z348.5
G1 Z347.5
G1 E40 F9000
;TYPE:Sparse infill
;WIDTH:3.2
G1 F2779.614
G1 X272.813 Y598.432 E49.70059
G1 X401.568 Y727.187 E786.09565
G1 X413.08 Y727.187 E49.70059
M73 P76 R210
;WIPE_START
G1 F600
G1 X403.08 Y727.187 E-30
;WIPE_END
G1 Z348.5 F15000
G1 X272.813 Y424.11 Z348.5
G1 Z347.5
G1 E40 F9000
G1 F2779.614
G1 X272.813 Y435.622 E49.70059
G1 X564.378 Y727.187 E1780.10742
G1 X575.89 Y727.187 E49.70059
;WIPE_START
G1 F600
G1 X565.89 Y727.187 E-30
;WIPE_END
G1 Z348.5 F15000
G1 X727.187 Y586.92 Z348.5
G1 Z347.5
G1 E40 F9000
G1 F2779.614
G1 X727.187 Y598.432 E49.70059
G1 X598.432 Y727.187 E786.09565
G1 X586.92 Y727.187 E49.70059
;WIPE_START
G1 F600
G1 X596.92 Y727.187 E-30
;WIPE_END
G1 Z348.5 F15000
G1 X727.187 Y424.11 Z348.5
G1 Z347.5
G1 E40 F9000
G1 F2779.614
G1 X727.187 Y435.623 E49.70059
G1 X435.622 Y727.187 E1780.10743
G1 X424.11 Y727.187 E49.70059
;WIPE_START
G1 F600
G1 X434.11 Y727.187 E-30
;WIPE_END
G1 Z348.5 F15000
G1 X424.11 Y272.813 Z348.5
G1 Z347.5
G1 E40 F9000
G1 F2779.614
G1 X435.622 Y272.813 E49.70059
G1 X727.187 Y564.378 E1780.10742
G1 X727.187 Y575.89 E49.70059
;WIPE_START
G1 F600
G1 X727.187 Y565.89 E-30
;WIPE_END
G1 Z348.5 F15000
G1 X715.675 Y272.813 Z348.5
G1 Z347.5
G1 E40 F9000
G1 F2779.614
G1 X727.187 Y272.813 E49.70027
G1 X272.813 Y727.187 E2774.11872
G1 X284.325 Y727.187 E49.70025
M73 P76 R209
;WIPE_START
G1 F600
G1 X274.325 Y727.187 E-30
;WIPE_END
G1 Z348.5 F15000
G1 X284.325 Y272.813 Z348.5
G1 Z347.5
G1 E40 F9000
G1 F2779.614
G1 X272.813 Y272.813 E49.70059
G1 X727.187 Y727.187 E2774.11918
G1 X715.675 Y727.187 E49.70059
;WIPE_START
G1 F600
G1 X725.675 Y727.187 E-30
;WIPE_END
G1 Z348.5 F15000
G1 X586.92 Y272.813 Z348.5
G1 Z347.5
G1 E40 F9000
G1 F2779.614
G1 X598.432 Y272.813 E49.70059
G1 X727.187 Y401.568 E786.09564
G1 X727.187 Y413.08 E49.70059
;WIPE_START
G1 F600
G1 X727.187 Y403.08 E-30
;WIPE_END
G1 Z348.5 F15000
G1 X575.89 Y272.813 Z348.5
G1 Z347.5
G1 E40 F9000
G1 F2779.614
G1 X564.378 Y272.813 E49.70059
G1 X272.813 Y564.377 E1780.10741
G1 X272.813 Y575.89 E49.70059
;WIPE_START
G1 F600
G1 X272.813 Y565.89 E-30
;WIPE_END
G1 Z348.5 F15000
G1 X413.08 Y272.813 Z348.5
G1 Z347.5
G1 E40 F9000
G1 F2779.614
G1 X401.568 Y272.813 E49.70059
G1 X272.813 Y401.568 E786.09564
G1 X272.813 Y413.08 E49.70059
; stop printing object Cube id:0 copy 0
;LAYER_CHANGE
;Z:349
;HEIGHT:1.5
;BEFORE_LAYER_CHANGE
;349
G92 E0

EXCLUDE_OBJECT_END NAME=Cube_id_0_copy_0
;AFTER_LAYER_CHANGE
;349
;_SET_FAN_SPEED_CHANGING_LAYER
; printing object Cube id:0 copy 0
;WIPE_START
G1 F600
G1 X272.813 Y403.08 E-30
;WIPE_END
EXCLUDE_OBJECT_START NAME=Cube_id_0_copy_0
G1 Z350 F15000
G1 X270.366 Y270.366 Z350
G1 Z349
G1 E40 F9000
;TYPE:Outer wall
;WIDTH:3.2
G1 F2779.615
G1 X729.634 Y270.366 E1982.72102
G1 F2760
M73 P76 R208
G1 X729.634 Y729.634 E1982.72107
G1 X270.366 Y729.634 E1982.72102
G1 X270.366 Y270.666 E1981.42588
;WIPE_START
G1 F600
G1 X280.366 Y270.66 E-30
;WIPE_END
G1 Z350 F15000
G1 X272.813 Y413.08 Z350
G1 Z349
G1 E40 F9000
;TYPE:Sparse infill
;WIDTH:3.2
G1 F2779.614
G1 X272.813 Y401.568 E49.70059
G1 X401.568 Y272.813 E786.09564
G1 X413.08 Y272.813 E49.70059
;WIPE_START
G1 F600
G1 X403.08 Y272.813 E-30
;WIPE_END
G1 Z350 F15000
G1 X272.813 Y575.89 Z350
G1 Z349
G1 E40 F9000
G1 F2779.614
G1 X272.813 Y564.377 E49.70059
G1 X564.378 Y272.813 E1780.10741
G1 X575.89 Y272.813 E49.70059
;WIPE_START
G1 F600
G1 X565.89 Y272.813 E-30
;WIPE_END
G1 Z350 F15000
G1 X727.187 Y413.08 Z350
G1 Z349
M73 P76 R207
G1 E40 F9000
G1 F2779.614
G1 X727.187 Y401.568 E49.70059
G1 X598.432 Y272.813 E786.09564
G1 X586.92 Y272.813 E49.70059
;WIPE_START
G1 F600
G1 X596.92 Y272.813 E-30
;WIPE_END
G1 Z350 F15000
G1 X727.187 Y575.89 Z350
G1 Z349
G1 E40 F9000
G1 F2779.614
G1 X727.187 Y564.378 E49.70059
G1 X435.622 Y272.813 E1780.10742
G1 X424.11 Y272.813 E49.70059
;WIPE_START
G1 F600
G1 X434.11 Y272.813 E-30
;WIPE_END
G1 Z350 F15000
G1 X424.11 Y727.187 Z350
G1 Z349
G1 E40 F9000
G1 F2779.614
G1 X435.622 Y727.187 E49.70059
G1 X727.187 Y435.623 E1780.10743
G1 X727.187 Y424.11 E49.70059
;WIPE_START
G1 F600
G1 X727.187 Y434.11 E-30
;WIPE_END
G1 Z350 F15000
G1 X715.675 Y727.187 Z350
G1 Z349
G1 E40 F9000
G1 F2779.614
G1 X727.187 Y727.187 E49.70059
G1 X272.813 Y272.813 E2774.11918
G1 X284.325 Y272.813 E49.70059
;WIPE_START
G1 F600
G1 X274.325 Y272.813 E-30
;WIPE_END
G1 Z350 F15000
G1 X284.325 Y727.187 Z350
G1 Z349
G1 E40 F9000
G1 F2779.614
G1 X272.813 Y727.187 E49.70025
G1 X727.187 Y272.813 E2774.11872
G1 X715.675 Y272.813 E49.70027
M73 P76 R206
;WIPE_START
G1 F600
G1 X725.675 Y272.813 E-30
;WIPE_END
G1 Z350 F15000
G1 X586.92 Y727.187 Z350
G1 Z349
G1 E40 F9000
G1 F2779.614
G1 X598.432 Y727.187 E49.70059
G1 X727.187 Y598.432 E786.09565
G1 X727.187 Y586.92 E49.70059
;WIPE_START
G1 F600
G1 X727.187 Y596.92 E-30
;WIPE_END
G1 Z350 F15000
G1 X575.89 Y727.187 Z350
G1 Z349
G1 E40 F9000
G1 F2779.614
G1 X564.378 Y727.187 E49.70059
G1 X272.813 Y435.622 E1780.10742
G1 X272.813 Y424.11 E49.70059
M73 P77 R206
;WIPE_START
G1 F600
G1 X272.813 Y434.11 E-30
;WIPE_END
G1 Z350 F15000
G1 X413.08 Y727.187 Z350
G1 Z349
G1 E40 F9000
G1 F2779.614
G1 X401.568 Y727.187 E49.70059
G1 X272.813 Y598.432 E786.09565
G1 X272.813 Y586.92 E49.70059
; stop printing object Cube id:0 copy 0
;LAYER_CHANGE
;Z:350.5
;HEIGHT:1.5
;BEFORE_LAYER_CHANGE
;350.5
G92 E0

EXCLUDE_OBJECT_END NAME=Cube_id_0_copy_0
;AFTER_LAYER_CHANGE
;350.5
;_SET_FAN_SPEED_CHANGING_LAYER
; printing object Cube id:0 copy 0
;WIPE_START
G1 F600
G1 X272.813 Y596.92 E-30
;WIPE_END
EXCLUDE_OBJECT_START NAME=Cube_id_0_copy_0
G1 Z351.5 F15000
G1 X270.366 Y729.634 Z351.5
G1 Z350.5
G1 E40 F9000
;TYPE:Outer wall
;WIDTH:3.2
G1 F2779.615
G1 X270.366 Y270.366 E1982.72102
G1 F2760
G1 X729.634 Y270.366 E1982.72107
G1 X729.634 Y729.634 E1982.72102
M73 P77 R205
G1 X270.666 Y729.634 E1981.42588
;WIPE_START
G1 F600
G1 X270.66 Y719.634 E-30
;WIPE_END
G1 Z351.5 F15000
G1 X272.813 Y586.92 Z351.5
G1 Z350.5
G1 E40 F9000
;TYPE:Sparse infill
;WIDTH:3.2
G1 F2779.614
G1 X272.813 Y598.432 E49.70059
G1 X401.568 Y727.187 E786.09565
G1 X413.08 Y727.187 E49.70059
;WIPE_START
G1 F600
G1 X403.08 Y727.187 E-30
;WIPE_END
G1 Z351.5 F15000
G1 X272.813 Y424.11 Z351.5
G1 Z350.5
G1 E40 F9000
G1 F2779.614
G1 X272.813 Y435.622 E49.70059
G1 X564.378 Y727.187 E1780.10742
G1 X575.89 Y727.187 E49.70059
;WIPE_START
G1 F600
G1 X565.89 Y727.187 E-30
;WIPE_END
G1 Z351.5 F15000
G1 X727.187 Y586.92 Z351.5
G1 Z350.5
G1 E40 F9000
G1 F2779.614
G1 X727.187 Y598.432 E49.70059
G1 X598.432 Y727.187 E786.09565
G1 X586.92 Y727.187 E49.70059
;WIPE_START
G1 F600
G1 X596.92 Y727.187 E-30
;WIPE_END
G1 Z351.5 F15000
G1 X727.187 Y424.11 Z351.5
G1 Z350.5
G1 E40 F9000
G1 F2779.614
G1 X727.187 Y435.623 E49.70059
G1 X435.622 Y727.187 E1780.10743
G1 X424.11 Y727.187 E49.70059
M73 P77 R204
;WIPE_START
G1 F600
G1 X434.11 Y727.187 E-30
;WIPE_END
G1 Z351.5 F15000
G1 X424.11 Y272.813 Z351.5
G1 Z350.5
G1 E40 F9000
G1 F2779.614
G1 X435.622 Y272.813 E49.70059
G1 X727.187 Y564.378 E1780.10742
G1 X727.187 Y575.89 E49.70059
;WIPE_START
G1 F600
G1 X727.187 Y565.89 E-30
;WIPE_END
G1 Z351.5 F15000
G1 X715.675 Y272.813 Z351.5
G1 Z350.5
G1 E40 F9000
G1 F2779.614
G1 X727.187 Y272.813 E49.70027
G1 X272.813 Y727.187 E2774.11872
G1 X284.325 Y727.187 E49.70025
;WIPE_START
G1 F600
G1 X274.325 Y727.187 E-30
;WIPE_END
G1 Z351.5 F15000
G1 X284.325 Y272.813 Z351.5
G1 Z350.5
G1 E40 F9000
G1 F2779.614
G1 X272.813 Y272.813 E49.70059
G1 X727.187 Y727.187 E2774.11918
G1 X715.675 Y727.187 E49.70059
;WIPE_START
G1 F600
G1 X725.675 Y727.187 E-30
;WIPE_END
G1 Z351.5 F15000
G1 X586.92 Y272.813 Z351.5
G1 Z350.5
G1 E40 F9000
G1 F2779.614
G1 X598.432 Y272.813 E49.70059
G1 X727.187 Y401.568 E786.09564
G1 X727.187 Y413.08 E49.70059
;WIPE_START
G1 F600
M73 P77 R203
G1 X727.187 Y403.08 E-30
;WIPE_END
G1 Z351.5 F15000
G1 X575.89 Y272.813 Z351.5
G1 Z350.5
G1 E40 F9000
G1 F2779.614
G1 X564.378 Y272.813 E49.70059
G1 X272.813 Y564.377 E1780.10741
G1 X272.813 Y575.89 E49.70059
;WIPE_START
G1 F600
G1 X272.813 Y565.89 E-30
;WIPE_END
G1 Z351.5 F15000
G1 X413.08 Y272.813 Z351.5
G1 Z350.5
G1 E40 F9000
G1 F2779.614
G1 X401.568 Y272.813 E49.70059
G1 X272.813 Y401.568 E786.09564
G1 X272.813 Y413.08 E49.70059
; stop printing object Cube id:0 copy 0
;LAYER_CHANGE
;Z:352
;HEIGHT:1.5
;BEFORE_LAYER_CHANGE
;352
G92 E0

EXCLUDE_OBJECT_END NAME=Cube_id_0_copy_0
;AFTER_LAYER_CHANGE
;352
;_SET_FAN_SPEED_CHANGING_LAYER
; printing object Cube id:0 copy 0
;WIPE_START
G1 F600
G1 X272.813 Y403.08 E-30
;WIPE_END
EXCLUDE_OBJECT_START NAME=Cube_id_0_copy_0
G1 Z353 F15000
G1 X270.366 Y270.366 Z353
G1 Z352
G1 E40 F9000
;TYPE:Outer wall
;WIDTH:3.2
G1 F2779.615
G1 X729.634 Y270.366 E1982.72102
G1 F2760
G1 X729.634 Y729.634 E1982.72107
G1 X270.366 Y729.634 E1982.72102
G1 X270.366 Y270.666 E1981.42588
;WIPE_START
G1 F600
M73 P77 R202
G1 X280.366 Y270.66 E-30
;WIPE_END
G1 Z353 F15000
G1 X272.813 Y413.08 Z353
G1 Z352
G1 E40 F9000
;TYPE:Sparse infill
;WIDTH:3.2
G1 F2779.614
G1 X272.813 Y401.568 E49.70059
G1 X401.568 Y272.813 E786.09564
G1 X413.08 Y272.813 E49.70059
;WIPE_START
G1 F600
G1 X403.08 Y272.813 E-30
;WIPE_END
G1 Z353 F15000
G1 X272.813 Y575.89 Z353
G1 Z352
G1 E40 F9000
G1 F2779.614
G1 X272.813 Y564.377 E49.70059
G1 X564.378 Y272.813 E1780.10741
G1 X575.89 Y272.813 E49.70059
;WIPE_START
G1 F600
G1 X565.89 Y272.813 E-30
;WIPE_END
G1 Z353 F15000
G1 X727.187 Y413.08 Z353
G1 Z352
G1 E40 F9000
G1 F2779.614
G1 X727.187 Y401.568 E49.70059
G1 X598.432 Y272.813 E786.09564
G1 X586.92 Y272.813 E49.70059
;WIPE_START
G1 F600
G1 X596.92 Y272.813 E-30
;WIPE_END
G1 Z353 F15000
G1 X727.187 Y575.89 Z353
G1 Z352
G1 E40 F9000
G1 F2779.614
G1 X727.187 Y564.378 E49.70059
G1 X435.622 Y272.813 E1780.10742
G1 X424.11 Y272.813 E49.70059
;WIPE_START
G1 F600
G1 X434.11 Y272.813 E-30
;WIPE_END
G1 Z353 F15000
G1 X424.11 Y727.187 Z353
G1 Z352
G1 E40 F9000
G1 F2779.614
G1 X435.622 Y727.187 E49.70059
G1 X727.187 Y435.623 E1780.10743
G1 X727.187 Y424.11 E49.70059
;WIPE_START
G1 F600
G1 X727.187 Y434.11 E-30
;WIPE_END
G1 Z353 F15000
G1 X715.675 Y727.187 Z353
G1 Z352
M73 P77 R201
G1 E40 F9000
G1 F2779.614
G1 X727.187 Y727.187 E49.70059
G1 X272.813 Y272.813 E2774.11918
G1 X284.325 Y272.813 E49.70059
;WIPE_START
G1 F600
G1 X274.325 Y272.813 E-30
;WIPE_END
G1 Z353 F15000
G1 X284.325 Y727.187 Z353
G1 Z352
G1 E40 F9000
G1 F2779.614
G1 X272.813 Y727.187 E49.70025
G1 X727.187 Y272.813 E2774.11872
G1 X715.675 Y272.813 E49.70027
;WIPE_START
G1 F600
G1 X725.675 Y272.813 E-30
;WIPE_END
G1 Z353 F15000
G1 X586.92 Y727.187 Z353
G1 Z352
G1 E40 F9000
G1 F2779.614
G1 X598.432 Y727.187 E49.70059
G1 X727.187 Y598.432 E786.09565
G1 X727.187 Y586.92 E49.70059
;WIPE_START
G1 F600
G1 X727.187 Y596.92 E-30
;WIPE_END
G1 Z353 F15000
G1 X575.89 Y727.187 Z353
G1 Z352
G1 E40 F9000
G1 F2779.614
G1 X564.378 Y727.187 E49.70059
G1 X272.813 Y435.622 E1780.10742
G1 X272.813 Y424.11 E49.70059
;WIPE_START
G1 F600
G1 X272.813 Y434.11 E-30
;WIPE_END
G1 Z353 F15000
G1 X413.08 Y727.187 Z353
G1 Z352
G1 E40 F9000
G1 F2779.614
G1 X401.568 Y727.187 E49.70059
G1 X272.813 Y598.432 E786.09565
G1 X272.813 Y586.92 E49.70059
M73 P77 R200
; stop printing object Cube id:0 copy 0
;LAYER_CHANGE
;Z:353.5
;HEIGHT:1.5
;BEFORE_LAYER_CHANGE
;353.5
G92 E0

EXCLUDE_OBJECT_END NAME=Cube_id_0_copy_0
;AFTER_LAYER_CHANGE
;353.5
;_SET_FAN_SPEED_CHANGING_LAYER
; printing object Cube id:0 copy 0
;WIPE_START
G1 F600
G1 X272.813 Y596.92 E-30
;WIPE_END
EXCLUDE_OBJECT_START NAME=Cube_id_0_copy_0
G1 Z354.5 F15000
G1 X270.366 Y729.634 Z354.5
G1 Z353.5
G1 E40 F9000
;TYPE:Outer wall
;WIDTH:3.2
G1 F2779.615
G1 X270.366 Y270.366 E1982.72102
G1 F2760
G1 X729.634 Y270.366 E1982.72107
G1 X729.634 Y729.634 E1982.72102
G1 X270.666 Y729.634 E1981.42588
;WIPE_START
G1 F600
G1 X270.66 Y719.634 E-30
;WIPE_END
G1 Z354.5 F15000
G1 X272.813 Y586.92 Z354.5
G1 Z353.5
G1 E40 F9000
;TYPE:Sparse infill
;WIDTH:3.2
G1 F2779.614
G1 X272.813 Y598.432 E49.70059
G1 X401.568 Y727.187 E786.09565
G1 X413.08 Y727.187 E49.70059
;WIPE_START
G1 F600
G1 X403.08 Y727.187 E-30
;WIPE_END
G1 Z354.5 F15000
G1 X272.813 Y424.11 Z354.5
G1 Z353.5
G1 E40 F9000
G1 F2779.614
G1 X272.813 Y435.622 E49.70059
G1 X564.378 Y727.187 E1780.10742
G1 X575.89 Y727.187 E49.70059
M73 P77 R199
;WIPE_START
G1 F600
G1 X565.89 Y727.187 E-30
;WIPE_END
G1 Z354.5 F15000
G1 X727.187 Y586.92 Z354.5
G1 Z353.5
G1 E40 F9000
G1 F2779.614
G1 X727.187 Y598.432 E49.70059
G1 X598.432 Y727.187 E786.09565
G1 X586.92 Y727.187 E49.70059
;WIPE_START
G1 F600
G1 X596.92 Y727.187 E-30
;WIPE_END
G1 Z354.5 F15000
G1 X727.187 Y424.11 Z354.5
G1 Z353.5
G1 E40 F9000
G1 F2779.614
G1 X727.187 Y435.623 E49.70059
G1 X435.622 Y727.187 E1780.10743
G1 X424.11 Y727.187 E49.70059
;WIPE_START
G1 F600
G1 X434.11 Y727.187 E-30
;WIPE_END
G1 Z354.5 F15000
G1 X424.11 Y272.813 Z354.5
G1 Z353.5
G1 E40 F9000
G1 F2779.614
G1 X435.622 Y272.813 E49.70059
G1 X727.187 Y564.378 E1780.10742
G1 X727.187 Y575.89 E49.70059
;WIPE_START
G1 F600
G1 X727.187 Y565.89 E-30
;WIPE_END
G1 Z354.5 F15000
G1 X715.675 Y272.813 Z354.5
G1 Z353.5
G1 E40 F9000
G1 F2779.614
G1 X727.187 Y272.813 E49.70027
G1 X272.813 Y727.187 E2774.11872
G1 X284.325 Y727.187 E49.70025
;WIPE_START
G1 F600
G1 X274.325 Y727.187 E-30
;WIPE_END
G1 Z354.5 F15000
M73 P77 R198
G1 X284.325 Y272.813 Z354.5
G1 Z353.5
G1 E40 F9000
G1 F2779.614
G1 X272.813 Y272.813 E49.70059
G1 X727.187 Y727.187 E2774.11918
G1 X715.675 Y727.187 E49.70059
;WIPE_START
G1 F600
G1 X725.675 Y727.187 E-30
;WIPE_END
G1 Z354.5 F15000
G1 X586.92 Y272.813 Z354.5
G1 Z353.5
G1 E40 F9000
G1 F2779.614
G1 X598.432 Y272.813 E49.70059
G1 X727.187 Y401.568 E786.09564
G1 X727.187 Y413.08 E49.70059
;WIPE_START
G1 F600
G1 X727.187 Y403.08 E-30
;WIPE_END
G1 Z354.5 F15000
G1 X575.89 Y272.813 Z354.5
G1 Z353.5
G1 E40 F9000
G1 F2779.614
G1 X564.378 Y272.813 E49.70059
G1 X272.813 Y564.377 E1780.10741
G1 X272.813 Y575.89 E49.70059
;WIPE_START
G1 F600
G1 X272.813 Y565.89 E-30
;WIPE_END
G1 Z354.5 F15000
G1 X413.08 Y272.813 Z354.5
G1 Z353.5
G1 E40 F9000
G1 F2779.614
G1 X401.568 Y272.813 E49.70059
G1 X272.813 Y401.568 E786.09564
G1 X272.813 Y413.08 E49.70059
; stop printing object Cube id:0 copy 0
;LAYER_CHANGE
;Z:355
;HEIGHT:1.5
;BEFORE_LAYER_CHANGE
;355
G92 E0

EXCLUDE_OBJECT_END NAME=Cube_id_0_copy_0
;AFTER_LAYER_CHANGE
;355
;_SET_FAN_SPEED_CHANGING_LAYER
; printing object Cube id:0 copy 0
;WIPE_START
G1 F600
G1 X272.813 Y403.08 E-30
;WIPE_END
EXCLUDE_OBJECT_START NAME=Cube_id_0_copy_0
G1 Z356 F15000
G1 X270.366 Y270.366 Z356
G1 Z355
G1 E40 F9000
;TYPE:Outer wall
;WIDTH:3.2
G1 F2779.615
G1 X729.634 Y270.366 E1982.72102
G1 F2760
G1 X729.634 Y729.634 E1982.72107
G1 X270.366 Y729.634 E1982.72102
M73 P77 R197
G1 X270.366 Y270.666 E1981.42588
;WIPE_START
G1 F600
M73 P78 R197
G1 X280.366 Y270.66 E-30
;WIPE_END
G1 Z356 F15000
G1 X272.813 Y413.08 Z356
G1 Z355
G1 E40 F9000
;TYPE:Sparse infill
;WIDTH:3.2
G1 F2779.614
G1 X272.813 Y401.568 E49.70059
G1 X401.568 Y272.813 E786.09564
G1 X413.08 Y272.813 E49.70059
;WIPE_START
G1 F600
G1 X403.08 Y272.813 E-30
;WIPE_END
G1 Z356 F15000
G1 X272.813 Y575.89 Z356
G1 Z355
G1 E40 F9000
G1 F2779.614
G1 X272.813 Y564.377 E49.70059
G1 X564.378 Y272.813 E1780.10741
G1 X575.89 Y272.813 E49.70059
;WIPE_START
G1 F600
G1 X565.89 Y272.813 E-30
;WIPE_END
G1 Z356 F15000
G1 X727.187 Y413.08 Z356
G1 Z355
G1 E40 F9000
G1 F2779.614
G1 X727.187 Y401.568 E49.70059
G1 X598.432 Y272.813 E786.09564
G1 X586.92 Y272.813 E49.70059
;WIPE_START
G1 F600
G1 X596.92 Y272.813 E-30
;WIPE_END
G1 Z356 F15000
G1 X727.187 Y575.89 Z356
G1 Z355
M73 P78 R196
G1 E40 F9000
G1 F2779.614
G1 X727.187 Y564.378 E49.70059
G1 X435.622 Y272.813 E1780.10742
G1 X424.11 Y272.813 E49.70059
;WIPE_START
G1 F600
G1 X434.11 Y272.813 E-30
;WIPE_END
G1 Z356 F15000
G1 X424.11 Y727.187 Z356
G1 Z355
G1 E40 F9000
G1 F2779.614
G1 X435.622 Y727.187 E49.70059
G1 X727.187 Y435.623 E1780.10743
G1 X727.187 Y424.11 E49.70059
;WIPE_START
G1 F600
G1 X727.187 Y434.11 E-30
;WIPE_END
G1 Z356 F15000
G1 X715.675 Y727.187 Z356
G1 Z355
G1 E40 F9000
G1 F2779.614
G1 X727.187 Y727.187 E49.70059
G1 X272.813 Y272.813 E2774.11918
G1 X284.325 Y272.813 E49.70059
;WIPE_START
G1 F600
G1 X274.325 Y272.813 E-30
;WIPE_END
G1 Z356 F15000
G1 X284.325 Y727.187 Z356
G1 Z355
G1 E40 F9000
G1 F2779.614
G1 X272.813 Y727.187 E49.70025
G1 X727.187 Y272.813 E2774.11872
G1 X715.675 Y272.813 E49.70027
M73 P78 R195
;WIPE_START
G1 F600
G1 X725.675 Y272.813 E-30
;WIPE_END
G1 Z356 F15000
G1 X586.92 Y727.187 Z356
G1 Z355
G1 E40 F9000
G1 F2779.614
G1 X598.432 Y727.187 E49.70059
G1 X727.187 Y598.432 E786.09565
G1 X727.187 Y586.92 E49.70059
;WIPE_START
G1 F600
G1 X727.187 Y596.92 E-30
;WIPE_END
G1 Z356 F15000
G1 X575.89 Y727.187 Z356
G1 Z355
G1 E40 F9000
G1 F2779.614
G1 X564.378 Y727.187 E49.70059
G1 X272.813 Y435.622 E1780.10742
G1 X272.813 Y424.11 E49.70059
;WIPE_START
G1 F600
G1 X272.813 Y434.11 E-30
;WIPE_END
G1 Z356 F15000
G1 X413.08 Y727.187 Z356
G1 Z355
G1 E40 F9000
G1 F2779.614
G1 X401.568 Y727.187 E49.70059
G1 X272.813 Y598.432 E786.09565
G1 X272.813 Y586.92 E49.70059
; stop printing object Cube id:0 copy 0
;LAYER_CHANGE
;Z:356.5
;HEIGHT:1.5
;BEFORE_LAYER_CHANGE
;356.5
G92 E0

EXCLUDE_OBJECT_END NAME=Cube_id_0_copy_0
;AFTER_LAYER_CHANGE
;356.5
;_SET_FAN_SPEED_CHANGING_LAYER
; printing object Cube id:0 copy 0
;WIPE_START
G1 F600
G1 X272.813 Y596.92 E-30
;WIPE_END
EXCLUDE_OBJECT_START NAME=Cube_id_0_copy_0
G1 Z357.5 F15000
G1 X270.366 Y729.634 Z357.5
G1 Z356.5
G1 E40 F9000
;TYPE:Outer wall
;WIDTH:3.2
G1 F2779.615
G1 X270.366 Y270.366 E1982.72102
G1 F2760
G1 X729.634 Y270.366 E1982.72107
G1 X729.634 Y729.634 E1982.72102
G1 X270.666 Y729.634 E1981.42588
M73 P78 R194
;WIPE_START
G1 F600
G1 X270.66 Y719.634 E-30
;WIPE_END
G1 Z357.5 F15000
G1 X272.813 Y586.92 Z357.5
G1 Z356.5
G1 E40 F9000
;TYPE:Sparse infill
;WIDTH:3.2
G1 F2779.614
G1 X272.813 Y598.432 E49.70059
G1 X401.568 Y727.187 E786.09565
G1 X413.08 Y727.187 E49.70059
;WIPE_START
G1 F600
G1 X403.08 Y727.187 E-30
;WIPE_END
G1 Z357.5 F15000
G1 X272.813 Y424.11 Z357.5
G1 Z356.5
G1 E40 F9000
G1 F2779.614
G1 X272.813 Y435.622 E49.70059
G1 X564.378 Y727.187 E1780.10742
G1 X575.89 Y727.187 E49.70059
;WIPE_START
G1 F600
G1 X565.89 Y727.187 E-30
;WIPE_END
G1 Z357.5 F15000
G1 X727.187 Y586.92 Z357.5
G1 Z356.5
G1 E40 F9000
G1 F2779.614
G1 X727.187 Y598.432 E49.70059
G1 X598.432 Y727.187 E786.09565
G1 X586.92 Y727.187 E49.70059
;WIPE_START
G1 F600
G1 X596.92 Y727.187 E-30
;WIPE_END
G1 Z357.5 F15000
G1 X727.187 Y424.11 Z357.5
G1 Z356.5
G1 E40 F9000
G1 F2779.614
G1 X727.187 Y435.623 E49.70059
G1 X435.622 Y727.187 E1780.10743
G1 X424.11 Y727.187 E49.70059
;WIPE_START
G1 F600
G1 X434.11 Y727.187 E-30
;WIPE_END
G1 Z357.5 F15000
G1 X424.11 Y272.813 Z357.5
G1 Z356.5
G1 E40 F9000
G1 F2779.614
G1 X435.622 Y272.813 E49.70059
G1 X727.187 Y564.378 E1780.10742
G1 X727.187 Y575.89 E49.70059
M73 P78 R193
;WIPE_START
G1 F600
G1 X727.187 Y565.89 E-30
;WIPE_END
G1 Z357.5 F15000
G1 X715.675 Y272.813 Z357.5
G1 Z356.5
G1 E40 F9000
G1 F2779.614
G1 X727.187 Y272.813 E49.70027
G1 X272.813 Y727.187 E2774.11872
G1 X284.325 Y727.187 E49.70025
;WIPE_START
G1 F600
G1 X274.325 Y727.187 E-30
;WIPE_END
G1 Z357.5 F15000
G1 X284.325 Y272.813 Z357.5
G1 Z356.5
G1 E40 F9000
G1 F2779.614
G1 X272.813 Y272.813 E49.70059
G1 X727.187 Y727.187 E2774.11918
G1 X715.675 Y727.187 E49.70059
;WIPE_START
G1 F600
G1 X725.675 Y727.187 E-30
;WIPE_END
G1 Z357.5 F15000
G1 X586.92 Y272.813 Z357.5
G1 Z356.5
G1 E40 F9000
G1 F2779.614
G1 X598.432 Y272.813 E49.70059
G1 X727.187 Y401.568 E786.09564
G1 X727.187 Y413.08 E49.70059
;WIPE_START
G1 F600
G1 X727.187 Y403.08 E-30
;WIPE_END
G1 Z357.5 F15000
G1 X575.89 Y272.813 Z357.5
G1 Z356.5
G1 E40 F9000
G1 F2779.614
G1 X564.378 Y272.813 E49.70059
G1 X272.813 Y564.377 E1780.10741
G1 X272.813 Y575.89 E49.70059
M73 P78 R192
;WIPE_START
G1 F600
G1 X272.813 Y565.89 E-30
;WIPE_END
G1 Z357.5 F15000
G1 X413.08 Y272.813 Z357.5
G1 Z356.5
G1 E40 F9000
G1 F2779.614
G1 X401.568 Y272.813 E49.70059
G1 X272.813 Y401.568 E786.09564
G1 X272.813 Y413.08 E49.70059
; stop printing object Cube id:0 copy 0
;LAYER_CHANGE
;Z:358
;HEIGHT:1.5
;BEFORE_LAYER_CHANGE
;358
G92 E0

EXCLUDE_OBJECT_END NAME=Cube_id_0_copy_0
;AFTER_LAYER_CHANGE
;358
;_SET_FAN_SPEED_CHANGING_LAYER
; printing object Cube id:0 copy 0
;WIPE_START
G1 F600
G1 X272.813 Y403.08 E-30
;WIPE_END
EXCLUDE_OBJECT_START NAME=Cube_id_0_copy_0
G1 Z359 F15000
G1 X270.366 Y270.366 Z359
G1 Z358
G1 E40 F9000
;TYPE:Outer wall
;WIDTH:3.2
G1 F2779.615
G1 X729.634 Y270.366 E1982.72102
G1 F2760
G1 X729.634 Y729.634 E1982.72107
G1 X270.366 Y729.634 E1982.72102
G1 X270.366 Y270.666 E1981.42588
;WIPE_START
G1 F600
G1 X280.366 Y270.66 E-30
;WIPE_END
G1 Z359 F15000
G1 X272.813 Y413.08 Z359
G1 Z358
G1 E40 F9000
;TYPE:Sparse infill
;WIDTH:3.2
G1 F2779.614
G1 X272.813 Y401.568 E49.70059
G1 X401.568 Y272.813 E786.09564
G1 X413.08 Y272.813 E49.70059
M73 P78 R191
;WIPE_START
G1 F600
G1 X403.08 Y272.813 E-30
;WIPE_END
G1 Z359 F15000
G1 X272.813 Y575.89 Z359
G1 Z358
G1 E40 F9000
G1 F2779.614
G1 X272.813 Y564.377 E49.70059
G1 X564.378 Y272.813 E1780.10741
G1 X575.89 Y272.813 E49.70059
;WIPE_START
G1 F600
G1 X565.89 Y272.813 E-30
;WIPE_END
G1 Z359 F15000
G1 X727.187 Y413.08 Z359
G1 Z358
G1 E40 F9000
G1 F2779.614
G1 X727.187 Y401.568 E49.70059
G1 X598.432 Y272.813 E786.09564
G1 X586.92 Y272.813 E49.70059
;WIPE_START
G1 F600
G1 X596.92 Y272.813 E-30
;WIPE_END
G1 Z359 F15000
G1 X727.187 Y575.89 Z359
G1 Z358
G1 E40 F9000
G1 F2779.614
G1 X727.187 Y564.378 E49.70059
G1 X435.622 Y272.813 E1780.10742
G1 X424.11 Y272.813 E49.70059
;WIPE_START
G1 F600
G1 X434.11 Y272.813 E-30
;WIPE_END
G1 Z359 F15000
G1 X424.11 Y727.187 Z359
G1 Z358
G1 E40 F9000
G1 F2779.614
G1 X435.622 Y727.187 E49.70059
G1 X727.187 Y435.623 E1780.10743
G1 X727.187 Y424.11 E49.70059
;WIPE_START
G1 F600
G1 X727.187 Y434.11 E-30
;WIPE_END
G1 Z359 F15000
G1 X715.675 Y727.187 Z359
G1 Z358
G1 E40 F9000
G1 F2779.614
G1 X727.187 Y727.187 E49.70059
G1 X272.813 Y272.813 E2774.11918
G1 X284.325 Y272.813 E49.70059
M73 P78 R190
;WIPE_START
G1 F600
G1 X274.325 Y272.813 E-30
;WIPE_END
G1 Z359 F15000
G1 X284.325 Y727.187 Z359
G1 Z358
G1 E40 F9000
G1 F2779.614
G1 X272.813 Y727.187 E49.70025
G1 X727.187 Y272.813 E2774.11872
G1 X715.675 Y272.813 E49.70027
;WIPE_START
G1 F600
G1 X725.675 Y272.813 E-30
;WIPE_END
G1 Z359 F15000
G1 X586.92 Y727.187 Z359
G1 Z358
G1 E40 F9000
G1 F2779.614
G1 X598.432 Y727.187 E49.70059
G1 X727.187 Y598.432 E786.09565
G1 X727.187 Y586.92 E49.70059
;WIPE_START
G1 F600
G1 X727.187 Y596.92 E-30
;WIPE_END
G1 Z359 F15000
G1 X575.89 Y727.187 Z359
G1 Z358
G1 E40 F9000
G1 F2779.614
G1 X564.378 Y727.187 E49.70059
G1 X272.813 Y435.622 E1780.10742
G1 X272.813 Y424.11 E49.70059
;WIPE_START
G1 F600
G1 X272.813 Y434.11 E-30
;WIPE_END
G1 Z359 F15000
G1 X413.08 Y727.187 Z359
G1 Z358
G1 E40 F9000
G1 F2779.614
G1 X401.568 Y727.187 E49.70059
G1 X272.813 Y598.432 E786.09565
G1 X272.813 Y586.92 E49.70059
; stop printing object Cube id:0 copy 0
;LAYER_CHANGE
;Z:359.5
;HEIGHT:1.5
;BEFORE_LAYER_CHANGE
;359.5
G92 E0

EXCLUDE_OBJECT_END NAME=Cube_id_0_copy_0
;AFTER_LAYER_CHANGE
;359.5
;_SET_FAN_SPEED_CHANGING_LAYER
; printing object Cube id:0 copy 0
;WIPE_START
G1 F600
G1 X272.813 Y596.92 E-30
;WIPE_END
EXCLUDE_OBJECT_START NAME=Cube_id_0_copy_0
G1 Z360.5 F15000
G1 X270.366 Y729.634 Z360.5
G1 Z359.5
G1 E40 F9000
;TYPE:Outer wall
;WIDTH:3.2
G1 F2779.615
G1 X270.366 Y270.366 E1982.72102
G1 F2760
M73 P78 R189
G1 X729.634 Y270.366 E1982.72107
G1 X729.634 Y729.634 E1982.72102
G1 X270.666 Y729.634 E1981.42588
;WIPE_START
G1 F600
G1 X270.66 Y719.634 E-30
;WIPE_END
G1 Z360.5 F15000
G1 X272.813 Y586.92 Z360.5
G1 Z359.5
G1 E40 F9000
;TYPE:Sparse infill
;WIDTH:3.2
G1 F2779.614
G1 X272.813 Y598.432 E49.70059
G1 X401.568 Y727.187 E786.09565
G1 X413.08 Y727.187 E49.70059
;WIPE_START
G1 F600
G1 X403.08 Y727.187 E-30
;WIPE_END
G1 Z360.5 F15000
G1 X272.813 Y424.11 Z360.5
G1 Z359.5
G1 E40 F9000
G1 F2779.614
G1 X272.813 Y435.622 E49.70059
G1 X564.378 Y727.187 E1780.10742
G1 X575.89 Y727.187 E49.70059
;WIPE_START
G1 F600
G1 X565.89 Y727.187 E-30
;WIPE_END
G1 Z360.5 F15000
G1 X727.187 Y586.92 Z360.5
G1 Z359.5
M73 P78 R188
G1 E40 F9000
G1 F2779.614
G1 X727.187 Y598.432 E49.70059
G1 X598.432 Y727.187 E786.09565
G1 X586.92 Y727.187 E49.70059
;WIPE_START
G1 F600
G1 X596.92 Y727.187 E-30
;WIPE_END
G1 Z360.5 F15000
G1 X727.187 Y424.11 Z360.5
G1 Z359.5
G1 E40 F9000
G1 F2779.614
G1 X727.187 Y435.623 E49.70059
G1 X435.622 Y727.187 E1780.10743
G1 X424.11 Y727.187 E49.70059
;WIPE_START
G1 F600
G1 X434.11 Y727.187 E-30
;WIPE_END
G1 Z360.5 F15000
M73 P79 R188
G1 X424.11 Y272.813 Z360.5
G1 Z359.5
G1 E40 F9000
G1 F2779.614
G1 X435.622 Y272.813 E49.70059
G1 X727.187 Y564.378 E1780.10742
G1 X727.187 Y575.89 E49.70059
;WIPE_START
G1 F600
G1 X727.187 Y565.89 E-30
;WIPE_END
G1 Z360.5 F15000
G1 X715.675 Y272.813 Z360.5
G1 Z359.5
G1 E40 F9000
G1 F2779.614
G1 X727.187 Y272.813 E49.70027
G1 X272.813 Y727.187 E2774.11872
G1 X284.325 Y727.187 E49.70025
;WIPE_START
G1 F600
G1 X274.325 Y727.187 E-30
;WIPE_END
G1 Z360.5 F15000
G1 X284.325 Y272.813 Z360.5
G1 Z359.5
G1 E40 F9000
G1 F2779.614
G1 X272.813 Y272.813 E49.70059
G1 X727.187 Y727.187 E2774.11918
G1 X715.675 Y727.187 E49.70059
M73 P79 R187
;WIPE_START
G1 F600
G1 X725.675 Y727.187 E-30
;WIPE_END
G1 Z360.5 F15000
G1 X586.92 Y272.813 Z360.5
G1 Z359.5
G1 E40 F9000
G1 F2779.614
G1 X598.432 Y272.813 E49.70059
G1 X727.187 Y401.568 E786.09564
G1 X727.187 Y413.08 E49.70059
;WIPE_START
G1 F600
G1 X727.187 Y403.08 E-30
;WIPE_END
G1 Z360.5 F15000
G1 X575.89 Y272.813 Z360.5
G1 Z359.5
G1 E40 F9000
G1 F2779.614
G1 X564.378 Y272.813 E49.70059
G1 X272.813 Y564.377 E1780.10741
G1 X272.813 Y575.89 E49.70059
;WIPE_START
G1 F600
G1 X272.813 Y565.89 E-30
;WIPE_END
G1 Z360.5 F15000
G1 X413.08 Y272.813 Z360.5
G1 Z359.5
G1 E40 F9000
G1 F2779.614
G1 X401.568 Y272.813 E49.70059
G1 X272.813 Y401.568 E786.09564
G1 X272.813 Y413.08 E49.70059
; stop printing object Cube id:0 copy 0
;LAYER_CHANGE
;Z:361
;HEIGHT:1.5
;BEFORE_LAYER_CHANGE
;361
G92 E0

EXCLUDE_OBJECT_END NAME=Cube_id_0_copy_0
;AFTER_LAYER_CHANGE
;361
;_SET_FAN_SPEED_CHANGING_LAYER
; printing object Cube id:0 copy 0
;WIPE_START
G1 F600
G1 X272.813 Y403.08 E-30
;WIPE_END
EXCLUDE_OBJECT_START NAME=Cube_id_0_copy_0
G1 Z362 F15000
G1 X270.366 Y270.366 Z362
G1 Z361
G1 E40 F9000
;TYPE:Outer wall
;WIDTH:3.2
G1 F2779.615
G1 X729.634 Y270.366 E1982.72102
G1 F2760
G1 X729.634 Y729.634 E1982.72107
G1 X270.366 Y729.634 E1982.72102
M73 P79 R186
G1 X270.366 Y270.666 E1981.42588
;WIPE_START
G1 F600
G1 X280.366 Y270.66 E-30
;WIPE_END
G1 Z362 F15000
G1 X272.813 Y413.08 Z362
G1 Z361
G1 E40 F9000
;TYPE:Sparse infill
;WIDTH:3.2
G1 F2779.614
G1 X272.813 Y401.568 E49.70059
G1 X401.568 Y272.813 E786.09564
G1 X413.08 Y272.813 E49.70059
;WIPE_START
G1 F600
G1 X403.08 Y272.813 E-30
;WIPE_END
G1 Z362 F15000
G1 X272.813 Y575.89 Z362
G1 Z361
G1 E40 F9000
G1 F2779.614
G1 X272.813 Y564.377 E49.70059
G1 X564.378 Y272.813 E1780.10741
G1 X575.89 Y272.813 E49.70059
;WIPE_START
G1 F600
G1 X565.89 Y272.813 E-30
;WIPE_END
G1 Z362 F15000
G1 X727.187 Y413.08 Z362
G1 Z361
G1 E40 F9000
G1 F2779.614
G1 X727.187 Y401.568 E49.70059
G1 X598.432 Y272.813 E786.09564
G1 X586.92 Y272.813 E49.70059
;WIPE_START
G1 F600
G1 X596.92 Y272.813 E-30
;WIPE_END
G1 Z362 F15000
G1 X727.187 Y575.89 Z362
G1 Z361
G1 E40 F9000
G1 F2779.614
G1 X727.187 Y564.378 E49.70059
G1 X435.622 Y272.813 E1780.10742
G1 X424.11 Y272.813 E49.70059
M73 P79 R185
;WIPE_START
G1 F600
G1 X434.11 Y272.813 E-30
;WIPE_END
G1 Z362 F15000
G1 X424.11 Y727.187 Z362
G1 Z361
G1 E40 F9000
G1 F2779.614
G1 X435.622 Y727.187 E49.70059
G1 X727.187 Y435.623 E1780.10743
G1 X727.187 Y424.11 E49.70059
;WIPE_START
G1 F600
G1 X727.187 Y434.11 E-30
;WIPE_END
G1 Z362 F15000
G1 X715.675 Y727.187 Z362
G1 Z361
G1 E40 F9000
G1 F2779.614
G1 X727.187 Y727.187 E49.70059
G1 X272.813 Y272.813 E2774.11918
G1 X284.325 Y272.813 E49.70059
;WIPE_START
G1 F600
G1 X274.325 Y272.813 E-30
;WIPE_END
G1 Z362 F15000
G1 X284.325 Y727.187 Z362
G1 Z361
G1 E40 F9000
G1 F2779.614
G1 X272.813 Y727.187 E49.70025
G1 X727.187 Y272.813 E2774.11872
G1 X715.675 Y272.813 E49.70027
;WIPE_START
G1 F600
G1 X725.675 Y272.813 E-30
;WIPE_END
G1 Z362 F15000
G1 X586.92 Y727.187 Z362
G1 Z361
G1 E40 F9000
G1 F2779.614
G1 X598.432 Y727.187 E49.70059
G1 X727.187 Y598.432 E786.09565
G1 X727.187 Y586.92 E49.70059
M73 P79 R184
;WIPE_START
G1 F600
G1 X727.187 Y596.92 E-30
;WIPE_END
G1 Z362 F15000
G1 X575.89 Y727.187 Z362
G1 Z361
G1 E40 F9000
G1 F2779.614
G1 X564.378 Y727.187 E49.70059
G1 X272.813 Y435.622 E1780.10742
G1 X272.813 Y424.11 E49.70059
;WIPE_START
G1 F600
G1 X272.813 Y434.11 E-30
;WIPE_END
G1 Z362 F15000
G1 X413.08 Y727.187 Z362
G1 Z361
G1 E40 F9000
G1 F2779.614
G1 X401.568 Y727.187 E49.70059
G1 X272.813 Y598.432 E786.09565
G1 X272.813 Y586.92 E49.70059
; stop printing object Cube id:0 copy 0
;LAYER_CHANGE
;Z:362.5
;HEIGHT:1.5
;BEFORE_LAYER_CHANGE
;362.5
G92 E0

EXCLUDE_OBJECT_END NAME=Cube_id_0_copy_0
;AFTER_LAYER_CHANGE
;362.5
;_SET_FAN_SPEED_CHANGING_LAYER
; printing object Cube id:0 copy 0
;WIPE_START
G1 F600
G1 X272.813 Y596.92 E-30
;WIPE_END
EXCLUDE_OBJECT_START NAME=Cube_id_0_copy_0
G1 Z363.5 F15000
G1 X270.366 Y729.634 Z363.5
G1 Z362.5
G1 E40 F9000
;TYPE:Outer wall
;WIDTH:3.2
G1 F2779.615
G1 X270.366 Y270.366 E1982.72102
G1 F2760
G1 X729.634 Y270.366 E1982.72107
G1 X729.634 Y729.634 E1982.72102
G1 X270.666 Y729.634 E1981.42588
;WIPE_START
G1 F600
M73 P79 R183
G1 X270.66 Y719.634 E-30
;WIPE_END
G1 Z363.5 F15000
G1 X272.813 Y586.92 Z363.5
G1 Z362.5
G1 E40 F9000
;TYPE:Sparse infill
;WIDTH:3.2
G1 F2779.614
G1 X272.813 Y598.432 E49.70059
G1 X401.568 Y727.187 E786.09565
G1 X413.08 Y727.187 E49.70059
;WIPE_START
G1 F600
G1 X403.08 Y727.187 E-30
;WIPE_END
G1 Z363.5 F15000
G1 X272.813 Y424.11 Z363.5
G1 Z362.5
G1 E40 F9000
G1 F2779.614
G1 X272.813 Y435.622 E49.70059
G1 X564.378 Y727.187 E1780.10742
G1 X575.89 Y727.187 E49.70059
;WIPE_START
G1 F600
G1 X565.89 Y727.187 E-30
;WIPE_END
G1 Z363.5 F15000
G1 X727.187 Y586.92 Z363.5
G1 Z362.5
G1 E40 F9000
G1 F2779.614
G1 X727.187 Y598.432 E49.70059
G1 X598.432 Y727.187 E786.09565
G1 X586.92 Y727.187 E49.70059
;WIPE_START
G1 F600
G1 X596.92 Y727.187 E-30
;WIPE_END
G1 Z363.5 F15000
G1 X727.187 Y424.11 Z363.5
G1 Z362.5
G1 E40 F9000
G1 F2779.614
G1 X727.187 Y435.623 E49.70059
G1 X435.622 Y727.187 E1780.10743
G1 X424.11 Y727.187 E49.70059
;WIPE_START
G1 F600
G1 X434.11 Y727.187 E-30
;WIPE_END
G1 Z363.5 F15000
G1 X424.11 Y272.813 Z363.5
G1 Z362.5
G1 E40 F9000
G1 F2779.614
G1 X435.622 Y272.813 E49.70059
G1 X727.187 Y564.378 E1780.10742
G1 X727.187 Y575.89 E49.70059
;WIPE_START
G1 F600
G1 X727.187 Y565.89 E-30
;WIPE_END
G1 Z363.5 F15000
G1 X715.675 Y272.813 Z363.5
G1 Z362.5
M73 P79 R182
G1 E40 F9000
G1 F2779.614
G1 X727.187 Y272.813 E49.70027
G1 X272.813 Y727.187 E2774.11872
G1 X284.325 Y727.187 E49.70025
;WIPE_START
G1 F600
G1 X274.325 Y727.187 E-30
;WIPE_END
G1 Z363.5 F15000
G1 X284.325 Y272.813 Z363.5
G1 Z362.5
G1 E40 F9000
G1 F2779.614
G1 X272.813 Y272.813 E49.70059
G1 X727.187 Y727.187 E2774.11918
G1 X715.675 Y727.187 E49.70059
;WIPE_START
G1 F600
G1 X725.675 Y727.187 E-30
;WIPE_END
G1 Z363.5 F15000
G1 X586.92 Y272.813 Z363.5
G1 Z362.5
G1 E40 F9000
G1 F2779.614
G1 X598.432 Y272.813 E49.70059
G1 X727.187 Y401.568 E786.09564
G1 X727.187 Y413.08 E49.70059
;WIPE_START
G1 F600
G1 X727.187 Y403.08 E-30
;WIPE_END
G1 Z363.5 F15000
G1 X575.89 Y272.813 Z363.5
G1 Z362.5
G1 E40 F9000
G1 F2779.614
G1 X564.378 Y272.813 E49.70059
G1 X272.813 Y564.377 E1780.10741
G1 X272.813 Y575.89 E49.70059
;WIPE_START
G1 F600
G1 X272.813 Y565.89 E-30
;WIPE_END
G1 Z363.5 F15000
G1 X413.08 Y272.813 Z363.5
G1 Z362.5
G1 E40 F9000
G1 F2779.614
G1 X401.568 Y272.813 E49.70059
G1 X272.813 Y401.568 E786.09564
G1 X272.813 Y413.08 E49.70059
M73 P79 R181
; stop printing object Cube id:0 copy 0
;LAYER_CHANGE
;Z:364
;HEIGHT:1.5
;BEFORE_LAYER_CHANGE
;364
G92 E0

EXCLUDE_OBJECT_END NAME=Cube_id_0_copy_0
;AFTER_LAYER_CHANGE
;364
;_SET_FAN_SPEED_CHANGING_LAYER
; printing object Cube id:0 copy 0
;WIPE_START
G1 F600
G1 X272.813 Y403.08 E-30
;WIPE_END
EXCLUDE_OBJECT_START NAME=Cube_id_0_copy_0
G1 Z365 F15000
G1 X270.366 Y270.366 Z365
G1 Z364
G1 E40 F9000
;TYPE:Outer wall
;WIDTH:3.2
G1 F2779.615
G1 X729.634 Y270.366 E1982.72102
G1 F2760
G1 X729.634 Y729.634 E1982.72107
G1 X270.366 Y729.634 E1982.72102
G1 X270.366 Y270.666 E1981.42588
;WIPE_START
G1 F600
G1 X280.366 Y270.66 E-30
;WIPE_END
G1 Z365 F15000
G1 X272.813 Y413.08 Z365
G1 Z364
G1 E40 F9000
;TYPE:Sparse infill
;WIDTH:3.2
G1 F2779.614
G1 X272.813 Y401.568 E49.70059
G1 X401.568 Y272.813 E786.09564
G1 X413.08 Y272.813 E49.70059
;WIPE_START
G1 F600
G1 X403.08 Y272.813 E-30
;WIPE_END
G1 Z365 F15000
G1 X272.813 Y575.89 Z365
G1 Z364
G1 E40 F9000
G1 F2779.614
G1 X272.813 Y564.377 E49.70059
G1 X564.378 Y272.813 E1780.10741
G1 X575.89 Y272.813 E49.70059
M73 P79 R180
;WIPE_START
G1 F600
G1 X565.89 Y272.813 E-30
;WIPE_END
G1 Z365 F15000
G1 X727.187 Y413.08 Z365
G1 Z364
G1 E40 F9000
G1 F2779.614
G1 X727.187 Y401.568 E49.70059
G1 X598.432 Y272.813 E786.09564
G1 X586.92 Y272.813 E49.70059
;WIPE_START
G1 F600
G1 X596.92 Y272.813 E-30
;WIPE_END
G1 Z365 F15000
G1 X727.187 Y575.89 Z365
G1 Z364
G1 E40 F9000
G1 F2779.614
G1 X727.187 Y564.378 E49.70059
G1 X435.622 Y272.813 E1780.10742
G1 X424.11 Y272.813 E49.70059
;WIPE_START
G1 F600
G1 X434.11 Y272.813 E-30
;WIPE_END
G1 Z365 F15000
G1 X424.11 Y727.187 Z365
G1 Z364
G1 E40 F9000
G1 F2779.614
G1 X435.622 Y727.187 E49.70059
G1 X727.187 Y435.623 E1780.10743
G1 X727.187 Y424.11 E49.70059
;WIPE_START
G1 F600
G1 X727.187 Y434.11 E-30
;WIPE_END
G1 Z365 F15000
G1 X715.675 Y727.187 Z365
G1 Z364
G1 E40 F9000
G1 F2779.614
G1 X727.187 Y727.187 E49.70059
G1 X272.813 Y272.813 E2774.11918
G1 X284.325 Y272.813 E49.70059
;WIPE_START
G1 F600
G1 X274.325 Y272.813 E-30
;WIPE_END
G1 Z365 F15000
M73 P79 R179
G1 X284.325 Y727.187 Z365
G1 Z364
G1 E40 F9000
G1 F2779.614
G1 X272.813 Y727.187 E49.70025
G1 X727.187 Y272.813 E2774.11872
G1 X715.675 Y272.813 E49.70027
;WIPE_START
G1 F600
G1 X725.675 Y272.813 E-30
;WIPE_END
G1 Z365 F15000
G1 X586.92 Y727.187 Z365
M73 P80 R179
G1 Z364
G1 E40 F9000
G1 F2779.614
G1 X598.432 Y727.187 E49.70059
G1 X727.187 Y598.432 E786.09565
G1 X727.187 Y586.92 E49.70059
;WIPE_START
G1 F600
G1 X727.187 Y596.92 E-30
;WIPE_END
G1 Z365 F15000
G1 X575.89 Y727.187 Z365
G1 Z364
G1 E40 F9000
G1 F2779.614
G1 X564.378 Y727.187 E49.70059
G1 X272.813 Y435.622 E1780.10742
G1 X272.813 Y424.11 E49.70059
;WIPE_START
G1 F600
G1 X272.813 Y434.11 E-30
;WIPE_END
G1 Z365 F15000
G1 X413.08 Y727.187 Z365
G1 Z364
G1 E40 F9000
G1 F2779.614
G1 X401.568 Y727.187 E49.70059
G1 X272.813 Y598.432 E786.09565
G1 X272.813 Y586.92 E49.70059
; stop printing object Cube id:0 copy 0
;LAYER_CHANGE
;Z:365.5
;HEIGHT:1.5
;BEFORE_LAYER_CHANGE
;365.5
G92 E0

EXCLUDE_OBJECT_END NAME=Cube_id_0_copy_0
;AFTER_LAYER_CHANGE
;365.5
;_SET_FAN_SPEED_CHANGING_LAYER
; printing object Cube id:0 copy 0
;WIPE_START
G1 F600
G1 X272.813 Y596.92 E-30
;WIPE_END
EXCLUDE_OBJECT_START NAME=Cube_id_0_copy_0
G1 Z366.5 F15000
G1 X270.366 Y729.634 Z366.5
G1 Z365.5
G1 E40 F9000
;TYPE:Outer wall
;WIDTH:3.2
G1 F2779.615
G1 X270.366 Y270.366 E1982.72102
G1 F2760
G1 X729.634 Y270.366 E1982.72107
G1 X729.634 Y729.634 E1982.72102
M73 P80 R178
G1 X270.666 Y729.634 E1981.42588
;WIPE_START
G1 F600
G1 X270.66 Y719.634 E-30
;WIPE_END
G1 Z366.5 F15000
G1 X272.813 Y586.92 Z366.5
G1 Z365.5
G1 E40 F9000
;TYPE:Sparse infill
;WIDTH:3.2
G1 F2779.614
G1 X272.813 Y598.432 E49.70059
G1 X401.568 Y727.187 E786.09565
G1 X413.08 Y727.187 E49.70059
;WIPE_START
G1 F600
G1 X403.08 Y727.187 E-30
;WIPE_END
G1 Z366.5 F15000
G1 X272.813 Y424.11 Z366.5
G1 Z365.5
G1 E40 F9000
G1 F2779.614
G1 X272.813 Y435.622 E49.70059
G1 X564.378 Y727.187 E1780.10742
G1 X575.89 Y727.187 E49.70059
;WIPE_START
G1 F600
G1 X565.89 Y727.187 E-30
;WIPE_END
G1 Z366.5 F15000
G1 X727.187 Y586.92 Z366.5
G1 Z365.5
G1 E40 F9000
G1 F2779.614
G1 X727.187 Y598.432 E49.70059
G1 X598.432 Y727.187 E786.09565
G1 X586.92 Y727.187 E49.70059
;WIPE_START
G1 F600
G1 X596.92 Y727.187 E-30
;WIPE_END
G1 Z366.5 F15000
G1 X727.187 Y424.11 Z366.5
G1 Z365.5
M73 P80 R177
G1 E40 F9000
G1 F2779.614
G1 X727.187 Y435.623 E49.70059
G1 X435.622 Y727.187 E1780.10743
G1 X424.11 Y727.187 E49.70059
;WIPE_START
G1 F600
G1 X434.11 Y727.187 E-30
;WIPE_END
G1 Z366.5 F15000
G1 X424.11 Y272.813 Z366.5
G1 Z365.5
G1 E40 F9000
G1 F2779.614
G1 X435.622 Y272.813 E49.70059
G1 X727.187 Y564.378 E1780.10742
G1 X727.187 Y575.89 E49.70059
;WIPE_START
G1 F600
G1 X727.187 Y565.89 E-30
;WIPE_END
G1 Z366.5 F15000
G1 X715.675 Y272.813 Z366.5
G1 Z365.5
G1 E40 F9000
G1 F2779.614
G1 X727.187 Y272.813 E49.70027
G1 X272.813 Y727.187 E2774.11872
G1 X284.325 Y727.187 E49.70025
;WIPE_START
G1 F600
G1 X274.325 Y727.187 E-30
;WIPE_END
G1 Z366.5 F15000
G1 X284.325 Y272.813 Z366.5
G1 Z365.5
G1 E40 F9000
G1 F2779.614
G1 X272.813 Y272.813 E49.70059
G1 X727.187 Y727.187 E2774.11918
G1 X715.675 Y727.187 E49.70059
M73 P80 R176
;WIPE_START
G1 F600
G1 X725.675 Y727.187 E-30
;WIPE_END
G1 Z366.5 F15000
G1 X586.92 Y272.813 Z366.5
G1 Z365.5
G1 E40 F9000
G1 F2779.614
G1 X598.432 Y272.813 E49.70059
G1 X727.187 Y401.568 E786.09564
G1 X727.187 Y413.08 E49.70059
;WIPE_START
G1 F600
G1 X727.187 Y403.08 E-30
;WIPE_END
G1 Z366.5 F15000
G1 X575.89 Y272.813 Z366.5
G1 Z365.5
G1 E40 F9000
G1 F2779.614
G1 X564.378 Y272.813 E49.70059
G1 X272.813 Y564.377 E1780.10741
G1 X272.813 Y575.89 E49.70059
;WIPE_START
G1 F600
G1 X272.813 Y565.89 E-30
;WIPE_END
G1 Z366.5 F15000
G1 X413.08 Y272.813 Z366.5
G1 Z365.5
G1 E40 F9000
G1 F2779.614
G1 X401.568 Y272.813 E49.70059
G1 X272.813 Y401.568 E786.09564
G1 X272.813 Y413.08 E49.70059
; stop printing object Cube id:0 copy 0
;LAYER_CHANGE
;Z:367
;HEIGHT:1.5
;BEFORE_LAYER_CHANGE
;367
G92 E0

EXCLUDE_OBJECT_END NAME=Cube_id_0_copy_0
;AFTER_LAYER_CHANGE
;367
;_SET_FAN_SPEED_CHANGING_LAYER
; printing object Cube id:0 copy 0
;WIPE_START
G1 F600
G1 X272.813 Y403.08 E-30
;WIPE_END
EXCLUDE_OBJECT_START NAME=Cube_id_0_copy_0
G1 Z368 F15000
G1 X270.366 Y270.366 Z368
G1 Z367
G1 E40 F9000
;TYPE:Outer wall
;WIDTH:3.2
G1 F2779.615
G1 X729.634 Y270.366 E1982.72102
G1 F2760
G1 X729.634 Y729.634 E1982.72107
G1 X270.366 Y729.634 E1982.72102
G1 X270.366 Y270.666 E1981.42588
M73 P80 R175
;WIPE_START
G1 F600
G1 X280.366 Y270.66 E-30
;WIPE_END
G1 Z368 F15000
G1 X272.813 Y413.08 Z368
G1 Z367
G1 E40 F9000
;TYPE:Sparse infill
;WIDTH:3.2
G1 F2779.614
G1 X272.813 Y401.568 E49.70059
G1 X401.568 Y272.813 E786.09564
G1 X413.08 Y272.813 E49.70059
;WIPE_START
G1 F600
G1 X403.08 Y272.813 E-30
;WIPE_END
G1 Z368 F15000
G1 X272.813 Y575.89 Z368
G1 Z367
G1 E40 F9000
G1 F2779.614
G1 X272.813 Y564.377 E49.70059
G1 X564.378 Y272.813 E1780.10741
G1 X575.89 Y272.813 E49.70059
;WIPE_START
G1 F600
G1 X565.89 Y272.813 E-30
;WIPE_END
G1 Z368 F15000
G1 X727.187 Y413.08 Z368
G1 Z367
G1 E40 F9000
G1 F2779.614
G1 X727.187 Y401.568 E49.70059
G1 X598.432 Y272.813 E786.09564
G1 X586.92 Y272.813 E49.70059
;WIPE_START
G1 F600
G1 X596.92 Y272.813 E-30
;WIPE_END
G1 Z368 F15000
G1 X727.187 Y575.89 Z368
G1 Z367
G1 E40 F9000
G1 F2779.614
G1 X727.187 Y564.378 E49.70059
G1 X435.622 Y272.813 E1780.10742
G1 X424.11 Y272.813 E49.70059
;WIPE_START
G1 F600
G1 X434.11 Y272.813 E-30
;WIPE_END
G1 Z368 F15000
G1 X424.11 Y727.187 Z368
G1 Z367
G1 E40 F9000
G1 F2779.614
G1 X435.622 Y727.187 E49.70059
G1 X727.187 Y435.623 E1780.10743
G1 X727.187 Y424.11 E49.70059
M73 P80 R174
;WIPE_START
G1 F600
G1 X727.187 Y434.11 E-30
;WIPE_END
G1 Z368 F15000
G1 X715.675 Y727.187 Z368
G1 Z367
G1 E40 F9000
G1 F2779.614
G1 X727.187 Y727.187 E49.70059
G1 X272.813 Y272.813 E2774.11918
G1 X284.325 Y272.813 E49.70059
;WIPE_START
G1 F600
G1 X274.325 Y272.813 E-30
;WIPE_END
G1 Z368 F15000
G1 X284.325 Y727.187 Z368
G1 Z367
G1 E40 F9000
G1 F2779.614
G1 X272.813 Y727.187 E49.70025
G1 X727.187 Y272.813 E2774.11872
G1 X715.675 Y272.813 E49.70027
;WIPE_START
G1 F600
G1 X725.675 Y272.813 E-30
;WIPE_END
G1 Z368 F15000
G1 X586.92 Y727.187 Z368
G1 Z367
G1 E40 F9000
G1 F2779.614
G1 X598.432 Y727.187 E49.70059
G1 X727.187 Y598.432 E786.09565
G1 X727.187 Y586.92 E49.70059
;WIPE_START
G1 F600
G1 X727.187 Y596.92 E-30
;WIPE_END
G1 Z368 F15000
G1 X575.89 Y727.187 Z368
G1 Z367
G1 E40 F9000
G1 F2779.614
G1 X564.378 Y727.187 E49.70059
G1 X272.813 Y435.622 E1780.10742
G1 X272.813 Y424.11 E49.70059
M73 P80 R173
;WIPE_START
G1 F600
G1 X272.813 Y434.11 E-30
;WIPE_END
G1 Z368 F15000
G1 X413.08 Y727.187 Z368
G1 Z367
G1 E40 F9000
G1 F2779.614
G1 X401.568 Y727.187 E49.70059
G1 X272.813 Y598.432 E786.09565
G1 X272.813 Y586.92 E49.70059
; stop printing object Cube id:0 copy 0
;LAYER_CHANGE
;Z:368.5
;HEIGHT:1.5
;BEFORE_LAYER_CHANGE
;368.5
G92 E0

EXCLUDE_OBJECT_END NAME=Cube_id_0_copy_0
;AFTER_LAYER_CHANGE
;368.5
;_SET_FAN_SPEED_CHANGING_LAYER
; printing object Cube id:0 copy 0
;WIPE_START
G1 F600
G1 X272.813 Y596.92 E-30
;WIPE_END
EXCLUDE_OBJECT_START NAME=Cube_id_0_copy_0
G1 Z369.5 F15000
G1 X270.366 Y729.634 Z369.5
G1 Z368.5
G1 E40 F9000
;TYPE:Outer wall
;WIDTH:3.2
G1 F2779.615
G1 X270.366 Y270.366 E1982.72102
G1 F2760
G1 X729.634 Y270.366 E1982.72107
G1 X729.634 Y729.634 E1982.72102
G1 X270.666 Y729.634 E1981.42588
;WIPE_START
G1 F600
G1 X270.66 Y719.634 E-30
;WIPE_END
G1 Z369.5 F15000
G1 X272.813 Y586.92 Z369.5
G1 Z368.5
G1 E40 F9000
;TYPE:Sparse infill
;WIDTH:3.2
G1 F2779.614
G1 X272.813 Y598.432 E49.70059
G1 X401.568 Y727.187 E786.09565
G1 X413.08 Y727.187 E49.70059
M73 P80 R172
;WIPE_START
G1 F600
G1 X403.08 Y727.187 E-30
;WIPE_END
G1 Z369.5 F15000
G1 X272.813 Y424.11 Z369.5
G1 Z368.5
G1 E40 F9000
G1 F2779.614
G1 X272.813 Y435.622 E49.70059
G1 X564.378 Y727.187 E1780.10742
G1 X575.89 Y727.187 E49.70059
;WIPE_START
G1 F600
G1 X565.89 Y727.187 E-30
;WIPE_END
G1 Z369.5 F15000
G1 X727.187 Y586.92 Z369.5
G1 Z368.5
G1 E40 F9000
G1 F2779.614
G1 X727.187 Y598.432 E49.70059
G1 X598.432 Y727.187 E786.09565
G1 X586.92 Y727.187 E49.70059
;WIPE_START
G1 F600
G1 X596.92 Y727.187 E-30
;WIPE_END
G1 Z369.5 F15000
G1 X727.187 Y424.11 Z369.5
G1 Z368.5
G1 E40 F9000
G1 F2779.614
G1 X727.187 Y435.623 E49.70059
G1 X435.622 Y727.187 E1780.10743
G1 X424.11 Y727.187 E49.70059
;WIPE_START
G1 F600
G1 X434.11 Y727.187 E-30
;WIPE_END
G1 Z369.5 F15000
G1 X424.11 Y272.813 Z369.5
G1 Z368.5
G1 E40 F9000
G1 F2779.614
G1 X435.622 Y272.813 E49.70059
G1 X727.187 Y564.378 E1780.10742
G1 X727.187 Y575.89 E49.70059
;WIPE_START
G1 F600
G1 X727.187 Y565.89 E-30
;WIPE_END
G1 Z369.5 F15000
G1 X715.675 Y272.813 Z369.5
G1 Z368.5
G1 E40 F9000
G1 F2779.614
G1 X727.187 Y272.813 E49.70027
G1 X272.813 Y727.187 E2774.11872
G1 X284.325 Y727.187 E49.70025
M73 P80 R171
;WIPE_START
G1 F600
G1 X274.325 Y727.187 E-30
;WIPE_END
G1 Z369.5 F15000
G1 X284.325 Y272.813 Z369.5
G1 Z368.5
G1 E40 F9000
G1 F2779.614
G1 X272.813 Y272.813 E49.70059
G1 X727.187 Y727.187 E2774.11918
G1 X715.675 Y727.187 E49.70059
;WIPE_START
G1 F600
G1 X725.675 Y727.187 E-30
;WIPE_END
G1 Z369.5 F15000
G1 X586.92 Y272.813 Z369.5
G1 Z368.5
G1 E40 F9000
G1 F2779.614
G1 X598.432 Y272.813 E49.70059
G1 X727.187 Y401.568 E786.09564
G1 X727.187 Y413.08 E49.70059
;WIPE_START
G1 F600
G1 X727.187 Y403.08 E-30
;WIPE_END
G1 Z369.5 F15000
G1 X575.89 Y272.813 Z369.5
G1 Z368.5
G1 E40 F9000
G1 F2779.614
G1 X564.378 Y272.813 E49.70059
G1 X272.813 Y564.377 E1780.10741
G1 X272.813 Y575.89 E49.70059
;WIPE_START
G1 F600
G1 X272.813 Y565.89 E-30
;WIPE_END
G1 Z369.5 F15000
G1 X413.08 Y272.813 Z369.5
G1 Z368.5
G1 E40 F9000
G1 F2779.614
G1 X401.568 Y272.813 E49.70059
G1 X272.813 Y401.568 E786.09564
G1 X272.813 Y413.08 E49.70059
; stop printing object Cube id:0 copy 0
;LAYER_CHANGE
;Z:370
;HEIGHT:1.5
;BEFORE_LAYER_CHANGE
;370
G92 E0

EXCLUDE_OBJECT_END NAME=Cube_id_0_copy_0
;AFTER_LAYER_CHANGE
;370
;_SET_FAN_SPEED_CHANGING_LAYER
; printing object Cube id:0 copy 0
;WIPE_START
G1 F600
G1 X272.813 Y403.08 E-30
;WIPE_END
EXCLUDE_OBJECT_START NAME=Cube_id_0_copy_0
G1 Z371 F15000
G1 X270.366 Y270.366 Z371
G1 Z370
G1 E40 F9000
;TYPE:Outer wall
;WIDTH:3.2
G1 F2779.615
G1 X729.634 Y270.366 E1982.72102
G1 F2760
M73 P80 R170
G1 X729.634 Y729.634 E1982.72107
G1 X270.366 Y729.634 E1982.72102
M73 P81 R170
G1 X270.366 Y270.666 E1981.42588
;WIPE_START
G1 F600
G1 X280.366 Y270.66 E-30
;WIPE_END
G1 Z371 F15000
G1 X272.813 Y413.08 Z371
G1 Z370
G1 E40 F9000
;TYPE:Sparse infill
;WIDTH:3.2
G1 F2779.614
G1 X272.813 Y401.568 E49.70059
G1 X401.568 Y272.813 E786.09564
G1 X413.08 Y272.813 E49.70059
;WIPE_START
G1 F600
G1 X403.08 Y272.813 E-30
;WIPE_END
G1 Z371 F15000
G1 X272.813 Y575.89 Z371
G1 Z370
G1 E40 F9000
G1 F2779.614
G1 X272.813 Y564.377 E49.70059
G1 X564.378 Y272.813 E1780.10741
G1 X575.89 Y272.813 E49.70059
;WIPE_START
G1 F600
G1 X565.89 Y272.813 E-30
;WIPE_END
G1 Z371 F15000
M73 P81 R169
G1 X727.187 Y413.08 Z371
G1 Z370
G1 E40 F9000
G1 F2779.614
G1 X727.187 Y401.568 E49.70059
G1 X598.432 Y272.813 E786.09564
G1 X586.92 Y272.813 E49.70059
;WIPE_START
G1 F600
G1 X596.92 Y272.813 E-30
;WIPE_END
G1 Z371 F15000
G1 X727.187 Y575.89 Z371
G1 Z370
G1 E40 F9000
G1 F2779.614
G1 X727.187 Y564.378 E49.70059
G1 X435.622 Y272.813 E1780.10742
G1 X424.11 Y272.813 E49.70059
;WIPE_START
G1 F600
G1 X434.11 Y272.813 E-30
;WIPE_END
G1 Z371 F15000
G1 X424.11 Y727.187 Z371
G1 Z370
G1 E40 F9000
G1 F2779.614
G1 X435.622 Y727.187 E49.70059
G1 X727.187 Y435.623 E1780.10743
G1 X727.187 Y424.11 E49.70059
;WIPE_START
G1 F600
G1 X727.187 Y434.11 E-30
;WIPE_END
G1 Z371 F15000
G1 X715.675 Y727.187 Z371
G1 Z370
G1 E40 F9000
G1 F2779.614
G1 X727.187 Y727.187 E49.70059
G1 X272.813 Y272.813 E2774.11918
G1 X284.325 Y272.813 E49.70059
;WIPE_START
G1 F600
G1 X274.325 Y272.813 E-30
;WIPE_END
G1 Z371 F15000
G1 X284.325 Y727.187 Z371
G1 Z370
G1 E40 F9000
G1 F2779.614
G1 X272.813 Y727.187 E49.70025
G1 X727.187 Y272.813 E2774.11872
G1 X715.675 Y272.813 E49.70027
M73 P81 R168
;WIPE_START
G1 F600
G1 X725.675 Y272.813 E-30
;WIPE_END
G1 Z371 F15000
G1 X586.92 Y727.187 Z371
G1 Z370
G1 E40 F9000
G1 F2779.614
G1 X598.432 Y727.187 E49.70059
G1 X727.187 Y598.432 E786.09565
G1 X727.187 Y586.92 E49.70059
;WIPE_START
G1 F600
G1 X727.187 Y596.92 E-30
;WIPE_END
G1 Z371 F15000
G1 X575.89 Y727.187 Z371
G1 Z370
G1 E40 F9000
G1 F2779.614
G1 X564.378 Y727.187 E49.70059
G1 X272.813 Y435.622 E1780.10742
G1 X272.813 Y424.11 E49.70059
;WIPE_START
G1 F600
G1 X272.813 Y434.11 E-30
;WIPE_END
G1 Z371 F15000
G1 X413.08 Y727.187 Z371
G1 Z370
G1 E40 F9000
G1 F2779.614
G1 X401.568 Y727.187 E49.70059
G1 X272.813 Y598.432 E786.09565
G1 X272.813 Y586.92 E49.70059
; stop printing object Cube id:0 copy 0
;LAYER_CHANGE
;Z:371.5
;HEIGHT:1.5
;BEFORE_LAYER_CHANGE
;371.5
G92 E0

EXCLUDE_OBJECT_END NAME=Cube_id_0_copy_0
;AFTER_LAYER_CHANGE
;371.5
;_SET_FAN_SPEED_CHANGING_LAYER
; printing object Cube id:0 copy 0
;WIPE_START
G1 F600
G1 X272.813 Y596.92 E-30
;WIPE_END
EXCLUDE_OBJECT_START NAME=Cube_id_0_copy_0
G1 Z372.5 F15000
G1 X270.366 Y729.634 Z372.5
G1 Z371.5
G1 E40 F9000
;TYPE:Outer wall
;WIDTH:3.2
G1 F2779.615
G1 X270.366 Y270.366 E1982.72102
G1 F2760
G1 X729.634 Y270.366 E1982.72107
G1 X729.634 Y729.634 E1982.72102
M73 P81 R167
G1 X270.666 Y729.634 E1981.42588
;WIPE_START
G1 F600
G1 X270.66 Y719.634 E-30
;WIPE_END
G1 Z372.5 F15000
G1 X272.813 Y586.92 Z372.5
G1 Z371.5
G1 E40 F9000
;TYPE:Sparse infill
;WIDTH:3.2
G1 F2779.614
G1 X272.813 Y598.432 E49.70059
G1 X401.568 Y727.187 E786.09565
G1 X413.08 Y727.187 E49.70059
;WIPE_START
G1 F600
G1 X403.08 Y727.187 E-30
;WIPE_END
G1 Z372.5 F15000
G1 X272.813 Y424.11 Z372.5
G1 Z371.5
G1 E40 F9000
G1 F2779.614
G1 X272.813 Y435.622 E49.70059
G1 X564.378 Y727.187 E1780.10742
G1 X575.89 Y727.187 E49.70059
;WIPE_START
G1 F600
G1 X565.89 Y727.187 E-30
;WIPE_END
G1 Z372.5 F15000
G1 X727.187 Y586.92 Z372.5
G1 Z371.5
G1 E40 F9000
G1 F2779.614
G1 X727.187 Y598.432 E49.70059
G1 X598.432 Y727.187 E786.09565
G1 X586.92 Y727.187 E49.70059
;WIPE_START
G1 F600
G1 X596.92 Y727.187 E-30
;WIPE_END
G1 Z372.5 F15000
G1 X727.187 Y424.11 Z372.5
G1 Z371.5
G1 E40 F9000
G1 F2779.614
G1 X727.187 Y435.623 E49.70059
G1 X435.622 Y727.187 E1780.10743
G1 X424.11 Y727.187 E49.70059
M73 P81 R166
;WIPE_START
G1 F600
G1 X434.11 Y727.187 E-30
;WIPE_END
G1 Z372.5 F15000
G1 X424.11 Y272.813 Z372.5
G1 Z371.5
G1 E40 F9000
G1 F2779.614
G1 X435.622 Y272.813 E49.70059
G1 X727.187 Y564.378 E1780.10742
G1 X727.187 Y575.89 E49.70059
;WIPE_START
G1 F600
G1 X727.187 Y565.89 E-30
;WIPE_END
G1 Z372.5 F15000
G1 X715.675 Y272.813 Z372.5
G1 Z371.5
G1 E40 F9000
G1 F2779.614
G1 X727.187 Y272.813 E49.70027
G1 X272.813 Y727.187 E2774.11872
G1 X284.325 Y727.187 E49.70025
;WIPE_START
G1 F600
G1 X274.325 Y727.187 E-30
;WIPE_END
G1 Z372.5 F15000
G1 X284.325 Y272.813 Z372.5
G1 Z371.5
G1 E40 F9000
G1 F2779.614
G1 X272.813 Y272.813 E49.70059
G1 X727.187 Y727.187 E2774.11918
G1 X715.675 Y727.187 E49.70059
;WIPE_START
G1 F600
G1 X725.675 Y727.187 E-30
;WIPE_END
G1 Z372.5 F15000
G1 X586.92 Y272.813 Z372.5
G1 Z371.5
G1 E40 F9000
G1 F2779.614
G1 X598.432 Y272.813 E49.70059
G1 X727.187 Y401.568 E786.09564
G1 X727.187 Y413.08 E49.70059
M73 P81 R165
;WIPE_START
G1 F600
G1 X727.187 Y403.08 E-30
;WIPE_END
G1 Z372.5 F15000
G1 X575.89 Y272.813 Z372.5
G1 Z371.5
G1 E40 F9000
G1 F2779.614
G1 X564.378 Y272.813 E49.70059
G1 X272.813 Y564.377 E1780.10741
G1 X272.813 Y575.89 E49.70059
;WIPE_START
G1 F600
G1 X272.813 Y565.89 E-30
;WIPE_END
G1 Z372.5 F15000
G1 X413.08 Y272.813 Z372.5
G1 Z371.5
G1 E40 F9000
G1 F2779.614
G1 X401.568 Y272.813 E49.70059
G1 X272.813 Y401.568 E786.09564
G1 X272.813 Y413.08 E49.70059
; stop printing object Cube id:0 copy 0
;LAYER_CHANGE
;Z:373
;HEIGHT:1.5
;BEFORE_LAYER_CHANGE
;373
G92 E0

EXCLUDE_OBJECT_END NAME=Cube_id_0_copy_0
;AFTER_LAYER_CHANGE
;373
;_SET_FAN_SPEED_CHANGING_LAYER
; printing object Cube id:0 copy 0
;WIPE_START
G1 F600
G1 X272.813 Y403.08 E-30
;WIPE_END
EXCLUDE_OBJECT_START NAME=Cube_id_0_copy_0
G1 Z374 F15000
G1 X270.366 Y270.366 Z374
G1 Z373
G1 E40 F9000
;TYPE:Outer wall
;WIDTH:3.2
G1 F2779.615
G1 X729.634 Y270.366 E1982.72102
G1 F2760
G1 X729.634 Y729.634 E1982.72107
G1 X270.366 Y729.634 E1982.72102
G1 X270.366 Y270.666 E1981.42588
;WIPE_START
G1 F600
M73 P81 R164
G1 X280.366 Y270.66 E-30
;WIPE_END
G1 Z374 F15000
G1 X272.813 Y413.08 Z374
G1 Z373
G1 E40 F9000
;TYPE:Sparse infill
;WIDTH:3.2
G1 F2779.614
G1 X272.813 Y401.568 E49.70059
G1 X401.568 Y272.813 E786.09564
G1 X413.08 Y272.813 E49.70059
;WIPE_START
G1 F600
G1 X403.08 Y272.813 E-30
;WIPE_END
G1 Z374 F15000
G1 X272.813 Y575.89 Z374
G1 Z373
G1 E40 F9000
G1 F2779.614
G1 X272.813 Y564.377 E49.70059
G1 X564.378 Y272.813 E1780.10741
G1 X575.89 Y272.813 E49.70059
;WIPE_START
G1 F600
G1 X565.89 Y272.813 E-30
;WIPE_END
G1 Z374 F15000
G1 X727.187 Y413.08 Z374
G1 Z373
G1 E40 F9000
G1 F2779.614
G1 X727.187 Y401.568 E49.70059
G1 X598.432 Y272.813 E786.09564
G1 X586.92 Y272.813 E49.70059
;WIPE_START
G1 F600
G1 X596.92 Y272.813 E-30
;WIPE_END
G1 Z374 F15000
G1 X727.187 Y575.89 Z374
G1 Z373
G1 E40 F9000
G1 F2779.614
G1 X727.187 Y564.378 E49.70059
G1 X435.622 Y272.813 E1780.10742
G1 X424.11 Y272.813 E49.70059
;WIPE_START
G1 F600
G1 X434.11 Y272.813 E-30
;WIPE_END
G1 Z374 F15000
G1 X424.11 Y727.187 Z374
G1 Z373
G1 E40 F9000
G1 F2779.614
G1 X435.622 Y727.187 E49.70059
G1 X727.187 Y435.623 E1780.10743
G1 X727.187 Y424.11 E49.70059
;WIPE_START
G1 F600
G1 X727.187 Y434.11 E-30
;WIPE_END
G1 Z374 F15000
G1 X715.675 Y727.187 Z374
M73 P81 R163
G1 Z373
G1 E40 F9000
G1 F2779.614
G1 X727.187 Y727.187 E49.70059
G1 X272.813 Y272.813 E2774.11918
G1 X284.325 Y272.813 E49.70059
;WIPE_START
G1 F600
G1 X274.325 Y272.813 E-30
;WIPE_END
G1 Z374 F15000
G1 X284.325 Y727.187 Z374
G1 Z373
G1 E40 F9000
G1 F2779.614
G1 X272.813 Y727.187 E49.70025
G1 X727.187 Y272.813 E2774.11872
G1 X715.675 Y272.813 E49.70027
;WIPE_START
G1 F600
G1 X725.675 Y272.813 E-30
;WIPE_END
G1 Z374 F15000
G1 X586.92 Y727.187 Z374
G1 Z373
G1 E40 F9000
G1 F2779.614
G1 X598.432 Y727.187 E49.70059
G1 X727.187 Y598.432 E786.09565
G1 X727.187 Y586.92 E49.70059
;WIPE_START
G1 F600
G1 X727.187 Y596.92 E-30
;WIPE_END
G1 Z374 F15000
G1 X575.89 Y727.187 Z374
G1 Z373
G1 E40 F9000
G1 F2779.614
G1 X564.378 Y727.187 E49.70059
G1 X272.813 Y435.622 E1780.10742
G1 X272.813 Y424.11 E49.70059
;WIPE_START
G1 F600
G1 X272.813 Y434.11 E-30
;WIPE_END
G1 Z374 F15000
G1 X413.08 Y727.187 Z374
G1 Z373
G1 E40 F9000
G1 F2779.614
G1 X401.568 Y727.187 E49.70059
G1 X272.813 Y598.432 E786.09565
G1 X272.813 Y586.92 E49.70059
M73 P81 R162
; stop printing object Cube id:0 copy 0
;LAYER_CHANGE
;Z:374.5
;HEIGHT:1.5
;BEFORE_LAYER_CHANGE
;374.5
G92 E0

EXCLUDE_OBJECT_END NAME=Cube_id_0_copy_0
;AFTER_LAYER_CHANGE
;374.5
;_SET_FAN_SPEED_CHANGING_LAYER
; printing object Cube id:0 copy 0
;WIPE_START
G1 F600
G1 X272.813 Y596.92 E-30
;WIPE_END
EXCLUDE_OBJECT_START NAME=Cube_id_0_copy_0
G1 Z375.5 F15000
G1 X270.366 Y729.634 Z375.5
G1 Z374.5
G1 E40 F9000
;TYPE:Outer wall
;WIDTH:3.2
G1 F2779.615
G1 X270.366 Y270.366 E1982.72102
G1 F2760
G1 X729.634 Y270.366 E1982.72107
G1 X729.634 Y729.634 E1982.72102
G1 X270.666 Y729.634 E1981.42588
;WIPE_START
G1 F600
G1 X270.66 Y719.634 E-30
;WIPE_END
G1 Z375.5 F15000
G1 X272.813 Y586.92 Z375.5
G1 Z374.5
G1 E40 F9000
;TYPE:Sparse infill
;WIDTH:3.2
G1 F2779.614
G1 X272.813 Y598.432 E49.70059
G1 X401.568 Y727.187 E786.09565
G1 X413.08 Y727.187 E49.70059
;WIPE_START
G1 F600
G1 X403.08 Y727.187 E-30
;WIPE_END
G1 Z375.5 F15000
G1 X272.813 Y424.11 Z375.5
G1 Z374.5
G1 E40 F9000
G1 F2779.614
G1 X272.813 Y435.622 E49.70059
G1 X564.378 Y727.187 E1780.10742
G1 X575.89 Y727.187 E49.70059
M73 P81 R161
;WIPE_START
G1 F600
G1 X565.89 Y727.187 E-30
;WIPE_END
G1 Z375.5 F15000
G1 X727.187 Y586.92 Z375.5
G1 Z374.5
G1 E40 F9000
G1 F2779.614
G1 X727.187 Y598.432 E49.70059
G1 X598.432 Y727.187 E786.09565
G1 X586.92 Y727.187 E49.70059
;WIPE_START
G1 F600
G1 X596.92 Y727.187 E-30
;WIPE_END
G1 Z375.5 F15000
G1 X727.187 Y424.11 Z375.5
G1 Z374.5
M73 P82 R161
G1 E40 F9000
G1 F2779.614
G1 X727.187 Y435.623 E49.70059
G1 X435.622 Y727.187 E1780.10743
G1 X424.11 Y727.187 E49.70059
;WIPE_START
G1 F600
G1 X434.11 Y727.187 E-30
;WIPE_END
G1 Z375.5 F15000
G1 X424.11 Y272.813 Z375.5
G1 Z374.5
G1 E40 F9000
G1 F2779.614
G1 X435.622 Y272.813 E49.70059
G1 X727.187 Y564.378 E1780.10742
G1 X727.187 Y575.89 E49.70059
;WIPE_START
G1 F600
G1 X727.187 Y565.89 E-30
;WIPE_END
G1 Z375.5 F15000
G1 X715.675 Y272.813 Z375.5
G1 Z374.5
G1 E40 F9000
G1 F2779.614
G1 X727.187 Y272.813 E49.70027
G1 X272.813 Y727.187 E2774.11872
G1 X284.325 Y727.187 E49.70025
;WIPE_START
G1 F600
G1 X274.325 Y727.187 E-30
;WIPE_END
G1 Z375.5 F15000
M73 P82 R160
G1 X284.325 Y272.813 Z375.5
G1 Z374.5
G1 E40 F9000
G1 F2779.614
G1 X272.813 Y272.813 E49.70059
G1 X727.187 Y727.187 E2774.11918
G1 X715.675 Y727.187 E49.70059
;WIPE_START
G1 F600
G1 X725.675 Y727.187 E-30
;WIPE_END
G1 Z375.5 F15000
G1 X586.92 Y272.813 Z375.5
G1 Z374.5
G1 E40 F9000
G1 F2779.614
G1 X598.432 Y272.813 E49.70059
G1 X727.187 Y401.568 E786.09564
G1 X727.187 Y413.08 E49.70059
;WIPE_START
G1 F600
G1 X727.187 Y403.08 E-30
;WIPE_END
G1 Z375.5 F15000
G1 X575.89 Y272.813 Z375.5
G1 Z374.5
G1 E40 F9000
G1 F2779.614
G1 X564.378 Y272.813 E49.70059
G1 X272.813 Y564.377 E1780.10741
G1 X272.813 Y575.89 E49.70059
;WIPE_START
G1 F600
G1 X272.813 Y565.89 E-30
;WIPE_END
G1 Z375.5 F15000
G1 X413.08 Y272.813 Z375.5
G1 Z374.5
G1 E40 F9000
G1 F2779.614
G1 X401.568 Y272.813 E49.70059
G1 X272.813 Y401.568 E786.09564
G1 X272.813 Y413.08 E49.70059
; stop printing object Cube id:0 copy 0
;LAYER_CHANGE
;Z:376
;HEIGHT:1.5
;BEFORE_LAYER_CHANGE
;376
G92 E0

EXCLUDE_OBJECT_END NAME=Cube_id_0_copy_0
;AFTER_LAYER_CHANGE
;376
;_SET_FAN_SPEED_CHANGING_LAYER
; printing object Cube id:0 copy 0
;WIPE_START
G1 F600
G1 X272.813 Y403.08 E-30
;WIPE_END
EXCLUDE_OBJECT_START NAME=Cube_id_0_copy_0
G1 Z377 F15000
G1 X270.366 Y270.366 Z377
G1 Z376
G1 E40 F9000
;TYPE:Outer wall
;WIDTH:3.2
G1 F2779.615
G1 X729.634 Y270.366 E1982.72102
G1 F2760
G1 X729.634 Y729.634 E1982.72107
G1 X270.366 Y729.634 E1982.72102
M73 P82 R159
G1 X270.366 Y270.666 E1981.42588
;WIPE_START
G1 F600
G1 X280.366 Y270.66 E-30
;WIPE_END
G1 Z377 F15000
G1 X272.813 Y413.08 Z377
G1 Z376
G1 E40 F9000
;TYPE:Sparse infill
;WIDTH:3.2
G1 F2779.614
G1 X272.813 Y401.568 E49.70059
G1 X401.568 Y272.813 E786.09564
G1 X413.08 Y272.813 E49.70059
;WIPE_START
G1 F600
G1 X403.08 Y272.813 E-30
;WIPE_END
G1 Z377 F15000
G1 X272.813 Y575.89 Z377
G1 Z376
G1 E40 F9000
G1 F2779.614
G1 X272.813 Y564.377 E49.70059
G1 X564.378 Y272.813 E1780.10741
G1 X575.89 Y272.813 E49.70059
;WIPE_START
G1 F600
G1 X565.89 Y272.813 E-30
;WIPE_END
G1 Z377 F15000
G1 X727.187 Y413.08 Z377
G1 Z376
G1 E40 F9000
G1 F2779.614
G1 X727.187 Y401.568 E49.70059
G1 X598.432 Y272.813 E786.09564
G1 X586.92 Y272.813 E49.70059
;WIPE_START
G1 F600
G1 X596.92 Y272.813 E-30
;WIPE_END
G1 Z377 F15000
G1 X727.187 Y575.89 Z377
G1 Z376
M73 P82 R158
G1 E40 F9000
G1 F2779.614
G1 X727.187 Y564.378 E49.70059
G1 X435.622 Y272.813 E1780.10742
G1 X424.11 Y272.813 E49.70059
;WIPE_START
G1 F600
G1 X434.11 Y272.813 E-30
;WIPE_END
G1 Z377 F15000
G1 X424.11 Y727.187 Z377
G1 Z376
G1 E40 F9000
G1 F2779.614
G1 X435.622 Y727.187 E49.70059
G1 X727.187 Y435.623 E1780.10743
G1 X727.187 Y424.11 E49.70059
;WIPE_START
G1 F600
G1 X727.187 Y434.11 E-30
;WIPE_END
G1 Z377 F15000
G1 X715.675 Y727.187 Z377
G1 Z376
G1 E40 F9000
G1 F2779.614
G1 X727.187 Y727.187 E49.70059
G1 X272.813 Y272.813 E2774.11918
G1 X284.325 Y272.813 E49.70059
;WIPE_START
G1 F600
G1 X274.325 Y272.813 E-30
;WIPE_END
G1 Z377 F15000
G1 X284.325 Y727.187 Z377
G1 Z376
G1 E40 F9000
G1 F2779.614
G1 X272.813 Y727.187 E49.70025
G1 X727.187 Y272.813 E2774.11872
G1 X715.675 Y272.813 E49.70027
M73 P82 R157
;WIPE_START
G1 F600
G1 X725.675 Y272.813 E-30
;WIPE_END
G1 Z377 F15000
G1 X586.92 Y727.187 Z377
G1 Z376
G1 E40 F9000
G1 F2779.614
G1 X598.432 Y727.187 E49.70059
G1 X727.187 Y598.432 E786.09565
G1 X727.187 Y586.92 E49.70059
;WIPE_START
G1 F600
G1 X727.187 Y596.92 E-30
;WIPE_END
G1 Z377 F15000
G1 X575.89 Y727.187 Z377
G1 Z376
G1 E40 F9000
G1 F2779.614
G1 X564.378 Y727.187 E49.70059
G1 X272.813 Y435.622 E1780.10742
G1 X272.813 Y424.11 E49.70059
;WIPE_START
G1 F600
G1 X272.813 Y434.11 E-30
;WIPE_END
G1 Z377 F15000
G1 X413.08 Y727.187 Z377
G1 Z376
G1 E40 F9000
G1 F2779.614
G1 X401.568 Y727.187 E49.70059
G1 X272.813 Y598.432 E786.09565
G1 X272.813 Y586.92 E49.70059
; stop printing object Cube id:0 copy 0
;LAYER_CHANGE
;Z:377.5
;HEIGHT:1.5
;BEFORE_LAYER_CHANGE
;377.5
G92 E0

EXCLUDE_OBJECT_END NAME=Cube_id_0_copy_0
;AFTER_LAYER_CHANGE
;377.5
;_SET_FAN_SPEED_CHANGING_LAYER
; printing object Cube id:0 copy 0
;WIPE_START
G1 F600
G1 X272.813 Y596.92 E-30
;WIPE_END
EXCLUDE_OBJECT_START NAME=Cube_id_0_copy_0
G1 Z378.5 F15000
G1 X270.366 Y729.634 Z378.5
G1 Z377.5
G1 E40 F9000
;TYPE:Outer wall
;WIDTH:3.2
G1 F2779.615
G1 X270.366 Y270.366 E1982.72102
G1 F2760
G1 X729.634 Y270.366 E1982.72107
G1 X729.634 Y729.634 E1982.72102
G1 X270.666 Y729.634 E1981.42588
M73 P82 R156
;WIPE_START
G1 F600
G1 X270.66 Y719.634 E-30
;WIPE_END
G1 Z378.5 F15000
G1 X272.813 Y586.92 Z378.5
G1 Z377.5
G1 E40 F9000
;TYPE:Sparse infill
;WIDTH:3.2
G1 F2779.614
G1 X272.813 Y598.432 E49.70059
G1 X401.568 Y727.187 E786.09565
G1 X413.08 Y727.187 E49.70059
;WIPE_START
G1 F600
G1 X403.08 Y727.187 E-30
;WIPE_END
G1 Z378.5 F15000
G1 X272.813 Y424.11 Z378.5
G1 Z377.5
G1 E40 F9000
G1 F2779.614
G1 X272.813 Y435.622 E49.70059
G1 X564.378 Y727.187 E1780.10742
G1 X575.89 Y727.187 E49.70059
;WIPE_START
G1 F600
G1 X565.89 Y727.187 E-30
;WIPE_END
G1 Z378.5 F15000
G1 X727.187 Y586.92 Z378.5
G1 Z377.5
G1 E40 F9000
G1 F2779.614
G1 X727.187 Y598.432 E49.70059
G1 X598.432 Y727.187 E786.09565
G1 X586.92 Y727.187 E49.70059
;WIPE_START
G1 F600
G1 X596.92 Y727.187 E-30
;WIPE_END
G1 Z378.5 F15000
G1 X727.187 Y424.11 Z378.5
G1 Z377.5
G1 E40 F9000
G1 F2779.614
G1 X727.187 Y435.623 E49.70059
G1 X435.622 Y727.187 E1780.10743
G1 X424.11 Y727.187 E49.70059
;WIPE_START
G1 F600
G1 X434.11 Y727.187 E-30
;WIPE_END
G1 Z378.5 F15000
G1 X424.11 Y272.813 Z378.5
G1 Z377.5
G1 E40 F9000
G1 F2779.614
G1 X435.622 Y272.813 E49.70059
G1 X727.187 Y564.378 E1780.10742
G1 X727.187 Y575.89 E49.70059
M73 P82 R155
;WIPE_START
G1 F600
G1 X727.187 Y565.89 E-30
;WIPE_END
G1 Z378.5 F15000
G1 X715.675 Y272.813 Z378.5
G1 Z377.5
G1 E40 F9000
G1 F2779.614
G1 X727.187 Y272.813 E49.70027
G1 X272.813 Y727.187 E2774.11872
G1 X284.325 Y727.187 E49.70025
;WIPE_START
G1 F600
G1 X274.325 Y727.187 E-30
;WIPE_END
G1 Z378.5 F15000
G1 X284.325 Y272.813 Z378.5
G1 Z377.5
G1 E40 F9000
G1 F2779.614
G1 X272.813 Y272.813 E49.70059
G1 X727.187 Y727.187 E2774.11918
G1 X715.675 Y727.187 E49.70059
;WIPE_START
G1 F600
G1 X725.675 Y727.187 E-30
;WIPE_END
G1 Z378.5 F15000
G1 X586.92 Y272.813 Z378.5
G1 Z377.5
G1 E40 F9000
G1 F2779.614
G1 X598.432 Y272.813 E49.70059
G1 X727.187 Y401.568 E786.09564
G1 X727.187 Y413.08 E49.70059
;WIPE_START
G1 F600
G1 X727.187 Y403.08 E-30
;WIPE_END
G1 Z378.5 F15000
G1 X575.89 Y272.813 Z378.5
G1 Z377.5
G1 E40 F9000
G1 F2779.614
G1 X564.378 Y272.813 E49.70059
G1 X272.813 Y564.377 E1780.10741
G1 X272.813 Y575.89 E49.70059
M73 P82 R154
;WIPE_START
G1 F600
G1 X272.813 Y565.89 E-30
;WIPE_END
G1 Z378.5 F15000
G1 X413.08 Y272.813 Z378.5
G1 Z377.5
G1 E40 F9000
G1 F2779.614
G1 X401.568 Y272.813 E49.70059
G1 X272.813 Y401.568 E786.09564
G1 X272.813 Y413.08 E49.70059
; stop printing object Cube id:0 copy 0
;LAYER_CHANGE
;Z:379
;HEIGHT:1.5
;BEFORE_LAYER_CHANGE
;379
G92 E0

EXCLUDE_OBJECT_END NAME=Cube_id_0_copy_0
;AFTER_LAYER_CHANGE
;379
;_SET_FAN_SPEED_CHANGING_LAYER
; printing object Cube id:0 copy 0
;WIPE_START
G1 F600
G1 X272.813 Y403.08 E-30
;WIPE_END
EXCLUDE_OBJECT_START NAME=Cube_id_0_copy_0
G1 Z380 F15000
G1 X270.366 Y270.366 Z380
G1 Z379
G1 E40 F9000
;TYPE:Outer wall
;WIDTH:3.2
G1 F2779.615
G1 X729.634 Y270.366 E1982.72102
G1 F2760
G1 X729.634 Y729.634 E1982.72107
G1 X270.366 Y729.634 E1982.72102
G1 X270.366 Y270.666 E1981.42588
;WIPE_START
G1 F600
G1 X280.366 Y270.66 E-30
;WIPE_END
G1 Z380 F15000
G1 X272.813 Y413.08 Z380
G1 Z379
G1 E40 F9000
;TYPE:Sparse infill
;WIDTH:3.2
G1 F2779.614
G1 X272.813 Y401.568 E49.70059
G1 X401.568 Y272.813 E786.09564
G1 X413.08 Y272.813 E49.70059
M73 P82 R153
;WIPE_START
G1 F600
G1 X403.08 Y272.813 E-30
;WIPE_END
G1 Z380 F15000
G1 X272.813 Y575.89 Z380
G1 Z379
G1 E40 F9000
G1 F2779.614
G1 X272.813 Y564.377 E49.70059
G1 X564.378 Y272.813 E1780.10741
G1 X575.89 Y272.813 E49.70059
;WIPE_START
G1 F600
G1 X565.89 Y272.813 E-30
;WIPE_END
G1 Z380 F15000
G1 X727.187 Y413.08 Z380
G1 Z379
G1 E40 F9000
G1 F2779.614
G1 X727.187 Y401.568 E49.70059
G1 X598.432 Y272.813 E786.09564
G1 X586.92 Y272.813 E49.70059
;WIPE_START
G1 F600
G1 X596.92 Y272.813 E-30
;WIPE_END
G1 Z380 F15000
G1 X727.187 Y575.89 Z380
G1 Z379
G1 E40 F9000
G1 F2779.614
G1 X727.187 Y564.378 E49.70059
G1 X435.622 Y272.813 E1780.10742
G1 X424.11 Y272.813 E49.70059
;WIPE_START
G1 F600
G1 X434.11 Y272.813 E-30
;WIPE_END
G1 Z380 F15000
G1 X424.11 Y727.187 Z380
G1 Z379
G1 E40 F9000
G1 F2779.614
G1 X435.622 Y727.187 E49.70059
G1 X727.187 Y435.623 E1780.10743
G1 X727.187 Y424.11 E49.70059
;WIPE_START
G1 F600
G1 X727.187 Y434.11 E-30
;WIPE_END
G1 Z380 F15000
G1 X715.675 Y727.187 Z380
G1 Z379
G1 E40 F9000
G1 F2779.614
G1 X727.187 Y727.187 E49.70059
G1 X272.813 Y272.813 E2774.11918
G1 X284.325 Y272.813 E49.70059
M73 P82 R152
;WIPE_START
G1 F600
G1 X274.325 Y272.813 E-30
;WIPE_END
G1 Z380 F15000
G1 X284.325 Y727.187 Z380
G1 Z379
G1 E40 F9000
G1 F2779.614
G1 X272.813 Y727.187 E49.70025
G1 X727.187 Y272.813 E2774.11872
G1 X715.675 Y272.813 E49.70027
M73 P83 R152
;WIPE_START
G1 F600
G1 X725.675 Y272.813 E-30
;WIPE_END
G1 Z380 F15000
G1 X586.92 Y727.187 Z380
G1 Z379
G1 E40 F9000
G1 F2779.614
G1 X598.432 Y727.187 E49.70059
G1 X727.187 Y598.432 E786.09565
G1 X727.187 Y586.92 E49.70059
;WIPE_START
G1 F600
G1 X727.187 Y596.92 E-30
;WIPE_END
G1 Z380 F15000
G1 X575.89 Y727.187 Z380
G1 Z379
G1 E40 F9000
G1 F2779.614
G1 X564.378 Y727.187 E49.70059
G1 X272.813 Y435.622 E1780.10742
G1 X272.813 Y424.11 E49.70059
;WIPE_START
G1 F600
G1 X272.813 Y434.11 E-30
;WIPE_END
G1 Z380 F15000
G1 X413.08 Y727.187 Z380
G1 Z379
G1 E40 F9000
G1 F2779.614
G1 X401.568 Y727.187 E49.70059
G1 X272.813 Y598.432 E786.09565
G1 X272.813 Y586.92 E49.70059
; stop printing object Cube id:0 copy 0
;LAYER_CHANGE
;Z:380.5
;HEIGHT:1.5
;BEFORE_LAYER_CHANGE
;380.5
G92 E0

EXCLUDE_OBJECT_END NAME=Cube_id_0_copy_0
;AFTER_LAYER_CHANGE
;380.5
;_SET_FAN_SPEED_CHANGING_LAYER
; printing object Cube id:0 copy 0
;WIPE_START
G1 F600
G1 X272.813 Y596.92 E-30
;WIPE_END
EXCLUDE_OBJECT_START NAME=Cube_id_0_copy_0
G1 Z381.5 F15000
G1 X270.366 Y729.634 Z381.5
G1 Z380.5
G1 E40 F9000
;TYPE:Outer wall
;WIDTH:3.2
G1 F2779.615
G1 X270.366 Y270.366 E1982.72102
G1 F2760
M73 P83 R151
G1 X729.634 Y270.366 E1982.72107
G1 X729.634 Y729.634 E1982.72102
G1 X270.666 Y729.634 E1981.42588
;WIPE_START
G1 F600
G1 X270.66 Y719.634 E-30
;WIPE_END
G1 Z381.5 F15000
G1 X272.813 Y586.92 Z381.5
G1 Z380.5
G1 E40 F9000
;TYPE:Sparse infill
;WIDTH:3.2
G1 F2779.614
G1 X272.813 Y598.432 E49.70059
G1 X401.568 Y727.187 E786.09565
G1 X413.08 Y727.187 E49.70059
;WIPE_START
G1 F600
G1 X403.08 Y727.187 E-30
;WIPE_END
G1 Z381.5 F15000
G1 X272.813 Y424.11 Z381.5
G1 Z380.5
G1 E40 F9000
G1 F2779.614
G1 X272.813 Y435.622 E49.70059
G1 X564.378 Y727.187 E1780.10742
G1 X575.89 Y727.187 E49.70059
;WIPE_START
G1 F600
G1 X565.89 Y727.187 E-30
;WIPE_END
G1 Z381.5 F15000
M73 P83 R150
G1 X727.187 Y586.92 Z381.5
G1 Z380.5
G1 E40 F9000
G1 F2779.614
G1 X727.187 Y598.432 E49.70059
G1 X598.432 Y727.187 E786.09565
G1 X586.92 Y727.187 E49.70059
;WIPE_START
G1 F600
G1 X596.92 Y727.187 E-30
;WIPE_END
G1 Z381.5 F15000
G1 X727.187 Y424.11 Z381.5
G1 Z380.5
G1 E40 F9000
G1 F2779.614
G1 X727.187 Y435.623 E49.70059
G1 X435.622 Y727.187 E1780.10743
G1 X424.11 Y727.187 E49.70059
;WIPE_START
G1 F600
G1 X434.11 Y727.187 E-30
;WIPE_END
G1 Z381.5 F15000
G1 X424.11 Y272.813 Z381.5
G1 Z380.5
G1 E40 F9000
G1 F2779.614
G1 X435.622 Y272.813 E49.70059
G1 X727.187 Y564.378 E1780.10742
G1 X727.187 Y575.89 E49.70059
;WIPE_START
G1 F600
G1 X727.187 Y565.89 E-30
;WIPE_END
G1 Z381.5 F15000
G1 X715.675 Y272.813 Z381.5
G1 Z380.5
G1 E40 F9000
G1 F2779.614
G1 X727.187 Y272.813 E49.70027
G1 X272.813 Y727.187 E2774.11872
G1 X284.325 Y727.187 E49.70025
;WIPE_START
G1 F600
G1 X274.325 Y727.187 E-30
;WIPE_END
G1 Z381.5 F15000
G1 X284.325 Y272.813 Z381.5
G1 Z380.5
G1 E40 F9000
G1 F2779.614
G1 X272.813 Y272.813 E49.70059
G1 X727.187 Y727.187 E2774.11918
G1 X715.675 Y727.187 E49.70059
M73 P83 R149
;WIPE_START
G1 F600
G1 X725.675 Y727.187 E-30
;WIPE_END
G1 Z381.5 F15000
G1 X586.92 Y272.813 Z381.5
G1 Z380.5
G1 E40 F9000
G1 F2779.614
G1 X598.432 Y272.813 E49.70059
G1 X727.187 Y401.568 E786.09564
G1 X727.187 Y413.08 E49.70059
;WIPE_START
G1 F600
G1 X727.187 Y403.08 E-30
;WIPE_END
G1 Z381.5 F15000
G1 X575.89 Y272.813 Z381.5
G1 Z380.5
G1 E40 F9000
G1 F2779.614
G1 X564.378 Y272.813 E49.70059
G1 X272.813 Y564.377 E1780.10741
G1 X272.813 Y575.89 E49.70059
;WIPE_START
G1 F600
G1 X272.813 Y565.89 E-30
;WIPE_END
G1 Z381.5 F15000
G1 X413.08 Y272.813 Z381.5
G1 Z380.5
G1 E40 F9000
G1 F2779.614
G1 X401.568 Y272.813 E49.70059
G1 X272.813 Y401.568 E786.09564
G1 X272.813 Y413.08 E49.70059
; stop printing object Cube id:0 copy 0
;LAYER_CHANGE
;Z:382
;HEIGHT:1.5
;BEFORE_LAYER_CHANGE
;382
G92 E0

EXCLUDE_OBJECT_END NAME=Cube_id_0_copy_0
;AFTER_LAYER_CHANGE
;382
;_SET_FAN_SPEED_CHANGING_LAYER
; printing object Cube id:0 copy 0
;WIPE_START
G1 F600
G1 X272.813 Y403.08 E-30
;WIPE_END
EXCLUDE_OBJECT_START NAME=Cube_id_0_copy_0
G1 Z383 F15000
G1 X270.366 Y270.366 Z383
G1 Z382
G1 E40 F9000
;TYPE:Outer wall
;WIDTH:3.2
G1 F2779.615
G1 X729.634 Y270.366 E1982.72102
G1 F2760
G1 X729.634 Y729.634 E1982.72107
G1 X270.366 Y729.634 E1982.72102
M73 P83 R148
G1 X270.366 Y270.666 E1981.42588
;WIPE_START
G1 F600
G1 X280.366 Y270.66 E-30
;WIPE_END
G1 Z383 F15000
G1 X272.813 Y413.08 Z383
G1 Z382
G1 E40 F9000
;TYPE:Sparse infill
;WIDTH:3.2
G1 F2779.614
G1 X272.813 Y401.568 E49.70059
G1 X401.568 Y272.813 E786.09564
G1 X413.08 Y272.813 E49.70059
;WIPE_START
G1 F600
G1 X403.08 Y272.813 E-30
;WIPE_END
G1 Z383 F15000
G1 X272.813 Y575.89 Z383
G1 Z382
G1 E40 F9000
G1 F2779.614
G1 X272.813 Y564.377 E49.70059
G1 X564.378 Y272.813 E1780.10741
G1 X575.89 Y272.813 E49.70059
;WIPE_START
G1 F600
G1 X565.89 Y272.813 E-30
;WIPE_END
G1 Z383 F15000
G1 X727.187 Y413.08 Z383
G1 Z382
G1 E40 F9000
G1 F2779.614
G1 X727.187 Y401.568 E49.70059
G1 X598.432 Y272.813 E786.09564
G1 X586.92 Y272.813 E49.70059
;WIPE_START
G1 F600
G1 X596.92 Y272.813 E-30
;WIPE_END
G1 Z383 F15000
G1 X727.187 Y575.89 Z383
G1 Z382
G1 E40 F9000
G1 F2779.614
G1 X727.187 Y564.378 E49.70059
G1 X435.622 Y272.813 E1780.10742
G1 X424.11 Y272.813 E49.70059
M73 P83 R147
;WIPE_START
G1 F600
G1 X434.11 Y272.813 E-30
;WIPE_END
G1 Z383 F15000
G1 X424.11 Y727.187 Z383
G1 Z382
G1 E40 F9000
G1 F2779.614
G1 X435.622 Y727.187 E49.70059
G1 X727.187 Y435.623 E1780.10743
G1 X727.187 Y424.11 E49.70059
;WIPE_START
G1 F600
G1 X727.187 Y434.11 E-30
;WIPE_END
G1 Z383 F15000
G1 X715.675 Y727.187 Z383
G1 Z382
G1 E40 F9000
G1 F2779.614
G1 X727.187 Y727.187 E49.70059
G1 X272.813 Y272.813 E2774.11918
G1 X284.325 Y272.813 E49.70059
;WIPE_START
G1 F600
G1 X274.325 Y272.813 E-30
;WIPE_END
G1 Z383 F15000
G1 X284.325 Y727.187 Z383
G1 Z382
G1 E40 F9000
G1 F2779.614
G1 X272.813 Y727.187 E49.70025
G1 X727.187 Y272.813 E2774.11872
G1 X715.675 Y272.813 E49.70027
;WIPE_START
G1 F600
G1 X725.675 Y272.813 E-30
;WIPE_END
G1 Z383 F15000
G1 X586.92 Y727.187 Z383
G1 Z382
G1 E40 F9000
G1 F2779.614
G1 X598.432 Y727.187 E49.70059
G1 X727.187 Y598.432 E786.09565
G1 X727.187 Y586.92 E49.70059
M73 P83 R146
;WIPE_START
G1 F600
G1 X727.187 Y596.92 E-30
;WIPE_END
G1 Z383 F15000
G1 X575.89 Y727.187 Z383
G1 Z382
G1 E40 F9000
G1 F2779.614
G1 X564.378 Y727.187 E49.70059
G1 X272.813 Y435.622 E1780.10742
G1 X272.813 Y424.11 E49.70059
;WIPE_START
G1 F600
G1 X272.813 Y434.11 E-30
;WIPE_END
G1 Z383 F15000
G1 X413.08 Y727.187 Z383
G1 Z382
G1 E40 F9000
G1 F2779.614
G1 X401.568 Y727.187 E49.70059
G1 X272.813 Y598.432 E786.09565
G1 X272.813 Y586.92 E49.70059
; stop printing object Cube id:0 copy 0
;LAYER_CHANGE
;Z:383.5
;HEIGHT:1.5
;BEFORE_LAYER_CHANGE
;383.5
G92 E0

EXCLUDE_OBJECT_END NAME=Cube_id_0_copy_0
;AFTER_LAYER_CHANGE
;383.5
;_SET_FAN_SPEED_CHANGING_LAYER
; printing object Cube id:0 copy 0
;WIPE_START
G1 F600
G1 X272.813 Y596.92 E-30
;WIPE_END
EXCLUDE_OBJECT_START NAME=Cube_id_0_copy_0
G1 Z384.5 F15000
G1 X270.366 Y729.634 Z384.5
G1 Z383.5
G1 E40 F9000
;TYPE:Outer wall
;WIDTH:3.2
G1 F2779.615
G1 X270.366 Y270.366 E1982.72102
G1 F2760
G1 X729.634 Y270.366 E1982.72107
G1 X729.634 Y729.634 E1982.72102
G1 X270.666 Y729.634 E1981.42588
;WIPE_START
G1 F600
M73 P83 R145
G1 X270.66 Y719.634 E-30
;WIPE_END
G1 Z384.5 F15000
G1 X272.813 Y586.92 Z384.5
G1 Z383.5
G1 E40 F9000
;TYPE:Sparse infill
;WIDTH:3.2
G1 F2779.614
G1 X272.813 Y598.432 E49.70059
G1 X401.568 Y727.187 E786.09565
G1 X413.08 Y727.187 E49.70059
;WIPE_START
G1 F600
G1 X403.08 Y727.187 E-30
;WIPE_END
G1 Z384.5 F15000
G1 X272.813 Y424.11 Z384.5
G1 Z383.5
G1 E40 F9000
G1 F2779.614
G1 X272.813 Y435.622 E49.70059
G1 X564.378 Y727.187 E1780.10742
G1 X575.89 Y727.187 E49.70059
;WIPE_START
G1 F600
G1 X565.89 Y727.187 E-30
;WIPE_END
G1 Z384.5 F15000
G1 X727.187 Y586.92 Z384.5
G1 Z383.5
G1 E40 F9000
G1 F2779.614
G1 X727.187 Y598.432 E49.70059
G1 X598.432 Y727.187 E786.09565
G1 X586.92 Y727.187 E49.70059
;WIPE_START
G1 F600
G1 X596.92 Y727.187 E-30
;WIPE_END
G1 Z384.5 F15000
G1 X727.187 Y424.11 Z384.5
G1 Z383.5
G1 E40 F9000
G1 F2779.614
G1 X727.187 Y435.623 E49.70059
G1 X435.622 Y727.187 E1780.10743
G1 X424.11 Y727.187 E49.70059
;WIPE_START
G1 F600
G1 X434.11 Y727.187 E-30
;WIPE_END
G1 Z384.5 F15000
G1 X424.11 Y272.813 Z384.5
G1 Z383.5
G1 E40 F9000
G1 F2779.614
G1 X435.622 Y272.813 E49.70059
G1 X727.187 Y564.378 E1780.10742
G1 X727.187 Y575.89 E49.70059
;WIPE_START
G1 F600
G1 X727.187 Y565.89 E-30
;WIPE_END
G1 Z384.5 F15000
M73 P83 R144
G1 X715.675 Y272.813 Z384.5
G1 Z383.5
G1 E40 F9000
G1 F2779.614
G1 X727.187 Y272.813 E49.70027
G1 X272.813 Y727.187 E2774.11872
G1 X284.325 Y727.187 E49.70025
;WIPE_START
G1 F600
G1 X274.325 Y727.187 E-30
;WIPE_END
G1 Z384.5 F15000
G1 X284.325 Y272.813 Z384.5
G1 Z383.5
G1 E40 F9000
G1 F2779.614
G1 X272.813 Y272.813 E49.70059
G1 X727.187 Y727.187 E2774.11918
G1 X715.675 Y727.187 E49.70059
;WIPE_START
G1 F600
G1 X725.675 Y727.187 E-30
;WIPE_END
G1 Z384.5 F15000
G1 X586.92 Y272.813 Z384.5
G1 Z383.5
G1 E40 F9000
G1 F2779.614
G1 X598.432 Y272.813 E49.70059
G1 X727.187 Y401.568 E786.09564
G1 X727.187 Y413.08 E49.70059
;WIPE_START
G1 F600
G1 X727.187 Y403.08 E-30
;WIPE_END
G1 Z384.5 F15000
G1 X575.89 Y272.813 Z384.5
G1 Z383.5
G1 E40 F9000
G1 F2779.614
G1 X564.378 Y272.813 E49.70059
G1 X272.813 Y564.377 E1780.10741
G1 X272.813 Y575.89 E49.70059
;WIPE_START
G1 F600
G1 X272.813 Y565.89 E-30
;WIPE_END
G1 Z384.5 F15000
G1 X413.08 Y272.813 Z384.5
G1 Z383.5
G1 E40 F9000
G1 F2779.614
G1 X401.568 Y272.813 E49.70059
G1 X272.813 Y401.568 E786.09564
M73 P83 R143
G1 X272.813 Y413.08 E49.70059
; stop printing object Cube id:0 copy 0
;LAYER_CHANGE
;Z:385
;HEIGHT:1.5
;BEFORE_LAYER_CHANGE
;385
G92 E0

EXCLUDE_OBJECT_END NAME=Cube_id_0_copy_0
;AFTER_LAYER_CHANGE
;385
;_SET_FAN_SPEED_CHANGING_LAYER
; printing object Cube id:0 copy 0
;WIPE_START
G1 F600
G1 X272.813 Y403.08 E-30
;WIPE_END
EXCLUDE_OBJECT_START NAME=Cube_id_0_copy_0
G1 Z386 F15000
G1 X270.366 Y270.366 Z386
G1 Z385
G1 E40 F9000
;TYPE:Outer wall
;WIDTH:3.2
G1 F2779.615
G1 X729.634 Y270.366 E1982.72102
G1 F2760
M73 P84 R143
G1 X729.634 Y729.634 E1982.72107
G1 X270.366 Y729.634 E1982.72102
G1 X270.366 Y270.666 E1981.42588
;WIPE_START
G1 F600
G1 X280.366 Y270.66 E-30
;WIPE_END
G1 Z386 F15000
G1 X272.813 Y413.08 Z386
G1 Z385
G1 E40 F9000
;TYPE:Sparse infill
;WIDTH:3.2
G1 F2779.614
G1 X272.813 Y401.568 E49.70059
G1 X401.568 Y272.813 E786.09564
G1 X413.08 Y272.813 E49.70059
;WIPE_START
G1 F600
G1 X403.08 Y272.813 E-30
;WIPE_END
G1 Z386 F15000
G1 X272.813 Y575.89 Z386
G1 Z385
G1 E40 F9000
G1 F2779.614
G1 X272.813 Y564.377 E49.70059
G1 X564.378 Y272.813 E1780.10741
G1 X575.89 Y272.813 E49.70059
M73 P84 R142
;WIPE_START
G1 F600
G1 X565.89 Y272.813 E-30
;WIPE_END
G1 Z386 F15000
G1 X727.187 Y413.08 Z386
G1 Z385
G1 E40 F9000
G1 F2779.614
G1 X727.187 Y401.568 E49.70059
G1 X598.432 Y272.813 E786.09564
G1 X586.92 Y272.813 E49.70059
;WIPE_START
G1 F600
G1 X596.92 Y272.813 E-30
;WIPE_END
G1 Z386 F15000
G1 X727.187 Y575.89 Z386
G1 Z385
G1 E40 F9000
G1 F2779.614
G1 X727.187 Y564.378 E49.70059
G1 X435.622 Y272.813 E1780.10742
G1 X424.11 Y272.813 E49.70059
;WIPE_START
G1 F600
G1 X434.11 Y272.813 E-30
;WIPE_END
G1 Z386 F15000
G1 X424.11 Y727.187 Z386
G1 Z385
G1 E40 F9000
G1 F2779.614
G1 X435.622 Y727.187 E49.70059
G1 X727.187 Y435.623 E1780.10743
G1 X727.187 Y424.11 E49.70059
;WIPE_START
G1 F600
G1 X727.187 Y434.11 E-30
;WIPE_END
G1 Z386 F15000
G1 X715.675 Y727.187 Z386
G1 Z385
G1 E40 F9000
G1 F2779.614
G1 X727.187 Y727.187 E49.70059
G1 X272.813 Y272.813 E2774.11918
G1 X284.325 Y272.813 E49.70059
;WIPE_START
G1 F600
M73 P84 R141
G1 X274.325 Y272.813 E-30
;WIPE_END
G1 Z386 F15000
G1 X284.325 Y727.187 Z386
G1 Z385
G1 E40 F9000
G1 F2779.614
G1 X272.813 Y727.187 E49.70025
G1 X727.187 Y272.813 E2774.11872
G1 X715.675 Y272.813 E49.70027
;WIPE_START
G1 F600
G1 X725.675 Y272.813 E-30
;WIPE_END
G1 Z386 F15000
G1 X586.92 Y727.187 Z386
G1 Z385
G1 E40 F9000
G1 F2779.614
G1 X598.432 Y727.187 E49.70059
G1 X727.187 Y598.432 E786.09565
G1 X727.187 Y586.92 E49.70059
;WIPE_START
G1 F600
G1 X727.187 Y596.92 E-30
;WIPE_END
G1 Z386 F15000
G1 X575.89 Y727.187 Z386
G1 Z385
G1 E40 F9000
G1 F2779.614
G1 X564.378 Y727.187 E49.70059
G1 X272.813 Y435.622 E1780.10742
G1 X272.813 Y424.11 E49.70059
;WIPE_START
G1 F600
G1 X272.813 Y434.11 E-30
;WIPE_END
G1 Z386 F15000
G1 X413.08 Y727.187 Z386
G1 Z385
G1 E40 F9000
G1 F2779.614
G1 X401.568 Y727.187 E49.70059
G1 X272.813 Y598.432 E786.09565
G1 X272.813 Y586.92 E49.70059
; stop printing object Cube id:0 copy 0
;LAYER_CHANGE
;Z:386.5
;HEIGHT:1.5
;BEFORE_LAYER_CHANGE
;386.5
G92 E0

EXCLUDE_OBJECT_END NAME=Cube_id_0_copy_0
;AFTER_LAYER_CHANGE
;386.5
;_SET_FAN_SPEED_CHANGING_LAYER
; printing object Cube id:0 copy 0
;WIPE_START
G1 F600
G1 X272.813 Y596.92 E-30
;WIPE_END
EXCLUDE_OBJECT_START NAME=Cube_id_0_copy_0
G1 Z387.5 F15000
G1 X270.366 Y729.634 Z387.5
G1 Z386.5
G1 E40 F9000
;TYPE:Outer wall
;WIDTH:3.2
G1 F2779.615
G1 X270.366 Y270.366 E1982.72102
G1 F2760
M73 P84 R140
G1 X729.634 Y270.366 E1982.72107
G1 X729.634 Y729.634 E1982.72102
G1 X270.666 Y729.634 E1981.42588
;WIPE_START
G1 F600
G1 X270.66 Y719.634 E-30
;WIPE_END
G1 Z387.5 F15000
G1 X272.813 Y586.92 Z387.5
G1 Z386.5
G1 E40 F9000
;TYPE:Sparse infill
;WIDTH:3.2
G1 F2779.614
G1 X272.813 Y598.432 E49.70059
G1 X401.568 Y727.187 E786.09565
G1 X413.08 Y727.187 E49.70059
;WIPE_START
G1 F600
G1 X403.08 Y727.187 E-30
;WIPE_END
G1 Z387.5 F15000
G1 X272.813 Y424.11 Z387.5
G1 Z386.5
G1 E40 F9000
G1 F2779.614
G1 X272.813 Y435.622 E49.70059
G1 X564.378 Y727.187 E1780.10742
G1 X575.89 Y727.187 E49.70059
;WIPE_START
G1 F600
G1 X565.89 Y727.187 E-30
;WIPE_END
G1 Z387.5 F15000
G1 X727.187 Y586.92 Z387.5
G1 Z386.5
G1 E40 F9000
G1 F2779.614
G1 X727.187 Y598.432 E49.70059
G1 X598.432 Y727.187 E786.09565
G1 X586.92 Y727.187 E49.70059
;WIPE_START
G1 F600
G1 X596.92 Y727.187 E-30
;WIPE_END
G1 Z387.5 F15000
G1 X727.187 Y424.11 Z387.5
G1 Z386.5
M73 P84 R139
G1 E40 F9000
G1 F2779.614
G1 X727.187 Y435.623 E49.70059
G1 X435.622 Y727.187 E1780.10743
G1 X424.11 Y727.187 E49.70059
;WIPE_START
G1 F600
G1 X434.11 Y727.187 E-30
;WIPE_END
G1 Z387.5 F15000
G1 X424.11 Y272.813 Z387.5
G1 Z386.5
G1 E40 F9000
G1 F2779.614
G1 X435.622 Y272.813 E49.70059
G1 X727.187 Y564.378 E1780.10742
G1 X727.187 Y575.89 E49.70059
;WIPE_START
G1 F600
G1 X727.187 Y565.89 E-30
;WIPE_END
G1 Z387.5 F15000
G1 X715.675 Y272.813 Z387.5
G1 Z386.5
G1 E40 F9000
G1 F2779.614
G1 X727.187 Y272.813 E49.70027
G1 X272.813 Y727.187 E2774.11872
G1 X284.325 Y727.187 E49.70025
;WIPE_START
G1 F600
G1 X274.325 Y727.187 E-30
;WIPE_END
G1 Z387.5 F15000
G1 X284.325 Y272.813 Z387.5
G1 Z386.5
G1 E40 F9000
G1 F2779.614
G1 X272.813 Y272.813 E49.70059
G1 X727.187 Y727.187 E2774.11918
G1 X715.675 Y727.187 E49.70059
M73 P84 R138
;WIPE_START
G1 F600
G1 X725.675 Y727.187 E-30
;WIPE_END
G1 Z387.5 F15000
G1 X586.92 Y272.813 Z387.5
G1 Z386.5
G1 E40 F9000
G1 F2779.614
G1 X598.432 Y272.813 E49.70059
G1 X727.187 Y401.568 E786.09564
G1 X727.187 Y413.08 E49.70059
;WIPE_START
G1 F600
G1 X727.187 Y403.08 E-30
;WIPE_END
G1 Z387.5 F15000
G1 X575.89 Y272.813 Z387.5
G1 Z386.5
G1 E40 F9000
G1 F2779.614
G1 X564.378 Y272.813 E49.70059
G1 X272.813 Y564.377 E1780.10741
G1 X272.813 Y575.89 E49.70059
;WIPE_START
G1 F600
G1 X272.813 Y565.89 E-30
;WIPE_END
G1 Z387.5 F15000
G1 X413.08 Y272.813 Z387.5
G1 Z386.5
G1 E40 F9000
G1 F2779.614
G1 X401.568 Y272.813 E49.70059
G1 X272.813 Y401.568 E786.09564
G1 X272.813 Y413.08 E49.70059
; stop printing object Cube id:0 copy 0
;LAYER_CHANGE
;Z:388
;HEIGHT:1.5
;BEFORE_LAYER_CHANGE
;388
G92 E0

EXCLUDE_OBJECT_END NAME=Cube_id_0_copy_0
;AFTER_LAYER_CHANGE
;388
;_SET_FAN_SPEED_CHANGING_LAYER
; printing object Cube id:0 copy 0
;WIPE_START
G1 F600
G1 X272.813 Y403.08 E-30
;WIPE_END
EXCLUDE_OBJECT_START NAME=Cube_id_0_copy_0
G1 Z389 F15000
G1 X270.366 Y270.366 Z389
G1 Z388
G1 E40 F9000
;TYPE:Outer wall
;WIDTH:3.2
G1 F2779.615
G1 X729.634 Y270.366 E1982.72102
G1 F2760
G1 X729.634 Y729.634 E1982.72107
G1 X270.366 Y729.634 E1982.72102
G1 X270.366 Y270.666 E1981.42588
M73 P84 R137
;WIPE_START
G1 F600
G1 X280.366 Y270.66 E-30
;WIPE_END
G1 Z389 F15000
G1 X272.813 Y413.08 Z389
G1 Z388
G1 E40 F9000
;TYPE:Sparse infill
;WIDTH:3.2
G1 F2779.614
G1 X272.813 Y401.568 E49.70059
G1 X401.568 Y272.813 E786.09564
G1 X413.08 Y272.813 E49.70059
;WIPE_START
G1 F600
G1 X403.08 Y272.813 E-30
;WIPE_END
G1 Z389 F15000
G1 X272.813 Y575.89 Z389
G1 Z388
G1 E40 F9000
G1 F2779.614
G1 X272.813 Y564.377 E49.70059
G1 X564.378 Y272.813 E1780.10741
G1 X575.89 Y272.813 E49.70059
;WIPE_START
G1 F600
G1 X565.89 Y272.813 E-30
;WIPE_END
G1 Z389 F15000
G1 X727.187 Y413.08 Z389
G1 Z388
G1 E40 F9000
G1 F2779.614
G1 X727.187 Y401.568 E49.70059
G1 X598.432 Y272.813 E786.09564
G1 X586.92 Y272.813 E49.70059
;WIPE_START
G1 F600
G1 X596.92 Y272.813 E-30
;WIPE_END
G1 Z389 F15000
G1 X727.187 Y575.89 Z389
G1 Z388
G1 E40 F9000
G1 F2779.614
G1 X727.187 Y564.378 E49.70059
G1 X435.622 Y272.813 E1780.10742
G1 X424.11 Y272.813 E49.70059
;WIPE_START
G1 F600
G1 X434.11 Y272.813 E-30
;WIPE_END
G1 Z389 F15000
G1 X424.11 Y727.187 Z389
G1 Z388
G1 E40 F9000
G1 F2779.614
G1 X435.622 Y727.187 E49.70059
G1 X727.187 Y435.623 E1780.10743
G1 X727.187 Y424.11 E49.70059
M73 P84 R136
;WIPE_START
G1 F600
G1 X727.187 Y434.11 E-30
;WIPE_END
G1 Z389 F15000
G1 X715.675 Y727.187 Z389
G1 Z388
G1 E40 F9000
G1 F2779.614
G1 X727.187 Y727.187 E49.70059
G1 X272.813 Y272.813 E2774.11918
G1 X284.325 Y272.813 E49.70059
;WIPE_START
G1 F600
G1 X274.325 Y272.813 E-30
;WIPE_END
G1 Z389 F15000
G1 X284.325 Y727.187 Z389
G1 Z388
G1 E40 F9000
G1 F2779.614
G1 X272.813 Y727.187 E49.70025
G1 X727.187 Y272.813 E2774.11872
G1 X715.675 Y272.813 E49.70027
;WIPE_START
G1 F600
G1 X725.675 Y272.813 E-30
;WIPE_END
G1 Z389 F15000
G1 X586.92 Y727.187 Z389
G1 Z388
G1 E40 F9000
G1 F2779.614
G1 X598.432 Y727.187 E49.70059
G1 X727.187 Y598.432 E786.09565
G1 X727.187 Y586.92 E49.70059
;WIPE_START
G1 F600
G1 X727.187 Y596.92 E-30
;WIPE_END
G1 Z389 F15000
G1 X575.89 Y727.187 Z389
G1 Z388
G1 E40 F9000
G1 F2779.614
G1 X564.378 Y727.187 E49.70059
G1 X272.813 Y435.622 E1780.10742
G1 X272.813 Y424.11 E49.70059
M73 P84 R135
;WIPE_START
G1 F600
G1 X272.813 Y434.11 E-30
;WIPE_END
G1 Z389 F15000
G1 X413.08 Y727.187 Z389
G1 Z388
G1 E40 F9000
G1 F2779.614
G1 X401.568 Y727.187 E49.70059
G1 X272.813 Y598.432 E786.09565
G1 X272.813 Y586.92 E49.70059
; stop printing object Cube id:0 copy 0
;LAYER_CHANGE
;Z:389.5
;HEIGHT:1.5
;BEFORE_LAYER_CHANGE
;389.5
G92 E0

EXCLUDE_OBJECT_END NAME=Cube_id_0_copy_0
;AFTER_LAYER_CHANGE
;389.5
;_SET_FAN_SPEED_CHANGING_LAYER
; printing object Cube id:0 copy 0
;WIPE_START
G1 F600
G1 X272.813 Y596.92 E-30
;WIPE_END
EXCLUDE_OBJECT_START NAME=Cube_id_0_copy_0
G1 Z390.5 F15000
G1 X270.366 Y729.634 Z390.5
G1 Z389.5
G1 E40 F9000
;TYPE:Outer wall
;WIDTH:3.2
G1 F2779.615
G1 X270.366 Y270.366 E1982.72102
G1 F2760
G1 X729.634 Y270.366 E1982.72107
G1 X729.634 Y729.634 E1982.72102
G1 X270.666 Y729.634 E1981.42588
;WIPE_START
G1 F600
G1 X270.66 Y719.634 E-30
;WIPE_END
G1 Z390.5 F15000
G1 X272.813 Y586.92 Z390.5
G1 Z389.5
G1 E40 F9000
;TYPE:Sparse infill
;WIDTH:3.2
G1 F2779.614
G1 X272.813 Y598.432 E49.70059
G1 X401.568 Y727.187 E786.09565
G1 X413.08 Y727.187 E49.70059
M73 P84 R134
;WIPE_START
G1 F600
G1 X403.08 Y727.187 E-30
;WIPE_END
G1 Z390.5 F15000
G1 X272.813 Y424.11 Z390.5
G1 Z389.5
G1 E40 F9000
G1 F2779.614
G1 X272.813 Y435.622 E49.70059
G1 X564.378 Y727.187 E1780.10742
G1 X575.89 Y727.187 E49.70059
M73 P85 R134
;WIPE_START
G1 F600
G1 X565.89 Y727.187 E-30
;WIPE_END
G1 Z390.5 F15000
G1 X727.187 Y586.92 Z390.5
G1 Z389.5
G1 E40 F9000
G1 F2779.614
G1 X727.187 Y598.432 E49.70059
G1 X598.432 Y727.187 E786.09565
G1 X586.92 Y727.187 E49.70059
;WIPE_START
G1 F600
G1 X596.92 Y727.187 E-30
;WIPE_END
G1 Z390.5 F15000
G1 X727.187 Y424.11 Z390.5
G1 Z389.5
G1 E40 F9000
G1 F2779.614
G1 X727.187 Y435.623 E49.70059
G1 X435.622 Y727.187 E1780.10743
G1 X424.11 Y727.187 E49.70059
;WIPE_START
G1 F600
G1 X434.11 Y727.187 E-30
;WIPE_END
G1 Z390.5 F15000
G1 X424.11 Y272.813 Z390.5
G1 Z389.5
G1 E40 F9000
G1 F2779.614
G1 X435.622 Y272.813 E49.70059
G1 X727.187 Y564.378 E1780.10742
G1 X727.187 Y575.89 E49.70059
;WIPE_START
G1 F600
G1 X727.187 Y565.89 E-30
;WIPE_END
G1 Z390.5 F15000
G1 X715.675 Y272.813 Z390.5
G1 Z389.5
G1 E40 F9000
G1 F2779.614
G1 X727.187 Y272.813 E49.70027
G1 X272.813 Y727.187 E2774.11872
G1 X284.325 Y727.187 E49.70025
M73 P85 R133
;WIPE_START
G1 F600
G1 X274.325 Y727.187 E-30
;WIPE_END
G1 Z390.5 F15000
G1 X284.325 Y272.813 Z390.5
G1 Z389.5
G1 E40 F9000
G1 F2779.614
G1 X272.813 Y272.813 E49.70059
G1 X727.187 Y727.187 E2774.11918
G1 X715.675 Y727.187 E49.70059
;WIPE_START
G1 F600
G1 X725.675 Y727.187 E-30
;WIPE_END
G1 Z390.5 F15000
G1 X586.92 Y272.813 Z390.5
G1 Z389.5
G1 E40 F9000
G1 F2779.614
G1 X598.432 Y272.813 E49.70059
G1 X727.187 Y401.568 E786.09564
G1 X727.187 Y413.08 E49.70059
;WIPE_START
G1 F600
G1 X727.187 Y403.08 E-30
;WIPE_END
G1 Z390.5 F15000
G1 X575.89 Y272.813 Z390.5
G1 Z389.5
G1 E40 F9000
G1 F2779.614
G1 X564.378 Y272.813 E49.70059
G1 X272.813 Y564.377 E1780.10741
G1 X272.813 Y575.89 E49.70059
;WIPE_START
G1 F600
G1 X272.813 Y565.89 E-30
;WIPE_END
G1 Z390.5 F15000
G1 X413.08 Y272.813 Z390.5
G1 Z389.5
G1 E40 F9000
G1 F2779.614
G1 X401.568 Y272.813 E49.70059
G1 X272.813 Y401.568 E786.09564
G1 X272.813 Y413.08 E49.70059
; stop printing object Cube id:0 copy 0
;LAYER_CHANGE
;Z:391
;HEIGHT:1.5
;BEFORE_LAYER_CHANGE
;391
G92 E0

EXCLUDE_OBJECT_END NAME=Cube_id_0_copy_0
;AFTER_LAYER_CHANGE
;391
;_SET_FAN_SPEED_CHANGING_LAYER
; printing object Cube id:0 copy 0
;WIPE_START
G1 F600
G1 X272.813 Y403.08 E-30
;WIPE_END
EXCLUDE_OBJECT_START NAME=Cube_id_0_copy_0
G1 Z392 F15000
G1 X270.366 Y270.366 Z392
G1 Z391
G1 E40 F9000
;TYPE:Outer wall
;WIDTH:3.2
G1 F2779.615
G1 X729.634 Y270.366 E1982.72102
G1 F2760
M73 P85 R132
G1 X729.634 Y729.634 E1982.72107
G1 X270.366 Y729.634 E1982.72102
G1 X270.366 Y270.666 E1981.42588
;WIPE_START
G1 F600
G1 X280.366 Y270.66 E-30
;WIPE_END
G1 Z392 F15000
G1 X272.813 Y413.08 Z392
G1 Z391
G1 E40 F9000
;TYPE:Sparse infill
;WIDTH:3.2
G1 F2779.614
G1 X272.813 Y401.568 E49.70059
G1 X401.568 Y272.813 E786.09564
G1 X413.08 Y272.813 E49.70059
;WIPE_START
G1 F600
G1 X403.08 Y272.813 E-30
;WIPE_END
G1 Z392 F15000
G1 X272.813 Y575.89 Z392
G1 Z391
G1 E40 F9000
G1 F2779.614
G1 X272.813 Y564.377 E49.70059
G1 X564.378 Y272.813 E1780.10741
G1 X575.89 Y272.813 E49.70059
;WIPE_START
G1 F600
G1 X565.89 Y272.813 E-30
;WIPE_END
G1 Z392 F15000
M73 P85 R131
G1 X727.187 Y413.08 Z392
G1 Z391
G1 E40 F9000
G1 F2779.614
G1 X727.187 Y401.568 E49.70059
G1 X598.432 Y272.813 E786.09564
G1 X586.92 Y272.813 E49.70059
;WIPE_START
G1 F600
G1 X596.92 Y272.813 E-30
;WIPE_END
G1 Z392 F15000
G1 X727.187 Y575.89 Z392
G1 Z391
G1 E40 F9000
G1 F2779.614
G1 X727.187 Y564.378 E49.70059
G1 X435.622 Y272.813 E1780.10742
G1 X424.11 Y272.813 E49.70059
;WIPE_START
G1 F600
G1 X434.11 Y272.813 E-30
;WIPE_END
G1 Z392 F15000
G1 X424.11 Y727.187 Z392
G1 Z391
G1 E40 F9000
G1 F2779.614
G1 X435.622 Y727.187 E49.70059
G1 X727.187 Y435.623 E1780.10743
G1 X727.187 Y424.11 E49.70059
;WIPE_START
G1 F600
G1 X727.187 Y434.11 E-30
;WIPE_END
G1 Z392 F15000
G1 X715.675 Y727.187 Z392
G1 Z391
G1 E40 F9000
G1 F2779.614
G1 X727.187 Y727.187 E49.70059
G1 X272.813 Y272.813 E2774.11918
G1 X284.325 Y272.813 E49.70059
;WIPE_START
G1 F600
G1 X274.325 Y272.813 E-30
;WIPE_END
G1 Z392 F15000
G1 X284.325 Y727.187 Z392
G1 Z391
G1 E40 F9000
G1 F2779.614
G1 X272.813 Y727.187 E49.70025
G1 X727.187 Y272.813 E2774.11872
G1 X715.675 Y272.813 E49.70027
M73 P85 R130
;WIPE_START
G1 F600
G1 X725.675 Y272.813 E-30
;WIPE_END
G1 Z392 F15000
G1 X586.92 Y727.187 Z392
G1 Z391
G1 E40 F9000
G1 F2779.614
G1 X598.432 Y727.187 E49.70059
G1 X727.187 Y598.432 E786.09565
G1 X727.187 Y586.92 E49.70059
;WIPE_START
G1 F600
G1 X727.187 Y596.92 E-30
;WIPE_END
G1 Z392 F15000
G1 X575.89 Y727.187 Z392
G1 Z391
G1 E40 F9000
G1 F2779.614
G1 X564.378 Y727.187 E49.70059
G1 X272.813 Y435.622 E1780.10742
G1 X272.813 Y424.11 E49.70059
;WIPE_START
G1 F600
G1 X272.813 Y434.11 E-30
;WIPE_END
G1 Z392 F15000
G1 X413.08 Y727.187 Z392
G1 Z391
G1 E40 F9000
G1 F2779.614
G1 X401.568 Y727.187 E49.70059
G1 X272.813 Y598.432 E786.09565
G1 X272.813 Y586.92 E49.70059
; stop printing object Cube id:0 copy 0
;LAYER_CHANGE
;Z:392.5
;HEIGHT:1.5
;BEFORE_LAYER_CHANGE
;392.5
G92 E0

EXCLUDE_OBJECT_END NAME=Cube_id_0_copy_0
;AFTER_LAYER_CHANGE
;392.5
;_SET_FAN_SPEED_CHANGING_LAYER
; printing object Cube id:0 copy 0
;WIPE_START
G1 F600
G1 X272.813 Y596.92 E-30
;WIPE_END
EXCLUDE_OBJECT_START NAME=Cube_id_0_copy_0
G1 Z393.5 F15000
G1 X270.366 Y729.634 Z393.5
G1 Z392.5
G1 E40 F9000
;TYPE:Outer wall
;WIDTH:3.2
G1 F2779.615
G1 X270.366 Y270.366 E1982.72102
G1 F2760
G1 X729.634 Y270.366 E1982.72107
G1 X729.634 Y729.634 E1982.72102
M73 P85 R129
G1 X270.666 Y729.634 E1981.42588
;WIPE_START
G1 F600
G1 X270.66 Y719.634 E-30
;WIPE_END
G1 Z393.5 F15000
G1 X272.813 Y586.92 Z393.5
G1 Z392.5
G1 E40 F9000
;TYPE:Sparse infill
;WIDTH:3.2
G1 F2779.614
G1 X272.813 Y598.432 E49.70059
G1 X401.568 Y727.187 E786.09565
G1 X413.08 Y727.187 E49.70059
;WIPE_START
G1 F600
G1 X403.08 Y727.187 E-30
;WIPE_END
G1 Z393.5 F15000
G1 X272.813 Y424.11 Z393.5
G1 Z392.5
G1 E40 F9000
G1 F2779.614
G1 X272.813 Y435.622 E49.70059
G1 X564.378 Y727.187 E1780.10742
G1 X575.89 Y727.187 E49.70059
;WIPE_START
G1 F600
G1 X565.89 Y727.187 E-30
;WIPE_END
G1 Z393.5 F15000
G1 X727.187 Y586.92 Z393.5
G1 Z392.5
G1 E40 F9000
G1 F2779.614
G1 X727.187 Y598.432 E49.70059
G1 X598.432 Y727.187 E786.09565
G1 X586.92 Y727.187 E49.70059
;WIPE_START
G1 F600
G1 X596.92 Y727.187 E-30
;WIPE_END
G1 Z393.5 F15000
G1 X727.187 Y424.11 Z393.5
G1 Z392.5
G1 E40 F9000
G1 F2779.614
G1 X727.187 Y435.623 E49.70059
G1 X435.622 Y727.187 E1780.10743
G1 X424.11 Y727.187 E49.70059
M73 P85 R128
;WIPE_START
G1 F600
G1 X434.11 Y727.187 E-30
;WIPE_END
G1 Z393.5 F15000
G1 X424.11 Y272.813 Z393.5
G1 Z392.5
G1 E40 F9000
G1 F2779.614
G1 X435.622 Y272.813 E49.70059
G1 X727.187 Y564.378 E1780.10742
G1 X727.187 Y575.89 E49.70059
;WIPE_START
G1 F600
G1 X727.187 Y565.89 E-30
;WIPE_END
G1 Z393.5 F15000
G1 X715.675 Y272.813 Z393.5
G1 Z392.5
G1 E40 F9000
G1 F2779.614
G1 X727.187 Y272.813 E49.70027
G1 X272.813 Y727.187 E2774.11872
G1 X284.325 Y727.187 E49.70025
;WIPE_START
G1 F600
G1 X274.325 Y727.187 E-30
;WIPE_END
G1 Z393.5 F15000
G1 X284.325 Y272.813 Z393.5
G1 Z392.5
G1 E40 F9000
G1 F2779.614
G1 X272.813 Y272.813 E49.70059
G1 X727.187 Y727.187 E2774.11918
G1 X715.675 Y727.187 E49.70059
;WIPE_START
G1 F600
G1 X725.675 Y727.187 E-30
;WIPE_END
G1 Z393.5 F15000
G1 X586.92 Y272.813 Z393.5
G1 Z392.5
G1 E40 F9000
G1 F2779.614
G1 X598.432 Y272.813 E49.70059
G1 X727.187 Y401.568 E786.09564
G1 X727.187 Y413.08 E49.70059
M73 P85 R127
;WIPE_START
G1 F600
G1 X727.187 Y403.08 E-30
;WIPE_END
G1 Z393.5 F15000
G1 X575.89 Y272.813 Z393.5
G1 Z392.5
G1 E40 F9000
G1 F2779.614
G1 X564.378 Y272.813 E49.70059
G1 X272.813 Y564.377 E1780.10741
G1 X272.813 Y575.89 E49.70059
;WIPE_START
G1 F600
G1 X272.813 Y565.89 E-30
;WIPE_END
G1 Z393.5 F15000
G1 X413.08 Y272.813 Z393.5
G1 Z392.5
G1 E40 F9000
G1 F2779.614
G1 X401.568 Y272.813 E49.70059
G1 X272.813 Y401.568 E786.09564
G1 X272.813 Y413.08 E49.70059
; stop printing object Cube id:0 copy 0
;LAYER_CHANGE
;Z:394
;HEIGHT:1.5
;BEFORE_LAYER_CHANGE
;394
G92 E0

EXCLUDE_OBJECT_END NAME=Cube_id_0_copy_0
;AFTER_LAYER_CHANGE
;394
;_SET_FAN_SPEED_CHANGING_LAYER
; printing object Cube id:0 copy 0
;WIPE_START
G1 F600
G1 X272.813 Y403.08 E-30
;WIPE_END
EXCLUDE_OBJECT_START NAME=Cube_id_0_copy_0
G1 Z395 F15000
G1 X270.366 Y270.366 Z395
G1 Z394
G1 E40 F9000
;TYPE:Outer wall
;WIDTH:3.2
G1 F2779.615
G1 X729.634 Y270.366 E1982.72102
G1 F2760
G1 X729.634 Y729.634 E1982.72107
G1 X270.366 Y729.634 E1982.72102
G1 X270.366 Y270.666 E1981.42588
;WIPE_START
G1 F600
M73 P85 R126
G1 X280.366 Y270.66 E-30
;WIPE_END
G1 Z395 F15000
G1 X272.813 Y413.08 Z395
G1 Z394
G1 E40 F9000
;TYPE:Sparse infill
;WIDTH:3.2
G1 F2779.614
G1 X272.813 Y401.568 E49.70059
G1 X401.568 Y272.813 E786.09564
G1 X413.08 Y272.813 E49.70059
;WIPE_START
G1 F600
G1 X403.08 Y272.813 E-30
;WIPE_END
G1 Z395 F15000
G1 X272.813 Y575.89 Z395
G1 Z394
G1 E40 F9000
G1 F2779.614
G1 X272.813 Y564.377 E49.70059
G1 X564.378 Y272.813 E1780.10741
G1 X575.89 Y272.813 E49.70059
;WIPE_START
G1 F600
G1 X565.89 Y272.813 E-30
;WIPE_END
G1 Z395 F15000
G1 X727.187 Y413.08 Z395
G1 Z394
G1 E40 F9000
G1 F2779.614
G1 X727.187 Y401.568 E49.70059
G1 X598.432 Y272.813 E786.09564
G1 X586.92 Y272.813 E49.70059
;WIPE_START
G1 F600
G1 X596.92 Y272.813 E-30
;WIPE_END
G1 Z395 F15000
G1 X727.187 Y575.89 Z395
G1 Z394
G1 E40 F9000
G1 F2779.614
G1 X727.187 Y564.378 E49.70059
G1 X435.622 Y272.813 E1780.10742
G1 X424.11 Y272.813 E49.70059
;WIPE_START
G1 F600
G1 X434.11 Y272.813 E-30
;WIPE_END
G1 Z395 F15000
G1 X424.11 Y727.187 Z395
G1 Z394
G1 E40 F9000
G1 F2779.614
G1 X435.622 Y727.187 E49.70059
G1 X727.187 Y435.623 E1780.10743
G1 X727.187 Y424.11 E49.70059
;WIPE_START
G1 F600
G1 X727.187 Y434.11 E-30
;WIPE_END
G1 Z395 F15000
M73 P85 R125
G1 X715.675 Y727.187 Z395
G1 Z394
G1 E40 F9000
G1 F2779.614
G1 X727.187 Y727.187 E49.70059
G1 X272.813 Y272.813 E2774.11918
G1 X284.325 Y272.813 E49.70059
M73 P86 R125
;WIPE_START
G1 F600
G1 X274.325 Y272.813 E-30
;WIPE_END
G1 Z395 F15000
G1 X284.325 Y727.187 Z395
G1 Z394
G1 E40 F9000
G1 F2779.614
G1 X272.813 Y727.187 E49.70025
G1 X727.187 Y272.813 E2774.11872
G1 X715.675 Y272.813 E49.70027
;WIPE_START
G1 F600
G1 X725.675 Y272.813 E-30
;WIPE_END
G1 Z395 F15000
G1 X586.92 Y727.187 Z395
G1 Z394
G1 E40 F9000
G1 F2779.614
G1 X598.432 Y727.187 E49.70059
G1 X727.187 Y598.432 E786.09565
G1 X727.187 Y586.92 E49.70059
;WIPE_START
G1 F600
G1 X727.187 Y596.92 E-30
;WIPE_END
G1 Z395 F15000
G1 X575.89 Y727.187 Z395
G1 Z394
G1 E40 F9000
G1 F2779.614
G1 X564.378 Y727.187 E49.70059
G1 X272.813 Y435.622 E1780.10742
G1 X272.813 Y424.11 E49.70059
;WIPE_START
G1 F600
G1 X272.813 Y434.11 E-30
;WIPE_END
G1 Z395 F15000
G1 X413.08 Y727.187 Z395
G1 Z394
G1 E40 F9000
G1 F2779.614
M73 P86 R124
G1 X401.568 Y727.187 E49.70059
G1 X272.813 Y598.432 E786.09565
G1 X272.813 Y586.92 E49.70059
; stop printing object Cube id:0 copy 0
;LAYER_CHANGE
;Z:395.5
;HEIGHT:1.5
;BEFORE_LAYER_CHANGE
;395.5
G92 E0

EXCLUDE_OBJECT_END NAME=Cube_id_0_copy_0
;AFTER_LAYER_CHANGE
;395.5
;_SET_FAN_SPEED_CHANGING_LAYER
; printing object Cube id:0 copy 0
;WIPE_START
G1 F600
G1 X272.813 Y596.92 E-30
;WIPE_END
EXCLUDE_OBJECT_START NAME=Cube_id_0_copy_0
G1 Z396.5 F15000
G1 X270.366 Y729.634 Z396.5
G1 Z395.5
G1 E40 F9000
;TYPE:Outer wall
;WIDTH:3.2
G1 F2779.615
G1 X270.366 Y270.366 E1982.72102
G1 F2760
G1 X729.634 Y270.366 E1982.72107
G1 X729.634 Y729.634 E1982.72102
G1 X270.666 Y729.634 E1981.42588
;WIPE_START
G1 F600
G1 X270.66 Y719.634 E-30
;WIPE_END
G1 Z396.5 F15000
G1 X272.813 Y586.92 Z396.5
G1 Z395.5
G1 E40 F9000
;TYPE:Sparse infill
;WIDTH:3.2
G1 F2779.614
G1 X272.813 Y598.432 E49.70059
G1 X401.568 Y727.187 E786.09565
G1 X413.08 Y727.187 E49.70059
;WIPE_START
G1 F600
G1 X403.08 Y727.187 E-30
;WIPE_END
G1 Z396.5 F15000
G1 X272.813 Y424.11 Z396.5
G1 Z395.5
G1 E40 F9000
G1 F2779.614
G1 X272.813 Y435.622 E49.70059
G1 X564.378 Y727.187 E1780.10742
G1 X575.89 Y727.187 E49.70059
M73 P86 R123
;WIPE_START
G1 F600
G1 X565.89 Y727.187 E-30
;WIPE_END
G1 Z396.5 F15000
G1 X727.187 Y586.92 Z396.5
G1 Z395.5
G1 E40 F9000
G1 F2779.614
G1 X727.187 Y598.432 E49.70059
G1 X598.432 Y727.187 E786.09565
G1 X586.92 Y727.187 E49.70059
;WIPE_START
G1 F600
G1 X596.92 Y727.187 E-30
;WIPE_END
G1 Z396.5 F15000
G1 X727.187 Y424.11 Z396.5
G1 Z395.5
G1 E40 F9000
G1 F2779.614
G1 X727.187 Y435.623 E49.70059
G1 X435.622 Y727.187 E1780.10743
G1 X424.11 Y727.187 E49.70059
;WIPE_START
G1 F600
G1 X434.11 Y727.187 E-30
;WIPE_END
G1 Z396.5 F15000
G1 X424.11 Y272.813 Z396.5
G1 Z395.5
G1 E40 F9000
G1 F2779.614
G1 X435.622 Y272.813 E49.70059
G1 X727.187 Y564.378 E1780.10742
G1 X727.187 Y575.89 E49.70059
;WIPE_START
G1 F600
G1 X727.187 Y565.89 E-30
;WIPE_END
G1 Z396.5 F15000
G1 X715.675 Y272.813 Z396.5
G1 Z395.5
G1 E40 F9000
G1 F2779.614
G1 X727.187 Y272.813 E49.70027
G1 X272.813 Y727.187 E2774.11872
G1 X284.325 Y727.187 E49.70025
;WIPE_START
G1 F600
M73 P86 R122
G1 X274.325 Y727.187 E-30
;WIPE_END
G1 Z396.5 F15000
G1 X284.325 Y272.813 Z396.5
G1 Z395.5
G1 E40 F9000
G1 F2779.614
G1 X272.813 Y272.813 E49.70059
G1 X727.187 Y727.187 E2774.11918
G1 X715.675 Y727.187 E49.70059
;WIPE_START
G1 F600
G1 X725.675 Y727.187 E-30
;WIPE_END
G1 Z396.5 F15000
G1 X586.92 Y272.813 Z396.5
G1 Z395.5
G1 E40 F9000
G1 F2779.614
G1 X598.432 Y272.813 E49.70059
G1 X727.187 Y401.568 E786.09564
G1 X727.187 Y413.08 E49.70059
;WIPE_START
G1 F600
G1 X727.187 Y403.08 E-30
;WIPE_END
G1 Z396.5 F15000
G1 X575.89 Y272.813 Z396.5
G1 Z395.5
G1 E40 F9000
G1 F2779.614
G1 X564.378 Y272.813 E49.70059
G1 X272.813 Y564.377 E1780.10741
G1 X272.813 Y575.89 E49.70059
;WIPE_START
G1 F600
G1 X272.813 Y565.89 E-30
;WIPE_END
G1 Z396.5 F15000
G1 X413.08 Y272.813 Z396.5
G1 Z395.5
G1 E40 F9000
G1 F2779.614
G1 X401.568 Y272.813 E49.70059
G1 X272.813 Y401.568 E786.09564
G1 X272.813 Y413.08 E49.70059
; stop printing object Cube id:0 copy 0
;LAYER_CHANGE
;Z:397
;HEIGHT:1.5
;BEFORE_LAYER_CHANGE
;397
G92 E0

EXCLUDE_OBJECT_END NAME=Cube_id_0_copy_0
;AFTER_LAYER_CHANGE
;397
;_SET_FAN_SPEED_CHANGING_LAYER
; printing object Cube id:0 copy 0
;WIPE_START
G1 F600
G1 X272.813 Y403.08 E-30
;WIPE_END
EXCLUDE_OBJECT_START NAME=Cube_id_0_copy_0
G1 Z398 F15000
G1 X270.366 Y270.366 Z398
G1 Z397
G1 E40 F9000
;TYPE:Outer wall
;WIDTH:3.2
G1 F2779.615
G1 X729.634 Y270.366 E1982.72102
G1 F2760
M73 P86 R121
G1 X729.634 Y729.634 E1982.72107
G1 X270.366 Y729.634 E1982.72102
G1 X270.366 Y270.666 E1981.42588
;WIPE_START
G1 F600
G1 X280.366 Y270.66 E-30
;WIPE_END
G1 Z398 F15000
G1 X272.813 Y413.08 Z398
G1 Z397
G1 E40 F9000
;TYPE:Sparse infill
;WIDTH:3.2
G1 F2779.614
G1 X272.813 Y401.568 E49.70059
G1 X401.568 Y272.813 E786.09564
G1 X413.08 Y272.813 E49.70059
;WIPE_START
G1 F600
G1 X403.08 Y272.813 E-30
;WIPE_END
G1 Z398 F15000
G1 X272.813 Y575.89 Z398
G1 Z397
G1 E40 F9000
G1 F2779.614
G1 X272.813 Y564.377 E49.70059
G1 X564.378 Y272.813 E1780.10741
G1 X575.89 Y272.813 E49.70059
;WIPE_START
G1 F600
G1 X565.89 Y272.813 E-30
;WIPE_END
G1 Z398 F15000
G1 X727.187 Y413.08 Z398
G1 Z397
G1 E40 F9000
G1 F2779.614
G1 X727.187 Y401.568 E49.70059
G1 X598.432 Y272.813 E786.09564
G1 X586.92 Y272.813 E49.70059
;WIPE_START
G1 F600
G1 X596.92 Y272.813 E-30
;WIPE_END
G1 Z398 F15000
G1 X727.187 Y575.89 Z398
M73 P86 R120
G1 Z397
G1 E40 F9000
G1 F2779.614
G1 X727.187 Y564.378 E49.70059
G1 X435.622 Y272.813 E1780.10742
G1 X424.11 Y272.813 E49.70059
;WIPE_START
G1 F600
G1 X434.11 Y272.813 E-30
;WIPE_END
G1 Z398 F15000
G1 X424.11 Y727.187 Z398
G1 Z397
G1 E40 F9000
G1 F2779.614
G1 X435.622 Y727.187 E49.70059
G1 X727.187 Y435.623 E1780.10743
G1 X727.187 Y424.11 E49.70059
;WIPE_START
G1 F600
G1 X727.187 Y434.11 E-30
;WIPE_END
G1 Z398 F15000
G1 X715.675 Y727.187 Z398
G1 Z397
G1 E40 F9000
G1 F2779.614
G1 X727.187 Y727.187 E49.70059
G1 X272.813 Y272.813 E2774.11918
G1 X284.325 Y272.813 E49.70059
;WIPE_START
G1 F600
G1 X274.325 Y272.813 E-30
;WIPE_END
G1 Z398 F15000
G1 X284.325 Y727.187 Z398
G1 Z397
G1 E40 F9000
G1 F2779.614
G1 X272.813 Y727.187 E49.70025
G1 X727.187 Y272.813 E2774.11872
G1 X715.675 Y272.813 E49.70027
M73 P86 R119
;WIPE_START
G1 F600
G1 X725.675 Y272.813 E-30
;WIPE_END
G1 Z398 F15000
G1 X586.92 Y727.187 Z398
G1 Z397
G1 E40 F9000
G1 F2779.614
G1 X598.432 Y727.187 E49.70059
G1 X727.187 Y598.432 E786.09565
G1 X727.187 Y586.92 E49.70059
;WIPE_START
G1 F600
G1 X727.187 Y596.92 E-30
;WIPE_END
G1 Z398 F15000
G1 X575.89 Y727.187 Z398
G1 Z397
G1 E40 F9000
G1 F2779.614
G1 X564.378 Y727.187 E49.70059
G1 X272.813 Y435.622 E1780.10742
G1 X272.813 Y424.11 E49.70059
;WIPE_START
G1 F600
G1 X272.813 Y434.11 E-30
;WIPE_END
G1 Z398 F15000
G1 X413.08 Y727.187 Z398
G1 Z397
G1 E40 F9000
G1 F2779.614
G1 X401.568 Y727.187 E49.70059
G1 X272.813 Y598.432 E786.09565
G1 X272.813 Y586.92 E49.70059
; stop printing object Cube id:0 copy 0
;LAYER_CHANGE
;Z:398.5
;HEIGHT:1.5
;BEFORE_LAYER_CHANGE
;398.5
G92 E0

EXCLUDE_OBJECT_END NAME=Cube_id_0_copy_0
;AFTER_LAYER_CHANGE
;398.5
;_SET_FAN_SPEED_CHANGING_LAYER
; printing object Cube id:0 copy 0
;WIPE_START
G1 F600
G1 X272.813 Y596.92 E-30
;WIPE_END
EXCLUDE_OBJECT_START NAME=Cube_id_0_copy_0
G1 Z399.5 F15000
G1 X270.366 Y729.634 Z399.5
G1 Z398.5
G1 E40 F9000
;TYPE:Outer wall
;WIDTH:3.2
G1 F2779.615
G1 X270.366 Y270.366 E1982.72102
G1 F2760
G1 X729.634 Y270.366 E1982.72107
G1 X729.634 Y729.634 E1982.72102
G1 X270.666 Y729.634 E1981.42588
M73 P86 R118
;WIPE_START
G1 F600
G1 X270.66 Y719.634 E-30
;WIPE_END
G1 Z399.5 F15000
G1 X272.813 Y586.92 Z399.5
G1 Z398.5
G1 E40 F9000
;TYPE:Sparse infill
;WIDTH:3.2
G1 F2779.614
G1 X272.813 Y598.432 E49.70059
G1 X401.568 Y727.187 E786.09565
G1 X413.08 Y727.187 E49.70059
;WIPE_START
G1 F600
G1 X403.08 Y727.187 E-30
;WIPE_END
G1 Z399.5 F15000
G1 X272.813 Y424.11 Z399.5
G1 Z398.5
G1 E40 F9000
G1 F2779.614
G1 X272.813 Y435.622 E49.70059
G1 X564.378 Y727.187 E1780.10742
G1 X575.89 Y727.187 E49.70059
;WIPE_START
G1 F600
G1 X565.89 Y727.187 E-30
;WIPE_END
G1 Z399.5 F15000
G1 X727.187 Y586.92 Z399.5
G1 Z398.5
G1 E40 F9000
G1 F2779.614
G1 X727.187 Y598.432 E49.70059
G1 X598.432 Y727.187 E786.09565
G1 X586.92 Y727.187 E49.70059
;WIPE_START
G1 F600
G1 X596.92 Y727.187 E-30
;WIPE_END
G1 Z399.5 F15000
G1 X727.187 Y424.11 Z399.5
G1 Z398.5
G1 E40 F9000
G1 F2779.614
G1 X727.187 Y435.623 E49.70059
G1 X435.622 Y727.187 E1780.10743
G1 X424.11 Y727.187 E49.70059
;WIPE_START
G1 F600
G1 X434.11 Y727.187 E-30
;WIPE_END
G1 Z399.5 F15000
G1 X424.11 Y272.813 Z399.5
G1 Z398.5
G1 E40 F9000
G1 F2779.614
G1 X435.622 Y272.813 E49.70059
G1 X727.187 Y564.378 E1780.10742
G1 X727.187 Y575.89 E49.70059
M73 P86 R117
;WIPE_START
G1 F600
G1 X727.187 Y565.89 E-30
;WIPE_END
G1 Z399.5 F15000
G1 X715.675 Y272.813 Z399.5
G1 Z398.5
G1 E40 F9000
G1 F2779.614
G1 X727.187 Y272.813 E49.70027
G1 X272.813 Y727.187 E2774.11872
G1 X284.325 Y727.187 E49.70025
;WIPE_START
G1 F600
G1 X274.325 Y727.187 E-30
;WIPE_END
G1 Z399.5 F15000
G1 X284.325 Y272.813 Z399.5
G1 Z398.5
G1 E40 F9000
G1 F2779.614
G1 X272.813 Y272.813 E49.70059
G1 X727.187 Y727.187 E2774.11918
G1 X715.675 Y727.187 E49.70059
;WIPE_START
G1 F600
G1 X725.675 Y727.187 E-30
;WIPE_END
G1 Z399.5 F15000
G1 X586.92 Y272.813 Z399.5
G1 Z398.5
G1 E40 F9000
G1 F2779.614
G1 X598.432 Y272.813 E49.70059
G1 X727.187 Y401.568 E786.09564
G1 X727.187 Y413.08 E49.70059
;WIPE_START
G1 F600
G1 X727.187 Y403.08 E-30
;WIPE_END
G1 Z399.5 F15000
G1 X575.89 Y272.813 Z399.5
G1 Z398.5
G1 E40 F9000
G1 F2779.614
G1 X564.378 Y272.813 E49.70059
G1 X272.813 Y564.377 E1780.10741
G1 X272.813 Y575.89 E49.70059
M73 P86 R116
;WIPE_START
G1 F600
G1 X272.813 Y565.89 E-30
;WIPE_END
G1 Z399.5 F15000
G1 X413.08 Y272.813 Z399.5
G1 Z398.5
G1 E40 F9000
G1 F2779.614
G1 X401.568 Y272.813 E49.70059
G1 X272.813 Y401.568 E786.09564
G1 X272.813 Y413.08 E49.70059
M73 P87 R116
; stop printing object Cube id:0 copy 0
;LAYER_CHANGE
;Z:400
;HEIGHT:1.5
;BEFORE_LAYER_CHANGE
;400
G92 E0

EXCLUDE_OBJECT_END NAME=Cube_id_0_copy_0
;AFTER_LAYER_CHANGE
;400
;_SET_FAN_SPEED_CHANGING_LAYER
; printing object Cube id:0 copy 0
;WIPE_START
G1 F600
G1 X272.813 Y403.08 E-30
;WIPE_END
EXCLUDE_OBJECT_START NAME=Cube_id_0_copy_0
G1 Z401 F15000
G1 X270.366 Y270.366 Z401
G1 Z400
G1 E40 F9000
;TYPE:Outer wall
;WIDTH:3.2
G1 F2779.615
G1 X729.634 Y270.366 E1982.72102
G1 F2760
G1 X729.634 Y729.634 E1982.72107
G1 X270.366 Y729.634 E1982.72102
G1 X270.366 Y270.666 E1981.42588
;WIPE_START
G1 F600
G1 X280.366 Y270.66 E-30
;WIPE_END
G1 Z401 F15000
G1 X272.813 Y413.08 Z401
G1 Z400
G1 E40 F9000
;TYPE:Sparse infill
;WIDTH:3.2
G1 F2779.614
G1 X272.813 Y401.568 E49.70059
G1 X401.568 Y272.813 E786.09564
G1 X413.08 Y272.813 E49.70059
M73 P87 R115
;WIPE_START
G1 F600
G1 X403.08 Y272.813 E-30
;WIPE_END
G1 Z401 F15000
G1 X272.813 Y575.89 Z401
G1 Z400
G1 E40 F9000
G1 F2779.614
G1 X272.813 Y564.377 E49.70059
G1 X564.378 Y272.813 E1780.10741
G1 X575.89 Y272.813 E49.70059
;WIPE_START
G1 F600
G1 X565.89 Y272.813 E-30
;WIPE_END
G1 Z401 F15000
G1 X727.187 Y413.08 Z401
G1 Z400
G1 E40 F9000
G1 F2779.614
G1 X727.187 Y401.568 E49.70059
G1 X598.432 Y272.813 E786.09564
G1 X586.92 Y272.813 E49.70059
;WIPE_START
G1 F600
G1 X596.92 Y272.813 E-30
;WIPE_END
G1 Z401 F15000
G1 X727.187 Y575.89 Z401
G1 Z400
G1 E40 F9000
G1 F2779.614
G1 X727.187 Y564.378 E49.70059
G1 X435.622 Y272.813 E1780.10742
G1 X424.11 Y272.813 E49.70059
;WIPE_START
G1 F600
G1 X434.11 Y272.813 E-30
;WIPE_END
G1 Z401 F15000
G1 X424.11 Y727.187 Z401
G1 Z400
G1 E40 F9000
G1 F2779.614
G1 X435.622 Y727.187 E49.70059
G1 X727.187 Y435.623 E1780.10743
G1 X727.187 Y424.11 E49.70059
;WIPE_START
G1 F600
G1 X727.187 Y434.11 E-30
;WIPE_END
G1 Z401 F15000
G1 X715.675 Y727.187 Z401
G1 Z400
G1 E40 F9000
G1 F2779.614
G1 X727.187 Y727.187 E49.70059
G1 X272.813 Y272.813 E2774.11918
G1 X284.325 Y272.813 E49.70059
M73 P87 R114
;WIPE_START
G1 F600
G1 X274.325 Y272.813 E-30
;WIPE_END
G1 Z401 F15000
G1 X284.325 Y727.187 Z401
G1 Z400
G1 E40 F9000
G1 F2779.614
G1 X272.813 Y727.187 E49.70025
G1 X727.187 Y272.813 E2774.11872
G1 X715.675 Y272.813 E49.70027
;WIPE_START
G1 F600
G1 X725.675 Y272.813 E-30
;WIPE_END
G1 Z401 F15000
G1 X586.92 Y727.187 Z401
G1 Z400
G1 E40 F9000
G1 F2779.614
G1 X598.432 Y727.187 E49.70059
G1 X727.187 Y598.432 E786.09565
G1 X727.187 Y586.92 E49.70059
;WIPE_START
G1 F600
G1 X727.187 Y596.92 E-30
;WIPE_END
G1 Z401 F15000
G1 X575.89 Y727.187 Z401
G1 Z400
G1 E40 F9000
G1 F2779.614
G1 X564.378 Y727.187 E49.70059
G1 X272.813 Y435.622 E1780.10742
G1 X272.813 Y424.11 E49.70059
;WIPE_START
G1 F600
G1 X272.813 Y434.11 E-30
;WIPE_END
G1 Z401 F15000
G1 X413.08 Y727.187 Z401
G1 Z400
G1 E40 F9000
G1 F2779.614
G1 X401.568 Y727.187 E49.70059
G1 X272.813 Y598.432 E786.09565
G1 X272.813 Y586.92 E49.70059
; stop printing object Cube id:0 copy 0
;LAYER_CHANGE
;Z:401.5
;HEIGHT:1.5
;BEFORE_LAYER_CHANGE
;401.5
G92 E0

EXCLUDE_OBJECT_END NAME=Cube_id_0_copy_0
;AFTER_LAYER_CHANGE
;401.5
;_SET_FAN_SPEED_CHANGING_LAYER
; printing object Cube id:0 copy 0
;WIPE_START
G1 F600
G1 X272.813 Y596.92 E-30
;WIPE_END
EXCLUDE_OBJECT_START NAME=Cube_id_0_copy_0
G1 Z402.5 F15000
G1 X270.366 Y729.634 Z402.5
G1 Z401.5
G1 E40 F9000
;TYPE:Outer wall
;WIDTH:3.2
G1 F2779.615
G1 X270.366 Y270.366 E1982.72102
G1 F2760
M73 P87 R113
G1 X729.634 Y270.366 E1982.72107
G1 X729.634 Y729.634 E1982.72102
G1 X270.666 Y729.634 E1981.42588
;WIPE_START
G1 F600
G1 X270.66 Y719.634 E-30
;WIPE_END
G1 Z402.5 F15000
G1 X272.813 Y586.92 Z402.5
G1 Z401.5
G1 E40 F9000
;TYPE:Sparse infill
;WIDTH:3.2
G1 F2779.614
G1 X272.813 Y598.432 E49.70059
G1 X401.568 Y727.187 E786.09565
G1 X413.08 Y727.187 E49.70059
;WIPE_START
G1 F600
G1 X403.08 Y727.187 E-30
;WIPE_END
G1 Z402.5 F15000
G1 X272.813 Y424.11 Z402.5
G1 Z401.5
G1 E40 F9000
G1 F2779.614
G1 X272.813 Y435.622 E49.70059
G1 X564.378 Y727.187 E1780.10742
G1 X575.89 Y727.187 E49.70059
;WIPE_START
G1 F600
G1 X565.89 Y727.187 E-30
;WIPE_END
G1 Z402.5 F15000
M73 P87 R112
G1 X727.187 Y586.92 Z402.5
G1 Z401.5
G1 E40 F9000
G1 F2779.614
G1 X727.187 Y598.432 E49.70059
G1 X598.432 Y727.187 E786.09565
G1 X586.92 Y727.187 E49.70059
;WIPE_START
G1 F600
G1 X596.92 Y727.187 E-30
;WIPE_END
G1 Z402.5 F15000
G1 X727.187 Y424.11 Z402.5
G1 Z401.5
G1 E40 F9000
G1 F2779.614
G1 X727.187 Y435.623 E49.70059
G1 X435.622 Y727.187 E1780.10743
G1 X424.11 Y727.187 E49.70059
;WIPE_START
G1 F600
G1 X434.11 Y727.187 E-30
;WIPE_END
G1 Z402.5 F15000
G1 X424.11 Y272.813 Z402.5
G1 Z401.5
G1 E40 F9000
G1 F2779.614
G1 X435.622 Y272.813 E49.70059
G1 X727.187 Y564.378 E1780.10742
G1 X727.187 Y575.89 E49.70059
;WIPE_START
G1 F600
G1 X727.187 Y565.89 E-30
;WIPE_END
G1 Z402.5 F15000
G1 X715.675 Y272.813 Z402.5
G1 Z401.5
G1 E40 F9000
G1 F2779.614
G1 X727.187 Y272.813 E49.70027
G1 X272.813 Y727.187 E2774.11872
G1 X284.325 Y727.187 E49.70025
;WIPE_START
G1 F600
G1 X274.325 Y727.187 E-30
;WIPE_END
G1 Z402.5 F15000
G1 X284.325 Y272.813 Z402.5
G1 Z401.5
G1 E40 F9000
G1 F2779.614
G1 X272.813 Y272.813 E49.70059
G1 X727.187 Y727.187 E2774.11918
G1 X715.675 Y727.187 E49.70059
M73 P87 R111
;WIPE_START
G1 F600
G1 X725.675 Y727.187 E-30
;WIPE_END
G1 Z402.5 F15000
G1 X586.92 Y272.813 Z402.5
G1 Z401.5
G1 E40 F9000
G1 F2779.614
G1 X598.432 Y272.813 E49.70059
G1 X727.187 Y401.568 E786.09564
G1 X727.187 Y413.08 E49.70059
;WIPE_START
G1 F600
G1 X727.187 Y403.08 E-30
;WIPE_END
G1 Z402.5 F15000
G1 X575.89 Y272.813 Z402.5
G1 Z401.5
G1 E40 F9000
G1 F2779.614
G1 X564.378 Y272.813 E49.70059
G1 X272.813 Y564.377 E1780.10741
G1 X272.813 Y575.89 E49.70059
;WIPE_START
G1 F600
G1 X272.813 Y565.89 E-30
;WIPE_END
G1 Z402.5 F15000
G1 X413.08 Y272.813 Z402.5
G1 Z401.5
G1 E40 F9000
G1 F2779.614
G1 X401.568 Y272.813 E49.70059
G1 X272.813 Y401.568 E786.09564
G1 X272.813 Y413.08 E49.70059
; stop printing object Cube id:0 copy 0
;LAYER_CHANGE
;Z:403
;HEIGHT:1.5
;BEFORE_LAYER_CHANGE
;403
G92 E0

EXCLUDE_OBJECT_END NAME=Cube_id_0_copy_0
;AFTER_LAYER_CHANGE
;403
;_SET_FAN_SPEED_CHANGING_LAYER
; printing object Cube id:0 copy 0
;WIPE_START
G1 F600
G1 X272.813 Y403.08 E-30
;WIPE_END
EXCLUDE_OBJECT_START NAME=Cube_id_0_copy_0
G1 Z404 F15000
G1 X270.366 Y270.366 Z404
G1 Z403
G1 E40 F9000
;TYPE:Outer wall
;WIDTH:3.2
G1 F2779.615
G1 X729.634 Y270.366 E1982.72102
G1 F2760
G1 X729.634 Y729.634 E1982.72107
G1 X270.366 Y729.634 E1982.72102
M73 P87 R110
G1 X270.366 Y270.666 E1981.42588
;WIPE_START
G1 F600
G1 X280.366 Y270.66 E-30
;WIPE_END
G1 Z404 F15000
G1 X272.813 Y413.08 Z404
G1 Z403
G1 E40 F9000
;TYPE:Sparse infill
;WIDTH:3.2
G1 F2779.614
G1 X272.813 Y401.568 E49.70059
G1 X401.568 Y272.813 E786.09564
G1 X413.08 Y272.813 E49.70059
;WIPE_START
G1 F600
G1 X403.08 Y272.813 E-30
;WIPE_END
G1 Z404 F15000
G1 X272.813 Y575.89 Z404
G1 Z403
G1 E40 F9000
G1 F2779.614
G1 X272.813 Y564.377 E49.70059
G1 X564.378 Y272.813 E1780.10741
G1 X575.89 Y272.813 E49.70059
;WIPE_START
G1 F600
G1 X565.89 Y272.813 E-30
;WIPE_END
G1 Z404 F15000
G1 X727.187 Y413.08 Z404
G1 Z403
G1 E40 F9000
G1 F2779.614
G1 X727.187 Y401.568 E49.70059
G1 X598.432 Y272.813 E786.09564
G1 X586.92 Y272.813 E49.70059
;WIPE_START
G1 F600
G1 X596.92 Y272.813 E-30
;WIPE_END
G1 Z404 F15000
G1 X727.187 Y575.89 Z404
G1 Z403
G1 E40 F9000
G1 F2779.614
G1 X727.187 Y564.378 E49.70059
G1 X435.622 Y272.813 E1780.10742
G1 X424.11 Y272.813 E49.70059
M73 P87 R109
;WIPE_START
G1 F600
G1 X434.11 Y272.813 E-30
;WIPE_END
G1 Z404 F15000
G1 X424.11 Y727.187 Z404
G1 Z403
G1 E40 F9000
G1 F2779.614
G1 X435.622 Y727.187 E49.70059
G1 X727.187 Y435.623 E1780.10743
G1 X727.187 Y424.11 E49.70059
;WIPE_START
G1 F600
G1 X727.187 Y434.11 E-30
;WIPE_END
G1 Z404 F15000
G1 X715.675 Y727.187 Z404
G1 Z403
G1 E40 F9000
G1 F2779.614
G1 X727.187 Y727.187 E49.70059
G1 X272.813 Y272.813 E2774.11918
G1 X284.325 Y272.813 E49.70059
;WIPE_START
G1 F600
G1 X274.325 Y272.813 E-30
;WIPE_END
G1 Z404 F15000
G1 X284.325 Y727.187 Z404
G1 Z403
G1 E40 F9000
G1 F2779.614
G1 X272.813 Y727.187 E49.70025
G1 X727.187 Y272.813 E2774.11872
G1 X715.675 Y272.813 E49.70027
;WIPE_START
G1 F600
G1 X725.675 Y272.813 E-30
;WIPE_END
G1 Z404 F15000
G1 X586.92 Y727.187 Z404
G1 Z403
G1 E40 F9000
G1 F2779.614
G1 X598.432 Y727.187 E49.70059
G1 X727.187 Y598.432 E786.09565
G1 X727.187 Y586.92 E49.70059
M73 P87 R108
;WIPE_START
G1 F600
G1 X727.187 Y596.92 E-30
;WIPE_END
G1 Z404 F15000
G1 X575.89 Y727.187 Z404
G1 Z403
G1 E40 F9000
G1 F2779.614
G1 X564.378 Y727.187 E49.70059
G1 X272.813 Y435.622 E1780.10742
G1 X272.813 Y424.11 E49.70059
;WIPE_START
G1 F600
G1 X272.813 Y434.11 E-30
;WIPE_END
G1 Z404 F15000
G1 X413.08 Y727.187 Z404
G1 Z403
G1 E40 F9000
G1 F2779.614
G1 X401.568 Y727.187 E49.70059
G1 X272.813 Y598.432 E786.09565
G1 X272.813 Y586.92 E49.70059
; stop printing object Cube id:0 copy 0
;LAYER_CHANGE
;Z:404.5
;HEIGHT:1.5
;BEFORE_LAYER_CHANGE
;404.5
G92 E0

EXCLUDE_OBJECT_END NAME=Cube_id_0_copy_0
;AFTER_LAYER_CHANGE
;404.5
;_SET_FAN_SPEED_CHANGING_LAYER
; printing object Cube id:0 copy 0
;WIPE_START
G1 F600
G1 X272.813 Y596.92 E-30
;WIPE_END
EXCLUDE_OBJECT_START NAME=Cube_id_0_copy_0
G1 Z405.5 F15000
G1 X270.366 Y729.634 Z405.5
G1 Z404.5
G1 E40 F9000
;TYPE:Outer wall
;WIDTH:3.2
G1 F2779.615
G1 X270.366 Y270.366 E1982.72102
G1 F2760
G1 X729.634 Y270.366 E1982.72107
G1 X729.634 Y729.634 E1982.72102
G1 X270.666 Y729.634 E1981.42588
;WIPE_START
G1 F600
M73 P87 R107
G1 X270.66 Y719.634 E-30
;WIPE_END
G1 Z405.5 F15000
G1 X272.813 Y586.92 Z405.5
G1 Z404.5
G1 E40 F9000
;TYPE:Sparse infill
;WIDTH:3.2
G1 F2779.614
G1 X272.813 Y598.432 E49.70059
G1 X401.568 Y727.187 E786.09565
G1 X413.08 Y727.187 E49.70059
M73 P88 R107
;WIPE_START
G1 F600
G1 X403.08 Y727.187 E-30
;WIPE_END
G1 Z405.5 F15000
G1 X272.813 Y424.11 Z405.5
G1 Z404.5
G1 E40 F9000
G1 F2779.614
G1 X272.813 Y435.622 E49.70059
G1 X564.378 Y727.187 E1780.10742
G1 X575.89 Y727.187 E49.70059
;WIPE_START
G1 F600
G1 X565.89 Y727.187 E-30
;WIPE_END
G1 Z405.5 F15000
G1 X727.187 Y586.92 Z405.5
G1 Z404.5
G1 E40 F9000
G1 F2779.614
G1 X727.187 Y598.432 E49.70059
G1 X598.432 Y727.187 E786.09565
G1 X586.92 Y727.187 E49.70059
;WIPE_START
G1 F600
G1 X596.92 Y727.187 E-30
;WIPE_END
G1 Z405.5 F15000
G1 X727.187 Y424.11 Z405.5
G1 Z404.5
G1 E40 F9000
G1 F2779.614
G1 X727.187 Y435.623 E49.70059
G1 X435.622 Y727.187 E1780.10743
G1 X424.11 Y727.187 E49.70059
;WIPE_START
G1 F600
G1 X434.11 Y727.187 E-30
;WIPE_END
G1 Z405.5 F15000
G1 X424.11 Y272.813 Z405.5
G1 Z404.5
G1 E40 F9000
G1 F2779.614
G1 X435.622 Y272.813 E49.70059
G1 X727.187 Y564.378 E1780.10742
G1 X727.187 Y575.89 E49.70059
;WIPE_START
G1 F600
G1 X727.187 Y565.89 E-30
;WIPE_END
G1 Z405.5 F15000
M73 P88 R106
G1 X715.675 Y272.813 Z405.5
G1 Z404.5
G1 E40 F9000
G1 F2779.614
G1 X727.187 Y272.813 E49.70027
G1 X272.813 Y727.187 E2774.11872
G1 X284.325 Y727.187 E49.70025
;WIPE_START
G1 F600
G1 X274.325 Y727.187 E-30
;WIPE_END
G1 Z405.5 F15000
G1 X284.325 Y272.813 Z405.5
G1 Z404.5
G1 E40 F9000
G1 F2779.614
G1 X272.813 Y272.813 E49.70059
G1 X727.187 Y727.187 E2774.11918
G1 X715.675 Y727.187 E49.70059
;WIPE_START
G1 F600
G1 X725.675 Y727.187 E-30
;WIPE_END
G1 Z405.5 F15000
G1 X586.92 Y272.813 Z405.5
G1 Z404.5
G1 E40 F9000
G1 F2779.614
G1 X598.432 Y272.813 E49.70059
G1 X727.187 Y401.568 E786.09564
G1 X727.187 Y413.08 E49.70059
;WIPE_START
G1 F600
G1 X727.187 Y403.08 E-30
;WIPE_END
G1 Z405.5 F15000
G1 X575.89 Y272.813 Z405.5
G1 Z404.5
G1 E40 F9000
G1 F2779.614
G1 X564.378 Y272.813 E49.70059
G1 X272.813 Y564.377 E1780.10741
G1 X272.813 Y575.89 E49.70059
;WIPE_START
G1 F600
G1 X272.813 Y565.89 E-30
;WIPE_END
G1 Z405.5 F15000
G1 X413.08 Y272.813 Z405.5
G1 Z404.5
G1 E40 F9000
M73 P88 R105
G1 F2779.614
G1 X401.568 Y272.813 E49.70059
G1 X272.813 Y401.568 E786.09564
G1 X272.813 Y413.08 E49.70059
; stop printing object Cube id:0 copy 0
;LAYER_CHANGE
;Z:406
;HEIGHT:1.5
;BEFORE_LAYER_CHANGE
;406
G92 E0

EXCLUDE_OBJECT_END NAME=Cube_id_0_copy_0
;AFTER_LAYER_CHANGE
;406
;_SET_FAN_SPEED_CHANGING_LAYER
; printing object Cube id:0 copy 0
;WIPE_START
G1 F600
G1 X272.813 Y403.08 E-30
;WIPE_END
EXCLUDE_OBJECT_START NAME=Cube_id_0_copy_0
G1 Z407 F15000
G1 X270.366 Y270.366 Z407
G1 Z406
G1 E40 F9000
;TYPE:Outer wall
;WIDTH:3.2
G1 F2779.615
G1 X729.634 Y270.366 E1982.72102
G1 F2760
G1 X729.634 Y729.634 E1982.72107
G1 X270.366 Y729.634 E1982.72102
G1 X270.366 Y270.666 E1981.42588
;WIPE_START
G1 F600
G1 X280.366 Y270.66 E-30
;WIPE_END
G1 Z407 F15000
G1 X272.813 Y413.08 Z407
G1 Z406
G1 E40 F9000
;TYPE:Sparse infill
;WIDTH:3.2
G1 F2779.614
G1 X272.813 Y401.568 E49.70059
G1 X401.568 Y272.813 E786.09564
G1 X413.08 Y272.813 E49.70059
;WIPE_START
G1 F600
G1 X403.08 Y272.813 E-30
;WIPE_END
G1 Z407 F15000
G1 X272.813 Y575.89 Z407
G1 Z406
G1 E40 F9000
G1 F2779.614
G1 X272.813 Y564.377 E49.70059
G1 X564.378 Y272.813 E1780.10741
G1 X575.89 Y272.813 E49.70059
M73 P88 R104
;WIPE_START
G1 F600
G1 X565.89 Y272.813 E-30
;WIPE_END
G1 Z407 F15000
G1 X727.187 Y413.08 Z407
G1 Z406
G1 E40 F9000
G1 F2779.614
G1 X727.187 Y401.568 E49.70059
G1 X598.432 Y272.813 E786.09564
G1 X586.92 Y272.813 E49.70059
;WIPE_START
G1 F600
G1 X596.92 Y272.813 E-30
;WIPE_END
G1 Z407 F15000
G1 X727.187 Y575.89 Z407
G1 Z406
G1 E40 F9000
G1 F2779.614
G1 X727.187 Y564.378 E49.70059
G1 X435.622 Y272.813 E1780.10742
G1 X424.11 Y272.813 E49.70059
;WIPE_START
G1 F600
G1 X434.11 Y272.813 E-30
;WIPE_END
G1 Z407 F15000
G1 X424.11 Y727.187 Z407
G1 Z406
G1 E40 F9000
G1 F2779.614
G1 X435.622 Y727.187 E49.70059
G1 X727.187 Y435.623 E1780.10743
G1 X727.187 Y424.11 E49.70059
;WIPE_START
G1 F600
G1 X727.187 Y434.11 E-30
;WIPE_END
G1 Z407 F15000
G1 X715.675 Y727.187 Z407
G1 Z406
G1 E40 F9000
G1 F2779.614
G1 X727.187 Y727.187 E49.70059
G1 X272.813 Y272.813 E2774.11918
G1 X284.325 Y272.813 E49.70059
M73 P88 R103
;WIPE_START
G1 F600
G1 X274.325 Y272.813 E-30
;WIPE_END
G1 Z407 F15000
G1 X284.325 Y727.187 Z407
G1 Z406
G1 E40 F9000
G1 F2779.614
G1 X272.813 Y727.187 E49.70025
G1 X727.187 Y272.813 E2774.11872
G1 X715.675 Y272.813 E49.70027
;WIPE_START
G1 F600
G1 X725.675 Y272.813 E-30
;WIPE_END
G1 Z407 F15000
G1 X586.92 Y727.187 Z407
G1 Z406
G1 E40 F9000
G1 F2779.614
G1 X598.432 Y727.187 E49.70059
G1 X727.187 Y598.432 E786.09565
G1 X727.187 Y586.92 E49.70059
;WIPE_START
G1 F600
G1 X727.187 Y596.92 E-30
;WIPE_END
G1 Z407 F15000
G1 X575.89 Y727.187 Z407
G1 Z406
G1 E40 F9000
G1 F2779.614
G1 X564.378 Y727.187 E49.70059
G1 X272.813 Y435.622 E1780.10742
G1 X272.813 Y424.11 E49.70059
;WIPE_START
G1 F600
G1 X272.813 Y434.11 E-30
;WIPE_END
G1 Z407 F15000
G1 X413.08 Y727.187 Z407
G1 Z406
G1 E40 F9000
G1 F2779.614
G1 X401.568 Y727.187 E49.70059
G1 X272.813 Y598.432 E786.09565
G1 X272.813 Y586.92 E49.70059
; stop printing object Cube id:0 copy 0
;LAYER_CHANGE
;Z:407.5
;HEIGHT:1.5
;BEFORE_LAYER_CHANGE
;407.5
G92 E0

EXCLUDE_OBJECT_END NAME=Cube_id_0_copy_0
;AFTER_LAYER_CHANGE
;407.5
;_SET_FAN_SPEED_CHANGING_LAYER
; printing object Cube id:0 copy 0
;WIPE_START
G1 F600
G1 X272.813 Y596.92 E-30
;WIPE_END
EXCLUDE_OBJECT_START NAME=Cube_id_0_copy_0
G1 Z408.5 F15000
G1 X270.366 Y729.634 Z408.5
G1 Z407.5
G1 E40 F9000
;TYPE:Outer wall
;WIDTH:3.2
G1 F2779.615
G1 X270.366 Y270.366 E1982.72102
G1 F2760
M73 P88 R102
G1 X729.634 Y270.366 E1982.72107
G1 X729.634 Y729.634 E1982.72102
G1 X270.666 Y729.634 E1981.42588
;WIPE_START
G1 F600
G1 X270.66 Y719.634 E-30
;WIPE_END
G1 Z408.5 F15000
G1 X272.813 Y586.92 Z408.5
G1 Z407.5
G1 E40 F9000
;TYPE:Sparse infill
;WIDTH:3.2
G1 F2779.614
G1 X272.813 Y598.432 E49.70059
G1 X401.568 Y727.187 E786.09565
G1 X413.08 Y727.187 E49.70059
;WIPE_START
G1 F600
G1 X403.08 Y727.187 E-30
;WIPE_END
G1 Z408.5 F15000
G1 X272.813 Y424.11 Z408.5
G1 Z407.5
G1 E40 F9000
G1 F2779.614
G1 X272.813 Y435.622 E49.70059
G1 X564.378 Y727.187 E1780.10742
G1 X575.89 Y727.187 E49.70059
;WIPE_START
G1 F600
G1 X565.89 Y727.187 E-30
;WIPE_END
G1 Z408.5 F15000
G1 X727.187 Y586.92 Z408.5
G1 Z407.5
G1 E40 F9000
G1 F2779.614
G1 X727.187 Y598.432 E49.70059
G1 X598.432 Y727.187 E786.09565
G1 X586.92 Y727.187 E49.70059
;WIPE_START
G1 F600
G1 X596.92 Y727.187 E-30
;WIPE_END
G1 Z408.5 F15000
M73 P88 R101
G1 X727.187 Y424.11 Z408.5
G1 Z407.5
G1 E40 F9000
G1 F2779.614
G1 X727.187 Y435.623 E49.70059
G1 X435.622 Y727.187 E1780.10743
G1 X424.11 Y727.187 E49.70059
;WIPE_START
G1 F600
G1 X434.11 Y727.187 E-30
;WIPE_END
G1 Z408.5 F15000
G1 X424.11 Y272.813 Z408.5
G1 Z407.5
G1 E40 F9000
G1 F2779.614
G1 X435.622 Y272.813 E49.70059
G1 X727.187 Y564.378 E1780.10742
G1 X727.187 Y575.89 E49.70059
;WIPE_START
G1 F600
G1 X727.187 Y565.89 E-30
;WIPE_END
G1 Z408.5 F15000
G1 X715.675 Y272.813 Z408.5
G1 Z407.5
G1 E40 F9000
G1 F2779.614
G1 X727.187 Y272.813 E49.70027
G1 X272.813 Y727.187 E2774.11872
G1 X284.325 Y727.187 E49.70025
;WIPE_START
G1 F600
G1 X274.325 Y727.187 E-30
;WIPE_END
G1 Z408.5 F15000
G1 X284.325 Y272.813 Z408.5
G1 Z407.5
G1 E40 F9000
G1 F2779.614
G1 X272.813 Y272.813 E49.70059
G1 X727.187 Y727.187 E2774.11918
G1 X715.675 Y727.187 E49.70059
M73 P88 R100
;WIPE_START
G1 F600
G1 X725.675 Y727.187 E-30
;WIPE_END
G1 Z408.5 F15000
G1 X586.92 Y272.813 Z408.5
G1 Z407.5
G1 E40 F9000
G1 F2779.614
G1 X598.432 Y272.813 E49.70059
G1 X727.187 Y401.568 E786.09564
G1 X727.187 Y413.08 E49.70059
;WIPE_START
G1 F600
G1 X727.187 Y403.08 E-30
;WIPE_END
G1 Z408.5 F15000
G1 X575.89 Y272.813 Z408.5
G1 Z407.5
G1 E40 F9000
G1 F2779.614
G1 X564.378 Y272.813 E49.70059
G1 X272.813 Y564.377 E1780.10741
G1 X272.813 Y575.89 E49.70059
;WIPE_START
G1 F600
G1 X272.813 Y565.89 E-30
;WIPE_END
G1 Z408.5 F15000
G1 X413.08 Y272.813 Z408.5
G1 Z407.5
G1 E40 F9000
G1 F2779.614
G1 X401.568 Y272.813 E49.70059
G1 X272.813 Y401.568 E786.09564
G1 X272.813 Y413.08 E49.70059
; stop printing object Cube id:0 copy 0
;LAYER_CHANGE
;Z:409
;HEIGHT:1.5
;BEFORE_LAYER_CHANGE
;409
G92 E0

EXCLUDE_OBJECT_END NAME=Cube_id_0_copy_0
;AFTER_LAYER_CHANGE
;409
;_SET_FAN_SPEED_CHANGING_LAYER
; printing object Cube id:0 copy 0
;WIPE_START
G1 F600
G1 X272.813 Y403.08 E-30
;WIPE_END
EXCLUDE_OBJECT_START NAME=Cube_id_0_copy_0
G1 Z410 F15000
G1 X270.366 Y270.366 Z410
G1 Z409
G1 E40 F9000
;TYPE:Outer wall
;WIDTH:3.2
G1 F2779.615
G1 X729.634 Y270.366 E1982.72102
G1 F2760
G1 X729.634 Y729.634 E1982.72107
G1 X270.366 Y729.634 E1982.72102
G1 X270.366 Y270.666 E1981.42588
M73 P88 R99
;WIPE_START
G1 F600
G1 X280.366 Y270.66 E-30
;WIPE_END
G1 Z410 F15000
G1 X272.813 Y413.08 Z410
G1 Z409
G1 E40 F9000
;TYPE:Sparse infill
;WIDTH:3.2
G1 F2779.614
G1 X272.813 Y401.568 E49.70059
G1 X401.568 Y272.813 E786.09564
G1 X413.08 Y272.813 E49.70059
;WIPE_START
G1 F600
G1 X403.08 Y272.813 E-30
;WIPE_END
G1 Z410 F15000
G1 X272.813 Y575.89 Z410
G1 Z409
G1 E40 F9000
G1 F2779.614
G1 X272.813 Y564.377 E49.70059
G1 X564.378 Y272.813 E1780.10741
G1 X575.89 Y272.813 E49.70059
;WIPE_START
G1 F600
G1 X565.89 Y272.813 E-30
;WIPE_END
G1 Z410 F15000
G1 X727.187 Y413.08 Z410
G1 Z409
G1 E40 F9000
G1 F2779.614
G1 X727.187 Y401.568 E49.70059
G1 X598.432 Y272.813 E786.09564
G1 X586.92 Y272.813 E49.70059
;WIPE_START
G1 F600
G1 X596.92 Y272.813 E-30
;WIPE_END
G1 Z410 F15000
G1 X727.187 Y575.89 Z410
G1 Z409
G1 E40 F9000
G1 F2779.614
G1 X727.187 Y564.378 E49.70059
G1 X435.622 Y272.813 E1780.10742
G1 X424.11 Y272.813 E49.70059
;WIPE_START
G1 F600
G1 X434.11 Y272.813 E-30
;WIPE_END
G1 Z410 F15000
G1 X424.11 Y727.187 Z410
G1 Z409
G1 E40 F9000
G1 F2779.614
G1 X435.622 Y727.187 E49.70059
G1 X727.187 Y435.623 E1780.10743
G1 X727.187 Y424.11 E49.70059
M73 P88 R98
;WIPE_START
G1 F600
G1 X727.187 Y434.11 E-30
;WIPE_END
G1 Z410 F15000
G1 X715.675 Y727.187 Z410
G1 Z409
M73 P89 R98
G1 E40 F9000
G1 F2779.614
G1 X727.187 Y727.187 E49.70059
G1 X272.813 Y272.813 E2774.11918
G1 X284.325 Y272.813 E49.70059
;WIPE_START
G1 F600
G1 X274.325 Y272.813 E-30
;WIPE_END
G1 Z410 F15000
G1 X284.325 Y727.187 Z410
G1 Z409
G1 E40 F9000
G1 F2779.614
G1 X272.813 Y727.187 E49.70025
G1 X727.187 Y272.813 E2774.11872
G1 X715.675 Y272.813 E49.70027
;WIPE_START
G1 F600
G1 X725.675 Y272.813 E-30
;WIPE_END
G1 Z410 F15000
G1 X586.92 Y727.187 Z410
G1 Z409
G1 E40 F9000
G1 F2779.614
G1 X598.432 Y727.187 E49.70059
G1 X727.187 Y598.432 E786.09565
G1 X727.187 Y586.92 E49.70059
;WIPE_START
G1 F600
G1 X727.187 Y596.92 E-30
;WIPE_END
G1 Z410 F15000
G1 X575.89 Y727.187 Z410
G1 Z409
G1 E40 F9000
G1 F2779.614
G1 X564.378 Y727.187 E49.70059
G1 X272.813 Y435.622 E1780.10742
G1 X272.813 Y424.11 E49.70059
M73 P89 R97
;WIPE_START
G1 F600
G1 X272.813 Y434.11 E-30
;WIPE_END
G1 Z410 F15000
G1 X413.08 Y727.187 Z410
G1 Z409
G1 E40 F9000
G1 F2779.614
G1 X401.568 Y727.187 E49.70059
G1 X272.813 Y598.432 E786.09565
G1 X272.813 Y586.92 E49.70059
; stop printing object Cube id:0 copy 0
;LAYER_CHANGE
;Z:410.5
;HEIGHT:1.5
;BEFORE_LAYER_CHANGE
;410.5
G92 E0

EXCLUDE_OBJECT_END NAME=Cube_id_0_copy_0
;AFTER_LAYER_CHANGE
;410.5
;_SET_FAN_SPEED_CHANGING_LAYER
; printing object Cube id:0 copy 0
;WIPE_START
G1 F600
G1 X272.813 Y596.92 E-30
;WIPE_END
EXCLUDE_OBJECT_START NAME=Cube_id_0_copy_0
G1 Z411.5 F15000
G1 X270.366 Y729.634 Z411.5
G1 Z410.5
G1 E40 F9000
;TYPE:Outer wall
;WIDTH:3.2
G1 F2779.615
G1 X270.366 Y270.366 E1982.72102
G1 F2760
G1 X729.634 Y270.366 E1982.72107
G1 X729.634 Y729.634 E1982.72102
G1 X270.666 Y729.634 E1981.42588
;WIPE_START
G1 F600
G1 X270.66 Y719.634 E-30
;WIPE_END
G1 Z411.5 F15000
G1 X272.813 Y586.92 Z411.5
G1 Z410.5
G1 E40 F9000
;TYPE:Sparse infill
;WIDTH:3.2
G1 F2779.614
G1 X272.813 Y598.432 E49.70059
G1 X401.568 Y727.187 E786.09565
G1 X413.08 Y727.187 E49.70059
M73 P89 R96
;WIPE_START
G1 F600
G1 X403.08 Y727.187 E-30
;WIPE_END
G1 Z411.5 F15000
G1 X272.813 Y424.11 Z411.5
G1 Z410.5
G1 E40 F9000
G1 F2779.614
G1 X272.813 Y435.622 E49.70059
G1 X564.378 Y727.187 E1780.10742
G1 X575.89 Y727.187 E49.70059
;WIPE_START
G1 F600
G1 X565.89 Y727.187 E-30
;WIPE_END
G1 Z411.5 F15000
G1 X727.187 Y586.92 Z411.5
G1 Z410.5
G1 E40 F9000
G1 F2779.614
G1 X727.187 Y598.432 E49.70059
G1 X598.432 Y727.187 E786.09565
G1 X586.92 Y727.187 E49.70059
;WIPE_START
G1 F600
G1 X596.92 Y727.187 E-30
;WIPE_END
G1 Z411.5 F15000
G1 X727.187 Y424.11 Z411.5
G1 Z410.5
G1 E40 F9000
G1 F2779.614
G1 X727.187 Y435.623 E49.70059
G1 X435.622 Y727.187 E1780.10743
G1 X424.11 Y727.187 E49.70059
;WIPE_START
G1 F600
G1 X434.11 Y727.187 E-30
;WIPE_END
G1 Z411.5 F15000
G1 X424.11 Y272.813 Z411.5
G1 Z410.5
G1 E40 F9000
G1 F2779.614
G1 X435.622 Y272.813 E49.70059
G1 X727.187 Y564.378 E1780.10742
G1 X727.187 Y575.89 E49.70059
;WIPE_START
G1 F600
G1 X727.187 Y565.89 E-30
;WIPE_END
G1 Z411.5 F15000
G1 X715.675 Y272.813 Z411.5
G1 Z410.5
G1 E40 F9000
G1 F2779.614
G1 X727.187 Y272.813 E49.70027
G1 X272.813 Y727.187 E2774.11872
G1 X284.325 Y727.187 E49.70025
M73 P89 R95
;WIPE_START
G1 F600
G1 X274.325 Y727.187 E-30
;WIPE_END
G1 Z411.5 F15000
G1 X284.325 Y272.813 Z411.5
G1 Z410.5
G1 E40 F9000
G1 F2779.614
G1 X272.813 Y272.813 E49.70059
G1 X727.187 Y727.187 E2774.11918
G1 X715.675 Y727.187 E49.70059
;WIPE_START
G1 F600
G1 X725.675 Y727.187 E-30
;WIPE_END
G1 Z411.5 F15000
G1 X586.92 Y272.813 Z411.5
G1 Z410.5
G1 E40 F9000
G1 F2779.614
G1 X598.432 Y272.813 E49.70059
G1 X727.187 Y401.568 E786.09564
G1 X727.187 Y413.08 E49.70059
;WIPE_START
G1 F600
G1 X727.187 Y403.08 E-30
;WIPE_END
G1 Z411.5 F15000
G1 X575.89 Y272.813 Z411.5
G1 Z410.5
G1 E40 F9000
G1 F2779.614
G1 X564.378 Y272.813 E49.70059
G1 X272.813 Y564.377 E1780.10741
G1 X272.813 Y575.89 E49.70059
;WIPE_START
G1 F600
G1 X272.813 Y565.89 E-30
;WIPE_END
G1 Z411.5 F15000
G1 X413.08 Y272.813 Z411.5
G1 Z410.5
G1 E40 F9000
G1 F2779.614
G1 X401.568 Y272.813 E49.70059
G1 X272.813 Y401.568 E786.09564
G1 X272.813 Y413.08 E49.70059
; stop printing object Cube id:0 copy 0
;LAYER_CHANGE
;Z:412
;HEIGHT:1.5
;BEFORE_LAYER_CHANGE
;412
G92 E0

EXCLUDE_OBJECT_END NAME=Cube_id_0_copy_0
;AFTER_LAYER_CHANGE
;412
;_SET_FAN_SPEED_CHANGING_LAYER
; printing object Cube id:0 copy 0
;WIPE_START
G1 F600
G1 X272.813 Y403.08 E-30
;WIPE_END
EXCLUDE_OBJECT_START NAME=Cube_id_0_copy_0
G1 Z413 F15000
G1 X270.366 Y270.366 Z413
G1 Z412
G1 E40 F9000
;TYPE:Outer wall
;WIDTH:3.2
G1 F2779.615
G1 X729.634 Y270.366 E1982.72102
G1 F2760
M73 P89 R94
G1 X729.634 Y729.634 E1982.72107
G1 X270.366 Y729.634 E1982.72102
G1 X270.366 Y270.666 E1981.42588
;WIPE_START
G1 F600
G1 X280.366 Y270.66 E-30
;WIPE_END
G1 Z413 F15000
G1 X272.813 Y413.08 Z413
G1 Z412
G1 E40 F9000
;TYPE:Sparse infill
;WIDTH:3.2
G1 F2779.614
G1 X272.813 Y401.568 E49.70059
G1 X401.568 Y272.813 E786.09564
G1 X413.08 Y272.813 E49.70059
;WIPE_START
G1 F600
G1 X403.08 Y272.813 E-30
;WIPE_END
G1 Z413 F15000
G1 X272.813 Y575.89 Z413
G1 Z412
G1 E40 F9000
G1 F2779.614
G1 X272.813 Y564.377 E49.70059
G1 X564.378 Y272.813 E1780.10741
G1 X575.89 Y272.813 E49.70059
;WIPE_START
G1 F600
M73 P89 R93
G1 X565.89 Y272.813 E-30
;WIPE_END
G1 Z413 F15000
G1 X727.187 Y413.08 Z413
G1 Z412
G1 E40 F9000
G1 F2779.614
G1 X727.187 Y401.568 E49.70059
G1 X598.432 Y272.813 E786.09564
G1 X586.92 Y272.813 E49.70059
;WIPE_START
G1 F600
G1 X596.92 Y272.813 E-30
;WIPE_END
G1 Z413 F15000
G1 X727.187 Y575.89 Z413
G1 Z412
G1 E40 F9000
G1 F2779.614
G1 X727.187 Y564.378 E49.70059
G1 X435.622 Y272.813 E1780.10742
G1 X424.11 Y272.813 E49.70059
;WIPE_START
G1 F600
G1 X434.11 Y272.813 E-30
;WIPE_END
G1 Z413 F15000
G1 X424.11 Y727.187 Z413
G1 Z412
G1 E40 F9000
G1 F2779.614
G1 X435.622 Y727.187 E49.70059
G1 X727.187 Y435.623 E1780.10743
G1 X727.187 Y424.11 E49.70059
;WIPE_START
G1 F600
G1 X727.187 Y434.11 E-30
;WIPE_END
G1 Z413 F15000
G1 X715.675 Y727.187 Z413
G1 Z412
G1 E40 F9000
G1 F2779.614
G1 X727.187 Y727.187 E49.70059
G1 X272.813 Y272.813 E2774.11918
G1 X284.325 Y272.813 E49.70059
;WIPE_START
G1 F600
G1 X274.325 Y272.813 E-30
;WIPE_END
G1 Z413 F15000
G1 X284.325 Y727.187 Z413
G1 Z412
G1 E40 F9000
G1 F2779.614
G1 X272.813 Y727.187 E49.70025
G1 X727.187 Y272.813 E2774.11872
G1 X715.675 Y272.813 E49.70027
M73 P89 R92
;WIPE_START
G1 F600
G1 X725.675 Y272.813 E-30
;WIPE_END
G1 Z413 F15000
G1 X586.92 Y727.187 Z413
G1 Z412
G1 E40 F9000
G1 F2779.614
G1 X598.432 Y727.187 E49.70059
G1 X727.187 Y598.432 E786.09565
G1 X727.187 Y586.92 E49.70059
;WIPE_START
G1 F600
G1 X727.187 Y596.92 E-30
;WIPE_END
G1 Z413 F15000
G1 X575.89 Y727.187 Z413
G1 Z412
G1 E40 F9000
G1 F2779.614
G1 X564.378 Y727.187 E49.70059
G1 X272.813 Y435.622 E1780.10742
G1 X272.813 Y424.11 E49.70059
;WIPE_START
G1 F600
G1 X272.813 Y434.11 E-30
;WIPE_END
G1 Z413 F15000
G1 X413.08 Y727.187 Z413
G1 Z412
G1 E40 F9000
G1 F2779.614
G1 X401.568 Y727.187 E49.70059
G1 X272.813 Y598.432 E786.09565
G1 X272.813 Y586.92 E49.70059
; stop printing object Cube id:0 copy 0
;LAYER_CHANGE
;Z:413.5
;HEIGHT:1.5
;BEFORE_LAYER_CHANGE
;413.5
G92 E0

EXCLUDE_OBJECT_END NAME=Cube_id_0_copy_0
;AFTER_LAYER_CHANGE
;413.5
;_SET_FAN_SPEED_CHANGING_LAYER
; printing object Cube id:0 copy 0
;WIPE_START
G1 F600
G1 X272.813 Y596.92 E-30
;WIPE_END
EXCLUDE_OBJECT_START NAME=Cube_id_0_copy_0
G1 Z414.5 F15000
G1 X270.366 Y729.634 Z414.5
G1 Z413.5
G1 E40 F9000
;TYPE:Outer wall
;WIDTH:3.2
G1 F2779.615
G1 X270.366 Y270.366 E1982.72102
G1 F2760
G1 X729.634 Y270.366 E1982.72107
G1 X729.634 Y729.634 E1982.72102
M73 P89 R91
G1 X270.666 Y729.634 E1981.42588
;WIPE_START
G1 F600
G1 X270.66 Y719.634 E-30
;WIPE_END
G1 Z414.5 F15000
G1 X272.813 Y586.92 Z414.5
G1 Z413.5
G1 E40 F9000
;TYPE:Sparse infill
;WIDTH:3.2
G1 F2779.614
G1 X272.813 Y598.432 E49.70059
G1 X401.568 Y727.187 E786.09565
G1 X413.08 Y727.187 E49.70059
;WIPE_START
G1 F600
G1 X403.08 Y727.187 E-30
;WIPE_END
G1 Z414.5 F15000
G1 X272.813 Y424.11 Z414.5
G1 Z413.5
G1 E40 F9000
G1 F2779.614
G1 X272.813 Y435.622 E49.70059
G1 X564.378 Y727.187 E1780.10742
G1 X575.89 Y727.187 E49.70059
;WIPE_START
G1 F600
G1 X565.89 Y727.187 E-30
;WIPE_END
G1 Z414.5 F15000
G1 X727.187 Y586.92 Z414.5
G1 Z413.5
G1 E40 F9000
G1 F2779.614
G1 X727.187 Y598.432 E49.70059
G1 X598.432 Y727.187 E786.09565
G1 X586.92 Y727.187 E49.70059
;WIPE_START
G1 F600
G1 X596.92 Y727.187 E-30
;WIPE_END
G1 Z414.5 F15000
G1 X727.187 Y424.11 Z414.5
G1 Z413.5
G1 E40 F9000
G1 F2779.614
G1 X727.187 Y435.623 E49.70059
G1 X435.622 Y727.187 E1780.10743
G1 X424.11 Y727.187 E49.70059
M73 P89 R90
;WIPE_START
G1 F600
G1 X434.11 Y727.187 E-30
;WIPE_END
G1 Z414.5 F15000
G1 X424.11 Y272.813 Z414.5
G1 Z413.5
G1 E40 F9000
G1 F2779.614
G1 X435.622 Y272.813 E49.70059
G1 X727.187 Y564.378 E1780.10742
G1 X727.187 Y575.89 E49.70059
;WIPE_START
G1 F600
G1 X727.187 Y565.89 E-30
;WIPE_END
G1 Z414.5 F15000
G1 X715.675 Y272.813 Z414.5
G1 Z413.5
G1 E40 F9000
G1 F2779.614
G1 X727.187 Y272.813 E49.70027
G1 X272.813 Y727.187 E2774.11872
G1 X284.325 Y727.187 E49.70025
;WIPE_START
G1 F600
G1 X274.325 Y727.187 E-30
;WIPE_END
G1 Z414.5 F15000
G1 X284.325 Y272.813 Z414.5
G1 Z413.5
G1 E40 F9000
G1 F2779.614
G1 X272.813 Y272.813 E49.70059
G1 X727.187 Y727.187 E2774.11918
G1 X715.675 Y727.187 E49.70059
;WIPE_START
G1 F600
G1 X725.675 Y727.187 E-30
;WIPE_END
G1 Z414.5 F15000
G1 X586.92 Y272.813 Z414.5
G1 Z413.5
G1 E40 F9000
G1 F2779.614
G1 X598.432 Y272.813 E49.70059
G1 X727.187 Y401.568 E786.09564
G1 X727.187 Y413.08 E49.70059
M73 P89 R89
;WIPE_START
G1 F600
G1 X727.187 Y403.08 E-30
;WIPE_END
G1 Z414.5 F15000
G1 X575.89 Y272.813 Z414.5
G1 Z413.5
G1 E40 F9000
G1 F2779.614
G1 X564.378 Y272.813 E49.70059
G1 X272.813 Y564.377 E1780.10741
G1 X272.813 Y575.89 E49.70059
M73 P90 R89
;WIPE_START
G1 F600
G1 X272.813 Y565.89 E-30
;WIPE_END
G1 Z414.5 F15000
G1 X413.08 Y272.813 Z414.5
G1 Z413.5
G1 E40 F9000
G1 F2779.614
G1 X401.568 Y272.813 E49.70059
G1 X272.813 Y401.568 E786.09564
G1 X272.813 Y413.08 E49.70059
; stop printing object Cube id:0 copy 0
;LAYER_CHANGE
;Z:415
;HEIGHT:1.5
;BEFORE_LAYER_CHANGE
;415
G92 E0

EXCLUDE_OBJECT_END NAME=Cube_id_0_copy_0
;AFTER_LAYER_CHANGE
;415
;_SET_FAN_SPEED_CHANGING_LAYER
; printing object Cube id:0 copy 0
;WIPE_START
G1 F600
G1 X272.813 Y403.08 E-30
;WIPE_END
EXCLUDE_OBJECT_START NAME=Cube_id_0_copy_0
G1 Z416 F15000
G1 X270.366 Y270.366 Z416
G1 Z415
G1 E40 F9000
;TYPE:Outer wall
;WIDTH:3.2
G1 F2779.615
G1 X729.634 Y270.366 E1982.72102
G1 F2760
G1 X729.634 Y729.634 E1982.72107
G1 X270.366 Y729.634 E1982.72102
G1 X270.366 Y270.666 E1981.42588
;WIPE_START
G1 F600
M73 P90 R88
G1 X280.366 Y270.66 E-30
;WIPE_END
G1 Z416 F15000
G1 X272.813 Y413.08 Z416
G1 Z415
G1 E40 F9000
;TYPE:Sparse infill
;WIDTH:3.2
G1 F2779.614
G1 X272.813 Y401.568 E49.70059
G1 X401.568 Y272.813 E786.09564
G1 X413.08 Y272.813 E49.70059
;WIPE_START
G1 F600
G1 X403.08 Y272.813 E-30
;WIPE_END
G1 Z416 F15000
G1 X272.813 Y575.89 Z416
G1 Z415
G1 E40 F9000
G1 F2779.614
G1 X272.813 Y564.377 E49.70059
G1 X564.378 Y272.813 E1780.10741
G1 X575.89 Y272.813 E49.70059
;WIPE_START
G1 F600
G1 X565.89 Y272.813 E-30
;WIPE_END
G1 Z416 F15000
G1 X727.187 Y413.08 Z416
G1 Z415
G1 E40 F9000
G1 F2779.614
G1 X727.187 Y401.568 E49.70059
G1 X598.432 Y272.813 E786.09564
G1 X586.92 Y272.813 E49.70059
;WIPE_START
G1 F600
G1 X596.92 Y272.813 E-30
;WIPE_END
G1 Z416 F15000
G1 X727.187 Y575.89 Z416
G1 Z415
G1 E40 F9000
G1 F2779.614
G1 X727.187 Y564.378 E49.70059
G1 X435.622 Y272.813 E1780.10742
G1 X424.11 Y272.813 E49.70059
;WIPE_START
G1 F600
G1 X434.11 Y272.813 E-30
;WIPE_END
G1 Z416 F15000
G1 X424.11 Y727.187 Z416
G1 Z415
G1 E40 F9000
G1 F2779.614
G1 X435.622 Y727.187 E49.70059
G1 X727.187 Y435.623 E1780.10743
G1 X727.187 Y424.11 E49.70059
;WIPE_START
G1 F600
M73 P90 R87
G1 X727.187 Y434.11 E-30
;WIPE_END
G1 Z416 F15000
G1 X715.675 Y727.187 Z416
G1 Z415
G1 E40 F9000
G1 F2779.614
G1 X727.187 Y727.187 E49.70059
G1 X272.813 Y272.813 E2774.11918
G1 X284.325 Y272.813 E49.70059
;WIPE_START
G1 F600
G1 X274.325 Y272.813 E-30
;WIPE_END
G1 Z416 F15000
G1 X284.325 Y727.187 Z416
G1 Z415
G1 E40 F9000
G1 F2779.614
G1 X272.813 Y727.187 E49.70025
G1 X727.187 Y272.813 E2774.11872
G1 X715.675 Y272.813 E49.70027
;WIPE_START
G1 F600
G1 X725.675 Y272.813 E-30
;WIPE_END
G1 Z416 F15000
G1 X586.92 Y727.187 Z416
G1 Z415
G1 E40 F9000
G1 F2779.614
G1 X598.432 Y727.187 E49.70059
G1 X727.187 Y598.432 E786.09565
G1 X727.187 Y586.92 E49.70059
;WIPE_START
G1 F600
G1 X727.187 Y596.92 E-30
;WIPE_END
G1 Z416 F15000
G1 X575.89 Y727.187 Z416
G1 Z415
G1 E40 F9000
G1 F2779.614
G1 X564.378 Y727.187 E49.70059
G1 X272.813 Y435.622 E1780.10742
G1 X272.813 Y424.11 E49.70059
;WIPE_START
G1 F600
G1 X272.813 Y434.11 E-30
;WIPE_END
G1 Z416 F15000
G1 X413.08 Y727.187 Z416
G1 Z415
M73 P90 R86
G1 E40 F9000
G1 F2779.614
G1 X401.568 Y727.187 E49.70059
G1 X272.813 Y598.432 E786.09565
G1 X272.813 Y586.92 E49.70059
; stop printing object Cube id:0 copy 0
;LAYER_CHANGE
;Z:416.5
;HEIGHT:1.5
;BEFORE_LAYER_CHANGE
;416.5
G92 E0

EXCLUDE_OBJECT_END NAME=Cube_id_0_copy_0
;AFTER_LAYER_CHANGE
;416.5
;_SET_FAN_SPEED_CHANGING_LAYER
; printing object Cube id:0 copy 0
;WIPE_START
G1 F600
G1 X272.813 Y596.92 E-30
;WIPE_END
EXCLUDE_OBJECT_START NAME=Cube_id_0_copy_0
G1 Z417.5 F15000
G1 X270.366 Y729.634 Z417.5
G1 Z416.5
G1 E40 F9000
;TYPE:Outer wall
;WIDTH:3.2
G1 F2779.615
G1 X270.366 Y270.366 E1982.72102
G1 F2760
G1 X729.634 Y270.366 E1982.72107
G1 X729.634 Y729.634 E1982.72102
G1 X270.666 Y729.634 E1981.42588
;WIPE_START
G1 F600
G1 X270.66 Y719.634 E-30
;WIPE_END
G1 Z417.5 F15000
G1 X272.813 Y586.92 Z417.5
G1 Z416.5
G1 E40 F9000
;TYPE:Sparse infill
;WIDTH:3.2
G1 F2779.614
G1 X272.813 Y598.432 E49.70059
G1 X401.568 Y727.187 E786.09565
G1 X413.08 Y727.187 E49.70059
;WIPE_START
G1 F600
G1 X403.08 Y727.187 E-30
;WIPE_END
G1 Z417.5 F15000
G1 X272.813 Y424.11 Z417.5
G1 Z416.5
G1 E40 F9000
G1 F2779.614
G1 X272.813 Y435.622 E49.70059
G1 X564.378 Y727.187 E1780.10742
G1 X575.89 Y727.187 E49.70059
M73 P90 R85
;WIPE_START
G1 F600
G1 X565.89 Y727.187 E-30
;WIPE_END
G1 Z417.5 F15000
G1 X727.187 Y586.92 Z417.5
G1 Z416.5
G1 E40 F9000
G1 F2779.614
G1 X727.187 Y598.432 E49.70059
G1 X598.432 Y727.187 E786.09565
G1 X586.92 Y727.187 E49.70059
;WIPE_START
G1 F600
G1 X596.92 Y727.187 E-30
;WIPE_END
G1 Z417.5 F15000
G1 X727.187 Y424.11 Z417.5
G1 Z416.5
G1 E40 F9000
G1 F2779.614
G1 X727.187 Y435.623 E49.70059
G1 X435.622 Y727.187 E1780.10743
G1 X424.11 Y727.187 E49.70059
;WIPE_START
G1 F600
G1 X434.11 Y727.187 E-30
;WIPE_END
G1 Z417.5 F15000
G1 X424.11 Y272.813 Z417.5
G1 Z416.5
G1 E40 F9000
G1 F2779.614
G1 X435.622 Y272.813 E49.70059
G1 X727.187 Y564.378 E1780.10742
G1 X727.187 Y575.89 E49.70059
;WIPE_START
G1 F600
G1 X727.187 Y565.89 E-30
;WIPE_END
G1 Z417.5 F15000
G1 X715.675 Y272.813 Z417.5
G1 Z416.5
G1 E40 F9000
G1 F2779.614
G1 X727.187 Y272.813 E49.70027
G1 X272.813 Y727.187 E2774.11872
G1 X284.325 Y727.187 E49.70025
M73 P90 R84
;WIPE_START
G1 F600
G1 X274.325 Y727.187 E-30
;WIPE_END
G1 Z417.5 F15000
G1 X284.325 Y272.813 Z417.5
G1 Z416.5
G1 E40 F9000
G1 F2779.614
G1 X272.813 Y272.813 E49.70059
G1 X727.187 Y727.187 E2774.11918
G1 X715.675 Y727.187 E49.70059
;WIPE_START
G1 F600
G1 X725.675 Y727.187 E-30
;WIPE_END
G1 Z417.5 F15000
G1 X586.92 Y272.813 Z417.5
G1 Z416.5
G1 E40 F9000
G1 F2779.614
G1 X598.432 Y272.813 E49.70059
G1 X727.187 Y401.568 E786.09564
G1 X727.187 Y413.08 E49.70059
;WIPE_START
G1 F600
G1 X727.187 Y403.08 E-30
;WIPE_END
G1 Z417.5 F15000
G1 X575.89 Y272.813 Z417.5
G1 Z416.5
G1 E40 F9000
G1 F2779.614
G1 X564.378 Y272.813 E49.70059
G1 X272.813 Y564.377 E1780.10741
G1 X272.813 Y575.89 E49.70059
;WIPE_START
G1 F600
G1 X272.813 Y565.89 E-30
;WIPE_END
G1 Z417.5 F15000
G1 X413.08 Y272.813 Z417.5
G1 Z416.5
G1 E40 F9000
G1 F2779.614
G1 X401.568 Y272.813 E49.70059
G1 X272.813 Y401.568 E786.09564
G1 X272.813 Y413.08 E49.70059
; stop printing object Cube id:0 copy 0
;LAYER_CHANGE
;Z:418
;HEIGHT:1.5
;BEFORE_LAYER_CHANGE
;418
G92 E0

EXCLUDE_OBJECT_END NAME=Cube_id_0_copy_0
;AFTER_LAYER_CHANGE
;418
;_SET_FAN_SPEED_CHANGING_LAYER
; printing object Cube id:0 copy 0
;WIPE_START
G1 F600
G1 X272.813 Y403.08 E-30
;WIPE_END
EXCLUDE_OBJECT_START NAME=Cube_id_0_copy_0
G1 Z419 F15000
G1 X270.366 Y270.366 Z419
G1 Z418
G1 E40 F9000
;TYPE:Outer wall
;WIDTH:3.2
G1 F2779.615
G1 X729.634 Y270.366 E1982.72102
G1 F2760
M73 P90 R83
G1 X729.634 Y729.634 E1982.72107
G1 X270.366 Y729.634 E1982.72102
G1 X270.366 Y270.666 E1981.42588
;WIPE_START
G1 F600
G1 X280.366 Y270.66 E-30
;WIPE_END
G1 Z419 F15000
G1 X272.813 Y413.08 Z419
G1 Z418
G1 E40 F9000
;TYPE:Sparse infill
;WIDTH:3.2
G1 F2779.614
G1 X272.813 Y401.568 E49.70059
G1 X401.568 Y272.813 E786.09564
G1 X413.08 Y272.813 E49.70059
;WIPE_START
G1 F600
G1 X403.08 Y272.813 E-30
;WIPE_END
G1 Z419 F15000
G1 X272.813 Y575.89 Z419
G1 Z418
G1 E40 F9000
G1 F2779.614
G1 X272.813 Y564.377 E49.70059
G1 X564.378 Y272.813 E1780.10741
G1 X575.89 Y272.813 E49.70059
;WIPE_START
G1 F600
G1 X565.89 Y272.813 E-30
;WIPE_END
G1 Z419 F15000
G1 X727.187 Y413.08 Z419
G1 Z418
G1 E40 F9000
G1 F2779.614
G1 X727.187 Y401.568 E49.70059
G1 X598.432 Y272.813 E786.09564
G1 X586.92 Y272.813 E49.70059
;WIPE_START
G1 F600
G1 X596.92 Y272.813 E-30
;WIPE_END
G1 Z419 F15000
M73 P90 R82
G1 X727.187 Y575.89 Z419
G1 Z418
G1 E40 F9000
G1 F2779.614
G1 X727.187 Y564.378 E49.70059
G1 X435.622 Y272.813 E1780.10742
G1 X424.11 Y272.813 E49.70059
;WIPE_START
G1 F600
G1 X434.11 Y272.813 E-30
;WIPE_END
G1 Z419 F15000
G1 X424.11 Y727.187 Z419
G1 Z418
G1 E40 F9000
G1 F2779.614
G1 X435.622 Y727.187 E49.70059
G1 X727.187 Y435.623 E1780.10743
G1 X727.187 Y424.11 E49.70059
;WIPE_START
G1 F600
G1 X727.187 Y434.11 E-30
;WIPE_END
G1 Z419 F15000
G1 X715.675 Y727.187 Z419
G1 Z418
G1 E40 F9000
G1 F2779.614
G1 X727.187 Y727.187 E49.70059
G1 X272.813 Y272.813 E2774.11918
G1 X284.325 Y272.813 E49.70059
;WIPE_START
G1 F600
G1 X274.325 Y272.813 E-30
;WIPE_END
G1 Z419 F15000
G1 X284.325 Y727.187 Z419
G1 Z418
G1 E40 F9000
G1 F2779.614
G1 X272.813 Y727.187 E49.70025
G1 X727.187 Y272.813 E2774.11872
G1 X715.675 Y272.813 E49.70027
M73 P90 R81
;WIPE_START
G1 F600
G1 X725.675 Y272.813 E-30
;WIPE_END
G1 Z419 F15000
G1 X586.92 Y727.187 Z419
G1 Z418
G1 E40 F9000
G1 F2779.614
G1 X598.432 Y727.187 E49.70059
G1 X727.187 Y598.432 E786.09565
G1 X727.187 Y586.92 E49.70059
;WIPE_START
G1 F600
G1 X727.187 Y596.92 E-30
;WIPE_END
G1 Z419 F15000
G1 X575.89 Y727.187 Z419
G1 Z418
G1 E40 F9000
G1 F2779.614
G1 X564.378 Y727.187 E49.70059
G1 X272.813 Y435.622 E1780.10742
G1 X272.813 Y424.11 E49.70059
;WIPE_START
G1 F600
G1 X272.813 Y434.11 E-30
;WIPE_END
G1 Z419 F15000
G1 X413.08 Y727.187 Z419
G1 Z418
G1 E40 F9000
G1 F2779.614
G1 X401.568 Y727.187 E49.70059
G1 X272.813 Y598.432 E786.09565
G1 X272.813 Y586.92 E49.70059
; stop printing object Cube id:0 copy 0
;LAYER_CHANGE
;Z:419.5
;HEIGHT:1.5
;BEFORE_LAYER_CHANGE
;419.5
G92 E0

EXCLUDE_OBJECT_END NAME=Cube_id_0_copy_0
;AFTER_LAYER_CHANGE
;419.5
;_SET_FAN_SPEED_CHANGING_LAYER
; printing object Cube id:0 copy 0
;WIPE_START
G1 F600
G1 X272.813 Y596.92 E-30
;WIPE_END
EXCLUDE_OBJECT_START NAME=Cube_id_0_copy_0
G1 Z420.5 F15000
G1 X270.366 Y729.634 Z420.5
G1 Z419.5
G1 E40 F9000
;TYPE:Outer wall
;WIDTH:3.2
G1 F2779.615
G1 X270.366 Y270.366 E1982.72102
G1 F2760
G1 X729.634 Y270.366 E1982.72107
G1 X729.634 Y729.634 E1982.72102
G1 X270.666 Y729.634 E1981.42588
M73 P90 R80
;WIPE_START
G1 F600
M73 P91 R80
G1 X270.66 Y719.634 E-30
;WIPE_END
G1 Z420.5 F15000
G1 X272.813 Y586.92 Z420.5
G1 Z419.5
G1 E40 F9000
;TYPE:Sparse infill
;WIDTH:3.2
G1 F2779.614
G1 X272.813 Y598.432 E49.70059
G1 X401.568 Y727.187 E786.09565
G1 X413.08 Y727.187 E49.70059
;WIPE_START
G1 F600
G1 X403.08 Y727.187 E-30
;WIPE_END
G1 Z420.5 F15000
G1 X272.813 Y424.11 Z420.5
G1 Z419.5
G1 E40 F9000
G1 F2779.614
G1 X272.813 Y435.622 E49.70059
G1 X564.378 Y727.187 E1780.10742
G1 X575.89 Y727.187 E49.70059
;WIPE_START
G1 F600
G1 X565.89 Y727.187 E-30
;WIPE_END
G1 Z420.5 F15000
G1 X727.187 Y586.92 Z420.5
G1 Z419.5
G1 E40 F9000
G1 F2779.614
G1 X727.187 Y598.432 E49.70059
G1 X598.432 Y727.187 E786.09565
G1 X586.92 Y727.187 E49.70059
;WIPE_START
G1 F600
G1 X596.92 Y727.187 E-30
;WIPE_END
G1 Z420.5 F15000
G1 X727.187 Y424.11 Z420.5
G1 Z419.5
G1 E40 F9000
G1 F2779.614
G1 X727.187 Y435.623 E49.70059
G1 X435.622 Y727.187 E1780.10743
G1 X424.11 Y727.187 E49.70059
;WIPE_START
G1 F600
G1 X434.11 Y727.187 E-30
;WIPE_END
G1 Z420.5 F15000
G1 X424.11 Y272.813 Z420.5
G1 Z419.5
G1 E40 F9000
G1 F2779.614
G1 X435.622 Y272.813 E49.70059
G1 X727.187 Y564.378 E1780.10742
G1 X727.187 Y575.89 E49.70059
M73 P91 R79
;WIPE_START
G1 F600
G1 X727.187 Y565.89 E-30
;WIPE_END
G1 Z420.5 F15000
G1 X715.675 Y272.813 Z420.5
G1 Z419.5
G1 E40 F9000
G1 F2779.614
G1 X727.187 Y272.813 E49.70027
G1 X272.813 Y727.187 E2774.11872
G1 X284.325 Y727.187 E49.70025
;WIPE_START
G1 F600
G1 X274.325 Y727.187 E-30
;WIPE_END
G1 Z420.5 F15000
G1 X284.325 Y272.813 Z420.5
G1 Z419.5
G1 E40 F9000
G1 F2779.614
G1 X272.813 Y272.813 E49.70059
G1 X727.187 Y727.187 E2774.11918
G1 X715.675 Y727.187 E49.70059
;WIPE_START
G1 F600
G1 X725.675 Y727.187 E-30
;WIPE_END
G1 Z420.5 F15000
G1 X586.92 Y272.813 Z420.5
G1 Z419.5
G1 E40 F9000
G1 F2779.614
G1 X598.432 Y272.813 E49.70059
G1 X727.187 Y401.568 E786.09564
G1 X727.187 Y413.08 E49.70059
;WIPE_START
G1 F600
G1 X727.187 Y403.08 E-30
;WIPE_END
G1 Z420.5 F15000
G1 X575.89 Y272.813 Z420.5
G1 Z419.5
G1 E40 F9000
G1 F2779.614
G1 X564.378 Y272.813 E49.70059
G1 X272.813 Y564.377 E1780.10741
G1 X272.813 Y575.89 E49.70059
M73 P91 R78
;WIPE_START
G1 F600
G1 X272.813 Y565.89 E-30
;WIPE_END
G1 Z420.5 F15000
G1 X413.08 Y272.813 Z420.5
G1 Z419.5
G1 E40 F9000
G1 F2779.614
G1 X401.568 Y272.813 E49.70059
G1 X272.813 Y401.568 E786.09564
G1 X272.813 Y413.08 E49.70059
; stop printing object Cube id:0 copy 0
;LAYER_CHANGE
;Z:421
;HEIGHT:1.5
;BEFORE_LAYER_CHANGE
;421
G92 E0

EXCLUDE_OBJECT_END NAME=Cube_id_0_copy_0
;AFTER_LAYER_CHANGE
;421
;_SET_FAN_SPEED_CHANGING_LAYER
; printing object Cube id:0 copy 0
;WIPE_START
G1 F600
G1 X272.813 Y403.08 E-30
;WIPE_END
EXCLUDE_OBJECT_START NAME=Cube_id_0_copy_0
G1 Z422 F15000
G1 X270.366 Y270.366 Z422
G1 Z421
G1 E40 F9000
;TYPE:Outer wall
;WIDTH:3.2
G1 F2779.615
G1 X729.634 Y270.366 E1982.72102
G1 F2760
G1 X729.634 Y729.634 E1982.72107
G1 X270.366 Y729.634 E1982.72102
G1 X270.366 Y270.666 E1981.42588
;WIPE_START
G1 F600
G1 X280.366 Y270.66 E-30
;WIPE_END
G1 Z422 F15000
G1 X272.813 Y413.08 Z422
G1 Z421
G1 E40 F9000
;TYPE:Sparse infill
;WIDTH:3.2
G1 F2779.614
G1 X272.813 Y401.568 E49.70059
G1 X401.568 Y272.813 E786.09564
M73 P91 R77
G1 X413.08 Y272.813 E49.70059
;WIPE_START
G1 F600
G1 X403.08 Y272.813 E-30
;WIPE_END
G1 Z422 F15000
G1 X272.813 Y575.89 Z422
G1 Z421
G1 E40 F9000
G1 F2779.614
G1 X272.813 Y564.377 E49.70059
G1 X564.378 Y272.813 E1780.10741
G1 X575.89 Y272.813 E49.70059
;WIPE_START
G1 F600
G1 X565.89 Y272.813 E-30
;WIPE_END
G1 Z422 F15000
G1 X727.187 Y413.08 Z422
G1 Z421
G1 E40 F9000
G1 F2779.614
G1 X727.187 Y401.568 E49.70059
G1 X598.432 Y272.813 E786.09564
G1 X586.92 Y272.813 E49.70059
;WIPE_START
G1 F600
G1 X596.92 Y272.813 E-30
;WIPE_END
G1 Z422 F15000
G1 X727.187 Y575.89 Z422
G1 Z421
G1 E40 F9000
G1 F2779.614
G1 X727.187 Y564.378 E49.70059
G1 X435.622 Y272.813 E1780.10742
G1 X424.11 Y272.813 E49.70059
;WIPE_START
G1 F600
G1 X434.11 Y272.813 E-30
;WIPE_END
G1 Z422 F15000
G1 X424.11 Y727.187 Z422
G1 Z421
G1 E40 F9000
G1 F2779.614
G1 X435.622 Y727.187 E49.70059
G1 X727.187 Y435.623 E1780.10743
G1 X727.187 Y424.11 E49.70059
;WIPE_START
G1 F600
G1 X727.187 Y434.11 E-30
;WIPE_END
G1 Z422 F15000
G1 X715.675 Y727.187 Z422
G1 Z421
G1 E40 F9000
G1 F2779.614
G1 X727.187 Y727.187 E49.70059
G1 X272.813 Y272.813 E2774.11918
G1 X284.325 Y272.813 E49.70059
M73 P91 R76
;WIPE_START
G1 F600
G1 X274.325 Y272.813 E-30
;WIPE_END
G1 Z422 F15000
G1 X284.325 Y727.187 Z422
G1 Z421
G1 E40 F9000
G1 F2779.614
G1 X272.813 Y727.187 E49.70025
G1 X727.187 Y272.813 E2774.11872
G1 X715.675 Y272.813 E49.70027
;WIPE_START
G1 F600
G1 X725.675 Y272.813 E-30
;WIPE_END
G1 Z422 F15000
G1 X586.92 Y727.187 Z422
G1 Z421
G1 E40 F9000
G1 F2779.614
G1 X598.432 Y727.187 E49.70059
G1 X727.187 Y598.432 E786.09565
G1 X727.187 Y586.92 E49.70059
;WIPE_START
G1 F600
G1 X727.187 Y596.92 E-30
;WIPE_END
G1 Z422 F15000
G1 X575.89 Y727.187 Z422
G1 Z421
G1 E40 F9000
G1 F2779.614
G1 X564.378 Y727.187 E49.70059
G1 X272.813 Y435.622 E1780.10742
G1 X272.813 Y424.11 E49.70059
;WIPE_START
G1 F600
G1 X272.813 Y434.11 E-30
;WIPE_END
G1 Z422 F15000
G1 X413.08 Y727.187 Z422
G1 Z421
G1 E40 F9000
G1 F2779.614
G1 X401.568 Y727.187 E49.70059
G1 X272.813 Y598.432 E786.09565
G1 X272.813 Y586.92 E49.70059
; stop printing object Cube id:0 copy 0
;LAYER_CHANGE
;Z:422.5
;HEIGHT:1.5
;BEFORE_LAYER_CHANGE
;422.5
G92 E0

EXCLUDE_OBJECT_END NAME=Cube_id_0_copy_0
;AFTER_LAYER_CHANGE
;422.5
;_SET_FAN_SPEED_CHANGING_LAYER
; printing object Cube id:0 copy 0
;WIPE_START
G1 F600
G1 X272.813 Y596.92 E-30
;WIPE_END
EXCLUDE_OBJECT_START NAME=Cube_id_0_copy_0
G1 Z423.5 F15000
G1 X270.366 Y729.634 Z423.5
G1 Z422.5
G1 E40 F9000
;TYPE:Outer wall
;WIDTH:3.2
G1 F2779.615
G1 X270.366 Y270.366 E1982.72102
G1 F2760
M73 P91 R75
G1 X729.634 Y270.366 E1982.72107
G1 X729.634 Y729.634 E1982.72102
G1 X270.666 Y729.634 E1981.42588
;WIPE_START
G1 F600
G1 X270.66 Y719.634 E-30
;WIPE_END
G1 Z423.5 F15000
G1 X272.813 Y586.92 Z423.5
G1 Z422.5
G1 E40 F9000
;TYPE:Sparse infill
;WIDTH:3.2
G1 F2779.614
G1 X272.813 Y598.432 E49.70059
G1 X401.568 Y727.187 E786.09565
G1 X413.08 Y727.187 E49.70059
;WIPE_START
G1 F600
G1 X403.08 Y727.187 E-30
;WIPE_END
G1 Z423.5 F15000
G1 X272.813 Y424.11 Z423.5
G1 Z422.5
G1 E40 F9000
G1 F2779.614
G1 X272.813 Y435.622 E49.70059
G1 X564.378 Y727.187 E1780.10742
G1 X575.89 Y727.187 E49.70059
M73 P91 R74
;WIPE_START
G1 F600
G1 X565.89 Y727.187 E-30
;WIPE_END
G1 Z423.5 F15000
G1 X727.187 Y586.92 Z423.5
G1 Z422.5
G1 E40 F9000
G1 F2779.614
G1 X727.187 Y598.432 E49.70059
G1 X598.432 Y727.187 E786.09565
G1 X586.92 Y727.187 E49.70059
;WIPE_START
G1 F600
G1 X596.92 Y727.187 E-30
;WIPE_END
G1 Z423.5 F15000
G1 X727.187 Y424.11 Z423.5
G1 Z422.5
G1 E40 F9000
G1 F2779.614
G1 X727.187 Y435.623 E49.70059
G1 X435.622 Y727.187 E1780.10743
G1 X424.11 Y727.187 E49.70059
;WIPE_START
G1 F600
G1 X434.11 Y727.187 E-30
;WIPE_END
G1 Z423.5 F15000
G1 X424.11 Y272.813 Z423.5
G1 Z422.5
G1 E40 F9000
G1 F2779.614
G1 X435.622 Y272.813 E49.70059
G1 X727.187 Y564.378 E1780.10742
G1 X727.187 Y575.89 E49.70059
;WIPE_START
G1 F600
G1 X727.187 Y565.89 E-30
;WIPE_END
G1 Z423.5 F15000
G1 X715.675 Y272.813 Z423.5
G1 Z422.5
G1 E40 F9000
G1 F2779.614
G1 X727.187 Y272.813 E49.70027
G1 X272.813 Y727.187 E2774.11872
G1 X284.325 Y727.187 E49.70025
;WIPE_START
G1 F600
G1 X274.325 Y727.187 E-30
;WIPE_END
G1 Z423.5 F15000
G1 X284.325 Y272.813 Z423.5
G1 Z422.5
G1 E40 F9000
G1 F2779.614
G1 X272.813 Y272.813 E49.70059
G1 X727.187 Y727.187 E2774.11918
G1 X715.675 Y727.187 E49.70059
M73 P91 R73
;WIPE_START
G1 F600
G1 X725.675 Y727.187 E-30
;WIPE_END
G1 Z423.5 F15000
G1 X586.92 Y272.813 Z423.5
G1 Z422.5
G1 E40 F9000
G1 F2779.614
G1 X598.432 Y272.813 E49.70059
G1 X727.187 Y401.568 E786.09564
G1 X727.187 Y413.08 E49.70059
;WIPE_START
G1 F600
G1 X727.187 Y403.08 E-30
;WIPE_END
G1 Z423.5 F15000
G1 X575.89 Y272.813 Z423.5
G1 Z422.5
G1 E40 F9000
G1 F2779.614
G1 X564.378 Y272.813 E49.70059
G1 X272.813 Y564.377 E1780.10741
G1 X272.813 Y575.89 E49.70059
;WIPE_START
G1 F600
G1 X272.813 Y565.89 E-30
;WIPE_END
G1 Z423.5 F15000
G1 X413.08 Y272.813 Z423.5
G1 Z422.5
G1 E40 F9000
G1 F2779.614
G1 X401.568 Y272.813 E49.70059
G1 X272.813 Y401.568 E786.09564
G1 X272.813 Y413.08 E49.70059
; stop printing object Cube id:0 copy 0
;LAYER_CHANGE
;Z:424
;HEIGHT:1.5
;BEFORE_LAYER_CHANGE
;424
G92 E0

EXCLUDE_OBJECT_END NAME=Cube_id_0_copy_0
;AFTER_LAYER_CHANGE
;424
;_SET_FAN_SPEED_CHANGING_LAYER
; printing object Cube id:0 copy 0
;WIPE_START
G1 F600
G1 X272.813 Y403.08 E-30
;WIPE_END
EXCLUDE_OBJECT_START NAME=Cube_id_0_copy_0
G1 Z425 F15000
G1 X270.366 Y270.366 Z425
G1 Z424
G1 E40 F9000
;TYPE:Outer wall
;WIDTH:3.2
G1 F2779.615
G1 X729.634 Y270.366 E1982.72102
G1 F2760
G1 X729.634 Y729.634 E1982.72107
G1 X270.366 Y729.634 E1982.72102
M73 P91 R72
G1 X270.366 Y270.666 E1981.42588
;WIPE_START
G1 F600
G1 X280.366 Y270.66 E-30
;WIPE_END
G1 Z425 F15000
G1 X272.813 Y413.08 Z425
G1 Z424
G1 E40 F9000
;TYPE:Sparse infill
;WIDTH:3.2
G1 F2779.614
G1 X272.813 Y401.568 E49.70059
G1 X401.568 Y272.813 E786.09564
G1 X413.08 Y272.813 E49.70059
;WIPE_START
G1 F600
G1 X403.08 Y272.813 E-30
;WIPE_END
G1 Z425 F15000
G1 X272.813 Y575.89 Z425
G1 Z424
G1 E40 F9000
G1 F2779.614
G1 X272.813 Y564.377 E49.70059
G1 X564.378 Y272.813 E1780.10741
G1 X575.89 Y272.813 E49.70059
;WIPE_START
G1 F600
G1 X565.89 Y272.813 E-30
;WIPE_END
G1 Z425 F15000
G1 X727.187 Y413.08 Z425
G1 Z424
G1 E40 F9000
G1 F2779.614
G1 X727.187 Y401.568 E49.70059
G1 X598.432 Y272.813 E786.09564
G1 X586.92 Y272.813 E49.70059
;WIPE_START
G1 F600
G1 X596.92 Y272.813 E-30
;WIPE_END
G1 Z425 F15000
G1 X727.187 Y575.89 Z425
G1 Z424
G1 E40 F9000
G1 F2779.614
G1 X727.187 Y564.378 E49.70059
G1 X435.622 Y272.813 E1780.10742
G1 X424.11 Y272.813 E49.70059
M73 P91 R71
;WIPE_START
G1 F600
G1 X434.11 Y272.813 E-30
;WIPE_END
G1 Z425 F15000
G1 X424.11 Y727.187 Z425
G1 Z424
G1 E40 F9000
M73 P92 R71
G1 F2779.614
G1 X435.622 Y727.187 E49.70059
G1 X727.187 Y435.623 E1780.10743
G1 X727.187 Y424.11 E49.70059
;WIPE_START
G1 F600
G1 X727.187 Y434.11 E-30
;WIPE_END
G1 Z425 F15000
G1 X715.675 Y727.187 Z425
G1 Z424
G1 E40 F9000
G1 F2779.614
G1 X727.187 Y727.187 E49.70059
G1 X272.813 Y272.813 E2774.11918
G1 X284.325 Y272.813 E49.70059
;WIPE_START
G1 F600
G1 X274.325 Y272.813 E-30
;WIPE_END
G1 Z425 F15000
G1 X284.325 Y727.187 Z425
G1 Z424
G1 E40 F9000
G1 F2779.614
G1 X272.813 Y727.187 E49.70025
G1 X727.187 Y272.813 E2774.11872
G1 X715.675 Y272.813 E49.70027
;WIPE_START
G1 F600
G1 X725.675 Y272.813 E-30
;WIPE_END
G1 Z425 F15000
G1 X586.92 Y727.187 Z425
G1 Z424
G1 E40 F9000
G1 F2779.614
G1 X598.432 Y727.187 E49.70059
G1 X727.187 Y598.432 E786.09565
G1 X727.187 Y586.92 E49.70059
M73 P92 R70
;WIPE_START
G1 F600
G1 X727.187 Y596.92 E-30
;WIPE_END
G1 Z425 F15000
G1 X575.89 Y727.187 Z425
G1 Z424
G1 E40 F9000
G1 F2779.614
G1 X564.378 Y727.187 E49.70059
G1 X272.813 Y435.622 E1780.10742
G1 X272.813 Y424.11 E49.70059
;WIPE_START
G1 F600
G1 X272.813 Y434.11 E-30
;WIPE_END
G1 Z425 F15000
G1 X413.08 Y727.187 Z425
G1 Z424
G1 E40 F9000
G1 F2779.614
G1 X401.568 Y727.187 E49.70059
G1 X272.813 Y598.432 E786.09565
G1 X272.813 Y586.92 E49.70059
; stop printing object Cube id:0 copy 0
;LAYER_CHANGE
;Z:425.5
;HEIGHT:1.5
;BEFORE_LAYER_CHANGE
;425.5
G92 E0

EXCLUDE_OBJECT_END NAME=Cube_id_0_copy_0
;AFTER_LAYER_CHANGE
;425.5
;_SET_FAN_SPEED_CHANGING_LAYER
; printing object Cube id:0 copy 0
;WIPE_START
G1 F600
G1 X272.813 Y596.92 E-30
;WIPE_END
EXCLUDE_OBJECT_START NAME=Cube_id_0_copy_0
G1 Z426.5 F15000
G1 X270.366 Y729.634 Z426.5
G1 Z425.5
G1 E40 F9000
;TYPE:Outer wall
;WIDTH:3.2
G1 F2779.615
G1 X270.366 Y270.366 E1982.72102
G1 F2760
G1 X729.634 Y270.366 E1982.72107
G1 X729.634 Y729.634 E1982.72102
G1 X270.666 Y729.634 E1981.42588
;WIPE_START
G1 F600
M73 P92 R69
G1 X270.66 Y719.634 E-30
;WIPE_END
G1 Z426.5 F15000
G1 X272.813 Y586.92 Z426.5
G1 Z425.5
G1 E40 F9000
;TYPE:Sparse infill
;WIDTH:3.2
G1 F2779.614
G1 X272.813 Y598.432 E49.70059
G1 X401.568 Y727.187 E786.09565
G1 X413.08 Y727.187 E49.70059
;WIPE_START
G1 F600
G1 X403.08 Y727.187 E-30
;WIPE_END
G1 Z426.5 F15000
G1 X272.813 Y424.11 Z426.5
G1 Z425.5
G1 E40 F9000
G1 F2779.614
G1 X272.813 Y435.622 E49.70059
G1 X564.378 Y727.187 E1780.10742
G1 X575.89 Y727.187 E49.70059
;WIPE_START
G1 F600
G1 X565.89 Y727.187 E-30
;WIPE_END
G1 Z426.5 F15000
G1 X727.187 Y586.92 Z426.5
G1 Z425.5
G1 E40 F9000
G1 F2779.614
G1 X727.187 Y598.432 E49.70059
G1 X598.432 Y727.187 E786.09565
G1 X586.92 Y727.187 E49.70059
;WIPE_START
G1 F600
G1 X596.92 Y727.187 E-30
;WIPE_END
G1 Z426.5 F15000
G1 X727.187 Y424.11 Z426.5
G1 Z425.5
G1 E40 F9000
G1 F2779.614
G1 X727.187 Y435.623 E49.70059
G1 X435.622 Y727.187 E1780.10743
G1 X424.11 Y727.187 E49.70059
;WIPE_START
G1 F600
G1 X434.11 Y727.187 E-30
;WIPE_END
G1 Z426.5 F15000
G1 X424.11 Y272.813 Z426.5
G1 Z425.5
G1 E40 F9000
G1 F2779.614
G1 X435.622 Y272.813 E49.70059
G1 X727.187 Y564.378 E1780.10742
G1 X727.187 Y575.89 E49.70059
M73 P92 R68
;WIPE_START
G1 F600
G1 X727.187 Y565.89 E-30
;WIPE_END
G1 Z426.5 F15000
G1 X715.675 Y272.813 Z426.5
G1 Z425.5
G1 E40 F9000
G1 F2779.614
G1 X727.187 Y272.813 E49.70027
G1 X272.813 Y727.187 E2774.11872
G1 X284.325 Y727.187 E49.70025
;WIPE_START
G1 F600
G1 X274.325 Y727.187 E-30
;WIPE_END
G1 Z426.5 F15000
G1 X284.325 Y272.813 Z426.5
G1 Z425.5
G1 E40 F9000
G1 F2779.614
G1 X272.813 Y272.813 E49.70059
G1 X727.187 Y727.187 E2774.11918
G1 X715.675 Y727.187 E49.70059
;WIPE_START
G1 F600
G1 X725.675 Y727.187 E-30
;WIPE_END
G1 Z426.5 F15000
G1 X586.92 Y272.813 Z426.5
G1 Z425.5
G1 E40 F9000
G1 F2779.614
G1 X598.432 Y272.813 E49.70059
G1 X727.187 Y401.568 E786.09564
G1 X727.187 Y413.08 E49.70059
;WIPE_START
G1 F600
G1 X727.187 Y403.08 E-30
;WIPE_END
G1 Z426.5 F15000
G1 X575.89 Y272.813 Z426.5
G1 Z425.5
G1 E40 F9000
G1 F2779.614
G1 X564.378 Y272.813 E49.70059
G1 X272.813 Y564.377 E1780.10741
G1 X272.813 Y575.89 E49.70059
;WIPE_START
G1 F600
G1 X272.813 Y565.89 E-30
;WIPE_END
G1 Z426.5 F15000
G1 X413.08 Y272.813 Z426.5
G1 Z425.5
M73 P92 R67
G1 E40 F9000
G1 F2779.614
G1 X401.568 Y272.813 E49.70059
G1 X272.813 Y401.568 E786.09564
G1 X272.813 Y413.08 E49.70059
; stop printing object Cube id:0 copy 0
;LAYER_CHANGE
;Z:427
;HEIGHT:1.5
;BEFORE_LAYER_CHANGE
;427
G92 E0

EXCLUDE_OBJECT_END NAME=Cube_id_0_copy_0
;AFTER_LAYER_CHANGE
;427
;_SET_FAN_SPEED_CHANGING_LAYER
; printing object Cube id:0 copy 0
;WIPE_START
G1 F600
G1 X272.813 Y403.08 E-30
;WIPE_END
EXCLUDE_OBJECT_START NAME=Cube_id_0_copy_0
G1 Z428 F15000
G1 X270.366 Y270.366 Z428
G1 Z427
G1 E40 F9000
;TYPE:Outer wall
;WIDTH:3.2
G1 F2779.615
G1 X729.634 Y270.366 E1982.72102
G1 F2760
G1 X729.634 Y729.634 E1982.72107
G1 X270.366 Y729.634 E1982.72102
G1 X270.366 Y270.666 E1981.42588
;WIPE_START
G1 F600
G1 X280.366 Y270.66 E-30
;WIPE_END
G1 Z428 F15000
G1 X272.813 Y413.08 Z428
G1 Z427
G1 E40 F9000
;TYPE:Sparse infill
;WIDTH:3.2
G1 F2779.614
G1 X272.813 Y401.568 E49.70059
G1 X401.568 Y272.813 E786.09564
G1 X413.08 Y272.813 E49.70059
;WIPE_START
G1 F600
G1 X403.08 Y272.813 E-30
;WIPE_END
G1 Z428 F15000
G1 X272.813 Y575.89 Z428
G1 Z427
G1 E40 F9000
G1 F2779.614
G1 X272.813 Y564.377 E49.70059
G1 X564.378 Y272.813 E1780.10741
G1 X575.89 Y272.813 E49.70059
M73 P92 R66
;WIPE_START
G1 F600
G1 X565.89 Y272.813 E-30
;WIPE_END
G1 Z428 F15000
G1 X727.187 Y413.08 Z428
G1 Z427
G1 E40 F9000
G1 F2779.614
G1 X727.187 Y401.568 E49.70059
G1 X598.432 Y272.813 E786.09564
G1 X586.92 Y272.813 E49.70059
;WIPE_START
G1 F600
G1 X596.92 Y272.813 E-30
;WIPE_END
G1 Z428 F15000
G1 X727.187 Y575.89 Z428
G1 Z427
G1 E40 F9000
G1 F2779.614
G1 X727.187 Y564.378 E49.70059
G1 X435.622 Y272.813 E1780.10742
G1 X424.11 Y272.813 E49.70059
;WIPE_START
G1 F600
G1 X434.11 Y272.813 E-30
;WIPE_END
G1 Z428 F15000
G1 X424.11 Y727.187 Z428
G1 Z427
G1 E40 F9000
G1 F2779.614
G1 X435.622 Y727.187 E49.70059
G1 X727.187 Y435.623 E1780.10743
G1 X727.187 Y424.11 E49.70059
;WIPE_START
G1 F600
G1 X727.187 Y434.11 E-30
;WIPE_END
G1 Z428 F15000
G1 X715.675 Y727.187 Z428
G1 Z427
G1 E40 F9000
G1 F2779.614
G1 X727.187 Y727.187 E49.70059
G1 X272.813 Y272.813 E2774.11918
G1 X284.325 Y272.813 E49.70059
M73 P92 R65
;WIPE_START
G1 F600
G1 X274.325 Y272.813 E-30
;WIPE_END
G1 Z428 F15000
G1 X284.325 Y727.187 Z428
G1 Z427
G1 E40 F9000
G1 F2779.614
G1 X272.813 Y727.187 E49.70025
G1 X727.187 Y272.813 E2774.11872
G1 X715.675 Y272.813 E49.70027
;WIPE_START
G1 F600
G1 X725.675 Y272.813 E-30
;WIPE_END
G1 Z428 F15000
G1 X586.92 Y727.187 Z428
G1 Z427
G1 E40 F9000
G1 F2779.614
G1 X598.432 Y727.187 E49.70059
G1 X727.187 Y598.432 E786.09565
G1 X727.187 Y586.92 E49.70059
;WIPE_START
G1 F600
G1 X727.187 Y596.92 E-30
;WIPE_END
G1 Z428 F15000
G1 X575.89 Y727.187 Z428
G1 Z427
G1 E40 F9000
G1 F2779.614
G1 X564.378 Y727.187 E49.70059
G1 X272.813 Y435.622 E1780.10742
G1 X272.813 Y424.11 E49.70059
;WIPE_START
G1 F600
G1 X272.813 Y434.11 E-30
;WIPE_END
G1 Z428 F15000
G1 X413.08 Y727.187 Z428
G1 Z427
G1 E40 F9000
G1 F2779.614
G1 X401.568 Y727.187 E49.70059
G1 X272.813 Y598.432 E786.09565
G1 X272.813 Y586.92 E49.70059
; stop printing object Cube id:0 copy 0
;LAYER_CHANGE
;Z:428.5
;HEIGHT:1.5
;BEFORE_LAYER_CHANGE
;428.5
G92 E0

EXCLUDE_OBJECT_END NAME=Cube_id_0_copy_0
;AFTER_LAYER_CHANGE
;428.5
;_SET_FAN_SPEED_CHANGING_LAYER
; printing object Cube id:0 copy 0
;WIPE_START
G1 F600
G1 X272.813 Y596.92 E-30
;WIPE_END
EXCLUDE_OBJECT_START NAME=Cube_id_0_copy_0
G1 Z429.5 F15000
G1 X270.366 Y729.634 Z429.5
G1 Z428.5
G1 E40 F9000
;TYPE:Outer wall
;WIDTH:3.2
G1 F2779.615
G1 X270.366 Y270.366 E1982.72102
G1 F2760
M73 P92 R64
G1 X729.634 Y270.366 E1982.72107
G1 X729.634 Y729.634 E1982.72102
G1 X270.666 Y729.634 E1981.42588
;WIPE_START
G1 F600
G1 X270.66 Y719.634 E-30
;WIPE_END
G1 Z429.5 F15000
G1 X272.813 Y586.92 Z429.5
G1 Z428.5
G1 E40 F9000
;TYPE:Sparse infill
;WIDTH:3.2
G1 F2779.614
G1 X272.813 Y598.432 E49.70059
G1 X401.568 Y727.187 E786.09565
G1 X413.08 Y727.187 E49.70059
;WIPE_START
G1 F600
G1 X403.08 Y727.187 E-30
;WIPE_END
G1 Z429.5 F15000
G1 X272.813 Y424.11 Z429.5
G1 Z428.5
G1 E40 F9000
G1 F2779.614
G1 X272.813 Y435.622 E49.70059
G1 X564.378 Y727.187 E1780.10742
G1 X575.89 Y727.187 E49.70059
;WIPE_START
G1 F600
G1 X565.89 Y727.187 E-30
;WIPE_END
G1 Z429.5 F15000
G1 X727.187 Y586.92 Z429.5
G1 Z428.5
G1 E40 F9000
G1 F2779.614
G1 X727.187 Y598.432 E49.70059
G1 X598.432 Y727.187 E786.09565
G1 X586.92 Y727.187 E49.70059
;WIPE_START
G1 F600
G1 X596.92 Y727.187 E-30
;WIPE_END
G1 Z429.5 F15000
M73 P92 R63
G1 X727.187 Y424.11 Z429.5
G1 Z428.5
G1 E40 F9000
G1 F2779.614
G1 X727.187 Y435.623 E49.70059
G1 X435.622 Y727.187 E1780.10743
G1 X424.11 Y727.187 E49.70059
;WIPE_START
G1 F600
G1 X434.11 Y727.187 E-30
;WIPE_END
G1 Z429.5 F15000
G1 X424.11 Y272.813 Z429.5
G1 Z428.5
G1 E40 F9000
G1 F2779.614
G1 X435.622 Y272.813 E49.70059
G1 X727.187 Y564.378 E1780.10742
G1 X727.187 Y575.89 E49.70059
;WIPE_START
G1 F600
G1 X727.187 Y565.89 E-30
;WIPE_END
G1 Z429.5 F15000
G1 X715.675 Y272.813 Z429.5
G1 Z428.5
G1 E40 F9000
G1 F2779.614
G1 X727.187 Y272.813 E49.70027
G1 X272.813 Y727.187 E2774.11872
G1 X284.325 Y727.187 E49.70025
;WIPE_START
G1 F600
G1 X274.325 Y727.187 E-30
;WIPE_END
G1 Z429.5 F15000
G1 X284.325 Y272.813 Z429.5
G1 Z428.5
G1 E40 F9000
G1 F2779.614
G1 X272.813 Y272.813 E49.70059
G1 X727.187 Y727.187 E2774.11918
G1 X715.675 Y727.187 E49.70059
M73 P92 R62
;WIPE_START
G1 F600
G1 X725.675 Y727.187 E-30
;WIPE_END
G1 Z429.5 F15000
G1 X586.92 Y272.813 Z429.5
G1 Z428.5
G1 E40 F9000
G1 F2779.614
M73 P93 R62
G1 X598.432 Y272.813 E49.70059
G1 X727.187 Y401.568 E786.09564
G1 X727.187 Y413.08 E49.70059
;WIPE_START
G1 F600
G1 X727.187 Y403.08 E-30
;WIPE_END
G1 Z429.5 F15000
G1 X575.89 Y272.813 Z429.5
G1 Z428.5
G1 E40 F9000
G1 F2779.614
G1 X564.378 Y272.813 E49.70059
G1 X272.813 Y564.377 E1780.10741
G1 X272.813 Y575.89 E49.70059
;WIPE_START
G1 F600
G1 X272.813 Y565.89 E-30
;WIPE_END
G1 Z429.5 F15000
G1 X413.08 Y272.813 Z429.5
G1 Z428.5
G1 E40 F9000
G1 F2779.614
G1 X401.568 Y272.813 E49.70059
G1 X272.813 Y401.568 E786.09564
G1 X272.813 Y413.08 E49.70059
; stop printing object Cube id:0 copy 0
;LAYER_CHANGE
;Z:430
;HEIGHT:1.5
;BEFORE_LAYER_CHANGE
;430
G92 E0

EXCLUDE_OBJECT_END NAME=Cube_id_0_copy_0
;AFTER_LAYER_CHANGE
;430
;_SET_FAN_SPEED_CHANGING_LAYER
; printing object Cube id:0 copy 0
;WIPE_START
G1 F600
G1 X272.813 Y403.08 E-30
;WIPE_END
EXCLUDE_OBJECT_START NAME=Cube_id_0_copy_0
G1 Z431 F15000
G1 X270.366 Y270.366 Z431
G1 Z430
G1 E40 F9000
;TYPE:Outer wall
;WIDTH:3.2
G1 F2779.615
G1 X729.634 Y270.366 E1982.72102
G1 F2760
G1 X729.634 Y729.634 E1982.72107
G1 X270.366 Y729.634 E1982.72102
G1 X270.366 Y270.666 E1981.42588
M73 P93 R61
;WIPE_START
G1 F600
G1 X280.366 Y270.66 E-30
;WIPE_END
G1 Z431 F15000
G1 X272.813 Y413.08 Z431
G1 Z430
G1 E40 F9000
;TYPE:Sparse infill
;WIDTH:3.2
G1 F2779.614
G1 X272.813 Y401.568 E49.70059
G1 X401.568 Y272.813 E786.09564
G1 X413.08 Y272.813 E49.70059
;WIPE_START
G1 F600
G1 X403.08 Y272.813 E-30
;WIPE_END
G1 Z431 F15000
G1 X272.813 Y575.89 Z431
G1 Z430
G1 E40 F9000
G1 F2779.614
G1 X272.813 Y564.377 E49.70059
G1 X564.378 Y272.813 E1780.10741
G1 X575.89 Y272.813 E49.70059
;WIPE_START
G1 F600
G1 X565.89 Y272.813 E-30
;WIPE_END
G1 Z431 F15000
G1 X727.187 Y413.08 Z431
G1 Z430
G1 E40 F9000
G1 F2779.614
G1 X727.187 Y401.568 E49.70059
G1 X598.432 Y272.813 E786.09564
G1 X586.92 Y272.813 E49.70059
;WIPE_START
G1 F600
G1 X596.92 Y272.813 E-30
;WIPE_END
G1 Z431 F15000
G1 X727.187 Y575.89 Z431
G1 Z430
G1 E40 F9000
G1 F2779.614
G1 X727.187 Y564.378 E49.70059
G1 X435.622 Y272.813 E1780.10742
G1 X424.11 Y272.813 E49.70059
;WIPE_START
G1 F600
G1 X434.11 Y272.813 E-30
;WIPE_END
G1 Z431 F15000
G1 X424.11 Y727.187 Z431
G1 Z430
G1 E40 F9000
G1 F2779.614
G1 X435.622 Y727.187 E49.70059
G1 X727.187 Y435.623 E1780.10743
G1 X727.187 Y424.11 E49.70059
M73 P93 R60
;WIPE_START
G1 F600
G1 X727.187 Y434.11 E-30
;WIPE_END
G1 Z431 F15000
G1 X715.675 Y727.187 Z431
G1 Z430
G1 E40 F9000
G1 F2779.614
G1 X727.187 Y727.187 E49.70059
G1 X272.813 Y272.813 E2774.11918
G1 X284.325 Y272.813 E49.70059
;WIPE_START
G1 F600
G1 X274.325 Y272.813 E-30
;WIPE_END
G1 Z431 F15000
G1 X284.325 Y727.187 Z431
G1 Z430
G1 E40 F9000
G1 F2779.614
G1 X272.813 Y727.187 E49.70025
G1 X727.187 Y272.813 E2774.11872
G1 X715.675 Y272.813 E49.70027
;WIPE_START
G1 F600
G1 X725.675 Y272.813 E-30
;WIPE_END
G1 Z431 F15000
G1 X586.92 Y727.187 Z431
G1 Z430
G1 E40 F9000
G1 F2779.614
G1 X598.432 Y727.187 E49.70059
G1 X727.187 Y598.432 E786.09565
G1 X727.187 Y586.92 E49.70059
;WIPE_START
G1 F600
G1 X727.187 Y596.92 E-30
;WIPE_END
G1 Z431 F15000
G1 X575.89 Y727.187 Z431
G1 Z430
G1 E40 F9000
G1 F2779.614
G1 X564.378 Y727.187 E49.70059
G1 X272.813 Y435.622 E1780.10742
G1 X272.813 Y424.11 E49.70059
M73 P93 R59
;WIPE_START
G1 F600
G1 X272.813 Y434.11 E-30
;WIPE_END
G1 Z431 F15000
G1 X413.08 Y727.187 Z431
G1 Z430
G1 E40 F9000
G1 F2779.614
G1 X401.568 Y727.187 E49.70059
G1 X272.813 Y598.432 E786.09565
G1 X272.813 Y586.92 E49.70059
; stop printing object Cube id:0 copy 0
;LAYER_CHANGE
;Z:431.5
;HEIGHT:1.5
;BEFORE_LAYER_CHANGE
;431.5
G92 E0

EXCLUDE_OBJECT_END NAME=Cube_id_0_copy_0
;AFTER_LAYER_CHANGE
;431.5
;_SET_FAN_SPEED_CHANGING_LAYER
; printing object Cube id:0 copy 0
;WIPE_START
G1 F600
G1 X272.813 Y596.92 E-30
;WIPE_END
EXCLUDE_OBJECT_START NAME=Cube_id_0_copy_0
G1 Z432.5 F15000
G1 X270.366 Y729.634 Z432.5
G1 Z431.5
G1 E40 F9000
;TYPE:Outer wall
;WIDTH:3.2
G1 F2779.615
G1 X270.366 Y270.366 E1982.72102
G1 F2760
G1 X729.634 Y270.366 E1982.72107
G1 X729.634 Y729.634 E1982.72102
G1 X270.666 Y729.634 E1981.42588
;WIPE_START
G1 F600
G1 X270.66 Y719.634 E-30
;WIPE_END
G1 Z432.5 F15000
G1 X272.813 Y586.92 Z432.5
G1 Z431.5
G1 E40 F9000
;TYPE:Sparse infill
;WIDTH:3.2
G1 F2779.614
M73 P93 R58
G1 X272.813 Y598.432 E49.70059
G1 X401.568 Y727.187 E786.09565
G1 X413.08 Y727.187 E49.70059
;WIPE_START
G1 F600
G1 X403.08 Y727.187 E-30
;WIPE_END
G1 Z432.5 F15000
G1 X272.813 Y424.11 Z432.5
G1 Z431.5
G1 E40 F9000
G1 F2779.614
G1 X272.813 Y435.622 E49.70059
G1 X564.378 Y727.187 E1780.10742
G1 X575.89 Y727.187 E49.70059
;WIPE_START
G1 F600
G1 X565.89 Y727.187 E-30
;WIPE_END
G1 Z432.5 F15000
G1 X727.187 Y586.92 Z432.5
G1 Z431.5
G1 E40 F9000
G1 F2779.614
G1 X727.187 Y598.432 E49.70059
G1 X598.432 Y727.187 E786.09565
G1 X586.92 Y727.187 E49.70059
;WIPE_START
G1 F600
G1 X596.92 Y727.187 E-30
;WIPE_END
G1 Z432.5 F15000
G1 X727.187 Y424.11 Z432.5
G1 Z431.5
G1 E40 F9000
G1 F2779.614
G1 X727.187 Y435.623 E49.70059
G1 X435.622 Y727.187 E1780.10743
G1 X424.11 Y727.187 E49.70059
;WIPE_START
G1 F600
G1 X434.11 Y727.187 E-30
;WIPE_END
G1 Z432.5 F15000
G1 X424.11 Y272.813 Z432.5
G1 Z431.5
G1 E40 F9000
G1 F2779.614
G1 X435.622 Y272.813 E49.70059
G1 X727.187 Y564.378 E1780.10742
G1 X727.187 Y575.89 E49.70059
;WIPE_START
G1 F600
G1 X727.187 Y565.89 E-30
;WIPE_END
G1 Z432.5 F15000
G1 X715.675 Y272.813 Z432.5
G1 Z431.5
G1 E40 F9000
G1 F2779.614
G1 X727.187 Y272.813 E49.70027
G1 X272.813 Y727.187 E2774.11872
G1 X284.325 Y727.187 E49.70025
M73 P93 R57
;WIPE_START
G1 F600
G1 X274.325 Y727.187 E-30
;WIPE_END
G1 Z432.5 F15000
G1 X284.325 Y272.813 Z432.5
G1 Z431.5
G1 E40 F9000
G1 F2779.614
G1 X272.813 Y272.813 E49.70059
G1 X727.187 Y727.187 E2774.11918
G1 X715.675 Y727.187 E49.70059
;WIPE_START
G1 F600
G1 X725.675 Y727.187 E-30
;WIPE_END
G1 Z432.5 F15000
G1 X586.92 Y272.813 Z432.5
G1 Z431.5
G1 E40 F9000
G1 F2779.614
G1 X598.432 Y272.813 E49.70059
G1 X727.187 Y401.568 E786.09564
G1 X727.187 Y413.08 E49.70059
;WIPE_START
G1 F600
G1 X727.187 Y403.08 E-30
;WIPE_END
G1 Z432.5 F15000
G1 X575.89 Y272.813 Z432.5
G1 Z431.5
G1 E40 F9000
G1 F2779.614
G1 X564.378 Y272.813 E49.70059
G1 X272.813 Y564.377 E1780.10741
G1 X272.813 Y575.89 E49.70059
;WIPE_START
G1 F600
G1 X272.813 Y565.89 E-30
;WIPE_END
G1 Z432.5 F15000
G1 X413.08 Y272.813 Z432.5
G1 Z431.5
G1 E40 F9000
G1 F2779.614
G1 X401.568 Y272.813 E49.70059
G1 X272.813 Y401.568 E786.09564
G1 X272.813 Y413.08 E49.70059
; stop printing object Cube id:0 copy 0
;LAYER_CHANGE
;Z:433
;HEIGHT:1.5
;BEFORE_LAYER_CHANGE
;433
G92 E0

EXCLUDE_OBJECT_END NAME=Cube_id_0_copy_0
;AFTER_LAYER_CHANGE
;433
;_SET_FAN_SPEED_CHANGING_LAYER
; printing object Cube id:0 copy 0
;WIPE_START
G1 F600
G1 X272.813 Y403.08 E-30
;WIPE_END
EXCLUDE_OBJECT_START NAME=Cube_id_0_copy_0
G1 Z434 F15000
G1 X270.366 Y270.366 Z434
G1 Z433
G1 E40 F9000
;TYPE:Outer wall
;WIDTH:3.2
G1 F2779.615
M73 P93 R56
G1 X729.634 Y270.366 E1982.72102
G1 F2760
G1 X729.634 Y729.634 E1982.72107
G1 X270.366 Y729.634 E1982.72102
G1 X270.366 Y270.666 E1981.42588
;WIPE_START
G1 F600
G1 X280.366 Y270.66 E-30
;WIPE_END
G1 Z434 F15000
G1 X272.813 Y413.08 Z434
G1 Z433
G1 E40 F9000
;TYPE:Sparse infill
;WIDTH:3.2
G1 F2779.614
G1 X272.813 Y401.568 E49.70059
G1 X401.568 Y272.813 E786.09564
G1 X413.08 Y272.813 E49.70059
;WIPE_START
G1 F600
G1 X403.08 Y272.813 E-30
;WIPE_END
G1 Z434 F15000
G1 X272.813 Y575.89 Z434
G1 Z433
G1 E40 F9000
G1 F2779.614
G1 X272.813 Y564.377 E49.70059
G1 X564.378 Y272.813 E1780.10741
G1 X575.89 Y272.813 E49.70059
M73 P93 R55
;WIPE_START
G1 F600
G1 X565.89 Y272.813 E-30
;WIPE_END
G1 Z434 F15000
G1 X727.187 Y413.08 Z434
G1 Z433
G1 E40 F9000
G1 F2779.614
G1 X727.187 Y401.568 E49.70059
G1 X598.432 Y272.813 E786.09564
G1 X586.92 Y272.813 E49.70059
;WIPE_START
G1 F600
G1 X596.92 Y272.813 E-30
;WIPE_END
G1 Z434 F15000
G1 X727.187 Y575.89 Z434
G1 Z433
G1 E40 F9000
G1 F2779.614
G1 X727.187 Y564.378 E49.70059
G1 X435.622 Y272.813 E1780.10742
G1 X424.11 Y272.813 E49.70059
;WIPE_START
G1 F600
G1 X434.11 Y272.813 E-30
;WIPE_END
G1 Z434 F15000
G1 X424.11 Y727.187 Z434
G1 Z433
G1 E40 F9000
G1 F2779.614
G1 X435.622 Y727.187 E49.70059
G1 X727.187 Y435.623 E1780.10743
G1 X727.187 Y424.11 E49.70059
;WIPE_START
G1 F600
G1 X727.187 Y434.11 E-30
;WIPE_END
G1 Z434 F15000
G1 X715.675 Y727.187 Z434
G1 Z433
G1 E40 F9000
G1 F2779.614
G1 X727.187 Y727.187 E49.70059
G1 X272.813 Y272.813 E2774.11918
G1 X284.325 Y272.813 E49.70059
;WIPE_START
G1 F600
G1 X274.325 Y272.813 E-30
;WIPE_END
G1 Z434 F15000
G1 X284.325 Y727.187 Z434
G1 Z433
G1 E40 F9000
G1 F2779.614
G1 X272.813 Y727.187 E49.70025
G1 X727.187 Y272.813 E2774.11872
G1 X715.675 Y272.813 E49.70027
M73 P93 R54
;WIPE_START
G1 F600
G1 X725.675 Y272.813 E-30
;WIPE_END
G1 Z434 F15000
G1 X586.92 Y727.187 Z434
G1 Z433
G1 E40 F9000
G1 F2779.614
G1 X598.432 Y727.187 E49.70059
G1 X727.187 Y598.432 E786.09565
G1 X727.187 Y586.92 E49.70059
;WIPE_START
G1 F600
G1 X727.187 Y596.92 E-30
;WIPE_END
G1 Z434 F15000
G1 X575.89 Y727.187 Z434
G1 Z433
G1 E40 F9000
G1 F2779.614
G1 X564.378 Y727.187 E49.70059
G1 X272.813 Y435.622 E1780.10742
G1 X272.813 Y424.11 E49.70059
;WIPE_START
G1 F600
G1 X272.813 Y434.11 E-30
;WIPE_END
G1 Z434 F15000
G1 X413.08 Y727.187 Z434
G1 Z433
G1 E40 F9000
G1 F2779.614
G1 X401.568 Y727.187 E49.70059
G1 X272.813 Y598.432 E786.09565
G1 X272.813 Y586.92 E49.70059
; stop printing object Cube id:0 copy 0
;LAYER_CHANGE
;Z:434.5
;HEIGHT:1.5
;BEFORE_LAYER_CHANGE
;434.5
G92 E0

EXCLUDE_OBJECT_END NAME=Cube_id_0_copy_0
;AFTER_LAYER_CHANGE
;434.5
;_SET_FAN_SPEED_CHANGING_LAYER
; printing object Cube id:0 copy 0
;WIPE_START
G1 F600
G1 X272.813 Y596.92 E-30
;WIPE_END
EXCLUDE_OBJECT_START NAME=Cube_id_0_copy_0
G1 Z435.5 F15000
G1 X270.366 Y729.634 Z435.5
G1 Z434.5
G1 E40 F9000
;TYPE:Outer wall
;WIDTH:3.2
G1 F2779.615
G1 X270.366 Y270.366 E1982.72102
G1 F2760
G1 X729.634 Y270.366 E1982.72107
G1 X729.634 Y729.634 E1982.72102
M73 P93 R53
G1 X270.666 Y729.634 E1981.42588
M73 P94 R53
;WIPE_START
G1 F600
G1 X270.66 Y719.634 E-30
;WIPE_END
G1 Z435.5 F15000
G1 X272.813 Y586.92 Z435.5
G1 Z434.5
G1 E40 F9000
;TYPE:Sparse infill
;WIDTH:3.2
G1 F2779.614
G1 X272.813 Y598.432 E49.70059
G1 X401.568 Y727.187 E786.09565
G1 X413.08 Y727.187 E49.70059
;WIPE_START
G1 F600
G1 X403.08 Y727.187 E-30
;WIPE_END
G1 Z435.5 F15000
G1 X272.813 Y424.11 Z435.5
G1 Z434.5
G1 E40 F9000
G1 F2779.614
G1 X272.813 Y435.622 E49.70059
G1 X564.378 Y727.187 E1780.10742
G1 X575.89 Y727.187 E49.70059
;WIPE_START
G1 F600
G1 X565.89 Y727.187 E-30
;WIPE_END
G1 Z435.5 F15000
G1 X727.187 Y586.92 Z435.5
G1 Z434.5
G1 E40 F9000
G1 F2779.614
G1 X727.187 Y598.432 E49.70059
G1 X598.432 Y727.187 E786.09565
G1 X586.92 Y727.187 E49.70059
;WIPE_START
G1 F600
G1 X596.92 Y727.187 E-30
;WIPE_END
G1 Z435.5 F15000
G1 X727.187 Y424.11 Z435.5
G1 Z434.5
G1 E40 F9000
G1 F2779.614
G1 X727.187 Y435.623 E49.70059
G1 X435.622 Y727.187 E1780.10743
G1 X424.11 Y727.187 E49.70059
M73 P94 R52
;WIPE_START
G1 F600
G1 X434.11 Y727.187 E-30
;WIPE_END
G1 Z435.5 F15000
G1 X424.11 Y272.813 Z435.5
G1 Z434.5
G1 E40 F9000
G1 F2779.614
G1 X435.622 Y272.813 E49.70059
G1 X727.187 Y564.378 E1780.10742
G1 X727.187 Y575.89 E49.70059
;WIPE_START
G1 F600
G1 X727.187 Y565.89 E-30
;WIPE_END
G1 Z435.5 F15000
G1 X715.675 Y272.813 Z435.5
G1 Z434.5
G1 E40 F9000
G1 F2779.614
G1 X727.187 Y272.813 E49.70027
G1 X272.813 Y727.187 E2774.11872
G1 X284.325 Y727.187 E49.70025
;WIPE_START
G1 F600
G1 X274.325 Y727.187 E-30
;WIPE_END
G1 Z435.5 F15000
G1 X284.325 Y272.813 Z435.5
G1 Z434.5
G1 E40 F9000
G1 F2779.614
G1 X272.813 Y272.813 E49.70059
G1 X727.187 Y727.187 E2774.11918
G1 X715.675 Y727.187 E49.70059
;WIPE_START
G1 F600
G1 X725.675 Y727.187 E-30
;WIPE_END
G1 Z435.5 F15000
G1 X586.92 Y272.813 Z435.5
G1 Z434.5
G1 E40 F9000
G1 F2779.614
G1 X598.432 Y272.813 E49.70059
G1 X727.187 Y401.568 E786.09564
G1 X727.187 Y413.08 E49.70059
M73 P94 R51
;WIPE_START
G1 F600
G1 X727.187 Y403.08 E-30
;WIPE_END
G1 Z435.5 F15000
G1 X575.89 Y272.813 Z435.5
G1 Z434.5
G1 E40 F9000
G1 F2779.614
G1 X564.378 Y272.813 E49.70059
G1 X272.813 Y564.377 E1780.10741
G1 X272.813 Y575.89 E49.70059
;WIPE_START
G1 F600
G1 X272.813 Y565.89 E-30
;WIPE_END
G1 Z435.5 F15000
G1 X413.08 Y272.813 Z435.5
G1 Z434.5
G1 E40 F9000
G1 F2779.614
G1 X401.568 Y272.813 E49.70059
G1 X272.813 Y401.568 E786.09564
G1 X272.813 Y413.08 E49.70059
; stop printing object Cube id:0 copy 0
;LAYER_CHANGE
;Z:436
;HEIGHT:1.5
;BEFORE_LAYER_CHANGE
;436
G92 E0

EXCLUDE_OBJECT_END NAME=Cube_id_0_copy_0
;AFTER_LAYER_CHANGE
;436
;_SET_FAN_SPEED_CHANGING_LAYER
; printing object Cube id:0 copy 0
;WIPE_START
G1 F600
G1 X272.813 Y403.08 E-30
;WIPE_END
EXCLUDE_OBJECT_START NAME=Cube_id_0_copy_0
G1 Z437 F15000
G1 X270.366 Y270.366 Z437
G1 Z436
G1 E40 F9000
;TYPE:Outer wall
;WIDTH:3.2
G1 F2779.615
G1 X729.634 Y270.366 E1982.72102
G1 F2760
G1 X729.634 Y729.634 E1982.72107
G1 X270.366 Y729.634 E1982.72102
G1 X270.366 Y270.666 E1981.42588
;WIPE_START
G1 F600
M73 P94 R50
G1 X280.366 Y270.66 E-30
;WIPE_END
G1 Z437 F15000
G1 X272.813 Y413.08 Z437
G1 Z436
G1 E40 F9000
;TYPE:Sparse infill
;WIDTH:3.2
G1 F2779.614
G1 X272.813 Y401.568 E49.70059
G1 X401.568 Y272.813 E786.09564
G1 X413.08 Y272.813 E49.70059
;WIPE_START
G1 F600
G1 X403.08 Y272.813 E-30
;WIPE_END
G1 Z437 F15000
G1 X272.813 Y575.89 Z437
G1 Z436
G1 E40 F9000
G1 F2779.614
G1 X272.813 Y564.377 E49.70059
G1 X564.378 Y272.813 E1780.10741
G1 X575.89 Y272.813 E49.70059
;WIPE_START
G1 F600
G1 X565.89 Y272.813 E-30
;WIPE_END
G1 Z437 F15000
G1 X727.187 Y413.08 Z437
G1 Z436
G1 E40 F9000
G1 F2779.614
G1 X727.187 Y401.568 E49.70059
G1 X598.432 Y272.813 E786.09564
G1 X586.92 Y272.813 E49.70059
;WIPE_START
G1 F600
G1 X596.92 Y272.813 E-30
;WIPE_END
G1 Z437 F15000
G1 X727.187 Y575.89 Z437
G1 Z436
G1 E40 F9000
G1 F2779.614
G1 X727.187 Y564.378 E49.70059
G1 X435.622 Y272.813 E1780.10742
G1 X424.11 Y272.813 E49.70059
;WIPE_START
G1 F600
G1 X434.11 Y272.813 E-30
;WIPE_END
G1 Z437 F15000
G1 X424.11 Y727.187 Z437
G1 Z436
G1 E40 F9000
G1 F2779.614
G1 X435.622 Y727.187 E49.70059
G1 X727.187 Y435.623 E1780.10743
G1 X727.187 Y424.11 E49.70059
M73 P94 R49
;WIPE_START
G1 F600
G1 X727.187 Y434.11 E-30
;WIPE_END
G1 Z437 F15000
G1 X715.675 Y727.187 Z437
G1 Z436
G1 E40 F9000
G1 F2779.614
G1 X727.187 Y727.187 E49.70059
G1 X272.813 Y272.813 E2774.11918
G1 X284.325 Y272.813 E49.70059
;WIPE_START
G1 F600
G1 X274.325 Y272.813 E-30
;WIPE_END
G1 Z437 F15000
G1 X284.325 Y727.187 Z437
G1 Z436
G1 E40 F9000
G1 F2779.614
G1 X272.813 Y727.187 E49.70025
G1 X727.187 Y272.813 E2774.11872
G1 X715.675 Y272.813 E49.70027
;WIPE_START
G1 F600
G1 X725.675 Y272.813 E-30
;WIPE_END
G1 Z437 F15000
G1 X586.92 Y727.187 Z437
G1 Z436
G1 E40 F9000
G1 F2779.614
G1 X598.432 Y727.187 E49.70059
G1 X727.187 Y598.432 E786.09565
G1 X727.187 Y586.92 E49.70059
;WIPE_START
G1 F600
G1 X727.187 Y596.92 E-30
;WIPE_END
G1 Z437 F15000
G1 X575.89 Y727.187 Z437
G1 Z436
G1 E40 F9000
G1 F2779.614
G1 X564.378 Y727.187 E49.70059
G1 X272.813 Y435.622 E1780.10742
G1 X272.813 Y424.11 E49.70059
;WIPE_START
G1 F600
G1 X272.813 Y434.11 E-30
;WIPE_END
G1 Z437 F15000
G1 X413.08 Y727.187 Z437
G1 Z436
M73 P94 R48
G1 E40 F9000
G1 F2779.614
G1 X401.568 Y727.187 E49.70059
G1 X272.813 Y598.432 E786.09565
G1 X272.813 Y586.92 E49.70059
; stop printing object Cube id:0 copy 0
;LAYER_CHANGE
;Z:437.5
;HEIGHT:1.5
;BEFORE_LAYER_CHANGE
;437.5
G92 E0

EXCLUDE_OBJECT_END NAME=Cube_id_0_copy_0
;AFTER_LAYER_CHANGE
;437.5
;_SET_FAN_SPEED_CHANGING_LAYER
; printing object Cube id:0 copy 0
;WIPE_START
G1 F600
G1 X272.813 Y596.92 E-30
;WIPE_END
EXCLUDE_OBJECT_START NAME=Cube_id_0_copy_0
G1 Z438.5 F15000
G1 X270.366 Y729.634 Z438.5
G1 Z437.5
G1 E40 F9000
;TYPE:Outer wall
;WIDTH:3.2
G1 F2779.615
G1 X270.366 Y270.366 E1982.72102
G1 F2760
G1 X729.634 Y270.366 E1982.72107
G1 X729.634 Y729.634 E1982.72102
G1 X270.666 Y729.634 E1981.42588
;WIPE_START
G1 F600
G1 X270.66 Y719.634 E-30
;WIPE_END
G1 Z438.5 F15000
G1 X272.813 Y586.92 Z438.5
G1 Z437.5
G1 E40 F9000
;TYPE:Sparse infill
;WIDTH:3.2
G1 F2779.614
G1 X272.813 Y598.432 E49.70059
G1 X401.568 Y727.187 E786.09565
G1 X413.08 Y727.187 E49.70059
;WIPE_START
G1 F600
G1 X403.08 Y727.187 E-30
;WIPE_END
G1 Z438.5 F15000
G1 X272.813 Y424.11 Z438.5
G1 Z437.5
G1 E40 F9000
G1 F2779.614
G1 X272.813 Y435.622 E49.70059
G1 X564.378 Y727.187 E1780.10742
M73 P94 R47
G1 X575.89 Y727.187 E49.70059
;WIPE_START
G1 F600
G1 X565.89 Y727.187 E-30
;WIPE_END
G1 Z438.5 F15000
G1 X727.187 Y586.92 Z438.5
G1 Z437.5
G1 E40 F9000
G1 F2779.614
G1 X727.187 Y598.432 E49.70059
G1 X598.432 Y727.187 E786.09565
G1 X586.92 Y727.187 E49.70059
;WIPE_START
G1 F600
G1 X596.92 Y727.187 E-30
;WIPE_END
G1 Z438.5 F15000
G1 X727.187 Y424.11 Z438.5
G1 Z437.5
G1 E40 F9000
G1 F2779.614
G1 X727.187 Y435.623 E49.70059
G1 X435.622 Y727.187 E1780.10743
G1 X424.11 Y727.187 E49.70059
;WIPE_START
G1 F600
G1 X434.11 Y727.187 E-30
;WIPE_END
G1 Z438.5 F15000
G1 X424.11 Y272.813 Z438.5
G1 Z437.5
G1 E40 F9000
G1 F2779.614
G1 X435.622 Y272.813 E49.70059
G1 X727.187 Y564.378 E1780.10742
G1 X727.187 Y575.89 E49.70059
;WIPE_START
G1 F600
G1 X727.187 Y565.89 E-30
;WIPE_END
G1 Z438.5 F15000
G1 X715.675 Y272.813 Z438.5
G1 Z437.5
G1 E40 F9000
G1 F2779.614
G1 X727.187 Y272.813 E49.70027
G1 X272.813 Y727.187 E2774.11872
G1 X284.325 Y727.187 E49.70025
M73 P94 R46
;WIPE_START
G1 F600
G1 X274.325 Y727.187 E-30
;WIPE_END
G1 Z438.5 F15000
G1 X284.325 Y272.813 Z438.5
G1 Z437.5
G1 E40 F9000
G1 F2779.614
G1 X272.813 Y272.813 E49.70059
G1 X727.187 Y727.187 E2774.11918
G1 X715.675 Y727.187 E49.70059
;WIPE_START
G1 F600
G1 X725.675 Y727.187 E-30
;WIPE_END
G1 Z438.5 F15000
G1 X586.92 Y272.813 Z438.5
G1 Z437.5
G1 E40 F9000
G1 F2779.614
G1 X598.432 Y272.813 E49.70059
G1 X727.187 Y401.568 E786.09564
G1 X727.187 Y413.08 E49.70059
;WIPE_START
G1 F600
G1 X727.187 Y403.08 E-30
;WIPE_END
G1 Z438.5 F15000
G1 X575.89 Y272.813 Z438.5
G1 Z437.5
G1 E40 F9000
G1 F2779.614
G1 X564.378 Y272.813 E49.70059
G1 X272.813 Y564.377 E1780.10741
G1 X272.813 Y575.89 E49.70059
;WIPE_START
G1 F600
G1 X272.813 Y565.89 E-30
;WIPE_END
G1 Z438.5 F15000
G1 X413.08 Y272.813 Z438.5
G1 Z437.5
G1 E40 F9000
G1 F2779.614
G1 X401.568 Y272.813 E49.70059
G1 X272.813 Y401.568 E786.09564
G1 X272.813 Y413.08 E49.70059
; stop printing object Cube id:0 copy 0
;LAYER_CHANGE
;Z:439
;HEIGHT:1.5
;BEFORE_LAYER_CHANGE
;439
G92 E0

EXCLUDE_OBJECT_END NAME=Cube_id_0_copy_0
;AFTER_LAYER_CHANGE
;439
;_SET_FAN_SPEED_CHANGING_LAYER
; printing object Cube id:0 copy 0
;WIPE_START
G1 F600
G1 X272.813 Y403.08 E-30
;WIPE_END
EXCLUDE_OBJECT_START NAME=Cube_id_0_copy_0
G1 Z440 F15000
G1 X270.366 Y270.366 Z440
G1 Z439
G1 E40 F9000
;TYPE:Outer wall
;WIDTH:3.2
G1 F2779.615
G1 X729.634 Y270.366 E1982.72102
G1 F2760
M73 P94 R45
G1 X729.634 Y729.634 E1982.72107
G1 X270.366 Y729.634 E1982.72102
G1 X270.366 Y270.666 E1981.42588
;WIPE_START
G1 F600
G1 X280.366 Y270.66 E-30
;WIPE_END
G1 Z440 F15000
G1 X272.813 Y413.08 Z440
G1 Z439
G1 E40 F9000
;TYPE:Sparse infill
;WIDTH:3.2
G1 F2779.614
G1 X272.813 Y401.568 E49.70059
G1 X401.568 Y272.813 E786.09564
G1 X413.08 Y272.813 E49.70059
;WIPE_START
G1 F600
G1 X403.08 Y272.813 E-30
;WIPE_END
G1 Z440 F15000
G1 X272.813 Y575.89 Z440
G1 Z439
G1 E40 F9000
G1 F2779.614
G1 X272.813 Y564.377 E49.70059
G1 X564.378 Y272.813 E1780.10741
G1 X575.89 Y272.813 E49.70059
;WIPE_START
G1 F600
G1 X565.89 Y272.813 E-30
;WIPE_END
G1 Z440 F15000
G1 X727.187 Y413.08 Z440
G1 Z439
G1 E40 F9000
G1 F2779.614
G1 X727.187 Y401.568 E49.70059
G1 X598.432 Y272.813 E786.09564
G1 X586.92 Y272.813 E49.70059
;WIPE_START
G1 F600
M73 P94 R44
G1 X596.92 Y272.813 E-30
;WIPE_END
G1 Z440 F15000
G1 X727.187 Y575.89 Z440
G1 Z439
G1 E40 F9000
G1 F2779.614
G1 X727.187 Y564.378 E49.70059
G1 X435.622 Y272.813 E1780.10742
G1 X424.11 Y272.813 E49.70059
M73 P95 R44
;WIPE_START
G1 F600
G1 X434.11 Y272.813 E-30
;WIPE_END
G1 Z440 F15000
G1 X424.11 Y727.187 Z440
G1 Z439
G1 E40 F9000
G1 F2779.614
G1 X435.622 Y727.187 E49.70059
G1 X727.187 Y435.623 E1780.10743
G1 X727.187 Y424.11 E49.70059
;WIPE_START
G1 F600
G1 X727.187 Y434.11 E-30
;WIPE_END
G1 Z440 F15000
G1 X715.675 Y727.187 Z440
G1 Z439
G1 E40 F9000
G1 F2779.614
G1 X727.187 Y727.187 E49.70059
G1 X272.813 Y272.813 E2774.11918
G1 X284.325 Y272.813 E49.70059
;WIPE_START
G1 F600
G1 X274.325 Y272.813 E-30
;WIPE_END
G1 Z440 F15000
G1 X284.325 Y727.187 Z440
G1 Z439
G1 E40 F9000
G1 F2779.614
G1 X272.813 Y727.187 E49.70025
G1 X727.187 Y272.813 E2774.11872
G1 X715.675 Y272.813 E49.70027
M73 P95 R43
;WIPE_START
G1 F600
G1 X725.675 Y272.813 E-30
;WIPE_END
G1 Z440 F15000
G1 X586.92 Y727.187 Z440
G1 Z439
G1 E40 F9000
G1 F2779.614
G1 X598.432 Y727.187 E49.70059
G1 X727.187 Y598.432 E786.09565
G1 X727.187 Y586.92 E49.70059
;WIPE_START
G1 F600
G1 X727.187 Y596.92 E-30
;WIPE_END
G1 Z440 F15000
G1 X575.89 Y727.187 Z440
G1 Z439
G1 E40 F9000
G1 F2779.614
G1 X564.378 Y727.187 E49.70059
G1 X272.813 Y435.622 E1780.10742
G1 X272.813 Y424.11 E49.70059
;WIPE_START
G1 F600
G1 X272.813 Y434.11 E-30
;WIPE_END
G1 Z440 F15000
G1 X413.08 Y727.187 Z440
G1 Z439
G1 E40 F9000
G1 F2779.614
G1 X401.568 Y727.187 E49.70059
G1 X272.813 Y598.432 E786.09565
G1 X272.813 Y586.92 E49.70059
; stop printing object Cube id:0 copy 0
;LAYER_CHANGE
;Z:440.5
;HEIGHT:1.5
;BEFORE_LAYER_CHANGE
;440.5
G92 E0

EXCLUDE_OBJECT_END NAME=Cube_id_0_copy_0
;AFTER_LAYER_CHANGE
;440.5
;_SET_FAN_SPEED_CHANGING_LAYER
; printing object Cube id:0 copy 0
;WIPE_START
G1 F600
G1 X272.813 Y596.92 E-30
;WIPE_END
EXCLUDE_OBJECT_START NAME=Cube_id_0_copy_0
G1 Z441.5 F15000
G1 X270.366 Y729.634 Z441.5
G1 Z440.5
G1 E40 F9000
;TYPE:Outer wall
;WIDTH:3.2
G1 F2779.615
G1 X270.366 Y270.366 E1982.72102
G1 F2760
G1 X729.634 Y270.366 E1982.72107
G1 X729.634 Y729.634 E1982.72102
G1 X270.666 Y729.634 E1981.42588
M73 P95 R42
;WIPE_START
G1 F600
G1 X270.66 Y719.634 E-30
;WIPE_END
G1 Z441.5 F15000
G1 X272.813 Y586.92 Z441.5
G1 Z440.5
G1 E40 F9000
;TYPE:Sparse infill
;WIDTH:3.2
G1 F2779.614
G1 X272.813 Y598.432 E49.70059
G1 X401.568 Y727.187 E786.09565
G1 X413.08 Y727.187 E49.70059
;WIPE_START
G1 F600
G1 X403.08 Y727.187 E-30
;WIPE_END
G1 Z441.5 F15000
G1 X272.813 Y424.11 Z441.5
G1 Z440.5
G1 E40 F9000
G1 F2779.614
G1 X272.813 Y435.622 E49.70059
G1 X564.378 Y727.187 E1780.10742
G1 X575.89 Y727.187 E49.70059
;WIPE_START
G1 F600
G1 X565.89 Y727.187 E-30
;WIPE_END
G1 Z441.5 F15000
G1 X727.187 Y586.92 Z441.5
G1 Z440.5
G1 E40 F9000
G1 F2779.614
G1 X727.187 Y598.432 E49.70059
G1 X598.432 Y727.187 E786.09565
G1 X586.92 Y727.187 E49.70059
;WIPE_START
G1 F600
G1 X596.92 Y727.187 E-30
;WIPE_END
G1 Z441.5 F15000
G1 X727.187 Y424.11 Z441.5
G1 Z440.5
G1 E40 F9000
G1 F2779.614
G1 X727.187 Y435.623 E49.70059
G1 X435.622 Y727.187 E1780.10743
G1 X424.11 Y727.187 E49.70059
;WIPE_START
G1 F600
G1 X434.11 Y727.187 E-30
;WIPE_END
G1 Z441.5 F15000
G1 X424.11 Y272.813 Z441.5
G1 Z440.5
G1 E40 F9000
G1 F2779.614
G1 X435.622 Y272.813 E49.70059
G1 X727.187 Y564.378 E1780.10742
M73 P95 R41
G1 X727.187 Y575.89 E49.70059
;WIPE_START
G1 F600
G1 X727.187 Y565.89 E-30
;WIPE_END
G1 Z441.5 F15000
G1 X715.675 Y272.813 Z441.5
G1 Z440.5
G1 E40 F9000
G1 F2779.614
G1 X727.187 Y272.813 E49.70027
G1 X272.813 Y727.187 E2774.11872
G1 X284.325 Y727.187 E49.70025
;WIPE_START
G1 F600
G1 X274.325 Y727.187 E-30
;WIPE_END
G1 Z441.5 F15000
G1 X284.325 Y272.813 Z441.5
G1 Z440.5
G1 E40 F9000
G1 F2779.614
G1 X272.813 Y272.813 E49.70059
G1 X727.187 Y727.187 E2774.11918
G1 X715.675 Y727.187 E49.70059
;WIPE_START
G1 F600
G1 X725.675 Y727.187 E-30
;WIPE_END
G1 Z441.5 F15000
G1 X586.92 Y272.813 Z441.5
G1 Z440.5
G1 E40 F9000
G1 F2779.614
G1 X598.432 Y272.813 E49.70059
G1 X727.187 Y401.568 E786.09564
G1 X727.187 Y413.08 E49.70059
;WIPE_START
G1 F600
G1 X727.187 Y403.08 E-30
;WIPE_END
G1 Z441.5 F15000
G1 X575.89 Y272.813 Z441.5
G1 Z440.5
G1 E40 F9000
G1 F2779.614
G1 X564.378 Y272.813 E49.70059
G1 X272.813 Y564.377 E1780.10741
G1 X272.813 Y575.89 E49.70059
M73 P95 R40
;WIPE_START
G1 F600
G1 X272.813 Y565.89 E-30
;WIPE_END
G1 Z441.5 F15000
G1 X413.08 Y272.813 Z441.5
G1 Z440.5
G1 E40 F9000
G1 F2779.614
G1 X401.568 Y272.813 E49.70059
G1 X272.813 Y401.568 E786.09564
G1 X272.813 Y413.08 E49.70059
; stop printing object Cube id:0 copy 0
;LAYER_CHANGE
;Z:442
;HEIGHT:1.5
;BEFORE_LAYER_CHANGE
;442
G92 E0

EXCLUDE_OBJECT_END NAME=Cube_id_0_copy_0
;AFTER_LAYER_CHANGE
;442
;_SET_FAN_SPEED_CHANGING_LAYER
; printing object Cube id:0 copy 0
;WIPE_START
G1 F600
G1 X272.813 Y403.08 E-30
;WIPE_END
EXCLUDE_OBJECT_START NAME=Cube_id_0_copy_0
G1 Z443 F15000
G1 X270.366 Y270.366 Z443
G1 Z442
G1 E40 F9000
;TYPE:Outer wall
;WIDTH:3.2
G1 F2779.615
G1 X729.634 Y270.366 E1982.72102
G1 F2760
G1 X729.634 Y729.634 E1982.72107
G1 X270.366 Y729.634 E1982.72102
G1 X270.366 Y270.666 E1981.42588
;WIPE_START
G1 F600
G1 X280.366 Y270.66 E-30
;WIPE_END
G1 Z443 F15000
G1 X272.813 Y413.08 Z443
G1 Z442
G1 E40 F9000
M73 P95 R39
;TYPE:Sparse infill
;WIDTH:3.2
G1 F2779.614
G1 X272.813 Y401.568 E49.70059
G1 X401.568 Y272.813 E786.09564
G1 X413.08 Y272.813 E49.70059
;WIPE_START
G1 F600
G1 X403.08 Y272.813 E-30
;WIPE_END
G1 Z443 F15000
G1 X272.813 Y575.89 Z443
G1 Z442
G1 E40 F9000
G1 F2779.614
G1 X272.813 Y564.377 E49.70059
G1 X564.378 Y272.813 E1780.10741
G1 X575.89 Y272.813 E49.70059
;WIPE_START
G1 F600
G1 X565.89 Y272.813 E-30
;WIPE_END
G1 Z443 F15000
G1 X727.187 Y413.08 Z443
G1 Z442
G1 E40 F9000
G1 F2779.614
G1 X727.187 Y401.568 E49.70059
G1 X598.432 Y272.813 E786.09564
G1 X586.92 Y272.813 E49.70059
;WIPE_START
G1 F600
G1 X596.92 Y272.813 E-30
;WIPE_END
G1 Z443 F15000
G1 X727.187 Y575.89 Z443
G1 Z442
G1 E40 F9000
G1 F2779.614
G1 X727.187 Y564.378 E49.70059
G1 X435.622 Y272.813 E1780.10742
G1 X424.11 Y272.813 E49.70059
;WIPE_START
G1 F600
G1 X434.11 Y272.813 E-30
;WIPE_END
G1 Z443 F15000
G1 X424.11 Y727.187 Z443
G1 Z442
G1 E40 F9000
G1 F2779.614
G1 X435.622 Y727.187 E49.70059
G1 X727.187 Y435.623 E1780.10743
G1 X727.187 Y424.11 E49.70059
;WIPE_START
G1 F600
G1 X727.187 Y434.11 E-30
;WIPE_END
G1 Z443 F15000
G1 X715.675 Y727.187 Z443
G1 Z442
G1 E40 F9000
G1 F2779.614
G1 X727.187 Y727.187 E49.70059
G1 X272.813 Y272.813 E2774.11918
G1 X284.325 Y272.813 E49.70059
M73 P95 R38
;WIPE_START
G1 F600
G1 X274.325 Y272.813 E-30
;WIPE_END
G1 Z443 F15000
G1 X284.325 Y727.187 Z443
G1 Z442
G1 E40 F9000
G1 F2779.614
G1 X272.813 Y727.187 E49.70025
G1 X727.187 Y272.813 E2774.11872
G1 X715.675 Y272.813 E49.70027
;WIPE_START
G1 F600
G1 X725.675 Y272.813 E-30
;WIPE_END
G1 Z443 F15000
G1 X586.92 Y727.187 Z443
G1 Z442
G1 E40 F9000
G1 F2779.614
G1 X598.432 Y727.187 E49.70059
G1 X727.187 Y598.432 E786.09565
G1 X727.187 Y586.92 E49.70059
;WIPE_START
G1 F600
G1 X727.187 Y596.92 E-30
;WIPE_END
G1 Z443 F15000
G1 X575.89 Y727.187 Z443
G1 Z442
G1 E40 F9000
G1 F2779.614
G1 X564.378 Y727.187 E49.70059
G1 X272.813 Y435.622 E1780.10742
G1 X272.813 Y424.11 E49.70059
;WIPE_START
G1 F600
G1 X272.813 Y434.11 E-30
;WIPE_END
G1 Z443 F15000
G1 X413.08 Y727.187 Z443
G1 Z442
G1 E40 F9000
G1 F2779.614
G1 X401.568 Y727.187 E49.70059
G1 X272.813 Y598.432 E786.09565
G1 X272.813 Y586.92 E49.70059
; stop printing object Cube id:0 copy 0
;LAYER_CHANGE
;Z:443.5
;HEIGHT:1.5
;BEFORE_LAYER_CHANGE
;443.5
G92 E0

EXCLUDE_OBJECT_END NAME=Cube_id_0_copy_0
;AFTER_LAYER_CHANGE
;443.5
;_SET_FAN_SPEED_CHANGING_LAYER
; printing object Cube id:0 copy 0
;WIPE_START
G1 F600
G1 X272.813 Y596.92 E-30
;WIPE_END
EXCLUDE_OBJECT_START NAME=Cube_id_0_copy_0
G1 Z444.5 F15000
G1 X270.366 Y729.634 Z444.5
G1 Z443.5
G1 E40 F9000
M73 P95 R37
;TYPE:Outer wall
;WIDTH:3.2
G1 F2779.615
G1 X270.366 Y270.366 E1982.72102
G1 F2760
G1 X729.634 Y270.366 E1982.72107
G1 X729.634 Y729.634 E1982.72102
G1 X270.666 Y729.634 E1981.42588
;WIPE_START
G1 F600
G1 X270.66 Y719.634 E-30
;WIPE_END
G1 Z444.5 F15000
G1 X272.813 Y586.92 Z444.5
G1 Z443.5
G1 E40 F9000
;TYPE:Sparse infill
;WIDTH:3.2
G1 F2779.614
G1 X272.813 Y598.432 E49.70059
G1 X401.568 Y727.187 E786.09565
G1 X413.08 Y727.187 E49.70059
;WIPE_START
G1 F600
G1 X403.08 Y727.187 E-30
;WIPE_END
G1 Z444.5 F15000
G1 X272.813 Y424.11 Z444.5
G1 Z443.5
G1 E40 F9000
G1 F2779.614
G1 X272.813 Y435.622 E49.70059
G1 X564.378 Y727.187 E1780.10742
G1 X575.89 Y727.187 E49.70059
M73 P95 R36
;WIPE_START
G1 F600
G1 X565.89 Y727.187 E-30
;WIPE_END
G1 Z444.5 F15000
G1 X727.187 Y586.92 Z444.5
G1 Z443.5
G1 E40 F9000
G1 F2779.614
G1 X727.187 Y598.432 E49.70059
G1 X598.432 Y727.187 E786.09565
G1 X586.92 Y727.187 E49.70059
;WIPE_START
G1 F600
G1 X596.92 Y727.187 E-30
;WIPE_END
G1 Z444.5 F15000
G1 X727.187 Y424.11 Z444.5
G1 Z443.5
G1 E40 F9000
G1 F2779.614
G1 X727.187 Y435.623 E49.70059
G1 X435.622 Y727.187 E1780.10743
G1 X424.11 Y727.187 E49.70059
;WIPE_START
G1 F600
G1 X434.11 Y727.187 E-30
;WIPE_END
G1 Z444.5 F15000
G1 X424.11 Y272.813 Z444.5
G1 Z443.5
G1 E40 F9000
G1 F2779.614
G1 X435.622 Y272.813 E49.70059
G1 X727.187 Y564.378 E1780.10742
G1 X727.187 Y575.89 E49.70059
;WIPE_START
G1 F600
G1 X727.187 Y565.89 E-30
;WIPE_END
G1 Z444.5 F15000
G1 X715.675 Y272.813 Z444.5
G1 Z443.5
G1 E40 F9000
G1 F2779.614
G1 X727.187 Y272.813 E49.70027
G1 X272.813 Y727.187 E2774.11872
G1 X284.325 Y727.187 E49.70025
;WIPE_START
G1 F600
G1 X274.325 Y727.187 E-30
;WIPE_END
G1 Z444.5 F15000
G1 X284.325 Y272.813 Z444.5
G1 Z443.5
G1 E40 F9000
G1 F2779.614
G1 X272.813 Y272.813 E49.70059
G1 X727.187 Y727.187 E2774.11918
G1 X715.675 Y727.187 E49.70059
M73 P96 R35
;WIPE_START
G1 F600
G1 X725.675 Y727.187 E-30
;WIPE_END
G1 Z444.5 F15000
G1 X586.92 Y272.813 Z444.5
G1 Z443.5
G1 E40 F9000
G1 F2779.614
G1 X598.432 Y272.813 E49.70059
G1 X727.187 Y401.568 E786.09564
G1 X727.187 Y413.08 E49.70059
;WIPE_START
G1 F600
G1 X727.187 Y403.08 E-30
;WIPE_END
G1 Z444.5 F15000
G1 X575.89 Y272.813 Z444.5
G1 Z443.5
G1 E40 F9000
G1 F2779.614
G1 X564.378 Y272.813 E49.70059
G1 X272.813 Y564.377 E1780.10741
G1 X272.813 Y575.89 E49.70059
;WIPE_START
G1 F600
G1 X272.813 Y565.89 E-30
;WIPE_END
G1 Z444.5 F15000
G1 X413.08 Y272.813 Z444.5
G1 Z443.5
G1 E40 F9000
G1 F2779.614
G1 X401.568 Y272.813 E49.70059
G1 X272.813 Y401.568 E786.09564
G1 X272.813 Y413.08 E49.70059
; stop printing object Cube id:0 copy 0
;LAYER_CHANGE
;Z:445
;HEIGHT:1.5
;BEFORE_LAYER_CHANGE
;445
G92 E0

EXCLUDE_OBJECT_END NAME=Cube_id_0_copy_0
;AFTER_LAYER_CHANGE
;445
;_SET_FAN_SPEED_CHANGING_LAYER
; printing object Cube id:0 copy 0
;WIPE_START
G1 F600
G1 X272.813 Y403.08 E-30
;WIPE_END
EXCLUDE_OBJECT_START NAME=Cube_id_0_copy_0
G1 Z446 F15000
G1 X270.366 Y270.366 Z446
G1 Z445
G1 E40 F9000
;TYPE:Outer wall
;WIDTH:3.2
G1 F2779.615
G1 X729.634 Y270.366 E1982.72102
G1 F2760
G1 X729.634 Y729.634 E1982.72107
G1 X270.366 Y729.634 E1982.72102
M73 P96 R34
G1 X270.366 Y270.666 E1981.42588
;WIPE_START
G1 F600
G1 X280.366 Y270.66 E-30
;WIPE_END
G1 Z446 F15000
G1 X272.813 Y413.08 Z446
G1 Z445
G1 E40 F9000
;TYPE:Sparse infill
;WIDTH:3.2
G1 F2779.614
G1 X272.813 Y401.568 E49.70059
G1 X401.568 Y272.813 E786.09564
G1 X413.08 Y272.813 E49.70059
;WIPE_START
G1 F600
G1 X403.08 Y272.813 E-30
;WIPE_END
G1 Z446 F15000
G1 X272.813 Y575.89 Z446
G1 Z445
G1 E40 F9000
G1 F2779.614
G1 X272.813 Y564.377 E49.70059
G1 X564.378 Y272.813 E1780.10741
G1 X575.89 Y272.813 E49.70059
;WIPE_START
G1 F600
G1 X565.89 Y272.813 E-30
;WIPE_END
G1 Z446 F15000
G1 X727.187 Y413.08 Z446
G1 Z445
G1 E40 F9000
G1 F2779.614
G1 X727.187 Y401.568 E49.70059
G1 X598.432 Y272.813 E786.09564
G1 X586.92 Y272.813 E49.70059
;WIPE_START
G1 F600
G1 X596.92 Y272.813 E-30
;WIPE_END
G1 Z446 F15000
G1 X727.187 Y575.89 Z446
G1 Z445
G1 E40 F9000
G1 F2779.614
G1 X727.187 Y564.378 E49.70059
G1 X435.622 Y272.813 E1780.10742
G1 X424.11 Y272.813 E49.70059
M73 P96 R33
;WIPE_START
G1 F600
G1 X434.11 Y272.813 E-30
;WIPE_END
G1 Z446 F15000
G1 X424.11 Y727.187 Z446
G1 Z445
G1 E40 F9000
G1 F2779.614
G1 X435.622 Y727.187 E49.70059
G1 X727.187 Y435.623 E1780.10743
G1 X727.187 Y424.11 E49.70059
;WIPE_START
G1 F600
G1 X727.187 Y434.11 E-30
;WIPE_END
G1 Z446 F15000
G1 X715.675 Y727.187 Z446
G1 Z445
G1 E40 F9000
G1 F2779.614
G1 X727.187 Y727.187 E49.70059
G1 X272.813 Y272.813 E2774.11918
G1 X284.325 Y272.813 E49.70059
;WIPE_START
G1 F600
G1 X274.325 Y272.813 E-30
;WIPE_END
G1 Z446 F15000
G1 X284.325 Y727.187 Z446
G1 Z445
G1 E40 F9000
G1 F2779.614
G1 X272.813 Y727.187 E49.70025
G1 X727.187 Y272.813 E2774.11872
G1 X715.675 Y272.813 E49.70027
;WIPE_START
G1 F600
G1 X725.675 Y272.813 E-30
;WIPE_END
G1 Z446 F15000
G1 X586.92 Y727.187 Z446
G1 Z445
G1 E40 F9000
G1 F2779.614
G1 X598.432 Y727.187 E49.70059
G1 X727.187 Y598.432 E786.09565
G1 X727.187 Y586.92 E49.70059
M73 P96 R32
;WIPE_START
G1 F600
G1 X727.187 Y596.92 E-30
;WIPE_END
G1 Z446 F15000
G1 X575.89 Y727.187 Z446
G1 Z445
G1 E40 F9000
G1 F2779.614
G1 X564.378 Y727.187 E49.70059
G1 X272.813 Y435.622 E1780.10742
G1 X272.813 Y424.11 E49.70059
;WIPE_START
G1 F600
G1 X272.813 Y434.11 E-30
;WIPE_END
G1 Z446 F15000
G1 X413.08 Y727.187 Z446
G1 Z445
G1 E40 F9000
G1 F2779.614
G1 X401.568 Y727.187 E49.70059
G1 X272.813 Y598.432 E786.09565
G1 X272.813 Y586.92 E49.70059
; stop printing object Cube id:0 copy 0
;LAYER_CHANGE
;Z:446.5
;HEIGHT:1.5
;BEFORE_LAYER_CHANGE
;446.5
G92 E0

EXCLUDE_OBJECT_END NAME=Cube_id_0_copy_0
;AFTER_LAYER_CHANGE
;446.5
;_SET_FAN_SPEED_CHANGING_LAYER
; printing object Cube id:0 copy 0
;WIPE_START
G1 F600
G1 X272.813 Y596.92 E-30
;WIPE_END
EXCLUDE_OBJECT_START NAME=Cube_id_0_copy_0
G1 Z447.5 F15000
G1 X270.366 Y729.634 Z447.5
G1 Z446.5
G1 E40 F9000
;TYPE:Outer wall
;WIDTH:3.2
G1 F2779.615
G1 X270.366 Y270.366 E1982.72102
G1 F2760
G1 X729.634 Y270.366 E1982.72107
G1 X729.634 Y729.634 E1982.72102
G1 X270.666 Y729.634 E1981.42588
;WIPE_START
G1 F600
M73 P96 R31
G1 X270.66 Y719.634 E-30
;WIPE_END
G1 Z447.5 F15000
G1 X272.813 Y586.92 Z447.5
G1 Z446.5
G1 E40 F9000
;TYPE:Sparse infill
;WIDTH:3.2
G1 F2779.614
G1 X272.813 Y598.432 E49.70059
G1 X401.568 Y727.187 E786.09565
G1 X413.08 Y727.187 E49.70059
;WIPE_START
G1 F600
G1 X403.08 Y727.187 E-30
;WIPE_END
G1 Z447.5 F15000
G1 X272.813 Y424.11 Z447.5
G1 Z446.5
G1 E40 F9000
G1 F2779.614
G1 X272.813 Y435.622 E49.70059
G1 X564.378 Y727.187 E1780.10742
G1 X575.89 Y727.187 E49.70059
;WIPE_START
G1 F600
G1 X565.89 Y727.187 E-30
;WIPE_END
G1 Z447.5 F15000
G1 X727.187 Y586.92 Z447.5
G1 Z446.5
G1 E40 F9000
G1 F2779.614
G1 X727.187 Y598.432 E49.70059
G1 X598.432 Y727.187 E786.09565
G1 X586.92 Y727.187 E49.70059
;WIPE_START
G1 F600
G1 X596.92 Y727.187 E-30
;WIPE_END
G1 Z447.5 F15000
G1 X727.187 Y424.11 Z447.5
G1 Z446.5
G1 E40 F9000
G1 F2779.614
G1 X727.187 Y435.623 E49.70059
G1 X435.622 Y727.187 E1780.10743
G1 X424.11 Y727.187 E49.70059
;WIPE_START
G1 F600
G1 X434.11 Y727.187 E-30
;WIPE_END
G1 Z447.5 F15000
G1 X424.11 Y272.813 Z447.5
G1 Z446.5
G1 E40 F9000
G1 F2779.614
G1 X435.622 Y272.813 E49.70059
G1 X727.187 Y564.378 E1780.10742
G1 X727.187 Y575.89 E49.70059
M73 P96 R30
;WIPE_START
G1 F600
G1 X727.187 Y565.89 E-30
;WIPE_END
G1 Z447.5 F15000
G1 X715.675 Y272.813 Z447.5
G1 Z446.5
G1 E40 F9000
G1 F2779.614
G1 X727.187 Y272.813 E49.70027
G1 X272.813 Y727.187 E2774.11872
G1 X284.325 Y727.187 E49.70025
;WIPE_START
G1 F600
G1 X274.325 Y727.187 E-30
;WIPE_END
G1 Z447.5 F15000
G1 X284.325 Y272.813 Z447.5
G1 Z446.5
G1 E40 F9000
G1 F2779.614
G1 X272.813 Y272.813 E49.70059
G1 X727.187 Y727.187 E2774.11918
G1 X715.675 Y727.187 E49.70059
;WIPE_START
G1 F600
G1 X725.675 Y727.187 E-30
;WIPE_END
G1 Z447.5 F15000
G1 X586.92 Y272.813 Z447.5
G1 Z446.5
G1 E40 F9000
G1 F2779.614
G1 X598.432 Y272.813 E49.70059
G1 X727.187 Y401.568 E786.09564
G1 X727.187 Y413.08 E49.70059
;WIPE_START
G1 F600
G1 X727.187 Y403.08 E-30
;WIPE_END
G1 Z447.5 F15000
G1 X575.89 Y272.813 Z447.5
G1 Z446.5
G1 E40 F9000
G1 F2779.614
G1 X564.378 Y272.813 E49.70059
G1 X272.813 Y564.377 E1780.10741
G1 X272.813 Y575.89 E49.70059
;WIPE_START
G1 F600
G1 X272.813 Y565.89 E-30
;WIPE_END
G1 Z447.5 F15000
G1 X413.08 Y272.813 Z447.5
G1 Z446.5
M73 P96 R29
G1 E40 F9000
G1 F2779.614
G1 X401.568 Y272.813 E49.70059
G1 X272.813 Y401.568 E786.09564
G1 X272.813 Y413.08 E49.70059
; stop printing object Cube id:0 copy 0
;LAYER_CHANGE
;Z:448
;HEIGHT:1.5
;BEFORE_LAYER_CHANGE
;448
G92 E0

EXCLUDE_OBJECT_END NAME=Cube_id_0_copy_0
;AFTER_LAYER_CHANGE
;448
;_SET_FAN_SPEED_CHANGING_LAYER
; printing object Cube id:0 copy 0
;WIPE_START
G1 F600
G1 X272.813 Y403.08 E-30
;WIPE_END
EXCLUDE_OBJECT_START NAME=Cube_id_0_copy_0
G1 Z449 F15000
G1 X270.366 Y270.366 Z449
G1 Z448
G1 E40 F9000
;TYPE:Outer wall
;WIDTH:3.2
G1 F2779.615
G1 X729.634 Y270.366 E1982.72102
G1 F2760
G1 X729.634 Y729.634 E1982.72107
G1 X270.366 Y729.634 E1982.72102
G1 X270.366 Y270.666 E1981.42588
;WIPE_START
G1 F600
G1 X280.366 Y270.66 E-30
;WIPE_END
G1 Z449 F15000
G1 X272.813 Y413.08 Z449
G1 Z448
G1 E40 F9000
;TYPE:Sparse infill
;WIDTH:3.2
G1 F2779.614
G1 X272.813 Y401.568 E49.70059
G1 X401.568 Y272.813 E786.09564
G1 X413.08 Y272.813 E49.70059
;WIPE_START
G1 F600
G1 X403.08 Y272.813 E-30
;WIPE_END
G1 Z449 F15000
G1 X272.813 Y575.89 Z449
G1 Z448
G1 E40 F9000
G1 F2779.614
M73 P96 R28
G1 X272.813 Y564.377 E49.70059
G1 X564.378 Y272.813 E1780.10741
G1 X575.89 Y272.813 E49.70059
;WIPE_START
G1 F600
G1 X565.89 Y272.813 E-30
;WIPE_END
G1 Z449 F15000
G1 X727.187 Y413.08 Z449
G1 Z448
G1 E40 F9000
G1 F2779.614
G1 X727.187 Y401.568 E49.70059
G1 X598.432 Y272.813 E786.09564
G1 X586.92 Y272.813 E49.70059
;WIPE_START
G1 F600
G1 X596.92 Y272.813 E-30
;WIPE_END
G1 Z449 F15000
G1 X727.187 Y575.89 Z449
G1 Z448
G1 E40 F9000
G1 F2779.614
G1 X727.187 Y564.378 E49.70059
G1 X435.622 Y272.813 E1780.10742
G1 X424.11 Y272.813 E49.70059
;WIPE_START
G1 F600
G1 X434.11 Y272.813 E-30
;WIPE_END
G1 Z449 F15000
G1 X424.11 Y727.187 Z449
G1 Z448
G1 E40 F9000
G1 F2779.614
G1 X435.622 Y727.187 E49.70059
G1 X727.187 Y435.623 E1780.10743
G1 X727.187 Y424.11 E49.70059
;WIPE_START
G1 F600
G1 X727.187 Y434.11 E-30
;WIPE_END
G1 Z449 F15000
G1 X715.675 Y727.187 Z449
G1 Z448
G1 E40 F9000
G1 F2779.614
G1 X727.187 Y727.187 E49.70059
G1 X272.813 Y272.813 E2774.11918
G1 X284.325 Y272.813 E49.70059
M73 P96 R27
;WIPE_START
G1 F600
G1 X274.325 Y272.813 E-30
;WIPE_END
G1 Z449 F15000
G1 X284.325 Y727.187 Z449
G1 Z448
G1 E40 F9000
G1 F2779.614
G1 X272.813 Y727.187 E49.70025
G1 X727.187 Y272.813 E2774.11872
G1 X715.675 Y272.813 E49.70027
;WIPE_START
G1 F600
G1 X725.675 Y272.813 E-30
;WIPE_END
G1 Z449 F15000
G1 X586.92 Y727.187 Z449
G1 Z448
G1 E40 F9000
G1 F2779.614
G1 X598.432 Y727.187 E49.70059
G1 X727.187 Y598.432 E786.09565
G1 X727.187 Y586.92 E49.70059
;WIPE_START
G1 F600
G1 X727.187 Y596.92 E-30
;WIPE_END
G1 Z449 F15000
G1 X575.89 Y727.187 Z449
G1 Z448
G1 E40 F9000
G1 F2779.614
G1 X564.378 Y727.187 E49.70059
G1 X272.813 Y435.622 E1780.10742
G1 X272.813 Y424.11 E49.70059
;WIPE_START
G1 F600
G1 X272.813 Y434.11 E-30
;WIPE_END
G1 Z449 F15000
G1 X413.08 Y727.187 Z449
G1 Z448
G1 E40 F9000
G1 F2779.614
G1 X401.568 Y727.187 E49.70059
G1 X272.813 Y598.432 E786.09565
G1 X272.813 Y586.92 E49.70059
; stop printing object Cube id:0 copy 0
;LAYER_CHANGE
;Z:449.5
;HEIGHT:1.5
;BEFORE_LAYER_CHANGE
;449.5
G92 E0

EXCLUDE_OBJECT_END NAME=Cube_id_0_copy_0
;AFTER_LAYER_CHANGE
;449.5
;_SET_FAN_SPEED_CHANGING_LAYER
; printing object Cube id:0 copy 0
;WIPE_START
G1 F600
G1 X272.813 Y596.92 E-30
;WIPE_END
EXCLUDE_OBJECT_START NAME=Cube_id_0_copy_0
G1 Z450.5 F15000
G1 X270.366 Y729.634 Z450.5
G1 Z449.5
G1 E40 F9000
;TYPE:Outer wall
;WIDTH:3.2
G1 F2779.615
G1 X270.366 Y270.366 E1982.72102
G1 F2760
M73 P96 R26
G1 X729.634 Y270.366 E1982.72107
G1 X729.634 Y729.634 E1982.72102
M73 P97 R26
G1 X270.666 Y729.634 E1981.42588
;WIPE_START
G1 F600
G1 X270.66 Y719.634 E-30
;WIPE_END
G1 Z450.5 F15000
G1 X272.813 Y586.92 Z450.5
G1 Z449.5
G1 E40 F9000
;TYPE:Sparse infill
;WIDTH:3.2
G1 F2779.614
G1 X272.813 Y598.432 E49.70059
G1 X401.568 Y727.187 E786.09565
G1 X413.08 Y727.187 E49.70059
;WIPE_START
G1 F600
G1 X403.08 Y727.187 E-30
;WIPE_END
G1 Z450.5 F15000
G1 X272.813 Y424.11 Z450.5
G1 Z449.5
G1 E40 F9000
G1 F2779.614
G1 X272.813 Y435.622 E49.70059
G1 X564.378 Y727.187 E1780.10742
G1 X575.89 Y727.187 E49.70059
;WIPE_START
G1 F600
G1 X565.89 Y727.187 E-30
;WIPE_END
G1 Z450.5 F15000
G1 X727.187 Y586.92 Z450.5
G1 Z449.5
G1 E40 F9000
G1 F2779.614
G1 X727.187 Y598.432 E49.70059
G1 X598.432 Y727.187 E786.09565
G1 X586.92 Y727.187 E49.70059
M73 P97 R25
;WIPE_START
G1 F600
G1 X596.92 Y727.187 E-30
;WIPE_END
G1 Z450.5 F15000
G1 X727.187 Y424.11 Z450.5
G1 Z449.5
G1 E40 F9000
G1 F2779.614
G1 X727.187 Y435.623 E49.70059
G1 X435.622 Y727.187 E1780.10743
G1 X424.11 Y727.187 E49.70059
;WIPE_START
G1 F600
G1 X434.11 Y727.187 E-30
;WIPE_END
G1 Z450.5 F15000
G1 X424.11 Y272.813 Z450.5
G1 Z449.5
G1 E40 F9000
G1 F2779.614
G1 X435.622 Y272.813 E49.70059
G1 X727.187 Y564.378 E1780.10742
G1 X727.187 Y575.89 E49.70059
;WIPE_START
G1 F600
G1 X727.187 Y565.89 E-30
;WIPE_END
G1 Z450.5 F15000
G1 X715.675 Y272.813 Z450.5
G1 Z449.5
G1 E40 F9000
G1 F2779.614
G1 X727.187 Y272.813 E49.70027
G1 X272.813 Y727.187 E2774.11872
G1 X284.325 Y727.187 E49.70025
;WIPE_START
G1 F600
G1 X274.325 Y727.187 E-30
;WIPE_END
G1 Z450.5 F15000
G1 X284.325 Y272.813 Z450.5
G1 Z449.5
G1 E40 F9000
G1 F2779.614
G1 X272.813 Y272.813 E49.70059
G1 X727.187 Y727.187 E2774.11918
G1 X715.675 Y727.187 E49.70059
M73 P97 R24
;WIPE_START
G1 F600
G1 X725.675 Y727.187 E-30
;WIPE_END
G1 Z450.5 F15000
G1 X586.92 Y272.813 Z450.5
G1 Z449.5
G1 E40 F9000
G1 F2779.614
G1 X598.432 Y272.813 E49.70059
G1 X727.187 Y401.568 E786.09564
G1 X727.187 Y413.08 E49.70059
;WIPE_START
G1 F600
G1 X727.187 Y403.08 E-30
;WIPE_END
G1 Z450.5 F15000
G1 X575.89 Y272.813 Z450.5
G1 Z449.5
G1 E40 F9000
G1 F2779.614
G1 X564.378 Y272.813 E49.70059
G1 X272.813 Y564.377 E1780.10741
G1 X272.813 Y575.89 E49.70059
;WIPE_START
G1 F600
G1 X272.813 Y565.89 E-30
;WIPE_END
G1 Z450.5 F15000
G1 X413.08 Y272.813 Z450.5
G1 Z449.5
G1 E40 F9000
G1 F2779.614
G1 X401.568 Y272.813 E49.70059
G1 X272.813 Y401.568 E786.09564
G1 X272.813 Y413.08 E49.70059
; stop printing object Cube id:0 copy 0
;LAYER_CHANGE
;Z:451
;HEIGHT:1.5
;BEFORE_LAYER_CHANGE
;451
G92 E0

EXCLUDE_OBJECT_END NAME=Cube_id_0_copy_0
;AFTER_LAYER_CHANGE
;451
;_SET_FAN_SPEED_CHANGING_LAYER
; printing object Cube id:0 copy 0
;WIPE_START
G1 F600
G1 X272.813 Y403.08 E-30
;WIPE_END
EXCLUDE_OBJECT_START NAME=Cube_id_0_copy_0
G1 Z452 F15000
G1 X270.366 Y270.366 Z452
G1 Z451
G1 E40 F9000
;TYPE:Outer wall
;WIDTH:3.2
G1 F2779.615
G1 X729.634 Y270.366 E1982.72102
G1 F2760
G1 X729.634 Y729.634 E1982.72107
G1 X270.366 Y729.634 E1982.72102
G1 X270.366 Y270.666 E1981.42588
M73 P97 R23
;WIPE_START
G1 F600
G1 X280.366 Y270.66 E-30
;WIPE_END
G1 Z452 F15000
G1 X272.813 Y413.08 Z452
G1 Z451
G1 E40 F9000
;TYPE:Sparse infill
;WIDTH:3.2
G1 F2779.614
G1 X272.813 Y401.568 E49.70059
G1 X401.568 Y272.813 E786.09564
G1 X413.08 Y272.813 E49.70059
;WIPE_START
G1 F600
G1 X403.08 Y272.813 E-30
;WIPE_END
G1 Z452 F15000
G1 X272.813 Y575.89 Z452
G1 Z451
G1 E40 F9000
G1 F2779.614
G1 X272.813 Y564.377 E49.70059
G1 X564.378 Y272.813 E1780.10741
G1 X575.89 Y272.813 E49.70059
;WIPE_START
G1 F600
G1 X565.89 Y272.813 E-30
;WIPE_END
G1 Z452 F15000
G1 X727.187 Y413.08 Z452
G1 Z451
G1 E40 F9000
G1 F2779.614
G1 X727.187 Y401.568 E49.70059
G1 X598.432 Y272.813 E786.09564
G1 X586.92 Y272.813 E49.70059
;WIPE_START
G1 F600
G1 X596.92 Y272.813 E-30
;WIPE_END
G1 Z452 F15000
G1 X727.187 Y575.89 Z452
G1 Z451
G1 E40 F9000
G1 F2779.614
G1 X727.187 Y564.378 E49.70059
G1 X435.622 Y272.813 E1780.10742
G1 X424.11 Y272.813 E49.70059
;WIPE_START
G1 F600
G1 X434.11 Y272.813 E-30
;WIPE_END
G1 Z452 F15000
G1 X424.11 Y727.187 Z452
G1 Z451
G1 E40 F9000
G1 F2779.614
M73 P97 R22
G1 X435.622 Y727.187 E49.70059
G1 X727.187 Y435.623 E1780.10743
G1 X727.187 Y424.11 E49.70059
;WIPE_START
G1 F600
G1 X727.187 Y434.11 E-30
;WIPE_END
G1 Z452 F15000
G1 X715.675 Y727.187 Z452
G1 Z451
G1 E40 F9000
G1 F2779.614
G1 X727.187 Y727.187 E49.70059
G1 X272.813 Y272.813 E2774.11918
G1 X284.325 Y272.813 E49.70059
;WIPE_START
G1 F600
G1 X274.325 Y272.813 E-30
;WIPE_END
G1 Z452 F15000
G1 X284.325 Y727.187 Z452
G1 Z451
G1 E40 F9000
G1 F2779.614
G1 X272.813 Y727.187 E49.70025
G1 X727.187 Y272.813 E2774.11872
G1 X715.675 Y272.813 E49.70027
;WIPE_START
G1 F600
G1 X725.675 Y272.813 E-30
;WIPE_END
G1 Z452 F15000
G1 X586.92 Y727.187 Z452
G1 Z451
G1 E40 F9000
G1 F2779.614
G1 X598.432 Y727.187 E49.70059
G1 X727.187 Y598.432 E786.09565
G1 X727.187 Y586.92 E49.70059
;WIPE_START
G1 F600
G1 X727.187 Y596.92 E-30
;WIPE_END
G1 Z452 F15000
G1 X575.89 Y727.187 Z452
G1 Z451
G1 E40 F9000
G1 F2779.614
G1 X564.378 Y727.187 E49.70059
G1 X272.813 Y435.622 E1780.10742
G1 X272.813 Y424.11 E49.70059
M73 P97 R21
;WIPE_START
G1 F600
G1 X272.813 Y434.11 E-30
;WIPE_END
G1 Z452 F15000
G1 X413.08 Y727.187 Z452
G1 Z451
G1 E40 F9000
G1 F2779.614
G1 X401.568 Y727.187 E49.70059
G1 X272.813 Y598.432 E786.09565
G1 X272.813 Y586.92 E49.70059
; stop printing object Cube id:0 copy 0
;LAYER_CHANGE
;Z:452.5
;HEIGHT:1.5
;BEFORE_LAYER_CHANGE
;452.5
G92 E0

EXCLUDE_OBJECT_END NAME=Cube_id_0_copy_0
;AFTER_LAYER_CHANGE
;452.5
;_SET_FAN_SPEED_CHANGING_LAYER
; printing object Cube id:0 copy 0
;WIPE_START
G1 F600
G1 X272.813 Y596.92 E-30
;WIPE_END
EXCLUDE_OBJECT_START NAME=Cube_id_0_copy_0
G1 Z453.5 F15000
G1 X270.366 Y729.634 Z453.5
G1 Z452.5
G1 E40 F9000
;TYPE:Outer wall
;WIDTH:3.2
G1 F2779.615
G1 X270.366 Y270.366 E1982.72102
G1 F2760
G1 X729.634 Y270.366 E1982.72107
G1 X729.634 Y729.634 E1982.72102
G1 X270.666 Y729.634 E1981.42588
;WIPE_START
G1 F600
G1 X270.66 Y719.634 E-30
;WIPE_END
G1 Z453.5 F15000
G1 X272.813 Y586.92 Z453.5
G1 Z452.5
M73 P97 R20
G1 E40 F9000
;TYPE:Sparse infill
;WIDTH:3.2
G1 F2779.614
G1 X272.813 Y598.432 E49.70059
G1 X401.568 Y727.187 E786.09565
G1 X413.08 Y727.187 E49.70059
;WIPE_START
G1 F600
G1 X403.08 Y727.187 E-30
;WIPE_END
G1 Z453.5 F15000
G1 X272.813 Y424.11 Z453.5
G1 Z452.5
G1 E40 F9000
G1 F2779.614
G1 X272.813 Y435.622 E49.70059
G1 X564.378 Y727.187 E1780.10742
G1 X575.89 Y727.187 E49.70059
;WIPE_START
G1 F600
G1 X565.89 Y727.187 E-30
;WIPE_END
G1 Z453.5 F15000
G1 X727.187 Y586.92 Z453.5
G1 Z452.5
G1 E40 F9000
G1 F2779.614
G1 X727.187 Y598.432 E49.70059
G1 X598.432 Y727.187 E786.09565
G1 X586.92 Y727.187 E49.70059
;WIPE_START
G1 F600
G1 X596.92 Y727.187 E-30
;WIPE_END
G1 Z453.5 F15000
G1 X727.187 Y424.11 Z453.5
G1 Z452.5
G1 E40 F9000
G1 F2779.614
G1 X727.187 Y435.623 E49.70059
G1 X435.622 Y727.187 E1780.10743
G1 X424.11 Y727.187 E49.70059
;WIPE_START
G1 F600
G1 X434.11 Y727.187 E-30
;WIPE_END
G1 Z453.5 F15000
G1 X424.11 Y272.813 Z453.5
G1 Z452.5
G1 E40 F9000
G1 F2779.614
G1 X435.622 Y272.813 E49.70059
G1 X727.187 Y564.378 E1780.10742
G1 X727.187 Y575.89 E49.70059
;WIPE_START
G1 F600
G1 X727.187 Y565.89 E-30
;WIPE_END
G1 Z453.5 F15000
G1 X715.675 Y272.813 Z453.5
G1 Z452.5
G1 E40 F9000
G1 F2779.614
G1 X727.187 Y272.813 E49.70027
G1 X272.813 Y727.187 E2774.11872
G1 X284.325 Y727.187 E49.70025
M73 P97 R19
;WIPE_START
G1 F600
G1 X274.325 Y727.187 E-30
;WIPE_END
G1 Z453.5 F15000
G1 X284.325 Y272.813 Z453.5
G1 Z452.5
G1 E40 F9000
G1 F2779.614
G1 X272.813 Y272.813 E49.70059
G1 X727.187 Y727.187 E2774.11918
G1 X715.675 Y727.187 E49.70059
;WIPE_START
G1 F600
G1 X725.675 Y727.187 E-30
;WIPE_END
G1 Z453.5 F15000
G1 X586.92 Y272.813 Z453.5
G1 Z452.5
G1 E40 F9000
G1 F2779.614
G1 X598.432 Y272.813 E49.70059
G1 X727.187 Y401.568 E786.09564
G1 X727.187 Y413.08 E49.70059
;WIPE_START
G1 F600
G1 X727.187 Y403.08 E-30
;WIPE_END
G1 Z453.5 F15000
G1 X575.89 Y272.813 Z453.5
G1 Z452.5
G1 E40 F9000
G1 F2779.614
G1 X564.378 Y272.813 E49.70059
G1 X272.813 Y564.377 E1780.10741
G1 X272.813 Y575.89 E49.70059
;WIPE_START
G1 F600
G1 X272.813 Y565.89 E-30
;WIPE_END
G1 Z453.5 F15000
G1 X413.08 Y272.813 Z453.5
G1 Z452.5
G1 E40 F9000
G1 F2779.614
G1 X401.568 Y272.813 E49.70059
G1 X272.813 Y401.568 E786.09564
G1 X272.813 Y413.08 E49.70059
; stop printing object Cube id:0 copy 0
;LAYER_CHANGE
;Z:454
;HEIGHT:1.5
;BEFORE_LAYER_CHANGE
;454
G92 E0

EXCLUDE_OBJECT_END NAME=Cube_id_0_copy_0
;AFTER_LAYER_CHANGE
;454
;_SET_FAN_SPEED_CHANGING_LAYER
; printing object Cube id:0 copy 0
;WIPE_START
G1 F600
G1 X272.813 Y403.08 E-30
;WIPE_END
EXCLUDE_OBJECT_START NAME=Cube_id_0_copy_0
G1 Z455 F15000
G1 X270.366 Y270.366 Z455
G1 Z454
M73 P97 R18
G1 E40 F9000
;TYPE:Outer wall
;WIDTH:3.2
G1 F2779.615
G1 X729.634 Y270.366 E1982.72102
G1 F2760
G1 X729.634 Y729.634 E1982.72107
G1 X270.366 Y729.634 E1982.72102
G1 X270.366 Y270.666 E1981.42588
;WIPE_START
G1 F600
G1 X280.366 Y270.66 E-30
;WIPE_END
G1 Z455 F15000
G1 X272.813 Y413.08 Z455
G1 Z454
G1 E40 F9000
;TYPE:Sparse infill
;WIDTH:3.2
G1 F2779.614
G1 X272.813 Y401.568 E49.70059
G1 X401.568 Y272.813 E786.09564
G1 X413.08 Y272.813 E49.70059
;WIPE_START
G1 F600
G1 X403.08 Y272.813 E-30
;WIPE_END
G1 Z455 F15000
G1 X272.813 Y575.89 Z455
G1 Z454
G1 E40 F9000
G1 F2779.614
G1 X272.813 Y564.377 E49.70059
G1 X564.378 Y272.813 E1780.10741
G1 X575.89 Y272.813 E49.70059
M73 P97 R17
;WIPE_START
G1 F600
M73 P98 R17
G1 X565.89 Y272.813 E-30
;WIPE_END
G1 Z455 F15000
G1 X727.187 Y413.08 Z455
G1 Z454
G1 E40 F9000
G1 F2779.614
G1 X727.187 Y401.568 E49.70059
G1 X598.432 Y272.813 E786.09564
G1 X586.92 Y272.813 E49.70059
;WIPE_START
G1 F600
G1 X596.92 Y272.813 E-30
;WIPE_END
G1 Z455 F15000
G1 X727.187 Y575.89 Z455
G1 Z454
G1 E40 F9000
G1 F2779.614
G1 X727.187 Y564.378 E49.70059
G1 X435.622 Y272.813 E1780.10742
G1 X424.11 Y272.813 E49.70059
;WIPE_START
G1 F600
G1 X434.11 Y272.813 E-30
;WIPE_END
G1 Z455 F15000
G1 X424.11 Y727.187 Z455
G1 Z454
G1 E40 F9000
G1 F2779.614
G1 X435.622 Y727.187 E49.70059
G1 X727.187 Y435.623 E1780.10743
G1 X727.187 Y424.11 E49.70059
;WIPE_START
G1 F600
G1 X727.187 Y434.11 E-30
;WIPE_END
G1 Z455 F15000
G1 X715.675 Y727.187 Z455
G1 Z454
G1 E40 F9000
G1 F2779.614
G1 X727.187 Y727.187 E49.70059
G1 X272.813 Y272.813 E2774.11918
G1 X284.325 Y272.813 E49.70059
;WIPE_START
G1 F600
G1 X274.325 Y272.813 E-30
;WIPE_END
G1 Z455 F15000
G1 X284.325 Y727.187 Z455
G1 Z454
G1 E40 F9000
G1 F2779.614
G1 X272.813 Y727.187 E49.70025
G1 X727.187 Y272.813 E2774.11872
G1 X715.675 Y272.813 E49.70027
M73 P98 R16
;WIPE_START
G1 F600
G1 X725.675 Y272.813 E-30
;WIPE_END
G1 Z455 F15000
G1 X586.92 Y727.187 Z455
G1 Z454
G1 E40 F9000
G1 F2779.614
G1 X598.432 Y727.187 E49.70059
G1 X727.187 Y598.432 E786.09565
G1 X727.187 Y586.92 E49.70059
;WIPE_START
G1 F600
G1 X727.187 Y596.92 E-30
;WIPE_END
G1 Z455 F15000
G1 X575.89 Y727.187 Z455
G1 Z454
G1 E40 F9000
G1 F2779.614
G1 X564.378 Y727.187 E49.70059
G1 X272.813 Y435.622 E1780.10742
G1 X272.813 Y424.11 E49.70059
;WIPE_START
G1 F600
G1 X272.813 Y434.11 E-30
;WIPE_END
G1 Z455 F15000
G1 X413.08 Y727.187 Z455
G1 Z454
G1 E40 F9000
G1 F2779.614
G1 X401.568 Y727.187 E49.70059
G1 X272.813 Y598.432 E786.09565
G1 X272.813 Y586.92 E49.70059
; stop printing object Cube id:0 copy 0
;LAYER_CHANGE
;Z:455.5
;HEIGHT:1.5
;BEFORE_LAYER_CHANGE
;455.5
G92 E0

EXCLUDE_OBJECT_END NAME=Cube_id_0_copy_0
;AFTER_LAYER_CHANGE
;455.5
;_SET_FAN_SPEED_CHANGING_LAYER
; printing object Cube id:0 copy 0
;WIPE_START
G1 F600
G1 X272.813 Y596.92 E-30
;WIPE_END
EXCLUDE_OBJECT_START NAME=Cube_id_0_copy_0
G1 Z456.5 F15000
G1 X270.366 Y729.634 Z456.5
G1 Z455.5
G1 E40 F9000
;TYPE:Outer wall
;WIDTH:3.2
G1 F2779.615
G1 X270.366 Y270.366 E1982.72102
G1 F2760
G1 X729.634 Y270.366 E1982.72107
G1 X729.634 Y729.634 E1982.72102
M73 P98 R15
G1 X270.666 Y729.634 E1981.42588
;WIPE_START
G1 F600
G1 X270.66 Y719.634 E-30
;WIPE_END
G1 Z456.5 F15000
G1 X272.813 Y586.92 Z456.5
G1 Z455.5
G1 E40 F9000
;TYPE:Sparse infill
;WIDTH:3.2
G1 F2779.614
G1 X272.813 Y598.432 E49.70059
G1 X401.568 Y727.187 E786.09565
G1 X413.08 Y727.187 E49.70059
;WIPE_START
G1 F600
G1 X403.08 Y727.187 E-30
;WIPE_END
G1 Z456.5 F15000
G1 X272.813 Y424.11 Z456.5
G1 Z455.5
G1 E40 F9000
G1 F2779.614
G1 X272.813 Y435.622 E49.70059
G1 X564.378 Y727.187 E1780.10742
G1 X575.89 Y727.187 E49.70059
;WIPE_START
G1 F600
G1 X565.89 Y727.187 E-30
;WIPE_END
G1 Z456.5 F15000
G1 X727.187 Y586.92 Z456.5
G1 Z455.5
G1 E40 F9000
G1 F2779.614
G1 X727.187 Y598.432 E49.70059
G1 X598.432 Y727.187 E786.09565
G1 X586.92 Y727.187 E49.70059
;WIPE_START
G1 F600
G1 X596.92 Y727.187 E-30
;WIPE_END
G1 Z456.5 F15000
G1 X727.187 Y424.11 Z456.5
G1 Z455.5
G1 E40 F9000
G1 F2779.614
G1 X727.187 Y435.623 E49.70059
G1 X435.622 Y727.187 E1780.10743
G1 X424.11 Y727.187 E49.70059
M73 P98 R14
;WIPE_START
G1 F600
G1 X434.11 Y727.187 E-30
;WIPE_END
G1 Z456.5 F15000
G1 X424.11 Y272.813 Z456.5
G1 Z455.5
G1 E40 F9000
G1 F2779.614
G1 X435.622 Y272.813 E49.70059
G1 X727.187 Y564.378 E1780.10742
G1 X727.187 Y575.89 E49.70059
;WIPE_START
G1 F600
G1 X727.187 Y565.89 E-30
;WIPE_END
G1 Z456.5 F15000
G1 X715.675 Y272.813 Z456.5
G1 Z455.5
G1 E40 F9000
G1 F2779.614
G1 X727.187 Y272.813 E49.70027
G1 X272.813 Y727.187 E2774.11872
G1 X284.325 Y727.187 E49.70025
;WIPE_START
G1 F600
G1 X274.325 Y727.187 E-30
;WIPE_END
G1 Z456.5 F15000
G1 X284.325 Y272.813 Z456.5
G1 Z455.5
G1 E40 F9000
G1 F2779.614
G1 X272.813 Y272.813 E49.70059
G1 X727.187 Y727.187 E2774.11918
G1 X715.675 Y727.187 E49.70059
;WIPE_START
G1 F600
G1 X725.675 Y727.187 E-30
;WIPE_END
G1 Z456.5 F15000
G1 X586.92 Y272.813 Z456.5
G1 Z455.5
G1 E40 F9000
G1 F2779.614
G1 X598.432 Y272.813 E49.70059
G1 X727.187 Y401.568 E786.09564
G1 X727.187 Y413.08 E49.70059
M73 P98 R13
;WIPE_START
G1 F600
G1 X727.187 Y403.08 E-30
;WIPE_END
G1 Z456.5 F15000
G1 X575.89 Y272.813 Z456.5
G1 Z455.5
G1 E40 F9000
G1 F2779.614
G1 X564.378 Y272.813 E49.70059
G1 X272.813 Y564.377 E1780.10741
G1 X272.813 Y575.89 E49.70059
;WIPE_START
G1 F600
G1 X272.813 Y565.89 E-30
;WIPE_END
G1 Z456.5 F15000
G1 X413.08 Y272.813 Z456.5
G1 Z455.5
G1 E40 F9000
G1 F2779.614
G1 X401.568 Y272.813 E49.70059
G1 X272.813 Y401.568 E786.09564
G1 X272.813 Y413.08 E49.70059
; stop printing object Cube id:0 copy 0
;LAYER_CHANGE
;Z:457
;HEIGHT:1.5
;BEFORE_LAYER_CHANGE
;457
G92 E0

EXCLUDE_OBJECT_END NAME=Cube_id_0_copy_0
;AFTER_LAYER_CHANGE
;457
;_SET_FAN_SPEED_CHANGING_LAYER
; printing object Cube id:0 copy 0
;WIPE_START
G1 F600
G1 X272.813 Y403.08 E-30
;WIPE_END
EXCLUDE_OBJECT_START NAME=Cube_id_0_copy_0
G1 Z458 F15000
G1 X270.366 Y270.366 Z458
G1 Z457
G1 E40 F9000
;TYPE:Outer wall
;WIDTH:3.2
G1 F2779.615
G1 X729.634 Y270.366 E1982.72102
G1 F2760
G1 X729.634 Y729.634 E1982.72107
G1 X270.366 Y729.634 E1982.72102
G1 X270.366 Y270.666 E1981.42588
;WIPE_START
G1 F600
M73 P98 R12
G1 X280.366 Y270.66 E-30
;WIPE_END
G1 Z458 F15000
G1 X272.813 Y413.08 Z458
G1 Z457
G1 E40 F9000
;TYPE:Sparse infill
;WIDTH:3.2
G1 F2779.614
G1 X272.813 Y401.568 E49.70059
G1 X401.568 Y272.813 E786.09564
G1 X413.08 Y272.813 E49.70059
;WIPE_START
G1 F600
G1 X403.08 Y272.813 E-30
;WIPE_END
G1 Z458 F15000
G1 X272.813 Y575.89 Z458
G1 Z457
G1 E40 F9000
G1 F2779.614
G1 X272.813 Y564.377 E49.70059
G1 X564.378 Y272.813 E1780.10741
G1 X575.89 Y272.813 E49.70059
;WIPE_START
G1 F600
G1 X565.89 Y272.813 E-30
;WIPE_END
G1 Z458 F15000
G1 X727.187 Y413.08 Z458
G1 Z457
G1 E40 F9000
G1 F2779.614
G1 X727.187 Y401.568 E49.70059
G1 X598.432 Y272.813 E786.09564
G1 X586.92 Y272.813 E49.70059
;WIPE_START
G1 F600
G1 X596.92 Y272.813 E-30
;WIPE_END
G1 Z458 F15000
G1 X727.187 Y575.89 Z458
G1 Z457
G1 E40 F9000
G1 F2779.614
G1 X727.187 Y564.378 E49.70059
G1 X435.622 Y272.813 E1780.10742
G1 X424.11 Y272.813 E49.70059
;WIPE_START
G1 F600
G1 X434.11 Y272.813 E-30
;WIPE_END
G1 Z458 F15000
G1 X424.11 Y727.187 Z458
G1 Z457
G1 E40 F9000
G1 F2779.614
G1 X435.622 Y727.187 E49.70059
G1 X727.187 Y435.623 E1780.10743
G1 X727.187 Y424.11 E49.70059
M73 P98 R11
;WIPE_START
G1 F600
G1 X727.187 Y434.11 E-30
;WIPE_END
G1 Z458 F15000
G1 X715.675 Y727.187 Z458
G1 Z457
G1 E40 F9000
G1 F2779.614
G1 X727.187 Y727.187 E49.70059
G1 X272.813 Y272.813 E2774.11918
G1 X284.325 Y272.813 E49.70059
;WIPE_START
G1 F600
G1 X274.325 Y272.813 E-30
;WIPE_END
G1 Z458 F15000
G1 X284.325 Y727.187 Z458
G1 Z457
G1 E40 F9000
G1 F2779.614
G1 X272.813 Y727.187 E49.70025
G1 X727.187 Y272.813 E2774.11872
G1 X715.675 Y272.813 E49.70027
;WIPE_START
G1 F600
G1 X725.675 Y272.813 E-30
;WIPE_END
G1 Z458 F15000
G1 X586.92 Y727.187 Z458
G1 Z457
G1 E40 F9000
G1 F2779.614
G1 X598.432 Y727.187 E49.70059
G1 X727.187 Y598.432 E786.09565
G1 X727.187 Y586.92 E49.70059
;WIPE_START
G1 F600
G1 X727.187 Y596.92 E-30
;WIPE_END
G1 Z458 F15000
G1 X575.89 Y727.187 Z458
G1 Z457
G1 E40 F9000
G1 F2779.614
G1 X564.378 Y727.187 E49.70059
G1 X272.813 Y435.622 E1780.10742
G1 X272.813 Y424.11 E49.70059
;WIPE_START
G1 F600
G1 X272.813 Y434.11 E-30
;WIPE_END
G1 Z458 F15000
G1 X413.08 Y727.187 Z458
M73 P98 R10
G1 Z457
G1 E40 F9000
G1 F2779.614
G1 X401.568 Y727.187 E49.70059
G1 X272.813 Y598.432 E786.09565
G1 X272.813 Y586.92 E49.70059
; stop printing object Cube id:0 copy 0
;LAYER_CHANGE
;Z:458.5
;HEIGHT:1.5
;BEFORE_LAYER_CHANGE
;458.5
G92 E0

EXCLUDE_OBJECT_END NAME=Cube_id_0_copy_0
;AFTER_LAYER_CHANGE
;458.5
;_SET_FAN_SPEED_CHANGING_LAYER
; printing object Cube id:0 copy 0
;WIPE_START
G1 F600
G1 X272.813 Y596.92 E-30
;WIPE_END
EXCLUDE_OBJECT_START NAME=Cube_id_0_copy_0
G1 Z459.5 F15000
G1 X270.366 Y729.634 Z459.5
G1 Z458.5
G1 E40 F9000
;TYPE:Outer wall
;WIDTH:3.2
G1 F2779.615
G1 X270.366 Y270.366 E1982.72102
G1 F2760
G1 X729.634 Y270.366 E1982.72107
G1 X729.634 Y729.634 E1982.72102
G1 X270.666 Y729.634 E1981.42588
;WIPE_START
G1 F600
G1 X270.66 Y719.634 E-30
;WIPE_END
G1 Z459.5 F15000
G1 X272.813 Y586.92 Z459.5
G1 Z458.5
G1 E40 F9000
;TYPE:Sparse infill
;WIDTH:3.2
G1 F2779.614
G1 X272.813 Y598.432 E49.70059
G1 X401.568 Y727.187 E786.09565
G1 X413.08 Y727.187 E49.70059
;WIPE_START
G1 F600
G1 X403.08 Y727.187 E-30
;WIPE_END
G1 Z459.5 F15000
G1 X272.813 Y424.11 Z459.5
G1 Z458.5
G1 E40 F9000
M73 P98 R9
G1 F2779.614
G1 X272.813 Y435.622 E49.70059
G1 X564.378 Y727.187 E1780.10742
G1 X575.89 Y727.187 E49.70059
;WIPE_START
G1 F600
G1 X565.89 Y727.187 E-30
;WIPE_END
G1 Z459.5 F15000
G1 X727.187 Y586.92 Z459.5
G1 Z458.5
G1 E40 F9000
G1 F2779.614
G1 X727.187 Y598.432 E49.70059
G1 X598.432 Y727.187 E786.09565
G1 X586.92 Y727.187 E49.70059
;WIPE_START
G1 F600
G1 X596.92 Y727.187 E-30
;WIPE_END
G1 Z459.5 F15000
G1 X727.187 Y424.11 Z459.5
G1 Z458.5
G1 E40 F9000
G1 F2779.614
G1 X727.187 Y435.623 E49.70059
G1 X435.622 Y727.187 E1780.10743
G1 X424.11 Y727.187 E49.70059
;WIPE_START
G1 F600
G1 X434.11 Y727.187 E-30
;WIPE_END
G1 Z459.5 F15000
G1 X424.11 Y272.813 Z459.5
G1 Z458.5
G1 E40 F9000
G1 F2779.614
G1 X435.622 Y272.813 E49.70059
G1 X727.187 Y564.378 E1780.10742
G1 X727.187 Y575.89 E49.70059
;WIPE_START
G1 F600
G1 X727.187 Y565.89 E-30
;WIPE_END
G1 Z459.5 F15000
G1 X715.675 Y272.813 Z459.5
G1 Z458.5
G1 E40 F9000
G1 F2779.614
G1 X727.187 Y272.813 E49.70027
G1 X272.813 Y727.187 E2774.11872
G1 X284.325 Y727.187 E49.70025
M73 P99 R8
;WIPE_START
G1 F600
G1 X274.325 Y727.187 E-30
;WIPE_END
G1 Z459.5 F15000
G1 X284.325 Y272.813 Z459.5
G1 Z458.5
G1 E40 F9000
G1 F2779.614
G1 X272.813 Y272.813 E49.70059
G1 X727.187 Y727.187 E2774.11918
G1 X715.675 Y727.187 E49.70059
;WIPE_START
G1 F600
G1 X725.675 Y727.187 E-30
;WIPE_END
G1 Z459.5 F15000
G1 X586.92 Y272.813 Z459.5
G1 Z458.5
G1 E40 F9000
G1 F2779.614
G1 X598.432 Y272.813 E49.70059
G1 X727.187 Y401.568 E786.09564
G1 X727.187 Y413.08 E49.70059
;WIPE_START
G1 F600
G1 X727.187 Y403.08 E-30
;WIPE_END
G1 Z459.5 F15000
G1 X575.89 Y272.813 Z459.5
G1 Z458.5
G1 E40 F9000
G1 F2779.614
G1 X564.378 Y272.813 E49.70059
G1 X272.813 Y564.377 E1780.10741
G1 X272.813 Y575.89 E49.70059
;WIPE_START
G1 F600
G1 X272.813 Y565.89 E-30
;WIPE_END
G1 Z459.5 F15000
G1 X413.08 Y272.813 Z459.5
G1 Z458.5
G1 E40 F9000
G1 F2779.614
G1 X401.568 Y272.813 E49.70059
G1 X272.813 Y401.568 E786.09564
G1 X272.813 Y413.08 E49.70059
; stop printing object Cube id:0 copy 0
;LAYER_CHANGE
;Z:460
;HEIGHT:1.5
;BEFORE_LAYER_CHANGE
;460
G92 E0

EXCLUDE_OBJECT_END NAME=Cube_id_0_copy_0
;AFTER_LAYER_CHANGE
;460
;_SET_FAN_SPEED_CHANGING_LAYER
; printing object Cube id:0 copy 0
;WIPE_START
G1 F600
G1 X272.813 Y403.08 E-30
;WIPE_END
EXCLUDE_OBJECT_START NAME=Cube_id_0_copy_0
G1 Z461 F15000
G1 X270.366 Y270.366 Z461
G1 Z460
G1 E40 F9000
;TYPE:Outer wall
;WIDTH:3.2
G1 F2779.615
G1 X729.634 Y270.366 E1982.72102
G1 F2760
M73 P99 R7
G1 X729.634 Y729.634 E1982.72107
G1 X270.366 Y729.634 E1982.72102
G1 X270.366 Y270.666 E1981.42588
;WIPE_START
G1 F600
G1 X280.366 Y270.66 E-30
;WIPE_END
G1 Z461 F15000
G1 X272.813 Y413.08 Z461
G1 Z460
G1 E40 F9000
;TYPE:Sparse infill
;WIDTH:3.2
G1 F2779.614
G1 X272.813 Y401.568 E49.70059
G1 X401.568 Y272.813 E786.09564
G1 X413.08 Y272.813 E49.70059
;WIPE_START
G1 F600
G1 X403.08 Y272.813 E-30
;WIPE_END
G1 Z461 F15000
G1 X272.813 Y575.89 Z461
G1 Z460
G1 E40 F9000
G1 F2779.614
G1 X272.813 Y564.377 E49.70059
G1 X564.378 Y272.813 E1780.10741
G1 X575.89 Y272.813 E49.70059
;WIPE_START
G1 F600
G1 X565.89 Y272.813 E-30
;WIPE_END
G1 Z461 F15000
G1 X727.187 Y413.08 Z461
G1 Z460
G1 E40 F9000
G1 F2779.614
G1 X727.187 Y401.568 E49.70059
G1 X598.432 Y272.813 E786.09564
G1 X586.92 Y272.813 E49.70059
M73 P99 R6
;WIPE_START
G1 F600
G1 X596.92 Y272.813 E-30
;WIPE_END
G1 Z461 F15000
G1 X727.187 Y575.89 Z461
G1 Z460
G1 E40 F9000
G1 F2779.614
G1 X727.187 Y564.378 E49.70059
G1 X435.622 Y272.813 E1780.10742
G1 X424.11 Y272.813 E49.70059
;WIPE_START
G1 F600
G1 X434.11 Y272.813 E-30
;WIPE_END
G1 Z461 F15000
G1 X424.11 Y727.187 Z461
G1 Z460
G1 E40 F9000
G1 F2779.614
G1 X435.622 Y727.187 E49.70059
G1 X727.187 Y435.623 E1780.10743
G1 X727.187 Y424.11 E49.70059
;WIPE_START
G1 F600
G1 X727.187 Y434.11 E-30
;WIPE_END
G1 Z461 F15000
G1 X715.675 Y727.187 Z461
G1 Z460
G1 E40 F9000
G1 F2779.614
G1 X727.187 Y727.187 E49.70059
G1 X272.813 Y272.813 E2774.11918
G1 X284.325 Y272.813 E49.70059
;WIPE_START
G1 F600
G1 X274.325 Y272.813 E-30
;WIPE_END
G1 Z461 F15000
G1 X284.325 Y727.187 Z461
G1 Z460
G1 E40 F9000
G1 F2779.614
G1 X272.813 Y727.187 E49.70025
G1 X727.187 Y272.813 E2774.11872
G1 X715.675 Y272.813 E49.70027
M73 P99 R5
;WIPE_START
G1 F600
G1 X725.675 Y272.813 E-30
;WIPE_END
G1 Z461 F15000
G1 X586.92 Y727.187 Z461
G1 Z460
G1 E40 F9000
G1 F2779.614
G1 X598.432 Y727.187 E49.70059
G1 X727.187 Y598.432 E786.09565
G1 X727.187 Y586.92 E49.70059
;WIPE_START
G1 F600
G1 X727.187 Y596.92 E-30
;WIPE_END
G1 Z461 F15000
G1 X575.89 Y727.187 Z461
G1 Z460
G1 E40 F9000
G1 F2779.614
G1 X564.378 Y727.187 E49.70059
G1 X272.813 Y435.622 E1780.10742
G1 X272.813 Y424.11 E49.70059
;WIPE_START
G1 F600
G1 X272.813 Y434.11 E-30
;WIPE_END
G1 Z461 F15000
G1 X413.08 Y727.187 Z461
G1 Z460
G1 E40 F9000
G1 F2779.614
G1 X401.568 Y727.187 E49.70059
G1 X272.813 Y598.432 E786.09565
G1 X272.813 Y586.92 E49.70059
; stop printing object Cube id:0 copy 0
;LAYER_CHANGE
;Z:461.5
;HEIGHT:1.5
;BEFORE_LAYER_CHANGE
;461.5
G92 E0

EXCLUDE_OBJECT_END NAME=Cube_id_0_copy_0
;AFTER_LAYER_CHANGE
;461.5
;_SET_FAN_SPEED_CHANGING_LAYER
; printing object Cube id:0 copy 0
;WIPE_START
G1 F600
G1 X272.813 Y596.92 E-30
;WIPE_END
EXCLUDE_OBJECT_START NAME=Cube_id_0_copy_0
G1 Z462.5 F15000
G1 X270.366 Y729.634 Z462.5
G1 Z461.5
G1 E40 F9000
;TYPE:Outer wall
;WIDTH:3.2
G1 F2779.615
G1 X270.366 Y270.366 E1982.72102
G1 F2760
G1 X729.634 Y270.366 E1982.72107
G1 X729.634 Y729.634 E1982.72102
G1 X270.666 Y729.634 E1981.42588
M73 P99 R4
;WIPE_START
G1 F600
G1 X270.66 Y719.634 E-30
;WIPE_END
G1 Z462.5 F15000
G1 X272.813 Y586.92 Z462.5
G1 Z461.5
G1 E40 F9000
;TYPE:Sparse infill
;WIDTH:3.2
G1 F2779.614
G1 X272.813 Y598.432 E49.70059
G1 X401.568 Y727.187 E786.09565
G1 X413.08 Y727.187 E49.70059
;WIPE_START
G1 F600
G1 X403.08 Y727.187 E-30
;WIPE_END
G1 Z462.5 F15000
G1 X272.813 Y424.11 Z462.5
G1 Z461.5
G1 E40 F9000
G1 F2779.614
G1 X272.813 Y435.622 E49.70059
G1 X564.378 Y727.187 E1780.10742
G1 X575.89 Y727.187 E49.70059
;WIPE_START
G1 F600
G1 X565.89 Y727.187 E-30
;WIPE_END
G1 Z462.5 F15000
G1 X727.187 Y586.92 Z462.5
G1 Z461.5
G1 E40 F9000
G1 F2779.614
G1 X727.187 Y598.432 E49.70059
G1 X598.432 Y727.187 E786.09565
G1 X586.92 Y727.187 E49.70059
;WIPE_START
G1 F600
G1 X596.92 Y727.187 E-30
;WIPE_END
G1 Z462.5 F15000
G1 X727.187 Y424.11 Z462.5
G1 Z461.5
G1 E40 F9000
G1 F2779.614
G1 X727.187 Y435.623 E49.70059
G1 X435.622 Y727.187 E1780.10743
G1 X424.11 Y727.187 E49.70059
;WIPE_START
G1 F600
G1 X434.11 Y727.187 E-30
;WIPE_END
G1 Z462.5 F15000
G1 X424.11 Y272.813 Z462.5
G1 Z461.5
G1 E40 F9000
G1 F2779.614
M73 P99 R3
G1 X435.622 Y272.813 E49.70059
G1 X727.187 Y564.378 E1780.10742
G1 X727.187 Y575.89 E49.70059
;WIPE_START
G1 F600
G1 X727.187 Y565.89 E-30
;WIPE_END
G1 Z462.5 F15000
G1 X715.675 Y272.813 Z462.5
G1 Z461.5
G1 E40 F9000
G1 F2779.614
G1 X727.187 Y272.813 E49.70027
G1 X272.813 Y727.187 E2774.11872
G1 X284.325 Y727.187 E49.70025
;WIPE_START
G1 F600
G1 X274.325 Y727.187 E-30
;WIPE_END
G1 Z462.5 F15000
G1 X284.325 Y272.813 Z462.5
G1 Z461.5
G1 E40 F9000
G1 F2779.614
G1 X272.813 Y272.813 E49.70059
G1 X727.187 Y727.187 E2774.11918
G1 X715.675 Y727.187 E49.70059
;WIPE_START
G1 F600
G1 X725.675 Y727.187 E-30
;WIPE_END
G1 Z462.5 F15000
G1 X586.92 Y272.813 Z462.5
G1 Z461.5
G1 E40 F9000
G1 F2779.614
G1 X598.432 Y272.813 E49.70059
G1 X727.187 Y401.568 E786.09564
G1 X727.187 Y413.08 E49.70059
;WIPE_START
G1 F600
G1 X727.187 Y403.08 E-30
;WIPE_END
G1 Z462.5 F15000
G1 X575.89 Y272.813 Z462.5
G1 Z461.5
G1 E40 F9000
G1 F2779.614
G1 X564.378 Y272.813 E49.70059
G1 X272.813 Y564.377 E1780.10741
G1 X272.813 Y575.89 E49.70059
M73 P99 R2
;WIPE_START
G1 F600
G1 X272.813 Y565.89 E-30
;WIPE_END
G1 Z462.5 F15000
G1 X413.08 Y272.813 Z462.5
G1 Z461.5
G1 E40 F9000
G1 F2779.614
G1 X401.568 Y272.813 E49.70059
G1 X272.813 Y401.568 E786.09564
G1 X272.813 Y413.08 E49.70059
; stop printing object Cube id:0 copy 0
;LAYER_CHANGE
;Z:463
;HEIGHT:1.5
;BEFORE_LAYER_CHANGE
;463
G92 E0

EXCLUDE_OBJECT_END NAME=Cube_id_0_copy_0
;AFTER_LAYER_CHANGE
;463
;_SET_FAN_SPEED_CHANGING_LAYER
; printing object Cube id:0 copy 0
;WIPE_START
G1 F600
G1 X272.813 Y403.08 E-30
;WIPE_END
EXCLUDE_OBJECT_START NAME=Cube_id_0_copy_0
G1 Z464 F15000
G1 X270.366 Y270.366 Z464
G1 Z463
G1 E40 F9000
;TYPE:Outer wall
;WIDTH:3.2
G1 F2779.615
G1 X729.634 Y270.366 E1982.72102
G1 F2760
G1 X729.634 Y729.634 E1982.72107
G1 X270.366 Y729.634 E1982.72102
G1 X270.366 Y270.666 E1981.42588
;WIPE_START
G1 F600
G1 X280.366 Y270.66 E-30
;WIPE_END
G1 Z464 F15000
G1 X272.957 Y412.936 Z464
G1 Z463
M73 P99 R1
G1 E40 F9000
;TYPE:Sparse infill
;WIDTH:3.2
G1 F2779.614
G1 X272.957 Y401.424 E49.70059
G1 X401.424 Y272.957 E784.33845
G1 X412.936 Y272.957 E49.70059
;WIPE_START
G1 F600
G1 X402.936 Y272.957 E-30
;WIPE_END
G1 Z464 F15000
G1 X272.957 Y575.746 Z464
G1 Z463
G1 E40 F9000
G1 F2779.614
G1 X272.957 Y564.234 E49.70059
G1 X564.234 Y272.957 E1778.35023
G1 X575.746 Y272.957 E49.70059
;WIPE_START
G1 F600
G1 X565.746 Y272.957 E-30
;WIPE_END
G1 Z464 F15000
G1 X727.043 Y412.936 Z464
G1 Z463
G1 E40 F9000
G1 F2779.614
G1 X727.043 Y401.424 E49.70059
G1 X598.576 Y272.957 E784.33847
G1 X587.064 Y272.957 E49.70059
;WIPE_START
G1 F600
G1 X597.064 Y272.957 E-30
;WIPE_END
G1 Z464 F15000
G1 X727.043 Y575.746 Z464
G1 Z463
G1 E40 F9000
G1 F2779.614
G1 X727.043 Y564.234 E49.70059
G1 X435.766 Y272.957 E1778.35024
G1 X424.254 Y272.957 E49.70059
;WIPE_START
G1 F600
G1 X434.254 Y272.957 E-30
;WIPE_END
G1 Z464 F15000
G1 X424.254 Y727.043 Z464
G1 Z463
G1 E40 F9000
G1 F2779.614
G1 X435.766 Y727.043 E49.70059
G1 X727.043 Y435.766 E1778.35025
G1 X727.043 Y424.254 E49.70059
;WIPE_START
G1 F600
G1 X727.043 Y434.254 E-30
;WIPE_END
G1 Z464 F15000
G1 X715.531 Y727.043 Z464
G1 Z463
G1 E40 F9000
G1 F2779.614
G1 X727.043 Y727.043 E49.70059
G1 X272.957 Y272.957 E2772.36199
G1 X284.469 Y272.957 E49.70059
M73 P99 R0
;WIPE_START
G1 F600
G1 X274.469 Y272.957 E-30
;WIPE_END
G1 Z464 F15000
G1 X284.469 Y727.043 Z464
G1 Z463
G1 E40 F9000
G1 F2779.614
G1 X272.957 Y727.043 E49.70025
G1 X727.043 Y272.957 E2772.36154
G1 X715.531 Y272.957 E49.70027
;WIPE_START
G1 F600
G1 X725.531 Y272.957 E-30
;WIPE_END
G1 Z464 F15000
G1 X587.064 Y727.043 Z464
G1 Z463
G1 E40 F9000
G1 F2779.614
G1 X598.576 Y727.043 E49.70059
G1 X727.043 Y598.576 E784.33848
G1 X727.043 Y587.064 E49.70059
;WIPE_START
G1 F600
G1 X727.043 Y597.064 E-30
;WIPE_END
G1 Z464 F15000
G1 X575.746 Y727.043 Z464
G1 Z463
G1 E40 F9000
G1 F2779.614
G1 X564.234 Y727.043 E49.70059
G1 X272.957 Y435.766 E1778.35023
G1 X272.957 Y424.254 E49.70059
;WIPE_START
G1 F600
G1 X272.957 Y434.254 E-30
;WIPE_END
G1 Z464 F15000
G1 X412.936 Y727.043 Z464
G1 Z463
G1 E40 F9000
G1 F2779.614
G1 X401.424 Y727.043 E49.70059
G1 X272.957 Y598.576 E784.33846
G1 X272.957 Y587.064 E49.70059
; stop printing object Cube id:0 copy 0
;WIPE_START
G1 F600
G1 X272.957 Y597.064 E-30
;WIPE_END
EXCLUDE_OBJECT_END NAME=Cube_id_0_copy_0
M106 S0
;TYPE:Custom
; filament end gcode 
M106 P3 S0
END_PRINT
M73 P100 R0
; EXECUTABLE_BLOCK_END

; filament used [mm] = 8170077.61
; filament used [cm3] = 8170.09
; filament used [g] = 10049.21
; filament cost = 60.30
; total filament used [g] = 10049.21
; total filament cost = 60.30
; total layers count = 309
; estimated printing time (normal mode) = 14h 58m 22s
; estimated first layer printing time (normal mode) = 3s

; CONFIG_BLOCK_START
; accel_to_decel_enable = 0
; accel_to_decel_factor = 50%
; activate_air_filtration = 0
; activate_chamber_temp_control = 0
; active_feeder_motor_name = mixing_stepper
; adaptive_bed_mesh_margin = 0
; adaptive_layer_height = 0
; adaptive_layer_min_height = 0.08
; adaptive_layer_surface_step = 1
; adaptive_pressure_advance = 0
; adaptive_pressure_advance_bridges = 0
; adaptive_pressure_advance_model = "0,0,0\n0,0,0"
; adaptive_pressure_advance_overhangs = 0
; additional_cooling_fan_speed = 70
; align_infill_direction_to_model = 0
; alternate_extra_wall = 0
; auxiliary_fan = 0
; bbl_calib_mark_logo = 1
; bbl_use_printhost = 0
; bed_custom_model = 
; bed_custom_texture = 
; bed_exclude_area = 0x0
; bed_mesh_max = 99999,99999
; bed_mesh_min = -99999,-99999
; bed_mesh_probe_distance = 50,50
; before_layer_change_gcode = ;BEFORE_LAYER_CHANGE\n;[layer_z]\nG92 E0\n
; best_object_pos = 0.5,0.5
; bottom_shell_layers = 2
; bottom_shell_thickness = 0
; bottom_solid_infill_flow_ratio = 1
; bottom_surface_density = 100%
; bottom_surface_pattern = monotonic
; bridge_acceleration = 50%
; bridge_angle = 0
; bridge_density = 100%
; bridge_flow = 1
; bridge_no_support = 0
; bridge_speed = 25
; brim_ears_detection_length = 1
; brim_ears_max_angle = 125
; brim_object_gap = 0
; brim_type = outer_only
; brim_width = 20
; calib_flowrate_topinfill_special_order = 0
; chamber_temperature = 0
; change_extrusion_role_gcode = 
; change_filament_gcode = 
; close_fan_the_first_x_layers = 4
; complete_print_exhaust_fan_speed = 70
; cool_plate_temp = 35
; cool_plate_temp_initial_layer = 35
; cooling_tube_length = 5
; cooling_tube_retraction = 91.5
; counterbore_hole_bridging = none
; curr_bed_type = High Temp Plate
; default_acceleration = 1500
; default_bed_type = 
; default_filament_colour = ""
; default_filament_profile = "Generic PLA"
; default_jerk = 5
; default_junction_deviation = 0
; default_print_profile = 1.50mm Standard @Ginger G1
; deretraction_speed = 200
; detect_narrow_internal_solid_infill = 1
; detect_overhang_wall = 1
; detect_thin_wall = 0
; different_settings_to_system = seam_slope_type;;
; disable_m73 = 0
; dont_filter_internal_bridges = disabled
; dont_slow_down_outer_wall = 0
; draft_shield = disabled
; during_print_exhaust_fan_speed = 70
; elefant_foot_compensation = 0
; elefant_foot_compensation_layers = 1
; emit_machine_limits_to_gcode = 1
; enable_arc_fitting = 0
; enable_extra_bridge_layer = disabled
; enable_filament_ramming = 1
; enable_long_retraction_when_cut = 0
; enable_overhang_bridge_fan = 0
; enable_overhang_speed = 0
; enable_pressure_advance = 1
; enable_prime_tower = 0
; enable_support = 0
; enforce_support_layers = 0
; eng_plate_temp = 0
; eng_plate_temp_initial_layer = 0
; ensure_vertical_shell_thickness = none
; exclude_object = 1
; extra_loading_move = -2
; extra_perimeters_on_overhangs = 0
; extra_solid_infills = 
; extruder_clearance_height_to_lid = 200
; extruder_clearance_height_to_rod = 100
; extruder_clearance_radius = 200
; extruder_colour = #d72828
; extruder_offset = 0x0
; extruder_rotation_volume = 456
; extrusion_rate_smoothing_external_perimeter_only = 0
; fan_cooling_layer_time = 100
; fan_kickstart = 0
; fan_max_speed = 0
; fan_min_speed = 0
; fan_speedup_overhangs = 1
; fan_speedup_time = 0
; filament_colour = #d72828
; filament_cooling_final_speed = 3.4
; filament_cooling_initial_speed = 2.2
; filament_cooling_moves = 4
; filament_cost = 6
; filament_density = 1.23
; filament_deretraction_speed = 150
; filament_diameter = 1.12838
; filament_end_gcode = "; filament end gcode \nM106 P3 S0\n"
; filament_flow_ratio = 1
; filament_ids = P510eff9
; filament_is_support = 0
; filament_loading_speed = 28
; filament_loading_speed_start = 3
; filament_max_volumetric_speed = 200
; filament_minimal_purge_on_wipe_tower = 15
; filament_multitool_ramming = 0
; filament_multitool_ramming_flow = 10
; filament_multitool_ramming_volume = 10
; filament_notes = ""
; filament_ramming_parameters = "120 100 6.6 6.8 7.2 7.6 7.9 8.2 8.7 9.4 9.9 10.0| 0.05 6.6 0.45 6.8 0.95 7.8 1.45 8.3 1.95 9.7 2.45 10 2.95 7.6 3.45 7.6 3.95 7.6 4.45 7.6 4.95 7.6"
; filament_retract_before_wipe = 0%
; filament_retract_restart_extra = 10
; filament_retract_when_changing_layer = 0
; filament_retraction_length = 30
; filament_retraction_minimum_travel = 5
; filament_retraction_speed = 150
; filament_settings_id = "Generic PLA"
; filament_shrink = 100%
; filament_shrinkage_compensation_z = 100%
; filament_soluble = 0
; filament_stamping_distance = 0
; filament_stamping_loading_speed = 0
; filament_start_gcode = "SET_PRESSURE_ADVANCE EXTRUDER=extruder SMOOTH_TIME=0.5"
; filament_toolchange_delay = 0
; filament_type = PLA
; filament_unloading_speed = 90
; filament_unloading_speed_start = 100
; filament_vendor = Generic
; filament_wipe = 1
; filament_wipe_distance = 10
; filament_z_hop = 1
; filament_z_hop_types = Normal Lift
; filename_format = {input_filename_base}_{filament_type[initial_tool]}_{print_time}.gcode
; fill_multiline = 1
; filter_out_gap_fill = 0
; first_layer_print_sequence = 0
; flush_into_infill = 0
; flush_into_objects = 0
; flush_into_support = 1
; flush_multiplier = 0.3
; flush_volumes_matrix = 0
; flush_volumes_vector = 140,140
; full_fan_speed_layer = 8
; fuzzy_skin = none
; fuzzy_skin_first_layer = 0
; fuzzy_skin_mode = displacement
; fuzzy_skin_noise_type = classic
; fuzzy_skin_octaves = 4
; fuzzy_skin_persistence = 0.5
; fuzzy_skin_point_distance = 0.8
; fuzzy_skin_scale = 1
; fuzzy_skin_thickness = 0.3
; gap_fill_target = nowhere
; gap_infill_speed = 120
; gcode_add_line_number = 0
; gcode_comments = 0
; gcode_flavor = klipper
; gcode_label_objects = 1
; has_scarf_joint_seam = 0
; head_wrap_detect_zone = 
; high_current_on_filament_swap = 0
; hole_to_polyhole = 0
; hole_to_polyhole_threshold = 0.01
; hole_to_polyhole_twisted = 1
; host_type = octoprint
; hot_plate_temp = 50
; hot_plate_temp_initial_layer = 50
; idle_temperature = 0
; independent_support_layer_height = 1
; infill_anchor = 400%
; infill_anchor_max = 30
; infill_combination = 0
; infill_combination_max_layer_height = 100%
; infill_direction = 45
; infill_jerk = 5
; infill_lock_depth = 1
; infill_overhang_angle = 60
; infill_shift_step = 0.4
; infill_wall_overlap = 15%
; initial_layer_acceleration = 300
; initial_layer_infill_speed = 40
; initial_layer_jerk = 1
; initial_layer_line_width = 3.2
; initial_layer_min_bead_width = 85%
; initial_layer_print_height = 1
; initial_layer_speed = 40
; initial_layer_travel_speed = 100%
; inner_wall_acceleration = 1500
; inner_wall_jerk = 5
; inner_wall_line_width = 3.2
; inner_wall_speed = 120
; interface_shells = 0
; interlocking_beam = 0
; interlocking_beam_layer_count = 2
; interlocking_beam_width = 0.8
; interlocking_boundary_avoidance = 2
; interlocking_depth = 2
; interlocking_orientation = 22.5
; internal_bridge_angle = 0
; internal_bridge_density = 100%
; internal_bridge_fan_speed = -1
; internal_bridge_flow = 1
; internal_bridge_speed = 150%
; internal_solid_infill_acceleration = 100%
; internal_solid_infill_line_width = 3.2
; internal_solid_infill_pattern = monotonic
; internal_solid_infill_speed = 120
; ironing_angle = -1
; ironing_fan_speed = -1
; ironing_flow = 10%
; ironing_inset = 0
; ironing_pattern = rectilinear
; ironing_spacing = 0.1
; ironing_speed = 20
; ironing_type = no ironing
; is_infill_first = 0
; lateral_lattice_angle_1 = -45
; lateral_lattice_angle_2 = 45
; layer_change_gcode = ;AFTER_LAYER_CHANGE\n;[layer_z]
; layer_height = 1.5
; line_width = 3.2
; long_retractions_when_cut = 0
; machine_end_gcode = END_PRINT
; machine_load_filament_time = 0
; machine_max_acceleration_e = 1000,5000
; machine_max_acceleration_extruding = 2500,20000
; machine_max_acceleration_retracting = 2500,5000
; machine_max_acceleration_travel = 20000,20000
; machine_max_acceleration_x = 2500,20000
; machine_max_acceleration_y = 2500,20000
; machine_max_acceleration_z = 200,200
; machine_max_jerk_e = 30,2.5
; machine_max_jerk_x = 7,9
; machine_max_jerk_y = 7,9
; machine_max_jerk_z = 1,0.4
; machine_max_junction_deviation = 0,0
; machine_max_speed_e = 500,25
; machine_max_speed_x = 300,200
; machine_max_speed_y = 300,200
; machine_max_speed_z = 8,12
; machine_min_extruding_rate = 0,0
; machine_min_travel_rate = 0,0
; machine_pause_gcode = PAUSE
; machine_start_gcode = START_PRINT BED_TEMPERATURE=[bed_temperature_initial_layer] KAMP_LEVELING=1 EXTRUDER_ROTATION_VOLUME={extruder_rotation_volume[0]} MIXING_STEPPER_ROTATION_VOLUME={mixing_stepper_rotation_volume[0]} PURGE_LAYER_HEIGHT=2 PURGE_PARKING_SPEED=10000 PURGE_LENGHT=500 PURGE_SPEED=400 PURGE_MATERIAL_QUANTITY=15000 EXTRUDER_TEMPERATURE=[nozzle_temperature] EXTRUDER_TEMPERATURE_INITIAL_LAYER=[nozzle_temperature_initial_layer] PRESSURE_ADVANCE=0.2 PRESSURE_ADVANCE_SMOOTH_TIME=0.5 ZONE_1_TEMPERATURE={multi_zone_1_initial_layer[0]} ZONE_2_TEMPERATURE={multi_zone_2_initial_layer[0]} ZONE_3_TEMPERATURE={multi_zone_3_initial_layer[0]}
; machine_tool_change_time = 0
; machine_unload_filament_time = 0
; make_overhang_printable = 0
; make_overhang_printable_angle = 55
; make_overhang_printable_hole_size = 0
; manual_filament_change = 0
; max_bridge_length = 10
; max_layer_height = 2.5
; max_resonance_avoidance_speed = 120
; max_travel_detour_distance = 0
; max_volumetric_extrusion_rate_slope = 200
; max_volumetric_extrusion_rate_slope_segment_length = 1
; min_bead_width = 50%
; min_feature_size = 25%
; min_layer_height = 0.1
; min_length_factor = 0.5
; min_resonance_avoidance_speed = 70
; min_skirt_length = 0
; min_width_top_surface = 300%
; minimum_sparse_infill_area = 15
; mixing_stepper_rotation_volume = 8000
; mmu_segmented_region_interlocking_depth = 0
; mmu_segmented_region_max_width = 0
; multi_zone = 1
; multi_zone_10_initial_layer = 200
; multi_zone_10_temperature = 200
; multi_zone_1_initial_layer = 200
; multi_zone_1_temperature = 200
; multi_zone_2_initial_layer = 200
; multi_zone_2_temperature = 200
; multi_zone_3_initial_layer = 200
; multi_zone_3_temperature = 200
; multi_zone_4_initial_layer = 200
; multi_zone_4_temperature = 200
; multi_zone_5_initial_layer = 200
; multi_zone_5_temperature = 200
; multi_zone_6_initial_layer = 200
; multi_zone_6_temperature = 200
; multi_zone_7_initial_layer = 200
; multi_zone_7_temperature = 200
; multi_zone_8_initial_layer = 200
; multi_zone_8_temperature = 200
; multi_zone_9_initial_layer = 200
; multi_zone_9_temperature = 200
; multi_zone_number = 3
; notes = 
; nozzle_diameter = 3
; nozzle_height = 2.5
; nozzle_hrc = 0
; nozzle_temperature = 220
; nozzle_temperature_initial_layer = 220
; nozzle_temperature_range_high = 220
; nozzle_temperature_range_low = 180
; nozzle_type = undefine
; nozzle_volume = 0
; only_one_wall_first_layer = 0
; only_one_wall_top = 0
; ooze_prevention = 0
; other_layers_print_sequence = 0
; other_layers_print_sequence_nums = 0
; outer_wall_acceleration = 1500
; outer_wall_jerk = 5
; outer_wall_line_width = 3.2
; outer_wall_speed = 120
; overhang_1_4_speed = 0
; overhang_2_4_speed = 30
; overhang_3_4_speed = 20
; overhang_4_4_speed = 10
; overhang_fan_speed = 100
; overhang_fan_threshold = 50%
; overhang_reverse = 0
; overhang_reverse_internal_only = 1
; overhang_reverse_threshold = 0%
; parking_pos_retraction = 92
; pellet_ers_mode = 0
; pellet_flow_coefficient = 1
; pellet_modded_printer = 1
; post_process = 
; precise_outer_wall = 0
; precise_z_height = 0
; preferred_orientation = 0
; preheat_steps = 1
; preheat_time = 30
; pressure_advance = 0.3
; prime_tower_brim_width = 3
; prime_tower_width = 60
; prime_volume = 45
; print_compatible_printers = "Ginger G1 3.0 nozzle"
; print_flow_ratio = 1
; print_order = default
; print_sequence = by layer
; print_settings_id = 1.50mm Standard
; printable_area = 0x0,1000x0,1000x1000,0x1000
; printable_height = 1000
; printer_model = Ginger G1
; printer_notes = 
; printer_settings_id = Ginger G1 3.0 nozzle
; printer_structure = undefine
; printer_technology = FFF
; printer_variant = 3.0
; printhost_authorization_type = key
; printhost_ssl_ignore_revoke = 0
; printing_by_object_gcode = 
; purge_in_prime_tower = 1
; raft_contact_distance = 0.1
; raft_expansion = 1.5
; raft_first_layer_density = 100%
; raft_first_layer_expansion = 2
; raft_layers = 0
; reduce_crossing_wall = 0
; reduce_fan_stop_start_freq = 0
; reduce_infill_retraction = 0
; required_nozzle_HRC = 0
; resolution = 0.05
; resonance_avoidance = 0
; retract_before_wipe = 0%
; retract_length_toolchange = 2
; retract_lift_above = 0
; retract_lift_below = 0
; retract_lift_enforce = All Surfaces
; retract_restart_extra = 10
; retract_restart_extra_toolchange = 0
; retract_when_changing_layer = 0
; retraction_distances_when_cut = 18
; retraction_length = 10
; retraction_minimum_travel = 10
; retraction_speed = 30
; role_based_wipe_speed = 0
; scan_first_layer = 0
; scarf_angle_threshold = 155
; scarf_joint_flow_ratio = 1
; scarf_joint_speed = 100%
; scarf_overhang_threshold = 40%
; seam_gap = 10%
; seam_position = nearest
; seam_slope_conditional = 0
; seam_slope_entire_loop = 0
; seam_slope_inner_walls = 0
; seam_slope_min_length = 5
; seam_slope_start_height = 50%
; seam_slope_steps = 10
; seam_slope_type = none
; silent_mode = 0
; single_extruder_multi_material = 1
; single_extruder_multi_material_priming = 0
; single_loop_draft_shield = 0
; skeleton_infill_density = 25%
; skeleton_infill_line_width = 3
; skin_infill_density = 25%
; skin_infill_depth = 2
; skin_infill_line_width = 3
; skirt_distance = 10
; skirt_height = 1
; skirt_loops = 1
; skirt_speed = 50
; skirt_start_angle = -135
; skirt_type = combined
; slice_closing_radius = 0.049
; slicing_mode = regular
; slow_down_for_layer_cooling = 1
; slow_down_layer_time = 50
; slow_down_layers = 0
; slow_down_min_speed = 1
; slowdown_for_curled_perimeters = 0
; small_area_infill_flow_compensation = 0
; small_area_infill_flow_compensation_model = 0,0;"\n0.2,0.4444";"\n0.4,0.6145";"\n0.6,0.7059";"\n0.8,0.7619";"\n1.5,0.8571";"\n10,1";"\n2,0.8889";"\n3,0.9231";"\n5,0.9520"
; small_perimeter_speed = 50%
; small_perimeter_threshold = 0
; solid_infill_direction = 45
; solid_infill_filament = 1
; solid_infill_rotate_template = 
; sparse_infill_acceleration = 1500
; sparse_infill_density = 5%
; sparse_infill_filament = 1
; sparse_infill_line_width = 3.2
; sparse_infill_pattern = grid
; sparse_infill_rotate_template = 
; sparse_infill_speed = 120
; spiral_finishing_flow_ratio = 0
; spiral_mode = 0
; spiral_mode_max_xy_smoothing = 200%
; spiral_mode_smooth = 1
; spiral_starting_flow_ratio = 0
; staggered_inner_seams = 0
; standby_temperature_delta = -5
; start_end_points = 30x-3,54x245
; supertack_plate_temp = 35
; supertack_plate_temp_initial_layer = 35
; support_air_filtration = 0
; support_angle = 0
; support_base_pattern = default
; support_base_pattern_spacing = 2.5
; support_bottom_interface_spacing = 0.5
; support_bottom_z_distance = 0.2
; support_chamber_temp_control = 0
; support_critical_regions_only = 1
; support_expansion = 0
; support_filament = 0
; support_interface_bottom_layers = 0
; support_interface_filament = 0
; support_interface_loop_pattern = 0
; support_interface_not_for_body = 1
; support_interface_pattern = auto
; support_interface_spacing = 2
; support_interface_speed = 80
; support_interface_top_layers = 3
; support_ironing = 0
; support_ironing_flow = 10%
; support_ironing_pattern = rectilinear
; support_ironing_spacing = 0.1
; support_line_width = 3.2
; support_material_interface_fan_speed = -1
; support_multi_bed_types = 0
; support_object_first_layer_gap = 0.2
; support_object_xy_distance = 10
; support_on_build_plate_only = 1
; support_remove_small_overhang = 1
; support_speed = 120
; support_style = default
; support_threshold_angle = 30
; support_threshold_overlap = 50%
; support_top_z_distance = 0.3
; support_type = tree(auto)
; symmetric_infill_y_axis = 0
; temperature_vitrification = 55
; template_custom_gcode = 
; textured_cool_plate_temp = 40
; textured_cool_plate_temp_initial_layer = 40
; textured_plate_temp = 55
; textured_plate_temp_initial_layer = 55
; thick_bridges = 0
; thick_internal_bridges = 0
; thumbnails = 50x50/PNG
; thumbnails_format = PNG
; time_cost = 0
; time_lapse_gcode = 
; timelapse_type = 0
; top_bottom_infill_wall_overlap = 10%
; top_shell_layers = 0
; top_shell_thickness = 0.6
; top_solid_infill_flow_ratio = 1
; top_surface_acceleration = 1500
; top_surface_density = 100%
; top_surface_jerk = 5
; top_surface_line_width = 3.2
; top_surface_pattern = concentric
; top_surface_speed = 120
; travel_acceleration = 1500
; travel_jerk = 5
; travel_slope = 3
; travel_speed = 250
; travel_speed_z = 0
; tree_support_adaptive_layer_height = 1
; tree_support_angle_slow = 30
; tree_support_auto_brim = 1
; tree_support_branch_angle = 40
; tree_support_branch_angle_organic = 50
; tree_support_branch_diameter = 5
; tree_support_branch_diameter_angle = 5
; tree_support_branch_diameter_organic = 10
; tree_support_branch_distance = 5
; tree_support_branch_distance_organic = 1
; tree_support_brim_width = 3
; tree_support_tip_diameter = 9
; tree_support_top_rate = 30%
; tree_support_wall_count = 0
; upward_compatible_machine = 
; use_active_pellet_feeding = 1
; use_extruder_rotation_volume = 1
; use_firmware_retraction = 0
; use_relative_e_distances = 1
; wall_direction = auto
; wall_distribution_count = 1
; wall_filament = 1
; wall_generator = arachne
; wall_loops = 1
; wall_sequence = inner wall/outer wall
; wall_transition_angle = 10
; wall_transition_filter_deviation = 25%
; wall_transition_length = 100%
; wipe = 1
; wipe_before_external_loop = 0
; wipe_distance = 10
; wipe_on_loops = 1
; wipe_speed = 8
; wipe_tower_bridging = 10
; wipe_tower_cone_angle = 0
; wipe_tower_extra_flow = 100%
; wipe_tower_extra_rib_length = 0
; wipe_tower_extra_spacing = 100%
; wipe_tower_filament = 0
; wipe_tower_fillet_wall = 1
; wipe_tower_max_purge_speed = 90
; wipe_tower_no_sparse_layers = 0
; wipe_tower_rib_width = 8
; wipe_tower_rotation_angle = 0
; wipe_tower_wall_type = rectangle
; wipe_tower_x = 165.000
; wipe_tower_x = 165
; wipe_tower_y = 250.000
; wipe_tower_y = 250
; wiping_volumes_extruders = 70,70,70,70,70,70,70,70,70,70
; xy_contour_compensation = 0
; xy_hole_compensation = 0
; z_hop = 1
; z_hop_types = Normal Lift
; z_offset = 0
; first_layer_bed_temperature = 50
; bed_shape = 0x0,1000x0,1000x1000,0x1000
; first_layer_temperature = 220
; first_layer_height = 1.000
; CONFIG_BLOCK_END


