; HEADER_BLOCK_START
; generated by OrcaSlicer 2.3.3 on 2026-04-08 at 21:33:15
; total layer number: 338
; filament_density: 1.23
; filament_diameter: 1.12838
; max_z_height: 506.50
; HEADER_BLOCK_END

; THUMBNAIL_BLOCK_START

;
; thumbnail begin 50x50 932
; iVBORw0KGgoAAAANSUhEUgAAADIAAAAyCAYAAAAeP4ixAAACgElEQVR4Ae2ZP0vrUBjGD2qx2BBipY
; nRtkZrl3sX4W5XEN1EHBwEJ0UQR9FBRUHs4KDg0EFBFynqIAgqOig4WHRw9SP4EfoRjucVIsfQ2Jyc
; k+QU88ADpX/S/vq878OhRSiWNy1nMmWw0tKioWZUsb196DSff3stFjEYbsN9qJk0o2krNgDtx0KhBo
; 9Jnw58wMNstloPgjY8x0wkLCSjJlR1vhGAMx14DZJJW4ZRYYGgvWeaN5GPGizvlWW9+4WwDdcYUZQp
; FIUW0ukSL4Bz1OCaoaXjrFXRhiIIvKbdalW07ZpGogVx8yw0TzrCalrUQvOkw10EcEaKCsBpX+e1oB
; far5nPa2u6Xn0qFKSCAD8PDuINw3jzDLLY1VXd7+nB15YlDcRtfz/eNAw8l06zgeyaJgZXcjn8Qr6J
; KCGOyWdY1fVP+wYBH/T24vuBgdABHsh7bnd3f0Fwg4Bh1C7JqIWVzlk+/w1AGIjto2wWB1kEsNB75E
; urByEUhE5HNMRFX58rQCAgdDqiRu2AXKsRRGAg4DJJ545Uo8iFjgTEHrVzspys6ZxQtSoFCD1qjx6K
; AFLYIc9nhQgNxEsRuNWqdCBuNQ216nWhpQKx04EiYF1o6UBsiwCIQWKQGCQGcRf5LWloWtMqsoGQH+
; 2qamurhVg1nEqtlAyjJgPI/1SqhHgE6azr+ntUIEuZTC2XSIwiUZpU1XLYIOOqWkFBCNLxM2p+IISm
; 4CbWImBdaBSm/iSTU17T8Qrxr6ND/F8JXgSjNtvZecMLAinobW3R/wffqAh+ghhTlDKSST/VdCi1Kl
; r1iiDyhfYrZxHQEH+TyXnUTKLPa1znJFkE5zXuc9Jv0gcfZY+aKvI2HwAAAABJRU5ErkJggg==
; thumbnail end
; THUMBNAIL_BLOCK_END

; external perimeters extrusion width = 3.20mm
; perimeters extrusion width = 3.20mm
; infill extrusion width = 3.20mm
; solid infill extrusion width = 3.20mm
; top infill extrusion width = 3.20mm
; first layer extrusion width = 3.20mm

; EXECUTABLE_BLOCK_START
EXCLUDE_OBJECT_DEFINE NAME=Cube_id_0_copy_0 CENTER=500,500 POLYGON=[[246.444,246.444],[753.556,246.444],[753.556,753.556],[246.444,753.556],[246.444,246.444]]
M73 P0 R972
;TYPE:Custom
START_PRINT BED_TEMPERATURE=50 KAMP_LEVELING=1 EXTRUDER_ROTATION_VOLUME=456 MIXING_STEPPER_ROTATION_VOLUME=8000 PURGE_LAYER_HEIGHT=2 PURGE_PARKING_SPEED=10000 PURGE_LENGHT=500 PURGE_SPEED=400 PURGE_MATERIAL_QUANTITY=15000 EXTRUDER_TEMPERATURE=220 EXTRUDER_TEMPERATURE_INITIAL_LAYER=220 PRESSURE_ADVANCE=0.2 PRESSURE_ADVANCE_SMOOTH_TIME=0.5 ZONE_1_TEMPERATURE=200 ZONE_2_TEMPERATURE=200 ZONE_3_TEMPERATURE=200
G90
G21
M83 ; use relative distances for extrusion
SET_PRESSURE_ADVANCE EXTRUDER=extruder SMOOTH_TIME=0.5
SET_PRESSURE_ADVANCE ADVANCE=0.3; Override pressure advance value
SET_EXTRUDER_ROTATION_DISTANCE EXTRUDER=extruder DISTANCE=456
SET_EXTRUDER_ROTATION_DISTANCE EXTRUDER=mixing_stepper DISTANCE=8000
M106 S0
;LAYER_CHANGE
;Z:1
;HEIGHT:1
;BEFORE_LAYER_CHANGE
;1
G92 E0

;AFTER_LAYER_CHANGE
;1
;_SET_FAN_SPEED_CHANGING_LAYER
SET_VELOCITY_LIMIT ACCEL=300
SET_VELOCITY_LIMIT SQUARE_CORNER_VELOCITY=1
G1 E-30 F9000
G1 Z2 F15000
G1 X225.547 Y225.785
G1 Z1
G1 E40 F9000
;TYPE:Skirt
;WIDTH:3.2
G1 F3000
M73 P0 R971
G1 X226.745 Y224.619 E4.98976
G1 X229.505 Y222.414 E10.54727
G1 X232.089 Y220.786 E9.11757
G1 X235.271 Y219.25 E10.5473
G1 X237.332 Y218.492 E6.55694
G1 X240.281 Y217.697 E9.11755
G1 X243.774 Y217.165 E10.54731
G1 X246.444 Y217.039 E7.9814
G1 X753.985 Y217.047 E1515.21064
G1 X757.508 Y217.311 E10.54724
G1 X759.672 Y217.687 E6.55694
G1 X762.622 Y218.477 E9.11755
G1 X764.685 Y219.232 E6.55691
G1 X767.869 Y220.763 E10.54724
G1 X770.456 Y222.386 E9.11755
G1 X773.219 Y224.587 E10.54724
G1 X774.796 Y226.116 E6.55693
G1 X776.79 Y228.429 E9.11755
G1 X778.07 Y230.214 E6.55701
G1 X779.84 Y233.272 E10.54727
G1 X780.75 Y235.271 E6.55688
G1 X781.508 Y237.332 E6.55688
G1 X782.303 Y240.281 E9.11755
G1 X782.835 Y243.774 E10.54731
G1 X782.953 Y246.005 E6.67224
G1 X782.961 Y753.556 E1515.23877
G1 X782.839 Y756.179 E7.83809
G1 X782.313 Y759.672 E10.54736
G1 X781.523 Y762.622 E9.11768
G1 X780.768 Y764.685 E6.55691
G1 X779.237 Y767.869 E10.54736
G1 X778.097 Y769.746 E6.55688
G1 X776.82 Y771.533 E6.55688
G1 X774.829 Y773.849 E9.11743
G1 X773.255 Y775.381 E6.55692
G1 X770.495 Y777.586 E10.54736
G1 X767.911 Y779.214 E9.11768
G1 X764.729 Y780.75 E10.5473
G1 X762.668 Y781.508 E6.55688
G1 X759.719 Y782.303 E9.11755
G1 X756.226 Y782.835 E10.54736
G1 X753.556 Y782.961 E7.98145
G1 X246.444 Y782.961 E1513.9292
G1 X243.821 Y782.839 E7.83809
G1 X240.328 Y782.313 E10.54736
G1 X237.378 Y781.523 E9.11768
G1 X235.315 Y780.768 E6.55691
G1 X232.131 Y779.237 E10.54736
G1 X230.254 Y778.097 E6.55713
G1 X228.467 Y776.82 E6.55713
G1 X226.151 Y774.829 E9.11754
G1 X224.619 Y773.255 E6.55713
G1 X222.414 Y770.495 E10.54736
G1 X220.786 Y767.911 E9.11768
G1 X219.25 Y764.729 E10.5473
G1 X218.492 Y762.668 E6.55713
G1 X217.697 Y759.719 E9.11768
G1 X217.165 Y756.226 E10.54731
G1 X217.039 Y753.556 E7.98145
G1 X217.039 Y246.444 E1513.9292
G1 X217.161 Y243.821 E7.83809
G1 X217.687 Y240.328 E10.54736
G1 X218.477 Y237.378 E9.11768
G1 X219.232 Y235.315 E6.55691
G1 X220.763 Y232.131 E10.54736
G1 X221.903 Y230.254 E6.55713
G1 X223.18 Y228.467 E6.55713
G1 X225.171 Y226.151 E9.11754
G1 X225.332 Y225.994 E.67154
; printing object Cube id:0 copy 0
;WIPE_START
G1 X226.745 Y224.619 E-5.91417
G1 X229.505 Y222.414 E-10.59887
G1 X232.089 Y220.786 E-9.16217
G1 X233.387 Y220.159 E-4.32479
;WIPE_END
EXCLUDE_OBJECT_START NAME=Cube_id_0_copy_0
G1 Z2 F15000
G1 X234.519 Y235.166 Z2
G1 Z1
G1 E40 F9000
;TYPE:Brim
G1 F2400
G1 X235.266 Y234.418 E3.15674
G1 X236.195 Y233.617 E3.66174
G1 X237.181 Y232.888 E3.66162
G1 X238.219 Y232.234 E3.66177
G1 X239.303 Y231.66 E3.66162
G1 X240.427 Y231.168 E3.6617
G1 X241.584 Y230.761 E3.66162
G1 X242.768 Y230.442 E3.66162
G1 X243.973 Y230.212 E3.66173
G1 X245.191 Y230.073 E3.66016
G1 X246.472 Y230.024 E3.82861
G1 X753.528 Y230.024 E1513.76074
G1 X754.782 Y230.071 E3.745
M73 P0 R970
G1 X756.001 Y230.208 E3.66162
G1 X757.206 Y230.436 E3.66162
G1 X758.391 Y230.753 E3.66173
G1 X759.548 Y231.158 E3.66211
G1 X760.673 Y231.648 E3.66174
G1 X761.758 Y232.221 E3.66211
G1 X762.797 Y232.873 E3.66211
G1 X763.784 Y233.6 E3.66211
G1 X764.714 Y234.4 E3.66176
G1 X765.582 Y235.266 E3.66211
G1 X766.383 Y236.195 E3.66174
G1 X767.112 Y237.181 E3.66211
G1 X767.766 Y238.219 E3.66177
G1 X768.34 Y239.303 E3.66211
G1 X768.832 Y240.427 E3.6617
G1 X769.239 Y241.584 E3.66211
G1 X769.558 Y242.768 E3.66211
G1 X769.788 Y243.973 E3.66173
G1 X769.927 Y245.191 E3.66016
G1 X769.976 Y246.472 E3.8291
G1 X769.976 Y753.528 E1513.76074
G1 X769.929 Y754.782 E3.745
G1 X769.792 Y756.001 E3.66211
G1 X769.564 Y757.206 E3.66211
G1 X769.247 Y758.391 E3.66173
G1 X768.842 Y759.548 E3.66211
G1 X768.352 Y760.673 E3.66174
G1 X767.779 Y761.758 E3.66211
G1 X767.127 Y762.797 E3.66211
G1 X766.4 Y763.784 E3.66211
G1 X765.6 Y764.714 E3.66176
G1 X764.734 Y765.582 E3.66211
G1 X763.805 Y766.383 E3.66174
G1 X762.819 Y767.112 E3.66211
G1 X761.781 Y767.766 E3.66177
G1 X760.697 Y768.34 E3.66211
G1 X759.573 Y768.832 E3.6617
G1 X758.416 Y769.239 E3.66211
G1 X757.232 Y769.558 E3.66211
G1 X756.027 Y769.788 E3.66173
G1 X754.809 Y769.927 E3.66016
G1 X753.528 Y769.976 E3.8291
G1 X246.472 Y769.976 E1513.76074
G1 X245.218 Y769.929 E3.745
G1 X243.999 Y769.792 E3.66211
G1 X242.794 Y769.564 E3.66211
G1 X241.609 Y769.247 E3.66173
G1 X240.452 Y768.842 E3.66211
G1 X239.327 Y768.352 E3.66174
G1 X238.242 Y767.779 E3.66211
G1 X237.203 Y767.127 E3.66211
G1 X236.216 Y766.4 E3.66211
G1 X235.286 Y765.6 E3.66176
G1 X234.418 Y764.734 E3.66211
G1 X233.617 Y763.805 E3.66174
G1 X232.888 Y762.819 E3.66211
G1 X232.234 Y761.781 E3.66177
G1 X231.66 Y760.697 E3.66211
G1 X231.168 Y759.573 E3.6617
G1 X230.761 Y758.416 E3.66211
G1 X230.442 Y757.232 E3.66211
G1 X230.212 Y756.027 E3.66173
G1 X230.073 Y754.809 E3.66016
G1 X230.024 Y753.528 E3.8291
G1 X230.024 Y246.472 E1513.76074
G1 X230.071 Y245.218 E3.745
G1 X230.208 Y243.999 E3.66211
G1 X230.436 Y242.794 E3.66211
G1 X230.753 Y241.609 E3.66173
G1 X231.158 Y240.452 E3.66211
G1 X231.648 Y239.327 E3.66174
G1 X232.221 Y238.242 E3.66211
G1 X232.873 Y237.203 E3.66211
G1 X233.6 Y236.216 E3.66211
G1 X233.957 Y235.801 Z1 E1.63574
G1 X234.314 Y235.385 Z1 E1.63574
G1 X236.58 Y237.332 F15000
G1 F2400
G1 X236.615 Y237.292 E.15727
G1 X236.97 Y236.938 Z1 E1.49707
G1 X237.325 Y236.584 Z1 E1.49805
G1 X238.035 Y235.973 E2.7959
G1 X238.895 Y235.336 E3.19473
G1 X239.745 Y234.804 E2.99512
G1 X240.633 Y234.336 E2.99522
G1 X241.491 Y233.961 E2.7959
G1 X242.5 Y233.606 E3.19434
G1 X243.47 Y233.348 E2.99519
G1 X244.39 Y233.172 E2.7959
G1 X245.451 Y233.051 E3.19043
G1 X246.547 Y233.01 E3.27173
G1 X753.489 Y233.01 E1513.42285
G1 X754.592 Y233.054 E3.29492
M73 P0 R969
G1 X755.589 Y233.169 E2.99519
G1 X756.574 Y233.358 E2.99512
G1 X757.479 Y233.6 E2.7956
G1 X758.489 Y233.953 E3.19434
G1 X759.408 Y234.356 E2.9952
G1 X760.236 Y234.793 E2.7959
G1 X761.142 Y235.362 E3.19481
G1 X761.896 Y235.917 E2.7959
G1 X762.658 Y236.569 E2.99512
G1 X763.37 Y237.276 E2.99512
G1 X764.069 Y238.087 E3.19478
G1 X764.664 Y238.895 E2.99512
G1 X765.163 Y239.687 E2.7959
G1 X765.635 Y240.573 E2.99523
G1 X766.064 Y241.553 E3.19434
G1 X766.374 Y242.437 E2.7956
G1 X766.638 Y243.405 E2.99512
G1 X766.828 Y244.39 E2.99512
G1 X766.949 Y245.451 E3.19043
G1 X766.99 Y246.547 E3.27173
G1 X766.99 Y753.456 E1513.32324
G1 X766.951 Y754.525 E3.19531
G1 X766.831 Y755.589 E3.19477
G1 X766.642 Y756.574 E2.99512
G1 X766.4 Y757.479 E2.7956
G1 X766.072 Y758.426 E2.99512
G1 X765.644 Y759.408 E3.1948
G1 X765.174 Y760.294 E2.99512
G1 X764.676 Y761.087 E2.7956
G1 X764.083 Y761.896 E2.99512
G1 X763.385 Y762.708 E3.19485
G1 X762.675 Y763.416 E2.99512
G1 X761.965 Y764.027 E2.7959
G1 X761.105 Y764.664 E3.19473
G1 X760.255 Y765.196 E2.99512
G1 X759.367 Y765.664 E2.99522
G1 X758.509 Y766.039 E2.7959
G1 X757.5 Y766.394 E3.19434
G1 X756.53 Y766.652 E2.99519
G1 X755.61 Y766.828 E2.7959
G1 X754.549 Y766.949 E3.19043
G1 X753.453 Y766.99 E3.27173
G1 X246.544 Y766.99 E1513.32227
G1 X245.475 Y766.951 E3.19531
G1 X244.411 Y766.831 E3.19477
G1 X243.426 Y766.642 E2.99609
G1 X242.521 Y766.4 E2.7956
G1 X241.574 Y766.072 E2.99609
G1 X240.592 Y765.644 E3.1948
G1 X239.706 Y765.174 E2.99609
G1 X238.913 Y764.676 E2.7956
G1 X238.104 Y764.083 E2.99609
G1 X237.292 Y763.385 E3.19485
G1 X236.584 Y762.675 E2.99609
G1 X235.973 Y761.965 E2.79557
G1 X235.336 Y761.105 E3.19531
G1 X234.804 Y760.255 E2.99609
G1 X234.336 Y759.367 E2.99609
G1 X233.961 Y758.509 E2.79551
G1 X233.606 Y757.5 E3.19531
G1 X233.348 Y756.53 E2.99609
G1 X233.172 Y755.61 E2.79555
G1 X233.051 Y754.549 E3.19141
G1 X233.01 Y753.453 E3.27173
G1 X233.01 Y246.544 E1513.32227
G1 X233.049 Y245.475 E3.19531
G1 X233.169 Y244.411 E3.19477
G1 X233.358 Y243.426 E2.99609
G1 X233.6 Y242.521 E2.7956
G1 X233.928 Y241.574 E2.99609
G1 X234.356 Y240.592 E3.1948
G1 X234.826 Y239.706 E2.99609
G1 X235.324 Y238.913 E2.7956
G1 X235.917 Y238.104 E2.99609
G1 X236.385 Y237.56 E2.14258
G1 X238.644 Y239.514 F15000
G1 F2400
G1 X238.828 Y239.301 E.83997
G1 X239.334 Y238.798 E2.12891
G1 X239.874 Y238.329 E2.13672
G1 X240.55 Y237.826 E2.5137
G1 X241.265 Y237.378 E2.51953
G1 X241.9 Y237.043 E2.14453
G1 X242.555 Y236.754 E2.13674
G1 X243.415 Y236.452 E2.7207
G1 X244.104 Y236.268 E2.12891
G1 X244.806 Y236.132 E2.13672
G1 X245.711 Y236.029 E2.71875
G1 X246.62 Y235.995 E2.7135
G1 X753.412 Y235.996 E1512.97656
G1 X754.328 Y236.031 E2.73714
G1 X755.169 Y236.128 E2.52734
G1 X755.875 Y236.263 E2.14349
G1 X756.567 Y236.446 E2.13672
G1 X757.427 Y236.747 E2.7207
G1 X758.08 Y237.033 E2.12891
G1 X758.714 Y237.365 E2.13685
G1 X759.432 Y237.813 E2.52734
G1 X760.062 Y238.278 E2.33639
G1 X760.608 Y238.744 E2.14258
G1 X761.16 Y239.289 E2.31428
G1 X761.753 Y239.977 E2.71289
G1 X762.176 Y240.551 E2.12891
G1 X762.562 Y241.16 E2.15131
G1 X762.96 Y241.907 E2.52734
G1 X763.295 Y242.68 E2.51371
G1 X763.53 Y243.356 E2.13672
G1 X763.719 Y244.048 E2.14258
G1 X763.868 Y244.809 E2.31385
G1 X763.971 Y245.711 E2.71094
G1 X764.005 Y246.62 E2.7135
G1 X764.005 Y753.384 E1512.89258
G1 X763.968 Y754.337 E2.84536
M73 P0 R968
G1 X763.871 Y755.174 E2.51758
G1 X763.737 Y755.875 E2.12901
G1 X763.553 Y756.571 E2.15039
G1 X763.3 Y757.307 E2.32199
G1 X762.937 Y758.14 E2.71289
G1 X762.603 Y758.77 E2.12906
G1 X762.222 Y759.381 E2.15039
G1 X761.721 Y760.064 E2.52818
G1 X761.172 Y760.699 E2.50586
G1 X760.666 Y761.202 E2.12899
G1 X760.126 Y761.671 E2.13672
G1 X759.45 Y762.174 E2.5137
G1 X758.735 Y762.622 E2.51953
G1 X758.1 Y762.957 E2.14453
G1 X757.445 Y763.246 E2.13674
G1 X756.585 Y763.548 E2.7207
G1 X755.896 Y763.732 E2.12891
G1 X755.194 Y763.868 E2.13672
G1 X754.289 Y763.971 E2.71875
G1 X753.38 Y764.005 E2.7135
G1 X246.616 Y764.005 E1512.89258
G1 X245.663 Y763.968 E2.84536
G1 X244.826 Y763.871 E2.51758
G1 X244.125 Y763.737 E2.12901
G1 X243.429 Y763.553 E2.15039
G1 X242.693 Y763.3 E2.32199
G1 X241.86 Y762.937 E2.71289
G1 X241.23 Y762.603 E2.12906
G1 X240.619 Y762.222 E2.15039
G1 X239.936 Y761.721 E2.52818
G1 X239.301 Y761.172 E2.50586
G1 X238.798 Y760.666 E2.12899
G1 X238.329 Y760.126 E2.13672
G1 X237.826 Y759.45 E2.5137
G1 X237.378 Y758.735 E2.51953
G1 X237.043 Y758.1 E2.14453
G1 X236.754 Y757.445 E2.13674
G1 X236.452 Y756.585 E2.7207
G1 X236.268 Y755.896 E2.12891
G1 X236.132 Y755.194 E2.13672
G1 X236.029 Y754.289 E2.71875
G1 X235.995 Y753.38 E2.7135
G1 X235.995 Y246.616 E1512.89258
G1 X236.032 Y245.663 E2.84536
G1 X236.129 Y244.826 E2.51758
G1 X236.263 Y244.125 E2.12901
G1 X236.447 Y243.429 E2.15039
G1 X236.7 Y242.693 E2.32199
G1 X237.063 Y241.86 E2.71289
G1 X237.397 Y241.23 E2.12906
G1 X237.778 Y240.619 E2.15039
G1 X238.279 Y239.936 E2.52734
G1 X238.448 Y239.741 E.77049
G1 X240.71 Y241.695 F15000
G1 F2400
G1 X241.074 Y241.274 E1.66211
G1 X241.45 Y240.912 E1.55874
G1 X242.197 Y240.322 E2.84375
G1 X242.571 Y240.074 E1.33833
G1 X243.034 Y239.818 E1.57813
G1 X243.561 Y239.576 E1.73047
G1 X244.355 Y239.288 E2.52148
G1 X244.776 Y239.177 E1.30078
G1 X245.574 Y239.045 E2.41278
G1 X246.506 Y238.981 E2.78906
G1 X753.492 Y238.981 E1513.55469
G1 X754.017 Y239.021 Z1 E1.57227
G1 X754.542 Y239.062 Z1 E1.57227
G1 X754.936 Y239.122 E1.18802
G1 X755.382 Y239.217 E1.36328
G1 X755.889 Y239.366 E1.57813
G1 X756.431 Y239.573 E1.73118
G1 X757.196 Y239.938 E2.53125
G1 X757.56 Y240.153 E1.26145
G1 X758.16 Y240.585 E2.20898
G1 X758.726 Y241.074 E2.23133
G1 X759.088 Y241.45 E1.55859
G1 X759.678 Y242.197 E2.84375
G1 X759.926 Y242.571 E1.33833
G1 X760.182 Y243.034 E1.57813
G1 X760.424 Y243.561 E1.73047
G1 X760.712 Y244.355 E2.52148
G1 X760.823 Y244.776 E1.30078
G1 X760.955 Y245.574 E2.41278
G1 X761.019 Y246.506 E2.78906
G1 X761.019 Y753.492 E1513.55469
G1 X760.979 Y754.017 Z1 E1.57227
M73 P0 R967
G1 X760.938 Y754.542 Z1 E1.57227
G1 X760.878 Y754.936 E1.18802
G1 X760.783 Y755.382 E1.36328
G1 X760.634 Y755.889 E1.57813
G1 X760.427 Y756.431 E1.73118
G1 X760.062 Y757.196 E2.53125
G1 X759.847 Y757.56 E1.26145
G1 X759.415 Y758.16 E2.20898
G1 X758.926 Y758.726 E2.23133
G1 X758.55 Y759.088 E1.55859
G1 X757.803 Y759.678 E2.84375
G1 X757.429 Y759.926 E1.33833
G1 X756.966 Y760.182 E1.57813
G1 X756.439 Y760.424 E1.73047
G1 X755.645 Y760.712 E2.52148
G1 X755.224 Y760.823 E1.30078
G1 X754.426 Y760.955 E2.41278
G1 X753.494 Y761.019 E2.78906
G1 X246.508 Y761.019 E1513.55469
G1 X245.983 Y760.979 Z1 E1.57227
G1 X245.458 Y760.938 Z1 E1.57227
G1 X245.064 Y760.878 E1.18802
G1 X244.618 Y760.783 E1.36328
G1 X244.111 Y760.634 E1.57813
G1 X243.569 Y760.427 E1.73118
G1 X242.804 Y760.062 E2.53125
G1 X242.44 Y759.847 E1.26145
G1 X241.84 Y759.415 E2.20898
G1 X241.274 Y758.926 E2.23133
G1 X240.912 Y758.55 E1.55859
G1 X240.322 Y757.803 E2.84375
G1 X240.074 Y757.429 E1.33833
G1 X239.818 Y756.966 E1.57813
G1 X239.576 Y756.439 E1.73047
G1 X239.288 Y755.645 E2.52148
G1 X239.177 Y755.224 E1.30078
G1 X239.045 Y754.426 E2.41278
G1 X238.981 Y753.494 E2.78906
G1 X238.981 Y246.508 E1513.55469
G1 X239.021 Y245.983 Z1 E1.57227
G1 X239.062 Y245.458 Z1 E1.57227
G1 X239.122 Y245.064 E1.18802
G1 X239.217 Y244.618 E1.36328
G1 X239.366 Y244.111 E1.57813
G1 X239.573 Y243.569 E1.73118
G1 X239.938 Y242.804 E2.53125
G1 X240.153 Y242.44 E1.26145
G1 X240.521 Y241.929 E1.88086
G1 X242.9 Y243.727 F15000
G1 F2400
G1 X242.977 Y243.625 E.38281
G1 X243.321 Y243.239 E1.54492
G1 X243.824 Y242.825 E1.94369
G1 X244.246 Y242.546 E1.51172
G1 X244.838 Y242.275 E1.94336
G1 X245.327 Y242.11 E1.53913
G1 X245.651 Y242.047 E.98633
G1 X246.003 Y241.998 E1.06133
G1 X246.475 Y241.966 E1.41211
G1 X753.527 Y241.966 E1513.75195
G1 X754.288 Y242.036 E2.28125
G1 X754.794 Y242.144 E1.54436
G1 X755.403 Y242.376 E1.94531
G1 X755.864 Y242.609 E1.54297
G1 X756.114 Y242.779 E.90234
G1 X756.375 Y242.977 E.9778
G1 X756.761 Y243.321 E1.54297
G1 X757.175 Y243.824 E1.94531
G1 X757.454 Y244.246 E1.51172
G1 X757.725 Y244.838 E1.94531
G1 X757.89 Y245.327 E1.53913
G1 X757.953 Y245.651 E.98828
G1 X758.002 Y246.003 E1.0625
G1 X758.034 Y246.475 E1.41176
G1 X758.034 Y247.468 Z1 E2.96484
G1 X758.034 Y248.462 Z1 E2.96484
G1 X758.034 Y249.455 Z1 E2.96875
G1 X758.034 Y250.449 Z1 E2.96484
G1 X758.034 Y251.442 Z1 E2.96484
G1 X758.034 Y252.436 Z1 E2.96875
G1 X758.034 Y253.429 Z1 E2.96484
G1 X758.034 Y254.423 Z1 E2.96484
G1 X758.034 Y255.416 Z1 E2.96484
G1 X758.034 Y256.409 Z1 E2.96484
G1 X758.034 Y257.403 Z1 E2.96875
G1 X758.034 Y258.396 Z1 E2.96484
G1 X758.034 Y259.39 Z1 E2.96484
G1 X758.034 Y260.383 Z1 E2.96875
G1 X758.034 Y261.377 Z1 E2.96484
G1 X758.034 Y262.37 Z1 E2.96484
G1 X758.034 Y263.363 Z1 E2.96484
G1 X758.034 Y264.357 Z1 E2.96484
G1 X758.034 Y265.35 Z1 E2.96875
G1 X758.034 Y266.344 Z1 E2.96484
G1 X758.034 Y267.337 Z1 E2.96484
G1 X758.034 Y268.331 Z1 E2.96875
G1 X758.034 Y269.324 Z1 E2.96484
G1 X758.034 Y753.527 Z1 E1445.53516
G1 X757.964 Y754.288 E2.28125
G1 X757.856 Y754.794 E1.54436
G1 X757.624 Y755.403 E1.94531
G1 X757.391 Y755.864 E1.54297
G1 X757.221 Y756.114 E.90234
G1 X757.023 Y756.375 E.9778
G1 X756.679 Y756.761 E1.54297
G1 X756.176 Y757.175 E1.94531
G1 X755.754 Y757.454 E1.51172
G1 X755.162 Y757.725 E1.94531
G1 X754.673 Y757.89 E1.53913
G1 X754.349 Y757.953 E.98828
G1 X753.997 Y758.002 E1.0625
G1 X753.525 Y758.034 E1.41176
G1 X752.531 Y758.034 Z1 E2.96484
G1 X751.538 Y758.034 Z1 E2.96875
G1 X750.544 Y758.034 Z1 E2.96484
G1 X749.551 Y758.034 Z1 E2.96484
G1 X748.557 Y758.034 Z1 E2.96875
G1 X747.564 Y758.034 Z1 E2.96484
G1 X746.57 Y758.034 Z1 E2.96484
G1 X745.577 Y758.034 Z1 E2.96875
G1 X744.583 Y758.034 Z1 E2.96484
G1 X743.59 Y758.034 Z1 E2.96484
G1 X742.596 Y758.034 Z1 E2.96875
G1 X741.603 Y758.034 Z1 E2.96484
G1 X740.609 Y758.034 Z1 E2.96484
G1 X739.616 Y758.034 Z1 E2.96875
G1 X738.622 Y758.034 Z1 E2.96484
G1 X737.629 Y758.034 Z1 E2.96484
G1 X736.635 Y758.034 Z1 E2.96875
G1 X735.642 Y758.034 Z1 E2.96484
G1 X734.648 Y758.034 Z1 E2.96484
G1 X733.654 Y758.034 Z1 E2.96875
G1 X732.661 Y758.034 Z1 E2.96484
G1 X731.667 Y758.034 Z1 E2.96484
G1 X730.674 Y758.034 Z1 E2.96875
G1 X246.473 Y758.034 Z1 E1445.52734
G1 X245.712 Y757.964 E2.28125
M73 P0 R966
G1 X245.206 Y757.856 E1.54436
G1 X244.597 Y757.624 E1.94531
G1 X244.136 Y757.391 E1.54297
G1 X243.886 Y757.221 E.90234
G1 X243.625 Y757.023 E.9778
G1 X243.239 Y756.679 E1.54297
G1 X242.825 Y756.176 E1.94531
G1 X242.546 Y755.754 E1.51172
G1 X242.275 Y755.162 E1.94531
G1 X242.11 Y754.673 E1.53913
G1 X242.047 Y754.349 E.98828
G1 X241.998 Y753.997 E1.0625
G1 X241.966 Y753.525 E1.41176
G1 X241.966 Y752.531 Z1 E2.96484
G1 X241.966 Y751.538 Z1 E2.96875
G1 X241.966 Y750.544 Z1 E2.96484
G1 X241.966 Y749.551 Z1 E2.96484
G1 X241.966 Y748.557 Z1 E2.96875
G1 X241.966 Y747.564 Z1 E2.96484
G1 X241.966 Y746.57 Z1 E2.96484
G1 X241.966 Y745.577 Z1 E2.96875
G1 X241.966 Y744.583 Z1 E2.96484
G1 X241.966 Y743.59 Z1 E2.96484
G1 X241.966 Y742.596 Z1 E2.96875
G1 X241.966 Y741.603 Z1 E2.96484
G1 X241.966 Y740.609 Z1 E2.96484
G1 X241.966 Y739.616 Z1 E2.96875
G1 X241.966 Y738.622 Z1 E2.96484
G1 X241.966 Y737.629 Z1 E2.96484
G1 X241.966 Y736.635 Z1 E2.96875
G1 X241.966 Y735.642 Z1 E2.96484
G1 X241.966 Y734.648 Z1 E2.96484
G1 X241.966 Y733.654 Z1 E2.96875
G1 X241.966 Y732.661 Z1 E2.96484
G1 X241.966 Y731.667 Z1 E2.96484
G1 X241.966 Y730.674 Z1 E2.96875
G1 X241.966 Y246.473 Z1 E1445.52734
G1 X242.036 Y245.712 E2.28125
G1 X242.144 Y245.206 E1.54436
G1 X242.376 Y244.597 E1.94531
G1 X242.609 Y244.136 E1.54297
G1 X242.723 Y243.97 E.60156
G1 X245.147 Y245.705 F15000
G1 F2400
G1 X245.38 Y245.397 E1.151
G1 X245.683 Y245.16 E1.15234
G1 X246.038 Y245.008 E1.151
G1 X246.444 Y244.951 E1.22656
G1 X753.556 Y244.951 E1513.92906
G1 X753.938 Y245.001 E1.15234
G1 X754.295 Y245.147 E1.15234
G1 X754.603 Y245.38 E1.151
G1 X754.84 Y245.683 E1.15234
G1 X754.992 Y246.038 E1.151
G1 X755.049 Y246.444 E1.22656
G1 X755.049 Y753.556 E1513.92906
G1 X754.999 Y753.938 E1.15234
G1 X754.853 Y754.295 E1.15234
G1 X754.62 Y754.603 E1.151
G1 X754.317 Y754.84 E1.15234
G1 X753.962 Y754.992 E1.151
G1 X753.556 Y755.049 E1.22656
G1 X246.444 Y755.049 E1513.92906
G1 X246.062 Y754.999 E1.15234
M73 P0 R965
G1 X245.705 Y754.853 E1.15234
G1 X245.397 Y754.62 E1.151
G1 X245.16 Y754.317 E1.15234
G1 X245.008 Y753.962 E1.151
G1 X244.951 Y753.556 E1.22656
G1 X244.951 Y246.444 E1513.92906
G1 X245.001 Y246.062 E1.15234
G1 X245.033 Y245.983 E.25539
G1 X248.044 Y248.044 F15000
;TYPE:Outer wall
;WIDTH:3.2
G1 F2400
G1 X751.956 Y248.044 E1504.37568
G1 X751.956 Y751.956 E1504.37568
G1 X248.044 Y751.956 E1504.37568
G1 X248.044 Y248.344 E1503.48007
;WIPE_START
G1 F600
M73 P0 R964
G1 X258.044 Y248.338 E-30
;WIPE_END
G1 Z2 F15000
G1 X744.563 Y249.387 Z2
G1 Z1
G1 E40 F9000
;TYPE:Bottom surface
;WIDTH:3.20727
G1 F2400
G1 X749.269 Y254.094 E19.91797
G1 X749.269 Y258.326 E12.66573
G1 X741.674 Y250.731 E32.14453
G1 X737.442 Y250.731 E12.66573
G1 X749.269 Y262.558 E50.05859
G1 X749.269 Y266.791 E12.66573
G1 X733.209 Y250.731 E67.96875
G1 X728.977 Y250.731 E12.66573
G1 X749.269 Y271.023 E85.88281
G1 X749.269 Y275.255 E12.66573
G1 X724.745 Y250.731 E103.79297
G1 X720.512 Y250.731 E12.66573
G1 X749.269 Y279.488 E121.70703
G1 X749.269 Y283.72 E12.66573
G1 X716.28 Y250.731 E139.61719
G1 X712.048 Y250.731 E12.66573
G1 X749.269 Y287.952 E157.53125
G1 X749.269 Y292.184 E12.66573
G1 X707.816 Y250.731 E175.44141
G1 X703.583 Y250.731 E12.66573
G1 X749.269 Y296.417 E193.35547
G1 X749.269 Y300.649 E12.66573
G1 X699.351 Y250.731 E211.26563
G1 X695.119 Y250.731 E12.66573
G1 X749.269 Y304.881 E229.17969
G1 X749.269 Y309.113 E12.66573
G1 X690.887 Y250.731 E247.08984
G1 X686.654 Y250.731 E12.66573
G1 X749.269 Y313.346 E265.00391
G1 X749.269 Y317.578 E12.66573
G1 X682.422 Y250.731 E282.91406
G1 X678.19 Y250.731 E12.66573
G1 X749.269 Y321.81 E300.82813
G1 X749.269 Y326.042 E12.66573
G1 X673.958 Y250.731 E318.73828
G1 X669.725 Y250.731 E12.66573
G1 X749.269 Y330.275 E336.64844
G1 X749.269 Y334.507 E12.66573
G1 X665.493 Y250.731 E354.5625
G1 X661.261 Y250.731 E12.66573
G1 X749.269 Y338.739 E372.47266
G1 X749.269 Y342.972 E12.66573
G1 X657.028 Y250.731 E390.38672
G1 X652.796 Y250.731 E12.66573
G1 X749.269 Y347.204 E408.29688
G1 X749.269 Y351.436 E12.66573
M73 P0 R963
G1 X648.564 Y250.731 E426.21094
G1 X644.332 Y250.731 E12.66573
G1 X749.269 Y355.668 E444.12109
G1 X749.269 Y359.901 E12.66573
G1 X640.099 Y250.731 E462.03516
G1 X635.867 Y250.731 E12.66573
G1 X749.269 Y364.133 E479.94531
G1 X749.269 Y368.365 E12.66573
G1 X631.635 Y250.731 E497.85938
G1 X627.403 Y250.731 E12.66573
G1 X749.269 Y372.597 E515.76953
G1 X749.269 Y376.83 E12.66573
G1 X623.17 Y250.731 E533.68359
G1 X618.938 Y250.731 E12.66573
G1 X749.269 Y381.062 E551.59375
G1 X749.269 Y385.294 E12.66573
G1 X614.706 Y250.731 E569.50781
G1 X610.474 Y250.731 E12.66573
G1 X749.269 Y389.526 E587.41797
G1 X749.269 Y393.759 E12.66573
G1 X606.241 Y250.731 E605.33203
G1 X602.009 Y250.731 E12.66573
G1 X749.269 Y397.991 E623.24219
G1 X749.269 Y402.223 E12.66573
G1 X597.777 Y250.731 E641.15625
G1 X593.544 Y250.731 E12.66573
M73 P0 R962
G1 X749.269 Y406.456 E659.06641
G1 X749.269 Y410.688 E12.66573
G1 X589.312 Y250.731 E676.98047
G1 X585.08 Y250.731 E12.66573
G1 X749.269 Y414.92 E694.89063
G1 X749.269 Y419.152 E12.66573
G1 X580.848 Y250.731 E712.80469
G1 X576.615 Y250.731 E12.66573
G1 X749.269 Y423.385 E730.71484
G1 X749.269 Y427.617 E12.66573
G1 X572.383 Y250.731 E748.625
G1 X568.151 Y250.731 E12.66573
M73 P1 R962
G1 X749.269 Y431.849 E766.53906
G1 X749.269 Y436.081 E12.66573
G1 X563.919 Y250.731 E784.45313
G1 X559.686 Y250.731 E12.66573
G1 X749.269 Y440.314 E802.36719
G1 X749.269 Y444.546 E12.66573
M73 P1 R961
G1 X555.454 Y250.731 E820.27344
G1 X551.222 Y250.731 E12.66573
G1 X749.269 Y448.778 E838.1875
G1 X749.269 Y453.01 E12.66573
G1 X546.99 Y250.731 E856.10156
G1 X542.757 Y250.731 E12.66573
G1 X749.269 Y457.243 E874.01563
G1 X749.269 Y461.475 E12.66573
G1 X538.525 Y250.731 E891.92188
G1 X534.293 Y250.731 E12.66573
G1 X749.269 Y465.707 E909.83594
G1 X749.269 Y469.94 E12.66573
G1 X530.06 Y250.731 E927.75
G1 X525.828 Y250.731 E12.66573
G1 X749.269 Y474.172 E945.65625
G1 X749.269 Y478.404 E12.66573
M73 P1 R960
G1 X521.596 Y250.731 E963.57031
G1 X517.364 Y250.731 E12.66573
G1 X749.269 Y482.636 E981.48438
G1 X749.269 Y486.869 E12.66573
G1 X513.131 Y250.731 E999.39844
G1 X508.899 Y250.731 E12.66573
G1 X749.269 Y491.101 E1017.30469
G1 X749.269 Y495.333 E12.66573
G1 X504.667 Y250.731 E1035.21875
G1 X500.435 Y250.731 E12.66573
G1 X749.269 Y499.565 E1053.13281
G1 X749.269 Y503.798 E12.66573
G1 X496.202 Y250.731 E1071.04688
G1 X491.97 Y250.731 E12.66573
M73 P1 R959
G1 X749.269 Y508.03 E1088.95313
G1 X749.269 Y512.262 E12.66573
G1 X487.738 Y250.731 E1106.86719
G1 X483.506 Y250.731 E12.66573
G1 X749.269 Y516.494 E1124.78125
G1 X749.269 Y520.727 E12.66573
G1 X479.273 Y250.731 E1142.69531
G1 X475.041 Y250.731 E12.66573
G1 X749.269 Y524.959 E1160.60156
G1 X749.269 Y529.191 E12.66573
G1 X470.809 Y250.731 E1178.51563
G1 X466.576 Y250.731 E12.66573
M73 P1 R958
G1 X749.269 Y533.424 E1196.42969
G1 X749.269 Y537.656 E12.66573
G1 X462.344 Y250.731 E1214.34375
G1 X458.112 Y250.731 E12.66573
G1 X749.269 Y541.888 E1232.25
G1 X749.269 Y546.12 E12.66573
G1 X453.88 Y250.731 E1250.16406
G1 X449.647 Y250.731 E12.66573
G1 X749.269 Y550.353 E1268.07813
G1 X749.269 Y554.585 E12.66573
G1 X445.415 Y250.731 E1285.99219
G1 X441.183 Y250.731 E12.66573
M73 P1 R957
G1 X749.269 Y558.817 E1303.89844
G1 X749.269 Y563.049 E12.66573
G1 X436.951 Y250.731 E1321.8125
G1 X432.718 Y250.731 E12.66573
G1 X749.269 Y567.282 E1339.72656
G1 X749.269 Y571.514 E12.66573
G1 X428.486 Y250.731 E1357.64063
G1 X424.254 Y250.731 E12.66573
G1 X749.269 Y575.746 E1375.54688
G1 X749.269 Y579.978 E12.66573
M73 P1 R956
G1 X420.022 Y250.731 E1393.46094
G1 X415.789 Y250.731 E12.66573
G1 X749.269 Y584.211 E1411.375
G1 X749.269 Y588.443 E12.66573
G1 X411.557 Y250.731 E1429.28906
G1 X407.325 Y250.731 E12.66573
G1 X749.269 Y592.675 E1447.19531
G1 X749.269 Y596.908 E12.66573
G1 X403.093 Y250.731 E1465.10938
G1 X398.86 Y250.731 E12.66573
M73 P1 R955
G1 X749.269 Y601.14 E1483.02344
G1 X749.269 Y605.372 E12.66573
G1 X394.628 Y250.731 E1500.92969
G1 X390.396 Y250.731 E12.66573
G1 X749.269 Y609.604 E1518.84375
G1 X749.269 Y613.837 E12.66573
G1 X386.163 Y250.731 E1536.75781
G1 X381.931 Y250.731 E12.66573
M73 P1 R954
G1 X749.269 Y618.069 E1554.67188
G1 X749.269 Y622.301 E12.66573
G1 X377.699 Y250.731 E1572.57813
G1 X373.467 Y250.731 E12.66573
G1 X749.269 Y626.533 E1590.49219
G1 X749.269 Y630.766 E12.66573
G1 X369.234 Y250.731 E1608.40625
G1 X365.002 Y250.731 E12.66573
G1 X749.269 Y634.998 E1626.32031
G1 X749.269 Y639.23 E12.66573
M73 P1 R953
G1 X360.77 Y250.731 E1644.22656
G1 X356.538 Y250.731 E12.66573
G1 X749.269 Y643.462 E1662.14063
G1 X749.269 Y647.695 E12.66573
G1 X352.305 Y250.731 E1680.05469
G1 X348.073 Y250.731 E12.66573
G1 X749.269 Y651.927 E1697.96875
G1 X749.269 Y656.159 E12.67188
M73 P1 R952
G1 X343.841 Y250.731 E1715.87821
G1 X339.609 Y250.731 E12.67188
G1 X749.269 Y660.391 E1733.79026
G1 X749.269 Y664.624 E12.67188
M73 P2 R952
G1 X335.376 Y250.731 E1751.70231
G1 X331.144 Y250.731 E12.67188
G1 X749.269 Y668.856 E1769.61436
G1 X749.269 Y673.088 E12.67188
M73 P2 R951
G1 X326.912 Y250.731 E1787.52641
G1 X322.679 Y250.731 E12.67188
G1 X749.269 Y677.321 E1805.43845
G1 X749.269 Y681.553 E12.67188
G1 X318.447 Y250.731 E1823.3505
G1 X314.215 Y250.731 E12.67188
G1 X749.269 Y685.785 E1841.26255
G1 X749.269 Y690.017 E12.67188
M73 P2 R950
G1 X309.983 Y250.731 E1859.17461
G1 X305.75 Y250.731 E12.67188
G1 X749.269 Y694.25 E1877.08666
G1 X749.269 Y698.482 E12.67188
G1 X301.518 Y250.731 E1894.99871
G1 X297.286 Y250.731 E12.67188
G1 X749.269 Y702.714 E1912.91076
G1 X749.269 Y706.946 E12.67188
M73 P2 R949
G1 X293.054 Y250.731 E1930.82281
G1 X288.821 Y250.731 E12.67188
G1 X749.269 Y711.179 E1948.73486
G1 X749.269 Y715.411 E12.67188
G1 X284.589 Y250.731 E1966.64691
G1 X280.357 Y250.731 E12.67188
M73 P2 R948
G1 X749.269 Y719.643 E1984.55896
G1 X749.269 Y723.875 E12.67188
G1 X276.125 Y250.731 E2002.47101
G1 X271.892 Y250.731 E12.67188
G1 X749.269 Y728.108 E2020.38306
G1 X749.269 Y732.34 E12.67188
G1 X267.66 Y250.731 E2038.29511
G1 X263.428 Y250.731 E12.67188
M73 P2 R947
G1 X749.269 Y736.572 E2056.20716
G1 X749.269 Y740.805 E12.67188
G1 X259.195 Y250.731 E2074.1192
G1 X254.963 Y250.731 E12.67188
G1 X749.269 Y745.037 E2092.03125
G1 X749.269 Y749.269 E12.67188
M73 P2 R946
G1 X250.731 Y250.731 E2109.94345
G1 X250.731 Y254.963 E12.67188
G1 X745.037 Y749.269 E2092.03183
G1 X740.805 Y749.269 E12.67188
G1 X250.731 Y259.195 E2074.11978
G1 X250.731 Y263.428 E12.67188
G1 X736.572 Y749.269 E2056.20773
G1 X732.34 Y749.269 E12.67188
M73 P2 R945
G1 X250.731 Y267.66 E2038.29568
G1 X250.731 Y271.892 E12.67188
G1 X728.108 Y749.269 E2020.38363
G1 X723.876 Y749.269 E12.67188
G1 X250.731 Y276.124 E2002.47158
G1 X250.731 Y280.357 E12.67188
M73 P2 R944
G1 X719.643 Y749.269 E1984.55953
G1 X715.411 Y749.269 E12.67188
G1 X250.731 Y284.589 E1966.64748
G1 X250.731 Y288.821 E12.67188
G1 X711.179 Y749.269 E1948.73543
G1 X706.947 Y749.269 E12.67188
G1 X250.731 Y293.053 E1930.82338
G1 X250.731 Y297.286 E12.67188
M73 P2 R943
G1 X702.714 Y749.269 E1912.91133
G1 X698.482 Y749.269 E12.67188
G1 X250.731 Y301.518 E1894.99928
G1 X250.731 Y305.75 E12.67188
G1 X694.25 Y749.269 E1877.08723
G1 X690.017 Y749.269 E12.67188
M73 P2 R942
G1 X250.731 Y309.983 E1859.17518
G1 X250.731 Y314.215 E12.67188
M73 P3 R942
G1 X685.785 Y749.269 E1841.26313
G1 X681.553 Y749.269 E12.67188
G1 X250.731 Y318.447 E1823.35108
G1 X250.731 Y322.679 E12.67188
G1 X677.321 Y749.269 E1805.43903
G1 X673.088 Y749.269 E12.67188
M73 P3 R941
G1 X250.731 Y326.912 E1787.52698
G1 X250.731 Y331.144 E12.67188
G1 X668.856 Y749.269 E1769.61493
G1 X664.624 Y749.269 E12.67188
G1 X250.731 Y335.376 E1751.70288
G1 X250.731 Y339.608 E12.67188
G1 X660.392 Y749.269 E1733.79083
G1 X656.159 Y749.269 E12.67188
M73 P3 R940
G1 X250.731 Y343.841 E1715.87878
G1 X250.731 Y348.073 E12.67188
G1 X651.927 Y749.269 E1697.96673
G1 X647.695 Y749.269 E12.67188
G1 X250.731 Y352.305 E1680.05468
G1 X250.731 Y356.537 E12.67188
G1 X643.463 Y749.269 E1662.14263
G1 X639.23 Y749.269 E12.67188
M73 P3 R939
G1 X250.731 Y360.77 E1644.23058
G1 X250.731 Y365.002 E12.67188
G1 X634.998 Y749.269 E1626.31853
G1 X630.766 Y749.269 E12.67188
G1 X250.731 Y369.234 E1608.40648
G1 X250.731 Y373.467 E12.67188
G1 X626.533 Y749.269 E1590.49443
G1 X622.301 Y749.269 E12.67188
G1 X250.731 Y377.699 E1572.58238
G1 X250.731 Y381.931 E12.67188
M73 P3 R938
G1 X618.069 Y749.269 E1554.67033
G1 X613.837 Y749.269 E12.67188
G1 X250.731 Y386.163 E1536.75828
G1 X250.731 Y390.396 E12.67188
G1 X609.604 Y749.269 E1518.84624
G1 X605.372 Y749.269 E12.67188
G1 X250.731 Y394.628 E1500.93419
G1 X250.731 Y398.86 E12.67188
M73 P3 R937
G1 X601.14 Y749.269 E1483.02214
G1 X596.908 Y749.269 E12.67188
G1 X250.731 Y403.092 E1465.11009
G1 X250.731 Y407.325 E12.67188
G1 X592.675 Y749.269 E1447.19804
G1 X588.443 Y749.269 E12.67188
G1 X250.731 Y411.557 E1429.28599
G1 X250.731 Y415.789 E12.67188
G1 X584.211 Y749.269 E1411.37394
G1 X579.979 Y749.269 E12.67188
M73 P3 R936
G1 X250.731 Y420.021 E1393.46189
G1 X250.731 Y424.254 E12.67188
G1 X575.746 Y749.269 E1375.54984
G1 X571.514 Y749.269 E12.67188
G1 X250.731 Y428.486 E1357.63779
G1 X250.731 Y432.718 E12.67188
G1 X567.282 Y749.269 E1339.72574
G1 X563.05 Y749.269 E12.67188
G1 X250.731 Y436.95 E1321.81369
G1 X250.731 Y441.183 E12.67188
M73 P3 R935
G1 X558.817 Y749.269 E1303.90163
G1 X554.585 Y749.269 E12.67188
G1 X250.731 Y445.415 E1285.98958
G1 X250.731 Y449.647 E12.67188
G1 X550.353 Y749.269 E1268.07753
G1 X546.12 Y749.269 E12.67188
G1 X250.731 Y453.88 E1250.16549
G1 X250.731 Y458.112 E12.67188
G1 X541.888 Y749.269 E1232.25344
G1 X537.656 Y749.269 E12.67188
G1 X250.731 Y462.344 E1214.34139
G1 X250.731 Y466.576 E12.67188
M73 P3 R934
G1 X533.424 Y749.269 E1196.42934
G1 X529.191 Y749.269 E12.67188
G1 X250.731 Y470.809 E1178.53125
G1 X250.731 Y475.041 E12.66573
G1 X524.959 Y749.269 E1160.59375
G1 X520.727 Y749.269 E12.66573
G1 X250.731 Y479.273 E1142.6875
G1 X250.731 Y483.505 E12.66573
G1 X516.495 Y749.269 E1124.78125
G1 X512.262 Y749.269 E12.66573
G1 X250.731 Y487.738 E1106.875
M73 P3 R933
G1 X250.731 Y491.97 E12.66573
G1 X508.03 Y749.269 E1088.96875
G1 X503.798 Y749.269 E12.66573
G1 X250.731 Y496.202 E1071.03125
G1 X250.731 Y500.434 E12.66573
G1 X499.566 Y749.269 E1053.125
G1 X495.333 Y749.269 E12.66573
G1 X250.731 Y504.667 E1035.21875
G1 X250.731 Y508.899 E12.66573
G1 X491.101 Y749.269 E1017.3125
G1 X486.869 Y749.269 E12.66573
M73 P4 R933
G1 X250.731 Y513.131 E999.40625
G1 X250.731 Y517.364 E12.66573
M73 P4 R932
G1 X482.636 Y749.269 E981.5
G1 X478.404 Y749.269 E12.66573
G1 X250.731 Y521.596 E963.5625
G1 X250.731 Y525.828 E12.66573
G1 X474.172 Y749.269 E945.65625
G1 X469.94 Y749.269 E12.66573
G1 X250.731 Y530.06 E927.75
G1 X250.731 Y534.293 E12.66573
G1 X465.707 Y749.269 E909.84375
G1 X461.475 Y749.269 E12.66573
G1 X250.731 Y538.525 E891.9375
G1 X250.731 Y542.757 E12.66573
G1 X457.243 Y749.269 E874
G1 X453.011 Y749.269 E12.66573
M73 P4 R931
G1 X250.731 Y546.989 E856.09375
G1 X250.731 Y551.222 E12.66573
G1 X448.778 Y749.269 E838.1875
G1 X444.546 Y749.269 E12.66573
G1 X250.731 Y555.454 E820.28125
G1 X250.731 Y559.686 E12.66573
G1 X440.314 Y749.269 E802.375
G1 X436.082 Y749.269 E12.66573
G1 X250.731 Y563.918 E784.4375
G1 X250.731 Y568.151 E12.66573
G1 X431.849 Y749.269 E766.53125
G1 X427.617 Y749.269 E12.66573
G1 X250.731 Y572.383 E748.625
G1 X250.731 Y576.615 E12.66573
G1 X423.385 Y749.269 E730.71875
G1 X419.152 Y749.269 E12.66573
G1 X250.731 Y580.848 E712.8125
G1 X250.731 Y585.08 E12.66573
M73 P4 R930
G1 X414.92 Y749.269 E694.90625
G1 X410.688 Y749.269 E12.66573
G1 X250.731 Y589.312 E676.96875
G1 X250.731 Y593.544 E12.66573
G1 X406.456 Y749.269 E659.0625
G1 X402.223 Y749.269 E12.66573
G1 X250.731 Y597.777 E641.15625
G1 X250.731 Y602.009 E12.66573
G1 X397.991 Y749.269 E623.25
G1 X393.759 Y749.269 E12.66573
G1 X250.731 Y606.241 E605.34375
G1 X250.731 Y610.473 E12.66573
G1 X389.527 Y749.269 E587.40625
G1 X385.294 Y749.269 E12.66573
G1 X250.731 Y614.706 E569.5
G1 X250.731 Y618.938 E12.66573
G1 X381.062 Y749.269 E551.59375
G1 X376.83 Y749.269 E12.66573
G1 X250.731 Y623.17 E533.6875
G1 X250.731 Y627.402 E12.66573
G1 X372.598 Y749.269 E515.78125
G1 X368.365 Y749.269 E12.66573
M73 P4 R929
G1 X250.731 Y631.635 E497.875
G1 X250.731 Y635.867 E12.66573
G1 X364.133 Y749.269 E479.9375
G1 X359.901 Y749.269 E12.66573
G1 X250.731 Y640.099 E462.03125
G1 X250.731 Y644.332 E12.66573
G1 X355.668 Y749.269 E444.125
G1 X351.436 Y749.269 E12.66573
G1 X250.731 Y648.564 E426.21875
G1 X250.731 Y652.796 E12.66573
G1 X347.204 Y749.269 E408.3125
G1 X342.972 Y749.269 E12.66573
G1 X250.731 Y657.028 E390.375
G1 X250.731 Y661.261 E12.66573
G1 X338.739 Y749.269 E372.46875
G1 X334.507 Y749.269 E12.66573
G1 X250.731 Y665.493 E354.5625
G1 X250.731 Y669.725 E12.66573
G1 X330.275 Y749.269 E336.65625
G1 X326.043 Y749.269 E12.66573
G1 X250.731 Y673.957 E318.75
G1 X250.731 Y678.19 E12.66573
G1 X321.81 Y749.269 E300.8125
G1 X317.578 Y749.269 E12.66573
G1 X250.731 Y682.422 E282.90625
G1 X250.731 Y686.654 E12.66573
G1 X313.346 Y749.269 E265
G1 X309.114 Y749.269 E12.66573
G1 X250.731 Y690.886 E247.09375
G1 X250.731 Y695.119 E12.66573
G1 X304.881 Y749.269 E229.1875
G1 X300.649 Y749.269 E12.66573
G1 X250.731 Y699.351 E211.28125
G1 X250.731 Y703.583 E12.66573
G1 X296.417 Y749.269 E193.34375
G1 X292.184 Y749.269 E12.66573
M73 P4 R928
G1 X250.731 Y707.816 E175.4375
G1 X250.731 Y712.048 E12.66573
G1 X287.952 Y749.269 E157.53125
G1 X283.72 Y749.269 E12.66573
G1 X250.731 Y716.28 E139.625
G1 X250.731 Y720.512 E12.66573
G1 X279.488 Y749.269 E121.71875
G1 X275.255 Y749.269 E12.66573
G1 X250.731 Y724.745 E103.78125
G1 X250.731 Y728.977 E12.66573
G1 X271.023 Y749.269 E85.875
G1 X266.791 Y749.269 E12.66573
G1 X250.731 Y733.209 E67.96875
G1 X250.731 Y737.441 E12.66573
G1 X262.559 Y749.269 E50.0625
G1 X258.326 Y749.269 E12.66573
G1 X250.731 Y741.674 E32.15625
G1 X250.731 Y745.906 E12.66573
G1 X255.438 Y750.613 E19.9198
; stop printing object Cube id:0 copy 0
;LAYER_CHANGE
;Z:2.5
;HEIGHT:1.5
;BEFORE_LAYER_CHANGE
;2.5
G92 E0

EXCLUDE_OBJECT_END NAME=Cube_id_0_copy_0
;AFTER_LAYER_CHANGE
;2.5
;_SET_FAN_SPEED_CHANGING_LAYER
SET_VELOCITY_LIMIT ACCEL=1500
SET_VELOCITY_LIMIT SQUARE_CORNER_VELOCITY=5
M140 S50 ; set bed temperature
; printing object Cube id:0 copy 0
;WIPE_START
G1 F600
G1 X250.731 Y745.906 E-19.96865
G1 X250.731 Y742.562 E-10.03135
;WIPE_END
EXCLUDE_OBJECT_START NAME=Cube_id_0_copy_0
G1 Z3.5 F15000
G1 X248.044 Y751.956 Z3.5
G1 Z2.5
G1 E40 F9000
;TYPE:Outer wall
;WIDTH:3.2
G1 F2779.615
G1 X248.044 Y248.044 E2175.45813
G1 X751.956 Y248.044 E2175.45813
G1 F2760
G1 X751.956 Y751.956 E2175.4585
G1 X248.344 Y751.956 E2174.16299
;WIPE_START
G1 F600
G1 X248.338 Y741.956 E-30
;WIPE_END
G1 Z3.5 F15000
G1 X251.21 Y250.686 Z3.5
G1 Z2.5
M73 P4 R927
G1 E40 F9000
;TYPE:Internal solid infill
;WIDTH:3.39255
G1 F2605.317
G1 X250.826 Y250.686 E1.76791
G1 F2580
G1 X250.635 Y251.018 E1.76758
G1 X250.826 Y251.351 E1.76758
G1 X251.21 Y251.351 E1.76791
G1 X251.252 Y251.278 E.38612
G1 E-5.71273 F9000
;WIPE_START
G1 F600
G1 X251.21 Y251.351 E-1.25746
G1 X250.826 Y251.351 E-5.75745
G1 X250.635 Y251.018 E-5.75746
G1 X250.826 Y250.686 E-5.75746
G1 X251.21 Y250.686 E-5.75745
;WIPE_END
G1 Z3.5 F15000
G1 X750.805 Y744.982 Z3.5
G1 Z2.5
G1 E40 F9000
;WIDTH:3.20256
G1 F2777.146
G1 X746.277 Y749.51 E27.66898
G1 F2760
G1 X742.203 Y749.51 E17.60352
G1 X749.51 Y742.203 E44.64912
G1 X749.51 Y738.129 E17.60352
G1 X738.129 Y749.51 E69.54361
G1 X734.055 Y749.51 E17.60352
G1 X749.51 Y734.055 E94.43809
G1 X749.51 Y729.981 E17.60352
G1 X729.981 Y749.51 E119.33257
G1 X725.908 Y749.51 E17.60352
G1 X749.51 Y725.908 E144.22754
G1 X749.51 Y721.834 E17.60306
G1 X721.834 Y749.51 E169.12109
G1 X717.76 Y749.51 E17.60352
G1 X749.51 Y717.76 E194.01563
G1 X749.51 Y713.686 E17.60306
G1 X713.686 Y749.51 E218.91016
G1 X709.612 Y749.51 E17.60352
G1 X749.51 Y709.612 E243.80498
G1 X749.51 Y705.538 E17.60352
G1 X705.538 Y749.51 E268.69922
G1 X701.464 Y749.51 E17.60352
G1 X749.51 Y701.464 E293.59395
G1 X749.51 Y697.391 E17.60352
G1 X697.391 Y749.51 E318.48828
G1 X693.317 Y749.51 E17.60306
G1 X749.51 Y693.317 E343.38281
G1 X749.51 Y689.243 E17.60306
G1 X689.243 Y749.51 E368.27734
G1 X685.169 Y749.51 E17.60352
G1 X749.51 Y685.169 E393.17188
G1 X749.51 Y681.095 E17.60306
G1 X681.095 Y749.51 E418.06641
G1 X677.021 Y749.51 E17.60352
G1 X749.51 Y677.021 E442.96084
G1 X749.51 Y672.947 E17.60352
G1 X672.947 Y749.51 E467.85547
G1 X668.873 Y749.51 E17.60306
G1 X749.51 Y668.874 E492.75
G1 X749.51 Y664.8 E17.60306
G1 X664.8 Y749.51 E517.64453
G1 X660.726 Y749.51 E17.60306
G1 X749.51 Y660.726 E542.53906
G1 X749.51 Y656.652 E17.60306
G1 X656.652 Y749.51 E567.43359
G1 X652.578 Y749.51 E17.60352
G1 X749.51 Y652.578 E592.32774
G1 X749.51 Y648.504 E17.60352
G1 X648.504 Y749.51 E617.22266
G1 X644.43 Y749.51 E17.60306
G1 X749.51 Y644.43 E642.11719
G1 X749.51 Y640.357 E17.60352
G1 X640.356 Y749.51 E667.01119
G1 X636.283 Y749.51 E17.60352
M73 P4 R926
G1 X749.51 Y636.283 E691.90625
G1 X749.51 Y632.209 E17.60306
G1 X632.209 Y749.51 E716.80078
G1 X628.135 Y749.51 E17.60306
G1 X749.51 Y628.135 E741.69531
G1 X749.51 Y624.061 E17.60306
G1 X624.061 Y749.51 E766.58984
G1 X619.987 Y749.51 E17.60352
G1 X749.51 Y619.987 E791.4836
G1 X749.51 Y615.913 E17.60352
G1 X615.913 Y749.51 E816.37891
G1 X611.839 Y749.51 E17.60306
G1 X749.51 Y611.839 E841.27344
G1 X749.51 Y607.766 E17.60352
G1 X607.766 Y749.51 E866.16797
G1 X603.692 Y749.51 E17.60306
G1 X749.51 Y603.692 E891.0625
G1 X749.51 Y599.618 E17.60306
G1 X599.618 Y749.51 E915.95508
G1 X595.544 Y749.51 E17.60352
G1 X749.51 Y595.544 E940.84961
G1 X749.51 Y591.47 E17.60305
G1 X591.47 Y749.51 E965.74414
G1 X587.396 Y749.51 E17.60352
G1 X749.51 Y587.396 E990.63946
G1 X749.51 Y583.322 E17.60352
M73 P4 R925
G1 X583.322 Y749.51 E1015.53395
G1 X579.249 Y749.51 E17.60352
G1 X749.51 Y579.249 E1040.42773
G1 X749.51 Y575.175 E17.60306
G1 X575.175 Y749.51 E1065.32227
G1 X571.101 Y749.51 E17.60306
G1 X749.51 Y571.101 E1090.21875
G1 X749.51 Y567.027 E17.60305
G1 X567.027 Y749.51 E1115.11328
G1 X562.953 Y749.51 E17.60306
G1 X749.51 Y562.953 E1140.00781
G1 X749.51 Y558.879 E17.60306
G1 X558.879 Y749.51 E1164.90234
G1 X554.805 Y749.51 E17.60306
G1 X749.51 Y554.805 E1189.79688
G1 X749.51 Y550.732 E17.60156
G1 X550.731 Y749.51 E1214.68981
G1 X546.658 Y749.51 E17.60156
G1 X749.51 Y546.658 E1239.58594
G1 X749.51 Y542.584 E17.60305
M73 P4 R924
G1 X542.584 Y749.51 E1264.48047
G1 X538.51 Y749.51 E17.60306
G1 X749.51 Y538.51 E1289.375
G1 X749.51 Y534.436 E17.60306
G1 X534.436 Y749.51 E1314.26953
G1 X530.362 Y749.51 E17.60306
G1 X749.51 Y530.362 E1339.16406
G1 X749.51 Y526.288 E17.60306
G1 X526.288 Y749.51 E1364.05469
G1 X522.214 Y749.51 E17.60306
G1 X749.51 Y522.215 E1388.95313
G1 X749.51 Y518.141 E17.60305
G1 X518.141 Y749.51 E1413.84375
G1 X514.067 Y749.51 E17.60306
G1 X749.51 Y514.067 E1438.73828
G1 X749.51 Y509.993 E17.60306
M73 P4 R923
G1 X509.993 Y749.51 E1463.63281
G1 X505.919 Y749.51 E17.60306
G1 X749.51 Y505.919 E1488.52734
G1 X749.51 Y501.845 E17.60306
G1 X501.845 Y749.51 E1513.42188
G1 X497.771 Y749.51 E17.60306
G1 X749.51 Y497.771 E1538.31641
G1 X749.51 Y493.698 E17.60156
G1 X493.697 Y749.51 E1563.21256
G1 X489.624 Y749.51 E17.60156
M73 P5 R923
G1 X749.51 Y489.624 E1588.10547
G1 X749.51 Y485.55 E17.60305
G1 X485.55 Y749.51 E1613
G1 X481.476 Y749.51 E17.60306
G1 X749.51 Y481.476 E1637.89453
G1 X749.51 Y477.402 E17.60306
M73 P5 R922
G1 X477.402 Y749.51 E1662.79297
G1 X473.328 Y749.51 E17.60306
G1 X749.51 Y473.328 E1687.6875
G1 X749.51 Y469.254 E17.60306
G1 X469.254 Y749.51 E1712.57813
G1 X465.18 Y749.51 E17.60306
G1 X749.51 Y465.18 E1737.47656
G1 X749.51 Y461.107 E17.60156
G1 X461.107 Y749.51 E1762.36719
G1 X457.033 Y749.51 E17.60306
G1 X749.51 Y457.033 E1787.26563
G1 X749.51 Y452.959 E17.60306
M73 P5 R921
G1 X452.959 Y749.51 E1812.15625
G1 X448.885 Y749.51 E17.60306
G1 X749.51 Y448.885 E1837.05469
G1 X749.51 Y444.811 E17.60306
G1 X444.811 Y749.51 E1861.94531
G1 X440.737 Y749.51 E17.60306
G1 X749.51 Y440.737 E1886.84375
G1 X749.51 Y436.663 E17.60305
G1 X436.663 Y749.51 E1911.73438
G1 X432.589 Y749.51 E17.60306
G1 X749.51 Y432.59 E1936.63281
G1 X749.51 Y428.516 E17.60306
G1 X428.516 Y749.51 E1961.52344
G1 X424.442 Y749.51 E17.60306
M73 P5 R920
G1 X749.51 Y424.442 E1986.42188
G1 X749.51 Y420.368 E17.60306
G1 X420.368 Y749.51 E2011.3125
G1 X416.294 Y749.51 E17.60306
G1 X749.51 Y416.294 E2036.21094
G1 X749.51 Y412.22 E17.60305
G1 X412.22 Y749.51 E2061.10156
G1 X408.146 Y749.51 E17.60306
G1 X749.51 Y408.146 E2086
G1 X749.51 Y404.073 E17.60156
M73 P5 R919
G1 X404.072 Y749.51 E2110.89118
G1 X399.999 Y749.51 E17.60156
G1 X749.51 Y399.999 E2135.78906
G1 X749.51 Y395.925 E17.60306
G1 X395.925 Y749.51 E2160.67969
G1 X391.851 Y749.51 E17.60306
G1 X749.51 Y391.851 E2185.57813
G1 X749.51 Y387.777 E17.60305
G1 X387.777 Y749.51 E2210.46875
G1 X383.703 Y749.51 E17.60306
G1 X749.51 Y383.703 E2235.36719
G1 X749.51 Y379.629 E17.60306
M73 P5 R918
G1 X379.629 Y749.51 E2260.25781
G1 X375.555 Y749.51 E17.60306
G1 X749.51 Y375.556 E2285.15625
G1 X749.51 Y371.482 E17.60306
G1 X371.482 Y749.51 E2310.04688
G1 X367.408 Y749.51 E17.60306
G1 X749.51 Y367.408 E2334.94531
G1 X749.51 Y363.334 E17.60305
G1 X363.334 Y749.51 E2359.83594
G1 X359.26 Y749.51 E17.60306
M73 P5 R917
G1 X749.51 Y359.26 E2384.73438
G1 X749.51 Y355.186 E17.60306
G1 X355.186 Y749.51 E2409.625
G1 X351.112 Y749.51 E17.60306
G1 X749.51 Y351.112 E2434.51563
G1 X749.51 Y347.039 E17.60156
G1 X347.038 Y749.51 E2459.41394
G1 X342.965 Y749.51 E17.60938
M73 P5 R916
G1 X749.51 Y342.965 E2484.30842
G1 X749.51 Y338.891 E17.60938
G1 X338.891 Y749.51 E2509.20291
G1 X334.817 Y749.51 E17.60938
G1 X749.51 Y334.817 E2534.09739
G1 X749.51 Y330.743 E17.60938
G1 X330.743 Y749.51 E2558.99187
G1 X326.669 Y749.51 E17.60938
G1 X749.51 Y326.669 E2583.88635
G1 X749.51 Y322.595 E17.60938
M73 P5 R915
G1 X322.595 Y749.51 E2608.78084
G1 X318.521 Y749.51 E17.60938
G1 X749.51 Y318.522 E2633.67532
G1 X749.51 Y314.448 E17.60938
G1 X314.447 Y749.51 E2658.5698
G1 X310.374 Y749.51 E17.60938
G1 X749.51 Y310.374 E2683.46428
G1 X749.51 Y306.3 E17.60938
M73 P5 R914
G1 X306.3 Y749.51 E2708.35877
G1 X302.226 Y749.51 E17.60938
G1 X749.51 Y302.226 E2733.25325
G1 X749.51 Y298.152 E17.60938
G1 X298.152 Y749.51 E2758.14773
G1 X294.078 Y749.51 E17.60938
G1 X749.51 Y294.078 E2783.04221
G1 X749.51 Y290.004 E17.60938
G1 X290.004 Y749.51 E2807.9367
G1 X285.93 Y749.51 E17.60938
M73 P5 R913
G1 X749.51 Y285.931 E2832.83118
G1 X749.51 Y281.857 E17.60938
M73 P6 R913
G1 X281.857 Y749.51 E2857.72566
G1 X277.783 Y749.51 E17.60938
G1 X749.51 Y277.783 E2882.62015
G1 X749.51 Y273.709 E17.60938
G1 X273.709 Y749.51 E2907.51463
G1 X269.635 Y749.51 E17.60938
M73 P6 R912
G1 X749.51 Y269.635 E2932.40911
G1 X749.51 Y265.561 E17.60938
G1 X265.561 Y749.51 E2957.3036
G1 X261.487 Y749.51 E17.60938
G1 X749.51 Y261.487 E2982.19808
G1 X749.51 Y257.414 E17.60938
G1 X257.413 Y749.51 E3007.09256
G1 X253.34 Y749.51 E17.60938
M73 P6 R911
G1 X749.51 Y253.34 E3031.98438
G1 X749.51 Y250.49 E12.31203
G1 X748.285 Y250.49 E5.29688
G1 X250.49 Y748.285 E3041.91522
G1 X250.49 Y744.211 E17.60938
G1 X744.211 Y250.49 E3017.02074
G1 X740.137 Y250.49 E17.60938
G1 X250.49 Y740.137 E2992.12626
G1 X250.49 Y736.063 E17.60938
M73 P6 R910
G1 X736.064 Y250.49 E2967.23177
G1 X731.99 Y250.49 E17.60938
G1 X250.49 Y731.99 E2942.33729
G1 X250.49 Y727.916 E17.60938
G1 X727.916 Y250.49 E2917.44281
G1 X723.842 Y250.49 E17.60938
M73 P6 R909
G1 X250.49 Y723.842 E2892.54833
G1 X250.49 Y719.768 E17.60938
G1 X719.768 Y250.49 E2867.65384
G1 X715.694 Y250.49 E17.60938
G1 X250.49 Y715.694 E2842.75936
G1 X250.49 Y711.62 E17.60938
G1 X711.62 Y250.49 E2817.86488
G1 X707.547 Y250.49 E17.60938
G1 X250.49 Y707.546 E2792.97039
G1 X250.49 Y703.472 E17.60938
M73 P6 R908
G1 X703.473 Y250.49 E2768.07591
G1 X699.399 Y250.49 E17.60938
G1 X250.49 Y699.399 E2743.18143
G1 X250.49 Y695.325 E17.60938
G1 X695.325 Y250.49 E2718.28695
G1 X691.251 Y250.49 E17.60938
G1 X250.49 Y691.251 E2693.39246
G1 X250.49 Y687.177 E17.60938
M73 P6 R907
G1 X687.177 Y250.49 E2668.49798
G1 X683.103 Y250.49 E17.60938
G1 X250.49 Y683.103 E2643.6035
G1 X250.49 Y679.029 E17.60938
G1 X679.029 Y250.49 E2618.70901
G1 X674.956 Y250.49 E17.60938
G1 X250.49 Y674.955 E2593.81453
G1 X250.49 Y670.882 E17.60938
M73 P6 R906
G1 X670.882 Y250.49 E2568.92005
G1 X666.808 Y250.49 E17.60938
G1 X250.49 Y666.808 E2544.02557
G1 X250.49 Y662.734 E17.60938
G1 X662.734 Y250.49 E2519.13108
G1 X658.66 Y250.49 E17.60938
G1 X250.49 Y658.66 E2494.2366
G1 X250.49 Y654.586 E17.60938
G1 X654.586 Y250.49 E2469.34375
G1 X650.512 Y250.49 E17.60306
M73 P6 R905
G1 X250.49 Y650.512 E2444.4375
G1 X250.49 Y646.438 E17.60306
G1 X646.439 Y250.49 E2419.5625
G1 X642.365 Y250.49 E17.60306
G1 X250.49 Y642.365 E2394.65625
G1 X250.49 Y638.291 E17.60305
G1 X638.291 Y250.49 E2369.75
G1 X634.217 Y250.49 E17.60306
G1 X250.49 Y634.217 E2344.875
G1 X250.49 Y630.143 E17.60306
M73 P6 R904
G1 X630.143 Y250.49 E2319.96875
G1 X626.069 Y250.49 E17.60306
G1 X250.49 Y626.069 E2295.09375
G1 X250.49 Y621.995 E17.60306
G1 X621.995 Y250.49 E2270.1875
G1 X617.922 Y250.49 E17.60306
G1 X250.49 Y617.921 E2245.28125
G1 X250.49 Y613.848 E17.60305
G1 X613.848 Y250.49 E2220.40625
G1 X609.774 Y250.49 E17.60306
M73 P7 R903
G1 X250.49 Y609.774 E2195.5
G1 X250.49 Y605.7 E17.60306
G1 X605.7 Y250.49 E2170.59375
G1 X601.626 Y250.49 E17.60306
G1 X250.49 Y601.626 E2145.71875
G1 X250.49 Y597.552 E17.60306
G1 X597.552 Y250.49 E2120.8125
G1 X593.478 Y250.49 E17.60306
G1 X250.49 Y593.478 E2095.9375
G1 X250.49 Y589.404 E17.60305
M73 P7 R902
G1 X589.405 Y250.49 E2071.03125
G1 X585.331 Y250.49 E17.60306
G1 X250.49 Y585.331 E2046.125
G1 X250.49 Y581.257 E17.60306
G1 X581.257 Y250.49 E2021.25
G1 X577.183 Y250.49 E17.60306
G1 X250.49 Y577.183 E1996.34375
G1 X250.49 Y573.109 E17.60306
G1 X573.109 Y250.49 E1971.4375
G1 X569.035 Y250.49 E17.60306
G1 X250.49 Y569.035 E1946.5625
G1 X250.49 Y564.961 E17.60306
M73 P7 R901
G1 X564.961 Y250.49 E1921.65625
G1 X560.887 Y250.49 E17.60306
G1 X250.49 Y560.887 E1896.78125
G1 X250.49 Y556.814 E17.60305
G1 X556.814 Y250.49 E1871.875
G1 X552.74 Y250.49 E17.60306
G1 X250.49 Y552.74 E1846.96875
G1 X250.49 Y548.666 E17.60306
G1 X548.666 Y250.49 E1822.09375
G1 X544.592 Y250.49 E17.60306
G1 X250.49 Y544.592 E1797.1875
G1 X250.49 Y540.518 E17.60306
M73 P7 R900
G1 X540.518 Y250.49 E1772.28125
G1 X536.444 Y250.49 E17.60306
G1 X250.49 Y536.444 E1747.40625
G1 X250.49 Y532.37 E17.60305
G1 X532.37 Y250.49 E1722.5
G1 X528.297 Y250.49 E17.60306
G1 X250.49 Y528.296 E1697.625
G1 X250.49 Y524.223 E17.60306
G1 X524.223 Y250.49 E1672.71875
G1 X520.149 Y250.49 E17.60306
G1 X250.49 Y520.149 E1647.8125
G1 X250.49 Y516.075 E17.60306
M73 P7 R899
G1 X516.075 Y250.49 E1622.9375
G1 X512.001 Y250.49 E17.60306
G1 X250.49 Y512.001 E1598.03125
G1 X250.49 Y507.927 E17.60305
G1 X507.927 Y250.49 E1573.15625
G1 X503.853 Y250.49 E17.60306
G1 X250.49 Y503.853 E1548.25
G1 X250.49 Y499.779 E17.60306
G1 X499.78 Y250.49 E1523.34375
G1 X495.706 Y250.49 E17.60306
G1 X250.49 Y495.706 E1498.46875
G1 X250.49 Y491.632 E17.60306
G1 X491.632 Y250.49 E1473.5625
G1 X487.558 Y250.49 E17.60306
G1 X250.49 Y487.558 E1448.65625
G1 X250.49 Y483.484 E17.60305
M73 P7 R898
G1 X483.484 Y250.49 E1423.78125
G1 X479.41 Y250.49 E17.60306
G1 X250.49 Y479.41 E1398.875
G1 X250.49 Y475.336 E17.60306
G1 X475.336 Y250.49 E1374
G1 X471.263 Y250.49 E17.60306
G1 X250.49 Y471.262 E1349.09375
G1 X250.49 Y467.189 E17.60306
G1 X467.189 Y250.49 E1324.1875
G1 X463.115 Y250.49 E17.60306
G1 X250.49 Y463.115 E1299.3125
G1 X250.49 Y459.041 E17.60305
G1 X459.041 Y250.49 E1274.40625
G1 X454.967 Y250.49 E17.60306
G1 X250.49 Y454.967 E1249.5
G1 X250.49 Y450.893 E17.60305
M73 P7 R897
G1 X450.893 Y250.49 E1224.625
G1 X446.819 Y250.49 E17.60306
G1 X250.49 Y446.819 E1199.71875
G1 X250.49 Y442.745 E17.60306
G1 X442.745 Y250.49 E1174.84375
G1 X438.672 Y250.49 E17.60306
G1 X250.49 Y438.672 E1149.9375
G1 X250.49 Y434.598 E17.60306
G1 X434.598 Y250.49 E1125.03125
G1 X430.524 Y250.49 E17.60306
G1 X250.49 Y430.524 E1100.15625
G1 X250.49 Y426.45 E17.60305
G1 X426.45 Y250.49 E1075.25
G1 X422.376 Y250.49 E17.60306
G1 X250.49 Y422.376 E1050.34375
G1 X250.49 Y418.302 E17.60306
G1 X418.302 Y250.49 E1025.46875
G1 X414.228 Y250.49 E17.60306
G1 X250.49 Y414.228 E1000.5625
G1 X250.49 Y410.155 E17.60306
M73 P7 R896
G1 X410.155 Y250.49 E975.6875
G1 X406.081 Y250.49 E17.60306
G1 X250.49 Y406.081 E950.78125
G1 X250.49 Y402.007 E17.60305
G1 X402.007 Y250.49 E925.875
G1 X397.933 Y250.49 E17.60306
G1 X250.49 Y397.933 E901
G1 X250.49 Y393.859 E17.60306
G1 X393.859 Y250.49 E876.09375
G1 X389.785 Y250.49 E17.60306
G1 X250.49 Y389.785 E851.1875
G1 X250.49 Y385.711 E17.60306
G1 X385.711 Y250.49 E826.3125
G1 X381.638 Y250.49 E17.60306
G1 X250.49 Y381.638 E801.40625
G1 X250.49 Y377.564 E17.60305
G1 X377.564 Y250.49 E776.53125
G1 X373.49 Y250.49 E17.60306
G1 X250.49 Y373.49 E751.625
G1 X250.49 Y369.416 E17.60306
G1 X369.416 Y250.49 E726.71875
G1 X365.342 Y250.49 E17.60306
G1 X250.49 Y365.342 E701.84375
G1 X250.49 Y361.268 E17.60306
G1 X361.268 Y250.49 E676.9375
G1 X357.194 Y250.49 E17.60306
M73 P7 R895
G1 X250.49 Y357.194 E652.03125
G1 X250.49 Y353.12 E17.60306
G1 X353.121 Y250.49 E627.15625
G1 X349.047 Y250.49 E17.60306
G1 X250.49 Y349.047 E602.25
G1 X250.49 Y344.973 E17.60305
G1 X344.973 Y250.49 E577.375
G1 X340.899 Y250.49 E17.60306
G1 X250.49 Y340.899 E552.46875
G1 X250.49 Y336.825 E17.60306
G1 X336.825 Y250.49 E527.5625
G1 X332.751 Y250.49 E17.60306
G1 X250.49 Y332.751 E502.6875
G1 X250.49 Y328.677 E17.60306
G1 X328.677 Y250.49 E477.78125
G1 X324.603 Y250.49 E17.60306
G1 X250.49 Y324.603 E452.875
G1 X250.49 Y320.53 E17.60305
G1 X320.53 Y250.49 E428
G1 X316.456 Y250.49 E17.60306
G1 X250.49 Y316.456 E403.09375
G1 X250.49 Y312.382 E17.60306
G1 X312.382 Y250.49 E378.21875
G1 X308.308 Y250.49 E17.60306
G1 X250.49 Y308.308 E353.3125
G1 X250.49 Y304.234 E17.60306
G1 X304.234 Y250.49 E328.40625
G1 X300.16 Y250.49 E17.60306
G1 X250.49 Y300.16 E303.53125
G1 X250.49 Y296.086 E17.60305
G1 X296.086 Y250.49 E278.625
G1 X292.013 Y250.49 E17.60306
G1 X250.49 Y292.013 E253.71875
G1 X250.49 Y287.939 E17.60306
G1 X287.939 Y250.49 E228.84375
G1 X283.865 Y250.49 E17.60306
G1 X250.49 Y283.865 E203.9375
G1 X250.49 Y279.791 E17.60306
G1 X279.791 Y250.49 E179.0625
G1 X275.717 Y250.49 E17.60306
G1 X250.49 Y275.717 E154.15625
G1 X250.49 Y271.643 E17.60305
G1 X271.643 Y250.49 E129.25
G1 X267.569 Y250.49 E17.60306
G1 X250.49 Y267.569 E104.375
G1 X250.49 Y263.496 E17.60306
G1 X263.496 Y250.49 E79.46875
G1 X259.422 Y250.49 E17.60306
G1 X250.49 Y259.422 E54.5625
G1 X250.49 Y255.348 E17.60306
G1 X256.643 Y249.195 E37.59716
; stop printing object Cube id:0 copy 0
;LAYER_CHANGE
;Z:4
;HEIGHT:1.5
;BEFORE_LAYER_CHANGE
;4
G92 E0

EXCLUDE_OBJECT_END NAME=Cube_id_0_copy_0
;AFTER_LAYER_CHANGE
;4
;_SET_FAN_SPEED_CHANGING_LAYER
; printing object Cube id:0 copy 0
;WIPE_START
G1 F600
G1 X250.49 Y255.348 E-26.10324
G1 X250.49 Y256.647 E-3.89676
;WIPE_END
EXCLUDE_OBJECT_START NAME=Cube_id_0_copy_0
G1 Z5 F15000
G1 X248.044 Y248.044 Z5
G1 Z4
G1 E40 F9000
;TYPE:Outer wall
;WIDTH:3.2
G1 F2779.615
G1 X751.956 Y248.044 E2175.45813
G1 X751.956 Y751.956 E2175.45813
M73 P7 R894
G1 F2760
G1 X248.044 Y751.956 E2175.4585
G1 X248.044 Y248.344 E2174.16299
;WIPE_START
G1 F600
G1 X258.044 Y248.338 E-30
;WIPE_END
G1 Z5 F15000
M73 P8 R894
G1 X250.49 Y272.593 Z5
G1 Z4
G1 E40 F9000
;TYPE:Sparse infill
;WIDTH:3.2
G1 F2779.614
G1 X250.49 Y261.08 E49.70059
G1 F2760
G1 X261.08 Y250.49 E64.65527
G1 X250.49 Y250.49 E45.71822
G1 X749.51 Y749.51 E3046.69043
G1 X738.92 Y749.51 E45.71823
M73 P8 R893
G1 X749.51 Y738.92 E64.65527
G1 X749.51 Y727.407 E49.70059
;WIPE_START
G1 F600
G1 X749.51 Y737.407 E-30
;WIPE_END
G1 Z5 F15000
G1 X564.597 Y749.51 Z5
G1 Z4
G1 E40 F9000
G1 F2779.614
G1 X576.11 Y749.51 E49.70059
G1 F2760
G1 X749.51 Y576.11 E1058.66699
G1 X749.51 Y586.7 E45.71813
G1 X413.3 Y250.49 E2052.67871
G1 X423.89 Y250.49 E45.71875
G1 X250.49 Y423.89 E1058.66711
G1 X250.49 Y413.3 E45.71875
G1 X586.7 Y749.51 E2052.67889
G1 X598.212 Y749.51 E49.70059
;WIPE_START
G1 F600
G1 X588.212 Y749.51 E-30
;WIPE_END
G1 Z5 F15000
G1 X401.788 Y749.51 Z5
G1 Z4
G1 E40 F9000
G1 F2779.614
G1 F2760
G1 X413.3 Y749.51 E49.70117
G1 X749.51 Y413.3 E2052.6789
G1 X749.51 Y423.89 E45.71875
G1 X576.11 Y250.49 E1058.66712
G1 X586.7 Y250.49 E45.71875
G1 X250.49 Y586.7 E2052.67888
G1 X250.49 Y576.11 E45.71875
M73 P8 R892
G1 X423.89 Y749.51 E1058.66712
G1 X435.402 Y749.51 E49.70059
;WIPE_START
G1 F600
G1 X425.402 Y749.51 E-30
;WIPE_END
G1 Z5 F15000
G1 X272.593 Y749.51 Z5
G1 Z4
G1 E40 F9000
G1 F2779.614
G1 X261.08 Y749.51 E49.70059
G1 F2760
G1 X250.49 Y738.92 E64.65625
G1 X250.49 Y749.51 E45.71875
G1 X749.51 Y250.49 E3046.69015
G1 X749.51 Y261.08 E45.71875
G1 X738.92 Y250.49 E64.65625
G1 X727.407 Y250.49 E49.70059
; stop printing object Cube id:0 copy 0
;LAYER_CHANGE
;Z:5.5
;HEIGHT:1.5
;BEFORE_LAYER_CHANGE
;5.5
G92 E0

EXCLUDE_OBJECT_END NAME=Cube_id_0_copy_0
;AFTER_LAYER_CHANGE
;5.5
;_SET_FAN_SPEED_CHANGING_LAYER
; printing object Cube id:0 copy 0
;WIPE_START
G1 F600
G1 X737.407 Y250.49 E-30
;WIPE_END
EXCLUDE_OBJECT_START NAME=Cube_id_0_copy_0
G1 Z6.5 F15000
G1 X751.956 Y248.044 Z6.5
G1 Z5.5
G1 E40 F9000
;TYPE:Outer wall
;WIDTH:3.2
G1 F2779.615
G1 X751.956 Y751.956 E2175.45813
G1 X248.044 Y751.956 E2175.45813
G1 F2760
G1 X248.044 Y248.044 E2175.4585
G1 X751.656 Y248.044 E2174.16299
M73 P8 R891
;WIPE_START
G1 F600
G1 X751.662 Y258.044 E-30
;WIPE_END
G1 Z6.5 F15000
G1 X727.407 Y250.49 Z6.5
G1 Z5.5
G1 E40 F9000
;TYPE:Sparse infill
;WIDTH:3.2
G1 F2779.614
G1 X738.92 Y250.49 E49.70059
G1 F2760
G1 X749.51 Y261.08 E64.65527
G1 X749.51 Y250.49 E45.71788
G1 X250.49 Y749.51 E3046.69043
G1 X250.49 Y738.92 E45.71786
G1 X261.08 Y749.51 E64.65527
G1 X272.593 Y749.51 E49.70059
;WIPE_START
G1 F600
G1 X262.593 Y749.51 E-30
;WIPE_END
G1 Z6.5 F15000
G1 X435.402 Y749.51 Z6.5
G1 Z5.5
G1 E40 F9000
G1 F2779.614
G1 F2760
G1 X423.89 Y749.51 E49.7002
G1 X250.49 Y576.11 E1058.66699
G1 X250.49 Y586.7 E45.71798
G1 X586.7 Y250.49 E2052.67871
G1 X576.11 Y250.49 E45.71875
M73 P8 R890
G1 X749.51 Y423.89 E1058.66712
G1 X749.51 Y413.3 E45.71875
G1 X413.3 Y749.51 E2052.6789
G1 X401.788 Y749.51 E49.70059
;WIPE_START
G1 F600
G1 X411.788 Y749.51 E-30
;WIPE_END
G1 Z6.5 F15000
G1 X598.212 Y749.51 Z6.5
G1 Z5.5
G1 E40 F9000
G1 F2779.614
G1 F2760
G1 X586.7 Y749.51 E49.70117
G1 X250.49 Y413.3 E2052.67889
G1 X250.49 Y423.89 E45.71875
G1 X423.89 Y250.49 E1058.66711
G1 X413.3 Y250.49 E45.71875
G1 X749.51 Y586.7 E2052.6789
G1 X749.51 Y576.11 E45.71875
G1 X576.11 Y749.51 E1058.66713
G1 X564.597 Y749.51 E49.70059
;WIPE_START
G1 F600
G1 X574.597 Y749.51 E-30
;WIPE_END
G1 Z6.5 F15000
G1 X749.51 Y727.407 Z6.5
G1 Z5.5
G1 E40 F9000
G1 F2779.614
G1 X749.51 Y738.92 E49.70059
G1 F2760
G1 X738.92 Y749.51 E64.65625
G1 X749.51 Y749.51 E45.71875
G1 X250.49 Y250.49 E3046.69065
G1 X261.08 Y250.49 E45.71875
M73 P8 R889
G1 X250.49 Y261.08 E64.65625
G1 X250.49 Y272.593 E49.70059
; stop printing object Cube id:0 copy 0
;LAYER_CHANGE
;Z:7
;HEIGHT:1.5
;BEFORE_LAYER_CHANGE
;7
G92 E0

EXCLUDE_OBJECT_END NAME=Cube_id_0_copy_0
;AFTER_LAYER_CHANGE
;7
;_SET_FAN_SPEED_CHANGING_LAYER
; printing object Cube id:0 copy 0
;WIPE_START
G1 F600
G1 X250.49 Y262.593 E-30
;WIPE_END
EXCLUDE_OBJECT_START NAME=Cube_id_0_copy_0
G1 Z8 F15000
G1 X248.044 Y248.044 Z8
G1 Z7
G1 E40 F9000
;TYPE:Outer wall
;WIDTH:3.2
G1 F2779.615
G1 X751.956 Y248.044 E2175.45813
G1 X751.956 Y751.956 E2175.45813
G1 F2760
G1 X248.044 Y751.956 E2175.4585
G1 X248.044 Y248.344 E2174.16299
;WIPE_START
G1 F600
M73 P8 R888
G1 X258.044 Y248.338 E-30
;WIPE_END
G1 Z8 F15000
G1 X250.49 Y272.593 Z8
G1 Z7
G1 E40 F9000
;TYPE:Sparse infill
;WIDTH:3.2
G1 F2779.614
G1 X250.49 Y261.08 E49.70059
G1 F2760
G1 X261.08 Y250.49 E64.65527
G1 X250.49 Y250.49 E45.71822
G1 X749.51 Y749.51 E3046.69043
G1 X738.92 Y749.51 E45.71823
G1 X749.51 Y738.92 E64.65527
G1 X749.51 Y727.407 E49.70059
;WIPE_START
G1 F600
G1 X749.51 Y737.407 E-30
;WIPE_END
G1 Z8 F15000
G1 X564.597 Y749.51 Z8
G1 Z7
G1 E40 F9000
G1 F2779.614
G1 X576.11 Y749.51 E49.70059
G1 F2760
G1 X749.51 Y576.11 E1058.66699
G1 X749.51 Y586.7 E45.71813
G1 X413.3 Y250.49 E2052.67871
G1 X423.89 Y250.49 E45.71875
G1 X250.49 Y423.89 E1058.66711
G1 X250.49 Y413.3 E45.71875
G1 X586.7 Y749.51 E2052.67889
G1 X598.212 Y749.51 E49.70059
;WIPE_START
G1 F600
G1 X588.212 Y749.51 E-30
;WIPE_END
G1 Z8 F15000
G1 X401.788 Y749.51 Z8
G1 Z7
M73 P8 R887
G1 E40 F9000
G1 F2779.614
G1 F2760
G1 X413.3 Y749.51 E49.70117
G1 X749.51 Y413.3 E2052.6789
G1 X749.51 Y423.89 E45.71875
G1 X576.11 Y250.49 E1058.66712
G1 X586.7 Y250.49 E45.71875
G1 X250.49 Y586.7 E2052.67888
G1 X250.49 Y576.11 E45.71875
G1 X423.89 Y749.51 E1058.66712
G1 X435.402 Y749.51 E49.70059
;WIPE_START
G1 F600
G1 X425.402 Y749.51 E-30
;WIPE_END
G1 Z8 F15000
G1 X272.593 Y749.51 Z8
G1 Z7
G1 E40 F9000
G1 F2779.614
G1 X261.08 Y749.51 E49.70059
G1 F2760
G1 X250.49 Y738.92 E64.65625
G1 X250.49 Y749.51 E45.71875
G1 X749.51 Y250.49 E3046.69015
G1 X749.51 Y261.08 E45.71875
G1 X738.92 Y250.49 E64.65625
G1 X727.407 Y250.49 E49.70059
; stop printing object Cube id:0 copy 0
;LAYER_CHANGE
;Z:8.5
;HEIGHT:1.5
;BEFORE_LAYER_CHANGE
;8.5
G92 E0

EXCLUDE_OBJECT_END NAME=Cube_id_0_copy_0
;AFTER_LAYER_CHANGE
;8.5
;_SET_FAN_SPEED_CHANGING_LAYER
; printing object Cube id:0 copy 0
;WIPE_START
G1 F600
G1 X737.407 Y250.49 E-30
;WIPE_END
EXCLUDE_OBJECT_START NAME=Cube_id_0_copy_0
G1 Z9.5 F15000
G1 X751.956 Y248.044 Z9.5
G1 Z8.5
G1 E40 F9000
;TYPE:Outer wall
;WIDTH:3.2
G1 F2779.615
G1 X751.956 Y751.956 E2175.45813
G1 X248.044 Y751.956 E2175.45813
M73 P8 R886
G1 F2760
G1 X248.044 Y248.044 E2175.4585
G1 X751.656 Y248.044 E2174.16299
;WIPE_START
G1 F600
G1 X751.662 Y258.044 E-30
;WIPE_END
G1 Z9.5 F15000
G1 X727.407 Y250.49 Z9.5
G1 Z8.5
G1 E40 F9000
;TYPE:Sparse infill
;WIDTH:3.2
G1 F2779.614
G1 X738.92 Y250.49 E49.70059
G1 F2760
G1 X749.51 Y261.08 E64.65527
G1 X749.51 Y250.49 E45.71788
G1 X250.49 Y749.51 E3046.69043
G1 X250.49 Y738.92 E45.71786
M73 P8 R885
G1 X261.08 Y749.51 E64.65527
G1 X272.593 Y749.51 E49.70059
;WIPE_START
G1 F600
G1 X262.593 Y749.51 E-30
;WIPE_END
G1 Z9.5 F15000
G1 X435.402 Y749.51 Z9.5
G1 Z8.5
G1 E40 F9000
G1 F2779.614
G1 F2760
G1 X423.89 Y749.51 E49.7002
G1 X250.49 Y576.11 E1058.66699
G1 X250.49 Y586.7 E45.71798
G1 X586.7 Y250.49 E2052.67871
G1 X576.11 Y250.49 E45.71875
G1 X749.51 Y423.89 E1058.66712
G1 X749.51 Y413.3 E45.71875
G1 X413.3 Y749.51 E2052.6789
G1 X401.788 Y749.51 E49.70059
;WIPE_START
G1 F600
G1 X411.788 Y749.51 E-30
;WIPE_END
G1 Z9.5 F15000
G1 X598.212 Y749.51 Z9.5
G1 Z8.5
G1 E40 F9000
G1 F2779.614
G1 F2760
G1 X586.7 Y749.51 E49.70117
G1 X250.49 Y413.3 E2052.67889
G1 X250.49 Y423.89 E45.71875
G1 X423.89 Y250.49 E1058.66711
G1 X413.3 Y250.49 E45.71875
G1 X749.51 Y586.7 E2052.6789
G1 X749.51 Y576.11 E45.71875
M73 P8 R884
G1 X576.11 Y749.51 E1058.66713
G1 X564.597 Y749.51 E49.70059
;WIPE_START
G1 F600
G1 X574.597 Y749.51 E-30
;WIPE_END
G1 Z9.5 F15000
G1 X749.51 Y727.407 Z9.5
G1 Z8.5
G1 E40 F9000
G1 F2779.614
G1 X749.51 Y738.92 E49.70059
G1 F2760
G1 X738.92 Y749.51 E64.65625
G1 X749.51 Y749.51 E45.71875
G1 X250.49 Y250.49 E3046.69065
G1 X261.08 Y250.49 E45.71875
M73 P9 R884
G1 X250.49 Y261.08 E64.65625
G1 X250.49 Y272.593 E49.70059
; stop printing object Cube id:0 copy 0
;LAYER_CHANGE
;Z:10
;HEIGHT:1.5
;BEFORE_LAYER_CHANGE
;10
G92 E0

EXCLUDE_OBJECT_END NAME=Cube_id_0_copy_0
;AFTER_LAYER_CHANGE
;10
;_SET_FAN_SPEED_CHANGING_LAYER
; printing object Cube id:0 copy 0
;WIPE_START
G1 F600
G1 X250.49 Y262.593 E-30
;WIPE_END
EXCLUDE_OBJECT_START NAME=Cube_id_0_copy_0
G1 Z11 F15000
G1 X248.044 Y248.044 Z11
G1 Z10
G1 E40 F9000
;TYPE:Outer wall
;WIDTH:3.2
G1 F2779.615
G1 X751.956 Y248.044 E2175.45813
G1 X751.956 Y751.956 E2175.45813
G1 F2760
G1 X248.044 Y751.956 E2175.4585
G1 X248.044 Y248.344 E2174.16299
M73 P9 R883
;WIPE_START
G1 F600
G1 X258.044 Y248.338 E-30
;WIPE_END
G1 Z11 F15000
G1 X250.49 Y272.593 Z11
G1 Z10
G1 E40 F9000
;TYPE:Sparse infill
;WIDTH:3.2
G1 F2779.614
G1 X250.49 Y261.08 E49.70059
G1 F2760
G1 X261.08 Y250.49 E64.65527
G1 X250.49 Y250.49 E45.71822
G1 X749.51 Y749.51 E3046.69043
G1 X738.92 Y749.51 E45.71823
G1 X749.51 Y738.92 E64.65527
G1 X749.51 Y727.407 E49.70059
;WIPE_START
G1 F600
G1 X749.51 Y737.407 E-30
;WIPE_END
G1 Z11 F15000
G1 X564.597 Y749.51 Z11
G1 Z10
G1 E40 F9000
G1 F2779.614
G1 X576.11 Y749.51 E49.70059
G1 F2760
G1 X749.51 Y576.11 E1058.66699
G1 X749.51 Y586.7 E45.71813
G1 X413.3 Y250.49 E2052.67871
G1 X423.89 Y250.49 E45.71875
M73 P9 R882
G1 X250.49 Y423.89 E1058.66711
G1 X250.49 Y413.3 E45.71875
G1 X586.7 Y749.51 E2052.67889
G1 X598.212 Y749.51 E49.70059
;WIPE_START
G1 F600
G1 X588.212 Y749.51 E-30
;WIPE_END
G1 Z11 F15000
G1 X401.788 Y749.51 Z11
G1 Z10
G1 E40 F9000
G1 F2779.614
G1 F2760
G1 X413.3 Y749.51 E49.70117
G1 X749.51 Y413.3 E2052.6789
G1 X749.51 Y423.89 E45.71875
G1 X576.11 Y250.49 E1058.66712
G1 X586.7 Y250.49 E45.71875
G1 X250.49 Y586.7 E2052.67888
G1 X250.49 Y576.11 E45.71875
G1 X423.89 Y749.51 E1058.66712
G1 X435.402 Y749.51 E49.70059
;WIPE_START
G1 F600
G1 X425.402 Y749.51 E-30
;WIPE_END
G1 Z11 F15000
G1 X272.593 Y749.51 Z11
G1 Z10
G1 E40 F9000
G1 F2779.614
G1 X261.08 Y749.51 E49.70059
G1 F2760
G1 X250.49 Y738.92 E64.65625
G1 X250.49 Y749.51 E45.71875
G1 X749.51 Y250.49 E3046.69015
G1 X749.51 Y261.08 E45.71875
M73 P9 R881
G1 X738.92 Y250.49 E64.65625
G1 X727.407 Y250.49 E49.70059
; stop printing object Cube id:0 copy 0
;LAYER_CHANGE
;Z:11.5
;HEIGHT:1.5
;BEFORE_LAYER_CHANGE
;11.5
G92 E0

EXCLUDE_OBJECT_END NAME=Cube_id_0_copy_0
;AFTER_LAYER_CHANGE
;11.5
;_SET_FAN_SPEED_CHANGING_LAYER
; printing object Cube id:0 copy 0
;WIPE_START
G1 F600
G1 X737.407 Y250.49 E-30
;WIPE_END
EXCLUDE_OBJECT_START NAME=Cube_id_0_copy_0
G1 Z12.5 F15000
G1 X751.956 Y248.044 Z12.5
G1 Z11.5
G1 E40 F9000
;TYPE:Outer wall
;WIDTH:3.2
G1 F2779.615
G1 X751.956 Y751.956 E2175.45813
G1 X248.044 Y751.956 E2175.45813
G1 F2760
G1 X248.044 Y248.044 E2175.4585
G1 X751.656 Y248.044 E2174.16299
;WIPE_START
G1 F600
M73 P9 R880
G1 X751.662 Y258.044 E-30
;WIPE_END
G1 Z12.5 F15000
G1 X727.407 Y250.49 Z12.5
G1 Z11.5
G1 E40 F9000
;TYPE:Sparse infill
;WIDTH:3.2
G1 F2779.614
G1 X738.92 Y250.49 E49.70059
G1 F2760
G1 X749.51 Y261.08 E64.65527
G1 X749.51 Y250.49 E45.71788
G1 X250.49 Y749.51 E3046.69043
G1 X250.49 Y738.92 E45.71786
G1 X261.08 Y749.51 E64.65527
G1 X272.593 Y749.51 E49.70059
;WIPE_START
G1 F600
G1 X262.593 Y749.51 E-30
;WIPE_END
G1 Z12.5 F15000
G1 X435.402 Y749.51 Z12.5
G1 Z11.5
G1 E40 F9000
G1 F2779.614
G1 F2760
G1 X423.89 Y749.51 E49.7002
G1 X250.49 Y576.11 E1058.66699
G1 X250.49 Y586.7 E45.71798
G1 X586.7 Y250.49 E2052.67871
G1 X576.11 Y250.49 E45.71875
G1 X749.51 Y423.89 E1058.66712
G1 X749.51 Y413.3 E45.71875
G1 X413.3 Y749.51 E2052.6789
G1 X401.788 Y749.51 E49.70059
;WIPE_START
G1 F600
G1 X411.788 Y749.51 E-30
;WIPE_END
G1 Z12.5 F15000
G1 X598.212 Y749.51 Z12.5
G1 Z11.5
G1 E40 F9000
G1 F2779.614
M73 P9 R879
G1 F2760
G1 X586.7 Y749.51 E49.70117
G1 X250.49 Y413.3 E2052.67889
G1 X250.49 Y423.89 E45.71875
G1 X423.89 Y250.49 E1058.66711
G1 X413.3 Y250.49 E45.71875
G1 X749.51 Y586.7 E2052.6789
G1 X749.51 Y576.11 E45.71875
G1 X576.11 Y749.51 E1058.66713
G1 X564.597 Y749.51 E49.70059
;WIPE_START
G1 F600
G1 X574.597 Y749.51 E-30
;WIPE_END
G1 Z12.5 F15000
G1 X749.51 Y727.407 Z12.5
G1 Z11.5
G1 E40 F9000
G1 F2779.614
G1 X749.51 Y738.92 E49.70059
G1 F2760
G1 X738.92 Y749.51 E64.65625
G1 X749.51 Y749.51 E45.71875
G1 X250.49 Y250.49 E3046.69065
G1 X261.08 Y250.49 E45.71875
G1 X250.49 Y261.08 E64.65625
G1 X250.49 Y272.593 E49.70059
; stop printing object Cube id:0 copy 0
;LAYER_CHANGE
;Z:13
;HEIGHT:1.5
;BEFORE_LAYER_CHANGE
;13
G92 E0

EXCLUDE_OBJECT_END NAME=Cube_id_0_copy_0
;AFTER_LAYER_CHANGE
;13
;_SET_FAN_SPEED_CHANGING_LAYER
; printing object Cube id:0 copy 0
;WIPE_START
G1 F600
G1 X250.49 Y262.593 E-30
;WIPE_END
EXCLUDE_OBJECT_START NAME=Cube_id_0_copy_0
G1 Z14 F15000
G1 X248.044 Y248.044 Z14
G1 Z13
G1 E40 F9000
;TYPE:Outer wall
;WIDTH:3.2
G1 F2779.615
G1 X751.956 Y248.044 E2175.45813
G1 X751.956 Y751.956 E2175.45813
M73 P9 R878
G1 F2760
G1 X248.044 Y751.956 E2175.4585
G1 X248.044 Y248.344 E2174.16299
;WIPE_START
G1 F600
G1 X258.044 Y248.338 E-30
;WIPE_END
G1 Z14 F15000
G1 X250.49 Y272.593 Z14
G1 Z13
G1 E40 F9000
;TYPE:Sparse infill
;WIDTH:3.2
G1 F2779.614
G1 X250.49 Y261.08 E49.70059
G1 F2760
G1 X261.08 Y250.49 E64.65527
G1 X250.49 Y250.49 E45.71822
G1 X749.51 Y749.51 E3046.69043
G1 X738.92 Y749.51 E45.71823
G1 X749.51 Y738.92 E64.65527
M73 P9 R877
G1 X749.51 Y727.407 E49.70059
;WIPE_START
G1 F600
G1 X749.51 Y737.407 E-30
;WIPE_END
G1 Z14 F15000
G1 X564.597 Y749.51 Z14
G1 Z13
G1 E40 F9000
G1 F2779.614
G1 X576.11 Y749.51 E49.70059
G1 F2760
G1 X749.51 Y576.11 E1058.66699
G1 X749.51 Y586.7 E45.71813
G1 X413.3 Y250.49 E2052.67871
G1 X423.89 Y250.49 E45.71875
G1 X250.49 Y423.89 E1058.66711
G1 X250.49 Y413.3 E45.71875
G1 X586.7 Y749.51 E2052.67889
G1 X598.212 Y749.51 E49.70059
;WIPE_START
G1 F600
G1 X588.212 Y749.51 E-30
;WIPE_END
G1 Z14 F15000
G1 X401.788 Y749.51 Z14
G1 Z13
G1 E40 F9000
G1 F2779.614
G1 F2760
G1 X413.3 Y749.51 E49.70117
G1 X749.51 Y413.3 E2052.6789
G1 X749.51 Y423.89 E45.71875
G1 X576.11 Y250.49 E1058.66712
G1 X586.7 Y250.49 E45.71875
G1 X250.49 Y586.7 E2052.67888
G1 X250.49 Y576.11 E45.71875
M73 P9 R876
G1 X423.89 Y749.51 E1058.66712
G1 X435.402 Y749.51 E49.70059
;WIPE_START
G1 F600
G1 X425.402 Y749.51 E-30
;WIPE_END
G1 Z14 F15000
G1 X272.593 Y749.51 Z14
G1 Z13
G1 E40 F9000
G1 F2779.614
G1 X261.08 Y749.51 E49.70059
G1 F2760
G1 X250.49 Y738.92 E64.65625
G1 X250.49 Y749.51 E45.71875
G1 X749.51 Y250.49 E3046.69015
G1 X749.51 Y261.08 E45.71875
G1 X738.92 Y250.49 E64.65625
G1 X727.407 Y250.49 E49.70059
; stop printing object Cube id:0 copy 0
;LAYER_CHANGE
;Z:14.5
;HEIGHT:1.5
;BEFORE_LAYER_CHANGE
;14.5
G92 E0

EXCLUDE_OBJECT_END NAME=Cube_id_0_copy_0
;AFTER_LAYER_CHANGE
;14.5
;_SET_FAN_SPEED_CHANGING_LAYER
; printing object Cube id:0 copy 0
;WIPE_START
G1 F600
G1 X737.407 Y250.49 E-30
;WIPE_END
EXCLUDE_OBJECT_START NAME=Cube_id_0_copy_0
G1 Z15.5 F15000
G1 X751.956 Y248.044 Z15.5
G1 Z14.5
G1 E40 F9000
;TYPE:Outer wall
;WIDTH:3.2
G1 F2779.615
G1 X751.956 Y751.956 E2175.45813
G1 X248.044 Y751.956 E2175.45813
G1 F2760
G1 X248.044 Y248.044 E2175.4585
G1 X751.656 Y248.044 E2174.16299
M73 P9 R875
;WIPE_START
G1 F600
G1 X751.662 Y258.044 E-30
;WIPE_END
G1 Z15.5 F15000
G1 X727.407 Y250.49 Z15.5
G1 Z14.5
G1 E40 F9000
;TYPE:Sparse infill
;WIDTH:3.2
G1 F2779.614
G1 X738.92 Y250.49 E49.70059
G1 F2760
G1 X749.51 Y261.08 E64.65527
G1 X749.51 Y250.49 E45.71788
G1 X250.49 Y749.51 E3046.69043
G1 X250.49 Y738.92 E45.71786
G1 X261.08 Y749.51 E64.65527
G1 X272.593 Y749.51 E49.70059
;WIPE_START
G1 F600
G1 X262.593 Y749.51 E-30
;WIPE_END
G1 Z15.5 F15000
G1 X435.402 Y749.51 Z15.5
G1 Z14.5
G1 E40 F9000
G1 F2779.614
G1 F2760
G1 X423.89 Y749.51 E49.7002
G1 X250.49 Y576.11 E1058.66699
G1 X250.49 Y586.7 E45.71798
G1 X586.7 Y250.49 E2052.67871
G1 X576.11 Y250.49 E45.71875
M73 P9 R874
G1 X749.51 Y423.89 E1058.66712
G1 X749.51 Y413.3 E45.71875
G1 X413.3 Y749.51 E2052.6789
G1 X401.788 Y749.51 E49.70059
M73 P10 R874
;WIPE_START
G1 F600
G1 X411.788 Y749.51 E-30
;WIPE_END
G1 Z15.5 F15000
G1 X598.212 Y749.51 Z15.5
G1 Z14.5
G1 E40 F9000
G1 F2779.614
G1 F2760
G1 X586.7 Y749.51 E49.70117
G1 X250.49 Y413.3 E2052.67889
G1 X250.49 Y423.89 E45.71875
G1 X423.89 Y250.49 E1058.66711
G1 X413.3 Y250.49 E45.71875
G1 X749.51 Y586.7 E2052.6789
G1 X749.51 Y576.11 E45.71875
G1 X576.11 Y749.51 E1058.66713
G1 X564.597 Y749.51 E49.70059
;WIPE_START
G1 F600
G1 X574.597 Y749.51 E-30
;WIPE_END
G1 Z15.5 F15000
G1 X749.51 Y727.407 Z15.5
G1 Z14.5
G1 E40 F9000
G1 F2779.614
G1 X749.51 Y738.92 E49.70059
G1 F2760
G1 X738.92 Y749.51 E64.65625
G1 X749.51 Y749.51 E45.71875
G1 X250.49 Y250.49 E3046.69065
G1 X261.08 Y250.49 E45.71875
M73 P10 R873
G1 X250.49 Y261.08 E64.65625
G1 X250.49 Y272.593 E49.70059
; stop printing object Cube id:0 copy 0
;LAYER_CHANGE
;Z:16
;HEIGHT:1.5
;BEFORE_LAYER_CHANGE
;16
G92 E0

EXCLUDE_OBJECT_END NAME=Cube_id_0_copy_0
;AFTER_LAYER_CHANGE
;16
;_SET_FAN_SPEED_CHANGING_LAYER
; printing object Cube id:0 copy 0
;WIPE_START
G1 F600
G1 X250.49 Y262.593 E-30
;WIPE_END
EXCLUDE_OBJECT_START NAME=Cube_id_0_copy_0
G1 Z17 F15000
G1 X248.044 Y248.044 Z17
G1 Z16
G1 E40 F9000
;TYPE:Outer wall
;WIDTH:3.2
G1 F2779.615
G1 X751.956 Y248.044 E2175.45813
G1 X751.956 Y751.956 E2175.45813
G1 F2760
G1 X248.044 Y751.956 E2175.4585
G1 X248.044 Y248.344 E2174.16299
;WIPE_START
G1 F600
M73 P10 R872
G1 X258.044 Y248.338 E-30
;WIPE_END
G1 Z17 F15000
G1 X250.49 Y272.593 Z17
G1 Z16
G1 E40 F9000
;TYPE:Sparse infill
;WIDTH:3.2
G1 F2779.614
G1 X250.49 Y261.08 E49.70059
G1 F2760
G1 X261.08 Y250.49 E64.65527
G1 X250.49 Y250.49 E45.71822
G1 X749.51 Y749.51 E3046.69043
G1 X738.92 Y749.51 E45.71823
G1 X749.51 Y738.92 E64.65527
G1 X749.51 Y727.407 E49.70059
;WIPE_START
G1 F600
G1 X749.51 Y737.407 E-30
;WIPE_END
G1 Z17 F15000
G1 X564.597 Y749.51 Z17
G1 Z16
G1 E40 F9000
G1 F2779.614
G1 X576.11 Y749.51 E49.70059
G1 F2760
G1 X749.51 Y576.11 E1058.66699
G1 X749.51 Y586.7 E45.71813
G1 X413.3 Y250.49 E2052.67871
G1 X423.89 Y250.49 E45.71875
G1 X250.49 Y423.89 E1058.66711
G1 X250.49 Y413.3 E45.71875
G1 X586.7 Y749.51 E2052.67889
G1 X598.212 Y749.51 E49.70059
;WIPE_START
G1 F600
G1 X588.212 Y749.51 E-30
;WIPE_END
G1 Z17 F15000
G1 X401.788 Y749.51 Z17
G1 Z16
G1 E40 F9000
G1 F2779.614
G1 F2760
G1 X413.3 Y749.51 E49.70117
G1 X749.51 Y413.3 E2052.6789
M73 P10 R871
G1 X749.51 Y423.89 E45.71875
G1 X576.11 Y250.49 E1058.66712
G1 X586.7 Y250.49 E45.71875
G1 X250.49 Y586.7 E2052.67888
G1 X250.49 Y576.11 E45.71875
G1 X423.89 Y749.51 E1058.66712
G1 X435.402 Y749.51 E49.70059
;WIPE_START
G1 F600
G1 X425.402 Y749.51 E-30
;WIPE_END
G1 Z17 F15000
G1 X272.593 Y749.51 Z17
G1 Z16
G1 E40 F9000
G1 F2779.614
G1 X261.08 Y749.51 E49.70059
G1 F2760
G1 X250.49 Y738.92 E64.65625
G1 X250.49 Y749.51 E45.71875
G1 X749.51 Y250.49 E3046.69015
G1 X749.51 Y261.08 E45.71875
G1 X738.92 Y250.49 E64.65625
G1 X727.407 Y250.49 E49.70059
; stop printing object Cube id:0 copy 0
;LAYER_CHANGE
;Z:17.5
;HEIGHT:1.5
;BEFORE_LAYER_CHANGE
;17.5
G92 E0

EXCLUDE_OBJECT_END NAME=Cube_id_0_copy_0
;AFTER_LAYER_CHANGE
;17.5
;_SET_FAN_SPEED_CHANGING_LAYER
; printing object Cube id:0 copy 0
;WIPE_START
G1 F600
G1 X737.407 Y250.49 E-30
;WIPE_END
EXCLUDE_OBJECT_START NAME=Cube_id_0_copy_0
G1 Z18.5 F15000
G1 X751.956 Y248.044 Z18.5
G1 Z17.5
G1 E40 F9000
;TYPE:Outer wall
;WIDTH:3.2
G1 F2779.615
G1 X751.956 Y751.956 E2175.45813
G1 X248.044 Y751.956 E2175.45813
M73 P10 R870
G1 F2760
G1 X248.044 Y248.044 E2175.4585
G1 X751.656 Y248.044 E2174.16299
;WIPE_START
G1 F600
G1 X751.662 Y258.044 E-30
;WIPE_END
G1 Z18.5 F15000
G1 X727.407 Y250.49 Z18.5
G1 Z17.5
G1 E40 F9000
;TYPE:Sparse infill
;WIDTH:3.2
G1 F2779.614
G1 X738.92 Y250.49 E49.70059
G1 F2760
G1 X749.51 Y261.08 E64.65527
G1 X749.51 Y250.49 E45.71788
G1 X250.49 Y749.51 E3046.69043
G1 X250.49 Y738.92 E45.71786
G1 X261.08 Y749.51 E64.65527
G1 X272.593 Y749.51 E49.70059
M73 P10 R869
;WIPE_START
G1 F600
G1 X262.593 Y749.51 E-30
;WIPE_END
G1 Z18.5 F15000
G1 X435.402 Y749.51 Z18.5
G1 Z17.5
G1 E40 F9000
G1 F2779.614
G1 F2760
G1 X423.89 Y749.51 E49.7002
G1 X250.49 Y576.11 E1058.66699
G1 X250.49 Y586.7 E45.71798
G1 X586.7 Y250.49 E2052.67871
G1 X576.11 Y250.49 E45.71875
G1 X749.51 Y423.89 E1058.66712
G1 X749.51 Y413.3 E45.71875
G1 X413.3 Y749.51 E2052.6789
G1 X401.788 Y749.51 E49.70059
;WIPE_START
G1 F600
G1 X411.788 Y749.51 E-30
;WIPE_END
G1 Z18.5 F15000
G1 X598.212 Y749.51 Z18.5
G1 Z17.5
G1 E40 F9000
G1 F2779.614
G1 F2760
G1 X586.7 Y749.51 E49.70117
G1 X250.49 Y413.3 E2052.67889
G1 X250.49 Y423.89 E45.71875
G1 X423.89 Y250.49 E1058.66711
G1 X413.3 Y250.49 E45.71875
G1 X749.51 Y586.7 E2052.6789
G1 X749.51 Y576.11 E45.71875
M73 P10 R868
G1 X576.11 Y749.51 E1058.66713
G1 X564.597 Y749.51 E49.70059
;WIPE_START
G1 F600
G1 X574.597 Y749.51 E-30
;WIPE_END
G1 Z18.5 F15000
G1 X749.51 Y727.407 Z18.5
G1 Z17.5
G1 E40 F9000
G1 F2779.614
G1 X749.51 Y738.92 E49.70059
G1 F2760
G1 X738.92 Y749.51 E64.65625
G1 X749.51 Y749.51 E45.71875
G1 X250.49 Y250.49 E3046.69065
G1 X261.08 Y250.49 E45.71875
G1 X250.49 Y261.08 E64.65625
G1 X250.49 Y272.593 E49.70059
; stop printing object Cube id:0 copy 0
;LAYER_CHANGE
;Z:19
;HEIGHT:1.5
;BEFORE_LAYER_CHANGE
;19
G92 E0

EXCLUDE_OBJECT_END NAME=Cube_id_0_copy_0
;AFTER_LAYER_CHANGE
;19
;_SET_FAN_SPEED_CHANGING_LAYER
; printing object Cube id:0 copy 0
;WIPE_START
G1 F600
G1 X250.49 Y262.593 E-30
;WIPE_END
EXCLUDE_OBJECT_START NAME=Cube_id_0_copy_0
G1 Z20 F15000
G1 X248.044 Y248.044 Z20
G1 Z19
G1 E40 F9000
;TYPE:Outer wall
;WIDTH:3.2
G1 F2779.615
G1 X751.956 Y248.044 E2175.45813
G1 X751.956 Y751.956 E2175.45813
G1 F2760
G1 X248.044 Y751.956 E2175.4585
G1 X248.044 Y248.344 E2174.16299
M73 P10 R867
;WIPE_START
G1 F600
G1 X258.044 Y248.338 E-30
;WIPE_END
G1 Z20 F15000
G1 X250.49 Y272.593 Z20
G1 Z19
G1 E40 F9000
;TYPE:Sparse infill
;WIDTH:3.2
G1 F2779.614
G1 X250.49 Y261.08 E49.70059
G1 F2760
G1 X261.08 Y250.49 E64.65527
G1 X250.49 Y250.49 E45.71822
G1 X749.51 Y749.51 E3046.69043
G1 X738.92 Y749.51 E45.71823
G1 X749.51 Y738.92 E64.65527
G1 X749.51 Y727.407 E49.70059
;WIPE_START
G1 F600
G1 X749.51 Y737.407 E-30
;WIPE_END
G1 Z20 F15000
G1 X564.597 Y749.51 Z20
G1 Z19
G1 E40 F9000
G1 F2779.614
G1 X576.11 Y749.51 E49.70059
G1 F2760
G1 X749.51 Y576.11 E1058.66699
G1 X749.51 Y586.7 E45.71813
G1 X413.3 Y250.49 E2052.67871
G1 X423.89 Y250.49 E45.71875
G1 X250.49 Y423.89 E1058.66711
M73 P10 R866
G1 X250.49 Y413.3 E45.71875
G1 X586.7 Y749.51 E2052.67889
G1 X598.212 Y749.51 E49.70059
;WIPE_START
G1 F600
G1 X588.212 Y749.51 E-30
;WIPE_END
G1 Z20 F15000
G1 X401.788 Y749.51 Z20
G1 Z19
G1 E40 F9000
G1 F2779.614
G1 F2760
G1 X413.3 Y749.51 E49.70117
G1 X749.51 Y413.3 E2052.6789
G1 X749.51 Y423.89 E45.71875
G1 X576.11 Y250.49 E1058.66712
G1 X586.7 Y250.49 E45.71875
G1 X250.49 Y586.7 E2052.67888
G1 X250.49 Y576.11 E45.71875
G1 X423.89 Y749.51 E1058.66712
G1 X435.402 Y749.51 E49.70059
;WIPE_START
G1 F600
G1 X425.402 Y749.51 E-30
;WIPE_END
G1 Z20 F15000
G1 X272.593 Y749.51 Z20
G1 Z19
G1 E40 F9000
G1 F2779.614
G1 X261.08 Y749.51 E49.70059
G1 F2760
G1 X250.49 Y738.92 E64.65625
G1 X250.49 Y749.51 E45.71875
G1 X749.51 Y250.49 E3046.69015
G1 X749.51 Y261.08 E45.71875
M73 P10 R865
G1 X738.92 Y250.49 E64.65625
G1 X727.407 Y250.49 E49.70059
; stop printing object Cube id:0 copy 0
;LAYER_CHANGE
;Z:20.5
;HEIGHT:1.5
;BEFORE_LAYER_CHANGE
;20.5
G92 E0

EXCLUDE_OBJECT_END NAME=Cube_id_0_copy_0
;AFTER_LAYER_CHANGE
;20.5
;_SET_FAN_SPEED_CHANGING_LAYER
; printing object Cube id:0 copy 0
;WIPE_START
G1 F600
G1 X737.407 Y250.49 E-30
;WIPE_END
EXCLUDE_OBJECT_START NAME=Cube_id_0_copy_0
G1 Z21.5 F15000
G1 X751.956 Y248.044 Z21.5
G1 Z20.5
G1 E40 F9000
;TYPE:Outer wall
;WIDTH:3.2
G1 F2779.615
G1 X751.956 Y751.956 E2175.45813
G1 X248.044 Y751.956 E2175.45813
G1 F2760
G1 X248.044 Y248.044 E2175.4585
G1 X751.656 Y248.044 E2174.16299
;WIPE_START
G1 F600
M73 P11 R864
G1 X751.662 Y258.044 E-30
;WIPE_END
G1 Z21.5 F15000
G1 X727.407 Y250.49 Z21.5
G1 Z20.5
G1 E40 F9000
;TYPE:Sparse infill
;WIDTH:3.2
G1 F2779.614
G1 X738.92 Y250.49 E49.70059
G1 F2760
G1 X749.51 Y261.08 E64.65527
G1 X749.51 Y250.49 E45.71788
G1 X250.49 Y749.51 E3046.69043
G1 X250.49 Y738.92 E45.71786
G1 X261.08 Y749.51 E64.65527
G1 X272.593 Y749.51 E49.70059
;WIPE_START
G1 F600
G1 X262.593 Y749.51 E-30
;WIPE_END
G1 Z21.5 F15000
G1 X435.402 Y749.51 Z21.5
G1 Z20.5
G1 E40 F9000
G1 F2779.614
G1 F2760
G1 X423.89 Y749.51 E49.7002
G1 X250.49 Y576.11 E1058.66699
G1 X250.49 Y586.7 E45.71798
G1 X586.7 Y250.49 E2052.67871
G1 X576.11 Y250.49 E45.71875
G1 X749.51 Y423.89 E1058.66712
G1 X749.51 Y413.3 E45.71875
G1 X413.3 Y749.51 E2052.6789
G1 X401.788 Y749.51 E49.70059
;WIPE_START
G1 F600
G1 X411.788 Y749.51 E-30
;WIPE_END
G1 Z21.5 F15000
G1 X598.212 Y749.51 Z21.5
G1 Z20.5
G1 E40 F9000
G1 F2779.614
G1 F2760
G1 X586.7 Y749.51 E49.70117
G1 X250.49 Y413.3 E2052.67889
G1 X250.49 Y423.89 E45.71875
M73 P11 R863
G1 X423.89 Y250.49 E1058.66711
G1 X413.3 Y250.49 E45.71875
G1 X749.51 Y586.7 E2052.6789
G1 X749.51 Y576.11 E45.71875
G1 X576.11 Y749.51 E1058.66713
G1 X564.597 Y749.51 E49.70059
;WIPE_START
G1 F600
G1 X574.597 Y749.51 E-30
;WIPE_END
G1 Z21.5 F15000
G1 X749.51 Y727.407 Z21.5
G1 Z20.5
G1 E40 F9000
G1 F2779.614
G1 X749.51 Y738.92 E49.70059
G1 F2760
G1 X738.92 Y749.51 E64.65625
G1 X749.51 Y749.51 E45.71875
G1 X250.49 Y250.49 E3046.69065
G1 X261.08 Y250.49 E45.71875
G1 X250.49 Y261.08 E64.65625
G1 X250.49 Y272.593 E49.70059
; stop printing object Cube id:0 copy 0
;LAYER_CHANGE
;Z:22
;HEIGHT:1.5
;BEFORE_LAYER_CHANGE
;22
G92 E0

EXCLUDE_OBJECT_END NAME=Cube_id_0_copy_0
;AFTER_LAYER_CHANGE
;22
;_SET_FAN_SPEED_CHANGING_LAYER
; printing object Cube id:0 copy 0
;WIPE_START
G1 F600
G1 X250.49 Y262.593 E-30
;WIPE_END
EXCLUDE_OBJECT_START NAME=Cube_id_0_copy_0
G1 Z23 F15000
G1 X248.044 Y248.044 Z23
G1 Z22
G1 E40 F9000
;TYPE:Outer wall
;WIDTH:3.2
G1 F2779.615
G1 X751.956 Y248.044 E2175.45813
G1 X751.956 Y751.956 E2175.45813
M73 P11 R862
G1 F2760
G1 X248.044 Y751.956 E2175.4585
G1 X248.044 Y248.344 E2174.16299
;WIPE_START
G1 F600
G1 X258.044 Y248.338 E-30
;WIPE_END
G1 Z23 F15000
G1 X250.49 Y272.593 Z23
G1 Z22
G1 E40 F9000
;TYPE:Sparse infill
;WIDTH:3.2
G1 F2779.614
G1 X250.49 Y261.08 E49.70059
G1 F2760
G1 X261.08 Y250.49 E64.65527
G1 X250.49 Y250.49 E45.71822
G1 X749.51 Y749.51 E3046.69043
G1 X738.92 Y749.51 E45.71823
G1 X749.51 Y738.92 E64.65527
G1 X749.51 Y727.407 E49.70059
;WIPE_START
G1 F600
M73 P11 R861
G1 X749.51 Y737.407 E-30
;WIPE_END
G1 Z23 F15000
G1 X564.597 Y749.51 Z23
G1 Z22
G1 E40 F9000
G1 F2779.614
G1 X576.11 Y749.51 E49.70059
G1 F2760
G1 X749.51 Y576.11 E1058.66699
G1 X749.51 Y586.7 E45.71813
G1 X413.3 Y250.49 E2052.67871
G1 X423.89 Y250.49 E45.71875
G1 X250.49 Y423.89 E1058.66711
G1 X250.49 Y413.3 E45.71875
G1 X586.7 Y749.51 E2052.67889
G1 X598.212 Y749.51 E49.70059
;WIPE_START
G1 F600
G1 X588.212 Y749.51 E-30
;WIPE_END
G1 Z23 F15000
G1 X401.788 Y749.51 Z23
G1 Z22
G1 E40 F9000
G1 F2779.614
G1 F2760
G1 X413.3 Y749.51 E49.70117
G1 X749.51 Y413.3 E2052.6789
G1 X749.51 Y423.89 E45.71875
G1 X576.11 Y250.49 E1058.66712
G1 X586.7 Y250.49 E45.71875
G1 X250.49 Y586.7 E2052.67888
G1 X250.49 Y576.11 E45.71875
M73 P11 R860
G1 X423.89 Y749.51 E1058.66712
G1 X435.402 Y749.51 E49.70059
;WIPE_START
G1 F600
G1 X425.402 Y749.51 E-30
;WIPE_END
G1 Z23 F15000
G1 X272.593 Y749.51 Z23
G1 Z22
G1 E40 F9000
G1 F2779.614
G1 X261.08 Y749.51 E49.70059
G1 F2760
G1 X250.49 Y738.92 E64.65625
G1 X250.49 Y749.51 E45.71875
G1 X749.51 Y250.49 E3046.69015
G1 X749.51 Y261.08 E45.71875
G1 X738.92 Y250.49 E64.65625
G1 X727.407 Y250.49 E49.70059
; stop printing object Cube id:0 copy 0
;LAYER_CHANGE
;Z:23.5
;HEIGHT:1.5
;BEFORE_LAYER_CHANGE
;23.5
G92 E0

EXCLUDE_OBJECT_END NAME=Cube_id_0_copy_0
;AFTER_LAYER_CHANGE
;23.5
;_SET_FAN_SPEED_CHANGING_LAYER
; printing object Cube id:0 copy 0
;WIPE_START
G1 F600
G1 X737.407 Y250.49 E-30
;WIPE_END
EXCLUDE_OBJECT_START NAME=Cube_id_0_copy_0
G1 Z24.5 F15000
G1 X751.956 Y248.044 Z24.5
G1 Z23.5
G1 E40 F9000
;TYPE:Outer wall
;WIDTH:3.2
G1 F2779.615
G1 X751.956 Y751.956 E2175.45813
G1 X248.044 Y751.956 E2175.45813
G1 F2760
G1 X248.044 Y248.044 E2175.4585
G1 X751.656 Y248.044 E2174.16299
M73 P11 R859
;WIPE_START
G1 F600
G1 X751.662 Y258.044 E-30
;WIPE_END
G1 Z24.5 F15000
G1 X727.407 Y250.49 Z24.5
G1 Z23.5
G1 E40 F9000
;TYPE:Sparse infill
;WIDTH:3.2
G1 F2779.614
G1 X738.92 Y250.49 E49.70059
G1 F2760
G1 X749.51 Y261.08 E64.65527
G1 X749.51 Y250.49 E45.71788
G1 X250.49 Y749.51 E3046.69043
G1 X250.49 Y738.92 E45.71786
G1 X261.08 Y749.51 E64.65527
G1 X272.593 Y749.51 E49.70059
;WIPE_START
G1 F600
G1 X262.593 Y749.51 E-30
;WIPE_END
G1 Z24.5 F15000
G1 X435.402 Y749.51 Z24.5
G1 Z23.5
G1 E40 F9000
G1 F2779.614
G1 F2760
G1 X423.89 Y749.51 E49.7002
G1 X250.49 Y576.11 E1058.66699
G1 X250.49 Y586.7 E45.71798
G1 X586.7 Y250.49 E2052.67871
G1 X576.11 Y250.49 E45.71875
G1 X749.51 Y423.89 E1058.66712
G1 X749.51 Y413.3 E45.71875
M73 P11 R858
G1 X413.3 Y749.51 E2052.6789
G1 X401.788 Y749.51 E49.70059
;WIPE_START
G1 F600
G1 X411.788 Y749.51 E-30
;WIPE_END
G1 Z24.5 F15000
G1 X598.212 Y749.51 Z24.5
G1 Z23.5
G1 E40 F9000
G1 F2779.614
G1 F2760
G1 X586.7 Y749.51 E49.70117
G1 X250.49 Y413.3 E2052.67889
G1 X250.49 Y423.89 E45.71875
G1 X423.89 Y250.49 E1058.66711
G1 X413.3 Y250.49 E45.71875
G1 X749.51 Y586.7 E2052.6789
G1 X749.51 Y576.11 E45.71875
G1 X576.11 Y749.51 E1058.66713
G1 X564.597 Y749.51 E49.70059
;WIPE_START
G1 F600
G1 X574.597 Y749.51 E-30
;WIPE_END
G1 Z24.5 F15000
G1 X749.51 Y727.407 Z24.5
G1 Z23.5
G1 E40 F9000
G1 F2779.614
G1 X749.51 Y738.92 E49.70059
G1 F2760
G1 X738.92 Y749.51 E64.65625
G1 X749.51 Y749.51 E45.71875
G1 X250.49 Y250.49 E3046.69065
G1 X261.08 Y250.49 E45.71875
M73 P11 R857
G1 X250.49 Y261.08 E64.65625
G1 X250.49 Y272.593 E49.70059
; stop printing object Cube id:0 copy 0
;LAYER_CHANGE
;Z:25
;HEIGHT:1.5
;BEFORE_LAYER_CHANGE
;25
G92 E0

EXCLUDE_OBJECT_END NAME=Cube_id_0_copy_0
;AFTER_LAYER_CHANGE
;25
;_SET_FAN_SPEED_CHANGING_LAYER
; printing object Cube id:0 copy 0
;WIPE_START
G1 F600
G1 X250.49 Y262.593 E-30
;WIPE_END
EXCLUDE_OBJECT_START NAME=Cube_id_0_copy_0
G1 Z26 F15000
G1 X248.044 Y248.044 Z26
G1 Z25
G1 E40 F9000
;TYPE:Outer wall
;WIDTH:3.2
G1 F2779.615
G1 X751.956 Y248.044 E2175.45813
G1 X751.956 Y751.956 E2175.45813
G1 F2760
G1 X248.044 Y751.956 E2175.4585
G1 X248.044 Y248.344 E2174.16299
;WIPE_START
G1 F600
G1 X258.044 Y248.338 E-30
;WIPE_END
G1 Z26 F15000
M73 P11 R856
G1 X250.49 Y272.593 Z26
G1 Z25
G1 E40 F9000
;TYPE:Sparse infill
;WIDTH:3.2
G1 F2779.614
G1 X250.49 Y261.08 E49.70059
G1 F2760
G1 X261.08 Y250.49 E64.65527
G1 X250.49 Y250.49 E45.71822
G1 X749.51 Y749.51 E3046.69043
G1 X738.92 Y749.51 E45.71823
G1 X749.51 Y738.92 E64.65527
G1 X749.51 Y727.407 E49.70059
;WIPE_START
G1 F600
G1 X749.51 Y737.407 E-30
;WIPE_END
G1 Z26 F15000
G1 X564.597 Y749.51 Z26
G1 Z25
G1 E40 F9000
G1 F2779.614
G1 X576.11 Y749.51 E49.70059
G1 F2760
G1 X749.51 Y576.11 E1058.66699
G1 X749.51 Y586.7 E45.71813
G1 X413.3 Y250.49 E2052.67871
G1 X423.89 Y250.49 E45.71875
G1 X250.49 Y423.89 E1058.66711
G1 X250.49 Y413.3 E45.71875
G1 X586.7 Y749.51 E2052.67889
G1 X598.212 Y749.51 E49.70059
;WIPE_START
G1 F600
G1 X588.212 Y749.51 E-30
;WIPE_END
G1 Z26 F15000
G1 X401.788 Y749.51 Z26
G1 Z25
G1 E40 F9000
G1 F2779.614
G1 F2760
G1 X413.3 Y749.51 E49.70117
G1 X749.51 Y413.3 E2052.6789
G1 X749.51 Y423.89 E45.71875
M73 P11 R855
G1 X576.11 Y250.49 E1058.66712
G1 X586.7 Y250.49 E45.71875
G1 X250.49 Y586.7 E2052.67888
G1 X250.49 Y576.11 E45.71875
G1 X423.89 Y749.51 E1058.66712
G1 X435.402 Y749.51 E49.70059
;WIPE_START
G1 F600
G1 X425.402 Y749.51 E-30
;WIPE_END
G1 Z26 F15000
G1 X272.593 Y749.51 Z26
G1 Z25
G1 E40 F9000
G1 F2779.614
G1 X261.08 Y749.51 E49.70059
G1 F2760
M73 P12 R855
G1 X250.49 Y738.92 E64.65625
G1 X250.49 Y749.51 E45.71875
G1 X749.51 Y250.49 E3046.69015
G1 X749.51 Y261.08 E45.71875
G1 X738.92 Y250.49 E64.65625
G1 X727.407 Y250.49 E49.70059
; stop printing object Cube id:0 copy 0
;LAYER_CHANGE
;Z:26.5
;HEIGHT:1.5
;BEFORE_LAYER_CHANGE
;26.5
G92 E0

EXCLUDE_OBJECT_END NAME=Cube_id_0_copy_0
;AFTER_LAYER_CHANGE
;26.5
;_SET_FAN_SPEED_CHANGING_LAYER
; printing object Cube id:0 copy 0
;WIPE_START
G1 F600
G1 X737.407 Y250.49 E-30
;WIPE_END
EXCLUDE_OBJECT_START NAME=Cube_id_0_copy_0
G1 Z27.5 F15000
G1 X751.956 Y248.044 Z27.5
G1 Z26.5
G1 E40 F9000
;TYPE:Outer wall
;WIDTH:3.2
G1 F2779.615
G1 X751.956 Y751.956 E2175.45813
G1 X248.044 Y751.956 E2175.45813
M73 P12 R854
G1 F2760
G1 X248.044 Y248.044 E2175.4585
G1 X751.656 Y248.044 E2174.16299
;WIPE_START
G1 F600
G1 X751.662 Y258.044 E-30
;WIPE_END
G1 Z27.5 F15000
G1 X727.407 Y250.49 Z27.5
G1 Z26.5
G1 E40 F9000
;TYPE:Sparse infill
;WIDTH:3.2
G1 F2779.614
G1 X738.92 Y250.49 E49.70059
G1 F2760
G1 X749.51 Y261.08 E64.65527
G1 X749.51 Y250.49 E45.71788
G1 X250.49 Y749.51 E3046.69043
G1 X250.49 Y738.92 E45.71786
G1 X261.08 Y749.51 E64.65527
G1 X272.593 Y749.51 E49.70059
;WIPE_START
G1 F600
G1 X262.593 Y749.51 E-30
;WIPE_END
G1 Z27.5 F15000
M73 P12 R853
G1 X435.402 Y749.51 Z27.5
G1 Z26.5
G1 E40 F9000
G1 F2779.614
G1 F2760
G1 X423.89 Y749.51 E49.7002
G1 X250.49 Y576.11 E1058.66699
G1 X250.49 Y586.7 E45.71798
G1 X586.7 Y250.49 E2052.67871
G1 X576.11 Y250.49 E45.71875
G1 X749.51 Y423.89 E1058.66712
G1 X749.51 Y413.3 E45.71875
G1 X413.3 Y749.51 E2052.6789
G1 X401.788 Y749.51 E49.70059
;WIPE_START
G1 F600
G1 X411.788 Y749.51 E-30
;WIPE_END
G1 Z27.5 F15000
G1 X598.212 Y749.51 Z27.5
G1 Z26.5
G1 E40 F9000
G1 F2779.614
G1 F2760
G1 X586.7 Y749.51 E49.70117
G1 X250.49 Y413.3 E2052.67889
G1 X250.49 Y423.89 E45.71875
G1 X423.89 Y250.49 E1058.66711
G1 X413.3 Y250.49 E45.71875
G1 X749.51 Y586.7 E2052.6789
G1 X749.51 Y576.11 E45.71875
M73 P12 R852
G1 X576.11 Y749.51 E1058.66713
G1 X564.597 Y749.51 E49.70059
;WIPE_START
G1 F600
G1 X574.597 Y749.51 E-30
;WIPE_END
G1 Z27.5 F15000
G1 X749.51 Y727.407 Z27.5
G1 Z26.5
G1 E40 F9000
G1 F2779.614
G1 X749.51 Y738.92 E49.70059
G1 F2760
G1 X738.92 Y749.51 E64.65625
G1 X749.51 Y749.51 E45.71875
G1 X250.49 Y250.49 E3046.69065
G1 X261.08 Y250.49 E45.71875
G1 X250.49 Y261.08 E64.65625
G1 X250.49 Y272.593 E49.70059
; stop printing object Cube id:0 copy 0
;LAYER_CHANGE
;Z:28
;HEIGHT:1.5
;BEFORE_LAYER_CHANGE
;28
G92 E0

EXCLUDE_OBJECT_END NAME=Cube_id_0_copy_0
;AFTER_LAYER_CHANGE
;28
;_SET_FAN_SPEED_CHANGING_LAYER
; printing object Cube id:0 copy 0
;WIPE_START
G1 F600
G1 X250.49 Y262.593 E-30
;WIPE_END
EXCLUDE_OBJECT_START NAME=Cube_id_0_copy_0
G1 Z29 F15000
G1 X248.044 Y248.044 Z29
G1 Z28
G1 E40 F9000
;TYPE:Outer wall
;WIDTH:3.2
G1 F2779.615
G1 X751.956 Y248.044 E2175.45813
G1 X751.956 Y751.956 E2175.45813
G1 F2760
G1 X248.044 Y751.956 E2175.4585
G1 X248.044 Y248.344 E2174.16299
M73 P12 R851
;WIPE_START
G1 F600
G1 X258.044 Y248.338 E-30
;WIPE_END
G1 Z29 F15000
G1 X250.49 Y272.593 Z29
G1 Z28
G1 E40 F9000
;TYPE:Sparse infill
;WIDTH:3.2
G1 F2779.614
G1 X250.49 Y261.08 E49.70059
G1 F2760
G1 X261.08 Y250.49 E64.65527
G1 X250.49 Y250.49 E45.71822
G1 X749.51 Y749.51 E3046.69043
G1 X738.92 Y749.51 E45.71823
G1 X749.51 Y738.92 E64.65527
G1 X749.51 Y727.407 E49.70059
;WIPE_START
G1 F600
G1 X749.51 Y737.407 E-30
;WIPE_END
G1 Z29 F15000
G1 X564.597 Y749.51 Z29
G1 Z28
G1 E40 F9000
G1 F2779.614
G1 X576.11 Y749.51 E49.70059
G1 F2760
G1 X749.51 Y576.11 E1058.66699
G1 X749.51 Y586.7 E45.71813
G1 X413.3 Y250.49 E2052.67871
G1 X423.89 Y250.49 E45.71875
G1 X250.49 Y423.89 E1058.66711
G1 X250.49 Y413.3 E45.71875
M73 P12 R850
G1 X586.7 Y749.51 E2052.67889
G1 X598.212 Y749.51 E49.70059
;WIPE_START
G1 F600
G1 X588.212 Y749.51 E-30
;WIPE_END
G1 Z29 F15000
G1 X401.788 Y749.51 Z29
G1 Z28
G1 E40 F9000
G1 F2779.614
G1 F2760
G1 X413.3 Y749.51 E49.70117
G1 X749.51 Y413.3 E2052.6789
G1 X749.51 Y423.89 E45.71875
G1 X576.11 Y250.49 E1058.66712
G1 X586.7 Y250.49 E45.71875
G1 X250.49 Y586.7 E2052.67888
G1 X250.49 Y576.11 E45.71875
G1 X423.89 Y749.51 E1058.66712
G1 X435.402 Y749.51 E49.70059
;WIPE_START
G1 F600
G1 X425.402 Y749.51 E-30
;WIPE_END
G1 Z29 F15000
G1 X272.593 Y749.51 Z29
G1 Z28
G1 E40 F9000
G1 F2779.614
G1 X261.08 Y749.51 E49.70059
G1 F2760
G1 X250.49 Y738.92 E64.65625
G1 X250.49 Y749.51 E45.71875
G1 X749.51 Y250.49 E3046.69015
G1 X749.51 Y261.08 E45.71875
M73 P12 R849
G1 X738.92 Y250.49 E64.65625
G1 X727.407 Y250.49 E49.70059
; stop printing object Cube id:0 copy 0
;LAYER_CHANGE
;Z:29.5
;HEIGHT:1.5
;BEFORE_LAYER_CHANGE
;29.5
G92 E0

EXCLUDE_OBJECT_END NAME=Cube_id_0_copy_0
;AFTER_LAYER_CHANGE
;29.5
;_SET_FAN_SPEED_CHANGING_LAYER
; printing object Cube id:0 copy 0
;WIPE_START
G1 F600
G1 X737.407 Y250.49 E-30
;WIPE_END
EXCLUDE_OBJECT_START NAME=Cube_id_0_copy_0
G1 Z30.5 F15000
G1 X751.956 Y248.044 Z30.5
G1 Z29.5
G1 E40 F9000
;TYPE:Outer wall
;WIDTH:3.2
G1 F2779.615
G1 X751.956 Y751.956 E2175.45813
G1 X248.044 Y751.956 E2175.45813
G1 F2760
G1 X248.044 Y248.044 E2175.4585
G1 X751.656 Y248.044 E2174.16299
;WIPE_START
G1 F600
G1 X751.662 Y258.044 E-30
;WIPE_END
G1 Z30.5 F15000
M73 P12 R848
G1 X727.407 Y250.49 Z30.5
G1 Z29.5
G1 E40 F9000
;TYPE:Sparse infill
;WIDTH:3.2
G1 F2779.614
G1 X738.92 Y250.49 E49.70059
G1 F2760
G1 X749.51 Y261.08 E64.65527
G1 X749.51 Y250.49 E45.71788
G1 X250.49 Y749.51 E3046.69043
G1 X250.49 Y738.92 E45.71786
G1 X261.08 Y749.51 E64.65527
G1 X272.593 Y749.51 E49.70059
;WIPE_START
G1 F600
G1 X262.593 Y749.51 E-30
;WIPE_END
G1 Z30.5 F15000
G1 X435.402 Y749.51 Z30.5
G1 Z29.5
G1 E40 F9000
G1 F2779.614
G1 F2760
G1 X423.89 Y749.51 E49.7002
G1 X250.49 Y576.11 E1058.66699
G1 X250.49 Y586.7 E45.71798
G1 X586.7 Y250.49 E2052.67871
G1 X576.11 Y250.49 E45.71875
G1 X749.51 Y423.89 E1058.66712
G1 X749.51 Y413.3 E45.71875
G1 X413.3 Y749.51 E2052.6789
G1 X401.788 Y749.51 E49.70059
;WIPE_START
G1 F600
G1 X411.788 Y749.51 E-30
;WIPE_END
G1 Z30.5 F15000
G1 X598.212 Y749.51 Z30.5
G1 Z29.5
G1 E40 F9000
G1 F2779.614
G1 F2760
G1 X586.7 Y749.51 E49.70117
G1 X250.49 Y413.3 E2052.67889
G1 X250.49 Y423.89 E45.71875
M73 P12 R847
G1 X423.89 Y250.49 E1058.66711
G1 X413.3 Y250.49 E45.71875
G1 X749.51 Y586.7 E2052.6789
G1 X749.51 Y576.11 E45.71875
G1 X576.11 Y749.51 E1058.66713
G1 X564.597 Y749.51 E49.70059
;WIPE_START
G1 F600
G1 X574.597 Y749.51 E-30
;WIPE_END
G1 Z30.5 F15000
G1 X749.51 Y727.407 Z30.5
G1 Z29.5
G1 E40 F9000
G1 F2779.614
G1 X749.51 Y738.92 E49.70059
G1 F2760
G1 X738.92 Y749.51 E64.65625
G1 X749.51 Y749.51 E45.71875
G1 X250.49 Y250.49 E3046.69065
G1 X261.08 Y250.49 E45.71875
G1 X250.49 Y261.08 E64.65625
G1 X250.49 Y272.593 E49.70059
; stop printing object Cube id:0 copy 0
;LAYER_CHANGE
;Z:31
;HEIGHT:1.5
;BEFORE_LAYER_CHANGE
;31
G92 E0

EXCLUDE_OBJECT_END NAME=Cube_id_0_copy_0
;AFTER_LAYER_CHANGE
;31
;_SET_FAN_SPEED_CHANGING_LAYER
; printing object Cube id:0 copy 0
;WIPE_START
G1 F600
G1 X250.49 Y262.593 E-30
;WIPE_END
EXCLUDE_OBJECT_START NAME=Cube_id_0_copy_0
G1 Z32 F15000
G1 X248.044 Y248.044 Z32
G1 Z31
G1 E40 F9000
;TYPE:Outer wall
;WIDTH:3.2
G1 F2779.615
G1 X751.956 Y248.044 E2175.45813
G1 X751.956 Y751.956 E2175.45813
M73 P12 R846
G1 F2760
G1 X248.044 Y751.956 E2175.4585
G1 X248.044 Y248.344 E2174.16299
;WIPE_START
G1 F600
G1 X258.044 Y248.338 E-30
;WIPE_END
G1 Z32 F15000
G1 X250.49 Y272.593 Z32
G1 Z31
G1 E40 F9000
;TYPE:Sparse infill
;WIDTH:3.2
G1 F2779.614
G1 X250.49 Y261.08 E49.70059
G1 F2760
G1 X261.08 Y250.49 E64.65527
G1 X250.49 Y250.49 E45.71822
G1 X749.51 Y749.51 E3046.69043
G1 X738.92 Y749.51 E45.71823
G1 X749.51 Y738.92 E64.65527
G1 X749.51 Y727.407 E49.70059
;WIPE_START
G1 F600
G1 X749.51 Y737.407 E-30
;WIPE_END
G1 Z32 F15000
M73 P12 R845
G1 X564.597 Y749.51 Z32
G1 Z31
G1 E40 F9000
G1 F2779.614
G1 X576.11 Y749.51 E49.70059
G1 F2760
G1 X749.51 Y576.11 E1058.66699
G1 X749.51 Y586.7 E45.71813
G1 X413.3 Y250.49 E2052.67871
G1 X423.89 Y250.49 E45.71875
G1 X250.49 Y423.89 E1058.66711
M73 P13 R845
G1 X250.49 Y413.3 E45.71875
G1 X586.7 Y749.51 E2052.67889
G1 X598.212 Y749.51 E49.70059
;WIPE_START
G1 F600
G1 X588.212 Y749.51 E-30
;WIPE_END
G1 Z32 F15000
G1 X401.788 Y749.51 Z32
G1 Z31
G1 E40 F9000
G1 F2779.614
G1 F2760
G1 X413.3 Y749.51 E49.70117
G1 X749.51 Y413.3 E2052.6789
G1 X749.51 Y423.89 E45.71875
G1 X576.11 Y250.49 E1058.66712
G1 X586.7 Y250.49 E45.71875
G1 X250.49 Y586.7 E2052.67888
G1 X250.49 Y576.11 E45.71875
M73 P13 R844
G1 X423.89 Y749.51 E1058.66712
G1 X435.402 Y749.51 E49.70059
;WIPE_START
G1 F600
G1 X425.402 Y749.51 E-30
;WIPE_END
G1 Z32 F15000
G1 X272.593 Y749.51 Z32
G1 Z31
G1 E40 F9000
G1 F2779.614
G1 X261.08 Y749.51 E49.70059
G1 F2760
G1 X250.49 Y738.92 E64.65625
G1 X250.49 Y749.51 E45.71875
G1 X749.51 Y250.49 E3046.69015
G1 X749.51 Y261.08 E45.71875
G1 X738.92 Y250.49 E64.65625
G1 X727.407 Y250.49 E49.70059
; stop printing object Cube id:0 copy 0
;LAYER_CHANGE
;Z:32.5
;HEIGHT:1.5
;BEFORE_LAYER_CHANGE
;32.5
G92 E0

EXCLUDE_OBJECT_END NAME=Cube_id_0_copy_0
;AFTER_LAYER_CHANGE
;32.5
;_SET_FAN_SPEED_CHANGING_LAYER
; printing object Cube id:0 copy 0
;WIPE_START
G1 F600
G1 X737.407 Y250.49 E-30
;WIPE_END
EXCLUDE_OBJECT_START NAME=Cube_id_0_copy_0
G1 Z33.5 F15000
G1 X751.956 Y248.044 Z33.5
G1 Z32.5
G1 E40 F9000
;TYPE:Outer wall
;WIDTH:3.2
G1 F2779.615
G1 X751.956 Y751.956 E2175.45813
G1 X248.044 Y751.956 E2175.45813
G1 F2760
G1 X248.044 Y248.044 E2175.4585
G1 X751.656 Y248.044 E2174.16299
M73 P13 R843
;WIPE_START
G1 F600
G1 X751.662 Y258.044 E-30
;WIPE_END
G1 Z33.5 F15000
G1 X727.407 Y250.49 Z33.5
G1 Z32.5
G1 E40 F9000
;TYPE:Sparse infill
;WIDTH:3.2
G1 F2779.614
G1 X738.92 Y250.49 E49.70059
G1 F2760
G1 X749.51 Y261.08 E64.65527
G1 X749.51 Y250.49 E45.71788
G1 X250.49 Y749.51 E3046.69043
G1 X250.49 Y738.92 E45.71786
G1 X261.08 Y749.51 E64.65527
G1 X272.593 Y749.51 E49.70059
;WIPE_START
G1 F600
G1 X262.593 Y749.51 E-30
;WIPE_END
G1 Z33.5 F15000
G1 X435.402 Y749.51 Z33.5
G1 Z32.5
G1 E40 F9000
G1 F2779.614
G1 F2760
G1 X423.89 Y749.51 E49.7002
G1 X250.49 Y576.11 E1058.66699
G1 X250.49 Y586.7 E45.71798
G1 X586.7 Y250.49 E2052.67871
G1 X576.11 Y250.49 E45.71875
G1 X749.51 Y423.89 E1058.66712
G1 X749.51 Y413.3 E45.71875
M73 P13 R842
G1 X413.3 Y749.51 E2052.6789
G1 X401.788 Y749.51 E49.70059
;WIPE_START
G1 F600
G1 X411.788 Y749.51 E-30
;WIPE_END
G1 Z33.5 F15000
G1 X598.212 Y749.51 Z33.5
G1 Z32.5
G1 E40 F9000
G1 F2779.614
G1 F2760
G1 X586.7 Y749.51 E49.70117
G1 X250.49 Y413.3 E2052.67889
G1 X250.49 Y423.89 E45.71875
G1 X423.89 Y250.49 E1058.66711
G1 X413.3 Y250.49 E45.71875
G1 X749.51 Y586.7 E2052.6789
G1 X749.51 Y576.11 E45.71875
G1 X576.11 Y749.51 E1058.66713
G1 X564.597 Y749.51 E49.70059
;WIPE_START
G1 F600
G1 X574.597 Y749.51 E-30
;WIPE_END
G1 Z33.5 F15000
G1 X749.51 Y727.407 Z33.5
G1 Z32.5
G1 E40 F9000
G1 F2779.614
G1 X749.51 Y738.92 E49.70059
G1 F2760
G1 X738.92 Y749.51 E64.65625
G1 X749.51 Y749.51 E45.71875
G1 X250.49 Y250.49 E3046.69065
G1 X261.08 Y250.49 E45.71875
M73 P13 R841
G1 X250.49 Y261.08 E64.65625
G1 X250.49 Y272.593 E49.70059
; stop printing object Cube id:0 copy 0
;LAYER_CHANGE
;Z:34
;HEIGHT:1.5
;BEFORE_LAYER_CHANGE
;34
G92 E0

EXCLUDE_OBJECT_END NAME=Cube_id_0_copy_0
;AFTER_LAYER_CHANGE
;34
;_SET_FAN_SPEED_CHANGING_LAYER
; printing object Cube id:0 copy 0
;WIPE_START
G1 F600
G1 X250.49 Y262.593 E-30
;WIPE_END
EXCLUDE_OBJECT_START NAME=Cube_id_0_copy_0
G1 Z35 F15000
G1 X248.044 Y248.044 Z35
G1 Z34
G1 E40 F9000
;TYPE:Outer wall
;WIDTH:3.2
G1 F2779.615
G1 X751.956 Y248.044 E2175.45813
G1 X751.956 Y751.956 E2175.45813
G1 F2760
G1 X248.044 Y751.956 E2175.4585
G1 X248.044 Y248.344 E2174.16299
;WIPE_START
G1 F600
G1 X258.044 Y248.338 E-30
;WIPE_END
G1 Z35 F15000
M73 P13 R840
G1 X250.49 Y272.593 Z35
G1 Z34
G1 E40 F9000
;TYPE:Sparse infill
;WIDTH:3.2
G1 F2779.614
G1 X250.49 Y261.08 E49.70059
G1 F2760
G1 X261.08 Y250.49 E64.65527
G1 X250.49 Y250.49 E45.71822
G1 X749.51 Y749.51 E3046.69043
G1 X738.92 Y749.51 E45.71823
G1 X749.51 Y738.92 E64.65527
G1 X749.51 Y727.407 E49.70059
;WIPE_START
G1 F600
G1 X749.51 Y737.407 E-30
;WIPE_END
G1 Z35 F15000
G1 X564.597 Y749.51 Z35
G1 Z34
G1 E40 F9000
G1 F2779.614
G1 X576.11 Y749.51 E49.70059
G1 F2760
G1 X749.51 Y576.11 E1058.66699
G1 X749.51 Y586.7 E45.71813
G1 X413.3 Y250.49 E2052.67871
G1 X423.89 Y250.49 E45.71875
G1 X250.49 Y423.89 E1058.66711
G1 X250.49 Y413.3 E45.71875
G1 X586.7 Y749.51 E2052.67889
G1 X598.212 Y749.51 E49.70059
;WIPE_START
G1 F600
G1 X588.212 Y749.51 E-30
;WIPE_END
G1 Z35 F15000
G1 X401.788 Y749.51 Z35
G1 Z34
G1 E40 F9000
G1 F2779.614
G1 F2760
G1 X413.3 Y749.51 E49.70117
G1 X749.51 Y413.3 E2052.6789
G1 X749.51 Y423.89 E45.71875
M73 P13 R839
G1 X576.11 Y250.49 E1058.66712
G1 X586.7 Y250.49 E45.71875
G1 X250.49 Y586.7 E2052.67888
G1 X250.49 Y576.11 E45.71875
G1 X423.89 Y749.51 E1058.66712
G1 X435.402 Y749.51 E49.70059
;WIPE_START
G1 F600
G1 X425.402 Y749.51 E-30
;WIPE_END
G1 Z35 F15000
G1 X272.593 Y749.51 Z35
G1 Z34
G1 E40 F9000
G1 F2779.614
G1 X261.08 Y749.51 E49.70059
G1 F2760
G1 X250.49 Y738.92 E64.65625
G1 X250.49 Y749.51 E45.71875
G1 X749.51 Y250.49 E3046.69015
G1 X749.51 Y261.08 E45.71875
G1 X738.92 Y250.49 E64.65625
G1 X727.407 Y250.49 E49.70059
; stop printing object Cube id:0 copy 0
;LAYER_CHANGE
;Z:35.5
;HEIGHT:1.5
;BEFORE_LAYER_CHANGE
;35.5
G92 E0

EXCLUDE_OBJECT_END NAME=Cube_id_0_copy_0
;AFTER_LAYER_CHANGE
;35.5
;_SET_FAN_SPEED_CHANGING_LAYER
; printing object Cube id:0 copy 0
;WIPE_START
G1 F600
G1 X737.407 Y250.49 E-30
;WIPE_END
EXCLUDE_OBJECT_START NAME=Cube_id_0_copy_0
G1 Z36.5 F15000
G1 X751.956 Y248.044 Z36.5
G1 Z35.5
G1 E40 F9000
;TYPE:Outer wall
;WIDTH:3.2
G1 F2779.615
G1 X751.956 Y751.956 E2175.45813
G1 X248.044 Y751.956 E2175.45813
M73 P13 R838
G1 F2760
G1 X248.044 Y248.044 E2175.4585
G1 X751.656 Y248.044 E2174.16299
;WIPE_START
G1 F600
G1 X751.662 Y258.044 E-30
;WIPE_END
G1 Z36.5 F15000
G1 X727.407 Y250.49 Z36.5
G1 Z35.5
G1 E40 F9000
;TYPE:Sparse infill
;WIDTH:3.2
G1 F2779.614
G1 X738.92 Y250.49 E49.70059
G1 F2760
G1 X749.51 Y261.08 E64.65527
G1 X749.51 Y250.49 E45.71788
G1 X250.49 Y749.51 E3046.69043
G1 X250.49 Y738.92 E45.71786
G1 X261.08 Y749.51 E64.65527
G1 X272.593 Y749.51 E49.70059
;WIPE_START
G1 F600
G1 X262.593 Y749.51 E-30
;WIPE_END
G1 Z36.5 F15000
G1 X435.402 Y749.51 Z36.5
G1 Z35.5
M73 P13 R837
G1 E40 F9000
G1 F2779.614
G1 F2760
G1 X423.89 Y749.51 E49.7002
G1 X250.49 Y576.11 E1058.66699
G1 X250.49 Y586.7 E45.71798
G1 X586.7 Y250.49 E2052.67871
G1 X576.11 Y250.49 E45.71875
G1 X749.51 Y423.89 E1058.66712
G1 X749.51 Y413.3 E45.71875
G1 X413.3 Y749.51 E2052.6789
G1 X401.788 Y749.51 E49.70059
;WIPE_START
G1 F600
G1 X411.788 Y749.51 E-30
;WIPE_END
G1 Z36.5 F15000
G1 X598.212 Y749.51 Z36.5
G1 Z35.5
G1 E40 F9000
G1 F2779.614
G1 F2760
G1 X586.7 Y749.51 E49.70117
G1 X250.49 Y413.3 E2052.67889
G1 X250.49 Y423.89 E45.71875
G1 X423.89 Y250.49 E1058.66711
G1 X413.3 Y250.49 E45.71875
G1 X749.51 Y586.7 E2052.6789
G1 X749.51 Y576.11 E45.71875
M73 P13 R836
G1 X576.11 Y749.51 E1058.66713
G1 X564.597 Y749.51 E49.70059
;WIPE_START
G1 F600
G1 X574.597 Y749.51 E-30
;WIPE_END
G1 Z36.5 F15000
G1 X749.51 Y727.407 Z36.5
G1 Z35.5
G1 E40 F9000
G1 F2779.614
G1 X749.51 Y738.92 E49.70059
G1 F2760
G1 X738.92 Y749.51 E64.65625
G1 X749.51 Y749.51 E45.71875
G1 X250.49 Y250.49 E3046.69065
G1 X261.08 Y250.49 E45.71875
G1 X250.49 Y261.08 E64.65625
G1 X250.49 Y272.593 E49.70059
; stop printing object Cube id:0 copy 0
;LAYER_CHANGE
;Z:37
;HEIGHT:1.5
;BEFORE_LAYER_CHANGE
;37
G92 E0

EXCLUDE_OBJECT_END NAME=Cube_id_0_copy_0
;AFTER_LAYER_CHANGE
;37
;_SET_FAN_SPEED_CHANGING_LAYER
; printing object Cube id:0 copy 0
;WIPE_START
G1 F600
G1 X250.49 Y262.593 E-30
;WIPE_END
EXCLUDE_OBJECT_START NAME=Cube_id_0_copy_0
G1 Z38 F15000
G1 X248.044 Y248.044 Z38
G1 Z37
G1 E40 F9000
;TYPE:Outer wall
;WIDTH:3.2
G1 F2779.615
G1 X751.956 Y248.044 E2175.45813
G1 X751.956 Y751.956 E2175.45813
G1 F2760
G1 X248.044 Y751.956 E2175.4585
G1 X248.044 Y248.344 E2174.16299
M73 P14 R835
;WIPE_START
G1 F600
G1 X258.044 Y248.338 E-30
;WIPE_END
G1 Z38 F15000
G1 X250.49 Y272.593 Z38
G1 Z37
G1 E40 F9000
;TYPE:Sparse infill
;WIDTH:3.2
G1 F2779.614
G1 X250.49 Y261.08 E49.70059
G1 F2760
G1 X261.08 Y250.49 E64.65527
G1 X250.49 Y250.49 E45.71822
G1 X749.51 Y749.51 E3046.69043
G1 X738.92 Y749.51 E45.71823
G1 X749.51 Y738.92 E64.65527
G1 X749.51 Y727.407 E49.70059
;WIPE_START
G1 F600
G1 X749.51 Y737.407 E-30
;WIPE_END
G1 Z38 F15000
G1 X564.597 Y749.51 Z38
G1 Z37
G1 E40 F9000
G1 F2779.614
G1 X576.11 Y749.51 E49.70059
G1 F2760
G1 X749.51 Y576.11 E1058.66699
G1 X749.51 Y586.7 E45.71813
G1 X413.3 Y250.49 E2052.67871
G1 X423.89 Y250.49 E45.71875
G1 X250.49 Y423.89 E1058.66711
G1 X250.49 Y413.3 E45.71875
M73 P14 R834
G1 X586.7 Y749.51 E2052.67889
G1 X598.212 Y749.51 E49.70059
;WIPE_START
G1 F600
G1 X588.212 Y749.51 E-30
;WIPE_END
G1 Z38 F15000
G1 X401.788 Y749.51 Z38
G1 Z37
G1 E40 F9000
G1 F2779.614
G1 F2760
G1 X413.3 Y749.51 E49.70117
G1 X749.51 Y413.3 E2052.6789
G1 X749.51 Y423.89 E45.71875
G1 X576.11 Y250.49 E1058.66712
G1 X586.7 Y250.49 E45.71875
G1 X250.49 Y586.7 E2052.67888
G1 X250.49 Y576.11 E45.71875
G1 X423.89 Y749.51 E1058.66712
G1 X435.402 Y749.51 E49.70059
;WIPE_START
G1 F600
G1 X425.402 Y749.51 E-30
;WIPE_END
G1 Z38 F15000
G1 X272.593 Y749.51 Z38
G1 Z37
G1 E40 F9000
G1 F2779.614
G1 X261.08 Y749.51 E49.70059
G1 F2760
G1 X250.49 Y738.92 E64.65625
G1 X250.49 Y749.51 E45.71875
G1 X749.51 Y250.49 E3046.69015
G1 X749.51 Y261.08 E45.71875
M73 P14 R833
G1 X738.92 Y250.49 E64.65625
G1 X727.407 Y250.49 E49.70059
; stop printing object Cube id:0 copy 0
;LAYER_CHANGE
;Z:38.5
;HEIGHT:1.5
;BEFORE_LAYER_CHANGE
;38.5
G92 E0

EXCLUDE_OBJECT_END NAME=Cube_id_0_copy_0
;AFTER_LAYER_CHANGE
;38.5
;_SET_FAN_SPEED_CHANGING_LAYER
; printing object Cube id:0 copy 0
;WIPE_START
G1 F600
G1 X737.407 Y250.49 E-30
;WIPE_END
EXCLUDE_OBJECT_START NAME=Cube_id_0_copy_0
G1 Z39.5 F15000
G1 X751.956 Y248.044 Z39.5
G1 Z38.5
G1 E40 F9000
;TYPE:Outer wall
;WIDTH:3.2
G1 F2779.615
G1 X751.956 Y751.956 E2175.45813
G1 X248.044 Y751.956 E2175.45813
G1 F2760
G1 X248.044 Y248.044 E2175.4585
G1 X751.656 Y248.044 E2174.16299
;WIPE_START
G1 F600
G1 X751.662 Y258.044 E-30
;WIPE_END
G1 Z39.5 F15000
G1 X727.407 Y250.49 Z39.5
G1 Z38.5
G1 E40 F9000
M73 P14 R832
;TYPE:Sparse infill
;WIDTH:3.2
G1 F2779.614
G1 X738.92 Y250.49 E49.70059
G1 F2760
G1 X749.51 Y261.08 E64.65527
G1 X749.51 Y250.49 E45.71788
G1 X250.49 Y749.51 E3046.69043
G1 X250.49 Y738.92 E45.71786
G1 X261.08 Y749.51 E64.65527
G1 X272.593 Y749.51 E49.70059
;WIPE_START
G1 F600
G1 X262.593 Y749.51 E-30
;WIPE_END
G1 Z39.5 F15000
G1 X435.402 Y749.51 Z39.5
G1 Z38.5
G1 E40 F9000
G1 F2779.614
G1 F2760
G1 X423.89 Y749.51 E49.7002
G1 X250.49 Y576.11 E1058.66699
G1 X250.49 Y586.7 E45.71798
G1 X586.7 Y250.49 E2052.67871
G1 X576.11 Y250.49 E45.71875
G1 X749.51 Y423.89 E1058.66712
G1 X749.51 Y413.3 E45.71875
G1 X413.3 Y749.51 E2052.6789
G1 X401.788 Y749.51 E49.70059
;WIPE_START
G1 F600
G1 X411.788 Y749.51 E-30
;WIPE_END
G1 Z39.5 F15000
G1 X598.212 Y749.51 Z39.5
G1 Z38.5
G1 E40 F9000
G1 F2779.614
G1 F2760
G1 X586.7 Y749.51 E49.70117
G1 X250.49 Y413.3 E2052.67889
G1 X250.49 Y423.89 E45.71875
M73 P14 R831
G1 X423.89 Y250.49 E1058.66711
G1 X413.3 Y250.49 E45.71875
G1 X749.51 Y586.7 E2052.6789
G1 X749.51 Y576.11 E45.71875
G1 X576.11 Y749.51 E1058.66713
G1 X564.597 Y749.51 E49.70059
;WIPE_START
G1 F600
G1 X574.597 Y749.51 E-30
;WIPE_END
G1 Z39.5 F15000
G1 X749.51 Y727.407 Z39.5
G1 Z38.5
G1 E40 F9000
G1 F2779.614
G1 X749.51 Y738.92 E49.70059
G1 F2760
G1 X738.92 Y749.51 E64.65625
G1 X749.51 Y749.51 E45.71875
G1 X250.49 Y250.49 E3046.69065
G1 X261.08 Y250.49 E45.71875
G1 X250.49 Y261.08 E64.65625
G1 X250.49 Y272.593 E49.70059
; stop printing object Cube id:0 copy 0
;LAYER_CHANGE
;Z:40
;HEIGHT:1.5
;BEFORE_LAYER_CHANGE
;40
G92 E0

EXCLUDE_OBJECT_END NAME=Cube_id_0_copy_0
;AFTER_LAYER_CHANGE
;40
;_SET_FAN_SPEED_CHANGING_LAYER
; printing object Cube id:0 copy 0
;WIPE_START
G1 F600
G1 X250.49 Y262.593 E-30
;WIPE_END
EXCLUDE_OBJECT_START NAME=Cube_id_0_copy_0
G1 Z41 F15000
G1 X248.044 Y248.044 Z41
G1 Z40
G1 E40 F9000
;TYPE:Outer wall
;WIDTH:3.2
G1 F2779.615
G1 X751.956 Y248.044 E2175.45813
G1 X751.956 Y751.956 E2175.45813
M73 P14 R830
G1 F2760
G1 X248.044 Y751.956 E2175.4585
G1 X248.044 Y248.344 E2174.16299
;WIPE_START
G1 F600
G1 X258.044 Y248.338 E-30
;WIPE_END
G1 Z41 F15000
G1 X250.49 Y272.593 Z41
G1 Z40
G1 E40 F9000
;TYPE:Sparse infill
;WIDTH:3.2
G1 F2779.614
G1 X250.49 Y261.08 E49.70059
G1 F2760
G1 X261.08 Y250.49 E64.65527
G1 X250.49 Y250.49 E45.71822
G1 X749.51 Y749.51 E3046.69043
G1 X738.92 Y749.51 E45.71823
G1 X749.51 Y738.92 E64.65527
G1 X749.51 Y727.407 E49.70059
;WIPE_START
G1 F600
G1 X749.51 Y737.407 E-30
;WIPE_END
G1 Z41 F15000
G1 X564.597 Y749.51 Z41
G1 Z40
M73 P14 R829
G1 E40 F9000
G1 F2779.614
G1 X576.11 Y749.51 E49.70059
G1 F2760
G1 X749.51 Y576.11 E1058.66699
G1 X749.51 Y586.7 E45.71813
G1 X413.3 Y250.49 E2052.67871
G1 X423.89 Y250.49 E45.71875
G1 X250.49 Y423.89 E1058.66711
G1 X250.49 Y413.3 E45.71875
G1 X586.7 Y749.51 E2052.67889
G1 X598.212 Y749.51 E49.70059
;WIPE_START
G1 F600
G1 X588.212 Y749.51 E-30
;WIPE_END
G1 Z41 F15000
G1 X401.788 Y749.51 Z41
G1 Z40
G1 E40 F9000
G1 F2779.614
G1 F2760
G1 X413.3 Y749.51 E49.70117
G1 X749.51 Y413.3 E2052.6789
G1 X749.51 Y423.89 E45.71875
G1 X576.11 Y250.49 E1058.66712
G1 X586.7 Y250.49 E45.71875
G1 X250.49 Y586.7 E2052.67888
G1 X250.49 Y576.11 E45.71875
M73 P14 R828
G1 X423.89 Y749.51 E1058.66712
G1 X435.402 Y749.51 E49.70059
;WIPE_START
G1 F600
G1 X425.402 Y749.51 E-30
;WIPE_END
G1 Z41 F15000
G1 X272.593 Y749.51 Z41
G1 Z40
G1 E40 F9000
G1 F2779.614
G1 X261.08 Y749.51 E49.70059
G1 F2760
G1 X250.49 Y738.92 E64.65625
G1 X250.49 Y749.51 E45.71875
G1 X749.51 Y250.49 E3046.69015
G1 X749.51 Y261.08 E45.71875
G1 X738.92 Y250.49 E64.65625
G1 X727.407 Y250.49 E49.70059
; stop printing object Cube id:0 copy 0
;LAYER_CHANGE
;Z:41.5
;HEIGHT:1.5
;BEFORE_LAYER_CHANGE
;41.5
G92 E0

EXCLUDE_OBJECT_END NAME=Cube_id_0_copy_0
;AFTER_LAYER_CHANGE
;41.5
;_SET_FAN_SPEED_CHANGING_LAYER
; printing object Cube id:0 copy 0
;WIPE_START
G1 F600
G1 X737.407 Y250.49 E-30
;WIPE_END
EXCLUDE_OBJECT_START NAME=Cube_id_0_copy_0
G1 Z42.5 F15000
G1 X751.956 Y248.044 Z42.5
G1 Z41.5
G1 E40 F9000
;TYPE:Outer wall
;WIDTH:3.2
G1 F2779.615
G1 X751.956 Y751.956 E2175.45813
G1 X248.044 Y751.956 E2175.45813
G1 F2760
G1 X248.044 Y248.044 E2175.4585
G1 X751.656 Y248.044 E2174.16299
M73 P14 R827
;WIPE_START
G1 F600
G1 X751.662 Y258.044 E-30
;WIPE_END
G1 Z42.5 F15000
G1 X727.407 Y250.49 Z42.5
G1 Z41.5
G1 E40 F9000
;TYPE:Sparse infill
;WIDTH:3.2
G1 F2779.614
G1 X738.92 Y250.49 E49.70059
G1 F2760
G1 X749.51 Y261.08 E64.65527
G1 X749.51 Y250.49 E45.71788
G1 X250.49 Y749.51 E3046.69043
G1 X250.49 Y738.92 E45.71786
G1 X261.08 Y749.51 E64.65527
G1 X272.593 Y749.51 E49.70059
;WIPE_START
G1 F600
G1 X262.593 Y749.51 E-30
;WIPE_END
G1 Z42.5 F15000
G1 X435.402 Y749.51 Z42.5
G1 Z41.5
G1 E40 F9000
G1 F2779.614
G1 F2760
G1 X423.89 Y749.51 E49.7002
G1 X250.49 Y576.11 E1058.66699
G1 X250.49 Y586.7 E45.71798
G1 X586.7 Y250.49 E2052.67871
G1 X576.11 Y250.49 E45.71875
G1 X749.51 Y423.89 E1058.66712
G1 X749.51 Y413.3 E45.71875
M73 P14 R826
G1 X413.3 Y749.51 E2052.6789
G1 X401.788 Y749.51 E49.70059
;WIPE_START
G1 F600
G1 X411.788 Y749.51 E-30
;WIPE_END
G1 Z42.5 F15000
G1 X598.212 Y749.51 Z42.5
G1 Z41.5
G1 E40 F9000
G1 F2779.614
G1 F2760
G1 X586.7 Y749.51 E49.70117
G1 X250.49 Y413.3 E2052.67889
G1 X250.49 Y423.89 E45.71875
G1 X423.89 Y250.49 E1058.66711
G1 X413.3 Y250.49 E45.71875
G1 X749.51 Y586.7 E2052.6789
G1 X749.51 Y576.11 E45.71875
G1 X576.11 Y749.51 E1058.66713
G1 X564.597 Y749.51 E49.70059
M73 P15 R826
;WIPE_START
G1 F600
G1 X574.597 Y749.51 E-30
;WIPE_END
G1 Z42.5 F15000
G1 X749.51 Y727.407 Z42.5
G1 Z41.5
G1 E40 F9000
G1 F2779.614
G1 X749.51 Y738.92 E49.70059
G1 F2760
G1 X738.92 Y749.51 E64.65625
G1 X749.51 Y749.51 E45.71875
G1 X250.49 Y250.49 E3046.69065
G1 X261.08 Y250.49 E45.71875
M73 P15 R825
G1 X250.49 Y261.08 E64.65625
G1 X250.49 Y272.593 E49.70059
; stop printing object Cube id:0 copy 0
;LAYER_CHANGE
;Z:43
;HEIGHT:1.5
;BEFORE_LAYER_CHANGE
;43
G92 E0

EXCLUDE_OBJECT_END NAME=Cube_id_0_copy_0
;AFTER_LAYER_CHANGE
;43
;_SET_FAN_SPEED_CHANGING_LAYER
; printing object Cube id:0 copy 0
;WIPE_START
G1 F600
G1 X250.49 Y262.593 E-30
;WIPE_END
EXCLUDE_OBJECT_START NAME=Cube_id_0_copy_0
G1 Z44 F15000
G1 X248.044 Y248.044 Z44
G1 Z43
G1 E40 F9000
;TYPE:Outer wall
;WIDTH:3.2
G1 F2779.615
G1 X751.956 Y248.044 E2175.45813
G1 X751.956 Y751.956 E2175.45813
G1 F2760
G1 X248.044 Y751.956 E2175.4585
G1 X248.044 Y248.344 E2174.16299
;WIPE_START
G1 F600
G1 X258.044 Y248.338 E-30
;WIPE_END
G1 Z44 F15000
G1 X250.49 Y272.593 Z44
G1 Z43
G1 E40 F9000
;TYPE:Sparse infill
;WIDTH:3.2
G1 F2779.614
G1 X250.49 Y261.08 E49.70059
G1 F2760
M73 P15 R824
G1 X261.08 Y250.49 E64.65527
G1 X250.49 Y250.49 E45.71822
G1 X749.51 Y749.51 E3046.69043
G1 X738.92 Y749.51 E45.71823
G1 X749.51 Y738.92 E64.65527
G1 X749.51 Y727.407 E49.70059
;WIPE_START
G1 F600
G1 X749.51 Y737.407 E-30
;WIPE_END
G1 Z44 F15000
G1 X564.597 Y749.51 Z44
G1 Z43
G1 E40 F9000
G1 F2779.614
G1 X576.11 Y749.51 E49.70059
G1 F2760
G1 X749.51 Y576.11 E1058.66699
G1 X749.51 Y586.7 E45.71813
G1 X413.3 Y250.49 E2052.67871
G1 X423.89 Y250.49 E45.71875
G1 X250.49 Y423.89 E1058.66711
G1 X250.49 Y413.3 E45.71875
G1 X586.7 Y749.51 E2052.67889
G1 X598.212 Y749.51 E49.70059
;WIPE_START
G1 F600
G1 X588.212 Y749.51 E-30
;WIPE_END
G1 Z44 F15000
G1 X401.788 Y749.51 Z44
G1 Z43
G1 E40 F9000
G1 F2779.614
G1 F2760
G1 X413.3 Y749.51 E49.70117
G1 X749.51 Y413.3 E2052.6789
G1 X749.51 Y423.89 E45.71875
M73 P15 R823
G1 X576.11 Y250.49 E1058.66712
G1 X586.7 Y250.49 E45.71875
G1 X250.49 Y586.7 E2052.67888
G1 X250.49 Y576.11 E45.71875
G1 X423.89 Y749.51 E1058.66712
G1 X435.402 Y749.51 E49.70059
;WIPE_START
G1 F600
G1 X425.402 Y749.51 E-30
;WIPE_END
G1 Z44 F15000
G1 X272.593 Y749.51 Z44
G1 Z43
G1 E40 F9000
G1 F2779.614
G1 X261.08 Y749.51 E49.70059
G1 F2760
G1 X250.49 Y738.92 E64.65625
G1 X250.49 Y749.51 E45.71875
G1 X749.51 Y250.49 E3046.69015
G1 X749.51 Y261.08 E45.71875
G1 X738.92 Y250.49 E64.65625
G1 X727.407 Y250.49 E49.70059
; stop printing object Cube id:0 copy 0
;LAYER_CHANGE
;Z:44.5
;HEIGHT:1.5
;BEFORE_LAYER_CHANGE
;44.5
G92 E0

EXCLUDE_OBJECT_END NAME=Cube_id_0_copy_0
;AFTER_LAYER_CHANGE
;44.5
;_SET_FAN_SPEED_CHANGING_LAYER
; printing object Cube id:0 copy 0
;WIPE_START
G1 F600
G1 X737.407 Y250.49 E-30
;WIPE_END
EXCLUDE_OBJECT_START NAME=Cube_id_0_copy_0
G1 Z45.5 F15000
G1 X751.956 Y248.044 Z45.5
G1 Z44.5
G1 E40 F9000
;TYPE:Outer wall
;WIDTH:3.2
G1 F2779.615
G1 X751.956 Y751.956 E2175.45813
G1 X248.044 Y751.956 E2175.45813
M73 P15 R822
G1 F2760
G1 X248.044 Y248.044 E2175.4585
G1 X751.656 Y248.044 E2174.16299
;WIPE_START
G1 F600
G1 X751.662 Y258.044 E-30
;WIPE_END
G1 Z45.5 F15000
G1 X727.407 Y250.49 Z45.5
G1 Z44.5
G1 E40 F9000
;TYPE:Sparse infill
;WIDTH:3.2
G1 F2779.614
G1 X738.92 Y250.49 E49.70059
G1 F2760
G1 X749.51 Y261.08 E64.65527
G1 X749.51 Y250.49 E45.71788
G1 X250.49 Y749.51 E3046.69043
G1 X250.49 Y738.92 E45.71786
G1 X261.08 Y749.51 E64.65527
G1 X272.593 Y749.51 E49.70059
;WIPE_START
G1 F600
G1 X262.593 Y749.51 E-30
;WIPE_END
G1 Z45.5 F15000
G1 X435.402 Y749.51 Z45.5
G1 Z44.5
G1 E40 F9000
G1 F2779.614
M73 P15 R821
G1 F2760
G1 X423.89 Y749.51 E49.7002
G1 X250.49 Y576.11 E1058.66699
G1 X250.49 Y586.7 E45.71798
G1 X586.7 Y250.49 E2052.67871
G1 X576.11 Y250.49 E45.71875
G1 X749.51 Y423.89 E1058.66712
G1 X749.51 Y413.3 E45.71875
G1 X413.3 Y749.51 E2052.6789
G1 X401.788 Y749.51 E49.70059
;WIPE_START
G1 F600
G1 X411.788 Y749.51 E-30
;WIPE_END
G1 Z45.5 F15000
G1 X598.212 Y749.51 Z45.5
G1 Z44.5
G1 E40 F9000
G1 F2779.614
G1 F2760
G1 X586.7 Y749.51 E49.70117
G1 X250.49 Y413.3 E2052.67889
G1 X250.49 Y423.89 E45.71875
G1 X423.89 Y250.49 E1058.66711
G1 X413.3 Y250.49 E45.71875
G1 X749.51 Y586.7 E2052.6789
G1 X749.51 Y576.11 E45.71875
M73 P15 R820
G1 X576.11 Y749.51 E1058.66713
G1 X564.597 Y749.51 E49.70059
;WIPE_START
G1 F600
G1 X574.597 Y749.51 E-30
;WIPE_END
G1 Z45.5 F15000
G1 X749.51 Y727.407 Z45.5
G1 Z44.5
G1 E40 F9000
G1 F2779.614
G1 X749.51 Y738.92 E49.70059
G1 F2760
G1 X738.92 Y749.51 E64.65625
G1 X749.51 Y749.51 E45.71875
G1 X250.49 Y250.49 E3046.69065
G1 X261.08 Y250.49 E45.71875
G1 X250.49 Y261.08 E64.65625
G1 X250.49 Y272.593 E49.70059
; stop printing object Cube id:0 copy 0
;LAYER_CHANGE
;Z:46
;HEIGHT:1.5
;BEFORE_LAYER_CHANGE
;46
G92 E0

EXCLUDE_OBJECT_END NAME=Cube_id_0_copy_0
;AFTER_LAYER_CHANGE
;46
;_SET_FAN_SPEED_CHANGING_LAYER
; printing object Cube id:0 copy 0
;WIPE_START
G1 F600
G1 X250.49 Y262.593 E-30
;WIPE_END
EXCLUDE_OBJECT_START NAME=Cube_id_0_copy_0
G1 Z47 F15000
G1 X248.044 Y248.044 Z47
G1 Z46
G1 E40 F9000
;TYPE:Outer wall
;WIDTH:3.2
G1 F2779.615
G1 X751.956 Y248.044 E2175.45813
G1 X751.956 Y751.956 E2175.45813
G1 F2760
G1 X248.044 Y751.956 E2175.4585
G1 X248.044 Y248.344 E2174.16299
M73 P15 R819
;WIPE_START
G1 F600
G1 X258.044 Y248.338 E-30
;WIPE_END
G1 Z47 F15000
G1 X250.49 Y272.593 Z47
G1 Z46
G1 E40 F9000
;TYPE:Sparse infill
;WIDTH:3.2
G1 F2779.614
G1 X250.49 Y261.08 E49.70059
G1 F2760
G1 X261.08 Y250.49 E64.65527
G1 X250.49 Y250.49 E45.71822
G1 X749.51 Y749.51 E3046.69043
G1 X738.92 Y749.51 E45.71823
G1 X749.51 Y738.92 E64.65527
G1 X749.51 Y727.407 E49.70059
;WIPE_START
G1 F600
G1 X749.51 Y737.407 E-30
;WIPE_END
G1 Z47 F15000
G1 X564.597 Y749.51 Z47
G1 Z46
G1 E40 F9000
G1 F2779.614
G1 X576.11 Y749.51 E49.70059
G1 F2760
G1 X749.51 Y576.11 E1058.66699
G1 X749.51 Y586.7 E45.71813
G1 X413.3 Y250.49 E2052.67871
G1 X423.89 Y250.49 E45.71875
G1 X250.49 Y423.89 E1058.66711
G1 X250.49 Y413.3 E45.71875
M73 P15 R818
G1 X586.7 Y749.51 E2052.67889
G1 X598.212 Y749.51 E49.70059
;WIPE_START
G1 F600
G1 X588.212 Y749.51 E-30
;WIPE_END
G1 Z47 F15000
G1 X401.788 Y749.51 Z47
G1 Z46
G1 E40 F9000
G1 F2779.614
G1 F2760
G1 X413.3 Y749.51 E49.70117
G1 X749.51 Y413.3 E2052.6789
G1 X749.51 Y423.89 E45.71875
G1 X576.11 Y250.49 E1058.66712
G1 X586.7 Y250.49 E45.71875
G1 X250.49 Y586.7 E2052.67888
G1 X250.49 Y576.11 E45.71875
G1 X423.89 Y749.51 E1058.66712
G1 X435.402 Y749.51 E49.70059
;WIPE_START
G1 F600
G1 X425.402 Y749.51 E-30
;WIPE_END
G1 Z47 F15000
G1 X272.593 Y749.51 Z47
G1 Z46
G1 E40 F9000
G1 F2779.614
G1 X261.08 Y749.51 E49.70059
G1 F2760
G1 X250.49 Y738.92 E64.65625
G1 X250.49 Y749.51 E45.71875
G1 X749.51 Y250.49 E3046.69015
G1 X749.51 Y261.08 E45.71875
M73 P15 R817
G1 X738.92 Y250.49 E64.65625
G1 X727.407 Y250.49 E49.70059
; stop printing object Cube id:0 copy 0
;LAYER_CHANGE
;Z:47.5
;HEIGHT:1.5
;BEFORE_LAYER_CHANGE
;47.5
G92 E0

EXCLUDE_OBJECT_END NAME=Cube_id_0_copy_0
;AFTER_LAYER_CHANGE
;47.5
;_SET_FAN_SPEED_CHANGING_LAYER
; printing object Cube id:0 copy 0
;WIPE_START
G1 F600
G1 X737.407 Y250.49 E-30
;WIPE_END
EXCLUDE_OBJECT_START NAME=Cube_id_0_copy_0
G1 Z48.5 F15000
G1 X751.956 Y248.044 Z48.5
G1 Z47.5
G1 E40 F9000
;TYPE:Outer wall
;WIDTH:3.2
G1 F2779.615
G1 X751.956 Y751.956 E2175.45813
G1 X248.044 Y751.956 E2175.45813
G1 F2760
G1 X248.044 Y248.044 E2175.4585
G1 X751.656 Y248.044 E2174.16299
;WIPE_START
G1 F600
G1 X751.662 Y258.044 E-30
;WIPE_END
G1 Z48.5 F15000
G1 X727.407 Y250.49 Z48.5
G1 Z47.5
G1 E40 F9000
;TYPE:Sparse infill
;WIDTH:3.2
G1 F2779.614
G1 X738.92 Y250.49 E49.70059
G1 F2760
G1 X749.51 Y261.08 E64.65527
G1 X749.51 Y250.49 E45.71788
M73 P15 R816
G1 X250.49 Y749.51 E3046.69043
G1 X250.49 Y738.92 E45.71786
G1 X261.08 Y749.51 E64.65527
G1 X272.593 Y749.51 E49.70059
;WIPE_START
G1 F600
G1 X262.593 Y749.51 E-30
;WIPE_END
G1 Z48.5 F15000
G1 X435.402 Y749.51 Z48.5
G1 Z47.5
G1 E40 F9000
G1 F2779.614
G1 F2760
G1 X423.89 Y749.51 E49.7002
G1 X250.49 Y576.11 E1058.66699
G1 X250.49 Y586.7 E45.71798
G1 X586.7 Y250.49 E2052.67871
G1 X576.11 Y250.49 E45.71875
M73 P16 R816
G1 X749.51 Y423.89 E1058.66712
G1 X749.51 Y413.3 E45.71875
G1 X413.3 Y749.51 E2052.6789
G1 X401.788 Y749.51 E49.70059
;WIPE_START
G1 F600
G1 X411.788 Y749.51 E-30
;WIPE_END
G1 Z48.5 F15000
G1 X598.212 Y749.51 Z48.5
G1 Z47.5
G1 E40 F9000
G1 F2779.614
G1 F2760
G1 X586.7 Y749.51 E49.70117
G1 X250.49 Y413.3 E2052.67889
G1 X250.49 Y423.89 E45.71875
M73 P16 R815
G1 X423.89 Y250.49 E1058.66711
G1 X413.3 Y250.49 E45.71875
G1 X749.51 Y586.7 E2052.6789
G1 X749.51 Y576.11 E45.71875
G1 X576.11 Y749.51 E1058.66713
G1 X564.597 Y749.51 E49.70059
;WIPE_START
G1 F600
G1 X574.597 Y749.51 E-30
;WIPE_END
G1 Z48.5 F15000
G1 X749.51 Y727.407 Z48.5
G1 Z47.5
G1 E40 F9000
G1 F2779.614
G1 X749.51 Y738.92 E49.70059
G1 F2760
G1 X738.92 Y749.51 E64.65625
G1 X749.51 Y749.51 E45.71875
G1 X250.49 Y250.49 E3046.69065
G1 X261.08 Y250.49 E45.71875
G1 X250.49 Y261.08 E64.65625
G1 X250.49 Y272.593 E49.70059
; stop printing object Cube id:0 copy 0
;LAYER_CHANGE
;Z:49
;HEIGHT:1.5
;BEFORE_LAYER_CHANGE
;49
G92 E0

EXCLUDE_OBJECT_END NAME=Cube_id_0_copy_0
;AFTER_LAYER_CHANGE
;49
;_SET_FAN_SPEED_CHANGING_LAYER
; printing object Cube id:0 copy 0
;WIPE_START
G1 F600
G1 X250.49 Y262.593 E-30
;WIPE_END
EXCLUDE_OBJECT_START NAME=Cube_id_0_copy_0
G1 Z50 F15000
G1 X248.044 Y248.044 Z50
G1 Z49
G1 E40 F9000
;TYPE:Outer wall
;WIDTH:3.2
G1 F2779.615
G1 X751.956 Y248.044 E2175.45813
G1 X751.956 Y751.956 E2175.45813
M73 P16 R814
G1 F2760
G1 X248.044 Y751.956 E2175.4585
G1 X248.044 Y248.344 E2174.16299
;WIPE_START
G1 F600
G1 X258.044 Y248.338 E-30
;WIPE_END
G1 Z50 F15000
G1 X250.49 Y272.593 Z50
G1 Z49
G1 E40 F9000
;TYPE:Sparse infill
;WIDTH:3.2
G1 F2779.614
G1 X250.49 Y261.08 E49.70059
G1 F2760
G1 X261.08 Y250.49 E64.65527
G1 X250.49 Y250.49 E45.71822
G1 X749.51 Y749.51 E3046.69043
G1 X738.92 Y749.51 E45.71823
G1 X749.51 Y738.92 E64.65527
G1 X749.51 Y727.407 E49.70059
;WIPE_START
G1 F600
G1 X749.51 Y737.407 E-30
;WIPE_END
G1 Z50 F15000
G1 X564.597 Y749.51 Z50
G1 Z49
G1 E40 F9000
G1 F2779.614
G1 X576.11 Y749.51 E49.70059
G1 F2760
M73 P16 R813
G1 X749.51 Y576.11 E1058.66699
G1 X749.51 Y586.7 E45.71813
G1 X413.3 Y250.49 E2052.67871
G1 X423.89 Y250.49 E45.71875
G1 X250.49 Y423.89 E1058.66711
G1 X250.49 Y413.3 E45.71875
G1 X586.7 Y749.51 E2052.67889
G1 X598.212 Y749.51 E49.70059
;WIPE_START
G1 F600
G1 X588.212 Y749.51 E-30
;WIPE_END
G1 Z50 F15000
G1 X401.788 Y749.51 Z50
G1 Z49
G1 E40 F9000
G1 F2779.614
G1 F2760
G1 X413.3 Y749.51 E49.70117
G1 X749.51 Y413.3 E2052.6789
G1 X749.51 Y423.89 E45.71875
G1 X576.11 Y250.49 E1058.66712
G1 X586.7 Y250.49 E45.71875
G1 X250.49 Y586.7 E2052.67888
G1 X250.49 Y576.11 E45.71875
M73 P16 R812
G1 X423.89 Y749.51 E1058.66712
G1 X435.402 Y749.51 E49.70059
;WIPE_START
G1 F600
G1 X425.402 Y749.51 E-30
;WIPE_END
G1 Z50 F15000
G1 X272.593 Y749.51 Z50
G1 Z49
G1 E40 F9000
G1 F2779.614
G1 X261.08 Y749.51 E49.70059
G1 F2760
G1 X250.49 Y738.92 E64.65625
G1 X250.49 Y749.51 E45.71875
G1 X749.51 Y250.49 E3046.69015
G1 X749.51 Y261.08 E45.71875
G1 X738.92 Y250.49 E64.65625
G1 X727.407 Y250.49 E49.70059
; stop printing object Cube id:0 copy 0
;LAYER_CHANGE
;Z:50.5
;HEIGHT:1.5
;BEFORE_LAYER_CHANGE
;50.5
G92 E0

EXCLUDE_OBJECT_END NAME=Cube_id_0_copy_0
;AFTER_LAYER_CHANGE
;50.5
;_SET_FAN_SPEED_CHANGING_LAYER
; printing object Cube id:0 copy 0
;WIPE_START
G1 F600
G1 X737.407 Y250.49 E-30
;WIPE_END
EXCLUDE_OBJECT_START NAME=Cube_id_0_copy_0
G1 Z51.5 F15000
G1 X751.956 Y248.044 Z51.5
G1 Z50.5
G1 E40 F9000
;TYPE:Outer wall
;WIDTH:3.2
G1 F2779.615
G1 X751.956 Y751.956 E2175.45813
G1 X248.044 Y751.956 E2175.45813
G1 F2760
G1 X248.044 Y248.044 E2175.4585
G1 X751.656 Y248.044 E2174.16299
M73 P16 R811
;WIPE_START
G1 F600
G1 X751.662 Y258.044 E-30
;WIPE_END
G1 Z51.5 F15000
G1 X727.407 Y250.49 Z51.5
G1 Z50.5
G1 E40 F9000
;TYPE:Sparse infill
;WIDTH:3.2
G1 F2779.614
G1 X738.92 Y250.49 E49.70059
G1 F2760
G1 X749.51 Y261.08 E64.65527
G1 X749.51 Y250.49 E45.71788
G1 X250.49 Y749.51 E3046.69043
G1 X250.49 Y738.92 E45.71786
G1 X261.08 Y749.51 E64.65527
G1 X272.593 Y749.51 E49.70059
;WIPE_START
G1 F600
G1 X262.593 Y749.51 E-30
;WIPE_END
G1 Z51.5 F15000
G1 X435.402 Y749.51 Z51.5
G1 Z50.5
G1 E40 F9000
G1 F2779.614
G1 F2760
G1 X423.89 Y749.51 E49.7002
G1 X250.49 Y576.11 E1058.66699
G1 X250.49 Y586.7 E45.71798
G1 X586.7 Y250.49 E2052.67871
G1 X576.11 Y250.49 E45.71875
G1 X749.51 Y423.89 E1058.66712
G1 X749.51 Y413.3 E45.71875
M73 P16 R810
G1 X413.3 Y749.51 E2052.6789
G1 X401.788 Y749.51 E49.70059
;WIPE_START
G1 F600
G1 X411.788 Y749.51 E-30
;WIPE_END
G1 Z51.5 F15000
G1 X598.212 Y749.51 Z51.5
G1 Z50.5
G1 E40 F9000
G1 F2779.614
G1 F2760
G1 X586.7 Y749.51 E49.70117
G1 X250.49 Y413.3 E2052.67889
G1 X250.49 Y423.89 E45.71875
G1 X423.89 Y250.49 E1058.66711
G1 X413.3 Y250.49 E45.71875
G1 X749.51 Y586.7 E2052.6789
G1 X749.51 Y576.11 E45.71875
G1 X576.11 Y749.51 E1058.66713
G1 X564.597 Y749.51 E49.70059
;WIPE_START
G1 F600
G1 X574.597 Y749.51 E-30
;WIPE_END
G1 Z51.5 F15000
G1 X749.51 Y727.407 Z51.5
G1 Z50.5
G1 E40 F9000
G1 F2779.614
G1 X749.51 Y738.92 E49.70059
G1 F2760
G1 X738.92 Y749.51 E64.65625
G1 X749.51 Y749.51 E45.71875
G1 X250.49 Y250.49 E3046.69065
G1 X261.08 Y250.49 E45.71875
M73 P16 R809
G1 X250.49 Y261.08 E64.65625
G1 X250.49 Y272.593 E49.70059
; stop printing object Cube id:0 copy 0
;LAYER_CHANGE
;Z:52
;HEIGHT:1.5
;BEFORE_LAYER_CHANGE
;52
G92 E0

EXCLUDE_OBJECT_END NAME=Cube_id_0_copy_0
;AFTER_LAYER_CHANGE
;52
;_SET_FAN_SPEED_CHANGING_LAYER
; printing object Cube id:0 copy 0
;WIPE_START
G1 F600
G1 X250.49 Y262.593 E-30
;WIPE_END
EXCLUDE_OBJECT_START NAME=Cube_id_0_copy_0
G1 Z53 F15000
G1 X248.044 Y248.044 Z53
G1 Z52
G1 E40 F9000
;TYPE:Outer wall
;WIDTH:3.2
G1 F2779.615
G1 X751.956 Y248.044 E2175.45813
G1 X751.956 Y751.956 E2175.45813
G1 F2760
G1 X248.044 Y751.956 E2175.4585
G1 X248.044 Y248.344 E2174.16299
;WIPE_START
G1 F600
G1 X258.044 Y248.338 E-30
;WIPE_END
G1 Z53 F15000
G1 X250.49 Y272.593 Z53
G1 Z52
G1 E40 F9000
;TYPE:Sparse infill
;WIDTH:3.2
G1 F2779.614
G1 X250.49 Y261.08 E49.70059
G1 F2760
G1 X261.08 Y250.49 E64.65527
G1 X250.49 Y250.49 E45.71822
G1 X749.51 Y749.51 E3046.69043
M73 P16 R808
G1 X738.92 Y749.51 E45.71823
G1 X749.51 Y738.92 E64.65527
G1 X749.51 Y727.407 E49.70059
;WIPE_START
G1 F600
G1 X749.51 Y737.407 E-30
;WIPE_END
G1 Z53 F15000
G1 X564.597 Y749.51 Z53
G1 Z52
G1 E40 F9000
G1 F2779.614
G1 X576.11 Y749.51 E49.70059
G1 F2760
G1 X749.51 Y576.11 E1058.66699
G1 X749.51 Y586.7 E45.71813
G1 X413.3 Y250.49 E2052.67871
G1 X423.89 Y250.49 E45.71875
G1 X250.49 Y423.89 E1058.66711
G1 X250.49 Y413.3 E45.71875
G1 X586.7 Y749.51 E2052.67889
G1 X598.212 Y749.51 E49.70059
;WIPE_START
G1 F600
G1 X588.212 Y749.51 E-30
;WIPE_END
G1 Z53 F15000
G1 X401.788 Y749.51 Z53
G1 Z52
G1 E40 F9000
G1 F2779.614
G1 F2760
G1 X413.3 Y749.51 E49.70117
G1 X749.51 Y413.3 E2052.6789
G1 X749.51 Y423.89 E45.71875
M73 P16 R807
G1 X576.11 Y250.49 E1058.66712
G1 X586.7 Y250.49 E45.71875
G1 X250.49 Y586.7 E2052.67888
G1 X250.49 Y576.11 E45.71875
G1 X423.89 Y749.51 E1058.66712
G1 X435.402 Y749.51 E49.70059
;WIPE_START
G1 F600
G1 X425.402 Y749.51 E-30
;WIPE_END
G1 Z53 F15000
G1 X272.593 Y749.51 Z53
G1 Z52
G1 E40 F9000
G1 F2779.614
G1 X261.08 Y749.51 E49.70059
G1 F2760
G1 X250.49 Y738.92 E64.65625
G1 X250.49 Y749.51 E45.71875
G1 X749.51 Y250.49 E3046.69015
G1 X749.51 Y261.08 E45.71875
G1 X738.92 Y250.49 E64.65625
G1 X727.407 Y250.49 E49.70059
; stop printing object Cube id:0 copy 0
;LAYER_CHANGE
;Z:53.5
;HEIGHT:1.5
;BEFORE_LAYER_CHANGE
;53.5
G92 E0

EXCLUDE_OBJECT_END NAME=Cube_id_0_copy_0
;AFTER_LAYER_CHANGE
;53.5
;_SET_FAN_SPEED_CHANGING_LAYER
; printing object Cube id:0 copy 0
;WIPE_START
G1 F600
G1 X737.407 Y250.49 E-30
;WIPE_END
EXCLUDE_OBJECT_START NAME=Cube_id_0_copy_0
G1 Z54.5 F15000
G1 X751.956 Y248.044 Z54.5
G1 Z53.5
G1 E40 F9000
;TYPE:Outer wall
;WIDTH:3.2
G1 F2779.615
G1 X751.956 Y751.956 E2175.45813
G1 X248.044 Y751.956 E2175.45813
M73 P16 R806
G1 F2760
M73 P17 R806
G1 X248.044 Y248.044 E2175.4585
G1 X751.656 Y248.044 E2174.16299
;WIPE_START
G1 F600
G1 X751.662 Y258.044 E-30
;WIPE_END
G1 Z54.5 F15000
G1 X727.407 Y250.49 Z54.5
G1 Z53.5
G1 E40 F9000
;TYPE:Sparse infill
;WIDTH:3.2
G1 F2779.614
G1 X738.92 Y250.49 E49.70059
G1 F2760
G1 X749.51 Y261.08 E64.65527
G1 X749.51 Y250.49 E45.71788
G1 X250.49 Y749.51 E3046.69043
G1 X250.49 Y738.92 E45.71786
G1 X261.08 Y749.51 E64.65527
G1 X272.593 Y749.51 E49.70059
;WIPE_START
G1 F600
G1 X262.593 Y749.51 E-30
;WIPE_END
G1 Z54.5 F15000
G1 X435.402 Y749.51 Z54.5
G1 Z53.5
G1 E40 F9000
G1 F2779.614
G1 F2760
G1 X423.89 Y749.51 E49.7002
G1 X250.49 Y576.11 E1058.66699
G1 X250.49 Y586.7 E45.71798
M73 P17 R805
G1 X586.7 Y250.49 E2052.67871
G1 X576.11 Y250.49 E45.71875
G1 X749.51 Y423.89 E1058.66712
G1 X749.51 Y413.3 E45.71875
G1 X413.3 Y749.51 E2052.6789
G1 X401.788 Y749.51 E49.70059
;WIPE_START
G1 F600
G1 X411.788 Y749.51 E-30
;WIPE_END
G1 Z54.5 F15000
G1 X598.212 Y749.51 Z54.5
G1 Z53.5
G1 E40 F9000
G1 F2779.614
G1 F2760
G1 X586.7 Y749.51 E49.70117
G1 X250.49 Y413.3 E2052.67889
G1 X250.49 Y423.89 E45.71875
G1 X423.89 Y250.49 E1058.66711
G1 X413.3 Y250.49 E45.71875
G1 X749.51 Y586.7 E2052.6789
G1 X749.51 Y576.11 E45.71875
M73 P17 R804
G1 X576.11 Y749.51 E1058.66713
G1 X564.597 Y749.51 E49.70059
;WIPE_START
G1 F600
G1 X574.597 Y749.51 E-30
;WIPE_END
G1 Z54.5 F15000
G1 X749.51 Y727.407 Z54.5
G1 Z53.5
G1 E40 F9000
G1 F2779.614
G1 X749.51 Y738.92 E49.70059
G1 F2760
G1 X738.92 Y749.51 E64.65625
G1 X749.51 Y749.51 E45.71875
G1 X250.49 Y250.49 E3046.69065
G1 X261.08 Y250.49 E45.71875
G1 X250.49 Y261.08 E64.65625
G1 X250.49 Y272.593 E49.70059
; stop printing object Cube id:0 copy 0
;LAYER_CHANGE
;Z:55
;HEIGHT:1.5
;BEFORE_LAYER_CHANGE
;55
G92 E0

EXCLUDE_OBJECT_END NAME=Cube_id_0_copy_0
;AFTER_LAYER_CHANGE
;55
;_SET_FAN_SPEED_CHANGING_LAYER
; printing object Cube id:0 copy 0
;WIPE_START
G1 F600
G1 X250.49 Y262.593 E-30
;WIPE_END
EXCLUDE_OBJECT_START NAME=Cube_id_0_copy_0
G1 Z56 F15000
G1 X248.044 Y248.044 Z56
G1 Z55
G1 E40 F9000
;TYPE:Outer wall
;WIDTH:3.2
G1 F2779.615
G1 X751.956 Y248.044 E2175.45813
G1 X751.956 Y751.956 E2175.45813
G1 F2760
G1 X248.044 Y751.956 E2175.4585
G1 X248.044 Y248.344 E2174.16299
M73 P17 R803
;WIPE_START
G1 F600
G1 X258.044 Y248.338 E-30
;WIPE_END
G1 Z56 F15000
G1 X250.49 Y272.593 Z56
G1 Z55
G1 E40 F9000
;TYPE:Sparse infill
;WIDTH:3.2
G1 F2779.614
G1 X250.49 Y261.08 E49.70059
G1 F2760
G1 X261.08 Y250.49 E64.65527
G1 X250.49 Y250.49 E45.71822
G1 X749.51 Y749.51 E3046.69043
G1 X738.92 Y749.51 E45.71823
G1 X749.51 Y738.92 E64.65527
G1 X749.51 Y727.407 E49.70059
;WIPE_START
G1 F600
G1 X749.51 Y737.407 E-30
;WIPE_END
G1 Z56 F15000
G1 X564.597 Y749.51 Z56
G1 Z55
G1 E40 F9000
G1 F2779.614
G1 X576.11 Y749.51 E49.70059
G1 F2760
G1 X749.51 Y576.11 E1058.66699
G1 X749.51 Y586.7 E45.71813
G1 X413.3 Y250.49 E2052.67871
G1 X423.89 Y250.49 E45.71875
G1 X250.49 Y423.89 E1058.66711
G1 X250.49 Y413.3 E45.71875
M73 P17 R802
G1 X586.7 Y749.51 E2052.67889
G1 X598.212 Y749.51 E49.70059
;WIPE_START
G1 F600
G1 X588.212 Y749.51 E-30
;WIPE_END
G1 Z56 F15000
G1 X401.788 Y749.51 Z56
G1 Z55
G1 E40 F9000
G1 F2779.614
G1 F2760
G1 X413.3 Y749.51 E49.70117
G1 X749.51 Y413.3 E2052.6789
G1 X749.51 Y423.89 E45.71875
G1 X576.11 Y250.49 E1058.66712
G1 X586.7 Y250.49 E45.71875
G1 X250.49 Y586.7 E2052.67888
G1 X250.49 Y576.11 E45.71875
G1 X423.89 Y749.51 E1058.66712
G1 X435.402 Y749.51 E49.70059
;WIPE_START
G1 F600
G1 X425.402 Y749.51 E-30
;WIPE_END
G1 Z56 F15000
G1 X272.593 Y749.51 Z56
G1 Z55
G1 E40 F9000
G1 F2779.614
G1 X261.08 Y749.51 E49.70059
G1 F2760
G1 X250.49 Y738.92 E64.65625
G1 X250.49 Y749.51 E45.71875
G1 X749.51 Y250.49 E3046.69015
G1 X749.51 Y261.08 E45.71875
M73 P17 R801
G1 X738.92 Y250.49 E64.65625
G1 X727.407 Y250.49 E49.70059
; stop printing object Cube id:0 copy 0
;LAYER_CHANGE
;Z:56.5
;HEIGHT:1.5
;BEFORE_LAYER_CHANGE
;56.5
G92 E0

EXCLUDE_OBJECT_END NAME=Cube_id_0_copy_0
;AFTER_LAYER_CHANGE
;56.5
;_SET_FAN_SPEED_CHANGING_LAYER
; printing object Cube id:0 copy 0
;WIPE_START
G1 F600
G1 X737.407 Y250.49 E-30
;WIPE_END
EXCLUDE_OBJECT_START NAME=Cube_id_0_copy_0
G1 Z57.5 F15000
G1 X751.956 Y248.044 Z57.5
G1 Z56.5
G1 E40 F9000
;TYPE:Outer wall
;WIDTH:3.2
G1 F2779.615
G1 X751.956 Y751.956 E2175.45813
G1 X248.044 Y751.956 E2175.45813
G1 F2760
G1 X248.044 Y248.044 E2175.4585
G1 X751.656 Y248.044 E2174.16299
;WIPE_START
G1 F600
G1 X751.662 Y258.044 E-30
;WIPE_END
G1 Z57.5 F15000
G1 X727.407 Y250.49 Z57.5
G1 Z56.5
G1 E40 F9000
;TYPE:Sparse infill
;WIDTH:3.2
G1 F2779.614
G1 X738.92 Y250.49 E49.70059
G1 F2760
G1 X749.51 Y261.08 E64.65527
G1 X749.51 Y250.49 E45.71788
G1 X250.49 Y749.51 E3046.69043
G1 X250.49 Y738.92 E45.71786
M73 P17 R800
G1 X261.08 Y749.51 E64.65527
G1 X272.593 Y749.51 E49.70059
;WIPE_START
G1 F600
G1 X262.593 Y749.51 E-30
;WIPE_END
G1 Z57.5 F15000
G1 X435.402 Y749.51 Z57.5
G1 Z56.5
G1 E40 F9000
G1 F2779.614
G1 F2760
G1 X423.89 Y749.51 E49.7002
G1 X250.49 Y576.11 E1058.66699
G1 X250.49 Y586.7 E45.71798
G1 X586.7 Y250.49 E2052.67871
G1 X576.11 Y250.49 E45.71875
G1 X749.51 Y423.89 E1058.66712
G1 X749.51 Y413.3 E45.71875
G1 X413.3 Y749.51 E2052.6789
G1 X401.788 Y749.51 E49.70059
;WIPE_START
G1 F600
G1 X411.788 Y749.51 E-30
;WIPE_END
G1 Z57.5 F15000
G1 X598.212 Y749.51 Z57.5
G1 Z56.5
G1 E40 F9000
G1 F2779.614
G1 F2760
G1 X586.7 Y749.51 E49.70117
G1 X250.49 Y413.3 E2052.67889
G1 X250.49 Y423.89 E45.71875
M73 P17 R799
G1 X423.89 Y250.49 E1058.66711
G1 X413.3 Y250.49 E45.71875
G1 X749.51 Y586.7 E2052.6789
G1 X749.51 Y576.11 E45.71875
G1 X576.11 Y749.51 E1058.66713
G1 X564.597 Y749.51 E49.70059
;WIPE_START
G1 F600
G1 X574.597 Y749.51 E-30
;WIPE_END
G1 Z57.5 F15000
G1 X749.51 Y727.407 Z57.5
G1 Z56.5
G1 E40 F9000
G1 F2779.614
G1 X749.51 Y738.92 E49.70059
G1 F2760
G1 X738.92 Y749.51 E64.65625
G1 X749.51 Y749.51 E45.71875
G1 X250.49 Y250.49 E3046.69065
G1 X261.08 Y250.49 E45.71875
G1 X250.49 Y261.08 E64.65625
G1 X250.49 Y272.593 E49.70059
; stop printing object Cube id:0 copy 0
;LAYER_CHANGE
;Z:58
;HEIGHT:1.5
;BEFORE_LAYER_CHANGE
;58
G92 E0

EXCLUDE_OBJECT_END NAME=Cube_id_0_copy_0
;AFTER_LAYER_CHANGE
;58
;_SET_FAN_SPEED_CHANGING_LAYER
; printing object Cube id:0 copy 0
;WIPE_START
G1 F600
G1 X250.49 Y262.593 E-30
;WIPE_END
EXCLUDE_OBJECT_START NAME=Cube_id_0_copy_0
G1 Z59 F15000
G1 X248.044 Y248.044 Z59
G1 Z58
G1 E40 F9000
;TYPE:Outer wall
;WIDTH:3.2
G1 F2779.615
G1 X751.956 Y248.044 E2175.45813
G1 X751.956 Y751.956 E2175.45813
M73 P17 R798
G1 F2760
G1 X248.044 Y751.956 E2175.4585
G1 X248.044 Y248.344 E2174.16299
;WIPE_START
G1 F600
G1 X258.044 Y248.338 E-30
;WIPE_END
G1 Z59 F15000
G1 X250.49 Y272.593 Z59
G1 Z58
G1 E40 F9000
;TYPE:Sparse infill
;WIDTH:3.2
G1 F2779.614
G1 X250.49 Y261.08 E49.70059
G1 F2760
G1 X261.08 Y250.49 E64.65527
G1 X250.49 Y250.49 E45.71822
G1 X749.51 Y749.51 E3046.69043
G1 X738.92 Y749.51 E45.71823
G1 X749.51 Y738.92 E64.65527
G1 X749.51 Y727.407 E49.70059
;WIPE_START
G1 F600
G1 X749.51 Y737.407 E-30
;WIPE_END
G1 Z59 F15000
G1 X564.597 Y749.51 Z59
G1 Z58
G1 E40 F9000
G1 F2779.614
G1 X576.11 Y749.51 E49.70059
G1 F2760
G1 X749.51 Y576.11 E1058.66699
G1 X749.51 Y586.7 E45.71813
M73 P17 R797
G1 X413.3 Y250.49 E2052.67871
G1 X423.89 Y250.49 E45.71875
G1 X250.49 Y423.89 E1058.66711
G1 X250.49 Y413.3 E45.71875
G1 X586.7 Y749.51 E2052.67889
G1 X598.212 Y749.51 E49.70059
;WIPE_START
G1 F600
G1 X588.212 Y749.51 E-30
;WIPE_END
G1 Z59 F15000
G1 X401.788 Y749.51 Z59
G1 Z58
G1 E40 F9000
G1 F2779.614
G1 F2760
G1 X413.3 Y749.51 E49.70117
G1 X749.51 Y413.3 E2052.6789
G1 X749.51 Y423.89 E45.71875
G1 X576.11 Y250.49 E1058.66712
G1 X586.7 Y250.49 E45.71875
G1 X250.49 Y586.7 E2052.67888
G1 X250.49 Y576.11 E45.71875
M73 P18 R796
G1 X423.89 Y749.51 E1058.66712
G1 X435.402 Y749.51 E49.70059
;WIPE_START
G1 F600
G1 X425.402 Y749.51 E-30
;WIPE_END
G1 Z59 F15000
G1 X272.593 Y749.51 Z59
G1 Z58
G1 E40 F9000
G1 F2779.614
G1 X261.08 Y749.51 E49.70059
G1 F2760
G1 X250.49 Y738.92 E64.65625
G1 X250.49 Y749.51 E45.71875
G1 X749.51 Y250.49 E3046.69015
G1 X749.51 Y261.08 E45.71875
G1 X738.92 Y250.49 E64.65625
G1 X727.407 Y250.49 E49.70059
; stop printing object Cube id:0 copy 0
;LAYER_CHANGE
;Z:59.5
;HEIGHT:1.5
;BEFORE_LAYER_CHANGE
;59.5
G92 E0

EXCLUDE_OBJECT_END NAME=Cube_id_0_copy_0
;AFTER_LAYER_CHANGE
;59.5
;_SET_FAN_SPEED_CHANGING_LAYER
; printing object Cube id:0 copy 0
;WIPE_START
G1 F600
G1 X737.407 Y250.49 E-30
;WIPE_END
EXCLUDE_OBJECT_START NAME=Cube_id_0_copy_0
G1 Z60.5 F15000
G1 X751.956 Y248.044 Z60.5
G1 Z59.5
G1 E40 F9000
;TYPE:Outer wall
;WIDTH:3.2
G1 F2779.615
G1 X751.956 Y751.956 E2175.45813
G1 X248.044 Y751.956 E2175.45813
G1 F2760
G1 X248.044 Y248.044 E2175.4585
G1 X751.656 Y248.044 E2174.16299
M73 P18 R795
;WIPE_START
G1 F600
G1 X751.662 Y258.044 E-30
;WIPE_END
G1 Z60.5 F15000
G1 X727.407 Y250.49 Z60.5
G1 Z59.5
G1 E40 F9000
;TYPE:Sparse infill
;WIDTH:3.2
G1 F2779.614
G1 X738.92 Y250.49 E49.70059
G1 F2760
G1 X749.51 Y261.08 E64.65527
G1 X749.51 Y250.49 E45.71788
G1 X250.49 Y749.51 E3046.69043
G1 X250.49 Y738.92 E45.71786
G1 X261.08 Y749.51 E64.65527
G1 X272.593 Y749.51 E49.70059
;WIPE_START
G1 F600
G1 X262.593 Y749.51 E-30
;WIPE_END
G1 Z60.5 F15000
G1 X435.402 Y749.51 Z60.5
G1 Z59.5
G1 E40 F9000
G1 F2779.614
G1 F2760
G1 X423.89 Y749.51 E49.7002
G1 X250.49 Y576.11 E1058.66699
G1 X250.49 Y586.7 E45.71798
G1 X586.7 Y250.49 E2052.67871
G1 X576.11 Y250.49 E45.71875
G1 X749.51 Y423.89 E1058.66712
G1 X749.51 Y413.3 E45.71875
M73 P18 R794
G1 X413.3 Y749.51 E2052.6789
G1 X401.788 Y749.51 E49.70059
;WIPE_START
G1 F600
G1 X411.788 Y749.51 E-30
;WIPE_END
G1 Z60.5 F15000
G1 X598.212 Y749.51 Z60.5
G1 Z59.5
G1 E40 F9000
G1 F2779.614
G1 F2760
G1 X586.7 Y749.51 E49.70117
G1 X250.49 Y413.3 E2052.67889
G1 X250.49 Y423.89 E45.71875
G1 X423.89 Y250.49 E1058.66711
G1 X413.3 Y250.49 E45.71875
G1 X749.51 Y586.7 E2052.6789
G1 X749.51 Y576.11 E45.71875
G1 X576.11 Y749.51 E1058.66713
G1 X564.597 Y749.51 E49.70059
;WIPE_START
G1 F600
G1 X574.597 Y749.51 E-30
;WIPE_END
G1 Z60.5 F15000
G1 X749.51 Y727.407 Z60.5
G1 Z59.5
G1 E40 F9000
G1 F2779.614
G1 X749.51 Y738.92 E49.70059
G1 F2760
G1 X738.92 Y749.51 E64.65625
G1 X749.51 Y749.51 E45.71875
G1 X250.49 Y250.49 E3046.69065
G1 X261.08 Y250.49 E45.71875
M73 P18 R793
G1 X250.49 Y261.08 E64.65625
G1 X250.49 Y272.593 E49.70059
; stop printing object Cube id:0 copy 0
;LAYER_CHANGE
;Z:61
;HEIGHT:1.5
;BEFORE_LAYER_CHANGE
;61
G92 E0

EXCLUDE_OBJECT_END NAME=Cube_id_0_copy_0
;AFTER_LAYER_CHANGE
;61
;_SET_FAN_SPEED_CHANGING_LAYER
; printing object Cube id:0 copy 0
;WIPE_START
G1 F600
G1 X250.49 Y262.593 E-30
;WIPE_END
EXCLUDE_OBJECT_START NAME=Cube_id_0_copy_0
G1 Z62 F15000
G1 X248.044 Y248.044 Z62
G1 Z61
G1 E40 F9000
;TYPE:Outer wall
;WIDTH:3.2
G1 F2779.615
G1 X751.956 Y248.044 E2175.45813
G1 X751.956 Y751.956 E2175.45813
G1 F2760
G1 X248.044 Y751.956 E2175.4585
G1 X248.044 Y248.344 E2174.16299
;WIPE_START
G1 F600
G1 X258.044 Y248.338 E-30
;WIPE_END
G1 Z62 F15000
G1 X250.49 Y272.593 Z62
G1 Z61
G1 E40 F9000
;TYPE:Sparse infill
;WIDTH:3.2
G1 F2779.614
G1 X250.49 Y261.08 E49.70059
G1 F2760
G1 X261.08 Y250.49 E64.65527
G1 X250.49 Y250.49 E45.71822
G1 X749.51 Y749.51 E3046.69043
G1 X738.92 Y749.51 E45.71823
M73 P18 R792
G1 X749.51 Y738.92 E64.65527
G1 X749.51 Y727.407 E49.70059
;WIPE_START
G1 F600
G1 X749.51 Y737.407 E-30
;WIPE_END
G1 Z62 F15000
G1 X564.597 Y749.51 Z62
G1 Z61
G1 E40 F9000
G1 F2779.614
G1 X576.11 Y749.51 E49.70059
G1 F2760
G1 X749.51 Y576.11 E1058.66699
G1 X749.51 Y586.7 E45.71813
G1 X413.3 Y250.49 E2052.67871
G1 X423.89 Y250.49 E45.71875
G1 X250.49 Y423.89 E1058.66711
G1 X250.49 Y413.3 E45.71875
G1 X586.7 Y749.51 E2052.67889
G1 X598.212 Y749.51 E49.70059
;WIPE_START
G1 F600
G1 X588.212 Y749.51 E-30
;WIPE_END
G1 Z62 F15000
G1 X401.788 Y749.51 Z62
G1 Z61
G1 E40 F9000
G1 F2779.614
G1 F2760
G1 X413.3 Y749.51 E49.70117
G1 X749.51 Y413.3 E2052.6789
G1 X749.51 Y423.89 E45.71875
M73 P18 R791
G1 X576.11 Y250.49 E1058.66712
G1 X586.7 Y250.49 E45.71875
G1 X250.49 Y586.7 E2052.67888
G1 X250.49 Y576.11 E45.71875
G1 X423.89 Y749.51 E1058.66712
G1 X435.402 Y749.51 E49.70059
;WIPE_START
G1 F600
G1 X425.402 Y749.51 E-30
;WIPE_END
G1 Z62 F15000
G1 X272.593 Y749.51 Z62
G1 Z61
G1 E40 F9000
G1 F2779.614
G1 X261.08 Y749.51 E49.70059
G1 F2760
G1 X250.49 Y738.92 E64.65625
G1 X250.49 Y749.51 E45.71875
G1 X749.51 Y250.49 E3046.69015
G1 X749.51 Y261.08 E45.71875
G1 X738.92 Y250.49 E64.65625
G1 X727.407 Y250.49 E49.70059
; stop printing object Cube id:0 copy 0
;LAYER_CHANGE
;Z:62.5
;HEIGHT:1.5
;BEFORE_LAYER_CHANGE
;62.5
G92 E0

EXCLUDE_OBJECT_END NAME=Cube_id_0_copy_0
;AFTER_LAYER_CHANGE
;62.5
;_SET_FAN_SPEED_CHANGING_LAYER
; printing object Cube id:0 copy 0
;WIPE_START
G1 F600
G1 X737.407 Y250.49 E-30
;WIPE_END
EXCLUDE_OBJECT_START NAME=Cube_id_0_copy_0
G1 Z63.5 F15000
G1 X751.956 Y248.044 Z63.5
G1 Z62.5
G1 E40 F9000
;TYPE:Outer wall
;WIDTH:3.2
G1 F2779.615
G1 X751.956 Y751.956 E2175.45813
G1 X248.044 Y751.956 E2175.45813
M73 P18 R790
G1 F2760
G1 X248.044 Y248.044 E2175.4585
G1 X751.656 Y248.044 E2174.16299
;WIPE_START
G1 F600
G1 X751.662 Y258.044 E-30
;WIPE_END
G1 Z63.5 F15000
G1 X727.407 Y250.49 Z63.5
G1 Z62.5
G1 E40 F9000
;TYPE:Sparse infill
;WIDTH:3.2
G1 F2779.614
G1 X738.92 Y250.49 E49.70059
G1 F2760
G1 X749.51 Y261.08 E64.65527
G1 X749.51 Y250.49 E45.71788
G1 X250.49 Y749.51 E3046.69043
G1 X250.49 Y738.92 E45.71786
G1 X261.08 Y749.51 E64.65527
G1 X272.593 Y749.51 E49.70059
;WIPE_START
G1 F600
G1 X262.593 Y749.51 E-30
;WIPE_END
G1 Z63.5 F15000
G1 X435.402 Y749.51 Z63.5
G1 Z62.5
G1 E40 F9000
G1 F2779.614
G1 F2760
G1 X423.89 Y749.51 E49.7002
G1 X250.49 Y576.11 E1058.66699
G1 X250.49 Y586.7 E45.71798
M73 P18 R789
G1 X586.7 Y250.49 E2052.67871
G1 X576.11 Y250.49 E45.71875
G1 X749.51 Y423.89 E1058.66712
G1 X749.51 Y413.3 E45.71875
G1 X413.3 Y749.51 E2052.6789
G1 X401.788 Y749.51 E49.70059
;WIPE_START
G1 F600
G1 X411.788 Y749.51 E-30
;WIPE_END
G1 Z63.5 F15000
G1 X598.212 Y749.51 Z63.5
G1 Z62.5
G1 E40 F9000
G1 F2779.614
G1 F2760
G1 X586.7 Y749.51 E49.70117
G1 X250.49 Y413.3 E2052.67889
G1 X250.49 Y423.89 E45.71875
G1 X423.89 Y250.49 E1058.66711
G1 X413.3 Y250.49 E45.71875
G1 X749.51 Y586.7 E2052.6789
G1 X749.51 Y576.11 E45.71875
M73 P18 R788
G1 X576.11 Y749.51 E1058.66713
G1 X564.597 Y749.51 E49.70059
;WIPE_START
G1 F600
G1 X574.597 Y749.51 E-30
;WIPE_END
G1 Z63.5 F15000
G1 X749.51 Y727.407 Z63.5
G1 Z62.5
G1 E40 F9000
G1 F2779.614
G1 X749.51 Y738.92 E49.70059
G1 F2760
G1 X738.92 Y749.51 E64.65625
G1 X749.51 Y749.51 E45.71875
G1 X250.49 Y250.49 E3046.69065
G1 X261.08 Y250.49 E45.71875
G1 X250.49 Y261.08 E64.65625
G1 X250.49 Y272.593 E49.70059
; stop printing object Cube id:0 copy 0
;LAYER_CHANGE
;Z:64
;HEIGHT:1.5
;BEFORE_LAYER_CHANGE
;64
G92 E0

EXCLUDE_OBJECT_END NAME=Cube_id_0_copy_0
;AFTER_LAYER_CHANGE
;64
;_SET_FAN_SPEED_CHANGING_LAYER
; printing object Cube id:0 copy 0
;WIPE_START
G1 F600
G1 X250.49 Y262.593 E-30
;WIPE_END
EXCLUDE_OBJECT_START NAME=Cube_id_0_copy_0
G1 Z65 F15000
G1 X248.044 Y248.044 Z65
G1 Z64
G1 E40 F9000
;TYPE:Outer wall
;WIDTH:3.2
G1 F2779.615
G1 X751.956 Y248.044 E2175.45813
G1 X751.956 Y751.956 E2175.45813
G1 F2760
G1 X248.044 Y751.956 E2175.4585
G1 X248.044 Y248.344 E2174.16299
M73 P18 R787
;WIPE_START
G1 F600
G1 X258.044 Y248.338 E-30
;WIPE_END
G1 Z65 F15000
G1 X250.49 Y272.593 Z65
G1 Z64
G1 E40 F9000
;TYPE:Sparse infill
;WIDTH:3.2
G1 F2779.614
G1 X250.49 Y261.08 E49.70059
G1 F2760
G1 X261.08 Y250.49 E64.65527
G1 X250.49 Y250.49 E45.71822
G1 X749.51 Y749.51 E3046.69043
G1 X738.92 Y749.51 E45.71823
G1 X749.51 Y738.92 E64.65527
G1 X749.51 Y727.407 E49.70059
;WIPE_START
G1 F600
G1 X749.51 Y737.407 E-30
;WIPE_END
G1 Z65 F15000
G1 X564.597 Y749.51 Z65
G1 Z64
G1 E40 F9000
G1 F2779.614
M73 P19 R787
G1 X576.11 Y749.51 E49.70059
G1 F2760
G1 X749.51 Y576.11 E1058.66699
G1 X749.51 Y586.7 E45.71813
G1 X413.3 Y250.49 E2052.67871
G1 X423.89 Y250.49 E45.71875
G1 X250.49 Y423.89 E1058.66711
G1 X250.49 Y413.3 E45.71875
M73 P19 R786
G1 X586.7 Y749.51 E2052.67889
G1 X598.212 Y749.51 E49.70059
;WIPE_START
G1 F600
G1 X588.212 Y749.51 E-30
;WIPE_END
G1 Z65 F15000
G1 X401.788 Y749.51 Z65
G1 Z64
G1 E40 F9000
G1 F2779.614
G1 F2760
G1 X413.3 Y749.51 E49.70117
G1 X749.51 Y413.3 E2052.6789
G1 X749.51 Y423.89 E45.71875
G1 X576.11 Y250.49 E1058.66712
G1 X586.7 Y250.49 E45.71875
G1 X250.49 Y586.7 E2052.67888
G1 X250.49 Y576.11 E45.71875
G1 X423.89 Y749.51 E1058.66712
G1 X435.402 Y749.51 E49.70059
;WIPE_START
G1 F600
G1 X425.402 Y749.51 E-30
;WIPE_END
G1 Z65 F15000
G1 X272.593 Y749.51 Z65
G1 Z64
G1 E40 F9000
G1 F2779.614
G1 X261.08 Y749.51 E49.70059
G1 F2760
G1 X250.49 Y738.92 E64.65625
G1 X250.49 Y749.51 E45.71875
G1 X749.51 Y250.49 E3046.69015
G1 X749.51 Y261.08 E45.71875
M73 P19 R785
G1 X738.92 Y250.49 E64.65625
G1 X727.407 Y250.49 E49.70059
; stop printing object Cube id:0 copy 0
;LAYER_CHANGE
;Z:65.5
;HEIGHT:1.5
;BEFORE_LAYER_CHANGE
;65.5
G92 E0

EXCLUDE_OBJECT_END NAME=Cube_id_0_copy_0
;AFTER_LAYER_CHANGE
;65.5
;_SET_FAN_SPEED_CHANGING_LAYER
; printing object Cube id:0 copy 0
;WIPE_START
G1 F600
G1 X737.407 Y250.49 E-30
;WIPE_END
EXCLUDE_OBJECT_START NAME=Cube_id_0_copy_0
G1 Z66.5 F15000
G1 X751.956 Y248.044 Z66.5
G1 Z65.5
G1 E40 F9000
;TYPE:Outer wall
;WIDTH:3.2
G1 F2779.615
G1 X751.956 Y751.956 E2175.45813
G1 X248.044 Y751.956 E2175.45813
G1 F2760
G1 X248.044 Y248.044 E2175.4585
G1 X751.656 Y248.044 E2174.16299
;WIPE_START
G1 F600
G1 X751.662 Y258.044 E-30
;WIPE_END
G1 Z66.5 F15000
G1 X727.407 Y250.49 Z66.5
G1 Z65.5
G1 E40 F9000
;TYPE:Sparse infill
;WIDTH:3.2
G1 F2779.614
G1 X738.92 Y250.49 E49.70059
G1 F2760
G1 X749.51 Y261.08 E64.65527
G1 X749.51 Y250.49 E45.71788
G1 X250.49 Y749.51 E3046.69043
G1 X250.49 Y738.92 E45.71786
M73 P19 R784
G1 X261.08 Y749.51 E64.65527
G1 X272.593 Y749.51 E49.70059
;WIPE_START
G1 F600
G1 X262.593 Y749.51 E-30
;WIPE_END
G1 Z66.5 F15000
G1 X435.402 Y749.51 Z66.5
G1 Z65.5
G1 E40 F9000
G1 F2779.614
G1 F2760
G1 X423.89 Y749.51 E49.7002
G1 X250.49 Y576.11 E1058.66699
G1 X250.49 Y586.7 E45.71798
G1 X586.7 Y250.49 E2052.67871
G1 X576.11 Y250.49 E45.71875
G1 X749.51 Y423.89 E1058.66712
G1 X749.51 Y413.3 E45.71875
G1 X413.3 Y749.51 E2052.6789
G1 X401.788 Y749.51 E49.70059
;WIPE_START
G1 F600
G1 X411.788 Y749.51 E-30
;WIPE_END
G1 Z66.5 F15000
G1 X598.212 Y749.51 Z66.5
G1 Z65.5
G1 E40 F9000
G1 F2779.614
G1 F2760
G1 X586.7 Y749.51 E49.70117
G1 X250.49 Y413.3 E2052.67889
G1 X250.49 Y423.89 E45.71875
M73 P19 R783
G1 X423.89 Y250.49 E1058.66711
G1 X413.3 Y250.49 E45.71875
G1 X749.51 Y586.7 E2052.6789
G1 X749.51 Y576.11 E45.71875
G1 X576.11 Y749.51 E1058.66713
G1 X564.597 Y749.51 E49.70059
;WIPE_START
G1 F600
G1 X574.597 Y749.51 E-30
;WIPE_END
G1 Z66.5 F15000
G1 X749.51 Y727.407 Z66.5
G1 Z65.5
G1 E40 F9000
G1 F2779.614
G1 X749.51 Y738.92 E49.70059
G1 F2760
G1 X738.92 Y749.51 E64.65625
G1 X749.51 Y749.51 E45.71875
G1 X250.49 Y250.49 E3046.69065
G1 X261.08 Y250.49 E45.71875
G1 X250.49 Y261.08 E64.65625
G1 X250.49 Y272.593 E49.70059
; stop printing object Cube id:0 copy 0
;LAYER_CHANGE
;Z:67
;HEIGHT:1.5
;BEFORE_LAYER_CHANGE
;67
G92 E0

EXCLUDE_OBJECT_END NAME=Cube_id_0_copy_0
;AFTER_LAYER_CHANGE
;67
;_SET_FAN_SPEED_CHANGING_LAYER
; printing object Cube id:0 copy 0
;WIPE_START
G1 F600
G1 X250.49 Y262.593 E-30
;WIPE_END
EXCLUDE_OBJECT_START NAME=Cube_id_0_copy_0
G1 Z68 F15000
G1 X248.044 Y248.044 Z68
G1 Z67
G1 E40 F9000
;TYPE:Outer wall
;WIDTH:3.2
G1 F2779.615
G1 X751.956 Y248.044 E2175.45813
G1 X751.956 Y751.956 E2175.45813
M73 P19 R782
G1 F2760
G1 X248.044 Y751.956 E2175.4585
G1 X248.044 Y248.344 E2174.16299
;WIPE_START
G1 F600
G1 X258.044 Y248.338 E-30
;WIPE_END
G1 Z68 F15000
G1 X250.49 Y272.593 Z68
G1 Z67
G1 E40 F9000
;TYPE:Sparse infill
;WIDTH:3.2
G1 F2779.614
G1 X250.49 Y261.08 E49.70059
G1 F2760
G1 X261.08 Y250.49 E64.65527
G1 X250.49 Y250.49 E45.71822
G1 X749.51 Y749.51 E3046.69043
G1 X738.92 Y749.51 E45.71823
G1 X749.51 Y738.92 E64.65527
G1 X749.51 Y727.407 E49.70059
;WIPE_START
G1 F600
G1 X749.51 Y737.407 E-30
;WIPE_END
G1 Z68 F15000
G1 X564.597 Y749.51 Z68
G1 Z67
G1 E40 F9000
G1 F2779.614
G1 X576.11 Y749.51 E49.70059
G1 F2760
G1 X749.51 Y576.11 E1058.66699
G1 X749.51 Y586.7 E45.71813
M73 P19 R781
G1 X413.3 Y250.49 E2052.67871
G1 X423.89 Y250.49 E45.71875
G1 X250.49 Y423.89 E1058.66711
G1 X250.49 Y413.3 E45.71875
G1 X586.7 Y749.51 E2052.67889
G1 X598.212 Y749.51 E49.70059
;WIPE_START
G1 F600
G1 X588.212 Y749.51 E-30
;WIPE_END
G1 Z68 F15000
G1 X401.788 Y749.51 Z68
G1 Z67
G1 E40 F9000
G1 F2779.614
G1 F2760
G1 X413.3 Y749.51 E49.70117
G1 X749.51 Y413.3 E2052.6789
G1 X749.51 Y423.89 E45.71875
G1 X576.11 Y250.49 E1058.66712
G1 X586.7 Y250.49 E45.71875
G1 X250.49 Y586.7 E2052.67888
G1 X250.49 Y576.11 E45.71875
M73 P19 R780
G1 X423.89 Y749.51 E1058.66712
G1 X435.402 Y749.51 E49.70059
;WIPE_START
G1 F600
G1 X425.402 Y749.51 E-30
;WIPE_END
G1 Z68 F15000
G1 X272.593 Y749.51 Z68
G1 Z67
G1 E40 F9000
G1 F2779.614
G1 X261.08 Y749.51 E49.70059
G1 F2760
G1 X250.49 Y738.92 E64.65625
G1 X250.49 Y749.51 E45.71875
G1 X749.51 Y250.49 E3046.69015
G1 X749.51 Y261.08 E45.71875
G1 X738.92 Y250.49 E64.65625
G1 X727.407 Y250.49 E49.70059
; stop printing object Cube id:0 copy 0
;LAYER_CHANGE
;Z:68.5
;HEIGHT:1.5
;BEFORE_LAYER_CHANGE
;68.5
G92 E0

EXCLUDE_OBJECT_END NAME=Cube_id_0_copy_0
;AFTER_LAYER_CHANGE
;68.5
;_SET_FAN_SPEED_CHANGING_LAYER
; printing object Cube id:0 copy 0
;WIPE_START
G1 F600
G1 X737.407 Y250.49 E-30
;WIPE_END
EXCLUDE_OBJECT_START NAME=Cube_id_0_copy_0
G1 Z69.5 F15000
G1 X751.956 Y248.044 Z69.5
G1 Z68.5
G1 E40 F9000
;TYPE:Outer wall
;WIDTH:3.2
G1 F2779.615
G1 X751.956 Y751.956 E2175.45813
G1 X248.044 Y751.956 E2175.45813
G1 F2760
G1 X248.044 Y248.044 E2175.4585
G1 X751.656 Y248.044 E2174.16299
M73 P19 R779
;WIPE_START
G1 F600
G1 X751.662 Y258.044 E-30
;WIPE_END
G1 Z69.5 F15000
G1 X727.407 Y250.49 Z69.5
G1 Z68.5
G1 E40 F9000
;TYPE:Sparse infill
;WIDTH:3.2
G1 F2779.614
G1 X738.92 Y250.49 E49.70059
G1 F2760
G1 X749.51 Y261.08 E64.65527
G1 X749.51 Y250.49 E45.71788
G1 X250.49 Y749.51 E3046.69043
G1 X250.49 Y738.92 E45.71786
G1 X261.08 Y749.51 E64.65527
G1 X272.593 Y749.51 E49.70059
;WIPE_START
G1 F600
G1 X262.593 Y749.51 E-30
;WIPE_END
G1 Z69.5 F15000
G1 X435.402 Y749.51 Z69.5
G1 Z68.5
G1 E40 F9000
G1 F2779.614
G1 F2760
G1 X423.89 Y749.51 E49.7002
G1 X250.49 Y576.11 E1058.66699
G1 X250.49 Y586.7 E45.71798
G1 X586.7 Y250.49 E2052.67871
G1 X576.11 Y250.49 E45.71875
G1 X749.51 Y423.89 E1058.66712
G1 X749.51 Y413.3 E45.71875
M73 P19 R778
G1 X413.3 Y749.51 E2052.6789
G1 X401.788 Y749.51 E49.70059
;WIPE_START
G1 F600
G1 X411.788 Y749.51 E-30
;WIPE_END
G1 Z69.5 F15000
G1 X598.212 Y749.51 Z69.5
G1 Z68.5
G1 E40 F9000
G1 F2779.614
G1 F2760
G1 X586.7 Y749.51 E49.70117
G1 X250.49 Y413.3 E2052.67889
G1 X250.49 Y423.89 E45.71875
G1 X423.89 Y250.49 E1058.66711
G1 X413.3 Y250.49 E45.71875
G1 X749.51 Y586.7 E2052.6789
G1 X749.51 Y576.11 E45.71875
G1 X576.11 Y749.51 E1058.66713
G1 X564.597 Y749.51 E49.70059
;WIPE_START
G1 F600
G1 X574.597 Y749.51 E-30
;WIPE_END
G1 Z69.5 F15000
G1 X749.51 Y727.407 Z69.5
G1 Z68.5
G1 E40 F9000
G1 F2779.614
G1 X749.51 Y738.92 E49.70059
G1 F2760
G1 X738.92 Y749.51 E64.65625
G1 X749.51 Y749.51 E45.71875
G1 X250.49 Y250.49 E3046.69065
G1 X261.08 Y250.49 E45.71875
M73 P19 R777
G1 X250.49 Y261.08 E64.65625
G1 X250.49 Y272.593 E49.70059
; stop printing object Cube id:0 copy 0
;LAYER_CHANGE
;Z:70
;HEIGHT:1.5
;BEFORE_LAYER_CHANGE
;70
G92 E0

EXCLUDE_OBJECT_END NAME=Cube_id_0_copy_0
;AFTER_LAYER_CHANGE
;70
;_SET_FAN_SPEED_CHANGING_LAYER
; printing object Cube id:0 copy 0
;WIPE_START
G1 F600
G1 X250.49 Y262.593 E-30
;WIPE_END
EXCLUDE_OBJECT_START NAME=Cube_id_0_copy_0
G1 Z71 F15000
G1 X248.044 Y248.044 Z71
G1 Z70
G1 E40 F9000
;TYPE:Outer wall
;WIDTH:3.2
G1 F2779.615
G1 X751.956 Y248.044 E2175.45813
G1 X751.956 Y751.956 E2175.45813
M73 P20 R777
G1 F2760
G1 X248.044 Y751.956 E2175.4585
G1 X248.044 Y248.344 E2174.16299
;WIPE_START
G1 F600
G1 X258.044 Y248.338 E-30
;WIPE_END
G1 Z71 F15000
G1 X250.49 Y272.593 Z71
G1 Z70
G1 E40 F9000
;TYPE:Sparse infill
;WIDTH:3.2
G1 F2779.614
G1 X250.49 Y261.08 E49.70059
G1 F2760
G1 X261.08 Y250.49 E64.65527
G1 X250.49 Y250.49 E45.71822
G1 X749.51 Y749.51 E3046.69043
G1 X738.92 Y749.51 E45.71823
M73 P20 R776
G1 X749.51 Y738.92 E64.65527
G1 X749.51 Y727.407 E49.70059
;WIPE_START
G1 F600
G1 X749.51 Y737.407 E-30
;WIPE_END
G1 Z71 F15000
G1 X564.597 Y749.51 Z71
G1 Z70
G1 E40 F9000
G1 F2779.614
G1 X576.11 Y749.51 E49.70059
G1 F2760
G1 X749.51 Y576.11 E1058.66699
G1 X749.51 Y586.7 E45.71813
G1 X413.3 Y250.49 E2052.67871
G1 X423.89 Y250.49 E45.71875
G1 X250.49 Y423.89 E1058.66711
G1 X250.49 Y413.3 E45.71875
G1 X586.7 Y749.51 E2052.67889
G1 X598.212 Y749.51 E49.70059
;WIPE_START
G1 F600
G1 X588.212 Y749.51 E-30
;WIPE_END
G1 Z71 F15000
G1 X401.788 Y749.51 Z71
G1 Z70
G1 E40 F9000
G1 F2779.614
G1 F2760
G1 X413.3 Y749.51 E49.70117
G1 X749.51 Y413.3 E2052.6789
G1 X749.51 Y423.89 E45.71875
M73 P20 R775
G1 X576.11 Y250.49 E1058.66712
G1 X586.7 Y250.49 E45.71875
G1 X250.49 Y586.7 E2052.67888
G1 X250.49 Y576.11 E45.71875
G1 X423.89 Y749.51 E1058.66712
G1 X435.402 Y749.51 E49.70059
;WIPE_START
G1 F600
G1 X425.402 Y749.51 E-30
;WIPE_END
G1 Z71 F15000
G1 X272.593 Y749.51 Z71
G1 Z70
G1 E40 F9000
G1 F2779.614
G1 X261.08 Y749.51 E49.70059
G1 F2760
G1 X250.49 Y738.92 E64.65625
G1 X250.49 Y749.51 E45.71875
G1 X749.51 Y250.49 E3046.69015
G1 X749.51 Y261.08 E45.71875
G1 X738.92 Y250.49 E64.65625
G1 X727.407 Y250.49 E49.70059
; stop printing object Cube id:0 copy 0
;LAYER_CHANGE
;Z:71.5
;HEIGHT:1.5
;BEFORE_LAYER_CHANGE
;71.5
G92 E0

EXCLUDE_OBJECT_END NAME=Cube_id_0_copy_0
;AFTER_LAYER_CHANGE
;71.5
;_SET_FAN_SPEED_CHANGING_LAYER
; printing object Cube id:0 copy 0
;WIPE_START
G1 F600
G1 X737.407 Y250.49 E-30
;WIPE_END
EXCLUDE_OBJECT_START NAME=Cube_id_0_copy_0
G1 Z72.5 F15000
G1 X751.956 Y248.044 Z72.5
G1 Z71.5
G1 E40 F9000
;TYPE:Outer wall
;WIDTH:3.2
G1 F2779.615
G1 X751.956 Y751.956 E2175.45813
G1 X248.044 Y751.956 E2175.45813
M73 P20 R774
G1 F2760
G1 X248.044 Y248.044 E2175.4585
G1 X751.656 Y248.044 E2174.16299
;WIPE_START
G1 F600
G1 X751.662 Y258.044 E-30
;WIPE_END
G1 Z72.5 F15000
G1 X727.407 Y250.49 Z72.5
G1 Z71.5
G1 E40 F9000
;TYPE:Sparse infill
;WIDTH:3.2
G1 F2779.614
G1 X738.92 Y250.49 E49.70059
G1 F2760
G1 X749.51 Y261.08 E64.65527
G1 X749.51 Y250.49 E45.71788
G1 X250.49 Y749.51 E3046.69043
G1 X250.49 Y738.92 E45.71786
G1 X261.08 Y749.51 E64.65527
G1 X272.593 Y749.51 E49.70059
;WIPE_START
G1 F600
G1 X262.593 Y749.51 E-30
;WIPE_END
G1 Z72.5 F15000
G1 X435.402 Y749.51 Z72.5
G1 Z71.5
G1 E40 F9000
G1 F2779.614
G1 F2760
G1 X423.89 Y749.51 E49.7002
G1 X250.49 Y576.11 E1058.66699
G1 X250.49 Y586.7 E45.71798
M73 P20 R773
G1 X586.7 Y250.49 E2052.67871
G1 X576.11 Y250.49 E45.71875
G1 X749.51 Y423.89 E1058.66712
G1 X749.51 Y413.3 E45.71875
G1 X413.3 Y749.51 E2052.6789
G1 X401.788 Y749.51 E49.70059
;WIPE_START
G1 F600
G1 X411.788 Y749.51 E-30
;WIPE_END
G1 Z72.5 F15000
G1 X598.212 Y749.51 Z72.5
G1 Z71.5
G1 E40 F9000
G1 F2779.614
G1 F2760
G1 X586.7 Y749.51 E49.70117
G1 X250.49 Y413.3 E2052.67889
G1 X250.49 Y423.89 E45.71875
G1 X423.89 Y250.49 E1058.66711
G1 X413.3 Y250.49 E45.71875
G1 X749.51 Y586.7 E2052.6789
G1 X749.51 Y576.11 E45.71875
M73 P20 R772
G1 X576.11 Y749.51 E1058.66713
G1 X564.597 Y749.51 E49.70059
;WIPE_START
G1 F600
G1 X574.597 Y749.51 E-30
;WIPE_END
G1 Z72.5 F15000
G1 X749.51 Y727.407 Z72.5
G1 Z71.5
G1 E40 F9000
G1 F2779.614
G1 X749.51 Y738.92 E49.70059
G1 F2760
G1 X738.92 Y749.51 E64.65625
G1 X749.51 Y749.51 E45.71875
G1 X250.49 Y250.49 E3046.69065
G1 X261.08 Y250.49 E45.71875
G1 X250.49 Y261.08 E64.65625
G1 X250.49 Y272.593 E49.70059
; stop printing object Cube id:0 copy 0
;LAYER_CHANGE
;Z:73
;HEIGHT:1.5
;BEFORE_LAYER_CHANGE
;73
G92 E0

EXCLUDE_OBJECT_END NAME=Cube_id_0_copy_0
;AFTER_LAYER_CHANGE
;73
;_SET_FAN_SPEED_CHANGING_LAYER
; printing object Cube id:0 copy 0
;WIPE_START
G1 F600
G1 X250.49 Y262.593 E-30
;WIPE_END
EXCLUDE_OBJECT_START NAME=Cube_id_0_copy_0
G1 Z74 F15000
G1 X248.044 Y248.044 Z74
G1 Z73
G1 E40 F9000
;TYPE:Outer wall
;WIDTH:3.2
G1 F2779.615
G1 X751.956 Y248.044 E2175.45813
G1 X751.956 Y751.956 E2175.45813
G1 F2760
G1 X248.044 Y751.956 E2175.4585
G1 X248.044 Y248.344 E2174.16299
M73 P20 R771
;WIPE_START
G1 F600
G1 X258.044 Y248.338 E-30
;WIPE_END
G1 Z74 F15000
G1 X250.49 Y272.593 Z74
G1 Z73
G1 E40 F9000
;TYPE:Sparse infill
;WIDTH:3.2
G1 F2779.614
G1 X250.49 Y261.08 E49.70059
G1 F2760
G1 X261.08 Y250.49 E64.65527
G1 X250.49 Y250.49 E45.71822
G1 X749.51 Y749.51 E3046.69043
G1 X738.92 Y749.51 E45.71823
G1 X749.51 Y738.92 E64.65527
G1 X749.51 Y727.407 E49.70059
;WIPE_START
G1 F600
G1 X749.51 Y737.407 E-30
;WIPE_END
G1 Z74 F15000
G1 X564.597 Y749.51 Z74
G1 Z73
G1 E40 F9000
G1 F2779.614
G1 X576.11 Y749.51 E49.70059
G1 F2760
G1 X749.51 Y576.11 E1058.66699
G1 X749.51 Y586.7 E45.71813
G1 X413.3 Y250.49 E2052.67871
G1 X423.89 Y250.49 E45.71875
G1 X250.49 Y423.89 E1058.66711
G1 X250.49 Y413.3 E45.71875
M73 P20 R770
G1 X586.7 Y749.51 E2052.67889
G1 X598.212 Y749.51 E49.70059
;WIPE_START
G1 F600
G1 X588.212 Y749.51 E-30
;WIPE_END
G1 Z74 F15000
G1 X401.788 Y749.51 Z74
G1 Z73
G1 E40 F9000
G1 F2779.614
G1 F2760
G1 X413.3 Y749.51 E49.70117
G1 X749.51 Y413.3 E2052.6789
G1 X749.51 Y423.89 E45.71875
G1 X576.11 Y250.49 E1058.66712
G1 X586.7 Y250.49 E45.71875
G1 X250.49 Y586.7 E2052.67888
G1 X250.49 Y576.11 E45.71875
G1 X423.89 Y749.51 E1058.66712
G1 X435.402 Y749.51 E49.70059
;WIPE_START
G1 F600
G1 X425.402 Y749.51 E-30
;WIPE_END
G1 Z74 F15000
G1 X272.593 Y749.51 Z74
G1 Z73
G1 E40 F9000
G1 F2779.614
G1 X261.08 Y749.51 E49.70059
G1 F2760
G1 X250.49 Y738.92 E64.65625
G1 X250.49 Y749.51 E45.71875
G1 X749.51 Y250.49 E3046.69015
G1 X749.51 Y261.08 E45.71875
M73 P20 R769
G1 X738.92 Y250.49 E64.65625
G1 X727.407 Y250.49 E49.70059
; stop printing object Cube id:0 copy 0
;LAYER_CHANGE
;Z:74.5
;HEIGHT:1.5
;BEFORE_LAYER_CHANGE
;74.5
G92 E0

EXCLUDE_OBJECT_END NAME=Cube_id_0_copy_0
;AFTER_LAYER_CHANGE
;74.5
;_SET_FAN_SPEED_CHANGING_LAYER
; printing object Cube id:0 copy 0
;WIPE_START
G1 F600
G1 X737.407 Y250.49 E-30
;WIPE_END
EXCLUDE_OBJECT_START NAME=Cube_id_0_copy_0
G1 Z75.5 F15000
G1 X751.956 Y248.044 Z75.5
G1 Z74.5
G1 E40 F9000
;TYPE:Outer wall
;WIDTH:3.2
G1 F2779.615
G1 X751.956 Y751.956 E2175.45813
G1 X248.044 Y751.956 E2175.45813
G1 F2760
G1 X248.044 Y248.044 E2175.4585
G1 X751.656 Y248.044 E2174.16299
;WIPE_START
G1 F600
G1 X751.662 Y258.044 E-30
;WIPE_END
G1 Z75.5 F15000
G1 X727.407 Y250.49 Z75.5
G1 Z74.5
G1 E40 F9000
;TYPE:Sparse infill
;WIDTH:3.2
G1 F2779.614
G1 X738.92 Y250.49 E49.70059
G1 F2760
G1 X749.51 Y261.08 E64.65527
G1 X749.51 Y250.49 E45.71788
G1 X250.49 Y749.51 E3046.69043
G1 X250.49 Y738.92 E45.71786
M73 P20 R768
G1 X261.08 Y749.51 E64.65527
G1 X272.593 Y749.51 E49.70059
;WIPE_START
G1 F600
G1 X262.593 Y749.51 E-30
;WIPE_END
G1 Z75.5 F15000
G1 X435.402 Y749.51 Z75.5
G1 Z74.5
G1 E40 F9000
G1 F2779.614
G1 F2760
G1 X423.89 Y749.51 E49.7002
G1 X250.49 Y576.11 E1058.66699
G1 X250.49 Y586.7 E45.71798
G1 X586.7 Y250.49 E2052.67871
G1 X576.11 Y250.49 E45.71875
G1 X749.51 Y423.89 E1058.66712
G1 X749.51 Y413.3 E45.71875
G1 X413.3 Y749.51 E2052.6789
G1 X401.788 Y749.51 E49.70059
;WIPE_START
G1 F600
G1 X411.788 Y749.51 E-30
;WIPE_END
G1 Z75.5 F15000
G1 X598.212 Y749.51 Z75.5
G1 Z74.5
G1 E40 F9000
G1 F2779.614
G1 F2760
G1 X586.7 Y749.51 E49.70117
G1 X250.49 Y413.3 E2052.67889
G1 X250.49 Y423.89 E45.71875
M73 P20 R767
G1 X423.89 Y250.49 E1058.66711
M73 P21 R767
G1 X413.3 Y250.49 E45.71875
G1 X749.51 Y586.7 E2052.6789
G1 X749.51 Y576.11 E45.71875
G1 X576.11 Y749.51 E1058.66713
G1 X564.597 Y749.51 E49.70059
;WIPE_START
G1 F600
G1 X574.597 Y749.51 E-30
;WIPE_END
G1 Z75.5 F15000
G1 X749.51 Y727.407 Z75.5
G1 Z74.5
G1 E40 F9000
G1 F2779.614
G1 X749.51 Y738.92 E49.70059
G1 F2760
G1 X738.92 Y749.51 E64.65625
G1 X749.51 Y749.51 E45.71875
G1 X250.49 Y250.49 E3046.69065
G1 X261.08 Y250.49 E45.71875
G1 X250.49 Y261.08 E64.65625
G1 X250.49 Y272.593 E49.70059
; stop printing object Cube id:0 copy 0
;LAYER_CHANGE
;Z:76
;HEIGHT:1.5
;BEFORE_LAYER_CHANGE
;76
G92 E0

EXCLUDE_OBJECT_END NAME=Cube_id_0_copy_0
;AFTER_LAYER_CHANGE
;76
;_SET_FAN_SPEED_CHANGING_LAYER
; printing object Cube id:0 copy 0
;WIPE_START
G1 F600
G1 X250.49 Y262.593 E-30
;WIPE_END
EXCLUDE_OBJECT_START NAME=Cube_id_0_copy_0
G1 Z77 F15000
G1 X248.044 Y248.044 Z77
G1 Z76
G1 E40 F9000
;TYPE:Outer wall
;WIDTH:3.2
G1 F2779.615
G1 X751.956 Y248.044 E2175.45813
G1 X751.956 Y751.956 E2175.45813
M73 P21 R766
G1 F2760
G1 X248.044 Y751.956 E2175.4585
G1 X248.044 Y248.344 E2174.16299
;WIPE_START
G1 F600
G1 X258.044 Y248.338 E-30
;WIPE_END
G1 Z77 F15000
G1 X250.49 Y272.593 Z77
G1 Z76
G1 E40 F9000
;TYPE:Sparse infill
;WIDTH:3.2
G1 F2779.614
G1 X250.49 Y261.08 E49.70059
G1 F2760
G1 X261.08 Y250.49 E64.65527
G1 X250.49 Y250.49 E45.71822
G1 X749.51 Y749.51 E3046.69043
G1 X738.92 Y749.51 E45.71823
G1 X749.51 Y738.92 E64.65527
G1 X749.51 Y727.407 E49.70059
;WIPE_START
G1 F600
G1 X749.51 Y737.407 E-30
;WIPE_END
G1 Z77 F15000
G1 X564.597 Y749.51 Z77
G1 Z76
G1 E40 F9000
G1 F2779.614
G1 X576.11 Y749.51 E49.70059
G1 F2760
G1 X749.51 Y576.11 E1058.66699
G1 X749.51 Y586.7 E45.71813
M73 P21 R765
G1 X413.3 Y250.49 E2052.67871
G1 X423.89 Y250.49 E45.71875
G1 X250.49 Y423.89 E1058.66711
G1 X250.49 Y413.3 E45.71875
G1 X586.7 Y749.51 E2052.67889
G1 X598.212 Y749.51 E49.70059
;WIPE_START
G1 F600
G1 X588.212 Y749.51 E-30
;WIPE_END
G1 Z77 F15000
G1 X401.788 Y749.51 Z77
G1 Z76
G1 E40 F9000
G1 F2779.614
G1 F2760
G1 X413.3 Y749.51 E49.70117
G1 X749.51 Y413.3 E2052.6789
G1 X749.51 Y423.89 E45.71875
G1 X576.11 Y250.49 E1058.66712
G1 X586.7 Y250.49 E45.71875
G1 X250.49 Y586.7 E2052.67888
G1 X250.49 Y576.11 E45.71875
M73 P21 R764
G1 X423.89 Y749.51 E1058.66712
G1 X435.402 Y749.51 E49.70059
;WIPE_START
G1 F600
G1 X425.402 Y749.51 E-30
;WIPE_END
G1 Z77 F15000
G1 X272.593 Y749.51 Z77
G1 Z76
G1 E40 F9000
G1 F2779.614
G1 X261.08 Y749.51 E49.70059
G1 F2760
G1 X250.49 Y738.92 E64.65625
G1 X250.49 Y749.51 E45.71875
G1 X749.51 Y250.49 E3046.69015
G1 X749.51 Y261.08 E45.71875
G1 X738.92 Y250.49 E64.65625
G1 X727.407 Y250.49 E49.70059
; stop printing object Cube id:0 copy 0
;LAYER_CHANGE
;Z:77.5
;HEIGHT:1.5
;BEFORE_LAYER_CHANGE
;77.5
G92 E0

EXCLUDE_OBJECT_END NAME=Cube_id_0_copy_0
;AFTER_LAYER_CHANGE
;77.5
;_SET_FAN_SPEED_CHANGING_LAYER
; printing object Cube id:0 copy 0
;WIPE_START
G1 F600
G1 X737.407 Y250.49 E-30
;WIPE_END
EXCLUDE_OBJECT_START NAME=Cube_id_0_copy_0
G1 Z78.5 F15000
G1 X751.956 Y248.044 Z78.5
G1 Z77.5
G1 E40 F9000
;TYPE:Outer wall
;WIDTH:3.2
G1 F2779.615
G1 X751.956 Y751.956 E2175.45813
G1 X248.044 Y751.956 E2175.45813
G1 F2760
G1 X248.044 Y248.044 E2175.4585
G1 X751.656 Y248.044 E2174.16299
M73 P21 R763
;WIPE_START
G1 F600
G1 X751.662 Y258.044 E-30
;WIPE_END
G1 Z78.5 F15000
G1 X727.407 Y250.49 Z78.5
G1 Z77.5
G1 E40 F9000
;TYPE:Sparse infill
;WIDTH:3.2
G1 F2779.614
G1 X738.92 Y250.49 E49.70059
G1 F2760
G1 X749.51 Y261.08 E64.65527
G1 X749.51 Y250.49 E45.71788
G1 X250.49 Y749.51 E3046.69043
G1 X250.49 Y738.92 E45.71786
G1 X261.08 Y749.51 E64.65527
G1 X272.593 Y749.51 E49.70059
;WIPE_START
G1 F600
G1 X262.593 Y749.51 E-30
;WIPE_END
G1 Z78.5 F15000
G1 X435.402 Y749.51 Z78.5
G1 Z77.5
G1 E40 F9000
G1 F2779.614
G1 F2760
G1 X423.89 Y749.51 E49.7002
G1 X250.49 Y576.11 E1058.66699
G1 X250.49 Y586.7 E45.71798
G1 X586.7 Y250.49 E2052.67871
G1 X576.11 Y250.49 E45.71875
G1 X749.51 Y423.89 E1058.66712
G1 X749.51 Y413.3 E45.71875
G1 X413.3 Y749.51 E2052.6789
G1 X401.788 Y749.51 E49.70059
M73 P21 R762
;WIPE_START
G1 F600
G1 X411.788 Y749.51 E-30
;WIPE_END
G1 Z78.5 F15000
G1 X598.212 Y749.51 Z78.5
G1 Z77.5
G1 E40 F9000
G1 F2779.614
G1 F2760
G1 X586.7 Y749.51 E49.70117
G1 X250.49 Y413.3 E2052.67889
G1 X250.49 Y423.89 E45.71875
G1 X423.89 Y250.49 E1058.66711
G1 X413.3 Y250.49 E45.71875
G1 X749.51 Y586.7 E2052.6789
G1 X749.51 Y576.11 E45.71875
G1 X576.11 Y749.51 E1058.66713
G1 X564.597 Y749.51 E49.70059
;WIPE_START
G1 F600
G1 X574.597 Y749.51 E-30
;WIPE_END
G1 Z78.5 F15000
G1 X749.51 Y727.407 Z78.5
G1 Z77.5
G1 E40 F9000
G1 F2779.614
G1 X749.51 Y738.92 E49.70059
G1 F2760
G1 X738.92 Y749.51 E64.65625
G1 X749.51 Y749.51 E45.71875
G1 X250.49 Y250.49 E3046.69065
G1 X261.08 Y250.49 E45.71875
M73 P21 R761
G1 X250.49 Y261.08 E64.65625
G1 X250.49 Y272.593 E49.70059
; stop printing object Cube id:0 copy 0
;LAYER_CHANGE
;Z:79
;HEIGHT:1.5
;BEFORE_LAYER_CHANGE
;79
G92 E0

EXCLUDE_OBJECT_END NAME=Cube_id_0_copy_0
;AFTER_LAYER_CHANGE
;79
;_SET_FAN_SPEED_CHANGING_LAYER
; printing object Cube id:0 copy 0
;WIPE_START
G1 F600
G1 X250.49 Y262.593 E-30
;WIPE_END
EXCLUDE_OBJECT_START NAME=Cube_id_0_copy_0
G1 Z80 F15000
G1 X248.044 Y248.044 Z80
G1 Z79
G1 E40 F9000
;TYPE:Outer wall
;WIDTH:3.2
G1 F2779.615
G1 X751.956 Y248.044 E2175.45813
G1 X751.956 Y751.956 E2175.45813
G1 F2760
G1 X248.044 Y751.956 E2175.4585
G1 X248.044 Y248.344 E2174.16299
;WIPE_START
G1 F600
G1 X258.044 Y248.338 E-30
;WIPE_END
G1 Z80 F15000
G1 X250.49 Y272.593 Z80
G1 Z79
G1 E40 F9000
;TYPE:Sparse infill
;WIDTH:3.2
G1 F2779.614
G1 X250.49 Y261.08 E49.70059
G1 F2760
G1 X261.08 Y250.49 E64.65527
G1 X250.49 Y250.49 E45.71822
G1 X749.51 Y749.51 E3046.69043
G1 X738.92 Y749.51 E45.71823
M73 P21 R760
G1 X749.51 Y738.92 E64.65527
G1 X749.51 Y727.407 E49.70059
;WIPE_START
G1 F600
G1 X749.51 Y737.407 E-30
;WIPE_END
G1 Z80 F15000
G1 X564.597 Y749.51 Z80
G1 Z79
G1 E40 F9000
G1 F2779.614
G1 X576.11 Y749.51 E49.70059
G1 F2760
G1 X749.51 Y576.11 E1058.66699
G1 X749.51 Y586.7 E45.71813
G1 X413.3 Y250.49 E2052.67871
G1 X423.89 Y250.49 E45.71875
G1 X250.49 Y423.89 E1058.66711
G1 X250.49 Y413.3 E45.71875
G1 X586.7 Y749.51 E2052.67889
G1 X598.212 Y749.51 E49.70059
;WIPE_START
G1 F600
G1 X588.212 Y749.51 E-30
;WIPE_END
G1 Z80 F15000
G1 X401.788 Y749.51 Z80
G1 Z79
G1 E40 F9000
G1 F2779.614
G1 F2760
G1 X413.3 Y749.51 E49.70117
G1 X749.51 Y413.3 E2052.6789
G1 X749.51 Y423.89 E45.71875
M73 P21 R759
G1 X576.11 Y250.49 E1058.66712
G1 X586.7 Y250.49 E45.71875
G1 X250.49 Y586.7 E2052.67888
G1 X250.49 Y576.11 E45.71875
G1 X423.89 Y749.51 E1058.66712
G1 X435.402 Y749.51 E49.70059
;WIPE_START
G1 F600
G1 X425.402 Y749.51 E-30
;WIPE_END
G1 Z80 F15000
G1 X272.593 Y749.51 Z80
G1 Z79
G1 E40 F9000
G1 F2779.614
G1 X261.08 Y749.51 E49.70059
G1 F2760
G1 X250.49 Y738.92 E64.65625
G1 X250.49 Y749.51 E45.71875
G1 X749.51 Y250.49 E3046.69015
G1 X749.51 Y261.08 E45.71875
G1 X738.92 Y250.49 E64.65625
G1 X727.407 Y250.49 E49.70059
; stop printing object Cube id:0 copy 0
;LAYER_CHANGE
;Z:80.5
;HEIGHT:1.5
;BEFORE_LAYER_CHANGE
;80.5
G92 E0

EXCLUDE_OBJECT_END NAME=Cube_id_0_copy_0
;AFTER_LAYER_CHANGE
;80.5
;_SET_FAN_SPEED_CHANGING_LAYER
; printing object Cube id:0 copy 0
;WIPE_START
G1 F600
G1 X737.407 Y250.49 E-30
;WIPE_END
EXCLUDE_OBJECT_START NAME=Cube_id_0_copy_0
G1 Z81.5 F15000
G1 X751.956 Y248.044 Z81.5
G1 Z80.5
G1 E40 F9000
;TYPE:Outer wall
;WIDTH:3.2
G1 F2779.615
G1 X751.956 Y751.956 E2175.45813
G1 X248.044 Y751.956 E2175.45813
M73 P21 R758
G1 F2760
G1 X248.044 Y248.044 E2175.4585
G1 X751.656 Y248.044 E2174.16299
;WIPE_START
G1 F600
G1 X751.662 Y258.044 E-30
;WIPE_END
G1 Z81.5 F15000
G1 X727.407 Y250.49 Z81.5
G1 Z80.5
G1 E40 F9000
;TYPE:Sparse infill
;WIDTH:3.2
G1 F2779.614
G1 X738.92 Y250.49 E49.70059
G1 F2760
G1 X749.51 Y261.08 E64.65527
G1 X749.51 Y250.49 E45.71788
G1 X250.49 Y749.51 E3046.69043
G1 X250.49 Y738.92 E45.71786
M73 P22 R758
G1 X261.08 Y749.51 E64.65527
G1 X272.593 Y749.51 E49.70059
;WIPE_START
G1 F600
G1 X262.593 Y749.51 E-30
;WIPE_END
G1 Z81.5 F15000
G1 X435.402 Y749.51 Z81.5
G1 Z80.5
G1 E40 F9000
G1 F2779.614
G1 F2760
G1 X423.89 Y749.51 E49.7002
G1 X250.49 Y576.11 E1058.66699
G1 X250.49 Y586.7 E45.71798
M73 P22 R757
G1 X586.7 Y250.49 E2052.67871
G1 X576.11 Y250.49 E45.71875
G1 X749.51 Y423.89 E1058.66712
G1 X749.51 Y413.3 E45.71875
G1 X413.3 Y749.51 E2052.6789
G1 X401.788 Y749.51 E49.70059
;WIPE_START
G1 F600
G1 X411.788 Y749.51 E-30
;WIPE_END
G1 Z81.5 F15000
G1 X598.212 Y749.51 Z81.5
G1 Z80.5
G1 E40 F9000
G1 F2779.614
G1 F2760
G1 X586.7 Y749.51 E49.70117
G1 X250.49 Y413.3 E2052.67889
G1 X250.49 Y423.89 E45.71875
G1 X423.89 Y250.49 E1058.66711
G1 X413.3 Y250.49 E45.71875
G1 X749.51 Y586.7 E2052.6789
G1 X749.51 Y576.11 E45.71875
M73 P22 R756
G1 X576.11 Y749.51 E1058.66713
G1 X564.597 Y749.51 E49.70059
;WIPE_START
G1 F600
G1 X574.597 Y749.51 E-30
;WIPE_END
G1 Z81.5 F15000
G1 X749.51 Y727.407 Z81.5
G1 Z80.5
G1 E40 F9000
G1 F2779.614
G1 X749.51 Y738.92 E49.70059
G1 F2760
G1 X738.92 Y749.51 E64.65625
G1 X749.51 Y749.51 E45.71875
G1 X250.49 Y250.49 E3046.69065
G1 X261.08 Y250.49 E45.71875
G1 X250.49 Y261.08 E64.65625
G1 X250.49 Y272.593 E49.70059
; stop printing object Cube id:0 copy 0
;LAYER_CHANGE
;Z:82
;HEIGHT:1.5
;BEFORE_LAYER_CHANGE
;82
G92 E0

EXCLUDE_OBJECT_END NAME=Cube_id_0_copy_0
;AFTER_LAYER_CHANGE
;82
;_SET_FAN_SPEED_CHANGING_LAYER
; printing object Cube id:0 copy 0
;WIPE_START
G1 F600
G1 X250.49 Y262.593 E-30
;WIPE_END
EXCLUDE_OBJECT_START NAME=Cube_id_0_copy_0
G1 Z83 F15000
G1 X248.044 Y248.044 Z83
G1 Z82
G1 E40 F9000
;TYPE:Outer wall
;WIDTH:3.2
G1 F2779.615
G1 X751.956 Y248.044 E2175.45813
G1 X751.956 Y751.956 E2175.45813
G1 F2760
G1 X248.044 Y751.956 E2175.4585
G1 X248.044 Y248.344 E2174.16299
M73 P22 R755
;WIPE_START
G1 F600
G1 X258.044 Y248.338 E-30
;WIPE_END
G1 Z83 F15000
G1 X250.49 Y272.593 Z83
G1 Z82
G1 E40 F9000
;TYPE:Sparse infill
;WIDTH:3.2
G1 F2779.614
G1 X250.49 Y261.08 E49.70059
G1 F2760
G1 X261.08 Y250.49 E64.65527
G1 X250.49 Y250.49 E45.71822
G1 X749.51 Y749.51 E3046.69043
G1 X738.92 Y749.51 E45.71823
G1 X749.51 Y738.92 E64.65527
G1 X749.51 Y727.407 E49.70059
;WIPE_START
G1 F600
G1 X749.51 Y737.407 E-30
;WIPE_END
G1 Z83 F15000
G1 X564.597 Y749.51 Z83
G1 Z82
G1 E40 F9000
G1 F2779.614
G1 X576.11 Y749.51 E49.70059
G1 F2760
G1 X749.51 Y576.11 E1058.66699
G1 X749.51 Y586.7 E45.71813
G1 X413.3 Y250.49 E2052.67871
G1 X423.89 Y250.49 E45.71875
G1 X250.49 Y423.89 E1058.66711
G1 X250.49 Y413.3 E45.71875
G1 X586.7 Y749.51 E2052.67889
G1 X598.212 Y749.51 E49.70059
M73 P22 R754
;WIPE_START
G1 F600
G1 X588.212 Y749.51 E-30
;WIPE_END
G1 Z83 F15000
G1 X401.788 Y749.51 Z83
G1 Z82
G1 E40 F9000
G1 F2779.614
G1 F2760
G1 X413.3 Y749.51 E49.70117
G1 X749.51 Y413.3 E2052.6789
G1 X749.51 Y423.89 E45.71875
G1 X576.11 Y250.49 E1058.66712
G1 X586.7 Y250.49 E45.71875
G1 X250.49 Y586.7 E2052.67888
G1 X250.49 Y576.11 E45.71875
G1 X423.89 Y749.51 E1058.66712
G1 X435.402 Y749.51 E49.70059
;WIPE_START
G1 F600
G1 X425.402 Y749.51 E-30
;WIPE_END
G1 Z83 F15000
G1 X272.593 Y749.51 Z83
G1 Z82
G1 E40 F9000
G1 F2779.614
G1 X261.08 Y749.51 E49.70059
G1 F2760
G1 X250.49 Y738.92 E64.65625
G1 X250.49 Y749.51 E45.71875
G1 X749.51 Y250.49 E3046.69015
G1 X749.51 Y261.08 E45.71875
M73 P22 R753
G1 X738.92 Y250.49 E64.65625
G1 X727.407 Y250.49 E49.70059
; stop printing object Cube id:0 copy 0
;LAYER_CHANGE
;Z:83.5
;HEIGHT:1.5
;BEFORE_LAYER_CHANGE
;83.5
G92 E0

EXCLUDE_OBJECT_END NAME=Cube_id_0_copy_0
;AFTER_LAYER_CHANGE
;83.5
;_SET_FAN_SPEED_CHANGING_LAYER
; printing object Cube id:0 copy 0
;WIPE_START
G1 F600
G1 X737.407 Y250.49 E-30
;WIPE_END
EXCLUDE_OBJECT_START NAME=Cube_id_0_copy_0
G1 Z84.5 F15000
G1 X751.956 Y248.044 Z84.5
G1 Z83.5
G1 E40 F9000
;TYPE:Outer wall
;WIDTH:3.2
G1 F2779.615
G1 X751.956 Y751.956 E2175.45813
G1 X248.044 Y751.956 E2175.45813
G1 F2760
G1 X248.044 Y248.044 E2175.4585
G1 X751.656 Y248.044 E2174.16299
;WIPE_START
G1 F600
G1 X751.662 Y258.044 E-30
;WIPE_END
G1 Z84.5 F15000
G1 X727.407 Y250.49 Z84.5
G1 Z83.5
G1 E40 F9000
;TYPE:Sparse infill
;WIDTH:3.2
G1 F2779.614
G1 X738.92 Y250.49 E49.70059
G1 F2760
G1 X749.51 Y261.08 E64.65527
G1 X749.51 Y250.49 E45.71788
G1 X250.49 Y749.51 E3046.69043
G1 X250.49 Y738.92 E45.71786
M73 P22 R752
G1 X261.08 Y749.51 E64.65527
G1 X272.593 Y749.51 E49.70059
;WIPE_START
G1 F600
G1 X262.593 Y749.51 E-30
;WIPE_END
G1 Z84.5 F15000
G1 X435.402 Y749.51 Z84.5
G1 Z83.5
G1 E40 F9000
G1 F2779.614
G1 F2760
G1 X423.89 Y749.51 E49.7002
G1 X250.49 Y576.11 E1058.66699
G1 X250.49 Y586.7 E45.71798
G1 X586.7 Y250.49 E2052.67871
G1 X576.11 Y250.49 E45.71875
G1 X749.51 Y423.89 E1058.66712
G1 X749.51 Y413.3 E45.71875
G1 X413.3 Y749.51 E2052.6789
G1 X401.788 Y749.51 E49.70059
;WIPE_START
G1 F600
G1 X411.788 Y749.51 E-30
;WIPE_END
G1 Z84.5 F15000
G1 X598.212 Y749.51 Z84.5
G1 Z83.5
G1 E40 F9000
G1 F2779.614
G1 F2760
G1 X586.7 Y749.51 E49.70117
G1 X250.49 Y413.3 E2052.67889
G1 X250.49 Y423.89 E45.71875
M73 P22 R751
G1 X423.89 Y250.49 E1058.66711
G1 X413.3 Y250.49 E45.71875
G1 X749.51 Y586.7 E2052.6789
G1 X749.51 Y576.11 E45.71875
G1 X576.11 Y749.51 E1058.66713
G1 X564.597 Y749.51 E49.70059
;WIPE_START
G1 F600
G1 X574.597 Y749.51 E-30
;WIPE_END
G1 Z84.5 F15000
G1 X749.51 Y727.407 Z84.5
G1 Z83.5
G1 E40 F9000
G1 F2779.614
G1 X749.51 Y738.92 E49.70059
G1 F2760
G1 X738.92 Y749.51 E64.65625
G1 X749.51 Y749.51 E45.71875
G1 X250.49 Y250.49 E3046.69065
G1 X261.08 Y250.49 E45.71875
G1 X250.49 Y261.08 E64.65625
G1 X250.49 Y272.593 E49.70059
; stop printing object Cube id:0 copy 0
;LAYER_CHANGE
;Z:85
;HEIGHT:1.5
;BEFORE_LAYER_CHANGE
;85
G92 E0

EXCLUDE_OBJECT_END NAME=Cube_id_0_copy_0
;AFTER_LAYER_CHANGE
;85
;_SET_FAN_SPEED_CHANGING_LAYER
; printing object Cube id:0 copy 0
;WIPE_START
G1 F600
G1 X250.49 Y262.593 E-30
;WIPE_END
EXCLUDE_OBJECT_START NAME=Cube_id_0_copy_0
G1 Z86 F15000
G1 X248.044 Y248.044 Z86
G1 Z85
G1 E40 F9000
;TYPE:Outer wall
;WIDTH:3.2
G1 F2779.615
G1 X751.956 Y248.044 E2175.45813
G1 X751.956 Y751.956 E2175.45813
M73 P22 R750
G1 F2760
G1 X248.044 Y751.956 E2175.4585
G1 X248.044 Y248.344 E2174.16299
;WIPE_START
G1 F600
G1 X258.044 Y248.338 E-30
;WIPE_END
G1 Z86 F15000
G1 X250.49 Y272.593 Z86
G1 Z85
G1 E40 F9000
;TYPE:Sparse infill
;WIDTH:3.2
G1 F2779.614
G1 X250.49 Y261.08 E49.70059
G1 F2760
G1 X261.08 Y250.49 E64.65527
G1 X250.49 Y250.49 E45.71822
G1 X749.51 Y749.51 E3046.69043
G1 X738.92 Y749.51 E45.71823
G1 X749.51 Y738.92 E64.65527
G1 X749.51 Y727.407 E49.70059
;WIPE_START
G1 F600
G1 X749.51 Y737.407 E-30
;WIPE_END
G1 Z86 F15000
G1 X564.597 Y749.51 Z86
G1 Z85
G1 E40 F9000
G1 F2779.614
G1 X576.11 Y749.51 E49.70059
G1 F2760
G1 X749.51 Y576.11 E1058.66699
G1 X749.51 Y586.7 E45.71813
M73 P22 R749
G1 X413.3 Y250.49 E2052.67871
G1 X423.89 Y250.49 E45.71875
G1 X250.49 Y423.89 E1058.66711
G1 X250.49 Y413.3 E45.71875
G1 X586.7 Y749.51 E2052.67889
G1 X598.212 Y749.51 E49.70059
;WIPE_START
G1 F600
G1 X588.212 Y749.51 E-30
;WIPE_END
G1 Z86 F15000
G1 X401.788 Y749.51 Z86
G1 Z85
G1 E40 F9000
G1 F2779.614
G1 F2760
G1 X413.3 Y749.51 E49.70117
G1 X749.51 Y413.3 E2052.6789
G1 X749.51 Y423.89 E45.71875
G1 X576.11 Y250.49 E1058.66712
G1 X586.7 Y250.49 E45.71875
G1 X250.49 Y586.7 E2052.67888
G1 X250.49 Y576.11 E45.71875
M73 P22 R748
G1 X423.89 Y749.51 E1058.66712
G1 X435.402 Y749.51 E49.70059
;WIPE_START
G1 F600
G1 X425.402 Y749.51 E-30
;WIPE_END
G1 Z86 F15000
G1 X272.593 Y749.51 Z86
G1 Z85
G1 E40 F9000
G1 F2779.614
G1 X261.08 Y749.51 E49.70059
G1 F2760
G1 X250.49 Y738.92 E64.65625
G1 X250.49 Y749.51 E45.71875
G1 X749.51 Y250.49 E3046.69015
G1 X749.51 Y261.08 E45.71875
G1 X738.92 Y250.49 E64.65625
G1 X727.407 Y250.49 E49.70059
; stop printing object Cube id:0 copy 0
;LAYER_CHANGE
;Z:86.5
;HEIGHT:1.5
;BEFORE_LAYER_CHANGE
;86.5
G92 E0

EXCLUDE_OBJECT_END NAME=Cube_id_0_copy_0
;AFTER_LAYER_CHANGE
;86.5
;_SET_FAN_SPEED_CHANGING_LAYER
; printing object Cube id:0 copy 0
;WIPE_START
G1 F600
G1 X737.407 Y250.49 E-30
;WIPE_END
EXCLUDE_OBJECT_START NAME=Cube_id_0_copy_0
G1 Z87.5 F15000
G1 X751.956 Y248.044 Z87.5
G1 Z86.5
G1 E40 F9000
;TYPE:Outer wall
;WIDTH:3.2
G1 F2779.615
G1 X751.956 Y751.956 E2175.45813
G1 X248.044 Y751.956 E2175.45813
M73 P23 R748
G1 F2760
G1 X248.044 Y248.044 E2175.4585
G1 X751.656 Y248.044 E2174.16299
M73 P23 R747
;WIPE_START
G1 F600
G1 X751.662 Y258.044 E-30
;WIPE_END
G1 Z87.5 F15000
G1 X727.407 Y250.49 Z87.5
G1 Z86.5
G1 E40 F9000
;TYPE:Sparse infill
;WIDTH:3.2
G1 F2779.614
G1 X738.92 Y250.49 E49.70059
G1 F2760
G1 X749.51 Y261.08 E64.65527
G1 X749.51 Y250.49 E45.71788
G1 X250.49 Y749.51 E3046.69043
G1 X250.49 Y738.92 E45.71786
G1 X261.08 Y749.51 E64.65527
G1 X272.593 Y749.51 E49.70059
;WIPE_START
G1 F600
G1 X262.593 Y749.51 E-30
;WIPE_END
G1 Z87.5 F15000
G1 X435.402 Y749.51 Z87.5
G1 Z86.5
G1 E40 F9000
G1 F2779.614
G1 F2760
G1 X423.89 Y749.51 E49.7002
G1 X250.49 Y576.11 E1058.66699
G1 X250.49 Y586.7 E45.71798
G1 X586.7 Y250.49 E2052.67871
G1 X576.11 Y250.49 E45.71875
G1 X749.51 Y423.89 E1058.66712
G1 X749.51 Y413.3 E45.71875
G1 X413.3 Y749.51 E2052.6789
G1 X401.788 Y749.51 E49.70059
M73 P23 R746
;WIPE_START
G1 F600
G1 X411.788 Y749.51 E-30
;WIPE_END
G1 Z87.5 F15000
G1 X598.212 Y749.51 Z87.5
G1 Z86.5
G1 E40 F9000
G1 F2779.614
G1 F2760
G1 X586.7 Y749.51 E49.70117
G1 X250.49 Y413.3 E2052.67889
G1 X250.49 Y423.89 E45.71875
G1 X423.89 Y250.49 E1058.66711
G1 X413.3 Y250.49 E45.71875
G1 X749.51 Y586.7 E2052.6789
G1 X749.51 Y576.11 E45.71875
G1 X576.11 Y749.51 E1058.66713
G1 X564.597 Y749.51 E49.70059
;WIPE_START
G1 F600
G1 X574.597 Y749.51 E-30
;WIPE_END
G1 Z87.5 F15000
G1 X749.51 Y727.407 Z87.5
G1 Z86.5
G1 E40 F9000
G1 F2779.614
G1 X749.51 Y738.92 E49.70059
G1 F2760
G1 X738.92 Y749.51 E64.65625
G1 X749.51 Y749.51 E45.71875
G1 X250.49 Y250.49 E3046.69065
G1 X261.08 Y250.49 E45.71875
M73 P23 R745
G1 X250.49 Y261.08 E64.65625
G1 X250.49 Y272.593 E49.70059
; stop printing object Cube id:0 copy 0
;LAYER_CHANGE
;Z:88
;HEIGHT:1.5
;BEFORE_LAYER_CHANGE
;88
G92 E0

EXCLUDE_OBJECT_END NAME=Cube_id_0_copy_0
;AFTER_LAYER_CHANGE
;88
;_SET_FAN_SPEED_CHANGING_LAYER
; printing object Cube id:0 copy 0
;WIPE_START
G1 F600
G1 X250.49 Y262.593 E-30
;WIPE_END
EXCLUDE_OBJECT_START NAME=Cube_id_0_copy_0
G1 Z89 F15000
G1 X248.044 Y248.044 Z89
G1 Z88
G1 E40 F9000
;TYPE:Outer wall
;WIDTH:3.2
G1 F2779.615
G1 X751.956 Y248.044 E2175.45813
G1 X751.956 Y751.956 E2175.45813
G1 F2760
G1 X248.044 Y751.956 E2175.4585
G1 X248.044 Y248.344 E2174.16299
;WIPE_START
G1 F600
G1 X258.044 Y248.338 E-30
;WIPE_END
G1 Z89 F15000
G1 X250.49 Y272.593 Z89
G1 Z88
G1 E40 F9000
;TYPE:Sparse infill
;WIDTH:3.2
G1 F2779.614
G1 X250.49 Y261.08 E49.70059
G1 F2760
G1 X261.08 Y250.49 E64.65527
G1 X250.49 Y250.49 E45.71822
G1 X749.51 Y749.51 E3046.69043
G1 X738.92 Y749.51 E45.71823
M73 P23 R744
G1 X749.51 Y738.92 E64.65527
G1 X749.51 Y727.407 E49.70059
;WIPE_START
G1 F600
G1 X749.51 Y737.407 E-30
;WIPE_END
G1 Z89 F15000
G1 X564.597 Y749.51 Z89
G1 Z88
G1 E40 F9000
G1 F2779.614
G1 X576.11 Y749.51 E49.70059
G1 F2760
G1 X749.51 Y576.11 E1058.66699
G1 X749.51 Y586.7 E45.71813
G1 X413.3 Y250.49 E2052.67871
G1 X423.89 Y250.49 E45.71875
G1 X250.49 Y423.89 E1058.66711
G1 X250.49 Y413.3 E45.71875
G1 X586.7 Y749.51 E2052.67889
G1 X598.212 Y749.51 E49.70059
;WIPE_START
G1 F600
G1 X588.212 Y749.51 E-30
;WIPE_END
G1 Z89 F15000
G1 X401.788 Y749.51 Z89
G1 Z88
G1 E40 F9000
G1 F2779.614
G1 F2760
G1 X413.3 Y749.51 E49.70117
G1 X749.51 Y413.3 E2052.6789
G1 X749.51 Y423.89 E45.71875
M73 P23 R743
G1 X576.11 Y250.49 E1058.66712
G1 X586.7 Y250.49 E45.71875
G1 X250.49 Y586.7 E2052.67888
G1 X250.49 Y576.11 E45.71875
G1 X423.89 Y749.51 E1058.66712
G1 X435.402 Y749.51 E49.70059
;WIPE_START
G1 F600
G1 X425.402 Y749.51 E-30
;WIPE_END
G1 Z89 F15000
G1 X272.593 Y749.51 Z89
G1 Z88
G1 E40 F9000
G1 F2779.614
G1 X261.08 Y749.51 E49.70059
G1 F2760
G1 X250.49 Y738.92 E64.65625
G1 X250.49 Y749.51 E45.71875
G1 X749.51 Y250.49 E3046.69015
G1 X749.51 Y261.08 E45.71875
G1 X738.92 Y250.49 E64.65625
G1 X727.407 Y250.49 E49.70059
; stop printing object Cube id:0 copy 0
;LAYER_CHANGE
;Z:89.5
;HEIGHT:1.5
;BEFORE_LAYER_CHANGE
;89.5
G92 E0

EXCLUDE_OBJECT_END NAME=Cube_id_0_copy_0
;AFTER_LAYER_CHANGE
;89.5
;_SET_FAN_SPEED_CHANGING_LAYER
; printing object Cube id:0 copy 0
;WIPE_START
G1 F600
G1 X737.407 Y250.49 E-30
;WIPE_END
EXCLUDE_OBJECT_START NAME=Cube_id_0_copy_0
G1 Z90.5 F15000
G1 X751.956 Y248.044 Z90.5
G1 Z89.5
G1 E40 F9000
;TYPE:Outer wall
;WIDTH:3.2
G1 F2779.615
G1 X751.956 Y751.956 E2175.45813
G1 X248.044 Y751.956 E2175.45813
G1 F2760
M73 P23 R742
G1 X248.044 Y248.044 E2175.4585
G1 X751.656 Y248.044 E2174.16299
;WIPE_START
G1 F600
G1 X751.662 Y258.044 E-30
;WIPE_END
G1 Z90.5 F15000
G1 X727.407 Y250.49 Z90.5
G1 Z89.5
G1 E40 F9000
;TYPE:Sparse infill
;WIDTH:3.2
G1 F2779.614
G1 X738.92 Y250.49 E49.70059
G1 F2760
G1 X749.51 Y261.08 E64.65527
G1 X749.51 Y250.49 E45.71788
G1 X250.49 Y749.51 E3046.69043
G1 X250.49 Y738.92 E45.71786
G1 X261.08 Y749.51 E64.65527
G1 X272.593 Y749.51 E49.70059
;WIPE_START
G1 F600
G1 X262.593 Y749.51 E-30
;WIPE_END
G1 Z90.5 F15000
G1 X435.402 Y749.51 Z90.5
G1 Z89.5
G1 E40 F9000
G1 F2779.614
G1 F2760
G1 X423.89 Y749.51 E49.7002
G1 X250.49 Y576.11 E1058.66699
G1 X250.49 Y586.7 E45.71798
M73 P23 R741
G1 X586.7 Y250.49 E2052.67871
G1 X576.11 Y250.49 E45.71875
G1 X749.51 Y423.89 E1058.66712
G1 X749.51 Y413.3 E45.71875
G1 X413.3 Y749.51 E2052.6789
G1 X401.788 Y749.51 E49.70059
;WIPE_START
G1 F600
G1 X411.788 Y749.51 E-30
;WIPE_END
G1 Z90.5 F15000
G1 X598.212 Y749.51 Z90.5
G1 Z89.5
G1 E40 F9000
G1 F2779.614
G1 F2760
G1 X586.7 Y749.51 E49.70117
G1 X250.49 Y413.3 E2052.67889
G1 X250.49 Y423.89 E45.71875
G1 X423.89 Y250.49 E1058.66711
G1 X413.3 Y250.49 E45.71875
G1 X749.51 Y586.7 E2052.6789
G1 X749.51 Y576.11 E45.71875
G1 X576.11 Y749.51 E1058.66713
M73 P23 R740
G1 X564.597 Y749.51 E49.70059
;WIPE_START
G1 F600
G1 X574.597 Y749.51 E-30
;WIPE_END
G1 Z90.5 F15000
G1 X749.51 Y727.407 Z90.5
G1 Z89.5
G1 E40 F9000
G1 F2779.614
G1 X749.51 Y738.92 E49.70059
G1 F2760
G1 X738.92 Y749.51 E64.65625
G1 X749.51 Y749.51 E45.71875
G1 X250.49 Y250.49 E3046.69065
G1 X261.08 Y250.49 E45.71875
G1 X250.49 Y261.08 E64.65625
G1 X250.49 Y272.593 E49.70059
; stop printing object Cube id:0 copy 0
;LAYER_CHANGE
;Z:91
;HEIGHT:1.5
;BEFORE_LAYER_CHANGE
;91
G92 E0

EXCLUDE_OBJECT_END NAME=Cube_id_0_copy_0
;AFTER_LAYER_CHANGE
;91
;_SET_FAN_SPEED_CHANGING_LAYER
; printing object Cube id:0 copy 0
;WIPE_START
G1 F600
G1 X250.49 Y262.593 E-30
;WIPE_END
EXCLUDE_OBJECT_START NAME=Cube_id_0_copy_0
G1 Z92 F15000
G1 X248.044 Y248.044 Z92
G1 Z91
G1 E40 F9000
;TYPE:Outer wall
;WIDTH:3.2
G1 F2779.615
G1 X751.956 Y248.044 E2175.45813
G1 X751.956 Y751.956 E2175.45813
G1 F2760
G1 X248.044 Y751.956 E2175.4585
G1 X248.044 Y248.344 E2174.16299
M73 P23 R739
;WIPE_START
G1 F600
G1 X258.044 Y248.338 E-30
;WIPE_END
G1 Z92 F15000
G1 X250.49 Y272.593 Z92
G1 Z91
G1 E40 F9000
;TYPE:Sparse infill
;WIDTH:3.2
G1 F2779.614
G1 X250.49 Y261.08 E49.70059
G1 F2760
G1 X261.08 Y250.49 E64.65527
G1 X250.49 Y250.49 E45.71822
G1 X749.51 Y749.51 E3046.69043
G1 X738.92 Y749.51 E45.71823
G1 X749.51 Y738.92 E64.65527
G1 X749.51 Y727.407 E49.70059
;WIPE_START
G1 F600
G1 X749.51 Y737.407 E-30
;WIPE_END
G1 Z92 F15000
G1 X564.597 Y749.51 Z92
G1 Z91
G1 E40 F9000
G1 F2779.614
G1 X576.11 Y749.51 E49.70059
G1 F2760
G1 X749.51 Y576.11 E1058.66699
G1 X749.51 Y586.7 E45.71813
G1 X413.3 Y250.49 E2052.67871
G1 X423.89 Y250.49 E45.71875
G1 X250.49 Y423.89 E1058.66711
G1 X250.49 Y413.3 E45.71875
G1 X586.7 Y749.51 E2052.67889
G1 X598.212 Y749.51 E49.70059
M73 P23 R738
;WIPE_START
G1 F600
G1 X588.212 Y749.51 E-30
;WIPE_END
G1 Z92 F15000
G1 X401.788 Y749.51 Z92
G1 Z91
G1 E40 F9000
G1 F2779.614
G1 F2760
G1 X413.3 Y749.51 E49.70117
G1 X749.51 Y413.3 E2052.6789
G1 X749.51 Y423.89 E45.71875
M73 P24 R738
G1 X576.11 Y250.49 E1058.66712
G1 X586.7 Y250.49 E45.71875
G1 X250.49 Y586.7 E2052.67888
G1 X250.49 Y576.11 E45.71875
G1 X423.89 Y749.51 E1058.66712
G1 X435.402 Y749.51 E49.70059
;WIPE_START
G1 F600
G1 X425.402 Y749.51 E-30
;WIPE_END
G1 Z92 F15000
G1 X272.593 Y749.51 Z92
G1 Z91
G1 E40 F9000
G1 F2779.614
G1 X261.08 Y749.51 E49.70059
G1 F2760
G1 X250.49 Y738.92 E64.65625
G1 X250.49 Y749.51 E45.71875
G1 X749.51 Y250.49 E3046.69015
G1 X749.51 Y261.08 E45.71875
M73 P24 R737
G1 X738.92 Y250.49 E64.65625
G1 X727.407 Y250.49 E49.70059
; stop printing object Cube id:0 copy 0
;LAYER_CHANGE
;Z:92.5
;HEIGHT:1.5
;BEFORE_LAYER_CHANGE
;92.5
G92 E0

EXCLUDE_OBJECT_END NAME=Cube_id_0_copy_0
;AFTER_LAYER_CHANGE
;92.5
;_SET_FAN_SPEED_CHANGING_LAYER
; printing object Cube id:0 copy 0
;WIPE_START
G1 F600
G1 X737.407 Y250.49 E-30
;WIPE_END
EXCLUDE_OBJECT_START NAME=Cube_id_0_copy_0
G1 Z93.5 F15000
G1 X751.956 Y248.044 Z93.5
G1 Z92.5
G1 E40 F9000
;TYPE:Outer wall
;WIDTH:3.2
G1 F2779.615
G1 X751.956 Y751.956 E2175.45813
G1 X248.044 Y751.956 E2175.45813
G1 F2760
G1 X248.044 Y248.044 E2175.4585
G1 X751.656 Y248.044 E2174.16299
;WIPE_START
G1 F600
G1 X751.662 Y258.044 E-30
;WIPE_END
G1 Z93.5 F15000
G1 X727.407 Y250.49 Z93.5
G1 Z92.5
G1 E40 F9000
;TYPE:Sparse infill
;WIDTH:3.2
G1 F2779.614
G1 X738.92 Y250.49 E49.70059
G1 F2760
G1 X749.51 Y261.08 E64.65527
G1 X749.51 Y250.49 E45.71788
G1 X250.49 Y749.51 E3046.69043
G1 X250.49 Y738.92 E45.71786
M73 P24 R736
G1 X261.08 Y749.51 E64.65527
G1 X272.593 Y749.51 E49.70059
;WIPE_START
G1 F600
G1 X262.593 Y749.51 E-30
;WIPE_END
G1 Z93.5 F15000
G1 X435.402 Y749.51 Z93.5
G1 Z92.5
G1 E40 F9000
G1 F2779.614
G1 F2760
G1 X423.89 Y749.51 E49.7002
G1 X250.49 Y576.11 E1058.66699
G1 X250.49 Y586.7 E45.71798
G1 X586.7 Y250.49 E2052.67871
G1 X576.11 Y250.49 E45.71875
G1 X749.51 Y423.89 E1058.66712
G1 X749.51 Y413.3 E45.71875
G1 X413.3 Y749.51 E2052.6789
G1 X401.788 Y749.51 E49.70059
;WIPE_START
G1 F600
G1 X411.788 Y749.51 E-30
;WIPE_END
G1 Z93.5 F15000
G1 X598.212 Y749.51 Z93.5
G1 Z92.5
G1 E40 F9000
G1 F2779.614
G1 F2760
G1 X586.7 Y749.51 E49.70117
G1 X250.49 Y413.3 E2052.67889
G1 X250.49 Y423.89 E45.71875
M73 P24 R735
G1 X423.89 Y250.49 E1058.66711
G1 X413.3 Y250.49 E45.71875
G1 X749.51 Y586.7 E2052.6789
G1 X749.51 Y576.11 E45.71875
G1 X576.11 Y749.51 E1058.66713
G1 X564.597 Y749.51 E49.70059
;WIPE_START
G1 F600
G1 X574.597 Y749.51 E-30
;WIPE_END
G1 Z93.5 F15000
G1 X749.51 Y727.407 Z93.5
G1 Z92.5
G1 E40 F9000
G1 F2779.614
G1 X749.51 Y738.92 E49.70059
G1 F2760
G1 X738.92 Y749.51 E64.65625
G1 X749.51 Y749.51 E45.71875
G1 X250.49 Y250.49 E3046.69065
G1 X261.08 Y250.49 E45.71875
G1 X250.49 Y261.08 E64.65625
G1 X250.49 Y272.593 E49.70059
; stop printing object Cube id:0 copy 0
;LAYER_CHANGE
;Z:94
;HEIGHT:1.5
;BEFORE_LAYER_CHANGE
;94
G92 E0

EXCLUDE_OBJECT_END NAME=Cube_id_0_copy_0
;AFTER_LAYER_CHANGE
;94
;_SET_FAN_SPEED_CHANGING_LAYER
; printing object Cube id:0 copy 0
;WIPE_START
G1 F600
G1 X250.49 Y262.593 E-30
;WIPE_END
EXCLUDE_OBJECT_START NAME=Cube_id_0_copy_0
G1 Z95 F15000
G1 X248.044 Y248.044 Z95
G1 Z94
G1 E40 F9000
;TYPE:Outer wall
;WIDTH:3.2
G1 F2779.615
G1 X751.956 Y248.044 E2175.45813
G1 X751.956 Y751.956 E2175.45813
G1 F2760
M73 P24 R734
G1 X248.044 Y751.956 E2175.4585
G1 X248.044 Y248.344 E2174.16299
;WIPE_START
G1 F600
G1 X258.044 Y248.338 E-30
;WIPE_END
G1 Z95 F15000
G1 X250.49 Y272.593 Z95
G1 Z94
G1 E40 F9000
;TYPE:Sparse infill
;WIDTH:3.2
G1 F2779.614
G1 X250.49 Y261.08 E49.70059
G1 F2760
G1 X261.08 Y250.49 E64.65527
G1 X250.49 Y250.49 E45.71822
G1 X749.51 Y749.51 E3046.69043
G1 X738.92 Y749.51 E45.71823
G1 X749.51 Y738.92 E64.65527
G1 X749.51 Y727.407 E49.70059
;WIPE_START
G1 F600
G1 X749.51 Y737.407 E-30
;WIPE_END
G1 Z95 F15000
G1 X564.597 Y749.51 Z95
G1 Z94
G1 E40 F9000
G1 F2779.614
G1 X576.11 Y749.51 E49.70059
G1 F2760
G1 X749.51 Y576.11 E1058.66699
G1 X749.51 Y586.7 E45.71813
M73 P24 R733
G1 X413.3 Y250.49 E2052.67871
G1 X423.89 Y250.49 E45.71875
G1 X250.49 Y423.89 E1058.66711
G1 X250.49 Y413.3 E45.71875
G1 X586.7 Y749.51 E2052.67889
G1 X598.212 Y749.51 E49.70059
;WIPE_START
G1 F600
G1 X588.212 Y749.51 E-30
;WIPE_END
G1 Z95 F15000
G1 X401.788 Y749.51 Z95
G1 Z94
G1 E40 F9000
G1 F2779.614
G1 F2760
G1 X413.3 Y749.51 E49.70117
G1 X749.51 Y413.3 E2052.6789
G1 X749.51 Y423.89 E45.71875
G1 X576.11 Y250.49 E1058.66712
G1 X586.7 Y250.49 E45.71875
G1 X250.49 Y586.7 E2052.67888
G1 X250.49 Y576.11 E45.71875
G1 X423.89 Y749.51 E1058.66712
G1 X435.402 Y749.51 E49.70059
M73 P24 R732
;WIPE_START
G1 F600
G1 X425.402 Y749.51 E-30
;WIPE_END
G1 Z95 F15000
G1 X272.593 Y749.51 Z95
G1 Z94
G1 E40 F9000
G1 F2779.614
G1 X261.08 Y749.51 E49.70059
G1 F2760
G1 X250.49 Y738.92 E64.65625
G1 X250.49 Y749.51 E45.71875
G1 X749.51 Y250.49 E3046.69015
G1 X749.51 Y261.08 E45.71875
G1 X738.92 Y250.49 E64.65625
G1 X727.407 Y250.49 E49.70059
; stop printing object Cube id:0 copy 0
;LAYER_CHANGE
;Z:95.5
;HEIGHT:1.5
;BEFORE_LAYER_CHANGE
;95.5
G92 E0

EXCLUDE_OBJECT_END NAME=Cube_id_0_copy_0
;AFTER_LAYER_CHANGE
;95.5
;_SET_FAN_SPEED_CHANGING_LAYER
; printing object Cube id:0 copy 0
;WIPE_START
G1 F600
G1 X737.407 Y250.49 E-30
;WIPE_END
EXCLUDE_OBJECT_START NAME=Cube_id_0_copy_0
G1 Z96.5 F15000
G1 X751.956 Y248.044 Z96.5
G1 Z95.5
G1 E40 F9000
;TYPE:Outer wall
;WIDTH:3.2
G1 F2779.615
G1 X751.956 Y751.956 E2175.45813
G1 X248.044 Y751.956 E2175.45813
G1 F2760
G1 X248.044 Y248.044 E2175.4585
G1 X751.656 Y248.044 E2174.16299
M73 P24 R731
;WIPE_START
G1 F600
G1 X751.662 Y258.044 E-30
;WIPE_END
G1 Z96.5 F15000
G1 X727.407 Y250.49 Z96.5
G1 Z95.5
G1 E40 F9000
;TYPE:Sparse infill
;WIDTH:3.2
G1 F2779.614
G1 X738.92 Y250.49 E49.70059
G1 F2760
G1 X749.51 Y261.08 E64.65527
G1 X749.51 Y250.49 E45.71788
G1 X250.49 Y749.51 E3046.69043
G1 X250.49 Y738.92 E45.71786
G1 X261.08 Y749.51 E64.65527
G1 X272.593 Y749.51 E49.70059
;WIPE_START
G1 F600
G1 X262.593 Y749.51 E-30
;WIPE_END
G1 Z96.5 F15000
G1 X435.402 Y749.51 Z96.5
G1 Z95.5
G1 E40 F9000
G1 F2779.614
G1 F2760
G1 X423.89 Y749.51 E49.7002
G1 X250.49 Y576.11 E1058.66699
G1 X250.49 Y586.7 E45.71798
G1 X586.7 Y250.49 E2052.67871
G1 X576.11 Y250.49 E45.71875
G1 X749.51 Y423.89 E1058.66712
G1 X749.51 Y413.3 E45.71875
G1 X413.3 Y749.51 E2052.6789
G1 X401.788 Y749.51 E49.70059
M73 P24 R730
;WIPE_START
G1 F600
G1 X411.788 Y749.51 E-30
;WIPE_END
G1 Z96.5 F15000
G1 X598.212 Y749.51 Z96.5
G1 Z95.5
G1 E40 F9000
G1 F2779.614
G1 F2760
G1 X586.7 Y749.51 E49.70117
G1 X250.49 Y413.3 E2052.67889
G1 X250.49 Y423.89 E45.71875
G1 X423.89 Y250.49 E1058.66711
G1 X413.3 Y250.49 E45.71875
G1 X749.51 Y586.7 E2052.6789
G1 X749.51 Y576.11 E45.71875
G1 X576.11 Y749.51 E1058.66713
G1 X564.597 Y749.51 E49.70059
;WIPE_START
G1 F600
G1 X574.597 Y749.51 E-30
;WIPE_END
G1 Z96.5 F15000
G1 X749.51 Y727.407 Z96.5
G1 Z95.5
G1 E40 F9000
G1 F2779.614
G1 X749.51 Y738.92 E49.70059
G1 F2760
G1 X738.92 Y749.51 E64.65625
G1 X749.51 Y749.51 E45.71875
G1 X250.49 Y250.49 E3046.69065
G1 X261.08 Y250.49 E45.71875
M73 P24 R729
G1 X250.49 Y261.08 E64.65625
G1 X250.49 Y272.593 E49.70059
; stop printing object Cube id:0 copy 0
;LAYER_CHANGE
;Z:97
;HEIGHT:1.5
;BEFORE_LAYER_CHANGE
;97
G92 E0

EXCLUDE_OBJECT_END NAME=Cube_id_0_copy_0
;AFTER_LAYER_CHANGE
;97
;_SET_FAN_SPEED_CHANGING_LAYER
; printing object Cube id:0 copy 0
;WIPE_START
G1 F600
G1 X250.49 Y262.593 E-30
;WIPE_END
EXCLUDE_OBJECT_START NAME=Cube_id_0_copy_0
G1 Z98 F15000
G1 X248.044 Y248.044 Z98
G1 Z97
G1 E40 F9000
;TYPE:Outer wall
;WIDTH:3.2
G1 F2779.615
G1 X751.956 Y248.044 E2175.45813
G1 X751.956 Y751.956 E2175.45813
G1 F2760
G1 X248.044 Y751.956 E2175.4585
G1 X248.044 Y248.344 E2174.16299
;WIPE_START
G1 F600
G1 X258.044 Y248.338 E-30
;WIPE_END
G1 Z98 F15000
G1 X250.49 Y272.593 Z98
G1 Z97
G1 E40 F9000
;TYPE:Sparse infill
;WIDTH:3.2
G1 F2779.614
G1 X250.49 Y261.08 E49.70059
G1 F2760
G1 X261.08 Y250.49 E64.65527
G1 X250.49 Y250.49 E45.71822
G1 X749.51 Y749.51 E3046.69043
G1 X738.92 Y749.51 E45.71823
M73 P25 R728
G1 X749.51 Y738.92 E64.65527
G1 X749.51 Y727.407 E49.70059
;WIPE_START
G1 F600
G1 X749.51 Y737.407 E-30
;WIPE_END
G1 Z98 F15000
G1 X564.597 Y749.51 Z98
G1 Z97
G1 E40 F9000
G1 F2779.614
G1 X576.11 Y749.51 E49.70059
G1 F2760
G1 X749.51 Y576.11 E1058.66699
G1 X749.51 Y586.7 E45.71813
G1 X413.3 Y250.49 E2052.67871
G1 X423.89 Y250.49 E45.71875
G1 X250.49 Y423.89 E1058.66711
G1 X250.49 Y413.3 E45.71875
G1 X586.7 Y749.51 E2052.67889
G1 X598.212 Y749.51 E49.70059
;WIPE_START
G1 F600
G1 X588.212 Y749.51 E-30
;WIPE_END
G1 Z98 F15000
G1 X401.788 Y749.51 Z98
G1 Z97
G1 E40 F9000
G1 F2779.614
G1 F2760
G1 X413.3 Y749.51 E49.70117
G1 X749.51 Y413.3 E2052.6789
G1 X749.51 Y423.89 E45.71875
M73 P25 R727
G1 X576.11 Y250.49 E1058.66712
G1 X586.7 Y250.49 E45.71875
G1 X250.49 Y586.7 E2052.67888
G1 X250.49 Y576.11 E45.71875
G1 X423.89 Y749.51 E1058.66712
G1 X435.402 Y749.51 E49.70059
;WIPE_START
G1 F600
G1 X425.402 Y749.51 E-30
;WIPE_END
G1 Z98 F15000
G1 X272.593 Y749.51 Z98
G1 Z97
G1 E40 F9000
G1 F2779.614
G1 X261.08 Y749.51 E49.70059
G1 F2760
G1 X250.49 Y738.92 E64.65625
G1 X250.49 Y749.51 E45.71875
G1 X749.51 Y250.49 E3046.69015
G1 X749.51 Y261.08 E45.71875
G1 X738.92 Y250.49 E64.65625
G1 X727.407 Y250.49 E49.70059
; stop printing object Cube id:0 copy 0
;LAYER_CHANGE
;Z:98.5
;HEIGHT:1.5
;BEFORE_LAYER_CHANGE
;98.5
G92 E0

EXCLUDE_OBJECT_END NAME=Cube_id_0_copy_0
;AFTER_LAYER_CHANGE
;98.5
;_SET_FAN_SPEED_CHANGING_LAYER
; printing object Cube id:0 copy 0
;WIPE_START
G1 F600
G1 X737.407 Y250.49 E-30
;WIPE_END
EXCLUDE_OBJECT_START NAME=Cube_id_0_copy_0
G1 Z99.5 F15000
G1 X751.956 Y248.044 Z99.5
G1 Z98.5
G1 E40 F9000
;TYPE:Outer wall
;WIDTH:3.2
G1 F2779.615
G1 X751.956 Y751.956 E2175.45813
G1 X248.044 Y751.956 E2175.45813
G1 F2760
M73 P25 R726
G1 X248.044 Y248.044 E2175.4585
G1 X751.656 Y248.044 E2174.16299
;WIPE_START
G1 F600
G1 X751.662 Y258.044 E-30
;WIPE_END
G1 Z99.5 F15000
G1 X727.407 Y250.49 Z99.5
G1 Z98.5
G1 E40 F9000
;TYPE:Sparse infill
;WIDTH:3.2
G1 F2779.614
G1 X738.92 Y250.49 E49.70059
G1 F2760
G1 X749.51 Y261.08 E64.65527
G1 X749.51 Y250.49 E45.71788
G1 X250.49 Y749.51 E3046.69043
G1 X250.49 Y738.92 E45.71786
G1 X261.08 Y749.51 E64.65527
G1 X272.593 Y749.51 E49.70059
;WIPE_START
G1 F600
G1 X262.593 Y749.51 E-30
;WIPE_END
G1 Z99.5 F15000
G1 X435.402 Y749.51 Z99.5
G1 Z98.5
G1 E40 F9000
G1 F2779.614
G1 F2760
G1 X423.89 Y749.51 E49.7002
G1 X250.49 Y576.11 E1058.66699
G1 X250.49 Y586.7 E45.71798
M73 P25 R725
G1 X586.7 Y250.49 E2052.67871
G1 X576.11 Y250.49 E45.71875
G1 X749.51 Y423.89 E1058.66712
G1 X749.51 Y413.3 E45.71875
G1 X413.3 Y749.51 E2052.6789
G1 X401.788 Y749.51 E49.70059
;WIPE_START
G1 F600
G1 X411.788 Y749.51 E-30
;WIPE_END
G1 Z99.5 F15000
G1 X598.212 Y749.51 Z99.5
G1 Z98.5
G1 E40 F9000
G1 F2779.614
G1 F2760
G1 X586.7 Y749.51 E49.70117
G1 X250.49 Y413.3 E2052.67889
G1 X250.49 Y423.89 E45.71875
G1 X423.89 Y250.49 E1058.66711
G1 X413.3 Y250.49 E45.71875
G1 X749.51 Y586.7 E2052.6789
G1 X749.51 Y576.11 E45.71875
G1 X576.11 Y749.51 E1058.66713
G1 X564.597 Y749.51 E49.70059
M73 P25 R724
;WIPE_START
G1 F600
G1 X574.597 Y749.51 E-30
;WIPE_END
G1 Z99.5 F15000
G1 X749.51 Y727.407 Z99.5
G1 Z98.5
G1 E40 F9000
G1 F2779.614
G1 X749.51 Y738.92 E49.70059
G1 F2760
G1 X738.92 Y749.51 E64.65625
G1 X749.51 Y749.51 E45.71875
G1 X250.49 Y250.49 E3046.69065
G1 X261.08 Y250.49 E45.71875
G1 X250.49 Y261.08 E64.65625
G1 X250.49 Y272.593 E49.70059
; stop printing object Cube id:0 copy 0
;LAYER_CHANGE
;Z:100
;HEIGHT:1.5
;BEFORE_LAYER_CHANGE
;100
G92 E0

EXCLUDE_OBJECT_END NAME=Cube_id_0_copy_0
;AFTER_LAYER_CHANGE
;100
;_SET_FAN_SPEED_CHANGING_LAYER
; printing object Cube id:0 copy 0
;WIPE_START
G1 F600
G1 X250.49 Y262.593 E-30
;WIPE_END
EXCLUDE_OBJECT_START NAME=Cube_id_0_copy_0
G1 Z101 F15000
G1 X248.044 Y248.044 Z101
G1 Z100
G1 E40 F9000
;TYPE:Outer wall
;WIDTH:3.2
G1 F2779.615
G1 X751.956 Y248.044 E2175.45813
G1 X751.956 Y751.956 E2175.45813
G1 F2760
G1 X248.044 Y751.956 E2175.4585
G1 X248.044 Y248.344 E2174.16299
M73 P25 R723
;WIPE_START
G1 F600
G1 X258.044 Y248.338 E-30
;WIPE_END
G1 Z101 F15000
G1 X250.49 Y272.593 Z101
G1 Z100
G1 E40 F9000
;TYPE:Sparse infill
;WIDTH:3.2
G1 F2779.614
G1 X250.49 Y261.08 E49.70059
G1 F2760
G1 X261.08 Y250.49 E64.65527
G1 X250.49 Y250.49 E45.71822
G1 X749.51 Y749.51 E3046.69043
G1 X738.92 Y749.51 E45.71823
G1 X749.51 Y738.92 E64.65527
G1 X749.51 Y727.407 E49.70059
;WIPE_START
G1 F600
G1 X749.51 Y737.407 E-30
;WIPE_END
G1 Z101 F15000
G1 X564.597 Y749.51 Z101
G1 Z100
G1 E40 F9000
G1 F2779.614
G1 X576.11 Y749.51 E49.70059
G1 F2760
G1 X749.51 Y576.11 E1058.66699
G1 X749.51 Y586.7 E45.71813
G1 X413.3 Y250.49 E2052.67871
G1 X423.89 Y250.49 E45.71875
G1 X250.49 Y423.89 E1058.66711
G1 X250.49 Y413.3 E45.71875
G1 X586.7 Y749.51 E2052.67889
G1 X598.212 Y749.51 E49.70059
M73 P25 R722
;WIPE_START
G1 F600
G1 X588.212 Y749.51 E-30
;WIPE_END
G1 Z101 F15000
G1 X401.788 Y749.51 Z101
G1 Z100
G1 E40 F9000
G1 F2779.614
G1 F2760
G1 X413.3 Y749.51 E49.70117
G1 X749.51 Y413.3 E2052.6789
G1 X749.51 Y423.89 E45.71875
G1 X576.11 Y250.49 E1058.66712
G1 X586.7 Y250.49 E45.71875
G1 X250.49 Y586.7 E2052.67888
G1 X250.49 Y576.11 E45.71875
G1 X423.89 Y749.51 E1058.66712
G1 X435.402 Y749.51 E49.70059
;WIPE_START
G1 F600
G1 X425.402 Y749.51 E-30
;WIPE_END
G1 Z101 F15000
G1 X272.593 Y749.51 Z101
G1 Z100
G1 E40 F9000
G1 F2779.614
G1 X261.08 Y749.51 E49.70059
G1 F2760
G1 X250.49 Y738.92 E64.65625
G1 X250.49 Y749.51 E45.71875
G1 X749.51 Y250.49 E3046.69015
G1 X749.51 Y261.08 E45.71875
M73 P25 R721
G1 X738.92 Y250.49 E64.65625
G1 X727.407 Y250.49 E49.70059
; stop printing object Cube id:0 copy 0
;LAYER_CHANGE
;Z:101.5
;HEIGHT:1.5
;BEFORE_LAYER_CHANGE
;101.5
G92 E0

EXCLUDE_OBJECT_END NAME=Cube_id_0_copy_0
;AFTER_LAYER_CHANGE
;101.5
;_SET_FAN_SPEED_CHANGING_LAYER
; printing object Cube id:0 copy 0
;WIPE_START
G1 F600
G1 X737.407 Y250.49 E-30
;WIPE_END
EXCLUDE_OBJECT_START NAME=Cube_id_0_copy_0
G1 Z102.5 F15000
G1 X751.956 Y248.044 Z102.5
G1 Z101.5
G1 E40 F9000
;TYPE:Outer wall
;WIDTH:3.2
G1 F2779.615
G1 X751.956 Y751.956 E2175.45813
G1 X248.044 Y751.956 E2175.45813
G1 F2760
G1 X248.044 Y248.044 E2175.4585
G1 X751.656 Y248.044 E2174.16299
;WIPE_START
G1 F600
G1 X751.662 Y258.044 E-30
;WIPE_END
G1 Z102.5 F15000
G1 X727.407 Y250.49 Z102.5
G1 Z101.5
G1 E40 F9000
;TYPE:Sparse infill
;WIDTH:3.2
G1 F2779.614
G1 X738.92 Y250.49 E49.70059
G1 F2760
G1 X749.51 Y261.08 E64.65527
G1 X749.51 Y250.49 E45.71788
G1 X250.49 Y749.51 E3046.69043
G1 X250.49 Y738.92 E45.71786
M73 P25 R720
G1 X261.08 Y749.51 E64.65527
G1 X272.593 Y749.51 E49.70059
;WIPE_START
G1 F600
G1 X262.593 Y749.51 E-30
;WIPE_END
G1 Z102.5 F15000
G1 X435.402 Y749.51 Z102.5
G1 Z101.5
G1 E40 F9000
G1 F2779.614
G1 F2760
G1 X423.89 Y749.51 E49.7002
G1 X250.49 Y576.11 E1058.66699
G1 X250.49 Y586.7 E45.71798
G1 X586.7 Y250.49 E2052.67871
G1 X576.11 Y250.49 E45.71875
G1 X749.51 Y423.89 E1058.66712
G1 X749.51 Y413.3 E45.71875
G1 X413.3 Y749.51 E2052.6789
G1 X401.788 Y749.51 E49.70059
;WIPE_START
G1 F600
G1 X411.788 Y749.51 E-30
;WIPE_END
G1 Z102.5 F15000
G1 X598.212 Y749.51 Z102.5
G1 Z101.5
G1 E40 F9000
G1 F2779.614
G1 F2760
G1 X586.7 Y749.51 E49.70117
G1 X250.49 Y413.3 E2052.67889
G1 X250.49 Y423.89 E45.71875
M73 P25 R719
G1 X423.89 Y250.49 E1058.66711
G1 X413.3 Y250.49 E45.71875
G1 X749.51 Y586.7 E2052.6789
G1 X749.51 Y576.11 E45.71875
G1 X576.11 Y749.51 E1058.66713
G1 X564.597 Y749.51 E49.70059
;WIPE_START
G1 F600
G1 X574.597 Y749.51 E-30
;WIPE_END
G1 Z102.5 F15000
G1 X749.51 Y727.407 Z102.5
G1 Z101.5
G1 E40 F9000
G1 F2779.614
G1 X749.51 Y738.92 E49.70059
G1 F2760
G1 X738.92 Y749.51 E64.65625
G1 X749.51 Y749.51 E45.71875
G1 X250.49 Y250.49 E3046.69065
G1 X261.08 Y250.49 E45.71875
M73 P26 R719
G1 X250.49 Y261.08 E64.65625
G1 X250.49 Y272.593 E49.70059
; stop printing object Cube id:0 copy 0
;LAYER_CHANGE
;Z:103
;HEIGHT:1.5
;BEFORE_LAYER_CHANGE
;103
G92 E0

EXCLUDE_OBJECT_END NAME=Cube_id_0_copy_0
;AFTER_LAYER_CHANGE
;103
;_SET_FAN_SPEED_CHANGING_LAYER
; printing object Cube id:0 copy 0
;WIPE_START
G1 F600
G1 X250.49 Y262.593 E-30
;WIPE_END
EXCLUDE_OBJECT_START NAME=Cube_id_0_copy_0
G1 Z104 F15000
G1 X248.044 Y248.044 Z104
G1 Z103
G1 E40 F9000
;TYPE:Outer wall
;WIDTH:3.2
G1 F2779.615
G1 X751.956 Y248.044 E2175.45813
G1 X751.956 Y751.956 E2175.45813
G1 F2760
M73 P26 R718
G1 X248.044 Y751.956 E2175.4585
G1 X248.044 Y248.344 E2174.16299
;WIPE_START
G1 F600
G1 X258.044 Y248.338 E-30
;WIPE_END
G1 Z104 F15000
G1 X250.49 Y272.593 Z104
G1 Z103
G1 E40 F9000
;TYPE:Sparse infill
;WIDTH:3.2
G1 F2779.614
G1 X250.49 Y261.08 E49.70059
G1 F2760
G1 X261.08 Y250.49 E64.65527
G1 X250.49 Y250.49 E45.71822
G1 X749.51 Y749.51 E3046.69043
G1 X738.92 Y749.51 E45.71823
G1 X749.51 Y738.92 E64.65527
G1 X749.51 Y727.407 E49.70059
;WIPE_START
G1 F600
G1 X749.51 Y737.407 E-30
;WIPE_END
G1 Z104 F15000
G1 X564.597 Y749.51 Z104
G1 Z103
G1 E40 F9000
G1 F2779.614
G1 X576.11 Y749.51 E49.70059
G1 F2760
G1 X749.51 Y576.11 E1058.66699
G1 X749.51 Y586.7 E45.71813
M73 P26 R717
G1 X413.3 Y250.49 E2052.67871
G1 X423.89 Y250.49 E45.71875
G1 X250.49 Y423.89 E1058.66711
G1 X250.49 Y413.3 E45.71875
G1 X586.7 Y749.51 E2052.67889
G1 X598.212 Y749.51 E49.70059
;WIPE_START
G1 F600
G1 X588.212 Y749.51 E-30
;WIPE_END
G1 Z104 F15000
G1 X401.788 Y749.51 Z104
G1 Z103
G1 E40 F9000
G1 F2779.614
G1 F2760
G1 X413.3 Y749.51 E49.70117
G1 X749.51 Y413.3 E2052.6789
G1 X749.51 Y423.89 E45.71875
G1 X576.11 Y250.49 E1058.66712
G1 X586.7 Y250.49 E45.71875
G1 X250.49 Y586.7 E2052.67888
G1 X250.49 Y576.11 E45.71875
G1 X423.89 Y749.51 E1058.66712
G1 X435.402 Y749.51 E49.70059
M73 P26 R716
;WIPE_START
G1 F600
G1 X425.402 Y749.51 E-30
;WIPE_END
G1 Z104 F15000
G1 X272.593 Y749.51 Z104
G1 Z103
G1 E40 F9000
G1 F2779.614
G1 X261.08 Y749.51 E49.70059
G1 F2760
G1 X250.49 Y738.92 E64.65625
G1 X250.49 Y749.51 E45.71875
G1 X749.51 Y250.49 E3046.69015
G1 X749.51 Y261.08 E45.71875
G1 X738.92 Y250.49 E64.65625
G1 X727.407 Y250.49 E49.70059
; stop printing object Cube id:0 copy 0
;LAYER_CHANGE
;Z:104.5
;HEIGHT:1.5
;BEFORE_LAYER_CHANGE
;104.5
G92 E0

EXCLUDE_OBJECT_END NAME=Cube_id_0_copy_0
;AFTER_LAYER_CHANGE
;104.5
;_SET_FAN_SPEED_CHANGING_LAYER
; printing object Cube id:0 copy 0
;WIPE_START
G1 F600
G1 X737.407 Y250.49 E-30
;WIPE_END
EXCLUDE_OBJECT_START NAME=Cube_id_0_copy_0
G1 Z105.5 F15000
G1 X751.956 Y248.044 Z105.5
G1 Z104.5
G1 E40 F9000
;TYPE:Outer wall
;WIDTH:3.2
G1 F2779.615
G1 X751.956 Y751.956 E2175.45813
G1 X248.044 Y751.956 E2175.45813
G1 F2760
G1 X248.044 Y248.044 E2175.4585
G1 X751.656 Y248.044 E2174.16299
M73 P26 R715
;WIPE_START
G1 F600
G1 X751.662 Y258.044 E-30
;WIPE_END
G1 Z105.5 F15000
G1 X727.407 Y250.49 Z105.5
G1 Z104.5
G1 E40 F9000
;TYPE:Sparse infill
;WIDTH:3.2
G1 F2779.614
G1 X738.92 Y250.49 E49.70059
G1 F2760
G1 X749.51 Y261.08 E64.65527
G1 X749.51 Y250.49 E45.71788
G1 X250.49 Y749.51 E3046.69043
G1 X250.49 Y738.92 E45.71786
G1 X261.08 Y749.51 E64.65527
G1 X272.593 Y749.51 E49.70059
;WIPE_START
G1 F600
G1 X262.593 Y749.51 E-30
;WIPE_END
G1 Z105.5 F15000
G1 X435.402 Y749.51 Z105.5
G1 Z104.5
G1 E40 F9000
G1 F2779.614
G1 F2760
G1 X423.89 Y749.51 E49.7002
G1 X250.49 Y576.11 E1058.66699
G1 X250.49 Y586.7 E45.71798
G1 X586.7 Y250.49 E2052.67871
G1 X576.11 Y250.49 E45.71875
G1 X749.51 Y423.89 E1058.66712
G1 X749.51 Y413.3 E45.71875
G1 X413.3 Y749.51 E2052.6789
G1 X401.788 Y749.51 E49.70059
M73 P26 R714
;WIPE_START
G1 F600
G1 X411.788 Y749.51 E-30
;WIPE_END
G1 Z105.5 F15000
G1 X598.212 Y749.51 Z105.5
G1 Z104.5
G1 E40 F9000
G1 F2779.614
G1 F2760
G1 X586.7 Y749.51 E49.70117
G1 X250.49 Y413.3 E2052.67889
G1 X250.49 Y423.89 E45.71875
G1 X423.89 Y250.49 E1058.66711
G1 X413.3 Y250.49 E45.71875
G1 X749.51 Y586.7 E2052.6789
G1 X749.51 Y576.11 E45.71875
G1 X576.11 Y749.51 E1058.66713
G1 X564.597 Y749.51 E49.70059
;WIPE_START
G1 F600
G1 X574.597 Y749.51 E-30
;WIPE_END
G1 Z105.5 F15000
G1 X749.51 Y727.407 Z105.5
G1 Z104.5
G1 E40 F9000
G1 F2779.614
G1 X749.51 Y738.92 E49.70059
G1 F2760
G1 X738.92 Y749.51 E64.65625
G1 X749.51 Y749.51 E45.71875
G1 X250.49 Y250.49 E3046.69065
G1 X261.08 Y250.49 E45.71875
M73 P26 R713
G1 X250.49 Y261.08 E64.65625
G1 X250.49 Y272.593 E49.70059
; stop printing object Cube id:0 copy 0
;LAYER_CHANGE
;Z:106
;HEIGHT:1.5
;BEFORE_LAYER_CHANGE
;106
G92 E0

EXCLUDE_OBJECT_END NAME=Cube_id_0_copy_0
;AFTER_LAYER_CHANGE
;106
;_SET_FAN_SPEED_CHANGING_LAYER
; printing object Cube id:0 copy 0
;WIPE_START
G1 F600
G1 X250.49 Y262.593 E-30
;WIPE_END
EXCLUDE_OBJECT_START NAME=Cube_id_0_copy_0
G1 Z107 F15000
G1 X248.044 Y248.044 Z107
G1 Z106
G1 E40 F9000
;TYPE:Outer wall
;WIDTH:3.2
G1 F2779.615
G1 X751.956 Y248.044 E2175.45813
G1 X751.956 Y751.956 E2175.45813
G1 F2760
G1 X248.044 Y751.956 E2175.4585
G1 X248.044 Y248.344 E2174.16299
;WIPE_START
G1 F600
G1 X258.044 Y248.338 E-30
;WIPE_END
G1 Z107 F15000
G1 X250.49 Y272.593 Z107
G1 Z106
G1 E40 F9000
;TYPE:Sparse infill
;WIDTH:3.2
G1 F2779.614
G1 X250.49 Y261.08 E49.70059
G1 F2760
G1 X261.08 Y250.49 E64.65527
G1 X250.49 Y250.49 E45.71822
G1 X749.51 Y749.51 E3046.69043
G1 X738.92 Y749.51 E45.71823
M73 P26 R712
G1 X749.51 Y738.92 E64.65527
G1 X749.51 Y727.407 E49.70059
;WIPE_START
G1 F600
G1 X749.51 Y737.407 E-30
;WIPE_END
G1 Z107 F15000
G1 X564.597 Y749.51 Z107
G1 Z106
G1 E40 F9000
G1 F2779.614
G1 X576.11 Y749.51 E49.70059
G1 F2760
G1 X749.51 Y576.11 E1058.66699
G1 X749.51 Y586.7 E45.71813
G1 X413.3 Y250.49 E2052.67871
G1 X423.89 Y250.49 E45.71875
G1 X250.49 Y423.89 E1058.66711
G1 X250.49 Y413.3 E45.71875
G1 X586.7 Y749.51 E2052.67889
G1 X598.212 Y749.51 E49.70059
;WIPE_START
G1 F600
G1 X588.212 Y749.51 E-30
;WIPE_END
G1 Z107 F15000
G1 X401.788 Y749.51 Z107
G1 Z106
G1 E40 F9000
G1 F2779.614
G1 F2760
G1 X413.3 Y749.51 E49.70117
G1 X749.51 Y413.3 E2052.6789
G1 X749.51 Y423.89 E45.71875
M73 P26 R711
G1 X576.11 Y250.49 E1058.66712
G1 X586.7 Y250.49 E45.71875
G1 X250.49 Y586.7 E2052.67888
G1 X250.49 Y576.11 E45.71875
G1 X423.89 Y749.51 E1058.66712
G1 X435.402 Y749.51 E49.70059
;WIPE_START
G1 F600
G1 X425.402 Y749.51 E-30
;WIPE_END
G1 Z107 F15000
G1 X272.593 Y749.51 Z107
G1 Z106
G1 E40 F9000
G1 F2779.614
G1 X261.08 Y749.51 E49.70059
G1 F2760
G1 X250.49 Y738.92 E64.65625
G1 X250.49 Y749.51 E45.71875
G1 X749.51 Y250.49 E3046.69015
G1 X749.51 Y261.08 E45.71875
G1 X738.92 Y250.49 E64.65625
G1 X727.407 Y250.49 E49.70059
; stop printing object Cube id:0 copy 0
;LAYER_CHANGE
;Z:107.5
;HEIGHT:1.5
;BEFORE_LAYER_CHANGE
;107.5
G92 E0

EXCLUDE_OBJECT_END NAME=Cube_id_0_copy_0
;AFTER_LAYER_CHANGE
;107.5
;_SET_FAN_SPEED_CHANGING_LAYER
; printing object Cube id:0 copy 0
;WIPE_START
G1 F600
G1 X737.407 Y250.49 E-30
;WIPE_END
EXCLUDE_OBJECT_START NAME=Cube_id_0_copy_0
G1 Z108.5 F15000
G1 X751.956 Y248.044 Z108.5
G1 Z107.5
G1 E40 F9000
;TYPE:Outer wall
;WIDTH:3.2
G1 F2779.615
G1 X751.956 Y751.956 E2175.45813
G1 X248.044 Y751.956 E2175.45813
G1 F2760
M73 P26 R710
G1 X248.044 Y248.044 E2175.4585
G1 X751.656 Y248.044 E2174.16299
;WIPE_START
G1 F600
G1 X751.662 Y258.044 E-30
;WIPE_END
G1 Z108.5 F15000
G1 X727.407 Y250.49 Z108.5
G1 Z107.5
G1 E40 F9000
;TYPE:Sparse infill
;WIDTH:3.2
G1 F2779.614
G1 X738.92 Y250.49 E49.70059
G1 F2760
G1 X749.51 Y261.08 E64.65527
G1 X749.51 Y250.49 E45.71788
G1 X250.49 Y749.51 E3046.69043
G1 X250.49 Y738.92 E45.71786
G1 X261.08 Y749.51 E64.65527
G1 X272.593 Y749.51 E49.70059
;WIPE_START
G1 F600
G1 X262.593 Y749.51 E-30
;WIPE_END
G1 Z108.5 F15000
G1 X435.402 Y749.51 Z108.5
G1 Z107.5
G1 E40 F9000
G1 F2779.614
G1 F2760
G1 X423.89 Y749.51 E49.7002
G1 X250.49 Y576.11 E1058.66699
G1 X250.49 Y586.7 E45.71798
G1 X586.7 Y250.49 E2052.67871
G1 X576.11 Y250.49 E45.71875
M73 P26 R709
G1 X749.51 Y423.89 E1058.66712
G1 X749.51 Y413.3 E45.71875
G1 X413.3 Y749.51 E2052.6789
G1 X401.788 Y749.51 E49.70059
M73 P27 R709
;WIPE_START
G1 F600
G1 X411.788 Y749.51 E-30
;WIPE_END
G1 Z108.5 F15000
G1 X598.212 Y749.51 Z108.5
G1 Z107.5
G1 E40 F9000
G1 F2779.614
G1 F2760
G1 X586.7 Y749.51 E49.70117
G1 X250.49 Y413.3 E2052.67889
G1 X250.49 Y423.89 E45.71875
G1 X423.89 Y250.49 E1058.66711
G1 X413.3 Y250.49 E45.71875
G1 X749.51 Y586.7 E2052.6789
G1 X749.51 Y576.11 E45.71875
G1 X576.11 Y749.51 E1058.66713
G1 X564.597 Y749.51 E49.70059
M73 P27 R708
;WIPE_START
G1 F600
G1 X574.597 Y749.51 E-30
;WIPE_END
G1 Z108.5 F15000
G1 X749.51 Y727.407 Z108.5
G1 Z107.5
G1 E40 F9000
G1 F2779.614
G1 X749.51 Y738.92 E49.70059
G1 F2760
G1 X738.92 Y749.51 E64.65625
G1 X749.51 Y749.51 E45.71875
G1 X250.49 Y250.49 E3046.69065
G1 X261.08 Y250.49 E45.71875
G1 X250.49 Y261.08 E64.65625
G1 X250.49 Y272.593 E49.70059
; stop printing object Cube id:0 copy 0
;LAYER_CHANGE
;Z:109
;HEIGHT:1.5
;BEFORE_LAYER_CHANGE
;109
G92 E0

EXCLUDE_OBJECT_END NAME=Cube_id_0_copy_0
;AFTER_LAYER_CHANGE
;109
;_SET_FAN_SPEED_CHANGING_LAYER
; printing object Cube id:0 copy 0
;WIPE_START
G1 F600
G1 X250.49 Y262.593 E-30
;WIPE_END
EXCLUDE_OBJECT_START NAME=Cube_id_0_copy_0
G1 Z110 F15000
G1 X248.044 Y248.044 Z110
G1 Z109
G1 E40 F9000
;TYPE:Outer wall
;WIDTH:3.2
G1 F2779.615
G1 X751.956 Y248.044 E2175.45813
G1 X751.956 Y751.956 E2175.45813
G1 F2760
G1 X248.044 Y751.956 E2175.4585
G1 X248.044 Y248.344 E2174.16299
;WIPE_START
G1 F600
M73 P27 R707
G1 X258.044 Y248.338 E-30
;WIPE_END
G1 Z110 F15000
G1 X250.49 Y272.593 Z110
G1 Z109
G1 E40 F9000
;TYPE:Sparse infill
;WIDTH:3.2
G1 F2779.614
G1 X250.49 Y261.08 E49.70059
G1 F2760
G1 X261.08 Y250.49 E64.65527
G1 X250.49 Y250.49 E45.71822
G1 X749.51 Y749.51 E3046.69043
G1 X738.92 Y749.51 E45.71823
G1 X749.51 Y738.92 E64.65527
G1 X749.51 Y727.407 E49.70059
;WIPE_START
G1 F600
G1 X749.51 Y737.407 E-30
;WIPE_END
G1 Z110 F15000
G1 X564.597 Y749.51 Z110
G1 Z109
G1 E40 F9000
G1 F2779.614
G1 X576.11 Y749.51 E49.70059
G1 F2760
G1 X749.51 Y576.11 E1058.66699
G1 X749.51 Y586.7 E45.71813
G1 X413.3 Y250.49 E2052.67871
G1 X423.89 Y250.49 E45.71875
G1 X250.49 Y423.89 E1058.66711
G1 X250.49 Y413.3 E45.71875
G1 X586.7 Y749.51 E2052.67889
G1 X598.212 Y749.51 E49.70059
M73 P27 R706
;WIPE_START
G1 F600
G1 X588.212 Y749.51 E-30
;WIPE_END
G1 Z110 F15000
G1 X401.788 Y749.51 Z110
G1 Z109
G1 E40 F9000
G1 F2779.614
G1 F2760
G1 X413.3 Y749.51 E49.70117
G1 X749.51 Y413.3 E2052.6789
G1 X749.51 Y423.89 E45.71875
G1 X576.11 Y250.49 E1058.66712
G1 X586.7 Y250.49 E45.71875
G1 X250.49 Y586.7 E2052.67888
G1 X250.49 Y576.11 E45.71875
G1 X423.89 Y749.51 E1058.66712
G1 X435.402 Y749.51 E49.70059
;WIPE_START
G1 F600
G1 X425.402 Y749.51 E-30
;WIPE_END
G1 Z110 F15000
G1 X272.593 Y749.51 Z110
G1 Z109
G1 E40 F9000
G1 F2779.614
G1 X261.08 Y749.51 E49.70059
G1 F2760
G1 X250.49 Y738.92 E64.65625
G1 X250.49 Y749.51 E45.71875
G1 X749.51 Y250.49 E3046.69015
G1 X749.51 Y261.08 E45.71875
M73 P27 R705
G1 X738.92 Y250.49 E64.65625
G1 X727.407 Y250.49 E49.70059
; stop printing object Cube id:0 copy 0
;LAYER_CHANGE
;Z:110.5
;HEIGHT:1.5
;BEFORE_LAYER_CHANGE
;110.5
G92 E0

EXCLUDE_OBJECT_END NAME=Cube_id_0_copy_0
;AFTER_LAYER_CHANGE
;110.5
;_SET_FAN_SPEED_CHANGING_LAYER
; printing object Cube id:0 copy 0
;WIPE_START
G1 F600
G1 X737.407 Y250.49 E-30
;WIPE_END
EXCLUDE_OBJECT_START NAME=Cube_id_0_copy_0
G1 Z111.5 F15000
G1 X751.956 Y248.044 Z111.5
G1 Z110.5
G1 E40 F9000
;TYPE:Outer wall
;WIDTH:3.2
G1 F2779.615
G1 X751.956 Y751.956 E2175.45813
G1 X248.044 Y751.956 E2175.45813
G1 F2760
G1 X248.044 Y248.044 E2175.4585
G1 X751.656 Y248.044 E2174.16299
;WIPE_START
G1 F600
G1 X751.662 Y258.044 E-30
;WIPE_END
G1 Z111.5 F15000
G1 X727.407 Y250.49 Z111.5
G1 Z110.5
G1 E40 F9000
;TYPE:Sparse infill
;WIDTH:3.2
G1 F2779.614
G1 X738.92 Y250.49 E49.70059
G1 F2760
G1 X749.51 Y261.08 E64.65527
G1 X749.51 Y250.49 E45.71788
G1 X250.49 Y749.51 E3046.69043
G1 X250.49 Y738.92 E45.71786
M73 P27 R704
G1 X261.08 Y749.51 E64.65527
G1 X272.593 Y749.51 E49.70059
;WIPE_START
G1 F600
G1 X262.593 Y749.51 E-30
;WIPE_END
G1 Z111.5 F15000
G1 X435.402 Y749.51 Z111.5
G1 Z110.5
G1 E40 F9000
G1 F2779.614
G1 F2760
G1 X423.89 Y749.51 E49.7002
G1 X250.49 Y576.11 E1058.66699
G1 X250.49 Y586.7 E45.71798
G1 X586.7 Y250.49 E2052.67871
G1 X576.11 Y250.49 E45.71875
G1 X749.51 Y423.89 E1058.66712
G1 X749.51 Y413.3 E45.71875
G1 X413.3 Y749.51 E2052.6789
G1 X401.788 Y749.51 E49.70059
;WIPE_START
G1 F600
G1 X411.788 Y749.51 E-30
;WIPE_END
G1 Z111.5 F15000
G1 X598.212 Y749.51 Z111.5
G1 Z110.5
G1 E40 F9000
G1 F2779.614
G1 F2760
G1 X586.7 Y749.51 E49.70117
G1 X250.49 Y413.3 E2052.67889
G1 X250.49 Y423.89 E45.71875
M73 P27 R703
G1 X423.89 Y250.49 E1058.66711
G1 X413.3 Y250.49 E45.71875
G1 X749.51 Y586.7 E2052.6789
G1 X749.51 Y576.11 E45.71875
G1 X576.11 Y749.51 E1058.66713
G1 X564.597 Y749.51 E49.70059
;WIPE_START
G1 F600
G1 X574.597 Y749.51 E-30
;WIPE_END
G1 Z111.5 F15000
G1 X749.51 Y727.407 Z111.5
G1 Z110.5
G1 E40 F9000
G1 F2779.614
G1 X749.51 Y738.92 E49.70059
G1 F2760
G1 X738.92 Y749.51 E64.65625
G1 X749.51 Y749.51 E45.71875
G1 X250.49 Y250.49 E3046.69065
G1 X261.08 Y250.49 E45.71875
G1 X250.49 Y261.08 E64.65625
G1 X250.49 Y272.593 E49.70059
; stop printing object Cube id:0 copy 0
;LAYER_CHANGE
;Z:112
;HEIGHT:1.5
;BEFORE_LAYER_CHANGE
;112
G92 E0

EXCLUDE_OBJECT_END NAME=Cube_id_0_copy_0
;AFTER_LAYER_CHANGE
;112
;_SET_FAN_SPEED_CHANGING_LAYER
; printing object Cube id:0 copy 0
;WIPE_START
G1 F600
G1 X250.49 Y262.593 E-30
;WIPE_END
EXCLUDE_OBJECT_START NAME=Cube_id_0_copy_0
G1 Z113 F15000
G1 X248.044 Y248.044 Z113
G1 Z112
G1 E40 F9000
;TYPE:Outer wall
;WIDTH:3.2
G1 F2779.615
G1 X751.956 Y248.044 E2175.45813
G1 X751.956 Y751.956 E2175.45813
G1 F2760
M73 P27 R702
G1 X248.044 Y751.956 E2175.4585
G1 X248.044 Y248.344 E2174.16299
;WIPE_START
G1 F600
G1 X258.044 Y248.338 E-30
;WIPE_END
G1 Z113 F15000
G1 X250.49 Y272.593 Z113
G1 Z112
G1 E40 F9000
;TYPE:Sparse infill
;WIDTH:3.2
G1 F2779.614
G1 X250.49 Y261.08 E49.70059
G1 F2760
G1 X261.08 Y250.49 E64.65527
G1 X250.49 Y250.49 E45.71822
G1 X749.51 Y749.51 E3046.69043
G1 X738.92 Y749.51 E45.71823
G1 X749.51 Y738.92 E64.65527
G1 X749.51 Y727.407 E49.70059
;WIPE_START
G1 F600
G1 X749.51 Y737.407 E-30
;WIPE_END
G1 Z113 F15000
G1 X564.597 Y749.51 Z113
G1 Z112
G1 E40 F9000
G1 F2779.614
G1 X576.11 Y749.51 E49.70059
G1 F2760
G1 X749.51 Y576.11 E1058.66699
G1 X749.51 Y586.7 E45.71813
G1 X413.3 Y250.49 E2052.67871
G1 X423.89 Y250.49 E45.71875
M73 P27 R701
G1 X250.49 Y423.89 E1058.66711
G1 X250.49 Y413.3 E45.71875
G1 X586.7 Y749.51 E2052.67889
G1 X598.212 Y749.51 E49.70059
;WIPE_START
G1 F600
G1 X588.212 Y749.51 E-30
;WIPE_END
G1 Z113 F15000
G1 X401.788 Y749.51 Z113
G1 Z112
G1 E40 F9000
G1 F2779.614
G1 F2760
G1 X413.3 Y749.51 E49.70117
G1 X749.51 Y413.3 E2052.6789
G1 X749.51 Y423.89 E45.71875
G1 X576.11 Y250.49 E1058.66712
G1 X586.7 Y250.49 E45.71875
G1 X250.49 Y586.7 E2052.67888
G1 X250.49 Y576.11 E45.71875
G1 X423.89 Y749.51 E1058.66712
G1 X435.402 Y749.51 E49.70059
M73 P27 R700
;WIPE_START
G1 F600
G1 X425.402 Y749.51 E-30
;WIPE_END
G1 Z113 F15000
G1 X272.593 Y749.51 Z113
G1 Z112
G1 E40 F9000
G1 F2779.614
G1 X261.08 Y749.51 E49.70059
G1 F2760
G1 X250.49 Y738.92 E64.65625
G1 X250.49 Y749.51 E45.71875
G1 X749.51 Y250.49 E3046.69015
G1 X749.51 Y261.08 E45.71875
G1 X738.92 Y250.49 E64.65625
G1 X727.407 Y250.49 E49.70059
; stop printing object Cube id:0 copy 0
;LAYER_CHANGE
;Z:113.5
;HEIGHT:1.5
;BEFORE_LAYER_CHANGE
;113.5
G92 E0

EXCLUDE_OBJECT_END NAME=Cube_id_0_copy_0
;AFTER_LAYER_CHANGE
;113.5
;_SET_FAN_SPEED_CHANGING_LAYER
; printing object Cube id:0 copy 0
;WIPE_START
G1 F600
G1 X737.407 Y250.49 E-30
;WIPE_END
EXCLUDE_OBJECT_START NAME=Cube_id_0_copy_0
G1 Z114.5 F15000
G1 X751.956 Y248.044 Z114.5
G1 Z113.5
G1 E40 F9000
;TYPE:Outer wall
;WIDTH:3.2
G1 F2779.615
G1 X751.956 Y751.956 E2175.45813
G1 X248.044 Y751.956 E2175.45813
G1 F2760
G1 X248.044 Y248.044 E2175.4585
G1 X751.656 Y248.044 E2174.16299
;WIPE_START
G1 F600
M73 P28 R699
G1 X751.662 Y258.044 E-30
;WIPE_END
G1 Z114.5 F15000
G1 X727.407 Y250.49 Z114.5
G1 Z113.5
G1 E40 F9000
;TYPE:Sparse infill
;WIDTH:3.2
G1 F2779.614
G1 X738.92 Y250.49 E49.70059
G1 F2760
G1 X749.51 Y261.08 E64.65527
G1 X749.51 Y250.49 E45.71788
G1 X250.49 Y749.51 E3046.69043
G1 X250.49 Y738.92 E45.71786
G1 X261.08 Y749.51 E64.65527
G1 X272.593 Y749.51 E49.70059
;WIPE_START
G1 F600
G1 X262.593 Y749.51 E-30
;WIPE_END
G1 Z114.5 F15000
G1 X435.402 Y749.51 Z114.5
G1 Z113.5
G1 E40 F9000
G1 F2779.614
G1 F2760
G1 X423.89 Y749.51 E49.7002
G1 X250.49 Y576.11 E1058.66699
G1 X250.49 Y586.7 E45.71798
G1 X586.7 Y250.49 E2052.67871
G1 X576.11 Y250.49 E45.71875
G1 X749.51 Y423.89 E1058.66712
G1 X749.51 Y413.3 E45.71875
G1 X413.3 Y749.51 E2052.6789
G1 X401.788 Y749.51 E49.70059
M73 P28 R698
;WIPE_START
G1 F600
G1 X411.788 Y749.51 E-30
;WIPE_END
G1 Z114.5 F15000
G1 X598.212 Y749.51 Z114.5
G1 Z113.5
G1 E40 F9000
G1 F2779.614
G1 F2760
G1 X586.7 Y749.51 E49.70117
G1 X250.49 Y413.3 E2052.67889
G1 X250.49 Y423.89 E45.71875
G1 X423.89 Y250.49 E1058.66711
G1 X413.3 Y250.49 E45.71875
G1 X749.51 Y586.7 E2052.6789
G1 X749.51 Y576.11 E45.71875
G1 X576.11 Y749.51 E1058.66713
G1 X564.597 Y749.51 E49.70059
;WIPE_START
G1 F600
G1 X574.597 Y749.51 E-30
;WIPE_END
G1 Z114.5 F15000
G1 X749.51 Y727.407 Z114.5
G1 Z113.5
G1 E40 F9000
G1 F2779.614
G1 X749.51 Y738.92 E49.70059
G1 F2760
G1 X738.92 Y749.51 E64.65625
G1 X749.51 Y749.51 E45.71875
G1 X250.49 Y250.49 E3046.69065
G1 X261.08 Y250.49 E45.71875
M73 P28 R697
G1 X250.49 Y261.08 E64.65625
G1 X250.49 Y272.593 E49.70059
; stop printing object Cube id:0 copy 0
;LAYER_CHANGE
;Z:115
;HEIGHT:1.5
;BEFORE_LAYER_CHANGE
;115
G92 E0

EXCLUDE_OBJECT_END NAME=Cube_id_0_copy_0
;AFTER_LAYER_CHANGE
;115
;_SET_FAN_SPEED_CHANGING_LAYER
; printing object Cube id:0 copy 0
;WIPE_START
G1 F600
G1 X250.49 Y262.593 E-30
;WIPE_END
EXCLUDE_OBJECT_START NAME=Cube_id_0_copy_0
G1 Z116 F15000
G1 X248.044 Y248.044 Z116
G1 Z115
G1 E40 F9000
;TYPE:Outer wall
;WIDTH:3.2
G1 F2779.615
G1 X751.956 Y248.044 E2175.45813
G1 X751.956 Y751.956 E2175.45813
G1 F2760
G1 X248.044 Y751.956 E2175.4585
G1 X248.044 Y248.344 E2174.16299
;WIPE_START
G1 F600
G1 X258.044 Y248.338 E-30
;WIPE_END
G1 Z116 F15000
G1 X250.49 Y272.593 Z116
G1 Z115
G1 E40 F9000
;TYPE:Sparse infill
;WIDTH:3.2
G1 F2779.614
G1 X250.49 Y261.08 E49.70059
G1 F2760
G1 X261.08 Y250.49 E64.65527
G1 X250.49 Y250.49 E45.71822
G1 X749.51 Y749.51 E3046.69043
G1 X738.92 Y749.51 E45.71823
M73 P28 R696
G1 X749.51 Y738.92 E64.65527
G1 X749.51 Y727.407 E49.70059
;WIPE_START
G1 F600
G1 X749.51 Y737.407 E-30
;WIPE_END
G1 Z116 F15000
G1 X564.597 Y749.51 Z116
G1 Z115
G1 E40 F9000
G1 F2779.614
G1 X576.11 Y749.51 E49.70059
G1 F2760
G1 X749.51 Y576.11 E1058.66699
G1 X749.51 Y586.7 E45.71813
G1 X413.3 Y250.49 E2052.67871
G1 X423.89 Y250.49 E45.71875
G1 X250.49 Y423.89 E1058.66711
G1 X250.49 Y413.3 E45.71875
G1 X586.7 Y749.51 E2052.67889
G1 X598.212 Y749.51 E49.70059
;WIPE_START
G1 F600
G1 X588.212 Y749.51 E-30
;WIPE_END
G1 Z116 F15000
G1 X401.788 Y749.51 Z116
G1 Z115
G1 E40 F9000
G1 F2779.614
G1 F2760
G1 X413.3 Y749.51 E49.70117
G1 X749.51 Y413.3 E2052.6789
G1 X749.51 Y423.89 E45.71875
M73 P28 R695
G1 X576.11 Y250.49 E1058.66712
G1 X586.7 Y250.49 E45.71875
G1 X250.49 Y586.7 E2052.67888
G1 X250.49 Y576.11 E45.71875
G1 X423.89 Y749.51 E1058.66712
G1 X435.402 Y749.51 E49.70059
;WIPE_START
G1 F600
G1 X425.402 Y749.51 E-30
;WIPE_END
G1 Z116 F15000
G1 X272.593 Y749.51 Z116
G1 Z115
G1 E40 F9000
G1 F2779.614
G1 X261.08 Y749.51 E49.70059
G1 F2760
G1 X250.49 Y738.92 E64.65625
G1 X250.49 Y749.51 E45.71875
G1 X749.51 Y250.49 E3046.69015
G1 X749.51 Y261.08 E45.71875
G1 X738.92 Y250.49 E64.65625
G1 X727.407 Y250.49 E49.70059
; stop printing object Cube id:0 copy 0
;LAYER_CHANGE
;Z:116.5
;HEIGHT:1.5
;BEFORE_LAYER_CHANGE
;116.5
G92 E0

EXCLUDE_OBJECT_END NAME=Cube_id_0_copy_0
;AFTER_LAYER_CHANGE
;116.5
;_SET_FAN_SPEED_CHANGING_LAYER
; printing object Cube id:0 copy 0
;WIPE_START
G1 F600
G1 X737.407 Y250.49 E-30
;WIPE_END
EXCLUDE_OBJECT_START NAME=Cube_id_0_copy_0
G1 Z117.5 F15000
G1 X751.956 Y248.044 Z117.5
G1 Z116.5
G1 E40 F9000
;TYPE:Outer wall
;WIDTH:3.2
G1 F2779.615
G1 X751.956 Y751.956 E2175.45813
G1 X248.044 Y751.956 E2175.45813
G1 F2760
M73 P28 R694
G1 X248.044 Y248.044 E2175.4585
G1 X751.656 Y248.044 E2174.16299
;WIPE_START
G1 F600
G1 X751.662 Y258.044 E-30
;WIPE_END
G1 Z117.5 F15000
G1 X727.407 Y250.49 Z117.5
G1 Z116.5
G1 E40 F9000
;TYPE:Sparse infill
;WIDTH:3.2
G1 F2779.614
G1 X738.92 Y250.49 E49.70059
G1 F2760
G1 X749.51 Y261.08 E64.65527
G1 X749.51 Y250.49 E45.71788
G1 X250.49 Y749.51 E3046.69043
G1 X250.49 Y738.92 E45.71786
G1 X261.08 Y749.51 E64.65527
G1 X272.593 Y749.51 E49.70059
;WIPE_START
G1 F600
G1 X262.593 Y749.51 E-30
;WIPE_END
G1 Z117.5 F15000
G1 X435.402 Y749.51 Z117.5
G1 Z116.5
G1 E40 F9000
G1 F2779.614
G1 F2760
G1 X423.89 Y749.51 E49.7002
G1 X250.49 Y576.11 E1058.66699
G1 X250.49 Y586.7 E45.71798
G1 X586.7 Y250.49 E2052.67871
G1 X576.11 Y250.49 E45.71875
M73 P28 R693
G1 X749.51 Y423.89 E1058.66712
G1 X749.51 Y413.3 E45.71875
G1 X413.3 Y749.51 E2052.6789
G1 X401.788 Y749.51 E49.70059
;WIPE_START
G1 F600
G1 X411.788 Y749.51 E-30
;WIPE_END
G1 Z117.5 F15000
G1 X598.212 Y749.51 Z117.5
G1 Z116.5
G1 E40 F9000
G1 F2779.614
G1 F2760
G1 X586.7 Y749.51 E49.70117
G1 X250.49 Y413.3 E2052.67889
G1 X250.49 Y423.89 E45.71875
G1 X423.89 Y250.49 E1058.66711
G1 X413.3 Y250.49 E45.71875
G1 X749.51 Y586.7 E2052.6789
G1 X749.51 Y576.11 E45.71875
G1 X576.11 Y749.51 E1058.66713
G1 X564.597 Y749.51 E49.70059
M73 P28 R692
;WIPE_START
G1 F600
G1 X574.597 Y749.51 E-30
;WIPE_END
G1 Z117.5 F15000
G1 X749.51 Y727.407 Z117.5
G1 Z116.5
G1 E40 F9000
G1 F2779.614
G1 X749.51 Y738.92 E49.70059
G1 F2760
G1 X738.92 Y749.51 E64.65625
G1 X749.51 Y749.51 E45.71875
G1 X250.49 Y250.49 E3046.69065
G1 X261.08 Y250.49 E45.71875
G1 X250.49 Y261.08 E64.65625
G1 X250.49 Y272.593 E49.70059
; stop printing object Cube id:0 copy 0
;LAYER_CHANGE
;Z:118
;HEIGHT:1.5
;BEFORE_LAYER_CHANGE
;118
G92 E0

EXCLUDE_OBJECT_END NAME=Cube_id_0_copy_0
;AFTER_LAYER_CHANGE
;118
;_SET_FAN_SPEED_CHANGING_LAYER
; printing object Cube id:0 copy 0
;WIPE_START
G1 F600
G1 X250.49 Y262.593 E-30
;WIPE_END
EXCLUDE_OBJECT_START NAME=Cube_id_0_copy_0
G1 Z119 F15000
G1 X248.044 Y248.044 Z119
G1 Z118
G1 E40 F9000
;TYPE:Outer wall
;WIDTH:3.2
G1 F2779.615
G1 X751.956 Y248.044 E2175.45813
G1 X751.956 Y751.956 E2175.45813
G1 F2760
G1 X248.044 Y751.956 E2175.4585
G1 X248.044 Y248.344 E2174.16299
;WIPE_START
G1 F600
M73 P28 R691
G1 X258.044 Y248.338 E-30
;WIPE_END
G1 Z119 F15000
G1 X250.49 Y272.593 Z119
G1 Z118
G1 E40 F9000
;TYPE:Sparse infill
;WIDTH:3.2
G1 F2779.614
G1 X250.49 Y261.08 E49.70059
G1 F2760
G1 X261.08 Y250.49 E64.65527
G1 X250.49 Y250.49 E45.71822
G1 X749.51 Y749.51 E3046.69043
G1 X738.92 Y749.51 E45.71823
G1 X749.51 Y738.92 E64.65527
G1 X749.51 Y727.407 E49.70059
;WIPE_START
G1 F600
G1 X749.51 Y737.407 E-30
;WIPE_END
G1 Z119 F15000
G1 X564.597 Y749.51 Z119
G1 Z118
G1 E40 F9000
G1 F2779.614
G1 X576.11 Y749.51 E49.70059
G1 F2760
G1 X749.51 Y576.11 E1058.66699
G1 X749.51 Y586.7 E45.71813
G1 X413.3 Y250.49 E2052.67871
G1 X423.89 Y250.49 E45.71875
G1 X250.49 Y423.89 E1058.66711
G1 X250.49 Y413.3 E45.71875
G1 X586.7 Y749.51 E2052.67889
G1 X598.212 Y749.51 E49.70059
M73 P28 R690
;WIPE_START
G1 F600
G1 X588.212 Y749.51 E-30
;WIPE_END
G1 Z119 F15000
G1 X401.788 Y749.51 Z119
G1 Z118
G1 E40 F9000
G1 F2779.614
G1 F2760
G1 X413.3 Y749.51 E49.70117
G1 X749.51 Y413.3 E2052.6789
G1 X749.51 Y423.89 E45.71875
G1 X576.11 Y250.49 E1058.66712
G1 X586.7 Y250.49 E45.71875
G1 X250.49 Y586.7 E2052.67888
G1 X250.49 Y576.11 E45.71875
G1 X423.89 Y749.51 E1058.66712
G1 X435.402 Y749.51 E49.70059
;WIPE_START
G1 F600
G1 X425.402 Y749.51 E-30
;WIPE_END
G1 Z119 F15000
G1 X272.593 Y749.51 Z119
G1 Z118
G1 E40 F9000
G1 F2779.614
G1 X261.08 Y749.51 E49.70059
G1 F2760
G1 X250.49 Y738.92 E64.65625
G1 X250.49 Y749.51 E45.71875
G1 X749.51 Y250.49 E3046.69015
G1 X749.51 Y261.08 E45.71875
M73 P29 R689
G1 X738.92 Y250.49 E64.65625
G1 X727.407 Y250.49 E49.70059
; stop printing object Cube id:0 copy 0
;LAYER_CHANGE
;Z:119.5
;HEIGHT:1.5
;BEFORE_LAYER_CHANGE
;119.5
G92 E0

EXCLUDE_OBJECT_END NAME=Cube_id_0_copy_0
;AFTER_LAYER_CHANGE
;119.5
;_SET_FAN_SPEED_CHANGING_LAYER
; printing object Cube id:0 copy 0
;WIPE_START
G1 F600
G1 X737.407 Y250.49 E-30
;WIPE_END
EXCLUDE_OBJECT_START NAME=Cube_id_0_copy_0
G1 Z120.5 F15000
G1 X751.956 Y248.044 Z120.5
G1 Z119.5
G1 E40 F9000
;TYPE:Outer wall
;WIDTH:3.2
G1 F2779.615
G1 X751.956 Y751.956 E2175.45813
G1 X248.044 Y751.956 E2175.45813
G1 F2760
G1 X248.044 Y248.044 E2175.4585
G1 X751.656 Y248.044 E2174.16299
;WIPE_START
G1 F600
G1 X751.662 Y258.044 E-30
;WIPE_END
G1 Z120.5 F15000
G1 X727.407 Y250.49 Z120.5
G1 Z119.5
G1 E40 F9000
;TYPE:Sparse infill
;WIDTH:3.2
G1 F2779.614
G1 X738.92 Y250.49 E49.70059
G1 F2760
G1 X749.51 Y261.08 E64.65527
G1 X749.51 Y250.49 E45.71788
G1 X250.49 Y749.51 E3046.69043
G1 X250.49 Y738.92 E45.71786
M73 P29 R688
G1 X261.08 Y749.51 E64.65527
G1 X272.593 Y749.51 E49.70059
;WIPE_START
G1 F600
G1 X262.593 Y749.51 E-30
;WIPE_END
G1 Z120.5 F15000
G1 X435.402 Y749.51 Z120.5
G1 Z119.5
G1 E40 F9000
G1 F2779.614
G1 F2760
G1 X423.89 Y749.51 E49.7002
G1 X250.49 Y576.11 E1058.66699
G1 X250.49 Y586.7 E45.71798
G1 X586.7 Y250.49 E2052.67871
G1 X576.11 Y250.49 E45.71875
G1 X749.51 Y423.89 E1058.66712
G1 X749.51 Y413.3 E45.71875
G1 X413.3 Y749.51 E2052.6789
G1 X401.788 Y749.51 E49.70059
;WIPE_START
G1 F600
G1 X411.788 Y749.51 E-30
;WIPE_END
G1 Z120.5 F15000
G1 X598.212 Y749.51 Z120.5
G1 Z119.5
G1 E40 F9000
G1 F2779.614
G1 F2760
G1 X586.7 Y749.51 E49.70117
G1 X250.49 Y413.3 E2052.67889
G1 X250.49 Y423.89 E45.71875
G1 X423.89 Y250.49 E1058.66711
M73 P29 R687
G1 X413.3 Y250.49 E45.71875
G1 X749.51 Y586.7 E2052.6789
G1 X749.51 Y576.11 E45.71875
G1 X576.11 Y749.51 E1058.66713
G1 X564.597 Y749.51 E49.70059
;WIPE_START
G1 F600
G1 X574.597 Y749.51 E-30
;WIPE_END
G1 Z120.5 F15000
G1 X749.51 Y727.407 Z120.5
G1 Z119.5
G1 E40 F9000
G1 F2779.614
G1 X749.51 Y738.92 E49.70059
G1 F2760
G1 X738.92 Y749.51 E64.65625
G1 X749.51 Y749.51 E45.71875
G1 X250.49 Y250.49 E3046.69065
G1 X261.08 Y250.49 E45.71875
G1 X250.49 Y261.08 E64.65625
G1 X250.49 Y272.593 E49.70059
; stop printing object Cube id:0 copy 0
;LAYER_CHANGE
;Z:121
;HEIGHT:1.5
;BEFORE_LAYER_CHANGE
;121
G92 E0

EXCLUDE_OBJECT_END NAME=Cube_id_0_copy_0
;AFTER_LAYER_CHANGE
;121
;_SET_FAN_SPEED_CHANGING_LAYER
; printing object Cube id:0 copy 0
;WIPE_START
G1 F600
G1 X250.49 Y262.593 E-30
;WIPE_END
EXCLUDE_OBJECT_START NAME=Cube_id_0_copy_0
G1 Z122 F15000
G1 X248.044 Y248.044 Z122
G1 Z121
G1 E40 F9000
;TYPE:Outer wall
;WIDTH:3.2
G1 F2779.615
G1 X751.956 Y248.044 E2175.45813
G1 X751.956 Y751.956 E2175.45813
G1 F2760
M73 P29 R686
G1 X248.044 Y751.956 E2175.4585
G1 X248.044 Y248.344 E2174.16299
;WIPE_START
G1 F600
G1 X258.044 Y248.338 E-30
;WIPE_END
G1 Z122 F15000
G1 X250.49 Y272.593 Z122
G1 Z121
G1 E40 F9000
;TYPE:Sparse infill
;WIDTH:3.2
G1 F2779.614
G1 X250.49 Y261.08 E49.70059
G1 F2760
G1 X261.08 Y250.49 E64.65527
G1 X250.49 Y250.49 E45.71822
G1 X749.51 Y749.51 E3046.69043
G1 X738.92 Y749.51 E45.71823
G1 X749.51 Y738.92 E64.65527
G1 X749.51 Y727.407 E49.70059
;WIPE_START
G1 F600
G1 X749.51 Y737.407 E-30
;WIPE_END
G1 Z122 F15000
G1 X564.597 Y749.51 Z122
G1 Z121
G1 E40 F9000
G1 F2779.614
G1 X576.11 Y749.51 E49.70059
G1 F2760
G1 X749.51 Y576.11 E1058.66699
G1 X749.51 Y586.7 E45.71813
G1 X413.3 Y250.49 E2052.67871
G1 X423.89 Y250.49 E45.71875
M73 P29 R685
G1 X250.49 Y423.89 E1058.66711
G1 X250.49 Y413.3 E45.71875
G1 X586.7 Y749.51 E2052.67889
G1 X598.212 Y749.51 E49.70059
;WIPE_START
G1 F600
G1 X588.212 Y749.51 E-30
;WIPE_END
G1 Z122 F15000
G1 X401.788 Y749.51 Z122
G1 Z121
G1 E40 F9000
G1 F2779.614
G1 F2760
G1 X413.3 Y749.51 E49.70117
G1 X749.51 Y413.3 E2052.6789
G1 X749.51 Y423.89 E45.71875
G1 X576.11 Y250.49 E1058.66712
G1 X586.7 Y250.49 E45.71875
G1 X250.49 Y586.7 E2052.67888
G1 X250.49 Y576.11 E45.71875
G1 X423.89 Y749.51 E1058.66712
G1 X435.402 Y749.51 E49.70059
M73 P29 R684
;WIPE_START
G1 F600
G1 X425.402 Y749.51 E-30
;WIPE_END
G1 Z122 F15000
G1 X272.593 Y749.51 Z122
G1 Z121
G1 E40 F9000
G1 F2779.614
G1 X261.08 Y749.51 E49.70059
G1 F2760
G1 X250.49 Y738.92 E64.65625
G1 X250.49 Y749.51 E45.71875
G1 X749.51 Y250.49 E3046.69015
G1 X749.51 Y261.08 E45.71875
G1 X738.92 Y250.49 E64.65625
G1 X727.407 Y250.49 E49.70059
; stop printing object Cube id:0 copy 0
;LAYER_CHANGE
;Z:122.5
;HEIGHT:1.5
;BEFORE_LAYER_CHANGE
;122.5
G92 E0

EXCLUDE_OBJECT_END NAME=Cube_id_0_copy_0
;AFTER_LAYER_CHANGE
;122.5
;_SET_FAN_SPEED_CHANGING_LAYER
; printing object Cube id:0 copy 0
;WIPE_START
G1 F600
G1 X737.407 Y250.49 E-30
;WIPE_END
EXCLUDE_OBJECT_START NAME=Cube_id_0_copy_0
G1 Z123.5 F15000
G1 X751.956 Y248.044 Z123.5
G1 Z122.5
G1 E40 F9000
;TYPE:Outer wall
;WIDTH:3.2
G1 F2779.615
G1 X751.956 Y751.956 E2175.45813
G1 X248.044 Y751.956 E2175.45813
G1 F2760
G1 X248.044 Y248.044 E2175.4585
G1 X751.656 Y248.044 E2174.16299
;WIPE_START
G1 F600
M73 P29 R683
G1 X751.662 Y258.044 E-30
;WIPE_END
G1 Z123.5 F15000
G1 X727.407 Y250.49 Z123.5
G1 Z122.5
G1 E40 F9000
;TYPE:Sparse infill
;WIDTH:3.2
G1 F2779.614
G1 X738.92 Y250.49 E49.70059
G1 F2760
G1 X749.51 Y261.08 E64.65527
G1 X749.51 Y250.49 E45.71788
G1 X250.49 Y749.51 E3046.69043
G1 X250.49 Y738.92 E45.71786
G1 X261.08 Y749.51 E64.65527
G1 X272.593 Y749.51 E49.70059
;WIPE_START
G1 F600
G1 X262.593 Y749.51 E-30
;WIPE_END
G1 Z123.5 F15000
G1 X435.402 Y749.51 Z123.5
G1 Z122.5
G1 E40 F9000
G1 F2779.614
G1 F2760
G1 X423.89 Y749.51 E49.7002
G1 X250.49 Y576.11 E1058.66699
G1 X250.49 Y586.7 E45.71798
G1 X586.7 Y250.49 E2052.67871
G1 X576.11 Y250.49 E45.71875
G1 X749.51 Y423.89 E1058.66712
G1 X749.51 Y413.3 E45.71875
G1 X413.3 Y749.51 E2052.6789
G1 X401.788 Y749.51 E49.70059
M73 P29 R682
;WIPE_START
G1 F600
G1 X411.788 Y749.51 E-30
;WIPE_END
G1 Z123.5 F15000
G1 X598.212 Y749.51 Z123.5
G1 Z122.5
G1 E40 F9000
G1 F2779.614
G1 F2760
G1 X586.7 Y749.51 E49.70117
G1 X250.49 Y413.3 E2052.67889
G1 X250.49 Y423.89 E45.71875
G1 X423.89 Y250.49 E1058.66711
G1 X413.3 Y250.49 E45.71875
G1 X749.51 Y586.7 E2052.6789
G1 X749.51 Y576.11 E45.71875
G1 X576.11 Y749.51 E1058.66713
G1 X564.597 Y749.51 E49.70059
;WIPE_START
G1 F600
G1 X574.597 Y749.51 E-30
;WIPE_END
G1 Z123.5 F15000
G1 X749.51 Y727.407 Z123.5
G1 Z122.5
G1 E40 F9000
G1 F2779.614
G1 X749.51 Y738.92 E49.70059
G1 F2760
G1 X738.92 Y749.51 E64.65625
G1 X749.51 Y749.51 E45.71875
G1 X250.49 Y250.49 E3046.69065
G1 X261.08 Y250.49 E45.71875
M73 P29 R681
G1 X250.49 Y261.08 E64.65625
G1 X250.49 Y272.593 E49.70059
; stop printing object Cube id:0 copy 0
;LAYER_CHANGE
;Z:124
;HEIGHT:1.5
;BEFORE_LAYER_CHANGE
;124
G92 E0

EXCLUDE_OBJECT_END NAME=Cube_id_0_copy_0
;AFTER_LAYER_CHANGE
;124
;_SET_FAN_SPEED_CHANGING_LAYER
; printing object Cube id:0 copy 0
;WIPE_START
G1 F600
G1 X250.49 Y262.593 E-30
;WIPE_END
EXCLUDE_OBJECT_START NAME=Cube_id_0_copy_0
G1 Z125 F15000
G1 X248.044 Y248.044 Z125
G1 Z124
G1 E40 F9000
;TYPE:Outer wall
;WIDTH:3.2
G1 F2779.615
G1 X751.956 Y248.044 E2175.45813
G1 X751.956 Y751.956 E2175.45813
G1 F2760
G1 X248.044 Y751.956 E2175.4585
G1 X248.044 Y248.344 E2174.16299
;WIPE_START
G1 F600
G1 X258.044 Y248.338 E-30
;WIPE_END
G1 Z125 F15000
G1 X250.49 Y272.593 Z125
G1 Z124
G1 E40 F9000
;TYPE:Sparse infill
;WIDTH:3.2
G1 F2779.614
G1 X250.49 Y261.08 E49.70059
G1 F2760
G1 X261.08 Y250.49 E64.65527
G1 X250.49 Y250.49 E45.71822
G1 X749.51 Y749.51 E3046.69043
G1 X738.92 Y749.51 E45.71823
M73 P29 R680
G1 X749.51 Y738.92 E64.65527
G1 X749.51 Y727.407 E49.70059
;WIPE_START
G1 F600
G1 X749.51 Y737.407 E-30
;WIPE_END
G1 Z125 F15000
G1 X564.597 Y749.51 Z125
G1 Z124
G1 E40 F9000
G1 F2779.614
G1 X576.11 Y749.51 E49.70059
G1 F2760
G1 X749.51 Y576.11 E1058.66699
G1 X749.51 Y586.7 E45.71813
G1 X413.3 Y250.49 E2052.67871
G1 X423.89 Y250.49 E45.71875
G1 X250.49 Y423.89 E1058.66711
G1 X250.49 Y413.3 E45.71875
M73 P30 R680
G1 X586.7 Y749.51 E2052.67889
G1 X598.212 Y749.51 E49.70059
;WIPE_START
G1 F600
G1 X588.212 Y749.51 E-30
;WIPE_END
G1 Z125 F15000
G1 X401.788 Y749.51 Z125
G1 Z124
G1 E40 F9000
G1 F2779.614
G1 F2760
G1 X413.3 Y749.51 E49.70117
G1 X749.51 Y413.3 E2052.6789
G1 X749.51 Y423.89 E45.71875
G1 X576.11 Y250.49 E1058.66712
G1 X586.7 Y250.49 E45.71875
M73 P30 R679
G1 X250.49 Y586.7 E2052.67888
G1 X250.49 Y576.11 E45.71875
G1 X423.89 Y749.51 E1058.66712
G1 X435.402 Y749.51 E49.70059
;WIPE_START
G1 F600
G1 X425.402 Y749.51 E-30
;WIPE_END
G1 Z125 F15000
G1 X272.593 Y749.51 Z125
G1 Z124
G1 E40 F9000
G1 F2779.614
G1 X261.08 Y749.51 E49.70059
G1 F2760
G1 X250.49 Y738.92 E64.65625
G1 X250.49 Y749.51 E45.71875
G1 X749.51 Y250.49 E3046.69015
G1 X749.51 Y261.08 E45.71875
G1 X738.92 Y250.49 E64.65625
G1 X727.407 Y250.49 E49.70059
; stop printing object Cube id:0 copy 0
;LAYER_CHANGE
;Z:125.5
;HEIGHT:1.5
;BEFORE_LAYER_CHANGE
;125.5
G92 E0

EXCLUDE_OBJECT_END NAME=Cube_id_0_copy_0
;AFTER_LAYER_CHANGE
;125.5
;_SET_FAN_SPEED_CHANGING_LAYER
; printing object Cube id:0 copy 0
;WIPE_START
G1 F600
G1 X737.407 Y250.49 E-30
;WIPE_END
EXCLUDE_OBJECT_START NAME=Cube_id_0_copy_0
G1 Z126.5 F15000
G1 X751.956 Y248.044 Z126.5
G1 Z125.5
G1 E40 F9000
;TYPE:Outer wall
;WIDTH:3.2
G1 F2779.615
G1 X751.956 Y751.956 E2175.45813
G1 X248.044 Y751.956 E2175.45813
G1 F2760
M73 P30 R678
G1 X248.044 Y248.044 E2175.4585
G1 X751.656 Y248.044 E2174.16299
;WIPE_START
G1 F600
G1 X751.662 Y258.044 E-30
;WIPE_END
G1 Z126.5 F15000
G1 X727.407 Y250.49 Z126.5
G1 Z125.5
G1 E40 F9000
;TYPE:Sparse infill
;WIDTH:3.2
G1 F2779.614
G1 X738.92 Y250.49 E49.70059
G1 F2760
G1 X749.51 Y261.08 E64.65527
G1 X749.51 Y250.49 E45.71788
G1 X250.49 Y749.51 E3046.69043
G1 X250.49 Y738.92 E45.71786
G1 X261.08 Y749.51 E64.65527
G1 X272.593 Y749.51 E49.70059
;WIPE_START
G1 F600
G1 X262.593 Y749.51 E-30
;WIPE_END
G1 Z126.5 F15000
G1 X435.402 Y749.51 Z126.5
G1 Z125.5
G1 E40 F9000
G1 F2779.614
G1 F2760
G1 X423.89 Y749.51 E49.7002
G1 X250.49 Y576.11 E1058.66699
G1 X250.49 Y586.7 E45.71798
G1 X586.7 Y250.49 E2052.67871
G1 X576.11 Y250.49 E45.71875
M73 P30 R677
G1 X749.51 Y423.89 E1058.66712
G1 X749.51 Y413.3 E45.71875
G1 X413.3 Y749.51 E2052.6789
G1 X401.788 Y749.51 E49.70059
;WIPE_START
G1 F600
G1 X411.788 Y749.51 E-30
;WIPE_END
G1 Z126.5 F15000
G1 X598.212 Y749.51 Z126.5
G1 Z125.5
G1 E40 F9000
G1 F2779.614
G1 F2760
G1 X586.7 Y749.51 E49.70117
G1 X250.49 Y413.3 E2052.67889
G1 X250.49 Y423.89 E45.71875
G1 X423.89 Y250.49 E1058.66711
G1 X413.3 Y250.49 E45.71875
G1 X749.51 Y586.7 E2052.6789
G1 X749.51 Y576.11 E45.71875
G1 X576.11 Y749.51 E1058.66713
G1 X564.597 Y749.51 E49.70059
M73 P30 R676
;WIPE_START
G1 F600
G1 X574.597 Y749.51 E-30
;WIPE_END
G1 Z126.5 F15000
G1 X749.51 Y727.407 Z126.5
G1 Z125.5
G1 E40 F9000
G1 F2779.614
G1 X749.51 Y738.92 E49.70059
G1 F2760
G1 X738.92 Y749.51 E64.65625
G1 X749.51 Y749.51 E45.71875
G1 X250.49 Y250.49 E3046.69065
G1 X261.08 Y250.49 E45.71875
G1 X250.49 Y261.08 E64.65625
G1 X250.49 Y272.593 E49.70059
; stop printing object Cube id:0 copy 0
;LAYER_CHANGE
;Z:127
;HEIGHT:1.5
;BEFORE_LAYER_CHANGE
;127
G92 E0

EXCLUDE_OBJECT_END NAME=Cube_id_0_copy_0
;AFTER_LAYER_CHANGE
;127
;_SET_FAN_SPEED_CHANGING_LAYER
; printing object Cube id:0 copy 0
;WIPE_START
G1 F600
G1 X250.49 Y262.593 E-30
;WIPE_END
EXCLUDE_OBJECT_START NAME=Cube_id_0_copy_0
G1 Z128 F15000
G1 X248.044 Y248.044 Z128
G1 Z127
G1 E40 F9000
;TYPE:Outer wall
;WIDTH:3.2
G1 F2779.615
G1 X751.956 Y248.044 E2175.45813
G1 X751.956 Y751.956 E2175.45813
G1 F2760
G1 X248.044 Y751.956 E2175.4585
G1 X248.044 Y248.344 E2174.16299
;WIPE_START
G1 F600
M73 P30 R675
G1 X258.044 Y248.338 E-30
;WIPE_END
G1 Z128 F15000
G1 X250.49 Y272.593 Z128
G1 Z127
G1 E40 F9000
;TYPE:Sparse infill
;WIDTH:3.2
G1 F2779.614
G1 X250.49 Y261.08 E49.70059
G1 F2760
G1 X261.08 Y250.49 E64.65527
G1 X250.49 Y250.49 E45.71822
G1 X749.51 Y749.51 E3046.69043
G1 X738.92 Y749.51 E45.71823
G1 X749.51 Y738.92 E64.65527
G1 X749.51 Y727.407 E49.70059
;WIPE_START
G1 F600
G1 X749.51 Y737.407 E-30
;WIPE_END
G1 Z128 F15000
G1 X564.597 Y749.51 Z128
G1 Z127
G1 E40 F9000
G1 F2779.614
G1 X576.11 Y749.51 E49.70059
G1 F2760
G1 X749.51 Y576.11 E1058.66699
G1 X749.51 Y586.7 E45.71813
G1 X413.3 Y250.49 E2052.67871
G1 X423.89 Y250.49 E45.71875
G1 X250.49 Y423.89 E1058.66711
G1 X250.49 Y413.3 E45.71875
G1 X586.7 Y749.51 E2052.67889
G1 X598.212 Y749.51 E49.70059
M73 P30 R674
;WIPE_START
G1 F600
G1 X588.212 Y749.51 E-30
;WIPE_END
G1 Z128 F15000
G1 X401.788 Y749.51 Z128
G1 Z127
G1 E40 F9000
G1 F2779.614
G1 F2760
G1 X413.3 Y749.51 E49.70117
G1 X749.51 Y413.3 E2052.6789
G1 X749.51 Y423.89 E45.71875
G1 X576.11 Y250.49 E1058.66712
G1 X586.7 Y250.49 E45.71875
G1 X250.49 Y586.7 E2052.67888
G1 X250.49 Y576.11 E45.71875
G1 X423.89 Y749.51 E1058.66712
G1 X435.402 Y749.51 E49.70059
;WIPE_START
G1 F600
G1 X425.402 Y749.51 E-30
;WIPE_END
G1 Z128 F15000
G1 X272.593 Y749.51 Z128
G1 Z127
G1 E40 F9000
G1 F2779.614
G1 X261.08 Y749.51 E49.70059
G1 F2760
G1 X250.49 Y738.92 E64.65625
G1 X250.49 Y749.51 E45.71875
G1 X749.51 Y250.49 E3046.69015
G1 X749.51 Y261.08 E45.71875
M73 P30 R673
G1 X738.92 Y250.49 E64.65625
G1 X727.407 Y250.49 E49.70059
; stop printing object Cube id:0 copy 0
;LAYER_CHANGE
;Z:128.5
;HEIGHT:1.5
;BEFORE_LAYER_CHANGE
;128.5
G92 E0

EXCLUDE_OBJECT_END NAME=Cube_id_0_copy_0
;AFTER_LAYER_CHANGE
;128.5
;_SET_FAN_SPEED_CHANGING_LAYER
; printing object Cube id:0 copy 0
;WIPE_START
G1 F600
G1 X737.407 Y250.49 E-30
;WIPE_END
EXCLUDE_OBJECT_START NAME=Cube_id_0_copy_0
G1 Z129.5 F15000
G1 X751.956 Y248.044 Z129.5
G1 Z128.5
G1 E40 F9000
;TYPE:Outer wall
;WIDTH:3.2
G1 F2779.615
G1 X751.956 Y751.956 E2175.45813
G1 X248.044 Y751.956 E2175.45813
G1 F2760
G1 X248.044 Y248.044 E2175.4585
G1 X751.656 Y248.044 E2174.16299
;WIPE_START
G1 F600
G1 X751.662 Y258.044 E-30
;WIPE_END
G1 Z129.5 F15000
G1 X727.407 Y250.49 Z129.5
G1 Z128.5
G1 E40 F9000
;TYPE:Sparse infill
;WIDTH:3.2
G1 F2779.614
G1 X738.92 Y250.49 E49.70059
G1 F2760
G1 X749.51 Y261.08 E64.65527
G1 X749.51 Y250.49 E45.71788
G1 X250.49 Y749.51 E3046.69043
G1 X250.49 Y738.92 E45.71786
M73 P30 R672
G1 X261.08 Y749.51 E64.65527
G1 X272.593 Y749.51 E49.70059
;WIPE_START
G1 F600
G1 X262.593 Y749.51 E-30
;WIPE_END
G1 Z129.5 F15000
G1 X435.402 Y749.51 Z129.5
G1 Z128.5
G1 E40 F9000
G1 F2779.614
G1 F2760
G1 X423.89 Y749.51 E49.7002
G1 X250.49 Y576.11 E1058.66699
G1 X250.49 Y586.7 E45.71798
G1 X586.7 Y250.49 E2052.67871
G1 X576.11 Y250.49 E45.71875
G1 X749.51 Y423.89 E1058.66712
G1 X749.51 Y413.3 E45.71875
G1 X413.3 Y749.51 E2052.6789
G1 X401.788 Y749.51 E49.70059
;WIPE_START
G1 F600
G1 X411.788 Y749.51 E-30
;WIPE_END
G1 Z129.5 F15000
G1 X598.212 Y749.51 Z129.5
G1 Z128.5
G1 E40 F9000
G1 F2779.614
G1 F2760
G1 X586.7 Y749.51 E49.70117
G1 X250.49 Y413.3 E2052.67889
G1 X250.49 Y423.89 E45.71875
G1 X423.89 Y250.49 E1058.66711
G1 X413.3 Y250.49 E45.71875
M73 P30 R671
G1 X749.51 Y586.7 E2052.6789
G1 X749.51 Y576.11 E45.71875
G1 X576.11 Y749.51 E1058.66713
G1 X564.597 Y749.51 E49.70059
;WIPE_START
G1 F600
G1 X574.597 Y749.51 E-30
;WIPE_END
G1 Z129.5 F15000
G1 X749.51 Y727.407 Z129.5
G1 Z128.5
G1 E40 F9000
G1 F2779.614
G1 X749.51 Y738.92 E49.70059
G1 F2760
G1 X738.92 Y749.51 E64.65625
G1 X749.51 Y749.51 E45.71875
G1 X250.49 Y250.49 E3046.69065
G1 X261.08 Y250.49 E45.71875
G1 X250.49 Y261.08 E64.65625
G1 X250.49 Y272.593 E49.70059
; stop printing object Cube id:0 copy 0
;LAYER_CHANGE
;Z:130
;HEIGHT:1.5
;BEFORE_LAYER_CHANGE
;130
G92 E0

EXCLUDE_OBJECT_END NAME=Cube_id_0_copy_0
;AFTER_LAYER_CHANGE
;130
;_SET_FAN_SPEED_CHANGING_LAYER
; printing object Cube id:0 copy 0
;WIPE_START
G1 F600
G1 X250.49 Y262.593 E-30
;WIPE_END
EXCLUDE_OBJECT_START NAME=Cube_id_0_copy_0
G1 Z131 F15000
G1 X248.044 Y248.044 Z131
G1 Z130
G1 E40 F9000
;TYPE:Outer wall
;WIDTH:3.2
G1 F2779.615
G1 X751.956 Y248.044 E2175.45813
G1 X751.956 Y751.956 E2175.45813
G1 F2760
M73 P30 R670
G1 X248.044 Y751.956 E2175.4585
G1 X248.044 Y248.344 E2174.16299
M73 P31 R670
;WIPE_START
G1 F600
G1 X258.044 Y248.338 E-30
;WIPE_END
G1 Z131 F15000
G1 X250.49 Y272.593 Z131
G1 Z130
G1 E40 F9000
;TYPE:Sparse infill
;WIDTH:3.2
G1 F2779.614
G1 X250.49 Y261.08 E49.70059
G1 F2760
G1 X261.08 Y250.49 E64.65527
G1 X250.49 Y250.49 E45.71822
G1 X749.51 Y749.51 E3046.69043
G1 X738.92 Y749.51 E45.71823
G1 X749.51 Y738.92 E64.65527
G1 X749.51 Y727.407 E49.70059
;WIPE_START
G1 F600
G1 X749.51 Y737.407 E-30
;WIPE_END
G1 Z131 F15000
G1 X564.597 Y749.51 Z131
G1 Z130
G1 E40 F9000
G1 F2779.614
G1 X576.11 Y749.51 E49.70059
G1 F2760
G1 X749.51 Y576.11 E1058.66699
G1 X749.51 Y586.7 E45.71813
G1 X413.3 Y250.49 E2052.67871
G1 X423.89 Y250.49 E45.71875
M73 P31 R669
G1 X250.49 Y423.89 E1058.66711
G1 X250.49 Y413.3 E45.71875
G1 X586.7 Y749.51 E2052.67889
G1 X598.212 Y749.51 E49.70059
;WIPE_START
G1 F600
G1 X588.212 Y749.51 E-30
;WIPE_END
G1 Z131 F15000
G1 X401.788 Y749.51 Z131
G1 Z130
G1 E40 F9000
G1 F2779.614
G1 F2760
G1 X413.3 Y749.51 E49.70117
G1 X749.51 Y413.3 E2052.6789
G1 X749.51 Y423.89 E45.71875
G1 X576.11 Y250.49 E1058.66712
G1 X586.7 Y250.49 E45.71875
G1 X250.49 Y586.7 E2052.67888
G1 X250.49 Y576.11 E45.71875
G1 X423.89 Y749.51 E1058.66712
G1 X435.402 Y749.51 E49.70059
M73 P31 R668
;WIPE_START
G1 F600
G1 X425.402 Y749.51 E-30
;WIPE_END
G1 Z131 F15000
G1 X272.593 Y749.51 Z131
G1 Z130
G1 E40 F9000
G1 F2779.614
G1 X261.08 Y749.51 E49.70059
G1 F2760
G1 X250.49 Y738.92 E64.65625
G1 X250.49 Y749.51 E45.71875
G1 X749.51 Y250.49 E3046.69015
G1 X749.51 Y261.08 E45.71875
G1 X738.92 Y250.49 E64.65625
G1 X727.407 Y250.49 E49.70059
; stop printing object Cube id:0 copy 0
;LAYER_CHANGE
;Z:131.5
;HEIGHT:1.5
;BEFORE_LAYER_CHANGE
;131.5
G92 E0

EXCLUDE_OBJECT_END NAME=Cube_id_0_copy_0
;AFTER_LAYER_CHANGE
;131.5
;_SET_FAN_SPEED_CHANGING_LAYER
; printing object Cube id:0 copy 0
;WIPE_START
G1 F600
G1 X737.407 Y250.49 E-30
;WIPE_END
EXCLUDE_OBJECT_START NAME=Cube_id_0_copy_0
G1 Z132.5 F15000
G1 X751.956 Y248.044 Z132.5
G1 Z131.5
G1 E40 F9000
;TYPE:Outer wall
;WIDTH:3.2
G1 F2779.615
G1 X751.956 Y751.956 E2175.45813
G1 X248.044 Y751.956 E2175.45813
G1 F2760
G1 X248.044 Y248.044 E2175.4585
G1 X751.656 Y248.044 E2174.16299
;WIPE_START
G1 F600
M73 P31 R667
G1 X751.662 Y258.044 E-30
;WIPE_END
G1 Z132.5 F15000
G1 X727.407 Y250.49 Z132.5
G1 Z131.5
G1 E40 F9000
;TYPE:Sparse infill
;WIDTH:3.2
G1 F2779.614
G1 X738.92 Y250.49 E49.70059
G1 F2760
G1 X749.51 Y261.08 E64.65527
G1 X749.51 Y250.49 E45.71788
G1 X250.49 Y749.51 E3046.69043
G1 X250.49 Y738.92 E45.71786
G1 X261.08 Y749.51 E64.65527
G1 X272.593 Y749.51 E49.70059
;WIPE_START
G1 F600
G1 X262.593 Y749.51 E-30
;WIPE_END
G1 Z132.5 F15000
G1 X435.402 Y749.51 Z132.5
G1 Z131.5
G1 E40 F9000
G1 F2779.614
G1 F2760
G1 X423.89 Y749.51 E49.7002
G1 X250.49 Y576.11 E1058.66699
G1 X250.49 Y586.7 E45.71798
G1 X586.7 Y250.49 E2052.67871
G1 X576.11 Y250.49 E45.71875
G1 X749.51 Y423.89 E1058.66712
G1 X749.51 Y413.3 E45.71875
G1 X413.3 Y749.51 E2052.6789
G1 X401.788 Y749.51 E49.70059
M73 P31 R666
;WIPE_START
G1 F600
G1 X411.788 Y749.51 E-30
;WIPE_END
G1 Z132.5 F15000
G1 X598.212 Y749.51 Z132.5
G1 Z131.5
G1 E40 F9000
G1 F2779.614
G1 F2760
G1 X586.7 Y749.51 E49.70117
G1 X250.49 Y413.3 E2052.67889
G1 X250.49 Y423.89 E45.71875
G1 X423.89 Y250.49 E1058.66711
G1 X413.3 Y250.49 E45.71875
G1 X749.51 Y586.7 E2052.6789
G1 X749.51 Y576.11 E45.71875
G1 X576.11 Y749.51 E1058.66713
G1 X564.597 Y749.51 E49.70059
;WIPE_START
G1 F600
G1 X574.597 Y749.51 E-30
;WIPE_END
G1 Z132.5 F15000
G1 X749.51 Y727.407 Z132.5
G1 Z131.5
G1 E40 F9000
G1 F2779.614
G1 X749.51 Y738.92 E49.70059
G1 F2760
G1 X738.92 Y749.51 E64.65625
G1 X749.51 Y749.51 E45.71875
G1 X250.49 Y250.49 E3046.69065
G1 X261.08 Y250.49 E45.71875
M73 P31 R665
G1 X250.49 Y261.08 E64.65625
G1 X250.49 Y272.593 E49.70059
; stop printing object Cube id:0 copy 0
;LAYER_CHANGE
;Z:133
;HEIGHT:1.5
;BEFORE_LAYER_CHANGE
;133
G92 E0

EXCLUDE_OBJECT_END NAME=Cube_id_0_copy_0
;AFTER_LAYER_CHANGE
;133
;_SET_FAN_SPEED_CHANGING_LAYER
; printing object Cube id:0 copy 0
;WIPE_START
G1 F600
G1 X250.49 Y262.593 E-30
;WIPE_END
EXCLUDE_OBJECT_START NAME=Cube_id_0_copy_0
G1 Z134 F15000
G1 X248.044 Y248.044 Z134
G1 Z133
G1 E40 F9000
;TYPE:Outer wall
;WIDTH:3.2
G1 F2779.615
G1 X751.956 Y248.044 E2175.45813
G1 X751.956 Y751.956 E2175.45813
G1 F2760
G1 X248.044 Y751.956 E2175.4585
G1 X248.044 Y248.344 E2174.16299
;WIPE_START
G1 F600
G1 X258.044 Y248.338 E-30
;WIPE_END
G1 Z134 F15000
G1 X250.49 Y272.593 Z134
G1 Z133
G1 E40 F9000
;TYPE:Sparse infill
;WIDTH:3.2
G1 F2779.614
G1 X250.49 Y261.08 E49.70059
G1 F2760
G1 X261.08 Y250.49 E64.65527
G1 X250.49 Y250.49 E45.71822
G1 X749.51 Y749.51 E3046.69043
G1 X738.92 Y749.51 E45.71823
M73 P31 R664
G1 X749.51 Y738.92 E64.65527
G1 X749.51 Y727.407 E49.70059
;WIPE_START
G1 F600
G1 X749.51 Y737.407 E-30
;WIPE_END
G1 Z134 F15000
G1 X564.597 Y749.51 Z134
G1 Z133
G1 E40 F9000
G1 F2779.614
G1 X576.11 Y749.51 E49.70059
G1 F2760
G1 X749.51 Y576.11 E1058.66699
G1 X749.51 Y586.7 E45.71813
G1 X413.3 Y250.49 E2052.67871
G1 X423.89 Y250.49 E45.71875
G1 X250.49 Y423.89 E1058.66711
G1 X250.49 Y413.3 E45.71875
G1 X586.7 Y749.51 E2052.67889
G1 X598.212 Y749.51 E49.70059
;WIPE_START
G1 F600
G1 X588.212 Y749.51 E-30
;WIPE_END
G1 Z134 F15000
G1 X401.788 Y749.51 Z134
G1 Z133
G1 E40 F9000
G1 F2779.614
G1 F2760
G1 X413.3 Y749.51 E49.70117
G1 X749.51 Y413.3 E2052.6789
G1 X749.51 Y423.89 E45.71875
G1 X576.11 Y250.49 E1058.66712
G1 X586.7 Y250.49 E45.71875
M73 P31 R663
G1 X250.49 Y586.7 E2052.67888
G1 X250.49 Y576.11 E45.71875
G1 X423.89 Y749.51 E1058.66712
G1 X435.402 Y749.51 E49.70059
;WIPE_START
G1 F600
G1 X425.402 Y749.51 E-30
;WIPE_END
G1 Z134 F15000
G1 X272.593 Y749.51 Z134
G1 Z133
G1 E40 F9000
G1 F2779.614
G1 X261.08 Y749.51 E49.70059
G1 F2760
G1 X250.49 Y738.92 E64.65625
G1 X250.49 Y749.51 E45.71875
G1 X749.51 Y250.49 E3046.69015
G1 X749.51 Y261.08 E45.71875
G1 X738.92 Y250.49 E64.65625
G1 X727.407 Y250.49 E49.70059
; stop printing object Cube id:0 copy 0
;LAYER_CHANGE
;Z:134.5
;HEIGHT:1.5
;BEFORE_LAYER_CHANGE
;134.5
G92 E0

EXCLUDE_OBJECT_END NAME=Cube_id_0_copy_0
;AFTER_LAYER_CHANGE
;134.5
;_SET_FAN_SPEED_CHANGING_LAYER
; printing object Cube id:0 copy 0
;WIPE_START
G1 F600
G1 X737.407 Y250.49 E-30
;WIPE_END
EXCLUDE_OBJECT_START NAME=Cube_id_0_copy_0
G1 Z135.5 F15000
G1 X751.956 Y248.044 Z135.5
G1 Z134.5
G1 E40 F9000
;TYPE:Outer wall
;WIDTH:3.2
G1 F2779.615
G1 X751.956 Y751.956 E2175.45813
G1 X248.044 Y751.956 E2175.45813
G1 F2760
M73 P31 R662
G1 X248.044 Y248.044 E2175.4585
G1 X751.656 Y248.044 E2174.16299
;WIPE_START
G1 F600
G1 X751.662 Y258.044 E-30
;WIPE_END
G1 Z135.5 F15000
G1 X727.407 Y250.49 Z135.5
G1 Z134.5
G1 E40 F9000
;TYPE:Sparse infill
;WIDTH:3.2
G1 F2779.614
G1 X738.92 Y250.49 E49.70059
G1 F2760
G1 X749.51 Y261.08 E64.65527
G1 X749.51 Y250.49 E45.71788
G1 X250.49 Y749.51 E3046.69043
G1 X250.49 Y738.92 E45.71786
G1 X261.08 Y749.51 E64.65527
G1 X272.593 Y749.51 E49.70059
;WIPE_START
G1 F600
G1 X262.593 Y749.51 E-30
;WIPE_END
G1 Z135.5 F15000
G1 X435.402 Y749.51 Z135.5
G1 Z134.5
G1 E40 F9000
G1 F2779.614
G1 F2760
G1 X423.89 Y749.51 E49.7002
G1 X250.49 Y576.11 E1058.66699
G1 X250.49 Y586.7 E45.71798
G1 X586.7 Y250.49 E2052.67871
G1 X576.11 Y250.49 E45.71875
M73 P31 R661
G1 X749.51 Y423.89 E1058.66712
G1 X749.51 Y413.3 E45.71875
G1 X413.3 Y749.51 E2052.6789
G1 X401.788 Y749.51 E49.70059
;WIPE_START
G1 F600
G1 X411.788 Y749.51 E-30
;WIPE_END
G1 Z135.5 F15000
G1 X598.212 Y749.51 Z135.5
G1 Z134.5
G1 E40 F9000
G1 F2779.614
G1 F2760
G1 X586.7 Y749.51 E49.70117
G1 X250.49 Y413.3 E2052.67889
G1 X250.49 Y423.89 E45.71875
G1 X423.89 Y250.49 E1058.66711
G1 X413.3 Y250.49 E45.71875
G1 X749.51 Y586.7 E2052.6789
G1 X749.51 Y576.11 E45.71875
G1 X576.11 Y749.51 E1058.66713
G1 X564.597 Y749.51 E49.70059
M73 P32 R660
;WIPE_START
G1 F600
G1 X574.597 Y749.51 E-30
;WIPE_END
G1 Z135.5 F15000
G1 X749.51 Y727.407 Z135.5
G1 Z134.5
G1 E40 F9000
G1 F2779.614
G1 X749.51 Y738.92 E49.70059
G1 F2760
G1 X738.92 Y749.51 E64.65625
G1 X749.51 Y749.51 E45.71875
G1 X250.49 Y250.49 E3046.69065
G1 X261.08 Y250.49 E45.71875
G1 X250.49 Y261.08 E64.65625
G1 X250.49 Y272.593 E49.70059
; stop printing object Cube id:0 copy 0
;LAYER_CHANGE
;Z:136
;HEIGHT:1.5
;BEFORE_LAYER_CHANGE
;136
G92 E0

EXCLUDE_OBJECT_END NAME=Cube_id_0_copy_0
;AFTER_LAYER_CHANGE
;136
;_SET_FAN_SPEED_CHANGING_LAYER
; printing object Cube id:0 copy 0
;WIPE_START
G1 F600
G1 X250.49 Y262.593 E-30
;WIPE_END
EXCLUDE_OBJECT_START NAME=Cube_id_0_copy_0
G1 Z137 F15000
G1 X248.044 Y248.044 Z137
G1 Z136
G1 E40 F9000
;TYPE:Outer wall
;WIDTH:3.2
G1 F2779.615
G1 X751.956 Y248.044 E2175.45813
G1 X751.956 Y751.956 E2175.45813
G1 F2760
G1 X248.044 Y751.956 E2175.4585
G1 X248.044 Y248.344 E2174.16299
;WIPE_START
G1 F600
M73 P32 R659
G1 X258.044 Y248.338 E-30
;WIPE_END
G1 Z137 F15000
G1 X250.49 Y272.593 Z137
G1 Z136
G1 E40 F9000
;TYPE:Sparse infill
;WIDTH:3.2
G1 F2779.614
G1 X250.49 Y261.08 E49.70059
G1 F2760
G1 X261.08 Y250.49 E64.65527
G1 X250.49 Y250.49 E45.71822
G1 X749.51 Y749.51 E3046.69043
G1 X738.92 Y749.51 E45.71823
G1 X749.51 Y738.92 E64.65527
G1 X749.51 Y727.407 E49.70059
;WIPE_START
G1 F600
G1 X749.51 Y737.407 E-30
;WIPE_END
G1 Z137 F15000
G1 X564.597 Y749.51 Z137
G1 Z136
G1 E40 F9000
G1 F2779.614
G1 X576.11 Y749.51 E49.70059
G1 F2760
G1 X749.51 Y576.11 E1058.66699
G1 X749.51 Y586.7 E45.71813
G1 X413.3 Y250.49 E2052.67871
G1 X423.89 Y250.49 E45.71875
G1 X250.49 Y423.89 E1058.66711
G1 X250.49 Y413.3 E45.71875
G1 X586.7 Y749.51 E2052.67889
G1 X598.212 Y749.51 E49.70059
M73 P32 R658
;WIPE_START
G1 F600
G1 X588.212 Y749.51 E-30
;WIPE_END
G1 Z137 F15000
G1 X401.788 Y749.51 Z137
G1 Z136
G1 E40 F9000
G1 F2779.614
G1 F2760
G1 X413.3 Y749.51 E49.70117
G1 X749.51 Y413.3 E2052.6789
G1 X749.51 Y423.89 E45.71875
G1 X576.11 Y250.49 E1058.66712
G1 X586.7 Y250.49 E45.71875
G1 X250.49 Y586.7 E2052.67888
G1 X250.49 Y576.11 E45.71875
G1 X423.89 Y749.51 E1058.66712
G1 X435.402 Y749.51 E49.70059
;WIPE_START
G1 F600
G1 X425.402 Y749.51 E-30
;WIPE_END
G1 Z137 F15000
G1 X272.593 Y749.51 Z137
G1 Z136
G1 E40 F9000
G1 F2779.614
G1 X261.08 Y749.51 E49.70059
G1 F2760
G1 X250.49 Y738.92 E64.65625
G1 X250.49 Y749.51 E45.71875
G1 X749.51 Y250.49 E3046.69015
G1 X749.51 Y261.08 E45.71875
M73 P32 R657
G1 X738.92 Y250.49 E64.65625
G1 X727.407 Y250.49 E49.70059
; stop printing object Cube id:0 copy 0
;LAYER_CHANGE
;Z:137.5
;HEIGHT:1.5
;BEFORE_LAYER_CHANGE
;137.5
G92 E0

EXCLUDE_OBJECT_END NAME=Cube_id_0_copy_0
;AFTER_LAYER_CHANGE
;137.5
;_SET_FAN_SPEED_CHANGING_LAYER
; printing object Cube id:0 copy 0
;WIPE_START
G1 F600
G1 X737.407 Y250.49 E-30
;WIPE_END
EXCLUDE_OBJECT_START NAME=Cube_id_0_copy_0
G1 Z138.5 F15000
G1 X751.956 Y248.044 Z138.5
G1 Z137.5
G1 E40 F9000
;TYPE:Outer wall
;WIDTH:3.2
G1 F2779.615
G1 X751.956 Y751.956 E2175.45813
G1 X248.044 Y751.956 E2175.45813
G1 F2760
G1 X248.044 Y248.044 E2175.4585
G1 X751.656 Y248.044 E2174.16299
;WIPE_START
G1 F600
G1 X751.662 Y258.044 E-30
;WIPE_END
G1 Z138.5 F15000
G1 X727.407 Y250.49 Z138.5
G1 Z137.5
G1 E40 F9000
;TYPE:Sparse infill
;WIDTH:3.2
G1 F2779.614
G1 X738.92 Y250.49 E49.70059
G1 F2760
G1 X749.51 Y261.08 E64.65527
G1 X749.51 Y250.49 E45.71788
G1 X250.49 Y749.51 E3046.69043
G1 X250.49 Y738.92 E45.71786
M73 P32 R656
G1 X261.08 Y749.51 E64.65527
G1 X272.593 Y749.51 E49.70059
;WIPE_START
G1 F600
G1 X262.593 Y749.51 E-30
;WIPE_END
G1 Z138.5 F15000
G1 X435.402 Y749.51 Z138.5
G1 Z137.5
G1 E40 F9000
G1 F2779.614
G1 F2760
G1 X423.89 Y749.51 E49.7002
G1 X250.49 Y576.11 E1058.66699
G1 X250.49 Y586.7 E45.71798
G1 X586.7 Y250.49 E2052.67871
G1 X576.11 Y250.49 E45.71875
G1 X749.51 Y423.89 E1058.66712
G1 X749.51 Y413.3 E45.71875
G1 X413.3 Y749.51 E2052.6789
G1 X401.788 Y749.51 E49.70059
;WIPE_START
G1 F600
G1 X411.788 Y749.51 E-30
;WIPE_END
G1 Z138.5 F15000
G1 X598.212 Y749.51 Z138.5
G1 Z137.5
G1 E40 F9000
G1 F2779.614
G1 F2760
G1 X586.7 Y749.51 E49.70117
G1 X250.49 Y413.3 E2052.67889
G1 X250.49 Y423.89 E45.71875
G1 X423.89 Y250.49 E1058.66711
G1 X413.3 Y250.49 E45.71875
M73 P32 R655
G1 X749.51 Y586.7 E2052.6789
G1 X749.51 Y576.11 E45.71875
G1 X576.11 Y749.51 E1058.66713
G1 X564.597 Y749.51 E49.70059
;WIPE_START
G1 F600
G1 X574.597 Y749.51 E-30
;WIPE_END
G1 Z138.5 F15000
G1 X749.51 Y727.407 Z138.5
G1 Z137.5
G1 E40 F9000
G1 F2779.614
G1 X749.51 Y738.92 E49.70059
G1 F2760
G1 X738.92 Y749.51 E64.65625
G1 X749.51 Y749.51 E45.71875
G1 X250.49 Y250.49 E3046.69065
G1 X261.08 Y250.49 E45.71875
G1 X250.49 Y261.08 E64.65625
G1 X250.49 Y272.593 E49.70059
; stop printing object Cube id:0 copy 0
;LAYER_CHANGE
;Z:139
;HEIGHT:1.5
;BEFORE_LAYER_CHANGE
;139
G92 E0

EXCLUDE_OBJECT_END NAME=Cube_id_0_copy_0
;AFTER_LAYER_CHANGE
;139
;_SET_FAN_SPEED_CHANGING_LAYER
; printing object Cube id:0 copy 0
;WIPE_START
G1 F600
G1 X250.49 Y262.593 E-30
;WIPE_END
EXCLUDE_OBJECT_START NAME=Cube_id_0_copy_0
G1 Z140 F15000
G1 X248.044 Y248.044 Z140
G1 Z139
G1 E40 F9000
;TYPE:Outer wall
;WIDTH:3.2
G1 F2779.615
G1 X751.956 Y248.044 E2175.45813
G1 X751.956 Y751.956 E2175.45813
G1 F2760
M73 P32 R654
G1 X248.044 Y751.956 E2175.4585
G1 X248.044 Y248.344 E2174.16299
;WIPE_START
G1 F600
G1 X258.044 Y248.338 E-30
;WIPE_END
G1 Z140 F15000
G1 X250.49 Y272.593 Z140
G1 Z139
G1 E40 F9000
;TYPE:Sparse infill
;WIDTH:3.2
G1 F2779.614
G1 X250.49 Y261.08 E49.70059
G1 F2760
G1 X261.08 Y250.49 E64.65527
G1 X250.49 Y250.49 E45.71822
G1 X749.51 Y749.51 E3046.69043
G1 X738.92 Y749.51 E45.71823
G1 X749.51 Y738.92 E64.65527
G1 X749.51 Y727.407 E49.70059
;WIPE_START
G1 F600
G1 X749.51 Y737.407 E-30
;WIPE_END
G1 Z140 F15000
G1 X564.597 Y749.51 Z140
G1 Z139
G1 E40 F9000
G1 F2779.614
G1 X576.11 Y749.51 E49.70059
G1 F2760
G1 X749.51 Y576.11 E1058.66699
G1 X749.51 Y586.7 E45.71813
G1 X413.3 Y250.49 E2052.67871
G1 X423.89 Y250.49 E45.71875
M73 P32 R653
G1 X250.49 Y423.89 E1058.66711
G1 X250.49 Y413.3 E45.71875
G1 X586.7 Y749.51 E2052.67889
G1 X598.212 Y749.51 E49.70059
;WIPE_START
G1 F600
G1 X588.212 Y749.51 E-30
;WIPE_END
G1 Z140 F15000
G1 X401.788 Y749.51 Z140
G1 Z139
G1 E40 F9000
G1 F2779.614
G1 F2760
G1 X413.3 Y749.51 E49.70117
G1 X749.51 Y413.3 E2052.6789
G1 X749.51 Y423.89 E45.71875
G1 X576.11 Y250.49 E1058.66712
G1 X586.7 Y250.49 E45.71875
G1 X250.49 Y586.7 E2052.67888
G1 X250.49 Y576.11 E45.71875
G1 X423.89 Y749.51 E1058.66712
G1 X435.402 Y749.51 E49.70059
M73 P32 R652
;WIPE_START
G1 F600
G1 X425.402 Y749.51 E-30
;WIPE_END
G1 Z140 F15000
G1 X272.593 Y749.51 Z140
G1 Z139
G1 E40 F9000
G1 F2779.614
G1 X261.08 Y749.51 E49.70059
G1 F2760
G1 X250.49 Y738.92 E64.65625
G1 X250.49 Y749.51 E45.71875
G1 X749.51 Y250.49 E3046.69015
G1 X749.51 Y261.08 E45.71875
G1 X738.92 Y250.49 E64.65625
G1 X727.407 Y250.49 E49.70059
; stop printing object Cube id:0 copy 0
;LAYER_CHANGE
;Z:140.5
;HEIGHT:1.5
;BEFORE_LAYER_CHANGE
;140.5
G92 E0

EXCLUDE_OBJECT_END NAME=Cube_id_0_copy_0
;AFTER_LAYER_CHANGE
;140.5
;_SET_FAN_SPEED_CHANGING_LAYER
; printing object Cube id:0 copy 0
;WIPE_START
G1 F600
G1 X737.407 Y250.49 E-30
;WIPE_END
EXCLUDE_OBJECT_START NAME=Cube_id_0_copy_0
G1 Z141.5 F15000
G1 X751.956 Y248.044 Z141.5
G1 Z140.5
G1 E40 F9000
;TYPE:Outer wall
;WIDTH:3.2
G1 F2779.615
G1 X751.956 Y751.956 E2175.45813
G1 X248.044 Y751.956 E2175.45813
G1 F2760
G1 X248.044 Y248.044 E2175.4585
G1 X751.656 Y248.044 E2174.16299
;WIPE_START
G1 F600
M73 P32 R651
G1 X751.662 Y258.044 E-30
;WIPE_END
G1 Z141.5 F15000
G1 X727.407 Y250.49 Z141.5
G1 Z140.5
G1 E40 F9000
;TYPE:Sparse infill
;WIDTH:3.2
G1 F2779.614
G1 X738.92 Y250.49 E49.70059
G1 F2760
G1 X749.51 Y261.08 E64.65527
G1 X749.51 Y250.49 E45.71788
G1 X250.49 Y749.51 E3046.69043
G1 X250.49 Y738.92 E45.71786
G1 X261.08 Y749.51 E64.65527
G1 X272.593 Y749.51 E49.70059
;WIPE_START
G1 F600
G1 X262.593 Y749.51 E-30
;WIPE_END
G1 Z141.5 F15000
G1 X435.402 Y749.51 Z141.5
G1 Z140.5
G1 E40 F9000
G1 F2779.614
G1 F2760
G1 X423.89 Y749.51 E49.7002
G1 X250.49 Y576.11 E1058.66699
G1 X250.49 Y586.7 E45.71798
G1 X586.7 Y250.49 E2052.67871
G1 X576.11 Y250.49 E45.71875
M73 P33 R651
G1 X749.51 Y423.89 E1058.66712
G1 X749.51 Y413.3 E45.71875
G1 X413.3 Y749.51 E2052.6789
G1 X401.788 Y749.51 E49.70059
M73 P33 R650
;WIPE_START
G1 F600
G1 X411.788 Y749.51 E-30
;WIPE_END
G1 Z141.5 F15000
G1 X598.212 Y749.51 Z141.5
G1 Z140.5
G1 E40 F9000
G1 F2779.614
G1 F2760
G1 X586.7 Y749.51 E49.70117
G1 X250.49 Y413.3 E2052.67889
G1 X250.49 Y423.89 E45.71875
G1 X423.89 Y250.49 E1058.66711
G1 X413.3 Y250.49 E45.71875
G1 X749.51 Y586.7 E2052.6789
G1 X749.51 Y576.11 E45.71875
G1 X576.11 Y749.51 E1058.66713
G1 X564.597 Y749.51 E49.70059
;WIPE_START
G1 F600
G1 X574.597 Y749.51 E-30
;WIPE_END
G1 Z141.5 F15000
G1 X749.51 Y727.407 Z141.5
G1 Z140.5
G1 E40 F9000
G1 F2779.614
G1 X749.51 Y738.92 E49.70059
G1 F2760
G1 X738.92 Y749.51 E64.65625
G1 X749.51 Y749.51 E45.71875
G1 X250.49 Y250.49 E3046.69065
G1 X261.08 Y250.49 E45.71875
G1 X250.49 Y261.08 E64.65625
M73 P33 R649
G1 X250.49 Y272.593 E49.70059
; stop printing object Cube id:0 copy 0
;LAYER_CHANGE
;Z:142
;HEIGHT:1.5
;BEFORE_LAYER_CHANGE
;142
G92 E0

EXCLUDE_OBJECT_END NAME=Cube_id_0_copy_0
;AFTER_LAYER_CHANGE
;142
;_SET_FAN_SPEED_CHANGING_LAYER
; printing object Cube id:0 copy 0
;WIPE_START
G1 F600
G1 X250.49 Y262.593 E-30
;WIPE_END
EXCLUDE_OBJECT_START NAME=Cube_id_0_copy_0
G1 Z143 F15000
G1 X248.044 Y248.044 Z143
G1 Z142
G1 E40 F9000
;TYPE:Outer wall
;WIDTH:3.2
G1 F2779.615
G1 X751.956 Y248.044 E2175.45813
G1 X751.956 Y751.956 E2175.45813
G1 F2760
G1 X248.044 Y751.956 E2175.4585
G1 X248.044 Y248.344 E2174.16299
;WIPE_START
G1 F600
G1 X258.044 Y248.338 E-30
;WIPE_END
G1 Z143 F15000
G1 X250.49 Y272.593 Z143
G1 Z142
G1 E40 F9000
;TYPE:Sparse infill
;WIDTH:3.2
G1 F2779.614
G1 X250.49 Y261.08 E49.70059
G1 F2760
G1 X261.08 Y250.49 E64.65527
G1 X250.49 Y250.49 E45.71822
G1 X749.51 Y749.51 E3046.69043
G1 X738.92 Y749.51 E45.71823
M73 P33 R648
G1 X749.51 Y738.92 E64.65527
G1 X749.51 Y727.407 E49.70059
;WIPE_START
G1 F600
G1 X749.51 Y737.407 E-30
;WIPE_END
G1 Z143 F15000
G1 X564.597 Y749.51 Z143
G1 Z142
G1 E40 F9000
G1 F2779.614
G1 X576.11 Y749.51 E49.70059
G1 F2760
G1 X749.51 Y576.11 E1058.66699
G1 X749.51 Y586.7 E45.71813
G1 X413.3 Y250.49 E2052.67871
G1 X423.89 Y250.49 E45.71875
G1 X250.49 Y423.89 E1058.66711
G1 X250.49 Y413.3 E45.71875
G1 X586.7 Y749.51 E2052.67889
G1 X598.212 Y749.51 E49.70059
;WIPE_START
G1 F600
G1 X588.212 Y749.51 E-30
;WIPE_END
G1 Z143 F15000
G1 X401.788 Y749.51 Z143
G1 Z142
G1 E40 F9000
G1 F2779.614
G1 F2760
G1 X413.3 Y749.51 E49.70117
G1 X749.51 Y413.3 E2052.6789
G1 X749.51 Y423.89 E45.71875
G1 X576.11 Y250.49 E1058.66712
G1 X586.7 Y250.49 E45.71875
M73 P33 R647
G1 X250.49 Y586.7 E2052.67888
G1 X250.49 Y576.11 E45.71875
G1 X423.89 Y749.51 E1058.66712
G1 X435.402 Y749.51 E49.70059
;WIPE_START
G1 F600
G1 X425.402 Y749.51 E-30
;WIPE_END
G1 Z143 F15000
G1 X272.593 Y749.51 Z143
G1 Z142
G1 E40 F9000
G1 F2779.614
G1 X261.08 Y749.51 E49.70059
G1 F2760
G1 X250.49 Y738.92 E64.65625
G1 X250.49 Y749.51 E45.71875
G1 X749.51 Y250.49 E3046.69015
G1 X749.51 Y261.08 E45.71875
G1 X738.92 Y250.49 E64.65625
G1 X727.407 Y250.49 E49.70059
; stop printing object Cube id:0 copy 0
;LAYER_CHANGE
;Z:143.5
;HEIGHT:1.5
;BEFORE_LAYER_CHANGE
;143.5
G92 E0

EXCLUDE_OBJECT_END NAME=Cube_id_0_copy_0
;AFTER_LAYER_CHANGE
;143.5
;_SET_FAN_SPEED_CHANGING_LAYER
; printing object Cube id:0 copy 0
;WIPE_START
G1 F600
G1 X737.407 Y250.49 E-30
;WIPE_END
EXCLUDE_OBJECT_START NAME=Cube_id_0_copy_0
G1 Z144.5 F15000
G1 X751.956 Y248.044 Z144.5
G1 Z143.5
G1 E40 F9000
;TYPE:Outer wall
;WIDTH:3.2
G1 F2779.615
G1 X751.956 Y751.956 E2175.45813
G1 X248.044 Y751.956 E2175.45813
G1 F2760
M73 P33 R646
G1 X248.044 Y248.044 E2175.4585
G1 X751.656 Y248.044 E2174.16299
;WIPE_START
G1 F600
G1 X751.662 Y258.044 E-30
;WIPE_END
G1 Z144.5 F15000
G1 X727.407 Y250.49 Z144.5
G1 Z143.5
G1 E40 F9000
;TYPE:Sparse infill
;WIDTH:3.2
G1 F2779.614
G1 X738.92 Y250.49 E49.70059
G1 F2760
G1 X749.51 Y261.08 E64.65527
G1 X749.51 Y250.49 E45.71788
G1 X250.49 Y749.51 E3046.69043
G1 X250.49 Y738.92 E45.71786
G1 X261.08 Y749.51 E64.65527
G1 X272.593 Y749.51 E49.70059
;WIPE_START
G1 F600
G1 X262.593 Y749.51 E-30
;WIPE_END
G1 Z144.5 F15000
G1 X435.402 Y749.51 Z144.5
G1 Z143.5
G1 E40 F9000
G1 F2779.614
G1 F2760
G1 X423.89 Y749.51 E49.7002
G1 X250.49 Y576.11 E1058.66699
G1 X250.49 Y586.7 E45.71798
G1 X586.7 Y250.49 E2052.67871
G1 X576.11 Y250.49 E45.71875
M73 P33 R645
G1 X749.51 Y423.89 E1058.66712
G1 X749.51 Y413.3 E45.71875
G1 X413.3 Y749.51 E2052.6789
G1 X401.788 Y749.51 E49.70059
;WIPE_START
G1 F600
G1 X411.788 Y749.51 E-30
;WIPE_END
G1 Z144.5 F15000
G1 X598.212 Y749.51 Z144.5
G1 Z143.5
G1 E40 F9000
G1 F2779.614
G1 F2760
G1 X586.7 Y749.51 E49.70117
G1 X250.49 Y413.3 E2052.67889
G1 X250.49 Y423.89 E45.71875
G1 X423.89 Y250.49 E1058.66711
G1 X413.3 Y250.49 E45.71875
G1 X749.51 Y586.7 E2052.6789
G1 X749.51 Y576.11 E45.71875
G1 X576.11 Y749.51 E1058.66713
G1 X564.597 Y749.51 E49.70059
;WIPE_START
G1 F600
M73 P33 R644
G1 X574.597 Y749.51 E-30
;WIPE_END
G1 Z144.5 F15000
G1 X749.51 Y727.407 Z144.5
G1 Z143.5
G1 E40 F9000
G1 F2779.614
G1 X749.51 Y738.92 E49.70059
G1 F2760
G1 X738.92 Y749.51 E64.65625
G1 X749.51 Y749.51 E45.71875
G1 X250.49 Y250.49 E3046.69065
G1 X261.08 Y250.49 E45.71875
G1 X250.49 Y261.08 E64.65625
G1 X250.49 Y272.593 E49.70059
; stop printing object Cube id:0 copy 0
;LAYER_CHANGE
;Z:145
;HEIGHT:1.5
;BEFORE_LAYER_CHANGE
;145
G92 E0

EXCLUDE_OBJECT_END NAME=Cube_id_0_copy_0
;AFTER_LAYER_CHANGE
;145
;_SET_FAN_SPEED_CHANGING_LAYER
; printing object Cube id:0 copy 0
;WIPE_START
G1 F600
G1 X250.49 Y262.593 E-30
;WIPE_END
EXCLUDE_OBJECT_START NAME=Cube_id_0_copy_0
G1 Z146 F15000
G1 X248.044 Y248.044 Z146
G1 Z145
G1 E40 F9000
;TYPE:Outer wall
;WIDTH:3.2
G1 F2779.615
G1 X751.956 Y248.044 E2175.45813
G1 X751.956 Y751.956 E2175.45813
G1 F2760
G1 X248.044 Y751.956 E2175.4585
G1 X248.044 Y248.344 E2174.16299
;WIPE_START
G1 F600
M73 P33 R643
G1 X258.044 Y248.338 E-30
;WIPE_END
G1 Z146 F15000
G1 X250.49 Y272.593 Z146
G1 Z145
G1 E40 F9000
;TYPE:Sparse infill
;WIDTH:3.2
G1 F2779.614
G1 X250.49 Y261.08 E49.70059
G1 F2760
G1 X261.08 Y250.49 E64.65527
G1 X250.49 Y250.49 E45.71822
G1 X749.51 Y749.51 E3046.69043
G1 X738.92 Y749.51 E45.71823
G1 X749.51 Y738.92 E64.65527
G1 X749.51 Y727.407 E49.70059
;WIPE_START
G1 F600
G1 X749.51 Y737.407 E-30
;WIPE_END
G1 Z146 F15000
G1 X564.597 Y749.51 Z146
G1 Z145
G1 E40 F9000
G1 F2779.614
G1 X576.11 Y749.51 E49.70059
G1 F2760
G1 X749.51 Y576.11 E1058.66699
G1 X749.51 Y586.7 E45.71813
G1 X413.3 Y250.49 E2052.67871
G1 X423.89 Y250.49 E45.71875
G1 X250.49 Y423.89 E1058.66711
G1 X250.49 Y413.3 E45.71875
G1 X586.7 Y749.51 E2052.67889
G1 X598.212 Y749.51 E49.70059
M73 P33 R642
;WIPE_START
G1 F600
G1 X588.212 Y749.51 E-30
;WIPE_END
G1 Z146 F15000
G1 X401.788 Y749.51 Z146
G1 Z145
G1 E40 F9000
G1 F2779.614
G1 F2760
G1 X413.3 Y749.51 E49.70117
G1 X749.51 Y413.3 E2052.6789
G1 X749.51 Y423.89 E45.71875
G1 X576.11 Y250.49 E1058.66712
G1 X586.7 Y250.49 E45.71875
G1 X250.49 Y586.7 E2052.67888
G1 X250.49 Y576.11 E45.71875
G1 X423.89 Y749.51 E1058.66712
G1 X435.402 Y749.51 E49.70059
;WIPE_START
G1 F600
G1 X425.402 Y749.51 E-30
;WIPE_END
G1 Z146 F15000
G1 X272.593 Y749.51 Z146
G1 Z145
G1 E40 F9000
G1 F2779.614
G1 X261.08 Y749.51 E49.70059
G1 F2760
G1 X250.49 Y738.92 E64.65625
G1 X250.49 Y749.51 E45.71875
G1 X749.51 Y250.49 E3046.69015
G1 X749.51 Y261.08 E45.71875
G1 X738.92 Y250.49 E64.65625
G1 X727.407 Y250.49 E49.70059
M73 P33 R641
; stop printing object Cube id:0 copy 0
;LAYER_CHANGE
;Z:146.5
;HEIGHT:1.5
;BEFORE_LAYER_CHANGE
;146.5
G92 E0

EXCLUDE_OBJECT_END NAME=Cube_id_0_copy_0
;AFTER_LAYER_CHANGE
;146.5
;_SET_FAN_SPEED_CHANGING_LAYER
; printing object Cube id:0 copy 0
;WIPE_START
G1 F600
G1 X737.407 Y250.49 E-30
;WIPE_END
EXCLUDE_OBJECT_START NAME=Cube_id_0_copy_0
G1 Z147.5 F15000
G1 X751.956 Y248.044 Z147.5
G1 Z146.5
G1 E40 F9000
;TYPE:Outer wall
;WIDTH:3.2
G1 F2779.615
G1 X751.956 Y751.956 E2175.45813
G1 X248.044 Y751.956 E2175.45813
G1 F2760
G1 X248.044 Y248.044 E2175.4585
G1 X751.656 Y248.044 E2174.16299
M73 P34 R641
;WIPE_START
G1 F600
G1 X751.662 Y258.044 E-30
;WIPE_END
G1 Z147.5 F15000
G1 X727.407 Y250.49 Z147.5
G1 Z146.5
G1 E40 F9000
;TYPE:Sparse infill
;WIDTH:3.2
G1 F2779.614
G1 X738.92 Y250.49 E49.70059
G1 F2760
G1 X749.51 Y261.08 E64.65527
G1 X749.51 Y250.49 E45.71788
G1 X250.49 Y749.51 E3046.69043
G1 X250.49 Y738.92 E45.71786
M73 P34 R640
G1 X261.08 Y749.51 E64.65527
G1 X272.593 Y749.51 E49.70059
;WIPE_START
G1 F600
G1 X262.593 Y749.51 E-30
;WIPE_END
G1 Z147.5 F15000
G1 X435.402 Y749.51 Z147.5
G1 Z146.5
G1 E40 F9000
G1 F2779.614
G1 F2760
G1 X423.89 Y749.51 E49.7002
G1 X250.49 Y576.11 E1058.66699
G1 X250.49 Y586.7 E45.71798
G1 X586.7 Y250.49 E2052.67871
G1 X576.11 Y250.49 E45.71875
G1 X749.51 Y423.89 E1058.66712
G1 X749.51 Y413.3 E45.71875
G1 X413.3 Y749.51 E2052.6789
G1 X401.788 Y749.51 E49.70059
;WIPE_START
G1 F600
G1 X411.788 Y749.51 E-30
;WIPE_END
G1 Z147.5 F15000
G1 X598.212 Y749.51 Z147.5
G1 Z146.5
G1 E40 F9000
G1 F2779.614
G1 F2760
G1 X586.7 Y749.51 E49.70117
G1 X250.49 Y413.3 E2052.67889
G1 X250.49 Y423.89 E45.71875
G1 X423.89 Y250.49 E1058.66711
G1 X413.3 Y250.49 E45.71875
M73 P34 R639
G1 X749.51 Y586.7 E2052.6789
G1 X749.51 Y576.11 E45.71875
G1 X576.11 Y749.51 E1058.66713
G1 X564.597 Y749.51 E49.70059
;WIPE_START
G1 F600
G1 X574.597 Y749.51 E-30
;WIPE_END
G1 Z147.5 F15000
G1 X749.51 Y727.407 Z147.5
G1 Z146.5
G1 E40 F9000
G1 F2779.614
G1 X749.51 Y738.92 E49.70059
G1 F2760
G1 X738.92 Y749.51 E64.65625
G1 X749.51 Y749.51 E45.71875
G1 X250.49 Y250.49 E3046.69065
G1 X261.08 Y250.49 E45.71875
G1 X250.49 Y261.08 E64.65625
G1 X250.49 Y272.593 E49.70059
; stop printing object Cube id:0 copy 0
;LAYER_CHANGE
;Z:148
;HEIGHT:1.5
;BEFORE_LAYER_CHANGE
;148
G92 E0

EXCLUDE_OBJECT_END NAME=Cube_id_0_copy_0
;AFTER_LAYER_CHANGE
;148
;_SET_FAN_SPEED_CHANGING_LAYER
; printing object Cube id:0 copy 0
;WIPE_START
G1 F600
G1 X250.49 Y262.593 E-30
;WIPE_END
EXCLUDE_OBJECT_START NAME=Cube_id_0_copy_0
G1 Z149 F15000
G1 X248.044 Y248.044 Z149
G1 Z148
G1 E40 F9000
;TYPE:Outer wall
;WIDTH:3.2
G1 F2779.615
G1 X751.956 Y248.044 E2175.45813
G1 X751.956 Y751.956 E2175.45813
G1 F2760
M73 P34 R638
G1 X248.044 Y751.956 E2175.4585
G1 X248.044 Y248.344 E2174.16299
;WIPE_START
G1 F600
G1 X258.044 Y248.338 E-30
;WIPE_END
G1 Z149 F15000
G1 X250.49 Y272.593 Z149
G1 Z148
G1 E40 F9000
;TYPE:Sparse infill
;WIDTH:3.2
G1 F2779.614
G1 X250.49 Y261.08 E49.70059
G1 F2760
G1 X261.08 Y250.49 E64.65527
G1 X250.49 Y250.49 E45.71822
G1 X749.51 Y749.51 E3046.69043
G1 X738.92 Y749.51 E45.71823
G1 X749.51 Y738.92 E64.65527
G1 X749.51 Y727.407 E49.70059
;WIPE_START
G1 F600
G1 X749.51 Y737.407 E-30
;WIPE_END
G1 Z149 F15000
G1 X564.597 Y749.51 Z149
G1 Z148
G1 E40 F9000
G1 F2779.614
G1 X576.11 Y749.51 E49.70059
G1 F2760
G1 X749.51 Y576.11 E1058.66699
G1 X749.51 Y586.7 E45.71813
G1 X413.3 Y250.49 E2052.67871
G1 X423.89 Y250.49 E45.71875
M73 P34 R637
G1 X250.49 Y423.89 E1058.66711
G1 X250.49 Y413.3 E45.71875
G1 X586.7 Y749.51 E2052.67889
G1 X598.212 Y749.51 E49.70059
;WIPE_START
G1 F600
G1 X588.212 Y749.51 E-30
;WIPE_END
G1 Z149 F15000
G1 X401.788 Y749.51 Z149
G1 Z148
G1 E40 F9000
G1 F2779.614
G1 F2760
G1 X413.3 Y749.51 E49.70117
G1 X749.51 Y413.3 E2052.6789
G1 X749.51 Y423.89 E45.71875
G1 X576.11 Y250.49 E1058.66712
G1 X586.7 Y250.49 E45.71875
G1 X250.49 Y586.7 E2052.67888
G1 X250.49 Y576.11 E45.71875
G1 X423.89 Y749.51 E1058.66712
G1 X435.402 Y749.51 E49.70059
;WIPE_START
G1 F600
G1 X425.402 Y749.51 E-30
;WIPE_END
G1 Z149 F15000
M73 P34 R636
G1 X272.593 Y749.51 Z149
G1 Z148
G1 E40 F9000
G1 F2779.614
G1 X261.08 Y749.51 E49.70059
G1 F2760
G1 X250.49 Y738.92 E64.65625
G1 X250.49 Y749.51 E45.71875
G1 X749.51 Y250.49 E3046.69015
G1 X749.51 Y261.08 E45.71875
G1 X738.92 Y250.49 E64.65625
G1 X727.407 Y250.49 E49.70059
; stop printing object Cube id:0 copy 0
;LAYER_CHANGE
;Z:149.5
;HEIGHT:1.5
;BEFORE_LAYER_CHANGE
;149.5
G92 E0

EXCLUDE_OBJECT_END NAME=Cube_id_0_copy_0
;AFTER_LAYER_CHANGE
;149.5
;_SET_FAN_SPEED_CHANGING_LAYER
; printing object Cube id:0 copy 0
;WIPE_START
G1 F600
G1 X737.407 Y250.49 E-30
;WIPE_END
EXCLUDE_OBJECT_START NAME=Cube_id_0_copy_0
G1 Z150.5 F15000
G1 X751.956 Y248.044 Z150.5
G1 Z149.5
G1 E40 F9000
;TYPE:Outer wall
;WIDTH:3.2
G1 F2779.615
G1 X751.956 Y751.956 E2175.45813
G1 X248.044 Y751.956 E2175.45813
G1 F2760
G1 X248.044 Y248.044 E2175.4585
G1 X751.656 Y248.044 E2174.16299
;WIPE_START
G1 F600
M73 P34 R635
G1 X751.662 Y258.044 E-30
;WIPE_END
G1 Z150.5 F15000
G1 X727.407 Y250.49 Z150.5
G1 Z149.5
G1 E40 F9000
;TYPE:Sparse infill
;WIDTH:3.2
G1 F2779.614
G1 X738.92 Y250.49 E49.70059
G1 F2760
G1 X749.51 Y261.08 E64.65527
G1 X749.51 Y250.49 E45.71788
G1 X250.49 Y749.51 E3046.69043
G1 X250.49 Y738.92 E45.71786
G1 X261.08 Y749.51 E64.65527
G1 X272.593 Y749.51 E49.70059
;WIPE_START
G1 F600
G1 X262.593 Y749.51 E-30
;WIPE_END
G1 Z150.5 F15000
G1 X435.402 Y749.51 Z150.5
G1 Z149.5
G1 E40 F9000
G1 F2779.614
G1 F2760
G1 X423.89 Y749.51 E49.7002
G1 X250.49 Y576.11 E1058.66699
G1 X250.49 Y586.7 E45.71798
G1 X586.7 Y250.49 E2052.67871
G1 X576.11 Y250.49 E45.71875
G1 X749.51 Y423.89 E1058.66712
G1 X749.51 Y413.3 E45.71875
G1 X413.3 Y749.51 E2052.6789
G1 X401.788 Y749.51 E49.70059
M73 P34 R634
;WIPE_START
G1 F600
G1 X411.788 Y749.51 E-30
;WIPE_END
G1 Z150.5 F15000
G1 X598.212 Y749.51 Z150.5
G1 Z149.5
G1 E40 F9000
G1 F2779.614
G1 F2760
G1 X586.7 Y749.51 E49.70117
G1 X250.49 Y413.3 E2052.67889
G1 X250.49 Y423.89 E45.71875
G1 X423.89 Y250.49 E1058.66711
G1 X413.3 Y250.49 E45.71875
G1 X749.51 Y586.7 E2052.6789
G1 X749.51 Y576.11 E45.71875
G1 X576.11 Y749.51 E1058.66713
G1 X564.597 Y749.51 E49.70059
;WIPE_START
G1 F600
G1 X574.597 Y749.51 E-30
;WIPE_END
G1 Z150.5 F15000
G1 X749.51 Y727.407 Z150.5
G1 Z149.5
G1 E40 F9000
G1 F2779.614
G1 X749.51 Y738.92 E49.70059
G1 F2760
G1 X738.92 Y749.51 E64.65625
G1 X749.51 Y749.51 E45.71875
G1 X250.49 Y250.49 E3046.69065
G1 X261.08 Y250.49 E45.71875
G1 X250.49 Y261.08 E64.65625
G1 X250.49 Y272.593 E49.70059
; stop printing object Cube id:0 copy 0
;LAYER_CHANGE
;Z:151
;HEIGHT:1.5
;BEFORE_LAYER_CHANGE
;151
G92 E0

EXCLUDE_OBJECT_END NAME=Cube_id_0_copy_0
;AFTER_LAYER_CHANGE
;151
;_SET_FAN_SPEED_CHANGING_LAYER
; printing object Cube id:0 copy 0
;WIPE_START
G1 F600
M73 P34 R633
G1 X250.49 Y262.593 E-30
;WIPE_END
EXCLUDE_OBJECT_START NAME=Cube_id_0_copy_0
G1 Z152 F15000
G1 X248.044 Y248.044 Z152
G1 Z151
G1 E40 F9000
;TYPE:Outer wall
;WIDTH:3.2
G1 F2779.615
G1 X751.956 Y248.044 E2175.45813
G1 X751.956 Y751.956 E2175.45813
G1 F2760
G1 X248.044 Y751.956 E2175.4585
G1 X248.044 Y248.344 E2174.16299
;WIPE_START
G1 F600
G1 X258.044 Y248.338 E-30
;WIPE_END
G1 Z152 F15000
G1 X250.49 Y272.593 Z152
G1 Z151
G1 E40 F9000
;TYPE:Sparse infill
;WIDTH:3.2
G1 F2779.614
G1 X250.49 Y261.08 E49.70059
G1 F2760
G1 X261.08 Y250.49 E64.65527
G1 X250.49 Y250.49 E45.71822
G1 X749.51 Y749.51 E3046.69043
G1 X738.92 Y749.51 E45.71823
M73 P34 R632
G1 X749.51 Y738.92 E64.65527
G1 X749.51 Y727.407 E49.70059
;WIPE_START
G1 F600
G1 X749.51 Y737.407 E-30
;WIPE_END
G1 Z152 F15000
G1 X564.597 Y749.51 Z152
G1 Z151
G1 E40 F9000
G1 F2779.614
G1 X576.11 Y749.51 E49.70059
G1 F2760
G1 X749.51 Y576.11 E1058.66699
G1 X749.51 Y586.7 E45.71813
G1 X413.3 Y250.49 E2052.67871
G1 X423.89 Y250.49 E45.71875
G1 X250.49 Y423.89 E1058.66711
G1 X250.49 Y413.3 E45.71875
G1 X586.7 Y749.51 E2052.67889
G1 X598.212 Y749.51 E49.70059
;WIPE_START
G1 F600
G1 X588.212 Y749.51 E-30
;WIPE_END
G1 Z152 F15000
G1 X401.788 Y749.51 Z152
G1 Z151
G1 E40 F9000
G1 F2779.614
G1 F2760
G1 X413.3 Y749.51 E49.70117
G1 X749.51 Y413.3 E2052.6789
G1 X749.51 Y423.89 E45.71875
G1 X576.11 Y250.49 E1058.66712
G1 X586.7 Y250.49 E45.71875
M73 P34 R631
G1 X250.49 Y586.7 E2052.67888
G1 X250.49 Y576.11 E45.71875
M73 P35 R631
G1 X423.89 Y749.51 E1058.66712
G1 X435.402 Y749.51 E49.70059
;WIPE_START
G1 F600
G1 X425.402 Y749.51 E-30
;WIPE_END
G1 Z152 F15000
G1 X272.593 Y749.51 Z152
G1 Z151
G1 E40 F9000
G1 F2779.614
G1 X261.08 Y749.51 E49.70059
G1 F2760
G1 X250.49 Y738.92 E64.65625
G1 X250.49 Y749.51 E45.71875
G1 X749.51 Y250.49 E3046.69015
G1 X749.51 Y261.08 E45.71875
G1 X738.92 Y250.49 E64.65625
G1 X727.407 Y250.49 E49.70059
; stop printing object Cube id:0 copy 0
;LAYER_CHANGE
;Z:152.5
;HEIGHT:1.5
;BEFORE_LAYER_CHANGE
;152.5
G92 E0

EXCLUDE_OBJECT_END NAME=Cube_id_0_copy_0
;AFTER_LAYER_CHANGE
;152.5
;_SET_FAN_SPEED_CHANGING_LAYER
; printing object Cube id:0 copy 0
;WIPE_START
G1 F600
G1 X737.407 Y250.49 E-30
;WIPE_END
EXCLUDE_OBJECT_START NAME=Cube_id_0_copy_0
G1 Z153.5 F15000
G1 X751.956 Y248.044 Z153.5
G1 Z152.5
G1 E40 F9000
;TYPE:Outer wall
;WIDTH:3.2
G1 F2779.615
G1 X751.956 Y751.956 E2175.45813
G1 X248.044 Y751.956 E2175.45813
G1 F2760
M73 P35 R630
G1 X248.044 Y248.044 E2175.4585
G1 X751.656 Y248.044 E2174.16299
;WIPE_START
G1 F600
G1 X751.662 Y258.044 E-30
;WIPE_END
G1 Z153.5 F15000
G1 X727.407 Y250.49 Z153.5
G1 Z152.5
G1 E40 F9000
;TYPE:Sparse infill
;WIDTH:3.2
G1 F2779.614
G1 X738.92 Y250.49 E49.70059
G1 F2760
G1 X749.51 Y261.08 E64.65527
G1 X749.51 Y250.49 E45.71788
G1 X250.49 Y749.51 E3046.69043
G1 X250.49 Y738.92 E45.71786
G1 X261.08 Y749.51 E64.65527
G1 X272.593 Y749.51 E49.70059
;WIPE_START
G1 F600
G1 X262.593 Y749.51 E-30
;WIPE_END
G1 Z153.5 F15000
G1 X435.402 Y749.51 Z153.5
G1 Z152.5
G1 E40 F9000
G1 F2779.614
G1 F2760
G1 X423.89 Y749.51 E49.7002
G1 X250.49 Y576.11 E1058.66699
G1 X250.49 Y586.7 E45.71798
G1 X586.7 Y250.49 E2052.67871
G1 X576.11 Y250.49 E45.71875
M73 P35 R629
G1 X749.51 Y423.89 E1058.66712
G1 X749.51 Y413.3 E45.71875
G1 X413.3 Y749.51 E2052.6789
G1 X401.788 Y749.51 E49.70059
;WIPE_START
G1 F600
G1 X411.788 Y749.51 E-30
;WIPE_END
G1 Z153.5 F15000
G1 X598.212 Y749.51 Z153.5
G1 Z152.5
G1 E40 F9000
G1 F2779.614
G1 F2760
G1 X586.7 Y749.51 E49.70117
G1 X250.49 Y413.3 E2052.67889
G1 X250.49 Y423.89 E45.71875
G1 X423.89 Y250.49 E1058.66711
G1 X413.3 Y250.49 E45.71875
G1 X749.51 Y586.7 E2052.6789
G1 X749.51 Y576.11 E45.71875
G1 X576.11 Y749.51 E1058.66713
G1 X564.597 Y749.51 E49.70059
;WIPE_START
G1 F600
G1 X574.597 Y749.51 E-30
;WIPE_END
G1 Z153.5 F15000
M73 P35 R628
G1 X749.51 Y727.407 Z153.5
G1 Z152.5
G1 E40 F9000
G1 F2779.614
G1 X749.51 Y738.92 E49.70059
G1 F2760
G1 X738.92 Y749.51 E64.65625
G1 X749.51 Y749.51 E45.71875
G1 X250.49 Y250.49 E3046.69065
G1 X261.08 Y250.49 E45.71875
G1 X250.49 Y261.08 E64.65625
G1 X250.49 Y272.593 E49.70059
; stop printing object Cube id:0 copy 0
;LAYER_CHANGE
;Z:154
;HEIGHT:1.5
;BEFORE_LAYER_CHANGE
;154
G92 E0

EXCLUDE_OBJECT_END NAME=Cube_id_0_copy_0
;AFTER_LAYER_CHANGE
;154
;_SET_FAN_SPEED_CHANGING_LAYER
; printing object Cube id:0 copy 0
;WIPE_START
G1 F600
G1 X250.49 Y262.593 E-30
;WIPE_END
EXCLUDE_OBJECT_START NAME=Cube_id_0_copy_0
G1 Z155 F15000
G1 X248.044 Y248.044 Z155
G1 Z154
G1 E40 F9000
;TYPE:Outer wall
;WIDTH:3.2
G1 F2779.615
G1 X751.956 Y248.044 E2175.45813
G1 X751.956 Y751.956 E2175.45813
G1 F2760
G1 X248.044 Y751.956 E2175.4585
G1 X248.044 Y248.344 E2174.16299
;WIPE_START
G1 F600
M73 P35 R627
G1 X258.044 Y248.338 E-30
;WIPE_END
G1 Z155 F15000
G1 X250.49 Y272.593 Z155
G1 Z154
G1 E40 F9000
;TYPE:Sparse infill
;WIDTH:3.2
G1 F2779.614
G1 X250.49 Y261.08 E49.70059
G1 F2760
G1 X261.08 Y250.49 E64.65527
G1 X250.49 Y250.49 E45.71822
G1 X749.51 Y749.51 E3046.69043
G1 X738.92 Y749.51 E45.71823
G1 X749.51 Y738.92 E64.65527
G1 X749.51 Y727.407 E49.70059
;WIPE_START
G1 F600
G1 X749.51 Y737.407 E-30
;WIPE_END
G1 Z155 F15000
G1 X564.597 Y749.51 Z155
G1 Z154
G1 E40 F9000
G1 F2779.614
G1 X576.11 Y749.51 E49.70059
G1 F2760
G1 X749.51 Y576.11 E1058.66699
G1 X749.51 Y586.7 E45.71813
G1 X413.3 Y250.49 E2052.67871
G1 X423.89 Y250.49 E45.71875
G1 X250.49 Y423.89 E1058.66711
G1 X250.49 Y413.3 E45.71875
G1 X586.7 Y749.51 E2052.67889
G1 X598.212 Y749.51 E49.70059
M73 P35 R626
;WIPE_START
G1 F600
G1 X588.212 Y749.51 E-30
;WIPE_END
G1 Z155 F15000
G1 X401.788 Y749.51 Z155
G1 Z154
G1 E40 F9000
G1 F2779.614
G1 F2760
G1 X413.3 Y749.51 E49.70117
G1 X749.51 Y413.3 E2052.6789
G1 X749.51 Y423.89 E45.71875
G1 X576.11 Y250.49 E1058.66712
G1 X586.7 Y250.49 E45.71875
G1 X250.49 Y586.7 E2052.67888
G1 X250.49 Y576.11 E45.71875
G1 X423.89 Y749.51 E1058.66712
G1 X435.402 Y749.51 E49.70059
;WIPE_START
G1 F600
G1 X425.402 Y749.51 E-30
;WIPE_END
G1 Z155 F15000
G1 X272.593 Y749.51 Z155
G1 Z154
G1 E40 F9000
G1 F2779.614
G1 X261.08 Y749.51 E49.70059
G1 F2760
G1 X250.49 Y738.92 E64.65625
G1 X250.49 Y749.51 E45.71875
G1 X749.51 Y250.49 E3046.69015
G1 X749.51 Y261.08 E45.71875
G1 X738.92 Y250.49 E64.65625
G1 X727.407 Y250.49 E49.70059
; stop printing object Cube id:0 copy 0
;LAYER_CHANGE
;Z:155.5
;HEIGHT:1.5
;BEFORE_LAYER_CHANGE
;155.5
G92 E0

EXCLUDE_OBJECT_END NAME=Cube_id_0_copy_0
;AFTER_LAYER_CHANGE
;155.5
;_SET_FAN_SPEED_CHANGING_LAYER
; printing object Cube id:0 copy 0
;WIPE_START
G1 F600
G1 X737.407 Y250.49 E-30
;WIPE_END
EXCLUDE_OBJECT_START NAME=Cube_id_0_copy_0
G1 Z156.5 F15000
M73 P35 R625
G1 X751.956 Y248.044 Z156.5
G1 Z155.5
G1 E40 F9000
;TYPE:Outer wall
;WIDTH:3.2
G1 F2779.615
G1 X751.956 Y751.956 E2175.45813
G1 X248.044 Y751.956 E2175.45813
G1 F2760
G1 X248.044 Y248.044 E2175.4585
G1 X751.656 Y248.044 E2174.16299
;WIPE_START
G1 F600
G1 X751.662 Y258.044 E-30
;WIPE_END
G1 Z156.5 F15000
G1 X727.407 Y250.49 Z156.5
G1 Z155.5
G1 E40 F9000
;TYPE:Sparse infill
;WIDTH:3.2
G1 F2779.614
G1 X738.92 Y250.49 E49.70059
G1 F2760
G1 X749.51 Y261.08 E64.65527
G1 X749.51 Y250.49 E45.71788
G1 X250.49 Y749.51 E3046.69043
G1 X250.49 Y738.92 E45.71786
M73 P35 R624
G1 X261.08 Y749.51 E64.65527
G1 X272.593 Y749.51 E49.70059
;WIPE_START
G1 F600
G1 X262.593 Y749.51 E-30
;WIPE_END
G1 Z156.5 F15000
G1 X435.402 Y749.51 Z156.5
G1 Z155.5
G1 E40 F9000
G1 F2779.614
G1 F2760
G1 X423.89 Y749.51 E49.7002
G1 X250.49 Y576.11 E1058.66699
G1 X250.49 Y586.7 E45.71798
G1 X586.7 Y250.49 E2052.67871
G1 X576.11 Y250.49 E45.71875
G1 X749.51 Y423.89 E1058.66712
G1 X749.51 Y413.3 E45.71875
G1 X413.3 Y749.51 E2052.6789
G1 X401.788 Y749.51 E49.70059
;WIPE_START
G1 F600
G1 X411.788 Y749.51 E-30
;WIPE_END
G1 Z156.5 F15000
G1 X598.212 Y749.51 Z156.5
G1 Z155.5
G1 E40 F9000
G1 F2779.614
G1 F2760
G1 X586.7 Y749.51 E49.70117
G1 X250.49 Y413.3 E2052.67889
G1 X250.49 Y423.89 E45.71875
G1 X423.89 Y250.49 E1058.66711
G1 X413.3 Y250.49 E45.71875
M73 P35 R623
G1 X749.51 Y586.7 E2052.6789
G1 X749.51 Y576.11 E45.71875
G1 X576.11 Y749.51 E1058.66713
G1 X564.597 Y749.51 E49.70059
;WIPE_START
G1 F600
G1 X574.597 Y749.51 E-30
;WIPE_END
G1 Z156.5 F15000
G1 X749.51 Y727.407 Z156.5
G1 Z155.5
G1 E40 F9000
G1 F2779.614
G1 X749.51 Y738.92 E49.70059
G1 F2760
G1 X738.92 Y749.51 E64.65625
G1 X749.51 Y749.51 E45.71875
G1 X250.49 Y250.49 E3046.69065
G1 X261.08 Y250.49 E45.71875
G1 X250.49 Y261.08 E64.65625
G1 X250.49 Y272.593 E49.70059
; stop printing object Cube id:0 copy 0
;LAYER_CHANGE
;Z:157
;HEIGHT:1.5
;BEFORE_LAYER_CHANGE
;157
G92 E0

EXCLUDE_OBJECT_END NAME=Cube_id_0_copy_0
;AFTER_LAYER_CHANGE
;157
;_SET_FAN_SPEED_CHANGING_LAYER
; printing object Cube id:0 copy 0
;WIPE_START
G1 F600
G1 X250.49 Y262.593 E-30
;WIPE_END
EXCLUDE_OBJECT_START NAME=Cube_id_0_copy_0
G1 Z158 F15000
G1 X248.044 Y248.044 Z158
G1 Z157
G1 E40 F9000
;TYPE:Outer wall
;WIDTH:3.2
G1 F2779.615
G1 X751.956 Y248.044 E2175.45813
G1 X751.956 Y751.956 E2175.45813
G1 F2760
M73 P35 R622
G1 X248.044 Y751.956 E2175.4585
G1 X248.044 Y248.344 E2174.16299
;WIPE_START
G1 F600
G1 X258.044 Y248.338 E-30
;WIPE_END
G1 Z158 F15000
G1 X250.49 Y272.593 Z158
G1 Z157
G1 E40 F9000
;TYPE:Sparse infill
;WIDTH:3.2
G1 F2779.614
G1 X250.49 Y261.08 E49.70059
G1 F2760
G1 X261.08 Y250.49 E64.65527
G1 X250.49 Y250.49 E45.71822
G1 X749.51 Y749.51 E3046.69043
G1 X738.92 Y749.51 E45.71823
G1 X749.51 Y738.92 E64.65527
G1 X749.51 Y727.407 E49.70059
;WIPE_START
G1 F600
G1 X749.51 Y737.407 E-30
;WIPE_END
G1 Z158 F15000
G1 X564.597 Y749.51 Z158
G1 Z157
G1 E40 F9000
G1 F2779.614
G1 X576.11 Y749.51 E49.70059
G1 F2760
G1 X749.51 Y576.11 E1058.66699
G1 X749.51 Y586.7 E45.71813
M73 P36 R622
G1 X413.3 Y250.49 E2052.67871
G1 X423.89 Y250.49 E45.71875
M73 P36 R621
G1 X250.49 Y423.89 E1058.66711
G1 X250.49 Y413.3 E45.71875
G1 X586.7 Y749.51 E2052.67889
G1 X598.212 Y749.51 E49.70059
;WIPE_START
G1 F600
G1 X588.212 Y749.51 E-30
;WIPE_END
G1 Z158 F15000
G1 X401.788 Y749.51 Z158
G1 Z157
G1 E40 F9000
G1 F2779.614
G1 F2760
G1 X413.3 Y749.51 E49.70117
G1 X749.51 Y413.3 E2052.6789
G1 X749.51 Y423.89 E45.71875
G1 X576.11 Y250.49 E1058.66712
G1 X586.7 Y250.49 E45.71875
G1 X250.49 Y586.7 E2052.67888
G1 X250.49 Y576.11 E45.71875
G1 X423.89 Y749.51 E1058.66712
G1 X435.402 Y749.51 E49.70059
;WIPE_START
G1 F600
G1 X425.402 Y749.51 E-30
;WIPE_END
G1 Z158 F15000
G1 X272.593 Y749.51 Z158
M73 P36 R620
G1 Z157
G1 E40 F9000
G1 F2779.614
G1 X261.08 Y749.51 E49.70059
G1 F2760
G1 X250.49 Y738.92 E64.65625
G1 X250.49 Y749.51 E45.71875
G1 X749.51 Y250.49 E3046.69015
G1 X749.51 Y261.08 E45.71875
G1 X738.92 Y250.49 E64.65625
G1 X727.407 Y250.49 E49.70059
; stop printing object Cube id:0 copy 0
;LAYER_CHANGE
;Z:158.5
;HEIGHT:1.5
;BEFORE_LAYER_CHANGE
;158.5
G92 E0

EXCLUDE_OBJECT_END NAME=Cube_id_0_copy_0
;AFTER_LAYER_CHANGE
;158.5
;_SET_FAN_SPEED_CHANGING_LAYER
; printing object Cube id:0 copy 0
;WIPE_START
G1 F600
G1 X737.407 Y250.49 E-30
;WIPE_END
EXCLUDE_OBJECT_START NAME=Cube_id_0_copy_0
G1 Z159.5 F15000
G1 X751.956 Y248.044 Z159.5
G1 Z158.5
G1 E40 F9000
;TYPE:Outer wall
;WIDTH:3.2
G1 F2779.615
G1 X751.956 Y751.956 E2175.45813
G1 X248.044 Y751.956 E2175.45813
G1 F2760
G1 X248.044 Y248.044 E2175.4585
G1 X751.656 Y248.044 E2174.16299
;WIPE_START
G1 F600
M73 P36 R619
G1 X751.662 Y258.044 E-30
;WIPE_END
G1 Z159.5 F15000
G1 X727.407 Y250.49 Z159.5
G1 Z158.5
G1 E40 F9000
;TYPE:Sparse infill
;WIDTH:3.2
G1 F2779.614
G1 X738.92 Y250.49 E49.70059
G1 F2760
G1 X749.51 Y261.08 E64.65527
G1 X749.51 Y250.49 E45.71788
G1 X250.49 Y749.51 E3046.69043
G1 X250.49 Y738.92 E45.71786
G1 X261.08 Y749.51 E64.65527
G1 X272.593 Y749.51 E49.70059
;WIPE_START
G1 F600
G1 X262.593 Y749.51 E-30
;WIPE_END
G1 Z159.5 F15000
G1 X435.402 Y749.51 Z159.5
G1 Z158.5
G1 E40 F9000
G1 F2779.614
G1 F2760
G1 X423.89 Y749.51 E49.7002
G1 X250.49 Y576.11 E1058.66699
G1 X250.49 Y586.7 E45.71798
G1 X586.7 Y250.49 E2052.67871
G1 X576.11 Y250.49 E45.71875
G1 X749.51 Y423.89 E1058.66712
G1 X749.51 Y413.3 E45.71875
G1 X413.3 Y749.51 E2052.6789
G1 X401.788 Y749.51 E49.70059
M73 P36 R618
;WIPE_START
G1 F600
G1 X411.788 Y749.51 E-30
;WIPE_END
G1 Z159.5 F15000
G1 X598.212 Y749.51 Z159.5
G1 Z158.5
G1 E40 F9000
G1 F2779.614
G1 F2760
G1 X586.7 Y749.51 E49.70117
G1 X250.49 Y413.3 E2052.67889
G1 X250.49 Y423.89 E45.71875
G1 X423.89 Y250.49 E1058.66711
G1 X413.3 Y250.49 E45.71875
G1 X749.51 Y586.7 E2052.6789
G1 X749.51 Y576.11 E45.71875
G1 X576.11 Y749.51 E1058.66713
G1 X564.597 Y749.51 E49.70059
;WIPE_START
G1 F600
G1 X574.597 Y749.51 E-30
;WIPE_END
G1 Z159.5 F15000
G1 X749.51 Y727.407 Z159.5
G1 Z158.5
G1 E40 F9000
G1 F2779.614
G1 X749.51 Y738.92 E49.70059
G1 F2760
G1 X738.92 Y749.51 E64.65625
G1 X749.51 Y749.51 E45.71875
G1 X250.49 Y250.49 E3046.69065
G1 X261.08 Y250.49 E45.71875
G1 X250.49 Y261.08 E64.65625
G1 X250.49 Y272.593 E49.70059
; stop printing object Cube id:0 copy 0
;LAYER_CHANGE
;Z:160
;HEIGHT:1.5
;BEFORE_LAYER_CHANGE
;160
G92 E0

EXCLUDE_OBJECT_END NAME=Cube_id_0_copy_0
;AFTER_LAYER_CHANGE
;160
;_SET_FAN_SPEED_CHANGING_LAYER
; printing object Cube id:0 copy 0
;WIPE_START
G1 F600
G1 X250.49 Y262.593 E-30
;WIPE_END
EXCLUDE_OBJECT_START NAME=Cube_id_0_copy_0
G1 Z161 F15000
M73 P36 R617
G1 X248.044 Y248.044 Z161
G1 Z160
G1 E40 F9000
;TYPE:Outer wall
;WIDTH:3.2
G1 F2779.615
G1 X751.956 Y248.044 E2175.45813
G1 X751.956 Y751.956 E2175.45813
G1 F2760
G1 X248.044 Y751.956 E2175.4585
G1 X248.044 Y248.344 E2174.16299
;WIPE_START
G1 F600
G1 X258.044 Y248.338 E-30
;WIPE_END
G1 Z161 F15000
G1 X250.49 Y272.593 Z161
G1 Z160
G1 E40 F9000
;TYPE:Sparse infill
;WIDTH:3.2
G1 F2779.614
G1 X250.49 Y261.08 E49.70059
G1 F2760
G1 X261.08 Y250.49 E64.65527
G1 X250.49 Y250.49 E45.71822
G1 X749.51 Y749.51 E3046.69043
G1 X738.92 Y749.51 E45.71823
M73 P36 R616
G1 X749.51 Y738.92 E64.65527
G1 X749.51 Y727.407 E49.70059
;WIPE_START
G1 F600
G1 X749.51 Y737.407 E-30
;WIPE_END
G1 Z161 F15000
G1 X564.597 Y749.51 Z161
G1 Z160
G1 E40 F9000
G1 F2779.614
G1 X576.11 Y749.51 E49.70059
G1 F2760
G1 X749.51 Y576.11 E1058.66699
G1 X749.51 Y586.7 E45.71813
G1 X413.3 Y250.49 E2052.67871
G1 X423.89 Y250.49 E45.71875
G1 X250.49 Y423.89 E1058.66711
G1 X250.49 Y413.3 E45.71875
G1 X586.7 Y749.51 E2052.67889
G1 X598.212 Y749.51 E49.70059
;WIPE_START
G1 F600
G1 X588.212 Y749.51 E-30
;WIPE_END
G1 Z161 F15000
G1 X401.788 Y749.51 Z161
G1 Z160
G1 E40 F9000
G1 F2779.614
G1 F2760
G1 X413.3 Y749.51 E49.70117
G1 X749.51 Y413.3 E2052.6789
G1 X749.51 Y423.89 E45.71875
G1 X576.11 Y250.49 E1058.66712
G1 X586.7 Y250.49 E45.71875
M73 P36 R615
G1 X250.49 Y586.7 E2052.67888
G1 X250.49 Y576.11 E45.71875
G1 X423.89 Y749.51 E1058.66712
G1 X435.402 Y749.51 E49.70059
;WIPE_START
G1 F600
G1 X425.402 Y749.51 E-30
;WIPE_END
G1 Z161 F15000
G1 X272.593 Y749.51 Z161
G1 Z160
G1 E40 F9000
G1 F2779.614
G1 X261.08 Y749.51 E49.70059
G1 F2760
G1 X250.49 Y738.92 E64.65625
G1 X250.49 Y749.51 E45.71875
G1 X749.51 Y250.49 E3046.69015
G1 X749.51 Y261.08 E45.71875
G1 X738.92 Y250.49 E64.65625
G1 X727.407 Y250.49 E49.70059
; stop printing object Cube id:0 copy 0
;LAYER_CHANGE
;Z:161.5
;HEIGHT:1.5
;BEFORE_LAYER_CHANGE
;161.5
G92 E0

EXCLUDE_OBJECT_END NAME=Cube_id_0_copy_0
;AFTER_LAYER_CHANGE
;161.5
;_SET_FAN_SPEED_CHANGING_LAYER
; printing object Cube id:0 copy 0
;WIPE_START
G1 F600
G1 X737.407 Y250.49 E-30
;WIPE_END
EXCLUDE_OBJECT_START NAME=Cube_id_0_copy_0
G1 Z162.5 F15000
G1 X751.956 Y248.044 Z162.5
G1 Z161.5
G1 E40 F9000
;TYPE:Outer wall
;WIDTH:3.2
G1 F2779.615
G1 X751.956 Y751.956 E2175.45813
G1 X248.044 Y751.956 E2175.45813
G1 F2760
M73 P36 R614
G1 X248.044 Y248.044 E2175.4585
G1 X751.656 Y248.044 E2174.16299
;WIPE_START
G1 F600
G1 X751.662 Y258.044 E-30
;WIPE_END
G1 Z162.5 F15000
G1 X727.407 Y250.49 Z162.5
G1 Z161.5
G1 E40 F9000
;TYPE:Sparse infill
;WIDTH:3.2
G1 F2779.614
G1 X738.92 Y250.49 E49.70059
G1 F2760
G1 X749.51 Y261.08 E64.65527
G1 X749.51 Y250.49 E45.71788
G1 X250.49 Y749.51 E3046.69043
G1 X250.49 Y738.92 E45.71786
G1 X261.08 Y749.51 E64.65527
G1 X272.593 Y749.51 E49.70059
;WIPE_START
G1 F600
G1 X262.593 Y749.51 E-30
;WIPE_END
G1 Z162.5 F15000
G1 X435.402 Y749.51 Z162.5
G1 Z161.5
G1 E40 F9000
G1 F2779.614
G1 F2760
G1 X423.89 Y749.51 E49.7002
G1 X250.49 Y576.11 E1058.66699
G1 X250.49 Y586.7 E45.71798
G1 X586.7 Y250.49 E2052.67871
G1 X576.11 Y250.49 E45.71875
M73 P36 R613
G1 X749.51 Y423.89 E1058.66712
G1 X749.51 Y413.3 E45.71875
G1 X413.3 Y749.51 E2052.6789
G1 X401.788 Y749.51 E49.70059
;WIPE_START
G1 F600
G1 X411.788 Y749.51 E-30
;WIPE_END
G1 Z162.5 F15000
G1 X598.212 Y749.51 Z162.5
G1 Z161.5
G1 E40 F9000
G1 F2779.614
G1 F2760
G1 X586.7 Y749.51 E49.70117
G1 X250.49 Y413.3 E2052.67889
G1 X250.49 Y423.89 E45.71875
G1 X423.89 Y250.49 E1058.66711
G1 X413.3 Y250.49 E45.71875
G1 X749.51 Y586.7 E2052.6789
G1 X749.51 Y576.11 E45.71875
G1 X576.11 Y749.51 E1058.66713
G1 X564.597 Y749.51 E49.70059
;WIPE_START
G1 F600
G1 X574.597 Y749.51 E-30
;WIPE_END
G1 Z162.5 F15000
G1 X749.51 Y727.407 Z162.5
G1 Z161.5
M73 P36 R612
G1 E40 F9000
G1 F2779.614
G1 X749.51 Y738.92 E49.70059
G1 F2760
G1 X738.92 Y749.51 E64.65625
G1 X749.51 Y749.51 E45.71875
G1 X250.49 Y250.49 E3046.69065
G1 X261.08 Y250.49 E45.71875
G1 X250.49 Y261.08 E64.65625
G1 X250.49 Y272.593 E49.70059
; stop printing object Cube id:0 copy 0
;LAYER_CHANGE
;Z:163
;HEIGHT:1.5
;BEFORE_LAYER_CHANGE
;163
G92 E0

EXCLUDE_OBJECT_END NAME=Cube_id_0_copy_0
;AFTER_LAYER_CHANGE
;163
;_SET_FAN_SPEED_CHANGING_LAYER
; printing object Cube id:0 copy 0
;WIPE_START
G1 F600
G1 X250.49 Y262.593 E-30
;WIPE_END
EXCLUDE_OBJECT_START NAME=Cube_id_0_copy_0
G1 Z164 F15000
G1 X248.044 Y248.044 Z164
G1 Z163
G1 E40 F9000
;TYPE:Outer wall
;WIDTH:3.2
G1 F2779.615
G1 X751.956 Y248.044 E2175.45813
G1 X751.956 Y751.956 E2175.45813
G1 F2760
M73 P37 R612
G1 X248.044 Y751.956 E2175.4585
G1 X248.044 Y248.344 E2174.16299
;WIPE_START
G1 F600
M73 P37 R611
G1 X258.044 Y248.338 E-30
;WIPE_END
G1 Z164 F15000
G1 X250.49 Y272.593 Z164
G1 Z163
G1 E40 F9000
;TYPE:Sparse infill
;WIDTH:3.2
G1 F2779.614
G1 X250.49 Y261.08 E49.70059
G1 F2760
G1 X261.08 Y250.49 E64.65527
G1 X250.49 Y250.49 E45.71822
G1 X749.51 Y749.51 E3046.69043
G1 X738.92 Y749.51 E45.71823
G1 X749.51 Y738.92 E64.65527
G1 X749.51 Y727.407 E49.70059
;WIPE_START
G1 F600
G1 X749.51 Y737.407 E-30
;WIPE_END
G1 Z164 F15000
G1 X564.597 Y749.51 Z164
G1 Z163
G1 E40 F9000
G1 F2779.614
G1 X576.11 Y749.51 E49.70059
G1 F2760
G1 X749.51 Y576.11 E1058.66699
G1 X749.51 Y586.7 E45.71813
G1 X413.3 Y250.49 E2052.67871
G1 X423.89 Y250.49 E45.71875
G1 X250.49 Y423.89 E1058.66711
G1 X250.49 Y413.3 E45.71875
G1 X586.7 Y749.51 E2052.67889
G1 X598.212 Y749.51 E49.70059
M73 P37 R610
;WIPE_START
G1 F600
G1 X588.212 Y749.51 E-30
;WIPE_END
G1 Z164 F15000
G1 X401.788 Y749.51 Z164
G1 Z163
G1 E40 F9000
G1 F2779.614
G1 F2760
G1 X413.3 Y749.51 E49.70117
G1 X749.51 Y413.3 E2052.6789
G1 X749.51 Y423.89 E45.71875
G1 X576.11 Y250.49 E1058.66712
G1 X586.7 Y250.49 E45.71875
G1 X250.49 Y586.7 E2052.67888
G1 X250.49 Y576.11 E45.71875
G1 X423.89 Y749.51 E1058.66712
G1 X435.402 Y749.51 E49.70059
;WIPE_START
G1 F600
G1 X425.402 Y749.51 E-30
;WIPE_END
G1 Z164 F15000
G1 X272.593 Y749.51 Z164
G1 Z163
G1 E40 F9000
G1 F2779.614
G1 X261.08 Y749.51 E49.70059
G1 F2760
G1 X250.49 Y738.92 E64.65625
G1 X250.49 Y749.51 E45.71875
G1 X749.51 Y250.49 E3046.69015
G1 X749.51 Y261.08 E45.71875
G1 X738.92 Y250.49 E64.65625
G1 X727.407 Y250.49 E49.70059
; stop printing object Cube id:0 copy 0
;LAYER_CHANGE
;Z:164.5
;HEIGHT:1.5
;BEFORE_LAYER_CHANGE
;164.5
G92 E0

EXCLUDE_OBJECT_END NAME=Cube_id_0_copy_0
;AFTER_LAYER_CHANGE
;164.5
;_SET_FAN_SPEED_CHANGING_LAYER
; printing object Cube id:0 copy 0
;WIPE_START
G1 F600
G1 X737.407 Y250.49 E-30
;WIPE_END
EXCLUDE_OBJECT_START NAME=Cube_id_0_copy_0
G1 Z165.5 F15000
G1 X751.956 Y248.044 Z165.5
M73 P37 R609
G1 Z164.5
G1 E40 F9000
;TYPE:Outer wall
;WIDTH:3.2
G1 F2779.615
G1 X751.956 Y751.956 E2175.45813
G1 X248.044 Y751.956 E2175.45813
G1 F2760
G1 X248.044 Y248.044 E2175.4585
G1 X751.656 Y248.044 E2174.16299
;WIPE_START
G1 F600
G1 X751.662 Y258.044 E-30
;WIPE_END
G1 Z165.5 F15000
G1 X727.407 Y250.49 Z165.5
G1 Z164.5
G1 E40 F9000
;TYPE:Sparse infill
;WIDTH:3.2
G1 F2779.614
G1 X738.92 Y250.49 E49.70059
G1 F2760
G1 X749.51 Y261.08 E64.65527
G1 X749.51 Y250.49 E45.71788
G1 X250.49 Y749.51 E3046.69043
G1 X250.49 Y738.92 E45.71786
M73 P37 R608
G1 X261.08 Y749.51 E64.65527
G1 X272.593 Y749.51 E49.70059
;WIPE_START
G1 F600
G1 X262.593 Y749.51 E-30
;WIPE_END
G1 Z165.5 F15000
G1 X435.402 Y749.51 Z165.5
G1 Z164.5
G1 E40 F9000
G1 F2779.614
G1 F2760
G1 X423.89 Y749.51 E49.7002
G1 X250.49 Y576.11 E1058.66699
G1 X250.49 Y586.7 E45.71798
G1 X586.7 Y250.49 E2052.67871
G1 X576.11 Y250.49 E45.71875
G1 X749.51 Y423.89 E1058.66712
G1 X749.51 Y413.3 E45.71875
G1 X413.3 Y749.51 E2052.6789
G1 X401.788 Y749.51 E49.70059
;WIPE_START
G1 F600
G1 X411.788 Y749.51 E-30
;WIPE_END
G1 Z165.5 F15000
G1 X598.212 Y749.51 Z165.5
G1 Z164.5
G1 E40 F9000
G1 F2779.614
G1 F2760
G1 X586.7 Y749.51 E49.70117
G1 X250.49 Y413.3 E2052.67889
G1 X250.49 Y423.89 E45.71875
G1 X423.89 Y250.49 E1058.66711
G1 X413.3 Y250.49 E45.71875
M73 P37 R607
G1 X749.51 Y586.7 E2052.6789
G1 X749.51 Y576.11 E45.71875
G1 X576.11 Y749.51 E1058.66713
G1 X564.597 Y749.51 E49.70059
;WIPE_START
G1 F600
G1 X574.597 Y749.51 E-30
;WIPE_END
G1 Z165.5 F15000
G1 X749.51 Y727.407 Z165.5
G1 Z164.5
G1 E40 F9000
G1 F2779.614
G1 X749.51 Y738.92 E49.70059
G1 F2760
G1 X738.92 Y749.51 E64.65625
G1 X749.51 Y749.51 E45.71875
G1 X250.49 Y250.49 E3046.69065
G1 X261.08 Y250.49 E45.71875
G1 X250.49 Y261.08 E64.65625
G1 X250.49 Y272.593 E49.70059
; stop printing object Cube id:0 copy 0
;LAYER_CHANGE
;Z:166
;HEIGHT:1.5
;BEFORE_LAYER_CHANGE
;166
G92 E0

EXCLUDE_OBJECT_END NAME=Cube_id_0_copy_0
;AFTER_LAYER_CHANGE
;166
;_SET_FAN_SPEED_CHANGING_LAYER
; printing object Cube id:0 copy 0
;WIPE_START
G1 F600
G1 X250.49 Y262.593 E-30
;WIPE_END
EXCLUDE_OBJECT_START NAME=Cube_id_0_copy_0
G1 Z167 F15000
G1 X248.044 Y248.044 Z167
G1 Z166
G1 E40 F9000
;TYPE:Outer wall
;WIDTH:3.2
G1 F2779.615
G1 X751.956 Y248.044 E2175.45813
G1 X751.956 Y751.956 E2175.45813
G1 F2760
M73 P37 R606
G1 X248.044 Y751.956 E2175.4585
G1 X248.044 Y248.344 E2174.16299
;WIPE_START
G1 F600
G1 X258.044 Y248.338 E-30
;WIPE_END
G1 Z167 F15000
G1 X250.49 Y272.593 Z167
G1 Z166
G1 E40 F9000
;TYPE:Sparse infill
;WIDTH:3.2
G1 F2779.614
G1 X250.49 Y261.08 E49.70059
G1 F2760
G1 X261.08 Y250.49 E64.65527
G1 X250.49 Y250.49 E45.71822
G1 X749.51 Y749.51 E3046.69043
G1 X738.92 Y749.51 E45.71823
G1 X749.51 Y738.92 E64.65527
G1 X749.51 Y727.407 E49.70059
;WIPE_START
G1 F600
G1 X749.51 Y737.407 E-30
;WIPE_END
G1 Z167 F15000
G1 X564.597 Y749.51 Z167
G1 Z166
G1 E40 F9000
G1 F2779.614
G1 X576.11 Y749.51 E49.70059
G1 F2760
G1 X749.51 Y576.11 E1058.66699
G1 X749.51 Y586.7 E45.71813
G1 X413.3 Y250.49 E2052.67871
G1 X423.89 Y250.49 E45.71875
M73 P37 R605
G1 X250.49 Y423.89 E1058.66711
G1 X250.49 Y413.3 E45.71875
G1 X586.7 Y749.51 E2052.67889
G1 X598.212 Y749.51 E49.70059
;WIPE_START
G1 F600
G1 X588.212 Y749.51 E-30
;WIPE_END
G1 Z167 F15000
G1 X401.788 Y749.51 Z167
G1 Z166
G1 E40 F9000
G1 F2779.614
G1 F2760
G1 X413.3 Y749.51 E49.70117
G1 X749.51 Y413.3 E2052.6789
G1 X749.51 Y423.89 E45.71875
G1 X576.11 Y250.49 E1058.66712
G1 X586.7 Y250.49 E45.71875
G1 X250.49 Y586.7 E2052.67888
G1 X250.49 Y576.11 E45.71875
G1 X423.89 Y749.51 E1058.66712
G1 X435.402 Y749.51 E49.70059
;WIPE_START
G1 F600
G1 X425.402 Y749.51 E-30
;WIPE_END
G1 Z167 F15000
G1 X272.593 Y749.51 Z167
G1 Z166
G1 E40 F9000
M73 P37 R604
G1 F2779.614
G1 X261.08 Y749.51 E49.70059
G1 F2760
G1 X250.49 Y738.92 E64.65625
G1 X250.49 Y749.51 E45.71875
G1 X749.51 Y250.49 E3046.69015
G1 X749.51 Y261.08 E45.71875
G1 X738.92 Y250.49 E64.65625
G1 X727.407 Y250.49 E49.70059
; stop printing object Cube id:0 copy 0
;LAYER_CHANGE
;Z:167.5
;HEIGHT:1.5
;BEFORE_LAYER_CHANGE
;167.5
G92 E0

EXCLUDE_OBJECT_END NAME=Cube_id_0_copy_0
;AFTER_LAYER_CHANGE
;167.5
;_SET_FAN_SPEED_CHANGING_LAYER
; printing object Cube id:0 copy 0
;WIPE_START
G1 F600
G1 X737.407 Y250.49 E-30
;WIPE_END
EXCLUDE_OBJECT_START NAME=Cube_id_0_copy_0
G1 Z168.5 F15000
G1 X751.956 Y248.044 Z168.5
G1 Z167.5
G1 E40 F9000
;TYPE:Outer wall
;WIDTH:3.2
G1 F2779.615
G1 X751.956 Y751.956 E2175.45813
G1 X248.044 Y751.956 E2175.45813
G1 F2760
G1 X248.044 Y248.044 E2175.4585
G1 X751.656 Y248.044 E2174.16299
;WIPE_START
G1 F600
M73 P37 R603
G1 X751.662 Y258.044 E-30
;WIPE_END
G1 Z168.5 F15000
G1 X727.407 Y250.49 Z168.5
G1 Z167.5
G1 E40 F9000
;TYPE:Sparse infill
;WIDTH:3.2
G1 F2779.614
G1 X738.92 Y250.49 E49.70059
G1 F2760
G1 X749.51 Y261.08 E64.65527
G1 X749.51 Y250.49 E45.71788
G1 X250.49 Y749.51 E3046.69043
G1 X250.49 Y738.92 E45.71786
G1 X261.08 Y749.51 E64.65527
G1 X272.593 Y749.51 E49.70059
;WIPE_START
G1 F600
G1 X262.593 Y749.51 E-30
;WIPE_END
G1 Z168.5 F15000
G1 X435.402 Y749.51 Z168.5
G1 Z167.5
G1 E40 F9000
G1 F2779.614
G1 F2760
G1 X423.89 Y749.51 E49.7002
G1 X250.49 Y576.11 E1058.66699
G1 X250.49 Y586.7 E45.71798
G1 X586.7 Y250.49 E2052.67871
G1 X576.11 Y250.49 E45.71875
G1 X749.51 Y423.89 E1058.66712
G1 X749.51 Y413.3 E45.71875
G1 X413.3 Y749.51 E2052.6789
G1 X401.788 Y749.51 E49.70059
M73 P37 R602
;WIPE_START
G1 F600
G1 X411.788 Y749.51 E-30
;WIPE_END
G1 Z168.5 F15000
G1 X598.212 Y749.51 Z168.5
G1 Z167.5
G1 E40 F9000
G1 F2779.614
G1 F2760
G1 X586.7 Y749.51 E49.70117
G1 X250.49 Y413.3 E2052.67889
G1 X250.49 Y423.89 E45.71875
G1 X423.89 Y250.49 E1058.66711
G1 X413.3 Y250.49 E45.71875
M73 P38 R602
G1 X749.51 Y586.7 E2052.6789
G1 X749.51 Y576.11 E45.71875
G1 X576.11 Y749.51 E1058.66713
G1 X564.597 Y749.51 E49.70059
;WIPE_START
G1 F600
G1 X574.597 Y749.51 E-30
;WIPE_END
G1 Z168.5 F15000
G1 X749.51 Y727.407 Z168.5
G1 Z167.5
G1 E40 F9000
G1 F2779.614
G1 X749.51 Y738.92 E49.70059
G1 F2760
G1 X738.92 Y749.51 E64.65625
G1 X749.51 Y749.51 E45.71875
G1 X250.49 Y250.49 E3046.69065
G1 X261.08 Y250.49 E45.71875
G1 X250.49 Y261.08 E64.65625
G1 X250.49 Y272.593 E49.70059
; stop printing object Cube id:0 copy 0
;LAYER_CHANGE
;Z:169
;HEIGHT:1.5
;BEFORE_LAYER_CHANGE
;169
G92 E0

EXCLUDE_OBJECT_END NAME=Cube_id_0_copy_0
;AFTER_LAYER_CHANGE
;169
;_SET_FAN_SPEED_CHANGING_LAYER
; printing object Cube id:0 copy 0
;WIPE_START
G1 F600
G1 X250.49 Y262.593 E-30
;WIPE_END
EXCLUDE_OBJECT_START NAME=Cube_id_0_copy_0
G1 Z170 F15000
G1 X248.044 Y248.044 Z170
G1 Z169
G1 E40 F9000
M73 P38 R601
;TYPE:Outer wall
;WIDTH:3.2
G1 F2779.615
G1 X751.956 Y248.044 E2175.45813
G1 X751.956 Y751.956 E2175.45813
G1 F2760
G1 X248.044 Y751.956 E2175.4585
G1 X248.044 Y248.344 E2174.16299
;WIPE_START
G1 F600
G1 X258.044 Y248.338 E-30
;WIPE_END
G1 Z170 F15000
G1 X250.49 Y272.593 Z170
G1 Z169
G1 E40 F9000
;TYPE:Sparse infill
;WIDTH:3.2
G1 F2779.614
G1 X250.49 Y261.08 E49.70059
G1 F2760
G1 X261.08 Y250.49 E64.65527
G1 X250.49 Y250.49 E45.71822
G1 X749.51 Y749.51 E3046.69043
G1 X738.92 Y749.51 E45.71823
M73 P38 R600
G1 X749.51 Y738.92 E64.65527
G1 X749.51 Y727.407 E49.70059
;WIPE_START
G1 F600
G1 X749.51 Y737.407 E-30
;WIPE_END
G1 Z170 F15000
G1 X564.597 Y749.51 Z170
G1 Z169
G1 E40 F9000
G1 F2779.614
G1 X576.11 Y749.51 E49.70059
G1 F2760
G1 X749.51 Y576.11 E1058.66699
G1 X749.51 Y586.7 E45.71813
G1 X413.3 Y250.49 E2052.67871
G1 X423.89 Y250.49 E45.71875
G1 X250.49 Y423.89 E1058.66711
G1 X250.49 Y413.3 E45.71875
G1 X586.7 Y749.51 E2052.67889
G1 X598.212 Y749.51 E49.70059
;WIPE_START
G1 F600
G1 X588.212 Y749.51 E-30
;WIPE_END
G1 Z170 F15000
G1 X401.788 Y749.51 Z170
G1 Z169
G1 E40 F9000
G1 F2779.614
G1 F2760
G1 X413.3 Y749.51 E49.70117
G1 X749.51 Y413.3 E2052.6789
G1 X749.51 Y423.89 E45.71875
G1 X576.11 Y250.49 E1058.66712
G1 X586.7 Y250.49 E45.71875
M73 P38 R599
G1 X250.49 Y586.7 E2052.67888
G1 X250.49 Y576.11 E45.71875
G1 X423.89 Y749.51 E1058.66712
G1 X435.402 Y749.51 E49.70059
;WIPE_START
G1 F600
G1 X425.402 Y749.51 E-30
;WIPE_END
G1 Z170 F15000
G1 X272.593 Y749.51 Z170
G1 Z169
G1 E40 F9000
G1 F2779.614
G1 X261.08 Y749.51 E49.70059
G1 F2760
G1 X250.49 Y738.92 E64.65625
G1 X250.49 Y749.51 E45.71875
G1 X749.51 Y250.49 E3046.69015
G1 X749.51 Y261.08 E45.71875
G1 X738.92 Y250.49 E64.65625
G1 X727.407 Y250.49 E49.70059
; stop printing object Cube id:0 copy 0
;LAYER_CHANGE
;Z:170.5
;HEIGHT:1.5
;BEFORE_LAYER_CHANGE
;170.5
G92 E0

EXCLUDE_OBJECT_END NAME=Cube_id_0_copy_0
;AFTER_LAYER_CHANGE
;170.5
;_SET_FAN_SPEED_CHANGING_LAYER
; printing object Cube id:0 copy 0
;WIPE_START
G1 F600
G1 X737.407 Y250.49 E-30
;WIPE_END
EXCLUDE_OBJECT_START NAME=Cube_id_0_copy_0
G1 Z171.5 F15000
G1 X751.956 Y248.044 Z171.5
G1 Z170.5
G1 E40 F9000
;TYPE:Outer wall
;WIDTH:3.2
G1 F2779.615
G1 X751.956 Y751.956 E2175.45813
G1 X248.044 Y751.956 E2175.45813
G1 F2760
M73 P38 R598
G1 X248.044 Y248.044 E2175.4585
G1 X751.656 Y248.044 E2174.16299
;WIPE_START
G1 F600
G1 X751.662 Y258.044 E-30
;WIPE_END
G1 Z171.5 F15000
G1 X727.407 Y250.49 Z171.5
G1 Z170.5
G1 E40 F9000
;TYPE:Sparse infill
;WIDTH:3.2
G1 F2779.614
G1 X738.92 Y250.49 E49.70059
G1 F2760
G1 X749.51 Y261.08 E64.65527
G1 X749.51 Y250.49 E45.71788
G1 X250.49 Y749.51 E3046.69043
G1 X250.49 Y738.92 E45.71786
G1 X261.08 Y749.51 E64.65527
G1 X272.593 Y749.51 E49.70059
;WIPE_START
G1 F600
G1 X262.593 Y749.51 E-30
;WIPE_END
G1 Z171.5 F15000
G1 X435.402 Y749.51 Z171.5
G1 Z170.5
G1 E40 F9000
G1 F2779.614
G1 F2760
G1 X423.89 Y749.51 E49.7002
G1 X250.49 Y576.11 E1058.66699
G1 X250.49 Y586.7 E45.71798
G1 X586.7 Y250.49 E2052.67871
G1 X576.11 Y250.49 E45.71875
M73 P38 R597
G1 X749.51 Y423.89 E1058.66712
G1 X749.51 Y413.3 E45.71875
G1 X413.3 Y749.51 E2052.6789
G1 X401.788 Y749.51 E49.70059
;WIPE_START
G1 F600
G1 X411.788 Y749.51 E-30
;WIPE_END
G1 Z171.5 F15000
G1 X598.212 Y749.51 Z171.5
G1 Z170.5
G1 E40 F9000
G1 F2779.614
G1 F2760
G1 X586.7 Y749.51 E49.70117
G1 X250.49 Y413.3 E2052.67889
G1 X250.49 Y423.89 E45.71875
G1 X423.89 Y250.49 E1058.66711
G1 X413.3 Y250.49 E45.71875
G1 X749.51 Y586.7 E2052.6789
G1 X749.51 Y576.11 E45.71875
G1 X576.11 Y749.51 E1058.66713
G1 X564.597 Y749.51 E49.70059
;WIPE_START
G1 F600
G1 X574.597 Y749.51 E-30
;WIPE_END
G1 Z171.5 F15000
G1 X749.51 Y727.407 Z171.5
G1 Z170.5
G1 E40 F9000
G1 F2779.614
M73 P38 R596
G1 X749.51 Y738.92 E49.70059
G1 F2760
G1 X738.92 Y749.51 E64.65625
G1 X749.51 Y749.51 E45.71875
G1 X250.49 Y250.49 E3046.69065
G1 X261.08 Y250.49 E45.71875
G1 X250.49 Y261.08 E64.65625
G1 X250.49 Y272.593 E49.70059
; stop printing object Cube id:0 copy 0
;LAYER_CHANGE
;Z:172
;HEIGHT:1.5
;BEFORE_LAYER_CHANGE
;172
G92 E0

EXCLUDE_OBJECT_END NAME=Cube_id_0_copy_0
;AFTER_LAYER_CHANGE
;172
;_SET_FAN_SPEED_CHANGING_LAYER
; printing object Cube id:0 copy 0
;WIPE_START
G1 F600
G1 X250.49 Y262.593 E-30
;WIPE_END
EXCLUDE_OBJECT_START NAME=Cube_id_0_copy_0
G1 Z173 F15000
G1 X248.044 Y248.044 Z173
G1 Z172
G1 E40 F9000
;TYPE:Outer wall
;WIDTH:3.2
G1 F2779.615
G1 X751.956 Y248.044 E2175.45813
G1 X751.956 Y751.956 E2175.45813
G1 F2760
G1 X248.044 Y751.956 E2175.4585
G1 X248.044 Y248.344 E2174.16299
;WIPE_START
G1 F600
M73 P38 R595
G1 X258.044 Y248.338 E-30
;WIPE_END
G1 Z173 F15000
G1 X250.49 Y272.593 Z173
G1 Z172
G1 E40 F9000
;TYPE:Sparse infill
;WIDTH:3.2
G1 F2779.614
G1 X250.49 Y261.08 E49.70059
G1 F2760
G1 X261.08 Y250.49 E64.65527
G1 X250.49 Y250.49 E45.71822
G1 X749.51 Y749.51 E3046.69043
G1 X738.92 Y749.51 E45.71823
G1 X749.51 Y738.92 E64.65527
G1 X749.51 Y727.407 E49.70059
;WIPE_START
G1 F600
G1 X749.51 Y737.407 E-30
;WIPE_END
G1 Z173 F15000
G1 X564.597 Y749.51 Z173
G1 Z172
G1 E40 F9000
G1 F2779.614
G1 X576.11 Y749.51 E49.70059
G1 F2760
G1 X749.51 Y576.11 E1058.66699
G1 X749.51 Y586.7 E45.71813
G1 X413.3 Y250.49 E2052.67871
G1 X423.89 Y250.49 E45.71875
G1 X250.49 Y423.89 E1058.66711
G1 X250.49 Y413.3 E45.71875
G1 X586.7 Y749.51 E2052.67889
G1 X598.212 Y749.51 E49.70059
M73 P38 R594
;WIPE_START
G1 F600
G1 X588.212 Y749.51 E-30
;WIPE_END
G1 Z173 F15000
G1 X401.788 Y749.51 Z173
G1 Z172
G1 E40 F9000
G1 F2779.614
G1 F2760
G1 X413.3 Y749.51 E49.70117
G1 X749.51 Y413.3 E2052.6789
G1 X749.51 Y423.89 E45.71875
G1 X576.11 Y250.49 E1058.66712
G1 X586.7 Y250.49 E45.71875
G1 X250.49 Y586.7 E2052.67888
G1 X250.49 Y576.11 E45.71875
G1 X423.89 Y749.51 E1058.66712
G1 X435.402 Y749.51 E49.70059
;WIPE_START
G1 F600
G1 X425.402 Y749.51 E-30
;WIPE_END
G1 Z173 F15000
G1 X272.593 Y749.51 Z173
G1 Z172
G1 E40 F9000
G1 F2779.614
G1 X261.08 Y749.51 E49.70059
G1 F2760
G1 X250.49 Y738.92 E64.65625
G1 X250.49 Y749.51 E45.71875
G1 X749.51 Y250.49 E3046.69015
G1 X749.51 Y261.08 E45.71875
G1 X738.92 Y250.49 E64.65625
G1 X727.407 Y250.49 E49.70059
; stop printing object Cube id:0 copy 0
;LAYER_CHANGE
;Z:173.5
;HEIGHT:1.5
;BEFORE_LAYER_CHANGE
;173.5
G92 E0

EXCLUDE_OBJECT_END NAME=Cube_id_0_copy_0
;AFTER_LAYER_CHANGE
;173.5
;_SET_FAN_SPEED_CHANGING_LAYER
; printing object Cube id:0 copy 0
;WIPE_START
G1 F600
G1 X737.407 Y250.49 E-30
;WIPE_END
EXCLUDE_OBJECT_START NAME=Cube_id_0_copy_0
G1 Z174.5 F15000
G1 X751.956 Y248.044 Z174.5
G1 Z173.5
G1 E40 F9000
;TYPE:Outer wall
;WIDTH:3.2
G1 F2779.615
G1 X751.956 Y751.956 E2175.45813
G1 X248.044 Y751.956 E2175.45813
M73 P38 R593
G1 F2760
G1 X248.044 Y248.044 E2175.4585
G1 X751.656 Y248.044 E2174.16299
;WIPE_START
G1 F600
G1 X751.662 Y258.044 E-30
;WIPE_END
G1 Z174.5 F15000
G1 X727.407 Y250.49 Z174.5
G1 Z173.5
G1 E40 F9000
;TYPE:Sparse infill
;WIDTH:3.2
G1 F2779.614
G1 X738.92 Y250.49 E49.70059
G1 F2760
G1 X749.51 Y261.08 E64.65527
G1 X749.51 Y250.49 E45.71788
G1 X250.49 Y749.51 E3046.69043
G1 X250.49 Y738.92 E45.71786
M73 P39 R592
G1 X261.08 Y749.51 E64.65527
G1 X272.593 Y749.51 E49.70059
;WIPE_START
G1 F600
G1 X262.593 Y749.51 E-30
;WIPE_END
G1 Z174.5 F15000
G1 X435.402 Y749.51 Z174.5
G1 Z173.5
G1 E40 F9000
G1 F2779.614
G1 F2760
G1 X423.89 Y749.51 E49.7002
G1 X250.49 Y576.11 E1058.66699
G1 X250.49 Y586.7 E45.71798
G1 X586.7 Y250.49 E2052.67871
G1 X576.11 Y250.49 E45.71875
G1 X749.51 Y423.89 E1058.66712
G1 X749.51 Y413.3 E45.71875
G1 X413.3 Y749.51 E2052.6789
G1 X401.788 Y749.51 E49.70059
;WIPE_START
G1 F600
G1 X411.788 Y749.51 E-30
;WIPE_END
G1 Z174.5 F15000
G1 X598.212 Y749.51 Z174.5
G1 Z173.5
G1 E40 F9000
G1 F2779.614
G1 F2760
G1 X586.7 Y749.51 E49.70117
G1 X250.49 Y413.3 E2052.67889
G1 X250.49 Y423.89 E45.71875
G1 X423.89 Y250.49 E1058.66711
G1 X413.3 Y250.49 E45.71875
G1 X749.51 Y586.7 E2052.6789
M73 P39 R591
G1 X749.51 Y576.11 E45.71875
G1 X576.11 Y749.51 E1058.66713
G1 X564.597 Y749.51 E49.70059
;WIPE_START
G1 F600
G1 X574.597 Y749.51 E-30
;WIPE_END
G1 Z174.5 F15000
G1 X749.51 Y727.407 Z174.5
G1 Z173.5
G1 E40 F9000
G1 F2779.614
G1 X749.51 Y738.92 E49.70059
G1 F2760
G1 X738.92 Y749.51 E64.65625
G1 X749.51 Y749.51 E45.71875
G1 X250.49 Y250.49 E3046.69065
G1 X261.08 Y250.49 E45.71875
G1 X250.49 Y261.08 E64.65625
G1 X250.49 Y272.593 E49.70059
; stop printing object Cube id:0 copy 0
;LAYER_CHANGE
;Z:175
;HEIGHT:1.5
;BEFORE_LAYER_CHANGE
;175
G92 E0

EXCLUDE_OBJECT_END NAME=Cube_id_0_copy_0
;AFTER_LAYER_CHANGE
;175
;_SET_FAN_SPEED_CHANGING_LAYER
; printing object Cube id:0 copy 0
;WIPE_START
G1 F600
G1 X250.49 Y262.593 E-30
;WIPE_END
EXCLUDE_OBJECT_START NAME=Cube_id_0_copy_0
G1 Z176 F15000
G1 X248.044 Y248.044 Z176
G1 Z175
G1 E40 F9000
;TYPE:Outer wall
;WIDTH:3.2
G1 F2779.615
G1 X751.956 Y248.044 E2175.45813
G1 X751.956 Y751.956 E2175.45813
G1 F2760
M73 P39 R590
G1 X248.044 Y751.956 E2175.4585
G1 X248.044 Y248.344 E2174.16299
;WIPE_START
G1 F600
G1 X258.044 Y248.338 E-30
;WIPE_END
G1 Z176 F15000
G1 X250.49 Y272.593 Z176
G1 Z175
G1 E40 F9000
;TYPE:Sparse infill
;WIDTH:3.2
G1 F2779.614
G1 X250.49 Y261.08 E49.70059
G1 F2760
G1 X261.08 Y250.49 E64.65527
G1 X250.49 Y250.49 E45.71822
G1 X749.51 Y749.51 E3046.69043
G1 X738.92 Y749.51 E45.71823
G1 X749.51 Y738.92 E64.65527
G1 X749.51 Y727.407 E49.70059
;WIPE_START
G1 F600
G1 X749.51 Y737.407 E-30
;WIPE_END
G1 Z176 F15000
G1 X564.597 Y749.51 Z176
G1 Z175
G1 E40 F9000
G1 F2779.614
G1 X576.11 Y749.51 E49.70059
G1 F2760
G1 X749.51 Y576.11 E1058.66699
G1 X749.51 Y586.7 E45.71813
G1 X413.3 Y250.49 E2052.67871
G1 X423.89 Y250.49 E45.71875
M73 P39 R589
G1 X250.49 Y423.89 E1058.66711
G1 X250.49 Y413.3 E45.71875
G1 X586.7 Y749.51 E2052.67889
G1 X598.212 Y749.51 E49.70059
;WIPE_START
G1 F600
G1 X588.212 Y749.51 E-30
;WIPE_END
G1 Z176 F15000
G1 X401.788 Y749.51 Z176
G1 Z175
G1 E40 F9000
G1 F2779.614
G1 F2760
G1 X413.3 Y749.51 E49.70117
G1 X749.51 Y413.3 E2052.6789
G1 X749.51 Y423.89 E45.71875
G1 X576.11 Y250.49 E1058.66712
G1 X586.7 Y250.49 E45.71875
G1 X250.49 Y586.7 E2052.67888
G1 X250.49 Y576.11 E45.71875
G1 X423.89 Y749.51 E1058.66712
G1 X435.402 Y749.51 E49.70059
;WIPE_START
G1 F600
G1 X425.402 Y749.51 E-30
;WIPE_END
G1 Z176 F15000
G1 X272.593 Y749.51 Z176
G1 Z175
G1 E40 F9000
G1 F2779.614
G1 X261.08 Y749.51 E49.70059
G1 F2760
G1 X250.49 Y738.92 E64.65625
G1 X250.49 Y749.51 E45.71875
M73 P39 R588
G1 X749.51 Y250.49 E3046.69015
G1 X749.51 Y261.08 E45.71875
G1 X738.92 Y250.49 E64.65625
G1 X727.407 Y250.49 E49.70059
; stop printing object Cube id:0 copy 0
;LAYER_CHANGE
;Z:176.5
;HEIGHT:1.5
;BEFORE_LAYER_CHANGE
;176.5
G92 E0

EXCLUDE_OBJECT_END NAME=Cube_id_0_copy_0
;AFTER_LAYER_CHANGE
;176.5
;_SET_FAN_SPEED_CHANGING_LAYER
; printing object Cube id:0 copy 0
;WIPE_START
G1 F600
G1 X737.407 Y250.49 E-30
;WIPE_END
EXCLUDE_OBJECT_START NAME=Cube_id_0_copy_0
G1 Z177.5 F15000
G1 X751.956 Y248.044 Z177.5
G1 Z176.5
G1 E40 F9000
;TYPE:Outer wall
;WIDTH:3.2
G1 F2779.615
G1 X751.956 Y751.956 E2175.45813
G1 X248.044 Y751.956 E2175.45813
G1 F2760
G1 X248.044 Y248.044 E2175.4585
G1 X751.656 Y248.044 E2174.16299
;WIPE_START
G1 F600
M73 P39 R587
G1 X751.662 Y258.044 E-30
;WIPE_END
G1 Z177.5 F15000
G1 X727.407 Y250.49 Z177.5
G1 Z176.5
G1 E40 F9000
;TYPE:Sparse infill
;WIDTH:3.2
G1 F2779.614
G1 X738.92 Y250.49 E49.70059
G1 F2760
G1 X749.51 Y261.08 E64.65527
G1 X749.51 Y250.49 E45.71788
G1 X250.49 Y749.51 E3046.69043
G1 X250.49 Y738.92 E45.71786
G1 X261.08 Y749.51 E64.65527
G1 X272.593 Y749.51 E49.70059
;WIPE_START
G1 F600
G1 X262.593 Y749.51 E-30
;WIPE_END
G1 Z177.5 F15000
G1 X435.402 Y749.51 Z177.5
G1 Z176.5
G1 E40 F9000
G1 F2779.614
G1 F2760
G1 X423.89 Y749.51 E49.7002
G1 X250.49 Y576.11 E1058.66699
G1 X250.49 Y586.7 E45.71798
G1 X586.7 Y250.49 E2052.67871
G1 X576.11 Y250.49 E45.71875
G1 X749.51 Y423.89 E1058.66712
G1 X749.51 Y413.3 E45.71875
G1 X413.3 Y749.51 E2052.6789
G1 X401.788 Y749.51 E49.70059
;WIPE_START
G1 F600
M73 P39 R586
G1 X411.788 Y749.51 E-30
;WIPE_END
G1 Z177.5 F15000
G1 X598.212 Y749.51 Z177.5
G1 Z176.5
G1 E40 F9000
G1 F2779.614
G1 F2760
G1 X586.7 Y749.51 E49.70117
G1 X250.49 Y413.3 E2052.67889
G1 X250.49 Y423.89 E45.71875
G1 X423.89 Y250.49 E1058.66711
G1 X413.3 Y250.49 E45.71875
G1 X749.51 Y586.7 E2052.6789
G1 X749.51 Y576.11 E45.71875
G1 X576.11 Y749.51 E1058.66713
G1 X564.597 Y749.51 E49.70059
;WIPE_START
G1 F600
G1 X574.597 Y749.51 E-30
;WIPE_END
G1 Z177.5 F15000
G1 X749.51 Y727.407 Z177.5
G1 Z176.5
G1 E40 F9000
G1 F2779.614
G1 X749.51 Y738.92 E49.70059
G1 F2760
G1 X738.92 Y749.51 E64.65625
G1 X749.51 Y749.51 E45.71875
G1 X250.49 Y250.49 E3046.69065
G1 X261.08 Y250.49 E45.71875
G1 X250.49 Y261.08 E64.65625
G1 X250.49 Y272.593 E49.70059
; stop printing object Cube id:0 copy 0
;LAYER_CHANGE
;Z:178
;HEIGHT:1.5
;BEFORE_LAYER_CHANGE
;178
G92 E0

EXCLUDE_OBJECT_END NAME=Cube_id_0_copy_0
;AFTER_LAYER_CHANGE
;178
;_SET_FAN_SPEED_CHANGING_LAYER
; printing object Cube id:0 copy 0
;WIPE_START
G1 F600
G1 X250.49 Y262.593 E-30
;WIPE_END
EXCLUDE_OBJECT_START NAME=Cube_id_0_copy_0
G1 Z179 F15000
G1 X248.044 Y248.044 Z179
G1 Z178
G1 E40 F9000
;TYPE:Outer wall
;WIDTH:3.2
G1 F2779.615
G1 X751.956 Y248.044 E2175.45813
G1 X751.956 Y751.956 E2175.45813
M73 P39 R585
G1 F2760
G1 X248.044 Y751.956 E2175.4585
G1 X248.044 Y248.344 E2174.16299
;WIPE_START
G1 F600
G1 X258.044 Y248.338 E-30
;WIPE_END
G1 Z179 F15000
G1 X250.49 Y272.593 Z179
G1 Z178
G1 E40 F9000
;TYPE:Sparse infill
;WIDTH:3.2
G1 F2779.614
G1 X250.49 Y261.08 E49.70059
G1 F2760
G1 X261.08 Y250.49 E64.65527
G1 X250.49 Y250.49 E45.71822
G1 X749.51 Y749.51 E3046.69043
G1 X738.92 Y749.51 E45.71823
M73 P39 R584
G1 X749.51 Y738.92 E64.65527
G1 X749.51 Y727.407 E49.70059
;WIPE_START
G1 F600
G1 X749.51 Y737.407 E-30
;WIPE_END
G1 Z179 F15000
G1 X564.597 Y749.51 Z179
G1 Z178
G1 E40 F9000
G1 F2779.614
G1 X576.11 Y749.51 E49.70059
G1 F2760
G1 X749.51 Y576.11 E1058.66699
G1 X749.51 Y586.7 E45.71813
G1 X413.3 Y250.49 E2052.67871
G1 X423.89 Y250.49 E45.71875
G1 X250.49 Y423.89 E1058.66711
G1 X250.49 Y413.3 E45.71875
G1 X586.7 Y749.51 E2052.67889
G1 X598.212 Y749.51 E49.70059
;WIPE_START
G1 F600
G1 X588.212 Y749.51 E-30
;WIPE_END
G1 Z179 F15000
G1 X401.788 Y749.51 Z179
G1 Z178
G1 E40 F9000
G1 F2779.614
G1 F2760
G1 X413.3 Y749.51 E49.70117
G1 X749.51 Y413.3 E2052.6789
G1 X749.51 Y423.89 E45.71875
G1 X576.11 Y250.49 E1058.66712
G1 X586.7 Y250.49 E45.71875
G1 X250.49 Y586.7 E2052.67888
G1 X250.49 Y576.11 E45.71875
M73 P39 R583
G1 X423.89 Y749.51 E1058.66712
G1 X435.402 Y749.51 E49.70059
;WIPE_START
G1 F600
G1 X425.402 Y749.51 E-30
;WIPE_END
G1 Z179 F15000
G1 X272.593 Y749.51 Z179
G1 Z178
G1 E40 F9000
G1 F2779.614
G1 X261.08 Y749.51 E49.70059
G1 F2760
G1 X250.49 Y738.92 E64.65625
G1 X250.49 Y749.51 E45.71875
G1 X749.51 Y250.49 E3046.69015
G1 X749.51 Y261.08 E45.71875
G1 X738.92 Y250.49 E64.65625
G1 X727.407 Y250.49 E49.70059
; stop printing object Cube id:0 copy 0
;LAYER_CHANGE
;Z:179.5
;HEIGHT:1.5
;BEFORE_LAYER_CHANGE
;179.5
G92 E0

EXCLUDE_OBJECT_END NAME=Cube_id_0_copy_0
;AFTER_LAYER_CHANGE
;179.5
;_SET_FAN_SPEED_CHANGING_LAYER
; printing object Cube id:0 copy 0
;WIPE_START
G1 F600
G1 X737.407 Y250.49 E-30
;WIPE_END
EXCLUDE_OBJECT_START NAME=Cube_id_0_copy_0
G1 Z180.5 F15000
G1 X751.956 Y248.044 Z180.5
G1 Z179.5
G1 E40 F9000
;TYPE:Outer wall
;WIDTH:3.2
G1 F2779.615
G1 X751.956 Y751.956 E2175.45813
G1 X248.044 Y751.956 E2175.45813
M73 P40 R583
G1 F2760
M73 P40 R582
G1 X248.044 Y248.044 E2175.4585
G1 X751.656 Y248.044 E2174.16299
;WIPE_START
G1 F600
G1 X751.662 Y258.044 E-30
;WIPE_END
G1 Z180.5 F15000
G1 X727.407 Y250.49 Z180.5
G1 Z179.5
G1 E40 F9000
;TYPE:Sparse infill
;WIDTH:3.2
G1 F2779.614
G1 X738.92 Y250.49 E49.70059
G1 F2760
G1 X749.51 Y261.08 E64.65527
G1 X749.51 Y250.49 E45.71788
G1 X250.49 Y749.51 E3046.69043
G1 X250.49 Y738.92 E45.71786
G1 X261.08 Y749.51 E64.65527
G1 X272.593 Y749.51 E49.70059
;WIPE_START
G1 F600
G1 X262.593 Y749.51 E-30
;WIPE_END
G1 Z180.5 F15000
G1 X435.402 Y749.51 Z180.5
G1 Z179.5
G1 E40 F9000
G1 F2779.614
G1 F2760
G1 X423.89 Y749.51 E49.7002
G1 X250.49 Y576.11 E1058.66699
G1 X250.49 Y586.7 E45.71798
G1 X586.7 Y250.49 E2052.67871
G1 X576.11 Y250.49 E45.71875
M73 P40 R581
G1 X749.51 Y423.89 E1058.66712
G1 X749.51 Y413.3 E45.71875
G1 X413.3 Y749.51 E2052.6789
G1 X401.788 Y749.51 E49.70059
;WIPE_START
G1 F600
G1 X411.788 Y749.51 E-30
;WIPE_END
G1 Z180.5 F15000
G1 X598.212 Y749.51 Z180.5
G1 Z179.5
G1 E40 F9000
G1 F2779.614
G1 F2760
G1 X586.7 Y749.51 E49.70117
G1 X250.49 Y413.3 E2052.67889
G1 X250.49 Y423.89 E45.71875
G1 X423.89 Y250.49 E1058.66711
G1 X413.3 Y250.49 E45.71875
G1 X749.51 Y586.7 E2052.6789
G1 X749.51 Y576.11 E45.71875
G1 X576.11 Y749.51 E1058.66713
G1 X564.597 Y749.51 E49.70059
;WIPE_START
G1 F600
G1 X574.597 Y749.51 E-30
;WIPE_END
G1 Z180.5 F15000
G1 X749.51 Y727.407 Z180.5
G1 Z179.5
G1 E40 F9000
G1 F2779.614
G1 X749.51 Y738.92 E49.70059
G1 F2760
G1 X738.92 Y749.51 E64.65625
G1 X749.51 Y749.51 E45.71875
G1 X250.49 Y250.49 E3046.69065
M73 P40 R580
G1 X261.08 Y250.49 E45.71875
G1 X250.49 Y261.08 E64.65625
G1 X250.49 Y272.593 E49.70059
; stop printing object Cube id:0 copy 0
;LAYER_CHANGE
;Z:181
;HEIGHT:1.5
;BEFORE_LAYER_CHANGE
;181
G92 E0

EXCLUDE_OBJECT_END NAME=Cube_id_0_copy_0
;AFTER_LAYER_CHANGE
;181
;_SET_FAN_SPEED_CHANGING_LAYER
; printing object Cube id:0 copy 0
;WIPE_START
G1 F600
G1 X250.49 Y262.593 E-30
;WIPE_END
EXCLUDE_OBJECT_START NAME=Cube_id_0_copy_0
G1 Z182 F15000
G1 X248.044 Y248.044 Z182
G1 Z181
G1 E40 F9000
;TYPE:Outer wall
;WIDTH:3.2
G1 F2779.615
G1 X751.956 Y248.044 E2175.45813
G1 X751.956 Y751.956 E2175.45813
G1 F2760
G1 X248.044 Y751.956 E2175.4585
G1 X248.044 Y248.344 E2174.16299
;WIPE_START
G1 F600
M73 P40 R579
G1 X258.044 Y248.338 E-30
;WIPE_END
G1 Z182 F15000
G1 X250.49 Y272.593 Z182
G1 Z181
G1 E40 F9000
;TYPE:Sparse infill
;WIDTH:3.2
G1 F2779.614
G1 X250.49 Y261.08 E49.70059
G1 F2760
G1 X261.08 Y250.49 E64.65527
G1 X250.49 Y250.49 E45.71822
G1 X749.51 Y749.51 E3046.69043
G1 X738.92 Y749.51 E45.71823
G1 X749.51 Y738.92 E64.65527
G1 X749.51 Y727.407 E49.70059
;WIPE_START
G1 F600
G1 X749.51 Y737.407 E-30
;WIPE_END
G1 Z182 F15000
G1 X564.597 Y749.51 Z182
G1 Z181
G1 E40 F9000
G1 F2779.614
G1 X576.11 Y749.51 E49.70059
G1 F2760
G1 X749.51 Y576.11 E1058.66699
G1 X749.51 Y586.7 E45.71813
G1 X413.3 Y250.49 E2052.67871
G1 X423.89 Y250.49 E45.71875
G1 X250.49 Y423.89 E1058.66711
G1 X250.49 Y413.3 E45.71875
G1 X586.7 Y749.51 E2052.67889
G1 X598.212 Y749.51 E49.70059
;WIPE_START
G1 F600
G1 X588.212 Y749.51 E-30
;WIPE_END
G1 Z182 F15000
M73 P40 R578
G1 X401.788 Y749.51 Z182
G1 Z181
G1 E40 F9000
G1 F2779.614
G1 F2760
G1 X413.3 Y749.51 E49.70117
G1 X749.51 Y413.3 E2052.6789
G1 X749.51 Y423.89 E45.71875
G1 X576.11 Y250.49 E1058.66712
G1 X586.7 Y250.49 E45.71875
G1 X250.49 Y586.7 E2052.67888
G1 X250.49 Y576.11 E45.71875
G1 X423.89 Y749.51 E1058.66712
G1 X435.402 Y749.51 E49.70059
;WIPE_START
G1 F600
G1 X425.402 Y749.51 E-30
;WIPE_END
G1 Z182 F15000
G1 X272.593 Y749.51 Z182
G1 Z181
G1 E40 F9000
G1 F2779.614
G1 X261.08 Y749.51 E49.70059
G1 F2760
G1 X250.49 Y738.92 E64.65625
G1 X250.49 Y749.51 E45.71875
G1 X749.51 Y250.49 E3046.69015
G1 X749.51 Y261.08 E45.71875
G1 X738.92 Y250.49 E64.65625
G1 X727.407 Y250.49 E49.70059
; stop printing object Cube id:0 copy 0
;LAYER_CHANGE
;Z:182.5
;HEIGHT:1.5
;BEFORE_LAYER_CHANGE
;182.5
G92 E0

EXCLUDE_OBJECT_END NAME=Cube_id_0_copy_0
;AFTER_LAYER_CHANGE
;182.5
;_SET_FAN_SPEED_CHANGING_LAYER
; printing object Cube id:0 copy 0
;WIPE_START
G1 F600
G1 X737.407 Y250.49 E-30
;WIPE_END
EXCLUDE_OBJECT_START NAME=Cube_id_0_copy_0
G1 Z183.5 F15000
G1 X751.956 Y248.044 Z183.5
G1 Z182.5
G1 E40 F9000
;TYPE:Outer wall
;WIDTH:3.2
G1 F2779.615
G1 X751.956 Y751.956 E2175.45813
G1 X248.044 Y751.956 E2175.45813
M73 P40 R577
G1 F2760
G1 X248.044 Y248.044 E2175.4585
G1 X751.656 Y248.044 E2174.16299
;WIPE_START
G1 F600
G1 X751.662 Y258.044 E-30
;WIPE_END
G1 Z183.5 F15000
G1 X727.407 Y250.49 Z183.5
G1 Z182.5
G1 E40 F9000
;TYPE:Sparse infill
;WIDTH:3.2
G1 F2779.614
G1 X738.92 Y250.49 E49.70059
G1 F2760
G1 X749.51 Y261.08 E64.65527
G1 X749.51 Y250.49 E45.71788
G1 X250.49 Y749.51 E3046.69043
G1 X250.49 Y738.92 E45.71786
M73 P40 R576
G1 X261.08 Y749.51 E64.65527
G1 X272.593 Y749.51 E49.70059
;WIPE_START
G1 F600
G1 X262.593 Y749.51 E-30
;WIPE_END
G1 Z183.5 F15000
G1 X435.402 Y749.51 Z183.5
G1 Z182.5
G1 E40 F9000
G1 F2779.614
G1 F2760
G1 X423.89 Y749.51 E49.7002
G1 X250.49 Y576.11 E1058.66699
G1 X250.49 Y586.7 E45.71798
G1 X586.7 Y250.49 E2052.67871
G1 X576.11 Y250.49 E45.71875
G1 X749.51 Y423.89 E1058.66712
G1 X749.51 Y413.3 E45.71875
G1 X413.3 Y749.51 E2052.6789
G1 X401.788 Y749.51 E49.70059
;WIPE_START
G1 F600
G1 X411.788 Y749.51 E-30
;WIPE_END
G1 Z183.5 F15000
G1 X598.212 Y749.51 Z183.5
G1 Z182.5
G1 E40 F9000
G1 F2779.614
G1 F2760
G1 X586.7 Y749.51 E49.70117
G1 X250.49 Y413.3 E2052.67889
G1 X250.49 Y423.89 E45.71875
G1 X423.89 Y250.49 E1058.66711
G1 X413.3 Y250.49 E45.71875
G1 X749.51 Y586.7 E2052.6789
G1 X749.51 Y576.11 E45.71875
M73 P40 R575
G1 X576.11 Y749.51 E1058.66713
G1 X564.597 Y749.51 E49.70059
;WIPE_START
G1 F600
G1 X574.597 Y749.51 E-30
;WIPE_END
G1 Z183.5 F15000
G1 X749.51 Y727.407 Z183.5
G1 Z182.5
G1 E40 F9000
G1 F2779.614
G1 X749.51 Y738.92 E49.70059
G1 F2760
G1 X738.92 Y749.51 E64.65625
G1 X749.51 Y749.51 E45.71875
G1 X250.49 Y250.49 E3046.69065
G1 X261.08 Y250.49 E45.71875
G1 X250.49 Y261.08 E64.65625
G1 X250.49 Y272.593 E49.70059
; stop printing object Cube id:0 copy 0
;LAYER_CHANGE
;Z:184
;HEIGHT:1.5
;BEFORE_LAYER_CHANGE
;184
G92 E0

EXCLUDE_OBJECT_END NAME=Cube_id_0_copy_0
;AFTER_LAYER_CHANGE
;184
;_SET_FAN_SPEED_CHANGING_LAYER
; printing object Cube id:0 copy 0
;WIPE_START
G1 F600
G1 X250.49 Y262.593 E-30
;WIPE_END
EXCLUDE_OBJECT_START NAME=Cube_id_0_copy_0
G1 Z185 F15000
G1 X248.044 Y248.044 Z185
G1 Z184
G1 E40 F9000
;TYPE:Outer wall
;WIDTH:3.2
G1 F2779.615
G1 X751.956 Y248.044 E2175.45813
G1 X751.956 Y751.956 E2175.45813
G1 F2760
M73 P40 R574
G1 X248.044 Y751.956 E2175.4585
G1 X248.044 Y248.344 E2174.16299
;WIPE_START
G1 F600
G1 X258.044 Y248.338 E-30
;WIPE_END
G1 Z185 F15000
G1 X250.49 Y272.593 Z185
G1 Z184
G1 E40 F9000
;TYPE:Sparse infill
;WIDTH:3.2
G1 F2779.614
G1 X250.49 Y261.08 E49.70059
G1 F2760
G1 X261.08 Y250.49 E64.65527
G1 X250.49 Y250.49 E45.71822
G1 X749.51 Y749.51 E3046.69043
G1 X738.92 Y749.51 E45.71823
G1 X749.51 Y738.92 E64.65527
G1 X749.51 Y727.407 E49.70059
;WIPE_START
G1 F600
G1 X749.51 Y737.407 E-30
;WIPE_END
G1 Z185 F15000
G1 X564.597 Y749.51 Z185
G1 Z184
G1 E40 F9000
G1 F2779.614
G1 X576.11 Y749.51 E49.70059
G1 F2760
G1 X749.51 Y576.11 E1058.66699
G1 X749.51 Y586.7 E45.71813
G1 X413.3 Y250.49 E2052.67871
G1 X423.89 Y250.49 E45.71875
M73 P40 R573
G1 X250.49 Y423.89 E1058.66711
G1 X250.49 Y413.3 E45.71875
G1 X586.7 Y749.51 E2052.67889
G1 X598.212 Y749.51 E49.70059
;WIPE_START
G1 F600
G1 X588.212 Y749.51 E-30
;WIPE_END
G1 Z185 F15000
G1 X401.788 Y749.51 Z185
G1 Z184
G1 E40 F9000
G1 F2779.614
G1 F2760
G1 X413.3 Y749.51 E49.70117
G1 X749.51 Y413.3 E2052.6789
G1 X749.51 Y423.89 E45.71875
M73 P41 R573
G1 X576.11 Y250.49 E1058.66712
G1 X586.7 Y250.49 E45.71875
G1 X250.49 Y586.7 E2052.67888
G1 X250.49 Y576.11 E45.71875
G1 X423.89 Y749.51 E1058.66712
G1 X435.402 Y749.51 E49.70059
;WIPE_START
G1 F600
G1 X425.402 Y749.51 E-30
;WIPE_END
G1 Z185 F15000
G1 X272.593 Y749.51 Z185
G1 Z184
G1 E40 F9000
G1 F2779.614
G1 X261.08 Y749.51 E49.70059
G1 F2760
G1 X250.49 Y738.92 E64.65625
G1 X250.49 Y749.51 E45.71875
G1 X749.51 Y250.49 E3046.69015
G1 X749.51 Y261.08 E45.71875
M73 P41 R572
G1 X738.92 Y250.49 E64.65625
G1 X727.407 Y250.49 E49.70059
; stop printing object Cube id:0 copy 0
;LAYER_CHANGE
;Z:185.5
;HEIGHT:1.5
;BEFORE_LAYER_CHANGE
;185.5
G92 E0

EXCLUDE_OBJECT_END NAME=Cube_id_0_copy_0
;AFTER_LAYER_CHANGE
;185.5
;_SET_FAN_SPEED_CHANGING_LAYER
; printing object Cube id:0 copy 0
;WIPE_START
G1 F600
G1 X737.407 Y250.49 E-30
;WIPE_END
EXCLUDE_OBJECT_START NAME=Cube_id_0_copy_0
G1 Z186.5 F15000
G1 X751.956 Y248.044 Z186.5
G1 Z185.5
G1 E40 F9000
;TYPE:Outer wall
;WIDTH:3.2
G1 F2779.615
G1 X751.956 Y751.956 E2175.45813
G1 X248.044 Y751.956 E2175.45813
G1 F2760
G1 X248.044 Y248.044 E2175.4585
G1 X751.656 Y248.044 E2174.16299
;WIPE_START
G1 F600
M73 P41 R571
G1 X751.662 Y258.044 E-30
;WIPE_END
G1 Z186.5 F15000
G1 X727.407 Y250.49 Z186.5
G1 Z185.5
G1 E40 F9000
;TYPE:Sparse infill
;WIDTH:3.2
G1 F2779.614
G1 X738.92 Y250.49 E49.70059
G1 F2760
G1 X749.51 Y261.08 E64.65527
G1 X749.51 Y250.49 E45.71788
G1 X250.49 Y749.51 E3046.69043
G1 X250.49 Y738.92 E45.71786
G1 X261.08 Y749.51 E64.65527
G1 X272.593 Y749.51 E49.70059
;WIPE_START
G1 F600
G1 X262.593 Y749.51 E-30
;WIPE_END
G1 Z186.5 F15000
G1 X435.402 Y749.51 Z186.5
G1 Z185.5
G1 E40 F9000
G1 F2779.614
G1 F2760
G1 X423.89 Y749.51 E49.7002
G1 X250.49 Y576.11 E1058.66699
G1 X250.49 Y586.7 E45.71798
G1 X586.7 Y250.49 E2052.67871
G1 X576.11 Y250.49 E45.71875
G1 X749.51 Y423.89 E1058.66712
G1 X749.51 Y413.3 E45.71875
G1 X413.3 Y749.51 E2052.6789
G1 X401.788 Y749.51 E49.70059
;WIPE_START
G1 F600
G1 X411.788 Y749.51 E-30
;WIPE_END
G1 Z186.5 F15000
M73 P41 R570
G1 X598.212 Y749.51 Z186.5
G1 Z185.5
G1 E40 F9000
G1 F2779.614
G1 F2760
G1 X586.7 Y749.51 E49.70117
G1 X250.49 Y413.3 E2052.67889
G1 X250.49 Y423.89 E45.71875
G1 X423.89 Y250.49 E1058.66711
G1 X413.3 Y250.49 E45.71875
G1 X749.51 Y586.7 E2052.6789
G1 X749.51 Y576.11 E45.71875
G1 X576.11 Y749.51 E1058.66713
G1 X564.597 Y749.51 E49.70059
;WIPE_START
G1 F600
G1 X574.597 Y749.51 E-30
;WIPE_END
G1 Z186.5 F15000
G1 X749.51 Y727.407 Z186.5
G1 Z185.5
G1 E40 F9000
G1 F2779.614
G1 X749.51 Y738.92 E49.70059
G1 F2760
G1 X738.92 Y749.51 E64.65625
G1 X749.51 Y749.51 E45.71875
G1 X250.49 Y250.49 E3046.69065
G1 X261.08 Y250.49 E45.71875
G1 X250.49 Y261.08 E64.65625
G1 X250.49 Y272.593 E49.70059
; stop printing object Cube id:0 copy 0
;LAYER_CHANGE
;Z:187
;HEIGHT:1.5
;BEFORE_LAYER_CHANGE
;187
G92 E0

EXCLUDE_OBJECT_END NAME=Cube_id_0_copy_0
;AFTER_LAYER_CHANGE
;187
;_SET_FAN_SPEED_CHANGING_LAYER
; printing object Cube id:0 copy 0
;WIPE_START
G1 F600
G1 X250.49 Y262.593 E-30
;WIPE_END
EXCLUDE_OBJECT_START NAME=Cube_id_0_copy_0
G1 Z188 F15000
G1 X248.044 Y248.044 Z188
G1 Z187
G1 E40 F9000
;TYPE:Outer wall
;WIDTH:3.2
G1 F2779.615
G1 X751.956 Y248.044 E2175.45813
G1 X751.956 Y751.956 E2175.45813
M73 P41 R569
G1 F2760
G1 X248.044 Y751.956 E2175.4585
G1 X248.044 Y248.344 E2174.16299
;WIPE_START
G1 F600
G1 X258.044 Y248.338 E-30
;WIPE_END
G1 Z188 F15000
G1 X250.49 Y272.593 Z188
G1 Z187
G1 E40 F9000
;TYPE:Sparse infill
;WIDTH:3.2
G1 F2779.614
G1 X250.49 Y261.08 E49.70059
G1 F2760
G1 X261.08 Y250.49 E64.65527
G1 X250.49 Y250.49 E45.71822
G1 X749.51 Y749.51 E3046.69043
G1 X738.92 Y749.51 E45.71823
M73 P41 R568
G1 X749.51 Y738.92 E64.65527
G1 X749.51 Y727.407 E49.70059
;WIPE_START
G1 F600
G1 X749.51 Y737.407 E-30
;WIPE_END
G1 Z188 F15000
G1 X564.597 Y749.51 Z188
G1 Z187
G1 E40 F9000
G1 F2779.614
G1 X576.11 Y749.51 E49.70059
G1 F2760
G1 X749.51 Y576.11 E1058.66699
G1 X749.51 Y586.7 E45.71813
G1 X413.3 Y250.49 E2052.67871
G1 X423.89 Y250.49 E45.71875
G1 X250.49 Y423.89 E1058.66711
G1 X250.49 Y413.3 E45.71875
G1 X586.7 Y749.51 E2052.67889
G1 X598.212 Y749.51 E49.70059
;WIPE_START
G1 F600
G1 X588.212 Y749.51 E-30
;WIPE_END
G1 Z188 F15000
G1 X401.788 Y749.51 Z188
G1 Z187
G1 E40 F9000
G1 F2779.614
G1 F2760
G1 X413.3 Y749.51 E49.70117
G1 X749.51 Y413.3 E2052.6789
G1 X749.51 Y423.89 E45.71875
G1 X576.11 Y250.49 E1058.66712
G1 X586.7 Y250.49 E45.71875
G1 X250.49 Y586.7 E2052.67888
G1 X250.49 Y576.11 E45.71875
M73 P41 R567
G1 X423.89 Y749.51 E1058.66712
G1 X435.402 Y749.51 E49.70059
;WIPE_START
G1 F600
G1 X425.402 Y749.51 E-30
;WIPE_END
G1 Z188 F15000
G1 X272.593 Y749.51 Z188
G1 Z187
G1 E40 F9000
G1 F2779.614
G1 X261.08 Y749.51 E49.70059
G1 F2760
G1 X250.49 Y738.92 E64.65625
G1 X250.49 Y749.51 E45.71875
G1 X749.51 Y250.49 E3046.69015
G1 X749.51 Y261.08 E45.71875
G1 X738.92 Y250.49 E64.65625
G1 X727.407 Y250.49 E49.70059
; stop printing object Cube id:0 copy 0
;LAYER_CHANGE
;Z:188.5
;HEIGHT:1.5
;BEFORE_LAYER_CHANGE
;188.5
G92 E0

EXCLUDE_OBJECT_END NAME=Cube_id_0_copy_0
;AFTER_LAYER_CHANGE
;188.5
;_SET_FAN_SPEED_CHANGING_LAYER
; printing object Cube id:0 copy 0
;WIPE_START
G1 F600
G1 X737.407 Y250.49 E-30
;WIPE_END
EXCLUDE_OBJECT_START NAME=Cube_id_0_copy_0
G1 Z189.5 F15000
G1 X751.956 Y248.044 Z189.5
G1 Z188.5
G1 E40 F9000
;TYPE:Outer wall
;WIDTH:3.2
G1 F2779.615
G1 X751.956 Y751.956 E2175.45813
G1 X248.044 Y751.956 E2175.45813
G1 F2760
M73 P41 R566
G1 X248.044 Y248.044 E2175.4585
G1 X751.656 Y248.044 E2174.16299
;WIPE_START
G1 F600
G1 X751.662 Y258.044 E-30
;WIPE_END
G1 Z189.5 F15000
G1 X727.407 Y250.49 Z189.5
G1 Z188.5
G1 E40 F9000
;TYPE:Sparse infill
;WIDTH:3.2
G1 F2779.614
G1 X738.92 Y250.49 E49.70059
G1 F2760
G1 X749.51 Y261.08 E64.65527
G1 X749.51 Y250.49 E45.71788
G1 X250.49 Y749.51 E3046.69043
G1 X250.49 Y738.92 E45.71786
G1 X261.08 Y749.51 E64.65527
G1 X272.593 Y749.51 E49.70059
;WIPE_START
G1 F600
G1 X262.593 Y749.51 E-30
;WIPE_END
G1 Z189.5 F15000
G1 X435.402 Y749.51 Z189.5
G1 Z188.5
G1 E40 F9000
G1 F2779.614
G1 F2760
G1 X423.89 Y749.51 E49.7002
G1 X250.49 Y576.11 E1058.66699
G1 X250.49 Y586.7 E45.71798
G1 X586.7 Y250.49 E2052.67871
G1 X576.11 Y250.49 E45.71875
M73 P41 R565
G1 X749.51 Y423.89 E1058.66712
G1 X749.51 Y413.3 E45.71875
G1 X413.3 Y749.51 E2052.6789
G1 X401.788 Y749.51 E49.70059
;WIPE_START
G1 F600
G1 X411.788 Y749.51 E-30
;WIPE_END
G1 Z189.5 F15000
G1 X598.212 Y749.51 Z189.5
G1 Z188.5
G1 E40 F9000
G1 F2779.614
G1 F2760
G1 X586.7 Y749.51 E49.70117
G1 X250.49 Y413.3 E2052.67889
G1 X250.49 Y423.89 E45.71875
G1 X423.89 Y250.49 E1058.66711
G1 X413.3 Y250.49 E45.71875
G1 X749.51 Y586.7 E2052.6789
G1 X749.51 Y576.11 E45.71875
G1 X576.11 Y749.51 E1058.66713
G1 X564.597 Y749.51 E49.70059
;WIPE_START
G1 F600
G1 X574.597 Y749.51 E-30
;WIPE_END
G1 Z189.5 F15000
G1 X749.51 Y727.407 Z189.5
G1 Z188.5
G1 E40 F9000
G1 F2779.614
G1 X749.51 Y738.92 E49.70059
G1 F2760
G1 X738.92 Y749.51 E64.65625
G1 X749.51 Y749.51 E45.71875
G1 X250.49 Y250.49 E3046.69065
G1 X261.08 Y250.49 E45.71875
M73 P41 R564
G1 X250.49 Y261.08 E64.65625
G1 X250.49 Y272.593 E49.70059
; stop printing object Cube id:0 copy 0
;LAYER_CHANGE
;Z:190
;HEIGHT:1.5
;BEFORE_LAYER_CHANGE
;190
G92 E0

EXCLUDE_OBJECT_END NAME=Cube_id_0_copy_0
;AFTER_LAYER_CHANGE
;190
;_SET_FAN_SPEED_CHANGING_LAYER
; printing object Cube id:0 copy 0
;WIPE_START
G1 F600
G1 X250.49 Y262.593 E-30
;WIPE_END
EXCLUDE_OBJECT_START NAME=Cube_id_0_copy_0
G1 Z191 F15000
G1 X248.044 Y248.044 Z191
G1 Z190
G1 E40 F9000
;TYPE:Outer wall
;WIDTH:3.2
G1 F2779.615
G1 X751.956 Y248.044 E2175.45813
G1 X751.956 Y751.956 E2175.45813
G1 F2760
G1 X248.044 Y751.956 E2175.4585
G1 X248.044 Y248.344 E2174.16299
;WIPE_START
G1 F600
M73 P41 R563
G1 X258.044 Y248.338 E-30
;WIPE_END
G1 Z191 F15000
G1 X250.49 Y272.593 Z191
G1 Z190
G1 E40 F9000
;TYPE:Sparse infill
;WIDTH:3.2
G1 F2779.614
G1 X250.49 Y261.08 E49.70059
G1 F2760
G1 X261.08 Y250.49 E64.65527
G1 X250.49 Y250.49 E45.71822
G1 X749.51 Y749.51 E3046.69043
G1 X738.92 Y749.51 E45.71823
M73 P42 R563
G1 X749.51 Y738.92 E64.65527
G1 X749.51 Y727.407 E49.70059
;WIPE_START
G1 F600
G1 X749.51 Y737.407 E-30
;WIPE_END
G1 Z191 F15000
G1 X564.597 Y749.51 Z191
G1 Z190
G1 E40 F9000
G1 F2779.614
G1 X576.11 Y749.51 E49.70059
G1 F2760
G1 X749.51 Y576.11 E1058.66699
G1 X749.51 Y586.7 E45.71813
G1 X413.3 Y250.49 E2052.67871
G1 X423.89 Y250.49 E45.71875
G1 X250.49 Y423.89 E1058.66711
G1 X250.49 Y413.3 E45.71875
G1 X586.7 Y749.51 E2052.67889
G1 X598.212 Y749.51 E49.70059
;WIPE_START
G1 F600
G1 X588.212 Y749.51 E-30
;WIPE_END
G1 Z191 F15000
M73 P42 R562
G1 X401.788 Y749.51 Z191
G1 Z190
G1 E40 F9000
G1 F2779.614
G1 F2760
G1 X413.3 Y749.51 E49.70117
G1 X749.51 Y413.3 E2052.6789
G1 X749.51 Y423.89 E45.71875
G1 X576.11 Y250.49 E1058.66712
G1 X586.7 Y250.49 E45.71875
G1 X250.49 Y586.7 E2052.67888
G1 X250.49 Y576.11 E45.71875
G1 X423.89 Y749.51 E1058.66712
G1 X435.402 Y749.51 E49.70059
;WIPE_START
G1 F600
G1 X425.402 Y749.51 E-30
;WIPE_END
G1 Z191 F15000
G1 X272.593 Y749.51 Z191
G1 Z190
G1 E40 F9000
G1 F2779.614
G1 X261.08 Y749.51 E49.70059
G1 F2760
G1 X250.49 Y738.92 E64.65625
G1 X250.49 Y749.51 E45.71875
G1 X749.51 Y250.49 E3046.69015
G1 X749.51 Y261.08 E45.71875
G1 X738.92 Y250.49 E64.65625
G1 X727.407 Y250.49 E49.70059
; stop printing object Cube id:0 copy 0
;LAYER_CHANGE
;Z:191.5
;HEIGHT:1.5
;BEFORE_LAYER_CHANGE
;191.5
G92 E0

EXCLUDE_OBJECT_END NAME=Cube_id_0_copy_0
;AFTER_LAYER_CHANGE
;191.5
;_SET_FAN_SPEED_CHANGING_LAYER
; printing object Cube id:0 copy 0
;WIPE_START
G1 F600
G1 X737.407 Y250.49 E-30
;WIPE_END
EXCLUDE_OBJECT_START NAME=Cube_id_0_copy_0
G1 Z192.5 F15000
G1 X751.956 Y248.044 Z192.5
G1 Z191.5
G1 E40 F9000
;TYPE:Outer wall
;WIDTH:3.2
G1 F2779.615
G1 X751.956 Y751.956 E2175.45813
G1 X248.044 Y751.956 E2175.45813
M73 P42 R561
G1 F2760
G1 X248.044 Y248.044 E2175.4585
G1 X751.656 Y248.044 E2174.16299
;WIPE_START
G1 F600
G1 X751.662 Y258.044 E-30
;WIPE_END
G1 Z192.5 F15000
G1 X727.407 Y250.49 Z192.5
G1 Z191.5
G1 E40 F9000
;TYPE:Sparse infill
;WIDTH:3.2
G1 F2779.614
G1 X738.92 Y250.49 E49.70059
G1 F2760
G1 X749.51 Y261.08 E64.65527
G1 X749.51 Y250.49 E45.71788
G1 X250.49 Y749.51 E3046.69043
G1 X250.49 Y738.92 E45.71786
M73 P42 R560
G1 X261.08 Y749.51 E64.65527
G1 X272.593 Y749.51 E49.70059
;WIPE_START
G1 F600
G1 X262.593 Y749.51 E-30
;WIPE_END
G1 Z192.5 F15000
G1 X435.402 Y749.51 Z192.5
G1 Z191.5
G1 E40 F9000
G1 F2779.614
G1 F2760
G1 X423.89 Y749.51 E49.7002
G1 X250.49 Y576.11 E1058.66699
G1 X250.49 Y586.7 E45.71798
G1 X586.7 Y250.49 E2052.67871
G1 X576.11 Y250.49 E45.71875
G1 X749.51 Y423.89 E1058.66712
G1 X749.51 Y413.3 E45.71875
G1 X413.3 Y749.51 E2052.6789
G1 X401.788 Y749.51 E49.70059
;WIPE_START
G1 F600
G1 X411.788 Y749.51 E-30
;WIPE_END
G1 Z192.5 F15000
G1 X598.212 Y749.51 Z192.5
G1 Z191.5
G1 E40 F9000
G1 F2779.614
G1 F2760
G1 X586.7 Y749.51 E49.70117
G1 X250.49 Y413.3 E2052.67889
G1 X250.49 Y423.89 E45.71875
G1 X423.89 Y250.49 E1058.66711
G1 X413.3 Y250.49 E45.71875
G1 X749.51 Y586.7 E2052.6789
G1 X749.51 Y576.11 E45.71875
M73 P42 R559
G1 X576.11 Y749.51 E1058.66713
G1 X564.597 Y749.51 E49.70059
;WIPE_START
G1 F600
G1 X574.597 Y749.51 E-30
;WIPE_END
G1 Z192.5 F15000
G1 X749.51 Y727.407 Z192.5
G1 Z191.5
G1 E40 F9000
G1 F2779.614
G1 X749.51 Y738.92 E49.70059
G1 F2760
G1 X738.92 Y749.51 E64.65625
G1 X749.51 Y749.51 E45.71875
G1 X250.49 Y250.49 E3046.69065
G1 X261.08 Y250.49 E45.71875
G1 X250.49 Y261.08 E64.65625
G1 X250.49 Y272.593 E49.70059
; stop printing object Cube id:0 copy 0
;LAYER_CHANGE
;Z:193
;HEIGHT:1.5
;BEFORE_LAYER_CHANGE
;193
G92 E0

EXCLUDE_OBJECT_END NAME=Cube_id_0_copy_0
;AFTER_LAYER_CHANGE
;193
;_SET_FAN_SPEED_CHANGING_LAYER
; printing object Cube id:0 copy 0
;WIPE_START
G1 F600
G1 X250.49 Y262.593 E-30
;WIPE_END
EXCLUDE_OBJECT_START NAME=Cube_id_0_copy_0
G1 Z194 F15000
G1 X248.044 Y248.044 Z194
G1 Z193
G1 E40 F9000
;TYPE:Outer wall
;WIDTH:3.2
G1 F2779.615
G1 X751.956 Y248.044 E2175.45813
G1 X751.956 Y751.956 E2175.45813
G1 F2760
G1 X248.044 Y751.956 E2175.4585
G1 X248.044 Y248.344 E2174.16299
M73 P42 R558
;WIPE_START
G1 F600
G1 X258.044 Y248.338 E-30
;WIPE_END
G1 Z194 F15000
G1 X250.49 Y272.593 Z194
G1 Z193
G1 E40 F9000
;TYPE:Sparse infill
;WIDTH:3.2
G1 F2779.614
G1 X250.49 Y261.08 E49.70059
G1 F2760
G1 X261.08 Y250.49 E64.65527
G1 X250.49 Y250.49 E45.71822
G1 X749.51 Y749.51 E3046.69043
G1 X738.92 Y749.51 E45.71823
G1 X749.51 Y738.92 E64.65527
G1 X749.51 Y727.407 E49.70059
;WIPE_START
G1 F600
G1 X749.51 Y737.407 E-30
;WIPE_END
G1 Z194 F15000
G1 X564.597 Y749.51 Z194
G1 Z193
G1 E40 F9000
G1 F2779.614
G1 X576.11 Y749.51 E49.70059
G1 F2760
G1 X749.51 Y576.11 E1058.66699
G1 X749.51 Y586.7 E45.71813
G1 X413.3 Y250.49 E2052.67871
G1 X423.89 Y250.49 E45.71875
M73 P42 R557
G1 X250.49 Y423.89 E1058.66711
G1 X250.49 Y413.3 E45.71875
G1 X586.7 Y749.51 E2052.67889
G1 X598.212 Y749.51 E49.70059
;WIPE_START
G1 F600
G1 X588.212 Y749.51 E-30
;WIPE_END
G1 Z194 F15000
G1 X401.788 Y749.51 Z194
G1 Z193
G1 E40 F9000
G1 F2779.614
G1 F2760
G1 X413.3 Y749.51 E49.70117
G1 X749.51 Y413.3 E2052.6789
G1 X749.51 Y423.89 E45.71875
G1 X576.11 Y250.49 E1058.66712
G1 X586.7 Y250.49 E45.71875
G1 X250.49 Y586.7 E2052.67888
G1 X250.49 Y576.11 E45.71875
G1 X423.89 Y749.51 E1058.66712
G1 X435.402 Y749.51 E49.70059
;WIPE_START
G1 F600
G1 X425.402 Y749.51 E-30
;WIPE_END
G1 Z194 F15000
G1 X272.593 Y749.51 Z194
G1 Z193
G1 E40 F9000
G1 F2779.614
G1 X261.08 Y749.51 E49.70059
G1 F2760
G1 X250.49 Y738.92 E64.65625
G1 X250.49 Y749.51 E45.71875
G1 X749.51 Y250.49 E3046.69015
G1 X749.51 Y261.08 E45.71875
M73 P42 R556
G1 X738.92 Y250.49 E64.65625
G1 X727.407 Y250.49 E49.70059
; stop printing object Cube id:0 copy 0
;LAYER_CHANGE
;Z:194.5
;HEIGHT:1.5
;BEFORE_LAYER_CHANGE
;194.5
G92 E0

EXCLUDE_OBJECT_END NAME=Cube_id_0_copy_0
;AFTER_LAYER_CHANGE
;194.5
;_SET_FAN_SPEED_CHANGING_LAYER
; printing object Cube id:0 copy 0
;WIPE_START
G1 F600
G1 X737.407 Y250.49 E-30
;WIPE_END
EXCLUDE_OBJECT_START NAME=Cube_id_0_copy_0
G1 Z195.5 F15000
G1 X751.956 Y248.044 Z195.5
G1 Z194.5
G1 E40 F9000
;TYPE:Outer wall
;WIDTH:3.2
G1 F2779.615
G1 X751.956 Y751.956 E2175.45813
G1 X248.044 Y751.956 E2175.45813
G1 F2760
G1 X248.044 Y248.044 E2175.4585
G1 X751.656 Y248.044 E2174.16299
;WIPE_START
G1 F600
M73 P42 R555
G1 X751.662 Y258.044 E-30
;WIPE_END
G1 Z195.5 F15000
G1 X727.407 Y250.49 Z195.5
G1 Z194.5
G1 E40 F9000
;TYPE:Sparse infill
;WIDTH:3.2
G1 F2779.614
G1 X738.92 Y250.49 E49.70059
G1 F2760
G1 X749.51 Y261.08 E64.65527
G1 X749.51 Y250.49 E45.71788
G1 X250.49 Y749.51 E3046.69043
G1 X250.49 Y738.92 E45.71786
G1 X261.08 Y749.51 E64.65527
G1 X272.593 Y749.51 E49.70059
;WIPE_START
G1 F600
G1 X262.593 Y749.51 E-30
;WIPE_END
G1 Z195.5 F15000
G1 X435.402 Y749.51 Z195.5
G1 Z194.5
G1 E40 F9000
G1 F2779.614
G1 F2760
G1 X423.89 Y749.51 E49.7002
G1 X250.49 Y576.11 E1058.66699
G1 X250.49 Y586.7 E45.71798
G1 X586.7 Y250.49 E2052.67871
G1 X576.11 Y250.49 E45.71875
G1 X749.51 Y423.89 E1058.66712
G1 X749.51 Y413.3 E45.71875
G1 X413.3 Y749.51 E2052.6789
G1 X401.788 Y749.51 E49.70059
;WIPE_START
G1 F600
G1 X411.788 Y749.51 E-30
;WIPE_END
G1 Z195.5 F15000
G1 X598.212 Y749.51 Z195.5
G1 Z194.5
M73 P42 R554
G1 E40 F9000
G1 F2779.614
G1 F2760
G1 X586.7 Y749.51 E49.70117
G1 X250.49 Y413.3 E2052.67889
G1 X250.49 Y423.89 E45.71875
G1 X423.89 Y250.49 E1058.66711
G1 X413.3 Y250.49 E45.71875
G1 X749.51 Y586.7 E2052.6789
G1 X749.51 Y576.11 E45.71875
G1 X576.11 Y749.51 E1058.66713
G1 X564.597 Y749.51 E49.70059
;WIPE_START
G1 F600
G1 X574.597 Y749.51 E-30
;WIPE_END
G1 Z195.5 F15000
G1 X749.51 Y727.407 Z195.5
G1 Z194.5
G1 E40 F9000
G1 F2779.614
G1 X749.51 Y738.92 E49.70059
G1 F2760
G1 X738.92 Y749.51 E64.65625
G1 X749.51 Y749.51 E45.71875
G1 X250.49 Y250.49 E3046.69065
G1 X261.08 Y250.49 E45.71875
G1 X250.49 Y261.08 E64.65625
G1 X250.49 Y272.593 E49.70059
; stop printing object Cube id:0 copy 0
;LAYER_CHANGE
;Z:196
;HEIGHT:1.5
;BEFORE_LAYER_CHANGE
;196
G92 E0

EXCLUDE_OBJECT_END NAME=Cube_id_0_copy_0
;AFTER_LAYER_CHANGE
;196
;_SET_FAN_SPEED_CHANGING_LAYER
; printing object Cube id:0 copy 0
;WIPE_START
G1 F600
G1 X250.49 Y262.593 E-30
;WIPE_END
EXCLUDE_OBJECT_START NAME=Cube_id_0_copy_0
G1 Z197 F15000
M73 P43 R554
G1 X248.044 Y248.044 Z197
G1 Z196
G1 E40 F9000
;TYPE:Outer wall
;WIDTH:3.2
G1 F2779.615
G1 X751.956 Y248.044 E2175.45813
G1 X751.956 Y751.956 E2175.45813
M73 P43 R553
G1 F2760
G1 X248.044 Y751.956 E2175.4585
G1 X248.044 Y248.344 E2174.16299
;WIPE_START
G1 F600
G1 X258.044 Y248.338 E-30
;WIPE_END
G1 Z197 F15000
G1 X250.49 Y272.593 Z197
G1 Z196
G1 E40 F9000
;TYPE:Sparse infill
;WIDTH:3.2
G1 F2779.614
G1 X250.49 Y261.08 E49.70059
G1 F2760
G1 X261.08 Y250.49 E64.65527
G1 X250.49 Y250.49 E45.71822
G1 X749.51 Y749.51 E3046.69043
G1 X738.92 Y749.51 E45.71823
M73 P43 R552
G1 X749.51 Y738.92 E64.65527
G1 X749.51 Y727.407 E49.70059
;WIPE_START
G1 F600
G1 X749.51 Y737.407 E-30
;WIPE_END
G1 Z197 F15000
G1 X564.597 Y749.51 Z197
G1 Z196
G1 E40 F9000
G1 F2779.614
G1 X576.11 Y749.51 E49.70059
G1 F2760
G1 X749.51 Y576.11 E1058.66699
G1 X749.51 Y586.7 E45.71813
G1 X413.3 Y250.49 E2052.67871
G1 X423.89 Y250.49 E45.71875
G1 X250.49 Y423.89 E1058.66711
G1 X250.49 Y413.3 E45.71875
G1 X586.7 Y749.51 E2052.67889
G1 X598.212 Y749.51 E49.70059
;WIPE_START
G1 F600
G1 X588.212 Y749.51 E-30
;WIPE_END
G1 Z197 F15000
G1 X401.788 Y749.51 Z197
G1 Z196
G1 E40 F9000
G1 F2779.614
G1 F2760
G1 X413.3 Y749.51 E49.70117
G1 X749.51 Y413.3 E2052.6789
G1 X749.51 Y423.89 E45.71875
G1 X576.11 Y250.49 E1058.66712
G1 X586.7 Y250.49 E45.71875
G1 X250.49 Y586.7 E2052.67888
G1 X250.49 Y576.11 E45.71875
M73 P43 R551
G1 X423.89 Y749.51 E1058.66712
G1 X435.402 Y749.51 E49.70059
;WIPE_START
G1 F600
G1 X425.402 Y749.51 E-30
;WIPE_END
G1 Z197 F15000
G1 X272.593 Y749.51 Z197
G1 Z196
G1 E40 F9000
G1 F2779.614
G1 X261.08 Y749.51 E49.70059
G1 F2760
G1 X250.49 Y738.92 E64.65625
G1 X250.49 Y749.51 E45.71875
G1 X749.51 Y250.49 E3046.69015
G1 X749.51 Y261.08 E45.71875
G1 X738.92 Y250.49 E64.65625
G1 X727.407 Y250.49 E49.70059
; stop printing object Cube id:0 copy 0
;LAYER_CHANGE
;Z:197.5
;HEIGHT:1.5
;BEFORE_LAYER_CHANGE
;197.5
G92 E0

EXCLUDE_OBJECT_END NAME=Cube_id_0_copy_0
;AFTER_LAYER_CHANGE
;197.5
;_SET_FAN_SPEED_CHANGING_LAYER
; printing object Cube id:0 copy 0
;WIPE_START
G1 F600
G1 X737.407 Y250.49 E-30
;WIPE_END
EXCLUDE_OBJECT_START NAME=Cube_id_0_copy_0
G1 Z198.5 F15000
G1 X751.956 Y248.044 Z198.5
G1 Z197.5
G1 E40 F9000
;TYPE:Outer wall
;WIDTH:3.2
G1 F2779.615
G1 X751.956 Y751.956 E2175.45813
G1 X248.044 Y751.956 E2175.45813
G1 F2760
G1 X248.044 Y248.044 E2175.4585
G1 X751.656 Y248.044 E2174.16299
M73 P43 R550
;WIPE_START
G1 F600
G1 X751.662 Y258.044 E-30
;WIPE_END
G1 Z198.5 F15000
G1 X727.407 Y250.49 Z198.5
G1 Z197.5
G1 E40 F9000
;TYPE:Sparse infill
;WIDTH:3.2
G1 F2779.614
G1 X738.92 Y250.49 E49.70059
G1 F2760
G1 X749.51 Y261.08 E64.65527
G1 X749.51 Y250.49 E45.71788
G1 X250.49 Y749.51 E3046.69043
G1 X250.49 Y738.92 E45.71786
G1 X261.08 Y749.51 E64.65527
G1 X272.593 Y749.51 E49.70059
;WIPE_START
G1 F600
G1 X262.593 Y749.51 E-30
;WIPE_END
G1 Z198.5 F15000
G1 X435.402 Y749.51 Z198.5
G1 Z197.5
G1 E40 F9000
G1 F2779.614
G1 F2760
G1 X423.89 Y749.51 E49.7002
G1 X250.49 Y576.11 E1058.66699
G1 X250.49 Y586.7 E45.71798
G1 X586.7 Y250.49 E2052.67871
G1 X576.11 Y250.49 E45.71875
M73 P43 R549
G1 X749.51 Y423.89 E1058.66712
G1 X749.51 Y413.3 E45.71875
G1 X413.3 Y749.51 E2052.6789
G1 X401.788 Y749.51 E49.70059
;WIPE_START
G1 F600
G1 X411.788 Y749.51 E-30
;WIPE_END
G1 Z198.5 F15000
G1 X598.212 Y749.51 Z198.5
G1 Z197.5
G1 E40 F9000
G1 F2779.614
G1 F2760
G1 X586.7 Y749.51 E49.70117
G1 X250.49 Y413.3 E2052.67889
G1 X250.49 Y423.89 E45.71875
G1 X423.89 Y250.49 E1058.66711
G1 X413.3 Y250.49 E45.71875
G1 X749.51 Y586.7 E2052.6789
G1 X749.51 Y576.11 E45.71875
G1 X576.11 Y749.51 E1058.66713
G1 X564.597 Y749.51 E49.70059
;WIPE_START
G1 F600
G1 X574.597 Y749.51 E-30
;WIPE_END
G1 Z198.5 F15000
G1 X749.51 Y727.407 Z198.5
G1 Z197.5
G1 E40 F9000
G1 F2779.614
G1 X749.51 Y738.92 E49.70059
G1 F2760
G1 X738.92 Y749.51 E64.65625
G1 X749.51 Y749.51 E45.71875
G1 X250.49 Y250.49 E3046.69065
G1 X261.08 Y250.49 E45.71875
M73 P43 R548
G1 X250.49 Y261.08 E64.65625
G1 X250.49 Y272.593 E49.70059
; stop printing object Cube id:0 copy 0
;LAYER_CHANGE
;Z:199
;HEIGHT:1.5
;BEFORE_LAYER_CHANGE
;199
G92 E0

EXCLUDE_OBJECT_END NAME=Cube_id_0_copy_0
;AFTER_LAYER_CHANGE
;199
;_SET_FAN_SPEED_CHANGING_LAYER
; printing object Cube id:0 copy 0
;WIPE_START
G1 F600
G1 X250.49 Y262.593 E-30
;WIPE_END
EXCLUDE_OBJECT_START NAME=Cube_id_0_copy_0
G1 Z200 F15000
G1 X248.044 Y248.044 Z200
G1 Z199
G1 E40 F9000
;TYPE:Outer wall
;WIDTH:3.2
G1 F2779.615
G1 X751.956 Y248.044 E2175.45813
G1 X751.956 Y751.956 E2175.45813
G1 F2760
G1 X248.044 Y751.956 E2175.4585
G1 X248.044 Y248.344 E2174.16299
;WIPE_START
G1 F600
M73 P43 R547
G1 X258.044 Y248.338 E-30
;WIPE_END
G1 Z200 F15000
G1 X250.49 Y272.593 Z200
G1 Z199
G1 E40 F9000
;TYPE:Sparse infill
;WIDTH:3.2
G1 F2779.614
G1 X250.49 Y261.08 E49.70059
G1 F2760
G1 X261.08 Y250.49 E64.65527
G1 X250.49 Y250.49 E45.71822
G1 X749.51 Y749.51 E3046.69043
G1 X738.92 Y749.51 E45.71823
G1 X749.51 Y738.92 E64.65527
G1 X749.51 Y727.407 E49.70059
;WIPE_START
G1 F600
G1 X749.51 Y737.407 E-30
;WIPE_END
G1 Z200 F15000
G1 X564.597 Y749.51 Z200
G1 Z199
G1 E40 F9000
G1 F2779.614
G1 X576.11 Y749.51 E49.70059
G1 F2760
G1 X749.51 Y576.11 E1058.66699
G1 X749.51 Y586.7 E45.71813
G1 X413.3 Y250.49 E2052.67871
G1 X423.89 Y250.49 E45.71875
G1 X250.49 Y423.89 E1058.66711
G1 X250.49 Y413.3 E45.71875
G1 X586.7 Y749.51 E2052.67889
G1 X598.212 Y749.51 E49.70059
;WIPE_START
G1 F600
G1 X588.212 Y749.51 E-30
;WIPE_END
G1 Z200 F15000
G1 X401.788 Y749.51 Z200
G1 Z199
M73 P43 R546
G1 E40 F9000
G1 F2779.614
G1 F2760
G1 X413.3 Y749.51 E49.70117
G1 X749.51 Y413.3 E2052.6789
G1 X749.51 Y423.89 E45.71875
G1 X576.11 Y250.49 E1058.66712
G1 X586.7 Y250.49 E45.71875
G1 X250.49 Y586.7 E2052.67888
G1 X250.49 Y576.11 E45.71875
G1 X423.89 Y749.51 E1058.66712
G1 X435.402 Y749.51 E49.70059
;WIPE_START
G1 F600
G1 X425.402 Y749.51 E-30
;WIPE_END
G1 Z200 F15000
G1 X272.593 Y749.51 Z200
G1 Z199
G1 E40 F9000
G1 F2779.614
G1 X261.08 Y749.51 E49.70059
G1 F2760
G1 X250.49 Y738.92 E64.65625
G1 X250.49 Y749.51 E45.71875
G1 X749.51 Y250.49 E3046.69015
G1 X749.51 Y261.08 E45.71875
G1 X738.92 Y250.49 E64.65625
G1 X727.407 Y250.49 E49.70059
; stop printing object Cube id:0 copy 0
;LAYER_CHANGE
;Z:200.5
;HEIGHT:1.5
;BEFORE_LAYER_CHANGE
;200.5
G92 E0

EXCLUDE_OBJECT_END NAME=Cube_id_0_copy_0
;AFTER_LAYER_CHANGE
;200.5
;_SET_FAN_SPEED_CHANGING_LAYER
; printing object Cube id:0 copy 0
;WIPE_START
G1 F600
G1 X737.407 Y250.49 E-30
;WIPE_END
EXCLUDE_OBJECT_START NAME=Cube_id_0_copy_0
G1 Z201.5 F15000
G1 X751.956 Y248.044 Z201.5
G1 Z200.5
G1 E40 F9000
;TYPE:Outer wall
;WIDTH:3.2
G1 F2779.615
G1 X751.956 Y751.956 E2175.45813
G1 X248.044 Y751.956 E2175.45813
M73 P43 R545
G1 F2760
G1 X248.044 Y248.044 E2175.4585
G1 X751.656 Y248.044 E2174.16299
;WIPE_START
G1 F600
G1 X751.662 Y258.044 E-30
;WIPE_END
G1 Z201.5 F15000
G1 X727.407 Y250.49 Z201.5
G1 Z200.5
G1 E40 F9000
;TYPE:Sparse infill
;WIDTH:3.2
G1 F2779.614
G1 X738.92 Y250.49 E49.70059
G1 F2760
G1 X749.51 Y261.08 E64.65527
G1 X749.51 Y250.49 E45.71788
G1 X250.49 Y749.51 E3046.69043
G1 X250.49 Y738.92 E45.71786
M73 P43 R544
G1 X261.08 Y749.51 E64.65527
G1 X272.593 Y749.51 E49.70059
;WIPE_START
G1 F600
G1 X262.593 Y749.51 E-30
;WIPE_END
G1 Z201.5 F15000
G1 X435.402 Y749.51 Z201.5
G1 Z200.5
G1 E40 F9000
G1 F2779.614
G1 F2760
G1 X423.89 Y749.51 E49.7002
G1 X250.49 Y576.11 E1058.66699
G1 X250.49 Y586.7 E45.71798
G1 X586.7 Y250.49 E2052.67871
G1 X576.11 Y250.49 E45.71875
G1 X749.51 Y423.89 E1058.66712
G1 X749.51 Y413.3 E45.71875
G1 X413.3 Y749.51 E2052.6789
G1 X401.788 Y749.51 E49.70059
;WIPE_START
G1 F600
G1 X411.788 Y749.51 E-30
;WIPE_END
G1 Z201.5 F15000
G1 X598.212 Y749.51 Z201.5
M73 P44 R544
G1 Z200.5
G1 E40 F9000
G1 F2779.614
G1 F2760
G1 X586.7 Y749.51 E49.70117
G1 X250.49 Y413.3 E2052.67889
G1 X250.49 Y423.89 E45.71875
G1 X423.89 Y250.49 E1058.66711
G1 X413.3 Y250.49 E45.71875
G1 X749.51 Y586.7 E2052.6789
G1 X749.51 Y576.11 E45.71875
M73 P44 R543
G1 X576.11 Y749.51 E1058.66713
G1 X564.597 Y749.51 E49.70059
;WIPE_START
G1 F600
G1 X574.597 Y749.51 E-30
;WIPE_END
G1 Z201.5 F15000
G1 X749.51 Y727.407 Z201.5
G1 Z200.5
G1 E40 F9000
G1 F2779.614
G1 X749.51 Y738.92 E49.70059
G1 F2760
G1 X738.92 Y749.51 E64.65625
G1 X749.51 Y749.51 E45.71875
G1 X250.49 Y250.49 E3046.69065
G1 X261.08 Y250.49 E45.71875
G1 X250.49 Y261.08 E64.65625
G1 X250.49 Y272.593 E49.70059
; stop printing object Cube id:0 copy 0
;LAYER_CHANGE
;Z:202
;HEIGHT:1.5
;BEFORE_LAYER_CHANGE
;202
G92 E0

EXCLUDE_OBJECT_END NAME=Cube_id_0_copy_0
;AFTER_LAYER_CHANGE
;202
;_SET_FAN_SPEED_CHANGING_LAYER
; printing object Cube id:0 copy 0
;WIPE_START
G1 F600
G1 X250.49 Y262.593 E-30
;WIPE_END
EXCLUDE_OBJECT_START NAME=Cube_id_0_copy_0
G1 Z203 F15000
G1 X248.044 Y248.044 Z203
G1 Z202
G1 E40 F9000
;TYPE:Outer wall
;WIDTH:3.2
G1 F2779.615
G1 X751.956 Y248.044 E2175.45813
G1 X751.956 Y751.956 E2175.45813
G1 F2760
G1 X248.044 Y751.956 E2175.4585
G1 X248.044 Y248.344 E2174.16299
M73 P44 R542
;WIPE_START
G1 F600
G1 X258.044 Y248.338 E-30
;WIPE_END
G1 Z203 F15000
G1 X250.49 Y272.593 Z203
G1 Z202
G1 E40 F9000
;TYPE:Sparse infill
;WIDTH:3.2
G1 F2779.614
G1 X250.49 Y261.08 E49.70059
G1 F2760
G1 X261.08 Y250.49 E64.65527
G1 X250.49 Y250.49 E45.71822
G1 X749.51 Y749.51 E3046.69043
G1 X738.92 Y749.51 E45.71823
G1 X749.51 Y738.92 E64.65527
G1 X749.51 Y727.407 E49.70059
;WIPE_START
G1 F600
G1 X749.51 Y737.407 E-30
;WIPE_END
G1 Z203 F15000
G1 X564.597 Y749.51 Z203
G1 Z202
G1 E40 F9000
G1 F2779.614
G1 X576.11 Y749.51 E49.70059
G1 F2760
G1 X749.51 Y576.11 E1058.66699
G1 X749.51 Y586.7 E45.71813
G1 X413.3 Y250.49 E2052.67871
G1 X423.89 Y250.49 E45.71875
M73 P44 R541
G1 X250.49 Y423.89 E1058.66711
G1 X250.49 Y413.3 E45.71875
G1 X586.7 Y749.51 E2052.67889
G1 X598.212 Y749.51 E49.70059
;WIPE_START
G1 F600
G1 X588.212 Y749.51 E-30
;WIPE_END
G1 Z203 F15000
G1 X401.788 Y749.51 Z203
G1 Z202
G1 E40 F9000
G1 F2779.614
G1 F2760
G1 X413.3 Y749.51 E49.70117
G1 X749.51 Y413.3 E2052.6789
G1 X749.51 Y423.89 E45.71875
G1 X576.11 Y250.49 E1058.66712
G1 X586.7 Y250.49 E45.71875
G1 X250.49 Y586.7 E2052.67888
G1 X250.49 Y576.11 E45.71875
G1 X423.89 Y749.51 E1058.66712
G1 X435.402 Y749.51 E49.70059
;WIPE_START
G1 F600
G1 X425.402 Y749.51 E-30
;WIPE_END
G1 Z203 F15000
G1 X272.593 Y749.51 Z203
G1 Z202
G1 E40 F9000
G1 F2779.614
G1 X261.08 Y749.51 E49.70059
G1 F2760
G1 X250.49 Y738.92 E64.65625
G1 X250.49 Y749.51 E45.71875
G1 X749.51 Y250.49 E3046.69015
G1 X749.51 Y261.08 E45.71875
M73 P44 R540
G1 X738.92 Y250.49 E64.65625
G1 X727.407 Y250.49 E49.70059
; stop printing object Cube id:0 copy 0
;LAYER_CHANGE
;Z:203.5
;HEIGHT:1.5
;BEFORE_LAYER_CHANGE
;203.5
G92 E0

EXCLUDE_OBJECT_END NAME=Cube_id_0_copy_0
;AFTER_LAYER_CHANGE
;203.5
;_SET_FAN_SPEED_CHANGING_LAYER
; printing object Cube id:0 copy 0
;WIPE_START
G1 F600
G1 X737.407 Y250.49 E-30
;WIPE_END
EXCLUDE_OBJECT_START NAME=Cube_id_0_copy_0
G1 Z204.5 F15000
G1 X751.956 Y248.044 Z204.5
G1 Z203.5
G1 E40 F9000
;TYPE:Outer wall
;WIDTH:3.2
G1 F2779.615
G1 X751.956 Y751.956 E2175.45813
G1 X248.044 Y751.956 E2175.45813
G1 F2760
G1 X248.044 Y248.044 E2175.4585
G1 X751.656 Y248.044 E2174.16299
;WIPE_START
G1 F600
M73 P44 R539
G1 X751.662 Y258.044 E-30
;WIPE_END
G1 Z204.5 F15000
G1 X727.407 Y250.49 Z204.5
G1 Z203.5
G1 E40 F9000
;TYPE:Sparse infill
;WIDTH:3.2
G1 F2779.614
G1 X738.92 Y250.49 E49.70059
G1 F2760
G1 X749.51 Y261.08 E64.65527
G1 X749.51 Y250.49 E45.71788
G1 X250.49 Y749.51 E3046.69043
G1 X250.49 Y738.92 E45.71786
G1 X261.08 Y749.51 E64.65527
G1 X272.593 Y749.51 E49.70059
;WIPE_START
G1 F600
G1 X262.593 Y749.51 E-30
;WIPE_END
G1 Z204.5 F15000
G1 X435.402 Y749.51 Z204.5
G1 Z203.5
G1 E40 F9000
G1 F2779.614
G1 F2760
G1 X423.89 Y749.51 E49.7002
G1 X250.49 Y576.11 E1058.66699
G1 X250.49 Y586.7 E45.71798
G1 X586.7 Y250.49 E2052.67871
G1 X576.11 Y250.49 E45.71875
G1 X749.51 Y423.89 E1058.66712
G1 X749.51 Y413.3 E45.71875
G1 X413.3 Y749.51 E2052.6789
G1 X401.788 Y749.51 E49.70059
;WIPE_START
G1 F600
G1 X411.788 Y749.51 E-30
;WIPE_END
G1 Z204.5 F15000
G1 X598.212 Y749.51 Z204.5
G1 Z203.5
G1 E40 F9000
G1 F2779.614
M73 P44 R538
G1 F2760
G1 X586.7 Y749.51 E49.70117
G1 X250.49 Y413.3 E2052.67889
G1 X250.49 Y423.89 E45.71875
G1 X423.89 Y250.49 E1058.66711
G1 X413.3 Y250.49 E45.71875
G1 X749.51 Y586.7 E2052.6789
G1 X749.51 Y576.11 E45.71875
G1 X576.11 Y749.51 E1058.66713
G1 X564.597 Y749.51 E49.70059
;WIPE_START
G1 F600
G1 X574.597 Y749.51 E-30
;WIPE_END
G1 Z204.5 F15000
G1 X749.51 Y727.407 Z204.5
G1 Z203.5
G1 E40 F9000
G1 F2779.614
G1 X749.51 Y738.92 E49.70059
G1 F2760
G1 X738.92 Y749.51 E64.65625
G1 X749.51 Y749.51 E45.71875
G1 X250.49 Y250.49 E3046.69065
G1 X261.08 Y250.49 E45.71875
G1 X250.49 Y261.08 E64.65625
G1 X250.49 Y272.593 E49.70059
; stop printing object Cube id:0 copy 0
;LAYER_CHANGE
;Z:205
;HEIGHT:1.5
;BEFORE_LAYER_CHANGE
;205
G92 E0

EXCLUDE_OBJECT_END NAME=Cube_id_0_copy_0
;AFTER_LAYER_CHANGE
;205
;_SET_FAN_SPEED_CHANGING_LAYER
; printing object Cube id:0 copy 0
;WIPE_START
G1 F600
G1 X250.49 Y262.593 E-30
;WIPE_END
EXCLUDE_OBJECT_START NAME=Cube_id_0_copy_0
G1 Z206 F15000
G1 X248.044 Y248.044 Z206
G1 Z205
G1 E40 F9000
;TYPE:Outer wall
;WIDTH:3.2
G1 F2779.615
G1 X751.956 Y248.044 E2175.45813
G1 X751.956 Y751.956 E2175.45813
M73 P44 R537
G1 F2760
G1 X248.044 Y751.956 E2175.4585
G1 X248.044 Y248.344 E2174.16299
;WIPE_START
G1 F600
G1 X258.044 Y248.338 E-30
;WIPE_END
G1 Z206 F15000
G1 X250.49 Y272.593 Z206
G1 Z205
G1 E40 F9000
;TYPE:Sparse infill
;WIDTH:3.2
G1 F2779.614
G1 X250.49 Y261.08 E49.70059
G1 F2760
G1 X261.08 Y250.49 E64.65527
G1 X250.49 Y250.49 E45.71822
G1 X749.51 Y749.51 E3046.69043
G1 X738.92 Y749.51 E45.71823
G1 X749.51 Y738.92 E64.65527
M73 P44 R536
G1 X749.51 Y727.407 E49.70059
;WIPE_START
G1 F600
G1 X749.51 Y737.407 E-30
;WIPE_END
G1 Z206 F15000
G1 X564.597 Y749.51 Z206
G1 Z205
G1 E40 F9000
G1 F2779.614
G1 X576.11 Y749.51 E49.70059
G1 F2760
G1 X749.51 Y576.11 E1058.66699
G1 X749.51 Y586.7 E45.71813
G1 X413.3 Y250.49 E2052.67871
G1 X423.89 Y250.49 E45.71875
G1 X250.49 Y423.89 E1058.66711
G1 X250.49 Y413.3 E45.71875
G1 X586.7 Y749.51 E2052.67889
G1 X598.212 Y749.51 E49.70059
;WIPE_START
G1 F600
G1 X588.212 Y749.51 E-30
;WIPE_END
G1 Z206 F15000
G1 X401.788 Y749.51 Z206
G1 Z205
G1 E40 F9000
G1 F2779.614
G1 F2760
G1 X413.3 Y749.51 E49.70117
G1 X749.51 Y413.3 E2052.6789
G1 X749.51 Y423.89 E45.71875
G1 X576.11 Y250.49 E1058.66712
G1 X586.7 Y250.49 E45.71875
G1 X250.49 Y586.7 E2052.67888
G1 X250.49 Y576.11 E45.71875
M73 P44 R535
G1 X423.89 Y749.51 E1058.66712
G1 X435.402 Y749.51 E49.70059
;WIPE_START
G1 F600
G1 X425.402 Y749.51 E-30
;WIPE_END
G1 Z206 F15000
G1 X272.593 Y749.51 Z206
G1 Z205
G1 E40 F9000
G1 F2779.614
G1 X261.08 Y749.51 E49.70059
G1 F2760
G1 X250.49 Y738.92 E64.65625
G1 X250.49 Y749.51 E45.71875
G1 X749.51 Y250.49 E3046.69015
G1 X749.51 Y261.08 E45.71875
G1 X738.92 Y250.49 E64.65625
G1 X727.407 Y250.49 E49.70059
; stop printing object Cube id:0 copy 0
;LAYER_CHANGE
;Z:206.5
;HEIGHT:1.5
;BEFORE_LAYER_CHANGE
;206.5
G92 E0

EXCLUDE_OBJECT_END NAME=Cube_id_0_copy_0
;AFTER_LAYER_CHANGE
;206.5
;_SET_FAN_SPEED_CHANGING_LAYER
; printing object Cube id:0 copy 0
;WIPE_START
G1 F600
G1 X737.407 Y250.49 E-30
;WIPE_END
EXCLUDE_OBJECT_START NAME=Cube_id_0_copy_0
G1 Z207.5 F15000
G1 X751.956 Y248.044 Z207.5
G1 Z206.5
G1 E40 F9000
;TYPE:Outer wall
;WIDTH:3.2
G1 F2779.615
G1 X751.956 Y751.956 E2175.45813
G1 X248.044 Y751.956 E2175.45813
G1 F2760
G1 X248.044 Y248.044 E2175.4585
G1 X751.656 Y248.044 E2174.16299
M73 P44 R534
;WIPE_START
G1 F600
G1 X751.662 Y258.044 E-30
;WIPE_END
G1 Z207.5 F15000
G1 X727.407 Y250.49 Z207.5
G1 Z206.5
M73 P45 R534
G1 E40 F9000
;TYPE:Sparse infill
;WIDTH:3.2
G1 F2779.614
G1 X738.92 Y250.49 E49.70059
G1 F2760
G1 X749.51 Y261.08 E64.65527
G1 X749.51 Y250.49 E45.71788
G1 X250.49 Y749.51 E3046.69043
G1 X250.49 Y738.92 E45.71786
G1 X261.08 Y749.51 E64.65527
G1 X272.593 Y749.51 E49.70059
;WIPE_START
G1 F600
G1 X262.593 Y749.51 E-30
;WIPE_END
G1 Z207.5 F15000
G1 X435.402 Y749.51 Z207.5
G1 Z206.5
G1 E40 F9000
G1 F2779.614
G1 F2760
G1 X423.89 Y749.51 E49.7002
G1 X250.49 Y576.11 E1058.66699
G1 X250.49 Y586.7 E45.71798
G1 X586.7 Y250.49 E2052.67871
G1 X576.11 Y250.49 E45.71875
M73 P45 R533
G1 X749.51 Y423.89 E1058.66712
G1 X749.51 Y413.3 E45.71875
G1 X413.3 Y749.51 E2052.6789
G1 X401.788 Y749.51 E49.70059
;WIPE_START
G1 F600
G1 X411.788 Y749.51 E-30
;WIPE_END
G1 Z207.5 F15000
G1 X598.212 Y749.51 Z207.5
G1 Z206.5
G1 E40 F9000
G1 F2779.614
G1 F2760
G1 X586.7 Y749.51 E49.70117
G1 X250.49 Y413.3 E2052.67889
G1 X250.49 Y423.89 E45.71875
G1 X423.89 Y250.49 E1058.66711
G1 X413.3 Y250.49 E45.71875
G1 X749.51 Y586.7 E2052.6789
G1 X749.51 Y576.11 E45.71875
G1 X576.11 Y749.51 E1058.66713
G1 X564.597 Y749.51 E49.70059
;WIPE_START
G1 F600
G1 X574.597 Y749.51 E-30
;WIPE_END
G1 Z207.5 F15000
G1 X749.51 Y727.407 Z207.5
G1 Z206.5
G1 E40 F9000
G1 F2779.614
G1 X749.51 Y738.92 E49.70059
G1 F2760
G1 X738.92 Y749.51 E64.65625
G1 X749.51 Y749.51 E45.71875
G1 X250.49 Y250.49 E3046.69065
G1 X261.08 Y250.49 E45.71875
M73 P45 R532
G1 X250.49 Y261.08 E64.65625
G1 X250.49 Y272.593 E49.70059
; stop printing object Cube id:0 copy 0
;LAYER_CHANGE
;Z:208
;HEIGHT:1.5
;BEFORE_LAYER_CHANGE
;208
G92 E0

EXCLUDE_OBJECT_END NAME=Cube_id_0_copy_0
;AFTER_LAYER_CHANGE
;208
;_SET_FAN_SPEED_CHANGING_LAYER
; printing object Cube id:0 copy 0
;WIPE_START
G1 F600
G1 X250.49 Y262.593 E-30
;WIPE_END
EXCLUDE_OBJECT_START NAME=Cube_id_0_copy_0
G1 Z209 F15000
G1 X248.044 Y248.044 Z209
G1 Z208
G1 E40 F9000
;TYPE:Outer wall
;WIDTH:3.2
G1 F2779.615
G1 X751.956 Y248.044 E2175.45813
G1 X751.956 Y751.956 E2175.45813
G1 F2760
G1 X248.044 Y751.956 E2175.4585
G1 X248.044 Y248.344 E2174.16299
;WIPE_START
G1 F600
M73 P45 R531
G1 X258.044 Y248.338 E-30
;WIPE_END
G1 Z209 F15000
G1 X250.49 Y272.593 Z209
G1 Z208
G1 E40 F9000
;TYPE:Sparse infill
;WIDTH:3.2
G1 F2779.614
G1 X250.49 Y261.08 E49.70059
G1 F2760
G1 X261.08 Y250.49 E64.65527
G1 X250.49 Y250.49 E45.71822
G1 X749.51 Y749.51 E3046.69043
G1 X738.92 Y749.51 E45.71823
G1 X749.51 Y738.92 E64.65527
G1 X749.51 Y727.407 E49.70059
;WIPE_START
G1 F600
G1 X749.51 Y737.407 E-30
;WIPE_END
G1 Z209 F15000
G1 X564.597 Y749.51 Z209
G1 Z208
G1 E40 F9000
G1 F2779.614
G1 X576.11 Y749.51 E49.70059
G1 F2760
G1 X749.51 Y576.11 E1058.66699
G1 X749.51 Y586.7 E45.71813
G1 X413.3 Y250.49 E2052.67871
G1 X423.89 Y250.49 E45.71875
G1 X250.49 Y423.89 E1058.66711
G1 X250.49 Y413.3 E45.71875
G1 X586.7 Y749.51 E2052.67889
G1 X598.212 Y749.51 E49.70059
;WIPE_START
G1 F600
G1 X588.212 Y749.51 E-30
;WIPE_END
G1 Z209 F15000
G1 X401.788 Y749.51 Z209
G1 Z208
G1 E40 F9000
G1 F2779.614
G1 F2760
G1 X413.3 Y749.51 E49.70117
G1 X749.51 Y413.3 E2052.6789
M73 P45 R530
G1 X749.51 Y423.89 E45.71875
G1 X576.11 Y250.49 E1058.66712
G1 X586.7 Y250.49 E45.71875
G1 X250.49 Y586.7 E2052.67888
G1 X250.49 Y576.11 E45.71875
G1 X423.89 Y749.51 E1058.66712
G1 X435.402 Y749.51 E49.70059
;WIPE_START
G1 F600
G1 X425.402 Y749.51 E-30
;WIPE_END
G1 Z209 F15000
G1 X272.593 Y749.51 Z209
G1 Z208
G1 E40 F9000
G1 F2779.614
G1 X261.08 Y749.51 E49.70059
G1 F2760
G1 X250.49 Y738.92 E64.65625
G1 X250.49 Y749.51 E45.71875
G1 X749.51 Y250.49 E3046.69015
G1 X749.51 Y261.08 E45.71875
G1 X738.92 Y250.49 E64.65625
G1 X727.407 Y250.49 E49.70059
; stop printing object Cube id:0 copy 0
;LAYER_CHANGE
;Z:209.5
;HEIGHT:1.5
;BEFORE_LAYER_CHANGE
;209.5
G92 E0

EXCLUDE_OBJECT_END NAME=Cube_id_0_copy_0
;AFTER_LAYER_CHANGE
;209.5
;_SET_FAN_SPEED_CHANGING_LAYER
; printing object Cube id:0 copy 0
;WIPE_START
G1 F600
G1 X737.407 Y250.49 E-30
;WIPE_END
EXCLUDE_OBJECT_START NAME=Cube_id_0_copy_0
G1 Z210.5 F15000
G1 X751.956 Y248.044 Z210.5
G1 Z209.5
G1 E40 F9000
;TYPE:Outer wall
;WIDTH:3.2
G1 F2779.615
G1 X751.956 Y751.956 E2175.45813
G1 X248.044 Y751.956 E2175.45813
M73 P45 R529
G1 F2760
G1 X248.044 Y248.044 E2175.4585
G1 X751.656 Y248.044 E2174.16299
;WIPE_START
G1 F600
G1 X751.662 Y258.044 E-30
;WIPE_END
G1 Z210.5 F15000
G1 X727.407 Y250.49 Z210.5
G1 Z209.5
G1 E40 F9000
;TYPE:Sparse infill
;WIDTH:3.2
G1 F2779.614
G1 X738.92 Y250.49 E49.70059
G1 F2760
G1 X749.51 Y261.08 E64.65527
G1 X749.51 Y250.49 E45.71788
G1 X250.49 Y749.51 E3046.69043
G1 X250.49 Y738.92 E45.71786
G1 X261.08 Y749.51 E64.65527
G1 X272.593 Y749.51 E49.70059
M73 P45 R528
;WIPE_START
G1 F600
G1 X262.593 Y749.51 E-30
;WIPE_END
G1 Z210.5 F15000
G1 X435.402 Y749.51 Z210.5
G1 Z209.5
G1 E40 F9000
G1 F2779.614
G1 F2760
G1 X423.89 Y749.51 E49.7002
G1 X250.49 Y576.11 E1058.66699
G1 X250.49 Y586.7 E45.71798
G1 X586.7 Y250.49 E2052.67871
G1 X576.11 Y250.49 E45.71875
G1 X749.51 Y423.89 E1058.66712
G1 X749.51 Y413.3 E45.71875
G1 X413.3 Y749.51 E2052.6789
G1 X401.788 Y749.51 E49.70059
;WIPE_START
G1 F600
G1 X411.788 Y749.51 E-30
;WIPE_END
G1 Z210.5 F15000
G1 X598.212 Y749.51 Z210.5
G1 Z209.5
G1 E40 F9000
G1 F2779.614
G1 F2760
G1 X586.7 Y749.51 E49.70117
G1 X250.49 Y413.3 E2052.67889
G1 X250.49 Y423.89 E45.71875
G1 X423.89 Y250.49 E1058.66711
G1 X413.3 Y250.49 E45.71875
G1 X749.51 Y586.7 E2052.6789
G1 X749.51 Y576.11 E45.71875
M73 P45 R527
G1 X576.11 Y749.51 E1058.66713
G1 X564.597 Y749.51 E49.70059
;WIPE_START
G1 F600
G1 X574.597 Y749.51 E-30
;WIPE_END
G1 Z210.5 F15000
G1 X749.51 Y727.407 Z210.5
G1 Z209.5
G1 E40 F9000
G1 F2779.614
G1 X749.51 Y738.92 E49.70059
G1 F2760
G1 X738.92 Y749.51 E64.65625
G1 X749.51 Y749.51 E45.71875
G1 X250.49 Y250.49 E3046.69065
G1 X261.08 Y250.49 E45.71875
G1 X250.49 Y261.08 E64.65625
G1 X250.49 Y272.593 E49.70059
; stop printing object Cube id:0 copy 0
;LAYER_CHANGE
;Z:211
;HEIGHT:1.5
;BEFORE_LAYER_CHANGE
;211
G92 E0

EXCLUDE_OBJECT_END NAME=Cube_id_0_copy_0
;AFTER_LAYER_CHANGE
;211
;_SET_FAN_SPEED_CHANGING_LAYER
; printing object Cube id:0 copy 0
;WIPE_START
G1 F600
G1 X250.49 Y262.593 E-30
;WIPE_END
EXCLUDE_OBJECT_START NAME=Cube_id_0_copy_0
G1 Z212 F15000
G1 X248.044 Y248.044 Z212
G1 Z211
G1 E40 F9000
;TYPE:Outer wall
;WIDTH:3.2
G1 F2779.615
G1 X751.956 Y248.044 E2175.45813
G1 X751.956 Y751.956 E2175.45813
G1 F2760
G1 X248.044 Y751.956 E2175.4585
G1 X248.044 Y248.344 E2174.16299
M73 P45 R526
;WIPE_START
G1 F600
G1 X258.044 Y248.338 E-30
;WIPE_END
G1 Z212 F15000
G1 X250.49 Y272.593 Z212
G1 Z211
G1 E40 F9000
;TYPE:Sparse infill
;WIDTH:3.2
G1 F2779.614
G1 X250.49 Y261.08 E49.70059
G1 F2760
G1 X261.08 Y250.49 E64.65527
G1 X250.49 Y250.49 E45.71822
G1 X749.51 Y749.51 E3046.69043
G1 X738.92 Y749.51 E45.71823
G1 X749.51 Y738.92 E64.65527
G1 X749.51 Y727.407 E49.70059
;WIPE_START
G1 F600
G1 X749.51 Y737.407 E-30
;WIPE_END
G1 Z212 F15000
G1 X564.597 Y749.51 Z212
G1 Z211
G1 E40 F9000
G1 F2779.614
G1 X576.11 Y749.51 E49.70059
G1 F2760
G1 X749.51 Y576.11 E1058.66699
G1 X749.51 Y586.7 E45.71813
G1 X413.3 Y250.49 E2052.67871
G1 X423.89 Y250.49 E45.71875
G1 X250.49 Y423.89 E1058.66711
M73 P45 R525
G1 X250.49 Y413.3 E45.71875
G1 X586.7 Y749.51 E2052.67889
G1 X598.212 Y749.51 E49.70059
;WIPE_START
G1 F600
G1 X588.212 Y749.51 E-30
;WIPE_END
G1 Z212 F15000
G1 X401.788 Y749.51 Z212
G1 Z211
G1 E40 F9000
G1 F2779.614
G1 F2760
G1 X413.3 Y749.51 E49.70117
G1 X749.51 Y413.3 E2052.6789
G1 X749.51 Y423.89 E45.71875
G1 X576.11 Y250.49 E1058.66712
G1 X586.7 Y250.49 E45.71875
G1 X250.49 Y586.7 E2052.67888
G1 X250.49 Y576.11 E45.71875
G1 X423.89 Y749.51 E1058.66712
G1 X435.402 Y749.51 E49.70059
;WIPE_START
G1 F600
G1 X425.402 Y749.51 E-30
;WIPE_END
G1 Z212 F15000
G1 X272.593 Y749.51 Z212
G1 Z211
G1 E40 F9000
G1 F2779.614
G1 X261.08 Y749.51 E49.70059
G1 F2760
G1 X250.49 Y738.92 E64.65625
G1 X250.49 Y749.51 E45.71875
G1 X749.51 Y250.49 E3046.69015
G1 X749.51 Y261.08 E45.71875
M73 P46 R524
G1 X738.92 Y250.49 E64.65625
G1 X727.407 Y250.49 E49.70059
; stop printing object Cube id:0 copy 0
;LAYER_CHANGE
;Z:212.5
;HEIGHT:1.5
;BEFORE_LAYER_CHANGE
;212.5
G92 E0

EXCLUDE_OBJECT_END NAME=Cube_id_0_copy_0
;AFTER_LAYER_CHANGE
;212.5
;_SET_FAN_SPEED_CHANGING_LAYER
; printing object Cube id:0 copy 0
;WIPE_START
G1 F600
G1 X737.407 Y250.49 E-30
;WIPE_END
EXCLUDE_OBJECT_START NAME=Cube_id_0_copy_0
G1 Z213.5 F15000
G1 X751.956 Y248.044 Z213.5
G1 Z212.5
G1 E40 F9000
;TYPE:Outer wall
;WIDTH:3.2
G1 F2779.615
G1 X751.956 Y751.956 E2175.45813
G1 X248.044 Y751.956 E2175.45813
G1 F2760
G1 X248.044 Y248.044 E2175.4585
G1 X751.656 Y248.044 E2174.16299
;WIPE_START
G1 F600
M73 P46 R523
G1 X751.662 Y258.044 E-30
;WIPE_END
G1 Z213.5 F15000
G1 X727.407 Y250.49 Z213.5
G1 Z212.5
G1 E40 F9000
;TYPE:Sparse infill
;WIDTH:3.2
G1 F2779.614
G1 X738.92 Y250.49 E49.70059
G1 F2760
G1 X749.51 Y261.08 E64.65527
G1 X749.51 Y250.49 E45.71788
G1 X250.49 Y749.51 E3046.69043
G1 X250.49 Y738.92 E45.71786
G1 X261.08 Y749.51 E64.65527
G1 X272.593 Y749.51 E49.70059
;WIPE_START
G1 F600
G1 X262.593 Y749.51 E-30
;WIPE_END
G1 Z213.5 F15000
G1 X435.402 Y749.51 Z213.5
G1 Z212.5
G1 E40 F9000
G1 F2779.614
G1 F2760
G1 X423.89 Y749.51 E49.7002
G1 X250.49 Y576.11 E1058.66699
G1 X250.49 Y586.7 E45.71798
G1 X586.7 Y250.49 E2052.67871
G1 X576.11 Y250.49 E45.71875
G1 X749.51 Y423.89 E1058.66712
G1 X749.51 Y413.3 E45.71875
G1 X413.3 Y749.51 E2052.6789
G1 X401.788 Y749.51 E49.70059
;WIPE_START
G1 F600
G1 X411.788 Y749.51 E-30
;WIPE_END
G1 Z213.5 F15000
G1 X598.212 Y749.51 Z213.5
G1 Z212.5
G1 E40 F9000
G1 F2779.614
G1 F2760
G1 X586.7 Y749.51 E49.70117
G1 X250.49 Y413.3 E2052.67889
G1 X250.49 Y423.89 E45.71875
M73 P46 R522
G1 X423.89 Y250.49 E1058.66711
G1 X413.3 Y250.49 E45.71875
G1 X749.51 Y586.7 E2052.6789
G1 X749.51 Y576.11 E45.71875
G1 X576.11 Y749.51 E1058.66713
G1 X564.597 Y749.51 E49.70059
;WIPE_START
G1 F600
G1 X574.597 Y749.51 E-30
;WIPE_END
G1 Z213.5 F15000
G1 X749.51 Y727.407 Z213.5
G1 Z212.5
G1 E40 F9000
G1 F2779.614
G1 X749.51 Y738.92 E49.70059
G1 F2760
G1 X738.92 Y749.51 E64.65625
G1 X749.51 Y749.51 E45.71875
G1 X250.49 Y250.49 E3046.69065
G1 X261.08 Y250.49 E45.71875
G1 X250.49 Y261.08 E64.65625
G1 X250.49 Y272.593 E49.70059
; stop printing object Cube id:0 copy 0
;LAYER_CHANGE
;Z:214
;HEIGHT:1.5
;BEFORE_LAYER_CHANGE
;214
G92 E0

EXCLUDE_OBJECT_END NAME=Cube_id_0_copy_0
;AFTER_LAYER_CHANGE
;214
;_SET_FAN_SPEED_CHANGING_LAYER
; printing object Cube id:0 copy 0
;WIPE_START
G1 F600
G1 X250.49 Y262.593 E-30
;WIPE_END
EXCLUDE_OBJECT_START NAME=Cube_id_0_copy_0
G1 Z215 F15000
G1 X248.044 Y248.044 Z215
G1 Z214
G1 E40 F9000
;TYPE:Outer wall
;WIDTH:3.2
G1 F2779.615
G1 X751.956 Y248.044 E2175.45813
G1 X751.956 Y751.956 E2175.45813
M73 P46 R521
G1 F2760
G1 X248.044 Y751.956 E2175.4585
G1 X248.044 Y248.344 E2174.16299
;WIPE_START
G1 F600
G1 X258.044 Y248.338 E-30
;WIPE_END
G1 Z215 F15000
G1 X250.49 Y272.593 Z215
G1 Z214
G1 E40 F9000
;TYPE:Sparse infill
;WIDTH:3.2
G1 F2779.614
G1 X250.49 Y261.08 E49.70059
G1 F2760
G1 X261.08 Y250.49 E64.65527
G1 X250.49 Y250.49 E45.71822
G1 X749.51 Y749.51 E3046.69043
G1 X738.92 Y749.51 E45.71823
G1 X749.51 Y738.92 E64.65527
G1 X749.51 Y727.407 E49.70059
;WIPE_START
G1 F600
G1 X749.51 Y737.407 E-30
;WIPE_END
G1 Z215 F15000
M73 P46 R520
G1 X564.597 Y749.51 Z215
G1 Z214
G1 E40 F9000
G1 F2779.614
G1 X576.11 Y749.51 E49.70059
G1 F2760
G1 X749.51 Y576.11 E1058.66699
G1 X749.51 Y586.7 E45.71813
G1 X413.3 Y250.49 E2052.67871
G1 X423.89 Y250.49 E45.71875
G1 X250.49 Y423.89 E1058.66711
G1 X250.49 Y413.3 E45.71875
G1 X586.7 Y749.51 E2052.67889
G1 X598.212 Y749.51 E49.70059
;WIPE_START
G1 F600
G1 X588.212 Y749.51 E-30
;WIPE_END
G1 Z215 F15000
G1 X401.788 Y749.51 Z215
G1 Z214
G1 E40 F9000
G1 F2779.614
G1 F2760
G1 X413.3 Y749.51 E49.70117
G1 X749.51 Y413.3 E2052.6789
G1 X749.51 Y423.89 E45.71875
G1 X576.11 Y250.49 E1058.66712
G1 X586.7 Y250.49 E45.71875
G1 X250.49 Y586.7 E2052.67888
G1 X250.49 Y576.11 E45.71875
M73 P46 R519
G1 X423.89 Y749.51 E1058.66712
G1 X435.402 Y749.51 E49.70059
;WIPE_START
G1 F600
G1 X425.402 Y749.51 E-30
;WIPE_END
G1 Z215 F15000
G1 X272.593 Y749.51 Z215
G1 Z214
G1 E40 F9000
G1 F2779.614
G1 X261.08 Y749.51 E49.70059
G1 F2760
G1 X250.49 Y738.92 E64.65625
G1 X250.49 Y749.51 E45.71875
G1 X749.51 Y250.49 E3046.69015
G1 X749.51 Y261.08 E45.71875
G1 X738.92 Y250.49 E64.65625
G1 X727.407 Y250.49 E49.70059
; stop printing object Cube id:0 copy 0
;LAYER_CHANGE
;Z:215.5
;HEIGHT:1.5
;BEFORE_LAYER_CHANGE
;215.5
G92 E0

EXCLUDE_OBJECT_END NAME=Cube_id_0_copy_0
;AFTER_LAYER_CHANGE
;215.5
;_SET_FAN_SPEED_CHANGING_LAYER
; printing object Cube id:0 copy 0
;WIPE_START
G1 F600
G1 X737.407 Y250.49 E-30
;WIPE_END
EXCLUDE_OBJECT_START NAME=Cube_id_0_copy_0
G1 Z216.5 F15000
G1 X751.956 Y248.044 Z216.5
G1 Z215.5
G1 E40 F9000
;TYPE:Outer wall
;WIDTH:3.2
G1 F2779.615
G1 X751.956 Y751.956 E2175.45813
G1 X248.044 Y751.956 E2175.45813
G1 F2760
G1 X248.044 Y248.044 E2175.4585
G1 X751.656 Y248.044 E2174.16299
M73 P46 R518
;WIPE_START
G1 F600
G1 X751.662 Y258.044 E-30
;WIPE_END
G1 Z216.5 F15000
G1 X727.407 Y250.49 Z216.5
G1 Z215.5
G1 E40 F9000
;TYPE:Sparse infill
;WIDTH:3.2
G1 F2779.614
G1 X738.92 Y250.49 E49.70059
G1 F2760
G1 X749.51 Y261.08 E64.65527
G1 X749.51 Y250.49 E45.71788
G1 X250.49 Y749.51 E3046.69043
G1 X250.49 Y738.92 E45.71786
G1 X261.08 Y749.51 E64.65527
G1 X272.593 Y749.51 E49.70059
;WIPE_START
G1 F600
G1 X262.593 Y749.51 E-30
;WIPE_END
G1 Z216.5 F15000
G1 X435.402 Y749.51 Z216.5
G1 Z215.5
G1 E40 F9000
G1 F2779.614
G1 F2760
G1 X423.89 Y749.51 E49.7002
G1 X250.49 Y576.11 E1058.66699
G1 X250.49 Y586.7 E45.71798
G1 X586.7 Y250.49 E2052.67871
G1 X576.11 Y250.49 E45.71875
G1 X749.51 Y423.89 E1058.66712
G1 X749.51 Y413.3 E45.71875
M73 P46 R517
G1 X413.3 Y749.51 E2052.6789
G1 X401.788 Y749.51 E49.70059
;WIPE_START
G1 F600
G1 X411.788 Y749.51 E-30
;WIPE_END
G1 Z216.5 F15000
G1 X598.212 Y749.51 Z216.5
G1 Z215.5
G1 E40 F9000
G1 F2779.614
G1 F2760
G1 X586.7 Y749.51 E49.70117
G1 X250.49 Y413.3 E2052.67889
G1 X250.49 Y423.89 E45.71875
G1 X423.89 Y250.49 E1058.66711
G1 X413.3 Y250.49 E45.71875
G1 X749.51 Y586.7 E2052.6789
G1 X749.51 Y576.11 E45.71875
G1 X576.11 Y749.51 E1058.66713
G1 X564.597 Y749.51 E49.70059
;WIPE_START
G1 F600
G1 X574.597 Y749.51 E-30
;WIPE_END
G1 Z216.5 F15000
G1 X749.51 Y727.407 Z216.5
G1 Z215.5
G1 E40 F9000
G1 F2779.614
G1 X749.51 Y738.92 E49.70059
G1 F2760
G1 X738.92 Y749.51 E64.65625
G1 X749.51 Y749.51 E45.71875
G1 X250.49 Y250.49 E3046.69065
G1 X261.08 Y250.49 E45.71875
M73 P46 R516
G1 X250.49 Y261.08 E64.65625
G1 X250.49 Y272.593 E49.70059
; stop printing object Cube id:0 copy 0
;LAYER_CHANGE
;Z:217
;HEIGHT:1.5
;BEFORE_LAYER_CHANGE
;217
G92 E0

EXCLUDE_OBJECT_END NAME=Cube_id_0_copy_0
;AFTER_LAYER_CHANGE
;217
;_SET_FAN_SPEED_CHANGING_LAYER
; printing object Cube id:0 copy 0
;WIPE_START
G1 F600
G1 X250.49 Y262.593 E-30
;WIPE_END
EXCLUDE_OBJECT_START NAME=Cube_id_0_copy_0
G1 Z218 F15000
G1 X248.044 Y248.044 Z218
G1 Z217
G1 E40 F9000
;TYPE:Outer wall
;WIDTH:3.2
G1 F2779.615
G1 X751.956 Y248.044 E2175.45813
G1 X751.956 Y751.956 E2175.45813
G1 F2760
G1 X248.044 Y751.956 E2175.4585
G1 X248.044 Y248.344 E2174.16299
;WIPE_START
G1 F600
G1 X258.044 Y248.338 E-30
;WIPE_END
G1 Z218 F15000
M73 P46 R515
G1 X250.49 Y272.593 Z218
G1 Z217
G1 E40 F9000
;TYPE:Sparse infill
;WIDTH:3.2
G1 F2779.614
G1 X250.49 Y261.08 E49.70059
G1 F2760
G1 X261.08 Y250.49 E64.65527
G1 X250.49 Y250.49 E45.71822
G1 X749.51 Y749.51 E3046.69043
G1 X738.92 Y749.51 E45.71823
G1 X749.51 Y738.92 E64.65527
G1 X749.51 Y727.407 E49.70059
;WIPE_START
G1 F600
G1 X749.51 Y737.407 E-30
;WIPE_END
G1 Z218 F15000
G1 X564.597 Y749.51 Z218
G1 Z217
G1 E40 F9000
G1 F2779.614
G1 X576.11 Y749.51 E49.70059
G1 F2760
G1 X749.51 Y576.11 E1058.66699
G1 X749.51 Y586.7 E45.71813
G1 X413.3 Y250.49 E2052.67871
G1 X423.89 Y250.49 E45.71875
G1 X250.49 Y423.89 E1058.66711
G1 X250.49 Y413.3 E45.71875
G1 X586.7 Y749.51 E2052.67889
G1 X598.212 Y749.51 E49.70059
M73 P47 R515
;WIPE_START
G1 F600
G1 X588.212 Y749.51 E-30
;WIPE_END
G1 Z218 F15000
G1 X401.788 Y749.51 Z218
G1 Z217
G1 E40 F9000
G1 F2779.614
G1 F2760
G1 X413.3 Y749.51 E49.70117
G1 X749.51 Y413.3 E2052.6789
G1 X749.51 Y423.89 E45.71875
M73 P47 R514
G1 X576.11 Y250.49 E1058.66712
G1 X586.7 Y250.49 E45.71875
G1 X250.49 Y586.7 E2052.67888
G1 X250.49 Y576.11 E45.71875
G1 X423.89 Y749.51 E1058.66712
G1 X435.402 Y749.51 E49.70059
;WIPE_START
G1 F600
G1 X425.402 Y749.51 E-30
;WIPE_END
G1 Z218 F15000
G1 X272.593 Y749.51 Z218
G1 Z217
G1 E40 F9000
G1 F2779.614
G1 X261.08 Y749.51 E49.70059
G1 F2760
G1 X250.49 Y738.92 E64.65625
G1 X250.49 Y749.51 E45.71875
G1 X749.51 Y250.49 E3046.69015
G1 X749.51 Y261.08 E45.71875
G1 X738.92 Y250.49 E64.65625
G1 X727.407 Y250.49 E49.70059
; stop printing object Cube id:0 copy 0
;LAYER_CHANGE
;Z:218.5
;HEIGHT:1.5
;BEFORE_LAYER_CHANGE
;218.5
G92 E0

EXCLUDE_OBJECT_END NAME=Cube_id_0_copy_0
;AFTER_LAYER_CHANGE
;218.5
;_SET_FAN_SPEED_CHANGING_LAYER
; printing object Cube id:0 copy 0
;WIPE_START
G1 F600
G1 X737.407 Y250.49 E-30
;WIPE_END
EXCLUDE_OBJECT_START NAME=Cube_id_0_copy_0
G1 Z219.5 F15000
G1 X751.956 Y248.044 Z219.5
G1 Z218.5
G1 E40 F9000
;TYPE:Outer wall
;WIDTH:3.2
G1 F2779.615
G1 X751.956 Y751.956 E2175.45813
G1 X248.044 Y751.956 E2175.45813
M73 P47 R513
G1 F2760
G1 X248.044 Y248.044 E2175.4585
G1 X751.656 Y248.044 E2174.16299
;WIPE_START
G1 F600
G1 X751.662 Y258.044 E-30
;WIPE_END
G1 Z219.5 F15000
G1 X727.407 Y250.49 Z219.5
G1 Z218.5
G1 E40 F9000
;TYPE:Sparse infill
;WIDTH:3.2
G1 F2779.614
G1 X738.92 Y250.49 E49.70059
G1 F2760
G1 X749.51 Y261.08 E64.65527
G1 X749.51 Y250.49 E45.71788
G1 X250.49 Y749.51 E3046.69043
G1 X250.49 Y738.92 E45.71786
G1 X261.08 Y749.51 E64.65527
G1 X272.593 Y749.51 E49.70059
;WIPE_START
G1 F600
G1 X262.593 Y749.51 E-30
;WIPE_END
G1 Z219.5 F15000
M73 P47 R512
G1 X435.402 Y749.51 Z219.5
G1 Z218.5
G1 E40 F9000
G1 F2779.614
G1 F2760
G1 X423.89 Y749.51 E49.7002
G1 X250.49 Y576.11 E1058.66699
G1 X250.49 Y586.7 E45.71798
G1 X586.7 Y250.49 E2052.67871
G1 X576.11 Y250.49 E45.71875
G1 X749.51 Y423.89 E1058.66712
G1 X749.51 Y413.3 E45.71875
G1 X413.3 Y749.51 E2052.6789
G1 X401.788 Y749.51 E49.70059
;WIPE_START
G1 F600
G1 X411.788 Y749.51 E-30
;WIPE_END
G1 Z219.5 F15000
G1 X598.212 Y749.51 Z219.5
G1 Z218.5
G1 E40 F9000
G1 F2779.614
G1 F2760
G1 X586.7 Y749.51 E49.70117
G1 X250.49 Y413.3 E2052.67889
G1 X250.49 Y423.89 E45.71875
G1 X423.89 Y250.49 E1058.66711
G1 X413.3 Y250.49 E45.71875
G1 X749.51 Y586.7 E2052.6789
G1 X749.51 Y576.11 E45.71875
M73 P47 R511
G1 X576.11 Y749.51 E1058.66713
G1 X564.597 Y749.51 E49.70059
;WIPE_START
G1 F600
G1 X574.597 Y749.51 E-30
;WIPE_END
G1 Z219.5 F15000
G1 X749.51 Y727.407 Z219.5
G1 Z218.5
G1 E40 F9000
G1 F2779.614
G1 X749.51 Y738.92 E49.70059
G1 F2760
G1 X738.92 Y749.51 E64.65625
G1 X749.51 Y749.51 E45.71875
G1 X250.49 Y250.49 E3046.69065
G1 X261.08 Y250.49 E45.71875
G1 X250.49 Y261.08 E64.65625
G1 X250.49 Y272.593 E49.70059
; stop printing object Cube id:0 copy 0
;LAYER_CHANGE
;Z:220
;HEIGHT:1.5
;BEFORE_LAYER_CHANGE
;220
G92 E0

EXCLUDE_OBJECT_END NAME=Cube_id_0_copy_0
;AFTER_LAYER_CHANGE
;220
;_SET_FAN_SPEED_CHANGING_LAYER
; printing object Cube id:0 copy 0
;WIPE_START
G1 F600
G1 X250.49 Y262.593 E-30
;WIPE_END
EXCLUDE_OBJECT_START NAME=Cube_id_0_copy_0
G1 Z221 F15000
G1 X248.044 Y248.044 Z221
G1 Z220
G1 E40 F9000
;TYPE:Outer wall
;WIDTH:3.2
G1 F2779.615
G1 X751.956 Y248.044 E2175.45813
G1 X751.956 Y751.956 E2175.45813
G1 F2760
G1 X248.044 Y751.956 E2175.4585
G1 X248.044 Y248.344 E2174.16299
M73 P47 R510
;WIPE_START
G1 F600
G1 X258.044 Y248.338 E-30
;WIPE_END
G1 Z221 F15000
G1 X250.49 Y272.593 Z221
G1 Z220
G1 E40 F9000
;TYPE:Sparse infill
;WIDTH:3.2
G1 F2779.614
G1 X250.49 Y261.08 E49.70059
G1 F2760
G1 X261.08 Y250.49 E64.65527
G1 X250.49 Y250.49 E45.71822
G1 X749.51 Y749.51 E3046.69043
G1 X738.92 Y749.51 E45.71823
G1 X749.51 Y738.92 E64.65527
G1 X749.51 Y727.407 E49.70059
;WIPE_START
G1 F600
G1 X749.51 Y737.407 E-30
;WIPE_END
G1 Z221 F15000
G1 X564.597 Y749.51 Z221
G1 Z220
G1 E40 F9000
G1 F2779.614
G1 X576.11 Y749.51 E49.70059
G1 F2760
G1 X749.51 Y576.11 E1058.66699
G1 X749.51 Y586.7 E45.71813
G1 X413.3 Y250.49 E2052.67871
G1 X423.89 Y250.49 E45.71875
G1 X250.49 Y423.89 E1058.66711
G1 X250.49 Y413.3 E45.71875
M73 P47 R509
G1 X586.7 Y749.51 E2052.67889
G1 X598.212 Y749.51 E49.70059
;WIPE_START
G1 F600
G1 X588.212 Y749.51 E-30
;WIPE_END
G1 Z221 F15000
G1 X401.788 Y749.51 Z221
G1 Z220
G1 E40 F9000
G1 F2779.614
G1 F2760
G1 X413.3 Y749.51 E49.70117
G1 X749.51 Y413.3 E2052.6789
G1 X749.51 Y423.89 E45.71875
G1 X576.11 Y250.49 E1058.66712
G1 X586.7 Y250.49 E45.71875
G1 X250.49 Y586.7 E2052.67888
G1 X250.49 Y576.11 E45.71875
G1 X423.89 Y749.51 E1058.66712
G1 X435.402 Y749.51 E49.70059
;WIPE_START
G1 F600
G1 X425.402 Y749.51 E-30
;WIPE_END
G1 Z221 F15000
G1 X272.593 Y749.51 Z221
G1 Z220
G1 E40 F9000
G1 F2779.614
G1 X261.08 Y749.51 E49.70059
G1 F2760
G1 X250.49 Y738.92 E64.65625
G1 X250.49 Y749.51 E45.71875
G1 X749.51 Y250.49 E3046.69015
G1 X749.51 Y261.08 E45.71875
M73 P47 R508
G1 X738.92 Y250.49 E64.65625
G1 X727.407 Y250.49 E49.70059
; stop printing object Cube id:0 copy 0
;LAYER_CHANGE
;Z:221.5
;HEIGHT:1.5
;BEFORE_LAYER_CHANGE
;221.5
G92 E0

EXCLUDE_OBJECT_END NAME=Cube_id_0_copy_0
;AFTER_LAYER_CHANGE
;221.5
;_SET_FAN_SPEED_CHANGING_LAYER
; printing object Cube id:0 copy 0
;WIPE_START
G1 F600
G1 X737.407 Y250.49 E-30
;WIPE_END
EXCLUDE_OBJECT_START NAME=Cube_id_0_copy_0
G1 Z222.5 F15000
G1 X751.956 Y248.044 Z222.5
G1 Z221.5
G1 E40 F9000
;TYPE:Outer wall
;WIDTH:3.2
G1 F2779.615
G1 X751.956 Y751.956 E2175.45813
G1 X248.044 Y751.956 E2175.45813
G1 F2760
G1 X248.044 Y248.044 E2175.4585
G1 X751.656 Y248.044 E2174.16299
;WIPE_START
G1 F600
G1 X751.662 Y258.044 E-30
;WIPE_END
G1 Z222.5 F15000
M73 P47 R507
G1 X727.407 Y250.49 Z222.5
G1 Z221.5
G1 E40 F9000
;TYPE:Sparse infill
;WIDTH:3.2
G1 F2779.614
G1 X738.92 Y250.49 E49.70059
G1 F2760
G1 X749.51 Y261.08 E64.65527
G1 X749.51 Y250.49 E45.71788
G1 X250.49 Y749.51 E3046.69043
G1 X250.49 Y738.92 E45.71786
G1 X261.08 Y749.51 E64.65527
G1 X272.593 Y749.51 E49.70059
;WIPE_START
G1 F600
G1 X262.593 Y749.51 E-30
;WIPE_END
G1 Z222.5 F15000
G1 X435.402 Y749.51 Z222.5
G1 Z221.5
G1 E40 F9000
G1 F2779.614
G1 F2760
G1 X423.89 Y749.51 E49.7002
G1 X250.49 Y576.11 E1058.66699
G1 X250.49 Y586.7 E45.71798
G1 X586.7 Y250.49 E2052.67871
G1 X576.11 Y250.49 E45.71875
G1 X749.51 Y423.89 E1058.66712
G1 X749.51 Y413.3 E45.71875
G1 X413.3 Y749.51 E2052.6789
G1 X401.788 Y749.51 E49.70059
;WIPE_START
G1 F600
G1 X411.788 Y749.51 E-30
;WIPE_END
G1 Z222.5 F15000
G1 X598.212 Y749.51 Z222.5
G1 Z221.5
G1 E40 F9000
G1 F2779.614
G1 F2760
G1 X586.7 Y749.51 E49.70117
G1 X250.49 Y413.3 E2052.67889
G1 X250.49 Y423.89 E45.71875
M73 P47 R506
G1 X423.89 Y250.49 E1058.66711
G1 X413.3 Y250.49 E45.71875
G1 X749.51 Y586.7 E2052.6789
G1 X749.51 Y576.11 E45.71875
G1 X576.11 Y749.51 E1058.66713
G1 X564.597 Y749.51 E49.70059
;WIPE_START
G1 F600
G1 X574.597 Y749.51 E-30
;WIPE_END
G1 Z222.5 F15000
G1 X749.51 Y727.407 Z222.5
G1 Z221.5
G1 E40 F9000
G1 F2779.614
G1 X749.51 Y738.92 E49.70059
G1 F2760
G1 X738.92 Y749.51 E64.65625
G1 X749.51 Y749.51 E45.71875
G1 X250.49 Y250.49 E3046.69065
G1 X261.08 Y250.49 E45.71875
G1 X250.49 Y261.08 E64.65625
G1 X250.49 Y272.593 E49.70059
; stop printing object Cube id:0 copy 0
;LAYER_CHANGE
;Z:223
;HEIGHT:1.5
;BEFORE_LAYER_CHANGE
;223
G92 E0

EXCLUDE_OBJECT_END NAME=Cube_id_0_copy_0
;AFTER_LAYER_CHANGE
;223
;_SET_FAN_SPEED_CHANGING_LAYER
; printing object Cube id:0 copy 0
;WIPE_START
G1 F600
G1 X250.49 Y262.593 E-30
;WIPE_END
EXCLUDE_OBJECT_START NAME=Cube_id_0_copy_0
G1 Z224 F15000
G1 X248.044 Y248.044 Z224
G1 Z223
G1 E40 F9000
;TYPE:Outer wall
;WIDTH:3.2
G1 F2779.615
G1 X751.956 Y248.044 E2175.45813
G1 X751.956 Y751.956 E2175.45813
M73 P47 R505
G1 F2760
G1 X248.044 Y751.956 E2175.4585
G1 X248.044 Y248.344 E2174.16299
;WIPE_START
G1 F600
M73 P48 R505
G1 X258.044 Y248.338 E-30
;WIPE_END
G1 Z224 F15000
G1 X250.49 Y272.593 Z224
G1 Z223
G1 E40 F9000
;TYPE:Sparse infill
;WIDTH:3.2
G1 F2779.614
G1 X250.49 Y261.08 E49.70059
G1 F2760
G1 X261.08 Y250.49 E64.65527
G1 X250.49 Y250.49 E45.71822
G1 X749.51 Y749.51 E3046.69043
G1 X738.92 Y749.51 E45.71823
G1 X749.51 Y738.92 E64.65527
G1 X749.51 Y727.407 E49.70059
;WIPE_START
G1 F600
G1 X749.51 Y737.407 E-30
;WIPE_END
G1 Z224 F15000
M73 P48 R504
G1 X564.597 Y749.51 Z224
G1 Z223
G1 E40 F9000
G1 F2779.614
G1 X576.11 Y749.51 E49.70059
G1 F2760
G1 X749.51 Y576.11 E1058.66699
G1 X749.51 Y586.7 E45.71813
G1 X413.3 Y250.49 E2052.67871
G1 X423.89 Y250.49 E45.71875
G1 X250.49 Y423.89 E1058.66711
G1 X250.49 Y413.3 E45.71875
G1 X586.7 Y749.51 E2052.67889
G1 X598.212 Y749.51 E49.70059
;WIPE_START
G1 F600
G1 X588.212 Y749.51 E-30
;WIPE_END
G1 Z224 F15000
G1 X401.788 Y749.51 Z224
G1 Z223
G1 E40 F9000
G1 F2779.614
G1 F2760
G1 X413.3 Y749.51 E49.70117
G1 X749.51 Y413.3 E2052.6789
G1 X749.51 Y423.89 E45.71875
G1 X576.11 Y250.49 E1058.66712
G1 X586.7 Y250.49 E45.71875
G1 X250.49 Y586.7 E2052.67888
G1 X250.49 Y576.11 E45.71875
M73 P48 R503
G1 X423.89 Y749.51 E1058.66712
G1 X435.402 Y749.51 E49.70059
;WIPE_START
G1 F600
G1 X425.402 Y749.51 E-30
;WIPE_END
G1 Z224 F15000
G1 X272.593 Y749.51 Z224
G1 Z223
G1 E40 F9000
G1 F2779.614
G1 X261.08 Y749.51 E49.70059
G1 F2760
G1 X250.49 Y738.92 E64.65625
G1 X250.49 Y749.51 E45.71875
G1 X749.51 Y250.49 E3046.69015
G1 X749.51 Y261.08 E45.71875
G1 X738.92 Y250.49 E64.65625
G1 X727.407 Y250.49 E49.70059
; stop printing object Cube id:0 copy 0
;LAYER_CHANGE
;Z:224.5
;HEIGHT:1.5
;BEFORE_LAYER_CHANGE
;224.5
G92 E0

EXCLUDE_OBJECT_END NAME=Cube_id_0_copy_0
;AFTER_LAYER_CHANGE
;224.5
;_SET_FAN_SPEED_CHANGING_LAYER
; printing object Cube id:0 copy 0
;WIPE_START
G1 F600
G1 X737.407 Y250.49 E-30
;WIPE_END
EXCLUDE_OBJECT_START NAME=Cube_id_0_copy_0
G1 Z225.5 F15000
G1 X751.956 Y248.044 Z225.5
G1 Z224.5
G1 E40 F9000
;TYPE:Outer wall
;WIDTH:3.2
G1 F2779.615
G1 X751.956 Y751.956 E2175.45813
G1 X248.044 Y751.956 E2175.45813
G1 F2760
G1 X248.044 Y248.044 E2175.4585
G1 X751.656 Y248.044 E2174.16299
M73 P48 R502
;WIPE_START
G1 F600
G1 X751.662 Y258.044 E-30
;WIPE_END
G1 Z225.5 F15000
G1 X727.407 Y250.49 Z225.5
G1 Z224.5
G1 E40 F9000
;TYPE:Sparse infill
;WIDTH:3.2
G1 F2779.614
G1 X738.92 Y250.49 E49.70059
G1 F2760
G1 X749.51 Y261.08 E64.65527
G1 X749.51 Y250.49 E45.71788
G1 X250.49 Y749.51 E3046.69043
G1 X250.49 Y738.92 E45.71786
G1 X261.08 Y749.51 E64.65527
G1 X272.593 Y749.51 E49.70059
;WIPE_START
G1 F600
G1 X262.593 Y749.51 E-30
;WIPE_END
G1 Z225.5 F15000
G1 X435.402 Y749.51 Z225.5
G1 Z224.5
G1 E40 F9000
G1 F2779.614
G1 F2760
G1 X423.89 Y749.51 E49.7002
G1 X250.49 Y576.11 E1058.66699
G1 X250.49 Y586.7 E45.71798
G1 X586.7 Y250.49 E2052.67871
G1 X576.11 Y250.49 E45.71875
G1 X749.51 Y423.89 E1058.66712
G1 X749.51 Y413.3 E45.71875
M73 P48 R501
G1 X413.3 Y749.51 E2052.6789
G1 X401.788 Y749.51 E49.70059
;WIPE_START
G1 F600
G1 X411.788 Y749.51 E-30
;WIPE_END
G1 Z225.5 F15000
G1 X598.212 Y749.51 Z225.5
G1 Z224.5
G1 E40 F9000
G1 F2779.614
G1 F2760
G1 X586.7 Y749.51 E49.70117
G1 X250.49 Y413.3 E2052.67889
G1 X250.49 Y423.89 E45.71875
G1 X423.89 Y250.49 E1058.66711
G1 X413.3 Y250.49 E45.71875
G1 X749.51 Y586.7 E2052.6789
G1 X749.51 Y576.11 E45.71875
G1 X576.11 Y749.51 E1058.66713
G1 X564.597 Y749.51 E49.70059
;WIPE_START
G1 F600
G1 X574.597 Y749.51 E-30
;WIPE_END
G1 Z225.5 F15000
G1 X749.51 Y727.407 Z225.5
G1 Z224.5
G1 E40 F9000
G1 F2779.614
G1 X749.51 Y738.92 E49.70059
G1 F2760
G1 X738.92 Y749.51 E64.65625
G1 X749.51 Y749.51 E45.71875
G1 X250.49 Y250.49 E3046.69065
G1 X261.08 Y250.49 E45.71875
M73 P48 R500
G1 X250.49 Y261.08 E64.65625
G1 X250.49 Y272.593 E49.70059
; stop printing object Cube id:0 copy 0
;LAYER_CHANGE
;Z:226
;HEIGHT:1.5
;BEFORE_LAYER_CHANGE
;226
G92 E0

EXCLUDE_OBJECT_END NAME=Cube_id_0_copy_0
;AFTER_LAYER_CHANGE
;226
;_SET_FAN_SPEED_CHANGING_LAYER
; printing object Cube id:0 copy 0
;WIPE_START
G1 F600
G1 X250.49 Y262.593 E-30
;WIPE_END
EXCLUDE_OBJECT_START NAME=Cube_id_0_copy_0
G1 Z227 F15000
G1 X248.044 Y248.044 Z227
G1 Z226
G1 E40 F9000
;TYPE:Outer wall
;WIDTH:3.2
G1 F2779.615
G1 X751.956 Y248.044 E2175.45813
G1 X751.956 Y751.956 E2175.45813
G1 F2760
G1 X248.044 Y751.956 E2175.4585
G1 X248.044 Y248.344 E2174.16299
;WIPE_START
G1 F600
G1 X258.044 Y248.338 E-30
;WIPE_END
G1 Z227 F15000
G1 X250.49 Y272.593 Z227
G1 Z226
M73 P48 R499
G1 E40 F9000
;TYPE:Sparse infill
;WIDTH:3.2
G1 F2779.614
G1 X250.49 Y261.08 E49.70059
G1 F2760
G1 X261.08 Y250.49 E64.65527
G1 X250.49 Y250.49 E45.71822
G1 X749.51 Y749.51 E3046.69043
G1 X738.92 Y749.51 E45.71823
G1 X749.51 Y738.92 E64.65527
G1 X749.51 Y727.407 E49.70059
;WIPE_START
G1 F600
G1 X749.51 Y737.407 E-30
;WIPE_END
G1 Z227 F15000
G1 X564.597 Y749.51 Z227
G1 Z226
G1 E40 F9000
G1 F2779.614
G1 X576.11 Y749.51 E49.70059
G1 F2760
G1 X749.51 Y576.11 E1058.66699
G1 X749.51 Y586.7 E45.71813
G1 X413.3 Y250.49 E2052.67871
G1 X423.89 Y250.49 E45.71875
G1 X250.49 Y423.89 E1058.66711
G1 X250.49 Y413.3 E45.71875
G1 X586.7 Y749.51 E2052.67889
G1 X598.212 Y749.51 E49.70059
;WIPE_START
G1 F600
G1 X588.212 Y749.51 E-30
;WIPE_END
G1 Z227 F15000
G1 X401.788 Y749.51 Z227
G1 Z226
G1 E40 F9000
G1 F2779.614
G1 F2760
G1 X413.3 Y749.51 E49.70117
G1 X749.51 Y413.3 E2052.6789
G1 X749.51 Y423.89 E45.71875
M73 P48 R498
G1 X576.11 Y250.49 E1058.66712
G1 X586.7 Y250.49 E45.71875
G1 X250.49 Y586.7 E2052.67888
G1 X250.49 Y576.11 E45.71875
G1 X423.89 Y749.51 E1058.66712
G1 X435.402 Y749.51 E49.70059
;WIPE_START
G1 F600
G1 X425.402 Y749.51 E-30
;WIPE_END
G1 Z227 F15000
G1 X272.593 Y749.51 Z227
G1 Z226
G1 E40 F9000
G1 F2779.614
G1 X261.08 Y749.51 E49.70059
G1 F2760
G1 X250.49 Y738.92 E64.65625
G1 X250.49 Y749.51 E45.71875
G1 X749.51 Y250.49 E3046.69015
G1 X749.51 Y261.08 E45.71875
G1 X738.92 Y250.49 E64.65625
G1 X727.407 Y250.49 E49.70059
; stop printing object Cube id:0 copy 0
;LAYER_CHANGE
;Z:227.5
;HEIGHT:1.5
;BEFORE_LAYER_CHANGE
;227.5
G92 E0

EXCLUDE_OBJECT_END NAME=Cube_id_0_copy_0
;AFTER_LAYER_CHANGE
;227.5
;_SET_FAN_SPEED_CHANGING_LAYER
; printing object Cube id:0 copy 0
;WIPE_START
G1 F600
G1 X737.407 Y250.49 E-30
;WIPE_END
EXCLUDE_OBJECT_START NAME=Cube_id_0_copy_0
G1 Z228.5 F15000
G1 X751.956 Y248.044 Z228.5
G1 Z227.5
G1 E40 F9000
;TYPE:Outer wall
;WIDTH:3.2
G1 F2779.615
G1 X751.956 Y751.956 E2175.45813
G1 X248.044 Y751.956 E2175.45813
M73 P48 R497
G1 F2760
G1 X248.044 Y248.044 E2175.4585
G1 X751.656 Y248.044 E2174.16299
;WIPE_START
G1 F600
G1 X751.662 Y258.044 E-30
;WIPE_END
G1 Z228.5 F15000
G1 X727.407 Y250.49 Z228.5
G1 Z227.5
G1 E40 F9000
;TYPE:Sparse infill
;WIDTH:3.2
G1 F2779.614
G1 X738.92 Y250.49 E49.70059
G1 F2760
G1 X749.51 Y261.08 E64.65527
G1 X749.51 Y250.49 E45.71788
G1 X250.49 Y749.51 E3046.69043
G1 X250.49 Y738.92 E45.71786
G1 X261.08 Y749.51 E64.65527
G1 X272.593 Y749.51 E49.70059
;WIPE_START
G1 F600
G1 X262.593 Y749.51 E-30
;WIPE_END
G1 Z228.5 F15000
G1 X435.402 Y749.51 Z228.5
G1 Z227.5
M73 P48 R496
G1 E40 F9000
G1 F2779.614
G1 F2760
G1 X423.89 Y749.51 E49.7002
G1 X250.49 Y576.11 E1058.66699
G1 X250.49 Y586.7 E45.71798
G1 X586.7 Y250.49 E2052.67871
G1 X576.11 Y250.49 E45.71875
G1 X749.51 Y423.89 E1058.66712
G1 X749.51 Y413.3 E45.71875
G1 X413.3 Y749.51 E2052.6789
G1 X401.788 Y749.51 E49.70059
;WIPE_START
G1 F600
G1 X411.788 Y749.51 E-30
;WIPE_END
G1 Z228.5 F15000
G1 X598.212 Y749.51 Z228.5
G1 Z227.5
G1 E40 F9000
G1 F2779.614
G1 F2760
G1 X586.7 Y749.51 E49.70117
G1 X250.49 Y413.3 E2052.67889
G1 X250.49 Y423.89 E45.71875
G1 X423.89 Y250.49 E1058.66711
G1 X413.3 Y250.49 E45.71875
G1 X749.51 Y586.7 E2052.6789
G1 X749.51 Y576.11 E45.71875
M73 P48 R495
G1 X576.11 Y749.51 E1058.66713
G1 X564.597 Y749.51 E49.70059
;WIPE_START
G1 F600
G1 X574.597 Y749.51 E-30
;WIPE_END
G1 Z228.5 F15000
G1 X749.51 Y727.407 Z228.5
G1 Z227.5
G1 E40 F9000
G1 F2779.614
G1 X749.51 Y738.92 E49.70059
G1 F2760
G1 X738.92 Y749.51 E64.65625
G1 X749.51 Y749.51 E45.71875
G1 X250.49 Y250.49 E3046.69065
M73 P49 R495
G1 X261.08 Y250.49 E45.71875
G1 X250.49 Y261.08 E64.65625
G1 X250.49 Y272.593 E49.70059
; stop printing object Cube id:0 copy 0
;LAYER_CHANGE
;Z:229
;HEIGHT:1.5
;BEFORE_LAYER_CHANGE
;229
G92 E0

EXCLUDE_OBJECT_END NAME=Cube_id_0_copy_0
;AFTER_LAYER_CHANGE
;229
;_SET_FAN_SPEED_CHANGING_LAYER
; printing object Cube id:0 copy 0
;WIPE_START
G1 F600
G1 X250.49 Y262.593 E-30
;WIPE_END
EXCLUDE_OBJECT_START NAME=Cube_id_0_copy_0
G1 Z230 F15000
G1 X248.044 Y248.044 Z230
G1 Z229
G1 E40 F9000
;TYPE:Outer wall
;WIDTH:3.2
G1 F2779.615
G1 X751.956 Y248.044 E2175.45813
G1 X751.956 Y751.956 E2175.45813
G1 F2760
G1 X248.044 Y751.956 E2175.4585
G1 X248.044 Y248.344 E2174.16299
M73 P49 R494
;WIPE_START
G1 F600
G1 X258.044 Y248.338 E-30
;WIPE_END
G1 Z230 F15000
G1 X250.49 Y272.593 Z230
G1 Z229
G1 E40 F9000
;TYPE:Sparse infill
;WIDTH:3.2
G1 F2779.614
G1 X250.49 Y261.08 E49.70059
G1 F2760
G1 X261.08 Y250.49 E64.65527
G1 X250.49 Y250.49 E45.71822
G1 X749.51 Y749.51 E3046.69043
G1 X738.92 Y749.51 E45.71823
G1 X749.51 Y738.92 E64.65527
G1 X749.51 Y727.407 E49.70059
;WIPE_START
G1 F600
G1 X749.51 Y737.407 E-30
;WIPE_END
G1 Z230 F15000
G1 X564.597 Y749.51 Z230
G1 Z229
G1 E40 F9000
G1 F2779.614
G1 X576.11 Y749.51 E49.70059
G1 F2760
G1 X749.51 Y576.11 E1058.66699
G1 X749.51 Y586.7 E45.71813
G1 X413.3 Y250.49 E2052.67871
G1 X423.89 Y250.49 E45.71875
G1 X250.49 Y423.89 E1058.66711
G1 X250.49 Y413.3 E45.71875
M73 P49 R493
G1 X586.7 Y749.51 E2052.67889
G1 X598.212 Y749.51 E49.70059
;WIPE_START
G1 F600
G1 X588.212 Y749.51 E-30
;WIPE_END
G1 Z230 F15000
G1 X401.788 Y749.51 Z230
G1 Z229
G1 E40 F9000
G1 F2779.614
G1 F2760
G1 X413.3 Y749.51 E49.70117
G1 X749.51 Y413.3 E2052.6789
G1 X749.51 Y423.89 E45.71875
G1 X576.11 Y250.49 E1058.66712
G1 X586.7 Y250.49 E45.71875
G1 X250.49 Y586.7 E2052.67888
G1 X250.49 Y576.11 E45.71875
G1 X423.89 Y749.51 E1058.66712
G1 X435.402 Y749.51 E49.70059
;WIPE_START
G1 F600
G1 X425.402 Y749.51 E-30
;WIPE_END
G1 Z230 F15000
G1 X272.593 Y749.51 Z230
G1 Z229
G1 E40 F9000
G1 F2779.614
G1 X261.08 Y749.51 E49.70059
G1 F2760
G1 X250.49 Y738.92 E64.65625
G1 X250.49 Y749.51 E45.71875
G1 X749.51 Y250.49 E3046.69015
G1 X749.51 Y261.08 E45.71875
M73 P49 R492
G1 X738.92 Y250.49 E64.65625
G1 X727.407 Y250.49 E49.70059
; stop printing object Cube id:0 copy 0
;LAYER_CHANGE
;Z:230.5
;HEIGHT:1.5
;BEFORE_LAYER_CHANGE
;230.5
G92 E0

EXCLUDE_OBJECT_END NAME=Cube_id_0_copy_0
;AFTER_LAYER_CHANGE
;230.5
;_SET_FAN_SPEED_CHANGING_LAYER
; printing object Cube id:0 copy 0
;WIPE_START
G1 F600
G1 X737.407 Y250.49 E-30
;WIPE_END
EXCLUDE_OBJECT_START NAME=Cube_id_0_copy_0
G1 Z231.5 F15000
G1 X751.956 Y248.044 Z231.5
G1 Z230.5
G1 E40 F9000
;TYPE:Outer wall
;WIDTH:3.2
G1 F2779.615
G1 X751.956 Y751.956 E2175.45813
G1 X248.044 Y751.956 E2175.45813
G1 F2760
G1 X248.044 Y248.044 E2175.4585
G1 X751.656 Y248.044 E2174.16299
;WIPE_START
G1 F600
G1 X751.662 Y258.044 E-30
;WIPE_END
G1 Z231.5 F15000
G1 X727.407 Y250.49 Z231.5
G1 Z230.5
G1 E40 F9000
;TYPE:Sparse infill
;WIDTH:3.2
G1 F2779.614
M73 P49 R491
G1 X738.92 Y250.49 E49.70059
G1 F2760
G1 X749.51 Y261.08 E64.65527
G1 X749.51 Y250.49 E45.71788
G1 X250.49 Y749.51 E3046.69043
G1 X250.49 Y738.92 E45.71786
G1 X261.08 Y749.51 E64.65527
G1 X272.593 Y749.51 E49.70059
;WIPE_START
G1 F600
G1 X262.593 Y749.51 E-30
;WIPE_END
G1 Z231.5 F15000
G1 X435.402 Y749.51 Z231.5
G1 Z230.5
G1 E40 F9000
G1 F2779.614
G1 F2760
G1 X423.89 Y749.51 E49.7002
G1 X250.49 Y576.11 E1058.66699
G1 X250.49 Y586.7 E45.71798
G1 X586.7 Y250.49 E2052.67871
G1 X576.11 Y250.49 E45.71875
G1 X749.51 Y423.89 E1058.66712
G1 X749.51 Y413.3 E45.71875
G1 X413.3 Y749.51 E2052.6789
G1 X401.788 Y749.51 E49.70059
;WIPE_START
G1 F600
G1 X411.788 Y749.51 E-30
;WIPE_END
G1 Z231.5 F15000
G1 X598.212 Y749.51 Z231.5
G1 Z230.5
G1 E40 F9000
G1 F2779.614
G1 F2760
G1 X586.7 Y749.51 E49.70117
G1 X250.49 Y413.3 E2052.67889
G1 X250.49 Y423.89 E45.71875
M73 P49 R490
G1 X423.89 Y250.49 E1058.66711
G1 X413.3 Y250.49 E45.71875
G1 X749.51 Y586.7 E2052.6789
G1 X749.51 Y576.11 E45.71875
G1 X576.11 Y749.51 E1058.66713
G1 X564.597 Y749.51 E49.70059
;WIPE_START
G1 F600
G1 X574.597 Y749.51 E-30
;WIPE_END
G1 Z231.5 F15000
G1 X749.51 Y727.407 Z231.5
G1 Z230.5
G1 E40 F9000
G1 F2779.614
G1 X749.51 Y738.92 E49.70059
G1 F2760
G1 X738.92 Y749.51 E64.65625
G1 X749.51 Y749.51 E45.71875
G1 X250.49 Y250.49 E3046.69065
G1 X261.08 Y250.49 E45.71875
G1 X250.49 Y261.08 E64.65625
G1 X250.49 Y272.593 E49.70059
; stop printing object Cube id:0 copy 0
;LAYER_CHANGE
;Z:232
;HEIGHT:1.5
;BEFORE_LAYER_CHANGE
;232
G92 E0

EXCLUDE_OBJECT_END NAME=Cube_id_0_copy_0
;AFTER_LAYER_CHANGE
;232
;_SET_FAN_SPEED_CHANGING_LAYER
; printing object Cube id:0 copy 0
;WIPE_START
G1 F600
G1 X250.49 Y262.593 E-30
;WIPE_END
EXCLUDE_OBJECT_START NAME=Cube_id_0_copy_0
G1 Z233 F15000
G1 X248.044 Y248.044 Z233
G1 Z232
G1 E40 F9000
;TYPE:Outer wall
;WIDTH:3.2
G1 F2779.615
G1 X751.956 Y248.044 E2175.45813
G1 X751.956 Y751.956 E2175.45813
M73 P49 R489
G1 F2760
G1 X248.044 Y751.956 E2175.4585
G1 X248.044 Y248.344 E2174.16299
;WIPE_START
G1 F600
G1 X258.044 Y248.338 E-30
;WIPE_END
G1 Z233 F15000
G1 X250.49 Y272.593 Z233
G1 Z232
G1 E40 F9000
;TYPE:Sparse infill
;WIDTH:3.2
G1 F2779.614
G1 X250.49 Y261.08 E49.70059
G1 F2760
G1 X261.08 Y250.49 E64.65527
G1 X250.49 Y250.49 E45.71822
G1 X749.51 Y749.51 E3046.69043
G1 X738.92 Y749.51 E45.71823
G1 X749.51 Y738.92 E64.65527
G1 X749.51 Y727.407 E49.70059
;WIPE_START
G1 F600
G1 X749.51 Y737.407 E-30
;WIPE_END
G1 Z233 F15000
G1 X564.597 Y749.51 Z233
G1 Z232
M73 P49 R488
G1 E40 F9000
G1 F2779.614
G1 X576.11 Y749.51 E49.70059
G1 F2760
G1 X749.51 Y576.11 E1058.66699
G1 X749.51 Y586.7 E45.71813
G1 X413.3 Y250.49 E2052.67871
G1 X423.89 Y250.49 E45.71875
G1 X250.49 Y423.89 E1058.66711
G1 X250.49 Y413.3 E45.71875
G1 X586.7 Y749.51 E2052.67889
G1 X598.212 Y749.51 E49.70059
;WIPE_START
G1 F600
G1 X588.212 Y749.51 E-30
;WIPE_END
G1 Z233 F15000
G1 X401.788 Y749.51 Z233
G1 Z232
G1 E40 F9000
G1 F2779.614
G1 F2760
G1 X413.3 Y749.51 E49.70117
G1 X749.51 Y413.3 E2052.6789
G1 X749.51 Y423.89 E45.71875
G1 X576.11 Y250.49 E1058.66712
G1 X586.7 Y250.49 E45.71875
G1 X250.49 Y586.7 E2052.67888
G1 X250.49 Y576.11 E45.71875
M73 P49 R487
G1 X423.89 Y749.51 E1058.66712
G1 X435.402 Y749.51 E49.70059
;WIPE_START
G1 F600
G1 X425.402 Y749.51 E-30
;WIPE_END
G1 Z233 F15000
G1 X272.593 Y749.51 Z233
G1 Z232
G1 E40 F9000
G1 F2779.614
G1 X261.08 Y749.51 E49.70059
G1 F2760
G1 X250.49 Y738.92 E64.65625
G1 X250.49 Y749.51 E45.71875
G1 X749.51 Y250.49 E3046.69015
G1 X749.51 Y261.08 E45.71875
G1 X738.92 Y250.49 E64.65625
G1 X727.407 Y250.49 E49.70059
; stop printing object Cube id:0 copy 0
;LAYER_CHANGE
;Z:233.5
;HEIGHT:1.5
;BEFORE_LAYER_CHANGE
;233.5
G92 E0

EXCLUDE_OBJECT_END NAME=Cube_id_0_copy_0
;AFTER_LAYER_CHANGE
;233.5
;_SET_FAN_SPEED_CHANGING_LAYER
; printing object Cube id:0 copy 0
;WIPE_START
G1 F600
G1 X737.407 Y250.49 E-30
;WIPE_END
EXCLUDE_OBJECT_START NAME=Cube_id_0_copy_0
G1 Z234.5 F15000
G1 X751.956 Y248.044 Z234.5
G1 Z233.5
G1 E40 F9000
;TYPE:Outer wall
;WIDTH:3.2
G1 F2779.615
G1 X751.956 Y751.956 E2175.45813
G1 X248.044 Y751.956 E2175.45813
G1 F2760
G1 X248.044 Y248.044 E2175.4585
G1 X751.656 Y248.044 E2174.16299
M73 P49 R486
;WIPE_START
G1 F600
G1 X751.662 Y258.044 E-30
;WIPE_END
G1 Z234.5 F15000
G1 X727.407 Y250.49 Z234.5
G1 Z233.5
G1 E40 F9000
;TYPE:Sparse infill
;WIDTH:3.2
G1 F2779.614
G1 X738.92 Y250.49 E49.70059
G1 F2760
G1 X749.51 Y261.08 E64.65527
G1 X749.51 Y250.49 E45.71788
G1 X250.49 Y749.51 E3046.69043
G1 X250.49 Y738.92 E45.71786
G1 X261.08 Y749.51 E64.65527
G1 X272.593 Y749.51 E49.70059
;WIPE_START
G1 F600
G1 X262.593 Y749.51 E-30
;WIPE_END
G1 Z234.5 F15000
G1 X435.402 Y749.51 Z234.5
G1 Z233.5
G1 E40 F9000
G1 F2779.614
G1 F2760
G1 X423.89 Y749.51 E49.7002
G1 X250.49 Y576.11 E1058.66699
G1 X250.49 Y586.7 E45.71798
G1 X586.7 Y250.49 E2052.67871
G1 X576.11 Y250.49 E45.71875
G1 X749.51 Y423.89 E1058.66712
G1 X749.51 Y413.3 E45.71875
M73 P50 R485
G1 X413.3 Y749.51 E2052.6789
G1 X401.788 Y749.51 E49.70059
;WIPE_START
G1 F600
G1 X411.788 Y749.51 E-30
;WIPE_END
G1 Z234.5 F15000
G1 X598.212 Y749.51 Z234.5
G1 Z233.5
G1 E40 F9000
G1 F2779.614
G1 F2760
G1 X586.7 Y749.51 E49.70117
G1 X250.49 Y413.3 E2052.67889
G1 X250.49 Y423.89 E45.71875
G1 X423.89 Y250.49 E1058.66711
G1 X413.3 Y250.49 E45.71875
G1 X749.51 Y586.7 E2052.6789
G1 X749.51 Y576.11 E45.71875
G1 X576.11 Y749.51 E1058.66713
G1 X564.597 Y749.51 E49.70059
;WIPE_START
G1 F600
G1 X574.597 Y749.51 E-30
;WIPE_END
G1 Z234.5 F15000
G1 X749.51 Y727.407 Z234.5
G1 Z233.5
G1 E40 F9000
G1 F2779.614
G1 X749.51 Y738.92 E49.70059
G1 F2760
G1 X738.92 Y749.51 E64.65625
G1 X749.51 Y749.51 E45.71875
G1 X250.49 Y250.49 E3046.69065
G1 X261.08 Y250.49 E45.71875
M73 P50 R484
G1 X250.49 Y261.08 E64.65625
G1 X250.49 Y272.593 E49.70059
; stop printing object Cube id:0 copy 0
;LAYER_CHANGE
;Z:235
;HEIGHT:1.5
;BEFORE_LAYER_CHANGE
;235
G92 E0

EXCLUDE_OBJECT_END NAME=Cube_id_0_copy_0
;AFTER_LAYER_CHANGE
;235
;_SET_FAN_SPEED_CHANGING_LAYER
; printing object Cube id:0 copy 0
;WIPE_START
G1 F600
G1 X250.49 Y262.593 E-30
;WIPE_END
EXCLUDE_OBJECT_START NAME=Cube_id_0_copy_0
G1 Z236 F15000
G1 X248.044 Y248.044 Z236
G1 Z235
G1 E40 F9000
;TYPE:Outer wall
;WIDTH:3.2
G1 F2779.615
G1 X751.956 Y248.044 E2175.45813
G1 X751.956 Y751.956 E2175.45813
G1 F2760
G1 X248.044 Y751.956 E2175.4585
G1 X248.044 Y248.344 E2174.16299
;WIPE_START
G1 F600
G1 X258.044 Y248.338 E-30
;WIPE_END
G1 Z236 F15000
G1 X250.49 Y272.593 Z236
G1 Z235
G1 E40 F9000
;TYPE:Sparse infill
;WIDTH:3.2
G1 F2779.614
G1 X250.49 Y261.08 E49.70059
G1 F2760
M73 P50 R483
G1 X261.08 Y250.49 E64.65527
G1 X250.49 Y250.49 E45.71822
G1 X749.51 Y749.51 E3046.69043
G1 X738.92 Y749.51 E45.71823
G1 X749.51 Y738.92 E64.65527
G1 X749.51 Y727.407 E49.70059
;WIPE_START
G1 F600
G1 X749.51 Y737.407 E-30
;WIPE_END
G1 Z236 F15000
G1 X564.597 Y749.51 Z236
G1 Z235
G1 E40 F9000
G1 F2779.614
G1 X576.11 Y749.51 E49.70059
G1 F2760
G1 X749.51 Y576.11 E1058.66699
G1 X749.51 Y586.7 E45.71813
G1 X413.3 Y250.49 E2052.67871
G1 X423.89 Y250.49 E45.71875
G1 X250.49 Y423.89 E1058.66711
G1 X250.49 Y413.3 E45.71875
G1 X586.7 Y749.51 E2052.67889
G1 X598.212 Y749.51 E49.70059
;WIPE_START
G1 F600
G1 X588.212 Y749.51 E-30
;WIPE_END
G1 Z236 F15000
G1 X401.788 Y749.51 Z236
G1 Z235
G1 E40 F9000
G1 F2779.614
G1 F2760
G1 X413.3 Y749.51 E49.70117
G1 X749.51 Y413.3 E2052.6789
G1 X749.51 Y423.89 E45.71875
M73 P50 R482
G1 X576.11 Y250.49 E1058.66712
G1 X586.7 Y250.49 E45.71875
G1 X250.49 Y586.7 E2052.67888
G1 X250.49 Y576.11 E45.71875
G1 X423.89 Y749.51 E1058.66712
G1 X435.402 Y749.51 E49.70059
;WIPE_START
G1 F600
G1 X425.402 Y749.51 E-30
;WIPE_END
G1 Z236 F15000
G1 X272.593 Y749.51 Z236
G1 Z235
G1 E40 F9000
G1 F2779.614
G1 X261.08 Y749.51 E49.70059
G1 F2760
G1 X250.49 Y738.92 E64.65625
G1 X250.49 Y749.51 E45.71875
G1 X749.51 Y250.49 E3046.69015
G1 X749.51 Y261.08 E45.71875
G1 X738.92 Y250.49 E64.65625
G1 X727.407 Y250.49 E49.70059
; stop printing object Cube id:0 copy 0
;LAYER_CHANGE
;Z:236.5
;HEIGHT:1.5
;BEFORE_LAYER_CHANGE
;236.5
G92 E0

EXCLUDE_OBJECT_END NAME=Cube_id_0_copy_0
;AFTER_LAYER_CHANGE
;236.5
;_SET_FAN_SPEED_CHANGING_LAYER
; printing object Cube id:0 copy 0
;WIPE_START
G1 F600
G1 X737.407 Y250.49 E-30
;WIPE_END
EXCLUDE_OBJECT_START NAME=Cube_id_0_copy_0
G1 Z237.5 F15000
G1 X751.956 Y248.044 Z237.5
G1 Z236.5
G1 E40 F9000
;TYPE:Outer wall
;WIDTH:3.2
G1 F2779.615
G1 X751.956 Y751.956 E2175.45813
G1 X248.044 Y751.956 E2175.45813
M73 P50 R481
G1 F2760
G1 X248.044 Y248.044 E2175.4585
G1 X751.656 Y248.044 E2174.16299
;WIPE_START
G1 F600
G1 X751.662 Y258.044 E-30
;WIPE_END
G1 Z237.5 F15000
G1 X727.407 Y250.49 Z237.5
G1 Z236.5
G1 E40 F9000
;TYPE:Sparse infill
;WIDTH:3.2
G1 F2779.614
G1 X738.92 Y250.49 E49.70059
G1 F2760
G1 X749.51 Y261.08 E64.65527
G1 X749.51 Y250.49 E45.71788
G1 X250.49 Y749.51 E3046.69043
G1 X250.49 Y738.92 E45.71786
G1 X261.08 Y749.51 E64.65527
G1 X272.593 Y749.51 E49.70059
;WIPE_START
G1 F600
G1 X262.593 Y749.51 E-30
;WIPE_END
G1 Z237.5 F15000
G1 X435.402 Y749.51 Z237.5
G1 Z236.5
G1 E40 F9000
G1 F2779.614
M73 P50 R480
G1 F2760
G1 X423.89 Y749.51 E49.7002
G1 X250.49 Y576.11 E1058.66699
G1 X250.49 Y586.7 E45.71798
G1 X586.7 Y250.49 E2052.67871
G1 X576.11 Y250.49 E45.71875
G1 X749.51 Y423.89 E1058.66712
G1 X749.51 Y413.3 E45.71875
G1 X413.3 Y749.51 E2052.6789
G1 X401.788 Y749.51 E49.70059
;WIPE_START
G1 F600
G1 X411.788 Y749.51 E-30
;WIPE_END
G1 Z237.5 F15000
G1 X598.212 Y749.51 Z237.5
G1 Z236.5
G1 E40 F9000
G1 F2779.614
G1 F2760
G1 X586.7 Y749.51 E49.70117
G1 X250.49 Y413.3 E2052.67889
G1 X250.49 Y423.89 E45.71875
G1 X423.89 Y250.49 E1058.66711
G1 X413.3 Y250.49 E45.71875
G1 X749.51 Y586.7 E2052.6789
G1 X749.51 Y576.11 E45.71875
M73 P50 R479
G1 X576.11 Y749.51 E1058.66713
G1 X564.597 Y749.51 E49.70059
;WIPE_START
G1 F600
G1 X574.597 Y749.51 E-30
;WIPE_END
G1 Z237.5 F15000
G1 X749.51 Y727.407 Z237.5
G1 Z236.5
G1 E40 F9000
G1 F2779.614
G1 X749.51 Y738.92 E49.70059
G1 F2760
G1 X738.92 Y749.51 E64.65625
G1 X749.51 Y749.51 E45.71875
G1 X250.49 Y250.49 E3046.69065
G1 X261.08 Y250.49 E45.71875
G1 X250.49 Y261.08 E64.65625
G1 X250.49 Y272.593 E49.70059
; stop printing object Cube id:0 copy 0
;LAYER_CHANGE
;Z:238
;HEIGHT:1.5
;BEFORE_LAYER_CHANGE
;238
G92 E0

EXCLUDE_OBJECT_END NAME=Cube_id_0_copy_0
;AFTER_LAYER_CHANGE
;238
;_SET_FAN_SPEED_CHANGING_LAYER
; printing object Cube id:0 copy 0
;WIPE_START
G1 F600
G1 X250.49 Y262.593 E-30
;WIPE_END
EXCLUDE_OBJECT_START NAME=Cube_id_0_copy_0
G1 Z239 F15000
G1 X248.044 Y248.044 Z239
G1 Z238
G1 E40 F9000
;TYPE:Outer wall
;WIDTH:3.2
G1 F2779.615
G1 X751.956 Y248.044 E2175.45813
G1 X751.956 Y751.956 E2175.45813
G1 F2760
G1 X248.044 Y751.956 E2175.4585
G1 X248.044 Y248.344 E2174.16299
M73 P50 R478
;WIPE_START
G1 F600
G1 X258.044 Y248.338 E-30
;WIPE_END
G1 Z239 F15000
G1 X250.49 Y272.593 Z239
G1 Z238
G1 E40 F9000
;TYPE:Sparse infill
;WIDTH:3.2
G1 F2779.614
G1 X250.49 Y261.08 E49.70059
G1 F2760
G1 X261.08 Y250.49 E64.65527
G1 X250.49 Y250.49 E45.71822
G1 X749.51 Y749.51 E3046.69043
G1 X738.92 Y749.51 E45.71823
G1 X749.51 Y738.92 E64.65527
G1 X749.51 Y727.407 E49.70059
;WIPE_START
G1 F600
G1 X749.51 Y737.407 E-30
;WIPE_END
G1 Z239 F15000
G1 X564.597 Y749.51 Z239
G1 Z238
G1 E40 F9000
G1 F2779.614
G1 X576.11 Y749.51 E49.70059
G1 F2760
G1 X749.51 Y576.11 E1058.66699
G1 X749.51 Y586.7 E45.71813
G1 X413.3 Y250.49 E2052.67871
G1 X423.89 Y250.49 E45.71875
G1 X250.49 Y423.89 E1058.66711
G1 X250.49 Y413.3 E45.71875
M73 P50 R477
G1 X586.7 Y749.51 E2052.67889
G1 X598.212 Y749.51 E49.70059
;WIPE_START
G1 F600
G1 X588.212 Y749.51 E-30
;WIPE_END
G1 Z239 F15000
G1 X401.788 Y749.51 Z239
G1 Z238
G1 E40 F9000
G1 F2779.614
G1 F2760
G1 X413.3 Y749.51 E49.70117
G1 X749.51 Y413.3 E2052.6789
G1 X749.51 Y423.89 E45.71875
G1 X576.11 Y250.49 E1058.66712
G1 X586.7 Y250.49 E45.71875
G1 X250.49 Y586.7 E2052.67888
G1 X250.49 Y576.11 E45.71875
G1 X423.89 Y749.51 E1058.66712
G1 X435.402 Y749.51 E49.70059
;WIPE_START
G1 F600
G1 X425.402 Y749.51 E-30
;WIPE_END
G1 Z239 F15000
G1 X272.593 Y749.51 Z239
G1 Z238
G1 E40 F9000
G1 F2779.614
G1 X261.08 Y749.51 E49.70059
G1 F2760
G1 X250.49 Y738.92 E64.65625
G1 X250.49 Y749.51 E45.71875
G1 X749.51 Y250.49 E3046.69015
G1 X749.51 Y261.08 E45.71875
M73 P50 R476
G1 X738.92 Y250.49 E64.65625
G1 X727.407 Y250.49 E49.70059
; stop printing object Cube id:0 copy 0
;LAYER_CHANGE
;Z:239.5
;HEIGHT:1.5
;BEFORE_LAYER_CHANGE
;239.5
G92 E0

EXCLUDE_OBJECT_END NAME=Cube_id_0_copy_0
;AFTER_LAYER_CHANGE
;239.5
;_SET_FAN_SPEED_CHANGING_LAYER
; printing object Cube id:0 copy 0
;WIPE_START
G1 F600
G1 X737.407 Y250.49 E-30
;WIPE_END
EXCLUDE_OBJECT_START NAME=Cube_id_0_copy_0
G1 Z240.5 F15000
G1 X751.956 Y248.044 Z240.5
G1 Z239.5
G1 E40 F9000
;TYPE:Outer wall
;WIDTH:3.2
G1 F2779.615
G1 X751.956 Y751.956 E2175.45813
G1 X248.044 Y751.956 E2175.45813
G1 F2760
G1 X248.044 Y248.044 E2175.4585
G1 X751.656 Y248.044 E2174.16299
M73 P51 R476
;WIPE_START
G1 F600
G1 X751.662 Y258.044 E-30
;WIPE_END
G1 Z240.5 F15000
G1 X727.407 Y250.49 Z240.5
G1 Z239.5
G1 E40 F9000
;TYPE:Sparse infill
;WIDTH:3.2
G1 F2779.614
G1 X738.92 Y250.49 E49.70059
G1 F2760
G1 X749.51 Y261.08 E64.65527
G1 X749.51 Y250.49 E45.71788
M73 P51 R475
G1 X250.49 Y749.51 E3046.69043
G1 X250.49 Y738.92 E45.71786
G1 X261.08 Y749.51 E64.65527
G1 X272.593 Y749.51 E49.70059
;WIPE_START
G1 F600
G1 X262.593 Y749.51 E-30
;WIPE_END
G1 Z240.5 F15000
G1 X435.402 Y749.51 Z240.5
G1 Z239.5
G1 E40 F9000
G1 F2779.614
G1 F2760
G1 X423.89 Y749.51 E49.7002
G1 X250.49 Y576.11 E1058.66699
G1 X250.49 Y586.7 E45.71798
G1 X586.7 Y250.49 E2052.67871
G1 X576.11 Y250.49 E45.71875
G1 X749.51 Y423.89 E1058.66712
G1 X749.51 Y413.3 E45.71875
G1 X413.3 Y749.51 E2052.6789
G1 X401.788 Y749.51 E49.70059
;WIPE_START
G1 F600
G1 X411.788 Y749.51 E-30
;WIPE_END
G1 Z240.5 F15000
G1 X598.212 Y749.51 Z240.5
G1 Z239.5
G1 E40 F9000
G1 F2779.614
G1 F2760
G1 X586.7 Y749.51 E49.70117
G1 X250.49 Y413.3 E2052.67889
G1 X250.49 Y423.89 E45.71875
M73 P51 R474
G1 X423.89 Y250.49 E1058.66711
G1 X413.3 Y250.49 E45.71875
G1 X749.51 Y586.7 E2052.6789
G1 X749.51 Y576.11 E45.71875
G1 X576.11 Y749.51 E1058.66713
G1 X564.597 Y749.51 E49.70059
;WIPE_START
G1 F600
G1 X574.597 Y749.51 E-30
;WIPE_END
G1 Z240.5 F15000
G1 X749.51 Y727.407 Z240.5
G1 Z239.5
G1 E40 F9000
G1 F2779.614
G1 X749.51 Y738.92 E49.70059
G1 F2760
G1 X738.92 Y749.51 E64.65625
G1 X749.51 Y749.51 E45.71875
G1 X250.49 Y250.49 E3046.69065
G1 X261.08 Y250.49 E45.71875
G1 X250.49 Y261.08 E64.65625
G1 X250.49 Y272.593 E49.70059
; stop printing object Cube id:0 copy 0
;LAYER_CHANGE
;Z:241
;HEIGHT:1.5
;BEFORE_LAYER_CHANGE
;241
G92 E0

EXCLUDE_OBJECT_END NAME=Cube_id_0_copy_0
;AFTER_LAYER_CHANGE
;241
;_SET_FAN_SPEED_CHANGING_LAYER
; printing object Cube id:0 copy 0
;WIPE_START
G1 F600
G1 X250.49 Y262.593 E-30
;WIPE_END
EXCLUDE_OBJECT_START NAME=Cube_id_0_copy_0
G1 Z242 F15000
G1 X248.044 Y248.044 Z242
G1 Z241
G1 E40 F9000
;TYPE:Outer wall
;WIDTH:3.2
G1 F2779.615
G1 X751.956 Y248.044 E2175.45813
G1 X751.956 Y751.956 E2175.45813
M73 P51 R473
G1 F2760
G1 X248.044 Y751.956 E2175.4585
G1 X248.044 Y248.344 E2174.16299
;WIPE_START
G1 F600
G1 X258.044 Y248.338 E-30
;WIPE_END
G1 Z242 F15000
G1 X250.49 Y272.593 Z242
G1 Z241
G1 E40 F9000
;TYPE:Sparse infill
;WIDTH:3.2
G1 F2779.614
G1 X250.49 Y261.08 E49.70059
G1 F2760
G1 X261.08 Y250.49 E64.65527
G1 X250.49 Y250.49 E45.71822
G1 X749.51 Y749.51 E3046.69043
G1 X738.92 Y749.51 E45.71823
G1 X749.51 Y738.92 E64.65527
G1 X749.51 Y727.407 E49.70059
;WIPE_START
G1 F600
G1 X749.51 Y737.407 E-30
;WIPE_END
G1 Z242 F15000
G1 X564.597 Y749.51 Z242
G1 Z241
G1 E40 F9000
G1 F2779.614
G1 X576.11 Y749.51 E49.70059
G1 F2760
M73 P51 R472
G1 X749.51 Y576.11 E1058.66699
G1 X749.51 Y586.7 E45.71813
G1 X413.3 Y250.49 E2052.67871
G1 X423.89 Y250.49 E45.71875
G1 X250.49 Y423.89 E1058.66711
G1 X250.49 Y413.3 E45.71875
G1 X586.7 Y749.51 E2052.67889
G1 X598.212 Y749.51 E49.70059
;WIPE_START
G1 F600
G1 X588.212 Y749.51 E-30
;WIPE_END
G1 Z242 F15000
G1 X401.788 Y749.51 Z242
G1 Z241
G1 E40 F9000
G1 F2779.614
G1 F2760
G1 X413.3 Y749.51 E49.70117
G1 X749.51 Y413.3 E2052.6789
G1 X749.51 Y423.89 E45.71875
G1 X576.11 Y250.49 E1058.66712
G1 X586.7 Y250.49 E45.71875
G1 X250.49 Y586.7 E2052.67888
G1 X250.49 Y576.11 E45.71875
M73 P51 R471
G1 X423.89 Y749.51 E1058.66712
G1 X435.402 Y749.51 E49.70059
;WIPE_START
G1 F600
G1 X425.402 Y749.51 E-30
;WIPE_END
G1 Z242 F15000
G1 X272.593 Y749.51 Z242
G1 Z241
G1 E40 F9000
G1 F2779.614
G1 X261.08 Y749.51 E49.70059
G1 F2760
G1 X250.49 Y738.92 E64.65625
G1 X250.49 Y749.51 E45.71875
G1 X749.51 Y250.49 E3046.69015
G1 X749.51 Y261.08 E45.71875
G1 X738.92 Y250.49 E64.65625
G1 X727.407 Y250.49 E49.70059
; stop printing object Cube id:0 copy 0
;LAYER_CHANGE
;Z:242.5
;HEIGHT:1.5
;BEFORE_LAYER_CHANGE
;242.5
G92 E0

EXCLUDE_OBJECT_END NAME=Cube_id_0_copy_0
;AFTER_LAYER_CHANGE
;242.5
;_SET_FAN_SPEED_CHANGING_LAYER
; printing object Cube id:0 copy 0
;WIPE_START
G1 F600
G1 X737.407 Y250.49 E-30
;WIPE_END
EXCLUDE_OBJECT_START NAME=Cube_id_0_copy_0
G1 Z243.5 F15000
G1 X751.956 Y248.044 Z243.5
G1 Z242.5
G1 E40 F9000
;TYPE:Outer wall
;WIDTH:3.2
G1 F2779.615
G1 X751.956 Y751.956 E2175.45813
G1 X248.044 Y751.956 E2175.45813
G1 F2760
G1 X248.044 Y248.044 E2175.4585
G1 X751.656 Y248.044 E2174.16299
M73 P51 R470
;WIPE_START
G1 F600
G1 X751.662 Y258.044 E-30
;WIPE_END
G1 Z243.5 F15000
G1 X727.407 Y250.49 Z243.5
G1 Z242.5
G1 E40 F9000
;TYPE:Sparse infill
;WIDTH:3.2
G1 F2779.614
G1 X738.92 Y250.49 E49.70059
G1 F2760
G1 X749.51 Y261.08 E64.65527
G1 X749.51 Y250.49 E45.71788
G1 X250.49 Y749.51 E3046.69043
G1 X250.49 Y738.92 E45.71786
G1 X261.08 Y749.51 E64.65527
G1 X272.593 Y749.51 E49.70059
;WIPE_START
G1 F600
G1 X262.593 Y749.51 E-30
;WIPE_END
G1 Z243.5 F15000
G1 X435.402 Y749.51 Z243.5
G1 Z242.5
G1 E40 F9000
G1 F2779.614
G1 F2760
G1 X423.89 Y749.51 E49.7002
G1 X250.49 Y576.11 E1058.66699
G1 X250.49 Y586.7 E45.71798
G1 X586.7 Y250.49 E2052.67871
G1 X576.11 Y250.49 E45.71875
G1 X749.51 Y423.89 E1058.66712
G1 X749.51 Y413.3 E45.71875
M73 P51 R469
G1 X413.3 Y749.51 E2052.6789
G1 X401.788 Y749.51 E49.70059
;WIPE_START
G1 F600
G1 X411.788 Y749.51 E-30
;WIPE_END
G1 Z243.5 F15000
G1 X598.212 Y749.51 Z243.5
G1 Z242.5
G1 E40 F9000
G1 F2779.614
G1 F2760
G1 X586.7 Y749.51 E49.70117
G1 X250.49 Y413.3 E2052.67889
G1 X250.49 Y423.89 E45.71875
G1 X423.89 Y250.49 E1058.66711
G1 X413.3 Y250.49 E45.71875
G1 X749.51 Y586.7 E2052.6789
G1 X749.51 Y576.11 E45.71875
G1 X576.11 Y749.51 E1058.66713
G1 X564.597 Y749.51 E49.70059
;WIPE_START
G1 F600
G1 X574.597 Y749.51 E-30
;WIPE_END
G1 Z243.5 F15000
G1 X749.51 Y727.407 Z243.5
G1 Z242.5
G1 E40 F9000
G1 F2779.614
G1 X749.51 Y738.92 E49.70059
G1 F2760
G1 X738.92 Y749.51 E64.65625
G1 X749.51 Y749.51 E45.71875
G1 X250.49 Y250.49 E3046.69065
G1 X261.08 Y250.49 E45.71875
M73 P51 R468
G1 X250.49 Y261.08 E64.65625
G1 X250.49 Y272.593 E49.70059
; stop printing object Cube id:0 copy 0
;LAYER_CHANGE
;Z:244
;HEIGHT:1.5
;BEFORE_LAYER_CHANGE
;244
G92 E0

EXCLUDE_OBJECT_END NAME=Cube_id_0_copy_0
;AFTER_LAYER_CHANGE
;244
;_SET_FAN_SPEED_CHANGING_LAYER
; printing object Cube id:0 copy 0
;WIPE_START
G1 F600
G1 X250.49 Y262.593 E-30
;WIPE_END
EXCLUDE_OBJECT_START NAME=Cube_id_0_copy_0
G1 Z245 F15000
G1 X248.044 Y248.044 Z245
G1 Z244
G1 E40 F9000
;TYPE:Outer wall
;WIDTH:3.2
G1 F2779.615
G1 X751.956 Y248.044 E2175.45813
G1 X751.956 Y751.956 E2175.45813
G1 F2760
G1 X248.044 Y751.956 E2175.4585
G1 X248.044 Y248.344 E2174.16299
;WIPE_START
G1 F600
G1 X258.044 Y248.338 E-30
;WIPE_END
G1 Z245 F15000
G1 X250.49 Y272.593 Z245
G1 Z244
G1 E40 F9000
;TYPE:Sparse infill
;WIDTH:3.2
G1 F2779.614
G1 X250.49 Y261.08 E49.70059
G1 F2760
G1 X261.08 Y250.49 E64.65527
G1 X250.49 Y250.49 E45.71822
G1 X749.51 Y749.51 E3046.69043
M73 P51 R467
G1 X738.92 Y749.51 E45.71823
G1 X749.51 Y738.92 E64.65527
G1 X749.51 Y727.407 E49.70059
;WIPE_START
G1 F600
G1 X749.51 Y737.407 E-30
;WIPE_END
G1 Z245 F15000
G1 X564.597 Y749.51 Z245
G1 Z244
G1 E40 F9000
G1 F2779.614
G1 X576.11 Y749.51 E49.70059
G1 F2760
G1 X749.51 Y576.11 E1058.66699
G1 X749.51 Y586.7 E45.71813
G1 X413.3 Y250.49 E2052.67871
G1 X423.89 Y250.49 E45.71875
G1 X250.49 Y423.89 E1058.66711
G1 X250.49 Y413.3 E45.71875
G1 X586.7 Y749.51 E2052.67889
G1 X598.212 Y749.51 E49.70059
;WIPE_START
G1 F600
G1 X588.212 Y749.51 E-30
;WIPE_END
G1 Z245 F15000
G1 X401.788 Y749.51 Z245
G1 Z244
G1 E40 F9000
G1 F2779.614
G1 F2760
G1 X413.3 Y749.51 E49.70117
G1 X749.51 Y413.3 E2052.6789
G1 X749.51 Y423.89 E45.71875
M73 P51 R466
G1 X576.11 Y250.49 E1058.66712
G1 X586.7 Y250.49 E45.71875
G1 X250.49 Y586.7 E2052.67888
G1 X250.49 Y576.11 E45.71875
G1 X423.89 Y749.51 E1058.66712
G1 X435.402 Y749.51 E49.70059
M73 P52 R466
;WIPE_START
G1 F600
G1 X425.402 Y749.51 E-30
;WIPE_END
G1 Z245 F15000
G1 X272.593 Y749.51 Z245
G1 Z244
G1 E40 F9000
G1 F2779.614
G1 X261.08 Y749.51 E49.70059
G1 F2760
G1 X250.49 Y738.92 E64.65625
G1 X250.49 Y749.51 E45.71875
G1 X749.51 Y250.49 E3046.69015
G1 X749.51 Y261.08 E45.71875
G1 X738.92 Y250.49 E64.65625
G1 X727.407 Y250.49 E49.70059
; stop printing object Cube id:0 copy 0
;LAYER_CHANGE
;Z:245.5
;HEIGHT:1.5
;BEFORE_LAYER_CHANGE
;245.5
G92 E0

EXCLUDE_OBJECT_END NAME=Cube_id_0_copy_0
;AFTER_LAYER_CHANGE
;245.5
;_SET_FAN_SPEED_CHANGING_LAYER
; printing object Cube id:0 copy 0
;WIPE_START
G1 F600
G1 X737.407 Y250.49 E-30
;WIPE_END
EXCLUDE_OBJECT_START NAME=Cube_id_0_copy_0
G1 Z246.5 F15000
G1 X751.956 Y248.044 Z246.5
G1 Z245.5
G1 E40 F9000
;TYPE:Outer wall
;WIDTH:3.2
G1 F2779.615
G1 X751.956 Y751.956 E2175.45813
G1 X248.044 Y751.956 E2175.45813
M73 P52 R465
G1 F2760
G1 X248.044 Y248.044 E2175.4585
G1 X751.656 Y248.044 E2174.16299
;WIPE_START
G1 F600
G1 X751.662 Y258.044 E-30
;WIPE_END
G1 Z246.5 F15000
G1 X727.407 Y250.49 Z246.5
G1 Z245.5
G1 E40 F9000
;TYPE:Sparse infill
;WIDTH:3.2
G1 F2779.614
G1 X738.92 Y250.49 E49.70059
G1 F2760
G1 X749.51 Y261.08 E64.65527
G1 X749.51 Y250.49 E45.71788
G1 X250.49 Y749.51 E3046.69043
G1 X250.49 Y738.92 E45.71786
G1 X261.08 Y749.51 E64.65527
G1 X272.593 Y749.51 E49.70059
;WIPE_START
G1 F600
G1 X262.593 Y749.51 E-30
;WIPE_END
G1 Z246.5 F15000
G1 X435.402 Y749.51 Z246.5
G1 Z245.5
G1 E40 F9000
G1 F2779.614
G1 F2760
G1 X423.89 Y749.51 E49.7002
G1 X250.49 Y576.11 E1058.66699
G1 X250.49 Y586.7 E45.71798
M73 P52 R464
G1 X586.7 Y250.49 E2052.67871
G1 X576.11 Y250.49 E45.71875
G1 X749.51 Y423.89 E1058.66712
G1 X749.51 Y413.3 E45.71875
G1 X413.3 Y749.51 E2052.6789
G1 X401.788 Y749.51 E49.70059
;WIPE_START
G1 F600
G1 X411.788 Y749.51 E-30
;WIPE_END
G1 Z246.5 F15000
G1 X598.212 Y749.51 Z246.5
G1 Z245.5
G1 E40 F9000
G1 F2779.614
G1 F2760
G1 X586.7 Y749.51 E49.70117
G1 X250.49 Y413.3 E2052.67889
G1 X250.49 Y423.89 E45.71875
G1 X423.89 Y250.49 E1058.66711
G1 X413.3 Y250.49 E45.71875
G1 X749.51 Y586.7 E2052.6789
G1 X749.51 Y576.11 E45.71875
M73 P52 R463
G1 X576.11 Y749.51 E1058.66713
G1 X564.597 Y749.51 E49.70059
;WIPE_START
G1 F600
G1 X574.597 Y749.51 E-30
;WIPE_END
G1 Z246.5 F15000
G1 X749.51 Y727.407 Z246.5
G1 Z245.5
G1 E40 F9000
G1 F2779.614
G1 X749.51 Y738.92 E49.70059
G1 F2760
G1 X738.92 Y749.51 E64.65625
G1 X749.51 Y749.51 E45.71875
G1 X250.49 Y250.49 E3046.69065
G1 X261.08 Y250.49 E45.71875
G1 X250.49 Y261.08 E64.65625
G1 X250.49 Y272.593 E49.70059
; stop printing object Cube id:0 copy 0
;LAYER_CHANGE
;Z:247
;HEIGHT:1.5
;BEFORE_LAYER_CHANGE
;247
G92 E0

EXCLUDE_OBJECT_END NAME=Cube_id_0_copy_0
;AFTER_LAYER_CHANGE
;247
;_SET_FAN_SPEED_CHANGING_LAYER
; printing object Cube id:0 copy 0
;WIPE_START
G1 F600
G1 X250.49 Y262.593 E-30
;WIPE_END
EXCLUDE_OBJECT_START NAME=Cube_id_0_copy_0
G1 Z248 F15000
G1 X248.044 Y248.044 Z248
G1 Z247
G1 E40 F9000
;TYPE:Outer wall
;WIDTH:3.2
G1 F2779.615
G1 X751.956 Y248.044 E2175.45813
G1 X751.956 Y751.956 E2175.45813
G1 F2760
G1 X248.044 Y751.956 E2175.4585
G1 X248.044 Y248.344 E2174.16299
M73 P52 R462
;WIPE_START
G1 F600
G1 X258.044 Y248.338 E-30
;WIPE_END
G1 Z248 F15000
G1 X250.49 Y272.593 Z248
G1 Z247
G1 E40 F9000
;TYPE:Sparse infill
;WIDTH:3.2
G1 F2779.614
G1 X250.49 Y261.08 E49.70059
G1 F2760
G1 X261.08 Y250.49 E64.65527
G1 X250.49 Y250.49 E45.71822
G1 X749.51 Y749.51 E3046.69043
G1 X738.92 Y749.51 E45.71823
G1 X749.51 Y738.92 E64.65527
G1 X749.51 Y727.407 E49.70059
;WIPE_START
G1 F600
G1 X749.51 Y737.407 E-30
;WIPE_END
G1 Z248 F15000
G1 X564.597 Y749.51 Z248
G1 Z247
G1 E40 F9000
G1 F2779.614
G1 X576.11 Y749.51 E49.70059
G1 F2760
G1 X749.51 Y576.11 E1058.66699
G1 X749.51 Y586.7 E45.71813
G1 X413.3 Y250.49 E2052.67871
G1 X423.89 Y250.49 E45.71875
G1 X250.49 Y423.89 E1058.66711
G1 X250.49 Y413.3 E45.71875
M73 P52 R461
G1 X586.7 Y749.51 E2052.67889
G1 X598.212 Y749.51 E49.70059
;WIPE_START
G1 F600
G1 X588.212 Y749.51 E-30
;WIPE_END
G1 Z248 F15000
G1 X401.788 Y749.51 Z248
G1 Z247
G1 E40 F9000
G1 F2779.614
G1 F2760
G1 X413.3 Y749.51 E49.70117
G1 X749.51 Y413.3 E2052.6789
G1 X749.51 Y423.89 E45.71875
G1 X576.11 Y250.49 E1058.66712
G1 X586.7 Y250.49 E45.71875
G1 X250.49 Y586.7 E2052.67888
G1 X250.49 Y576.11 E45.71875
G1 X423.89 Y749.51 E1058.66712
G1 X435.402 Y749.51 E49.70059
;WIPE_START
G1 F600
G1 X425.402 Y749.51 E-30
;WIPE_END
G1 Z248 F15000
G1 X272.593 Y749.51 Z248
G1 Z247
G1 E40 F9000
G1 F2779.614
G1 X261.08 Y749.51 E49.70059
G1 F2760
G1 X250.49 Y738.92 E64.65625
G1 X250.49 Y749.51 E45.71875
G1 X749.51 Y250.49 E3046.69015
G1 X749.51 Y261.08 E45.71875
M73 P52 R460
G1 X738.92 Y250.49 E64.65625
G1 X727.407 Y250.49 E49.70059
; stop printing object Cube id:0 copy 0
;LAYER_CHANGE
;Z:248.5
;HEIGHT:1.5
;BEFORE_LAYER_CHANGE
;248.5
G92 E0

EXCLUDE_OBJECT_END NAME=Cube_id_0_copy_0
;AFTER_LAYER_CHANGE
;248.5
;_SET_FAN_SPEED_CHANGING_LAYER
; printing object Cube id:0 copy 0
;WIPE_START
G1 F600
G1 X737.407 Y250.49 E-30
;WIPE_END
EXCLUDE_OBJECT_START NAME=Cube_id_0_copy_0
G1 Z249.5 F15000
G1 X751.956 Y248.044 Z249.5
G1 Z248.5
G1 E40 F9000
;TYPE:Outer wall
;WIDTH:3.2
G1 F2779.615
G1 X751.956 Y751.956 E2175.45813
G1 X248.044 Y751.956 E2175.45813
G1 F2760
G1 X248.044 Y248.044 E2175.4585
G1 X751.656 Y248.044 E2174.16299
;WIPE_START
G1 F600
G1 X751.662 Y258.044 E-30
;WIPE_END
G1 Z249.5 F15000
G1 X727.407 Y250.49 Z249.5
G1 Z248.5
G1 E40 F9000
;TYPE:Sparse infill
;WIDTH:3.2
G1 F2779.614
G1 X738.92 Y250.49 E49.70059
G1 F2760
G1 X749.51 Y261.08 E64.65527
G1 X749.51 Y250.49 E45.71788
G1 X250.49 Y749.51 E3046.69043
G1 X250.49 Y738.92 E45.71786
M73 P52 R459
G1 X261.08 Y749.51 E64.65527
G1 X272.593 Y749.51 E49.70059
;WIPE_START
G1 F600
G1 X262.593 Y749.51 E-30
;WIPE_END
G1 Z249.5 F15000
G1 X435.402 Y749.51 Z249.5
G1 Z248.5
G1 E40 F9000
G1 F2779.614
G1 F2760
G1 X423.89 Y749.51 E49.7002
G1 X250.49 Y576.11 E1058.66699
G1 X250.49 Y586.7 E45.71798
G1 X586.7 Y250.49 E2052.67871
G1 X576.11 Y250.49 E45.71875
G1 X749.51 Y423.89 E1058.66712
G1 X749.51 Y413.3 E45.71875
G1 X413.3 Y749.51 E2052.6789
G1 X401.788 Y749.51 E49.70059
;WIPE_START
G1 F600
G1 X411.788 Y749.51 E-30
;WIPE_END
G1 Z249.5 F15000
G1 X598.212 Y749.51 Z249.5
G1 Z248.5
G1 E40 F9000
G1 F2779.614
G1 F2760
G1 X586.7 Y749.51 E49.70117
G1 X250.49 Y413.3 E2052.67889
G1 X250.49 Y423.89 E45.71875
M73 P52 R458
G1 X423.89 Y250.49 E1058.66711
G1 X413.3 Y250.49 E45.71875
G1 X749.51 Y586.7 E2052.6789
G1 X749.51 Y576.11 E45.71875
G1 X576.11 Y749.51 E1058.66713
G1 X564.597 Y749.51 E49.70059
;WIPE_START
G1 F600
G1 X574.597 Y749.51 E-30
;WIPE_END
G1 Z249.5 F15000
G1 X749.51 Y727.407 Z249.5
G1 Z248.5
G1 E40 F9000
G1 F2779.614
G1 X749.51 Y738.92 E49.70059
G1 F2760
G1 X738.92 Y749.51 E64.65625
G1 X749.51 Y749.51 E45.71875
G1 X250.49 Y250.49 E3046.69065
G1 X261.08 Y250.49 E45.71875
G1 X250.49 Y261.08 E64.65625
G1 X250.49 Y272.593 E49.70059
; stop printing object Cube id:0 copy 0
;LAYER_CHANGE
;Z:250
;HEIGHT:1.5
;BEFORE_LAYER_CHANGE
;250
G92 E0

EXCLUDE_OBJECT_END NAME=Cube_id_0_copy_0
;AFTER_LAYER_CHANGE
;250
;_SET_FAN_SPEED_CHANGING_LAYER
; printing object Cube id:0 copy 0
;WIPE_START
G1 F600
G1 X250.49 Y262.593 E-30
;WIPE_END
EXCLUDE_OBJECT_START NAME=Cube_id_0_copy_0
G1 Z251 F15000
G1 X248.044 Y248.044 Z251
G1 Z250
G1 E40 F9000
;TYPE:Outer wall
;WIDTH:3.2
G1 F2779.615
G1 X751.956 Y248.044 E2175.45813
G1 X751.956 Y751.956 E2175.45813
M73 P52 R457
G1 F2760
G1 X248.044 Y751.956 E2175.4585
G1 X248.044 Y248.344 E2174.16299
;WIPE_START
G1 F600
G1 X258.044 Y248.338 E-30
;WIPE_END
G1 Z251 F15000
G1 X250.49 Y272.593 Z251
G1 Z250
G1 E40 F9000
;TYPE:Sparse infill
;WIDTH:3.2
G1 F2779.614
G1 X250.49 Y261.08 E49.70059
G1 F2760
G1 X261.08 Y250.49 E64.65527
G1 X250.49 Y250.49 E45.71822
G1 X749.51 Y749.51 E3046.69043
G1 X738.92 Y749.51 E45.71823
G1 X749.51 Y738.92 E64.65527
G1 X749.51 Y727.407 E49.70059
;WIPE_START
G1 F600
G1 X749.51 Y737.407 E-30
;WIPE_END
G1 Z251 F15000
G1 X564.597 Y749.51 Z251
G1 Z250
G1 E40 F9000
G1 F2779.614
G1 X576.11 Y749.51 E49.70059
G1 F2760
G1 X749.51 Y576.11 E1058.66699
G1 X749.51 Y586.7 E45.71813
M73 P52 R456
G1 X413.3 Y250.49 E2052.67871
G1 X423.89 Y250.49 E45.71875
M73 P53 R456
G1 X250.49 Y423.89 E1058.66711
G1 X250.49 Y413.3 E45.71875
G1 X586.7 Y749.51 E2052.67889
G1 X598.212 Y749.51 E49.70059
;WIPE_START
G1 F600
G1 X588.212 Y749.51 E-30
;WIPE_END
G1 Z251 F15000
G1 X401.788 Y749.51 Z251
G1 Z250
G1 E40 F9000
G1 F2779.614
G1 F2760
G1 X413.3 Y749.51 E49.70117
G1 X749.51 Y413.3 E2052.6789
G1 X749.51 Y423.89 E45.71875
G1 X576.11 Y250.49 E1058.66712
G1 X586.7 Y250.49 E45.71875
G1 X250.49 Y586.7 E2052.67888
G1 X250.49 Y576.11 E45.71875
M73 P53 R455
G1 X423.89 Y749.51 E1058.66712
G1 X435.402 Y749.51 E49.70059
;WIPE_START
G1 F600
G1 X425.402 Y749.51 E-30
;WIPE_END
G1 Z251 F15000
G1 X272.593 Y749.51 Z251
G1 Z250
G1 E40 F9000
G1 F2779.614
G1 X261.08 Y749.51 E49.70059
G1 F2760
G1 X250.49 Y738.92 E64.65625
G1 X250.49 Y749.51 E45.71875
G1 X749.51 Y250.49 E3046.69015
G1 X749.51 Y261.08 E45.71875
G1 X738.92 Y250.49 E64.65625
G1 X727.407 Y250.49 E49.70059
; stop printing object Cube id:0 copy 0
;LAYER_CHANGE
;Z:251.5
;HEIGHT:1.5
;BEFORE_LAYER_CHANGE
;251.5
G92 E0

EXCLUDE_OBJECT_END NAME=Cube_id_0_copy_0
;AFTER_LAYER_CHANGE
;251.5
;_SET_FAN_SPEED_CHANGING_LAYER
; printing object Cube id:0 copy 0
;WIPE_START
G1 F600
G1 X737.407 Y250.49 E-30
;WIPE_END
EXCLUDE_OBJECT_START NAME=Cube_id_0_copy_0
G1 Z252.5 F15000
G1 X751.956 Y248.044 Z252.5
G1 Z251.5
G1 E40 F9000
;TYPE:Outer wall
;WIDTH:3.2
G1 F2779.615
G1 X751.956 Y751.956 E2175.45813
G1 X248.044 Y751.956 E2175.45813
G1 F2760
G1 X248.044 Y248.044 E2175.4585
G1 X751.656 Y248.044 E2174.16299
M73 P53 R454
;WIPE_START
G1 F600
G1 X751.662 Y258.044 E-30
;WIPE_END
G1 Z252.5 F15000
G1 X727.407 Y250.49 Z252.5
G1 Z251.5
G1 E40 F9000
;TYPE:Sparse infill
;WIDTH:3.2
G1 F2779.614
G1 X738.92 Y250.49 E49.70059
G1 F2760
G1 X749.51 Y261.08 E64.65527
G1 X749.51 Y250.49 E45.71788
G1 X250.49 Y749.51 E3046.69043
G1 X250.49 Y738.92 E45.71786
G1 X261.08 Y749.51 E64.65527
G1 X272.593 Y749.51 E49.70059
;WIPE_START
G1 F600
G1 X262.593 Y749.51 E-30
;WIPE_END
G1 Z252.5 F15000
G1 X435.402 Y749.51 Z252.5
G1 Z251.5
G1 E40 F9000
G1 F2779.614
G1 F2760
G1 X423.89 Y749.51 E49.7002
G1 X250.49 Y576.11 E1058.66699
G1 X250.49 Y586.7 E45.71798
G1 X586.7 Y250.49 E2052.67871
G1 X576.11 Y250.49 E45.71875
G1 X749.51 Y423.89 E1058.66712
G1 X749.51 Y413.3 E45.71875
M73 P53 R453
G1 X413.3 Y749.51 E2052.6789
G1 X401.788 Y749.51 E49.70059
;WIPE_START
G1 F600
G1 X411.788 Y749.51 E-30
;WIPE_END
G1 Z252.5 F15000
G1 X598.212 Y749.51 Z252.5
G1 Z251.5
G1 E40 F9000
G1 F2779.614
G1 F2760
G1 X586.7 Y749.51 E49.70117
G1 X250.49 Y413.3 E2052.67889
G1 X250.49 Y423.89 E45.71875
G1 X423.89 Y250.49 E1058.66711
G1 X413.3 Y250.49 E45.71875
G1 X749.51 Y586.7 E2052.6789
G1 X749.51 Y576.11 E45.71875
G1 X576.11 Y749.51 E1058.66713
G1 X564.597 Y749.51 E49.70059
;WIPE_START
G1 F600
G1 X574.597 Y749.51 E-30
;WIPE_END
G1 Z252.5 F15000
G1 X749.51 Y727.407 Z252.5
G1 Z251.5
G1 E40 F9000
G1 F2779.614
G1 X749.51 Y738.92 E49.70059
G1 F2760
G1 X738.92 Y749.51 E64.65625
G1 X749.51 Y749.51 E45.71875
G1 X250.49 Y250.49 E3046.69065
G1 X261.08 Y250.49 E45.71875
M73 P53 R452
G1 X250.49 Y261.08 E64.65625
G1 X250.49 Y272.593 E49.70059
; stop printing object Cube id:0 copy 0
;LAYER_CHANGE
;Z:253
;HEIGHT:1.5
;BEFORE_LAYER_CHANGE
;253
G92 E0

EXCLUDE_OBJECT_END NAME=Cube_id_0_copy_0
;AFTER_LAYER_CHANGE
;253
;_SET_FAN_SPEED_CHANGING_LAYER
; printing object Cube id:0 copy 0
;WIPE_START
G1 F600
G1 X250.49 Y262.593 E-30
;WIPE_END
EXCLUDE_OBJECT_START NAME=Cube_id_0_copy_0
G1 Z254 F15000
G1 X248.044 Y248.044 Z254
G1 Z253
G1 E40 F9000
;TYPE:Outer wall
;WIDTH:3.2
G1 F2779.615
G1 X751.956 Y248.044 E2175.45813
G1 X751.956 Y751.956 E2175.45813
G1 F2760
G1 X248.044 Y751.956 E2175.4585
G1 X248.044 Y248.344 E2174.16299
;WIPE_START
G1 F600
G1 X258.044 Y248.338 E-30
;WIPE_END
G1 Z254 F15000
G1 X250.49 Y272.593 Z254
G1 Z253
G1 E40 F9000
;TYPE:Sparse infill
;WIDTH:3.2
G1 F2779.614
G1 X250.49 Y261.08 E49.70059
G1 F2760
G1 X261.08 Y250.49 E64.65527
G1 X250.49 Y250.49 E45.71822
G1 X749.51 Y749.51 E3046.69043
G1 X738.92 Y749.51 E45.71823
M73 P53 R451
G1 X749.51 Y738.92 E64.65527
G1 X749.51 Y727.407 E49.70059
;WIPE_START
G1 F600
G1 X749.51 Y737.407 E-30
;WIPE_END
G1 Z254 F15000
G1 X564.597 Y749.51 Z254
G1 Z253
G1 E40 F9000
G1 F2779.614
G1 X576.11 Y749.51 E49.70059
G1 F2760
G1 X749.51 Y576.11 E1058.66699
G1 X749.51 Y586.7 E45.71813
G1 X413.3 Y250.49 E2052.67871
G1 X423.89 Y250.49 E45.71875
G1 X250.49 Y423.89 E1058.66711
G1 X250.49 Y413.3 E45.71875
G1 X586.7 Y749.51 E2052.67889
G1 X598.212 Y749.51 E49.70059
;WIPE_START
G1 F600
G1 X588.212 Y749.51 E-30
;WIPE_END
G1 Z254 F15000
G1 X401.788 Y749.51 Z254
G1 Z253
G1 E40 F9000
G1 F2779.614
G1 F2760
G1 X413.3 Y749.51 E49.70117
G1 X749.51 Y413.3 E2052.6789
G1 X749.51 Y423.89 E45.71875
M73 P53 R450
G1 X576.11 Y250.49 E1058.66712
G1 X586.7 Y250.49 E45.71875
G1 X250.49 Y586.7 E2052.67888
G1 X250.49 Y576.11 E45.71875
G1 X423.89 Y749.51 E1058.66712
G1 X435.402 Y749.51 E49.70059
;WIPE_START
G1 F600
G1 X425.402 Y749.51 E-30
;WIPE_END
G1 Z254 F15000
G1 X272.593 Y749.51 Z254
G1 Z253
G1 E40 F9000
G1 F2779.614
G1 X261.08 Y749.51 E49.70059
G1 F2760
G1 X250.49 Y738.92 E64.65625
G1 X250.49 Y749.51 E45.71875
G1 X749.51 Y250.49 E3046.69015
G1 X749.51 Y261.08 E45.71875
G1 X738.92 Y250.49 E64.65625
G1 X727.407 Y250.49 E49.70059
; stop printing object Cube id:0 copy 0
;LAYER_CHANGE
;Z:254.5
;HEIGHT:1.5
;BEFORE_LAYER_CHANGE
;254.5
G92 E0

EXCLUDE_OBJECT_END NAME=Cube_id_0_copy_0
;AFTER_LAYER_CHANGE
;254.5
;_SET_FAN_SPEED_CHANGING_LAYER
; printing object Cube id:0 copy 0
;WIPE_START
G1 F600
G1 X737.407 Y250.49 E-30
;WIPE_END
EXCLUDE_OBJECT_START NAME=Cube_id_0_copy_0
G1 Z255.5 F15000
G1 X751.956 Y248.044 Z255.5
G1 Z254.5
G1 E40 F9000
;TYPE:Outer wall
;WIDTH:3.2
G1 F2779.615
G1 X751.956 Y751.956 E2175.45813
G1 X248.044 Y751.956 E2175.45813
M73 P53 R449
G1 F2760
G1 X248.044 Y248.044 E2175.4585
G1 X751.656 Y248.044 E2174.16299
;WIPE_START
G1 F600
G1 X751.662 Y258.044 E-30
;WIPE_END
G1 Z255.5 F15000
G1 X727.407 Y250.49 Z255.5
G1 Z254.5
G1 E40 F9000
;TYPE:Sparse infill
;WIDTH:3.2
G1 F2779.614
G1 X738.92 Y250.49 E49.70059
G1 F2760
G1 X749.51 Y261.08 E64.65527
G1 X749.51 Y250.49 E45.71788
G1 X250.49 Y749.51 E3046.69043
G1 X250.49 Y738.92 E45.71786
G1 X261.08 Y749.51 E64.65527
G1 X272.593 Y749.51 E49.70059
;WIPE_START
G1 F600
G1 X262.593 Y749.51 E-30
;WIPE_END
G1 Z255.5 F15000
G1 X435.402 Y749.51 Z255.5
G1 Z254.5
G1 E40 F9000
G1 F2779.614
G1 F2760
G1 X423.89 Y749.51 E49.7002
G1 X250.49 Y576.11 E1058.66699
G1 X250.49 Y586.7 E45.71798
M73 P53 R448
G1 X586.7 Y250.49 E2052.67871
G1 X576.11 Y250.49 E45.71875
G1 X749.51 Y423.89 E1058.66712
G1 X749.51 Y413.3 E45.71875
G1 X413.3 Y749.51 E2052.6789
G1 X401.788 Y749.51 E49.70059
;WIPE_START
G1 F600
G1 X411.788 Y749.51 E-30
;WIPE_END
G1 Z255.5 F15000
G1 X598.212 Y749.51 Z255.5
G1 Z254.5
G1 E40 F9000
G1 F2779.614
G1 F2760
G1 X586.7 Y749.51 E49.70117
G1 X250.49 Y413.3 E2052.67889
G1 X250.49 Y423.89 E45.71875
G1 X423.89 Y250.49 E1058.66711
G1 X413.3 Y250.49 E45.71875
G1 X749.51 Y586.7 E2052.6789
G1 X749.51 Y576.11 E45.71875
M73 P53 R447
G1 X576.11 Y749.51 E1058.66713
G1 X564.597 Y749.51 E49.70059
;WIPE_START
G1 F600
G1 X574.597 Y749.51 E-30
;WIPE_END
G1 Z255.5 F15000
G1 X749.51 Y727.407 Z255.5
G1 Z254.5
G1 E40 F9000
G1 F2779.614
G1 X749.51 Y738.92 E49.70059
G1 F2760
G1 X738.92 Y749.51 E64.65625
G1 X749.51 Y749.51 E45.71875
G1 X250.49 Y250.49 E3046.69065
G1 X261.08 Y250.49 E45.71875
G1 X250.49 Y261.08 E64.65625
G1 X250.49 Y272.593 E49.70059
; stop printing object Cube id:0 copy 0
;LAYER_CHANGE
;Z:256
;HEIGHT:1.5
;BEFORE_LAYER_CHANGE
;256
G92 E0

EXCLUDE_OBJECT_END NAME=Cube_id_0_copy_0
;AFTER_LAYER_CHANGE
;256
;_SET_FAN_SPEED_CHANGING_LAYER
; printing object Cube id:0 copy 0
;WIPE_START
G1 F600
G1 X250.49 Y262.593 E-30
;WIPE_END
EXCLUDE_OBJECT_START NAME=Cube_id_0_copy_0
G1 Z257 F15000
G1 X248.044 Y248.044 Z257
G1 Z256
G1 E40 F9000
;TYPE:Outer wall
;WIDTH:3.2
G1 F2779.615
G1 X751.956 Y248.044 E2175.45813
G1 X751.956 Y751.956 E2175.45813
G1 F2760
M73 P54 R447
G1 X248.044 Y751.956 E2175.4585
G1 X248.044 Y248.344 E2174.16299
M73 P54 R446
;WIPE_START
G1 F600
G1 X258.044 Y248.338 E-30
;WIPE_END
G1 Z257 F15000
G1 X250.49 Y272.593 Z257
G1 Z256
G1 E40 F9000
;TYPE:Sparse infill
;WIDTH:3.2
G1 F2779.614
G1 X250.49 Y261.08 E49.70059
G1 F2760
G1 X261.08 Y250.49 E64.65527
G1 X250.49 Y250.49 E45.71822
G1 X749.51 Y749.51 E3046.69043
G1 X738.92 Y749.51 E45.71823
G1 X749.51 Y738.92 E64.65527
G1 X749.51 Y727.407 E49.70059
;WIPE_START
G1 F600
G1 X749.51 Y737.407 E-30
;WIPE_END
G1 Z257 F15000
G1 X564.597 Y749.51 Z257
G1 Z256
G1 E40 F9000
G1 F2779.614
G1 X576.11 Y749.51 E49.70059
G1 F2760
G1 X749.51 Y576.11 E1058.66699
G1 X749.51 Y586.7 E45.71813
G1 X413.3 Y250.49 E2052.67871
G1 X423.89 Y250.49 E45.71875
G1 X250.49 Y423.89 E1058.66711
G1 X250.49 Y413.3 E45.71875
M73 P54 R445
G1 X586.7 Y749.51 E2052.67889
G1 X598.212 Y749.51 E49.70059
;WIPE_START
G1 F600
G1 X588.212 Y749.51 E-30
;WIPE_END
G1 Z257 F15000
G1 X401.788 Y749.51 Z257
G1 Z256
G1 E40 F9000
G1 F2779.614
G1 F2760
G1 X413.3 Y749.51 E49.70117
G1 X749.51 Y413.3 E2052.6789
G1 X749.51 Y423.89 E45.71875
G1 X576.11 Y250.49 E1058.66712
G1 X586.7 Y250.49 E45.71875
G1 X250.49 Y586.7 E2052.67888
G1 X250.49 Y576.11 E45.71875
G1 X423.89 Y749.51 E1058.66712
G1 X435.402 Y749.51 E49.70059
;WIPE_START
G1 F600
G1 X425.402 Y749.51 E-30
;WIPE_END
G1 Z257 F15000
G1 X272.593 Y749.51 Z257
G1 Z256
G1 E40 F9000
G1 F2779.614
G1 X261.08 Y749.51 E49.70059
G1 F2760
G1 X250.49 Y738.92 E64.65625
G1 X250.49 Y749.51 E45.71875
G1 X749.51 Y250.49 E3046.69015
G1 X749.51 Y261.08 E45.71875
M73 P54 R444
G1 X738.92 Y250.49 E64.65625
G1 X727.407 Y250.49 E49.70059
; stop printing object Cube id:0 copy 0
;LAYER_CHANGE
;Z:257.5
;HEIGHT:1.5
;BEFORE_LAYER_CHANGE
;257.5
G92 E0

EXCLUDE_OBJECT_END NAME=Cube_id_0_copy_0
;AFTER_LAYER_CHANGE
;257.5
;_SET_FAN_SPEED_CHANGING_LAYER
; printing object Cube id:0 copy 0
;WIPE_START
G1 F600
G1 X737.407 Y250.49 E-30
;WIPE_END
EXCLUDE_OBJECT_START NAME=Cube_id_0_copy_0
G1 Z258.5 F15000
G1 X751.956 Y248.044 Z258.5
G1 Z257.5
G1 E40 F9000
;TYPE:Outer wall
;WIDTH:3.2
G1 F2779.615
G1 X751.956 Y751.956 E2175.45813
G1 X248.044 Y751.956 E2175.45813
G1 F2760
G1 X248.044 Y248.044 E2175.4585
G1 X751.656 Y248.044 E2174.16299
;WIPE_START
G1 F600
G1 X751.662 Y258.044 E-30
;WIPE_END
G1 Z258.5 F15000
G1 X727.407 Y250.49 Z258.5
G1 Z257.5
G1 E40 F9000
;TYPE:Sparse infill
;WIDTH:3.2
G1 F2779.614
G1 X738.92 Y250.49 E49.70059
G1 F2760
G1 X749.51 Y261.08 E64.65527
G1 X749.51 Y250.49 E45.71788
G1 X250.49 Y749.51 E3046.69043
G1 X250.49 Y738.92 E45.71786
M73 P54 R443
G1 X261.08 Y749.51 E64.65527
G1 X272.593 Y749.51 E49.70059
;WIPE_START
G1 F600
G1 X262.593 Y749.51 E-30
;WIPE_END
G1 Z258.5 F15000
G1 X435.402 Y749.51 Z258.5
G1 Z257.5
G1 E40 F9000
G1 F2779.614
G1 F2760
G1 X423.89 Y749.51 E49.7002
G1 X250.49 Y576.11 E1058.66699
G1 X250.49 Y586.7 E45.71798
G1 X586.7 Y250.49 E2052.67871
G1 X576.11 Y250.49 E45.71875
G1 X749.51 Y423.89 E1058.66712
G1 X749.51 Y413.3 E45.71875
G1 X413.3 Y749.51 E2052.6789
G1 X401.788 Y749.51 E49.70059
;WIPE_START
G1 F600
G1 X411.788 Y749.51 E-30
;WIPE_END
G1 Z258.5 F15000
G1 X598.212 Y749.51 Z258.5
G1 Z257.5
G1 E40 F9000
G1 F2779.614
G1 F2760
G1 X586.7 Y749.51 E49.70117
G1 X250.49 Y413.3 E2052.67889
G1 X250.49 Y423.89 E45.71875
M73 P54 R442
G1 X423.89 Y250.49 E1058.66711
G1 X413.3 Y250.49 E45.71875
G1 X749.51 Y586.7 E2052.6789
G1 X749.51 Y576.11 E45.71875
G1 X576.11 Y749.51 E1058.66713
G1 X564.597 Y749.51 E49.70059
;WIPE_START
G1 F600
G1 X574.597 Y749.51 E-30
;WIPE_END
G1 Z258.5 F15000
G1 X749.51 Y727.407 Z258.5
G1 Z257.5
G1 E40 F9000
G1 F2779.614
G1 X749.51 Y738.92 E49.70059
G1 F2760
G1 X738.92 Y749.51 E64.65625
G1 X749.51 Y749.51 E45.71875
G1 X250.49 Y250.49 E3046.69065
G1 X261.08 Y250.49 E45.71875
G1 X250.49 Y261.08 E64.65625
G1 X250.49 Y272.593 E49.70059
; stop printing object Cube id:0 copy 0
;LAYER_CHANGE
;Z:259
;HEIGHT:1.5
;BEFORE_LAYER_CHANGE
;259
G92 E0

EXCLUDE_OBJECT_END NAME=Cube_id_0_copy_0
;AFTER_LAYER_CHANGE
;259
;_SET_FAN_SPEED_CHANGING_LAYER
; printing object Cube id:0 copy 0
;WIPE_START
G1 F600
G1 X250.49 Y262.593 E-30
;WIPE_END
EXCLUDE_OBJECT_START NAME=Cube_id_0_copy_0
G1 Z260 F15000
G1 X248.044 Y248.044 Z260
G1 Z259
G1 E40 F9000
;TYPE:Outer wall
;WIDTH:3.2
G1 F2779.615
G1 X751.956 Y248.044 E2175.45813
G1 X751.956 Y751.956 E2175.45813
M73 P54 R441
G1 F2760
G1 X248.044 Y751.956 E2175.4585
G1 X248.044 Y248.344 E2174.16299
;WIPE_START
G1 F600
G1 X258.044 Y248.338 E-30
;WIPE_END
G1 Z260 F15000
G1 X250.49 Y272.593 Z260
G1 Z259
G1 E40 F9000
;TYPE:Sparse infill
;WIDTH:3.2
G1 F2779.614
G1 X250.49 Y261.08 E49.70059
G1 F2760
G1 X261.08 Y250.49 E64.65527
G1 X250.49 Y250.49 E45.71822
G1 X749.51 Y749.51 E3046.69043
G1 X738.92 Y749.51 E45.71823
G1 X749.51 Y738.92 E64.65527
G1 X749.51 Y727.407 E49.70059
;WIPE_START
G1 F600
G1 X749.51 Y737.407 E-30
;WIPE_END
G1 Z260 F15000
G1 X564.597 Y749.51 Z260
G1 Z259
G1 E40 F9000
G1 F2779.614
G1 X576.11 Y749.51 E49.70059
G1 F2760
G1 X749.51 Y576.11 E1058.66699
G1 X749.51 Y586.7 E45.71813
M73 P54 R440
G1 X413.3 Y250.49 E2052.67871
G1 X423.89 Y250.49 E45.71875
G1 X250.49 Y423.89 E1058.66711
G1 X250.49 Y413.3 E45.71875
G1 X586.7 Y749.51 E2052.67889
G1 X598.212 Y749.51 E49.70059
;WIPE_START
G1 F600
G1 X588.212 Y749.51 E-30
;WIPE_END
G1 Z260 F15000
G1 X401.788 Y749.51 Z260
G1 Z259
G1 E40 F9000
G1 F2779.614
G1 F2760
G1 X413.3 Y749.51 E49.70117
G1 X749.51 Y413.3 E2052.6789
G1 X749.51 Y423.89 E45.71875
G1 X576.11 Y250.49 E1058.66712
G1 X586.7 Y250.49 E45.71875
G1 X250.49 Y586.7 E2052.67888
G1 X250.49 Y576.11 E45.71875
M73 P54 R439
G1 X423.89 Y749.51 E1058.66712
G1 X435.402 Y749.51 E49.70059
;WIPE_START
G1 F600
G1 X425.402 Y749.51 E-30
;WIPE_END
G1 Z260 F15000
G1 X272.593 Y749.51 Z260
G1 Z259
G1 E40 F9000
G1 F2779.614
G1 X261.08 Y749.51 E49.70059
G1 F2760
G1 X250.49 Y738.92 E64.65625
G1 X250.49 Y749.51 E45.71875
G1 X749.51 Y250.49 E3046.69015
G1 X749.51 Y261.08 E45.71875
G1 X738.92 Y250.49 E64.65625
G1 X727.407 Y250.49 E49.70059
; stop printing object Cube id:0 copy 0
;LAYER_CHANGE
;Z:260.5
;HEIGHT:1.5
;BEFORE_LAYER_CHANGE
;260.5
G92 E0

EXCLUDE_OBJECT_END NAME=Cube_id_0_copy_0
;AFTER_LAYER_CHANGE
;260.5
;_SET_FAN_SPEED_CHANGING_LAYER
; printing object Cube id:0 copy 0
;WIPE_START
G1 F600
G1 X737.407 Y250.49 E-30
;WIPE_END
EXCLUDE_OBJECT_START NAME=Cube_id_0_copy_0
G1 Z261.5 F15000
G1 X751.956 Y248.044 Z261.5
G1 Z260.5
G1 E40 F9000
;TYPE:Outer wall
;WIDTH:3.2
G1 F2779.615
G1 X751.956 Y751.956 E2175.45813
G1 X248.044 Y751.956 E2175.45813
G1 F2760
G1 X248.044 Y248.044 E2175.4585
G1 X751.656 Y248.044 E2174.16299
M73 P54 R438
;WIPE_START
G1 F600
G1 X751.662 Y258.044 E-30
;WIPE_END
G1 Z261.5 F15000
G1 X727.407 Y250.49 Z261.5
G1 Z260.5
G1 E40 F9000
;TYPE:Sparse infill
;WIDTH:3.2
G1 F2779.614
G1 X738.92 Y250.49 E49.70059
G1 F2760
G1 X749.51 Y261.08 E64.65527
G1 X749.51 Y250.49 E45.71788
G1 X250.49 Y749.51 E3046.69043
G1 X250.49 Y738.92 E45.71786
G1 X261.08 Y749.51 E64.65527
G1 X272.593 Y749.51 E49.70059
;WIPE_START
G1 F600
G1 X262.593 Y749.51 E-30
;WIPE_END
G1 Z261.5 F15000
G1 X435.402 Y749.51 Z261.5
G1 Z260.5
G1 E40 F9000
G1 F2779.614
G1 F2760
G1 X423.89 Y749.51 E49.7002
G1 X250.49 Y576.11 E1058.66699
G1 X250.49 Y586.7 E45.71798
G1 X586.7 Y250.49 E2052.67871
G1 X576.11 Y250.49 E45.71875
G1 X749.51 Y423.89 E1058.66712
G1 X749.51 Y413.3 E45.71875
M73 P54 R437
G1 X413.3 Y749.51 E2052.6789
G1 X401.788 Y749.51 E49.70059
;WIPE_START
G1 F600
G1 X411.788 Y749.51 E-30
;WIPE_END
G1 Z261.5 F15000
G1 X598.212 Y749.51 Z261.5
G1 Z260.5
G1 E40 F9000
G1 F2779.614
G1 F2760
G1 X586.7 Y749.51 E49.70117
G1 X250.49 Y413.3 E2052.67889
G1 X250.49 Y423.89 E45.71875
G1 X423.89 Y250.49 E1058.66711
G1 X413.3 Y250.49 E45.71875
G1 X749.51 Y586.7 E2052.6789
G1 X749.51 Y576.11 E45.71875
M73 P55 R437
G1 X576.11 Y749.51 E1058.66713
G1 X564.597 Y749.51 E49.70059
;WIPE_START
G1 F600
G1 X574.597 Y749.51 E-30
;WIPE_END
G1 Z261.5 F15000
G1 X749.51 Y727.407 Z261.5
G1 Z260.5
G1 E40 F9000
G1 F2779.614
G1 X749.51 Y738.92 E49.70059
G1 F2760
G1 X738.92 Y749.51 E64.65625
G1 X749.51 Y749.51 E45.71875
G1 X250.49 Y250.49 E3046.69065
G1 X261.08 Y250.49 E45.71875
M73 P55 R436
G1 X250.49 Y261.08 E64.65625
G1 X250.49 Y272.593 E49.70059
; stop printing object Cube id:0 copy 0
;LAYER_CHANGE
;Z:262
;HEIGHT:1.5
;BEFORE_LAYER_CHANGE
;262
G92 E0

EXCLUDE_OBJECT_END NAME=Cube_id_0_copy_0
;AFTER_LAYER_CHANGE
;262
;_SET_FAN_SPEED_CHANGING_LAYER
; printing object Cube id:0 copy 0
;WIPE_START
G1 F600
G1 X250.49 Y262.593 E-30
;WIPE_END
EXCLUDE_OBJECT_START NAME=Cube_id_0_copy_0
G1 Z263 F15000
G1 X248.044 Y248.044 Z263
G1 Z262
G1 E40 F9000
;TYPE:Outer wall
;WIDTH:3.2
G1 F2779.615
G1 X751.956 Y248.044 E2175.45813
G1 X751.956 Y751.956 E2175.45813
G1 F2760
G1 X248.044 Y751.956 E2175.4585
G1 X248.044 Y248.344 E2174.16299
;WIPE_START
G1 F600
G1 X258.044 Y248.338 E-30
;WIPE_END
G1 Z263 F15000
G1 X250.49 Y272.593 Z263
G1 Z262
G1 E40 F9000
;TYPE:Sparse infill
;WIDTH:3.2
G1 F2779.614
G1 X250.49 Y261.08 E49.70059
G1 F2760
G1 X261.08 Y250.49 E64.65527
G1 X250.49 Y250.49 E45.71822
G1 X749.51 Y749.51 E3046.69043
G1 X738.92 Y749.51 E45.71823
M73 P55 R435
G1 X749.51 Y738.92 E64.65527
G1 X749.51 Y727.407 E49.70059
;WIPE_START
G1 F600
G1 X749.51 Y737.407 E-30
;WIPE_END
G1 Z263 F15000
G1 X564.597 Y749.51 Z263
G1 Z262
G1 E40 F9000
G1 F2779.614
G1 X576.11 Y749.51 E49.70059
G1 F2760
G1 X749.51 Y576.11 E1058.66699
G1 X749.51 Y586.7 E45.71813
G1 X413.3 Y250.49 E2052.67871
G1 X423.89 Y250.49 E45.71875
G1 X250.49 Y423.89 E1058.66711
G1 X250.49 Y413.3 E45.71875
G1 X586.7 Y749.51 E2052.67889
G1 X598.212 Y749.51 E49.70059
;WIPE_START
G1 F600
G1 X588.212 Y749.51 E-30
;WIPE_END
G1 Z263 F15000
G1 X401.788 Y749.51 Z263
G1 Z262
G1 E40 F9000
G1 F2779.614
G1 F2760
G1 X413.3 Y749.51 E49.70117
G1 X749.51 Y413.3 E2052.6789
G1 X749.51 Y423.89 E45.71875
M73 P55 R434
G1 X576.11 Y250.49 E1058.66712
G1 X586.7 Y250.49 E45.71875
G1 X250.49 Y586.7 E2052.67888
G1 X250.49 Y576.11 E45.71875
G1 X423.89 Y749.51 E1058.66712
G1 X435.402 Y749.51 E49.70059
;WIPE_START
G1 F600
G1 X425.402 Y749.51 E-30
;WIPE_END
G1 Z263 F15000
G1 X272.593 Y749.51 Z263
G1 Z262
G1 E40 F9000
G1 F2779.614
G1 X261.08 Y749.51 E49.70059
G1 F2760
G1 X250.49 Y738.92 E64.65625
G1 X250.49 Y749.51 E45.71875
G1 X749.51 Y250.49 E3046.69015
G1 X749.51 Y261.08 E45.71875
G1 X738.92 Y250.49 E64.65625
G1 X727.407 Y250.49 E49.70059
; stop printing object Cube id:0 copy 0
;LAYER_CHANGE
;Z:263.5
;HEIGHT:1.5
;BEFORE_LAYER_CHANGE
;263.5
G92 E0

EXCLUDE_OBJECT_END NAME=Cube_id_0_copy_0
;AFTER_LAYER_CHANGE
;263.5
;_SET_FAN_SPEED_CHANGING_LAYER
; printing object Cube id:0 copy 0
;WIPE_START
G1 F600
G1 X737.407 Y250.49 E-30
;WIPE_END
EXCLUDE_OBJECT_START NAME=Cube_id_0_copy_0
G1 Z264.5 F15000
G1 X751.956 Y248.044 Z264.5
G1 Z263.5
G1 E40 F9000
;TYPE:Outer wall
;WIDTH:3.2
G1 F2779.615
G1 X751.956 Y751.956 E2175.45813
G1 X248.044 Y751.956 E2175.45813
M73 P55 R433
G1 F2760
G1 X248.044 Y248.044 E2175.4585
G1 X751.656 Y248.044 E2174.16299
;WIPE_START
G1 F600
G1 X751.662 Y258.044 E-30
;WIPE_END
G1 Z264.5 F15000
G1 X727.407 Y250.49 Z264.5
G1 Z263.5
G1 E40 F9000
;TYPE:Sparse infill
;WIDTH:3.2
G1 F2779.614
G1 X738.92 Y250.49 E49.70059
G1 F2760
G1 X749.51 Y261.08 E64.65527
G1 X749.51 Y250.49 E45.71788
G1 X250.49 Y749.51 E3046.69043
G1 X250.49 Y738.92 E45.71786
G1 X261.08 Y749.51 E64.65527
G1 X272.593 Y749.51 E49.70059
;WIPE_START
G1 F600
G1 X262.593 Y749.51 E-30
;WIPE_END
G1 Z264.5 F15000
G1 X435.402 Y749.51 Z264.5
G1 Z263.5
G1 E40 F9000
G1 F2779.614
G1 F2760
G1 X423.89 Y749.51 E49.7002
G1 X250.49 Y576.11 E1058.66699
G1 X250.49 Y586.7 E45.71798
M73 P55 R432
G1 X586.7 Y250.49 E2052.67871
G1 X576.11 Y250.49 E45.71875
G1 X749.51 Y423.89 E1058.66712
G1 X749.51 Y413.3 E45.71875
G1 X413.3 Y749.51 E2052.6789
G1 X401.788 Y749.51 E49.70059
;WIPE_START
G1 F600
G1 X411.788 Y749.51 E-30
;WIPE_END
G1 Z264.5 F15000
G1 X598.212 Y749.51 Z264.5
G1 Z263.5
G1 E40 F9000
G1 F2779.614
G1 F2760
G1 X586.7 Y749.51 E49.70117
G1 X250.49 Y413.3 E2052.67889
G1 X250.49 Y423.89 E45.71875
G1 X423.89 Y250.49 E1058.66711
G1 X413.3 Y250.49 E45.71875
G1 X749.51 Y586.7 E2052.6789
G1 X749.51 Y576.11 E45.71875
M73 P55 R431
G1 X576.11 Y749.51 E1058.66713
G1 X564.597 Y749.51 E49.70059
;WIPE_START
G1 F600
G1 X574.597 Y749.51 E-30
;WIPE_END
G1 Z264.5 F15000
G1 X749.51 Y727.407 Z264.5
G1 Z263.5
G1 E40 F9000
G1 F2779.614
G1 X749.51 Y738.92 E49.70059
G1 F2760
G1 X738.92 Y749.51 E64.65625
G1 X749.51 Y749.51 E45.71875
G1 X250.49 Y250.49 E3046.69065
G1 X261.08 Y250.49 E45.71875
G1 X250.49 Y261.08 E64.65625
G1 X250.49 Y272.593 E49.70059
; stop printing object Cube id:0 copy 0
;LAYER_CHANGE
;Z:265
;HEIGHT:1.5
;BEFORE_LAYER_CHANGE
;265
G92 E0

EXCLUDE_OBJECT_END NAME=Cube_id_0_copy_0
;AFTER_LAYER_CHANGE
;265
;_SET_FAN_SPEED_CHANGING_LAYER
; printing object Cube id:0 copy 0
;WIPE_START
G1 F600
G1 X250.49 Y262.593 E-30
;WIPE_END
EXCLUDE_OBJECT_START NAME=Cube_id_0_copy_0
G1 Z266 F15000
G1 X248.044 Y248.044 Z266
G1 Z265
G1 E40 F9000
;TYPE:Outer wall
;WIDTH:3.2
G1 F2779.615
G1 X751.956 Y248.044 E2175.45813
G1 X751.956 Y751.956 E2175.45813
G1 F2760
G1 X248.044 Y751.956 E2175.4585
G1 X248.044 Y248.344 E2174.16299
M73 P55 R430
;WIPE_START
G1 F600
G1 X258.044 Y248.338 E-30
;WIPE_END
G1 Z266 F15000
G1 X250.49 Y272.593 Z266
G1 Z265
G1 E40 F9000
;TYPE:Sparse infill
;WIDTH:3.2
G1 F2779.614
G1 X250.49 Y261.08 E49.70059
G1 F2760
G1 X261.08 Y250.49 E64.65527
G1 X250.49 Y250.49 E45.71822
G1 X749.51 Y749.51 E3046.69043
G1 X738.92 Y749.51 E45.71823
G1 X749.51 Y738.92 E64.65527
G1 X749.51 Y727.407 E49.70059
;WIPE_START
G1 F600
G1 X749.51 Y737.407 E-30
;WIPE_END
G1 Z266 F15000
G1 X564.597 Y749.51 Z266
G1 Z265
G1 E40 F9000
G1 F2779.614
G1 X576.11 Y749.51 E49.70059
G1 F2760
G1 X749.51 Y576.11 E1058.66699
G1 X749.51 Y586.7 E45.71813
G1 X413.3 Y250.49 E2052.67871
G1 X423.89 Y250.49 E45.71875
G1 X250.49 Y423.89 E1058.66711
G1 X250.49 Y413.3 E45.71875
G1 X586.7 Y749.51 E2052.67889
M73 P55 R429
G1 X598.212 Y749.51 E49.70059
;WIPE_START
G1 F600
G1 X588.212 Y749.51 E-30
;WIPE_END
G1 Z266 F15000
G1 X401.788 Y749.51 Z266
G1 Z265
G1 E40 F9000
G1 F2779.614
G1 F2760
G1 X413.3 Y749.51 E49.70117
G1 X749.51 Y413.3 E2052.6789
G1 X749.51 Y423.89 E45.71875
G1 X576.11 Y250.49 E1058.66712
G1 X586.7 Y250.49 E45.71875
G1 X250.49 Y586.7 E2052.67888
G1 X250.49 Y576.11 E45.71875
G1 X423.89 Y749.51 E1058.66712
G1 X435.402 Y749.51 E49.70059
;WIPE_START
G1 F600
G1 X425.402 Y749.51 E-30
;WIPE_END
G1 Z266 F15000
G1 X272.593 Y749.51 Z266
G1 Z265
G1 E40 F9000
G1 F2779.614
G1 X261.08 Y749.51 E49.70059
G1 F2760
G1 X250.49 Y738.92 E64.65625
G1 X250.49 Y749.51 E45.71875
G1 X749.51 Y250.49 E3046.69015
G1 X749.51 Y261.08 E45.71875
M73 P55 R428
G1 X738.92 Y250.49 E64.65625
G1 X727.407 Y250.49 E49.70059
; stop printing object Cube id:0 copy 0
;LAYER_CHANGE
;Z:266.5
;HEIGHT:1.5
;BEFORE_LAYER_CHANGE
;266.5
G92 E0

EXCLUDE_OBJECT_END NAME=Cube_id_0_copy_0
;AFTER_LAYER_CHANGE
;266.5
;_SET_FAN_SPEED_CHANGING_LAYER
; printing object Cube id:0 copy 0
;WIPE_START
G1 F600
G1 X737.407 Y250.49 E-30
;WIPE_END
EXCLUDE_OBJECT_START NAME=Cube_id_0_copy_0
G1 Z267.5 F15000
G1 X751.956 Y248.044 Z267.5
G1 Z266.5
G1 E40 F9000
;TYPE:Outer wall
;WIDTH:3.2
G1 F2779.615
G1 X751.956 Y751.956 E2175.45813
G1 X248.044 Y751.956 E2175.45813
G1 F2760
G1 X248.044 Y248.044 E2175.4585
G1 X751.656 Y248.044 E2174.16299
;WIPE_START
G1 F600
G1 X751.662 Y258.044 E-30
;WIPE_END
G1 Z267.5 F15000
G1 X727.407 Y250.49 Z267.5
G1 Z266.5
G1 E40 F9000
;TYPE:Sparse infill
;WIDTH:3.2
G1 F2779.614
G1 X738.92 Y250.49 E49.70059
G1 F2760
G1 X749.51 Y261.08 E64.65527
G1 X749.51 Y250.49 E45.71788
G1 X250.49 Y749.51 E3046.69043
G1 X250.49 Y738.92 E45.71786
M73 P55 R427
G1 X261.08 Y749.51 E64.65527
G1 X272.593 Y749.51 E49.70059
;WIPE_START
G1 F600
G1 X262.593 Y749.51 E-30
;WIPE_END
G1 Z267.5 F15000
G1 X435.402 Y749.51 Z267.5
G1 Z266.5
G1 E40 F9000
G1 F2779.614
G1 F2760
G1 X423.89 Y749.51 E49.7002
G1 X250.49 Y576.11 E1058.66699
G1 X250.49 Y586.7 E45.71798
M73 P56 R427
G1 X586.7 Y250.49 E2052.67871
G1 X576.11 Y250.49 E45.71875
G1 X749.51 Y423.89 E1058.66712
G1 X749.51 Y413.3 E45.71875
G1 X413.3 Y749.51 E2052.6789
G1 X401.788 Y749.51 E49.70059
;WIPE_START
G1 F600
G1 X411.788 Y749.51 E-30
;WIPE_END
G1 Z267.5 F15000
G1 X598.212 Y749.51 Z267.5
G1 Z266.5
G1 E40 F9000
G1 F2779.614
G1 F2760
G1 X586.7 Y749.51 E49.70117
G1 X250.49 Y413.3 E2052.67889
G1 X250.49 Y423.89 E45.71875
M73 P56 R426
G1 X423.89 Y250.49 E1058.66711
G1 X413.3 Y250.49 E45.71875
G1 X749.51 Y586.7 E2052.6789
G1 X749.51 Y576.11 E45.71875
G1 X576.11 Y749.51 E1058.66713
G1 X564.597 Y749.51 E49.70059
;WIPE_START
G1 F600
G1 X574.597 Y749.51 E-30
;WIPE_END
G1 Z267.5 F15000
G1 X749.51 Y727.407 Z267.5
G1 Z266.5
G1 E40 F9000
G1 F2779.614
G1 X749.51 Y738.92 E49.70059
G1 F2760
G1 X738.92 Y749.51 E64.65625
G1 X749.51 Y749.51 E45.71875
G1 X250.49 Y250.49 E3046.69065
G1 X261.08 Y250.49 E45.71875
G1 X250.49 Y261.08 E64.65625
G1 X250.49 Y272.593 E49.70059
; stop printing object Cube id:0 copy 0
;LAYER_CHANGE
;Z:268
;HEIGHT:1.5
;BEFORE_LAYER_CHANGE
;268
G92 E0

EXCLUDE_OBJECT_END NAME=Cube_id_0_copy_0
;AFTER_LAYER_CHANGE
;268
;_SET_FAN_SPEED_CHANGING_LAYER
; printing object Cube id:0 copy 0
;WIPE_START
G1 F600
G1 X250.49 Y262.593 E-30
;WIPE_END
EXCLUDE_OBJECT_START NAME=Cube_id_0_copy_0
G1 Z269 F15000
G1 X248.044 Y248.044 Z269
G1 Z268
G1 E40 F9000
;TYPE:Outer wall
;WIDTH:3.2
G1 F2779.615
G1 X751.956 Y248.044 E2175.45813
G1 X751.956 Y751.956 E2175.45813
M73 P56 R425
G1 F2760
G1 X248.044 Y751.956 E2175.4585
G1 X248.044 Y248.344 E2174.16299
;WIPE_START
G1 F600
G1 X258.044 Y248.338 E-30
;WIPE_END
G1 Z269 F15000
G1 X250.49 Y272.593 Z269
G1 Z268
G1 E40 F9000
;TYPE:Sparse infill
;WIDTH:3.2
G1 F2779.614
G1 X250.49 Y261.08 E49.70059
G1 F2760
G1 X261.08 Y250.49 E64.65527
G1 X250.49 Y250.49 E45.71822
G1 X749.51 Y749.51 E3046.69043
G1 X738.92 Y749.51 E45.71823
G1 X749.51 Y738.92 E64.65527
G1 X749.51 Y727.407 E49.70059
;WIPE_START
G1 F600
G1 X749.51 Y737.407 E-30
;WIPE_END
G1 Z269 F15000
G1 X564.597 Y749.51 Z269
G1 Z268
G1 E40 F9000
G1 F2779.614
G1 X576.11 Y749.51 E49.70059
G1 F2760
G1 X749.51 Y576.11 E1058.66699
G1 X749.51 Y586.7 E45.71813
M73 P56 R424
G1 X413.3 Y250.49 E2052.67871
G1 X423.89 Y250.49 E45.71875
G1 X250.49 Y423.89 E1058.66711
G1 X250.49 Y413.3 E45.71875
G1 X586.7 Y749.51 E2052.67889
G1 X598.212 Y749.51 E49.70059
;WIPE_START
G1 F600
G1 X588.212 Y749.51 E-30
;WIPE_END
G1 Z269 F15000
G1 X401.788 Y749.51 Z269
G1 Z268
G1 E40 F9000
G1 F2779.614
G1 F2760
G1 X413.3 Y749.51 E49.70117
G1 X749.51 Y413.3 E2052.6789
G1 X749.51 Y423.89 E45.71875
G1 X576.11 Y250.49 E1058.66712
G1 X586.7 Y250.49 E45.71875
G1 X250.49 Y586.7 E2052.67888
G1 X250.49 Y576.11 E45.71875
M73 P56 R423
G1 X423.89 Y749.51 E1058.66712
G1 X435.402 Y749.51 E49.70059
;WIPE_START
G1 F600
G1 X425.402 Y749.51 E-30
;WIPE_END
G1 Z269 F15000
G1 X272.593 Y749.51 Z269
G1 Z268
G1 E40 F9000
G1 F2779.614
G1 X261.08 Y749.51 E49.70059
G1 F2760
G1 X250.49 Y738.92 E64.65625
G1 X250.49 Y749.51 E45.71875
G1 X749.51 Y250.49 E3046.69015
G1 X749.51 Y261.08 E45.71875
G1 X738.92 Y250.49 E64.65625
G1 X727.407 Y250.49 E49.70059
; stop printing object Cube id:0 copy 0
;LAYER_CHANGE
;Z:269.5
;HEIGHT:1.5
;BEFORE_LAYER_CHANGE
;269.5
G92 E0

EXCLUDE_OBJECT_END NAME=Cube_id_0_copy_0
;AFTER_LAYER_CHANGE
;269.5
;_SET_FAN_SPEED_CHANGING_LAYER
; printing object Cube id:0 copy 0
;WIPE_START
G1 F600
G1 X737.407 Y250.49 E-30
;WIPE_END
EXCLUDE_OBJECT_START NAME=Cube_id_0_copy_0
G1 Z270.5 F15000
G1 X751.956 Y248.044 Z270.5
G1 Z269.5
G1 E40 F9000
;TYPE:Outer wall
;WIDTH:3.2
G1 F2779.615
G1 X751.956 Y751.956 E2175.45813
G1 X248.044 Y751.956 E2175.45813
G1 F2760
G1 X248.044 Y248.044 E2175.4585
G1 X751.656 Y248.044 E2174.16299
M73 P56 R422
;WIPE_START
G1 F600
G1 X751.662 Y258.044 E-30
;WIPE_END
G1 Z270.5 F15000
G1 X727.407 Y250.49 Z270.5
G1 Z269.5
G1 E40 F9000
;TYPE:Sparse infill
;WIDTH:3.2
G1 F2779.614
G1 X738.92 Y250.49 E49.70059
G1 F2760
G1 X749.51 Y261.08 E64.65527
G1 X749.51 Y250.49 E45.71788
G1 X250.49 Y749.51 E3046.69043
G1 X250.49 Y738.92 E45.71786
G1 X261.08 Y749.51 E64.65527
G1 X272.593 Y749.51 E49.70059
;WIPE_START
G1 F600
G1 X262.593 Y749.51 E-30
;WIPE_END
G1 Z270.5 F15000
G1 X435.402 Y749.51 Z270.5
G1 Z269.5
G1 E40 F9000
G1 F2779.614
G1 F2760
G1 X423.89 Y749.51 E49.7002
G1 X250.49 Y576.11 E1058.66699
G1 X250.49 Y586.7 E45.71798
G1 X586.7 Y250.49 E2052.67871
G1 X576.11 Y250.49 E45.71875
G1 X749.51 Y423.89 E1058.66712
G1 X749.51 Y413.3 E45.71875
G1 X413.3 Y749.51 E2052.6789
G1 X401.788 Y749.51 E49.70059
M73 P56 R421
;WIPE_START
G1 F600
G1 X411.788 Y749.51 E-30
;WIPE_END
G1 Z270.5 F15000
G1 X598.212 Y749.51 Z270.5
G1 Z269.5
G1 E40 F9000
G1 F2779.614
G1 F2760
G1 X586.7 Y749.51 E49.70117
G1 X250.49 Y413.3 E2052.67889
G1 X250.49 Y423.89 E45.71875
G1 X423.89 Y250.49 E1058.66711
G1 X413.3 Y250.49 E45.71875
G1 X749.51 Y586.7 E2052.6789
G1 X749.51 Y576.11 E45.71875
G1 X576.11 Y749.51 E1058.66713
G1 X564.597 Y749.51 E49.70059
;WIPE_START
G1 F600
G1 X574.597 Y749.51 E-30
;WIPE_END
G1 Z270.5 F15000
G1 X749.51 Y727.407 Z270.5
G1 Z269.5
G1 E40 F9000
G1 F2779.614
G1 X749.51 Y738.92 E49.70059
G1 F2760
G1 X738.92 Y749.51 E64.65625
G1 X749.51 Y749.51 E45.71875
G1 X250.49 Y250.49 E3046.69065
G1 X261.08 Y250.49 E45.71875
M73 P56 R420
G1 X250.49 Y261.08 E64.65625
G1 X250.49 Y272.593 E49.70059
; stop printing object Cube id:0 copy 0
;LAYER_CHANGE
;Z:271
;HEIGHT:1.5
;BEFORE_LAYER_CHANGE
;271
G92 E0

EXCLUDE_OBJECT_END NAME=Cube_id_0_copy_0
;AFTER_LAYER_CHANGE
;271
;_SET_FAN_SPEED_CHANGING_LAYER
; printing object Cube id:0 copy 0
;WIPE_START
G1 F600
G1 X250.49 Y262.593 E-30
;WIPE_END
EXCLUDE_OBJECT_START NAME=Cube_id_0_copy_0
G1 Z272 F15000
G1 X248.044 Y248.044 Z272
G1 Z271
G1 E40 F9000
;TYPE:Outer wall
;WIDTH:3.2
G1 F2779.615
G1 X751.956 Y248.044 E2175.45813
G1 X751.956 Y751.956 E2175.45813
G1 F2760
G1 X248.044 Y751.956 E2175.4585
G1 X248.044 Y248.344 E2174.16299
;WIPE_START
G1 F600
G1 X258.044 Y248.338 E-30
;WIPE_END
G1 Z272 F15000
G1 X250.49 Y272.593 Z272
G1 Z271
G1 E40 F9000
;TYPE:Sparse infill
;WIDTH:3.2
G1 F2779.614
G1 X250.49 Y261.08 E49.70059
G1 F2760
G1 X261.08 Y250.49 E64.65527
G1 X250.49 Y250.49 E45.71822
G1 X749.51 Y749.51 E3046.69043
G1 X738.92 Y749.51 E45.71823
M73 P56 R419
G1 X749.51 Y738.92 E64.65527
G1 X749.51 Y727.407 E49.70059
;WIPE_START
G1 F600
G1 X749.51 Y737.407 E-30
;WIPE_END
G1 Z272 F15000
G1 X564.597 Y749.51 Z272
G1 Z271
G1 E40 F9000
G1 F2779.614
G1 X576.11 Y749.51 E49.70059
G1 F2760
G1 X749.51 Y576.11 E1058.66699
G1 X749.51 Y586.7 E45.71813
G1 X413.3 Y250.49 E2052.67871
G1 X423.89 Y250.49 E45.71875
G1 X250.49 Y423.89 E1058.66711
G1 X250.49 Y413.3 E45.71875
G1 X586.7 Y749.51 E2052.67889
G1 X598.212 Y749.51 E49.70059
;WIPE_START
G1 F600
G1 X588.212 Y749.51 E-30
;WIPE_END
G1 Z272 F15000
G1 X401.788 Y749.51 Z272
G1 Z271
G1 E40 F9000
G1 F2779.614
G1 F2760
G1 X413.3 Y749.51 E49.70117
G1 X749.51 Y413.3 E2052.6789
G1 X749.51 Y423.89 E45.71875
M73 P56 R418
G1 X576.11 Y250.49 E1058.66712
G1 X586.7 Y250.49 E45.71875
G1 X250.49 Y586.7 E2052.67888
G1 X250.49 Y576.11 E45.71875
G1 X423.89 Y749.51 E1058.66712
G1 X435.402 Y749.51 E49.70059
;WIPE_START
G1 F600
G1 X425.402 Y749.51 E-30
;WIPE_END
G1 Z272 F15000
G1 X272.593 Y749.51 Z272
G1 Z271
G1 E40 F9000
G1 F2779.614
G1 X261.08 Y749.51 E49.70059
G1 F2760
G1 X250.49 Y738.92 E64.65625
G1 X250.49 Y749.51 E45.71875
G1 X749.51 Y250.49 E3046.69015
G1 X749.51 Y261.08 E45.71875
G1 X738.92 Y250.49 E64.65625
G1 X727.407 Y250.49 E49.70059
; stop printing object Cube id:0 copy 0
;LAYER_CHANGE
;Z:272.5
;HEIGHT:1.5
;BEFORE_LAYER_CHANGE
;272.5
G92 E0

EXCLUDE_OBJECT_END NAME=Cube_id_0_copy_0
;AFTER_LAYER_CHANGE
;272.5
;_SET_FAN_SPEED_CHANGING_LAYER
; printing object Cube id:0 copy 0
;WIPE_START
G1 F600
G1 X737.407 Y250.49 E-30
;WIPE_END
EXCLUDE_OBJECT_START NAME=Cube_id_0_copy_0
G1 Z273.5 F15000
G1 X751.956 Y248.044 Z273.5
G1 Z272.5
G1 E40 F9000
;TYPE:Outer wall
;WIDTH:3.2
G1 F2779.615
G1 X751.956 Y751.956 E2175.45813
G1 X248.044 Y751.956 E2175.45813
M73 P56 R417
G1 F2760
M73 P57 R417
G1 X248.044 Y248.044 E2175.4585
G1 X751.656 Y248.044 E2174.16299
;WIPE_START
G1 F600
G1 X751.662 Y258.044 E-30
;WIPE_END
G1 Z273.5 F15000
G1 X727.407 Y250.49 Z273.5
G1 Z272.5
G1 E40 F9000
;TYPE:Sparse infill
;WIDTH:3.2
G1 F2779.614
G1 X738.92 Y250.49 E49.70059
G1 F2760
G1 X749.51 Y261.08 E64.65527
G1 X749.51 Y250.49 E45.71788
G1 X250.49 Y749.51 E3046.69043
G1 X250.49 Y738.92 E45.71786
G1 X261.08 Y749.51 E64.65527
G1 X272.593 Y749.51 E49.70059
;WIPE_START
G1 F600
G1 X262.593 Y749.51 E-30
;WIPE_END
G1 Z273.5 F15000
G1 X435.402 Y749.51 Z273.5
G1 Z272.5
G1 E40 F9000
G1 F2779.614
G1 F2760
G1 X423.89 Y749.51 E49.7002
G1 X250.49 Y576.11 E1058.66699
G1 X250.49 Y586.7 E45.71798
M73 P57 R416
G1 X586.7 Y250.49 E2052.67871
G1 X576.11 Y250.49 E45.71875
G1 X749.51 Y423.89 E1058.66712
G1 X749.51 Y413.3 E45.71875
G1 X413.3 Y749.51 E2052.6789
G1 X401.788 Y749.51 E49.70059
;WIPE_START
G1 F600
G1 X411.788 Y749.51 E-30
;WIPE_END
G1 Z273.5 F15000
G1 X598.212 Y749.51 Z273.5
G1 Z272.5
G1 E40 F9000
G1 F2779.614
G1 F2760
G1 X586.7 Y749.51 E49.70117
G1 X250.49 Y413.3 E2052.67889
G1 X250.49 Y423.89 E45.71875
G1 X423.89 Y250.49 E1058.66711
G1 X413.3 Y250.49 E45.71875
G1 X749.51 Y586.7 E2052.6789
G1 X749.51 Y576.11 E45.71875
M73 P57 R415
G1 X576.11 Y749.51 E1058.66713
G1 X564.597 Y749.51 E49.70059
;WIPE_START
G1 F600
G1 X574.597 Y749.51 E-30
;WIPE_END
G1 Z273.5 F15000
G1 X749.51 Y727.407 Z273.5
G1 Z272.5
G1 E40 F9000
G1 F2779.614
G1 X749.51 Y738.92 E49.70059
G1 F2760
G1 X738.92 Y749.51 E64.65625
G1 X749.51 Y749.51 E45.71875
G1 X250.49 Y250.49 E3046.69065
G1 X261.08 Y250.49 E45.71875
G1 X250.49 Y261.08 E64.65625
G1 X250.49 Y272.593 E49.70059
; stop printing object Cube id:0 copy 0
;LAYER_CHANGE
;Z:274
;HEIGHT:1.5
;BEFORE_LAYER_CHANGE
;274
G92 E0

EXCLUDE_OBJECT_END NAME=Cube_id_0_copy_0
;AFTER_LAYER_CHANGE
;274
;_SET_FAN_SPEED_CHANGING_LAYER
; printing object Cube id:0 copy 0
;WIPE_START
G1 F600
G1 X250.49 Y262.593 E-30
;WIPE_END
EXCLUDE_OBJECT_START NAME=Cube_id_0_copy_0
G1 Z275 F15000
G1 X248.044 Y248.044 Z275
G1 Z274
G1 E40 F9000
;TYPE:Outer wall
;WIDTH:3.2
G1 F2779.615
G1 X751.956 Y248.044 E2175.45813
G1 X751.956 Y751.956 E2175.45813
G1 F2760
G1 X248.044 Y751.956 E2175.4585
G1 X248.044 Y248.344 E2174.16299
M73 P57 R414
;WIPE_START
G1 F600
G1 X258.044 Y248.338 E-30
;WIPE_END
G1 Z275 F15000
G1 X250.49 Y272.593 Z275
G1 Z274
G1 E40 F9000
;TYPE:Sparse infill
;WIDTH:3.2
G1 F2779.614
G1 X250.49 Y261.08 E49.70059
G1 F2760
G1 X261.08 Y250.49 E64.65527
G1 X250.49 Y250.49 E45.71822
G1 X749.51 Y749.51 E3046.69043
G1 X738.92 Y749.51 E45.71823
G1 X749.51 Y738.92 E64.65527
G1 X749.51 Y727.407 E49.70059
;WIPE_START
G1 F600
G1 X749.51 Y737.407 E-30
;WIPE_END
G1 Z275 F15000
G1 X564.597 Y749.51 Z275
G1 Z274
G1 E40 F9000
G1 F2779.614
G1 X576.11 Y749.51 E49.70059
G1 F2760
G1 X749.51 Y576.11 E1058.66699
G1 X749.51 Y586.7 E45.71813
G1 X413.3 Y250.49 E2052.67871
G1 X423.89 Y250.49 E45.71875
G1 X250.49 Y423.89 E1058.66711
G1 X250.49 Y413.3 E45.71875
G1 X586.7 Y749.51 E2052.67889
G1 X598.212 Y749.51 E49.70059
M73 P57 R413
;WIPE_START
G1 F600
G1 X588.212 Y749.51 E-30
;WIPE_END
G1 Z275 F15000
G1 X401.788 Y749.51 Z275
G1 Z274
G1 E40 F9000
G1 F2779.614
G1 F2760
G1 X413.3 Y749.51 E49.70117
G1 X749.51 Y413.3 E2052.6789
G1 X749.51 Y423.89 E45.71875
G1 X576.11 Y250.49 E1058.66712
G1 X586.7 Y250.49 E45.71875
G1 X250.49 Y586.7 E2052.67888
G1 X250.49 Y576.11 E45.71875
G1 X423.89 Y749.51 E1058.66712
G1 X435.402 Y749.51 E49.70059
;WIPE_START
G1 F600
G1 X425.402 Y749.51 E-30
;WIPE_END
G1 Z275 F15000
G1 X272.593 Y749.51 Z275
G1 Z274
G1 E40 F9000
G1 F2779.614
G1 X261.08 Y749.51 E49.70059
G1 F2760
G1 X250.49 Y738.92 E64.65625
G1 X250.49 Y749.51 E45.71875
G1 X749.51 Y250.49 E3046.69015
G1 X749.51 Y261.08 E45.71875
M73 P57 R412
G1 X738.92 Y250.49 E64.65625
G1 X727.407 Y250.49 E49.70059
; stop printing object Cube id:0 copy 0
;LAYER_CHANGE
;Z:275.5
;HEIGHT:1.5
;BEFORE_LAYER_CHANGE
;275.5
G92 E0

EXCLUDE_OBJECT_END NAME=Cube_id_0_copy_0
;AFTER_LAYER_CHANGE
;275.5
;_SET_FAN_SPEED_CHANGING_LAYER
; printing object Cube id:0 copy 0
;WIPE_START
G1 F600
G1 X737.407 Y250.49 E-30
;WIPE_END
EXCLUDE_OBJECT_START NAME=Cube_id_0_copy_0
G1 Z276.5 F15000
G1 X751.956 Y248.044 Z276.5
G1 Z275.5
G1 E40 F9000
;TYPE:Outer wall
;WIDTH:3.2
G1 F2779.615
G1 X751.956 Y751.956 E2175.45813
G1 X248.044 Y751.956 E2175.45813
G1 F2760
G1 X248.044 Y248.044 E2175.4585
G1 X751.656 Y248.044 E2174.16299
;WIPE_START
G1 F600
G1 X751.662 Y258.044 E-30
;WIPE_END
G1 Z276.5 F15000
G1 X727.407 Y250.49 Z276.5
G1 Z275.5
G1 E40 F9000
;TYPE:Sparse infill
;WIDTH:3.2
G1 F2779.614
G1 X738.92 Y250.49 E49.70059
G1 F2760
G1 X749.51 Y261.08 E64.65527
G1 X749.51 Y250.49 E45.71788
G1 X250.49 Y749.51 E3046.69043
G1 X250.49 Y738.92 E45.71786
M73 P57 R411
G1 X261.08 Y749.51 E64.65527
G1 X272.593 Y749.51 E49.70059
;WIPE_START
G1 F600
G1 X262.593 Y749.51 E-30
;WIPE_END
G1 Z276.5 F15000
G1 X435.402 Y749.51 Z276.5
G1 Z275.5
G1 E40 F9000
G1 F2779.614
G1 F2760
G1 X423.89 Y749.51 E49.7002
G1 X250.49 Y576.11 E1058.66699
G1 X250.49 Y586.7 E45.71798
G1 X586.7 Y250.49 E2052.67871
G1 X576.11 Y250.49 E45.71875
G1 X749.51 Y423.89 E1058.66712
G1 X749.51 Y413.3 E45.71875
G1 X413.3 Y749.51 E2052.6789
G1 X401.788 Y749.51 E49.70059
;WIPE_START
G1 F600
G1 X411.788 Y749.51 E-30
;WIPE_END
G1 Z276.5 F15000
G1 X598.212 Y749.51 Z276.5
G1 Z275.5
G1 E40 F9000
G1 F2779.614
G1 F2760
G1 X586.7 Y749.51 E49.70117
G1 X250.49 Y413.3 E2052.67889
G1 X250.49 Y423.89 E45.71875
M73 P57 R410
G1 X423.89 Y250.49 E1058.66711
G1 X413.3 Y250.49 E45.71875
G1 X749.51 Y586.7 E2052.6789
G1 X749.51 Y576.11 E45.71875
G1 X576.11 Y749.51 E1058.66713
G1 X564.597 Y749.51 E49.70059
;WIPE_START
G1 F600
G1 X574.597 Y749.51 E-30
;WIPE_END
G1 Z276.5 F15000
G1 X749.51 Y727.407 Z276.5
G1 Z275.5
G1 E40 F9000
G1 F2779.614
G1 X749.51 Y738.92 E49.70059
G1 F2760
G1 X738.92 Y749.51 E64.65625
G1 X749.51 Y749.51 E45.71875
G1 X250.49 Y250.49 E3046.69065
G1 X261.08 Y250.49 E45.71875
G1 X250.49 Y261.08 E64.65625
G1 X250.49 Y272.593 E49.70059
; stop printing object Cube id:0 copy 0
;LAYER_CHANGE
;Z:277
;HEIGHT:1.5
;BEFORE_LAYER_CHANGE
;277
G92 E0

EXCLUDE_OBJECT_END NAME=Cube_id_0_copy_0
;AFTER_LAYER_CHANGE
;277
;_SET_FAN_SPEED_CHANGING_LAYER
; printing object Cube id:0 copy 0
;WIPE_START
G1 F600
G1 X250.49 Y262.593 E-30
;WIPE_END
EXCLUDE_OBJECT_START NAME=Cube_id_0_copy_0
G1 Z278 F15000
G1 X248.044 Y248.044 Z278
G1 Z277
G1 E40 F9000
;TYPE:Outer wall
;WIDTH:3.2
G1 F2779.615
G1 X751.956 Y248.044 E2175.45813
G1 X751.956 Y751.956 E2175.45813
M73 P57 R409
G1 F2760
G1 X248.044 Y751.956 E2175.4585
G1 X248.044 Y248.344 E2174.16299
;WIPE_START
G1 F600
G1 X258.044 Y248.338 E-30
;WIPE_END
G1 Z278 F15000
G1 X250.49 Y272.593 Z278
G1 Z277
G1 E40 F9000
;TYPE:Sparse infill
;WIDTH:3.2
G1 F2779.614
G1 X250.49 Y261.08 E49.70059
G1 F2760
G1 X261.08 Y250.49 E64.65527
G1 X250.49 Y250.49 E45.71822
G1 X749.51 Y749.51 E3046.69043
G1 X738.92 Y749.51 E45.71823
G1 X749.51 Y738.92 E64.65527
G1 X749.51 Y727.407 E49.70059
;WIPE_START
G1 F600
G1 X749.51 Y737.407 E-30
;WIPE_END
G1 Z278 F15000
G1 X564.597 Y749.51 Z278
G1 Z277
G1 E40 F9000
G1 F2779.614
G1 X576.11 Y749.51 E49.70059
G1 F2760
G1 X749.51 Y576.11 E1058.66699
G1 X749.51 Y586.7 E45.71813
M73 P57 R408
G1 X413.3 Y250.49 E2052.67871
G1 X423.89 Y250.49 E45.71875
G1 X250.49 Y423.89 E1058.66711
G1 X250.49 Y413.3 E45.71875
G1 X586.7 Y749.51 E2052.67889
G1 X598.212 Y749.51 E49.70059
;WIPE_START
G1 F600
G1 X588.212 Y749.51 E-30
;WIPE_END
G1 Z278 F15000
G1 X401.788 Y749.51 Z278
G1 Z277
G1 E40 F9000
G1 F2779.614
G1 F2760
G1 X413.3 Y749.51 E49.70117
G1 X749.51 Y413.3 E2052.6789
G1 X749.51 Y423.89 E45.71875
G1 X576.11 Y250.49 E1058.66712
G1 X586.7 Y250.49 E45.71875
M73 P58 R408
G1 X250.49 Y586.7 E2052.67888
G1 X250.49 Y576.11 E45.71875
G1 X423.89 Y749.51 E1058.66712
M73 P58 R407
G1 X435.402 Y749.51 E49.70059
;WIPE_START
G1 F600
G1 X425.402 Y749.51 E-30
;WIPE_END
G1 Z278 F15000
G1 X272.593 Y749.51 Z278
G1 Z277
G1 E40 F9000
G1 F2779.614
G1 X261.08 Y749.51 E49.70059
G1 F2760
G1 X250.49 Y738.92 E64.65625
G1 X250.49 Y749.51 E45.71875
G1 X749.51 Y250.49 E3046.69015
G1 X749.51 Y261.08 E45.71875
G1 X738.92 Y250.49 E64.65625
G1 X727.407 Y250.49 E49.70059
; stop printing object Cube id:0 copy 0
;LAYER_CHANGE
;Z:278.5
;HEIGHT:1.5
;BEFORE_LAYER_CHANGE
;278.5
G92 E0

EXCLUDE_OBJECT_END NAME=Cube_id_0_copy_0
;AFTER_LAYER_CHANGE
;278.5
;_SET_FAN_SPEED_CHANGING_LAYER
; printing object Cube id:0 copy 0
;WIPE_START
G1 F600
G1 X737.407 Y250.49 E-30
;WIPE_END
EXCLUDE_OBJECT_START NAME=Cube_id_0_copy_0
G1 Z279.5 F15000
G1 X751.956 Y248.044 Z279.5
G1 Z278.5
G1 E40 F9000
;TYPE:Outer wall
;WIDTH:3.2
G1 F2779.615
G1 X751.956 Y751.956 E2175.45813
G1 X248.044 Y751.956 E2175.45813
G1 F2760
G1 X248.044 Y248.044 E2175.4585
G1 X751.656 Y248.044 E2174.16299
M73 P58 R406
;WIPE_START
G1 F600
G1 X751.662 Y258.044 E-30
;WIPE_END
G1 Z279.5 F15000
G1 X727.407 Y250.49 Z279.5
G1 Z278.5
G1 E40 F9000
;TYPE:Sparse infill
;WIDTH:3.2
G1 F2779.614
G1 X738.92 Y250.49 E49.70059
G1 F2760
G1 X749.51 Y261.08 E64.65527
G1 X749.51 Y250.49 E45.71788
G1 X250.49 Y749.51 E3046.69043
G1 X250.49 Y738.92 E45.71786
G1 X261.08 Y749.51 E64.65527
G1 X272.593 Y749.51 E49.70059
;WIPE_START
G1 F600
G1 X262.593 Y749.51 E-30
;WIPE_END
G1 Z279.5 F15000
G1 X435.402 Y749.51 Z279.5
G1 Z278.5
G1 E40 F9000
G1 F2779.614
G1 F2760
G1 X423.89 Y749.51 E49.7002
G1 X250.49 Y576.11 E1058.66699
G1 X250.49 Y586.7 E45.71798
G1 X586.7 Y250.49 E2052.67871
G1 X576.11 Y250.49 E45.71875
G1 X749.51 Y423.89 E1058.66712
G1 X749.51 Y413.3 E45.71875
G1 X413.3 Y749.51 E2052.6789
G1 X401.788 Y749.51 E49.70059
M73 P58 R405
;WIPE_START
G1 F600
G1 X411.788 Y749.51 E-30
;WIPE_END
G1 Z279.5 F15000
G1 X598.212 Y749.51 Z279.5
G1 Z278.5
G1 E40 F9000
G1 F2779.614
G1 F2760
G1 X586.7 Y749.51 E49.70117
G1 X250.49 Y413.3 E2052.67889
G1 X250.49 Y423.89 E45.71875
G1 X423.89 Y250.49 E1058.66711
G1 X413.3 Y250.49 E45.71875
G1 X749.51 Y586.7 E2052.6789
G1 X749.51 Y576.11 E45.71875
G1 X576.11 Y749.51 E1058.66713
G1 X564.597 Y749.51 E49.70059
;WIPE_START
G1 F600
G1 X574.597 Y749.51 E-30
;WIPE_END
G1 Z279.5 F15000
G1 X749.51 Y727.407 Z279.5
G1 Z278.5
G1 E40 F9000
G1 F2779.614
G1 X749.51 Y738.92 E49.70059
G1 F2760
G1 X738.92 Y749.51 E64.65625
G1 X749.51 Y749.51 E45.71875
G1 X250.49 Y250.49 E3046.69065
G1 X261.08 Y250.49 E45.71875
M73 P58 R404
G1 X250.49 Y261.08 E64.65625
G1 X250.49 Y272.593 E49.70059
; stop printing object Cube id:0 copy 0
;LAYER_CHANGE
;Z:280
;HEIGHT:1.5
;BEFORE_LAYER_CHANGE
;280
G92 E0

EXCLUDE_OBJECT_END NAME=Cube_id_0_copy_0
;AFTER_LAYER_CHANGE
;280
;_SET_FAN_SPEED_CHANGING_LAYER
; printing object Cube id:0 copy 0
;WIPE_START
G1 F600
G1 X250.49 Y262.593 E-30
;WIPE_END
EXCLUDE_OBJECT_START NAME=Cube_id_0_copy_0
G1 Z281 F15000
G1 X248.044 Y248.044 Z281
G1 Z280
G1 E40 F9000
;TYPE:Outer wall
;WIDTH:3.2
G1 F2779.615
G1 X751.956 Y248.044 E2175.45813
G1 X751.956 Y751.956 E2175.45813
G1 F2760
G1 X248.044 Y751.956 E2175.4585
G1 X248.044 Y248.344 E2174.16299
;WIPE_START
G1 F600
G1 X258.044 Y248.338 E-30
;WIPE_END
G1 Z281 F15000
G1 X250.49 Y272.593 Z281
G1 Z280
G1 E40 F9000
;TYPE:Sparse infill
;WIDTH:3.2
G1 F2779.614
G1 X250.49 Y261.08 E49.70059
G1 F2760
G1 X261.08 Y250.49 E64.65527
G1 X250.49 Y250.49 E45.71822
G1 X749.51 Y749.51 E3046.69043
G1 X738.92 Y749.51 E45.71823
M73 P58 R403
G1 X749.51 Y738.92 E64.65527
G1 X749.51 Y727.407 E49.70059
;WIPE_START
G1 F600
G1 X749.51 Y737.407 E-30
;WIPE_END
G1 Z281 F15000
G1 X564.597 Y749.51 Z281
G1 Z280
G1 E40 F9000
G1 F2779.614
G1 X576.11 Y749.51 E49.70059
G1 F2760
G1 X749.51 Y576.11 E1058.66699
G1 X749.51 Y586.7 E45.71813
G1 X413.3 Y250.49 E2052.67871
G1 X423.89 Y250.49 E45.71875
G1 X250.49 Y423.89 E1058.66711
G1 X250.49 Y413.3 E45.71875
G1 X586.7 Y749.51 E2052.67889
G1 X598.212 Y749.51 E49.70059
;WIPE_START
G1 F600
G1 X588.212 Y749.51 E-30
;WIPE_END
G1 Z281 F15000
G1 X401.788 Y749.51 Z281
G1 Z280
G1 E40 F9000
G1 F2779.614
G1 F2760
G1 X413.3 Y749.51 E49.70117
G1 X749.51 Y413.3 E2052.6789
G1 X749.51 Y423.89 E45.71875
M73 P58 R402
G1 X576.11 Y250.49 E1058.66712
G1 X586.7 Y250.49 E45.71875
G1 X250.49 Y586.7 E2052.67888
G1 X250.49 Y576.11 E45.71875
G1 X423.89 Y749.51 E1058.66712
G1 X435.402 Y749.51 E49.70059
;WIPE_START
G1 F600
G1 X425.402 Y749.51 E-30
;WIPE_END
G1 Z281 F15000
G1 X272.593 Y749.51 Z281
G1 Z280
G1 E40 F9000
G1 F2779.614
G1 X261.08 Y749.51 E49.70059
G1 F2760
G1 X250.49 Y738.92 E64.65625
G1 X250.49 Y749.51 E45.71875
G1 X749.51 Y250.49 E3046.69015
G1 X749.51 Y261.08 E45.71875
G1 X738.92 Y250.49 E64.65625
G1 X727.407 Y250.49 E49.70059
; stop printing object Cube id:0 copy 0
;LAYER_CHANGE
;Z:281.5
;HEIGHT:1.5
;BEFORE_LAYER_CHANGE
;281.5
G92 E0

EXCLUDE_OBJECT_END NAME=Cube_id_0_copy_0
;AFTER_LAYER_CHANGE
;281.5
;_SET_FAN_SPEED_CHANGING_LAYER
; printing object Cube id:0 copy 0
;WIPE_START
G1 F600
G1 X737.407 Y250.49 E-30
;WIPE_END
EXCLUDE_OBJECT_START NAME=Cube_id_0_copy_0
G1 Z282.5 F15000
G1 X751.956 Y248.044 Z282.5
G1 Z281.5
G1 E40 F9000
;TYPE:Outer wall
;WIDTH:3.2
G1 F2779.615
G1 X751.956 Y751.956 E2175.45813
G1 X248.044 Y751.956 E2175.45813
G1 F2760
M73 P58 R401
G1 X248.044 Y248.044 E2175.4585
G1 X751.656 Y248.044 E2174.16299
;WIPE_START
G1 F600
G1 X751.662 Y258.044 E-30
;WIPE_END
G1 Z282.5 F15000
G1 X727.407 Y250.49 Z282.5
G1 Z281.5
G1 E40 F9000
;TYPE:Sparse infill
;WIDTH:3.2
G1 F2779.614
G1 X738.92 Y250.49 E49.70059
G1 F2760
G1 X749.51 Y261.08 E64.65527
G1 X749.51 Y250.49 E45.71788
G1 X250.49 Y749.51 E3046.69043
G1 X250.49 Y738.92 E45.71786
G1 X261.08 Y749.51 E64.65527
G1 X272.593 Y749.51 E49.70059
;WIPE_START
G1 F600
G1 X262.593 Y749.51 E-30
;WIPE_END
G1 Z282.5 F15000
G1 X435.402 Y749.51 Z282.5
G1 Z281.5
G1 E40 F9000
G1 F2779.614
G1 F2760
G1 X423.89 Y749.51 E49.7002
G1 X250.49 Y576.11 E1058.66699
G1 X250.49 Y586.7 E45.71798
M73 P58 R400
G1 X586.7 Y250.49 E2052.67871
G1 X576.11 Y250.49 E45.71875
G1 X749.51 Y423.89 E1058.66712
G1 X749.51 Y413.3 E45.71875
G1 X413.3 Y749.51 E2052.6789
G1 X401.788 Y749.51 E49.70059
;WIPE_START
G1 F600
G1 X411.788 Y749.51 E-30
;WIPE_END
G1 Z282.5 F15000
G1 X598.212 Y749.51 Z282.5
G1 Z281.5
G1 E40 F9000
G1 F2779.614
G1 F2760
G1 X586.7 Y749.51 E49.70117
G1 X250.49 Y413.3 E2052.67889
G1 X250.49 Y423.89 E45.71875
G1 X423.89 Y250.49 E1058.66711
G1 X413.3 Y250.49 E45.71875
G1 X749.51 Y586.7 E2052.6789
G1 X749.51 Y576.11 E45.71875
G1 X576.11 Y749.51 E1058.66713
G1 X564.597 Y749.51 E49.70059
M73 P58 R399
;WIPE_START
G1 F600
G1 X574.597 Y749.51 E-30
;WIPE_END
G1 Z282.5 F15000
G1 X749.51 Y727.407 Z282.5
G1 Z281.5
G1 E40 F9000
G1 F2779.614
G1 X749.51 Y738.92 E49.70059
G1 F2760
G1 X738.92 Y749.51 E64.65625
G1 X749.51 Y749.51 E45.71875
G1 X250.49 Y250.49 E3046.69065
G1 X261.08 Y250.49 E45.71875
G1 X250.49 Y261.08 E64.65625
G1 X250.49 Y272.593 E49.70059
; stop printing object Cube id:0 copy 0
;LAYER_CHANGE
;Z:283
;HEIGHT:1.5
;BEFORE_LAYER_CHANGE
;283
G92 E0

EXCLUDE_OBJECT_END NAME=Cube_id_0_copy_0
;AFTER_LAYER_CHANGE
;283
;_SET_FAN_SPEED_CHANGING_LAYER
; printing object Cube id:0 copy 0
;WIPE_START
G1 F600
G1 X250.49 Y262.593 E-30
;WIPE_END
EXCLUDE_OBJECT_START NAME=Cube_id_0_copy_0
G1 Z284 F15000
G1 X248.044 Y248.044 Z284
G1 Z283
G1 E40 F9000
;TYPE:Outer wall
;WIDTH:3.2
G1 F2779.615
G1 X751.956 Y248.044 E2175.45813
G1 X751.956 Y751.956 E2175.45813
G1 F2760
G1 X248.044 Y751.956 E2175.4585
G1 X248.044 Y248.344 E2174.16299
M73 P58 R398
;WIPE_START
G1 F600
G1 X258.044 Y248.338 E-30
;WIPE_END
G1 Z284 F15000
G1 X250.49 Y272.593 Z284
G1 Z283
G1 E40 F9000
;TYPE:Sparse infill
;WIDTH:3.2
G1 F2779.614
G1 X250.49 Y261.08 E49.70059
G1 F2760
G1 X261.08 Y250.49 E64.65527
G1 X250.49 Y250.49 E45.71822
G1 X749.51 Y749.51 E3046.69043
G1 X738.92 Y749.51 E45.71823
M73 P59 R398
G1 X749.51 Y738.92 E64.65527
G1 X749.51 Y727.407 E49.70059
;WIPE_START
G1 F600
G1 X749.51 Y737.407 E-30
;WIPE_END
G1 Z284 F15000
G1 X564.597 Y749.51 Z284
G1 Z283
G1 E40 F9000
G1 F2779.614
G1 X576.11 Y749.51 E49.70059
G1 F2760
G1 X749.51 Y576.11 E1058.66699
G1 X749.51 Y586.7 E45.71813
G1 X413.3 Y250.49 E2052.67871
G1 X423.89 Y250.49 E45.71875
G1 X250.49 Y423.89 E1058.66711
G1 X250.49 Y413.3 E45.71875
G1 X586.7 Y749.51 E2052.67889
G1 X598.212 Y749.51 E49.70059
M73 P59 R397
;WIPE_START
G1 F600
G1 X588.212 Y749.51 E-30
;WIPE_END
G1 Z284 F15000
G1 X401.788 Y749.51 Z284
G1 Z283
G1 E40 F9000
G1 F2779.614
G1 F2760
G1 X413.3 Y749.51 E49.70117
G1 X749.51 Y413.3 E2052.6789
G1 X749.51 Y423.89 E45.71875
G1 X576.11 Y250.49 E1058.66712
G1 X586.7 Y250.49 E45.71875
G1 X250.49 Y586.7 E2052.67888
G1 X250.49 Y576.11 E45.71875
G1 X423.89 Y749.51 E1058.66712
G1 X435.402 Y749.51 E49.70059
;WIPE_START
G1 F600
G1 X425.402 Y749.51 E-30
;WIPE_END
G1 Z284 F15000
G1 X272.593 Y749.51 Z284
G1 Z283
G1 E40 F9000
G1 F2779.614
G1 X261.08 Y749.51 E49.70059
G1 F2760
G1 X250.49 Y738.92 E64.65625
G1 X250.49 Y749.51 E45.71875
G1 X749.51 Y250.49 E3046.69015
G1 X749.51 Y261.08 E45.71875
M73 P59 R396
G1 X738.92 Y250.49 E64.65625
G1 X727.407 Y250.49 E49.70059
; stop printing object Cube id:0 copy 0
;LAYER_CHANGE
;Z:284.5
;HEIGHT:1.5
;BEFORE_LAYER_CHANGE
;284.5
G92 E0

EXCLUDE_OBJECT_END NAME=Cube_id_0_copy_0
;AFTER_LAYER_CHANGE
;284.5
;_SET_FAN_SPEED_CHANGING_LAYER
; printing object Cube id:0 copy 0
;WIPE_START
G1 F600
G1 X737.407 Y250.49 E-30
;WIPE_END
EXCLUDE_OBJECT_START NAME=Cube_id_0_copy_0
G1 Z285.5 F15000
G1 X751.956 Y248.044 Z285.5
G1 Z284.5
G1 E40 F9000
;TYPE:Outer wall
;WIDTH:3.2
G1 F2779.615
G1 X751.956 Y751.956 E2175.45813
G1 X248.044 Y751.956 E2175.45813
G1 F2760
G1 X248.044 Y248.044 E2175.4585
G1 X751.656 Y248.044 E2174.16299
;WIPE_START
G1 F600
G1 X751.662 Y258.044 E-30
;WIPE_END
G1 Z285.5 F15000
G1 X727.407 Y250.49 Z285.5
G1 Z284.5
G1 E40 F9000
;TYPE:Sparse infill
;WIDTH:3.2
G1 F2779.614
G1 X738.92 Y250.49 E49.70059
G1 F2760
G1 X749.51 Y261.08 E64.65527
G1 X749.51 Y250.49 E45.71788
G1 X250.49 Y749.51 E3046.69043
G1 X250.49 Y738.92 E45.71786
M73 P59 R395
G1 X261.08 Y749.51 E64.65527
G1 X272.593 Y749.51 E49.70059
;WIPE_START
G1 F600
G1 X262.593 Y749.51 E-30
;WIPE_END
G1 Z285.5 F15000
G1 X435.402 Y749.51 Z285.5
G1 Z284.5
G1 E40 F9000
G1 F2779.614
G1 F2760
G1 X423.89 Y749.51 E49.7002
G1 X250.49 Y576.11 E1058.66699
G1 X250.49 Y586.7 E45.71798
G1 X586.7 Y250.49 E2052.67871
G1 X576.11 Y250.49 E45.71875
G1 X749.51 Y423.89 E1058.66712
G1 X749.51 Y413.3 E45.71875
G1 X413.3 Y749.51 E2052.6789
G1 X401.788 Y749.51 E49.70059
;WIPE_START
G1 F600
G1 X411.788 Y749.51 E-30
;WIPE_END
G1 Z285.5 F15000
G1 X598.212 Y749.51 Z285.5
G1 Z284.5
G1 E40 F9000
G1 F2779.614
G1 F2760
G1 X586.7 Y749.51 E49.70117
G1 X250.49 Y413.3 E2052.67889
G1 X250.49 Y423.89 E45.71875
M73 P59 R394
G1 X423.89 Y250.49 E1058.66711
G1 X413.3 Y250.49 E45.71875
G1 X749.51 Y586.7 E2052.6789
G1 X749.51 Y576.11 E45.71875
G1 X576.11 Y749.51 E1058.66713
G1 X564.597 Y749.51 E49.70059
;WIPE_START
G1 F600
G1 X574.597 Y749.51 E-30
;WIPE_END
G1 Z285.5 F15000
G1 X749.51 Y727.407 Z285.5
G1 Z284.5
G1 E40 F9000
G1 F2779.614
G1 X749.51 Y738.92 E49.70059
G1 F2760
G1 X738.92 Y749.51 E64.65625
G1 X749.51 Y749.51 E45.71875
G1 X250.49 Y250.49 E3046.69065
G1 X261.08 Y250.49 E45.71875
G1 X250.49 Y261.08 E64.65625
G1 X250.49 Y272.593 E49.70059
; stop printing object Cube id:0 copy 0
;LAYER_CHANGE
;Z:286
;HEIGHT:1.5
;BEFORE_LAYER_CHANGE
;286
G92 E0

EXCLUDE_OBJECT_END NAME=Cube_id_0_copy_0
;AFTER_LAYER_CHANGE
;286
;_SET_FAN_SPEED_CHANGING_LAYER
; printing object Cube id:0 copy 0
;WIPE_START
G1 F600
G1 X250.49 Y262.593 E-30
;WIPE_END
EXCLUDE_OBJECT_START NAME=Cube_id_0_copy_0
G1 Z287 F15000
G1 X248.044 Y248.044 Z287
G1 Z286
G1 E40 F9000
;TYPE:Outer wall
;WIDTH:3.2
G1 F2779.615
G1 X751.956 Y248.044 E2175.45813
G1 X751.956 Y751.956 E2175.45813
G1 F2760
M73 P59 R393
G1 X248.044 Y751.956 E2175.4585
G1 X248.044 Y248.344 E2174.16299
;WIPE_START
G1 F600
G1 X258.044 Y248.338 E-30
;WIPE_END
G1 Z287 F15000
G1 X250.49 Y272.593 Z287
G1 Z286
G1 E40 F9000
;TYPE:Sparse infill
;WIDTH:3.2
G1 F2779.614
G1 X250.49 Y261.08 E49.70059
G1 F2760
G1 X261.08 Y250.49 E64.65527
G1 X250.49 Y250.49 E45.71822
G1 X749.51 Y749.51 E3046.69043
G1 X738.92 Y749.51 E45.71823
G1 X749.51 Y738.92 E64.65527
G1 X749.51 Y727.407 E49.70059
;WIPE_START
G1 F600
G1 X749.51 Y737.407 E-30
;WIPE_END
G1 Z287 F15000
G1 X564.597 Y749.51 Z287
G1 Z286
G1 E40 F9000
G1 F2779.614
G1 X576.11 Y749.51 E49.70059
G1 F2760
G1 X749.51 Y576.11 E1058.66699
G1 X749.51 Y586.7 E45.71813
M73 P59 R392
G1 X413.3 Y250.49 E2052.67871
G1 X423.89 Y250.49 E45.71875
G1 X250.49 Y423.89 E1058.66711
G1 X250.49 Y413.3 E45.71875
G1 X586.7 Y749.51 E2052.67889
G1 X598.212 Y749.51 E49.70059
;WIPE_START
G1 F600
G1 X588.212 Y749.51 E-30
;WIPE_END
G1 Z287 F15000
G1 X401.788 Y749.51 Z287
G1 Z286
G1 E40 F9000
G1 F2779.614
G1 F2760
G1 X413.3 Y749.51 E49.70117
G1 X749.51 Y413.3 E2052.6789
G1 X749.51 Y423.89 E45.71875
G1 X576.11 Y250.49 E1058.66712
G1 X586.7 Y250.49 E45.71875
G1 X250.49 Y586.7 E2052.67888
G1 X250.49 Y576.11 E45.71875
G1 X423.89 Y749.51 E1058.66712
G1 X435.402 Y749.51 E49.70059
M73 P59 R391
;WIPE_START
G1 F600
G1 X425.402 Y749.51 E-30
;WIPE_END
G1 Z287 F15000
G1 X272.593 Y749.51 Z287
G1 Z286
G1 E40 F9000
G1 F2779.614
G1 X261.08 Y749.51 E49.70059
G1 F2760
G1 X250.49 Y738.92 E64.65625
G1 X250.49 Y749.51 E45.71875
G1 X749.51 Y250.49 E3046.69015
G1 X749.51 Y261.08 E45.71875
G1 X738.92 Y250.49 E64.65625
G1 X727.407 Y250.49 E49.70059
; stop printing object Cube id:0 copy 0
;LAYER_CHANGE
;Z:287.5
;HEIGHT:1.5
;BEFORE_LAYER_CHANGE
;287.5
G92 E0

EXCLUDE_OBJECT_END NAME=Cube_id_0_copy_0
;AFTER_LAYER_CHANGE
;287.5
;_SET_FAN_SPEED_CHANGING_LAYER
; printing object Cube id:0 copy 0
;WIPE_START
G1 F600
G1 X737.407 Y250.49 E-30
;WIPE_END
EXCLUDE_OBJECT_START NAME=Cube_id_0_copy_0
G1 Z288.5 F15000
G1 X751.956 Y248.044 Z288.5
G1 Z287.5
G1 E40 F9000
;TYPE:Outer wall
;WIDTH:3.2
G1 F2779.615
G1 X751.956 Y751.956 E2175.45813
G1 X248.044 Y751.956 E2175.45813
G1 F2760
G1 X248.044 Y248.044 E2175.4585
G1 X751.656 Y248.044 E2174.16299
M73 P59 R390
;WIPE_START
G1 F600
G1 X751.662 Y258.044 E-30
;WIPE_END
G1 Z288.5 F15000
G1 X727.407 Y250.49 Z288.5
G1 Z287.5
G1 E40 F9000
;TYPE:Sparse infill
;WIDTH:3.2
G1 F2779.614
G1 X738.92 Y250.49 E49.70059
G1 F2760
G1 X749.51 Y261.08 E64.65527
G1 X749.51 Y250.49 E45.71788
G1 X250.49 Y749.51 E3046.69043
G1 X250.49 Y738.92 E45.71786
G1 X261.08 Y749.51 E64.65527
G1 X272.593 Y749.51 E49.70059
;WIPE_START
G1 F600
G1 X262.593 Y749.51 E-30
;WIPE_END
G1 Z288.5 F15000
G1 X435.402 Y749.51 Z288.5
G1 Z287.5
G1 E40 F9000
G1 F2779.614
G1 F2760
G1 X423.89 Y749.51 E49.7002
G1 X250.49 Y576.11 E1058.66699
G1 X250.49 Y586.7 E45.71798
G1 X586.7 Y250.49 E2052.67871
G1 X576.11 Y250.49 E45.71875
G1 X749.51 Y423.89 E1058.66712
G1 X749.51 Y413.3 E45.71875
G1 X413.3 Y749.51 E2052.6789
G1 X401.788 Y749.51 E49.70059
M73 P59 R389
;WIPE_START
G1 F600
G1 X411.788 Y749.51 E-30
;WIPE_END
G1 Z288.5 F15000
G1 X598.212 Y749.51 Z288.5
G1 Z287.5
G1 E40 F9000
G1 F2779.614
G1 F2760
G1 X586.7 Y749.51 E49.70117
G1 X250.49 Y413.3 E2052.67889
G1 X250.49 Y423.89 E45.71875
G1 X423.89 Y250.49 E1058.66711
G1 X413.3 Y250.49 E45.71875
G1 X749.51 Y586.7 E2052.6789
G1 X749.51 Y576.11 E45.71875
G1 X576.11 Y749.51 E1058.66713
G1 X564.597 Y749.51 E49.70059
;WIPE_START
G1 F600
G1 X574.597 Y749.51 E-30
;WIPE_END
G1 Z288.5 F15000
G1 X749.51 Y727.407 Z288.5
G1 Z287.5
G1 E40 F9000
G1 F2779.614
G1 X749.51 Y738.92 E49.70059
G1 F2760
G1 X738.92 Y749.51 E64.65625
G1 X749.51 Y749.51 E45.71875
G1 X250.49 Y250.49 E3046.69065
G1 X261.08 Y250.49 E45.71875
M73 P59 R388
G1 X250.49 Y261.08 E64.65625
G1 X250.49 Y272.593 E49.70059
; stop printing object Cube id:0 copy 0
;LAYER_CHANGE
;Z:289
;HEIGHT:1.5
;BEFORE_LAYER_CHANGE
;289
G92 E0

EXCLUDE_OBJECT_END NAME=Cube_id_0_copy_0
;AFTER_LAYER_CHANGE
;289
;_SET_FAN_SPEED_CHANGING_LAYER
; printing object Cube id:0 copy 0
;WIPE_START
G1 F600
G1 X250.49 Y262.593 E-30
;WIPE_END
EXCLUDE_OBJECT_START NAME=Cube_id_0_copy_0
G1 Z290 F15000
G1 X248.044 Y248.044 Z290
G1 Z289
G1 E40 F9000
;TYPE:Outer wall
;WIDTH:3.2
G1 F2779.615
G1 X751.956 Y248.044 E2175.45813
G1 X751.956 Y751.956 E2175.45813
M73 P60 R388
G1 F2760
G1 X248.044 Y751.956 E2175.4585
G1 X248.044 Y248.344 E2174.16299
;WIPE_START
G1 F600
G1 X258.044 Y248.338 E-30
;WIPE_END
G1 Z290 F15000
G1 X250.49 Y272.593 Z290
G1 Z289
G1 E40 F9000
;TYPE:Sparse infill
;WIDTH:3.2
G1 F2779.614
G1 X250.49 Y261.08 E49.70059
G1 F2760
G1 X261.08 Y250.49 E64.65527
G1 X250.49 Y250.49 E45.71822
G1 X749.51 Y749.51 E3046.69043
G1 X738.92 Y749.51 E45.71823
M73 P60 R387
G1 X749.51 Y738.92 E64.65527
G1 X749.51 Y727.407 E49.70059
;WIPE_START
G1 F600
G1 X749.51 Y737.407 E-30
;WIPE_END
G1 Z290 F15000
G1 X564.597 Y749.51 Z290
G1 Z289
G1 E40 F9000
G1 F2779.614
G1 X576.11 Y749.51 E49.70059
G1 F2760
G1 X749.51 Y576.11 E1058.66699
G1 X749.51 Y586.7 E45.71813
G1 X413.3 Y250.49 E2052.67871
G1 X423.89 Y250.49 E45.71875
G1 X250.49 Y423.89 E1058.66711
G1 X250.49 Y413.3 E45.71875
G1 X586.7 Y749.51 E2052.67889
G1 X598.212 Y749.51 E49.70059
;WIPE_START
G1 F600
G1 X588.212 Y749.51 E-30
;WIPE_END
G1 Z290 F15000
G1 X401.788 Y749.51 Z290
G1 Z289
G1 E40 F9000
G1 F2779.614
G1 F2760
G1 X413.3 Y749.51 E49.70117
G1 X749.51 Y413.3 E2052.6789
G1 X749.51 Y423.89 E45.71875
M73 P60 R386
G1 X576.11 Y250.49 E1058.66712
G1 X586.7 Y250.49 E45.71875
G1 X250.49 Y586.7 E2052.67888
G1 X250.49 Y576.11 E45.71875
G1 X423.89 Y749.51 E1058.66712
G1 X435.402 Y749.51 E49.70059
;WIPE_START
G1 F600
G1 X425.402 Y749.51 E-30
;WIPE_END
G1 Z290 F15000
G1 X272.593 Y749.51 Z290
G1 Z289
G1 E40 F9000
G1 F2779.614
G1 X261.08 Y749.51 E49.70059
G1 F2760
G1 X250.49 Y738.92 E64.65625
G1 X250.49 Y749.51 E45.71875
G1 X749.51 Y250.49 E3046.69015
G1 X749.51 Y261.08 E45.71875
G1 X738.92 Y250.49 E64.65625
G1 X727.407 Y250.49 E49.70059
; stop printing object Cube id:0 copy 0
;LAYER_CHANGE
;Z:290.5
;HEIGHT:1.5
;BEFORE_LAYER_CHANGE
;290.5
G92 E0

EXCLUDE_OBJECT_END NAME=Cube_id_0_copy_0
;AFTER_LAYER_CHANGE
;290.5
;_SET_FAN_SPEED_CHANGING_LAYER
; printing object Cube id:0 copy 0
;WIPE_START
G1 F600
G1 X737.407 Y250.49 E-30
;WIPE_END
EXCLUDE_OBJECT_START NAME=Cube_id_0_copy_0
G1 Z291.5 F15000
G1 X751.956 Y248.044 Z291.5
G1 Z290.5
G1 E40 F9000
;TYPE:Outer wall
;WIDTH:3.2
G1 F2779.615
G1 X751.956 Y751.956 E2175.45813
G1 X248.044 Y751.956 E2175.45813
G1 F2760
M73 P60 R385
G1 X248.044 Y248.044 E2175.4585
G1 X751.656 Y248.044 E2174.16299
;WIPE_START
G1 F600
G1 X751.662 Y258.044 E-30
;WIPE_END
G1 Z291.5 F15000
G1 X727.407 Y250.49 Z291.5
G1 Z290.5
G1 E40 F9000
;TYPE:Sparse infill
;WIDTH:3.2
G1 F2779.614
G1 X738.92 Y250.49 E49.70059
G1 F2760
G1 X749.51 Y261.08 E64.65527
G1 X749.51 Y250.49 E45.71788
G1 X250.49 Y749.51 E3046.69043
G1 X250.49 Y738.92 E45.71786
G1 X261.08 Y749.51 E64.65527
G1 X272.593 Y749.51 E49.70059
;WIPE_START
G1 F600
G1 X262.593 Y749.51 E-30
;WIPE_END
G1 Z291.5 F15000
G1 X435.402 Y749.51 Z291.5
G1 Z290.5
G1 E40 F9000
G1 F2779.614
G1 F2760
G1 X423.89 Y749.51 E49.7002
G1 X250.49 Y576.11 E1058.66699
G1 X250.49 Y586.7 E45.71798
M73 P60 R384
G1 X586.7 Y250.49 E2052.67871
G1 X576.11 Y250.49 E45.71875
G1 X749.51 Y423.89 E1058.66712
G1 X749.51 Y413.3 E45.71875
G1 X413.3 Y749.51 E2052.6789
G1 X401.788 Y749.51 E49.70059
;WIPE_START
G1 F600
G1 X411.788 Y749.51 E-30
;WIPE_END
G1 Z291.5 F15000
G1 X598.212 Y749.51 Z291.5
G1 Z290.5
G1 E40 F9000
G1 F2779.614
G1 F2760
G1 X586.7 Y749.51 E49.70117
G1 X250.49 Y413.3 E2052.67889
G1 X250.49 Y423.89 E45.71875
G1 X423.89 Y250.49 E1058.66711
G1 X413.3 Y250.49 E45.71875
G1 X749.51 Y586.7 E2052.6789
G1 X749.51 Y576.11 E45.71875
G1 X576.11 Y749.51 E1058.66713
G1 X564.597 Y749.51 E49.70059
M73 P60 R383
;WIPE_START
G1 F600
G1 X574.597 Y749.51 E-30
;WIPE_END
G1 Z291.5 F15000
G1 X749.51 Y727.407 Z291.5
G1 Z290.5
G1 E40 F9000
G1 F2779.614
G1 X749.51 Y738.92 E49.70059
G1 F2760
G1 X738.92 Y749.51 E64.65625
G1 X749.51 Y749.51 E45.71875
G1 X250.49 Y250.49 E3046.69065
G1 X261.08 Y250.49 E45.71875
G1 X250.49 Y261.08 E64.65625
G1 X250.49 Y272.593 E49.70059
; stop printing object Cube id:0 copy 0
;LAYER_CHANGE
;Z:292
;HEIGHT:1.5
;BEFORE_LAYER_CHANGE
;292
G92 E0

EXCLUDE_OBJECT_END NAME=Cube_id_0_copy_0
;AFTER_LAYER_CHANGE
;292
;_SET_FAN_SPEED_CHANGING_LAYER
; printing object Cube id:0 copy 0
;WIPE_START
G1 F600
G1 X250.49 Y262.593 E-30
;WIPE_END
EXCLUDE_OBJECT_START NAME=Cube_id_0_copy_0
G1 Z293 F15000
G1 X248.044 Y248.044 Z293
G1 Z292
G1 E40 F9000
;TYPE:Outer wall
;WIDTH:3.2
G1 F2779.615
G1 X751.956 Y248.044 E2175.45813
G1 X751.956 Y751.956 E2175.45813
G1 F2760
G1 X248.044 Y751.956 E2175.4585
G1 X248.044 Y248.344 E2174.16299
M73 P60 R382
;WIPE_START
G1 F600
G1 X258.044 Y248.338 E-30
;WIPE_END
G1 Z293 F15000
G1 X250.49 Y272.593 Z293
G1 Z292
G1 E40 F9000
;TYPE:Sparse infill
;WIDTH:3.2
G1 F2779.614
G1 X250.49 Y261.08 E49.70059
G1 F2760
G1 X261.08 Y250.49 E64.65527
G1 X250.49 Y250.49 E45.71822
G1 X749.51 Y749.51 E3046.69043
G1 X738.92 Y749.51 E45.71823
G1 X749.51 Y738.92 E64.65527
G1 X749.51 Y727.407 E49.70059
;WIPE_START
G1 F600
G1 X749.51 Y737.407 E-30
;WIPE_END
G1 Z293 F15000
G1 X564.597 Y749.51 Z293
G1 Z292
G1 E40 F9000
G1 F2779.614
G1 X576.11 Y749.51 E49.70059
G1 F2760
G1 X749.51 Y576.11 E1058.66699
G1 X749.51 Y586.7 E45.71813
G1 X413.3 Y250.49 E2052.67871
G1 X423.89 Y250.49 E45.71875
G1 X250.49 Y423.89 E1058.66711
G1 X250.49 Y413.3 E45.71875
G1 X586.7 Y749.51 E2052.67889
G1 X598.212 Y749.51 E49.70059
M73 P60 R381
;WIPE_START
G1 F600
G1 X588.212 Y749.51 E-30
;WIPE_END
G1 Z293 F15000
G1 X401.788 Y749.51 Z293
G1 Z292
G1 E40 F9000
G1 F2779.614
G1 F2760
G1 X413.3 Y749.51 E49.70117
G1 X749.51 Y413.3 E2052.6789
G1 X749.51 Y423.89 E45.71875
G1 X576.11 Y250.49 E1058.66712
G1 X586.7 Y250.49 E45.71875
G1 X250.49 Y586.7 E2052.67888
G1 X250.49 Y576.11 E45.71875
G1 X423.89 Y749.51 E1058.66712
G1 X435.402 Y749.51 E49.70059
;WIPE_START
G1 F600
G1 X425.402 Y749.51 E-30
;WIPE_END
G1 Z293 F15000
G1 X272.593 Y749.51 Z293
G1 Z292
G1 E40 F9000
G1 F2779.614
G1 X261.08 Y749.51 E49.70059
G1 F2760
G1 X250.49 Y738.92 E64.65625
G1 X250.49 Y749.51 E45.71875
G1 X749.51 Y250.49 E3046.69015
G1 X749.51 Y261.08 E45.71875
M73 P60 R380
G1 X738.92 Y250.49 E64.65625
G1 X727.407 Y250.49 E49.70059
; stop printing object Cube id:0 copy 0
;LAYER_CHANGE
;Z:293.5
;HEIGHT:1.5
;BEFORE_LAYER_CHANGE
;293.5
G92 E0

EXCLUDE_OBJECT_END NAME=Cube_id_0_copy_0
;AFTER_LAYER_CHANGE
;293.5
;_SET_FAN_SPEED_CHANGING_LAYER
; printing object Cube id:0 copy 0
;WIPE_START
G1 F600
G1 X737.407 Y250.49 E-30
;WIPE_END
EXCLUDE_OBJECT_START NAME=Cube_id_0_copy_0
G1 Z294.5 F15000
G1 X751.956 Y248.044 Z294.5
G1 Z293.5
G1 E40 F9000
;TYPE:Outer wall
;WIDTH:3.2
G1 F2779.615
G1 X751.956 Y751.956 E2175.45813
G1 X248.044 Y751.956 E2175.45813
G1 F2760
G1 X248.044 Y248.044 E2175.4585
G1 X751.656 Y248.044 E2174.16299
;WIPE_START
G1 F600
G1 X751.662 Y258.044 E-30
;WIPE_END
G1 Z294.5 F15000
G1 X727.407 Y250.49 Z294.5
G1 Z293.5
G1 E40 F9000
;TYPE:Sparse infill
;WIDTH:3.2
G1 F2779.614
G1 X738.92 Y250.49 E49.70059
G1 F2760
G1 X749.51 Y261.08 E64.65527
G1 X749.51 Y250.49 E45.71788
G1 X250.49 Y749.51 E3046.69043
G1 X250.49 Y738.92 E45.71786
M73 P60 R379
G1 X261.08 Y749.51 E64.65527
G1 X272.593 Y749.51 E49.70059
;WIPE_START
G1 F600
G1 X262.593 Y749.51 E-30
;WIPE_END
G1 Z294.5 F15000
G1 X435.402 Y749.51 Z294.5
G1 Z293.5
G1 E40 F9000
G1 F2779.614
G1 F2760
G1 X423.89 Y749.51 E49.7002
G1 X250.49 Y576.11 E1058.66699
G1 X250.49 Y586.7 E45.71798
G1 X586.7 Y250.49 E2052.67871
G1 X576.11 Y250.49 E45.71875
G1 X749.51 Y423.89 E1058.66712
G1 X749.51 Y413.3 E45.71875
G1 X413.3 Y749.51 E2052.6789
G1 X401.788 Y749.51 E49.70059
;WIPE_START
G1 F600
G1 X411.788 Y749.51 E-30
;WIPE_END
G1 Z294.5 F15000
G1 X598.212 Y749.51 Z294.5
G1 Z293.5
G1 E40 F9000
G1 F2779.614
G1 F2760
G1 X586.7 Y749.51 E49.70117
G1 X250.49 Y413.3 E2052.67889
G1 X250.49 Y423.89 E45.71875
M73 P61 R378
G1 X423.89 Y250.49 E1058.66711
G1 X413.3 Y250.49 E45.71875
G1 X749.51 Y586.7 E2052.6789
G1 X749.51 Y576.11 E45.71875
G1 X576.11 Y749.51 E1058.66713
G1 X564.597 Y749.51 E49.70059
;WIPE_START
G1 F600
G1 X574.597 Y749.51 E-30
;WIPE_END
G1 Z294.5 F15000
G1 X749.51 Y727.407 Z294.5
G1 Z293.5
G1 E40 F9000
G1 F2779.614
G1 X749.51 Y738.92 E49.70059
G1 F2760
G1 X738.92 Y749.51 E64.65625
G1 X749.51 Y749.51 E45.71875
G1 X250.49 Y250.49 E3046.69065
G1 X261.08 Y250.49 E45.71875
G1 X250.49 Y261.08 E64.65625
G1 X250.49 Y272.593 E49.70059
; stop printing object Cube id:0 copy 0
;LAYER_CHANGE
;Z:295
;HEIGHT:1.5
;BEFORE_LAYER_CHANGE
;295
G92 E0

EXCLUDE_OBJECT_END NAME=Cube_id_0_copy_0
;AFTER_LAYER_CHANGE
;295
;_SET_FAN_SPEED_CHANGING_LAYER
; printing object Cube id:0 copy 0
;WIPE_START
G1 F600
G1 X250.49 Y262.593 E-30
;WIPE_END
EXCLUDE_OBJECT_START NAME=Cube_id_0_copy_0
G1 Z296 F15000
G1 X248.044 Y248.044 Z296
G1 Z295
G1 E40 F9000
;TYPE:Outer wall
;WIDTH:3.2
G1 F2779.615
G1 X751.956 Y248.044 E2175.45813
G1 X751.956 Y751.956 E2175.45813
G1 F2760
M73 P61 R377
G1 X248.044 Y751.956 E2175.4585
G1 X248.044 Y248.344 E2174.16299
;WIPE_START
G1 F600
G1 X258.044 Y248.338 E-30
;WIPE_END
G1 Z296 F15000
G1 X250.49 Y272.593 Z296
G1 Z295
G1 E40 F9000
;TYPE:Sparse infill
;WIDTH:3.2
G1 F2779.614
G1 X250.49 Y261.08 E49.70059
G1 F2760
G1 X261.08 Y250.49 E64.65527
G1 X250.49 Y250.49 E45.71822
G1 X749.51 Y749.51 E3046.69043
G1 X738.92 Y749.51 E45.71823
G1 X749.51 Y738.92 E64.65527
G1 X749.51 Y727.407 E49.70059
;WIPE_START
G1 F600
G1 X749.51 Y737.407 E-30
;WIPE_END
G1 Z296 F15000
G1 X564.597 Y749.51 Z296
G1 Z295
G1 E40 F9000
G1 F2779.614
G1 X576.11 Y749.51 E49.70059
G1 F2760
G1 X749.51 Y576.11 E1058.66699
G1 X749.51 Y586.7 E45.71813
G1 X413.3 Y250.49 E2052.67871
G1 X423.89 Y250.49 E45.71875
M73 P61 R376
G1 X250.49 Y423.89 E1058.66711
G1 X250.49 Y413.3 E45.71875
G1 X586.7 Y749.51 E2052.67889
G1 X598.212 Y749.51 E49.70059
;WIPE_START
G1 F600
G1 X588.212 Y749.51 E-30
;WIPE_END
G1 Z296 F15000
G1 X401.788 Y749.51 Z296
G1 Z295
G1 E40 F9000
G1 F2779.614
G1 F2760
G1 X413.3 Y749.51 E49.70117
G1 X749.51 Y413.3 E2052.6789
G1 X749.51 Y423.89 E45.71875
G1 X576.11 Y250.49 E1058.66712
G1 X586.7 Y250.49 E45.71875
G1 X250.49 Y586.7 E2052.67888
G1 X250.49 Y576.11 E45.71875
G1 X423.89 Y749.51 E1058.66712
G1 X435.402 Y749.51 E49.70059
M73 P61 R375
;WIPE_START
G1 F600
G1 X425.402 Y749.51 E-30
;WIPE_END
G1 Z296 F15000
G1 X272.593 Y749.51 Z296
G1 Z295
G1 E40 F9000
G1 F2779.614
G1 X261.08 Y749.51 E49.70059
G1 F2760
G1 X250.49 Y738.92 E64.65625
G1 X250.49 Y749.51 E45.71875
G1 X749.51 Y250.49 E3046.69015
G1 X749.51 Y261.08 E45.71875
G1 X738.92 Y250.49 E64.65625
G1 X727.407 Y250.49 E49.70059
; stop printing object Cube id:0 copy 0
;LAYER_CHANGE
;Z:296.5
;HEIGHT:1.5
;BEFORE_LAYER_CHANGE
;296.5
G92 E0

EXCLUDE_OBJECT_END NAME=Cube_id_0_copy_0
;AFTER_LAYER_CHANGE
;296.5
;_SET_FAN_SPEED_CHANGING_LAYER
; printing object Cube id:0 copy 0
;WIPE_START
G1 F600
G1 X737.407 Y250.49 E-30
;WIPE_END
EXCLUDE_OBJECT_START NAME=Cube_id_0_copy_0
G1 Z297.5 F15000
G1 X751.956 Y248.044 Z297.5
G1 Z296.5
G1 E40 F9000
;TYPE:Outer wall
;WIDTH:3.2
G1 F2779.615
G1 X751.956 Y751.956 E2175.45813
G1 X248.044 Y751.956 E2175.45813
G1 F2760
G1 X248.044 Y248.044 E2175.4585
G1 X751.656 Y248.044 E2174.16299
;WIPE_START
G1 F600
M73 P61 R374
G1 X751.662 Y258.044 E-30
;WIPE_END
G1 Z297.5 F15000
G1 X727.407 Y250.49 Z297.5
G1 Z296.5
G1 E40 F9000
;TYPE:Sparse infill
;WIDTH:3.2
G1 F2779.614
G1 X738.92 Y250.49 E49.70059
G1 F2760
G1 X749.51 Y261.08 E64.65527
G1 X749.51 Y250.49 E45.71788
G1 X250.49 Y749.51 E3046.69043
G1 X250.49 Y738.92 E45.71786
G1 X261.08 Y749.51 E64.65527
G1 X272.593 Y749.51 E49.70059
;WIPE_START
G1 F600
G1 X262.593 Y749.51 E-30
;WIPE_END
G1 Z297.5 F15000
G1 X435.402 Y749.51 Z297.5
G1 Z296.5
G1 E40 F9000
G1 F2779.614
G1 F2760
G1 X423.89 Y749.51 E49.7002
G1 X250.49 Y576.11 E1058.66699
G1 X250.49 Y586.7 E45.71798
G1 X586.7 Y250.49 E2052.67871
G1 X576.11 Y250.49 E45.71875
G1 X749.51 Y423.89 E1058.66712
G1 X749.51 Y413.3 E45.71875
G1 X413.3 Y749.51 E2052.6789
G1 X401.788 Y749.51 E49.70059
M73 P61 R373
;WIPE_START
G1 F600
G1 X411.788 Y749.51 E-30
;WIPE_END
G1 Z297.5 F15000
G1 X598.212 Y749.51 Z297.5
G1 Z296.5
G1 E40 F9000
G1 F2779.614
G1 F2760
G1 X586.7 Y749.51 E49.70117
G1 X250.49 Y413.3 E2052.67889
G1 X250.49 Y423.89 E45.71875
G1 X423.89 Y250.49 E1058.66711
G1 X413.3 Y250.49 E45.71875
G1 X749.51 Y586.7 E2052.6789
G1 X749.51 Y576.11 E45.71875
G1 X576.11 Y749.51 E1058.66713
G1 X564.597 Y749.51 E49.70059
;WIPE_START
G1 F600
G1 X574.597 Y749.51 E-30
;WIPE_END
G1 Z297.5 F15000
G1 X749.51 Y727.407 Z297.5
G1 Z296.5
G1 E40 F9000
G1 F2779.614
G1 X749.51 Y738.92 E49.70059
G1 F2760
G1 X738.92 Y749.51 E64.65625
G1 X749.51 Y749.51 E45.71875
G1 X250.49 Y250.49 E3046.69065
G1 X261.08 Y250.49 E45.71875
M73 P61 R372
G1 X250.49 Y261.08 E64.65625
G1 X250.49 Y272.593 E49.70059
; stop printing object Cube id:0 copy 0
;LAYER_CHANGE
;Z:298
;HEIGHT:1.5
;BEFORE_LAYER_CHANGE
;298
G92 E0

EXCLUDE_OBJECT_END NAME=Cube_id_0_copy_0
;AFTER_LAYER_CHANGE
;298
;_SET_FAN_SPEED_CHANGING_LAYER
; printing object Cube id:0 copy 0
;WIPE_START
G1 F600
G1 X250.49 Y262.593 E-30
;WIPE_END
EXCLUDE_OBJECT_START NAME=Cube_id_0_copy_0
G1 Z299 F15000
G1 X248.044 Y248.044 Z299
G1 Z298
G1 E40 F9000
;TYPE:Outer wall
;WIDTH:3.2
G1 F2779.615
G1 X751.956 Y248.044 E2175.45813
G1 X751.956 Y751.956 E2175.45813
G1 F2760
G1 X248.044 Y751.956 E2175.4585
G1 X248.044 Y248.344 E2174.16299
;WIPE_START
G1 F600
G1 X258.044 Y248.338 E-30
;WIPE_END
G1 Z299 F15000
G1 X250.49 Y272.593 Z299
G1 Z298
G1 E40 F9000
;TYPE:Sparse infill
;WIDTH:3.2
G1 F2779.614
G1 X250.49 Y261.08 E49.70059
G1 F2760
G1 X261.08 Y250.49 E64.65527
G1 X250.49 Y250.49 E45.71822
G1 X749.51 Y749.51 E3046.69043
G1 X738.92 Y749.51 E45.71823
M73 P61 R371
G1 X749.51 Y738.92 E64.65527
G1 X749.51 Y727.407 E49.70059
;WIPE_START
G1 F600
G1 X749.51 Y737.407 E-30
;WIPE_END
G1 Z299 F15000
G1 X564.597 Y749.51 Z299
G1 Z298
G1 E40 F9000
G1 F2779.614
G1 X576.11 Y749.51 E49.70059
G1 F2760
G1 X749.51 Y576.11 E1058.66699
G1 X749.51 Y586.7 E45.71813
G1 X413.3 Y250.49 E2052.67871
G1 X423.89 Y250.49 E45.71875
G1 X250.49 Y423.89 E1058.66711
G1 X250.49 Y413.3 E45.71875
G1 X586.7 Y749.51 E2052.67889
G1 X598.212 Y749.51 E49.70059
;WIPE_START
G1 F600
G1 X588.212 Y749.51 E-30
;WIPE_END
G1 Z299 F15000
G1 X401.788 Y749.51 Z299
G1 Z298
G1 E40 F9000
G1 F2779.614
G1 F2760
G1 X413.3 Y749.51 E49.70117
G1 X749.51 Y413.3 E2052.6789
G1 X749.51 Y423.89 E45.71875
M73 P61 R370
G1 X576.11 Y250.49 E1058.66712
G1 X586.7 Y250.49 E45.71875
G1 X250.49 Y586.7 E2052.67888
G1 X250.49 Y576.11 E45.71875
G1 X423.89 Y749.51 E1058.66712
G1 X435.402 Y749.51 E49.70059
;WIPE_START
G1 F600
G1 X425.402 Y749.51 E-30
;WIPE_END
G1 Z299 F15000
G1 X272.593 Y749.51 Z299
G1 Z298
G1 E40 F9000
G1 F2779.614
G1 X261.08 Y749.51 E49.70059
G1 F2760
G1 X250.49 Y738.92 E64.65625
G1 X250.49 Y749.51 E45.71875
G1 X749.51 Y250.49 E3046.69015
G1 X749.51 Y261.08 E45.71875
G1 X738.92 Y250.49 E64.65625
G1 X727.407 Y250.49 E49.70059
; stop printing object Cube id:0 copy 0
;LAYER_CHANGE
;Z:299.5
;HEIGHT:1.5
;BEFORE_LAYER_CHANGE
;299.5
G92 E0

EXCLUDE_OBJECT_END NAME=Cube_id_0_copy_0
;AFTER_LAYER_CHANGE
;299.5
;_SET_FAN_SPEED_CHANGING_LAYER
; printing object Cube id:0 copy 0
;WIPE_START
G1 F600
G1 X737.407 Y250.49 E-30
;WIPE_END
EXCLUDE_OBJECT_START NAME=Cube_id_0_copy_0
G1 Z300.5 F15000
G1 X751.956 Y248.044 Z300.5
G1 Z299.5
G1 E40 F9000
;TYPE:Outer wall
;WIDTH:3.2
G1 F2779.615
G1 X751.956 Y751.956 E2175.45813
G1 X248.044 Y751.956 E2175.45813
G1 F2760
M73 P61 R369
G1 X248.044 Y248.044 E2175.4585
G1 X751.656 Y248.044 E2174.16299
;WIPE_START
G1 F600
G1 X751.662 Y258.044 E-30
;WIPE_END
G1 Z300.5 F15000
G1 X727.407 Y250.49 Z300.5
G1 Z299.5
G1 E40 F9000
;TYPE:Sparse infill
;WIDTH:3.2
G1 F2779.614
G1 X738.92 Y250.49 E49.70059
G1 F2760
G1 X749.51 Y261.08 E64.65527
G1 X749.51 Y250.49 E45.71788
G1 X250.49 Y749.51 E3046.69043
G1 X250.49 Y738.92 E45.71786
M73 P62 R369
G1 X261.08 Y749.51 E64.65527
G1 X272.593 Y749.51 E49.70059
;WIPE_START
G1 F600
G1 X262.593 Y749.51 E-30
;WIPE_END
G1 Z300.5 F15000
G1 X435.402 Y749.51 Z300.5
G1 Z299.5
G1 E40 F9000
G1 F2779.614
G1 F2760
G1 X423.89 Y749.51 E49.7002
G1 X250.49 Y576.11 E1058.66699
G1 X250.49 Y586.7 E45.71798
G1 X586.7 Y250.49 E2052.67871
G1 X576.11 Y250.49 E45.71875
M73 P62 R368
G1 X749.51 Y423.89 E1058.66712
G1 X749.51 Y413.3 E45.71875
G1 X413.3 Y749.51 E2052.6789
G1 X401.788 Y749.51 E49.70059
;WIPE_START
G1 F600
G1 X411.788 Y749.51 E-30
;WIPE_END
G1 Z300.5 F15000
G1 X598.212 Y749.51 Z300.5
G1 Z299.5
G1 E40 F9000
G1 F2779.614
G1 F2760
G1 X586.7 Y749.51 E49.70117
G1 X250.49 Y413.3 E2052.67889
G1 X250.49 Y423.89 E45.71875
G1 X423.89 Y250.49 E1058.66711
G1 X413.3 Y250.49 E45.71875
G1 X749.51 Y586.7 E2052.6789
G1 X749.51 Y576.11 E45.71875
G1 X576.11 Y749.51 E1058.66713
G1 X564.597 Y749.51 E49.70059
M73 P62 R367
;WIPE_START
G1 F600
G1 X574.597 Y749.51 E-30
;WIPE_END
G1 Z300.5 F15000
G1 X749.51 Y727.407 Z300.5
G1 Z299.5
G1 E40 F9000
G1 F2779.614
G1 X749.51 Y738.92 E49.70059
G1 F2760
G1 X738.92 Y749.51 E64.65625
G1 X749.51 Y749.51 E45.71875
G1 X250.49 Y250.49 E3046.69065
G1 X261.08 Y250.49 E45.71875
G1 X250.49 Y261.08 E64.65625
G1 X250.49 Y272.593 E49.70059
; stop printing object Cube id:0 copy 0
;LAYER_CHANGE
;Z:301
;HEIGHT:1.5
;BEFORE_LAYER_CHANGE
;301
G92 E0

EXCLUDE_OBJECT_END NAME=Cube_id_0_copy_0
;AFTER_LAYER_CHANGE
;301
;_SET_FAN_SPEED_CHANGING_LAYER
; printing object Cube id:0 copy 0
;WIPE_START
G1 F600
G1 X250.49 Y262.593 E-30
;WIPE_END
EXCLUDE_OBJECT_START NAME=Cube_id_0_copy_0
G1 Z302 F15000
G1 X248.044 Y248.044 Z302
G1 Z301
G1 E40 F9000
;TYPE:Outer wall
;WIDTH:3.2
G1 F2779.615
G1 X751.956 Y248.044 E2175.45813
G1 X751.956 Y751.956 E2175.45813
G1 F2760
G1 X248.044 Y751.956 E2175.4585
G1 X248.044 Y248.344 E2174.16299
;WIPE_START
G1 F600
M73 P62 R366
G1 X258.044 Y248.338 E-30
;WIPE_END
G1 Z302 F15000
G1 X250.49 Y272.593 Z302
G1 Z301
G1 E40 F9000
;TYPE:Sparse infill
;WIDTH:3.2
G1 F2779.614
G1 X250.49 Y261.08 E49.70059
G1 F2760
G1 X261.08 Y250.49 E64.65527
G1 X250.49 Y250.49 E45.71822
G1 X749.51 Y749.51 E3046.69043
G1 X738.92 Y749.51 E45.71823
G1 X749.51 Y738.92 E64.65527
G1 X749.51 Y727.407 E49.70059
;WIPE_START
G1 F600
G1 X749.51 Y737.407 E-30
;WIPE_END
G1 Z302 F15000
G1 X564.597 Y749.51 Z302
G1 Z301
G1 E40 F9000
G1 F2779.614
G1 X576.11 Y749.51 E49.70059
G1 F2760
G1 X749.51 Y576.11 E1058.66699
G1 X749.51 Y586.7 E45.71813
G1 X413.3 Y250.49 E2052.67871
G1 X423.89 Y250.49 E45.71875
G1 X250.49 Y423.89 E1058.66711
G1 X250.49 Y413.3 E45.71875
G1 X586.7 Y749.51 E2052.67889
G1 X598.212 Y749.51 E49.70059
M73 P62 R365
;WIPE_START
G1 F600
G1 X588.212 Y749.51 E-30
;WIPE_END
G1 Z302 F15000
G1 X401.788 Y749.51 Z302
G1 Z301
G1 E40 F9000
G1 F2779.614
G1 F2760
G1 X413.3 Y749.51 E49.70117
G1 X749.51 Y413.3 E2052.6789
G1 X749.51 Y423.89 E45.71875
G1 X576.11 Y250.49 E1058.66712
G1 X586.7 Y250.49 E45.71875
G1 X250.49 Y586.7 E2052.67888
G1 X250.49 Y576.11 E45.71875
G1 X423.89 Y749.51 E1058.66712
G1 X435.402 Y749.51 E49.70059
;WIPE_START
G1 F600
G1 X425.402 Y749.51 E-30
;WIPE_END
G1 Z302 F15000
G1 X272.593 Y749.51 Z302
G1 Z301
G1 E40 F9000
G1 F2779.614
G1 X261.08 Y749.51 E49.70059
G1 F2760
G1 X250.49 Y738.92 E64.65625
G1 X250.49 Y749.51 E45.71875
G1 X749.51 Y250.49 E3046.69015
G1 X749.51 Y261.08 E45.71875
M73 P62 R364
G1 X738.92 Y250.49 E64.65625
G1 X727.407 Y250.49 E49.70059
; stop printing object Cube id:0 copy 0
;LAYER_CHANGE
;Z:302.5
;HEIGHT:1.5
;BEFORE_LAYER_CHANGE
;302.5
G92 E0

EXCLUDE_OBJECT_END NAME=Cube_id_0_copy_0
;AFTER_LAYER_CHANGE
;302.5
;_SET_FAN_SPEED_CHANGING_LAYER
; printing object Cube id:0 copy 0
;WIPE_START
G1 F600
G1 X737.407 Y250.49 E-30
;WIPE_END
EXCLUDE_OBJECT_START NAME=Cube_id_0_copy_0
G1 Z303.5 F15000
G1 X751.956 Y248.044 Z303.5
G1 Z302.5
G1 E40 F9000
;TYPE:Outer wall
;WIDTH:3.2
G1 F2779.615
G1 X751.956 Y751.956 E2175.45813
G1 X248.044 Y751.956 E2175.45813
G1 F2760
G1 X248.044 Y248.044 E2175.4585
G1 X751.656 Y248.044 E2174.16299
;WIPE_START
G1 F600
G1 X751.662 Y258.044 E-30
;WIPE_END
G1 Z303.5 F15000
G1 X727.407 Y250.49 Z303.5
G1 Z302.5
G1 E40 F9000
;TYPE:Sparse infill
;WIDTH:3.2
G1 F2779.614
G1 X738.92 Y250.49 E49.70059
G1 F2760
G1 X749.51 Y261.08 E64.65527
G1 X749.51 Y250.49 E45.71788
G1 X250.49 Y749.51 E3046.69043
G1 X250.49 Y738.92 E45.71786
M73 P62 R363
G1 X261.08 Y749.51 E64.65527
G1 X272.593 Y749.51 E49.70059
;WIPE_START
G1 F600
G1 X262.593 Y749.51 E-30
;WIPE_END
G1 Z303.5 F15000
G1 X435.402 Y749.51 Z303.5
G1 Z302.5
G1 E40 F9000
G1 F2779.614
G1 F2760
G1 X423.89 Y749.51 E49.7002
G1 X250.49 Y576.11 E1058.66699
G1 X250.49 Y586.7 E45.71798
G1 X586.7 Y250.49 E2052.67871
G1 X576.11 Y250.49 E45.71875
G1 X749.51 Y423.89 E1058.66712
G1 X749.51 Y413.3 E45.71875
G1 X413.3 Y749.51 E2052.6789
G1 X401.788 Y749.51 E49.70059
;WIPE_START
G1 F600
G1 X411.788 Y749.51 E-30
;WIPE_END
G1 Z303.5 F15000
G1 X598.212 Y749.51 Z303.5
G1 Z302.5
G1 E40 F9000
G1 F2779.614
G1 F2760
G1 X586.7 Y749.51 E49.70117
G1 X250.49 Y413.3 E2052.67889
G1 X250.49 Y423.89 E45.71875
M73 P62 R362
G1 X423.89 Y250.49 E1058.66711
G1 X413.3 Y250.49 E45.71875
G1 X749.51 Y586.7 E2052.6789
G1 X749.51 Y576.11 E45.71875
G1 X576.11 Y749.51 E1058.66713
G1 X564.597 Y749.51 E49.70059
;WIPE_START
G1 F600
G1 X574.597 Y749.51 E-30
;WIPE_END
G1 Z303.5 F15000
G1 X749.51 Y727.407 Z303.5
G1 Z302.5
G1 E40 F9000
G1 F2779.614
G1 X749.51 Y738.92 E49.70059
G1 F2760
G1 X738.92 Y749.51 E64.65625
G1 X749.51 Y749.51 E45.71875
G1 X250.49 Y250.49 E3046.69065
G1 X261.08 Y250.49 E45.71875
G1 X250.49 Y261.08 E64.65625
G1 X250.49 Y272.593 E49.70059
; stop printing object Cube id:0 copy 0
;LAYER_CHANGE
;Z:304
;HEIGHT:1.5
;BEFORE_LAYER_CHANGE
;304
G92 E0

EXCLUDE_OBJECT_END NAME=Cube_id_0_copy_0
;AFTER_LAYER_CHANGE
;304
;_SET_FAN_SPEED_CHANGING_LAYER
; printing object Cube id:0 copy 0
;WIPE_START
G1 F600
G1 X250.49 Y262.593 E-30
;WIPE_END
EXCLUDE_OBJECT_START NAME=Cube_id_0_copy_0
G1 Z305 F15000
G1 X248.044 Y248.044 Z305
G1 Z304
G1 E40 F9000
;TYPE:Outer wall
;WIDTH:3.2
G1 F2779.615
G1 X751.956 Y248.044 E2175.45813
G1 X751.956 Y751.956 E2175.45813
G1 F2760
M73 P62 R361
G1 X248.044 Y751.956 E2175.4585
G1 X248.044 Y248.344 E2174.16299
;WIPE_START
G1 F600
G1 X258.044 Y248.338 E-30
;WIPE_END
G1 Z305 F15000
G1 X250.49 Y272.593 Z305
G1 Z304
G1 E40 F9000
;TYPE:Sparse infill
;WIDTH:3.2
G1 F2779.614
G1 X250.49 Y261.08 E49.70059
G1 F2760
G1 X261.08 Y250.49 E64.65527
G1 X250.49 Y250.49 E45.71822
G1 X749.51 Y749.51 E3046.69043
G1 X738.92 Y749.51 E45.71823
G1 X749.51 Y738.92 E64.65527
G1 X749.51 Y727.407 E49.70059
;WIPE_START
G1 F600
G1 X749.51 Y737.407 E-30
;WIPE_END
G1 Z305 F15000
G1 X564.597 Y749.51 Z305
G1 Z304
G1 E40 F9000
G1 F2779.614
G1 X576.11 Y749.51 E49.70059
G1 F2760
G1 X749.51 Y576.11 E1058.66699
G1 X749.51 Y586.7 E45.71813
G1 X413.3 Y250.49 E2052.67871
G1 X423.89 Y250.49 E45.71875
M73 P62 R360
G1 X250.49 Y423.89 E1058.66711
G1 X250.49 Y413.3 E45.71875
G1 X586.7 Y749.51 E2052.67889
G1 X598.212 Y749.51 E49.70059
;WIPE_START
G1 F600
G1 X588.212 Y749.51 E-30
;WIPE_END
G1 Z305 F15000
G1 X401.788 Y749.51 Z305
G1 Z304
G1 E40 F9000
G1 F2779.614
G1 F2760
G1 X413.3 Y749.51 E49.70117
G1 X749.51 Y413.3 E2052.6789
G1 X749.51 Y423.89 E45.71875
G1 X576.11 Y250.49 E1058.66712
G1 X586.7 Y250.49 E45.71875
G1 X250.49 Y586.7 E2052.67888
G1 X250.49 Y576.11 E45.71875
G1 X423.89 Y749.51 E1058.66712
G1 X435.402 Y749.51 E49.70059
M73 P62 R359
;WIPE_START
G1 F600
G1 X425.402 Y749.51 E-30
;WIPE_END
G1 Z305 F15000
G1 X272.593 Y749.51 Z305
G1 Z304
G1 E40 F9000
G1 F2779.614
G1 X261.08 Y749.51 E49.70059
G1 F2760
G1 X250.49 Y738.92 E64.65625
G1 X250.49 Y749.51 E45.71875
G1 X749.51 Y250.49 E3046.69015
G1 X749.51 Y261.08 E45.71875
M73 P63 R359
G1 X738.92 Y250.49 E64.65625
G1 X727.407 Y250.49 E49.70059
; stop printing object Cube id:0 copy 0
;LAYER_CHANGE
;Z:305.5
;HEIGHT:1.5
;BEFORE_LAYER_CHANGE
;305.5
G92 E0

EXCLUDE_OBJECT_END NAME=Cube_id_0_copy_0
;AFTER_LAYER_CHANGE
;305.5
;_SET_FAN_SPEED_CHANGING_LAYER
; printing object Cube id:0 copy 0
;WIPE_START
G1 F600
G1 X737.407 Y250.49 E-30
;WIPE_END
EXCLUDE_OBJECT_START NAME=Cube_id_0_copy_0
G1 Z306.5 F15000
G1 X751.956 Y248.044 Z306.5
G1 Z305.5
G1 E40 F9000
;TYPE:Outer wall
;WIDTH:3.2
G1 F2779.615
G1 X751.956 Y751.956 E2175.45813
G1 X248.044 Y751.956 E2175.45813
G1 F2760
G1 X248.044 Y248.044 E2175.4585
G1 X751.656 Y248.044 E2174.16299
;WIPE_START
G1 F600
M73 P63 R358
G1 X751.662 Y258.044 E-30
;WIPE_END
G1 Z306.5 F15000
G1 X727.407 Y250.49 Z306.5
G1 Z305.5
G1 E40 F9000
;TYPE:Sparse infill
;WIDTH:3.2
G1 F2779.614
G1 X738.92 Y250.49 E49.70059
G1 F2760
G1 X749.51 Y261.08 E64.65527
G1 X749.51 Y250.49 E45.71788
G1 X250.49 Y749.51 E3046.69043
G1 X250.49 Y738.92 E45.71786
G1 X261.08 Y749.51 E64.65527
G1 X272.593 Y749.51 E49.70059
;WIPE_START
G1 F600
G1 X262.593 Y749.51 E-30
;WIPE_END
G1 Z306.5 F15000
G1 X435.402 Y749.51 Z306.5
G1 Z305.5
G1 E40 F9000
G1 F2779.614
G1 F2760
G1 X423.89 Y749.51 E49.7002
G1 X250.49 Y576.11 E1058.66699
G1 X250.49 Y586.7 E45.71798
G1 X586.7 Y250.49 E2052.67871
G1 X576.11 Y250.49 E45.71875
G1 X749.51 Y423.89 E1058.66712
G1 X749.51 Y413.3 E45.71875
G1 X413.3 Y749.51 E2052.6789
G1 X401.788 Y749.51 E49.70059
M73 P63 R357
;WIPE_START
G1 F600
G1 X411.788 Y749.51 E-30
;WIPE_END
G1 Z306.5 F15000
G1 X598.212 Y749.51 Z306.5
G1 Z305.5
G1 E40 F9000
G1 F2779.614
G1 F2760
G1 X586.7 Y749.51 E49.70117
G1 X250.49 Y413.3 E2052.67889
G1 X250.49 Y423.89 E45.71875
G1 X423.89 Y250.49 E1058.66711
G1 X413.3 Y250.49 E45.71875
G1 X749.51 Y586.7 E2052.6789
G1 X749.51 Y576.11 E45.71875
G1 X576.11 Y749.51 E1058.66713
G1 X564.597 Y749.51 E49.70059
;WIPE_START
G1 F600
G1 X574.597 Y749.51 E-30
;WIPE_END
G1 Z306.5 F15000
G1 X749.51 Y727.407 Z306.5
G1 Z305.5
G1 E40 F9000
G1 F2779.614
G1 X749.51 Y738.92 E49.70059
G1 F2760
G1 X738.92 Y749.51 E64.65625
G1 X749.51 Y749.51 E45.71875
G1 X250.49 Y250.49 E3046.69065
G1 X261.08 Y250.49 E45.71875
M73 P63 R356
G1 X250.49 Y261.08 E64.65625
G1 X250.49 Y272.593 E49.70059
; stop printing object Cube id:0 copy 0
;LAYER_CHANGE
;Z:307
;HEIGHT:1.5
;BEFORE_LAYER_CHANGE
;307
G92 E0

EXCLUDE_OBJECT_END NAME=Cube_id_0_copy_0
;AFTER_LAYER_CHANGE
;307
;_SET_FAN_SPEED_CHANGING_LAYER
; printing object Cube id:0 copy 0
;WIPE_START
G1 F600
G1 X250.49 Y262.593 E-30
;WIPE_END
EXCLUDE_OBJECT_START NAME=Cube_id_0_copy_0
G1 Z308 F15000
G1 X248.044 Y248.044 Z308
G1 Z307
G1 E40 F9000
;TYPE:Outer wall
;WIDTH:3.2
G1 F2779.615
G1 X751.956 Y248.044 E2175.45813
G1 X751.956 Y751.956 E2175.45813
G1 F2760
G1 X248.044 Y751.956 E2175.4585
G1 X248.044 Y248.344 E2174.16299
;WIPE_START
G1 F600
G1 X258.044 Y248.338 E-30
;WIPE_END
G1 Z308 F15000
G1 X250.49 Y272.593 Z308
G1 Z307
G1 E40 F9000
;TYPE:Sparse infill
;WIDTH:3.2
G1 F2779.614
G1 X250.49 Y261.08 E49.70059
G1 F2760
G1 X261.08 Y250.49 E64.65527
G1 X250.49 Y250.49 E45.71822
G1 X749.51 Y749.51 E3046.69043
G1 X738.92 Y749.51 E45.71823
M73 P63 R355
G1 X749.51 Y738.92 E64.65527
G1 X749.51 Y727.407 E49.70059
;WIPE_START
G1 F600
G1 X749.51 Y737.407 E-30
;WIPE_END
G1 Z308 F15000
G1 X564.597 Y749.51 Z308
G1 Z307
G1 E40 F9000
G1 F2779.614
G1 X576.11 Y749.51 E49.70059
G1 F2760
G1 X749.51 Y576.11 E1058.66699
G1 X749.51 Y586.7 E45.71813
G1 X413.3 Y250.49 E2052.67871
G1 X423.89 Y250.49 E45.71875
G1 X250.49 Y423.89 E1058.66711
G1 X250.49 Y413.3 E45.71875
G1 X586.7 Y749.51 E2052.67889
G1 X598.212 Y749.51 E49.70059
;WIPE_START
G1 F600
G1 X588.212 Y749.51 E-30
;WIPE_END
G1 Z308 F15000
G1 X401.788 Y749.51 Z308
G1 Z307
G1 E40 F9000
G1 F2779.614
G1 F2760
G1 X413.3 Y749.51 E49.70117
G1 X749.51 Y413.3 E2052.6789
G1 X749.51 Y423.89 E45.71875
G1 X576.11 Y250.49 E1058.66712
G1 X586.7 Y250.49 E45.71875
M73 P63 R354
G1 X250.49 Y586.7 E2052.67888
G1 X250.49 Y576.11 E45.71875
G1 X423.89 Y749.51 E1058.66712
G1 X435.402 Y749.51 E49.70059
;WIPE_START
G1 F600
G1 X425.402 Y749.51 E-30
;WIPE_END
G1 Z308 F15000
G1 X272.593 Y749.51 Z308
G1 Z307
G1 E40 F9000
G1 F2779.614
G1 X261.08 Y749.51 E49.70059
G1 F2760
G1 X250.49 Y738.92 E64.65625
G1 X250.49 Y749.51 E45.71875
G1 X749.51 Y250.49 E3046.69015
G1 X749.51 Y261.08 E45.71875
G1 X738.92 Y250.49 E64.65625
G1 X727.407 Y250.49 E49.70059
; stop printing object Cube id:0 copy 0
;LAYER_CHANGE
;Z:308.5
;HEIGHT:1.5
;BEFORE_LAYER_CHANGE
;308.5
G92 E0

EXCLUDE_OBJECT_END NAME=Cube_id_0_copy_0
;AFTER_LAYER_CHANGE
;308.5
;_SET_FAN_SPEED_CHANGING_LAYER
; printing object Cube id:0 copy 0
;WIPE_START
G1 F600
G1 X737.407 Y250.49 E-30
;WIPE_END
EXCLUDE_OBJECT_START NAME=Cube_id_0_copy_0
G1 Z309.5 F15000
G1 X751.956 Y248.044 Z309.5
G1 Z308.5
G1 E40 F9000
;TYPE:Outer wall
;WIDTH:3.2
G1 F2779.615
G1 X751.956 Y751.956 E2175.45813
G1 X248.044 Y751.956 E2175.45813
G1 F2760
M73 P63 R353
G1 X248.044 Y248.044 E2175.4585
G1 X751.656 Y248.044 E2174.16299
;WIPE_START
G1 F600
G1 X751.662 Y258.044 E-30
;WIPE_END
G1 Z309.5 F15000
G1 X727.407 Y250.49 Z309.5
G1 Z308.5
G1 E40 F9000
;TYPE:Sparse infill
;WIDTH:3.2
G1 F2779.614
G1 X738.92 Y250.49 E49.70059
G1 F2760
G1 X749.51 Y261.08 E64.65527
G1 X749.51 Y250.49 E45.71788
G1 X250.49 Y749.51 E3046.69043
G1 X250.49 Y738.92 E45.71786
G1 X261.08 Y749.51 E64.65527
G1 X272.593 Y749.51 E49.70059
;WIPE_START
G1 F600
G1 X262.593 Y749.51 E-30
;WIPE_END
G1 Z309.5 F15000
G1 X435.402 Y749.51 Z309.5
G1 Z308.5
G1 E40 F9000
G1 F2779.614
G1 F2760
G1 X423.89 Y749.51 E49.7002
G1 X250.49 Y576.11 E1058.66699
G1 X250.49 Y586.7 E45.71798
G1 X586.7 Y250.49 E2052.67871
G1 X576.11 Y250.49 E45.71875
M73 P63 R352
G1 X749.51 Y423.89 E1058.66712
G1 X749.51 Y413.3 E45.71875
G1 X413.3 Y749.51 E2052.6789
G1 X401.788 Y749.51 E49.70059
;WIPE_START
G1 F600
G1 X411.788 Y749.51 E-30
;WIPE_END
G1 Z309.5 F15000
G1 X598.212 Y749.51 Z309.5
G1 Z308.5
G1 E40 F9000
G1 F2779.614
G1 F2760
G1 X586.7 Y749.51 E49.70117
G1 X250.49 Y413.3 E2052.67889
G1 X250.49 Y423.89 E45.71875
G1 X423.89 Y250.49 E1058.66711
G1 X413.3 Y250.49 E45.71875
G1 X749.51 Y586.7 E2052.6789
G1 X749.51 Y576.11 E45.71875
G1 X576.11 Y749.51 E1058.66713
G1 X564.597 Y749.51 E49.70059
M73 P63 R351
;WIPE_START
G1 F600
G1 X574.597 Y749.51 E-30
;WIPE_END
G1 Z309.5 F15000
G1 X749.51 Y727.407 Z309.5
G1 Z308.5
G1 E40 F9000
G1 F2779.614
G1 X749.51 Y738.92 E49.70059
G1 F2760
G1 X738.92 Y749.51 E64.65625
G1 X749.51 Y749.51 E45.71875
G1 X250.49 Y250.49 E3046.69065
G1 X261.08 Y250.49 E45.71875
G1 X250.49 Y261.08 E64.65625
G1 X250.49 Y272.593 E49.70059
; stop printing object Cube id:0 copy 0
;LAYER_CHANGE
;Z:310
;HEIGHT:1.5
;BEFORE_LAYER_CHANGE
;310
G92 E0

EXCLUDE_OBJECT_END NAME=Cube_id_0_copy_0
;AFTER_LAYER_CHANGE
;310
;_SET_FAN_SPEED_CHANGING_LAYER
; printing object Cube id:0 copy 0
;WIPE_START
G1 F600
G1 X250.49 Y262.593 E-30
;WIPE_END
EXCLUDE_OBJECT_START NAME=Cube_id_0_copy_0
G1 Z311 F15000
G1 X248.044 Y248.044 Z311
G1 Z310
G1 E40 F9000
;TYPE:Outer wall
;WIDTH:3.2
G1 F2779.615
G1 X751.956 Y248.044 E2175.45813
G1 X751.956 Y751.956 E2175.45813
G1 F2760
G1 X248.044 Y751.956 E2175.4585
G1 X248.044 Y248.344 E2174.16299
;WIPE_START
G1 F600
M73 P63 R350
G1 X258.044 Y248.338 E-30
;WIPE_END
G1 Z311 F15000
G1 X250.49 Y272.593 Z311
G1 Z310
G1 E40 F9000
;TYPE:Sparse infill
;WIDTH:3.2
G1 F2779.614
G1 X250.49 Y261.08 E49.70059
G1 F2760
G1 X261.08 Y250.49 E64.65527
G1 X250.49 Y250.49 E45.71822
G1 X749.51 Y749.51 E3046.69043
G1 X738.92 Y749.51 E45.71823
G1 X749.51 Y738.92 E64.65527
G1 X749.51 Y727.407 E49.70059
;WIPE_START
G1 F600
G1 X749.51 Y737.407 E-30
;WIPE_END
G1 Z311 F15000
G1 X564.597 Y749.51 Z311
G1 Z310
G1 E40 F9000
G1 F2779.614
G1 X576.11 Y749.51 E49.70059
G1 F2760
G1 X749.51 Y576.11 E1058.66699
G1 X749.51 Y586.7 E45.71813
G1 X413.3 Y250.49 E2052.67871
G1 X423.89 Y250.49 E45.71875
G1 X250.49 Y423.89 E1058.66711
G1 X250.49 Y413.3 E45.71875
G1 X586.7 Y749.51 E2052.67889
G1 X598.212 Y749.51 E49.70059
M73 P64 R349
;WIPE_START
G1 F600
G1 X588.212 Y749.51 E-30
;WIPE_END
G1 Z311 F15000
G1 X401.788 Y749.51 Z311
G1 Z310
G1 E40 F9000
G1 F2779.614
G1 F2760
G1 X413.3 Y749.51 E49.70117
G1 X749.51 Y413.3 E2052.6789
G1 X749.51 Y423.89 E45.71875
G1 X576.11 Y250.49 E1058.66712
G1 X586.7 Y250.49 E45.71875
G1 X250.49 Y586.7 E2052.67888
G1 X250.49 Y576.11 E45.71875
G1 X423.89 Y749.51 E1058.66712
G1 X435.402 Y749.51 E49.70059
;WIPE_START
G1 F600
G1 X425.402 Y749.51 E-30
;WIPE_END
G1 Z311 F15000
G1 X272.593 Y749.51 Z311
G1 Z310
G1 E40 F9000
G1 F2779.614
G1 X261.08 Y749.51 E49.70059
G1 F2760
G1 X250.49 Y738.92 E64.65625
G1 X250.49 Y749.51 E45.71875
G1 X749.51 Y250.49 E3046.69015
G1 X749.51 Y261.08 E45.71875
M73 P64 R348
G1 X738.92 Y250.49 E64.65625
G1 X727.407 Y250.49 E49.70059
; stop printing object Cube id:0 copy 0
;LAYER_CHANGE
;Z:311.5
;HEIGHT:1.5
;BEFORE_LAYER_CHANGE
;311.5
G92 E0

EXCLUDE_OBJECT_END NAME=Cube_id_0_copy_0
;AFTER_LAYER_CHANGE
;311.5
;_SET_FAN_SPEED_CHANGING_LAYER
; printing object Cube id:0 copy 0
;WIPE_START
G1 F600
G1 X737.407 Y250.49 E-30
;WIPE_END
EXCLUDE_OBJECT_START NAME=Cube_id_0_copy_0
G1 Z312.5 F15000
G1 X751.956 Y248.044 Z312.5
G1 Z311.5
G1 E40 F9000
;TYPE:Outer wall
;WIDTH:3.2
G1 F2779.615
G1 X751.956 Y751.956 E2175.45813
G1 X248.044 Y751.956 E2175.45813
G1 F2760
G1 X248.044 Y248.044 E2175.4585
G1 X751.656 Y248.044 E2174.16299
;WIPE_START
G1 F600
G1 X751.662 Y258.044 E-30
;WIPE_END
G1 Z312.5 F15000
G1 X727.407 Y250.49 Z312.5
G1 Z311.5
G1 E40 F9000
;TYPE:Sparse infill
;WIDTH:3.2
G1 F2779.614
G1 X738.92 Y250.49 E49.70059
G1 F2760
G1 X749.51 Y261.08 E64.65527
G1 X749.51 Y250.49 E45.71788
G1 X250.49 Y749.51 E3046.69043
G1 X250.49 Y738.92 E45.71786
M73 P64 R347
G1 X261.08 Y749.51 E64.65527
G1 X272.593 Y749.51 E49.70059
;WIPE_START
G1 F600
G1 X262.593 Y749.51 E-30
;WIPE_END
G1 Z312.5 F15000
G1 X435.402 Y749.51 Z312.5
G1 Z311.5
G1 E40 F9000
G1 F2779.614
G1 F2760
G1 X423.89 Y749.51 E49.7002
G1 X250.49 Y576.11 E1058.66699
G1 X250.49 Y586.7 E45.71798
G1 X586.7 Y250.49 E2052.67871
G1 X576.11 Y250.49 E45.71875
G1 X749.51 Y423.89 E1058.66712
G1 X749.51 Y413.3 E45.71875
G1 X413.3 Y749.51 E2052.6789
G1 X401.788 Y749.51 E49.70059
;WIPE_START
G1 F600
G1 X411.788 Y749.51 E-30
;WIPE_END
G1 Z312.5 F15000
G1 X598.212 Y749.51 Z312.5
G1 Z311.5
G1 E40 F9000
G1 F2779.614
G1 F2760
G1 X586.7 Y749.51 E49.70117
G1 X250.49 Y413.3 E2052.67889
G1 X250.49 Y423.89 E45.71875
G1 X423.89 Y250.49 E1058.66711
G1 X413.3 Y250.49 E45.71875
M73 P64 R346
G1 X749.51 Y586.7 E2052.6789
G1 X749.51 Y576.11 E45.71875
G1 X576.11 Y749.51 E1058.66713
G1 X564.597 Y749.51 E49.70059
;WIPE_START
G1 F600
G1 X574.597 Y749.51 E-30
;WIPE_END
G1 Z312.5 F15000
G1 X749.51 Y727.407 Z312.5
G1 Z311.5
G1 E40 F9000
G1 F2779.614
G1 X749.51 Y738.92 E49.70059
G1 F2760
G1 X738.92 Y749.51 E64.65625
G1 X749.51 Y749.51 E45.71875
G1 X250.49 Y250.49 E3046.69065
G1 X261.08 Y250.49 E45.71875
G1 X250.49 Y261.08 E64.65625
G1 X250.49 Y272.593 E49.70059
; stop printing object Cube id:0 copy 0
;LAYER_CHANGE
;Z:313
;HEIGHT:1.5
;BEFORE_LAYER_CHANGE
;313
G92 E0

EXCLUDE_OBJECT_END NAME=Cube_id_0_copy_0
;AFTER_LAYER_CHANGE
;313
;_SET_FAN_SPEED_CHANGING_LAYER
; printing object Cube id:0 copy 0
;WIPE_START
G1 F600
G1 X250.49 Y262.593 E-30
;WIPE_END
EXCLUDE_OBJECT_START NAME=Cube_id_0_copy_0
G1 Z314 F15000
G1 X248.044 Y248.044 Z314
G1 Z313
G1 E40 F9000
;TYPE:Outer wall
;WIDTH:3.2
G1 F2779.615
G1 X751.956 Y248.044 E2175.45813
G1 X751.956 Y751.956 E2175.45813
G1 F2760
M73 P64 R345
G1 X248.044 Y751.956 E2175.4585
G1 X248.044 Y248.344 E2174.16299
;WIPE_START
G1 F600
G1 X258.044 Y248.338 E-30
;WIPE_END
G1 Z314 F15000
G1 X250.49 Y272.593 Z314
G1 Z313
G1 E40 F9000
;TYPE:Sparse infill
;WIDTH:3.2
G1 F2779.614
G1 X250.49 Y261.08 E49.70059
G1 F2760
G1 X261.08 Y250.49 E64.65527
G1 X250.49 Y250.49 E45.71822
G1 X749.51 Y749.51 E3046.69043
G1 X738.92 Y749.51 E45.71823
G1 X749.51 Y738.92 E64.65527
G1 X749.51 Y727.407 E49.70059
;WIPE_START
G1 F600
G1 X749.51 Y737.407 E-30
;WIPE_END
G1 Z314 F15000
G1 X564.597 Y749.51 Z314
G1 Z313
G1 E40 F9000
G1 F2779.614
G1 X576.11 Y749.51 E49.70059
G1 F2760
G1 X749.51 Y576.11 E1058.66699
G1 X749.51 Y586.7 E45.71813
G1 X413.3 Y250.49 E2052.67871
G1 X423.89 Y250.49 E45.71875
M73 P64 R344
G1 X250.49 Y423.89 E1058.66711
G1 X250.49 Y413.3 E45.71875
G1 X586.7 Y749.51 E2052.67889
G1 X598.212 Y749.51 E49.70059
;WIPE_START
G1 F600
G1 X588.212 Y749.51 E-30
;WIPE_END
G1 Z314 F15000
G1 X401.788 Y749.51 Z314
G1 Z313
G1 E40 F9000
G1 F2779.614
G1 F2760
G1 X413.3 Y749.51 E49.70117
G1 X749.51 Y413.3 E2052.6789
G1 X749.51 Y423.89 E45.71875
G1 X576.11 Y250.49 E1058.66712
G1 X586.7 Y250.49 E45.71875
G1 X250.49 Y586.7 E2052.67888
G1 X250.49 Y576.11 E45.71875
G1 X423.89 Y749.51 E1058.66712
G1 X435.402 Y749.51 E49.70059
M73 P64 R343
;WIPE_START
G1 F600
G1 X425.402 Y749.51 E-30
;WIPE_END
G1 Z314 F15000
G1 X272.593 Y749.51 Z314
G1 Z313
G1 E40 F9000
G1 F2779.614
G1 X261.08 Y749.51 E49.70059
G1 F2760
G1 X250.49 Y738.92 E64.65625
G1 X250.49 Y749.51 E45.71875
G1 X749.51 Y250.49 E3046.69015
G1 X749.51 Y261.08 E45.71875
G1 X738.92 Y250.49 E64.65625
G1 X727.407 Y250.49 E49.70059
; stop printing object Cube id:0 copy 0
;LAYER_CHANGE
;Z:314.5
;HEIGHT:1.5
;BEFORE_LAYER_CHANGE
;314.5
G92 E0

EXCLUDE_OBJECT_END NAME=Cube_id_0_copy_0
;AFTER_LAYER_CHANGE
;314.5
;_SET_FAN_SPEED_CHANGING_LAYER
; printing object Cube id:0 copy 0
;WIPE_START
G1 F600
G1 X737.407 Y250.49 E-30
;WIPE_END
EXCLUDE_OBJECT_START NAME=Cube_id_0_copy_0
G1 Z315.5 F15000
G1 X751.956 Y248.044 Z315.5
G1 Z314.5
G1 E40 F9000
;TYPE:Outer wall
;WIDTH:3.2
G1 F2779.615
G1 X751.956 Y751.956 E2175.45813
G1 X248.044 Y751.956 E2175.45813
G1 F2760
G1 X248.044 Y248.044 E2175.4585
G1 X751.656 Y248.044 E2174.16299
;WIPE_START
G1 F600
M73 P64 R342
G1 X751.662 Y258.044 E-30
;WIPE_END
G1 Z315.5 F15000
G1 X727.407 Y250.49 Z315.5
G1 Z314.5
G1 E40 F9000
;TYPE:Sparse infill
;WIDTH:3.2
G1 F2779.614
G1 X738.92 Y250.49 E49.70059
G1 F2760
G1 X749.51 Y261.08 E64.65527
G1 X749.51 Y250.49 E45.71788
G1 X250.49 Y749.51 E3046.69043
G1 X250.49 Y738.92 E45.71786
G1 X261.08 Y749.51 E64.65527
G1 X272.593 Y749.51 E49.70059
;WIPE_START
G1 F600
G1 X262.593 Y749.51 E-30
;WIPE_END
G1 Z315.5 F15000
G1 X435.402 Y749.51 Z315.5
G1 Z314.5
G1 E40 F9000
G1 F2779.614
G1 F2760
G1 X423.89 Y749.51 E49.7002
G1 X250.49 Y576.11 E1058.66699
G1 X250.49 Y586.7 E45.71798
G1 X586.7 Y250.49 E2052.67871
G1 X576.11 Y250.49 E45.71875
G1 X749.51 Y423.89 E1058.66712
G1 X749.51 Y413.3 E45.71875
G1 X413.3 Y749.51 E2052.6789
G1 X401.788 Y749.51 E49.70059
M73 P64 R341
;WIPE_START
G1 F600
G1 X411.788 Y749.51 E-30
;WIPE_END
G1 Z315.5 F15000
G1 X598.212 Y749.51 Z315.5
G1 Z314.5
G1 E40 F9000
G1 F2779.614
G1 F2760
G1 X586.7 Y749.51 E49.70117
G1 X250.49 Y413.3 E2052.67889
G1 X250.49 Y423.89 E45.71875
G1 X423.89 Y250.49 E1058.66711
G1 X413.3 Y250.49 E45.71875
G1 X749.51 Y586.7 E2052.6789
G1 X749.51 Y576.11 E45.71875
G1 X576.11 Y749.51 E1058.66713
G1 X564.597 Y749.51 E49.70059
;WIPE_START
G1 F600
G1 X574.597 Y749.51 E-30
;WIPE_END
G1 Z315.5 F15000
G1 X749.51 Y727.407 Z315.5
G1 Z314.5
G1 E40 F9000
G1 F2779.614
G1 X749.51 Y738.92 E49.70059
G1 F2760
G1 X738.92 Y749.51 E64.65625
G1 X749.51 Y749.51 E45.71875
G1 X250.49 Y250.49 E3046.69065
G1 X261.08 Y250.49 E45.71875
M73 P64 R340
G1 X250.49 Y261.08 E64.65625
G1 X250.49 Y272.593 E49.70059
; stop printing object Cube id:0 copy 0
;LAYER_CHANGE
;Z:316
;HEIGHT:1.5
;BEFORE_LAYER_CHANGE
;316
G92 E0

EXCLUDE_OBJECT_END NAME=Cube_id_0_copy_0
;AFTER_LAYER_CHANGE
;316
;_SET_FAN_SPEED_CHANGING_LAYER
; printing object Cube id:0 copy 0
;WIPE_START
G1 F600
G1 X250.49 Y262.593 E-30
;WIPE_END
EXCLUDE_OBJECT_START NAME=Cube_id_0_copy_0
G1 Z317 F15000
G1 X248.044 Y248.044 Z317
G1 Z316
G1 E40 F9000
;TYPE:Outer wall
;WIDTH:3.2
G1 F2779.615
G1 X751.956 Y248.044 E2175.45813
G1 X751.956 Y751.956 E2175.45813
G1 F2760
G1 X248.044 Y751.956 E2175.4585
G1 X248.044 Y248.344 E2174.16299
;WIPE_START
G1 F600
M73 P65 R340
G1 X258.044 Y248.338 E-30
;WIPE_END
G1 Z317 F15000
G1 X250.49 Y272.593 Z317
G1 Z316
G1 E40 F9000
;TYPE:Sparse infill
;WIDTH:3.2
G1 F2779.614
G1 X250.49 Y261.08 E49.70059
G1 F2760
G1 X261.08 Y250.49 E64.65527
G1 X250.49 Y250.49 E45.71822
G1 X749.51 Y749.51 E3046.69043
G1 X738.92 Y749.51 E45.71823
M73 P65 R339
G1 X749.51 Y738.92 E64.65527
G1 X749.51 Y727.407 E49.70059
;WIPE_START
G1 F600
G1 X749.51 Y737.407 E-30
;WIPE_END
G1 Z317 F15000
G1 X564.597 Y749.51 Z317
G1 Z316
G1 E40 F9000
G1 F2779.614
G1 X576.11 Y749.51 E49.70059
G1 F2760
G1 X749.51 Y576.11 E1058.66699
G1 X749.51 Y586.7 E45.71813
G1 X413.3 Y250.49 E2052.67871
G1 X423.89 Y250.49 E45.71875
G1 X250.49 Y423.89 E1058.66711
G1 X250.49 Y413.3 E45.71875
G1 X586.7 Y749.51 E2052.67889
G1 X598.212 Y749.51 E49.70059
;WIPE_START
G1 F600
G1 X588.212 Y749.51 E-30
;WIPE_END
G1 Z317 F15000
G1 X401.788 Y749.51 Z317
G1 Z316
G1 E40 F9000
G1 F2779.614
G1 F2760
G1 X413.3 Y749.51 E49.70117
G1 X749.51 Y413.3 E2052.6789
G1 X749.51 Y423.89 E45.71875
G1 X576.11 Y250.49 E1058.66712
G1 X586.7 Y250.49 E45.71875
M73 P65 R338
G1 X250.49 Y586.7 E2052.67888
G1 X250.49 Y576.11 E45.71875
G1 X423.89 Y749.51 E1058.66712
G1 X435.402 Y749.51 E49.70059
;WIPE_START
G1 F600
G1 X425.402 Y749.51 E-30
;WIPE_END
G1 Z317 F15000
G1 X272.593 Y749.51 Z317
G1 Z316
G1 E40 F9000
G1 F2779.614
G1 X261.08 Y749.51 E49.70059
G1 F2760
G1 X250.49 Y738.92 E64.65625
G1 X250.49 Y749.51 E45.71875
G1 X749.51 Y250.49 E3046.69015
G1 X749.51 Y261.08 E45.71875
G1 X738.92 Y250.49 E64.65625
G1 X727.407 Y250.49 E49.70059
; stop printing object Cube id:0 copy 0
;LAYER_CHANGE
;Z:317.5
;HEIGHT:1.5
;BEFORE_LAYER_CHANGE
;317.5
G92 E0

EXCLUDE_OBJECT_END NAME=Cube_id_0_copy_0
;AFTER_LAYER_CHANGE
;317.5
;_SET_FAN_SPEED_CHANGING_LAYER
; printing object Cube id:0 copy 0
;WIPE_START
G1 F600
G1 X737.407 Y250.49 E-30
;WIPE_END
EXCLUDE_OBJECT_START NAME=Cube_id_0_copy_0
G1 Z318.5 F15000
G1 X751.956 Y248.044 Z318.5
G1 Z317.5
G1 E40 F9000
;TYPE:Outer wall
;WIDTH:3.2
G1 F2779.615
G1 X751.956 Y751.956 E2175.45813
G1 X248.044 Y751.956 E2175.45813
G1 F2760
M73 P65 R337
G1 X248.044 Y248.044 E2175.4585
G1 X751.656 Y248.044 E2174.16299
;WIPE_START
G1 F600
G1 X751.662 Y258.044 E-30
;WIPE_END
G1 Z318.5 F15000
G1 X727.407 Y250.49 Z318.5
G1 Z317.5
G1 E40 F9000
;TYPE:Sparse infill
;WIDTH:3.2
G1 F2779.614
G1 X738.92 Y250.49 E49.70059
G1 F2760
G1 X749.51 Y261.08 E64.65527
G1 X749.51 Y250.49 E45.71788
G1 X250.49 Y749.51 E3046.69043
G1 X250.49 Y738.92 E45.71786
G1 X261.08 Y749.51 E64.65527
G1 X272.593 Y749.51 E49.70059
;WIPE_START
G1 F600
G1 X262.593 Y749.51 E-30
;WIPE_END
G1 Z318.5 F15000
G1 X435.402 Y749.51 Z318.5
G1 Z317.5
G1 E40 F9000
G1 F2779.614
G1 F2760
G1 X423.89 Y749.51 E49.7002
G1 X250.49 Y576.11 E1058.66699
G1 X250.49 Y586.7 E45.71798
G1 X586.7 Y250.49 E2052.67871
G1 X576.11 Y250.49 E45.71875
M73 P65 R336
G1 X749.51 Y423.89 E1058.66712
G1 X749.51 Y413.3 E45.71875
G1 X413.3 Y749.51 E2052.6789
G1 X401.788 Y749.51 E49.70059
;WIPE_START
G1 F600
G1 X411.788 Y749.51 E-30
;WIPE_END
G1 Z318.5 F15000
G1 X598.212 Y749.51 Z318.5
G1 Z317.5
G1 E40 F9000
G1 F2779.614
G1 F2760
G1 X586.7 Y749.51 E49.70117
G1 X250.49 Y413.3 E2052.67889
G1 X250.49 Y423.89 E45.71875
G1 X423.89 Y250.49 E1058.66711
G1 X413.3 Y250.49 E45.71875
G1 X749.51 Y586.7 E2052.6789
G1 X749.51 Y576.11 E45.71875
G1 X576.11 Y749.51 E1058.66713
G1 X564.597 Y749.51 E49.70059
M73 P65 R335
;WIPE_START
G1 F600
G1 X574.597 Y749.51 E-30
;WIPE_END
G1 Z318.5 F15000
G1 X749.51 Y727.407 Z318.5
G1 Z317.5
G1 E40 F9000
G1 F2779.614
G1 X749.51 Y738.92 E49.70059
G1 F2760
G1 X738.92 Y749.51 E64.65625
G1 X749.51 Y749.51 E45.71875
G1 X250.49 Y250.49 E3046.69065
G1 X261.08 Y250.49 E45.71875
G1 X250.49 Y261.08 E64.65625
G1 X250.49 Y272.593 E49.70059
; stop printing object Cube id:0 copy 0
;LAYER_CHANGE
;Z:319
;HEIGHT:1.5
;BEFORE_LAYER_CHANGE
;319
G92 E0

EXCLUDE_OBJECT_END NAME=Cube_id_0_copy_0
;AFTER_LAYER_CHANGE
;319
;_SET_FAN_SPEED_CHANGING_LAYER
; printing object Cube id:0 copy 0
;WIPE_START
G1 F600
G1 X250.49 Y262.593 E-30
;WIPE_END
EXCLUDE_OBJECT_START NAME=Cube_id_0_copy_0
G1 Z320 F15000
G1 X248.044 Y248.044 Z320
G1 Z319
G1 E40 F9000
;TYPE:Outer wall
;WIDTH:3.2
G1 F2779.615
G1 X751.956 Y248.044 E2175.45813
G1 X751.956 Y751.956 E2175.45813
G1 F2760
G1 X248.044 Y751.956 E2175.4585
G1 X248.044 Y248.344 E2174.16299
;WIPE_START
G1 F600
M73 P65 R334
G1 X258.044 Y248.338 E-30
;WIPE_END
G1 Z320 F15000
G1 X250.49 Y272.593 Z320
G1 Z319
G1 E40 F9000
;TYPE:Sparse infill
;WIDTH:3.2
G1 F2779.614
G1 X250.49 Y261.08 E49.70059
G1 F2760
G1 X261.08 Y250.49 E64.65527
G1 X250.49 Y250.49 E45.71822
G1 X749.51 Y749.51 E3046.69043
G1 X738.92 Y749.51 E45.71823
G1 X749.51 Y738.92 E64.65527
G1 X749.51 Y727.407 E49.70059
;WIPE_START
G1 F600
G1 X749.51 Y737.407 E-30
;WIPE_END
G1 Z320 F15000
G1 X564.597 Y749.51 Z320
G1 Z319
G1 E40 F9000
G1 F2779.614
G1 X576.11 Y749.51 E49.70059
G1 F2760
G1 X749.51 Y576.11 E1058.66699
G1 X749.51 Y586.7 E45.71813
G1 X413.3 Y250.49 E2052.67871
G1 X423.89 Y250.49 E45.71875
G1 X250.49 Y423.89 E1058.66711
G1 X250.49 Y413.3 E45.71875
G1 X586.7 Y749.51 E2052.67889
G1 X598.212 Y749.51 E49.70059
M73 P65 R333
;WIPE_START
G1 F600
G1 X588.212 Y749.51 E-30
;WIPE_END
G1 Z320 F15000
G1 X401.788 Y749.51 Z320
G1 Z319
G1 E40 F9000
G1 F2779.614
G1 F2760
G1 X413.3 Y749.51 E49.70117
G1 X749.51 Y413.3 E2052.6789
G1 X749.51 Y423.89 E45.71875
G1 X576.11 Y250.49 E1058.66712
G1 X586.7 Y250.49 E45.71875
G1 X250.49 Y586.7 E2052.67888
G1 X250.49 Y576.11 E45.71875
G1 X423.89 Y749.51 E1058.66712
G1 X435.402 Y749.51 E49.70059
;WIPE_START
G1 F600
G1 X425.402 Y749.51 E-30
;WIPE_END
G1 Z320 F15000
G1 X272.593 Y749.51 Z320
G1 Z319
G1 E40 F9000
G1 F2779.614
G1 X261.08 Y749.51 E49.70059
G1 F2760
G1 X250.49 Y738.92 E64.65625
G1 X250.49 Y749.51 E45.71875
G1 X749.51 Y250.49 E3046.69015
G1 X749.51 Y261.08 E45.71875
M73 P65 R332
G1 X738.92 Y250.49 E64.65625
G1 X727.407 Y250.49 E49.70059
; stop printing object Cube id:0 copy 0
;LAYER_CHANGE
;Z:320.5
;HEIGHT:1.5
;BEFORE_LAYER_CHANGE
;320.5
G92 E0

EXCLUDE_OBJECT_END NAME=Cube_id_0_copy_0
;AFTER_LAYER_CHANGE
;320.5
;_SET_FAN_SPEED_CHANGING_LAYER
; printing object Cube id:0 copy 0
;WIPE_START
G1 F600
G1 X737.407 Y250.49 E-30
;WIPE_END
EXCLUDE_OBJECT_START NAME=Cube_id_0_copy_0
G1 Z321.5 F15000
G1 X751.956 Y248.044 Z321.5
G1 Z320.5
G1 E40 F9000
;TYPE:Outer wall
;WIDTH:3.2
G1 F2779.615
G1 X751.956 Y751.956 E2175.45813
G1 X248.044 Y751.956 E2175.45813
G1 F2760
G1 X248.044 Y248.044 E2175.4585
G1 X751.656 Y248.044 E2174.16299
;WIPE_START
G1 F600
G1 X751.662 Y258.044 E-30
;WIPE_END
G1 Z321.5 F15000
G1 X727.407 Y250.49 Z321.5
G1 Z320.5
G1 E40 F9000
;TYPE:Sparse infill
;WIDTH:3.2
G1 F2779.614
G1 X738.92 Y250.49 E49.70059
G1 F2760
G1 X749.51 Y261.08 E64.65527
G1 X749.51 Y250.49 E45.71788
G1 X250.49 Y749.51 E3046.69043
G1 X250.49 Y738.92 E45.71786
M73 P65 R331
G1 X261.08 Y749.51 E64.65527
G1 X272.593 Y749.51 E49.70059
;WIPE_START
G1 F600
G1 X262.593 Y749.51 E-30
;WIPE_END
G1 Z321.5 F15000
G1 X435.402 Y749.51 Z321.5
G1 Z320.5
G1 E40 F9000
G1 F2779.614
G1 F2760
G1 X423.89 Y749.51 E49.7002
G1 X250.49 Y576.11 E1058.66699
G1 X250.49 Y586.7 E45.71798
G1 X586.7 Y250.49 E2052.67871
G1 X576.11 Y250.49 E45.71875
G1 X749.51 Y423.89 E1058.66712
G1 X749.51 Y413.3 E45.71875
G1 X413.3 Y749.51 E2052.6789
G1 X401.788 Y749.51 E49.70059
;WIPE_START
G1 F600
G1 X411.788 Y749.51 E-30
;WIPE_END
G1 Z321.5 F15000
G1 X598.212 Y749.51 Z321.5
G1 Z320.5
G1 E40 F9000
G1 F2779.614
G1 F2760
G1 X586.7 Y749.51 E49.70117
G1 X250.49 Y413.3 E2052.67889
G1 X250.49 Y423.89 E45.71875
G1 X423.89 Y250.49 E1058.66711
G1 X413.3 Y250.49 E45.71875
M73 P65 R330
G1 X749.51 Y586.7 E2052.6789
G1 X749.51 Y576.11 E45.71875
G1 X576.11 Y749.51 E1058.66713
G1 X564.597 Y749.51 E49.70059
;WIPE_START
G1 F600
G1 X574.597 Y749.51 E-30
;WIPE_END
G1 Z321.5 F15000
G1 X749.51 Y727.407 Z321.5
G1 Z320.5
G1 E40 F9000
G1 F2779.614
G1 X749.51 Y738.92 E49.70059
G1 F2760
G1 X738.92 Y749.51 E64.65625
G1 X749.51 Y749.51 E45.71875
G1 X250.49 Y250.49 E3046.69065
G1 X261.08 Y250.49 E45.71875
M73 P66 R330
G1 X250.49 Y261.08 E64.65625
G1 X250.49 Y272.593 E49.70059
; stop printing object Cube id:0 copy 0
;LAYER_CHANGE
;Z:322
;HEIGHT:1.5
;BEFORE_LAYER_CHANGE
;322
G92 E0

EXCLUDE_OBJECT_END NAME=Cube_id_0_copy_0
;AFTER_LAYER_CHANGE
;322
;_SET_FAN_SPEED_CHANGING_LAYER
; printing object Cube id:0 copy 0
;WIPE_START
G1 F600
G1 X250.49 Y262.593 E-30
;WIPE_END
EXCLUDE_OBJECT_START NAME=Cube_id_0_copy_0
G1 Z323 F15000
G1 X248.044 Y248.044 Z323
G1 Z322
G1 E40 F9000
;TYPE:Outer wall
;WIDTH:3.2
G1 F2779.615
G1 X751.956 Y248.044 E2175.45813
G1 X751.956 Y751.956 E2175.45813
G1 F2760
M73 P66 R329
G1 X248.044 Y751.956 E2175.4585
G1 X248.044 Y248.344 E2174.16299
;WIPE_START
G1 F600
G1 X258.044 Y248.338 E-30
;WIPE_END
G1 Z323 F15000
G1 X250.49 Y272.593 Z323
G1 Z322
G1 E40 F9000
;TYPE:Sparse infill
;WIDTH:3.2
G1 F2779.614
G1 X250.49 Y261.08 E49.70059
G1 F2760
G1 X261.08 Y250.49 E64.65527
G1 X250.49 Y250.49 E45.71822
G1 X749.51 Y749.51 E3046.69043
G1 X738.92 Y749.51 E45.71823
G1 X749.51 Y738.92 E64.65527
G1 X749.51 Y727.407 E49.70059
;WIPE_START
G1 F600
G1 X749.51 Y737.407 E-30
;WIPE_END
G1 Z323 F15000
G1 X564.597 Y749.51 Z323
G1 Z322
G1 E40 F9000
G1 F2779.614
G1 X576.11 Y749.51 E49.70059
G1 F2760
G1 X749.51 Y576.11 E1058.66699
G1 X749.51 Y586.7 E45.71813
G1 X413.3 Y250.49 E2052.67871
G1 X423.89 Y250.49 E45.71875
M73 P66 R328
G1 X250.49 Y423.89 E1058.66711
G1 X250.49 Y413.3 E45.71875
G1 X586.7 Y749.51 E2052.67889
G1 X598.212 Y749.51 E49.70059
;WIPE_START
G1 F600
G1 X588.212 Y749.51 E-30
;WIPE_END
G1 Z323 F15000
G1 X401.788 Y749.51 Z323
G1 Z322
G1 E40 F9000
G1 F2779.614
G1 F2760
G1 X413.3 Y749.51 E49.70117
G1 X749.51 Y413.3 E2052.6789
G1 X749.51 Y423.89 E45.71875
G1 X576.11 Y250.49 E1058.66712
G1 X586.7 Y250.49 E45.71875
G1 X250.49 Y586.7 E2052.67888
G1 X250.49 Y576.11 E45.71875
G1 X423.89 Y749.51 E1058.66712
G1 X435.402 Y749.51 E49.70059
M73 P66 R327
;WIPE_START
G1 F600
G1 X425.402 Y749.51 E-30
;WIPE_END
G1 Z323 F15000
G1 X272.593 Y749.51 Z323
G1 Z322
G1 E40 F9000
G1 F2779.614
G1 X261.08 Y749.51 E49.70059
G1 F2760
G1 X250.49 Y738.92 E64.65625
G1 X250.49 Y749.51 E45.71875
G1 X749.51 Y250.49 E3046.69015
G1 X749.51 Y261.08 E45.71875
G1 X738.92 Y250.49 E64.65625
G1 X727.407 Y250.49 E49.70059
; stop printing object Cube id:0 copy 0
;LAYER_CHANGE
;Z:323.5
;HEIGHT:1.5
;BEFORE_LAYER_CHANGE
;323.5
G92 E0

EXCLUDE_OBJECT_END NAME=Cube_id_0_copy_0
;AFTER_LAYER_CHANGE
;323.5
;_SET_FAN_SPEED_CHANGING_LAYER
; printing object Cube id:0 copy 0
;WIPE_START
G1 F600
G1 X737.407 Y250.49 E-30
;WIPE_END
EXCLUDE_OBJECT_START NAME=Cube_id_0_copy_0
G1 Z324.5 F15000
G1 X751.956 Y248.044 Z324.5
G1 Z323.5
G1 E40 F9000
;TYPE:Outer wall
;WIDTH:3.2
G1 F2779.615
G1 X751.956 Y751.956 E2175.45813
G1 X248.044 Y751.956 E2175.45813
G1 F2760
G1 X248.044 Y248.044 E2175.4585
G1 X751.656 Y248.044 E2174.16299
;WIPE_START
G1 F600
M73 P66 R326
G1 X751.662 Y258.044 E-30
;WIPE_END
G1 Z324.5 F15000
G1 X727.407 Y250.49 Z324.5
G1 Z323.5
G1 E40 F9000
;TYPE:Sparse infill
;WIDTH:3.2
G1 F2779.614
G1 X738.92 Y250.49 E49.70059
G1 F2760
G1 X749.51 Y261.08 E64.65527
G1 X749.51 Y250.49 E45.71788
G1 X250.49 Y749.51 E3046.69043
G1 X250.49 Y738.92 E45.71786
G1 X261.08 Y749.51 E64.65527
G1 X272.593 Y749.51 E49.70059
;WIPE_START
G1 F600
G1 X262.593 Y749.51 E-30
;WIPE_END
G1 Z324.5 F15000
G1 X435.402 Y749.51 Z324.5
G1 Z323.5
G1 E40 F9000
G1 F2779.614
G1 F2760
G1 X423.89 Y749.51 E49.7002
G1 X250.49 Y576.11 E1058.66699
G1 X250.49 Y586.7 E45.71798
G1 X586.7 Y250.49 E2052.67871
G1 X576.11 Y250.49 E45.71875
G1 X749.51 Y423.89 E1058.66712
G1 X749.51 Y413.3 E45.71875
G1 X413.3 Y749.51 E2052.6789
G1 X401.788 Y749.51 E49.70059
M73 P66 R325
;WIPE_START
G1 F600
G1 X411.788 Y749.51 E-30
;WIPE_END
G1 Z324.5 F15000
G1 X598.212 Y749.51 Z324.5
G1 Z323.5
G1 E40 F9000
G1 F2779.614
G1 F2760
G1 X586.7 Y749.51 E49.70117
G1 X250.49 Y413.3 E2052.67889
G1 X250.49 Y423.89 E45.71875
G1 X423.89 Y250.49 E1058.66711
G1 X413.3 Y250.49 E45.71875
G1 X749.51 Y586.7 E2052.6789
G1 X749.51 Y576.11 E45.71875
G1 X576.11 Y749.51 E1058.66713
G1 X564.597 Y749.51 E49.70059
;WIPE_START
G1 F600
G1 X574.597 Y749.51 E-30
;WIPE_END
G1 Z324.5 F15000
G1 X749.51 Y727.407 Z324.5
G1 Z323.5
G1 E40 F9000
G1 F2779.614
G1 X749.51 Y738.92 E49.70059
G1 F2760
G1 X738.92 Y749.51 E64.65625
G1 X749.51 Y749.51 E45.71875
G1 X250.49 Y250.49 E3046.69065
G1 X261.08 Y250.49 E45.71875
G1 X250.49 Y261.08 E64.65625
M73 P66 R324
G1 X250.49 Y272.593 E49.70059
; stop printing object Cube id:0 copy 0
;LAYER_CHANGE
;Z:325
;HEIGHT:1.5
;BEFORE_LAYER_CHANGE
;325
G92 E0

EXCLUDE_OBJECT_END NAME=Cube_id_0_copy_0
;AFTER_LAYER_CHANGE
;325
;_SET_FAN_SPEED_CHANGING_LAYER
; printing object Cube id:0 copy 0
;WIPE_START
G1 F600
G1 X250.49 Y262.593 E-30
;WIPE_END
EXCLUDE_OBJECT_START NAME=Cube_id_0_copy_0
G1 Z326 F15000
G1 X248.044 Y248.044 Z326
G1 Z325
G1 E40 F9000
;TYPE:Outer wall
;WIDTH:3.2
G1 F2779.615
G1 X751.956 Y248.044 E2175.45813
G1 X751.956 Y751.956 E2175.45813
G1 F2760
G1 X248.044 Y751.956 E2175.4585
G1 X248.044 Y248.344 E2174.16299
;WIPE_START
G1 F600
G1 X258.044 Y248.338 E-30
;WIPE_END
G1 Z326 F15000
G1 X250.49 Y272.593 Z326
G1 Z325
G1 E40 F9000
;TYPE:Sparse infill
;WIDTH:3.2
G1 F2779.614
G1 X250.49 Y261.08 E49.70059
G1 F2760
G1 X261.08 Y250.49 E64.65527
G1 X250.49 Y250.49 E45.71822
G1 X749.51 Y749.51 E3046.69043
G1 X738.92 Y749.51 E45.71823
M73 P66 R323
G1 X749.51 Y738.92 E64.65527
G1 X749.51 Y727.407 E49.70059
;WIPE_START
G1 F600
G1 X749.51 Y737.407 E-30
;WIPE_END
G1 Z326 F15000
G1 X564.597 Y749.51 Z326
G1 Z325
G1 E40 F9000
G1 F2779.614
G1 X576.11 Y749.51 E49.70059
G1 F2760
G1 X749.51 Y576.11 E1058.66699
G1 X749.51 Y586.7 E45.71813
G1 X413.3 Y250.49 E2052.67871
G1 X423.89 Y250.49 E45.71875
G1 X250.49 Y423.89 E1058.66711
G1 X250.49 Y413.3 E45.71875
G1 X586.7 Y749.51 E2052.67889
G1 X598.212 Y749.51 E49.70059
;WIPE_START
G1 F600
G1 X588.212 Y749.51 E-30
;WIPE_END
G1 Z326 F15000
G1 X401.788 Y749.51 Z326
G1 Z325
G1 E40 F9000
G1 F2779.614
G1 F2760
G1 X413.3 Y749.51 E49.70117
G1 X749.51 Y413.3 E2052.6789
G1 X749.51 Y423.89 E45.71875
G1 X576.11 Y250.49 E1058.66712
G1 X586.7 Y250.49 E45.71875
M73 P66 R322
G1 X250.49 Y586.7 E2052.67888
G1 X250.49 Y576.11 E45.71875
G1 X423.89 Y749.51 E1058.66712
G1 X435.402 Y749.51 E49.70059
;WIPE_START
G1 F600
G1 X425.402 Y749.51 E-30
;WIPE_END
G1 Z326 F15000
G1 X272.593 Y749.51 Z326
G1 Z325
G1 E40 F9000
G1 F2779.614
G1 X261.08 Y749.51 E49.70059
G1 F2760
G1 X250.49 Y738.92 E64.65625
G1 X250.49 Y749.51 E45.71875
G1 X749.51 Y250.49 E3046.69015
G1 X749.51 Y261.08 E45.71875
G1 X738.92 Y250.49 E64.65625
G1 X727.407 Y250.49 E49.70059
; stop printing object Cube id:0 copy 0
;LAYER_CHANGE
;Z:326.5
;HEIGHT:1.5
;BEFORE_LAYER_CHANGE
;326.5
G92 E0

EXCLUDE_OBJECT_END NAME=Cube_id_0_copy_0
;AFTER_LAYER_CHANGE
;326.5
;_SET_FAN_SPEED_CHANGING_LAYER
; printing object Cube id:0 copy 0
;WIPE_START
G1 F600
G1 X737.407 Y250.49 E-30
;WIPE_END
EXCLUDE_OBJECT_START NAME=Cube_id_0_copy_0
G1 Z327.5 F15000
G1 X751.956 Y248.044 Z327.5
G1 Z326.5
G1 E40 F9000
;TYPE:Outer wall
;WIDTH:3.2
G1 F2779.615
G1 X751.956 Y751.956 E2175.45813
G1 X248.044 Y751.956 E2175.45813
G1 F2760
M73 P66 R321
G1 X248.044 Y248.044 E2175.4585
G1 X751.656 Y248.044 E2174.16299
;WIPE_START
G1 F600
G1 X751.662 Y258.044 E-30
;WIPE_END
G1 Z327.5 F15000
G1 X727.407 Y250.49 Z327.5
G1 Z326.5
G1 E40 F9000
;TYPE:Sparse infill
;WIDTH:3.2
G1 F2779.614
G1 X738.92 Y250.49 E49.70059
G1 F2760
G1 X749.51 Y261.08 E64.65527
G1 X749.51 Y250.49 E45.71788
G1 X250.49 Y749.51 E3046.69043
G1 X250.49 Y738.92 E45.71786
G1 X261.08 Y749.51 E64.65527
G1 X272.593 Y749.51 E49.70059
;WIPE_START
G1 F600
G1 X262.593 Y749.51 E-30
;WIPE_END
G1 Z327.5 F15000
G1 X435.402 Y749.51 Z327.5
G1 Z326.5
G1 E40 F9000
G1 F2779.614
G1 F2760
G1 X423.89 Y749.51 E49.7002
G1 X250.49 Y576.11 E1058.66699
G1 X250.49 Y586.7 E45.71798
G1 X586.7 Y250.49 E2052.67871
G1 X576.11 Y250.49 E45.71875
M73 P66 R320
G1 X749.51 Y423.89 E1058.66712
G1 X749.51 Y413.3 E45.71875
G1 X413.3 Y749.51 E2052.6789
G1 X401.788 Y749.51 E49.70059
M73 P67 R320
;WIPE_START
G1 F600
G1 X411.788 Y749.51 E-30
;WIPE_END
G1 Z327.5 F15000
G1 X598.212 Y749.51 Z327.5
G1 Z326.5
G1 E40 F9000
G1 F2779.614
G1 F2760
G1 X586.7 Y749.51 E49.70117
G1 X250.49 Y413.3 E2052.67889
G1 X250.49 Y423.89 E45.71875
G1 X423.89 Y250.49 E1058.66711
G1 X413.3 Y250.49 E45.71875
G1 X749.51 Y586.7 E2052.6789
G1 X749.51 Y576.11 E45.71875
G1 X576.11 Y749.51 E1058.66713
G1 X564.597 Y749.51 E49.70059
;WIPE_START
G1 F600
M73 P67 R319
G1 X574.597 Y749.51 E-30
;WIPE_END
G1 Z327.5 F15000
G1 X749.51 Y727.407 Z327.5
G1 Z326.5
G1 E40 F9000
G1 F2779.614
G1 X749.51 Y738.92 E49.70059
G1 F2760
G1 X738.92 Y749.51 E64.65625
G1 X749.51 Y749.51 E45.71875
G1 X250.49 Y250.49 E3046.69065
G1 X261.08 Y250.49 E45.71875
G1 X250.49 Y261.08 E64.65625
G1 X250.49 Y272.593 E49.70059
; stop printing object Cube id:0 copy 0
;LAYER_CHANGE
;Z:328
;HEIGHT:1.5
;BEFORE_LAYER_CHANGE
;328
G92 E0

EXCLUDE_OBJECT_END NAME=Cube_id_0_copy_0
;AFTER_LAYER_CHANGE
;328
;_SET_FAN_SPEED_CHANGING_LAYER
; printing object Cube id:0 copy 0
;WIPE_START
G1 F600
G1 X250.49 Y262.593 E-30
;WIPE_END
EXCLUDE_OBJECT_START NAME=Cube_id_0_copy_0
G1 Z329 F15000
G1 X248.044 Y248.044 Z329
G1 Z328
G1 E40 F9000
;TYPE:Outer wall
;WIDTH:3.2
G1 F2779.615
G1 X751.956 Y248.044 E2175.45813
G1 X751.956 Y751.956 E2175.45813
G1 F2760
G1 X248.044 Y751.956 E2175.4585
G1 X248.044 Y248.344 E2174.16299
;WIPE_START
G1 F600
M73 P67 R318
G1 X258.044 Y248.338 E-30
;WIPE_END
G1 Z329 F15000
G1 X250.49 Y272.593 Z329
G1 Z328
G1 E40 F9000
;TYPE:Sparse infill
;WIDTH:3.2
G1 F2779.614
G1 X250.49 Y261.08 E49.70059
G1 F2760
G1 X261.08 Y250.49 E64.65527
G1 X250.49 Y250.49 E45.71822
G1 X749.51 Y749.51 E3046.69043
G1 X738.92 Y749.51 E45.71823
G1 X749.51 Y738.92 E64.65527
G1 X749.51 Y727.407 E49.70059
;WIPE_START
G1 F600
G1 X749.51 Y737.407 E-30
;WIPE_END
G1 Z329 F15000
G1 X564.597 Y749.51 Z329
G1 Z328
G1 E40 F9000
G1 F2779.614
G1 X576.11 Y749.51 E49.70059
G1 F2760
G1 X749.51 Y576.11 E1058.66699
G1 X749.51 Y586.7 E45.71813
G1 X413.3 Y250.49 E2052.67871
G1 X423.89 Y250.49 E45.71875
G1 X250.49 Y423.89 E1058.66711
G1 X250.49 Y413.3 E45.71875
G1 X586.7 Y749.51 E2052.67889
G1 X598.212 Y749.51 E49.70059
M73 P67 R317
;WIPE_START
G1 F600
G1 X588.212 Y749.51 E-30
;WIPE_END
G1 Z329 F15000
G1 X401.788 Y749.51 Z329
G1 Z328
G1 E40 F9000
G1 F2779.614
G1 F2760
G1 X413.3 Y749.51 E49.70117
G1 X749.51 Y413.3 E2052.6789
G1 X749.51 Y423.89 E45.71875
G1 X576.11 Y250.49 E1058.66712
G1 X586.7 Y250.49 E45.71875
G1 X250.49 Y586.7 E2052.67888
G1 X250.49 Y576.11 E45.71875
G1 X423.89 Y749.51 E1058.66712
G1 X435.402 Y749.51 E49.70059
;WIPE_START
G1 F600
G1 X425.402 Y749.51 E-30
;WIPE_END
G1 Z329 F15000
G1 X272.593 Y749.51 Z329
G1 Z328
G1 E40 F9000
G1 F2779.614
G1 X261.08 Y749.51 E49.70059
G1 F2760
G1 X250.49 Y738.92 E64.65625
G1 X250.49 Y749.51 E45.71875
G1 X749.51 Y250.49 E3046.69015
G1 X749.51 Y261.08 E45.71875
G1 X738.92 Y250.49 E64.65625
G1 X727.407 Y250.49 E49.70059
M73 P67 R316
; stop printing object Cube id:0 copy 0
;LAYER_CHANGE
;Z:329.5
;HEIGHT:1.5
;BEFORE_LAYER_CHANGE
;329.5
G92 E0

EXCLUDE_OBJECT_END NAME=Cube_id_0_copy_0
;AFTER_LAYER_CHANGE
;329.5
;_SET_FAN_SPEED_CHANGING_LAYER
; printing object Cube id:0 copy 0
;WIPE_START
G1 F600
G1 X737.407 Y250.49 E-30
;WIPE_END
EXCLUDE_OBJECT_START NAME=Cube_id_0_copy_0
G1 Z330.5 F15000
G1 X751.956 Y248.044 Z330.5
G1 Z329.5
G1 E40 F9000
;TYPE:Outer wall
;WIDTH:3.2
G1 F2779.615
G1 X751.956 Y751.956 E2175.45813
G1 X248.044 Y751.956 E2175.45813
G1 F2760
G1 X248.044 Y248.044 E2175.4585
G1 X751.656 Y248.044 E2174.16299
;WIPE_START
G1 F600
G1 X751.662 Y258.044 E-30
;WIPE_END
G1 Z330.5 F15000
G1 X727.407 Y250.49 Z330.5
G1 Z329.5
G1 E40 F9000
;TYPE:Sparse infill
;WIDTH:3.2
G1 F2779.614
G1 X738.92 Y250.49 E49.70059
G1 F2760
G1 X749.51 Y261.08 E64.65527
G1 X749.51 Y250.49 E45.71788
G1 X250.49 Y749.51 E3046.69043
G1 X250.49 Y738.92 E45.71786
M73 P67 R315
G1 X261.08 Y749.51 E64.65527
G1 X272.593 Y749.51 E49.70059
;WIPE_START
G1 F600
G1 X262.593 Y749.51 E-30
;WIPE_END
G1 Z330.5 F15000
G1 X435.402 Y749.51 Z330.5
G1 Z329.5
G1 E40 F9000
G1 F2779.614
G1 F2760
G1 X423.89 Y749.51 E49.7002
G1 X250.49 Y576.11 E1058.66699
G1 X250.49 Y586.7 E45.71798
G1 X586.7 Y250.49 E2052.67871
G1 X576.11 Y250.49 E45.71875
G1 X749.51 Y423.89 E1058.66712
G1 X749.51 Y413.3 E45.71875
G1 X413.3 Y749.51 E2052.6789
G1 X401.788 Y749.51 E49.70059
;WIPE_START
G1 F600
G1 X411.788 Y749.51 E-30
;WIPE_END
G1 Z330.5 F15000
G1 X598.212 Y749.51 Z330.5
G1 Z329.5
G1 E40 F9000
G1 F2779.614
G1 F2760
G1 X586.7 Y749.51 E49.70117
G1 X250.49 Y413.3 E2052.67889
G1 X250.49 Y423.89 E45.71875
G1 X423.89 Y250.49 E1058.66711
G1 X413.3 Y250.49 E45.71875
M73 P67 R314
G1 X749.51 Y586.7 E2052.6789
G1 X749.51 Y576.11 E45.71875
G1 X576.11 Y749.51 E1058.66713
G1 X564.597 Y749.51 E49.70059
;WIPE_START
G1 F600
G1 X574.597 Y749.51 E-30
;WIPE_END
G1 Z330.5 F15000
G1 X749.51 Y727.407 Z330.5
G1 Z329.5
G1 E40 F9000
G1 F2779.614
G1 X749.51 Y738.92 E49.70059
G1 F2760
G1 X738.92 Y749.51 E64.65625
G1 X749.51 Y749.51 E45.71875
G1 X250.49 Y250.49 E3046.69065
G1 X261.08 Y250.49 E45.71875
G1 X250.49 Y261.08 E64.65625
G1 X250.49 Y272.593 E49.70059
; stop printing object Cube id:0 copy 0
;LAYER_CHANGE
;Z:331
;HEIGHT:1.5
;BEFORE_LAYER_CHANGE
;331
G92 E0

EXCLUDE_OBJECT_END NAME=Cube_id_0_copy_0
;AFTER_LAYER_CHANGE
;331
;_SET_FAN_SPEED_CHANGING_LAYER
; printing object Cube id:0 copy 0
;WIPE_START
G1 F600
G1 X250.49 Y262.593 E-30
;WIPE_END
EXCLUDE_OBJECT_START NAME=Cube_id_0_copy_0
G1 Z332 F15000
G1 X248.044 Y248.044 Z332
G1 Z331
G1 E40 F9000
;TYPE:Outer wall
;WIDTH:3.2
G1 F2779.615
G1 X751.956 Y248.044 E2175.45813
G1 X751.956 Y751.956 E2175.45813
G1 F2760
M73 P67 R313
G1 X248.044 Y751.956 E2175.4585
G1 X248.044 Y248.344 E2174.16299
;WIPE_START
G1 F600
G1 X258.044 Y248.338 E-30
;WIPE_END
G1 Z332 F15000
G1 X250.49 Y272.593 Z332
G1 Z331
G1 E40 F9000
;TYPE:Sparse infill
;WIDTH:3.2
G1 F2779.614
G1 X250.49 Y261.08 E49.70059
G1 F2760
G1 X261.08 Y250.49 E64.65527
G1 X250.49 Y250.49 E45.71822
G1 X749.51 Y749.51 E3046.69043
G1 X738.92 Y749.51 E45.71823
G1 X749.51 Y738.92 E64.65527
G1 X749.51 Y727.407 E49.70059
;WIPE_START
G1 F600
G1 X749.51 Y737.407 E-30
;WIPE_END
G1 Z332 F15000
G1 X564.597 Y749.51 Z332
G1 Z331
G1 E40 F9000
G1 F2779.614
G1 X576.11 Y749.51 E49.70059
G1 F2760
G1 X749.51 Y576.11 E1058.66699
G1 X749.51 Y586.7 E45.71813
G1 X413.3 Y250.49 E2052.67871
G1 X423.89 Y250.49 E45.71875
M73 P67 R312
G1 X250.49 Y423.89 E1058.66711
G1 X250.49 Y413.3 E45.71875
G1 X586.7 Y749.51 E2052.67889
G1 X598.212 Y749.51 E49.70059
;WIPE_START
G1 F600
G1 X588.212 Y749.51 E-30
;WIPE_END
G1 Z332 F15000
G1 X401.788 Y749.51 Z332
G1 Z331
G1 E40 F9000
G1 F2779.614
G1 F2760
G1 X413.3 Y749.51 E49.70117
G1 X749.51 Y413.3 E2052.6789
G1 X749.51 Y423.89 E45.71875
G1 X576.11 Y250.49 E1058.66712
G1 X586.7 Y250.49 E45.71875
G1 X250.49 Y586.7 E2052.67888
G1 X250.49 Y576.11 E45.71875
G1 X423.89 Y749.51 E1058.66712
G1 X435.402 Y749.51 E49.70059
;WIPE_START
G1 F600
G1 X425.402 Y749.51 E-30
;WIPE_END
G1 Z332 F15000
M73 P67 R311
G1 X272.593 Y749.51 Z332
G1 Z331
G1 E40 F9000
G1 F2779.614
G1 X261.08 Y749.51 E49.70059
G1 F2760
G1 X250.49 Y738.92 E64.65625
G1 X250.49 Y749.51 E45.71875
G1 X749.51 Y250.49 E3046.69015
G1 X749.51 Y261.08 E45.71875
G1 X738.92 Y250.49 E64.65625
G1 X727.407 Y250.49 E49.70059
; stop printing object Cube id:0 copy 0
;LAYER_CHANGE
;Z:332.5
;HEIGHT:1.5
;BEFORE_LAYER_CHANGE
;332.5
G92 E0

EXCLUDE_OBJECT_END NAME=Cube_id_0_copy_0
;AFTER_LAYER_CHANGE
;332.5
;_SET_FAN_SPEED_CHANGING_LAYER
; printing object Cube id:0 copy 0
;WIPE_START
G1 F600
G1 X737.407 Y250.49 E-30
;WIPE_END
EXCLUDE_OBJECT_START NAME=Cube_id_0_copy_0
G1 Z333.5 F15000
G1 X751.956 Y248.044 Z333.5
G1 Z332.5
G1 E40 F9000
;TYPE:Outer wall
;WIDTH:3.2
G1 F2779.615
G1 X751.956 Y751.956 E2175.45813
G1 X248.044 Y751.956 E2175.45813
G1 F2760
G1 X248.044 Y248.044 E2175.4585
G1 X751.656 Y248.044 E2174.16299
;WIPE_START
G1 F600
M73 P68 R310
G1 X751.662 Y258.044 E-30
;WIPE_END
G1 Z333.5 F15000
G1 X727.407 Y250.49 Z333.5
G1 Z332.5
G1 E40 F9000
;TYPE:Sparse infill
;WIDTH:3.2
G1 F2779.614
G1 X738.92 Y250.49 E49.70059
G1 F2760
G1 X749.51 Y261.08 E64.65527
G1 X749.51 Y250.49 E45.71788
G1 X250.49 Y749.51 E3046.69043
G1 X250.49 Y738.92 E45.71786
G1 X261.08 Y749.51 E64.65527
G1 X272.593 Y749.51 E49.70059
;WIPE_START
G1 F600
G1 X262.593 Y749.51 E-30
;WIPE_END
G1 Z333.5 F15000
G1 X435.402 Y749.51 Z333.5
G1 Z332.5
G1 E40 F9000
G1 F2779.614
G1 F2760
G1 X423.89 Y749.51 E49.7002
G1 X250.49 Y576.11 E1058.66699
G1 X250.49 Y586.7 E45.71798
G1 X586.7 Y250.49 E2052.67871
G1 X576.11 Y250.49 E45.71875
G1 X749.51 Y423.89 E1058.66712
G1 X749.51 Y413.3 E45.71875
G1 X413.3 Y749.51 E2052.6789
G1 X401.788 Y749.51 E49.70059
M73 P68 R309
;WIPE_START
G1 F600
G1 X411.788 Y749.51 E-30
;WIPE_END
G1 Z333.5 F15000
G1 X598.212 Y749.51 Z333.5
G1 Z332.5
G1 E40 F9000
G1 F2779.614
G1 F2760
G1 X586.7 Y749.51 E49.70117
G1 X250.49 Y413.3 E2052.67889
G1 X250.49 Y423.89 E45.71875
G1 X423.89 Y250.49 E1058.66711
G1 X413.3 Y250.49 E45.71875
G1 X749.51 Y586.7 E2052.6789
G1 X749.51 Y576.11 E45.71875
G1 X576.11 Y749.51 E1058.66713
G1 X564.597 Y749.51 E49.70059
;WIPE_START
G1 F600
G1 X574.597 Y749.51 E-30
;WIPE_END
G1 Z333.5 F15000
G1 X749.51 Y727.407 Z333.5
G1 Z332.5
G1 E40 F9000
G1 F2779.614
G1 X749.51 Y738.92 E49.70059
G1 F2760
G1 X738.92 Y749.51 E64.65625
G1 X749.51 Y749.51 E45.71875
G1 X250.49 Y250.49 E3046.69065
G1 X261.08 Y250.49 E45.71875
G1 X250.49 Y261.08 E64.65625
G1 X250.49 Y272.593 E49.70059
; stop printing object Cube id:0 copy 0
;LAYER_CHANGE
;Z:334
;HEIGHT:1.5
;BEFORE_LAYER_CHANGE
;334
G92 E0

EXCLUDE_OBJECT_END NAME=Cube_id_0_copy_0
;AFTER_LAYER_CHANGE
;334
;_SET_FAN_SPEED_CHANGING_LAYER
; printing object Cube id:0 copy 0
;WIPE_START
G1 F600
G1 X250.49 Y262.593 E-30
;WIPE_END
EXCLUDE_OBJECT_START NAME=Cube_id_0_copy_0
G1 Z335 F15000
M73 P68 R308
G1 X248.044 Y248.044 Z335
G1 Z334
G1 E40 F9000
;TYPE:Outer wall
;WIDTH:3.2
G1 F2779.615
G1 X751.956 Y248.044 E2175.45813
G1 X751.956 Y751.956 E2175.45813
G1 F2760
G1 X248.044 Y751.956 E2175.4585
G1 X248.044 Y248.344 E2174.16299
;WIPE_START
G1 F600
G1 X258.044 Y248.338 E-30
;WIPE_END
G1 Z335 F15000
G1 X250.49 Y272.593 Z335
G1 Z334
G1 E40 F9000
;TYPE:Sparse infill
;WIDTH:3.2
G1 F2779.614
G1 X250.49 Y261.08 E49.70059
G1 F2760
G1 X261.08 Y250.49 E64.65527
G1 X250.49 Y250.49 E45.71822
G1 X749.51 Y749.51 E3046.69043
G1 X738.92 Y749.51 E45.71823
M73 P68 R307
G1 X749.51 Y738.92 E64.65527
G1 X749.51 Y727.407 E49.70059
;WIPE_START
G1 F600
G1 X749.51 Y737.407 E-30
;WIPE_END
G1 Z335 F15000
G1 X564.597 Y749.51 Z335
G1 Z334
G1 E40 F9000
G1 F2779.614
G1 X576.11 Y749.51 E49.70059
G1 F2760
G1 X749.51 Y576.11 E1058.66699
G1 X749.51 Y586.7 E45.71813
G1 X413.3 Y250.49 E2052.67871
G1 X423.89 Y250.49 E45.71875
G1 X250.49 Y423.89 E1058.66711
G1 X250.49 Y413.3 E45.71875
G1 X586.7 Y749.51 E2052.67889
G1 X598.212 Y749.51 E49.70059
;WIPE_START
G1 F600
G1 X588.212 Y749.51 E-30
;WIPE_END
G1 Z335 F15000
G1 X401.788 Y749.51 Z335
G1 Z334
G1 E40 F9000
G1 F2779.614
G1 F2760
G1 X413.3 Y749.51 E49.70117
G1 X749.51 Y413.3 E2052.6789
G1 X749.51 Y423.89 E45.71875
G1 X576.11 Y250.49 E1058.66712
G1 X586.7 Y250.49 E45.71875
M73 P68 R306
G1 X250.49 Y586.7 E2052.67888
G1 X250.49 Y576.11 E45.71875
G1 X423.89 Y749.51 E1058.66712
G1 X435.402 Y749.51 E49.70059
;WIPE_START
G1 F600
G1 X425.402 Y749.51 E-30
;WIPE_END
G1 Z335 F15000
G1 X272.593 Y749.51 Z335
G1 Z334
G1 E40 F9000
G1 F2779.614
G1 X261.08 Y749.51 E49.70059
G1 F2760
G1 X250.49 Y738.92 E64.65625
G1 X250.49 Y749.51 E45.71875
G1 X749.51 Y250.49 E3046.69015
G1 X749.51 Y261.08 E45.71875
G1 X738.92 Y250.49 E64.65625
G1 X727.407 Y250.49 E49.70059
; stop printing object Cube id:0 copy 0
;LAYER_CHANGE
;Z:335.5
;HEIGHT:1.5
;BEFORE_LAYER_CHANGE
;335.5
G92 E0

EXCLUDE_OBJECT_END NAME=Cube_id_0_copy_0
;AFTER_LAYER_CHANGE
;335.5
;_SET_FAN_SPEED_CHANGING_LAYER
; printing object Cube id:0 copy 0
;WIPE_START
G1 F600
G1 X737.407 Y250.49 E-30
;WIPE_END
EXCLUDE_OBJECT_START NAME=Cube_id_0_copy_0
G1 Z336.5 F15000
G1 X751.956 Y248.044 Z336.5
G1 Z335.5
G1 E40 F9000
;TYPE:Outer wall
;WIDTH:3.2
G1 F2779.615
G1 X751.956 Y751.956 E2175.45813
G1 X248.044 Y751.956 E2175.45813
G1 F2760
M73 P68 R305
G1 X248.044 Y248.044 E2175.4585
G1 X751.656 Y248.044 E2174.16299
;WIPE_START
G1 F600
G1 X751.662 Y258.044 E-30
;WIPE_END
G1 Z336.5 F15000
G1 X727.407 Y250.49 Z336.5
G1 Z335.5
G1 E40 F9000
;TYPE:Sparse infill
;WIDTH:3.2
G1 F2779.614
G1 X738.92 Y250.49 E49.70059
G1 F2760
G1 X749.51 Y261.08 E64.65527
G1 X749.51 Y250.49 E45.71788
G1 X250.49 Y749.51 E3046.69043
G1 X250.49 Y738.92 E45.71786
G1 X261.08 Y749.51 E64.65527
G1 X272.593 Y749.51 E49.70059
;WIPE_START
G1 F600
G1 X262.593 Y749.51 E-30
;WIPE_END
G1 Z336.5 F15000
G1 X435.402 Y749.51 Z336.5
G1 Z335.5
G1 E40 F9000
G1 F2779.614
G1 F2760
G1 X423.89 Y749.51 E49.7002
G1 X250.49 Y576.11 E1058.66699
G1 X250.49 Y586.7 E45.71798
G1 X586.7 Y250.49 E2052.67871
G1 X576.11 Y250.49 E45.71875
M73 P68 R304
G1 X749.51 Y423.89 E1058.66712
G1 X749.51 Y413.3 E45.71875
G1 X413.3 Y749.51 E2052.6789
G1 X401.788 Y749.51 E49.70059
;WIPE_START
G1 F600
G1 X411.788 Y749.51 E-30
;WIPE_END
G1 Z336.5 F15000
G1 X598.212 Y749.51 Z336.5
G1 Z335.5
G1 E40 F9000
G1 F2779.614
G1 F2760
G1 X586.7 Y749.51 E49.70117
G1 X250.49 Y413.3 E2052.67889
G1 X250.49 Y423.89 E45.71875
G1 X423.89 Y250.49 E1058.66711
G1 X413.3 Y250.49 E45.71875
G1 X749.51 Y586.7 E2052.6789
G1 X749.51 Y576.11 E45.71875
G1 X576.11 Y749.51 E1058.66713
G1 X564.597 Y749.51 E49.70059
;WIPE_START
G1 F600
G1 X574.597 Y749.51 E-30
;WIPE_END
G1 Z336.5 F15000
M73 P68 R303
G1 X749.51 Y727.407 Z336.5
G1 Z335.5
G1 E40 F9000
G1 F2779.614
G1 X749.51 Y738.92 E49.70059
G1 F2760
G1 X738.92 Y749.51 E64.65625
G1 X749.51 Y749.51 E45.71875
G1 X250.49 Y250.49 E3046.69065
G1 X261.08 Y250.49 E45.71875
G1 X250.49 Y261.08 E64.65625
G1 X250.49 Y272.593 E49.70059
; stop printing object Cube id:0 copy 0
;LAYER_CHANGE
;Z:337
;HEIGHT:1.5
;BEFORE_LAYER_CHANGE
;337
G92 E0

EXCLUDE_OBJECT_END NAME=Cube_id_0_copy_0
;AFTER_LAYER_CHANGE
;337
;_SET_FAN_SPEED_CHANGING_LAYER
; printing object Cube id:0 copy 0
;WIPE_START
G1 F600
G1 X250.49 Y262.593 E-30
;WIPE_END
EXCLUDE_OBJECT_START NAME=Cube_id_0_copy_0
G1 Z338 F15000
G1 X248.044 Y248.044 Z338
G1 Z337
G1 E40 F9000
;TYPE:Outer wall
;WIDTH:3.2
G1 F2779.615
G1 X751.956 Y248.044 E2175.45813
G1 X751.956 Y751.956 E2175.45813
G1 F2760
G1 X248.044 Y751.956 E2175.4585
G1 X248.044 Y248.344 E2174.16299
;WIPE_START
G1 F600
M73 P68 R302
G1 X258.044 Y248.338 E-30
;WIPE_END
G1 Z338 F15000
G1 X250.49 Y272.593 Z338
G1 Z337
G1 E40 F9000
;TYPE:Sparse infill
;WIDTH:3.2
G1 F2779.614
G1 X250.49 Y261.08 E49.70059
G1 F2760
G1 X261.08 Y250.49 E64.65527
G1 X250.49 Y250.49 E45.71822
G1 X749.51 Y749.51 E3046.69043
G1 X738.92 Y749.51 E45.71823
G1 X749.51 Y738.92 E64.65527
G1 X749.51 Y727.407 E49.70059
;WIPE_START
G1 F600
G1 X749.51 Y737.407 E-30
;WIPE_END
G1 Z338 F15000
G1 X564.597 Y749.51 Z338
G1 Z337
G1 E40 F9000
G1 F2779.614
G1 X576.11 Y749.51 E49.70059
G1 F2760
G1 X749.51 Y576.11 E1058.66699
G1 X749.51 Y586.7 E45.71813
G1 X413.3 Y250.49 E2052.67871
G1 X423.89 Y250.49 E45.71875
G1 X250.49 Y423.89 E1058.66711
G1 X250.49 Y413.3 E45.71875
G1 X586.7 Y749.51 E2052.67889
G1 X598.212 Y749.51 E49.70059
M73 P68 R301
;WIPE_START
G1 F600
G1 X588.212 Y749.51 E-30
;WIPE_END
G1 Z338 F15000
G1 X401.788 Y749.51 Z338
G1 Z337
G1 E40 F9000
G1 F2779.614
G1 F2760
G1 X413.3 Y749.51 E49.70117
G1 X749.51 Y413.3 E2052.6789
G1 X749.51 Y423.89 E45.71875
G1 X576.11 Y250.49 E1058.66712
G1 X586.7 Y250.49 E45.71875
G1 X250.49 Y586.7 E2052.67888
G1 X250.49 Y576.11 E45.71875
G1 X423.89 Y749.51 E1058.66712
G1 X435.402 Y749.51 E49.70059
;WIPE_START
G1 F600
G1 X425.402 Y749.51 E-30
;WIPE_END
G1 Z338 F15000
M73 P69 R301
G1 X272.593 Y749.51 Z338
G1 Z337
G1 E40 F9000
G1 F2779.614
G1 X261.08 Y749.51 E49.70059
G1 F2760
G1 X250.49 Y738.92 E64.65625
G1 X250.49 Y749.51 E45.71875
G1 X749.51 Y250.49 E3046.69015
G1 X749.51 Y261.08 E45.71875
G1 X738.92 Y250.49 E64.65625
G1 X727.407 Y250.49 E49.70059
; stop printing object Cube id:0 copy 0
;LAYER_CHANGE
;Z:338.5
;HEIGHT:1.5
;BEFORE_LAYER_CHANGE
;338.5
G92 E0

EXCLUDE_OBJECT_END NAME=Cube_id_0_copy_0
;AFTER_LAYER_CHANGE
;338.5
;_SET_FAN_SPEED_CHANGING_LAYER
; printing object Cube id:0 copy 0
;WIPE_START
G1 F600
G1 X737.407 Y250.49 E-30
;WIPE_END
EXCLUDE_OBJECT_START NAME=Cube_id_0_copy_0
G1 Z339.5 F15000
M73 P69 R300
G1 X751.956 Y248.044 Z339.5
G1 Z338.5
G1 E40 F9000
;TYPE:Outer wall
;WIDTH:3.2
G1 F2779.615
G1 X751.956 Y751.956 E2175.45813
G1 X248.044 Y751.956 E2175.45813
G1 F2760
G1 X248.044 Y248.044 E2175.4585
G1 X751.656 Y248.044 E2174.16299
;WIPE_START
G1 F600
G1 X751.662 Y258.044 E-30
;WIPE_END
G1 Z339.5 F15000
G1 X727.407 Y250.49 Z339.5
G1 Z338.5
G1 E40 F9000
;TYPE:Sparse infill
;WIDTH:3.2
G1 F2779.614
G1 X738.92 Y250.49 E49.70059
G1 F2760
G1 X749.51 Y261.08 E64.65527
G1 X749.51 Y250.49 E45.71788
G1 X250.49 Y749.51 E3046.69043
G1 X250.49 Y738.92 E45.71786
M73 P69 R299
G1 X261.08 Y749.51 E64.65527
G1 X272.593 Y749.51 E49.70059
;WIPE_START
G1 F600
G1 X262.593 Y749.51 E-30
;WIPE_END
G1 Z339.5 F15000
G1 X435.402 Y749.51 Z339.5
G1 Z338.5
G1 E40 F9000
G1 F2779.614
G1 F2760
G1 X423.89 Y749.51 E49.7002
G1 X250.49 Y576.11 E1058.66699
G1 X250.49 Y586.7 E45.71798
G1 X586.7 Y250.49 E2052.67871
G1 X576.11 Y250.49 E45.71875
G1 X749.51 Y423.89 E1058.66712
G1 X749.51 Y413.3 E45.71875
G1 X413.3 Y749.51 E2052.6789
G1 X401.788 Y749.51 E49.70059
;WIPE_START
G1 F600
G1 X411.788 Y749.51 E-30
;WIPE_END
G1 Z339.5 F15000
G1 X598.212 Y749.51 Z339.5
G1 Z338.5
G1 E40 F9000
G1 F2779.614
G1 F2760
G1 X586.7 Y749.51 E49.70117
G1 X250.49 Y413.3 E2052.67889
G1 X250.49 Y423.89 E45.71875
G1 X423.89 Y250.49 E1058.66711
G1 X413.3 Y250.49 E45.71875
M73 P69 R298
G1 X749.51 Y586.7 E2052.6789
G1 X749.51 Y576.11 E45.71875
G1 X576.11 Y749.51 E1058.66713
G1 X564.597 Y749.51 E49.70059
;WIPE_START
G1 F600
G1 X574.597 Y749.51 E-30
;WIPE_END
G1 Z339.5 F15000
G1 X749.51 Y727.407 Z339.5
G1 Z338.5
G1 E40 F9000
G1 F2779.614
G1 X749.51 Y738.92 E49.70059
G1 F2760
G1 X738.92 Y749.51 E64.65625
G1 X749.51 Y749.51 E45.71875
G1 X250.49 Y250.49 E3046.69065
G1 X261.08 Y250.49 E45.71875
G1 X250.49 Y261.08 E64.65625
G1 X250.49 Y272.593 E49.70059
; stop printing object Cube id:0 copy 0
;LAYER_CHANGE
;Z:340
;HEIGHT:1.5
;BEFORE_LAYER_CHANGE
;340
G92 E0

EXCLUDE_OBJECT_END NAME=Cube_id_0_copy_0
;AFTER_LAYER_CHANGE
;340
;_SET_FAN_SPEED_CHANGING_LAYER
; printing object Cube id:0 copy 0
;WIPE_START
G1 F600
G1 X250.49 Y262.593 E-30
;WIPE_END
EXCLUDE_OBJECT_START NAME=Cube_id_0_copy_0
G1 Z341 F15000
G1 X248.044 Y248.044 Z341
G1 Z340
G1 E40 F9000
;TYPE:Outer wall
;WIDTH:3.2
G1 F2779.615
G1 X751.956 Y248.044 E2175.45813
G1 X751.956 Y751.956 E2175.45813
G1 F2760
M73 P69 R297
G1 X248.044 Y751.956 E2175.4585
G1 X248.044 Y248.344 E2174.16299
;WIPE_START
G1 F600
G1 X258.044 Y248.338 E-30
;WIPE_END
G1 Z341 F15000
G1 X250.49 Y272.593 Z341
G1 Z340
G1 E40 F9000
;TYPE:Sparse infill
;WIDTH:3.2
G1 F2779.614
G1 X250.49 Y261.08 E49.70059
G1 F2760
G1 X261.08 Y250.49 E64.65527
G1 X250.49 Y250.49 E45.71822
G1 X749.51 Y749.51 E3046.69043
G1 X738.92 Y749.51 E45.71823
G1 X749.51 Y738.92 E64.65527
G1 X749.51 Y727.407 E49.70059
;WIPE_START
G1 F600
G1 X749.51 Y737.407 E-30
;WIPE_END
G1 Z341 F15000
G1 X564.597 Y749.51 Z341
G1 Z340
G1 E40 F9000
G1 F2779.614
G1 X576.11 Y749.51 E49.70059
G1 F2760
G1 X749.51 Y576.11 E1058.66699
G1 X749.51 Y586.7 E45.71813
G1 X413.3 Y250.49 E2052.67871
G1 X423.89 Y250.49 E45.71875
M73 P69 R296
G1 X250.49 Y423.89 E1058.66711
G1 X250.49 Y413.3 E45.71875
G1 X586.7 Y749.51 E2052.67889
G1 X598.212 Y749.51 E49.70059
;WIPE_START
G1 F600
G1 X588.212 Y749.51 E-30
;WIPE_END
G1 Z341 F15000
G1 X401.788 Y749.51 Z341
G1 Z340
G1 E40 F9000
G1 F2779.614
G1 F2760
G1 X413.3 Y749.51 E49.70117
G1 X749.51 Y413.3 E2052.6789
G1 X749.51 Y423.89 E45.71875
G1 X576.11 Y250.49 E1058.66712
G1 X586.7 Y250.49 E45.71875
G1 X250.49 Y586.7 E2052.67888
G1 X250.49 Y576.11 E45.71875
G1 X423.89 Y749.51 E1058.66712
G1 X435.402 Y749.51 E49.70059
;WIPE_START
G1 F600
G1 X425.402 Y749.51 E-30
;WIPE_END
G1 Z341 F15000
G1 X272.593 Y749.51 Z341
G1 Z340
M73 P69 R295
G1 E40 F9000
G1 F2779.614
G1 X261.08 Y749.51 E49.70059
G1 F2760
G1 X250.49 Y738.92 E64.65625
G1 X250.49 Y749.51 E45.71875
G1 X749.51 Y250.49 E3046.69015
G1 X749.51 Y261.08 E45.71875
G1 X738.92 Y250.49 E64.65625
G1 X727.407 Y250.49 E49.70059
; stop printing object Cube id:0 copy 0
;LAYER_CHANGE
;Z:341.5
;HEIGHT:1.5
;BEFORE_LAYER_CHANGE
;341.5
G92 E0

EXCLUDE_OBJECT_END NAME=Cube_id_0_copy_0
;AFTER_LAYER_CHANGE
;341.5
;_SET_FAN_SPEED_CHANGING_LAYER
; printing object Cube id:0 copy 0
;WIPE_START
G1 F600
G1 X737.407 Y250.49 E-30
;WIPE_END
EXCLUDE_OBJECT_START NAME=Cube_id_0_copy_0
G1 Z342.5 F15000
G1 X751.956 Y248.044 Z342.5
G1 Z341.5
G1 E40 F9000
;TYPE:Outer wall
;WIDTH:3.2
G1 F2779.615
G1 X751.956 Y751.956 E2175.45813
G1 X248.044 Y751.956 E2175.45813
G1 F2760
G1 X248.044 Y248.044 E2175.4585
G1 X751.656 Y248.044 E2174.16299
;WIPE_START
G1 F600
M73 P69 R294
G1 X751.662 Y258.044 E-30
;WIPE_END
G1 Z342.5 F15000
G1 X727.407 Y250.49 Z342.5
G1 Z341.5
G1 E40 F9000
;TYPE:Sparse infill
;WIDTH:3.2
G1 F2779.614
G1 X738.92 Y250.49 E49.70059
G1 F2760
G1 X749.51 Y261.08 E64.65527
G1 X749.51 Y250.49 E45.71788
G1 X250.49 Y749.51 E3046.69043
G1 X250.49 Y738.92 E45.71786
G1 X261.08 Y749.51 E64.65527
G1 X272.593 Y749.51 E49.70059
;WIPE_START
G1 F600
G1 X262.593 Y749.51 E-30
;WIPE_END
G1 Z342.5 F15000
G1 X435.402 Y749.51 Z342.5
G1 Z341.5
G1 E40 F9000
G1 F2779.614
G1 F2760
G1 X423.89 Y749.51 E49.7002
G1 X250.49 Y576.11 E1058.66699
G1 X250.49 Y586.7 E45.71798
G1 X586.7 Y250.49 E2052.67871
G1 X576.11 Y250.49 E45.71875
G1 X749.51 Y423.89 E1058.66712
G1 X749.51 Y413.3 E45.71875
G1 X413.3 Y749.51 E2052.6789
G1 X401.788 Y749.51 E49.70059
M73 P69 R293
;WIPE_START
G1 F600
G1 X411.788 Y749.51 E-30
;WIPE_END
G1 Z342.5 F15000
G1 X598.212 Y749.51 Z342.5
G1 Z341.5
G1 E40 F9000
G1 F2779.614
G1 F2760
G1 X586.7 Y749.51 E49.70117
G1 X250.49 Y413.3 E2052.67889
G1 X250.49 Y423.89 E45.71875
G1 X423.89 Y250.49 E1058.66711
G1 X413.3 Y250.49 E45.71875
G1 X749.51 Y586.7 E2052.6789
G1 X749.51 Y576.11 E45.71875
G1 X576.11 Y749.51 E1058.66713
G1 X564.597 Y749.51 E49.70059
;WIPE_START
G1 F600
G1 X574.597 Y749.51 E-30
;WIPE_END
G1 Z342.5 F15000
G1 X749.51 Y727.407 Z342.5
G1 Z341.5
G1 E40 F9000
G1 F2779.614
G1 X749.51 Y738.92 E49.70059
G1 F2760
G1 X738.92 Y749.51 E64.65625
G1 X749.51 Y749.51 E45.71875
G1 X250.49 Y250.49 E3046.69065
G1 X261.08 Y250.49 E45.71875
G1 X250.49 Y261.08 E64.65625
G1 X250.49 Y272.593 E49.70059
; stop printing object Cube id:0 copy 0
;LAYER_CHANGE
;Z:343
;HEIGHT:1.5
;BEFORE_LAYER_CHANGE
;343
G92 E0

EXCLUDE_OBJECT_END NAME=Cube_id_0_copy_0
;AFTER_LAYER_CHANGE
;343
;_SET_FAN_SPEED_CHANGING_LAYER
; printing object Cube id:0 copy 0
;WIPE_START
G1 F600
G1 X250.49 Y262.593 E-30
;WIPE_END
EXCLUDE_OBJECT_START NAME=Cube_id_0_copy_0
G1 Z344 F15000
G1 X248.044 Y248.044 Z344
M73 P69 R292
G1 Z343
G1 E40 F9000
;TYPE:Outer wall
;WIDTH:3.2
G1 F2779.615
G1 X751.956 Y248.044 E2175.45813
G1 X751.956 Y751.956 E2175.45813
G1 F2760
G1 X248.044 Y751.956 E2175.4585
G1 X248.044 Y248.344 E2174.16299
;WIPE_START
G1 F600
G1 X258.044 Y248.338 E-30
;WIPE_END
G1 Z344 F15000
G1 X250.49 Y272.593 Z344
G1 Z343
G1 E40 F9000
;TYPE:Sparse infill
;WIDTH:3.2
G1 F2779.614
G1 X250.49 Y261.08 E49.70059
G1 F2760
G1 X261.08 Y250.49 E64.65527
G1 X250.49 Y250.49 E45.71822
G1 X749.51 Y749.51 E3046.69043
G1 X738.92 Y749.51 E45.71823
M73 P69 R291
G1 X749.51 Y738.92 E64.65527
G1 X749.51 Y727.407 E49.70059
;WIPE_START
G1 F600
G1 X749.51 Y737.407 E-30
;WIPE_END
G1 Z344 F15000
G1 X564.597 Y749.51 Z344
G1 Z343
G1 E40 F9000
G1 F2779.614
G1 X576.11 Y749.51 E49.70059
G1 F2760
G1 X749.51 Y576.11 E1058.66699
G1 X749.51 Y586.7 E45.71813
G1 X413.3 Y250.49 E2052.67871
G1 X423.89 Y250.49 E45.71875
M73 P70 R291
G1 X250.49 Y423.89 E1058.66711
G1 X250.49 Y413.3 E45.71875
G1 X586.7 Y749.51 E2052.67889
G1 X598.212 Y749.51 E49.70059
;WIPE_START
G1 F600
G1 X588.212 Y749.51 E-30
;WIPE_END
G1 Z344 F15000
G1 X401.788 Y749.51 Z344
G1 Z343
G1 E40 F9000
G1 F2779.614
G1 F2760
G1 X413.3 Y749.51 E49.70117
G1 X749.51 Y413.3 E2052.6789
G1 X749.51 Y423.89 E45.71875
G1 X576.11 Y250.49 E1058.66712
G1 X586.7 Y250.49 E45.71875
M73 P70 R290
G1 X250.49 Y586.7 E2052.67888
G1 X250.49 Y576.11 E45.71875
G1 X423.89 Y749.51 E1058.66712
G1 X435.402 Y749.51 E49.70059
;WIPE_START
G1 F600
G1 X425.402 Y749.51 E-30
;WIPE_END
G1 Z344 F15000
G1 X272.593 Y749.51 Z344
G1 Z343
G1 E40 F9000
G1 F2779.614
G1 X261.08 Y749.51 E49.70059
G1 F2760
G1 X250.49 Y738.92 E64.65625
G1 X250.49 Y749.51 E45.71875
G1 X749.51 Y250.49 E3046.69015
G1 X749.51 Y261.08 E45.71875
G1 X738.92 Y250.49 E64.65625
G1 X727.407 Y250.49 E49.70059
; stop printing object Cube id:0 copy 0
;LAYER_CHANGE
;Z:344.5
;HEIGHT:1.5
;BEFORE_LAYER_CHANGE
;344.5
G92 E0

EXCLUDE_OBJECT_END NAME=Cube_id_0_copy_0
;AFTER_LAYER_CHANGE
;344.5
;_SET_FAN_SPEED_CHANGING_LAYER
; printing object Cube id:0 copy 0
;WIPE_START
G1 F600
G1 X737.407 Y250.49 E-30
;WIPE_END
EXCLUDE_OBJECT_START NAME=Cube_id_0_copy_0
G1 Z345.5 F15000
G1 X751.956 Y248.044 Z345.5
G1 Z344.5
G1 E40 F9000
;TYPE:Outer wall
;WIDTH:3.2
G1 F2779.615
G1 X751.956 Y751.956 E2175.45813
G1 X248.044 Y751.956 E2175.45813
G1 F2760
M73 P70 R289
G1 X248.044 Y248.044 E2175.4585
G1 X751.656 Y248.044 E2174.16299
;WIPE_START
G1 F600
G1 X751.662 Y258.044 E-30
;WIPE_END
G1 Z345.5 F15000
G1 X727.407 Y250.49 Z345.5
G1 Z344.5
G1 E40 F9000
;TYPE:Sparse infill
;WIDTH:3.2
G1 F2779.614
G1 X738.92 Y250.49 E49.70059
G1 F2760
G1 X749.51 Y261.08 E64.65527
G1 X749.51 Y250.49 E45.71788
G1 X250.49 Y749.51 E3046.69043
G1 X250.49 Y738.92 E45.71786
G1 X261.08 Y749.51 E64.65527
G1 X272.593 Y749.51 E49.70059
;WIPE_START
G1 F600
G1 X262.593 Y749.51 E-30
;WIPE_END
G1 Z345.5 F15000
G1 X435.402 Y749.51 Z345.5
G1 Z344.5
G1 E40 F9000
G1 F2779.614
G1 F2760
G1 X423.89 Y749.51 E49.7002
G1 X250.49 Y576.11 E1058.66699
G1 X250.49 Y586.7 E45.71798
G1 X586.7 Y250.49 E2052.67871
G1 X576.11 Y250.49 E45.71875
M73 P70 R288
G1 X749.51 Y423.89 E1058.66712
G1 X749.51 Y413.3 E45.71875
G1 X413.3 Y749.51 E2052.6789
G1 X401.788 Y749.51 E49.70059
;WIPE_START
G1 F600
G1 X411.788 Y749.51 E-30
;WIPE_END
G1 Z345.5 F15000
G1 X598.212 Y749.51 Z345.5
G1 Z344.5
G1 E40 F9000
G1 F2779.614
G1 F2760
G1 X586.7 Y749.51 E49.70117
G1 X250.49 Y413.3 E2052.67889
G1 X250.49 Y423.89 E45.71875
G1 X423.89 Y250.49 E1058.66711
G1 X413.3 Y250.49 E45.71875
G1 X749.51 Y586.7 E2052.6789
G1 X749.51 Y576.11 E45.71875
G1 X576.11 Y749.51 E1058.66713
G1 X564.597 Y749.51 E49.70059
;WIPE_START
G1 F600
G1 X574.597 Y749.51 E-30
;WIPE_END
G1 Z345.5 F15000
G1 X749.51 Y727.407 Z345.5
G1 Z344.5
G1 E40 F9000
M73 P70 R287
G1 F2779.614
G1 X749.51 Y738.92 E49.70059
G1 F2760
G1 X738.92 Y749.51 E64.65625
G1 X749.51 Y749.51 E45.71875
G1 X250.49 Y250.49 E3046.69065
G1 X261.08 Y250.49 E45.71875
G1 X250.49 Y261.08 E64.65625
G1 X250.49 Y272.593 E49.70059
; stop printing object Cube id:0 copy 0
;LAYER_CHANGE
;Z:346
;HEIGHT:1.5
;BEFORE_LAYER_CHANGE
;346
G92 E0

EXCLUDE_OBJECT_END NAME=Cube_id_0_copy_0
;AFTER_LAYER_CHANGE
;346
;_SET_FAN_SPEED_CHANGING_LAYER
; printing object Cube id:0 copy 0
;WIPE_START
G1 F600
G1 X250.49 Y262.593 E-30
;WIPE_END
EXCLUDE_OBJECT_START NAME=Cube_id_0_copy_0
G1 Z347 F15000
G1 X248.044 Y248.044 Z347
G1 Z346
G1 E40 F9000
;TYPE:Outer wall
;WIDTH:3.2
G1 F2779.615
G1 X751.956 Y248.044 E2175.45813
G1 X751.956 Y751.956 E2175.45813
G1 F2760
G1 X248.044 Y751.956 E2175.4585
G1 X248.044 Y248.344 E2174.16299
;WIPE_START
G1 F600
M73 P70 R286
G1 X258.044 Y248.338 E-30
;WIPE_END
G1 Z347 F15000
G1 X250.49 Y272.593 Z347
G1 Z346
G1 E40 F9000
;TYPE:Sparse infill
;WIDTH:3.2
G1 F2779.614
G1 X250.49 Y261.08 E49.70059
G1 F2760
G1 X261.08 Y250.49 E64.65527
G1 X250.49 Y250.49 E45.71822
G1 X749.51 Y749.51 E3046.69043
G1 X738.92 Y749.51 E45.71823
G1 X749.51 Y738.92 E64.65527
G1 X749.51 Y727.407 E49.70059
;WIPE_START
G1 F600
G1 X749.51 Y737.407 E-30
;WIPE_END
G1 Z347 F15000
G1 X564.597 Y749.51 Z347
G1 Z346
G1 E40 F9000
G1 F2779.614
G1 X576.11 Y749.51 E49.70059
G1 F2760
G1 X749.51 Y576.11 E1058.66699
G1 X749.51 Y586.7 E45.71813
G1 X413.3 Y250.49 E2052.67871
G1 X423.89 Y250.49 E45.71875
G1 X250.49 Y423.89 E1058.66711
G1 X250.49 Y413.3 E45.71875
G1 X586.7 Y749.51 E2052.67889
G1 X598.212 Y749.51 E49.70059
M73 P70 R285
;WIPE_START
G1 F600
G1 X588.212 Y749.51 E-30
;WIPE_END
G1 Z347 F15000
G1 X401.788 Y749.51 Z347
G1 Z346
G1 E40 F9000
G1 F2779.614
G1 F2760
G1 X413.3 Y749.51 E49.70117
G1 X749.51 Y413.3 E2052.6789
G1 X749.51 Y423.89 E45.71875
G1 X576.11 Y250.49 E1058.66712
G1 X586.7 Y250.49 E45.71875
G1 X250.49 Y586.7 E2052.67888
G1 X250.49 Y576.11 E45.71875
G1 X423.89 Y749.51 E1058.66712
G1 X435.402 Y749.51 E49.70059
;WIPE_START
G1 F600
G1 X425.402 Y749.51 E-30
;WIPE_END
G1 Z347 F15000
G1 X272.593 Y749.51 Z347
G1 Z346
G1 E40 F9000
G1 F2779.614
G1 X261.08 Y749.51 E49.70059
G1 F2760
G1 X250.49 Y738.92 E64.65625
G1 X250.49 Y749.51 E45.71875
G1 X749.51 Y250.49 E3046.69015
G1 X749.51 Y261.08 E45.71875
G1 X738.92 Y250.49 E64.65625
G1 X727.407 Y250.49 E49.70059
; stop printing object Cube id:0 copy 0
;LAYER_CHANGE
;Z:347.5
;HEIGHT:1.5
;BEFORE_LAYER_CHANGE
;347.5
G92 E0

EXCLUDE_OBJECT_END NAME=Cube_id_0_copy_0
;AFTER_LAYER_CHANGE
;347.5
;_SET_FAN_SPEED_CHANGING_LAYER
; printing object Cube id:0 copy 0
;WIPE_START
G1 F600
G1 X737.407 Y250.49 E-30
;WIPE_END
EXCLUDE_OBJECT_START NAME=Cube_id_0_copy_0
G1 Z348.5 F15000
G1 X751.956 Y248.044 Z348.5
G1 Z347.5
G1 E40 F9000
;TYPE:Outer wall
;WIDTH:3.2
G1 F2779.615
M73 P70 R284
G1 X751.956 Y751.956 E2175.45813
G1 X248.044 Y751.956 E2175.45813
G1 F2760
G1 X248.044 Y248.044 E2175.4585
G1 X751.656 Y248.044 E2174.16299
;WIPE_START
G1 F600
G1 X751.662 Y258.044 E-30
;WIPE_END
G1 Z348.5 F15000
G1 X727.407 Y250.49 Z348.5
G1 Z347.5
G1 E40 F9000
;TYPE:Sparse infill
;WIDTH:3.2
G1 F2779.614
G1 X738.92 Y250.49 E49.70059
G1 F2760
G1 X749.51 Y261.08 E64.65527
G1 X749.51 Y250.49 E45.71788
G1 X250.49 Y749.51 E3046.69043
G1 X250.49 Y738.92 E45.71786
M73 P70 R283
G1 X261.08 Y749.51 E64.65527
G1 X272.593 Y749.51 E49.70059
;WIPE_START
G1 F600
G1 X262.593 Y749.51 E-30
;WIPE_END
G1 Z348.5 F15000
G1 X435.402 Y749.51 Z348.5
G1 Z347.5
G1 E40 F9000
G1 F2779.614
G1 F2760
G1 X423.89 Y749.51 E49.7002
G1 X250.49 Y576.11 E1058.66699
G1 X250.49 Y586.7 E45.71798
G1 X586.7 Y250.49 E2052.67871
G1 X576.11 Y250.49 E45.71875
G1 X749.51 Y423.89 E1058.66712
G1 X749.51 Y413.3 E45.71875
G1 X413.3 Y749.51 E2052.6789
G1 X401.788 Y749.51 E49.70059
;WIPE_START
G1 F600
G1 X411.788 Y749.51 E-30
;WIPE_END
G1 Z348.5 F15000
G1 X598.212 Y749.51 Z348.5
G1 Z347.5
G1 E40 F9000
G1 F2779.614
G1 F2760
G1 X586.7 Y749.51 E49.70117
G1 X250.49 Y413.3 E2052.67889
G1 X250.49 Y423.89 E45.71875
G1 X423.89 Y250.49 E1058.66711
G1 X413.3 Y250.49 E45.71875
M73 P70 R282
G1 X749.51 Y586.7 E2052.6789
G1 X749.51 Y576.11 E45.71875
G1 X576.11 Y749.51 E1058.66713
G1 X564.597 Y749.51 E49.70059
;WIPE_START
G1 F600
G1 X574.597 Y749.51 E-30
;WIPE_END
G1 Z348.5 F15000
G1 X749.51 Y727.407 Z348.5
G1 Z347.5
G1 E40 F9000
G1 F2779.614
G1 X749.51 Y738.92 E49.70059
G1 F2760
G1 X738.92 Y749.51 E64.65625
G1 X749.51 Y749.51 E45.71875
G1 X250.49 Y250.49 E3046.69065
G1 X261.08 Y250.49 E45.71875
G1 X250.49 Y261.08 E64.65625
G1 X250.49 Y272.593 E49.70059
; stop printing object Cube id:0 copy 0
;LAYER_CHANGE
;Z:349
;HEIGHT:1.5
;BEFORE_LAYER_CHANGE
;349
G92 E0

EXCLUDE_OBJECT_END NAME=Cube_id_0_copy_0
;AFTER_LAYER_CHANGE
;349
;_SET_FAN_SPEED_CHANGING_LAYER
; printing object Cube id:0 copy 0
;WIPE_START
G1 F600
G1 X250.49 Y262.593 E-30
;WIPE_END
EXCLUDE_OBJECT_START NAME=Cube_id_0_copy_0
G1 Z350 F15000
G1 X248.044 Y248.044 Z350
G1 Z349
G1 E40 F9000
;TYPE:Outer wall
;WIDTH:3.2
G1 F2779.615
G1 X751.956 Y248.044 E2175.45813
G1 X751.956 Y751.956 E2175.45813
G1 F2760
M73 P70 R281
G1 X248.044 Y751.956 E2175.4585
G1 X248.044 Y248.344 E2174.16299
M73 P71 R281
;WIPE_START
G1 F600
G1 X258.044 Y248.338 E-30
;WIPE_END
G1 Z350 F15000
G1 X250.49 Y272.593 Z350
G1 Z349
G1 E40 F9000
;TYPE:Sparse infill
;WIDTH:3.2
G1 F2779.614
G1 X250.49 Y261.08 E49.70059
G1 F2760
G1 X261.08 Y250.49 E64.65527
G1 X250.49 Y250.49 E45.71822
G1 X749.51 Y749.51 E3046.69043
G1 X738.92 Y749.51 E45.71823
G1 X749.51 Y738.92 E64.65527
G1 X749.51 Y727.407 E49.70059
;WIPE_START
G1 F600
G1 X749.51 Y737.407 E-30
;WIPE_END
G1 Z350 F15000
G1 X564.597 Y749.51 Z350
G1 Z349
G1 E40 F9000
G1 F2779.614
G1 X576.11 Y749.51 E49.70059
G1 F2760
G1 X749.51 Y576.11 E1058.66699
G1 X749.51 Y586.7 E45.71813
G1 X413.3 Y250.49 E2052.67871
G1 X423.89 Y250.49 E45.71875
M73 P71 R280
G1 X250.49 Y423.89 E1058.66711
G1 X250.49 Y413.3 E45.71875
G1 X586.7 Y749.51 E2052.67889
G1 X598.212 Y749.51 E49.70059
;WIPE_START
G1 F600
G1 X588.212 Y749.51 E-30
;WIPE_END
G1 Z350 F15000
G1 X401.788 Y749.51 Z350
G1 Z349
G1 E40 F9000
G1 F2779.614
G1 F2760
G1 X413.3 Y749.51 E49.70117
G1 X749.51 Y413.3 E2052.6789
G1 X749.51 Y423.89 E45.71875
G1 X576.11 Y250.49 E1058.66712
G1 X586.7 Y250.49 E45.71875
G1 X250.49 Y586.7 E2052.67888
G1 X250.49 Y576.11 E45.71875
G1 X423.89 Y749.51 E1058.66712
G1 X435.402 Y749.51 E49.70059
;WIPE_START
G1 F600
G1 X425.402 Y749.51 E-30
;WIPE_END
G1 Z350 F15000
G1 X272.593 Y749.51 Z350
G1 Z349
G1 E40 F9000
G1 F2779.614
G1 X261.08 Y749.51 E49.70059
G1 F2760
M73 P71 R279
G1 X250.49 Y738.92 E64.65625
G1 X250.49 Y749.51 E45.71875
G1 X749.51 Y250.49 E3046.69015
G1 X749.51 Y261.08 E45.71875
G1 X738.92 Y250.49 E64.65625
G1 X727.407 Y250.49 E49.70059
; stop printing object Cube id:0 copy 0
;LAYER_CHANGE
;Z:350.5
;HEIGHT:1.5
;BEFORE_LAYER_CHANGE
;350.5
G92 E0

EXCLUDE_OBJECT_END NAME=Cube_id_0_copy_0
;AFTER_LAYER_CHANGE
;350.5
;_SET_FAN_SPEED_CHANGING_LAYER
; printing object Cube id:0 copy 0
;WIPE_START
G1 F600
G1 X737.407 Y250.49 E-30
;WIPE_END
EXCLUDE_OBJECT_START NAME=Cube_id_0_copy_0
G1 Z351.5 F15000
G1 X751.956 Y248.044 Z351.5
G1 Z350.5
G1 E40 F9000
;TYPE:Outer wall
;WIDTH:3.2
G1 F2779.615
G1 X751.956 Y751.956 E2175.45813
G1 X248.044 Y751.956 E2175.45813
G1 F2760
G1 X248.044 Y248.044 E2175.4585
G1 X751.656 Y248.044 E2174.16299
;WIPE_START
G1 F600
M73 P71 R278
G1 X751.662 Y258.044 E-30
;WIPE_END
G1 Z351.5 F15000
G1 X727.407 Y250.49 Z351.5
G1 Z350.5
G1 E40 F9000
;TYPE:Sparse infill
;WIDTH:3.2
G1 F2779.614
G1 X738.92 Y250.49 E49.70059
G1 F2760
G1 X749.51 Y261.08 E64.65527
G1 X749.51 Y250.49 E45.71788
G1 X250.49 Y749.51 E3046.69043
G1 X250.49 Y738.92 E45.71786
G1 X261.08 Y749.51 E64.65527
G1 X272.593 Y749.51 E49.70059
;WIPE_START
G1 F600
G1 X262.593 Y749.51 E-30
;WIPE_END
G1 Z351.5 F15000
G1 X435.402 Y749.51 Z351.5
G1 Z350.5
G1 E40 F9000
G1 F2779.614
G1 F2760
G1 X423.89 Y749.51 E49.7002
G1 X250.49 Y576.11 E1058.66699
G1 X250.49 Y586.7 E45.71798
G1 X586.7 Y250.49 E2052.67871
G1 X576.11 Y250.49 E45.71875
G1 X749.51 Y423.89 E1058.66712
G1 X749.51 Y413.3 E45.71875
G1 X413.3 Y749.51 E2052.6789
G1 X401.788 Y749.51 E49.70059
M73 P71 R277
;WIPE_START
G1 F600
G1 X411.788 Y749.51 E-30
;WIPE_END
G1 Z351.5 F15000
G1 X598.212 Y749.51 Z351.5
G1 Z350.5
G1 E40 F9000
G1 F2779.614
G1 F2760
G1 X586.7 Y749.51 E49.70117
G1 X250.49 Y413.3 E2052.67889
G1 X250.49 Y423.89 E45.71875
G1 X423.89 Y250.49 E1058.66711
G1 X413.3 Y250.49 E45.71875
G1 X749.51 Y586.7 E2052.6789
G1 X749.51 Y576.11 E45.71875
G1 X576.11 Y749.51 E1058.66713
G1 X564.597 Y749.51 E49.70059
;WIPE_START
G1 F600
G1 X574.597 Y749.51 E-30
;WIPE_END
G1 Z351.5 F15000
G1 X749.51 Y727.407 Z351.5
G1 Z350.5
G1 E40 F9000
G1 F2779.614
G1 X749.51 Y738.92 E49.70059
G1 F2760
G1 X738.92 Y749.51 E64.65625
G1 X749.51 Y749.51 E45.71875
G1 X250.49 Y250.49 E3046.69065
G1 X261.08 Y250.49 E45.71875
G1 X250.49 Y261.08 E64.65625
G1 X250.49 Y272.593 E49.70059
; stop printing object Cube id:0 copy 0
;LAYER_CHANGE
;Z:352
;HEIGHT:1.5
;BEFORE_LAYER_CHANGE
;352
G92 E0

EXCLUDE_OBJECT_END NAME=Cube_id_0_copy_0
;AFTER_LAYER_CHANGE
;352
;_SET_FAN_SPEED_CHANGING_LAYER
; printing object Cube id:0 copy 0
;WIPE_START
G1 F600
G1 X250.49 Y262.593 E-30
;WIPE_END
EXCLUDE_OBJECT_START NAME=Cube_id_0_copy_0
G1 Z353 F15000
G1 X248.044 Y248.044 Z353
G1 Z352
G1 E40 F9000
;TYPE:Outer wall
;WIDTH:3.2
G1 F2779.615
G1 X751.956 Y248.044 E2175.45813
G1 X751.956 Y751.956 E2175.45813
M73 P71 R276
G1 F2760
G1 X248.044 Y751.956 E2175.4585
G1 X248.044 Y248.344 E2174.16299
;WIPE_START
G1 F600
G1 X258.044 Y248.338 E-30
;WIPE_END
G1 Z353 F15000
G1 X250.49 Y272.593 Z353
G1 Z352
G1 E40 F9000
;TYPE:Sparse infill
;WIDTH:3.2
G1 F2779.614
G1 X250.49 Y261.08 E49.70059
G1 F2760
G1 X261.08 Y250.49 E64.65527
G1 X250.49 Y250.49 E45.71822
G1 X749.51 Y749.51 E3046.69043
G1 X738.92 Y749.51 E45.71823
M73 P71 R275
G1 X749.51 Y738.92 E64.65527
G1 X749.51 Y727.407 E49.70059
;WIPE_START
G1 F600
G1 X749.51 Y737.407 E-30
;WIPE_END
G1 Z353 F15000
G1 X564.597 Y749.51 Z353
G1 Z352
G1 E40 F9000
G1 F2779.614
G1 X576.11 Y749.51 E49.70059
G1 F2760
G1 X749.51 Y576.11 E1058.66699
G1 X749.51 Y586.7 E45.71813
G1 X413.3 Y250.49 E2052.67871
G1 X423.89 Y250.49 E45.71875
G1 X250.49 Y423.89 E1058.66711
G1 X250.49 Y413.3 E45.71875
G1 X586.7 Y749.51 E2052.67889
G1 X598.212 Y749.51 E49.70059
;WIPE_START
G1 F600
G1 X588.212 Y749.51 E-30
;WIPE_END
G1 Z353 F15000
G1 X401.788 Y749.51 Z353
G1 Z352
G1 E40 F9000
G1 F2779.614
G1 F2760
G1 X413.3 Y749.51 E49.70117
G1 X749.51 Y413.3 E2052.6789
G1 X749.51 Y423.89 E45.71875
G1 X576.11 Y250.49 E1058.66712
G1 X586.7 Y250.49 E45.71875
G1 X250.49 Y586.7 E2052.67888
M73 P71 R274
G1 X250.49 Y576.11 E45.71875
G1 X423.89 Y749.51 E1058.66712
G1 X435.402 Y749.51 E49.70059
;WIPE_START
G1 F600
G1 X425.402 Y749.51 E-30
;WIPE_END
G1 Z353 F15000
G1 X272.593 Y749.51 Z353
G1 Z352
G1 E40 F9000
G1 F2779.614
G1 X261.08 Y749.51 E49.70059
G1 F2760
G1 X250.49 Y738.92 E64.65625
G1 X250.49 Y749.51 E45.71875
G1 X749.51 Y250.49 E3046.69015
G1 X749.51 Y261.08 E45.71875
G1 X738.92 Y250.49 E64.65625
G1 X727.407 Y250.49 E49.70059
; stop printing object Cube id:0 copy 0
;LAYER_CHANGE
;Z:353.5
;HEIGHT:1.5
;BEFORE_LAYER_CHANGE
;353.5
G92 E0

EXCLUDE_OBJECT_END NAME=Cube_id_0_copy_0
;AFTER_LAYER_CHANGE
;353.5
;_SET_FAN_SPEED_CHANGING_LAYER
; printing object Cube id:0 copy 0
;WIPE_START
G1 F600
G1 X737.407 Y250.49 E-30
;WIPE_END
EXCLUDE_OBJECT_START NAME=Cube_id_0_copy_0
G1 Z354.5 F15000
G1 X751.956 Y248.044 Z354.5
G1 Z353.5
G1 E40 F9000
;TYPE:Outer wall
;WIDTH:3.2
G1 F2779.615
G1 X751.956 Y751.956 E2175.45813
G1 X248.044 Y751.956 E2175.45813
G1 F2760
M73 P71 R273
G1 X248.044 Y248.044 E2175.4585
G1 X751.656 Y248.044 E2174.16299
;WIPE_START
G1 F600
G1 X751.662 Y258.044 E-30
;WIPE_END
G1 Z354.5 F15000
G1 X727.407 Y250.49 Z354.5
G1 Z353.5
G1 E40 F9000
;TYPE:Sparse infill
;WIDTH:3.2
G1 F2779.614
G1 X738.92 Y250.49 E49.70059
G1 F2760
G1 X749.51 Y261.08 E64.65527
G1 X749.51 Y250.49 E45.71788
G1 X250.49 Y749.51 E3046.69043
G1 X250.49 Y738.92 E45.71786
G1 X261.08 Y749.51 E64.65527
G1 X272.593 Y749.51 E49.70059
;WIPE_START
G1 F600
G1 X262.593 Y749.51 E-30
;WIPE_END
G1 Z354.5 F15000
G1 X435.402 Y749.51 Z354.5
G1 Z353.5
G1 E40 F9000
G1 F2779.614
G1 F2760
G1 X423.89 Y749.51 E49.7002
G1 X250.49 Y576.11 E1058.66699
G1 X250.49 Y586.7 E45.71798
G1 X586.7 Y250.49 E2052.67871
G1 X576.11 Y250.49 E45.71875
M73 P71 R272
G1 X749.51 Y423.89 E1058.66712
G1 X749.51 Y413.3 E45.71875
G1 X413.3 Y749.51 E2052.6789
G1 X401.788 Y749.51 E49.70059
;WIPE_START
G1 F600
G1 X411.788 Y749.51 E-30
;WIPE_END
G1 Z354.5 F15000
G1 X598.212 Y749.51 Z354.5
G1 Z353.5
G1 E40 F9000
G1 F2779.614
G1 F2760
G1 X586.7 Y749.51 E49.70117
G1 X250.49 Y413.3 E2052.67889
G1 X250.49 Y423.89 E45.71875
G1 X423.89 Y250.49 E1058.66711
G1 X413.3 Y250.49 E45.71875
G1 X749.51 Y586.7 E2052.6789
G1 X749.51 Y576.11 E45.71875
M73 P72 R272
G1 X576.11 Y749.51 E1058.66713
G1 X564.597 Y749.51 E49.70059
;WIPE_START
G1 F600
G1 X574.597 Y749.51 E-30
;WIPE_END
G1 Z354.5 F15000
G1 X749.51 Y727.407 Z354.5
G1 Z353.5
G1 E40 F9000
G1 F2779.614
G1 X749.51 Y738.92 E49.70059
G1 F2760
G1 X738.92 Y749.51 E64.65625
G1 X749.51 Y749.51 E45.71875
M73 P72 R271
G1 X250.49 Y250.49 E3046.69065
G1 X261.08 Y250.49 E45.71875
G1 X250.49 Y261.08 E64.65625
G1 X250.49 Y272.593 E49.70059
; stop printing object Cube id:0 copy 0
;LAYER_CHANGE
;Z:355
;HEIGHT:1.5
;BEFORE_LAYER_CHANGE
;355
G92 E0

EXCLUDE_OBJECT_END NAME=Cube_id_0_copy_0
;AFTER_LAYER_CHANGE
;355
;_SET_FAN_SPEED_CHANGING_LAYER
; printing object Cube id:0 copy 0
;WIPE_START
G1 F600
G1 X250.49 Y262.593 E-30
;WIPE_END
EXCLUDE_OBJECT_START NAME=Cube_id_0_copy_0
G1 Z356 F15000
G1 X248.044 Y248.044 Z356
G1 Z355
G1 E40 F9000
;TYPE:Outer wall
;WIDTH:3.2
G1 F2779.615
G1 X751.956 Y248.044 E2175.45813
G1 X751.956 Y751.956 E2175.45813
G1 F2760
G1 X248.044 Y751.956 E2175.4585
G1 X248.044 Y248.344 E2174.16299
;WIPE_START
G1 F600
M73 P72 R270
G1 X258.044 Y248.338 E-30
;WIPE_END
G1 Z356 F15000
G1 X250.49 Y272.593 Z356
G1 Z355
G1 E40 F9000
;TYPE:Sparse infill
;WIDTH:3.2
G1 F2779.614
G1 X250.49 Y261.08 E49.70059
G1 F2760
G1 X261.08 Y250.49 E64.65527
G1 X250.49 Y250.49 E45.71822
G1 X749.51 Y749.51 E3046.69043
G1 X738.92 Y749.51 E45.71823
G1 X749.51 Y738.92 E64.65527
G1 X749.51 Y727.407 E49.70059
;WIPE_START
G1 F600
G1 X749.51 Y737.407 E-30
;WIPE_END
G1 Z356 F15000
G1 X564.597 Y749.51 Z356
G1 Z355
G1 E40 F9000
G1 F2779.614
G1 X576.11 Y749.51 E49.70059
G1 F2760
G1 X749.51 Y576.11 E1058.66699
G1 X749.51 Y586.7 E45.71813
G1 X413.3 Y250.49 E2052.67871
G1 X423.89 Y250.49 E45.71875
G1 X250.49 Y423.89 E1058.66711
G1 X250.49 Y413.3 E45.71875
G1 X586.7 Y749.51 E2052.67889
G1 X598.212 Y749.51 E49.70059
;WIPE_START
G1 F600
M73 P72 R269
G1 X588.212 Y749.51 E-30
;WIPE_END
G1 Z356 F15000
G1 X401.788 Y749.51 Z356
G1 Z355
G1 E40 F9000
G1 F2779.614
G1 F2760
G1 X413.3 Y749.51 E49.70117
G1 X749.51 Y413.3 E2052.6789
G1 X749.51 Y423.89 E45.71875
G1 X576.11 Y250.49 E1058.66712
G1 X586.7 Y250.49 E45.71875
G1 X250.49 Y586.7 E2052.67888
G1 X250.49 Y576.11 E45.71875
G1 X423.89 Y749.51 E1058.66712
G1 X435.402 Y749.51 E49.70059
;WIPE_START
G1 F600
G1 X425.402 Y749.51 E-30
;WIPE_END
G1 Z356 F15000
G1 X272.593 Y749.51 Z356
G1 Z355
G1 E40 F9000
G1 F2779.614
G1 X261.08 Y749.51 E49.70059
G1 F2760
G1 X250.49 Y738.92 E64.65625
G1 X250.49 Y749.51 E45.71875
G1 X749.51 Y250.49 E3046.69015
G1 X749.51 Y261.08 E45.71875
G1 X738.92 Y250.49 E64.65625
G1 X727.407 Y250.49 E49.70059
; stop printing object Cube id:0 copy 0
;LAYER_CHANGE
;Z:356.5
;HEIGHT:1.5
;BEFORE_LAYER_CHANGE
;356.5
G92 E0

EXCLUDE_OBJECT_END NAME=Cube_id_0_copy_0
;AFTER_LAYER_CHANGE
;356.5
;_SET_FAN_SPEED_CHANGING_LAYER
; printing object Cube id:0 copy 0
;WIPE_START
G1 F600
G1 X737.407 Y250.49 E-30
;WIPE_END
EXCLUDE_OBJECT_START NAME=Cube_id_0_copy_0
G1 Z357.5 F15000
G1 X751.956 Y248.044 Z357.5
G1 Z356.5
G1 E40 F9000
;TYPE:Outer wall
;WIDTH:3.2
G1 F2779.615
G1 X751.956 Y751.956 E2175.45813
G1 X248.044 Y751.956 E2175.45813
M73 P72 R268
G1 F2760
G1 X248.044 Y248.044 E2175.4585
G1 X751.656 Y248.044 E2174.16299
;WIPE_START
G1 F600
G1 X751.662 Y258.044 E-30
;WIPE_END
G1 Z357.5 F15000
G1 X727.407 Y250.49 Z357.5
G1 Z356.5
G1 E40 F9000
;TYPE:Sparse infill
;WIDTH:3.2
G1 F2779.614
G1 X738.92 Y250.49 E49.70059
G1 F2760
G1 X749.51 Y261.08 E64.65527
G1 X749.51 Y250.49 E45.71788
G1 X250.49 Y749.51 E3046.69043
G1 X250.49 Y738.92 E45.71786
M73 P72 R267
G1 X261.08 Y749.51 E64.65527
G1 X272.593 Y749.51 E49.70059
;WIPE_START
G1 F600
G1 X262.593 Y749.51 E-30
;WIPE_END
G1 Z357.5 F15000
G1 X435.402 Y749.51 Z357.5
G1 Z356.5
G1 E40 F9000
G1 F2779.614
G1 F2760
G1 X423.89 Y749.51 E49.7002
G1 X250.49 Y576.11 E1058.66699
G1 X250.49 Y586.7 E45.71798
G1 X586.7 Y250.49 E2052.67871
G1 X576.11 Y250.49 E45.71875
G1 X749.51 Y423.89 E1058.66712
G1 X749.51 Y413.3 E45.71875
G1 X413.3 Y749.51 E2052.6789
G1 X401.788 Y749.51 E49.70059
;WIPE_START
G1 F600
G1 X411.788 Y749.51 E-30
;WIPE_END
G1 Z357.5 F15000
G1 X598.212 Y749.51 Z357.5
G1 Z356.5
G1 E40 F9000
G1 F2779.614
G1 F2760
G1 X586.7 Y749.51 E49.70117
G1 X250.49 Y413.3 E2052.67889
G1 X250.49 Y423.89 E45.71875
G1 X423.89 Y250.49 E1058.66711
G1 X413.3 Y250.49 E45.71875
G1 X749.51 Y586.7 E2052.6789
G1 X749.51 Y576.11 E45.71875
M73 P72 R266
G1 X576.11 Y749.51 E1058.66713
G1 X564.597 Y749.51 E49.70059
;WIPE_START
G1 F600
G1 X574.597 Y749.51 E-30
;WIPE_END
G1 Z357.5 F15000
G1 X749.51 Y727.407 Z357.5
G1 Z356.5
G1 E40 F9000
G1 F2779.614
G1 X749.51 Y738.92 E49.70059
G1 F2760
G1 X738.92 Y749.51 E64.65625
G1 X749.51 Y749.51 E45.71875
G1 X250.49 Y250.49 E3046.69065
G1 X261.08 Y250.49 E45.71875
G1 X250.49 Y261.08 E64.65625
G1 X250.49 Y272.593 E49.70059
; stop printing object Cube id:0 copy 0
;LAYER_CHANGE
;Z:358
;HEIGHT:1.5
;BEFORE_LAYER_CHANGE
;358
G92 E0

EXCLUDE_OBJECT_END NAME=Cube_id_0_copy_0
;AFTER_LAYER_CHANGE
;358
;_SET_FAN_SPEED_CHANGING_LAYER
; printing object Cube id:0 copy 0
;WIPE_START
G1 F600
G1 X250.49 Y262.593 E-30
;WIPE_END
EXCLUDE_OBJECT_START NAME=Cube_id_0_copy_0
G1 Z359 F15000
G1 X248.044 Y248.044 Z359
G1 Z358
G1 E40 F9000
;TYPE:Outer wall
;WIDTH:3.2
G1 F2779.615
G1 X751.956 Y248.044 E2175.45813
G1 X751.956 Y751.956 E2175.45813
G1 F2760
M73 P72 R265
G1 X248.044 Y751.956 E2175.4585
G1 X248.044 Y248.344 E2174.16299
;WIPE_START
G1 F600
G1 X258.044 Y248.338 E-30
;WIPE_END
G1 Z359 F15000
G1 X250.49 Y272.593 Z359
G1 Z358
G1 E40 F9000
;TYPE:Sparse infill
;WIDTH:3.2
G1 F2779.614
G1 X250.49 Y261.08 E49.70059
G1 F2760
G1 X261.08 Y250.49 E64.65527
G1 X250.49 Y250.49 E45.71822
G1 X749.51 Y749.51 E3046.69043
G1 X738.92 Y749.51 E45.71823
G1 X749.51 Y738.92 E64.65527
G1 X749.51 Y727.407 E49.70059
;WIPE_START
G1 F600
G1 X749.51 Y737.407 E-30
;WIPE_END
G1 Z359 F15000
G1 X564.597 Y749.51 Z359
G1 Z358
G1 E40 F9000
G1 F2779.614
G1 X576.11 Y749.51 E49.70059
G1 F2760
G1 X749.51 Y576.11 E1058.66699
G1 X749.51 Y586.7 E45.71813
G1 X413.3 Y250.49 E2052.67871
G1 X423.89 Y250.49 E45.71875
M73 P72 R264
G1 X250.49 Y423.89 E1058.66711
G1 X250.49 Y413.3 E45.71875
G1 X586.7 Y749.51 E2052.67889
G1 X598.212 Y749.51 E49.70059
;WIPE_START
G1 F600
G1 X588.212 Y749.51 E-30
;WIPE_END
G1 Z359 F15000
G1 X401.788 Y749.51 Z359
G1 Z358
G1 E40 F9000
G1 F2779.614
G1 F2760
G1 X413.3 Y749.51 E49.70117
G1 X749.51 Y413.3 E2052.6789
G1 X749.51 Y423.89 E45.71875
G1 X576.11 Y250.49 E1058.66712
G1 X586.7 Y250.49 E45.71875
G1 X250.49 Y586.7 E2052.67888
G1 X250.49 Y576.11 E45.71875
G1 X423.89 Y749.51 E1058.66712
G1 X435.402 Y749.51 E49.70059
;WIPE_START
G1 F600
G1 X425.402 Y749.51 E-30
;WIPE_END
G1 Z359 F15000
G1 X272.593 Y749.51 Z359
G1 Z358
G1 E40 F9000
G1 F2779.614
G1 X261.08 Y749.51 E49.70059
G1 F2760
G1 X250.49 Y738.92 E64.65625
G1 X250.49 Y749.51 E45.71875
G1 X749.51 Y250.49 E3046.69015
M73 P72 R263
G1 X749.51 Y261.08 E45.71875
G1 X738.92 Y250.49 E64.65625
G1 X727.407 Y250.49 E49.70059
; stop printing object Cube id:0 copy 0
;LAYER_CHANGE
;Z:359.5
;HEIGHT:1.5
;BEFORE_LAYER_CHANGE
;359.5
G92 E0

EXCLUDE_OBJECT_END NAME=Cube_id_0_copy_0
;AFTER_LAYER_CHANGE
;359.5
;_SET_FAN_SPEED_CHANGING_LAYER
; printing object Cube id:0 copy 0
;WIPE_START
G1 F600
G1 X737.407 Y250.49 E-30
;WIPE_END
EXCLUDE_OBJECT_START NAME=Cube_id_0_copy_0
G1 Z360.5 F15000
G1 X751.956 Y248.044 Z360.5
G1 Z359.5
G1 E40 F9000
;TYPE:Outer wall
;WIDTH:3.2
G1 F2779.615
G1 X751.956 Y751.956 E2175.45813
G1 X248.044 Y751.956 E2175.45813
G1 F2760
G1 X248.044 Y248.044 E2175.4585
G1 X751.656 Y248.044 E2174.16299
;WIPE_START
G1 F600
M73 P72 R262
G1 X751.662 Y258.044 E-30
;WIPE_END
G1 Z360.5 F15000
G1 X727.407 Y250.49 Z360.5
G1 Z359.5
G1 E40 F9000
;TYPE:Sparse infill
;WIDTH:3.2
G1 F2779.614
G1 X738.92 Y250.49 E49.70059
G1 F2760
G1 X749.51 Y261.08 E64.65527
G1 X749.51 Y250.49 E45.71788
G1 X250.49 Y749.51 E3046.69043
G1 X250.49 Y738.92 E45.71786
G1 X261.08 Y749.51 E64.65527
G1 X272.593 Y749.51 E49.70059
;WIPE_START
G1 F600
G1 X262.593 Y749.51 E-30
;WIPE_END
G1 Z360.5 F15000
G1 X435.402 Y749.51 Z360.5
G1 Z359.5
G1 E40 F9000
G1 F2779.614
G1 F2760
G1 X423.89 Y749.51 E49.7002
G1 X250.49 Y576.11 E1058.66699
G1 X250.49 Y586.7 E45.71798
G1 X586.7 Y250.49 E2052.67871
G1 X576.11 Y250.49 E45.71875
M73 P73 R262
G1 X749.51 Y423.89 E1058.66712
G1 X749.51 Y413.3 E45.71875
G1 X413.3 Y749.51 E2052.6789
G1 X401.788 Y749.51 E49.70059
;WIPE_START
G1 F600
G1 X411.788 Y749.51 E-30
;WIPE_END
G1 Z360.5 F15000
M73 P73 R261
G1 X598.212 Y749.51 Z360.5
G1 Z359.5
G1 E40 F9000
G1 F2779.614
G1 F2760
G1 X586.7 Y749.51 E49.70117
G1 X250.49 Y413.3 E2052.67889
G1 X250.49 Y423.89 E45.71875
G1 X423.89 Y250.49 E1058.66711
G1 X413.3 Y250.49 E45.71875
G1 X749.51 Y586.7 E2052.6789
G1 X749.51 Y576.11 E45.71875
G1 X576.11 Y749.51 E1058.66713
G1 X564.597 Y749.51 E49.70059
;WIPE_START
G1 F600
G1 X574.597 Y749.51 E-30
;WIPE_END
G1 Z360.5 F15000
G1 X749.51 Y727.407 Z360.5
G1 Z359.5
G1 E40 F9000
G1 F2779.614
G1 X749.51 Y738.92 E49.70059
G1 F2760
G1 X738.92 Y749.51 E64.65625
G1 X749.51 Y749.51 E45.71875
G1 X250.49 Y250.49 E3046.69065
G1 X261.08 Y250.49 E45.71875
G1 X250.49 Y261.08 E64.65625
G1 X250.49 Y272.593 E49.70059
; stop printing object Cube id:0 copy 0
;LAYER_CHANGE
;Z:361
;HEIGHT:1.5
;BEFORE_LAYER_CHANGE
;361
G92 E0

EXCLUDE_OBJECT_END NAME=Cube_id_0_copy_0
;AFTER_LAYER_CHANGE
;361
;_SET_FAN_SPEED_CHANGING_LAYER
; printing object Cube id:0 copy 0
;WIPE_START
G1 F600
G1 X250.49 Y262.593 E-30
;WIPE_END
EXCLUDE_OBJECT_START NAME=Cube_id_0_copy_0
G1 Z362 F15000
G1 X248.044 Y248.044 Z362
G1 Z361
G1 E40 F9000
;TYPE:Outer wall
;WIDTH:3.2
G1 F2779.615
G1 X751.956 Y248.044 E2175.45813
G1 X751.956 Y751.956 E2175.45813
M73 P73 R260
G1 F2760
G1 X248.044 Y751.956 E2175.4585
G1 X248.044 Y248.344 E2174.16299
;WIPE_START
G1 F600
G1 X258.044 Y248.338 E-30
;WIPE_END
G1 Z362 F15000
G1 X250.49 Y272.593 Z362
G1 Z361
G1 E40 F9000
;TYPE:Sparse infill
;WIDTH:3.2
G1 F2779.614
G1 X250.49 Y261.08 E49.70059
G1 F2760
G1 X261.08 Y250.49 E64.65527
G1 X250.49 Y250.49 E45.71822
G1 X749.51 Y749.51 E3046.69043
G1 X738.92 Y749.51 E45.71823
M73 P73 R259
G1 X749.51 Y738.92 E64.65527
G1 X749.51 Y727.407 E49.70059
;WIPE_START
G1 F600
G1 X749.51 Y737.407 E-30
;WIPE_END
G1 Z362 F15000
G1 X564.597 Y749.51 Z362
G1 Z361
G1 E40 F9000
G1 F2779.614
G1 X576.11 Y749.51 E49.70059
G1 F2760
G1 X749.51 Y576.11 E1058.66699
G1 X749.51 Y586.7 E45.71813
G1 X413.3 Y250.49 E2052.67871
G1 X423.89 Y250.49 E45.71875
G1 X250.49 Y423.89 E1058.66711
G1 X250.49 Y413.3 E45.71875
G1 X586.7 Y749.51 E2052.67889
G1 X598.212 Y749.51 E49.70059
;WIPE_START
G1 F600
G1 X588.212 Y749.51 E-30
;WIPE_END
G1 Z362 F15000
G1 X401.788 Y749.51 Z362
G1 Z361
G1 E40 F9000
G1 F2779.614
G1 F2760
G1 X413.3 Y749.51 E49.70117
G1 X749.51 Y413.3 E2052.6789
G1 X749.51 Y423.89 E45.71875
G1 X576.11 Y250.49 E1058.66712
G1 X586.7 Y250.49 E45.71875
G1 X250.49 Y586.7 E2052.67888
G1 X250.49 Y576.11 E45.71875
M73 P73 R258
G1 X423.89 Y749.51 E1058.66712
G1 X435.402 Y749.51 E49.70059
;WIPE_START
G1 F600
G1 X425.402 Y749.51 E-30
;WIPE_END
G1 Z362 F15000
G1 X272.593 Y749.51 Z362
G1 Z361
G1 E40 F9000
G1 F2779.614
G1 X261.08 Y749.51 E49.70059
G1 F2760
G1 X250.49 Y738.92 E64.65625
G1 X250.49 Y749.51 E45.71875
G1 X749.51 Y250.49 E3046.69015
G1 X749.51 Y261.08 E45.71875
G1 X738.92 Y250.49 E64.65625
G1 X727.407 Y250.49 E49.70059
; stop printing object Cube id:0 copy 0
;LAYER_CHANGE
;Z:362.5
;HEIGHT:1.5
;BEFORE_LAYER_CHANGE
;362.5
G92 E0

EXCLUDE_OBJECT_END NAME=Cube_id_0_copy_0
;AFTER_LAYER_CHANGE
;362.5
;_SET_FAN_SPEED_CHANGING_LAYER
; printing object Cube id:0 copy 0
;WIPE_START
G1 F600
G1 X737.407 Y250.49 E-30
;WIPE_END
EXCLUDE_OBJECT_START NAME=Cube_id_0_copy_0
G1 Z363.5 F15000
G1 X751.956 Y248.044 Z363.5
G1 Z362.5
G1 E40 F9000
;TYPE:Outer wall
;WIDTH:3.2
G1 F2779.615
G1 X751.956 Y751.956 E2175.45813
G1 X248.044 Y751.956 E2175.45813
G1 F2760
M73 P73 R257
G1 X248.044 Y248.044 E2175.4585
G1 X751.656 Y248.044 E2174.16299
;WIPE_START
G1 F600
G1 X751.662 Y258.044 E-30
;WIPE_END
G1 Z363.5 F15000
G1 X727.407 Y250.49 Z363.5
G1 Z362.5
G1 E40 F9000
;TYPE:Sparse infill
;WIDTH:3.2
G1 F2779.614
G1 X738.92 Y250.49 E49.70059
G1 F2760
G1 X749.51 Y261.08 E64.65527
G1 X749.51 Y250.49 E45.71788
G1 X250.49 Y749.51 E3046.69043
G1 X250.49 Y738.92 E45.71786
G1 X261.08 Y749.51 E64.65527
G1 X272.593 Y749.51 E49.70059
;WIPE_START
G1 F600
G1 X262.593 Y749.51 E-30
;WIPE_END
G1 Z363.5 F15000
G1 X435.402 Y749.51 Z363.5
G1 Z362.5
G1 E40 F9000
G1 F2779.614
G1 F2760
G1 X423.89 Y749.51 E49.7002
G1 X250.49 Y576.11 E1058.66699
G1 X250.49 Y586.7 E45.71798
G1 X586.7 Y250.49 E2052.67871
G1 X576.11 Y250.49 E45.71875
M73 P73 R256
G1 X749.51 Y423.89 E1058.66712
G1 X749.51 Y413.3 E45.71875
G1 X413.3 Y749.51 E2052.6789
G1 X401.788 Y749.51 E49.70059
;WIPE_START
G1 F600
G1 X411.788 Y749.51 E-30
;WIPE_END
G1 Z363.5 F15000
G1 X598.212 Y749.51 Z363.5
G1 Z362.5
G1 E40 F9000
G1 F2779.614
G1 F2760
G1 X586.7 Y749.51 E49.70117
G1 X250.49 Y413.3 E2052.67889
G1 X250.49 Y423.89 E45.71875
G1 X423.89 Y250.49 E1058.66711
G1 X413.3 Y250.49 E45.71875
G1 X749.51 Y586.7 E2052.6789
G1 X749.51 Y576.11 E45.71875
G1 X576.11 Y749.51 E1058.66713
G1 X564.597 Y749.51 E49.70059
;WIPE_START
G1 F600
G1 X574.597 Y749.51 E-30
;WIPE_END
G1 Z363.5 F15000
G1 X749.51 Y727.407 Z363.5
G1 Z362.5
G1 E40 F9000
G1 F2779.614
G1 X749.51 Y738.92 E49.70059
G1 F2760
G1 X738.92 Y749.51 E64.65625
G1 X749.51 Y749.51 E45.71875
G1 X250.49 Y250.49 E3046.69065
G1 X261.08 Y250.49 E45.71875
M73 P73 R255
G1 X250.49 Y261.08 E64.65625
G1 X250.49 Y272.593 E49.70059
; stop printing object Cube id:0 copy 0
;LAYER_CHANGE
;Z:364
;HEIGHT:1.5
;BEFORE_LAYER_CHANGE
;364
G92 E0

EXCLUDE_OBJECT_END NAME=Cube_id_0_copy_0
;AFTER_LAYER_CHANGE
;364
;_SET_FAN_SPEED_CHANGING_LAYER
; printing object Cube id:0 copy 0
;WIPE_START
G1 F600
G1 X250.49 Y262.593 E-30
;WIPE_END
EXCLUDE_OBJECT_START NAME=Cube_id_0_copy_0
G1 Z365 F15000
G1 X248.044 Y248.044 Z365
G1 Z364
G1 E40 F9000
;TYPE:Outer wall
;WIDTH:3.2
G1 F2779.615
G1 X751.956 Y248.044 E2175.45813
G1 X751.956 Y751.956 E2175.45813
G1 F2760
G1 X248.044 Y751.956 E2175.4585
G1 X248.044 Y248.344 E2174.16299
;WIPE_START
G1 F600
M73 P73 R254
G1 X258.044 Y248.338 E-30
;WIPE_END
G1 Z365 F15000
G1 X250.49 Y272.593 Z365
G1 Z364
G1 E40 F9000
;TYPE:Sparse infill
;WIDTH:3.2
G1 F2779.614
G1 X250.49 Y261.08 E49.70059
G1 F2760
G1 X261.08 Y250.49 E64.65527
G1 X250.49 Y250.49 E45.71822
G1 X749.51 Y749.51 E3046.69043
G1 X738.92 Y749.51 E45.71823
G1 X749.51 Y738.92 E64.65527
G1 X749.51 Y727.407 E49.70059
;WIPE_START
G1 F600
G1 X749.51 Y737.407 E-30
;WIPE_END
G1 Z365 F15000
G1 X564.597 Y749.51 Z365
G1 Z364
G1 E40 F9000
G1 F2779.614
G1 X576.11 Y749.51 E49.70059
G1 F2760
G1 X749.51 Y576.11 E1058.66699
G1 X749.51 Y586.7 E45.71813
G1 X413.3 Y250.49 E2052.67871
G1 X423.89 Y250.49 E45.71875
G1 X250.49 Y423.89 E1058.66711
G1 X250.49 Y413.3 E45.71875
G1 X586.7 Y749.51 E2052.67889
G1 X598.212 Y749.51 E49.70059
;WIPE_START
G1 F600
G1 X588.212 Y749.51 E-30
;WIPE_END
G1 Z365 F15000
M73 P73 R253
G1 X401.788 Y749.51 Z365
G1 Z364
G1 E40 F9000
G1 F2779.614
G1 F2760
G1 X413.3 Y749.51 E49.70117
G1 X749.51 Y413.3 E2052.6789
G1 X749.51 Y423.89 E45.71875
G1 X576.11 Y250.49 E1058.66712
G1 X586.7 Y250.49 E45.71875
G1 X250.49 Y586.7 E2052.67888
G1 X250.49 Y576.11 E45.71875
G1 X423.89 Y749.51 E1058.66712
G1 X435.402 Y749.51 E49.70059
;WIPE_START
G1 F600
G1 X425.402 Y749.51 E-30
;WIPE_END
G1 Z365 F15000
G1 X272.593 Y749.51 Z365
G1 Z364
G1 E40 F9000
G1 F2779.614
G1 X261.08 Y749.51 E49.70059
G1 F2760
G1 X250.49 Y738.92 E64.65625
G1 X250.49 Y749.51 E45.71875
G1 X749.51 Y250.49 E3046.69015
G1 X749.51 Y261.08 E45.71875
G1 X738.92 Y250.49 E64.65625
G1 X727.407 Y250.49 E49.70059
; stop printing object Cube id:0 copy 0
;LAYER_CHANGE
;Z:365.5
;HEIGHT:1.5
;BEFORE_LAYER_CHANGE
;365.5
G92 E0

EXCLUDE_OBJECT_END NAME=Cube_id_0_copy_0
;AFTER_LAYER_CHANGE
;365.5
;_SET_FAN_SPEED_CHANGING_LAYER
; printing object Cube id:0 copy 0
;WIPE_START
G1 F600
G1 X737.407 Y250.49 E-30
;WIPE_END
EXCLUDE_OBJECT_START NAME=Cube_id_0_copy_0
G1 Z366.5 F15000
G1 X751.956 Y248.044 Z366.5
G1 Z365.5
G1 E40 F9000
;TYPE:Outer wall
;WIDTH:3.2
G1 F2779.615
G1 X751.956 Y751.956 E2175.45813
G1 X248.044 Y751.956 E2175.45813
M73 P73 R252
G1 F2760
M73 P74 R252
G1 X248.044 Y248.044 E2175.4585
G1 X751.656 Y248.044 E2174.16299
;WIPE_START
G1 F600
G1 X751.662 Y258.044 E-30
;WIPE_END
G1 Z366.5 F15000
G1 X727.407 Y250.49 Z366.5
G1 Z365.5
G1 E40 F9000
;TYPE:Sparse infill
;WIDTH:3.2
G1 F2779.614
G1 X738.92 Y250.49 E49.70059
G1 F2760
G1 X749.51 Y261.08 E64.65527
G1 X749.51 Y250.49 E45.71788
G1 X250.49 Y749.51 E3046.69043
G1 X250.49 Y738.92 E45.71786
M73 P74 R251
G1 X261.08 Y749.51 E64.65527
G1 X272.593 Y749.51 E49.70059
;WIPE_START
G1 F600
G1 X262.593 Y749.51 E-30
;WIPE_END
G1 Z366.5 F15000
G1 X435.402 Y749.51 Z366.5
G1 Z365.5
G1 E40 F9000
G1 F2779.614
G1 F2760
G1 X423.89 Y749.51 E49.7002
G1 X250.49 Y576.11 E1058.66699
G1 X250.49 Y586.7 E45.71798
G1 X586.7 Y250.49 E2052.67871
G1 X576.11 Y250.49 E45.71875
G1 X749.51 Y423.89 E1058.66712
G1 X749.51 Y413.3 E45.71875
G1 X413.3 Y749.51 E2052.6789
G1 X401.788 Y749.51 E49.70059
;WIPE_START
G1 F600
G1 X411.788 Y749.51 E-30
;WIPE_END
G1 Z366.5 F15000
G1 X598.212 Y749.51 Z366.5
G1 Z365.5
G1 E40 F9000
G1 F2779.614
G1 F2760
G1 X586.7 Y749.51 E49.70117
G1 X250.49 Y413.3 E2052.67889
G1 X250.49 Y423.89 E45.71875
G1 X423.89 Y250.49 E1058.66711
G1 X413.3 Y250.49 E45.71875
G1 X749.51 Y586.7 E2052.6789
G1 X749.51 Y576.11 E45.71875
M73 P74 R250
G1 X576.11 Y749.51 E1058.66713
G1 X564.597 Y749.51 E49.70059
;WIPE_START
G1 F600
G1 X574.597 Y749.51 E-30
;WIPE_END
G1 Z366.5 F15000
G1 X749.51 Y727.407 Z366.5
G1 Z365.5
G1 E40 F9000
G1 F2779.614
G1 X749.51 Y738.92 E49.70059
G1 F2760
G1 X738.92 Y749.51 E64.65625
G1 X749.51 Y749.51 E45.71875
G1 X250.49 Y250.49 E3046.69065
G1 X261.08 Y250.49 E45.71875
G1 X250.49 Y261.08 E64.65625
G1 X250.49 Y272.593 E49.70059
; stop printing object Cube id:0 copy 0
;LAYER_CHANGE
;Z:367
;HEIGHT:1.5
;BEFORE_LAYER_CHANGE
;367
G92 E0

EXCLUDE_OBJECT_END NAME=Cube_id_0_copy_0
;AFTER_LAYER_CHANGE
;367
;_SET_FAN_SPEED_CHANGING_LAYER
; printing object Cube id:0 copy 0
;WIPE_START
G1 F600
G1 X250.49 Y262.593 E-30
;WIPE_END
EXCLUDE_OBJECT_START NAME=Cube_id_0_copy_0
G1 Z368 F15000
G1 X248.044 Y248.044 Z368
G1 Z367
G1 E40 F9000
;TYPE:Outer wall
;WIDTH:3.2
G1 F2779.615
G1 X751.956 Y248.044 E2175.45813
G1 X751.956 Y751.956 E2175.45813
G1 F2760
M73 P74 R249
G1 X248.044 Y751.956 E2175.4585
G1 X248.044 Y248.344 E2174.16299
;WIPE_START
G1 F600
G1 X258.044 Y248.338 E-30
;WIPE_END
G1 Z368 F15000
G1 X250.49 Y272.593 Z368
G1 Z367
G1 E40 F9000
;TYPE:Sparse infill
;WIDTH:3.2
G1 F2779.614
G1 X250.49 Y261.08 E49.70059
G1 F2760
G1 X261.08 Y250.49 E64.65527
G1 X250.49 Y250.49 E45.71822
G1 X749.51 Y749.51 E3046.69043
G1 X738.92 Y749.51 E45.71823
G1 X749.51 Y738.92 E64.65527
G1 X749.51 Y727.407 E49.70059
;WIPE_START
G1 F600
G1 X749.51 Y737.407 E-30
;WIPE_END
G1 Z368 F15000
G1 X564.597 Y749.51 Z368
G1 Z367
G1 E40 F9000
G1 F2779.614
G1 X576.11 Y749.51 E49.70059
G1 F2760
G1 X749.51 Y576.11 E1058.66699
G1 X749.51 Y586.7 E45.71813
G1 X413.3 Y250.49 E2052.67871
G1 X423.89 Y250.49 E45.71875
M73 P74 R248
G1 X250.49 Y423.89 E1058.66711
G1 X250.49 Y413.3 E45.71875
G1 X586.7 Y749.51 E2052.67889
G1 X598.212 Y749.51 E49.70059
;WIPE_START
G1 F600
G1 X588.212 Y749.51 E-30
;WIPE_END
G1 Z368 F15000
G1 X401.788 Y749.51 Z368
G1 Z367
G1 E40 F9000
G1 F2779.614
G1 F2760
G1 X413.3 Y749.51 E49.70117
G1 X749.51 Y413.3 E2052.6789
G1 X749.51 Y423.89 E45.71875
G1 X576.11 Y250.49 E1058.66712
G1 X586.7 Y250.49 E45.71875
G1 X250.49 Y586.7 E2052.67888
G1 X250.49 Y576.11 E45.71875
G1 X423.89 Y749.51 E1058.66712
G1 X435.402 Y749.51 E49.70059
;WIPE_START
G1 F600
G1 X425.402 Y749.51 E-30
;WIPE_END
G1 Z368 F15000
G1 X272.593 Y749.51 Z368
G1 Z367
G1 E40 F9000
G1 F2779.614
G1 X261.08 Y749.51 E49.70059
G1 F2760
G1 X250.49 Y738.92 E64.65625
G1 X250.49 Y749.51 E45.71875
G1 X749.51 Y250.49 E3046.69015
G1 X749.51 Y261.08 E45.71875
M73 P74 R247
G1 X738.92 Y250.49 E64.65625
G1 X727.407 Y250.49 E49.70059
; stop printing object Cube id:0 copy 0
;LAYER_CHANGE
;Z:368.5
;HEIGHT:1.5
;BEFORE_LAYER_CHANGE
;368.5
G92 E0

EXCLUDE_OBJECT_END NAME=Cube_id_0_copy_0
;AFTER_LAYER_CHANGE
;368.5
;_SET_FAN_SPEED_CHANGING_LAYER
; printing object Cube id:0 copy 0
;WIPE_START
G1 F600
G1 X737.407 Y250.49 E-30
;WIPE_END
EXCLUDE_OBJECT_START NAME=Cube_id_0_copy_0
G1 Z369.5 F15000
G1 X751.956 Y248.044 Z369.5
G1 Z368.5
G1 E40 F9000
;TYPE:Outer wall
;WIDTH:3.2
G1 F2779.615
G1 X751.956 Y751.956 E2175.45813
G1 X248.044 Y751.956 E2175.45813
G1 F2760
G1 X248.044 Y248.044 E2175.4585
G1 X751.656 Y248.044 E2174.16299
;WIPE_START
G1 F600
M73 P74 R246
G1 X751.662 Y258.044 E-30
;WIPE_END
G1 Z369.5 F15000
G1 X727.407 Y250.49 Z369.5
G1 Z368.5
G1 E40 F9000
;TYPE:Sparse infill
;WIDTH:3.2
G1 F2779.614
G1 X738.92 Y250.49 E49.70059
G1 F2760
G1 X749.51 Y261.08 E64.65527
G1 X749.51 Y250.49 E45.71788
G1 X250.49 Y749.51 E3046.69043
G1 X250.49 Y738.92 E45.71786
G1 X261.08 Y749.51 E64.65527
G1 X272.593 Y749.51 E49.70059
;WIPE_START
G1 F600
G1 X262.593 Y749.51 E-30
;WIPE_END
G1 Z369.5 F15000
G1 X435.402 Y749.51 Z369.5
G1 Z368.5
G1 E40 F9000
G1 F2779.614
G1 F2760
G1 X423.89 Y749.51 E49.7002
G1 X250.49 Y576.11 E1058.66699
G1 X250.49 Y586.7 E45.71798
G1 X586.7 Y250.49 E2052.67871
G1 X576.11 Y250.49 E45.71875
G1 X749.51 Y423.89 E1058.66712
G1 X749.51 Y413.3 E45.71875
G1 X413.3 Y749.51 E2052.6789
G1 X401.788 Y749.51 E49.70059
;WIPE_START
G1 F600
G1 X411.788 Y749.51 E-30
;WIPE_END
G1 Z369.5 F15000
G1 X598.212 Y749.51 Z369.5
G1 Z368.5
M73 P74 R245
G1 E40 F9000
G1 F2779.614
G1 F2760
G1 X586.7 Y749.51 E49.70117
G1 X250.49 Y413.3 E2052.67889
G1 X250.49 Y423.89 E45.71875
G1 X423.89 Y250.49 E1058.66711
G1 X413.3 Y250.49 E45.71875
G1 X749.51 Y586.7 E2052.6789
G1 X749.51 Y576.11 E45.71875
G1 X576.11 Y749.51 E1058.66713
G1 X564.597 Y749.51 E49.70059
;WIPE_START
G1 F600
G1 X574.597 Y749.51 E-30
;WIPE_END
G1 Z369.5 F15000
G1 X749.51 Y727.407 Z369.5
G1 Z368.5
G1 E40 F9000
G1 F2779.614
G1 X749.51 Y738.92 E49.70059
G1 F2760
G1 X738.92 Y749.51 E64.65625
G1 X749.51 Y749.51 E45.71875
G1 X250.49 Y250.49 E3046.69065
G1 X261.08 Y250.49 E45.71875
G1 X250.49 Y261.08 E64.65625
G1 X250.49 Y272.593 E49.70059
; stop printing object Cube id:0 copy 0
;LAYER_CHANGE
;Z:370
;HEIGHT:1.5
;BEFORE_LAYER_CHANGE
;370
G92 E0

EXCLUDE_OBJECT_END NAME=Cube_id_0_copy_0
;AFTER_LAYER_CHANGE
;370
;_SET_FAN_SPEED_CHANGING_LAYER
; printing object Cube id:0 copy 0
;WIPE_START
G1 F600
G1 X250.49 Y262.593 E-30
;WIPE_END
EXCLUDE_OBJECT_START NAME=Cube_id_0_copy_0
G1 Z371 F15000
G1 X248.044 Y248.044 Z371
G1 Z370
G1 E40 F9000
;TYPE:Outer wall
;WIDTH:3.2
G1 F2779.615
G1 X751.956 Y248.044 E2175.45813
G1 X751.956 Y751.956 E2175.45813
M73 P74 R244
G1 F2760
G1 X248.044 Y751.956 E2175.4585
G1 X248.044 Y248.344 E2174.16299
;WIPE_START
G1 F600
G1 X258.044 Y248.338 E-30
;WIPE_END
G1 Z371 F15000
G1 X250.49 Y272.593 Z371
G1 Z370
G1 E40 F9000
;TYPE:Sparse infill
;WIDTH:3.2
G1 F2779.614
G1 X250.49 Y261.08 E49.70059
G1 F2760
G1 X261.08 Y250.49 E64.65527
G1 X250.49 Y250.49 E45.71822
G1 X749.51 Y749.51 E3046.69043
G1 X738.92 Y749.51 E45.71823
M73 P74 R243
G1 X749.51 Y738.92 E64.65527
G1 X749.51 Y727.407 E49.70059
;WIPE_START
G1 F600
G1 X749.51 Y737.407 E-30
;WIPE_END
G1 Z371 F15000
G1 X564.597 Y749.51 Z371
G1 Z370
G1 E40 F9000
G1 F2779.614
G1 X576.11 Y749.51 E49.70059
G1 F2760
G1 X749.51 Y576.11 E1058.66699
G1 X749.51 Y586.7 E45.71813
G1 X413.3 Y250.49 E2052.67871
G1 X423.89 Y250.49 E45.71875
G1 X250.49 Y423.89 E1058.66711
G1 X250.49 Y413.3 E45.71875
G1 X586.7 Y749.51 E2052.67889
G1 X598.212 Y749.51 E49.70059
;WIPE_START
G1 F600
G1 X588.212 Y749.51 E-30
;WIPE_END
G1 Z371 F15000
G1 X401.788 Y749.51 Z371
G1 Z370
G1 E40 F9000
G1 F2779.614
G1 F2760
G1 X413.3 Y749.51 E49.70117
G1 X749.51 Y413.3 E2052.6789
G1 X749.51 Y423.89 E45.71875
G1 X576.11 Y250.49 E1058.66712
G1 X586.7 Y250.49 E45.71875
G1 X250.49 Y586.7 E2052.67888
G1 X250.49 Y576.11 E45.71875
M73 P75 R242
G1 X423.89 Y749.51 E1058.66712
G1 X435.402 Y749.51 E49.70059
;WIPE_START
G1 F600
G1 X425.402 Y749.51 E-30
;WIPE_END
G1 Z371 F15000
G1 X272.593 Y749.51 Z371
G1 Z370
G1 E40 F9000
G1 F2779.614
G1 X261.08 Y749.51 E49.70059
G1 F2760
G1 X250.49 Y738.92 E64.65625
G1 X250.49 Y749.51 E45.71875
G1 X749.51 Y250.49 E3046.69015
G1 X749.51 Y261.08 E45.71875
G1 X738.92 Y250.49 E64.65625
G1 X727.407 Y250.49 E49.70059
; stop printing object Cube id:0 copy 0
;LAYER_CHANGE
;Z:371.5
;HEIGHT:1.5
;BEFORE_LAYER_CHANGE
;371.5
G92 E0

EXCLUDE_OBJECT_END NAME=Cube_id_0_copy_0
;AFTER_LAYER_CHANGE
;371.5
;_SET_FAN_SPEED_CHANGING_LAYER
; printing object Cube id:0 copy 0
;WIPE_START
G1 F600
G1 X737.407 Y250.49 E-30
;WIPE_END
EXCLUDE_OBJECT_START NAME=Cube_id_0_copy_0
G1 Z372.5 F15000
G1 X751.956 Y248.044 Z372.5
G1 Z371.5
G1 E40 F9000
;TYPE:Outer wall
;WIDTH:3.2
G1 F2779.615
G1 X751.956 Y751.956 E2175.45813
G1 X248.044 Y751.956 E2175.45813
G1 F2760
G1 X248.044 Y248.044 E2175.4585
G1 X751.656 Y248.044 E2174.16299
M73 P75 R241
;WIPE_START
G1 F600
G1 X751.662 Y258.044 E-30
;WIPE_END
G1 Z372.5 F15000
G1 X727.407 Y250.49 Z372.5
G1 Z371.5
G1 E40 F9000
;TYPE:Sparse infill
;WIDTH:3.2
G1 F2779.614
G1 X738.92 Y250.49 E49.70059
G1 F2760
G1 X749.51 Y261.08 E64.65527
G1 X749.51 Y250.49 E45.71788
G1 X250.49 Y749.51 E3046.69043
G1 X250.49 Y738.92 E45.71786
G1 X261.08 Y749.51 E64.65527
G1 X272.593 Y749.51 E49.70059
;WIPE_START
G1 F600
G1 X262.593 Y749.51 E-30
;WIPE_END
G1 Z372.5 F15000
G1 X435.402 Y749.51 Z372.5
G1 Z371.5
G1 E40 F9000
G1 F2779.614
G1 F2760
G1 X423.89 Y749.51 E49.7002
G1 X250.49 Y576.11 E1058.66699
G1 X250.49 Y586.7 E45.71798
G1 X586.7 Y250.49 E2052.67871
G1 X576.11 Y250.49 E45.71875
M73 P75 R240
G1 X749.51 Y423.89 E1058.66712
G1 X749.51 Y413.3 E45.71875
G1 X413.3 Y749.51 E2052.6789
G1 X401.788 Y749.51 E49.70059
;WIPE_START
G1 F600
G1 X411.788 Y749.51 E-30
;WIPE_END
G1 Z372.5 F15000
G1 X598.212 Y749.51 Z372.5
G1 Z371.5
G1 E40 F9000
G1 F2779.614
G1 F2760
G1 X586.7 Y749.51 E49.70117
G1 X250.49 Y413.3 E2052.67889
G1 X250.49 Y423.89 E45.71875
G1 X423.89 Y250.49 E1058.66711
G1 X413.3 Y250.49 E45.71875
G1 X749.51 Y586.7 E2052.6789
G1 X749.51 Y576.11 E45.71875
G1 X576.11 Y749.51 E1058.66713
G1 X564.597 Y749.51 E49.70059
;WIPE_START
G1 F600
G1 X574.597 Y749.51 E-30
;WIPE_END
G1 Z372.5 F15000
G1 X749.51 Y727.407 Z372.5
G1 Z371.5
G1 E40 F9000
G1 F2779.614
G1 X749.51 Y738.92 E49.70059
G1 F2760
G1 X738.92 Y749.51 E64.65625
G1 X749.51 Y749.51 E45.71875
G1 X250.49 Y250.49 E3046.69065
G1 X261.08 Y250.49 E45.71875
M73 P75 R239
G1 X250.49 Y261.08 E64.65625
G1 X250.49 Y272.593 E49.70059
; stop printing object Cube id:0 copy 0
;LAYER_CHANGE
;Z:373
;HEIGHT:1.5
;BEFORE_LAYER_CHANGE
;373
G92 E0

EXCLUDE_OBJECT_END NAME=Cube_id_0_copy_0
;AFTER_LAYER_CHANGE
;373
;_SET_FAN_SPEED_CHANGING_LAYER
; printing object Cube id:0 copy 0
;WIPE_START
G1 F600
G1 X250.49 Y262.593 E-30
;WIPE_END
EXCLUDE_OBJECT_START NAME=Cube_id_0_copy_0
G1 Z374 F15000
G1 X248.044 Y248.044 Z374
G1 Z373
G1 E40 F9000
;TYPE:Outer wall
;WIDTH:3.2
G1 F2779.615
G1 X751.956 Y248.044 E2175.45813
G1 X751.956 Y751.956 E2175.45813
G1 F2760
G1 X248.044 Y751.956 E2175.4585
G1 X248.044 Y248.344 E2174.16299
;WIPE_START
G1 F600
M73 P75 R238
G1 X258.044 Y248.338 E-30
;WIPE_END
G1 Z374 F15000
G1 X250.49 Y272.593 Z374
G1 Z373
G1 E40 F9000
;TYPE:Sparse infill
;WIDTH:3.2
G1 F2779.614
G1 X250.49 Y261.08 E49.70059
G1 F2760
G1 X261.08 Y250.49 E64.65527
G1 X250.49 Y250.49 E45.71822
G1 X749.51 Y749.51 E3046.69043
G1 X738.92 Y749.51 E45.71823
G1 X749.51 Y738.92 E64.65527
G1 X749.51 Y727.407 E49.70059
;WIPE_START
G1 F600
G1 X749.51 Y737.407 E-30
;WIPE_END
G1 Z374 F15000
G1 X564.597 Y749.51 Z374
G1 Z373
G1 E40 F9000
G1 F2779.614
G1 X576.11 Y749.51 E49.70059
G1 F2760
G1 X749.51 Y576.11 E1058.66699
G1 X749.51 Y586.7 E45.71813
G1 X413.3 Y250.49 E2052.67871
G1 X423.89 Y250.49 E45.71875
G1 X250.49 Y423.89 E1058.66711
G1 X250.49 Y413.3 E45.71875
G1 X586.7 Y749.51 E2052.67889
G1 X598.212 Y749.51 E49.70059
;WIPE_START
G1 F600
G1 X588.212 Y749.51 E-30
;WIPE_END
G1 Z374 F15000
G1 X401.788 Y749.51 Z374
G1 Z373
M73 P75 R237
G1 E40 F9000
G1 F2779.614
G1 F2760
G1 X413.3 Y749.51 E49.70117
G1 X749.51 Y413.3 E2052.6789
G1 X749.51 Y423.89 E45.71875
G1 X576.11 Y250.49 E1058.66712
G1 X586.7 Y250.49 E45.71875
G1 X250.49 Y586.7 E2052.67888
G1 X250.49 Y576.11 E45.71875
G1 X423.89 Y749.51 E1058.66712
G1 X435.402 Y749.51 E49.70059
;WIPE_START
G1 F600
G1 X425.402 Y749.51 E-30
;WIPE_END
G1 Z374 F15000
G1 X272.593 Y749.51 Z374
G1 Z373
G1 E40 F9000
G1 F2779.614
G1 X261.08 Y749.51 E49.70059
G1 F2760
G1 X250.49 Y738.92 E64.65625
G1 X250.49 Y749.51 E45.71875
G1 X749.51 Y250.49 E3046.69015
G1 X749.51 Y261.08 E45.71875
G1 X738.92 Y250.49 E64.65625
G1 X727.407 Y250.49 E49.70059
; stop printing object Cube id:0 copy 0
;LAYER_CHANGE
;Z:374.5
;HEIGHT:1.5
;BEFORE_LAYER_CHANGE
;374.5
G92 E0

EXCLUDE_OBJECT_END NAME=Cube_id_0_copy_0
;AFTER_LAYER_CHANGE
;374.5
;_SET_FAN_SPEED_CHANGING_LAYER
; printing object Cube id:0 copy 0
;WIPE_START
G1 F600
G1 X737.407 Y250.49 E-30
;WIPE_END
EXCLUDE_OBJECT_START NAME=Cube_id_0_copy_0
G1 Z375.5 F15000
G1 X751.956 Y248.044 Z375.5
G1 Z374.5
G1 E40 F9000
;TYPE:Outer wall
;WIDTH:3.2
G1 F2779.615
G1 X751.956 Y751.956 E2175.45813
G1 X248.044 Y751.956 E2175.45813
M73 P75 R236
G1 F2760
G1 X248.044 Y248.044 E2175.4585
G1 X751.656 Y248.044 E2174.16299
;WIPE_START
G1 F600
G1 X751.662 Y258.044 E-30
;WIPE_END
G1 Z375.5 F15000
G1 X727.407 Y250.49 Z375.5
G1 Z374.5
G1 E40 F9000
;TYPE:Sparse infill
;WIDTH:3.2
G1 F2779.614
G1 X738.92 Y250.49 E49.70059
G1 F2760
G1 X749.51 Y261.08 E64.65527
G1 X749.51 Y250.49 E45.71788
G1 X250.49 Y749.51 E3046.69043
G1 X250.49 Y738.92 E45.71786
M73 P75 R235
G1 X261.08 Y749.51 E64.65527
G1 X272.593 Y749.51 E49.70059
;WIPE_START
G1 F600
G1 X262.593 Y749.51 E-30
;WIPE_END
G1 Z375.5 F15000
G1 X435.402 Y749.51 Z375.5
G1 Z374.5
G1 E40 F9000
G1 F2779.614
G1 F2760
G1 X423.89 Y749.51 E49.7002
G1 X250.49 Y576.11 E1058.66699
G1 X250.49 Y586.7 E45.71798
G1 X586.7 Y250.49 E2052.67871
G1 X576.11 Y250.49 E45.71875
G1 X749.51 Y423.89 E1058.66712
G1 X749.51 Y413.3 E45.71875
G1 X413.3 Y749.51 E2052.6789
G1 X401.788 Y749.51 E49.70059
;WIPE_START
G1 F600
G1 X411.788 Y749.51 E-30
;WIPE_END
G1 Z375.5 F15000
G1 X598.212 Y749.51 Z375.5
G1 Z374.5
G1 E40 F9000
G1 F2779.614
G1 F2760
G1 X586.7 Y749.51 E49.70117
G1 X250.49 Y413.3 E2052.67889
G1 X250.49 Y423.89 E45.71875
G1 X423.89 Y250.49 E1058.66711
G1 X413.3 Y250.49 E45.71875
G1 X749.51 Y586.7 E2052.6789
G1 X749.51 Y576.11 E45.71875
M73 P75 R234
G1 X576.11 Y749.51 E1058.66713
G1 X564.597 Y749.51 E49.70059
;WIPE_START
G1 F600
G1 X574.597 Y749.51 E-30
;WIPE_END
G1 Z375.5 F15000
G1 X749.51 Y727.407 Z375.5
G1 Z374.5
G1 E40 F9000
G1 F2779.614
G1 X749.51 Y738.92 E49.70059
G1 F2760
G1 X738.92 Y749.51 E64.65625
G1 X749.51 Y749.51 E45.71875
G1 X250.49 Y250.49 E3046.69065
G1 X261.08 Y250.49 E45.71875
G1 X250.49 Y261.08 E64.65625
G1 X250.49 Y272.593 E49.70059
; stop printing object Cube id:0 copy 0
;LAYER_CHANGE
;Z:376
;HEIGHT:1.5
;BEFORE_LAYER_CHANGE
;376
G92 E0

EXCLUDE_OBJECT_END NAME=Cube_id_0_copy_0
;AFTER_LAYER_CHANGE
;376
;_SET_FAN_SPEED_CHANGING_LAYER
; printing object Cube id:0 copy 0
;WIPE_START
G1 F600
G1 X250.49 Y262.593 E-30
;WIPE_END
EXCLUDE_OBJECT_START NAME=Cube_id_0_copy_0
G1 Z377 F15000
G1 X248.044 Y248.044 Z377
G1 Z376
G1 E40 F9000
;TYPE:Outer wall
;WIDTH:3.2
G1 F2779.615
G1 X751.956 Y248.044 E2175.45813
G1 X751.956 Y751.956 E2175.45813
G1 F2760
G1 X248.044 Y751.956 E2175.4585
G1 X248.044 Y248.344 E2174.16299
M73 P75 R233
;WIPE_START
G1 F600
G1 X258.044 Y248.338 E-30
;WIPE_END
G1 Z377 F15000
G1 X250.49 Y272.593 Z377
G1 Z376
G1 E40 F9000
;TYPE:Sparse infill
;WIDTH:3.2
G1 F2779.614
G1 X250.49 Y261.08 E49.70059
G1 F2760
G1 X261.08 Y250.49 E64.65527
G1 X250.49 Y250.49 E45.71822
G1 X749.51 Y749.51 E3046.69043
G1 X738.92 Y749.51 E45.71823
G1 X749.51 Y738.92 E64.65527
G1 X749.51 Y727.407 E49.70059
;WIPE_START
G1 F600
G1 X749.51 Y737.407 E-30
;WIPE_END
G1 Z377 F15000
M73 P76 R233
G1 X564.597 Y749.51 Z377
G1 Z376
G1 E40 F9000
G1 F2779.614
G1 X576.11 Y749.51 E49.70059
G1 F2760
G1 X749.51 Y576.11 E1058.66699
G1 X749.51 Y586.7 E45.71813
G1 X413.3 Y250.49 E2052.67871
G1 X423.89 Y250.49 E45.71875
M73 P76 R232
G1 X250.49 Y423.89 E1058.66711
G1 X250.49 Y413.3 E45.71875
G1 X586.7 Y749.51 E2052.67889
G1 X598.212 Y749.51 E49.70059
;WIPE_START
G1 F600
G1 X588.212 Y749.51 E-30
;WIPE_END
G1 Z377 F15000
G1 X401.788 Y749.51 Z377
G1 Z376
G1 E40 F9000
G1 F2779.614
G1 F2760
G1 X413.3 Y749.51 E49.70117
G1 X749.51 Y413.3 E2052.6789
G1 X749.51 Y423.89 E45.71875
G1 X576.11 Y250.49 E1058.66712
G1 X586.7 Y250.49 E45.71875
G1 X250.49 Y586.7 E2052.67888
G1 X250.49 Y576.11 E45.71875
G1 X423.89 Y749.51 E1058.66712
G1 X435.402 Y749.51 E49.70059
;WIPE_START
G1 F600
G1 X425.402 Y749.51 E-30
;WIPE_END
G1 Z377 F15000
G1 X272.593 Y749.51 Z377
G1 Z376
G1 E40 F9000
G1 F2779.614
G1 X261.08 Y749.51 E49.70059
G1 F2760
G1 X250.49 Y738.92 E64.65625
G1 X250.49 Y749.51 E45.71875
G1 X749.51 Y250.49 E3046.69015
G1 X749.51 Y261.08 E45.71875
M73 P76 R231
G1 X738.92 Y250.49 E64.65625
G1 X727.407 Y250.49 E49.70059
; stop printing object Cube id:0 copy 0
;LAYER_CHANGE
;Z:377.5
;HEIGHT:1.5
;BEFORE_LAYER_CHANGE
;377.5
G92 E0

EXCLUDE_OBJECT_END NAME=Cube_id_0_copy_0
;AFTER_LAYER_CHANGE
;377.5
;_SET_FAN_SPEED_CHANGING_LAYER
; printing object Cube id:0 copy 0
;WIPE_START
G1 F600
G1 X737.407 Y250.49 E-30
;WIPE_END
EXCLUDE_OBJECT_START NAME=Cube_id_0_copy_0
G1 Z378.5 F15000
G1 X751.956 Y248.044 Z378.5
G1 Z377.5
G1 E40 F9000
;TYPE:Outer wall
;WIDTH:3.2
G1 F2779.615
G1 X751.956 Y751.956 E2175.45813
G1 X248.044 Y751.956 E2175.45813
G1 F2760
G1 X248.044 Y248.044 E2175.4585
G1 X751.656 Y248.044 E2174.16299
;WIPE_START
G1 F600
M73 P76 R230
G1 X751.662 Y258.044 E-30
;WIPE_END
G1 Z378.5 F15000
G1 X727.407 Y250.49 Z378.5
G1 Z377.5
G1 E40 F9000
;TYPE:Sparse infill
;WIDTH:3.2
G1 F2779.614
G1 X738.92 Y250.49 E49.70059
G1 F2760
G1 X749.51 Y261.08 E64.65527
G1 X749.51 Y250.49 E45.71788
G1 X250.49 Y749.51 E3046.69043
G1 X250.49 Y738.92 E45.71786
G1 X261.08 Y749.51 E64.65527
G1 X272.593 Y749.51 E49.70059
;WIPE_START
G1 F600
G1 X262.593 Y749.51 E-30
;WIPE_END
G1 Z378.5 F15000
G1 X435.402 Y749.51 Z378.5
G1 Z377.5
G1 E40 F9000
G1 F2779.614
G1 F2760
G1 X423.89 Y749.51 E49.7002
G1 X250.49 Y576.11 E1058.66699
G1 X250.49 Y586.7 E45.71798
G1 X586.7 Y250.49 E2052.67871
G1 X576.11 Y250.49 E45.71875
G1 X749.51 Y423.89 E1058.66712
G1 X749.51 Y413.3 E45.71875
G1 X413.3 Y749.51 E2052.6789
G1 X401.788 Y749.51 E49.70059
;WIPE_START
G1 F600
G1 X411.788 Y749.51 E-30
;WIPE_END
G1 Z378.5 F15000
G1 X598.212 Y749.51 Z378.5
G1 Z377.5
G1 E40 F9000
G1 F2779.614
G1 F2760
G1 X586.7 Y749.51 E49.70117
G1 X250.49 Y413.3 E2052.67889
M73 P76 R229
G1 X250.49 Y423.89 E45.71875
G1 X423.89 Y250.49 E1058.66711
G1 X413.3 Y250.49 E45.71875
G1 X749.51 Y586.7 E2052.6789
G1 X749.51 Y576.11 E45.71875
G1 X576.11 Y749.51 E1058.66713
G1 X564.597 Y749.51 E49.70059
;WIPE_START
G1 F600
G1 X574.597 Y749.51 E-30
;WIPE_END
G1 Z378.5 F15000
G1 X749.51 Y727.407 Z378.5
G1 Z377.5
G1 E40 F9000
G1 F2779.614
G1 X749.51 Y738.92 E49.70059
G1 F2760
G1 X738.92 Y749.51 E64.65625
G1 X749.51 Y749.51 E45.71875
G1 X250.49 Y250.49 E3046.69065
G1 X261.08 Y250.49 E45.71875
G1 X250.49 Y261.08 E64.65625
G1 X250.49 Y272.593 E49.70059
; stop printing object Cube id:0 copy 0
;LAYER_CHANGE
;Z:379
;HEIGHT:1.5
;BEFORE_LAYER_CHANGE
;379
G92 E0

EXCLUDE_OBJECT_END NAME=Cube_id_0_copy_0
;AFTER_LAYER_CHANGE
;379
;_SET_FAN_SPEED_CHANGING_LAYER
; printing object Cube id:0 copy 0
;WIPE_START
G1 F600
G1 X250.49 Y262.593 E-30
;WIPE_END
EXCLUDE_OBJECT_START NAME=Cube_id_0_copy_0
G1 Z380 F15000
G1 X248.044 Y248.044 Z380
G1 Z379
G1 E40 F9000
;TYPE:Outer wall
;WIDTH:3.2
G1 F2779.615
G1 X751.956 Y248.044 E2175.45813
G1 X751.956 Y751.956 E2175.45813
M73 P76 R228
G1 F2760
G1 X248.044 Y751.956 E2175.4585
G1 X248.044 Y248.344 E2174.16299
;WIPE_START
G1 F600
G1 X258.044 Y248.338 E-30
;WIPE_END
G1 Z380 F15000
G1 X250.49 Y272.593 Z380
G1 Z379
G1 E40 F9000
;TYPE:Sparse infill
;WIDTH:3.2
G1 F2779.614
G1 X250.49 Y261.08 E49.70059
G1 F2760
G1 X261.08 Y250.49 E64.65527
G1 X250.49 Y250.49 E45.71822
G1 X749.51 Y749.51 E3046.69043
G1 X738.92 Y749.51 E45.71823
G1 X749.51 Y738.92 E64.65527
G1 X749.51 Y727.407 E49.70059
M73 P76 R227
;WIPE_START
G1 F600
G1 X749.51 Y737.407 E-30
;WIPE_END
G1 Z380 F15000
G1 X564.597 Y749.51 Z380
G1 Z379
G1 E40 F9000
G1 F2779.614
G1 X576.11 Y749.51 E49.70059
G1 F2760
G1 X749.51 Y576.11 E1058.66699
G1 X749.51 Y586.7 E45.71813
G1 X413.3 Y250.49 E2052.67871
G1 X423.89 Y250.49 E45.71875
G1 X250.49 Y423.89 E1058.66711
G1 X250.49 Y413.3 E45.71875
G1 X586.7 Y749.51 E2052.67889
G1 X598.212 Y749.51 E49.70059
;WIPE_START
G1 F600
G1 X588.212 Y749.51 E-30
;WIPE_END
G1 Z380 F15000
G1 X401.788 Y749.51 Z380
G1 Z379
G1 E40 F9000
G1 F2779.614
G1 F2760
G1 X413.3 Y749.51 E49.70117
G1 X749.51 Y413.3 E2052.6789
G1 X749.51 Y423.89 E45.71875
G1 X576.11 Y250.49 E1058.66712
G1 X586.7 Y250.49 E45.71875
G1 X250.49 Y586.7 E2052.67888
G1 X250.49 Y576.11 E45.71875
M73 P76 R226
G1 X423.89 Y749.51 E1058.66712
G1 X435.402 Y749.51 E49.70059
;WIPE_START
G1 F600
G1 X425.402 Y749.51 E-30
;WIPE_END
G1 Z380 F15000
G1 X272.593 Y749.51 Z380
G1 Z379
G1 E40 F9000
G1 F2779.614
G1 X261.08 Y749.51 E49.70059
G1 F2760
G1 X250.49 Y738.92 E64.65625
G1 X250.49 Y749.51 E45.71875
G1 X749.51 Y250.49 E3046.69015
G1 X749.51 Y261.08 E45.71875
G1 X738.92 Y250.49 E64.65625
G1 X727.407 Y250.49 E49.70059
; stop printing object Cube id:0 copy 0
;LAYER_CHANGE
;Z:380.5
;HEIGHT:1.5
;BEFORE_LAYER_CHANGE
;380.5
G92 E0

EXCLUDE_OBJECT_END NAME=Cube_id_0_copy_0
;AFTER_LAYER_CHANGE
;380.5
;_SET_FAN_SPEED_CHANGING_LAYER
; printing object Cube id:0 copy 0
;WIPE_START
G1 F600
G1 X737.407 Y250.49 E-30
;WIPE_END
EXCLUDE_OBJECT_START NAME=Cube_id_0_copy_0
G1 Z381.5 F15000
G1 X751.956 Y248.044 Z381.5
G1 Z380.5
G1 E40 F9000
;TYPE:Outer wall
;WIDTH:3.2
G1 F2779.615
G1 X751.956 Y751.956 E2175.45813
G1 X248.044 Y751.956 E2175.45813
G1 F2760
G1 X248.044 Y248.044 E2175.4585
G1 X751.656 Y248.044 E2174.16299
M73 P76 R225
;WIPE_START
G1 F600
G1 X751.662 Y258.044 E-30
;WIPE_END
G1 Z381.5 F15000
G1 X727.407 Y250.49 Z381.5
G1 Z380.5
G1 E40 F9000
;TYPE:Sparse infill
;WIDTH:3.2
G1 F2779.614
G1 X738.92 Y250.49 E49.70059
G1 F2760
G1 X749.51 Y261.08 E64.65527
G1 X749.51 Y250.49 E45.71788
G1 X250.49 Y749.51 E3046.69043
G1 X250.49 Y738.92 E45.71786
G1 X261.08 Y749.51 E64.65527
G1 X272.593 Y749.51 E49.70059
;WIPE_START
G1 F600
G1 X262.593 Y749.51 E-30
;WIPE_END
G1 Z381.5 F15000
G1 X435.402 Y749.51 Z381.5
G1 Z380.5
G1 E40 F9000
G1 F2779.614
G1 F2760
G1 X423.89 Y749.51 E49.7002
G1 X250.49 Y576.11 E1058.66699
G1 X250.49 Y586.7 E45.71798
G1 X586.7 Y250.49 E2052.67871
G1 X576.11 Y250.49 E45.71875
G1 X749.51 Y423.89 E1058.66712
M73 P76 R224
G1 X749.51 Y413.3 E45.71875
G1 X413.3 Y749.51 E2052.6789
G1 X401.788 Y749.51 E49.70059
;WIPE_START
G1 F600
G1 X411.788 Y749.51 E-30
;WIPE_END
G1 Z381.5 F15000
G1 X598.212 Y749.51 Z381.5
G1 Z380.5
G1 E40 F9000
G1 F2779.614
G1 F2760
G1 X586.7 Y749.51 E49.70117
G1 X250.49 Y413.3 E2052.67889
G1 X250.49 Y423.89 E45.71875
G1 X423.89 Y250.49 E1058.66711
G1 X413.3 Y250.49 E45.71875
G1 X749.51 Y586.7 E2052.6789
G1 X749.51 Y576.11 E45.71875
G1 X576.11 Y749.51 E1058.66713
G1 X564.597 Y749.51 E49.70059
;WIPE_START
G1 F600
G1 X574.597 Y749.51 E-30
;WIPE_END
G1 Z381.5 F15000
G1 X749.51 Y727.407 Z381.5
G1 Z380.5
G1 E40 F9000
G1 F2779.614
G1 X749.51 Y738.92 E49.70059
G1 F2760
G1 X738.92 Y749.51 E64.65625
G1 X749.51 Y749.51 E45.71875
G1 X250.49 Y250.49 E3046.69065
G1 X261.08 Y250.49 E45.71875
M73 P76 R223
G1 X250.49 Y261.08 E64.65625
G1 X250.49 Y272.593 E49.70059
; stop printing object Cube id:0 copy 0
;LAYER_CHANGE
;Z:382
;HEIGHT:1.5
;BEFORE_LAYER_CHANGE
;382
G92 E0

EXCLUDE_OBJECT_END NAME=Cube_id_0_copy_0
;AFTER_LAYER_CHANGE
;382
;_SET_FAN_SPEED_CHANGING_LAYER
; printing object Cube id:0 copy 0
;WIPE_START
G1 F600
G1 X250.49 Y262.593 E-30
;WIPE_END
EXCLUDE_OBJECT_START NAME=Cube_id_0_copy_0
G1 Z383 F15000
G1 X248.044 Y248.044 Z383
G1 Z382
G1 E40 F9000
;TYPE:Outer wall
;WIDTH:3.2
G1 F2779.615
G1 X751.956 Y248.044 E2175.45813
G1 X751.956 Y751.956 E2175.45813
M73 P77 R223
G1 F2760
G1 X248.044 Y751.956 E2175.4585
G1 X248.044 Y248.344 E2174.16299
;WIPE_START
G1 F600
M73 P77 R222
G1 X258.044 Y248.338 E-30
;WIPE_END
G1 Z383 F15000
G1 X250.49 Y272.593 Z383
G1 Z382
G1 E40 F9000
;TYPE:Sparse infill
;WIDTH:3.2
G1 F2779.614
G1 X250.49 Y261.08 E49.70059
G1 F2760
G1 X261.08 Y250.49 E64.65527
G1 X250.49 Y250.49 E45.71822
G1 X749.51 Y749.51 E3046.69043
G1 X738.92 Y749.51 E45.71823
G1 X749.51 Y738.92 E64.65527
G1 X749.51 Y727.407 E49.70059
;WIPE_START
G1 F600
G1 X749.51 Y737.407 E-30
;WIPE_END
G1 Z383 F15000
G1 X564.597 Y749.51 Z383
G1 Z382
G1 E40 F9000
G1 F2779.614
G1 X576.11 Y749.51 E49.70059
G1 F2760
G1 X749.51 Y576.11 E1058.66699
G1 X749.51 Y586.7 E45.71813
G1 X413.3 Y250.49 E2052.67871
G1 X423.89 Y250.49 E45.71875
G1 X250.49 Y423.89 E1058.66711
G1 X250.49 Y413.3 E45.71875
G1 X586.7 Y749.51 E2052.67889
G1 X598.212 Y749.51 E49.70059
;WIPE_START
G1 F600
G1 X588.212 Y749.51 E-30
;WIPE_END
G1 Z383 F15000
G1 X401.788 Y749.51 Z383
G1 Z382
G1 E40 F9000
G1 F2779.614
G1 F2760
G1 X413.3 Y749.51 E49.70117
G1 X749.51 Y413.3 E2052.6789
G1 X749.51 Y423.89 E45.71875
M73 P77 R221
G1 X576.11 Y250.49 E1058.66712
G1 X586.7 Y250.49 E45.71875
G1 X250.49 Y586.7 E2052.67888
G1 X250.49 Y576.11 E45.71875
G1 X423.89 Y749.51 E1058.66712
G1 X435.402 Y749.51 E49.70059
;WIPE_START
G1 F600
G1 X425.402 Y749.51 E-30
;WIPE_END
G1 Z383 F15000
G1 X272.593 Y749.51 Z383
G1 Z382
G1 E40 F9000
G1 F2779.614
G1 X261.08 Y749.51 E49.70059
G1 F2760
G1 X250.49 Y738.92 E64.65625
G1 X250.49 Y749.51 E45.71875
G1 X749.51 Y250.49 E3046.69015
G1 X749.51 Y261.08 E45.71875
G1 X738.92 Y250.49 E64.65625
G1 X727.407 Y250.49 E49.70059
; stop printing object Cube id:0 copy 0
;LAYER_CHANGE
;Z:383.5
;HEIGHT:1.5
;BEFORE_LAYER_CHANGE
;383.5
G92 E0

EXCLUDE_OBJECT_END NAME=Cube_id_0_copy_0
;AFTER_LAYER_CHANGE
;383.5
;_SET_FAN_SPEED_CHANGING_LAYER
; printing object Cube id:0 copy 0
;WIPE_START
G1 F600
G1 X737.407 Y250.49 E-30
;WIPE_END
EXCLUDE_OBJECT_START NAME=Cube_id_0_copy_0
G1 Z384.5 F15000
G1 X751.956 Y248.044 Z384.5
G1 Z383.5
G1 E40 F9000
;TYPE:Outer wall
;WIDTH:3.2
G1 F2779.615
G1 X751.956 Y751.956 E2175.45813
G1 X248.044 Y751.956 E2175.45813
M73 P77 R220
G1 F2760
G1 X248.044 Y248.044 E2175.4585
G1 X751.656 Y248.044 E2174.16299
;WIPE_START
G1 F600
G1 X751.662 Y258.044 E-30
;WIPE_END
G1 Z384.5 F15000
G1 X727.407 Y250.49 Z384.5
G1 Z383.5
G1 E40 F9000
;TYPE:Sparse infill
;WIDTH:3.2
G1 F2779.614
G1 X738.92 Y250.49 E49.70059
G1 F2760
G1 X749.51 Y261.08 E64.65527
G1 X749.51 Y250.49 E45.71788
G1 X250.49 Y749.51 E3046.69043
G1 X250.49 Y738.92 E45.71786
G1 X261.08 Y749.51 E64.65527
G1 X272.593 Y749.51 E49.70059
;WIPE_START
G1 F600
M73 P77 R219
G1 X262.593 Y749.51 E-30
;WIPE_END
G1 Z384.5 F15000
G1 X435.402 Y749.51 Z384.5
G1 Z383.5
G1 E40 F9000
G1 F2779.614
G1 F2760
G1 X423.89 Y749.51 E49.7002
G1 X250.49 Y576.11 E1058.66699
G1 X250.49 Y586.7 E45.71798
G1 X586.7 Y250.49 E2052.67871
G1 X576.11 Y250.49 E45.71875
G1 X749.51 Y423.89 E1058.66712
G1 X749.51 Y413.3 E45.71875
G1 X413.3 Y749.51 E2052.6789
G1 X401.788 Y749.51 E49.70059
;WIPE_START
G1 F600
G1 X411.788 Y749.51 E-30
;WIPE_END
G1 Z384.5 F15000
G1 X598.212 Y749.51 Z384.5
G1 Z383.5
G1 E40 F9000
G1 F2779.614
G1 F2760
G1 X586.7 Y749.51 E49.70117
G1 X250.49 Y413.3 E2052.67889
G1 X250.49 Y423.89 E45.71875
G1 X423.89 Y250.49 E1058.66711
G1 X413.3 Y250.49 E45.71875
G1 X749.51 Y586.7 E2052.6789
G1 X749.51 Y576.11 E45.71875
M73 P77 R218
G1 X576.11 Y749.51 E1058.66713
G1 X564.597 Y749.51 E49.70059
;WIPE_START
G1 F600
G1 X574.597 Y749.51 E-30
;WIPE_END
G1 Z384.5 F15000
G1 X749.51 Y727.407 Z384.5
G1 Z383.5
G1 E40 F9000
G1 F2779.614
G1 X749.51 Y738.92 E49.70059
G1 F2760
G1 X738.92 Y749.51 E64.65625
G1 X749.51 Y749.51 E45.71875
G1 X250.49 Y250.49 E3046.69065
G1 X261.08 Y250.49 E45.71875
G1 X250.49 Y261.08 E64.65625
G1 X250.49 Y272.593 E49.70059
; stop printing object Cube id:0 copy 0
;LAYER_CHANGE
;Z:385
;HEIGHT:1.5
;BEFORE_LAYER_CHANGE
;385
G92 E0

EXCLUDE_OBJECT_END NAME=Cube_id_0_copy_0
;AFTER_LAYER_CHANGE
;385
;_SET_FAN_SPEED_CHANGING_LAYER
; printing object Cube id:0 copy 0
;WIPE_START
G1 F600
G1 X250.49 Y262.593 E-30
;WIPE_END
EXCLUDE_OBJECT_START NAME=Cube_id_0_copy_0
G1 Z386 F15000
G1 X248.044 Y248.044 Z386
G1 Z385
G1 E40 F9000
;TYPE:Outer wall
;WIDTH:3.2
G1 F2779.615
G1 X751.956 Y248.044 E2175.45813
G1 X751.956 Y751.956 E2175.45813
G1 F2760
G1 X248.044 Y751.956 E2175.4585
G1 X248.044 Y248.344 E2174.16299
M73 P77 R217
;WIPE_START
G1 F600
G1 X258.044 Y248.338 E-30
;WIPE_END
G1 Z386 F15000
G1 X250.49 Y272.593 Z386
G1 Z385
G1 E40 F9000
;TYPE:Sparse infill
;WIDTH:3.2
G1 F2779.614
G1 X250.49 Y261.08 E49.70059
G1 F2760
G1 X261.08 Y250.49 E64.65527
G1 X250.49 Y250.49 E45.71822
G1 X749.51 Y749.51 E3046.69043
G1 X738.92 Y749.51 E45.71823
G1 X749.51 Y738.92 E64.65527
G1 X749.51 Y727.407 E49.70059
;WIPE_START
G1 F600
G1 X749.51 Y737.407 E-30
;WIPE_END
G1 Z386 F15000
G1 X564.597 Y749.51 Z386
G1 Z385
G1 E40 F9000
G1 F2779.614
G1 X576.11 Y749.51 E49.70059
G1 F2760
G1 X749.51 Y576.11 E1058.66699
G1 X749.51 Y586.7 E45.71813
G1 X413.3 Y250.49 E2052.67871
G1 X423.89 Y250.49 E45.71875
G1 X250.49 Y423.89 E1058.66711
G1 X250.49 Y413.3 E45.71875
M73 P77 R216
G1 X586.7 Y749.51 E2052.67889
G1 X598.212 Y749.51 E49.70059
;WIPE_START
G1 F600
G1 X588.212 Y749.51 E-30
;WIPE_END
G1 Z386 F15000
G1 X401.788 Y749.51 Z386
G1 Z385
G1 E40 F9000
G1 F2779.614
G1 F2760
G1 X413.3 Y749.51 E49.70117
G1 X749.51 Y413.3 E2052.6789
G1 X749.51 Y423.89 E45.71875
G1 X576.11 Y250.49 E1058.66712
G1 X586.7 Y250.49 E45.71875
G1 X250.49 Y586.7 E2052.67888
G1 X250.49 Y576.11 E45.71875
G1 X423.89 Y749.51 E1058.66712
G1 X435.402 Y749.51 E49.70059
;WIPE_START
G1 F600
G1 X425.402 Y749.51 E-30
;WIPE_END
G1 Z386 F15000
G1 X272.593 Y749.51 Z386
G1 Z385
G1 E40 F9000
G1 F2779.614
G1 X261.08 Y749.51 E49.70059
G1 F2760
G1 X250.49 Y738.92 E64.65625
G1 X250.49 Y749.51 E45.71875
G1 X749.51 Y250.49 E3046.69015
G1 X749.51 Y261.08 E45.71875
M73 P77 R215
G1 X738.92 Y250.49 E64.65625
G1 X727.407 Y250.49 E49.70059
; stop printing object Cube id:0 copy 0
;LAYER_CHANGE
;Z:386.5
;HEIGHT:1.5
;BEFORE_LAYER_CHANGE
;386.5
G92 E0

EXCLUDE_OBJECT_END NAME=Cube_id_0_copy_0
;AFTER_LAYER_CHANGE
;386.5
;_SET_FAN_SPEED_CHANGING_LAYER
; printing object Cube id:0 copy 0
;WIPE_START
G1 F600
G1 X737.407 Y250.49 E-30
;WIPE_END
EXCLUDE_OBJECT_START NAME=Cube_id_0_copy_0
G1 Z387.5 F15000
G1 X751.956 Y248.044 Z387.5
G1 Z386.5
G1 E40 F9000
;TYPE:Outer wall
;WIDTH:3.2
G1 F2779.615
G1 X751.956 Y751.956 E2175.45813
G1 X248.044 Y751.956 E2175.45813
G1 F2760
G1 X248.044 Y248.044 E2175.4585
G1 X751.656 Y248.044 E2174.16299
;WIPE_START
G1 F600
G1 X751.662 Y258.044 E-30
;WIPE_END
G1 Z387.5 F15000
M73 P77 R214
G1 X727.407 Y250.49 Z387.5
G1 Z386.5
G1 E40 F9000
;TYPE:Sparse infill
;WIDTH:3.2
G1 F2779.614
G1 X738.92 Y250.49 E49.70059
G1 F2760
G1 X749.51 Y261.08 E64.65527
G1 X749.51 Y250.49 E45.71788
G1 X250.49 Y749.51 E3046.69043
G1 X250.49 Y738.92 E45.71786
G1 X261.08 Y749.51 E64.65527
G1 X272.593 Y749.51 E49.70059
;WIPE_START
G1 F600
G1 X262.593 Y749.51 E-30
;WIPE_END
G1 Z387.5 F15000
G1 X435.402 Y749.51 Z387.5
G1 Z386.5
G1 E40 F9000
G1 F2779.614
G1 F2760
G1 X423.89 Y749.51 E49.7002
G1 X250.49 Y576.11 E1058.66699
G1 X250.49 Y586.7 E45.71798
G1 X586.7 Y250.49 E2052.67871
G1 X576.11 Y250.49 E45.71875
G1 X749.51 Y423.89 E1058.66712
G1 X749.51 Y413.3 E45.71875
G1 X413.3 Y749.51 E2052.6789
G1 X401.788 Y749.51 E49.70059
;WIPE_START
G1 F600
G1 X411.788 Y749.51 E-30
;WIPE_END
G1 Z387.5 F15000
G1 X598.212 Y749.51 Z387.5
G1 Z386.5
G1 E40 F9000
G1 F2779.614
G1 F2760
G1 X586.7 Y749.51 E49.70117
G1 X250.49 Y413.3 E2052.67889
G1 X250.49 Y423.89 E45.71875
M73 P78 R213
G1 X423.89 Y250.49 E1058.66711
G1 X413.3 Y250.49 E45.71875
G1 X749.51 Y586.7 E2052.6789
G1 X749.51 Y576.11 E45.71875
G1 X576.11 Y749.51 E1058.66713
G1 X564.597 Y749.51 E49.70059
;WIPE_START
G1 F600
G1 X574.597 Y749.51 E-30
;WIPE_END
G1 Z387.5 F15000
G1 X749.51 Y727.407 Z387.5
G1 Z386.5
G1 E40 F9000
G1 F2779.614
G1 X749.51 Y738.92 E49.70059
G1 F2760
G1 X738.92 Y749.51 E64.65625
G1 X749.51 Y749.51 E45.71875
G1 X250.49 Y250.49 E3046.69065
G1 X261.08 Y250.49 E45.71875
G1 X250.49 Y261.08 E64.65625
G1 X250.49 Y272.593 E49.70059
; stop printing object Cube id:0 copy 0
;LAYER_CHANGE
;Z:388
;HEIGHT:1.5
;BEFORE_LAYER_CHANGE
;388
G92 E0

EXCLUDE_OBJECT_END NAME=Cube_id_0_copy_0
;AFTER_LAYER_CHANGE
;388
;_SET_FAN_SPEED_CHANGING_LAYER
; printing object Cube id:0 copy 0
;WIPE_START
G1 F600
G1 X250.49 Y262.593 E-30
;WIPE_END
EXCLUDE_OBJECT_START NAME=Cube_id_0_copy_0
G1 Z389 F15000
G1 X248.044 Y248.044 Z389
G1 Z388
G1 E40 F9000
;TYPE:Outer wall
;WIDTH:3.2
G1 F2779.615
G1 X751.956 Y248.044 E2175.45813
G1 X751.956 Y751.956 E2175.45813
M73 P78 R212
G1 F2760
G1 X248.044 Y751.956 E2175.4585
G1 X248.044 Y248.344 E2174.16299
;WIPE_START
G1 F600
G1 X258.044 Y248.338 E-30
;WIPE_END
G1 Z389 F15000
G1 X250.49 Y272.593 Z389
G1 Z388
G1 E40 F9000
;TYPE:Sparse infill
;WIDTH:3.2
G1 F2779.614
G1 X250.49 Y261.08 E49.70059
G1 F2760
G1 X261.08 Y250.49 E64.65527
G1 X250.49 Y250.49 E45.71822
G1 X749.51 Y749.51 E3046.69043
G1 X738.92 Y749.51 E45.71823
G1 X749.51 Y738.92 E64.65527
G1 X749.51 Y727.407 E49.70059
;WIPE_START
G1 F600
G1 X749.51 Y737.407 E-30
;WIPE_END
G1 Z389 F15000
M73 P78 R211
G1 X564.597 Y749.51 Z389
G1 Z388
G1 E40 F9000
G1 F2779.614
G1 X576.11 Y749.51 E49.70059
G1 F2760
G1 X749.51 Y576.11 E1058.66699
G1 X749.51 Y586.7 E45.71813
G1 X413.3 Y250.49 E2052.67871
G1 X423.89 Y250.49 E45.71875
G1 X250.49 Y423.89 E1058.66711
G1 X250.49 Y413.3 E45.71875
G1 X586.7 Y749.51 E2052.67889
G1 X598.212 Y749.51 E49.70059
;WIPE_START
G1 F600
G1 X588.212 Y749.51 E-30
;WIPE_END
G1 Z389 F15000
G1 X401.788 Y749.51 Z389
G1 Z388
G1 E40 F9000
G1 F2779.614
G1 F2760
G1 X413.3 Y749.51 E49.70117
G1 X749.51 Y413.3 E2052.6789
G1 X749.51 Y423.89 E45.71875
G1 X576.11 Y250.49 E1058.66712
G1 X586.7 Y250.49 E45.71875
G1 X250.49 Y586.7 E2052.67888
G1 X250.49 Y576.11 E45.71875
M73 P78 R210
G1 X423.89 Y749.51 E1058.66712
G1 X435.402 Y749.51 E49.70059
;WIPE_START
G1 F600
G1 X425.402 Y749.51 E-30
;WIPE_END
G1 Z389 F15000
G1 X272.593 Y749.51 Z389
G1 Z388
G1 E40 F9000
G1 F2779.614
G1 X261.08 Y749.51 E49.70059
G1 F2760
G1 X250.49 Y738.92 E64.65625
G1 X250.49 Y749.51 E45.71875
G1 X749.51 Y250.49 E3046.69015
G1 X749.51 Y261.08 E45.71875
G1 X738.92 Y250.49 E64.65625
G1 X727.407 Y250.49 E49.70059
; stop printing object Cube id:0 copy 0
;LAYER_CHANGE
;Z:389.5
;HEIGHT:1.5
;BEFORE_LAYER_CHANGE
;389.5
G92 E0

EXCLUDE_OBJECT_END NAME=Cube_id_0_copy_0
;AFTER_LAYER_CHANGE
;389.5
;_SET_FAN_SPEED_CHANGING_LAYER
; printing object Cube id:0 copy 0
;WIPE_START
G1 F600
G1 X737.407 Y250.49 E-30
;WIPE_END
EXCLUDE_OBJECT_START NAME=Cube_id_0_copy_0
G1 Z390.5 F15000
G1 X751.956 Y248.044 Z390.5
G1 Z389.5
G1 E40 F9000
;TYPE:Outer wall
;WIDTH:3.2
G1 F2779.615
G1 X751.956 Y751.956 E2175.45813
G1 X248.044 Y751.956 E2175.45813
G1 F2760
G1 X248.044 Y248.044 E2175.4585
G1 X751.656 Y248.044 E2174.16299
M73 P78 R209
;WIPE_START
G1 F600
G1 X751.662 Y258.044 E-30
;WIPE_END
G1 Z390.5 F15000
G1 X727.407 Y250.49 Z390.5
G1 Z389.5
G1 E40 F9000
;TYPE:Sparse infill
;WIDTH:3.2
G1 F2779.614
G1 X738.92 Y250.49 E49.70059
G1 F2760
G1 X749.51 Y261.08 E64.65527
G1 X749.51 Y250.49 E45.71788
G1 X250.49 Y749.51 E3046.69043
G1 X250.49 Y738.92 E45.71786
G1 X261.08 Y749.51 E64.65527
G1 X272.593 Y749.51 E49.70059
;WIPE_START
G1 F600
G1 X262.593 Y749.51 E-30
;WIPE_END
G1 Z390.5 F15000
G1 X435.402 Y749.51 Z390.5
G1 Z389.5
G1 E40 F9000
G1 F2779.614
G1 F2760
G1 X423.89 Y749.51 E49.7002
G1 X250.49 Y576.11 E1058.66699
G1 X250.49 Y586.7 E45.71798
G1 X586.7 Y250.49 E2052.67871
G1 X576.11 Y250.49 E45.71875
G1 X749.51 Y423.89 E1058.66712
G1 X749.51 Y413.3 E45.71875
M73 P78 R208
G1 X413.3 Y749.51 E2052.6789
G1 X401.788 Y749.51 E49.70059
;WIPE_START
G1 F600
G1 X411.788 Y749.51 E-30
;WIPE_END
G1 Z390.5 F15000
G1 X598.212 Y749.51 Z390.5
G1 Z389.5
G1 E40 F9000
G1 F2779.614
G1 F2760
G1 X586.7 Y749.51 E49.70117
G1 X250.49 Y413.3 E2052.67889
G1 X250.49 Y423.89 E45.71875
G1 X423.89 Y250.49 E1058.66711
G1 X413.3 Y250.49 E45.71875
G1 X749.51 Y586.7 E2052.6789
G1 X749.51 Y576.11 E45.71875
G1 X576.11 Y749.51 E1058.66713
G1 X564.597 Y749.51 E49.70059
;WIPE_START
G1 F600
G1 X574.597 Y749.51 E-30
;WIPE_END
G1 Z390.5 F15000
G1 X749.51 Y727.407 Z390.5
G1 Z389.5
G1 E40 F9000
G1 F2779.614
G1 X749.51 Y738.92 E49.70059
G1 F2760
G1 X738.92 Y749.51 E64.65625
G1 X749.51 Y749.51 E45.71875
G1 X250.49 Y250.49 E3046.69065
G1 X261.08 Y250.49 E45.71875
M73 P78 R207
G1 X250.49 Y261.08 E64.65625
G1 X250.49 Y272.593 E49.70059
; stop printing object Cube id:0 copy 0
;LAYER_CHANGE
;Z:391
;HEIGHT:1.5
;BEFORE_LAYER_CHANGE
;391
G92 E0

EXCLUDE_OBJECT_END NAME=Cube_id_0_copy_0
;AFTER_LAYER_CHANGE
;391
;_SET_FAN_SPEED_CHANGING_LAYER
; printing object Cube id:0 copy 0
;WIPE_START
G1 F600
G1 X250.49 Y262.593 E-30
;WIPE_END
EXCLUDE_OBJECT_START NAME=Cube_id_0_copy_0
G1 Z392 F15000
G1 X248.044 Y248.044 Z392
G1 Z391
G1 E40 F9000
;TYPE:Outer wall
;WIDTH:3.2
G1 F2779.615
G1 X751.956 Y248.044 E2175.45813
G1 X751.956 Y751.956 E2175.45813
G1 F2760
G1 X248.044 Y751.956 E2175.4585
G1 X248.044 Y248.344 E2174.16299
;WIPE_START
G1 F600
G1 X258.044 Y248.338 E-30
;WIPE_END
G1 Z392 F15000
M73 P78 R206
G1 X250.49 Y272.593 Z392
G1 Z391
G1 E40 F9000
;TYPE:Sparse infill
;WIDTH:3.2
G1 F2779.614
G1 X250.49 Y261.08 E49.70059
G1 F2760
G1 X261.08 Y250.49 E64.65527
G1 X250.49 Y250.49 E45.71822
G1 X749.51 Y749.51 E3046.69043
G1 X738.92 Y749.51 E45.71823
G1 X749.51 Y738.92 E64.65527
G1 X749.51 Y727.407 E49.70059
;WIPE_START
G1 F600
G1 X749.51 Y737.407 E-30
;WIPE_END
G1 Z392 F15000
G1 X564.597 Y749.51 Z392
G1 Z391
G1 E40 F9000
G1 F2779.614
G1 X576.11 Y749.51 E49.70059
G1 F2760
G1 X749.51 Y576.11 E1058.66699
G1 X749.51 Y586.7 E45.71813
G1 X413.3 Y250.49 E2052.67871
G1 X423.89 Y250.49 E45.71875
G1 X250.49 Y423.89 E1058.66711
G1 X250.49 Y413.3 E45.71875
G1 X586.7 Y749.51 E2052.67889
G1 X598.212 Y749.51 E49.70059
;WIPE_START
G1 F600
G1 X588.212 Y749.51 E-30
;WIPE_END
G1 Z392 F15000
G1 X401.788 Y749.51 Z392
G1 Z391
G1 E40 F9000
G1 F2779.614
G1 F2760
G1 X413.3 Y749.51 E49.70117
G1 X749.51 Y413.3 E2052.6789
G1 X749.51 Y423.89 E45.71875
M73 P78 R205
G1 X576.11 Y250.49 E1058.66712
G1 X586.7 Y250.49 E45.71875
G1 X250.49 Y586.7 E2052.67888
G1 X250.49 Y576.11 E45.71875
G1 X423.89 Y749.51 E1058.66712
G1 X435.402 Y749.51 E49.70059
;WIPE_START
G1 F600
G1 X425.402 Y749.51 E-30
;WIPE_END
G1 Z392 F15000
G1 X272.593 Y749.51 Z392
G1 Z391
G1 E40 F9000
G1 F2779.614
G1 X261.08 Y749.51 E49.70059
G1 F2760
G1 X250.49 Y738.92 E64.65625
G1 X250.49 Y749.51 E45.71875
G1 X749.51 Y250.49 E3046.69015
G1 X749.51 Y261.08 E45.71875
G1 X738.92 Y250.49 E64.65625
G1 X727.407 Y250.49 E49.70059
; stop printing object Cube id:0 copy 0
;LAYER_CHANGE
;Z:392.5
;HEIGHT:1.5
;BEFORE_LAYER_CHANGE
;392.5
G92 E0

EXCLUDE_OBJECT_END NAME=Cube_id_0_copy_0
;AFTER_LAYER_CHANGE
;392.5
;_SET_FAN_SPEED_CHANGING_LAYER
; printing object Cube id:0 copy 0
;WIPE_START
G1 F600
G1 X737.407 Y250.49 E-30
;WIPE_END
EXCLUDE_OBJECT_START NAME=Cube_id_0_copy_0
G1 Z393.5 F15000
G1 X751.956 Y248.044 Z393.5
G1 Z392.5
G1 E40 F9000
;TYPE:Outer wall
;WIDTH:3.2
G1 F2779.615
G1 X751.956 Y751.956 E2175.45813
G1 X248.044 Y751.956 E2175.45813
M73 P78 R204
G1 F2760
G1 X248.044 Y248.044 E2175.4585
G1 X751.656 Y248.044 E2174.16299
;WIPE_START
G1 F600
G1 X751.662 Y258.044 E-30
;WIPE_END
G1 Z393.5 F15000
G1 X727.407 Y250.49 Z393.5
G1 Z392.5
G1 E40 F9000
;TYPE:Sparse infill
;WIDTH:3.2
G1 F2779.614
G1 X738.92 Y250.49 E49.70059
G1 F2760
G1 X749.51 Y261.08 E64.65527
G1 X749.51 Y250.49 E45.71788
G1 X250.49 Y749.51 E3046.69043
G1 X250.49 Y738.92 E45.71786
M73 P79 R204
G1 X261.08 Y749.51 E64.65527
G1 X272.593 Y749.51 E49.70059
;WIPE_START
G1 F600
G1 X262.593 Y749.51 E-30
;WIPE_END
G1 Z393.5 F15000
M73 P79 R203
G1 X435.402 Y749.51 Z393.5
G1 Z392.5
G1 E40 F9000
G1 F2779.614
G1 F2760
G1 X423.89 Y749.51 E49.7002
G1 X250.49 Y576.11 E1058.66699
G1 X250.49 Y586.7 E45.71798
G1 X586.7 Y250.49 E2052.67871
G1 X576.11 Y250.49 E45.71875
G1 X749.51 Y423.89 E1058.66712
G1 X749.51 Y413.3 E45.71875
G1 X413.3 Y749.51 E2052.6789
G1 X401.788 Y749.51 E49.70059
;WIPE_START
G1 F600
G1 X411.788 Y749.51 E-30
;WIPE_END
G1 Z393.5 F15000
G1 X598.212 Y749.51 Z393.5
G1 Z392.5
G1 E40 F9000
G1 F2779.614
G1 F2760
G1 X586.7 Y749.51 E49.70117
G1 X250.49 Y413.3 E2052.67889
G1 X250.49 Y423.89 E45.71875
G1 X423.89 Y250.49 E1058.66711
G1 X413.3 Y250.49 E45.71875
G1 X749.51 Y586.7 E2052.6789
G1 X749.51 Y576.11 E45.71875
M73 P79 R202
G1 X576.11 Y749.51 E1058.66713
G1 X564.597 Y749.51 E49.70059
;WIPE_START
G1 F600
G1 X574.597 Y749.51 E-30
;WIPE_END
G1 Z393.5 F15000
G1 X749.51 Y727.407 Z393.5
G1 Z392.5
G1 E40 F9000
G1 F2779.614
G1 X749.51 Y738.92 E49.70059
G1 F2760
G1 X738.92 Y749.51 E64.65625
G1 X749.51 Y749.51 E45.71875
G1 X250.49 Y250.49 E3046.69065
G1 X261.08 Y250.49 E45.71875
G1 X250.49 Y261.08 E64.65625
G1 X250.49 Y272.593 E49.70059
; stop printing object Cube id:0 copy 0
;LAYER_CHANGE
;Z:394
;HEIGHT:1.5
;BEFORE_LAYER_CHANGE
;394
G92 E0

EXCLUDE_OBJECT_END NAME=Cube_id_0_copy_0
;AFTER_LAYER_CHANGE
;394
;_SET_FAN_SPEED_CHANGING_LAYER
; printing object Cube id:0 copy 0
;WIPE_START
G1 F600
G1 X250.49 Y262.593 E-30
;WIPE_END
EXCLUDE_OBJECT_START NAME=Cube_id_0_copy_0
G1 Z395 F15000
G1 X248.044 Y248.044 Z395
G1 Z394
G1 E40 F9000
;TYPE:Outer wall
;WIDTH:3.2
G1 F2779.615
G1 X751.956 Y248.044 E2175.45813
G1 X751.956 Y751.956 E2175.45813
G1 F2760
G1 X248.044 Y751.956 E2175.4585
G1 X248.044 Y248.344 E2174.16299
M73 P79 R201
;WIPE_START
G1 F600
G1 X258.044 Y248.338 E-30
;WIPE_END
G1 Z395 F15000
G1 X250.49 Y272.593 Z395
G1 Z394
G1 E40 F9000
;TYPE:Sparse infill
;WIDTH:3.2
G1 F2779.614
G1 X250.49 Y261.08 E49.70059
G1 F2760
G1 X261.08 Y250.49 E64.65527
G1 X250.49 Y250.49 E45.71822
G1 X749.51 Y749.51 E3046.69043
G1 X738.92 Y749.51 E45.71823
G1 X749.51 Y738.92 E64.65527
G1 X749.51 Y727.407 E49.70059
;WIPE_START
G1 F600
G1 X749.51 Y737.407 E-30
;WIPE_END
G1 Z395 F15000
G1 X564.597 Y749.51 Z395
G1 Z394
G1 E40 F9000
G1 F2779.614
G1 X576.11 Y749.51 E49.70059
G1 F2760
G1 X749.51 Y576.11 E1058.66699
G1 X749.51 Y586.7 E45.71813
G1 X413.3 Y250.49 E2052.67871
G1 X423.89 Y250.49 E45.71875
G1 X250.49 Y423.89 E1058.66711
G1 X250.49 Y413.3 E45.71875
M73 P79 R200
G1 X586.7 Y749.51 E2052.67889
G1 X598.212 Y749.51 E49.70059
;WIPE_START
G1 F600
G1 X588.212 Y749.51 E-30
;WIPE_END
G1 Z395 F15000
G1 X401.788 Y749.51 Z395
G1 Z394
G1 E40 F9000
G1 F2779.614
G1 F2760
G1 X413.3 Y749.51 E49.70117
G1 X749.51 Y413.3 E2052.6789
G1 X749.51 Y423.89 E45.71875
G1 X576.11 Y250.49 E1058.66712
G1 X586.7 Y250.49 E45.71875
G1 X250.49 Y586.7 E2052.67888
G1 X250.49 Y576.11 E45.71875
G1 X423.89 Y749.51 E1058.66712
G1 X435.402 Y749.51 E49.70059
;WIPE_START
G1 F600
G1 X425.402 Y749.51 E-30
;WIPE_END
G1 Z395 F15000
G1 X272.593 Y749.51 Z395
G1 Z394
G1 E40 F9000
G1 F2779.614
G1 X261.08 Y749.51 E49.70059
G1 F2760
G1 X250.49 Y738.92 E64.65625
G1 X250.49 Y749.51 E45.71875
G1 X749.51 Y250.49 E3046.69015
G1 X749.51 Y261.08 E45.71875
M73 P79 R199
G1 X738.92 Y250.49 E64.65625
G1 X727.407 Y250.49 E49.70059
; stop printing object Cube id:0 copy 0
;LAYER_CHANGE
;Z:395.5
;HEIGHT:1.5
;BEFORE_LAYER_CHANGE
;395.5
G92 E0

EXCLUDE_OBJECT_END NAME=Cube_id_0_copy_0
;AFTER_LAYER_CHANGE
;395.5
;_SET_FAN_SPEED_CHANGING_LAYER
; printing object Cube id:0 copy 0
;WIPE_START
G1 F600
G1 X737.407 Y250.49 E-30
;WIPE_END
EXCLUDE_OBJECT_START NAME=Cube_id_0_copy_0
G1 Z396.5 F15000
G1 X751.956 Y248.044 Z396.5
G1 Z395.5
G1 E40 F9000
;TYPE:Outer wall
;WIDTH:3.2
G1 F2779.615
G1 X751.956 Y751.956 E2175.45813
G1 X248.044 Y751.956 E2175.45813
G1 F2760
G1 X248.044 Y248.044 E2175.4585
G1 X751.656 Y248.044 E2174.16299
;WIPE_START
G1 F600
G1 X751.662 Y258.044 E-30
;WIPE_END
G1 Z396.5 F15000
G1 X727.407 Y250.49 Z396.5
G1 Z395.5
M73 P79 R198
G1 E40 F9000
;TYPE:Sparse infill
;WIDTH:3.2
G1 F2779.614
G1 X738.92 Y250.49 E49.70059
G1 F2760
G1 X749.51 Y261.08 E64.65527
G1 X749.51 Y250.49 E45.71788
G1 X250.49 Y749.51 E3046.69043
G1 X250.49 Y738.92 E45.71786
G1 X261.08 Y749.51 E64.65527
G1 X272.593 Y749.51 E49.70059
;WIPE_START
G1 F600
G1 X262.593 Y749.51 E-30
;WIPE_END
G1 Z396.5 F15000
G1 X435.402 Y749.51 Z396.5
G1 Z395.5
G1 E40 F9000
G1 F2779.614
G1 F2760
G1 X423.89 Y749.51 E49.7002
G1 X250.49 Y576.11 E1058.66699
G1 X250.49 Y586.7 E45.71798
G1 X586.7 Y250.49 E2052.67871
G1 X576.11 Y250.49 E45.71875
G1 X749.51 Y423.89 E1058.66712
G1 X749.51 Y413.3 E45.71875
G1 X413.3 Y749.51 E2052.6789
G1 X401.788 Y749.51 E49.70059
;WIPE_START
G1 F600
G1 X411.788 Y749.51 E-30
;WIPE_END
G1 Z396.5 F15000
G1 X598.212 Y749.51 Z396.5
G1 Z395.5
G1 E40 F9000
G1 F2779.614
G1 F2760
G1 X586.7 Y749.51 E49.70117
G1 X250.49 Y413.3 E2052.67889
G1 X250.49 Y423.89 E45.71875
M73 P79 R197
G1 X423.89 Y250.49 E1058.66711
G1 X413.3 Y250.49 E45.71875
G1 X749.51 Y586.7 E2052.6789
G1 X749.51 Y576.11 E45.71875
G1 X576.11 Y749.51 E1058.66713
G1 X564.597 Y749.51 E49.70059
;WIPE_START
G1 F600
G1 X574.597 Y749.51 E-30
;WIPE_END
G1 Z396.5 F15000
G1 X749.51 Y727.407 Z396.5
G1 Z395.5
G1 E40 F9000
G1 F2779.614
G1 X749.51 Y738.92 E49.70059
G1 F2760
G1 X738.92 Y749.51 E64.65625
G1 X749.51 Y749.51 E45.71875
G1 X250.49 Y250.49 E3046.69065
G1 X261.08 Y250.49 E45.71875
G1 X250.49 Y261.08 E64.65625
G1 X250.49 Y272.593 E49.70059
; stop printing object Cube id:0 copy 0
;LAYER_CHANGE
;Z:397
;HEIGHT:1.5
;BEFORE_LAYER_CHANGE
;397
G92 E0

EXCLUDE_OBJECT_END NAME=Cube_id_0_copy_0
;AFTER_LAYER_CHANGE
;397
;_SET_FAN_SPEED_CHANGING_LAYER
; printing object Cube id:0 copy 0
;WIPE_START
G1 F600
G1 X250.49 Y262.593 E-30
;WIPE_END
EXCLUDE_OBJECT_START NAME=Cube_id_0_copy_0
G1 Z398 F15000
G1 X248.044 Y248.044 Z398
G1 Z397
G1 E40 F9000
;TYPE:Outer wall
;WIDTH:3.2
G1 F2779.615
G1 X751.956 Y248.044 E2175.45813
G1 X751.956 Y751.956 E2175.45813
M73 P79 R196
G1 F2760
G1 X248.044 Y751.956 E2175.4585
G1 X248.044 Y248.344 E2174.16299
;WIPE_START
G1 F600
G1 X258.044 Y248.338 E-30
;WIPE_END
G1 Z398 F15000
G1 X250.49 Y272.593 Z398
G1 Z397
G1 E40 F9000
;TYPE:Sparse infill
;WIDTH:3.2
G1 F2779.614
G1 X250.49 Y261.08 E49.70059
G1 F2760
G1 X261.08 Y250.49 E64.65527
G1 X250.49 Y250.49 E45.71822
G1 X749.51 Y749.51 E3046.69043
G1 X738.92 Y749.51 E45.71823
G1 X749.51 Y738.92 E64.65527
G1 X749.51 Y727.407 E49.70059
;WIPE_START
G1 F600
G1 X749.51 Y737.407 E-30
;WIPE_END
G1 Z398 F15000
G1 X564.597 Y749.51 Z398
G1 Z397
M73 P79 R195
G1 E40 F9000
G1 F2779.614
G1 X576.11 Y749.51 E49.70059
G1 F2760
G1 X749.51 Y576.11 E1058.66699
G1 X749.51 Y586.7 E45.71813
G1 X413.3 Y250.49 E2052.67871
G1 X423.89 Y250.49 E45.71875
G1 X250.49 Y423.89 E1058.66711
G1 X250.49 Y413.3 E45.71875
G1 X586.7 Y749.51 E2052.67889
G1 X598.212 Y749.51 E49.70059
;WIPE_START
G1 F600
G1 X588.212 Y749.51 E-30
;WIPE_END
G1 Z398 F15000
G1 X401.788 Y749.51 Z398
G1 Z397
G1 E40 F9000
G1 F2779.614
G1 F2760
G1 X413.3 Y749.51 E49.70117
G1 X749.51 Y413.3 E2052.6789
G1 X749.51 Y423.89 E45.71875
G1 X576.11 Y250.49 E1058.66712
G1 X586.7 Y250.49 E45.71875
G1 X250.49 Y586.7 E2052.67888
G1 X250.49 Y576.11 E45.71875
M73 P79 R194
G1 X423.89 Y749.51 E1058.66712
G1 X435.402 Y749.51 E49.70059
;WIPE_START
G1 F600
G1 X425.402 Y749.51 E-30
;WIPE_END
G1 Z398 F15000
G1 X272.593 Y749.51 Z398
G1 Z397
G1 E40 F9000
G1 F2779.614
G1 X261.08 Y749.51 E49.70059
G1 F2760
G1 X250.49 Y738.92 E64.65625
G1 X250.49 Y749.51 E45.71875
G1 X749.51 Y250.49 E3046.69015
G1 X749.51 Y261.08 E45.71875
G1 X738.92 Y250.49 E64.65625
G1 X727.407 Y250.49 E49.70059
; stop printing object Cube id:0 copy 0
;LAYER_CHANGE
;Z:398.5
;HEIGHT:1.5
;BEFORE_LAYER_CHANGE
;398.5
G92 E0

EXCLUDE_OBJECT_END NAME=Cube_id_0_copy_0
;AFTER_LAYER_CHANGE
;398.5
;_SET_FAN_SPEED_CHANGING_LAYER
; printing object Cube id:0 copy 0
;WIPE_START
G1 F600
G1 X737.407 Y250.49 E-30
;WIPE_END
EXCLUDE_OBJECT_START NAME=Cube_id_0_copy_0
G1 Z399.5 F15000
G1 X751.956 Y248.044 Z399.5
G1 Z398.5
G1 E40 F9000
;TYPE:Outer wall
;WIDTH:3.2
G1 F2779.615
G1 X751.956 Y751.956 E2175.45813
G1 X248.044 Y751.956 E2175.45813
M73 P80 R194
G1 F2760
G1 X248.044 Y248.044 E2175.4585
G1 X751.656 Y248.044 E2174.16299
M73 P80 R193
;WIPE_START
G1 F600
G1 X751.662 Y258.044 E-30
;WIPE_END
G1 Z399.5 F15000
G1 X727.407 Y250.49 Z399.5
G1 Z398.5
G1 E40 F9000
;TYPE:Sparse infill
;WIDTH:3.2
G1 F2779.614
G1 X738.92 Y250.49 E49.70059
G1 F2760
G1 X749.51 Y261.08 E64.65527
G1 X749.51 Y250.49 E45.71788
G1 X250.49 Y749.51 E3046.69043
G1 X250.49 Y738.92 E45.71786
G1 X261.08 Y749.51 E64.65527
G1 X272.593 Y749.51 E49.70059
;WIPE_START
G1 F600
G1 X262.593 Y749.51 E-30
;WIPE_END
G1 Z399.5 F15000
G1 X435.402 Y749.51 Z399.5
G1 Z398.5
G1 E40 F9000
G1 F2779.614
G1 F2760
G1 X423.89 Y749.51 E49.7002
G1 X250.49 Y576.11 E1058.66699
G1 X250.49 Y586.7 E45.71798
G1 X586.7 Y250.49 E2052.67871
G1 X576.11 Y250.49 E45.71875
G1 X749.51 Y423.89 E1058.66712
G1 X749.51 Y413.3 E45.71875
M73 P80 R192
G1 X413.3 Y749.51 E2052.6789
G1 X401.788 Y749.51 E49.70059
;WIPE_START
G1 F600
G1 X411.788 Y749.51 E-30
;WIPE_END
G1 Z399.5 F15000
G1 X598.212 Y749.51 Z399.5
G1 Z398.5
G1 E40 F9000
G1 F2779.614
G1 F2760
G1 X586.7 Y749.51 E49.70117
G1 X250.49 Y413.3 E2052.67889
G1 X250.49 Y423.89 E45.71875
G1 X423.89 Y250.49 E1058.66711
G1 X413.3 Y250.49 E45.71875
G1 X749.51 Y586.7 E2052.6789
G1 X749.51 Y576.11 E45.71875
G1 X576.11 Y749.51 E1058.66713
G1 X564.597 Y749.51 E49.70059
;WIPE_START
G1 F600
G1 X574.597 Y749.51 E-30
;WIPE_END
G1 Z399.5 F15000
G1 X749.51 Y727.407 Z399.5
G1 Z398.5
G1 E40 F9000
G1 F2779.614
G1 X749.51 Y738.92 E49.70059
G1 F2760
G1 X738.92 Y749.51 E64.65625
G1 X749.51 Y749.51 E45.71875
G1 X250.49 Y250.49 E3046.69065
G1 X261.08 Y250.49 E45.71875
M73 P80 R191
G1 X250.49 Y261.08 E64.65625
G1 X250.49 Y272.593 E49.70059
; stop printing object Cube id:0 copy 0
;LAYER_CHANGE
;Z:400
;HEIGHT:1.5
;BEFORE_LAYER_CHANGE
;400
G92 E0

EXCLUDE_OBJECT_END NAME=Cube_id_0_copy_0
;AFTER_LAYER_CHANGE
;400
;_SET_FAN_SPEED_CHANGING_LAYER
; printing object Cube id:0 copy 0
;WIPE_START
G1 F600
G1 X250.49 Y262.593 E-30
;WIPE_END
EXCLUDE_OBJECT_START NAME=Cube_id_0_copy_0
G1 Z401 F15000
G1 X248.044 Y248.044 Z401
G1 Z400
G1 E40 F9000
;TYPE:Outer wall
;WIDTH:3.2
G1 F2779.615
G1 X751.956 Y248.044 E2175.45813
G1 X751.956 Y751.956 E2175.45813
G1 F2760
G1 X248.044 Y751.956 E2175.4585
G1 X248.044 Y248.344 E2174.16299
;WIPE_START
G1 F600
G1 X258.044 Y248.338 E-30
;WIPE_END
G1 Z401 F15000
G1 X250.49 Y272.593 Z401
G1 Z400
G1 E40 F9000
;TYPE:Sparse infill
;WIDTH:3.2
G1 F2779.614
M73 P80 R190
G1 X250.49 Y261.08 E49.70059
G1 F2760
G1 X261.08 Y250.49 E64.65527
G1 X250.49 Y250.49 E45.71822
G1 X749.51 Y749.51 E3046.69043
G1 X738.92 Y749.51 E45.71823
G1 X749.51 Y738.92 E64.65527
G1 X749.51 Y727.407 E49.70059
;WIPE_START
G1 F600
G1 X749.51 Y737.407 E-30
;WIPE_END
G1 Z401 F15000
G1 X564.597 Y749.51 Z401
G1 Z400
G1 E40 F9000
G1 F2779.614
G1 X576.11 Y749.51 E49.70059
G1 F2760
G1 X749.51 Y576.11 E1058.66699
G1 X749.51 Y586.7 E45.71813
G1 X413.3 Y250.49 E2052.67871
G1 X423.89 Y250.49 E45.71875
G1 X250.49 Y423.89 E1058.66711
G1 X250.49 Y413.3 E45.71875
G1 X586.7 Y749.51 E2052.67889
G1 X598.212 Y749.51 E49.70059
;WIPE_START
G1 F600
G1 X588.212 Y749.51 E-30
;WIPE_END
G1 Z401 F15000
G1 X401.788 Y749.51 Z401
G1 Z400
G1 E40 F9000
G1 F2779.614
G1 F2760
G1 X413.3 Y749.51 E49.70117
G1 X749.51 Y413.3 E2052.6789
G1 X749.51 Y423.89 E45.71875
M73 P80 R189
G1 X576.11 Y250.49 E1058.66712
G1 X586.7 Y250.49 E45.71875
G1 X250.49 Y586.7 E2052.67888
G1 X250.49 Y576.11 E45.71875
G1 X423.89 Y749.51 E1058.66712
G1 X435.402 Y749.51 E49.70059
;WIPE_START
G1 F600
G1 X425.402 Y749.51 E-30
;WIPE_END
G1 Z401 F15000
G1 X272.593 Y749.51 Z401
G1 Z400
G1 E40 F9000
G1 F2779.614
G1 X261.08 Y749.51 E49.70059
G1 F2760
G1 X250.49 Y738.92 E64.65625
G1 X250.49 Y749.51 E45.71875
G1 X749.51 Y250.49 E3046.69015
G1 X749.51 Y261.08 E45.71875
G1 X738.92 Y250.49 E64.65625
G1 X727.407 Y250.49 E49.70059
; stop printing object Cube id:0 copy 0
;LAYER_CHANGE
;Z:401.5
;HEIGHT:1.5
;BEFORE_LAYER_CHANGE
;401.5
G92 E0

EXCLUDE_OBJECT_END NAME=Cube_id_0_copy_0
;AFTER_LAYER_CHANGE
;401.5
;_SET_FAN_SPEED_CHANGING_LAYER
; printing object Cube id:0 copy 0
;WIPE_START
G1 F600
G1 X737.407 Y250.49 E-30
;WIPE_END
EXCLUDE_OBJECT_START NAME=Cube_id_0_copy_0
G1 Z402.5 F15000
G1 X751.956 Y248.044 Z402.5
G1 Z401.5
G1 E40 F9000
;TYPE:Outer wall
;WIDTH:3.2
G1 F2779.615
G1 X751.956 Y751.956 E2175.45813
G1 X248.044 Y751.956 E2175.45813
M73 P80 R188
G1 F2760
G1 X248.044 Y248.044 E2175.4585
G1 X751.656 Y248.044 E2174.16299
;WIPE_START
G1 F600
G1 X751.662 Y258.044 E-30
;WIPE_END
G1 Z402.5 F15000
G1 X727.407 Y250.49 Z402.5
G1 Z401.5
G1 E40 F9000
;TYPE:Sparse infill
;WIDTH:3.2
G1 F2779.614
G1 X738.92 Y250.49 E49.70059
G1 F2760
G1 X749.51 Y261.08 E64.65527
G1 X749.51 Y250.49 E45.71788
G1 X250.49 Y749.51 E3046.69043
G1 X250.49 Y738.92 E45.71786
G1 X261.08 Y749.51 E64.65527
G1 X272.593 Y749.51 E49.70059
;WIPE_START
G1 F600
G1 X262.593 Y749.51 E-30
;WIPE_END
G1 Z402.5 F15000
G1 X435.402 Y749.51 Z402.5
G1 Z401.5
M73 P80 R187
G1 E40 F9000
G1 F2779.614
G1 F2760
G1 X423.89 Y749.51 E49.7002
G1 X250.49 Y576.11 E1058.66699
G1 X250.49 Y586.7 E45.71798
G1 X586.7 Y250.49 E2052.67871
G1 X576.11 Y250.49 E45.71875
G1 X749.51 Y423.89 E1058.66712
G1 X749.51 Y413.3 E45.71875
G1 X413.3 Y749.51 E2052.6789
G1 X401.788 Y749.51 E49.70059
;WIPE_START
G1 F600
G1 X411.788 Y749.51 E-30
;WIPE_END
G1 Z402.5 F15000
G1 X598.212 Y749.51 Z402.5
G1 Z401.5
G1 E40 F9000
G1 F2779.614
G1 F2760
G1 X586.7 Y749.51 E49.70117
G1 X250.49 Y413.3 E2052.67889
G1 X250.49 Y423.89 E45.71875
G1 X423.89 Y250.49 E1058.66711
G1 X413.3 Y250.49 E45.71875
G1 X749.51 Y586.7 E2052.6789
G1 X749.51 Y576.11 E45.71875
M73 P80 R186
G1 X576.11 Y749.51 E1058.66713
G1 X564.597 Y749.51 E49.70059
;WIPE_START
G1 F600
G1 X574.597 Y749.51 E-30
;WIPE_END
G1 Z402.5 F15000
G1 X749.51 Y727.407 Z402.5
G1 Z401.5
G1 E40 F9000
G1 F2779.614
G1 X749.51 Y738.92 E49.70059
G1 F2760
G1 X738.92 Y749.51 E64.65625
G1 X749.51 Y749.51 E45.71875
G1 X250.49 Y250.49 E3046.69065
G1 X261.08 Y250.49 E45.71875
G1 X250.49 Y261.08 E64.65625
G1 X250.49 Y272.593 E49.70059
; stop printing object Cube id:0 copy 0
;LAYER_CHANGE
;Z:403
;HEIGHT:1.5
;BEFORE_LAYER_CHANGE
;403
G92 E0

EXCLUDE_OBJECT_END NAME=Cube_id_0_copy_0
;AFTER_LAYER_CHANGE
;403
;_SET_FAN_SPEED_CHANGING_LAYER
; printing object Cube id:0 copy 0
;WIPE_START
G1 F600
G1 X250.49 Y262.593 E-30
;WIPE_END
EXCLUDE_OBJECT_START NAME=Cube_id_0_copy_0
G1 Z404 F15000
G1 X248.044 Y248.044 Z404
G1 Z403
G1 E40 F9000
;TYPE:Outer wall
;WIDTH:3.2
G1 F2779.615
G1 X751.956 Y248.044 E2175.45813
G1 X751.956 Y751.956 E2175.45813
G1 F2760
G1 X248.044 Y751.956 E2175.4585
G1 X248.044 Y248.344 E2174.16299
M73 P80 R185
;WIPE_START
G1 F600
G1 X258.044 Y248.338 E-30
;WIPE_END
G1 Z404 F15000
G1 X250.49 Y272.593 Z404
G1 Z403
G1 E40 F9000
;TYPE:Sparse infill
;WIDTH:3.2
G1 F2779.614
G1 X250.49 Y261.08 E49.70059
G1 F2760
G1 X261.08 Y250.49 E64.65527
G1 X250.49 Y250.49 E45.71822
G1 X749.51 Y749.51 E3046.69043
G1 X738.92 Y749.51 E45.71823
G1 X749.51 Y738.92 E64.65527
G1 X749.51 Y727.407 E49.70059
;WIPE_START
G1 F600
G1 X749.51 Y737.407 E-30
;WIPE_END
G1 Z404 F15000
G1 X564.597 Y749.51 Z404
G1 Z403
G1 E40 F9000
G1 F2779.614
G1 X576.11 Y749.51 E49.70059
G1 F2760
G1 X749.51 Y576.11 E1058.66699
G1 X749.51 Y586.7 E45.71813
G1 X413.3 Y250.49 E2052.67871
G1 X423.89 Y250.49 E45.71875
G1 X250.49 Y423.89 E1058.66711
G1 X250.49 Y413.3 E45.71875
M73 P80 R184
G1 X586.7 Y749.51 E2052.67889
G1 X598.212 Y749.51 E49.70059
;WIPE_START
G1 F600
G1 X588.212 Y749.51 E-30
;WIPE_END
G1 Z404 F15000
G1 X401.788 Y749.51 Z404
G1 Z403
G1 E40 F9000
G1 F2779.614
G1 F2760
G1 X413.3 Y749.51 E49.70117
G1 X749.51 Y413.3 E2052.6789
G1 X749.51 Y423.89 E45.71875
M73 P81 R184
G1 X576.11 Y250.49 E1058.66712
G1 X586.7 Y250.49 E45.71875
G1 X250.49 Y586.7 E2052.67888
G1 X250.49 Y576.11 E45.71875
G1 X423.89 Y749.51 E1058.66712
G1 X435.402 Y749.51 E49.70059
;WIPE_START
G1 F600
G1 X425.402 Y749.51 E-30
;WIPE_END
G1 Z404 F15000
G1 X272.593 Y749.51 Z404
G1 Z403
G1 E40 F9000
G1 F2779.614
G1 X261.08 Y749.51 E49.70059
G1 F2760
G1 X250.49 Y738.92 E64.65625
G1 X250.49 Y749.51 E45.71875
G1 X749.51 Y250.49 E3046.69015
G1 X749.51 Y261.08 E45.71875
M73 P81 R183
G1 X738.92 Y250.49 E64.65625
G1 X727.407 Y250.49 E49.70059
; stop printing object Cube id:0 copy 0
;LAYER_CHANGE
;Z:404.5
;HEIGHT:1.5
;BEFORE_LAYER_CHANGE
;404.5
G92 E0

EXCLUDE_OBJECT_END NAME=Cube_id_0_copy_0
;AFTER_LAYER_CHANGE
;404.5
;_SET_FAN_SPEED_CHANGING_LAYER
; printing object Cube id:0 copy 0
;WIPE_START
G1 F600
G1 X737.407 Y250.49 E-30
;WIPE_END
EXCLUDE_OBJECT_START NAME=Cube_id_0_copy_0
G1 Z405.5 F15000
G1 X751.956 Y248.044 Z405.5
G1 Z404.5
G1 E40 F9000
;TYPE:Outer wall
;WIDTH:3.2
G1 F2779.615
G1 X751.956 Y751.956 E2175.45813
G1 X248.044 Y751.956 E2175.45813
G1 F2760
G1 X248.044 Y248.044 E2175.4585
G1 X751.656 Y248.044 E2174.16299
;WIPE_START
G1 F600
G1 X751.662 Y258.044 E-30
;WIPE_END
G1 Z405.5 F15000
G1 X727.407 Y250.49 Z405.5
G1 Z404.5
G1 E40 F9000
;TYPE:Sparse infill
;WIDTH:3.2
G1 F2779.614
G1 X738.92 Y250.49 E49.70059
G1 F2760
M73 P81 R182
G1 X749.51 Y261.08 E64.65527
G1 X749.51 Y250.49 E45.71788
G1 X250.49 Y749.51 E3046.69043
G1 X250.49 Y738.92 E45.71786
G1 X261.08 Y749.51 E64.65527
G1 X272.593 Y749.51 E49.70059
;WIPE_START
G1 F600
G1 X262.593 Y749.51 E-30
;WIPE_END
G1 Z405.5 F15000
G1 X435.402 Y749.51 Z405.5
G1 Z404.5
G1 E40 F9000
G1 F2779.614
G1 F2760
G1 X423.89 Y749.51 E49.7002
G1 X250.49 Y576.11 E1058.66699
G1 X250.49 Y586.7 E45.71798
G1 X586.7 Y250.49 E2052.67871
G1 X576.11 Y250.49 E45.71875
G1 X749.51 Y423.89 E1058.66712
G1 X749.51 Y413.3 E45.71875
G1 X413.3 Y749.51 E2052.6789
G1 X401.788 Y749.51 E49.70059
;WIPE_START
G1 F600
G1 X411.788 Y749.51 E-30
;WIPE_END
G1 Z405.5 F15000
G1 X598.212 Y749.51 Z405.5
G1 Z404.5
G1 E40 F9000
G1 F2779.614
G1 F2760
G1 X586.7 Y749.51 E49.70117
G1 X250.49 Y413.3 E2052.67889
G1 X250.49 Y423.89 E45.71875
M73 P81 R181
G1 X423.89 Y250.49 E1058.66711
G1 X413.3 Y250.49 E45.71875
G1 X749.51 Y586.7 E2052.6789
G1 X749.51 Y576.11 E45.71875
G1 X576.11 Y749.51 E1058.66713
G1 X564.597 Y749.51 E49.70059
;WIPE_START
G1 F600
G1 X574.597 Y749.51 E-30
;WIPE_END
G1 Z405.5 F15000
G1 X749.51 Y727.407 Z405.5
G1 Z404.5
G1 E40 F9000
G1 F2779.614
G1 X749.51 Y738.92 E49.70059
G1 F2760
G1 X738.92 Y749.51 E64.65625
G1 X749.51 Y749.51 E45.71875
G1 X250.49 Y250.49 E3046.69065
G1 X261.08 Y250.49 E45.71875
G1 X250.49 Y261.08 E64.65625
G1 X250.49 Y272.593 E49.70059
; stop printing object Cube id:0 copy 0
;LAYER_CHANGE
;Z:406
;HEIGHT:1.5
;BEFORE_LAYER_CHANGE
;406
G92 E0

EXCLUDE_OBJECT_END NAME=Cube_id_0_copy_0
;AFTER_LAYER_CHANGE
;406
;_SET_FAN_SPEED_CHANGING_LAYER
; printing object Cube id:0 copy 0
;WIPE_START
G1 F600
G1 X250.49 Y262.593 E-30
;WIPE_END
EXCLUDE_OBJECT_START NAME=Cube_id_0_copy_0
G1 Z407 F15000
G1 X248.044 Y248.044 Z407
G1 Z406
G1 E40 F9000
;TYPE:Outer wall
;WIDTH:3.2
G1 F2779.615
G1 X751.956 Y248.044 E2175.45813
G1 X751.956 Y751.956 E2175.45813
M73 P81 R180
G1 F2760
G1 X248.044 Y751.956 E2175.4585
G1 X248.044 Y248.344 E2174.16299
;WIPE_START
G1 F600
G1 X258.044 Y248.338 E-30
;WIPE_END
G1 Z407 F15000
G1 X250.49 Y272.593 Z407
G1 Z406
G1 E40 F9000
;TYPE:Sparse infill
;WIDTH:3.2
G1 F2779.614
G1 X250.49 Y261.08 E49.70059
G1 F2760
G1 X261.08 Y250.49 E64.65527
G1 X250.49 Y250.49 E45.71822
G1 X749.51 Y749.51 E3046.69043
G1 X738.92 Y749.51 E45.71823
G1 X749.51 Y738.92 E64.65527
G1 X749.51 Y727.407 E49.70059
;WIPE_START
G1 F600
G1 X749.51 Y737.407 E-30
;WIPE_END
G1 Z407 F15000
G1 X564.597 Y749.51 Z407
G1 Z406
G1 E40 F9000
G1 F2779.614
M73 P81 R179
G1 X576.11 Y749.51 E49.70059
G1 F2760
G1 X749.51 Y576.11 E1058.66699
G1 X749.51 Y586.7 E45.71813
G1 X413.3 Y250.49 E2052.67871
G1 X423.89 Y250.49 E45.71875
G1 X250.49 Y423.89 E1058.66711
G1 X250.49 Y413.3 E45.71875
G1 X586.7 Y749.51 E2052.67889
G1 X598.212 Y749.51 E49.70059
;WIPE_START
G1 F600
G1 X588.212 Y749.51 E-30
;WIPE_END
G1 Z407 F15000
G1 X401.788 Y749.51 Z407
G1 Z406
G1 E40 F9000
G1 F2779.614
G1 F2760
G1 X413.3 Y749.51 E49.70117
G1 X749.51 Y413.3 E2052.6789
G1 X749.51 Y423.89 E45.71875
G1 X576.11 Y250.49 E1058.66712
G1 X586.7 Y250.49 E45.71875
G1 X250.49 Y586.7 E2052.67888
G1 X250.49 Y576.11 E45.71875
M73 P81 R178
G1 X423.89 Y749.51 E1058.66712
G1 X435.402 Y749.51 E49.70059
;WIPE_START
G1 F600
G1 X425.402 Y749.51 E-30
;WIPE_END
G1 Z407 F15000
G1 X272.593 Y749.51 Z407
G1 Z406
G1 E40 F9000
G1 F2779.614
G1 X261.08 Y749.51 E49.70059
G1 F2760
G1 X250.49 Y738.92 E64.65625
G1 X250.49 Y749.51 E45.71875
G1 X749.51 Y250.49 E3046.69015
G1 X749.51 Y261.08 E45.71875
G1 X738.92 Y250.49 E64.65625
G1 X727.407 Y250.49 E49.70059
; stop printing object Cube id:0 copy 0
;LAYER_CHANGE
;Z:407.5
;HEIGHT:1.5
;BEFORE_LAYER_CHANGE
;407.5
G92 E0

EXCLUDE_OBJECT_END NAME=Cube_id_0_copy_0
;AFTER_LAYER_CHANGE
;407.5
;_SET_FAN_SPEED_CHANGING_LAYER
; printing object Cube id:0 copy 0
;WIPE_START
G1 F600
G1 X737.407 Y250.49 E-30
;WIPE_END
EXCLUDE_OBJECT_START NAME=Cube_id_0_copy_0
G1 Z408.5 F15000
G1 X751.956 Y248.044 Z408.5
G1 Z407.5
G1 E40 F9000
;TYPE:Outer wall
;WIDTH:3.2
G1 F2779.615
G1 X751.956 Y751.956 E2175.45813
G1 X248.044 Y751.956 E2175.45813
G1 F2760
G1 X248.044 Y248.044 E2175.4585
G1 X751.656 Y248.044 E2174.16299
M73 P81 R177
;WIPE_START
G1 F600
G1 X751.662 Y258.044 E-30
;WIPE_END
G1 Z408.5 F15000
G1 X727.407 Y250.49 Z408.5
G1 Z407.5
G1 E40 F9000
;TYPE:Sparse infill
;WIDTH:3.2
G1 F2779.614
G1 X738.92 Y250.49 E49.70059
G1 F2760
G1 X749.51 Y261.08 E64.65527
G1 X749.51 Y250.49 E45.71788
G1 X250.49 Y749.51 E3046.69043
G1 X250.49 Y738.92 E45.71786
G1 X261.08 Y749.51 E64.65527
G1 X272.593 Y749.51 E49.70059
;WIPE_START
G1 F600
G1 X262.593 Y749.51 E-30
;WIPE_END
G1 Z408.5 F15000
G1 X435.402 Y749.51 Z408.5
G1 Z407.5
G1 E40 F9000
G1 F2779.614
G1 F2760
G1 X423.89 Y749.51 E49.7002
G1 X250.49 Y576.11 E1058.66699
G1 X250.49 Y586.7 E45.71798
G1 X586.7 Y250.49 E2052.67871
G1 X576.11 Y250.49 E45.71875
G1 X749.51 Y423.89 E1058.66712
G1 X749.51 Y413.3 E45.71875
M73 P81 R176
G1 X413.3 Y749.51 E2052.6789
G1 X401.788 Y749.51 E49.70059
;WIPE_START
G1 F600
G1 X411.788 Y749.51 E-30
;WIPE_END
G1 Z408.5 F15000
G1 X598.212 Y749.51 Z408.5
G1 Z407.5
G1 E40 F9000
G1 F2779.614
G1 F2760
G1 X586.7 Y749.51 E49.70117
G1 X250.49 Y413.3 E2052.67889
G1 X250.49 Y423.89 E45.71875
G1 X423.89 Y250.49 E1058.66711
G1 X413.3 Y250.49 E45.71875
G1 X749.51 Y586.7 E2052.6789
G1 X749.51 Y576.11 E45.71875
G1 X576.11 Y749.51 E1058.66713
G1 X564.597 Y749.51 E49.70059
;WIPE_START
G1 F600
G1 X574.597 Y749.51 E-30
;WIPE_END
G1 Z408.5 F15000
G1 X749.51 Y727.407 Z408.5
G1 Z407.5
G1 E40 F9000
G1 F2779.614
G1 X749.51 Y738.92 E49.70059
G1 F2760
G1 X738.92 Y749.51 E64.65625
G1 X749.51 Y749.51 E45.71875
G1 X250.49 Y250.49 E3046.69065
G1 X261.08 Y250.49 E45.71875
M73 P81 R175
G1 X250.49 Y261.08 E64.65625
G1 X250.49 Y272.593 E49.70059
; stop printing object Cube id:0 copy 0
;LAYER_CHANGE
;Z:409
;HEIGHT:1.5
;BEFORE_LAYER_CHANGE
;409
G92 E0

EXCLUDE_OBJECT_END NAME=Cube_id_0_copy_0
;AFTER_LAYER_CHANGE
;409
;_SET_FAN_SPEED_CHANGING_LAYER
; printing object Cube id:0 copy 0
;WIPE_START
G1 F600
G1 X250.49 Y262.593 E-30
;WIPE_END
EXCLUDE_OBJECT_START NAME=Cube_id_0_copy_0
G1 Z410 F15000
G1 X248.044 Y248.044 Z410
G1 Z409
G1 E40 F9000
;TYPE:Outer wall
;WIDTH:3.2
G1 F2779.615
G1 X751.956 Y248.044 E2175.45813
G1 X751.956 Y751.956 E2175.45813
G1 F2760
G1 X248.044 Y751.956 E2175.4585
G1 X248.044 Y248.344 E2174.16299
;WIPE_START
G1 F600
G1 X258.044 Y248.338 E-30
;WIPE_END
G1 Z410 F15000
G1 X250.49 Y272.593 Z410
G1 Z409
G1 E40 F9000
;TYPE:Sparse infill
;WIDTH:3.2
G1 F2779.614
G1 X250.49 Y261.08 E49.70059
G1 F2760
G1 X261.08 Y250.49 E64.65527
G1 X250.49 Y250.49 E45.71822
G1 X749.51 Y749.51 E3046.69043
M73 P81 R174
G1 X738.92 Y749.51 E45.71823
M73 P82 R174
G1 X749.51 Y738.92 E64.65527
G1 X749.51 Y727.407 E49.70059
;WIPE_START
G1 F600
G1 X749.51 Y737.407 E-30
;WIPE_END
G1 Z410 F15000
G1 X564.597 Y749.51 Z410
G1 Z409
G1 E40 F9000
G1 F2779.614
G1 X576.11 Y749.51 E49.70059
G1 F2760
G1 X749.51 Y576.11 E1058.66699
G1 X749.51 Y586.7 E45.71813
G1 X413.3 Y250.49 E2052.67871
G1 X423.89 Y250.49 E45.71875
G1 X250.49 Y423.89 E1058.66711
G1 X250.49 Y413.3 E45.71875
G1 X586.7 Y749.51 E2052.67889
G1 X598.212 Y749.51 E49.70059
;WIPE_START
G1 F600
G1 X588.212 Y749.51 E-30
;WIPE_END
G1 Z410 F15000
G1 X401.788 Y749.51 Z410
G1 Z409
G1 E40 F9000
G1 F2779.614
G1 F2760
G1 X413.3 Y749.51 E49.70117
G1 X749.51 Y413.3 E2052.6789
G1 X749.51 Y423.89 E45.71875
M73 P82 R173
G1 X576.11 Y250.49 E1058.66712
G1 X586.7 Y250.49 E45.71875
G1 X250.49 Y586.7 E2052.67888
G1 X250.49 Y576.11 E45.71875
G1 X423.89 Y749.51 E1058.66712
G1 X435.402 Y749.51 E49.70059
;WIPE_START
G1 F600
G1 X425.402 Y749.51 E-30
;WIPE_END
G1 Z410 F15000
G1 X272.593 Y749.51 Z410
G1 Z409
G1 E40 F9000
G1 F2779.614
G1 X261.08 Y749.51 E49.70059
G1 F2760
G1 X250.49 Y738.92 E64.65625
G1 X250.49 Y749.51 E45.71875
G1 X749.51 Y250.49 E3046.69015
G1 X749.51 Y261.08 E45.71875
G1 X738.92 Y250.49 E64.65625
G1 X727.407 Y250.49 E49.70059
; stop printing object Cube id:0 copy 0
;LAYER_CHANGE
;Z:410.5
;HEIGHT:1.5
;BEFORE_LAYER_CHANGE
;410.5
G92 E0

EXCLUDE_OBJECT_END NAME=Cube_id_0_copy_0
;AFTER_LAYER_CHANGE
;410.5
;_SET_FAN_SPEED_CHANGING_LAYER
; printing object Cube id:0 copy 0
;WIPE_START
G1 F600
G1 X737.407 Y250.49 E-30
;WIPE_END
EXCLUDE_OBJECT_START NAME=Cube_id_0_copy_0
G1 Z411.5 F15000
G1 X751.956 Y248.044 Z411.5
G1 Z410.5
G1 E40 F9000
;TYPE:Outer wall
;WIDTH:3.2
G1 F2779.615
G1 X751.956 Y751.956 E2175.45813
G1 X248.044 Y751.956 E2175.45813
M73 P82 R172
G1 F2760
G1 X248.044 Y248.044 E2175.4585
G1 X751.656 Y248.044 E2174.16299
;WIPE_START
G1 F600
G1 X751.662 Y258.044 E-30
;WIPE_END
G1 Z411.5 F15000
G1 X727.407 Y250.49 Z411.5
G1 Z410.5
G1 E40 F9000
;TYPE:Sparse infill
;WIDTH:3.2
G1 F2779.614
G1 X738.92 Y250.49 E49.70059
G1 F2760
G1 X749.51 Y261.08 E64.65527
G1 X749.51 Y250.49 E45.71788
G1 X250.49 Y749.51 E3046.69043
G1 X250.49 Y738.92 E45.71786
G1 X261.08 Y749.51 E64.65527
G1 X272.593 Y749.51 E49.70059
;WIPE_START
G1 F600
G1 X262.593 Y749.51 E-30
;WIPE_END
G1 Z411.5 F15000
G1 X435.402 Y749.51 Z411.5
G1 Z410.5
G1 E40 F9000
G1 F2779.614
G1 F2760
G1 X423.89 Y749.51 E49.7002
G1 X250.49 Y576.11 E1058.66699
G1 X250.49 Y586.7 E45.71798
M73 P82 R171
G1 X586.7 Y250.49 E2052.67871
G1 X576.11 Y250.49 E45.71875
G1 X749.51 Y423.89 E1058.66712
G1 X749.51 Y413.3 E45.71875
G1 X413.3 Y749.51 E2052.6789
G1 X401.788 Y749.51 E49.70059
;WIPE_START
G1 F600
G1 X411.788 Y749.51 E-30
;WIPE_END
G1 Z411.5 F15000
G1 X598.212 Y749.51 Z411.5
G1 Z410.5
G1 E40 F9000
G1 F2779.614
G1 F2760
G1 X586.7 Y749.51 E49.70117
G1 X250.49 Y413.3 E2052.67889
G1 X250.49 Y423.89 E45.71875
G1 X423.89 Y250.49 E1058.66711
G1 X413.3 Y250.49 E45.71875
G1 X749.51 Y586.7 E2052.6789
G1 X749.51 Y576.11 E45.71875
M73 P82 R170
G1 X576.11 Y749.51 E1058.66713
G1 X564.597 Y749.51 E49.70059
;WIPE_START
G1 F600
G1 X574.597 Y749.51 E-30
;WIPE_END
G1 Z411.5 F15000
G1 X749.51 Y727.407 Z411.5
G1 Z410.5
G1 E40 F9000
G1 F2779.614
G1 X749.51 Y738.92 E49.70059
G1 F2760
G1 X738.92 Y749.51 E64.65625
G1 X749.51 Y749.51 E45.71875
G1 X250.49 Y250.49 E3046.69065
G1 X261.08 Y250.49 E45.71875
G1 X250.49 Y261.08 E64.65625
G1 X250.49 Y272.593 E49.70059
; stop printing object Cube id:0 copy 0
;LAYER_CHANGE
;Z:412
;HEIGHT:1.5
;BEFORE_LAYER_CHANGE
;412
G92 E0

EXCLUDE_OBJECT_END NAME=Cube_id_0_copy_0
;AFTER_LAYER_CHANGE
;412
;_SET_FAN_SPEED_CHANGING_LAYER
; printing object Cube id:0 copy 0
;WIPE_START
G1 F600
G1 X250.49 Y262.593 E-30
;WIPE_END
EXCLUDE_OBJECT_START NAME=Cube_id_0_copy_0
G1 Z413 F15000
G1 X248.044 Y248.044 Z413
G1 Z412
G1 E40 F9000
;TYPE:Outer wall
;WIDTH:3.2
G1 F2779.615
G1 X751.956 Y248.044 E2175.45813
G1 X751.956 Y751.956 E2175.45813
G1 F2760
G1 X248.044 Y751.956 E2175.4585
G1 X248.044 Y248.344 E2174.16299
M73 P82 R169
;WIPE_START
G1 F600
G1 X258.044 Y248.338 E-30
;WIPE_END
G1 Z413 F15000
G1 X250.49 Y272.593 Z413
G1 Z412
G1 E40 F9000
;TYPE:Sparse infill
;WIDTH:3.2
G1 F2779.614
G1 X250.49 Y261.08 E49.70059
G1 F2760
G1 X261.08 Y250.49 E64.65527
G1 X250.49 Y250.49 E45.71822
G1 X749.51 Y749.51 E3046.69043
G1 X738.92 Y749.51 E45.71823
G1 X749.51 Y738.92 E64.65527
G1 X749.51 Y727.407 E49.70059
;WIPE_START
G1 F600
G1 X749.51 Y737.407 E-30
;WIPE_END
G1 Z413 F15000
G1 X564.597 Y749.51 Z413
G1 Z412
G1 E40 F9000
G1 F2779.614
G1 X576.11 Y749.51 E49.70059
G1 F2760
G1 X749.51 Y576.11 E1058.66699
G1 X749.51 Y586.7 E45.71813
G1 X413.3 Y250.49 E2052.67871
G1 X423.89 Y250.49 E45.71875
G1 X250.49 Y423.89 E1058.66711
G1 X250.49 Y413.3 E45.71875
M73 P82 R168
G1 X586.7 Y749.51 E2052.67889
G1 X598.212 Y749.51 E49.70059
;WIPE_START
G1 F600
G1 X588.212 Y749.51 E-30
;WIPE_END
G1 Z413 F15000
G1 X401.788 Y749.51 Z413
G1 Z412
G1 E40 F9000
G1 F2779.614
G1 F2760
G1 X413.3 Y749.51 E49.70117
G1 X749.51 Y413.3 E2052.6789
G1 X749.51 Y423.89 E45.71875
G1 X576.11 Y250.49 E1058.66712
G1 X586.7 Y250.49 E45.71875
G1 X250.49 Y586.7 E2052.67888
G1 X250.49 Y576.11 E45.71875
G1 X423.89 Y749.51 E1058.66712
G1 X435.402 Y749.51 E49.70059
;WIPE_START
G1 F600
G1 X425.402 Y749.51 E-30
;WIPE_END
G1 Z413 F15000
G1 X272.593 Y749.51 Z413
G1 Z412
G1 E40 F9000
G1 F2779.614
G1 X261.08 Y749.51 E49.70059
G1 F2760
G1 X250.49 Y738.92 E64.65625
G1 X250.49 Y749.51 E45.71875
G1 X749.51 Y250.49 E3046.69015
G1 X749.51 Y261.08 E45.71875
M73 P82 R167
G1 X738.92 Y250.49 E64.65625
G1 X727.407 Y250.49 E49.70059
; stop printing object Cube id:0 copy 0
;LAYER_CHANGE
;Z:413.5
;HEIGHT:1.5
;BEFORE_LAYER_CHANGE
;413.5
G92 E0

EXCLUDE_OBJECT_END NAME=Cube_id_0_copy_0
;AFTER_LAYER_CHANGE
;413.5
;_SET_FAN_SPEED_CHANGING_LAYER
; printing object Cube id:0 copy 0
;WIPE_START
G1 F600
G1 X737.407 Y250.49 E-30
;WIPE_END
EXCLUDE_OBJECT_START NAME=Cube_id_0_copy_0
G1 Z414.5 F15000
G1 X751.956 Y248.044 Z414.5
G1 Z413.5
G1 E40 F9000
;TYPE:Outer wall
;WIDTH:3.2
G1 F2779.615
G1 X751.956 Y751.956 E2175.45813
G1 X248.044 Y751.956 E2175.45813
G1 F2760
G1 X248.044 Y248.044 E2175.4585
G1 X751.656 Y248.044 E2174.16299
;WIPE_START
G1 F600
G1 X751.662 Y258.044 E-30
;WIPE_END
G1 Z414.5 F15000
G1 X727.407 Y250.49 Z414.5
G1 Z413.5
G1 E40 F9000
;TYPE:Sparse infill
;WIDTH:3.2
G1 F2779.614
G1 X738.92 Y250.49 E49.70059
G1 F2760
G1 X749.51 Y261.08 E64.65527
G1 X749.51 Y250.49 E45.71788
G1 X250.49 Y749.51 E3046.69043
G1 X250.49 Y738.92 E45.71786
M73 P82 R166
G1 X261.08 Y749.51 E64.65527
G1 X272.593 Y749.51 E49.70059
;WIPE_START
G1 F600
G1 X262.593 Y749.51 E-30
;WIPE_END
G1 Z414.5 F15000
G1 X435.402 Y749.51 Z414.5
G1 Z413.5
G1 E40 F9000
G1 F2779.614
G1 F2760
G1 X423.89 Y749.51 E49.7002
G1 X250.49 Y576.11 E1058.66699
G1 X250.49 Y586.7 E45.71798
G1 X586.7 Y250.49 E2052.67871
G1 X576.11 Y250.49 E45.71875
G1 X749.51 Y423.89 E1058.66712
G1 X749.51 Y413.3 E45.71875
G1 X413.3 Y749.51 E2052.6789
G1 X401.788 Y749.51 E49.70059
;WIPE_START
G1 F600
G1 X411.788 Y749.51 E-30
;WIPE_END
G1 Z414.5 F15000
G1 X598.212 Y749.51 Z414.5
G1 Z413.5
G1 E40 F9000
G1 F2779.614
G1 F2760
G1 X586.7 Y749.51 E49.70117
G1 X250.49 Y413.3 E2052.67889
G1 X250.49 Y423.89 E45.71875
M73 P82 R165
G1 X423.89 Y250.49 E1058.66711
G1 X413.3 Y250.49 E45.71875
G1 X749.51 Y586.7 E2052.6789
G1 X749.51 Y576.11 E45.71875
G1 X576.11 Y749.51 E1058.66713
G1 X564.597 Y749.51 E49.70059
;WIPE_START
G1 F600
G1 X574.597 Y749.51 E-30
;WIPE_END
G1 Z414.5 F15000
G1 X749.51 Y727.407 Z414.5
G1 Z413.5
G1 E40 F9000
G1 F2779.614
G1 X749.51 Y738.92 E49.70059
G1 F2760
G1 X738.92 Y749.51 E64.65625
G1 X749.51 Y749.51 E45.71875
G1 X250.49 Y250.49 E3046.69065
G1 X261.08 Y250.49 E45.71875
M73 P83 R165
G1 X250.49 Y261.08 E64.65625
G1 X250.49 Y272.593 E49.70059
; stop printing object Cube id:0 copy 0
;LAYER_CHANGE
;Z:415
;HEIGHT:1.5
;BEFORE_LAYER_CHANGE
;415
G92 E0

EXCLUDE_OBJECT_END NAME=Cube_id_0_copy_0
;AFTER_LAYER_CHANGE
;415
;_SET_FAN_SPEED_CHANGING_LAYER
; printing object Cube id:0 copy 0
;WIPE_START
G1 F600
G1 X250.49 Y262.593 E-30
;WIPE_END
EXCLUDE_OBJECT_START NAME=Cube_id_0_copy_0
G1 Z416 F15000
G1 X248.044 Y248.044 Z416
G1 Z415
G1 E40 F9000
;TYPE:Outer wall
;WIDTH:3.2
G1 F2779.615
G1 X751.956 Y248.044 E2175.45813
G1 X751.956 Y751.956 E2175.45813
M73 P83 R164
G1 F2760
G1 X248.044 Y751.956 E2175.4585
G1 X248.044 Y248.344 E2174.16299
;WIPE_START
G1 F600
G1 X258.044 Y248.338 E-30
;WIPE_END
G1 Z416 F15000
G1 X250.49 Y272.593 Z416
G1 Z415
G1 E40 F9000
;TYPE:Sparse infill
;WIDTH:3.2
G1 F2779.614
G1 X250.49 Y261.08 E49.70059
G1 F2760
G1 X261.08 Y250.49 E64.65527
G1 X250.49 Y250.49 E45.71822
G1 X749.51 Y749.51 E3046.69043
G1 X738.92 Y749.51 E45.71823
G1 X749.51 Y738.92 E64.65527
G1 X749.51 Y727.407 E49.70059
;WIPE_START
G1 F600
G1 X749.51 Y737.407 E-30
;WIPE_END
G1 Z416 F15000
G1 X564.597 Y749.51 Z416
G1 Z415
G1 E40 F9000
G1 F2779.614
G1 X576.11 Y749.51 E49.70059
G1 F2760
G1 X749.51 Y576.11 E1058.66699
G1 X749.51 Y586.7 E45.71813
M73 P83 R163
G1 X413.3 Y250.49 E2052.67871
G1 X423.89 Y250.49 E45.71875
G1 X250.49 Y423.89 E1058.66711
G1 X250.49 Y413.3 E45.71875
G1 X586.7 Y749.51 E2052.67889
G1 X598.212 Y749.51 E49.70059
;WIPE_START
G1 F600
G1 X588.212 Y749.51 E-30
;WIPE_END
G1 Z416 F15000
G1 X401.788 Y749.51 Z416
G1 Z415
G1 E40 F9000
G1 F2779.614
G1 F2760
G1 X413.3 Y749.51 E49.70117
G1 X749.51 Y413.3 E2052.6789
G1 X749.51 Y423.89 E45.71875
G1 X576.11 Y250.49 E1058.66712
G1 X586.7 Y250.49 E45.71875
G1 X250.49 Y586.7 E2052.67888
G1 X250.49 Y576.11 E45.71875
M73 P83 R162
G1 X423.89 Y749.51 E1058.66712
G1 X435.402 Y749.51 E49.70059
;WIPE_START
G1 F600
G1 X425.402 Y749.51 E-30
;WIPE_END
G1 Z416 F15000
G1 X272.593 Y749.51 Z416
G1 Z415
G1 E40 F9000
G1 F2779.614
G1 X261.08 Y749.51 E49.70059
G1 F2760
G1 X250.49 Y738.92 E64.65625
G1 X250.49 Y749.51 E45.71875
G1 X749.51 Y250.49 E3046.69015
G1 X749.51 Y261.08 E45.71875
G1 X738.92 Y250.49 E64.65625
G1 X727.407 Y250.49 E49.70059
; stop printing object Cube id:0 copy 0
;LAYER_CHANGE
;Z:416.5
;HEIGHT:1.5
;BEFORE_LAYER_CHANGE
;416.5
G92 E0

EXCLUDE_OBJECT_END NAME=Cube_id_0_copy_0
;AFTER_LAYER_CHANGE
;416.5
;_SET_FAN_SPEED_CHANGING_LAYER
; printing object Cube id:0 copy 0
;WIPE_START
G1 F600
G1 X737.407 Y250.49 E-30
;WIPE_END
EXCLUDE_OBJECT_START NAME=Cube_id_0_copy_0
G1 Z417.5 F15000
G1 X751.956 Y248.044 Z417.5
G1 Z416.5
G1 E40 F9000
;TYPE:Outer wall
;WIDTH:3.2
G1 F2779.615
G1 X751.956 Y751.956 E2175.45813
G1 X248.044 Y751.956 E2175.45813
G1 F2760
G1 X248.044 Y248.044 E2175.4585
G1 X751.656 Y248.044 E2174.16299
M73 P83 R161
;WIPE_START
G1 F600
G1 X751.662 Y258.044 E-30
;WIPE_END
G1 Z417.5 F15000
G1 X727.407 Y250.49 Z417.5
G1 Z416.5
G1 E40 F9000
;TYPE:Sparse infill
;WIDTH:3.2
G1 F2779.614
G1 X738.92 Y250.49 E49.70059
G1 F2760
G1 X749.51 Y261.08 E64.65527
G1 X749.51 Y250.49 E45.71788
G1 X250.49 Y749.51 E3046.69043
G1 X250.49 Y738.92 E45.71786
G1 X261.08 Y749.51 E64.65527
G1 X272.593 Y749.51 E49.70059
;WIPE_START
G1 F600
G1 X262.593 Y749.51 E-30
;WIPE_END
G1 Z417.5 F15000
G1 X435.402 Y749.51 Z417.5
G1 Z416.5
G1 E40 F9000
G1 F2779.614
G1 F2760
G1 X423.89 Y749.51 E49.7002
G1 X250.49 Y576.11 E1058.66699
G1 X250.49 Y586.7 E45.71798
G1 X586.7 Y250.49 E2052.67871
G1 X576.11 Y250.49 E45.71875
G1 X749.51 Y423.89 E1058.66712
G1 X749.51 Y413.3 E45.71875
M73 P83 R160
G1 X413.3 Y749.51 E2052.6789
G1 X401.788 Y749.51 E49.70059
;WIPE_START
G1 F600
G1 X411.788 Y749.51 E-30
;WIPE_END
G1 Z417.5 F15000
G1 X598.212 Y749.51 Z417.5
G1 Z416.5
G1 E40 F9000
G1 F2779.614
G1 F2760
G1 X586.7 Y749.51 E49.70117
G1 X250.49 Y413.3 E2052.67889
G1 X250.49 Y423.89 E45.71875
G1 X423.89 Y250.49 E1058.66711
G1 X413.3 Y250.49 E45.71875
G1 X749.51 Y586.7 E2052.6789
G1 X749.51 Y576.11 E45.71875
G1 X576.11 Y749.51 E1058.66713
G1 X564.597 Y749.51 E49.70059
;WIPE_START
G1 F600
G1 X574.597 Y749.51 E-30
;WIPE_END
G1 Z417.5 F15000
G1 X749.51 Y727.407 Z417.5
G1 Z416.5
G1 E40 F9000
G1 F2779.614
G1 X749.51 Y738.92 E49.70059
G1 F2760
G1 X738.92 Y749.51 E64.65625
G1 X749.51 Y749.51 E45.71875
G1 X250.49 Y250.49 E3046.69065
G1 X261.08 Y250.49 E45.71875
M73 P83 R159
G1 X250.49 Y261.08 E64.65625
G1 X250.49 Y272.593 E49.70059
; stop printing object Cube id:0 copy 0
;LAYER_CHANGE
;Z:418
;HEIGHT:1.5
;BEFORE_LAYER_CHANGE
;418
G92 E0

EXCLUDE_OBJECT_END NAME=Cube_id_0_copy_0
;AFTER_LAYER_CHANGE
;418
;_SET_FAN_SPEED_CHANGING_LAYER
; printing object Cube id:0 copy 0
;WIPE_START
G1 F600
G1 X250.49 Y262.593 E-30
;WIPE_END
EXCLUDE_OBJECT_START NAME=Cube_id_0_copy_0
G1 Z419 F15000
G1 X248.044 Y248.044 Z419
G1 Z418
G1 E40 F9000
;TYPE:Outer wall
;WIDTH:3.2
G1 F2779.615
G1 X751.956 Y248.044 E2175.45813
G1 X751.956 Y751.956 E2175.45813
G1 F2760
G1 X248.044 Y751.956 E2175.4585
G1 X248.044 Y248.344 E2174.16299
;WIPE_START
G1 F600
G1 X258.044 Y248.338 E-30
;WIPE_END
G1 Z419 F15000
G1 X250.49 Y272.593 Z419
G1 Z418
G1 E40 F9000
;TYPE:Sparse infill
;WIDTH:3.2
G1 F2779.614
G1 X250.49 Y261.08 E49.70059
G1 F2760
G1 X261.08 Y250.49 E64.65527
G1 X250.49 Y250.49 E45.71822
G1 X749.51 Y749.51 E3046.69043
G1 X738.92 Y749.51 E45.71823
M73 P83 R158
G1 X749.51 Y738.92 E64.65527
G1 X749.51 Y727.407 E49.70059
;WIPE_START
G1 F600
G1 X749.51 Y737.407 E-30
;WIPE_END
G1 Z419 F15000
G1 X564.597 Y749.51 Z419
G1 Z418
G1 E40 F9000
G1 F2779.614
G1 X576.11 Y749.51 E49.70059
G1 F2760
G1 X749.51 Y576.11 E1058.66699
G1 X749.51 Y586.7 E45.71813
G1 X413.3 Y250.49 E2052.67871
G1 X423.89 Y250.49 E45.71875
G1 X250.49 Y423.89 E1058.66711
G1 X250.49 Y413.3 E45.71875
G1 X586.7 Y749.51 E2052.67889
G1 X598.212 Y749.51 E49.70059
;WIPE_START
G1 F600
G1 X588.212 Y749.51 E-30
;WIPE_END
G1 Z419 F15000
G1 X401.788 Y749.51 Z419
G1 Z418
G1 E40 F9000
G1 F2779.614
G1 F2760
G1 X413.3 Y749.51 E49.70117
G1 X749.51 Y413.3 E2052.6789
G1 X749.51 Y423.89 E45.71875
M73 P83 R157
G1 X576.11 Y250.49 E1058.66712
G1 X586.7 Y250.49 E45.71875
G1 X250.49 Y586.7 E2052.67888
G1 X250.49 Y576.11 E45.71875
G1 X423.89 Y749.51 E1058.66712
G1 X435.402 Y749.51 E49.70059
;WIPE_START
G1 F600
G1 X425.402 Y749.51 E-30
;WIPE_END
G1 Z419 F15000
G1 X272.593 Y749.51 Z419
G1 Z418
G1 E40 F9000
G1 F2779.614
G1 X261.08 Y749.51 E49.70059
G1 F2760
G1 X250.49 Y738.92 E64.65625
G1 X250.49 Y749.51 E45.71875
G1 X749.51 Y250.49 E3046.69015
G1 X749.51 Y261.08 E45.71875
G1 X738.92 Y250.49 E64.65625
G1 X727.407 Y250.49 E49.70059
; stop printing object Cube id:0 copy 0
;LAYER_CHANGE
;Z:419.5
;HEIGHT:1.5
;BEFORE_LAYER_CHANGE
;419.5
G92 E0

EXCLUDE_OBJECT_END NAME=Cube_id_0_copy_0
;AFTER_LAYER_CHANGE
;419.5
;_SET_FAN_SPEED_CHANGING_LAYER
; printing object Cube id:0 copy 0
;WIPE_START
G1 F600
G1 X737.407 Y250.49 E-30
;WIPE_END
EXCLUDE_OBJECT_START NAME=Cube_id_0_copy_0
G1 Z420.5 F15000
G1 X751.956 Y248.044 Z420.5
G1 Z419.5
G1 E40 F9000
;TYPE:Outer wall
;WIDTH:3.2
G1 F2779.615
G1 X751.956 Y751.956 E2175.45813
G1 X248.044 Y751.956 E2175.45813
M73 P83 R156
G1 F2760
G1 X248.044 Y248.044 E2175.4585
G1 X751.656 Y248.044 E2174.16299
;WIPE_START
G1 F600
G1 X751.662 Y258.044 E-30
;WIPE_END
G1 Z420.5 F15000
G1 X727.407 Y250.49 Z420.5
G1 Z419.5
G1 E40 F9000
;TYPE:Sparse infill
;WIDTH:3.2
G1 F2779.614
G1 X738.92 Y250.49 E49.70059
G1 F2760
G1 X749.51 Y261.08 E64.65527
G1 X749.51 Y250.49 E45.71788
G1 X250.49 Y749.51 E3046.69043
G1 X250.49 Y738.92 E45.71786
G1 X261.08 Y749.51 E64.65527
G1 X272.593 Y749.51 E49.70059
;WIPE_START
G1 F600
G1 X262.593 Y749.51 E-30
;WIPE_END
G1 Z420.5 F15000
G1 X435.402 Y749.51 Z420.5
G1 Z419.5
G1 E40 F9000
G1 F2779.614
G1 F2760
G1 X423.89 Y749.51 E49.7002
G1 X250.49 Y576.11 E1058.66699
G1 X250.49 Y586.7 E45.71798
M73 P83 R155
G1 X586.7 Y250.49 E2052.67871
G1 X576.11 Y250.49 E45.71875
G1 X749.51 Y423.89 E1058.66712
G1 X749.51 Y413.3 E45.71875
G1 X413.3 Y749.51 E2052.6789
G1 X401.788 Y749.51 E49.70059
M73 P84 R155
;WIPE_START
G1 F600
G1 X411.788 Y749.51 E-30
;WIPE_END
G1 Z420.5 F15000
G1 X598.212 Y749.51 Z420.5
G1 Z419.5
G1 E40 F9000
G1 F2779.614
G1 F2760
G1 X586.7 Y749.51 E49.70117
G1 X250.49 Y413.3 E2052.67889
G1 X250.49 Y423.89 E45.71875
G1 X423.89 Y250.49 E1058.66711
G1 X413.3 Y250.49 E45.71875
G1 X749.51 Y586.7 E2052.6789
G1 X749.51 Y576.11 E45.71875
M73 P84 R154
G1 X576.11 Y749.51 E1058.66713
G1 X564.597 Y749.51 E49.70059
;WIPE_START
G1 F600
G1 X574.597 Y749.51 E-30
;WIPE_END
G1 Z420.5 F15000
G1 X749.51 Y727.407 Z420.5
G1 Z419.5
G1 E40 F9000
G1 F2779.614
G1 X749.51 Y738.92 E49.70059
G1 F2760
G1 X738.92 Y749.51 E64.65625
G1 X749.51 Y749.51 E45.71875
G1 X250.49 Y250.49 E3046.69065
G1 X261.08 Y250.49 E45.71875
G1 X250.49 Y261.08 E64.65625
G1 X250.49 Y272.593 E49.70059
; stop printing object Cube id:0 copy 0
;LAYER_CHANGE
;Z:421
;HEIGHT:1.5
;BEFORE_LAYER_CHANGE
;421
G92 E0

EXCLUDE_OBJECT_END NAME=Cube_id_0_copy_0
;AFTER_LAYER_CHANGE
;421
;_SET_FAN_SPEED_CHANGING_LAYER
; printing object Cube id:0 copy 0
;WIPE_START
G1 F600
G1 X250.49 Y262.593 E-30
;WIPE_END
EXCLUDE_OBJECT_START NAME=Cube_id_0_copy_0
G1 Z422 F15000
G1 X248.044 Y248.044 Z422
G1 Z421
G1 E40 F9000
;TYPE:Outer wall
;WIDTH:3.2
G1 F2779.615
G1 X751.956 Y248.044 E2175.45813
G1 X751.956 Y751.956 E2175.45813
G1 F2760
G1 X248.044 Y751.956 E2175.4585
G1 X248.044 Y248.344 E2174.16299
M73 P84 R153
;WIPE_START
G1 F600
G1 X258.044 Y248.338 E-30
;WIPE_END
G1 Z422 F15000
G1 X250.49 Y272.593 Z422
G1 Z421
G1 E40 F9000
;TYPE:Sparse infill
;WIDTH:3.2
G1 F2779.614
G1 X250.49 Y261.08 E49.70059
G1 F2760
G1 X261.08 Y250.49 E64.65527
G1 X250.49 Y250.49 E45.71822
G1 X749.51 Y749.51 E3046.69043
G1 X738.92 Y749.51 E45.71823
G1 X749.51 Y738.92 E64.65527
G1 X749.51 Y727.407 E49.70059
;WIPE_START
G1 F600
G1 X749.51 Y737.407 E-30
;WIPE_END
G1 Z422 F15000
G1 X564.597 Y749.51 Z422
G1 Z421
G1 E40 F9000
G1 F2779.614
G1 X576.11 Y749.51 E49.70059
G1 F2760
G1 X749.51 Y576.11 E1058.66699
G1 X749.51 Y586.7 E45.71813
G1 X413.3 Y250.49 E2052.67871
G1 X423.89 Y250.49 E45.71875
G1 X250.49 Y423.89 E1058.66711
G1 X250.49 Y413.3 E45.71875
M73 P84 R152
G1 X586.7 Y749.51 E2052.67889
G1 X598.212 Y749.51 E49.70059
;WIPE_START
G1 F600
G1 X588.212 Y749.51 E-30
;WIPE_END
G1 Z422 F15000
G1 X401.788 Y749.51 Z422
G1 Z421
G1 E40 F9000
G1 F2779.614
G1 F2760
G1 X413.3 Y749.51 E49.70117
G1 X749.51 Y413.3 E2052.6789
G1 X749.51 Y423.89 E45.71875
G1 X576.11 Y250.49 E1058.66712
G1 X586.7 Y250.49 E45.71875
G1 X250.49 Y586.7 E2052.67888
G1 X250.49 Y576.11 E45.71875
G1 X423.89 Y749.51 E1058.66712
G1 X435.402 Y749.51 E49.70059
;WIPE_START
G1 F600
G1 X425.402 Y749.51 E-30
;WIPE_END
G1 Z422 F15000
G1 X272.593 Y749.51 Z422
G1 Z421
G1 E40 F9000
G1 F2779.614
G1 X261.08 Y749.51 E49.70059
G1 F2760
G1 X250.49 Y738.92 E64.65625
G1 X250.49 Y749.51 E45.71875
G1 X749.51 Y250.49 E3046.69015
G1 X749.51 Y261.08 E45.71875
M73 P84 R151
G1 X738.92 Y250.49 E64.65625
G1 X727.407 Y250.49 E49.70059
; stop printing object Cube id:0 copy 0
;LAYER_CHANGE
;Z:422.5
;HEIGHT:1.5
;BEFORE_LAYER_CHANGE
;422.5
G92 E0

EXCLUDE_OBJECT_END NAME=Cube_id_0_copy_0
;AFTER_LAYER_CHANGE
;422.5
;_SET_FAN_SPEED_CHANGING_LAYER
; printing object Cube id:0 copy 0
;WIPE_START
G1 F600
G1 X737.407 Y250.49 E-30
;WIPE_END
EXCLUDE_OBJECT_START NAME=Cube_id_0_copy_0
G1 Z423.5 F15000
G1 X751.956 Y248.044 Z423.5
G1 Z422.5
G1 E40 F9000
;TYPE:Outer wall
;WIDTH:3.2
G1 F2779.615
G1 X751.956 Y751.956 E2175.45813
G1 X248.044 Y751.956 E2175.45813
G1 F2760
G1 X248.044 Y248.044 E2175.4585
G1 X751.656 Y248.044 E2174.16299
;WIPE_START
G1 F600
G1 X751.662 Y258.044 E-30
;WIPE_END
G1 Z423.5 F15000
G1 X727.407 Y250.49 Z423.5
G1 Z422.5
G1 E40 F9000
;TYPE:Sparse infill
;WIDTH:3.2
G1 F2779.614
G1 X738.92 Y250.49 E49.70059
G1 F2760
G1 X749.51 Y261.08 E64.65527
G1 X749.51 Y250.49 E45.71788
G1 X250.49 Y749.51 E3046.69043
G1 X250.49 Y738.92 E45.71786
M73 P84 R150
G1 X261.08 Y749.51 E64.65527
G1 X272.593 Y749.51 E49.70059
;WIPE_START
G1 F600
G1 X262.593 Y749.51 E-30
;WIPE_END
G1 Z423.5 F15000
G1 X435.402 Y749.51 Z423.5
G1 Z422.5
G1 E40 F9000
G1 F2779.614
G1 F2760
G1 X423.89 Y749.51 E49.7002
G1 X250.49 Y576.11 E1058.66699
G1 X250.49 Y586.7 E45.71798
G1 X586.7 Y250.49 E2052.67871
G1 X576.11 Y250.49 E45.71875
G1 X749.51 Y423.89 E1058.66712
G1 X749.51 Y413.3 E45.71875
G1 X413.3 Y749.51 E2052.6789
G1 X401.788 Y749.51 E49.70059
;WIPE_START
G1 F600
G1 X411.788 Y749.51 E-30
;WIPE_END
G1 Z423.5 F15000
G1 X598.212 Y749.51 Z423.5
G1 Z422.5
G1 E40 F9000
G1 F2779.614
G1 F2760
G1 X586.7 Y749.51 E49.70117
G1 X250.49 Y413.3 E2052.67889
G1 X250.49 Y423.89 E45.71875
M73 P84 R149
G1 X423.89 Y250.49 E1058.66711
G1 X413.3 Y250.49 E45.71875
G1 X749.51 Y586.7 E2052.6789
G1 X749.51 Y576.11 E45.71875
G1 X576.11 Y749.51 E1058.66713
G1 X564.597 Y749.51 E49.70059
;WIPE_START
G1 F600
G1 X574.597 Y749.51 E-30
;WIPE_END
G1 Z423.5 F15000
G1 X749.51 Y727.407 Z423.5
G1 Z422.5
G1 E40 F9000
G1 F2779.614
G1 X749.51 Y738.92 E49.70059
G1 F2760
G1 X738.92 Y749.51 E64.65625
G1 X749.51 Y749.51 E45.71875
G1 X250.49 Y250.49 E3046.69065
G1 X261.08 Y250.49 E45.71875
G1 X250.49 Y261.08 E64.65625
G1 X250.49 Y272.593 E49.70059
; stop printing object Cube id:0 copy 0
;LAYER_CHANGE
;Z:424
;HEIGHT:1.5
;BEFORE_LAYER_CHANGE
;424
G92 E0

EXCLUDE_OBJECT_END NAME=Cube_id_0_copy_0
;AFTER_LAYER_CHANGE
;424
;_SET_FAN_SPEED_CHANGING_LAYER
; printing object Cube id:0 copy 0
;WIPE_START
G1 F600
G1 X250.49 Y262.593 E-30
;WIPE_END
EXCLUDE_OBJECT_START NAME=Cube_id_0_copy_0
G1 Z425 F15000
G1 X248.044 Y248.044 Z425
G1 Z424
G1 E40 F9000
;TYPE:Outer wall
;WIDTH:3.2
G1 F2779.615
G1 X751.956 Y248.044 E2175.45813
G1 X751.956 Y751.956 E2175.45813
M73 P84 R148
G1 F2760
G1 X248.044 Y751.956 E2175.4585
G1 X248.044 Y248.344 E2174.16299
;WIPE_START
G1 F600
G1 X258.044 Y248.338 E-30
;WIPE_END
G1 Z425 F15000
G1 X250.49 Y272.593 Z425
G1 Z424
G1 E40 F9000
;TYPE:Sparse infill
;WIDTH:3.2
G1 F2779.614
G1 X250.49 Y261.08 E49.70059
G1 F2760
G1 X261.08 Y250.49 E64.65527
G1 X250.49 Y250.49 E45.71822
G1 X749.51 Y749.51 E3046.69043
G1 X738.92 Y749.51 E45.71823
G1 X749.51 Y738.92 E64.65527
G1 X749.51 Y727.407 E49.70059
;WIPE_START
G1 F600
G1 X749.51 Y737.407 E-30
;WIPE_END
G1 Z425 F15000
G1 X564.597 Y749.51 Z425
G1 Z424
G1 E40 F9000
G1 F2779.614
G1 X576.11 Y749.51 E49.70059
G1 F2760
G1 X749.51 Y576.11 E1058.66699
G1 X749.51 Y586.7 E45.71813
M73 P84 R147
G1 X413.3 Y250.49 E2052.67871
G1 X423.89 Y250.49 E45.71875
G1 X250.49 Y423.89 E1058.66711
G1 X250.49 Y413.3 E45.71875
G1 X586.7 Y749.51 E2052.67889
G1 X598.212 Y749.51 E49.70059
;WIPE_START
G1 F600
G1 X588.212 Y749.51 E-30
;WIPE_END
G1 Z425 F15000
G1 X401.788 Y749.51 Z425
G1 Z424
G1 E40 F9000
G1 F2779.614
G1 F2760
G1 X413.3 Y749.51 E49.70117
G1 X749.51 Y413.3 E2052.6789
G1 X749.51 Y423.89 E45.71875
G1 X576.11 Y250.49 E1058.66712
G1 X586.7 Y250.49 E45.71875
G1 X250.49 Y586.7 E2052.67888
G1 X250.49 Y576.11 E45.71875
M73 P84 R146
G1 X423.89 Y749.51 E1058.66712
G1 X435.402 Y749.51 E49.70059
;WIPE_START
G1 F600
G1 X425.402 Y749.51 E-30
;WIPE_END
G1 Z425 F15000
G1 X272.593 Y749.51 Z425
G1 Z424
G1 E40 F9000
G1 F2779.614
G1 X261.08 Y749.51 E49.70059
G1 F2760
G1 X250.49 Y738.92 E64.65625
G1 X250.49 Y749.51 E45.71875
G1 X749.51 Y250.49 E3046.69015
G1 X749.51 Y261.08 E45.71875
G1 X738.92 Y250.49 E64.65625
G1 X727.407 Y250.49 E49.70059
; stop printing object Cube id:0 copy 0
;LAYER_CHANGE
;Z:425.5
;HEIGHT:1.5
;BEFORE_LAYER_CHANGE
;425.5
G92 E0

EXCLUDE_OBJECT_END NAME=Cube_id_0_copy_0
;AFTER_LAYER_CHANGE
;425.5
;_SET_FAN_SPEED_CHANGING_LAYER
; printing object Cube id:0 copy 0
;WIPE_START
G1 F600
G1 X737.407 Y250.49 E-30
;WIPE_END
EXCLUDE_OBJECT_START NAME=Cube_id_0_copy_0
G1 Z426.5 F15000
G1 X751.956 Y248.044 Z426.5
G1 Z425.5
G1 E40 F9000
;TYPE:Outer wall
;WIDTH:3.2
G1 F2779.615
G1 X751.956 Y751.956 E2175.45813
G1 X248.044 Y751.956 E2175.45813
G1 F2760
G1 X248.044 Y248.044 E2175.4585
G1 X751.656 Y248.044 E2174.16299
M73 P84 R145
;WIPE_START
G1 F600
M73 P85 R145
G1 X751.662 Y258.044 E-30
;WIPE_END
G1 Z426.5 F15000
G1 X727.407 Y250.49 Z426.5
G1 Z425.5
G1 E40 F9000
;TYPE:Sparse infill
;WIDTH:3.2
G1 F2779.614
G1 X738.92 Y250.49 E49.70059
G1 F2760
G1 X749.51 Y261.08 E64.65527
G1 X749.51 Y250.49 E45.71788
G1 X250.49 Y749.51 E3046.69043
G1 X250.49 Y738.92 E45.71786
G1 X261.08 Y749.51 E64.65527
G1 X272.593 Y749.51 E49.70059
;WIPE_START
G1 F600
G1 X262.593 Y749.51 E-30
;WIPE_END
G1 Z426.5 F15000
G1 X435.402 Y749.51 Z426.5
G1 Z425.5
G1 E40 F9000
G1 F2779.614
G1 F2760
G1 X423.89 Y749.51 E49.7002
G1 X250.49 Y576.11 E1058.66699
G1 X250.49 Y586.7 E45.71798
G1 X586.7 Y250.49 E2052.67871
G1 X576.11 Y250.49 E45.71875
G1 X749.51 Y423.89 E1058.66712
G1 X749.51 Y413.3 E45.71875
M73 P85 R144
G1 X413.3 Y749.51 E2052.6789
G1 X401.788 Y749.51 E49.70059
;WIPE_START
G1 F600
G1 X411.788 Y749.51 E-30
;WIPE_END
G1 Z426.5 F15000
G1 X598.212 Y749.51 Z426.5
G1 Z425.5
G1 E40 F9000
G1 F2779.614
G1 F2760
G1 X586.7 Y749.51 E49.70117
G1 X250.49 Y413.3 E2052.67889
G1 X250.49 Y423.89 E45.71875
G1 X423.89 Y250.49 E1058.66711
G1 X413.3 Y250.49 E45.71875
G1 X749.51 Y586.7 E2052.6789
G1 X749.51 Y576.11 E45.71875
G1 X576.11 Y749.51 E1058.66713
G1 X564.597 Y749.51 E49.70059
;WIPE_START
G1 F600
G1 X574.597 Y749.51 E-30
;WIPE_END
G1 Z426.5 F15000
G1 X749.51 Y727.407 Z426.5
G1 Z425.5
G1 E40 F9000
G1 F2779.614
G1 X749.51 Y738.92 E49.70059
G1 F2760
G1 X738.92 Y749.51 E64.65625
G1 X749.51 Y749.51 E45.71875
G1 X250.49 Y250.49 E3046.69065
G1 X261.08 Y250.49 E45.71875
M73 P85 R143
G1 X250.49 Y261.08 E64.65625
G1 X250.49 Y272.593 E49.70059
; stop printing object Cube id:0 copy 0
;LAYER_CHANGE
;Z:427
;HEIGHT:1.5
;BEFORE_LAYER_CHANGE
;427
G92 E0

EXCLUDE_OBJECT_END NAME=Cube_id_0_copy_0
;AFTER_LAYER_CHANGE
;427
;_SET_FAN_SPEED_CHANGING_LAYER
; printing object Cube id:0 copy 0
;WIPE_START
G1 F600
G1 X250.49 Y262.593 E-30
;WIPE_END
EXCLUDE_OBJECT_START NAME=Cube_id_0_copy_0
G1 Z428 F15000
G1 X248.044 Y248.044 Z428
G1 Z427
G1 E40 F9000
;TYPE:Outer wall
;WIDTH:3.2
G1 F2779.615
G1 X751.956 Y248.044 E2175.45813
G1 X751.956 Y751.956 E2175.45813
G1 F2760
G1 X248.044 Y751.956 E2175.4585
G1 X248.044 Y248.344 E2174.16299
;WIPE_START
G1 F600
G1 X258.044 Y248.338 E-30
;WIPE_END
G1 Z428 F15000
G1 X250.49 Y272.593 Z428
G1 Z427
G1 E40 F9000
;TYPE:Sparse infill
;WIDTH:3.2
G1 F2779.614
G1 X250.49 Y261.08 E49.70059
G1 F2760
G1 X261.08 Y250.49 E64.65527
G1 X250.49 Y250.49 E45.71822
G1 X749.51 Y749.51 E3046.69043
G1 X738.92 Y749.51 E45.71823
M73 P85 R142
G1 X749.51 Y738.92 E64.65527
G1 X749.51 Y727.407 E49.70059
;WIPE_START
G1 F600
G1 X749.51 Y737.407 E-30
;WIPE_END
G1 Z428 F15000
G1 X564.597 Y749.51 Z428
G1 Z427
G1 E40 F9000
G1 F2779.614
G1 X576.11 Y749.51 E49.70059
G1 F2760
G1 X749.51 Y576.11 E1058.66699
G1 X749.51 Y586.7 E45.71813
G1 X413.3 Y250.49 E2052.67871
G1 X423.89 Y250.49 E45.71875
G1 X250.49 Y423.89 E1058.66711
G1 X250.49 Y413.3 E45.71875
G1 X586.7 Y749.51 E2052.67889
G1 X598.212 Y749.51 E49.70059
;WIPE_START
G1 F600
G1 X588.212 Y749.51 E-30
;WIPE_END
G1 Z428 F15000
G1 X401.788 Y749.51 Z428
G1 Z427
G1 E40 F9000
G1 F2779.614
G1 F2760
G1 X413.3 Y749.51 E49.70117
G1 X749.51 Y413.3 E2052.6789
G1 X749.51 Y423.89 E45.71875
M73 P85 R141
G1 X576.11 Y250.49 E1058.66712
G1 X586.7 Y250.49 E45.71875
G1 X250.49 Y586.7 E2052.67888
G1 X250.49 Y576.11 E45.71875
G1 X423.89 Y749.51 E1058.66712
G1 X435.402 Y749.51 E49.70059
;WIPE_START
G1 F600
G1 X425.402 Y749.51 E-30
;WIPE_END
G1 Z428 F15000
G1 X272.593 Y749.51 Z428
G1 Z427
G1 E40 F9000
G1 F2779.614
G1 X261.08 Y749.51 E49.70059
G1 F2760
G1 X250.49 Y738.92 E64.65625
G1 X250.49 Y749.51 E45.71875
G1 X749.51 Y250.49 E3046.69015
G1 X749.51 Y261.08 E45.71875
G1 X738.92 Y250.49 E64.65625
G1 X727.407 Y250.49 E49.70059
; stop printing object Cube id:0 copy 0
;LAYER_CHANGE
;Z:428.5
;HEIGHT:1.5
;BEFORE_LAYER_CHANGE
;428.5
G92 E0

EXCLUDE_OBJECT_END NAME=Cube_id_0_copy_0
;AFTER_LAYER_CHANGE
;428.5
;_SET_FAN_SPEED_CHANGING_LAYER
; printing object Cube id:0 copy 0
;WIPE_START
G1 F600
G1 X737.407 Y250.49 E-30
;WIPE_END
EXCLUDE_OBJECT_START NAME=Cube_id_0_copy_0
G1 Z429.5 F15000
G1 X751.956 Y248.044 Z429.5
G1 Z428.5
G1 E40 F9000
;TYPE:Outer wall
;WIDTH:3.2
G1 F2779.615
G1 X751.956 Y751.956 E2175.45813
G1 X248.044 Y751.956 E2175.45813
M73 P85 R140
G1 F2760
G1 X248.044 Y248.044 E2175.4585
G1 X751.656 Y248.044 E2174.16299
;WIPE_START
G1 F600
G1 X751.662 Y258.044 E-30
;WIPE_END
G1 Z429.5 F15000
G1 X727.407 Y250.49 Z429.5
G1 Z428.5
G1 E40 F9000
;TYPE:Sparse infill
;WIDTH:3.2
G1 F2779.614
G1 X738.92 Y250.49 E49.70059
G1 F2760
G1 X749.51 Y261.08 E64.65527
G1 X749.51 Y250.49 E45.71788
G1 X250.49 Y749.51 E3046.69043
G1 X250.49 Y738.92 E45.71786
G1 X261.08 Y749.51 E64.65527
G1 X272.593 Y749.51 E49.70059
;WIPE_START
G1 F600
G1 X262.593 Y749.51 E-30
;WIPE_END
G1 Z429.5 F15000
G1 X435.402 Y749.51 Z429.5
G1 Z428.5
G1 E40 F9000
G1 F2779.614
G1 F2760
G1 X423.89 Y749.51 E49.7002
G1 X250.49 Y576.11 E1058.66699
G1 X250.49 Y586.7 E45.71798
M73 P85 R139
G1 X586.7 Y250.49 E2052.67871
G1 X576.11 Y250.49 E45.71875
G1 X749.51 Y423.89 E1058.66712
G1 X749.51 Y413.3 E45.71875
G1 X413.3 Y749.51 E2052.6789
G1 X401.788 Y749.51 E49.70059
;WIPE_START
G1 F600
G1 X411.788 Y749.51 E-30
;WIPE_END
G1 Z429.5 F15000
G1 X598.212 Y749.51 Z429.5
G1 Z428.5
G1 E40 F9000
G1 F2779.614
G1 F2760
G1 X586.7 Y749.51 E49.70117
G1 X250.49 Y413.3 E2052.67889
G1 X250.49 Y423.89 E45.71875
G1 X423.89 Y250.49 E1058.66711
G1 X413.3 Y250.49 E45.71875
G1 X749.51 Y586.7 E2052.6789
G1 X749.51 Y576.11 E45.71875
M73 P85 R138
G1 X576.11 Y749.51 E1058.66713
G1 X564.597 Y749.51 E49.70059
;WIPE_START
G1 F600
G1 X574.597 Y749.51 E-30
;WIPE_END
G1 Z429.5 F15000
G1 X749.51 Y727.407 Z429.5
G1 Z428.5
G1 E40 F9000
G1 F2779.614
G1 X749.51 Y738.92 E49.70059
G1 F2760
G1 X738.92 Y749.51 E64.65625
G1 X749.51 Y749.51 E45.71875
G1 X250.49 Y250.49 E3046.69065
G1 X261.08 Y250.49 E45.71875
G1 X250.49 Y261.08 E64.65625
G1 X250.49 Y272.593 E49.70059
; stop printing object Cube id:0 copy 0
;LAYER_CHANGE
;Z:430
;HEIGHT:1.5
;BEFORE_LAYER_CHANGE
;430
G92 E0

EXCLUDE_OBJECT_END NAME=Cube_id_0_copy_0
;AFTER_LAYER_CHANGE
;430
;_SET_FAN_SPEED_CHANGING_LAYER
; printing object Cube id:0 copy 0
;WIPE_START
G1 F600
G1 X250.49 Y262.593 E-30
;WIPE_END
EXCLUDE_OBJECT_START NAME=Cube_id_0_copy_0
G1 Z431 F15000
G1 X248.044 Y248.044 Z431
G1 Z430
G1 E40 F9000
;TYPE:Outer wall
;WIDTH:3.2
G1 F2779.615
G1 X751.956 Y248.044 E2175.45813
G1 X751.956 Y751.956 E2175.45813
G1 F2760
G1 X248.044 Y751.956 E2175.4585
G1 X248.044 Y248.344 E2174.16299
M73 P85 R137
;WIPE_START
G1 F600
G1 X258.044 Y248.338 E-30
;WIPE_END
G1 Z431 F15000
G1 X250.49 Y272.593 Z431
G1 Z430
G1 E40 F9000
;TYPE:Sparse infill
;WIDTH:3.2
G1 F2779.614
G1 X250.49 Y261.08 E49.70059
G1 F2760
G1 X261.08 Y250.49 E64.65527
G1 X250.49 Y250.49 E45.71822
G1 X749.51 Y749.51 E3046.69043
G1 X738.92 Y749.51 E45.71823
G1 X749.51 Y738.92 E64.65527
G1 X749.51 Y727.407 E49.70059
;WIPE_START
G1 F600
G1 X749.51 Y737.407 E-30
;WIPE_END
G1 Z431 F15000
G1 X564.597 Y749.51 Z431
G1 Z430
G1 E40 F9000
G1 F2779.614
G1 X576.11 Y749.51 E49.70059
G1 F2760
G1 X749.51 Y576.11 E1058.66699
G1 X749.51 Y586.7 E45.71813
G1 X413.3 Y250.49 E2052.67871
G1 X423.89 Y250.49 E45.71875
G1 X250.49 Y423.89 E1058.66711
G1 X250.49 Y413.3 E45.71875
G1 X586.7 Y749.51 E2052.67889
M73 P85 R136
G1 X598.212 Y749.51 E49.70059
;WIPE_START
G1 F600
G1 X588.212 Y749.51 E-30
;WIPE_END
G1 Z431 F15000
G1 X401.788 Y749.51 Z431
G1 Z430
G1 E40 F9000
G1 F2779.614
G1 F2760
G1 X413.3 Y749.51 E49.70117
G1 X749.51 Y413.3 E2052.6789
G1 X749.51 Y423.89 E45.71875
G1 X576.11 Y250.49 E1058.66712
G1 X586.7 Y250.49 E45.71875
G1 X250.49 Y586.7 E2052.67888
G1 X250.49 Y576.11 E45.71875
G1 X423.89 Y749.51 E1058.66712
G1 X435.402 Y749.51 E49.70059
;WIPE_START
G1 F600
G1 X425.402 Y749.51 E-30
;WIPE_END
G1 Z431 F15000
G1 X272.593 Y749.51 Z431
G1 Z430
G1 E40 F9000
G1 F2779.614
G1 X261.08 Y749.51 E49.70059
G1 F2760
G1 X250.49 Y738.92 E64.65625
G1 X250.49 Y749.51 E45.71875
G1 X749.51 Y250.49 E3046.69015
G1 X749.51 Y261.08 E45.71875
M73 P86 R135
G1 X738.92 Y250.49 E64.65625
G1 X727.407 Y250.49 E49.70059
; stop printing object Cube id:0 copy 0
;LAYER_CHANGE
;Z:431.5
;HEIGHT:1.5
;BEFORE_LAYER_CHANGE
;431.5
G92 E0

EXCLUDE_OBJECT_END NAME=Cube_id_0_copy_0
;AFTER_LAYER_CHANGE
;431.5
;_SET_FAN_SPEED_CHANGING_LAYER
; printing object Cube id:0 copy 0
;WIPE_START
G1 F600
G1 X737.407 Y250.49 E-30
;WIPE_END
EXCLUDE_OBJECT_START NAME=Cube_id_0_copy_0
G1 Z432.5 F15000
G1 X751.956 Y248.044 Z432.5
G1 Z431.5
G1 E40 F9000
;TYPE:Outer wall
;WIDTH:3.2
G1 F2779.615
G1 X751.956 Y751.956 E2175.45813
G1 X248.044 Y751.956 E2175.45813
G1 F2760
G1 X248.044 Y248.044 E2175.4585
G1 X751.656 Y248.044 E2174.16299
;WIPE_START
G1 F600
G1 X751.662 Y258.044 E-30
;WIPE_END
G1 Z432.5 F15000
G1 X727.407 Y250.49 Z432.5
G1 Z431.5
G1 E40 F9000
;TYPE:Sparse infill
;WIDTH:3.2
G1 F2779.614
G1 X738.92 Y250.49 E49.70059
G1 F2760
G1 X749.51 Y261.08 E64.65527
G1 X749.51 Y250.49 E45.71788
G1 X250.49 Y749.51 E3046.69043
G1 X250.49 Y738.92 E45.71786
M73 P86 R134
G1 X261.08 Y749.51 E64.65527
G1 X272.593 Y749.51 E49.70059
;WIPE_START
G1 F600
G1 X262.593 Y749.51 E-30
;WIPE_END
G1 Z432.5 F15000
G1 X435.402 Y749.51 Z432.5
G1 Z431.5
G1 E40 F9000
G1 F2779.614
G1 F2760
G1 X423.89 Y749.51 E49.7002
G1 X250.49 Y576.11 E1058.66699
G1 X250.49 Y586.7 E45.71798
G1 X586.7 Y250.49 E2052.67871
G1 X576.11 Y250.49 E45.71875
G1 X749.51 Y423.89 E1058.66712
G1 X749.51 Y413.3 E45.71875
G1 X413.3 Y749.51 E2052.6789
G1 X401.788 Y749.51 E49.70059
;WIPE_START
G1 F600
G1 X411.788 Y749.51 E-30
;WIPE_END
G1 Z432.5 F15000
G1 X598.212 Y749.51 Z432.5
G1 Z431.5
G1 E40 F9000
G1 F2779.614
G1 F2760
G1 X586.7 Y749.51 E49.70117
G1 X250.49 Y413.3 E2052.67889
G1 X250.49 Y423.89 E45.71875
M73 P86 R133
G1 X423.89 Y250.49 E1058.66711
G1 X413.3 Y250.49 E45.71875
G1 X749.51 Y586.7 E2052.6789
G1 X749.51 Y576.11 E45.71875
G1 X576.11 Y749.51 E1058.66713
G1 X564.597 Y749.51 E49.70059
;WIPE_START
G1 F600
G1 X574.597 Y749.51 E-30
;WIPE_END
G1 Z432.5 F15000
G1 X749.51 Y727.407 Z432.5
G1 Z431.5
G1 E40 F9000
G1 F2779.614
G1 X749.51 Y738.92 E49.70059
G1 F2760
G1 X738.92 Y749.51 E64.65625
G1 X749.51 Y749.51 E45.71875
G1 X250.49 Y250.49 E3046.69065
G1 X261.08 Y250.49 E45.71875
G1 X250.49 Y261.08 E64.65625
G1 X250.49 Y272.593 E49.70059
; stop printing object Cube id:0 copy 0
;LAYER_CHANGE
;Z:433
;HEIGHT:1.5
;BEFORE_LAYER_CHANGE
;433
G92 E0

EXCLUDE_OBJECT_END NAME=Cube_id_0_copy_0
;AFTER_LAYER_CHANGE
;433
;_SET_FAN_SPEED_CHANGING_LAYER
; printing object Cube id:0 copy 0
;WIPE_START
G1 F600
G1 X250.49 Y262.593 E-30
;WIPE_END
EXCLUDE_OBJECT_START NAME=Cube_id_0_copy_0
G1 Z434 F15000
G1 X248.044 Y248.044 Z434
G1 Z433
G1 E40 F9000
;TYPE:Outer wall
;WIDTH:3.2
G1 F2779.615
G1 X751.956 Y248.044 E2175.45813
G1 X751.956 Y751.956 E2175.45813
M73 P86 R132
G1 F2760
G1 X248.044 Y751.956 E2175.4585
G1 X248.044 Y248.344 E2174.16299
;WIPE_START
G1 F600
G1 X258.044 Y248.338 E-30
;WIPE_END
G1 Z434 F15000
G1 X250.49 Y272.593 Z434
G1 Z433
G1 E40 F9000
;TYPE:Sparse infill
;WIDTH:3.2
G1 F2779.614
G1 X250.49 Y261.08 E49.70059
G1 F2760
G1 X261.08 Y250.49 E64.65527
G1 X250.49 Y250.49 E45.71822
G1 X749.51 Y749.51 E3046.69043
G1 X738.92 Y749.51 E45.71823
G1 X749.51 Y738.92 E64.65527
G1 X749.51 Y727.407 E49.70059
;WIPE_START
G1 F600
G1 X749.51 Y737.407 E-30
;WIPE_END
G1 Z434 F15000
G1 X564.597 Y749.51 Z434
G1 Z433
G1 E40 F9000
G1 F2779.614
G1 X576.11 Y749.51 E49.70059
G1 F2760
G1 X749.51 Y576.11 E1058.66699
G1 X749.51 Y586.7 E45.71813
M73 P86 R131
G1 X413.3 Y250.49 E2052.67871
G1 X423.89 Y250.49 E45.71875
G1 X250.49 Y423.89 E1058.66711
G1 X250.49 Y413.3 E45.71875
G1 X586.7 Y749.51 E2052.67889
G1 X598.212 Y749.51 E49.70059
;WIPE_START
G1 F600
G1 X588.212 Y749.51 E-30
;WIPE_END
G1 Z434 F15000
G1 X401.788 Y749.51 Z434
G1 Z433
G1 E40 F9000
G1 F2779.614
G1 F2760
G1 X413.3 Y749.51 E49.70117
G1 X749.51 Y413.3 E2052.6789
G1 X749.51 Y423.89 E45.71875
G1 X576.11 Y250.49 E1058.66712
G1 X586.7 Y250.49 E45.71875
G1 X250.49 Y586.7 E2052.67888
G1 X250.49 Y576.11 E45.71875
M73 P86 R130
G1 X423.89 Y749.51 E1058.66712
G1 X435.402 Y749.51 E49.70059
;WIPE_START
G1 F600
G1 X425.402 Y749.51 E-30
;WIPE_END
G1 Z434 F15000
G1 X272.593 Y749.51 Z434
G1 Z433
G1 E40 F9000
G1 F2779.614
G1 X261.08 Y749.51 E49.70059
G1 F2760
G1 X250.49 Y738.92 E64.65625
G1 X250.49 Y749.51 E45.71875
G1 X749.51 Y250.49 E3046.69015
G1 X749.51 Y261.08 E45.71875
G1 X738.92 Y250.49 E64.65625
G1 X727.407 Y250.49 E49.70059
; stop printing object Cube id:0 copy 0
;LAYER_CHANGE
;Z:434.5
;HEIGHT:1.5
;BEFORE_LAYER_CHANGE
;434.5
G92 E0

EXCLUDE_OBJECT_END NAME=Cube_id_0_copy_0
;AFTER_LAYER_CHANGE
;434.5
;_SET_FAN_SPEED_CHANGING_LAYER
; printing object Cube id:0 copy 0
;WIPE_START
G1 F600
G1 X737.407 Y250.49 E-30
;WIPE_END
EXCLUDE_OBJECT_START NAME=Cube_id_0_copy_0
G1 Z435.5 F15000
G1 X751.956 Y248.044 Z435.5
G1 Z434.5
G1 E40 F9000
;TYPE:Outer wall
;WIDTH:3.2
G1 F2779.615
G1 X751.956 Y751.956 E2175.45813
G1 X248.044 Y751.956 E2175.45813
G1 F2760
G1 X248.044 Y248.044 E2175.4585
G1 X751.656 Y248.044 E2174.16299
M73 P86 R129
;WIPE_START
G1 F600
G1 X751.662 Y258.044 E-30
;WIPE_END
G1 Z435.5 F15000
G1 X727.407 Y250.49 Z435.5
G1 Z434.5
G1 E40 F9000
;TYPE:Sparse infill
;WIDTH:3.2
G1 F2779.614
G1 X738.92 Y250.49 E49.70059
G1 F2760
G1 X749.51 Y261.08 E64.65527
G1 X749.51 Y250.49 E45.71788
G1 X250.49 Y749.51 E3046.69043
G1 X250.49 Y738.92 E45.71786
G1 X261.08 Y749.51 E64.65527
G1 X272.593 Y749.51 E49.70059
;WIPE_START
G1 F600
G1 X262.593 Y749.51 E-30
;WIPE_END
G1 Z435.5 F15000
G1 X435.402 Y749.51 Z435.5
G1 Z434.5
G1 E40 F9000
G1 F2779.614
G1 F2760
G1 X423.89 Y749.51 E49.7002
G1 X250.49 Y576.11 E1058.66699
G1 X250.49 Y586.7 E45.71798
G1 X586.7 Y250.49 E2052.67871
G1 X576.11 Y250.49 E45.71875
G1 X749.51 Y423.89 E1058.66712
G1 X749.51 Y413.3 E45.71875
G1 X413.3 Y749.51 E2052.6789
G1 X401.788 Y749.51 E49.70059
M73 P86 R128
;WIPE_START
G1 F600
G1 X411.788 Y749.51 E-30
;WIPE_END
G1 Z435.5 F15000
G1 X598.212 Y749.51 Z435.5
G1 Z434.5
G1 E40 F9000
G1 F2779.614
G1 F2760
G1 X586.7 Y749.51 E49.70117
G1 X250.49 Y413.3 E2052.67889
G1 X250.49 Y423.89 E45.71875
G1 X423.89 Y250.49 E1058.66711
G1 X413.3 Y250.49 E45.71875
G1 X749.51 Y586.7 E2052.6789
G1 X749.51 Y576.11 E45.71875
G1 X576.11 Y749.51 E1058.66713
G1 X564.597 Y749.51 E49.70059
;WIPE_START
G1 F600
G1 X574.597 Y749.51 E-30
;WIPE_END
G1 Z435.5 F15000
G1 X749.51 Y727.407 Z435.5
G1 Z434.5
G1 E40 F9000
G1 F2779.614
G1 X749.51 Y738.92 E49.70059
G1 F2760
G1 X738.92 Y749.51 E64.65625
G1 X749.51 Y749.51 E45.71875
G1 X250.49 Y250.49 E3046.69065
G1 X261.08 Y250.49 E45.71875
M73 P86 R127
G1 X250.49 Y261.08 E64.65625
G1 X250.49 Y272.593 E49.70059
; stop printing object Cube id:0 copy 0
;LAYER_CHANGE
;Z:436
;HEIGHT:1.5
;BEFORE_LAYER_CHANGE
;436
G92 E0

EXCLUDE_OBJECT_END NAME=Cube_id_0_copy_0
;AFTER_LAYER_CHANGE
;436
;_SET_FAN_SPEED_CHANGING_LAYER
; printing object Cube id:0 copy 0
;WIPE_START
G1 F600
G1 X250.49 Y262.593 E-30
;WIPE_END
EXCLUDE_OBJECT_START NAME=Cube_id_0_copy_0
G1 Z437 F15000
G1 X248.044 Y248.044 Z437
G1 Z436
G1 E40 F9000
;TYPE:Outer wall
;WIDTH:3.2
G1 F2779.615
G1 X751.956 Y248.044 E2175.45813
G1 X751.956 Y751.956 E2175.45813
G1 F2760
G1 X248.044 Y751.956 E2175.4585
G1 X248.044 Y248.344 E2174.16299
;WIPE_START
G1 F600
G1 X258.044 Y248.338 E-30
;WIPE_END
G1 Z437 F15000
G1 X250.49 Y272.593 Z437
G1 Z436
G1 E40 F9000
;TYPE:Sparse infill
;WIDTH:3.2
G1 F2779.614
G1 X250.49 Y261.08 E49.70059
G1 F2760
G1 X261.08 Y250.49 E64.65527
G1 X250.49 Y250.49 E45.71822
G1 X749.51 Y749.51 E3046.69043
G1 X738.92 Y749.51 E45.71823
M73 P86 R126
G1 X749.51 Y738.92 E64.65527
G1 X749.51 Y727.407 E49.70059
;WIPE_START
G1 F600
G1 X749.51 Y737.407 E-30
;WIPE_END
G1 Z437 F15000
G1 X564.597 Y749.51 Z437
G1 Z436
G1 E40 F9000
G1 F2779.614
G1 X576.11 Y749.51 E49.70059
G1 F2760
G1 X749.51 Y576.11 E1058.66699
G1 X749.51 Y586.7 E45.71813
G1 X413.3 Y250.49 E2052.67871
G1 X423.89 Y250.49 E45.71875
G1 X250.49 Y423.89 E1058.66711
G1 X250.49 Y413.3 E45.71875
M73 P87 R126
G1 X586.7 Y749.51 E2052.67889
G1 X598.212 Y749.51 E49.70059
;WIPE_START
G1 F600
G1 X588.212 Y749.51 E-30
;WIPE_END
G1 Z437 F15000
G1 X401.788 Y749.51 Z437
G1 Z436
G1 E40 F9000
G1 F2779.614
G1 F2760
G1 X413.3 Y749.51 E49.70117
G1 X749.51 Y413.3 E2052.6789
G1 X749.51 Y423.89 E45.71875
M73 P87 R125
G1 X576.11 Y250.49 E1058.66712
G1 X586.7 Y250.49 E45.71875
G1 X250.49 Y586.7 E2052.67888
G1 X250.49 Y576.11 E45.71875
G1 X423.89 Y749.51 E1058.66712
G1 X435.402 Y749.51 E49.70059
;WIPE_START
G1 F600
G1 X425.402 Y749.51 E-30
;WIPE_END
G1 Z437 F15000
G1 X272.593 Y749.51 Z437
G1 Z436
G1 E40 F9000
G1 F2779.614
G1 X261.08 Y749.51 E49.70059
G1 F2760
G1 X250.49 Y738.92 E64.65625
G1 X250.49 Y749.51 E45.71875
G1 X749.51 Y250.49 E3046.69015
G1 X749.51 Y261.08 E45.71875
G1 X738.92 Y250.49 E64.65625
G1 X727.407 Y250.49 E49.70059
; stop printing object Cube id:0 copy 0
;LAYER_CHANGE
;Z:437.5
;HEIGHT:1.5
;BEFORE_LAYER_CHANGE
;437.5
G92 E0

EXCLUDE_OBJECT_END NAME=Cube_id_0_copy_0
;AFTER_LAYER_CHANGE
;437.5
;_SET_FAN_SPEED_CHANGING_LAYER
; printing object Cube id:0 copy 0
;WIPE_START
G1 F600
G1 X737.407 Y250.49 E-30
;WIPE_END
EXCLUDE_OBJECT_START NAME=Cube_id_0_copy_0
G1 Z438.5 F15000
G1 X751.956 Y248.044 Z438.5
G1 Z437.5
G1 E40 F9000
;TYPE:Outer wall
;WIDTH:3.2
G1 F2779.615
G1 X751.956 Y751.956 E2175.45813
G1 X248.044 Y751.956 E2175.45813
M73 P87 R124
G1 F2760
G1 X248.044 Y248.044 E2175.4585
G1 X751.656 Y248.044 E2174.16299
;WIPE_START
G1 F600
G1 X751.662 Y258.044 E-30
;WIPE_END
G1 Z438.5 F15000
G1 X727.407 Y250.49 Z438.5
G1 Z437.5
G1 E40 F9000
;TYPE:Sparse infill
;WIDTH:3.2
G1 F2779.614
G1 X738.92 Y250.49 E49.70059
G1 F2760
G1 X749.51 Y261.08 E64.65527
G1 X749.51 Y250.49 E45.71788
G1 X250.49 Y749.51 E3046.69043
G1 X250.49 Y738.92 E45.71786
G1 X261.08 Y749.51 E64.65527
G1 X272.593 Y749.51 E49.70059
;WIPE_START
G1 F600
G1 X262.593 Y749.51 E-30
;WIPE_END
G1 Z438.5 F15000
G1 X435.402 Y749.51 Z438.5
G1 Z437.5
G1 E40 F9000
G1 F2779.614
G1 F2760
G1 X423.89 Y749.51 E49.7002
G1 X250.49 Y576.11 E1058.66699
G1 X250.49 Y586.7 E45.71798
M73 P87 R123
G1 X586.7 Y250.49 E2052.67871
G1 X576.11 Y250.49 E45.71875
G1 X749.51 Y423.89 E1058.66712
G1 X749.51 Y413.3 E45.71875
G1 X413.3 Y749.51 E2052.6789
G1 X401.788 Y749.51 E49.70059
;WIPE_START
G1 F600
G1 X411.788 Y749.51 E-30
;WIPE_END
G1 Z438.5 F15000
G1 X598.212 Y749.51 Z438.5
G1 Z437.5
G1 E40 F9000
G1 F2779.614
G1 F2760
G1 X586.7 Y749.51 E49.70117
G1 X250.49 Y413.3 E2052.67889
G1 X250.49 Y423.89 E45.71875
G1 X423.89 Y250.49 E1058.66711
G1 X413.3 Y250.49 E45.71875
G1 X749.51 Y586.7 E2052.6789
G1 X749.51 Y576.11 E45.71875
M73 P87 R122
G1 X576.11 Y749.51 E1058.66713
G1 X564.597 Y749.51 E49.70059
;WIPE_START
G1 F600
G1 X574.597 Y749.51 E-30
;WIPE_END
G1 Z438.5 F15000
G1 X749.51 Y727.407 Z438.5
G1 Z437.5
G1 E40 F9000
G1 F2779.614
G1 X749.51 Y738.92 E49.70059
G1 F2760
G1 X738.92 Y749.51 E64.65625
G1 X749.51 Y749.51 E45.71875
G1 X250.49 Y250.49 E3046.69065
G1 X261.08 Y250.49 E45.71875
G1 X250.49 Y261.08 E64.65625
G1 X250.49 Y272.593 E49.70059
; stop printing object Cube id:0 copy 0
;LAYER_CHANGE
;Z:439
;HEIGHT:1.5
;BEFORE_LAYER_CHANGE
;439
G92 E0

EXCLUDE_OBJECT_END NAME=Cube_id_0_copy_0
;AFTER_LAYER_CHANGE
;439
;_SET_FAN_SPEED_CHANGING_LAYER
; printing object Cube id:0 copy 0
;WIPE_START
G1 F600
G1 X250.49 Y262.593 E-30
;WIPE_END
EXCLUDE_OBJECT_START NAME=Cube_id_0_copy_0
G1 Z440 F15000
G1 X248.044 Y248.044 Z440
G1 Z439
G1 E40 F9000
;TYPE:Outer wall
;WIDTH:3.2
G1 F2779.615
G1 X751.956 Y248.044 E2175.45813
G1 X751.956 Y751.956 E2175.45813
G1 F2760
G1 X248.044 Y751.956 E2175.4585
G1 X248.044 Y248.344 E2174.16299
M73 P87 R121
;WIPE_START
G1 F600
G1 X258.044 Y248.338 E-30
;WIPE_END
G1 Z440 F15000
G1 X250.49 Y272.593 Z440
G1 Z439
G1 E40 F9000
;TYPE:Sparse infill
;WIDTH:3.2
G1 F2779.614
G1 X250.49 Y261.08 E49.70059
G1 F2760
G1 X261.08 Y250.49 E64.65527
G1 X250.49 Y250.49 E45.71822
G1 X749.51 Y749.51 E3046.69043
G1 X738.92 Y749.51 E45.71823
G1 X749.51 Y738.92 E64.65527
G1 X749.51 Y727.407 E49.70059
;WIPE_START
G1 F600
G1 X749.51 Y737.407 E-30
;WIPE_END
G1 Z440 F15000
G1 X564.597 Y749.51 Z440
G1 Z439
G1 E40 F9000
G1 F2779.614
G1 X576.11 Y749.51 E49.70059
G1 F2760
G1 X749.51 Y576.11 E1058.66699
G1 X749.51 Y586.7 E45.71813
G1 X413.3 Y250.49 E2052.67871
G1 X423.89 Y250.49 E45.71875
G1 X250.49 Y423.89 E1058.66711
G1 X250.49 Y413.3 E45.71875
G1 X586.7 Y749.51 E2052.67889
G1 X598.212 Y749.51 E49.70059
M73 P87 R120
;WIPE_START
G1 F600
G1 X588.212 Y749.51 E-30
;WIPE_END
G1 Z440 F15000
G1 X401.788 Y749.51 Z440
G1 Z439
G1 E40 F9000
G1 F2779.614
G1 F2760
G1 X413.3 Y749.51 E49.70117
G1 X749.51 Y413.3 E2052.6789
G1 X749.51 Y423.89 E45.71875
G1 X576.11 Y250.49 E1058.66712
G1 X586.7 Y250.49 E45.71875
G1 X250.49 Y586.7 E2052.67888
G1 X250.49 Y576.11 E45.71875
G1 X423.89 Y749.51 E1058.66712
G1 X435.402 Y749.51 E49.70059
;WIPE_START
G1 F600
G1 X425.402 Y749.51 E-30
;WIPE_END
G1 Z440 F15000
G1 X272.593 Y749.51 Z440
G1 Z439
G1 E40 F9000
G1 F2779.614
G1 X261.08 Y749.51 E49.70059
G1 F2760
G1 X250.49 Y738.92 E64.65625
G1 X250.49 Y749.51 E45.71875
G1 X749.51 Y250.49 E3046.69015
G1 X749.51 Y261.08 E45.71875
M73 P87 R119
G1 X738.92 Y250.49 E64.65625
G1 X727.407 Y250.49 E49.70059
; stop printing object Cube id:0 copy 0
;LAYER_CHANGE
;Z:440.5
;HEIGHT:1.5
;BEFORE_LAYER_CHANGE
;440.5
G92 E0

EXCLUDE_OBJECT_END NAME=Cube_id_0_copy_0
;AFTER_LAYER_CHANGE
;440.5
;_SET_FAN_SPEED_CHANGING_LAYER
; printing object Cube id:0 copy 0
;WIPE_START
G1 F600
G1 X737.407 Y250.49 E-30
;WIPE_END
EXCLUDE_OBJECT_START NAME=Cube_id_0_copy_0
G1 Z441.5 F15000
G1 X751.956 Y248.044 Z441.5
G1 Z440.5
G1 E40 F9000
;TYPE:Outer wall
;WIDTH:3.2
G1 F2779.615
G1 X751.956 Y751.956 E2175.45813
G1 X248.044 Y751.956 E2175.45813
G1 F2760
G1 X248.044 Y248.044 E2175.4585
G1 X751.656 Y248.044 E2174.16299
;WIPE_START
G1 F600
G1 X751.662 Y258.044 E-30
;WIPE_END
G1 Z441.5 F15000
G1 X727.407 Y250.49 Z441.5
G1 Z440.5
G1 E40 F9000
;TYPE:Sparse infill
;WIDTH:3.2
G1 F2779.614
G1 X738.92 Y250.49 E49.70059
G1 F2760
G1 X749.51 Y261.08 E64.65527
G1 X749.51 Y250.49 E45.71788
G1 X250.49 Y749.51 E3046.69043
G1 X250.49 Y738.92 E45.71786
M73 P87 R118
G1 X261.08 Y749.51 E64.65527
G1 X272.593 Y749.51 E49.70059
;WIPE_START
G1 F600
G1 X262.593 Y749.51 E-30
;WIPE_END
G1 Z441.5 F15000
G1 X435.402 Y749.51 Z441.5
G1 Z440.5
G1 E40 F9000
G1 F2779.614
G1 F2760
G1 X423.89 Y749.51 E49.7002
G1 X250.49 Y576.11 E1058.66699
G1 X250.49 Y586.7 E45.71798
G1 X586.7 Y250.49 E2052.67871
G1 X576.11 Y250.49 E45.71875
G1 X749.51 Y423.89 E1058.66712
G1 X749.51 Y413.3 E45.71875
G1 X413.3 Y749.51 E2052.6789
G1 X401.788 Y749.51 E49.70059
;WIPE_START
G1 F600
G1 X411.788 Y749.51 E-30
;WIPE_END
G1 Z441.5 F15000
G1 X598.212 Y749.51 Z441.5
G1 Z440.5
G1 E40 F9000
G1 F2779.614
G1 F2760
G1 X586.7 Y749.51 E49.70117
G1 X250.49 Y413.3 E2052.67889
G1 X250.49 Y423.89 E45.71875
M73 P87 R117
G1 X423.89 Y250.49 E1058.66711
G1 X413.3 Y250.49 E45.71875
G1 X749.51 Y586.7 E2052.6789
G1 X749.51 Y576.11 E45.71875
G1 X576.11 Y749.51 E1058.66713
G1 X564.597 Y749.51 E49.70059
;WIPE_START
G1 F600
G1 X574.597 Y749.51 E-30
;WIPE_END
G1 Z441.5 F15000
G1 X749.51 Y727.407 Z441.5
G1 Z440.5
G1 E40 F9000
G1 F2779.614
G1 X749.51 Y738.92 E49.70059
G1 F2760
G1 X738.92 Y749.51 E64.65625
G1 X749.51 Y749.51 E45.71875
G1 X250.49 Y250.49 E3046.69065
G1 X261.08 Y250.49 E45.71875
G1 X250.49 Y261.08 E64.65625
G1 X250.49 Y272.593 E49.70059
; stop printing object Cube id:0 copy 0
;LAYER_CHANGE
;Z:442
;HEIGHT:1.5
;BEFORE_LAYER_CHANGE
;442
G92 E0

EXCLUDE_OBJECT_END NAME=Cube_id_0_copy_0
;AFTER_LAYER_CHANGE
;442
;_SET_FAN_SPEED_CHANGING_LAYER
; printing object Cube id:0 copy 0
;WIPE_START
G1 F600
G1 X250.49 Y262.593 E-30
;WIPE_END
EXCLUDE_OBJECT_START NAME=Cube_id_0_copy_0
G1 Z443 F15000
G1 X248.044 Y248.044 Z443
G1 Z442
G1 E40 F9000
;TYPE:Outer wall
;WIDTH:3.2
G1 F2779.615
G1 X751.956 Y248.044 E2175.45813
G1 X751.956 Y751.956 E2175.45813
G1 F2760
M73 P87 R116
G1 X248.044 Y751.956 E2175.4585
G1 X248.044 Y248.344 E2174.16299
M73 P88 R116
;WIPE_START
G1 F600
G1 X258.044 Y248.338 E-30
;WIPE_END
G1 Z443 F15000
G1 X250.49 Y272.593 Z443
G1 Z442
G1 E40 F9000
;TYPE:Sparse infill
;WIDTH:3.2
G1 F2779.614
G1 X250.49 Y261.08 E49.70059
G1 F2760
G1 X261.08 Y250.49 E64.65527
G1 X250.49 Y250.49 E45.71822
G1 X749.51 Y749.51 E3046.69043
G1 X738.92 Y749.51 E45.71823
G1 X749.51 Y738.92 E64.65527
G1 X749.51 Y727.407 E49.70059
;WIPE_START
G1 F600
G1 X749.51 Y737.407 E-30
;WIPE_END
G1 Z443 F15000
G1 X564.597 Y749.51 Z443
G1 Z442
G1 E40 F9000
G1 F2779.614
G1 X576.11 Y749.51 E49.70059
G1 F2760
G1 X749.51 Y576.11 E1058.66699
G1 X749.51 Y586.7 E45.71813
M73 P88 R115
G1 X413.3 Y250.49 E2052.67871
G1 X423.89 Y250.49 E45.71875
G1 X250.49 Y423.89 E1058.66711
G1 X250.49 Y413.3 E45.71875
G1 X586.7 Y749.51 E2052.67889
G1 X598.212 Y749.51 E49.70059
;WIPE_START
G1 F600
G1 X588.212 Y749.51 E-30
;WIPE_END
G1 Z443 F15000
G1 X401.788 Y749.51 Z443
G1 Z442
G1 E40 F9000
G1 F2779.614
G1 F2760
G1 X413.3 Y749.51 E49.70117
G1 X749.51 Y413.3 E2052.6789
G1 X749.51 Y423.89 E45.71875
G1 X576.11 Y250.49 E1058.66712
G1 X586.7 Y250.49 E45.71875
G1 X250.49 Y586.7 E2052.67888
G1 X250.49 Y576.11 E45.71875
G1 X423.89 Y749.51 E1058.66712
M73 P88 R114
G1 X435.402 Y749.51 E49.70059
;WIPE_START
G1 F600
G1 X425.402 Y749.51 E-30
;WIPE_END
G1 Z443 F15000
G1 X272.593 Y749.51 Z443
G1 Z442
G1 E40 F9000
G1 F2779.614
G1 X261.08 Y749.51 E49.70059
G1 F2760
G1 X250.49 Y738.92 E64.65625
G1 X250.49 Y749.51 E45.71875
G1 X749.51 Y250.49 E3046.69015
G1 X749.51 Y261.08 E45.71875
G1 X738.92 Y250.49 E64.65625
G1 X727.407 Y250.49 E49.70059
; stop printing object Cube id:0 copy 0
;LAYER_CHANGE
;Z:443.5
;HEIGHT:1.5
;BEFORE_LAYER_CHANGE
;443.5
G92 E0

EXCLUDE_OBJECT_END NAME=Cube_id_0_copy_0
;AFTER_LAYER_CHANGE
;443.5
;_SET_FAN_SPEED_CHANGING_LAYER
; printing object Cube id:0 copy 0
;WIPE_START
G1 F600
G1 X737.407 Y250.49 E-30
;WIPE_END
EXCLUDE_OBJECT_START NAME=Cube_id_0_copy_0
G1 Z444.5 F15000
G1 X751.956 Y248.044 Z444.5
G1 Z443.5
G1 E40 F9000
;TYPE:Outer wall
;WIDTH:3.2
G1 F2779.615
G1 X751.956 Y751.956 E2175.45813
G1 X248.044 Y751.956 E2175.45813
G1 F2760
G1 X248.044 Y248.044 E2175.4585
G1 X751.656 Y248.044 E2174.16299
M73 P88 R113
;WIPE_START
G1 F600
G1 X751.662 Y258.044 E-30
;WIPE_END
G1 Z444.5 F15000
G1 X727.407 Y250.49 Z444.5
G1 Z443.5
G1 E40 F9000
;TYPE:Sparse infill
;WIDTH:3.2
G1 F2779.614
G1 X738.92 Y250.49 E49.70059
G1 F2760
G1 X749.51 Y261.08 E64.65527
G1 X749.51 Y250.49 E45.71788
G1 X250.49 Y749.51 E3046.69043
G1 X250.49 Y738.92 E45.71786
G1 X261.08 Y749.51 E64.65527
G1 X272.593 Y749.51 E49.70059
;WIPE_START
G1 F600
G1 X262.593 Y749.51 E-30
;WIPE_END
G1 Z444.5 F15000
G1 X435.402 Y749.51 Z444.5
G1 Z443.5
G1 E40 F9000
G1 F2779.614
G1 F2760
G1 X423.89 Y749.51 E49.7002
G1 X250.49 Y576.11 E1058.66699
G1 X250.49 Y586.7 E45.71798
G1 X586.7 Y250.49 E2052.67871
G1 X576.11 Y250.49 E45.71875
G1 X749.51 Y423.89 E1058.66712
G1 X749.51 Y413.3 E45.71875
G1 X413.3 Y749.51 E2052.6789
G1 X401.788 Y749.51 E49.70059
M73 P88 R112
;WIPE_START
G1 F600
G1 X411.788 Y749.51 E-30
;WIPE_END
G1 Z444.5 F15000
G1 X598.212 Y749.51 Z444.5
G1 Z443.5
G1 E40 F9000
G1 F2779.614
G1 F2760
G1 X586.7 Y749.51 E49.70117
G1 X250.49 Y413.3 E2052.67889
G1 X250.49 Y423.89 E45.71875
G1 X423.89 Y250.49 E1058.66711
G1 X413.3 Y250.49 E45.71875
G1 X749.51 Y586.7 E2052.6789
G1 X749.51 Y576.11 E45.71875
G1 X576.11 Y749.51 E1058.66713
G1 X564.597 Y749.51 E49.70059
;WIPE_START
G1 F600
G1 X574.597 Y749.51 E-30
;WIPE_END
G1 Z444.5 F15000
G1 X749.51 Y727.407 Z444.5
G1 Z443.5
G1 E40 F9000
G1 F2779.614
G1 X749.51 Y738.92 E49.70059
G1 F2760
G1 X738.92 Y749.51 E64.65625
G1 X749.51 Y749.51 E45.71875
G1 X250.49 Y250.49 E3046.69065
G1 X261.08 Y250.49 E45.71875
M73 P88 R111
G1 X250.49 Y261.08 E64.65625
G1 X250.49 Y272.593 E49.70059
; stop printing object Cube id:0 copy 0
;LAYER_CHANGE
;Z:445
;HEIGHT:1.5
;BEFORE_LAYER_CHANGE
;445
G92 E0

EXCLUDE_OBJECT_END NAME=Cube_id_0_copy_0
;AFTER_LAYER_CHANGE
;445
;_SET_FAN_SPEED_CHANGING_LAYER
; printing object Cube id:0 copy 0
;WIPE_START
G1 F600
G1 X250.49 Y262.593 E-30
;WIPE_END
EXCLUDE_OBJECT_START NAME=Cube_id_0_copy_0
G1 Z446 F15000
G1 X248.044 Y248.044 Z446
G1 Z445
G1 E40 F9000
;TYPE:Outer wall
;WIDTH:3.2
G1 F2779.615
G1 X751.956 Y248.044 E2175.45813
G1 X751.956 Y751.956 E2175.45813
G1 F2760
G1 X248.044 Y751.956 E2175.4585
G1 X248.044 Y248.344 E2174.16299
;WIPE_START
G1 F600
G1 X258.044 Y248.338 E-30
;WIPE_END
G1 Z446 F15000
G1 X250.49 Y272.593 Z446
G1 Z445
G1 E40 F9000
;TYPE:Sparse infill
;WIDTH:3.2
G1 F2779.614
G1 X250.49 Y261.08 E49.70059
G1 F2760
G1 X261.08 Y250.49 E64.65527
G1 X250.49 Y250.49 E45.71822
G1 X749.51 Y749.51 E3046.69043
G1 X738.92 Y749.51 E45.71823
M73 P88 R110
G1 X749.51 Y738.92 E64.65527
G1 X749.51 Y727.407 E49.70059
;WIPE_START
G1 F600
G1 X749.51 Y737.407 E-30
;WIPE_END
G1 Z446 F15000
G1 X564.597 Y749.51 Z446
G1 Z445
G1 E40 F9000
G1 F2779.614
G1 X576.11 Y749.51 E49.70059
G1 F2760
G1 X749.51 Y576.11 E1058.66699
G1 X749.51 Y586.7 E45.71813
G1 X413.3 Y250.49 E2052.67871
G1 X423.89 Y250.49 E45.71875
G1 X250.49 Y423.89 E1058.66711
G1 X250.49 Y413.3 E45.71875
G1 X586.7 Y749.51 E2052.67889
G1 X598.212 Y749.51 E49.70059
;WIPE_START
G1 F600
G1 X588.212 Y749.51 E-30
;WIPE_END
G1 Z446 F15000
G1 X401.788 Y749.51 Z446
G1 Z445
G1 E40 F9000
G1 F2779.614
G1 F2760
G1 X413.3 Y749.51 E49.70117
G1 X749.51 Y413.3 E2052.6789
G1 X749.51 Y423.89 E45.71875
M73 P88 R109
G1 X576.11 Y250.49 E1058.66712
G1 X586.7 Y250.49 E45.71875
G1 X250.49 Y586.7 E2052.67888
G1 X250.49 Y576.11 E45.71875
G1 X423.89 Y749.51 E1058.66712
G1 X435.402 Y749.51 E49.70059
;WIPE_START
G1 F600
G1 X425.402 Y749.51 E-30
;WIPE_END
G1 Z446 F15000
G1 X272.593 Y749.51 Z446
G1 Z445
G1 E40 F9000
G1 F2779.614
G1 X261.08 Y749.51 E49.70059
G1 F2760
G1 X250.49 Y738.92 E64.65625
G1 X250.49 Y749.51 E45.71875
G1 X749.51 Y250.49 E3046.69015
G1 X749.51 Y261.08 E45.71875
G1 X738.92 Y250.49 E64.65625
G1 X727.407 Y250.49 E49.70059
; stop printing object Cube id:0 copy 0
;LAYER_CHANGE
;Z:446.5
;HEIGHT:1.5
;BEFORE_LAYER_CHANGE
;446.5
G92 E0

EXCLUDE_OBJECT_END NAME=Cube_id_0_copy_0
;AFTER_LAYER_CHANGE
;446.5
;_SET_FAN_SPEED_CHANGING_LAYER
; printing object Cube id:0 copy 0
;WIPE_START
G1 F600
G1 X737.407 Y250.49 E-30
;WIPE_END
EXCLUDE_OBJECT_START NAME=Cube_id_0_copy_0
G1 Z447.5 F15000
G1 X751.956 Y248.044 Z447.5
G1 Z446.5
G1 E40 F9000
;TYPE:Outer wall
;WIDTH:3.2
G1 F2779.615
G1 X751.956 Y751.956 E2175.45813
G1 X248.044 Y751.956 E2175.45813
G1 F2760
M73 P88 R108
G1 X248.044 Y248.044 E2175.4585
G1 X751.656 Y248.044 E2174.16299
;WIPE_START
G1 F600
G1 X751.662 Y258.044 E-30
;WIPE_END
G1 Z447.5 F15000
G1 X727.407 Y250.49 Z447.5
G1 Z446.5
G1 E40 F9000
;TYPE:Sparse infill
;WIDTH:3.2
G1 F2779.614
G1 X738.92 Y250.49 E49.70059
G1 F2760
G1 X749.51 Y261.08 E64.65527
G1 X749.51 Y250.49 E45.71788
G1 X250.49 Y749.51 E3046.69043
G1 X250.49 Y738.92 E45.71786
G1 X261.08 Y749.51 E64.65527
G1 X272.593 Y749.51 E49.70059
;WIPE_START
G1 F600
G1 X262.593 Y749.51 E-30
;WIPE_END
G1 Z447.5 F15000
G1 X435.402 Y749.51 Z447.5
G1 Z446.5
G1 E40 F9000
G1 F2779.614
G1 F2760
G1 X423.89 Y749.51 E49.7002
G1 X250.49 Y576.11 E1058.66699
G1 X250.49 Y586.7 E45.71798
M73 P88 R107
G1 X586.7 Y250.49 E2052.67871
G1 X576.11 Y250.49 E45.71875
G1 X749.51 Y423.89 E1058.66712
G1 X749.51 Y413.3 E45.71875
G1 X413.3 Y749.51 E2052.6789
G1 X401.788 Y749.51 E49.70059
;WIPE_START
G1 F600
G1 X411.788 Y749.51 E-30
;WIPE_END
G1 Z447.5 F15000
G1 X598.212 Y749.51 Z447.5
G1 Z446.5
G1 E40 F9000
G1 F2779.614
G1 F2760
G1 X586.7 Y749.51 E49.70117
G1 X250.49 Y413.3 E2052.67889
G1 X250.49 Y423.89 E45.71875
G1 X423.89 Y250.49 E1058.66711
G1 X413.3 Y250.49 E45.71875
G1 X749.51 Y586.7 E2052.6789
G1 X749.51 Y576.11 E45.71875
G1 X576.11 Y749.51 E1058.66713
G1 X564.597 Y749.51 E49.70059
M73 P89 R106
;WIPE_START
G1 F600
G1 X574.597 Y749.51 E-30
;WIPE_END
G1 Z447.5 F15000
G1 X749.51 Y727.407 Z447.5
G1 Z446.5
G1 E40 F9000
G1 F2779.614
G1 X749.51 Y738.92 E49.70059
G1 F2760
G1 X738.92 Y749.51 E64.65625
G1 X749.51 Y749.51 E45.71875
G1 X250.49 Y250.49 E3046.69065
G1 X261.08 Y250.49 E45.71875
G1 X250.49 Y261.08 E64.65625
G1 X250.49 Y272.593 E49.70059
; stop printing object Cube id:0 copy 0
;LAYER_CHANGE
;Z:448
;HEIGHT:1.5
;BEFORE_LAYER_CHANGE
;448
G92 E0

EXCLUDE_OBJECT_END NAME=Cube_id_0_copy_0
;AFTER_LAYER_CHANGE
;448
;_SET_FAN_SPEED_CHANGING_LAYER
; printing object Cube id:0 copy 0
;WIPE_START
G1 F600
G1 X250.49 Y262.593 E-30
;WIPE_END
EXCLUDE_OBJECT_START NAME=Cube_id_0_copy_0
G1 Z449 F15000
G1 X248.044 Y248.044 Z449
G1 Z448
G1 E40 F9000
;TYPE:Outer wall
;WIDTH:3.2
G1 F2779.615
G1 X751.956 Y248.044 E2175.45813
G1 X751.956 Y751.956 E2175.45813
G1 F2760
G1 X248.044 Y751.956 E2175.4585
G1 X248.044 Y248.344 E2174.16299
M73 P89 R105
;WIPE_START
G1 F600
G1 X258.044 Y248.338 E-30
;WIPE_END
G1 Z449 F15000
G1 X250.49 Y272.593 Z449
G1 Z448
G1 E40 F9000
;TYPE:Sparse infill
;WIDTH:3.2
G1 F2779.614
G1 X250.49 Y261.08 E49.70059
G1 F2760
G1 X261.08 Y250.49 E64.65527
G1 X250.49 Y250.49 E45.71822
G1 X749.51 Y749.51 E3046.69043
G1 X738.92 Y749.51 E45.71823
G1 X749.51 Y738.92 E64.65527
G1 X749.51 Y727.407 E49.70059
;WIPE_START
G1 F600
G1 X749.51 Y737.407 E-30
;WIPE_END
G1 Z449 F15000
G1 X564.597 Y749.51 Z449
G1 Z448
G1 E40 F9000
G1 F2779.614
G1 X576.11 Y749.51 E49.70059
G1 F2760
G1 X749.51 Y576.11 E1058.66699
G1 X749.51 Y586.7 E45.71813
G1 X413.3 Y250.49 E2052.67871
G1 X423.89 Y250.49 E45.71875
G1 X250.49 Y423.89 E1058.66711
G1 X250.49 Y413.3 E45.71875
G1 X586.7 Y749.51 E2052.67889
G1 X598.212 Y749.51 E49.70059
M73 P89 R104
;WIPE_START
G1 F600
G1 X588.212 Y749.51 E-30
;WIPE_END
G1 Z449 F15000
G1 X401.788 Y749.51 Z449
G1 Z448
G1 E40 F9000
G1 F2779.614
G1 F2760
G1 X413.3 Y749.51 E49.70117
G1 X749.51 Y413.3 E2052.6789
G1 X749.51 Y423.89 E45.71875
G1 X576.11 Y250.49 E1058.66712
G1 X586.7 Y250.49 E45.71875
G1 X250.49 Y586.7 E2052.67888
G1 X250.49 Y576.11 E45.71875
G1 X423.89 Y749.51 E1058.66712
G1 X435.402 Y749.51 E49.70059
;WIPE_START
G1 F600
G1 X425.402 Y749.51 E-30
;WIPE_END
G1 Z449 F15000
G1 X272.593 Y749.51 Z449
G1 Z448
G1 E40 F9000
G1 F2779.614
G1 X261.08 Y749.51 E49.70059
G1 F2760
G1 X250.49 Y738.92 E64.65625
G1 X250.49 Y749.51 E45.71875
G1 X749.51 Y250.49 E3046.69015
G1 X749.51 Y261.08 E45.71875
M73 P89 R103
G1 X738.92 Y250.49 E64.65625
G1 X727.407 Y250.49 E49.70059
; stop printing object Cube id:0 copy 0
;LAYER_CHANGE
;Z:449.5
;HEIGHT:1.5
;BEFORE_LAYER_CHANGE
;449.5
G92 E0

EXCLUDE_OBJECT_END NAME=Cube_id_0_copy_0
;AFTER_LAYER_CHANGE
;449.5
;_SET_FAN_SPEED_CHANGING_LAYER
; printing object Cube id:0 copy 0
;WIPE_START
G1 F600
G1 X737.407 Y250.49 E-30
;WIPE_END
EXCLUDE_OBJECT_START NAME=Cube_id_0_copy_0
G1 Z450.5 F15000
G1 X751.956 Y248.044 Z450.5
G1 Z449.5
G1 E40 F9000
;TYPE:Outer wall
;WIDTH:3.2
G1 F2779.615
G1 X751.956 Y751.956 E2175.45813
G1 X248.044 Y751.956 E2175.45813
G1 F2760
G1 X248.044 Y248.044 E2175.4585
G1 X751.656 Y248.044 E2174.16299
;WIPE_START
G1 F600
G1 X751.662 Y258.044 E-30
;WIPE_END
G1 Z450.5 F15000
G1 X727.407 Y250.49 Z450.5
G1 Z449.5
G1 E40 F9000
;TYPE:Sparse infill
;WIDTH:3.2
G1 F2779.614
G1 X738.92 Y250.49 E49.70059
G1 F2760
G1 X749.51 Y261.08 E64.65527
G1 X749.51 Y250.49 E45.71788
G1 X250.49 Y749.51 E3046.69043
G1 X250.49 Y738.92 E45.71786
M73 P89 R102
G1 X261.08 Y749.51 E64.65527
G1 X272.593 Y749.51 E49.70059
;WIPE_START
G1 F600
G1 X262.593 Y749.51 E-30
;WIPE_END
G1 Z450.5 F15000
G1 X435.402 Y749.51 Z450.5
G1 Z449.5
G1 E40 F9000
G1 F2779.614
G1 F2760
G1 X423.89 Y749.51 E49.7002
G1 X250.49 Y576.11 E1058.66699
G1 X250.49 Y586.7 E45.71798
G1 X586.7 Y250.49 E2052.67871
G1 X576.11 Y250.49 E45.71875
G1 X749.51 Y423.89 E1058.66712
G1 X749.51 Y413.3 E45.71875
G1 X413.3 Y749.51 E2052.6789
G1 X401.788 Y749.51 E49.70059
;WIPE_START
G1 F600
G1 X411.788 Y749.51 E-30
;WIPE_END
G1 Z450.5 F15000
G1 X598.212 Y749.51 Z450.5
G1 Z449.5
G1 E40 F9000
G1 F2779.614
G1 F2760
G1 X586.7 Y749.51 E49.70117
G1 X250.49 Y413.3 E2052.67889
G1 X250.49 Y423.89 E45.71875
M73 P89 R101
G1 X423.89 Y250.49 E1058.66711
G1 X413.3 Y250.49 E45.71875
G1 X749.51 Y586.7 E2052.6789
G1 X749.51 Y576.11 E45.71875
G1 X576.11 Y749.51 E1058.66713
G1 X564.597 Y749.51 E49.70059
;WIPE_START
G1 F600
G1 X574.597 Y749.51 E-30
;WIPE_END
G1 Z450.5 F15000
G1 X749.51 Y727.407 Z450.5
G1 Z449.5
G1 E40 F9000
G1 F2779.614
G1 X749.51 Y738.92 E49.70059
G1 F2760
G1 X738.92 Y749.51 E64.65625
G1 X749.51 Y749.51 E45.71875
G1 X250.49 Y250.49 E3046.69065
G1 X261.08 Y250.49 E45.71875
G1 X250.49 Y261.08 E64.65625
G1 X250.49 Y272.593 E49.70059
; stop printing object Cube id:0 copy 0
;LAYER_CHANGE
;Z:451
;HEIGHT:1.5
;BEFORE_LAYER_CHANGE
;451
G92 E0

EXCLUDE_OBJECT_END NAME=Cube_id_0_copy_0
;AFTER_LAYER_CHANGE
;451
;_SET_FAN_SPEED_CHANGING_LAYER
; printing object Cube id:0 copy 0
;WIPE_START
G1 F600
G1 X250.49 Y262.593 E-30
;WIPE_END
EXCLUDE_OBJECT_START NAME=Cube_id_0_copy_0
G1 Z452 F15000
G1 X248.044 Y248.044 Z452
G1 Z451
G1 E40 F9000
;TYPE:Outer wall
;WIDTH:3.2
G1 F2779.615
G1 X751.956 Y248.044 E2175.45813
G1 X751.956 Y751.956 E2175.45813
G1 F2760
M73 P89 R100
G1 X248.044 Y751.956 E2175.4585
G1 X248.044 Y248.344 E2174.16299
;WIPE_START
G1 F600
G1 X258.044 Y248.338 E-30
;WIPE_END
G1 Z452 F15000
G1 X250.49 Y272.593 Z452
G1 Z451
G1 E40 F9000
;TYPE:Sparse infill
;WIDTH:3.2
G1 F2779.614
G1 X250.49 Y261.08 E49.70059
G1 F2760
G1 X261.08 Y250.49 E64.65527
G1 X250.49 Y250.49 E45.71822
G1 X749.51 Y749.51 E3046.69043
G1 X738.92 Y749.51 E45.71823
G1 X749.51 Y738.92 E64.65527
G1 X749.51 Y727.407 E49.70059
;WIPE_START
G1 F600
G1 X749.51 Y737.407 E-30
;WIPE_END
G1 Z452 F15000
G1 X564.597 Y749.51 Z452
G1 Z451
G1 E40 F9000
G1 F2779.614
G1 X576.11 Y749.51 E49.70059
G1 F2760
G1 X749.51 Y576.11 E1058.66699
G1 X749.51 Y586.7 E45.71813
M73 P89 R99
G1 X413.3 Y250.49 E2052.67871
G1 X423.89 Y250.49 E45.71875
G1 X250.49 Y423.89 E1058.66711
G1 X250.49 Y413.3 E45.71875
G1 X586.7 Y749.51 E2052.67889
G1 X598.212 Y749.51 E49.70059
;WIPE_START
G1 F600
G1 X588.212 Y749.51 E-30
;WIPE_END
G1 Z452 F15000
G1 X401.788 Y749.51 Z452
G1 Z451
G1 E40 F9000
G1 F2779.614
G1 F2760
G1 X413.3 Y749.51 E49.70117
G1 X749.51 Y413.3 E2052.6789
G1 X749.51 Y423.89 E45.71875
G1 X576.11 Y250.49 E1058.66712
G1 X586.7 Y250.49 E45.71875
G1 X250.49 Y586.7 E2052.67888
G1 X250.49 Y576.11 E45.71875
G1 X423.89 Y749.51 E1058.66712
G1 X435.402 Y749.51 E49.70059
M73 P89 R98
;WIPE_START
G1 F600
G1 X425.402 Y749.51 E-30
;WIPE_END
G1 Z452 F15000
G1 X272.593 Y749.51 Z452
G1 Z451
G1 E40 F9000
G1 F2779.614
G1 X261.08 Y749.51 E49.70059
G1 F2760
G1 X250.49 Y738.92 E64.65625
G1 X250.49 Y749.51 E45.71875
G1 X749.51 Y250.49 E3046.69015
G1 X749.51 Y261.08 E45.71875
G1 X738.92 Y250.49 E64.65625
G1 X727.407 Y250.49 E49.70059
; stop printing object Cube id:0 copy 0
;LAYER_CHANGE
;Z:452.5
;HEIGHT:1.5
;BEFORE_LAYER_CHANGE
;452.5
G92 E0

EXCLUDE_OBJECT_END NAME=Cube_id_0_copy_0
;AFTER_LAYER_CHANGE
;452.5
;_SET_FAN_SPEED_CHANGING_LAYER
; printing object Cube id:0 copy 0
;WIPE_START
G1 F600
G1 X737.407 Y250.49 E-30
;WIPE_END
EXCLUDE_OBJECT_START NAME=Cube_id_0_copy_0
G1 Z453.5 F15000
G1 X751.956 Y248.044 Z453.5
G1 Z452.5
G1 E40 F9000
;TYPE:Outer wall
;WIDTH:3.2
G1 F2779.615
G1 X751.956 Y751.956 E2175.45813
G1 X248.044 Y751.956 E2175.45813
G1 F2760
G1 X248.044 Y248.044 E2175.4585
G1 X751.656 Y248.044 E2174.16299
M73 P89 R97
;WIPE_START
G1 F600
G1 X751.662 Y258.044 E-30
;WIPE_END
G1 Z453.5 F15000
G1 X727.407 Y250.49 Z453.5
G1 Z452.5
G1 E40 F9000
;TYPE:Sparse infill
;WIDTH:3.2
G1 F2779.614
G1 X738.92 Y250.49 E49.70059
G1 F2760
G1 X749.51 Y261.08 E64.65527
G1 X749.51 Y250.49 E45.71788
G1 X250.49 Y749.51 E3046.69043
G1 X250.49 Y738.92 E45.71786
G1 X261.08 Y749.51 E64.65527
G1 X272.593 Y749.51 E49.70059
;WIPE_START
G1 F600
G1 X262.593 Y749.51 E-30
;WIPE_END
G1 Z453.5 F15000
G1 X435.402 Y749.51 Z453.5
G1 Z452.5
G1 E40 F9000
G1 F2779.614
G1 F2760
G1 X423.89 Y749.51 E49.7002
G1 X250.49 Y576.11 E1058.66699
G1 X250.49 Y586.7 E45.71798
G1 X586.7 Y250.49 E2052.67871
G1 X576.11 Y250.49 E45.71875
M73 P90 R97
G1 X749.51 Y423.89 E1058.66712
G1 X749.51 Y413.3 E45.71875
G1 X413.3 Y749.51 E2052.6789
G1 X401.788 Y749.51 E49.70059
M73 P90 R96
;WIPE_START
G1 F600
G1 X411.788 Y749.51 E-30
;WIPE_END
G1 Z453.5 F15000
G1 X598.212 Y749.51 Z453.5
G1 Z452.5
G1 E40 F9000
G1 F2779.614
G1 F2760
G1 X586.7 Y749.51 E49.70117
G1 X250.49 Y413.3 E2052.67889
G1 X250.49 Y423.89 E45.71875
G1 X423.89 Y250.49 E1058.66711
G1 X413.3 Y250.49 E45.71875
G1 X749.51 Y586.7 E2052.6789
G1 X749.51 Y576.11 E45.71875
G1 X576.11 Y749.51 E1058.66713
G1 X564.597 Y749.51 E49.70059
;WIPE_START
G1 F600
G1 X574.597 Y749.51 E-30
;WIPE_END
G1 Z453.5 F15000
G1 X749.51 Y727.407 Z453.5
G1 Z452.5
G1 E40 F9000
G1 F2779.614
G1 X749.51 Y738.92 E49.70059
G1 F2760
G1 X738.92 Y749.51 E64.65625
G1 X749.51 Y749.51 E45.71875
G1 X250.49 Y250.49 E3046.69065
G1 X261.08 Y250.49 E45.71875
M73 P90 R95
G1 X250.49 Y261.08 E64.65625
G1 X250.49 Y272.593 E49.70059
; stop printing object Cube id:0 copy 0
;LAYER_CHANGE
;Z:454
;HEIGHT:1.5
;BEFORE_LAYER_CHANGE
;454
G92 E0

EXCLUDE_OBJECT_END NAME=Cube_id_0_copy_0
;AFTER_LAYER_CHANGE
;454
;_SET_FAN_SPEED_CHANGING_LAYER
; printing object Cube id:0 copy 0
;WIPE_START
G1 F600
G1 X250.49 Y262.593 E-30
;WIPE_END
EXCLUDE_OBJECT_START NAME=Cube_id_0_copy_0
G1 Z455 F15000
G1 X248.044 Y248.044 Z455
G1 Z454
G1 E40 F9000
;TYPE:Outer wall
;WIDTH:3.2
G1 F2779.615
G1 X751.956 Y248.044 E2175.45813
G1 X751.956 Y751.956 E2175.45813
G1 F2760
G1 X248.044 Y751.956 E2175.4585
G1 X248.044 Y248.344 E2174.16299
;WIPE_START
G1 F600
G1 X258.044 Y248.338 E-30
;WIPE_END
G1 Z455 F15000
G1 X250.49 Y272.593 Z455
G1 Z454
G1 E40 F9000
;TYPE:Sparse infill
;WIDTH:3.2
G1 F2779.614
G1 X250.49 Y261.08 E49.70059
G1 F2760
G1 X261.08 Y250.49 E64.65527
G1 X250.49 Y250.49 E45.71822
G1 X749.51 Y749.51 E3046.69043
G1 X738.92 Y749.51 E45.71823
M73 P90 R94
G1 X749.51 Y738.92 E64.65527
G1 X749.51 Y727.407 E49.70059
;WIPE_START
G1 F600
G1 X749.51 Y737.407 E-30
;WIPE_END
G1 Z455 F15000
G1 X564.597 Y749.51 Z455
G1 Z454
G1 E40 F9000
G1 F2779.614
G1 X576.11 Y749.51 E49.70059
G1 F2760
G1 X749.51 Y576.11 E1058.66699
G1 X749.51 Y586.7 E45.71813
G1 X413.3 Y250.49 E2052.67871
G1 X423.89 Y250.49 E45.71875
G1 X250.49 Y423.89 E1058.66711
G1 X250.49 Y413.3 E45.71875
G1 X586.7 Y749.51 E2052.67889
G1 X598.212 Y749.51 E49.70059
;WIPE_START
G1 F600
G1 X588.212 Y749.51 E-30
;WIPE_END
G1 Z455 F15000
G1 X401.788 Y749.51 Z455
G1 Z454
G1 E40 F9000
G1 F2779.614
G1 F2760
G1 X413.3 Y749.51 E49.70117
G1 X749.51 Y413.3 E2052.6789
G1 X749.51 Y423.89 E45.71875
M73 P90 R93
G1 X576.11 Y250.49 E1058.66712
G1 X586.7 Y250.49 E45.71875
G1 X250.49 Y586.7 E2052.67888
G1 X250.49 Y576.11 E45.71875
G1 X423.89 Y749.51 E1058.66712
G1 X435.402 Y749.51 E49.70059
;WIPE_START
G1 F600
G1 X425.402 Y749.51 E-30
;WIPE_END
G1 Z455 F15000
G1 X272.593 Y749.51 Z455
G1 Z454
G1 E40 F9000
G1 F2779.614
G1 X261.08 Y749.51 E49.70059
G1 F2760
G1 X250.49 Y738.92 E64.65625
G1 X250.49 Y749.51 E45.71875
G1 X749.51 Y250.49 E3046.69015
G1 X749.51 Y261.08 E45.71875
G1 X738.92 Y250.49 E64.65625
G1 X727.407 Y250.49 E49.70059
; stop printing object Cube id:0 copy 0
;LAYER_CHANGE
;Z:455.5
;HEIGHT:1.5
;BEFORE_LAYER_CHANGE
;455.5
G92 E0

EXCLUDE_OBJECT_END NAME=Cube_id_0_copy_0
;AFTER_LAYER_CHANGE
;455.5
;_SET_FAN_SPEED_CHANGING_LAYER
; printing object Cube id:0 copy 0
;WIPE_START
G1 F600
G1 X737.407 Y250.49 E-30
;WIPE_END
EXCLUDE_OBJECT_START NAME=Cube_id_0_copy_0
G1 Z456.5 F15000
G1 X751.956 Y248.044 Z456.5
G1 Z455.5
G1 E40 F9000
;TYPE:Outer wall
;WIDTH:3.2
G1 F2779.615
G1 X751.956 Y751.956 E2175.45813
G1 X248.044 Y751.956 E2175.45813
G1 F2760
M73 P90 R92
G1 X248.044 Y248.044 E2175.4585
G1 X751.656 Y248.044 E2174.16299
;WIPE_START
G1 F600
G1 X751.662 Y258.044 E-30
;WIPE_END
G1 Z456.5 F15000
G1 X727.407 Y250.49 Z456.5
G1 Z455.5
G1 E40 F9000
;TYPE:Sparse infill
;WIDTH:3.2
G1 F2779.614
G1 X738.92 Y250.49 E49.70059
G1 F2760
G1 X749.51 Y261.08 E64.65527
G1 X749.51 Y250.49 E45.71788
G1 X250.49 Y749.51 E3046.69043
G1 X250.49 Y738.92 E45.71786
G1 X261.08 Y749.51 E64.65527
G1 X272.593 Y749.51 E49.70059
;WIPE_START
G1 F600
G1 X262.593 Y749.51 E-30
;WIPE_END
G1 Z456.5 F15000
G1 X435.402 Y749.51 Z456.5
G1 Z455.5
G1 E40 F9000
G1 F2779.614
G1 F2760
G1 X423.89 Y749.51 E49.7002
G1 X250.49 Y576.11 E1058.66699
G1 X250.49 Y586.7 E45.71798
G1 X586.7 Y250.49 E2052.67871
M73 P90 R91
G1 X576.11 Y250.49 E45.71875
G1 X749.51 Y423.89 E1058.66712
G1 X749.51 Y413.3 E45.71875
G1 X413.3 Y749.51 E2052.6789
G1 X401.788 Y749.51 E49.70059
;WIPE_START
G1 F600
G1 X411.788 Y749.51 E-30
;WIPE_END
G1 Z456.5 F15000
G1 X598.212 Y749.51 Z456.5
G1 Z455.5
G1 E40 F9000
G1 F2779.614
G1 F2760
G1 X586.7 Y749.51 E49.70117
G1 X250.49 Y413.3 E2052.67889
G1 X250.49 Y423.89 E45.71875
G1 X423.89 Y250.49 E1058.66711
G1 X413.3 Y250.49 E45.71875
G1 X749.51 Y586.7 E2052.6789
G1 X749.51 Y576.11 E45.71875
G1 X576.11 Y749.51 E1058.66713
G1 X564.597 Y749.51 E49.70059
M73 P90 R90
;WIPE_START
G1 F600
G1 X574.597 Y749.51 E-30
;WIPE_END
G1 Z456.5 F15000
G1 X749.51 Y727.407 Z456.5
G1 Z455.5
G1 E40 F9000
G1 F2779.614
G1 X749.51 Y738.92 E49.70059
G1 F2760
G1 X738.92 Y749.51 E64.65625
G1 X749.51 Y749.51 E45.71875
G1 X250.49 Y250.49 E3046.69065
G1 X261.08 Y250.49 E45.71875
G1 X250.49 Y261.08 E64.65625
G1 X250.49 Y272.593 E49.70059
; stop printing object Cube id:0 copy 0
;LAYER_CHANGE
;Z:457
;HEIGHT:1.5
;BEFORE_LAYER_CHANGE
;457
G92 E0

EXCLUDE_OBJECT_END NAME=Cube_id_0_copy_0
;AFTER_LAYER_CHANGE
;457
;_SET_FAN_SPEED_CHANGING_LAYER
; printing object Cube id:0 copy 0
;WIPE_START
G1 F600
G1 X250.49 Y262.593 E-30
;WIPE_END
EXCLUDE_OBJECT_START NAME=Cube_id_0_copy_0
G1 Z458 F15000
G1 X248.044 Y248.044 Z458
G1 Z457
G1 E40 F9000
;TYPE:Outer wall
;WIDTH:3.2
G1 F2779.615
G1 X751.956 Y248.044 E2175.45813
G1 X751.956 Y751.956 E2175.45813
G1 F2760
G1 X248.044 Y751.956 E2175.4585
G1 X248.044 Y248.344 E2174.16299
M73 P90 R89
;WIPE_START
G1 F600
G1 X258.044 Y248.338 E-30
;WIPE_END
G1 Z458 F15000
G1 X250.49 Y272.593 Z458
G1 Z457
G1 E40 F9000
;TYPE:Sparse infill
;WIDTH:3.2
G1 F2779.614
G1 X250.49 Y261.08 E49.70059
G1 F2760
G1 X261.08 Y250.49 E64.65527
G1 X250.49 Y250.49 E45.71822
G1 X749.51 Y749.51 E3046.69043
G1 X738.92 Y749.51 E45.71823
G1 X749.51 Y738.92 E64.65527
G1 X749.51 Y727.407 E49.70059
;WIPE_START
G1 F600
G1 X749.51 Y737.407 E-30
;WIPE_END
G1 Z458 F15000
G1 X564.597 Y749.51 Z458
G1 Z457
G1 E40 F9000
G1 F2779.614
G1 X576.11 Y749.51 E49.70059
G1 F2760
G1 X749.51 Y576.11 E1058.66699
G1 X749.51 Y586.7 E45.71813
G1 X413.3 Y250.49 E2052.67871
G1 X423.89 Y250.49 E45.71875
G1 X250.49 Y423.89 E1058.66711
G1 X250.49 Y413.3 E45.71875
G1 X586.7 Y749.51 E2052.67889
G1 X598.212 Y749.51 E49.70059
M73 P90 R88
;WIPE_START
G1 F600
G1 X588.212 Y749.51 E-30
;WIPE_END
G1 Z458 F15000
G1 X401.788 Y749.51 Z458
G1 Z457
G1 E40 F9000
G1 F2779.614
G1 F2760
G1 X413.3 Y749.51 E49.70117
G1 X749.51 Y413.3 E2052.6789
G1 X749.51 Y423.89 E45.71875
G1 X576.11 Y250.49 E1058.66712
G1 X586.7 Y250.49 E45.71875
G1 X250.49 Y586.7 E2052.67888
G1 X250.49 Y576.11 E45.71875
G1 X423.89 Y749.51 E1058.66712
G1 X435.402 Y749.51 E49.70059
;WIPE_START
G1 F600
G1 X425.402 Y749.51 E-30
;WIPE_END
G1 Z458 F15000
G1 X272.593 Y749.51 Z458
G1 Z457
G1 E40 F9000
G1 F2779.614
G1 X261.08 Y749.51 E49.70059
G1 F2760
G1 X250.49 Y738.92 E64.65625
G1 X250.49 Y749.51 E45.71875
G1 X749.51 Y250.49 E3046.69015
G1 X749.51 Y261.08 E45.71875
M73 P90 R87
G1 X738.92 Y250.49 E64.65625
G1 X727.407 Y250.49 E49.70059
; stop printing object Cube id:0 copy 0
;LAYER_CHANGE
;Z:458.5
;HEIGHT:1.5
;BEFORE_LAYER_CHANGE
;458.5
G92 E0

EXCLUDE_OBJECT_END NAME=Cube_id_0_copy_0
;AFTER_LAYER_CHANGE
;458.5
;_SET_FAN_SPEED_CHANGING_LAYER
; printing object Cube id:0 copy 0
;WIPE_START
G1 F600
G1 X737.407 Y250.49 E-30
;WIPE_END
EXCLUDE_OBJECT_START NAME=Cube_id_0_copy_0
G1 Z459.5 F15000
G1 X751.956 Y248.044 Z459.5
G1 Z458.5
G1 E40 F9000
;TYPE:Outer wall
;WIDTH:3.2
G1 F2779.615
G1 X751.956 Y751.956 E2175.45813
G1 X248.044 Y751.956 E2175.45813
G1 F2760
G1 X248.044 Y248.044 E2175.4585
G1 X751.656 Y248.044 E2174.16299
M73 P91 R87
;WIPE_START
G1 F600
G1 X751.662 Y258.044 E-30
;WIPE_END
G1 Z459.5 F15000
G1 X727.407 Y250.49 Z459.5
G1 Z458.5
G1 E40 F9000
;TYPE:Sparse infill
;WIDTH:3.2
G1 F2779.614
G1 X738.92 Y250.49 E49.70059
G1 F2760
G1 X749.51 Y261.08 E64.65527
G1 X749.51 Y250.49 E45.71788
G1 X250.49 Y749.51 E3046.69043
G1 X250.49 Y738.92 E45.71786
M73 P91 R86
G1 X261.08 Y749.51 E64.65527
G1 X272.593 Y749.51 E49.70059
;WIPE_START
G1 F600
G1 X262.593 Y749.51 E-30
;WIPE_END
G1 Z459.5 F15000
G1 X435.402 Y749.51 Z459.5
G1 Z458.5
G1 E40 F9000
G1 F2779.614
G1 F2760
G1 X423.89 Y749.51 E49.7002
G1 X250.49 Y576.11 E1058.66699
G1 X250.49 Y586.7 E45.71798
G1 X586.7 Y250.49 E2052.67871
G1 X576.11 Y250.49 E45.71875
G1 X749.51 Y423.89 E1058.66712
G1 X749.51 Y413.3 E45.71875
G1 X413.3 Y749.51 E2052.6789
G1 X401.788 Y749.51 E49.70059
;WIPE_START
G1 F600
G1 X411.788 Y749.51 E-30
;WIPE_END
G1 Z459.5 F15000
G1 X598.212 Y749.51 Z459.5
G1 Z458.5
G1 E40 F9000
G1 F2779.614
G1 F2760
G1 X586.7 Y749.51 E49.70117
G1 X250.49 Y413.3 E2052.67889
G1 X250.49 Y423.89 E45.71875
M73 P91 R85
G1 X423.89 Y250.49 E1058.66711
G1 X413.3 Y250.49 E45.71875
G1 X749.51 Y586.7 E2052.6789
G1 X749.51 Y576.11 E45.71875
G1 X576.11 Y749.51 E1058.66713
G1 X564.597 Y749.51 E49.70059
;WIPE_START
G1 F600
G1 X574.597 Y749.51 E-30
;WIPE_END
G1 Z459.5 F15000
G1 X749.51 Y727.407 Z459.5
G1 Z458.5
G1 E40 F9000
G1 F2779.614
G1 X749.51 Y738.92 E49.70059
G1 F2760
G1 X738.92 Y749.51 E64.65625
G1 X749.51 Y749.51 E45.71875
G1 X250.49 Y250.49 E3046.69065
G1 X261.08 Y250.49 E45.71875
G1 X250.49 Y261.08 E64.65625
G1 X250.49 Y272.593 E49.70059
; stop printing object Cube id:0 copy 0
;LAYER_CHANGE
;Z:460
;HEIGHT:1.5
;BEFORE_LAYER_CHANGE
;460
G92 E0

EXCLUDE_OBJECT_END NAME=Cube_id_0_copy_0
;AFTER_LAYER_CHANGE
;460
;_SET_FAN_SPEED_CHANGING_LAYER
; printing object Cube id:0 copy 0
;WIPE_START
G1 F600
G1 X250.49 Y262.593 E-30
;WIPE_END
EXCLUDE_OBJECT_START NAME=Cube_id_0_copy_0
G1 Z461 F15000
G1 X248.044 Y248.044 Z461
G1 Z460
G1 E40 F9000
;TYPE:Outer wall
;WIDTH:3.2
G1 F2779.615
G1 X751.956 Y248.044 E2175.45813
G1 X751.956 Y751.956 E2175.45813
G1 F2760
M73 P91 R84
G1 X248.044 Y751.956 E2175.4585
G1 X248.044 Y248.344 E2174.16299
;WIPE_START
G1 F600
G1 X258.044 Y248.338 E-30
;WIPE_END
G1 Z461 F15000
G1 X250.49 Y272.593 Z461
G1 Z460
G1 E40 F9000
;TYPE:Sparse infill
;WIDTH:3.2
G1 F2779.614
G1 X250.49 Y261.08 E49.70059
G1 F2760
G1 X261.08 Y250.49 E64.65527
G1 X250.49 Y250.49 E45.71822
G1 X749.51 Y749.51 E3046.69043
G1 X738.92 Y749.51 E45.71823
G1 X749.51 Y738.92 E64.65527
G1 X749.51 Y727.407 E49.70059
;WIPE_START
G1 F600
G1 X749.51 Y737.407 E-30
;WIPE_END
G1 Z461 F15000
G1 X564.597 Y749.51 Z461
G1 Z460
G1 E40 F9000
G1 F2779.614
G1 X576.11 Y749.51 E49.70059
G1 F2760
G1 X749.51 Y576.11 E1058.66699
G1 X749.51 Y586.7 E45.71813
G1 X413.3 Y250.49 E2052.67871
G1 X423.89 Y250.49 E45.71875
M73 P91 R83
G1 X250.49 Y423.89 E1058.66711
G1 X250.49 Y413.3 E45.71875
G1 X586.7 Y749.51 E2052.67889
G1 X598.212 Y749.51 E49.70059
;WIPE_START
G1 F600
G1 X588.212 Y749.51 E-30
;WIPE_END
G1 Z461 F15000
G1 X401.788 Y749.51 Z461
G1 Z460
G1 E40 F9000
G1 F2779.614
G1 F2760
G1 X413.3 Y749.51 E49.70117
G1 X749.51 Y413.3 E2052.6789
G1 X749.51 Y423.89 E45.71875
G1 X576.11 Y250.49 E1058.66712
G1 X586.7 Y250.49 E45.71875
G1 X250.49 Y586.7 E2052.67888
G1 X250.49 Y576.11 E45.71875
G1 X423.89 Y749.51 E1058.66712
G1 X435.402 Y749.51 E49.70059
M73 P91 R82
;WIPE_START
G1 F600
G1 X425.402 Y749.51 E-30
;WIPE_END
G1 Z461 F15000
G1 X272.593 Y749.51 Z461
G1 Z460
G1 E40 F9000
G1 F2779.614
G1 X261.08 Y749.51 E49.70059
G1 F2760
G1 X250.49 Y738.92 E64.65625
G1 X250.49 Y749.51 E45.71875
G1 X749.51 Y250.49 E3046.69015
G1 X749.51 Y261.08 E45.71875
G1 X738.92 Y250.49 E64.65625
G1 X727.407 Y250.49 E49.70059
; stop printing object Cube id:0 copy 0
;LAYER_CHANGE
;Z:461.5
;HEIGHT:1.5
;BEFORE_LAYER_CHANGE
;461.5
G92 E0

EXCLUDE_OBJECT_END NAME=Cube_id_0_copy_0
;AFTER_LAYER_CHANGE
;461.5
;_SET_FAN_SPEED_CHANGING_LAYER
; printing object Cube id:0 copy 0
;WIPE_START
G1 F600
G1 X737.407 Y250.49 E-30
;WIPE_END
EXCLUDE_OBJECT_START NAME=Cube_id_0_copy_0
G1 Z462.5 F15000
G1 X751.956 Y248.044 Z462.5
G1 Z461.5
G1 E40 F9000
;TYPE:Outer wall
;WIDTH:3.2
G1 F2779.615
G1 X751.956 Y751.956 E2175.45813
G1 X248.044 Y751.956 E2175.45813
G1 F2760
G1 X248.044 Y248.044 E2175.4585
G1 X751.656 Y248.044 E2174.16299
;WIPE_START
G1 F600
M73 P91 R81
G1 X751.662 Y258.044 E-30
;WIPE_END
G1 Z462.5 F15000
G1 X727.407 Y250.49 Z462.5
G1 Z461.5
G1 E40 F9000
;TYPE:Sparse infill
;WIDTH:3.2
G1 F2779.614
G1 X738.92 Y250.49 E49.70059
G1 F2760
G1 X749.51 Y261.08 E64.65527
G1 X749.51 Y250.49 E45.71788
G1 X250.49 Y749.51 E3046.69043
G1 X250.49 Y738.92 E45.71786
G1 X261.08 Y749.51 E64.65527
G1 X272.593 Y749.51 E49.70059
;WIPE_START
G1 F600
G1 X262.593 Y749.51 E-30
;WIPE_END
G1 Z462.5 F15000
G1 X435.402 Y749.51 Z462.5
G1 Z461.5
G1 E40 F9000
G1 F2779.614
G1 F2760
G1 X423.89 Y749.51 E49.7002
G1 X250.49 Y576.11 E1058.66699
G1 X250.49 Y586.7 E45.71798
G1 X586.7 Y250.49 E2052.67871
G1 X576.11 Y250.49 E45.71875
G1 X749.51 Y423.89 E1058.66712
G1 X749.51 Y413.3 E45.71875
G1 X413.3 Y749.51 E2052.6789
G1 X401.788 Y749.51 E49.70059
M73 P91 R80
;WIPE_START
G1 F600
G1 X411.788 Y749.51 E-30
;WIPE_END
G1 Z462.5 F15000
G1 X598.212 Y749.51 Z462.5
G1 Z461.5
G1 E40 F9000
G1 F2779.614
G1 F2760
G1 X586.7 Y749.51 E49.70117
G1 X250.49 Y413.3 E2052.67889
G1 X250.49 Y423.89 E45.71875
G1 X423.89 Y250.49 E1058.66711
G1 X413.3 Y250.49 E45.71875
G1 X749.51 Y586.7 E2052.6789
G1 X749.51 Y576.11 E45.71875
G1 X576.11 Y749.51 E1058.66713
G1 X564.597 Y749.51 E49.70059
;WIPE_START
G1 F600
G1 X574.597 Y749.51 E-30
;WIPE_END
G1 Z462.5 F15000
G1 X749.51 Y727.407 Z462.5
G1 Z461.5
G1 E40 F9000
G1 F2779.614
G1 X749.51 Y738.92 E49.70059
G1 F2760
G1 X738.92 Y749.51 E64.65625
G1 X749.51 Y749.51 E45.71875
G1 X250.49 Y250.49 E3046.69065
G1 X261.08 Y250.49 E45.71875
M73 P91 R79
G1 X250.49 Y261.08 E64.65625
G1 X250.49 Y272.593 E49.70059
; stop printing object Cube id:0 copy 0
;LAYER_CHANGE
;Z:463
;HEIGHT:1.5
;BEFORE_LAYER_CHANGE
;463
G92 E0

EXCLUDE_OBJECT_END NAME=Cube_id_0_copy_0
;AFTER_LAYER_CHANGE
;463
;_SET_FAN_SPEED_CHANGING_LAYER
; printing object Cube id:0 copy 0
;WIPE_START
G1 F600
G1 X250.49 Y262.593 E-30
;WIPE_END
EXCLUDE_OBJECT_START NAME=Cube_id_0_copy_0
G1 Z464 F15000
G1 X248.044 Y248.044 Z464
G1 Z463
G1 E40 F9000
;TYPE:Outer wall
;WIDTH:3.2
G1 F2779.615
G1 X751.956 Y248.044 E2175.45813
G1 X751.956 Y751.956 E2175.45813
G1 F2760
G1 X248.044 Y751.956 E2175.4585
G1 X248.044 Y248.344 E2174.16299
;WIPE_START
G1 F600
G1 X258.044 Y248.338 E-30
;WIPE_END
G1 Z464 F15000
G1 X250.49 Y272.593 Z464
G1 Z463
G1 E40 F9000
;TYPE:Sparse infill
;WIDTH:3.2
G1 F2779.614
G1 X250.49 Y261.08 E49.70059
G1 F2760
G1 X261.08 Y250.49 E64.65527
G1 X250.49 Y250.49 E45.71822
G1 X749.51 Y749.51 E3046.69043
G1 X738.92 Y749.51 E45.71823
M73 P91 R78
G1 X749.51 Y738.92 E64.65527
G1 X749.51 Y727.407 E49.70059
;WIPE_START
G1 F600
G1 X749.51 Y737.407 E-30
;WIPE_END
G1 Z464 F15000
G1 X564.597 Y749.51 Z464
G1 Z463
G1 E40 F9000
G1 F2779.614
G1 X576.11 Y749.51 E49.70059
G1 F2760
G1 X749.51 Y576.11 E1058.66699
G1 X749.51 Y586.7 E45.71813
G1 X413.3 Y250.49 E2052.67871
G1 X423.89 Y250.49 E45.71875
G1 X250.49 Y423.89 E1058.66711
G1 X250.49 Y413.3 E45.71875
G1 X586.7 Y749.51 E2052.67889
G1 X598.212 Y749.51 E49.70059
;WIPE_START
G1 F600
G1 X588.212 Y749.51 E-30
;WIPE_END
G1 Z464 F15000
G1 X401.788 Y749.51 Z464
G1 Z463
G1 E40 F9000
G1 F2779.614
G1 F2760
G1 X413.3 Y749.51 E49.70117
G1 X749.51 Y413.3 E2052.6789
G1 X749.51 Y423.89 E45.71875
M73 P91 R77
G1 X576.11 Y250.49 E1058.66712
G1 X586.7 Y250.49 E45.71875
G1 X250.49 Y586.7 E2052.67888
G1 X250.49 Y576.11 E45.71875
M73 P92 R77
G1 X423.89 Y749.51 E1058.66712
G1 X435.402 Y749.51 E49.70059
;WIPE_START
G1 F600
G1 X425.402 Y749.51 E-30
;WIPE_END
G1 Z464 F15000
G1 X272.593 Y749.51 Z464
G1 Z463
G1 E40 F9000
G1 F2779.614
G1 X261.08 Y749.51 E49.70059
G1 F2760
G1 X250.49 Y738.92 E64.65625
G1 X250.49 Y749.51 E45.71875
G1 X749.51 Y250.49 E3046.69015
G1 X749.51 Y261.08 E45.71875
G1 X738.92 Y250.49 E64.65625
G1 X727.407 Y250.49 E49.70059
; stop printing object Cube id:0 copy 0
;LAYER_CHANGE
;Z:464.5
;HEIGHT:1.5
;BEFORE_LAYER_CHANGE
;464.5
G92 E0

EXCLUDE_OBJECT_END NAME=Cube_id_0_copy_0
;AFTER_LAYER_CHANGE
;464.5
;_SET_FAN_SPEED_CHANGING_LAYER
; printing object Cube id:0 copy 0
;WIPE_START
G1 F600
G1 X737.407 Y250.49 E-30
;WIPE_END
EXCLUDE_OBJECT_START NAME=Cube_id_0_copy_0
G1 Z465.5 F15000
G1 X751.956 Y248.044 Z465.5
G1 Z464.5
G1 E40 F9000
;TYPE:Outer wall
;WIDTH:3.2
G1 F2779.615
G1 X751.956 Y751.956 E2175.45813
G1 X248.044 Y751.956 E2175.45813
G1 F2760
M73 P92 R76
G1 X248.044 Y248.044 E2175.4585
G1 X751.656 Y248.044 E2174.16299
;WIPE_START
G1 F600
G1 X751.662 Y258.044 E-30
;WIPE_END
G1 Z465.5 F15000
G1 X727.407 Y250.49 Z465.5
G1 Z464.5
G1 E40 F9000
;TYPE:Sparse infill
;WIDTH:3.2
G1 F2779.614
G1 X738.92 Y250.49 E49.70059
G1 F2760
G1 X749.51 Y261.08 E64.65527
G1 X749.51 Y250.49 E45.71788
G1 X250.49 Y749.51 E3046.69043
G1 X250.49 Y738.92 E45.71786
G1 X261.08 Y749.51 E64.65527
G1 X272.593 Y749.51 E49.70059
;WIPE_START
G1 F600
G1 X262.593 Y749.51 E-30
;WIPE_END
G1 Z465.5 F15000
G1 X435.402 Y749.51 Z465.5
G1 Z464.5
G1 E40 F9000
G1 F2779.614
G1 F2760
G1 X423.89 Y749.51 E49.7002
G1 X250.49 Y576.11 E1058.66699
G1 X250.49 Y586.7 E45.71798
G1 X586.7 Y250.49 E2052.67871
G1 X576.11 Y250.49 E45.71875
M73 P92 R75
G1 X749.51 Y423.89 E1058.66712
G1 X749.51 Y413.3 E45.71875
G1 X413.3 Y749.51 E2052.6789
G1 X401.788 Y749.51 E49.70059
;WIPE_START
G1 F600
G1 X411.788 Y749.51 E-30
;WIPE_END
G1 Z465.5 F15000
G1 X598.212 Y749.51 Z465.5
G1 Z464.5
G1 E40 F9000
G1 F2779.614
G1 F2760
G1 X586.7 Y749.51 E49.70117
G1 X250.49 Y413.3 E2052.67889
G1 X250.49 Y423.89 E45.71875
G1 X423.89 Y250.49 E1058.66711
G1 X413.3 Y250.49 E45.71875
G1 X749.51 Y586.7 E2052.6789
G1 X749.51 Y576.11 E45.71875
G1 X576.11 Y749.51 E1058.66713
G1 X564.597 Y749.51 E49.70059
M73 P92 R74
;WIPE_START
G1 F600
G1 X574.597 Y749.51 E-30
;WIPE_END
G1 Z465.5 F15000
G1 X749.51 Y727.407 Z465.5
G1 Z464.5
G1 E40 F9000
G1 F2779.614
G1 X749.51 Y738.92 E49.70059
G1 F2760
G1 X738.92 Y749.51 E64.65625
G1 X749.51 Y749.51 E45.71875
G1 X250.49 Y250.49 E3046.69065
G1 X261.08 Y250.49 E45.71875
G1 X250.49 Y261.08 E64.65625
G1 X250.49 Y272.593 E49.70059
; stop printing object Cube id:0 copy 0
;LAYER_CHANGE
;Z:466
;HEIGHT:1.5
;BEFORE_LAYER_CHANGE
;466
G92 E0

EXCLUDE_OBJECT_END NAME=Cube_id_0_copy_0
;AFTER_LAYER_CHANGE
;466
;_SET_FAN_SPEED_CHANGING_LAYER
; printing object Cube id:0 copy 0
;WIPE_START
G1 F600
G1 X250.49 Y262.593 E-30
;WIPE_END
EXCLUDE_OBJECT_START NAME=Cube_id_0_copy_0
G1 Z467 F15000
G1 X248.044 Y248.044 Z467
G1 Z466
G1 E40 F9000
;TYPE:Outer wall
;WIDTH:3.2
G1 F2779.615
G1 X751.956 Y248.044 E2175.45813
G1 X751.956 Y751.956 E2175.45813
G1 F2760
G1 X248.044 Y751.956 E2175.4585
G1 X248.044 Y248.344 E2174.16299
;WIPE_START
G1 F600
M73 P92 R73
G1 X258.044 Y248.338 E-30
;WIPE_END
G1 Z467 F15000
G1 X250.49 Y272.593 Z467
G1 Z466
G1 E40 F9000
;TYPE:Sparse infill
;WIDTH:3.2
G1 F2779.614
G1 X250.49 Y261.08 E49.70059
G1 F2760
G1 X261.08 Y250.49 E64.65527
G1 X250.49 Y250.49 E45.71822
G1 X749.51 Y749.51 E3046.69043
G1 X738.92 Y749.51 E45.71823
G1 X749.51 Y738.92 E64.65527
G1 X749.51 Y727.407 E49.70059
;WIPE_START
G1 F600
G1 X749.51 Y737.407 E-30
;WIPE_END
G1 Z467 F15000
G1 X564.597 Y749.51 Z467
G1 Z466
G1 E40 F9000
G1 F2779.614
G1 X576.11 Y749.51 E49.70059
G1 F2760
G1 X749.51 Y576.11 E1058.66699
G1 X749.51 Y586.7 E45.71813
G1 X413.3 Y250.49 E2052.67871
G1 X423.89 Y250.49 E45.71875
G1 X250.49 Y423.89 E1058.66711
G1 X250.49 Y413.3 E45.71875
G1 X586.7 Y749.51 E2052.67889
G1 X598.212 Y749.51 E49.70059
M73 P92 R72
;WIPE_START
G1 F600
G1 X588.212 Y749.51 E-30
;WIPE_END
G1 Z467 F15000
G1 X401.788 Y749.51 Z467
G1 Z466
G1 E40 F9000
G1 F2779.614
G1 F2760
G1 X413.3 Y749.51 E49.70117
G1 X749.51 Y413.3 E2052.6789
G1 X749.51 Y423.89 E45.71875
G1 X576.11 Y250.49 E1058.66712
G1 X586.7 Y250.49 E45.71875
G1 X250.49 Y586.7 E2052.67888
G1 X250.49 Y576.11 E45.71875
G1 X423.89 Y749.51 E1058.66712
G1 X435.402 Y749.51 E49.70059
;WIPE_START
G1 F600
G1 X425.402 Y749.51 E-30
;WIPE_END
G1 Z467 F15000
G1 X272.593 Y749.51 Z467
G1 Z466
G1 E40 F9000
G1 F2779.614
G1 X261.08 Y749.51 E49.70059
G1 F2760
G1 X250.49 Y738.92 E64.65625
G1 X250.49 Y749.51 E45.71875
G1 X749.51 Y250.49 E3046.69015
G1 X749.51 Y261.08 E45.71875
M73 P92 R71
G1 X738.92 Y250.49 E64.65625
G1 X727.407 Y250.49 E49.70059
; stop printing object Cube id:0 copy 0
;LAYER_CHANGE
;Z:467.5
;HEIGHT:1.5
;BEFORE_LAYER_CHANGE
;467.5
G92 E0

EXCLUDE_OBJECT_END NAME=Cube_id_0_copy_0
;AFTER_LAYER_CHANGE
;467.5
;_SET_FAN_SPEED_CHANGING_LAYER
; printing object Cube id:0 copy 0
;WIPE_START
G1 F600
G1 X737.407 Y250.49 E-30
;WIPE_END
EXCLUDE_OBJECT_START NAME=Cube_id_0_copy_0
G1 Z468.5 F15000
G1 X751.956 Y248.044 Z468.5
G1 Z467.5
G1 E40 F9000
;TYPE:Outer wall
;WIDTH:3.2
G1 F2779.615
G1 X751.956 Y751.956 E2175.45813
G1 X248.044 Y751.956 E2175.45813
G1 F2760
G1 X248.044 Y248.044 E2175.4585
G1 X751.656 Y248.044 E2174.16299
;WIPE_START
G1 F600
G1 X751.662 Y258.044 E-30
;WIPE_END
G1 Z468.5 F15000
G1 X727.407 Y250.49 Z468.5
G1 Z467.5
G1 E40 F9000
;TYPE:Sparse infill
;WIDTH:3.2
G1 F2779.614
G1 X738.92 Y250.49 E49.70059
G1 F2760
G1 X749.51 Y261.08 E64.65527
G1 X749.51 Y250.49 E45.71788
G1 X250.49 Y749.51 E3046.69043
G1 X250.49 Y738.92 E45.71786
M73 P92 R70
G1 X261.08 Y749.51 E64.65527
G1 X272.593 Y749.51 E49.70059
;WIPE_START
G1 F600
G1 X262.593 Y749.51 E-30
;WIPE_END
G1 Z468.5 F15000
G1 X435.402 Y749.51 Z468.5
G1 Z467.5
G1 E40 F9000
G1 F2779.614
G1 F2760
G1 X423.89 Y749.51 E49.7002
G1 X250.49 Y576.11 E1058.66699
G1 X250.49 Y586.7 E45.71798
G1 X586.7 Y250.49 E2052.67871
G1 X576.11 Y250.49 E45.71875
G1 X749.51 Y423.89 E1058.66712
G1 X749.51 Y413.3 E45.71875
G1 X413.3 Y749.51 E2052.6789
G1 X401.788 Y749.51 E49.70059
;WIPE_START
G1 F600
G1 X411.788 Y749.51 E-30
;WIPE_END
G1 Z468.5 F15000
G1 X598.212 Y749.51 Z468.5
G1 Z467.5
G1 E40 F9000
G1 F2779.614
G1 F2760
G1 X586.7 Y749.51 E49.70117
G1 X250.49 Y413.3 E2052.67889
G1 X250.49 Y423.89 E45.71875
G1 X423.89 Y250.49 E1058.66711
M73 P92 R69
G1 X413.3 Y250.49 E45.71875
G1 X749.51 Y586.7 E2052.6789
G1 X749.51 Y576.11 E45.71875
G1 X576.11 Y749.51 E1058.66713
G1 X564.597 Y749.51 E49.70059
;WIPE_START
G1 F600
G1 X574.597 Y749.51 E-30
;WIPE_END
G1 Z468.5 F15000
G1 X749.51 Y727.407 Z468.5
G1 Z467.5
G1 E40 F9000
G1 F2779.614
G1 X749.51 Y738.92 E49.70059
G1 F2760
G1 X738.92 Y749.51 E64.65625
G1 X749.51 Y749.51 E45.71875
G1 X250.49 Y250.49 E3046.69065
G1 X261.08 Y250.49 E45.71875
G1 X250.49 Y261.08 E64.65625
G1 X250.49 Y272.593 E49.70059
; stop printing object Cube id:0 copy 0
;LAYER_CHANGE
;Z:469
;HEIGHT:1.5
;BEFORE_LAYER_CHANGE
;469
G92 E0

EXCLUDE_OBJECT_END NAME=Cube_id_0_copy_0
;AFTER_LAYER_CHANGE
;469
;_SET_FAN_SPEED_CHANGING_LAYER
; printing object Cube id:0 copy 0
;WIPE_START
G1 F600
G1 X250.49 Y262.593 E-30
;WIPE_END
EXCLUDE_OBJECT_START NAME=Cube_id_0_copy_0
G1 Z470 F15000
G1 X248.044 Y248.044 Z470
G1 Z469
G1 E40 F9000
;TYPE:Outer wall
;WIDTH:3.2
G1 F2779.615
G1 X751.956 Y248.044 E2175.45813
G1 X751.956 Y751.956 E2175.45813
G1 F2760
M73 P92 R68
G1 X248.044 Y751.956 E2175.4585
G1 X248.044 Y248.344 E2174.16299
;WIPE_START
G1 F600
G1 X258.044 Y248.338 E-30
;WIPE_END
G1 Z470 F15000
G1 X250.49 Y272.593 Z470
G1 Z469
G1 E40 F9000
;TYPE:Sparse infill
;WIDTH:3.2
G1 F2779.614
G1 X250.49 Y261.08 E49.70059
G1 F2760
G1 X261.08 Y250.49 E64.65527
G1 X250.49 Y250.49 E45.71822
G1 X749.51 Y749.51 E3046.69043
G1 X738.92 Y749.51 E45.71823
G1 X749.51 Y738.92 E64.65527
G1 X749.51 Y727.407 E49.70059
;WIPE_START
G1 F600
G1 X749.51 Y737.407 E-30
;WIPE_END
G1 Z470 F15000
G1 X564.597 Y749.51 Z470
G1 Z469
G1 E40 F9000
G1 F2779.614
G1 X576.11 Y749.51 E49.70059
G1 F2760
G1 X749.51 Y576.11 E1058.66699
G1 X749.51 Y586.7 E45.71813
M73 P93 R68
G1 X413.3 Y250.49 E2052.67871
G1 X423.89 Y250.49 E45.71875
M73 P93 R67
G1 X250.49 Y423.89 E1058.66711
G1 X250.49 Y413.3 E45.71875
G1 X586.7 Y749.51 E2052.67889
G1 X598.212 Y749.51 E49.70059
;WIPE_START
G1 F600
G1 X588.212 Y749.51 E-30
;WIPE_END
G1 Z470 F15000
G1 X401.788 Y749.51 Z470
G1 Z469
G1 E40 F9000
G1 F2779.614
G1 F2760
G1 X413.3 Y749.51 E49.70117
G1 X749.51 Y413.3 E2052.6789
G1 X749.51 Y423.89 E45.71875
G1 X576.11 Y250.49 E1058.66712
G1 X586.7 Y250.49 E45.71875
G1 X250.49 Y586.7 E2052.67888
G1 X250.49 Y576.11 E45.71875
G1 X423.89 Y749.51 E1058.66712
G1 X435.402 Y749.51 E49.70059
M73 P93 R66
;WIPE_START
G1 F600
G1 X425.402 Y749.51 E-30
;WIPE_END
G1 Z470 F15000
G1 X272.593 Y749.51 Z470
G1 Z469
G1 E40 F9000
G1 F2779.614
G1 X261.08 Y749.51 E49.70059
G1 F2760
G1 X250.49 Y738.92 E64.65625
G1 X250.49 Y749.51 E45.71875
G1 X749.51 Y250.49 E3046.69015
G1 X749.51 Y261.08 E45.71875
G1 X738.92 Y250.49 E64.65625
G1 X727.407 Y250.49 E49.70059
; stop printing object Cube id:0 copy 0
;LAYER_CHANGE
;Z:470.5
;HEIGHT:1.5
;BEFORE_LAYER_CHANGE
;470.5
G92 E0

EXCLUDE_OBJECT_END NAME=Cube_id_0_copy_0
;AFTER_LAYER_CHANGE
;470.5
;_SET_FAN_SPEED_CHANGING_LAYER
; printing object Cube id:0 copy 0
;WIPE_START
G1 F600
G1 X737.407 Y250.49 E-30
;WIPE_END
EXCLUDE_OBJECT_START NAME=Cube_id_0_copy_0
G1 Z471.5 F15000
G1 X751.956 Y248.044 Z471.5
G1 Z470.5
G1 E40 F9000
;TYPE:Outer wall
;WIDTH:3.2
G1 F2779.615
G1 X751.956 Y751.956 E2175.45813
G1 X248.044 Y751.956 E2175.45813
G1 F2760
G1 X248.044 Y248.044 E2175.4585
G1 X751.656 Y248.044 E2174.16299
;WIPE_START
G1 F600
M73 P93 R65
G1 X751.662 Y258.044 E-30
;WIPE_END
G1 Z471.5 F15000
G1 X727.407 Y250.49 Z471.5
G1 Z470.5
G1 E40 F9000
;TYPE:Sparse infill
;WIDTH:3.2
G1 F2779.614
G1 X738.92 Y250.49 E49.70059
G1 F2760
G1 X749.51 Y261.08 E64.65527
G1 X749.51 Y250.49 E45.71788
G1 X250.49 Y749.51 E3046.69043
G1 X250.49 Y738.92 E45.71786
G1 X261.08 Y749.51 E64.65527
G1 X272.593 Y749.51 E49.70059
;WIPE_START
G1 F600
G1 X262.593 Y749.51 E-30
;WIPE_END
G1 Z471.5 F15000
G1 X435.402 Y749.51 Z471.5
G1 Z470.5
G1 E40 F9000
G1 F2779.614
G1 F2760
G1 X423.89 Y749.51 E49.7002
G1 X250.49 Y576.11 E1058.66699
G1 X250.49 Y586.7 E45.71798
G1 X586.7 Y250.49 E2052.67871
G1 X576.11 Y250.49 E45.71875
G1 X749.51 Y423.89 E1058.66712
G1 X749.51 Y413.3 E45.71875
G1 X413.3 Y749.51 E2052.6789
G1 X401.788 Y749.51 E49.70059
M73 P93 R64
;WIPE_START
G1 F600
G1 X411.788 Y749.51 E-30
;WIPE_END
G1 Z471.5 F15000
G1 X598.212 Y749.51 Z471.5
G1 Z470.5
G1 E40 F9000
G1 F2779.614
G1 F2760
G1 X586.7 Y749.51 E49.70117
G1 X250.49 Y413.3 E2052.67889
G1 X250.49 Y423.89 E45.71875
G1 X423.89 Y250.49 E1058.66711
G1 X413.3 Y250.49 E45.71875
G1 X749.51 Y586.7 E2052.6789
G1 X749.51 Y576.11 E45.71875
G1 X576.11 Y749.51 E1058.66713
G1 X564.597 Y749.51 E49.70059
;WIPE_START
G1 F600
G1 X574.597 Y749.51 E-30
;WIPE_END
G1 Z471.5 F15000
G1 X749.51 Y727.407 Z471.5
G1 Z470.5
G1 E40 F9000
G1 F2779.614
G1 X749.51 Y738.92 E49.70059
G1 F2760
G1 X738.92 Y749.51 E64.65625
G1 X749.51 Y749.51 E45.71875
G1 X250.49 Y250.49 E3046.69065
G1 X261.08 Y250.49 E45.71875
M73 P93 R63
G1 X250.49 Y261.08 E64.65625
G1 X250.49 Y272.593 E49.70059
; stop printing object Cube id:0 copy 0
;LAYER_CHANGE
;Z:472
;HEIGHT:1.5
;BEFORE_LAYER_CHANGE
;472
G92 E0

EXCLUDE_OBJECT_END NAME=Cube_id_0_copy_0
;AFTER_LAYER_CHANGE
;472
;_SET_FAN_SPEED_CHANGING_LAYER
; printing object Cube id:0 copy 0
;WIPE_START
G1 F600
G1 X250.49 Y262.593 E-30
;WIPE_END
EXCLUDE_OBJECT_START NAME=Cube_id_0_copy_0
G1 Z473 F15000
G1 X248.044 Y248.044 Z473
G1 Z472
G1 E40 F9000
;TYPE:Outer wall
;WIDTH:3.2
G1 F2779.615
G1 X751.956 Y248.044 E2175.45813
G1 X751.956 Y751.956 E2175.45813
G1 F2760
G1 X248.044 Y751.956 E2175.4585
G1 X248.044 Y248.344 E2174.16299
;WIPE_START
G1 F600
G1 X258.044 Y248.338 E-30
;WIPE_END
G1 Z473 F15000
G1 X250.49 Y272.593 Z473
G1 Z472
G1 E40 F9000
;TYPE:Sparse infill
;WIDTH:3.2
G1 F2779.614
G1 X250.49 Y261.08 E49.70059
G1 F2760
G1 X261.08 Y250.49 E64.65527
G1 X250.49 Y250.49 E45.71822
G1 X749.51 Y749.51 E3046.69043
G1 X738.92 Y749.51 E45.71823
M73 P93 R62
G1 X749.51 Y738.92 E64.65527
G1 X749.51 Y727.407 E49.70059
;WIPE_START
G1 F600
G1 X749.51 Y737.407 E-30
;WIPE_END
G1 Z473 F15000
G1 X564.597 Y749.51 Z473
G1 Z472
G1 E40 F9000
G1 F2779.614
G1 X576.11 Y749.51 E49.70059
G1 F2760
G1 X749.51 Y576.11 E1058.66699
G1 X749.51 Y586.7 E45.71813
G1 X413.3 Y250.49 E2052.67871
G1 X423.89 Y250.49 E45.71875
G1 X250.49 Y423.89 E1058.66711
G1 X250.49 Y413.3 E45.71875
G1 X586.7 Y749.51 E2052.67889
G1 X598.212 Y749.51 E49.70059
;WIPE_START
G1 F600
G1 X588.212 Y749.51 E-30
;WIPE_END
G1 Z473 F15000
G1 X401.788 Y749.51 Z473
G1 Z472
G1 E40 F9000
G1 F2779.614
G1 F2760
G1 X413.3 Y749.51 E49.70117
G1 X749.51 Y413.3 E2052.6789
G1 X749.51 Y423.89 E45.71875
G1 X576.11 Y250.49 E1058.66712
G1 X586.7 Y250.49 E45.71875
M73 P93 R61
G1 X250.49 Y586.7 E2052.67888
G1 X250.49 Y576.11 E45.71875
G1 X423.89 Y749.51 E1058.66712
G1 X435.402 Y749.51 E49.70059
;WIPE_START
G1 F600
G1 X425.402 Y749.51 E-30
;WIPE_END
G1 Z473 F15000
G1 X272.593 Y749.51 Z473
G1 Z472
G1 E40 F9000
G1 F2779.614
G1 X261.08 Y749.51 E49.70059
G1 F2760
G1 X250.49 Y738.92 E64.65625
G1 X250.49 Y749.51 E45.71875
G1 X749.51 Y250.49 E3046.69015
G1 X749.51 Y261.08 E45.71875
G1 X738.92 Y250.49 E64.65625
G1 X727.407 Y250.49 E49.70059
; stop printing object Cube id:0 copy 0
;LAYER_CHANGE
;Z:473.5
;HEIGHT:1.5
;BEFORE_LAYER_CHANGE
;473.5
G92 E0

EXCLUDE_OBJECT_END NAME=Cube_id_0_copy_0
;AFTER_LAYER_CHANGE
;473.5
;_SET_FAN_SPEED_CHANGING_LAYER
; printing object Cube id:0 copy 0
;WIPE_START
G1 F600
G1 X737.407 Y250.49 E-30
;WIPE_END
EXCLUDE_OBJECT_START NAME=Cube_id_0_copy_0
G1 Z474.5 F15000
G1 X751.956 Y248.044 Z474.5
G1 Z473.5
G1 E40 F9000
;TYPE:Outer wall
;WIDTH:3.2
G1 F2779.615
G1 X751.956 Y751.956 E2175.45813
G1 X248.044 Y751.956 E2175.45813
G1 F2760
M73 P93 R60
G1 X248.044 Y248.044 E2175.4585
G1 X751.656 Y248.044 E2174.16299
;WIPE_START
G1 F600
G1 X751.662 Y258.044 E-30
;WIPE_END
G1 Z474.5 F15000
G1 X727.407 Y250.49 Z474.5
G1 Z473.5
G1 E40 F9000
;TYPE:Sparse infill
;WIDTH:3.2
G1 F2779.614
G1 X738.92 Y250.49 E49.70059
G1 F2760
G1 X749.51 Y261.08 E64.65527
G1 X749.51 Y250.49 E45.71788
G1 X250.49 Y749.51 E3046.69043
G1 X250.49 Y738.92 E45.71786
G1 X261.08 Y749.51 E64.65527
G1 X272.593 Y749.51 E49.70059
;WIPE_START
G1 F600
G1 X262.593 Y749.51 E-30
;WIPE_END
G1 Z474.5 F15000
G1 X435.402 Y749.51 Z474.5
G1 Z473.5
G1 E40 F9000
G1 F2779.614
G1 F2760
G1 X423.89 Y749.51 E49.7002
G1 X250.49 Y576.11 E1058.66699
G1 X250.49 Y586.7 E45.71798
G1 X586.7 Y250.49 E2052.67871
G1 X576.11 Y250.49 E45.71875
M73 P93 R59
G1 X749.51 Y423.89 E1058.66712
G1 X749.51 Y413.3 E45.71875
G1 X413.3 Y749.51 E2052.6789
G1 X401.788 Y749.51 E49.70059
;WIPE_START
G1 F600
G1 X411.788 Y749.51 E-30
;WIPE_END
G1 Z474.5 F15000
G1 X598.212 Y749.51 Z474.5
G1 Z473.5
G1 E40 F9000
G1 F2779.614
G1 F2760
G1 X586.7 Y749.51 E49.70117
G1 X250.49 Y413.3 E2052.67889
G1 X250.49 Y423.89 E45.71875
G1 X423.89 Y250.49 E1058.66711
G1 X413.3 Y250.49 E45.71875
G1 X749.51 Y586.7 E2052.6789
G1 X749.51 Y576.11 E45.71875
G1 X576.11 Y749.51 E1058.66713
G1 X564.597 Y749.51 E49.70059
M73 P93 R58
;WIPE_START
G1 F600
G1 X574.597 Y749.51 E-30
;WIPE_END
G1 Z474.5 F15000
G1 X749.51 Y727.407 Z474.5
G1 Z473.5
G1 E40 F9000
G1 F2779.614
G1 X749.51 Y738.92 E49.70059
G1 F2760
G1 X738.92 Y749.51 E64.65625
G1 X749.51 Y749.51 E45.71875
G1 X250.49 Y250.49 E3046.69065
G1 X261.08 Y250.49 E45.71875
G1 X250.49 Y261.08 E64.65625
G1 X250.49 Y272.593 E49.70059
; stop printing object Cube id:0 copy 0
;LAYER_CHANGE
;Z:475
;HEIGHT:1.5
;BEFORE_LAYER_CHANGE
;475
G92 E0

EXCLUDE_OBJECT_END NAME=Cube_id_0_copy_0
;AFTER_LAYER_CHANGE
;475
;_SET_FAN_SPEED_CHANGING_LAYER
; printing object Cube id:0 copy 0
;WIPE_START
G1 F600
G1 X250.49 Y262.593 E-30
;WIPE_END
EXCLUDE_OBJECT_START NAME=Cube_id_0_copy_0
G1 Z476 F15000
G1 X248.044 Y248.044 Z476
G1 Z475
G1 E40 F9000
;TYPE:Outer wall
;WIDTH:3.2
G1 F2779.615
G1 X751.956 Y248.044 E2175.45813
G1 X751.956 Y751.956 E2175.45813
G1 F2760
M73 P94 R58
G1 X248.044 Y751.956 E2175.4585
G1 X248.044 Y248.344 E2174.16299
;WIPE_START
G1 F600
M73 P94 R57
G1 X258.044 Y248.338 E-30
;WIPE_END
G1 Z476 F15000
G1 X250.49 Y272.593 Z476
G1 Z475
G1 E40 F9000
;TYPE:Sparse infill
;WIDTH:3.2
G1 F2779.614
G1 X250.49 Y261.08 E49.70059
G1 F2760
G1 X261.08 Y250.49 E64.65527
G1 X250.49 Y250.49 E45.71822
G1 X749.51 Y749.51 E3046.69043
G1 X738.92 Y749.51 E45.71823
G1 X749.51 Y738.92 E64.65527
G1 X749.51 Y727.407 E49.70059
;WIPE_START
G1 F600
G1 X749.51 Y737.407 E-30
;WIPE_END
G1 Z476 F15000
G1 X564.597 Y749.51 Z476
G1 Z475
G1 E40 F9000
G1 F2779.614
G1 X576.11 Y749.51 E49.70059
G1 F2760
G1 X749.51 Y576.11 E1058.66699
G1 X749.51 Y586.7 E45.71813
G1 X413.3 Y250.49 E2052.67871
G1 X423.89 Y250.49 E45.71875
G1 X250.49 Y423.89 E1058.66711
G1 X250.49 Y413.3 E45.71875
G1 X586.7 Y749.51 E2052.67889
G1 X598.212 Y749.51 E49.70059
M73 P94 R56
;WIPE_START
G1 F600
G1 X588.212 Y749.51 E-30
;WIPE_END
G1 Z476 F15000
G1 X401.788 Y749.51 Z476
G1 Z475
G1 E40 F9000
G1 F2779.614
G1 F2760
G1 X413.3 Y749.51 E49.70117
G1 X749.51 Y413.3 E2052.6789
G1 X749.51 Y423.89 E45.71875
G1 X576.11 Y250.49 E1058.66712
G1 X586.7 Y250.49 E45.71875
G1 X250.49 Y586.7 E2052.67888
G1 X250.49 Y576.11 E45.71875
G1 X423.89 Y749.51 E1058.66712
G1 X435.402 Y749.51 E49.70059
;WIPE_START
G1 F600
G1 X425.402 Y749.51 E-30
;WIPE_END
G1 Z476 F15000
G1 X272.593 Y749.51 Z476
G1 Z475
G1 E40 F9000
G1 F2779.614
G1 X261.08 Y749.51 E49.70059
G1 F2760
G1 X250.49 Y738.92 E64.65625
G1 X250.49 Y749.51 E45.71875
G1 X749.51 Y250.49 E3046.69015
G1 X749.51 Y261.08 E45.71875
M73 P94 R55
G1 X738.92 Y250.49 E64.65625
G1 X727.407 Y250.49 E49.70059
; stop printing object Cube id:0 copy 0
;LAYER_CHANGE
;Z:476.5
;HEIGHT:1.5
;BEFORE_LAYER_CHANGE
;476.5
G92 E0

EXCLUDE_OBJECT_END NAME=Cube_id_0_copy_0
;AFTER_LAYER_CHANGE
;476.5
;_SET_FAN_SPEED_CHANGING_LAYER
; printing object Cube id:0 copy 0
;WIPE_START
G1 F600
G1 X737.407 Y250.49 E-30
;WIPE_END
EXCLUDE_OBJECT_START NAME=Cube_id_0_copy_0
G1 Z477.5 F15000
G1 X751.956 Y248.044 Z477.5
G1 Z476.5
G1 E40 F9000
;TYPE:Outer wall
;WIDTH:3.2
G1 F2779.615
G1 X751.956 Y751.956 E2175.45813
G1 X248.044 Y751.956 E2175.45813
G1 F2760
G1 X248.044 Y248.044 E2175.4585
G1 X751.656 Y248.044 E2174.16299
;WIPE_START
G1 F600
G1 X751.662 Y258.044 E-30
;WIPE_END
G1 Z477.5 F15000
G1 X727.407 Y250.49 Z477.5
G1 Z476.5
G1 E40 F9000
;TYPE:Sparse infill
;WIDTH:3.2
G1 F2779.614
G1 X738.92 Y250.49 E49.70059
G1 F2760
G1 X749.51 Y261.08 E64.65527
G1 X749.51 Y250.49 E45.71788
G1 X250.49 Y749.51 E3046.69043
G1 X250.49 Y738.92 E45.71786
M73 P94 R54
G1 X261.08 Y749.51 E64.65527
G1 X272.593 Y749.51 E49.70059
;WIPE_START
G1 F600
G1 X262.593 Y749.51 E-30
;WIPE_END
G1 Z477.5 F15000
G1 X435.402 Y749.51 Z477.5
G1 Z476.5
G1 E40 F9000
G1 F2779.614
G1 F2760
G1 X423.89 Y749.51 E49.7002
G1 X250.49 Y576.11 E1058.66699
G1 X250.49 Y586.7 E45.71798
G1 X586.7 Y250.49 E2052.67871
G1 X576.11 Y250.49 E45.71875
G1 X749.51 Y423.89 E1058.66712
G1 X749.51 Y413.3 E45.71875
G1 X413.3 Y749.51 E2052.6789
G1 X401.788 Y749.51 E49.70059
;WIPE_START
G1 F600
G1 X411.788 Y749.51 E-30
;WIPE_END
G1 Z477.5 F15000
G1 X598.212 Y749.51 Z477.5
G1 Z476.5
G1 E40 F9000
G1 F2779.614
G1 F2760
G1 X586.7 Y749.51 E49.70117
G1 X250.49 Y413.3 E2052.67889
G1 X250.49 Y423.89 E45.71875
G1 X423.89 Y250.49 E1058.66711
G1 X413.3 Y250.49 E45.71875
M73 P94 R53
G1 X749.51 Y586.7 E2052.6789
G1 X749.51 Y576.11 E45.71875
G1 X576.11 Y749.51 E1058.66713
G1 X564.597 Y749.51 E49.70059
;WIPE_START
G1 F600
G1 X574.597 Y749.51 E-30
;WIPE_END
G1 Z477.5 F15000
G1 X749.51 Y727.407 Z477.5
G1 Z476.5
G1 E40 F9000
G1 F2779.614
G1 X749.51 Y738.92 E49.70059
G1 F2760
G1 X738.92 Y749.51 E64.65625
G1 X749.51 Y749.51 E45.71875
G1 X250.49 Y250.49 E3046.69065
G1 X261.08 Y250.49 E45.71875
G1 X250.49 Y261.08 E64.65625
G1 X250.49 Y272.593 E49.70059
; stop printing object Cube id:0 copy 0
;LAYER_CHANGE
;Z:478
;HEIGHT:1.5
;BEFORE_LAYER_CHANGE
;478
G92 E0

EXCLUDE_OBJECT_END NAME=Cube_id_0_copy_0
;AFTER_LAYER_CHANGE
;478
;_SET_FAN_SPEED_CHANGING_LAYER
; printing object Cube id:0 copy 0
;WIPE_START
G1 F600
G1 X250.49 Y262.593 E-30
;WIPE_END
EXCLUDE_OBJECT_START NAME=Cube_id_0_copy_0
G1 Z479 F15000
G1 X248.044 Y248.044 Z479
G1 Z478
G1 E40 F9000
;TYPE:Outer wall
;WIDTH:3.2
G1 F2779.615
G1 X751.956 Y248.044 E2175.45813
G1 X751.956 Y751.956 E2175.45813
G1 F2760
M73 P94 R52
G1 X248.044 Y751.956 E2175.4585
G1 X248.044 Y248.344 E2174.16299
;WIPE_START
G1 F600
G1 X258.044 Y248.338 E-30
;WIPE_END
G1 Z479 F15000
G1 X250.49 Y272.593 Z479
G1 Z478
G1 E40 F9000
;TYPE:Sparse infill
;WIDTH:3.2
G1 F2779.614
G1 X250.49 Y261.08 E49.70059
G1 F2760
G1 X261.08 Y250.49 E64.65527
G1 X250.49 Y250.49 E45.71822
G1 X749.51 Y749.51 E3046.69043
G1 X738.92 Y749.51 E45.71823
G1 X749.51 Y738.92 E64.65527
G1 X749.51 Y727.407 E49.70059
;WIPE_START
G1 F600
G1 X749.51 Y737.407 E-30
;WIPE_END
G1 Z479 F15000
G1 X564.597 Y749.51 Z479
G1 Z478
G1 E40 F9000
G1 F2779.614
G1 X576.11 Y749.51 E49.70059
G1 F2760
G1 X749.51 Y576.11 E1058.66699
G1 X749.51 Y586.7 E45.71813
G1 X413.3 Y250.49 E2052.67871
G1 X423.89 Y250.49 E45.71875
M73 P94 R51
G1 X250.49 Y423.89 E1058.66711
G1 X250.49 Y413.3 E45.71875
G1 X586.7 Y749.51 E2052.67889
G1 X598.212 Y749.51 E49.70059
;WIPE_START
G1 F600
G1 X588.212 Y749.51 E-30
;WIPE_END
G1 Z479 F15000
G1 X401.788 Y749.51 Z479
G1 Z478
G1 E40 F9000
G1 F2779.614
G1 F2760
G1 X413.3 Y749.51 E49.70117
G1 X749.51 Y413.3 E2052.6789
G1 X749.51 Y423.89 E45.71875
G1 X576.11 Y250.49 E1058.66712
G1 X586.7 Y250.49 E45.71875
G1 X250.49 Y586.7 E2052.67888
G1 X250.49 Y576.11 E45.71875
G1 X423.89 Y749.51 E1058.66712
G1 X435.402 Y749.51 E49.70059
M73 P94 R50
;WIPE_START
G1 F600
G1 X425.402 Y749.51 E-30
;WIPE_END
G1 Z479 F15000
G1 X272.593 Y749.51 Z479
G1 Z478
G1 E40 F9000
G1 F2779.614
G1 X261.08 Y749.51 E49.70059
G1 F2760
G1 X250.49 Y738.92 E64.65625
G1 X250.49 Y749.51 E45.71875
G1 X749.51 Y250.49 E3046.69015
G1 X749.51 Y261.08 E45.71875
G1 X738.92 Y250.49 E64.65625
G1 X727.407 Y250.49 E49.70059
; stop printing object Cube id:0 copy 0
;LAYER_CHANGE
;Z:479.5
;HEIGHT:1.5
;BEFORE_LAYER_CHANGE
;479.5
G92 E0

EXCLUDE_OBJECT_END NAME=Cube_id_0_copy_0
;AFTER_LAYER_CHANGE
;479.5
;_SET_FAN_SPEED_CHANGING_LAYER
; printing object Cube id:0 copy 0
;WIPE_START
G1 F600
G1 X737.407 Y250.49 E-30
;WIPE_END
EXCLUDE_OBJECT_START NAME=Cube_id_0_copy_0
G1 Z480.5 F15000
G1 X751.956 Y248.044 Z480.5
G1 Z479.5
G1 E40 F9000
;TYPE:Outer wall
;WIDTH:3.2
G1 F2779.615
G1 X751.956 Y751.956 E2175.45813
G1 X248.044 Y751.956 E2175.45813
G1 F2760
G1 X248.044 Y248.044 E2175.4585
G1 X751.656 Y248.044 E2174.16299
;WIPE_START
G1 F600
M73 P94 R49
G1 X751.662 Y258.044 E-30
;WIPE_END
G1 Z480.5 F15000
G1 X727.407 Y250.49 Z480.5
G1 Z479.5
G1 E40 F9000
;TYPE:Sparse infill
;WIDTH:3.2
G1 F2779.614
G1 X738.92 Y250.49 E49.70059
G1 F2760
G1 X749.51 Y261.08 E64.65527
G1 X749.51 Y250.49 E45.71788
G1 X250.49 Y749.51 E3046.69043
G1 X250.49 Y738.92 E45.71786
G1 X261.08 Y749.51 E64.65527
G1 X272.593 Y749.51 E49.70059
;WIPE_START
G1 F600
G1 X262.593 Y749.51 E-30
;WIPE_END
G1 Z480.5 F15000
G1 X435.402 Y749.51 Z480.5
G1 Z479.5
G1 E40 F9000
G1 F2779.614
G1 F2760
G1 X423.89 Y749.51 E49.7002
G1 X250.49 Y576.11 E1058.66699
G1 X250.49 Y586.7 E45.71798
G1 X586.7 Y250.49 E2052.67871
G1 X576.11 Y250.49 E45.71875
G1 X749.51 Y423.89 E1058.66712
G1 X749.51 Y413.3 E45.71875
G1 X413.3 Y749.51 E2052.6789
G1 X401.788 Y749.51 E49.70059
M73 P94 R48
;WIPE_START
G1 F600
G1 X411.788 Y749.51 E-30
;WIPE_END
G1 Z480.5 F15000
G1 X598.212 Y749.51 Z480.5
G1 Z479.5
G1 E40 F9000
G1 F2779.614
G1 F2760
G1 X586.7 Y749.51 E49.70117
G1 X250.49 Y413.3 E2052.67889
G1 X250.49 Y423.89 E45.71875
G1 X423.89 Y250.49 E1058.66711
G1 X413.3 Y250.49 E45.71875
M73 P95 R48
G1 X749.51 Y586.7 E2052.6789
G1 X749.51 Y576.11 E45.71875
G1 X576.11 Y749.51 E1058.66713
G1 X564.597 Y749.51 E49.70059
;WIPE_START
G1 F600
G1 X574.597 Y749.51 E-30
;WIPE_END
G1 Z480.5 F15000
G1 X749.51 Y727.407 Z480.5
G1 Z479.5
G1 E40 F9000
G1 F2779.614
G1 X749.51 Y738.92 E49.70059
G1 F2760
G1 X738.92 Y749.51 E64.65625
G1 X749.51 Y749.51 E45.71875
G1 X250.49 Y250.49 E3046.69065
G1 X261.08 Y250.49 E45.71875
M73 P95 R47
G1 X250.49 Y261.08 E64.65625
G1 X250.49 Y272.593 E49.70059
; stop printing object Cube id:0 copy 0
;LAYER_CHANGE
;Z:481
;HEIGHT:1.5
;BEFORE_LAYER_CHANGE
;481
G92 E0

EXCLUDE_OBJECT_END NAME=Cube_id_0_copy_0
;AFTER_LAYER_CHANGE
;481
;_SET_FAN_SPEED_CHANGING_LAYER
; printing object Cube id:0 copy 0
;WIPE_START
G1 F600
G1 X250.49 Y262.593 E-30
;WIPE_END
EXCLUDE_OBJECT_START NAME=Cube_id_0_copy_0
G1 Z482 F15000
G1 X248.044 Y248.044 Z482
G1 Z481
G1 E40 F9000
;TYPE:Outer wall
;WIDTH:3.2
G1 F2779.615
G1 X751.956 Y248.044 E2175.45813
G1 X751.956 Y751.956 E2175.45813
G1 F2760
G1 X248.044 Y751.956 E2175.4585
G1 X248.044 Y248.344 E2174.16299
;WIPE_START
G1 F600
G1 X258.044 Y248.338 E-30
;WIPE_END
G1 Z482 F15000
G1 X250.49 Y272.593 Z482
G1 Z481
G1 E40 F9000
;TYPE:Sparse infill
;WIDTH:3.2
G1 F2779.614
G1 X250.49 Y261.08 E49.70059
G1 F2760
G1 X261.08 Y250.49 E64.65527
G1 X250.49 Y250.49 E45.71822
G1 X749.51 Y749.51 E3046.69043
G1 X738.92 Y749.51 E45.71823
M73 P95 R46
G1 X749.51 Y738.92 E64.65527
G1 X749.51 Y727.407 E49.70059
;WIPE_START
G1 F600
G1 X749.51 Y737.407 E-30
;WIPE_END
G1 Z482 F15000
G1 X564.597 Y749.51 Z482
G1 Z481
G1 E40 F9000
G1 F2779.614
G1 X576.11 Y749.51 E49.70059
G1 F2760
G1 X749.51 Y576.11 E1058.66699
G1 X749.51 Y586.7 E45.71813
G1 X413.3 Y250.49 E2052.67871
G1 X423.89 Y250.49 E45.71875
G1 X250.49 Y423.89 E1058.66711
G1 X250.49 Y413.3 E45.71875
G1 X586.7 Y749.51 E2052.67889
G1 X598.212 Y749.51 E49.70059
;WIPE_START
G1 F600
G1 X588.212 Y749.51 E-30
;WIPE_END
G1 Z482 F15000
G1 X401.788 Y749.51 Z482
G1 Z481
G1 E40 F9000
G1 F2779.614
G1 F2760
G1 X413.3 Y749.51 E49.70117
G1 X749.51 Y413.3 E2052.6789
G1 X749.51 Y423.89 E45.71875
G1 X576.11 Y250.49 E1058.66712
G1 X586.7 Y250.49 E45.71875
M73 P95 R45
G1 X250.49 Y586.7 E2052.67888
G1 X250.49 Y576.11 E45.71875
G1 X423.89 Y749.51 E1058.66712
G1 X435.402 Y749.51 E49.70059
;WIPE_START
G1 F600
G1 X425.402 Y749.51 E-30
;WIPE_END
G1 Z482 F15000
G1 X272.593 Y749.51 Z482
G1 Z481
G1 E40 F9000
G1 F2779.614
G1 X261.08 Y749.51 E49.70059
G1 F2760
G1 X250.49 Y738.92 E64.65625
G1 X250.49 Y749.51 E45.71875
G1 X749.51 Y250.49 E3046.69015
G1 X749.51 Y261.08 E45.71875
G1 X738.92 Y250.49 E64.65625
G1 X727.407 Y250.49 E49.70059
; stop printing object Cube id:0 copy 0
;LAYER_CHANGE
;Z:482.5
;HEIGHT:1.5
;BEFORE_LAYER_CHANGE
;482.5
G92 E0

EXCLUDE_OBJECT_END NAME=Cube_id_0_copy_0
;AFTER_LAYER_CHANGE
;482.5
;_SET_FAN_SPEED_CHANGING_LAYER
; printing object Cube id:0 copy 0
;WIPE_START
G1 F600
G1 X737.407 Y250.49 E-30
;WIPE_END
EXCLUDE_OBJECT_START NAME=Cube_id_0_copy_0
G1 Z483.5 F15000
G1 X751.956 Y248.044 Z483.5
G1 Z482.5
G1 E40 F9000
;TYPE:Outer wall
;WIDTH:3.2
G1 F2779.615
G1 X751.956 Y751.956 E2175.45813
G1 X248.044 Y751.956 E2175.45813
G1 F2760
M73 P95 R44
G1 X248.044 Y248.044 E2175.4585
G1 X751.656 Y248.044 E2174.16299
;WIPE_START
G1 F600
G1 X751.662 Y258.044 E-30
;WIPE_END
G1 Z483.5 F15000
G1 X727.407 Y250.49 Z483.5
G1 Z482.5
G1 E40 F9000
;TYPE:Sparse infill
;WIDTH:3.2
G1 F2779.614
G1 X738.92 Y250.49 E49.70059
G1 F2760
G1 X749.51 Y261.08 E64.65527
G1 X749.51 Y250.49 E45.71788
G1 X250.49 Y749.51 E3046.69043
G1 X250.49 Y738.92 E45.71786
G1 X261.08 Y749.51 E64.65527
G1 X272.593 Y749.51 E49.70059
;WIPE_START
G1 F600
G1 X262.593 Y749.51 E-30
;WIPE_END
G1 Z483.5 F15000
G1 X435.402 Y749.51 Z483.5
G1 Z482.5
G1 E40 F9000
G1 F2779.614
G1 F2760
G1 X423.89 Y749.51 E49.7002
G1 X250.49 Y576.11 E1058.66699
G1 X250.49 Y586.7 E45.71798
G1 X586.7 Y250.49 E2052.67871
G1 X576.11 Y250.49 E45.71875
M73 P95 R43
G1 X749.51 Y423.89 E1058.66712
G1 X749.51 Y413.3 E45.71875
G1 X413.3 Y749.51 E2052.6789
G1 X401.788 Y749.51 E49.70059
;WIPE_START
G1 F600
G1 X411.788 Y749.51 E-30
;WIPE_END
G1 Z483.5 F15000
G1 X598.212 Y749.51 Z483.5
G1 Z482.5
G1 E40 F9000
G1 F2779.614
G1 F2760
G1 X586.7 Y749.51 E49.70117
G1 X250.49 Y413.3 E2052.67889
G1 X250.49 Y423.89 E45.71875
G1 X423.89 Y250.49 E1058.66711
G1 X413.3 Y250.49 E45.71875
G1 X749.51 Y586.7 E2052.6789
G1 X749.51 Y576.11 E45.71875
G1 X576.11 Y749.51 E1058.66713
G1 X564.597 Y749.51 E49.70059
M73 P95 R42
;WIPE_START
G1 F600
G1 X574.597 Y749.51 E-30
;WIPE_END
G1 Z483.5 F15000
G1 X749.51 Y727.407 Z483.5
G1 Z482.5
G1 E40 F9000
G1 F2779.614
G1 X749.51 Y738.92 E49.70059
G1 F2760
G1 X738.92 Y749.51 E64.65625
G1 X749.51 Y749.51 E45.71875
G1 X250.49 Y250.49 E3046.69065
G1 X261.08 Y250.49 E45.71875
G1 X250.49 Y261.08 E64.65625
G1 X250.49 Y272.593 E49.70059
; stop printing object Cube id:0 copy 0
;LAYER_CHANGE
;Z:484
;HEIGHT:1.5
;BEFORE_LAYER_CHANGE
;484
G92 E0

EXCLUDE_OBJECT_END NAME=Cube_id_0_copy_0
;AFTER_LAYER_CHANGE
;484
;_SET_FAN_SPEED_CHANGING_LAYER
; printing object Cube id:0 copy 0
;WIPE_START
G1 F600
G1 X250.49 Y262.593 E-30
;WIPE_END
EXCLUDE_OBJECT_START NAME=Cube_id_0_copy_0
G1 Z485 F15000
G1 X248.044 Y248.044 Z485
G1 Z484
G1 E40 F9000
;TYPE:Outer wall
;WIDTH:3.2
G1 F2779.615
G1 X751.956 Y248.044 E2175.45813
G1 X751.956 Y751.956 E2175.45813
G1 F2760
G1 X248.044 Y751.956 E2175.4585
G1 X248.044 Y248.344 E2174.16299
;WIPE_START
G1 F600
M73 P95 R41
G1 X258.044 Y248.338 E-30
;WIPE_END
G1 Z485 F15000
G1 X250.49 Y272.593 Z485
G1 Z484
G1 E40 F9000
;TYPE:Sparse infill
;WIDTH:3.2
G1 F2779.614
G1 X250.49 Y261.08 E49.70059
G1 F2760
G1 X261.08 Y250.49 E64.65527
G1 X250.49 Y250.49 E45.71822
G1 X749.51 Y749.51 E3046.69043
G1 X738.92 Y749.51 E45.71823
G1 X749.51 Y738.92 E64.65527
G1 X749.51 Y727.407 E49.70059
;WIPE_START
G1 F600
G1 X749.51 Y737.407 E-30
;WIPE_END
G1 Z485 F15000
G1 X564.597 Y749.51 Z485
G1 Z484
G1 E40 F9000
G1 F2779.614
G1 X576.11 Y749.51 E49.70059
G1 F2760
G1 X749.51 Y576.11 E1058.66699
G1 X749.51 Y586.7 E45.71813
G1 X413.3 Y250.49 E2052.67871
G1 X423.89 Y250.49 E45.71875
G1 X250.49 Y423.89 E1058.66711
G1 X250.49 Y413.3 E45.71875
G1 X586.7 Y749.51 E2052.67889
G1 X598.212 Y749.51 E49.70059
M73 P95 R40
;WIPE_START
G1 F600
G1 X588.212 Y749.51 E-30
;WIPE_END
G1 Z485 F15000
G1 X401.788 Y749.51 Z485
G1 Z484
G1 E40 F9000
G1 F2779.614
G1 F2760
G1 X413.3 Y749.51 E49.70117
G1 X749.51 Y413.3 E2052.6789
G1 X749.51 Y423.89 E45.71875
G1 X576.11 Y250.49 E1058.66712
G1 X586.7 Y250.49 E45.71875
G1 X250.49 Y586.7 E2052.67888
G1 X250.49 Y576.11 E45.71875
G1 X423.89 Y749.51 E1058.66712
G1 X435.402 Y749.51 E49.70059
;WIPE_START
G1 F600
G1 X425.402 Y749.51 E-30
;WIPE_END
G1 Z485 F15000
G1 X272.593 Y749.51 Z485
G1 Z484
G1 E40 F9000
G1 F2779.614
G1 X261.08 Y749.51 E49.70059
G1 F2760
G1 X250.49 Y738.92 E64.65625
G1 X250.49 Y749.51 E45.71875
G1 X749.51 Y250.49 E3046.69015
G1 X749.51 Y261.08 E45.71875
M73 P95 R39
G1 X738.92 Y250.49 E64.65625
G1 X727.407 Y250.49 E49.70059
; stop printing object Cube id:0 copy 0
;LAYER_CHANGE
;Z:485.5
;HEIGHT:1.5
;BEFORE_LAYER_CHANGE
;485.5
G92 E0

EXCLUDE_OBJECT_END NAME=Cube_id_0_copy_0
;AFTER_LAYER_CHANGE
;485.5
;_SET_FAN_SPEED_CHANGING_LAYER
; printing object Cube id:0 copy 0
;WIPE_START
G1 F600
G1 X737.407 Y250.49 E-30
;WIPE_END
EXCLUDE_OBJECT_START NAME=Cube_id_0_copy_0
G1 Z486.5 F15000
G1 X751.956 Y248.044 Z486.5
G1 Z485.5
G1 E40 F9000
;TYPE:Outer wall
;WIDTH:3.2
G1 F2779.615
G1 X751.956 Y751.956 E2175.45813
G1 X248.044 Y751.956 E2175.45813
G1 F2760
G1 X248.044 Y248.044 E2175.4585
G1 X751.656 Y248.044 E2174.16299
;WIPE_START
G1 F600
G1 X751.662 Y258.044 E-30
;WIPE_END
G1 Z486.5 F15000
G1 X727.407 Y250.49 Z486.5
G1 Z485.5
G1 E40 F9000
;TYPE:Sparse infill
;WIDTH:3.2
G1 F2779.614
G1 X738.92 Y250.49 E49.70059
G1 F2760
G1 X749.51 Y261.08 E64.65527
G1 X749.51 Y250.49 E45.71788
G1 X250.49 Y749.51 E3046.69043
G1 X250.49 Y738.92 E45.71786
M73 P95 R38
G1 X261.08 Y749.51 E64.65527
M73 P96 R38
G1 X272.593 Y749.51 E49.70059
;WIPE_START
G1 F600
G1 X262.593 Y749.51 E-30
;WIPE_END
G1 Z486.5 F15000
G1 X435.402 Y749.51 Z486.5
G1 Z485.5
G1 E40 F9000
G1 F2779.614
G1 F2760
G1 X423.89 Y749.51 E49.7002
G1 X250.49 Y576.11 E1058.66699
G1 X250.49 Y586.7 E45.71798
G1 X586.7 Y250.49 E2052.67871
G1 X576.11 Y250.49 E45.71875
G1 X749.51 Y423.89 E1058.66712
G1 X749.51 Y413.3 E45.71875
G1 X413.3 Y749.51 E2052.6789
G1 X401.788 Y749.51 E49.70059
;WIPE_START
G1 F600
G1 X411.788 Y749.51 E-30
;WIPE_END
G1 Z486.5 F15000
G1 X598.212 Y749.51 Z486.5
G1 Z485.5
G1 E40 F9000
G1 F2779.614
G1 F2760
G1 X586.7 Y749.51 E49.70117
G1 X250.49 Y413.3 E2052.67889
G1 X250.49 Y423.89 E45.71875
G1 X423.89 Y250.49 E1058.66711
G1 X413.3 Y250.49 E45.71875
M73 P96 R37
G1 X749.51 Y586.7 E2052.6789
G1 X749.51 Y576.11 E45.71875
G1 X576.11 Y749.51 E1058.66713
G1 X564.597 Y749.51 E49.70059
;WIPE_START
G1 F600
G1 X574.597 Y749.51 E-30
;WIPE_END
G1 Z486.5 F15000
G1 X749.51 Y727.407 Z486.5
G1 Z485.5
G1 E40 F9000
G1 F2779.614
G1 X749.51 Y738.92 E49.70059
G1 F2760
G1 X738.92 Y749.51 E64.65625
G1 X749.51 Y749.51 E45.71875
G1 X250.49 Y250.49 E3046.69065
G1 X261.08 Y250.49 E45.71875
G1 X250.49 Y261.08 E64.65625
G1 X250.49 Y272.593 E49.70059
; stop printing object Cube id:0 copy 0
;LAYER_CHANGE
;Z:487
;HEIGHT:1.5
;BEFORE_LAYER_CHANGE
;487
G92 E0

EXCLUDE_OBJECT_END NAME=Cube_id_0_copy_0
;AFTER_LAYER_CHANGE
;487
;_SET_FAN_SPEED_CHANGING_LAYER
; printing object Cube id:0 copy 0
;WIPE_START
G1 F600
G1 X250.49 Y262.593 E-30
;WIPE_END
EXCLUDE_OBJECT_START NAME=Cube_id_0_copy_0
G1 Z488 F15000
G1 X248.044 Y248.044 Z488
G1 Z487
G1 E40 F9000
;TYPE:Outer wall
;WIDTH:3.2
G1 F2779.615
G1 X751.956 Y248.044 E2175.45813
G1 X751.956 Y751.956 E2175.45813
G1 F2760
M73 P96 R36
G1 X248.044 Y751.956 E2175.4585
G1 X248.044 Y248.344 E2174.16299
;WIPE_START
G1 F600
G1 X258.044 Y248.338 E-30
;WIPE_END
G1 Z488 F15000
G1 X250.49 Y272.593 Z488
G1 Z487
G1 E40 F9000
;TYPE:Sparse infill
;WIDTH:3.2
G1 F2779.614
G1 X250.49 Y261.08 E49.70059
G1 F2760
G1 X261.08 Y250.49 E64.65527
G1 X250.49 Y250.49 E45.71822
G1 X749.51 Y749.51 E3046.69043
G1 X738.92 Y749.51 E45.71823
G1 X749.51 Y738.92 E64.65527
G1 X749.51 Y727.407 E49.70059
;WIPE_START
G1 F600
G1 X749.51 Y737.407 E-30
;WIPE_END
G1 Z488 F15000
G1 X564.597 Y749.51 Z488
G1 Z487
G1 E40 F9000
G1 F2779.614
G1 X576.11 Y749.51 E49.70059
G1 F2760
G1 X749.51 Y576.11 E1058.66699
G1 X749.51 Y586.7 E45.71813
G1 X413.3 Y250.49 E2052.67871
G1 X423.89 Y250.49 E45.71875
M73 P96 R35
G1 X250.49 Y423.89 E1058.66711
G1 X250.49 Y413.3 E45.71875
G1 X586.7 Y749.51 E2052.67889
G1 X598.212 Y749.51 E49.70059
;WIPE_START
G1 F600
G1 X588.212 Y749.51 E-30
;WIPE_END
G1 Z488 F15000
G1 X401.788 Y749.51 Z488
G1 Z487
G1 E40 F9000
G1 F2779.614
G1 F2760
G1 X413.3 Y749.51 E49.70117
G1 X749.51 Y413.3 E2052.6789
G1 X749.51 Y423.89 E45.71875
G1 X576.11 Y250.49 E1058.66712
G1 X586.7 Y250.49 E45.71875
G1 X250.49 Y586.7 E2052.67888
G1 X250.49 Y576.11 E45.71875
G1 X423.89 Y749.51 E1058.66712
G1 X435.402 Y749.51 E49.70059
M73 P96 R34
;WIPE_START
G1 F600
G1 X425.402 Y749.51 E-30
;WIPE_END
G1 Z488 F15000
G1 X272.593 Y749.51 Z488
G1 Z487
G1 E40 F9000
G1 F2779.614
G1 X261.08 Y749.51 E49.70059
G1 F2760
G1 X250.49 Y738.92 E64.65625
G1 X250.49 Y749.51 E45.71875
G1 X749.51 Y250.49 E3046.69015
G1 X749.51 Y261.08 E45.71875
G1 X738.92 Y250.49 E64.65625
G1 X727.407 Y250.49 E49.70059
; stop printing object Cube id:0 copy 0
;LAYER_CHANGE
;Z:488.5
;HEIGHT:1.5
;BEFORE_LAYER_CHANGE
;488.5
G92 E0

EXCLUDE_OBJECT_END NAME=Cube_id_0_copy_0
;AFTER_LAYER_CHANGE
;488.5
;_SET_FAN_SPEED_CHANGING_LAYER
; printing object Cube id:0 copy 0
;WIPE_START
G1 F600
G1 X737.407 Y250.49 E-30
;WIPE_END
EXCLUDE_OBJECT_START NAME=Cube_id_0_copy_0
G1 Z489.5 F15000
G1 X751.956 Y248.044 Z489.5
G1 Z488.5
G1 E40 F9000
;TYPE:Outer wall
;WIDTH:3.2
G1 F2779.615
G1 X751.956 Y751.956 E2175.45813
G1 X248.044 Y751.956 E2175.45813
G1 F2760
G1 X248.044 Y248.044 E2175.4585
G1 X751.656 Y248.044 E2174.16299
;WIPE_START
G1 F600
M73 P96 R33
G1 X751.662 Y258.044 E-30
;WIPE_END
G1 Z489.5 F15000
G1 X727.407 Y250.49 Z489.5
G1 Z488.5
G1 E40 F9000
;TYPE:Sparse infill
;WIDTH:3.2
G1 F2779.614
G1 X738.92 Y250.49 E49.70059
G1 F2760
G1 X749.51 Y261.08 E64.65527
G1 X749.51 Y250.49 E45.71788
G1 X250.49 Y749.51 E3046.69043
G1 X250.49 Y738.92 E45.71786
G1 X261.08 Y749.51 E64.65527
G1 X272.593 Y749.51 E49.70059
;WIPE_START
G1 F600
G1 X262.593 Y749.51 E-30
;WIPE_END
G1 Z489.5 F15000
G1 X435.402 Y749.51 Z489.5
G1 Z488.5
G1 E40 F9000
G1 F2779.614
G1 F2760
G1 X423.89 Y749.51 E49.7002
G1 X250.49 Y576.11 E1058.66699
G1 X250.49 Y586.7 E45.71798
G1 X586.7 Y250.49 E2052.67871
G1 X576.11 Y250.49 E45.71875
G1 X749.51 Y423.89 E1058.66712
G1 X749.51 Y413.3 E45.71875
G1 X413.3 Y749.51 E2052.6789
G1 X401.788 Y749.51 E49.70059
M73 P96 R32
;WIPE_START
G1 F600
G1 X411.788 Y749.51 E-30
;WIPE_END
G1 Z489.5 F15000
G1 X598.212 Y749.51 Z489.5
G1 Z488.5
G1 E40 F9000
G1 F2779.614
G1 F2760
G1 X586.7 Y749.51 E49.70117
G1 X250.49 Y413.3 E2052.67889
G1 X250.49 Y423.89 E45.71875
G1 X423.89 Y250.49 E1058.66711
G1 X413.3 Y250.49 E45.71875
G1 X749.51 Y586.7 E2052.6789
G1 X749.51 Y576.11 E45.71875
G1 X576.11 Y749.51 E1058.66713
G1 X564.597 Y749.51 E49.70059
;WIPE_START
G1 F600
G1 X574.597 Y749.51 E-30
;WIPE_END
G1 Z489.5 F15000
G1 X749.51 Y727.407 Z489.5
G1 Z488.5
G1 E40 F9000
G1 F2779.614
G1 X749.51 Y738.92 E49.70059
G1 F2760
G1 X738.92 Y749.51 E64.65625
G1 X749.51 Y749.51 E45.71875
G1 X250.49 Y250.49 E3046.69065
G1 X261.08 Y250.49 E45.71875
G1 X250.49 Y261.08 E64.65625
G1 X250.49 Y272.593 E49.70059
M73 P96 R31
; stop printing object Cube id:0 copy 0
;LAYER_CHANGE
;Z:490
;HEIGHT:1.5
;BEFORE_LAYER_CHANGE
;490
G92 E0

EXCLUDE_OBJECT_END NAME=Cube_id_0_copy_0
;AFTER_LAYER_CHANGE
;490
;_SET_FAN_SPEED_CHANGING_LAYER
; printing object Cube id:0 copy 0
;WIPE_START
G1 F600
G1 X250.49 Y262.593 E-30
;WIPE_END
EXCLUDE_OBJECT_START NAME=Cube_id_0_copy_0
G1 Z491 F15000
G1 X248.044 Y248.044 Z491
G1 Z490
G1 E40 F9000
;TYPE:Outer wall
;WIDTH:3.2
G1 F2779.615
G1 X751.956 Y248.044 E2175.45813
G1 X751.956 Y751.956 E2175.45813
G1 F2760
G1 X248.044 Y751.956 E2175.4585
G1 X248.044 Y248.344 E2174.16299
;WIPE_START
G1 F600
G1 X258.044 Y248.338 E-30
;WIPE_END
G1 Z491 F15000
G1 X250.49 Y272.593 Z491
G1 Z490
G1 E40 F9000
;TYPE:Sparse infill
;WIDTH:3.2
G1 F2779.614
G1 X250.49 Y261.08 E49.70059
G1 F2760
G1 X261.08 Y250.49 E64.65527
G1 X250.49 Y250.49 E45.71822
G1 X749.51 Y749.51 E3046.69043
G1 X738.92 Y749.51 E45.71823
M73 P96 R30
G1 X749.51 Y738.92 E64.65527
G1 X749.51 Y727.407 E49.70059
;WIPE_START
G1 F600
G1 X749.51 Y737.407 E-30
;WIPE_END
G1 Z491 F15000
G1 X564.597 Y749.51 Z491
G1 Z490
G1 E40 F9000
G1 F2779.614
G1 X576.11 Y749.51 E49.70059
G1 F2760
G1 X749.51 Y576.11 E1058.66699
G1 X749.51 Y586.7 E45.71813
G1 X413.3 Y250.49 E2052.67871
G1 X423.89 Y250.49 E45.71875
G1 X250.49 Y423.89 E1058.66711
G1 X250.49 Y413.3 E45.71875
G1 X586.7 Y749.51 E2052.67889
G1 X598.212 Y749.51 E49.70059
;WIPE_START
G1 F600
G1 X588.212 Y749.51 E-30
;WIPE_END
G1 Z491 F15000
G1 X401.788 Y749.51 Z491
G1 Z490
G1 E40 F9000
G1 F2779.614
G1 F2760
G1 X413.3 Y749.51 E49.70117
G1 X749.51 Y413.3 E2052.6789
G1 X749.51 Y423.89 E45.71875
G1 X576.11 Y250.49 E1058.66712
G1 X586.7 Y250.49 E45.71875
M73 P96 R29
G1 X250.49 Y586.7 E2052.67888
G1 X250.49 Y576.11 E45.71875
G1 X423.89 Y749.51 E1058.66712
G1 X435.402 Y749.51 E49.70059
;WIPE_START
G1 F600
G1 X425.402 Y749.51 E-30
;WIPE_END
G1 Z491 F15000
G1 X272.593 Y749.51 Z491
G1 Z490
G1 E40 F9000
G1 F2779.614
G1 X261.08 Y749.51 E49.70059
G1 F2760
G1 X250.49 Y738.92 E64.65625
G1 X250.49 Y749.51 E45.71875
G1 X749.51 Y250.49 E3046.69015
G1 X749.51 Y261.08 E45.71875
G1 X738.92 Y250.49 E64.65625
G1 X727.407 Y250.49 E49.70059
; stop printing object Cube id:0 copy 0
;LAYER_CHANGE
;Z:491.5
;HEIGHT:1.5
;BEFORE_LAYER_CHANGE
;491.5
G92 E0

EXCLUDE_OBJECT_END NAME=Cube_id_0_copy_0
;AFTER_LAYER_CHANGE
;491.5
;_SET_FAN_SPEED_CHANGING_LAYER
; printing object Cube id:0 copy 0
;WIPE_START
G1 F600
G1 X737.407 Y250.49 E-30
;WIPE_END
EXCLUDE_OBJECT_START NAME=Cube_id_0_copy_0
G1 Z492.5 F15000
G1 X751.956 Y248.044 Z492.5
G1 Z491.5
G1 E40 F9000
;TYPE:Outer wall
;WIDTH:3.2
G1 F2779.615
G1 X751.956 Y751.956 E2175.45813
G1 X248.044 Y751.956 E2175.45813
M73 P97 R29
G1 F2760
M73 P97 R28
G1 X248.044 Y248.044 E2175.4585
G1 X751.656 Y248.044 E2174.16299
;WIPE_START
G1 F600
G1 X751.662 Y258.044 E-30
;WIPE_END
G1 Z492.5 F15000
G1 X727.407 Y250.49 Z492.5
G1 Z491.5
G1 E40 F9000
;TYPE:Sparse infill
;WIDTH:3.2
G1 F2779.614
G1 X738.92 Y250.49 E49.70059
G1 F2760
G1 X749.51 Y261.08 E64.65527
G1 X749.51 Y250.49 E45.71788
G1 X250.49 Y749.51 E3046.69043
G1 X250.49 Y738.92 E45.71786
G1 X261.08 Y749.51 E64.65527
G1 X272.593 Y749.51 E49.70059
;WIPE_START
G1 F600
G1 X262.593 Y749.51 E-30
;WIPE_END
G1 Z492.5 F15000
G1 X435.402 Y749.51 Z492.5
G1 Z491.5
G1 E40 F9000
G1 F2779.614
G1 F2760
G1 X423.89 Y749.51 E49.7002
G1 X250.49 Y576.11 E1058.66699
G1 X250.49 Y586.7 E45.71798
G1 X586.7 Y250.49 E2052.67871
G1 X576.11 Y250.49 E45.71875
M73 P97 R27
G1 X749.51 Y423.89 E1058.66712
G1 X749.51 Y413.3 E45.71875
G1 X413.3 Y749.51 E2052.6789
G1 X401.788 Y749.51 E49.70059
;WIPE_START
G1 F600
G1 X411.788 Y749.51 E-30
;WIPE_END
G1 Z492.5 F15000
G1 X598.212 Y749.51 Z492.5
G1 Z491.5
G1 E40 F9000
G1 F2779.614
G1 F2760
G1 X586.7 Y749.51 E49.70117
G1 X250.49 Y413.3 E2052.67889
G1 X250.49 Y423.89 E45.71875
G1 X423.89 Y250.49 E1058.66711
G1 X413.3 Y250.49 E45.71875
G1 X749.51 Y586.7 E2052.6789
G1 X749.51 Y576.11 E45.71875
G1 X576.11 Y749.51 E1058.66713
G1 X564.597 Y749.51 E49.70059
;WIPE_START
G1 F600
G1 X574.597 Y749.51 E-30
;WIPE_END
G1 Z492.5 F15000
M73 P97 R26
G1 X749.51 Y727.407 Z492.5
G1 Z491.5
G1 E40 F9000
G1 F2779.614
G1 X749.51 Y738.92 E49.70059
G1 F2760
G1 X738.92 Y749.51 E64.65625
G1 X749.51 Y749.51 E45.71875
G1 X250.49 Y250.49 E3046.69065
G1 X261.08 Y250.49 E45.71875
G1 X250.49 Y261.08 E64.65625
G1 X250.49 Y272.593 E49.70059
; stop printing object Cube id:0 copy 0
;LAYER_CHANGE
;Z:493
;HEIGHT:1.5
;BEFORE_LAYER_CHANGE
;493
G92 E0

EXCLUDE_OBJECT_END NAME=Cube_id_0_copy_0
;AFTER_LAYER_CHANGE
;493
;_SET_FAN_SPEED_CHANGING_LAYER
; printing object Cube id:0 copy 0
;WIPE_START
G1 F600
G1 X250.49 Y262.593 E-30
;WIPE_END
EXCLUDE_OBJECT_START NAME=Cube_id_0_copy_0
G1 Z494 F15000
G1 X248.044 Y248.044 Z494
G1 Z493
G1 E40 F9000
;TYPE:Outer wall
;WIDTH:3.2
G1 F2779.615
G1 X751.956 Y248.044 E2175.45813
G1 X751.956 Y751.956 E2175.45813
G1 F2760
G1 X248.044 Y751.956 E2175.4585
G1 X248.044 Y248.344 E2174.16299
;WIPE_START
G1 F600
M73 P97 R25
G1 X258.044 Y248.338 E-30
;WIPE_END
G1 Z494 F15000
G1 X250.49 Y272.593 Z494
G1 Z493
G1 E40 F9000
;TYPE:Sparse infill
;WIDTH:3.2
G1 F2779.614
G1 X250.49 Y261.08 E49.70059
G1 F2760
G1 X261.08 Y250.49 E64.65527
G1 X250.49 Y250.49 E45.71822
G1 X749.51 Y749.51 E3046.69043
G1 X738.92 Y749.51 E45.71823
G1 X749.51 Y738.92 E64.65527
G1 X749.51 Y727.407 E49.70059
;WIPE_START
G1 F600
G1 X749.51 Y737.407 E-30
;WIPE_END
G1 Z494 F15000
G1 X564.597 Y749.51 Z494
G1 Z493
G1 E40 F9000
G1 F2779.614
G1 X576.11 Y749.51 E49.70059
G1 F2760
G1 X749.51 Y576.11 E1058.66699
G1 X749.51 Y586.7 E45.71813
G1 X413.3 Y250.49 E2052.67871
G1 X423.89 Y250.49 E45.71875
G1 X250.49 Y423.89 E1058.66711
G1 X250.49 Y413.3 E45.71875
G1 X586.7 Y749.51 E2052.67889
G1 X598.212 Y749.51 E49.70059
M73 P97 R24
;WIPE_START
G1 F600
G1 X588.212 Y749.51 E-30
;WIPE_END
G1 Z494 F15000
G1 X401.788 Y749.51 Z494
G1 Z493
G1 E40 F9000
G1 F2779.614
G1 F2760
G1 X413.3 Y749.51 E49.70117
G1 X749.51 Y413.3 E2052.6789
G1 X749.51 Y423.89 E45.71875
G1 X576.11 Y250.49 E1058.66712
G1 X586.7 Y250.49 E45.71875
G1 X250.49 Y586.7 E2052.67888
G1 X250.49 Y576.11 E45.71875
G1 X423.89 Y749.51 E1058.66712
G1 X435.402 Y749.51 E49.70059
;WIPE_START
G1 F600
G1 X425.402 Y749.51 E-30
;WIPE_END
G1 Z494 F15000
G1 X272.593 Y749.51 Z494
G1 Z493
G1 E40 F9000
G1 F2779.614
G1 X261.08 Y749.51 E49.70059
G1 F2760
G1 X250.49 Y738.92 E64.65625
G1 X250.49 Y749.51 E45.71875
G1 X749.51 Y250.49 E3046.69015
G1 X749.51 Y261.08 E45.71875
G1 X738.92 Y250.49 E64.65625
G1 X727.407 Y250.49 E49.70059
; stop printing object Cube id:0 copy 0
;LAYER_CHANGE
;Z:494.5
;HEIGHT:1.5
;BEFORE_LAYER_CHANGE
;494.5
G92 E0

EXCLUDE_OBJECT_END NAME=Cube_id_0_copy_0
;AFTER_LAYER_CHANGE
;494.5
;_SET_FAN_SPEED_CHANGING_LAYER
; printing object Cube id:0 copy 0
;WIPE_START
G1 F600
M73 P97 R23
G1 X737.407 Y250.49 E-30
;WIPE_END
EXCLUDE_OBJECT_START NAME=Cube_id_0_copy_0
G1 Z495.5 F15000
G1 X751.956 Y248.044 Z495.5
G1 Z494.5
G1 E40 F9000
;TYPE:Outer wall
;WIDTH:3.2
G1 F2779.615
G1 X751.956 Y751.956 E2175.45813
G1 X248.044 Y751.956 E2175.45813
G1 F2760
G1 X248.044 Y248.044 E2175.4585
G1 X751.656 Y248.044 E2174.16299
;WIPE_START
G1 F600
G1 X751.662 Y258.044 E-30
;WIPE_END
G1 Z495.5 F15000
G1 X727.407 Y250.49 Z495.5
G1 Z494.5
G1 E40 F9000
;TYPE:Sparse infill
;WIDTH:3.2
G1 F2779.614
G1 X738.92 Y250.49 E49.70059
G1 F2760
G1 X749.51 Y261.08 E64.65527
G1 X749.51 Y250.49 E45.71788
G1 X250.49 Y749.51 E3046.69043
G1 X250.49 Y738.92 E45.71786
M73 P97 R22
G1 X261.08 Y749.51 E64.65527
G1 X272.593 Y749.51 E49.70059
;WIPE_START
G1 F600
G1 X262.593 Y749.51 E-30
;WIPE_END
G1 Z495.5 F15000
G1 X435.402 Y749.51 Z495.5
G1 Z494.5
G1 E40 F9000
G1 F2779.614
G1 F2760
G1 X423.89 Y749.51 E49.7002
G1 X250.49 Y576.11 E1058.66699
G1 X250.49 Y586.7 E45.71798
G1 X586.7 Y250.49 E2052.67871
G1 X576.11 Y250.49 E45.71875
G1 X749.51 Y423.89 E1058.66712
G1 X749.51 Y413.3 E45.71875
G1 X413.3 Y749.51 E2052.6789
G1 X401.788 Y749.51 E49.70059
;WIPE_START
G1 F600
G1 X411.788 Y749.51 E-30
;WIPE_END
G1 Z495.5 F15000
G1 X598.212 Y749.51 Z495.5
G1 Z494.5
G1 E40 F9000
G1 F2779.614
G1 F2760
G1 X586.7 Y749.51 E49.70117
G1 X250.49 Y413.3 E2052.67889
G1 X250.49 Y423.89 E45.71875
G1 X423.89 Y250.49 E1058.66711
G1 X413.3 Y250.49 E45.71875
M73 P97 R21
G1 X749.51 Y586.7 E2052.6789
G1 X749.51 Y576.11 E45.71875
G1 X576.11 Y749.51 E1058.66713
G1 X564.597 Y749.51 E49.70059
;WIPE_START
G1 F600
G1 X574.597 Y749.51 E-30
;WIPE_END
G1 Z495.5 F15000
G1 X749.51 Y727.407 Z495.5
G1 Z494.5
G1 E40 F9000
G1 F2779.614
G1 X749.51 Y738.92 E49.70059
G1 F2760
G1 X738.92 Y749.51 E64.65625
G1 X749.51 Y749.51 E45.71875
G1 X250.49 Y250.49 E3046.69065
G1 X261.08 Y250.49 E45.71875
G1 X250.49 Y261.08 E64.65625
G1 X250.49 Y272.593 E49.70059
; stop printing object Cube id:0 copy 0
;LAYER_CHANGE
;Z:496
;HEIGHT:1.5
;BEFORE_LAYER_CHANGE
;496
G92 E0

EXCLUDE_OBJECT_END NAME=Cube_id_0_copy_0
;AFTER_LAYER_CHANGE
;496
;_SET_FAN_SPEED_CHANGING_LAYER
; printing object Cube id:0 copy 0
;WIPE_START
G1 F600
G1 X250.49 Y262.593 E-30
;WIPE_END
EXCLUDE_OBJECT_START NAME=Cube_id_0_copy_0
G1 Z497 F15000
G1 X248.044 Y248.044 Z497
G1 Z496
G1 E40 F9000
;TYPE:Outer wall
;WIDTH:3.2
G1 F2779.615
G1 X751.956 Y248.044 E2175.45813
G1 X751.956 Y751.956 E2175.45813
G1 F2760
M73 P97 R20
G1 X248.044 Y751.956 E2175.4585
G1 X248.044 Y248.344 E2174.16299
;WIPE_START
G1 F600
G1 X258.044 Y248.338 E-30
;WIPE_END
G1 Z497 F15000
G1 X250.49 Y272.593 Z497
G1 Z496
G1 E40 F9000
;TYPE:Sparse infill
;WIDTH:3.2
G1 F2779.614
G1 X250.49 Y261.08 E49.70059
G1 F2760
G1 X261.08 Y250.49 E64.65527
G1 X250.49 Y250.49 E45.71822
G1 X749.51 Y749.51 E3046.69043
G1 X738.92 Y749.51 E45.71823
G1 X749.51 Y738.92 E64.65527
G1 X749.51 Y727.407 E49.70059
;WIPE_START
G1 F600
G1 X749.51 Y737.407 E-30
;WIPE_END
G1 Z497 F15000
G1 X564.597 Y749.51 Z497
G1 Z496
G1 E40 F9000
G1 F2779.614
G1 X576.11 Y749.51 E49.70059
G1 F2760
G1 X749.51 Y576.11 E1058.66699
G1 X749.51 Y586.7 E45.71813
G1 X413.3 Y250.49 E2052.67871
G1 X423.89 Y250.49 E45.71875
M73 P97 R19
G1 X250.49 Y423.89 E1058.66711
G1 X250.49 Y413.3 E45.71875
G1 X586.7 Y749.51 E2052.67889
G1 X598.212 Y749.51 E49.70059
;WIPE_START
G1 F600
G1 X588.212 Y749.51 E-30
;WIPE_END
G1 Z497 F15000
G1 X401.788 Y749.51 Z497
G1 Z496
G1 E40 F9000
G1 F2779.614
G1 F2760
G1 X413.3 Y749.51 E49.70117
G1 X749.51 Y413.3 E2052.6789
G1 X749.51 Y423.89 E45.71875
M73 P98 R19
G1 X576.11 Y250.49 E1058.66712
G1 X586.7 Y250.49 E45.71875
G1 X250.49 Y586.7 E2052.67888
G1 X250.49 Y576.11 E45.71875
G1 X423.89 Y749.51 E1058.66712
G1 X435.402 Y749.51 E49.70059
;WIPE_START
G1 F600
G1 X425.402 Y749.51 E-30
;WIPE_END
G1 Z497 F15000
M73 P98 R18
G1 X272.593 Y749.51 Z497
G1 Z496
G1 E40 F9000
G1 F2779.614
G1 X261.08 Y749.51 E49.70059
G1 F2760
G1 X250.49 Y738.92 E64.65625
G1 X250.49 Y749.51 E45.71875
G1 X749.51 Y250.49 E3046.69015
G1 X749.51 Y261.08 E45.71875
G1 X738.92 Y250.49 E64.65625
G1 X727.407 Y250.49 E49.70059
; stop printing object Cube id:0 copy 0
;LAYER_CHANGE
;Z:497.5
;HEIGHT:1.5
;BEFORE_LAYER_CHANGE
;497.5
G92 E0

EXCLUDE_OBJECT_END NAME=Cube_id_0_copy_0
;AFTER_LAYER_CHANGE
;497.5
;_SET_FAN_SPEED_CHANGING_LAYER
; printing object Cube id:0 copy 0
;WIPE_START
G1 F600
G1 X737.407 Y250.49 E-30
;WIPE_END
EXCLUDE_OBJECT_START NAME=Cube_id_0_copy_0
G1 Z498.5 F15000
G1 X751.956 Y248.044 Z498.5
G1 Z497.5
G1 E40 F9000
;TYPE:Outer wall
;WIDTH:3.2
G1 F2779.615
G1 X751.956 Y751.956 E2175.45813
G1 X248.044 Y751.956 E2175.45813
G1 F2760
G1 X248.044 Y248.044 E2175.4585
G1 X751.656 Y248.044 E2174.16299
;WIPE_START
G1 F600
M73 P98 R17
G1 X751.662 Y258.044 E-30
;WIPE_END
G1 Z498.5 F15000
G1 X727.407 Y250.49 Z498.5
G1 Z497.5
G1 E40 F9000
;TYPE:Sparse infill
;WIDTH:3.2
G1 F2779.614
G1 X738.92 Y250.49 E49.70059
G1 F2760
G1 X749.51 Y261.08 E64.65527
G1 X749.51 Y250.49 E45.71788
G1 X250.49 Y749.51 E3046.69043
G1 X250.49 Y738.92 E45.71786
G1 X261.08 Y749.51 E64.65527
G1 X272.593 Y749.51 E49.70059
;WIPE_START
G1 F600
G1 X262.593 Y749.51 E-30
;WIPE_END
G1 Z498.5 F15000
G1 X435.402 Y749.51 Z498.5
G1 Z497.5
G1 E40 F9000
G1 F2779.614
G1 F2760
G1 X423.89 Y749.51 E49.7002
G1 X250.49 Y576.11 E1058.66699
G1 X250.49 Y586.7 E45.71798
G1 X586.7 Y250.49 E2052.67871
G1 X576.11 Y250.49 E45.71875
G1 X749.51 Y423.89 E1058.66712
G1 X749.51 Y413.3 E45.71875
G1 X413.3 Y749.51 E2052.6789
G1 X401.788 Y749.51 E49.70059
M73 P98 R16
;WIPE_START
G1 F600
G1 X411.788 Y749.51 E-30
;WIPE_END
G1 Z498.5 F15000
G1 X598.212 Y749.51 Z498.5
G1 Z497.5
G1 E40 F9000
G1 F2779.614
G1 F2760
G1 X586.7 Y749.51 E49.70117
G1 X250.49 Y413.3 E2052.67889
G1 X250.49 Y423.89 E45.71875
G1 X423.89 Y250.49 E1058.66711
G1 X413.3 Y250.49 E45.71875
G1 X749.51 Y586.7 E2052.6789
G1 X749.51 Y576.11 E45.71875
G1 X576.11 Y749.51 E1058.66713
G1 X564.597 Y749.51 E49.70059
;WIPE_START
G1 F600
G1 X574.597 Y749.51 E-30
;WIPE_END
G1 Z498.5 F15000
G1 X749.51 Y727.407 Z498.5
G1 Z497.5
G1 E40 F9000
G1 F2779.614
G1 X749.51 Y738.92 E49.70059
G1 F2760
G1 X738.92 Y749.51 E64.65625
G1 X749.51 Y749.51 E45.71875
G1 X250.49 Y250.49 E3046.69065
G1 X261.08 Y250.49 E45.71875
G1 X250.49 Y261.08 E64.65625
G1 X250.49 Y272.593 E49.70059
; stop printing object Cube id:0 copy 0
;LAYER_CHANGE
;Z:499
;HEIGHT:1.5
;BEFORE_LAYER_CHANGE
;499
G92 E0

EXCLUDE_OBJECT_END NAME=Cube_id_0_copy_0
;AFTER_LAYER_CHANGE
;499
;_SET_FAN_SPEED_CHANGING_LAYER
; printing object Cube id:0 copy 0
;WIPE_START
G1 F600
G1 X250.49 Y262.593 E-30
;WIPE_END
EXCLUDE_OBJECT_START NAME=Cube_id_0_copy_0
G1 Z500 F15000
M73 P98 R15
G1 X248.044 Y248.044 Z500
G1 Z499
G1 E40 F9000
;TYPE:Outer wall
;WIDTH:3.2
G1 F2779.615
G1 X751.956 Y248.044 E2175.45813
G1 X751.956 Y751.956 E2175.45813
G1 F2760
G1 X248.044 Y751.956 E2175.4585
G1 X248.044 Y248.344 E2174.16299
;WIPE_START
G1 F600
G1 X258.044 Y248.338 E-30
;WIPE_END
G1 Z500 F15000
G1 X250.49 Y272.593 Z500
G1 Z499
G1 E40 F9000
;TYPE:Sparse infill
;WIDTH:3.2
G1 F2779.614
G1 X250.49 Y261.08 E49.70059
G1 F2760
G1 X261.08 Y250.49 E64.65527
G1 X250.49 Y250.49 E45.71822
G1 X749.51 Y749.51 E3046.69043
G1 X738.92 Y749.51 E45.71823
M73 P98 R14
G1 X749.51 Y738.92 E64.65527
G1 X749.51 Y727.407 E49.70059
;WIPE_START
G1 F600
G1 X749.51 Y737.407 E-30
;WIPE_END
G1 Z500 F15000
G1 X564.597 Y749.51 Z500
G1 Z499
G1 E40 F9000
G1 F2779.614
G1 X576.11 Y749.51 E49.70059
G1 F2760
G1 X749.51 Y576.11 E1058.66699
G1 X749.51 Y586.7 E45.71813
G1 X413.3 Y250.49 E2052.67871
G1 X423.89 Y250.49 E45.71875
G1 X250.49 Y423.89 E1058.66711
G1 X250.49 Y413.3 E45.71875
G1 X586.7 Y749.51 E2052.67889
G1 X598.212 Y749.51 E49.70059
;WIPE_START
G1 F600
G1 X588.212 Y749.51 E-30
;WIPE_END
G1 Z500 F15000
G1 X401.788 Y749.51 Z500
G1 Z499
G1 E40 F9000
G1 F2779.614
G1 F2760
G1 X413.3 Y749.51 E49.70117
G1 X749.51 Y413.3 E2052.6789
G1 X749.51 Y423.89 E45.71875
G1 X576.11 Y250.49 E1058.66712
G1 X586.7 Y250.49 E45.71875
M73 P98 R13
G1 X250.49 Y586.7 E2052.67888
G1 X250.49 Y576.11 E45.71875
G1 X423.89 Y749.51 E1058.66712
G1 X435.402 Y749.51 E49.70059
;WIPE_START
G1 F600
G1 X425.402 Y749.51 E-30
;WIPE_END
G1 Z500 F15000
G1 X272.593 Y749.51 Z500
G1 Z499
G1 E40 F9000
G1 F2779.614
G1 X261.08 Y749.51 E49.70059
G1 F2760
G1 X250.49 Y738.92 E64.65625
G1 X250.49 Y749.51 E45.71875
G1 X749.51 Y250.49 E3046.69015
G1 X749.51 Y261.08 E45.71875
G1 X738.92 Y250.49 E64.65625
G1 X727.407 Y250.49 E49.70059
; stop printing object Cube id:0 copy 0
;LAYER_CHANGE
;Z:500.5
;HEIGHT:1.5
;BEFORE_LAYER_CHANGE
;500.5
G92 E0

EXCLUDE_OBJECT_END NAME=Cube_id_0_copy_0
;AFTER_LAYER_CHANGE
;500.5
;_SET_FAN_SPEED_CHANGING_LAYER
; printing object Cube id:0 copy 0
;WIPE_START
G1 F600
G1 X737.407 Y250.49 E-30
;WIPE_END
EXCLUDE_OBJECT_START NAME=Cube_id_0_copy_0
G1 Z501.5 F15000
G1 X751.956 Y248.044 Z501.5
G1 Z500.5
G1 E40 F9000
;TYPE:Outer wall
;WIDTH:3.2
G1 F2779.615
G1 X751.956 Y751.956 E2175.45813
G1 X248.044 Y751.956 E2175.45813
G1 F2760
M73 P98 R12
G1 X248.044 Y248.044 E2175.4585
G1 X751.656 Y248.044 E2174.16299
;WIPE_START
G1 F600
G1 X751.662 Y258.044 E-30
;WIPE_END
G1 Z501.5 F15000
G1 X727.407 Y250.49 Z501.5
G1 Z500.5
G1 E40 F9000
;TYPE:Sparse infill
;WIDTH:3.2
G1 F2779.614
G1 X738.92 Y250.49 E49.70059
G1 F2760
G1 X749.51 Y261.08 E64.65527
G1 X749.51 Y250.49 E45.71788
G1 X250.49 Y749.51 E3046.69043
G1 X250.49 Y738.92 E45.71786
G1 X261.08 Y749.51 E64.65527
G1 X272.593 Y749.51 E49.70059
;WIPE_START
G1 F600
G1 X262.593 Y749.51 E-30
;WIPE_END
G1 Z501.5 F15000
G1 X435.402 Y749.51 Z501.5
G1 Z500.5
G1 E40 F9000
G1 F2779.614
G1 F2760
G1 X423.89 Y749.51 E49.7002
G1 X250.49 Y576.11 E1058.66699
G1 X250.49 Y586.7 E45.71798
G1 X586.7 Y250.49 E2052.67871
G1 X576.11 Y250.49 E45.71875
M73 P98 R11
G1 X749.51 Y423.89 E1058.66712
G1 X749.51 Y413.3 E45.71875
G1 X413.3 Y749.51 E2052.6789
G1 X401.788 Y749.51 E49.70059
;WIPE_START
G1 F600
G1 X411.788 Y749.51 E-30
;WIPE_END
G1 Z501.5 F15000
G1 X598.212 Y749.51 Z501.5
G1 Z500.5
G1 E40 F9000
G1 F2779.614
G1 F2760
G1 X586.7 Y749.51 E49.70117
G1 X250.49 Y413.3 E2052.67889
G1 X250.49 Y423.89 E45.71875
G1 X423.89 Y250.49 E1058.66711
G1 X413.3 Y250.49 E45.71875
G1 X749.51 Y586.7 E2052.6789
G1 X749.51 Y576.11 E45.71875
G1 X576.11 Y749.51 E1058.66713
G1 X564.597 Y749.51 E49.70059
;WIPE_START
G1 F600
G1 X574.597 Y749.51 E-30
;WIPE_END
G1 Z501.5 F15000
G1 X749.51 Y727.407 Z501.5
G1 Z500.5
M73 P98 R10
G1 E40 F9000
G1 F2779.614
G1 X749.51 Y738.92 E49.70059
G1 F2760
G1 X738.92 Y749.51 E64.65625
G1 X749.51 Y749.51 E45.71875
G1 X250.49 Y250.49 E3046.69065
G1 X261.08 Y250.49 E45.71875
G1 X250.49 Y261.08 E64.65625
G1 X250.49 Y272.593 E49.70059
; stop printing object Cube id:0 copy 0
;LAYER_CHANGE
;Z:502
;HEIGHT:1.5
;BEFORE_LAYER_CHANGE
;502
G92 E0

EXCLUDE_OBJECT_END NAME=Cube_id_0_copy_0
;AFTER_LAYER_CHANGE
;502
;_SET_FAN_SPEED_CHANGING_LAYER
; printing object Cube id:0 copy 0
;WIPE_START
G1 F600
G1 X250.49 Y262.593 E-30
;WIPE_END
EXCLUDE_OBJECT_START NAME=Cube_id_0_copy_0
G1 Z503 F15000
G1 X248.044 Y248.044 Z503
G1 Z502
G1 E40 F9000
;TYPE:Outer wall
;WIDTH:3.2
G1 F2779.615
G1 X751.956 Y248.044 E2175.45813
G1 X751.956 Y751.956 E2175.45813
G1 F2760
G1 X248.044 Y751.956 E2175.4585
G1 X248.044 Y248.344 E2174.16299
;WIPE_START
G1 F600
M73 P98 R9
G1 X258.044 Y248.338 E-30
;WIPE_END
G1 Z503 F15000
G1 X250.49 Y272.593 Z503
G1 Z502
G1 E40 F9000
;TYPE:Sparse infill
;WIDTH:3.2
G1 F2779.614
G1 X250.49 Y261.08 E49.70059
G1 F2760
G1 X261.08 Y250.49 E64.65527
G1 X250.49 Y250.49 E45.71822
G1 X749.51 Y749.51 E3046.69043
G1 X738.92 Y749.51 E45.71823
M73 P99 R9
G1 X749.51 Y738.92 E64.65527
G1 X749.51 Y727.407 E49.70059
;WIPE_START
G1 F600
G1 X749.51 Y737.407 E-30
;WIPE_END
G1 Z503 F15000
G1 X564.597 Y749.51 Z503
G1 Z502
G1 E40 F9000
G1 F2779.614
G1 X576.11 Y749.51 E49.70059
G1 F2760
G1 X749.51 Y576.11 E1058.66699
G1 X749.51 Y586.7 E45.71813
G1 X413.3 Y250.49 E2052.67871
G1 X423.89 Y250.49 E45.71875
G1 X250.49 Y423.89 E1058.66711
G1 X250.49 Y413.3 E45.71875
G1 X586.7 Y749.51 E2052.67889
G1 X598.212 Y749.51 E49.70059
M73 P99 R8
;WIPE_START
G1 F600
G1 X588.212 Y749.51 E-30
;WIPE_END
G1 Z503 F15000
G1 X401.788 Y749.51 Z503
G1 Z502
G1 E40 F9000
G1 F2779.614
G1 F2760
G1 X413.3 Y749.51 E49.70117
G1 X749.51 Y413.3 E2052.6789
G1 X749.51 Y423.89 E45.71875
G1 X576.11 Y250.49 E1058.66712
G1 X586.7 Y250.49 E45.71875
G1 X250.49 Y586.7 E2052.67888
G1 X250.49 Y576.11 E45.71875
G1 X423.89 Y749.51 E1058.66712
G1 X435.402 Y749.51 E49.70059
;WIPE_START
G1 F600
G1 X425.402 Y749.51 E-30
;WIPE_END
G1 Z503 F15000
G1 X272.593 Y749.51 Z503
G1 Z502
G1 E40 F9000
G1 F2779.614
G1 X261.08 Y749.51 E49.70059
G1 F2760
G1 X250.49 Y738.92 E64.65625
G1 X250.49 Y749.51 E45.71875
G1 X749.51 Y250.49 E3046.69015
G1 X749.51 Y261.08 E45.71875
G1 X738.92 Y250.49 E64.65625
G1 X727.407 Y250.49 E49.70059
; stop printing object Cube id:0 copy 0
;LAYER_CHANGE
;Z:503.5
;HEIGHT:1.5
;BEFORE_LAYER_CHANGE
;503.5
G92 E0

EXCLUDE_OBJECT_END NAME=Cube_id_0_copy_0
;AFTER_LAYER_CHANGE
;503.5
;_SET_FAN_SPEED_CHANGING_LAYER
; printing object Cube id:0 copy 0
;WIPE_START
G1 F600
G1 X737.407 Y250.49 E-30
;WIPE_END
EXCLUDE_OBJECT_START NAME=Cube_id_0_copy_0
G1 Z504.5 F15000
M73 P99 R7
G1 X751.956 Y248.044 Z504.5
G1 Z503.5
G1 E40 F9000
;TYPE:Outer wall
;WIDTH:3.2
G1 F2779.615
G1 X751.956 Y751.956 E2175.45813
G1 X248.044 Y751.956 E2175.45813
G1 F2760
G1 X248.044 Y248.044 E2175.4585
G1 X751.656 Y248.044 E2174.16299
;WIPE_START
G1 F600
G1 X751.662 Y258.044 E-30
;WIPE_END
G1 Z504.5 F15000
G1 X727.407 Y250.49 Z504.5
G1 Z503.5
G1 E40 F9000
;TYPE:Sparse infill
;WIDTH:3.2
G1 F2779.614
G1 X738.92 Y250.49 E49.70059
G1 F2760
G1 X749.51 Y261.08 E64.65527
G1 X749.51 Y250.49 E45.71788
G1 X250.49 Y749.51 E3046.69043
G1 X250.49 Y738.92 E45.71786
M73 P99 R6
G1 X261.08 Y749.51 E64.65527
G1 X272.593 Y749.51 E49.70059
;WIPE_START
G1 F600
G1 X262.593 Y749.51 E-30
;WIPE_END
G1 Z504.5 F15000
G1 X435.402 Y749.51 Z504.5
G1 Z503.5
G1 E40 F9000
G1 F2779.614
G1 F2760
G1 X423.89 Y749.51 E49.7002
G1 X250.49 Y576.11 E1058.66699
G1 X250.49 Y586.7 E45.71798
G1 X586.7 Y250.49 E2052.67871
G1 X576.11 Y250.49 E45.71875
G1 X749.51 Y423.89 E1058.66712
G1 X749.51 Y413.3 E45.71875
G1 X413.3 Y749.51 E2052.6789
G1 X401.788 Y749.51 E49.70059
;WIPE_START
G1 F600
G1 X411.788 Y749.51 E-30
;WIPE_END
G1 Z504.5 F15000
G1 X598.212 Y749.51 Z504.5
G1 Z503.5
G1 E40 F9000
G1 F2779.614
G1 F2760
G1 X586.7 Y749.51 E49.70117
G1 X250.49 Y413.3 E2052.67889
G1 X250.49 Y423.89 E45.71875
G1 X423.89 Y250.49 E1058.66711
G1 X413.3 Y250.49 E45.71875
M73 P99 R5
G1 X749.51 Y586.7 E2052.6789
G1 X749.51 Y576.11 E45.71875
G1 X576.11 Y749.51 E1058.66713
G1 X564.597 Y749.51 E49.70059
;WIPE_START
G1 F600
G1 X574.597 Y749.51 E-30
;WIPE_END
G1 Z504.5 F15000
G1 X749.51 Y727.407 Z504.5
G1 Z503.5
G1 E40 F9000
G1 F2779.614
G1 X749.51 Y738.92 E49.70059
G1 F2760
G1 X738.92 Y749.51 E64.65625
G1 X749.51 Y749.51 E45.71875
G1 X250.49 Y250.49 E3046.69065
G1 X261.08 Y250.49 E45.71875
G1 X250.49 Y261.08 E64.65625
G1 X250.49 Y272.593 E49.70059
; stop printing object Cube id:0 copy 0
;LAYER_CHANGE
;Z:505
;HEIGHT:1.5
;BEFORE_LAYER_CHANGE
;505
G92 E0

EXCLUDE_OBJECT_END NAME=Cube_id_0_copy_0
;AFTER_LAYER_CHANGE
;505
;_SET_FAN_SPEED_CHANGING_LAYER
; printing object Cube id:0 copy 0
;WIPE_START
G1 F600
G1 X250.49 Y262.593 E-30
;WIPE_END
EXCLUDE_OBJECT_START NAME=Cube_id_0_copy_0
G1 Z506 F15000
G1 X248.044 Y248.044 Z506
G1 Z505
G1 E40 F9000
;TYPE:Outer wall
;WIDTH:3.2
G1 F2779.615
G1 X751.956 Y248.044 E2175.45813
G1 X751.956 Y751.956 E2175.45813
G1 F2760
M73 P99 R4
G1 X248.044 Y751.956 E2175.4585
G1 X248.044 Y248.344 E2174.16299
;WIPE_START
G1 F600
G1 X258.044 Y248.338 E-30
;WIPE_END
G1 Z506 F15000
G1 X250.49 Y272.593 Z506
G1 Z505
G1 E40 F9000
;TYPE:Sparse infill
;WIDTH:3.2
G1 F2779.614
G1 X250.49 Y261.08 E49.70059
G1 F2760
G1 X261.08 Y250.49 E64.65527
G1 X250.49 Y250.49 E45.71822
G1 X749.51 Y749.51 E3046.69043
G1 X738.92 Y749.51 E45.71823
G1 X749.51 Y738.92 E64.65527
G1 X749.51 Y727.407 E49.70059
;WIPE_START
G1 F600
G1 X749.51 Y737.407 E-30
;WIPE_END
G1 Z506 F15000
G1 X564.597 Y749.51 Z506
G1 Z505
G1 E40 F9000
G1 F2779.614
G1 X576.11 Y749.51 E49.70059
G1 F2760
G1 X749.51 Y576.11 E1058.66699
G1 X749.51 Y586.7 E45.71813
G1 X413.3 Y250.49 E2052.67871
G1 X423.89 Y250.49 E45.71875
M73 P99 R3
G1 X250.49 Y423.89 E1058.66711
G1 X250.49 Y413.3 E45.71875
G1 X586.7 Y749.51 E2052.67889
G1 X598.212 Y749.51 E49.70059
;WIPE_START
G1 F600
G1 X588.212 Y749.51 E-30
;WIPE_END
G1 Z506 F15000
G1 X401.788 Y749.51 Z506
G1 Z505
G1 E40 F9000
G1 F2779.614
G1 F2760
G1 X413.3 Y749.51 E49.70117
G1 X749.51 Y413.3 E2052.6789
G1 X749.51 Y423.89 E45.71875
G1 X576.11 Y250.49 E1058.66712
G1 X586.7 Y250.49 E45.71875
G1 X250.49 Y586.7 E2052.67888
G1 X250.49 Y576.11 E45.71875
G1 X423.89 Y749.51 E1058.66712
G1 X435.402 Y749.51 E49.70059
;WIPE_START
G1 F600
G1 X425.402 Y749.51 E-30
;WIPE_END
G1 Z506 F15000
G1 X272.593 Y749.51 Z506
G1 Z505
M73 P99 R2
G1 E40 F9000
G1 F2779.614
G1 X261.08 Y749.51 E49.70059
G1 F2760
G1 X250.49 Y738.92 E64.65625
G1 X250.49 Y749.51 E45.71875
G1 X749.51 Y250.49 E3046.69015
G1 X749.51 Y261.08 E45.71875
G1 X738.92 Y250.49 E64.65625
G1 X727.407 Y250.49 E49.70059
; stop printing object Cube id:0 copy 0
;LAYER_CHANGE
;Z:506.5
;HEIGHT:1.5
;BEFORE_LAYER_CHANGE
;506.5
G92 E0

EXCLUDE_OBJECT_END NAME=Cube_id_0_copy_0
;AFTER_LAYER_CHANGE
;506.5
;_SET_FAN_SPEED_CHANGING_LAYER
; printing object Cube id:0 copy 0
;WIPE_START
G1 F600
G1 X737.407 Y250.49 E-30
;WIPE_END
EXCLUDE_OBJECT_START NAME=Cube_id_0_copy_0
G1 Z507.5 F15000
G1 X751.956 Y248.044 Z507.5
G1 Z506.5
G1 E40 F9000
;TYPE:Outer wall
;WIDTH:3.2
G1 F2779.615
G1 X751.956 Y751.956 E2175.45813
G1 X248.044 Y751.956 E2175.45813
G1 F2760
G1 X248.044 Y248.044 E2175.4585
G1 X751.656 Y248.044 E2174.16299
;WIPE_START
G1 F600
M73 P99 R1
G1 X751.662 Y258.044 E-30
;WIPE_END
G1 Z507.5 F15000
G1 X727.551 Y250.634 Z507.5
G1 Z506.5
G1 E40 F9000
;TYPE:Sparse infill
;WIDTH:3.2
G1 F2779.614
G1 X739.064 Y250.634 E49.70059
G1 F2760
G1 X749.366 Y260.936 E62.89844
G1 X749.366 Y250.634 E44.47559
G1 X250.634 Y749.366 E3044.93297
G1 X250.634 Y739.064 E44.47559
G1 X260.936 Y749.366 E62.89844
G1 X272.449 Y749.366 E49.70059
;WIPE_START
G1 F600
G1 X262.449 Y749.366 E-30
;WIPE_END
G1 Z507.5 F15000
G1 X435.259 Y749.366 Z507.5
G1 Z506.5
G1 E40 F9000
G1 F2779.614
G1 X423.746 Y749.366 E49.70059
G1 F2760
G1 X250.634 Y576.254 E1056.91016
G1 X250.634 Y586.556 E44.47559
G1 X586.556 Y250.634 E2050.9217
G1 X576.254 Y250.634 E44.47559
G1 X749.366 Y423.746 E1056.90918
G1 X749.366 Y413.444 E44.47549
G1 X413.444 Y749.366 E2050.92188
G1 X401.932 Y749.366 E49.70059
M73 P99 R0
;WIPE_START
G1 F600
G1 X411.932 Y749.366 E-30
;WIPE_END
G1 Z507.5 F15000
G1 X598.068 Y749.366 Z507.5
G1 Z506.5
G1 E40 F9000
G1 F2779.614
G1 F2760
G1 X586.556 Y749.366 E49.70117
G1 X250.634 Y413.444 E2050.92171
G1 X250.634 Y423.746 E44.47656
G1 X423.746 Y250.634 E1056.90992
G1 X413.444 Y250.634 E44.47656
G1 X749.366 Y586.556 E2050.92171
G1 X749.366 Y576.254 E44.47656
G1 X576.254 Y749.366 E1056.90995
G1 X564.741 Y749.366 E49.70059
;WIPE_START
G1 F600
G1 X574.741 Y749.366 E-30
;WIPE_END
G1 Z507.5 F15000
G1 X749.366 Y727.551 Z507.5
G1 Z506.5
G1 E40 F9000
G1 F2779.614
G1 X749.366 Y739.064 E49.70059
G1 F2760
G1 X739.064 Y749.366 E62.89844
G1 X749.366 Y749.366 E44.47656
G1 X250.634 Y250.634 E3044.93347
G1 X260.936 Y250.634 E44.47656
G1 X250.634 Y260.936 E62.89815
G1 X250.634 Y272.449 E49.70059
; stop printing object Cube id:0 copy 0
;WIPE_START
G1 F600
G1 X250.634 Y262.449 E-30
;WIPE_END
EXCLUDE_OBJECT_END NAME=Cube_id_0_copy_0
M106 S0
;TYPE:Custom
; filament end gcode 
M106 P3 S0
END_PRINT
M73 P100 R0
; EXECUTABLE_BLOCK_END

; filament used [mm] = 10214479.08
; filament used [cm3] = 10214.49
; filament used [g] = 12563.83
; filament cost = 75.38
; total filament used [g] = 12563.83
; total filament cost = 75.38
; total layers count = 338
; estimated printing time (normal mode) = 16h 12m 2s
; estimated first layer printing time (normal mode) = 3s

; CONFIG_BLOCK_START
; accel_to_decel_enable = 0
; accel_to_decel_factor = 50%
; activate_air_filtration = 0
; activate_chamber_temp_control = 0
; active_feeder_motor_name = mixing_stepper
; adaptive_bed_mesh_margin = 0
; adaptive_layer_height = 0
; adaptive_layer_min_height = 0.08
; adaptive_layer_surface_step = 1
; adaptive_pressure_advance = 0
; adaptive_pressure_advance_bridges = 0
; adaptive_pressure_advance_model = "0,0,0\n0,0,0"
; adaptive_pressure_advance_overhangs = 0
; additional_cooling_fan_speed = 70
; align_infill_direction_to_model = 0
; alternate_extra_wall = 0
; auxiliary_fan = 0
; bbl_calib_mark_logo = 1
; bbl_use_printhost = 0
; bed_custom_model = 
; bed_custom_texture = 
; bed_exclude_area = 0x0
; bed_mesh_max = 99999,99999
; bed_mesh_min = -99999,-99999
; bed_mesh_probe_distance = 50,50
; before_layer_change_gcode = ;BEFORE_LAYER_CHANGE\n;[layer_z]\nG92 E0\n
; best_object_pos = 0.5,0.5
; bottom_shell_layers = 2
; bottom_shell_thickness = 0
; bottom_solid_infill_flow_ratio = 1
; bottom_surface_density = 100%
; bottom_surface_pattern = monotonic
; bridge_acceleration = 50%
; bridge_angle = 0
; bridge_density = 100%
; bridge_flow = 1
; bridge_no_support = 0
; bridge_speed = 25
; brim_ears_detection_length = 1
; brim_ears_max_angle = 125
; brim_object_gap = 0
; brim_type = outer_only
; brim_width = 20
; calib_flowrate_topinfill_special_order = 0
; chamber_temperature = 0
; change_extrusion_role_gcode = 
; change_filament_gcode = 
; close_fan_the_first_x_layers = 4
; complete_print_exhaust_fan_speed = 70
; cool_plate_temp = 35
; cool_plate_temp_initial_layer = 35
; cooling_tube_length = 5
; cooling_tube_retraction = 91.5
; counterbore_hole_bridging = none
; curr_bed_type = High Temp Plate
; default_acceleration = 1500
; default_bed_type = 
; default_filament_colour = ""
; default_filament_profile = "Generic PLA"
; default_jerk = 5
; default_junction_deviation = 0
; default_print_profile = 1.50mm Standard @Ginger G1
; deretraction_speed = 200
; detect_narrow_internal_solid_infill = 1
; detect_overhang_wall = 1
; detect_thin_wall = 0
; different_settings_to_system = seam_slope_type;;
; disable_m73 = 0
; dont_filter_internal_bridges = disabled
; dont_slow_down_outer_wall = 0
; draft_shield = disabled
; during_print_exhaust_fan_speed = 70
; elefant_foot_compensation = 0
; elefant_foot_compensation_layers = 1
; emit_machine_limits_to_gcode = 1
; enable_arc_fitting = 0
; enable_extra_bridge_layer = disabled
; enable_filament_ramming = 1
; enable_long_retraction_when_cut = 0
; enable_overhang_bridge_fan = 0
; enable_overhang_speed = 0
; enable_pressure_advance = 1
; enable_prime_tower = 0
; enable_support = 0
; enforce_support_layers = 0
; eng_plate_temp = 0
; eng_plate_temp_initial_layer = 0
; ensure_vertical_shell_thickness = none
; exclude_object = 1
; extra_loading_move = -2
; extra_perimeters_on_overhangs = 0
; extra_solid_infills = 
; extruder_clearance_height_to_lid = 200
; extruder_clearance_height_to_rod = 100
; extruder_clearance_radius = 200
; extruder_colour = #d72828
; extruder_offset = 0x0
; extruder_rotation_volume = 456
; extrusion_rate_smoothing_external_perimeter_only = 0
; fan_cooling_layer_time = 100
; fan_kickstart = 0
; fan_max_speed = 0
; fan_min_speed = 0
; fan_speedup_overhangs = 1
; fan_speedup_time = 0
; filament_colour = #d72828
; filament_cooling_final_speed = 3.4
; filament_cooling_initial_speed = 2.2
; filament_cooling_moves = 4
; filament_cost = 6
; filament_density = 1.23
; filament_deretraction_speed = 150
; filament_diameter = 1.12838
; filament_end_gcode = "; filament end gcode \nM106 P3 S0\n"
; filament_flow_ratio = 1
; filament_ids = P510eff9
; filament_is_support = 0
; filament_loading_speed = 28
; filament_loading_speed_start = 3
; filament_max_volumetric_speed = 200
; filament_minimal_purge_on_wipe_tower = 15
; filament_multitool_ramming = 0
; filament_multitool_ramming_flow = 10
; filament_multitool_ramming_volume = 10
; filament_notes = ""
; filament_ramming_parameters = "120 100 6.6 6.8 7.2 7.6 7.9 8.2 8.7 9.4 9.9 10.0| 0.05 6.6 0.45 6.8 0.95 7.8 1.45 8.3 1.95 9.7 2.45 10 2.95 7.6 3.45 7.6 3.95 7.6 4.45 7.6 4.95 7.6"
; filament_retract_before_wipe = 0%
; filament_retract_restart_extra = 10
; filament_retract_when_changing_layer = 0
; filament_retraction_length = 30
; filament_retraction_minimum_travel = 5
; filament_retraction_speed = 150
; filament_settings_id = "Generic PLA"
; filament_shrink = 100%
; filament_shrinkage_compensation_z = 100%
; filament_soluble = 0
; filament_stamping_distance = 0
; filament_stamping_loading_speed = 0
; filament_start_gcode = "SET_PRESSURE_ADVANCE EXTRUDER=extruder SMOOTH_TIME=0.5"
; filament_toolchange_delay = 0
; filament_type = PLA
; filament_unloading_speed = 90
; filament_unloading_speed_start = 100
; filament_vendor = Generic
; filament_wipe = 1
; filament_wipe_distance = 10
; filament_z_hop = 1
; filament_z_hop_types = Normal Lift
; filename_format = {input_filename_base}_{filament_type[initial_tool]}_{print_time}.gcode
; fill_multiline = 1
; filter_out_gap_fill = 0
; first_layer_print_sequence = 0
; flush_into_infill = 0
; flush_into_objects = 0
; flush_into_support = 1
; flush_multiplier = 0.3
; flush_volumes_matrix = 0
; flush_volumes_vector = 140,140
; full_fan_speed_layer = 8
; fuzzy_skin = none
; fuzzy_skin_first_layer = 0
; fuzzy_skin_mode = displacement
; fuzzy_skin_noise_type = classic
; fuzzy_skin_octaves = 4
; fuzzy_skin_persistence = 0.5
; fuzzy_skin_point_distance = 0.8
; fuzzy_skin_scale = 1
; fuzzy_skin_thickness = 0.3
; gap_fill_target = nowhere
; gap_infill_speed = 120
; gcode_add_line_number = 0
; gcode_comments = 0
; gcode_flavor = klipper
; gcode_label_objects = 1
; has_scarf_joint_seam = 0
; head_wrap_detect_zone = 
; high_current_on_filament_swap = 0
; hole_to_polyhole = 0
; hole_to_polyhole_threshold = 0.01
; hole_to_polyhole_twisted = 1
; host_type = octoprint
; hot_plate_temp = 50
; hot_plate_temp_initial_layer = 50
; idle_temperature = 0
; independent_support_layer_height = 1
; infill_anchor = 400%
; infill_anchor_max = 30
; infill_combination = 0
; infill_combination_max_layer_height = 100%
; infill_direction = 45
; infill_jerk = 5
; infill_lock_depth = 1
; infill_overhang_angle = 60
; infill_shift_step = 0.4
; infill_wall_overlap = 15%
; initial_layer_acceleration = 300
; initial_layer_infill_speed = 40
; initial_layer_jerk = 1
; initial_layer_line_width = 3.2
; initial_layer_min_bead_width = 85%
; initial_layer_print_height = 1
; initial_layer_speed = 40
; initial_layer_travel_speed = 100%
; inner_wall_acceleration = 1500
; inner_wall_jerk = 5
; inner_wall_line_width = 3.2
; inner_wall_speed = 120
; interface_shells = 0
; interlocking_beam = 0
; interlocking_beam_layer_count = 2
; interlocking_beam_width = 0.8
; interlocking_boundary_avoidance = 2
; interlocking_depth = 2
; interlocking_orientation = 22.5
; internal_bridge_angle = 0
; internal_bridge_density = 100%
; internal_bridge_fan_speed = -1
; internal_bridge_flow = 1
; internal_bridge_speed = 150%
; internal_solid_infill_acceleration = 100%
; internal_solid_infill_line_width = 3.2
; internal_solid_infill_pattern = monotonic
; internal_solid_infill_speed = 120
; ironing_angle = -1
; ironing_fan_speed = -1
; ironing_flow = 10%
; ironing_inset = 0
; ironing_pattern = rectilinear
; ironing_spacing = 0.1
; ironing_speed = 20
; ironing_type = no ironing
; is_infill_first = 0
; lateral_lattice_angle_1 = -45
; lateral_lattice_angle_2 = 45
; layer_change_gcode = ;AFTER_LAYER_CHANGE\n;[layer_z]
; layer_height = 1.5
; line_width = 3.2
; long_retractions_when_cut = 0
; machine_end_gcode = END_PRINT
; machine_load_filament_time = 0
; machine_max_acceleration_e = 1000,5000
; machine_max_acceleration_extruding = 2500,20000
; machine_max_acceleration_retracting = 2500,5000
; machine_max_acceleration_travel = 20000,20000
; machine_max_acceleration_x = 2500,20000
; machine_max_acceleration_y = 2500,20000
; machine_max_acceleration_z = 200,200
; machine_max_jerk_e = 30,2.5
; machine_max_jerk_x = 7,9
; machine_max_jerk_y = 7,9
; machine_max_jerk_z = 1,0.4
; machine_max_junction_deviation = 0,0
; machine_max_speed_e = 500,25
; machine_max_speed_x = 300,200
; machine_max_speed_y = 300,200
; machine_max_speed_z = 8,12
; machine_min_extruding_rate = 0,0
; machine_min_travel_rate = 0,0
; machine_pause_gcode = PAUSE
; machine_start_gcode = START_PRINT BED_TEMPERATURE=[bed_temperature_initial_layer] KAMP_LEVELING=1 EXTRUDER_ROTATION_VOLUME={extruder_rotation_volume[0]} MIXING_STEPPER_ROTATION_VOLUME={mixing_stepper_rotation_volume[0]} PURGE_LAYER_HEIGHT=2 PURGE_PARKING_SPEED=10000 PURGE_LENGHT=500 PURGE_SPEED=400 PURGE_MATERIAL_QUANTITY=15000 EXTRUDER_TEMPERATURE=[nozzle_temperature] EXTRUDER_TEMPERATURE_INITIAL_LAYER=[nozzle_temperature_initial_layer] PRESSURE_ADVANCE=0.2 PRESSURE_ADVANCE_SMOOTH_TIME=0.5 ZONE_1_TEMPERATURE={multi_zone_1_initial_layer[0]} ZONE_2_TEMPERATURE={multi_zone_2_initial_layer[0]} ZONE_3_TEMPERATURE={multi_zone_3_initial_layer[0]}
; machine_tool_change_time = 0
; machine_unload_filament_time = 0
; make_overhang_printable = 0
; make_overhang_printable_angle = 55
; make_overhang_printable_hole_size = 0
; manual_filament_change = 0
; max_bridge_length = 10
; max_layer_height = 2.5
; max_resonance_avoidance_speed = 120
; max_travel_detour_distance = 0
; max_volumetric_extrusion_rate_slope = 200
; max_volumetric_extrusion_rate_slope_segment_length = 1
; min_bead_width = 50%
; min_feature_size = 25%
; min_layer_height = 0.1
; min_length_factor = 0.5
; min_resonance_avoidance_speed = 70
; min_skirt_length = 0
; min_width_top_surface = 300%
; minimum_sparse_infill_area = 15
; mixing_stepper_rotation_volume = 8000
; mmu_segmented_region_interlocking_depth = 0
; mmu_segmented_region_max_width = 0
; multi_zone = 1
; multi_zone_10_initial_layer = 200
; multi_zone_10_temperature = 200
; multi_zone_1_initial_layer = 200
; multi_zone_1_temperature = 200
; multi_zone_2_initial_layer = 200
; multi_zone_2_temperature = 200
; multi_zone_3_initial_layer = 200
; multi_zone_3_temperature = 200
; multi_zone_4_initial_layer = 200
; multi_zone_4_temperature = 200
; multi_zone_5_initial_layer = 200
; multi_zone_5_temperature = 200
; multi_zone_6_initial_layer = 200
; multi_zone_6_temperature = 200
; multi_zone_7_initial_layer = 200
; multi_zone_7_temperature = 200
; multi_zone_8_initial_layer = 200
; multi_zone_8_temperature = 200
; multi_zone_9_initial_layer = 200
; multi_zone_9_temperature = 200
; multi_zone_number = 3
; notes = 
; nozzle_diameter = 3
; nozzle_height = 2.5
; nozzle_hrc = 0
; nozzle_temperature = 220
; nozzle_temperature_initial_layer = 220
; nozzle_temperature_range_high = 220
; nozzle_temperature_range_low = 180
; nozzle_type = undefine
; nozzle_volume = 0
; only_one_wall_first_layer = 0
; only_one_wall_top = 0
; ooze_prevention = 0
; other_layers_print_sequence = 0
; other_layers_print_sequence_nums = 0
; outer_wall_acceleration = 1500
; outer_wall_jerk = 5
; outer_wall_line_width = 3.2
; outer_wall_speed = 120
; overhang_1_4_speed = 0
; overhang_2_4_speed = 30
; overhang_3_4_speed = 20
; overhang_4_4_speed = 10
; overhang_fan_speed = 100
; overhang_fan_threshold = 50%
; overhang_reverse = 0
; overhang_reverse_internal_only = 1
; overhang_reverse_threshold = 0%
; parking_pos_retraction = 92
; pellet_ers_mode = 0
; pellet_flow_coefficient = 1
; pellet_modded_printer = 1
; post_process = 
; precise_outer_wall = 0
; precise_z_height = 0
; preferred_orientation = 0
; preheat_steps = 1
; preheat_time = 30
; pressure_advance = 0.3
; prime_tower_brim_width = 3
; prime_tower_width = 60
; prime_volume = 45
; print_compatible_printers = "Ginger G1 3.0 nozzle"
; print_flow_ratio = 1
; print_order = default
; print_sequence = by layer
; print_settings_id = 1.50mm Standard
; printable_area = 0x0,1000x0,1000x1000,0x1000
; printable_height = 1000
; printer_model = Ginger G1
; printer_notes = 
; printer_settings_id = Ginger G1 3.0 nozzle
; printer_structure = undefine
; printer_technology = FFF
; printer_variant = 3.0
; printhost_authorization_type = key
; printhost_ssl_ignore_revoke = 0
; printing_by_object_gcode = 
; purge_in_prime_tower = 1
; raft_contact_distance = 0.1
; raft_expansion = 1.5
; raft_first_layer_density = 100%
; raft_first_layer_expansion = 2
; raft_layers = 0
; reduce_crossing_wall = 0
; reduce_fan_stop_start_freq = 0
; reduce_infill_retraction = 0
; required_nozzle_HRC = 0
; resolution = 0.05
; resonance_avoidance = 0
; retract_before_wipe = 0%
; retract_length_toolchange = 2
; retract_lift_above = 0
; retract_lift_below = 0
; retract_lift_enforce = All Surfaces
; retract_restart_extra = 10
; retract_restart_extra_toolchange = 0
; retract_when_changing_layer = 0
; retraction_distances_when_cut = 18
; retraction_length = 10
; retraction_minimum_travel = 10
; retraction_speed = 30
; role_based_wipe_speed = 0
; scan_first_layer = 0
; scarf_angle_threshold = 155
; scarf_joint_flow_ratio = 1
; scarf_joint_speed = 100%
; scarf_overhang_threshold = 40%
; seam_gap = 10%
; seam_position = nearest
; seam_slope_conditional = 0
; seam_slope_entire_loop = 0
; seam_slope_inner_walls = 0
; seam_slope_min_length = 5
; seam_slope_start_height = 50%
; seam_slope_steps = 10
; seam_slope_type = none
; silent_mode = 0
; single_extruder_multi_material = 1
; single_extruder_multi_material_priming = 0
; single_loop_draft_shield = 0
; skeleton_infill_density = 25%
; skeleton_infill_line_width = 3
; skin_infill_density = 25%
; skin_infill_depth = 2
; skin_infill_line_width = 3
; skirt_distance = 10
; skirt_height = 1
; skirt_loops = 1
; skirt_speed = 50
; skirt_start_angle = -135
; skirt_type = combined
; slice_closing_radius = 0.049
; slicing_mode = regular
; slow_down_for_layer_cooling = 1
; slow_down_layer_time = 50
; slow_down_layers = 0
; slow_down_min_speed = 1
; slowdown_for_curled_perimeters = 0
; small_area_infill_flow_compensation = 0
; small_area_infill_flow_compensation_model = 0,0;"\n0.2,0.4444";"\n0.4,0.6145";"\n0.6,0.7059";"\n0.8,0.7619";"\n1.5,0.8571";"\n10,1";"\n2,0.8889";"\n3,0.9231";"\n5,0.9520"
; small_perimeter_speed = 50%
; small_perimeter_threshold = 0
; solid_infill_direction = 45
; solid_infill_filament = 1
; solid_infill_rotate_template = 
; sparse_infill_acceleration = 1500
; sparse_infill_density = 5%
; sparse_infill_filament = 1
; sparse_infill_line_width = 3.2
; sparse_infill_pattern = grid
; sparse_infill_rotate_template = 
; sparse_infill_speed = 120
; spiral_finishing_flow_ratio = 0
; spiral_mode = 0
; spiral_mode_max_xy_smoothing = 200%
; spiral_mode_smooth = 1
; spiral_starting_flow_ratio = 0
; staggered_inner_seams = 0
; standby_temperature_delta = -5
; start_end_points = 30x-3,54x245
; supertack_plate_temp = 35
; supertack_plate_temp_initial_layer = 35
; support_air_filtration = 0
; support_angle = 0
; support_base_pattern = default
; support_base_pattern_spacing = 2.5
; support_bottom_interface_spacing = 0.5
; support_bottom_z_distance = 0.2
; support_chamber_temp_control = 0
; support_critical_regions_only = 1
; support_expansion = 0
; support_filament = 0
; support_interface_bottom_layers = 0
; support_interface_filament = 0
; support_interface_loop_pattern = 0
; support_interface_not_for_body = 1
; support_interface_pattern = auto
; support_interface_spacing = 2
; support_interface_speed = 80
; support_interface_top_layers = 3
; support_ironing = 0
; support_ironing_flow = 10%
; support_ironing_pattern = rectilinear
; support_ironing_spacing = 0.1
; support_line_width = 3.2
; support_material_interface_fan_speed = -1
; support_multi_bed_types = 0
; support_object_first_layer_gap = 0.2
; support_object_xy_distance = 10
; support_on_build_plate_only = 1
; support_remove_small_overhang = 1
; support_speed = 120
; support_style = default
; support_threshold_angle = 30
; support_threshold_overlap = 50%
; support_top_z_distance = 0.3
; support_type = tree(auto)
; symmetric_infill_y_axis = 0
; temperature_vitrification = 55
; template_custom_gcode = 
; textured_cool_plate_temp = 40
; textured_cool_plate_temp_initial_layer = 40
; textured_plate_temp = 55
; textured_plate_temp_initial_layer = 55
; thick_bridges = 0
; thick_internal_bridges = 0
; thumbnails = 50x50/PNG
; thumbnails_format = PNG
; time_cost = 0
; time_lapse_gcode = 
; timelapse_type = 0
; top_bottom_infill_wall_overlap = 10%
; top_shell_layers = 0
; top_shell_thickness = 0.6
; top_solid_infill_flow_ratio = 1
; top_surface_acceleration = 1500
; top_surface_density = 100%
; top_surface_jerk = 5
; top_surface_line_width = 3.2
; top_surface_pattern = concentric
; top_surface_speed = 120
; travel_acceleration = 1500
; travel_jerk = 5
; travel_slope = 3
; travel_speed = 250
; travel_speed_z = 0
; tree_support_adaptive_layer_height = 1
; tree_support_angle_slow = 30
; tree_support_auto_brim = 1
; tree_support_branch_angle = 40
; tree_support_branch_angle_organic = 50
; tree_support_branch_diameter = 5
; tree_support_branch_diameter_angle = 5
; tree_support_branch_diameter_organic = 10
; tree_support_branch_distance = 5
; tree_support_branch_distance_organic = 1
; tree_support_brim_width = 3
; tree_support_tip_diameter = 9
; tree_support_top_rate = 30%
; tree_support_wall_count = 0
; upward_compatible_machine = 
; use_active_pellet_feeding = 1
; use_extruder_rotation_volume = 1
; use_firmware_retraction = 0
; use_relative_e_distances = 1
; wall_direction = auto
; wall_distribution_count = 1
; wall_filament = 1
; wall_generator = arachne
; wall_loops = 1
; wall_sequence = inner wall/outer wall
; wall_transition_angle = 10
; wall_transition_filter_deviation = 25%
; wall_transition_length = 100%
; wipe = 1
; wipe_before_external_loop = 0
; wipe_distance = 10
; wipe_on_loops = 1
; wipe_speed = 8
; wipe_tower_bridging = 10
; wipe_tower_cone_angle = 0
; wipe_tower_extra_flow = 100%
; wipe_tower_extra_rib_length = 0
; wipe_tower_extra_spacing = 100%
; wipe_tower_filament = 0
; wipe_tower_fillet_wall = 1
; wipe_tower_max_purge_speed = 90
; wipe_tower_no_sparse_layers = 0
; wipe_tower_rib_width = 8
; wipe_tower_rotation_angle = 0
; wipe_tower_wall_type = rectangle
; wipe_tower_x = 165.000
; wipe_tower_x = 165
; wipe_tower_y = 250.000
; wipe_tower_y = 250
; wiping_volumes_extruders = 70,70,70,70,70,70,70,70,70,70
; xy_contour_compensation = 0
; xy_hole_compensation = 0
; z_hop = 1
; z_hop_types = Normal Lift
; z_offset = 0
; first_layer_bed_temperature = 50
; bed_shape = 0x0,1000x0,1000x1000,0x1000
; first_layer_temperature = 220
; first_layer_height = 1.000
; CONFIG_BLOCK_END


