; HEADER_BLOCK_START
; generated by OrcaSlicer 2.3.3 on 2026-04-09 at 14:29:34
; total layer number: 292
; filament_density: 1.23
; filament_diameter: 1.12838
; max_z_height: 437.50
; HEADER_BLOCK_END

; THUMBNAIL_BLOCK_START

;
; thumbnail begin 50x50 932
; iVBORw0KGgoAAAANSUhEUgAAADIAAAAyCAYAAAAeP4ixAAACgElEQVR4Ae2ZP0vrUBjGD2qx2BBipY
; nRtkZrl3sX4W5XEN1EHBwEJ0UQR9FBRUHs4KDg0EFBFynqIAgqOig4WHRw9SP4EfoRjucVIsfQ2Jyc
; k+QU88ADpX/S/vq878OhRSiWNy1nMmWw0tKioWZUsb196DSff3stFjEYbsN9qJk0o2krNgDtx0KhBo
; 9Jnw58wMNstloPgjY8x0wkLCSjJlR1vhGAMx14DZJJW4ZRYYGgvWeaN5GPGizvlWW9+4WwDdcYUZQp
; FIUW0ukSL4Bz1OCaoaXjrFXRhiIIvKbdalW07ZpGogVx8yw0TzrCalrUQvOkw10EcEaKCsBpX+e1oB
; far5nPa2u6Xn0qFKSCAD8PDuINw3jzDLLY1VXd7+nB15YlDcRtfz/eNAw8l06zgeyaJgZXcjn8Qr6J
; KCGOyWdY1fVP+wYBH/T24vuBgdABHsh7bnd3f0Fwg4Bh1C7JqIWVzlk+/w1AGIjto2wWB1kEsNB75E
; urByEUhE5HNMRFX58rQCAgdDqiRu2AXKsRRGAg4DJJ545Uo8iFjgTEHrVzspys6ZxQtSoFCD1qjx6K
; AFLYIc9nhQgNxEsRuNWqdCBuNQ216nWhpQKx04EiYF1o6UBsiwCIQWKQGCQGcRf5LWloWtMqsoGQH+
; 2qamurhVg1nEqtlAyjJgPI/1SqhHgE6azr+ntUIEuZTC2XSIwiUZpU1XLYIOOqWkFBCNLxM2p+IISm
; 4CbWImBdaBSm/iSTU17T8Qrxr6ND/F8JXgSjNtvZecMLAinobW3R/wffqAh+ghhTlDKSST/VdCi1Kl
; r1iiDyhfYrZxHQEH+TyXnUTKLPa1znJFkE5zXuc9Jv0gcfZY+aKvI2HwAAAABJRU5ErkJggg==
; thumbnail end
; THUMBNAIL_BLOCK_END

; external perimeters extrusion width = 3.20mm
; perimeters extrusion width = 3.20mm
; infill extrusion width = 3.20mm
; solid infill extrusion width = 3.20mm
; top infill extrusion width = 3.20mm
; first layer extrusion width = 3.20mm

; EXECUTABLE_BLOCK_START
EXCLUDE_OBJECT_DEFINE NAME=Cube_id_0_copy_0 CENTER=500,500 POLYGON=[[281.103,281.103],[718.897,281.103],[718.897,718.897],[281.103,718.897],[281.103,281.103]]
M73 P0 R768
;TYPE:Custom
START_PRINT BED_TEMPERATURE=80 KAMP_LEVELING=1 EXTRUDER_ROTATION_VOLUME=640 MIXING_STEPPER_ROTATION_VOLUME=8000 PURGE_LAYER_HEIGHT=2 PURGE_PARKING_SPEED=10000 PURGE_LENGHT=500 PURGE_SPEED=400 PURGE_MATERIAL_QUANTITY=15000 EXTRUDER_TEMPERATURE=220 EXTRUDER_TEMPERATURE_INITIAL_LAYER=220 PRESSURE_ADVANCE=0.2 PRESSURE_ADVANCE_SMOOTH_TIME=0.5 ZONE_1_TEMPERATURE=215 ZONE_2_TEMPERATURE=235 ZONE_3_TEMPERATURE=235
G90
G21
M83 ; use relative distances for extrusion
SET_PRESSURE_ADVANCE EXTRUDER=extruder SMOOTH_TIME=0.4
SET_PRESSURE_ADVANCE ADVANCE=0.25; Override pressure advance value
SET_EXTRUDER_ROTATION_DISTANCE EXTRUDER=extruder DISTANCE=640
SET_EXTRUDER_ROTATION_DISTANCE EXTRUDER=mixing_stepper DISTANCE=8000
M106 S0
;LAYER_CHANGE
;Z:1
;HEIGHT:1
;BEFORE_LAYER_CHANGE
;1
G92 E0

;AFTER_LAYER_CHANGE
;1
;_SET_FAN_SPEED_CHANGING_LAYER
SET_VELOCITY_LIMIT ACCEL=300
SET_VELOCITY_LIMIT SQUARE_CORNER_VELOCITY=1
G1 E-10 F9000
G1 Z2 F15000
G1 X260.204 Y260.446
G1 Z1
G1 E17 F9000
;TYPE:Skirt
;WIDTH:3.2
G1 F3000
G1 X261.404 Y259.279 E4.99799
G1 X264.164 Y257.073 E10.54727
G1 X266.749 Y255.446 E9.11757
G1 X269.93 Y253.909 E10.5473
G1 X271.991 Y253.151 E6.55694
G1 X274.94 Y252.356 E9.11755
G1 X278.433 Y251.825 E10.54731
G1 X280.665 Y251.707 E6.6722
G1 X719.326 Y251.706 E1309.57642
G1 X722.849 Y251.97 E10.54724
G1 X725.013 Y252.346 E6.55694
G1 X727.963 Y253.136 E9.11755
G1 X730.026 Y253.891 E6.55691
G1 X733.209 Y255.422 E10.54724
G1 X735.087 Y256.562 E6.55691
G1 X736.873 Y257.84 E6.55701
G1 X739.19 Y259.83 E9.11754
G1 X740.721 Y261.404 E6.55688
G1 X742.927 Y264.164 E10.54724
G1 X744.554 Y266.749 E9.11757
G1 X745.554 Y268.704 E6.55688
G1 X746.406 Y270.729 E6.55694
G1 X747.451 Y274.103 E10.54724
G1 X748.023 Y277.103 E9.11755
G1 X748.241 Y279.298 E6.58487
G1 X748.302 Y281.103 E5.39185
G1 X748.302 Y718.897 E1306.98529
G1 X748.18 Y721.519 E7.83813
G1 X747.654 Y725.013 E10.54732
G1 X746.864 Y727.963 E9.11768
G1 X746.109 Y730.026 E6.55691
G1 X744.578 Y733.209 E10.54736
G1 X743.438 Y735.087 E6.55691
G1 X742.16 Y736.873 E6.55688
G1 X740.17 Y739.19 E9.11754
G1 X738.596 Y740.721 E6.55688
G1 X735.836 Y742.927 E10.54736
G1 X733.251 Y744.554 E9.11757
G1 X730.07 Y746.091 E10.54736
G1 X728.009 Y746.849 E6.55688
G1 X725.06 Y747.644 E9.11755
G1 X721.567 Y748.175 E10.54736
G1 X718.897 Y748.302 E7.98145
G1 X281.103 Y748.302 E1306.98529
G1 X278.481 Y748.18 E7.83789
M73 P0 R767
G1 X274.987 Y747.654 E10.54732
G1 X272.037 Y746.864 E9.11768
G1 X269.974 Y746.109 E6.55691
G1 X266.791 Y744.578 E10.54736
G1 X264.913 Y743.438 E6.55691
G1 X263.127 Y742.16 E6.55713
G1 X260.81 Y740.17 E9.11754
G1 X259.279 Y738.596 E6.55713
G1 X257.073 Y735.836 E10.54736
G1 X255.446 Y733.251 E9.11757
G1 X253.909 Y730.07 E10.54736
G1 X253.151 Y728.009 E6.55713
G1 X252.356 Y725.06 E9.11755
G1 X251.825 Y721.567 E10.54736
G1 X251.698 Y718.897 E7.98145
G1 X251.698 Y281.103 E1306.98529
G1 X251.82 Y278.481 E7.83789
G1 X252.346 Y274.987 E10.54732
G1 X253.136 Y272.037 E9.11768
G1 X253.891 Y269.974 E6.55691
G1 X255.422 Y266.791 E10.54736
G1 X256.562 Y264.913 E6.55691
G1 X257.84 Y263.127 E6.55713
G1 X259.83 Y260.81 E9.11754
G1 X259.989 Y260.655 E.66331
; printing object Cube id:0 copy 0
;WIPE_START
G1 X261.404 Y259.279 E-2.82021
G1 X264.164 Y257.073 E-5.04708
G1 X265.428 Y256.278 E-2.13271
;WIPE_END
EXCLUDE_OBJECT_START NAME=Cube_id_0_copy_0
G1 Z2 F15000
G1 X269.177 Y269.827 Z2
G1 Z1
G1 E17 F9000
;TYPE:Brim
G1 F2400
G1 X269.926 Y269.077 E3.16504
G1 X270.855 Y268.276 E3.66174
G1 X271.841 Y267.547 E3.66162
G1 X272.879 Y266.893 E3.66177
G1 X273.962 Y266.319 E3.66162
G1 X275.086 Y265.827 E3.6617
G1 X276.243 Y265.421 E3.66162
G1 X277.427 Y265.102 E3.66162
G1 X278.632 Y264.872 E3.66173
G1 X279.85 Y264.733 E3.66016
G1 X281.132 Y264.684 E3.8287
G1 X718.869 Y264.684 E1306.81689
G1 X720.122 Y264.731 E3.74512
G1 X721.341 Y264.868 E3.66175
G1 X722.546 Y265.096 E3.66162
G1 X723.731 Y265.413 E3.66173
G1 X724.889 Y265.817 E3.66162
G1 X726.013 Y266.307 E3.66162
G1 X727.098 Y266.88 E3.66173
G1 X728.137 Y267.532 E3.66162
G1 X729.124 Y268.26 E3.66162
G1 X730.055 Y269.059 E3.66162
G1 X730.923 Y269.926 E3.66173
G1 X731.724 Y270.855 E3.66162
G1 X732.453 Y271.841 E3.66162
G1 X733.107 Y272.879 E3.66177
G1 X733.681 Y273.962 E3.66162
G1 X734.173 Y275.086 E3.6617
G1 X734.579 Y276.243 E3.66162
G1 X734.898 Y277.427 E3.66162
G1 X735.128 Y278.632 E3.66173
G1 X735.267 Y279.85 E3.66016
G1 X735.316 Y281.132 E3.8287
G1 X735.316 Y718.869 E1306.81738
G1 X735.269 Y720.122 E3.74512
G1 X735.132 Y721.341 E3.66175
G1 X734.904 Y722.546 E3.66211
G1 X734.587 Y723.731 E3.66173
G1 X734.183 Y724.889 E3.66211
G1 X733.693 Y726.013 E3.66211
G1 X733.12 Y727.098 E3.66173
G1 X732.468 Y728.137 E3.66211
G1 X731.74 Y729.124 E3.66211
G1 X730.941 Y730.055 E3.66176
G1 X730.074 Y730.923 E3.66211
G1 X729.145 Y731.724 E3.66211
G1 X728.159 Y732.453 E3.66211
G1 X727.121 Y733.107 E3.66177
G1 X726.038 Y733.681 E3.66211
G1 X724.914 Y734.173 E3.6617
G1 X723.757 Y734.579 E3.66211
G1 X722.573 Y734.898 E3.66211
G1 X721.368 Y735.128 E3.66173
G1 X720.15 Y735.267 E3.66016
G1 X718.868 Y735.316 E3.8287
G1 X281.131 Y735.316 E1306.81738
G1 X279.878 Y735.269 E3.74512
G1 X278.659 Y735.132 E3.66175
G1 X277.454 Y734.904 E3.66211
G1 X276.269 Y734.587 E3.66173
G1 X275.111 Y734.183 E3.66211
G1 X273.987 Y733.693 E3.66211
G1 X272.902 Y733.12 E3.66173
G1 X271.863 Y732.468 E3.66211
G1 X270.876 Y731.74 E3.66211
G1 X269.945 Y730.941 E3.66176
G1 X269.077 Y730.074 E3.66211
G1 X268.276 Y729.145 E3.66211
G1 X267.547 Y728.159 E3.66211
G1 X266.893 Y727.121 E3.66177
G1 X266.319 Y726.038 E3.66211
G1 X265.827 Y724.914 E3.6617
G1 X265.421 Y723.757 E3.66211
G1 X265.102 Y722.573 E3.66211
G1 X264.872 Y721.368 E3.66173
G1 X264.733 Y720.15 E3.66016
G1 X264.684 Y718.868 E3.8287
G1 X264.684 Y281.131 E1306.81738
G1 X264.731 Y279.878 E3.74512
M73 P0 R766
G1 X264.868 Y278.659 E3.66175
G1 X265.096 Y277.454 E3.66211
G1 X265.413 Y276.269 E3.66173
G1 X265.817 Y275.111 E3.66211
G1 X266.307 Y273.987 E3.66211
G1 X266.88 Y272.902 E3.66173
G1 X267.532 Y271.863 E3.66211
G1 X268.26 Y270.876 E3.66211
G1 X268.972 Y270.047 E3.2628
;WIPE_START
G1 X269.926 Y269.077 E-1.94264
G1 X270.855 Y268.276 E-1.75222
G1 X271.841 Y267.547 E-1.75219
G1 X272.879 Y266.893 E-1.75223
G1 X273.962 Y266.319 E-1.75222
G1 X274.635 Y266.025 E-1.0485
;WIPE_END
G1 Z2 F15000
G1 X271.238 Y271.994 Z2
G1 Z1
G1 E17 F9000
G1 F2400
G1 X271.274 Y271.952 E.16549
G1 X271.985 Y271.244 E2.99512
G1 X272.694 Y270.632 E2.7959
G1 X273.554 Y269.996 E3.19434
G1 X274.405 Y269.463 E2.99521
G1 X275.292 Y268.996 E2.99512
G1 X276.15 Y268.62 E2.7959
G1 X277.16 Y268.265 E3.19481
G1 X278.129 Y268.007 E2.99512
G1 X279.049 Y267.831 E2.79555
G1 X280.111 Y267.71 E3.19043
G1 X281.206 Y267.669 E3.27148
G1 X718.83 Y267.67 E1306.47949
G1 X719.933 Y267.713 E3.29513
G1 X720.929 Y267.828 E2.99512
G1 X721.915 Y268.017 E2.99516
G1 X722.819 Y268.259 E2.7959
G1 X723.829 Y268.612 E3.19434
G1 X724.748 Y269.015 E2.9952
G1 X725.576 Y269.452 E2.7959
G1 X726.483 Y270.021 E3.19481
G1 X727.236 Y270.577 E2.7959
G1 X727.999 Y271.229 E2.99525
G1 X728.711 Y271.936 E2.99512
G1 X729.41 Y272.746 E3.19434
G1 X730.004 Y273.554 E2.99512
G1 X730.503 Y274.347 E2.7956
G1 X730.975 Y275.232 E2.99512
G1 X731.404 Y276.212 E3.19434
G1 X731.715 Y277.096 E2.7956
G1 X731.978 Y278.064 E2.99512
G1 X732.169 Y279.049 E2.99517
G1 X732.285 Y280.043 E2.98828
G1 X732.33 Y281.172 E3.37146
G1 X732.331 Y718.796 E1306.48145
G1 X732.292 Y719.866 E3.19539
G1 X732.172 Y720.929 E3.19434
G1 X731.983 Y721.915 E2.99516
G1 X731.741 Y722.819 E2.7959
G1 X731.412 Y723.767 E2.99517
G1 X730.985 Y724.748 E3.19434
G1 X730.514 Y725.634 E2.99516
G1 X730.016 Y726.427 E2.7959
G1 X729.423 Y727.236 E2.99512
G1 X728.726 Y728.048 E3.19531
G1 X728.015 Y728.756 E2.99519
G1 X727.306 Y729.368 E2.7959
G1 X726.446 Y730.004 E3.19434
G1 X725.595 Y730.537 E2.99521
G1 X724.708 Y731.004 E2.99512
G1 X723.85 Y731.38 E2.7959
G1 X722.84 Y731.735 E3.19481
G1 X721.871 Y731.993 E2.99512
G1 X720.951 Y732.169 E2.7959
G1 X719.889 Y732.29 E3.19045
G1 X718.794 Y732.331 E3.27148
G1 X281.204 Y732.331 E1306.37891
G1 X280.134 Y732.292 E3.19539
G1 X279.071 Y732.172 E3.19434
G1 X278.085 Y731.983 E2.99516
G1 X277.181 Y731.741 E2.7959
G1 X276.233 Y731.412 E2.99517
G1 X275.252 Y730.985 E3.19434
G1 X274.366 Y730.514 E2.99516
G1 X273.573 Y730.016 E2.7959
G1 X272.764 Y729.423 E2.99512
G1 X271.952 Y728.726 E3.19531
G1 X271.244 Y728.015 E2.99519
G1 X270.632 Y727.306 E2.7959
G1 X269.996 Y726.446 E3.19434
G1 X269.463 Y725.595 E2.99521
G1 X268.996 Y724.708 E2.99512
G1 X268.62 Y723.85 E2.7959
G1 X268.265 Y722.84 E3.19481
G1 X268.007 Y721.871 E2.99512
G1 X267.831 Y720.951 E2.7959
G1 X267.71 Y719.889 E3.19045
G1 X267.669 Y718.794 E3.27148
G1 X267.669 Y281.204 E1306.37988
G1 X267.708 Y280.134 E3.19539
G1 X267.828 Y279.071 E3.19531
G1 X268.017 Y278.085 E2.99516
G1 X268.259 Y277.181 E2.79492
G1 X268.588 Y276.233 E2.99517
G1 X269.015 Y275.252 E3.19531
G1 X269.486 Y274.366 E2.99609
G1 X269.984 Y273.573 E2.7956
G1 X270.577 Y272.764 E2.99609
G1 X271.043 Y272.221 E2.13374
;WIPE_START
G1 X271.274 Y271.952 E-.50776
G1 X271.985 Y271.244 E-1.43326
G1 X272.694 Y270.632 E-1.33774
G1 X273.554 Y269.996 E-1.52874
G1 X274.405 Y269.463 E-1.43327
G1 X275.292 Y268.996 E-1.43327
G1 X276.15 Y268.62 E-1.33771
G1 X276.803 Y268.391 E-.98824
;WIPE_END
G1 Z2 F15000
G1 X273.302 Y274.175 Z2
G1 Z1
G1 E17 F9000
G1 F2400
G1 X273.488 Y273.961 E.84766
G1 X273.993 Y273.457 E2.12899
G1 X274.534 Y272.988 E2.13672
G1 X275.209 Y272.485 E2.51367
G1 X275.924 Y272.037 E2.51953
G1 X276.56 Y271.702 E2.14356
G1 X277.214 Y271.413 E2.13672
G1 X278.074 Y271.111 E2.72006
G1 X278.763 Y270.928 E2.12891
G1 X279.466 Y270.791 E2.13651
G1 X280.371 Y270.688 E2.71875
G1 X281.279 Y270.654 E2.71289
G1 X718.753 Y270.655 E1306.03125
G1 X719.669 Y270.691 E2.73714
M73 P0 R765
G1 X720.51 Y270.787 E2.52734
G1 X721.215 Y270.923 E2.14349
G1 X721.907 Y271.105 E2.13672
G1 X722.767 Y271.406 E2.7207
G1 X723.42 Y271.693 E2.12901
G1 X724.054 Y272.025 E2.13672
G1 X724.773 Y272.473 E2.52825
G1 X725.403 Y272.937 E2.33594
G1 X725.949 Y273.404 E2.14347
G1 X726.501 Y273.948 E2.31445
G1 X727.094 Y274.636 E2.71289
G1 X727.516 Y275.211 E2.12898
G1 X727.902 Y275.819 E2.15039
G1 X728.3 Y276.567 E2.52828
G1 X728.636 Y277.339 E2.51367
G1 X728.871 Y278.015 E2.13672
G1 X729.059 Y278.708 E2.14347
G1 X729.21 Y279.473 E2.32813
G1 X729.308 Y280.311 E2.51848
G1 X729.345 Y281.25 E2.80664
G1 X729.346 Y718.725 E1306.03391
G1 X729.309 Y719.677 E2.8457
G1 X729.212 Y720.515 E2.51706
G1 X729.077 Y721.215 E2.12891
G1 X728.893 Y721.912 E2.15128
G1 X728.641 Y722.647 E2.32227
G1 X728.278 Y723.48 E2.71289
G1 X727.943 Y724.11 E2.12891
G1 X727.562 Y724.722 E2.15126
G1 X727.061 Y725.405 E2.52734
G1 X726.512 Y726.039 E2.50586
G1 X726.007 Y726.543 E2.12899
G1 X725.466 Y727.012 E2.13672
G1 X724.791 Y727.515 E2.51367
G1 X724.076 Y727.963 E2.51953
G1 X723.44 Y728.298 E2.14356
G1 X722.786 Y728.587 E2.13672
G1 X721.926 Y728.889 E2.72006
G1 X721.237 Y729.072 E2.12891
G1 X720.534 Y729.209 E2.13651
G1 X719.629 Y729.312 E2.71875
G1 X718.721 Y729.346 E2.71289
G1 X281.275 Y729.346 E1305.94838
G1 X280.323 Y729.309 E2.8457
G1 X279.485 Y729.212 E2.51706
G1 X278.785 Y729.077 E2.12891
G1 X278.088 Y728.893 E2.15128
G1 X277.353 Y728.641 E2.32227
G1 X276.52 Y728.278 E2.71289
G1 X275.89 Y727.943 E2.12891
G1 X275.278 Y727.562 E2.15126
G1 X274.595 Y727.061 E2.52734
G1 X273.961 Y726.512 E2.50586
G1 X273.457 Y726.007 E2.12899
G1 X272.988 Y725.466 E2.13672
G1 X272.485 Y724.791 E2.51367
G1 X272.037 Y724.076 E2.51953
G1 X271.702 Y723.44 E2.14356
G1 X271.413 Y722.786 E2.13672
G1 X271.111 Y721.926 E2.72006
G1 X270.928 Y721.237 E2.12891
G1 X270.791 Y720.534 E2.13651
G1 X270.688 Y719.629 E2.71875
G1 X270.654 Y718.721 E2.71289
G1 X270.654 Y281.275 E1305.94838
G1 X270.691 Y280.323 E2.8457
G1 X270.788 Y279.485 E2.51706
G1 X270.923 Y278.785 E2.12891
G1 X271.107 Y278.088 E2.15128
G1 X271.359 Y277.353 E2.32227
G1 X271.722 Y276.52 E2.71289
G1 X272.057 Y275.89 E2.12891
G1 X272.438 Y275.278 E2.15126
G1 X272.939 Y274.595 E2.52734
G1 X273.106 Y274.402 E.76226
;WIPE_START
G1 X273.488 Y273.961 E-.83445
G1 X273.993 Y273.457 E-1.01877
G1 X274.534 Y272.988 E-1.02253
G1 X275.209 Y272.485 E-1.20286
G1 X275.924 Y272.037 E-1.20608
G1 X276.56 Y271.702 E-1.02574
G1 X277.214 Y271.413 E-1.02247
G1 X278.074 Y271.111 E-1.3016
G1 X278.763 Y270.928 E-1.01878
G1 X279.001 Y270.881 E-.34672
;WIPE_END
G1 Z2 F15000
G1 X275.367 Y276.357 Z2
G1 Z1
G1 E17 F9000
G1 F2400
G1 X275.733 Y275.933 E1.67103
G1 X276.11 Y275.572 E1.55859
G1 X276.857 Y274.981 E2.84375
G1 X277.231 Y274.734 E1.33789
G1 X277.693 Y274.477 E1.57813
G1 X278.22 Y274.235 E1.73137
G1 X279.014 Y273.947 E2.52148
G1 X279.436 Y273.836 E1.30133
G1 X280.233 Y273.704 E2.41211
G1 X281.165 Y273.64 E2.78906
G1 X718.833 Y273.64 E1306.61091
G1 X719.883 Y273.721 E3.14453
G1 X720.276 Y273.781 E1.1875
G1 X720.723 Y273.876 E1.36235
G1 X721.23 Y274.026 E1.57813
G1 X721.772 Y274.232 E1.73118
G1 X722.537 Y274.598 E2.53125
G1 X722.9 Y274.812 E1.26172
G1 X723.501 Y275.245 E2.20882
G1 X724.067 Y275.733 E2.23047
G1 X724.428 Y276.11 E1.55859
G1 X725.019 Y276.857 E2.84375
G1 X725.266 Y277.231 E1.33789
G1 X725.523 Y277.693 E1.57813
G1 X725.765 Y278.22 E1.73137
G1 X726.053 Y279.014 E2.52148
G1 X726.164 Y279.436 E1.30133
G1 X726.296 Y280.233 E2.41211
G1 X726.36 Y281.165 E2.78906
G1 X726.36 Y718.833 E1306.61091
G1 X726.279 Y719.883 E3.14453
M73 P0 R764
G1 X726.219 Y720.276 E1.1875
G1 X726.124 Y720.723 E1.36235
G1 X725.974 Y721.23 E1.57813
G1 X725.768 Y721.772 E1.73118
G1 X725.402 Y722.537 E2.53125
G1 X725.188 Y722.9 E1.26172
G1 X724.755 Y723.501 E2.20882
G1 X724.267 Y724.067 E2.23047
G1 X723.89 Y724.428 E1.55859
G1 X723.143 Y725.019 E2.84375
G1 X722.769 Y725.266 E1.33833
G1 X722.307 Y725.523 E1.57813
G1 X721.78 Y725.765 E1.73137
G1 X720.986 Y726.053 E2.52148
G1 X720.564 Y726.164 E1.30133
G1 X719.767 Y726.296 E2.41211
G1 X718.835 Y726.36 E2.78906
G1 X281.167 Y726.36 E1306.61091
G1 X280.117 Y726.279 E3.14453
G1 X279.724 Y726.219 E1.1875
G1 X279.277 Y726.124 E1.36235
G1 X278.77 Y725.974 E1.57813
G1 X278.228 Y725.768 E1.73118
G1 X277.463 Y725.402 E2.53125
G1 X277.1 Y725.188 E1.26172
G1 X276.499 Y724.755 E2.20882
G1 X275.933 Y724.267 E2.23047
G1 X275.572 Y723.89 E1.55859
G1 X274.981 Y723.143 E2.84375
G1 X274.734 Y722.769 E1.33833
G1 X274.477 Y722.307 E1.57813
G1 X274.235 Y721.78 E1.73137
G1 X273.947 Y720.986 E2.52148
G1 X273.836 Y720.564 E1.30133
G1 X273.704 Y719.767 E2.41211
G1 X273.64 Y718.835 E2.78906
G1 X273.64 Y281.167 E1306.61091
G1 X273.721 Y280.117 E3.14453
G1 X273.781 Y279.724 E1.1875
G1 X273.876 Y279.277 E1.36235
G1 X274.026 Y278.77 E1.57813
G1 X274.232 Y278.228 E1.73118
G1 X274.598 Y277.463 E2.53125
G1 X274.812 Y277.1 E1.26172
G1 X275.179 Y276.59 E1.87351
;WIPE_START
G1 X275.733 Y275.933 E-1.22764
G1 X276.11 Y275.572 E-.74589
G1 X276.857 Y274.981 E-1.36037
G1 X277.231 Y274.734 E-.64042
G1 X277.693 Y274.477 E-.75555
G1 X278.22 Y274.235 E-.8285
G1 X279.014 Y273.947 E-1.20684
G1 X279.436 Y273.836 E-.62271
G1 X280.233 Y273.704 E-1.15456
G1 X281.165 Y273.64 E-1.3345
G1 X281.251 Y273.64 E-.12303
;WIPE_END
G1 Z2 F15000
G1 X277.557 Y278.389 Z2
G1 Z1
G1 E17 F9000
G1 F2400
G1 X277.636 Y278.285 E.39063
G1 X277.98 Y277.898 E1.54434
G1 X278.483 Y277.485 E1.94336
G1 X278.905 Y277.205 E1.51172
G1 X279.497 Y276.934 E1.94336
G1 X279.986 Y276.77 E1.53913
G1 X280.31 Y276.707 E.98633
G1 X280.662 Y276.658 E1.06133
G1 X281.134 Y276.625 E1.41211
G1 X718.868 Y276.625 E1306.80664
G1 X719.629 Y276.695 E2.2821
G1 X720.135 Y276.803 E1.54492
G1 X720.743 Y277.035 E1.94336
G1 X721.205 Y277.269 E1.54475
G1 X721.454 Y277.439 E.90039
G1 X721.715 Y277.636 E.97852
G1 X722.102 Y277.98 E1.54434
G1 X722.515 Y278.483 E1.94336
G1 X722.795 Y278.905 E1.51172
G1 X723.066 Y279.497 E1.94336
G1 X723.23 Y279.986 E1.53913
G1 X723.293 Y280.31 E.98633
G1 X723.342 Y280.662 E1.06133
G1 X723.375 Y281.134 E1.41211
G1 X723.375 Y718.868 E1306.80664
G1 X723.305 Y719.629 E2.2821
G1 X723.197 Y720.135 E1.54492
G1 X722.965 Y720.743 E1.94336
G1 X722.731 Y721.205 E1.54475
G1 X722.561 Y721.454 E.90039
G1 X722.364 Y721.715 E.97852
G1 X722.02 Y722.102 E1.54434
G1 X721.517 Y722.515 E1.94336
G1 X721.095 Y722.795 E1.51151
G1 X720.503 Y723.066 E1.94336
G1 X720.014 Y723.23 E1.53913
G1 X719.69 Y723.293 E.98633
G1 X719.338 Y723.342 E1.06133
G1 X718.866 Y723.375 E1.41211
G1 X281.132 Y723.375 E1306.80664
G1 X280.371 Y723.305 E2.2821
M73 P0 R763
G1 X279.865 Y723.197 E1.54492
G1 X279.257 Y722.965 E1.94336
G1 X278.795 Y722.731 E1.54475
G1 X278.546 Y722.561 E.90039
G1 X278.285 Y722.364 E.97852
G1 X277.898 Y722.02 E1.54434
G1 X277.485 Y721.517 E1.94336
G1 X277.205 Y721.095 E1.51151
G1 X276.934 Y720.503 E1.94336
G1 X276.77 Y720.014 E1.53913
G1 X276.707 Y719.69 E.98633
G1 X276.658 Y719.338 E1.06133
G1 X276.625 Y718.866 E1.41211
G1 X276.625 Y281.132 E1306.80469
G1 X276.695 Y280.371 E2.28125
G1 X276.803 Y279.865 E1.54436
G1 X277.035 Y279.257 E1.94531
G1 X277.269 Y278.795 E1.54475
G1 X277.381 Y278.631 E.59265
;WIPE_START
G1 X277.636 Y278.285 E-.61533
G1 X277.98 Y277.898 E-.739
G1 X278.483 Y277.485 E-.93009
G1 X278.905 Y277.205 E-.72329
G1 X279.497 Y276.934 E-.93012
G1 X279.986 Y276.77 E-.7365
G1 X280.31 Y276.707 E-.4721
G1 X280.662 Y276.658 E-.50787
G1 X281.134 Y276.625 E-.67556
G1 X283.703 Y276.625 E-3.67015
;WIPE_END
G1 Z2 F15000
G1 X279.807 Y280.364 Z2
G1 Z1
G1 E17 F9000
G1 F2400
G1 X280.039 Y280.057 E1.15234
G1 X280.343 Y279.819 E1.151
G1 X280.697 Y279.667 E1.15234
G1 X281.103 Y279.611 E1.22656
G1 X718.897 Y279.611 E1306.98529
G1 X719.279 Y279.66 E1.15234
G1 X719.636 Y279.807 E1.15101
G1 X719.943 Y280.039 E1.15234
G1 X720.181 Y280.343 E1.151
G1 X720.333 Y280.697 E1.15234
G1 X720.389 Y281.103 E1.22656
G1 X720.389 Y718.897 E1306.98529
G1 X720.34 Y719.279 E1.15234
G1 X720.193 Y719.636 E1.15101
G1 X719.961 Y719.943 E1.15234
G1 X719.657 Y720.181 E1.151
G1 X719.303 Y720.333 E1.15234
G1 X718.897 Y720.389 E1.22656
G1 X281.103 Y720.389 E1306.98529
G1 X280.721 Y720.34 E1.15234
G1 X280.364 Y720.193 E1.15101
G1 X280.057 Y719.961 E1.15234
G1 X279.819 Y719.657 E1.151
G1 X279.667 Y719.303 E1.15234
G1 X279.611 Y718.897 E1.22656
G1 X279.611 Y281.103 E1306.98529
G1 X279.66 Y280.721 E1.15234
M73 P0 R762
G1 X279.693 Y280.642 E.25539
;WIPE_START
G1 F600
G1 X280.039 Y280.057 E-.97128
G1 X280.343 Y279.819 E-.55078
G1 X280.697 Y279.667 E-.55078
G1 X281.103 Y279.611 E-.58614
G1 X286.242 Y279.611 E-7.34103
;WIPE_END
G1 Z2 F15000
G1 X282.703 Y282.703 Z2
G1 Z1
G1 E17 F9000
;TYPE:Outer wall
;WIDTH:3.2
G1 F2400
G1 X717.297 Y282.703 E1297.43192
G1 X717.297 Y717.297 E1297.43192
G1 X282.703 Y717.297 E1297.43192
G1 X282.703 Y283.003 E1296.5363
;WIPE_START
G1 F600
G1 X289.703 Y282.999 E-10
;WIPE_END
G1 Z2 F15000
G1 X709.896 Y284.047 Z2
G1 Z1
G1 E17 F9000
;TYPE:Bottom surface
;WIDTH:3.21083
G1 F2400
G1 X714.61 Y288.761 E19.97656
G1 X714.61 Y292.998 E12.69589
G1 X707.002 Y285.39 E32.23828
G1 X702.765 Y285.39 E12.69531
G1 X714.61 Y297.235 E50.19141
G1 X714.61 Y301.473 E12.69589
G1 X698.527 Y285.39 E68.14844
G1 X694.29 Y285.39 E12.69531
M73 P0 R761
G1 X714.61 Y305.71 E86.10121
G1 X714.61 Y309.947 E12.69531
G1 X690.053 Y285.39 E104.05469
G1 X685.815 Y285.39 E12.69589
G1 X714.61 Y314.185 E122.01172
G1 X714.61 Y318.422 E12.69531
G1 X681.578 Y285.39 E139.96532
G1 X677.341 Y285.39 E12.69531
G1 X714.61 Y322.659 E157.92188
G1 X714.61 Y326.897 E12.69589
G1 X673.103 Y285.39 E175.875
G1 X668.866 Y285.39 E12.69531
G1 X714.61 Y331.134 E193.82942
G1 X714.61 Y335.371 E12.69531
G1 X664.629 Y285.39 E211.78413
G1 X660.392 Y285.39 E12.69531
G1 X714.61 Y339.608 E229.73828
G1 X714.61 Y343.846 E12.69589
G1 X656.154 Y285.39 E247.69531
G1 X651.917 Y285.39 E12.69531
G1 X714.61 Y348.083 E265.64824
G1 X714.61 Y352.32 E12.69531
G1 X647.68 Y285.39 E283.60156
G1 X643.442 Y285.39 E12.69589
G1 X714.61 Y356.558 E301.55859
G1 X714.61 Y360.795 E12.69531
G1 X639.205 Y285.39 E319.51234
G1 X634.968 Y285.39 E12.69531
G1 X714.61 Y365.032 E337.46875
G1 X714.61 Y369.27 E12.69589
G1 X630.73 Y285.39 E355.42188
G1 X626.493 Y285.39 E12.69531
G1 X714.61 Y373.507 E373.37645
G1 X714.61 Y377.744 E12.69531
G1 X622.256 Y285.39 E391.33203
G1 X618.018 Y285.39 E12.69589
G1 X714.61 Y381.982 E409.28516
G1 X714.61 Y386.219 E12.69531
G1 X613.781 Y285.39 E427.24056
G1 X609.544 Y285.39 E12.69531
G1 X714.61 Y390.456 E445.19526
G1 X714.61 Y394.693 E12.69531
G1 X605.307 Y285.39 E463.14844
G1 X601.069 Y285.39 E12.69589
G1 X714.61 Y398.931 E481.10547
G1 X714.61 Y403.168 E12.69531
M73 P0 R760
G1 X596.832 Y285.39 E499.05937
G1 X592.595 Y285.39 E12.69531
G1 X714.61 Y407.405 E517.01563
G1 X714.61 Y411.643 E12.69589
M73 P1 R760
G1 X588.357 Y285.39 E534.96875
G1 X584.12 Y285.39 E12.69531
G1 X714.61 Y415.88 E552.92348
G1 X714.61 Y420.117 E12.69531
G1 X579.883 Y285.39 E570.87891
G1 X575.645 Y285.39 E12.69589
G1 X714.61 Y424.355 E588.83203
G1 X714.61 Y428.592 E12.69531
G1 X571.408 Y285.39 E606.78759
G1 X567.171 Y285.39 E12.69531
G1 X714.61 Y432.829 E624.74229
G1 X714.61 Y437.066 E12.69531
G1 X562.934 Y285.39 E642.69531
G1 X558.696 Y285.39 E12.69589
G1 X714.61 Y441.304 E660.65234
G1 X714.61 Y445.541 E12.69531
G1 X554.459 Y285.39 E678.6064
G1 X550.222 Y285.39 E12.69531
M73 P1 R759
G1 X714.61 Y449.778 E696.5625
G1 X714.61 Y454.016 E12.69589
G1 X545.984 Y285.39 E714.51563
G1 X541.747 Y285.39 E12.69531
G1 X714.61 Y458.253 E732.4705
G1 X714.61 Y462.49 E12.69531
G1 X537.51 Y285.39 E750.42578
G1 X533.272 Y285.39 E12.69589
G1 X714.61 Y466.728 E768.37891
G1 X714.61 Y470.965 E12.69531
G1 X529.035 Y285.39 E786.33461
G1 X524.798 Y285.39 E12.69531
G1 X714.61 Y475.202 E804.28932
G1 X714.61 Y479.439 E12.69531
G1 X520.561 Y285.39 E822.24219
G1 X516.323 Y285.39 E12.69589
G1 X714.61 Y483.677 E840.19922
G1 X714.61 Y487.914 E12.69531
M73 P1 R758
G1 X512.086 Y285.39 E858.15342
G1 X507.849 Y285.39 E12.69531
G1 X714.61 Y492.151 E876.10938
G1 X714.61 Y496.389 E12.69589
G1 X503.611 Y285.39 E894.0625
G1 X499.374 Y285.39 E12.69531
G1 X714.61 Y500.626 E912.01753
G1 X714.61 Y504.863 E12.69531
G1 X495.137 Y285.39 E929.96875
G1 X490.899 Y285.39 E12.69589
G1 X714.61 Y509.101 E947.92969
G1 X714.61 Y513.338 E12.69531
G1 X486.662 Y285.39 E965.88164
G1 X482.425 Y285.39 E12.69531
G1 X714.61 Y517.575 E983.83634
G1 X714.61 Y521.812 E12.69531
M73 P1 R757
G1 X478.188 Y285.39 E1001.78906
G1 X473.95 Y285.39 E12.69589
G1 X714.61 Y526.05 E1019.74219
G1 X714.61 Y530.287 E12.69531
G1 X469.713 Y285.39 E1037.70045
G1 X465.476 Y285.39 E12.69531
G1 X714.61 Y534.524 E1055.65625
G1 X714.61 Y538.762 E12.69589
G1 X461.238 Y285.39 E1073.60938
G1 X457.001 Y285.39 E12.69531
G1 X714.61 Y542.999 E1091.56456
G1 X714.61 Y547.236 E12.69531
M73 P1 R756
G1 X452.764 Y285.39 E1109.51563
G1 X448.526 Y285.39 E12.69589
G1 X714.61 Y551.474 E1127.47656
G1 X714.61 Y555.711 E12.69531
G1 X444.289 Y285.39 E1145.42867
G1 X440.052 Y285.39 E12.69531
G1 X714.61 Y559.948 E1163.38281
G1 X714.61 Y564.186 E12.69589
G1 X435.814 Y285.39 E1181.33594
G1 X431.577 Y285.39 E12.69531
G1 X714.61 Y568.423 E1199.29278
G1 X714.61 Y572.66 E12.69531
M73 P1 R755
G1 X427.34 Y285.39 E1217.24748
G1 X423.103 Y285.39 E12.69531
G1 X714.61 Y576.897 E1235.20313
G1 X714.61 Y581.135 E12.69589
G1 X418.865 Y285.39 E1253.15625
G1 X414.628 Y285.39 E12.69531
G1 X714.61 Y585.372 E1271.11159
G1 X714.61 Y589.609 E12.69531
G1 X410.391 Y285.39 E1289.0625
G1 X406.153 Y285.39 E12.69589
G1 X714.61 Y593.847 E1307.02344
G1 X714.61 Y598.084 E12.69531
M73 P1 R754
G1 X401.916 Y285.39 E1324.97569
G1 X397.679 Y285.39 E12.69531
G1 X714.61 Y602.321 E1342.92969
G1 X714.61 Y606.559 E12.69589
G1 X393.441 Y285.39 E1360.88281
G1 X389.204 Y285.39 E12.69531
G1 X714.61 Y610.796 E1378.8398
G1 X714.61 Y615.033 E12.69531
G1 X384.967 Y285.39 E1396.7945
G1 X380.73 Y285.39 E12.69531
M73 P1 R753
G1 X714.61 Y619.27 E1414.75
G1 X714.61 Y623.508 E12.69589
G1 X376.492 Y285.39 E1432.70313
G1 X372.255 Y285.39 E12.69531
G1 X714.61 Y627.745 E1450.65861
G1 X714.61 Y631.982 E12.69531
G1 X368.018 Y285.39 E1468.61719
G1 X363.78 Y285.39 E12.69589
M73 P2 R753
G1 X714.61 Y636.22 E1486.57031
G1 X714.61 Y640.457 E12.69531
M73 P2 R752
G1 X359.543 Y285.39 E1504.52272
G1 X355.306 Y285.39 E12.69531
G1 X714.61 Y644.694 E1522.47656
G1 X714.61 Y648.932 E12.69589
G1 X351.068 Y285.39 E1540.42969
G1 X346.831 Y285.39 E12.69531
G1 X714.61 Y653.169 E1558.38683
G1 X714.61 Y657.406 E12.69531
G1 X342.594 Y285.39 E1576.34153
G1 X338.357 Y285.39 E12.69531
M73 P2 R751
G1 X714.61 Y661.643 E1594.29688
G1 X714.61 Y665.881 E12.69589
G1 X334.119 Y285.39 E1612.25
G1 X329.882 Y285.39 E12.69531
G1 X714.61 Y670.118 E1630.20564
G1 X714.61 Y674.355 E12.69531
G1 X325.645 Y285.39 E1648.16406
G1 X321.407 Y285.39 E12.69589
M73 P2 R750
G1 X714.61 Y678.593 E1666.11719
G1 X714.61 Y682.83 E12.69531
G1 X317.17 Y285.39 E1684.06975
G1 X312.933 Y285.39 E12.69531
G1 X714.61 Y687.067 E1702.02344
G1 X714.61 Y691.305 E12.69589
G1 X308.695 Y285.39 E1719.97656
G1 X304.458 Y285.39 E12.69531
M73 P2 R749
G1 X714.61 Y695.542 E1737.93386
G1 X714.61 Y699.779 E12.69531
G1 X300.221 Y285.39 E1755.88856
G1 X295.984 Y285.39 E12.70313
G1 X714.61 Y704.016 E1773.84326
G1 X714.61 Y708.254 E12.70313
G1 X291.746 Y285.39 E1791.79796
G1 X287.509 Y285.39 E12.70313
M73 P2 R748
G1 X714.61 Y712.491 E1809.75
G1 X714.61 Y714.61 E6.34805
G1 X712.491 Y714.61 E6.34784
G1 X285.39 Y287.509 E1809.75
G1 X285.39 Y291.746 E12.70313
G1 X708.254 Y714.61 E1791.79828
G1 X704.017 Y714.61 E12.70313
G1 X285.39 Y295.983 E1773.84358
G1 X285.39 Y300.221 E12.70313
M73 P2 R747
G1 X699.779 Y714.61 E1755.88888
G1 X695.542 Y714.61 E12.70313
G1 X285.39 Y304.458 E1737.93417
G1 X285.39 Y308.695 E12.70313
G1 X691.305 Y714.61 E1719.97947
G1 X687.067 Y714.61 E12.70313
G1 X285.39 Y312.933 E1702.02477
G1 X285.39 Y317.17 E12.70313
M73 P2 R746
G1 X682.83 Y714.61 E1684.07006
G1 X678.593 Y714.61 E12.70313
G1 X285.39 Y321.407 E1666.11536
G1 X285.39 Y325.645 E12.70313
G1 X674.355 Y714.61 E1648.16066
G1 X670.118 Y714.61 E12.70313
G1 X285.39 Y329.882 E1630.20596
G1 X285.39 Y334.119 E12.70313
M73 P2 R745
G1 X665.881 Y714.61 E1612.25125
G1 X661.644 Y714.61 E12.70313
G1 X285.39 Y338.356 E1594.29655
G1 X285.39 Y342.594 E12.70313
G1 X657.406 Y714.61 E1576.34185
G1 X653.169 Y714.61 E12.70313
M73 P3 R745
G1 X285.39 Y346.831 E1558.38715
G1 X285.39 Y351.068 E12.70313
G1 X648.932 Y714.61 E1540.43244
G1 X644.694 Y714.61 E12.70313
M73 P3 R744
G1 X285.39 Y355.306 E1522.47774
G1 X285.39 Y359.543 E12.70313
G1 X640.457 Y714.61 E1504.52304
G1 X636.22 Y714.61 E12.70313
G1 X285.39 Y363.78 E1486.56833
G1 X285.39 Y368.018 E12.70313
G1 X631.982 Y714.61 E1468.61363
G1 X627.745 Y714.61 E12.70313
M73 P3 R743
G1 X285.39 Y372.255 E1450.65893
G1 X285.39 Y376.492 E12.70313
G1 X623.508 Y714.61 E1432.70423
G1 X619.271 Y714.61 E12.70313
G1 X285.39 Y380.729 E1414.74953
G1 X285.39 Y384.967 E12.70313
G1 X615.033 Y714.61 E1396.79482
G1 X610.796 Y714.61 E12.70313
G1 X285.39 Y389.204 E1378.84012
G1 X285.39 Y393.441 E12.70313
M73 P3 R742
G1 X606.559 Y714.61 E1360.88542
G1 X602.321 Y714.61 E12.70313
G1 X285.39 Y397.679 E1342.93071
G1 X285.39 Y401.916 E12.70313
G1 X598.084 Y714.61 E1324.97601
G1 X593.847 Y714.61 E12.70313
G1 X285.39 Y406.153 E1307.02131
G1 X285.39 Y410.391 E12.70313
G1 X589.609 Y714.61 E1289.06661
G1 X585.372 Y714.61 E12.70313
M73 P3 R741
G1 X285.39 Y414.628 E1271.1119
G1 X285.39 Y418.865 E12.70313
G1 X581.135 Y714.61 E1253.1572
G1 X576.897 Y714.61 E12.70313
G1 X285.39 Y423.103 E1235.2025
G1 X285.39 Y427.34 E12.70313
G1 X572.66 Y714.61 E1217.2478
G1 X568.423 Y714.61 E12.70313
G1 X285.39 Y431.577 E1199.29309
G1 X285.39 Y435.814 E12.70313
G1 X564.186 Y714.61 E1181.33839
G1 X559.948 Y714.61 E12.70313
M73 P3 R740
G1 X285.39 Y440.052 E1163.38369
G1 X285.39 Y444.289 E12.70313
G1 X555.711 Y714.61 E1145.42899
G1 X551.474 Y714.61 E12.70313
G1 X285.39 Y448.526 E1127.47428
G1 X285.39 Y452.764 E12.70313
G1 X547.236 Y714.61 E1109.51958
G1 X542.999 Y714.61 E12.70313
G1 X285.39 Y457.001 E1091.56488
G1 X285.39 Y461.238 E12.70313
G1 X538.762 Y714.61 E1073.61017
G1 X534.524 Y714.61 E12.70313
M73 P3 R739
G1 X285.39 Y465.476 E1055.65547
G1 X285.39 Y469.713 E12.70313
G1 X530.287 Y714.61 E1037.70077
G1 X526.05 Y714.61 E12.70313
G1 X285.39 Y473.95 E1019.74607
G1 X285.39 Y478.187 E12.70313
G1 X521.813 Y714.61 E1001.79136
G1 X517.575 Y714.61 E12.70313
G1 X285.39 Y482.425 E983.83666
G1 X285.39 Y486.662 E12.70313
G1 X513.338 Y714.61 E965.88196
G1 X509.101 Y714.61 E12.70313
G1 X285.39 Y490.899 E947.92726
G1 X285.39 Y495.137 E12.70313
M73 P3 R738
G1 X504.863 Y714.61 E929.97255
G1 X500.626 Y714.61 E12.70313
G1 X285.39 Y499.374 E912.01785
G1 X285.39 Y503.611 E12.70313
G1 X496.389 Y714.61 E894.06315
G1 X492.151 Y714.61 E12.70313
G1 X285.39 Y507.849 E876.10844
G1 X285.39 Y512.086 E12.70313
G1 X487.914 Y714.61 E858.15374
G1 X483.677 Y714.61 E12.70313
G1 X285.39 Y516.323 E840.19904
G1 X285.39 Y520.56 E12.70313
G1 X479.44 Y714.61 E822.24434
G1 X475.202 Y714.61 E12.70313
G1 X285.39 Y524.798 E804.28963
G1 X285.39 Y529.035 E12.70313
M73 P3 R737
G1 X470.965 Y714.61 E786.33493
G1 X466.728 Y714.61 E12.70313
G1 X285.39 Y533.272 E768.38023
G1 X285.39 Y537.51 E12.70313
M73 P4 R737
G1 X462.49 Y714.61 E750.42552
G1 X458.253 Y714.61 E12.70313
G1 X285.39 Y541.747 E732.47082
G1 X285.39 Y545.984 E12.70313
G1 X454.016 Y714.61 E714.51612
G1 X449.778 Y714.61 E12.70313
G1 X285.39 Y550.222 E696.56142
G1 X285.39 Y554.459 E12.70313
G1 X445.541 Y714.61 E678.60671
G1 X441.304 Y714.61 E12.70313
G1 X285.39 Y558.696 E660.65201
G1 X285.39 Y562.933 E12.70313
G1 X437.067 Y714.61 E642.69731
G1 X432.829 Y714.61 E12.70313
M73 P4 R736
G1 X285.39 Y567.171 E624.74261
G1 X285.39 Y571.408 E12.70313
G1 X428.592 Y714.61 E606.7879
G1 X424.355 Y714.61 E12.70313
G1 X285.39 Y575.645 E588.8332
G1 X285.39 Y579.883 E12.70313
G1 X420.117 Y714.61 E570.8785
G1 X415.88 Y714.61 E12.70313
G1 X285.39 Y584.12 E552.92379
G1 X285.39 Y588.357 E12.70313
G1 X411.643 Y714.61 E534.96909
G1 X407.405 Y714.61 E12.70313
G1 X285.39 Y592.595 E517.01439
G1 X285.39 Y596.832 E12.70313
G1 X403.168 Y714.61 E499.05969
G1 X398.931 Y714.61 E12.70313
G1 X285.39 Y601.069 E481.10498
G1 X285.39 Y605.307 E12.70313
G1 X394.693 Y714.61 E463.15028
G1 X390.456 Y714.61 E12.70313
G1 X285.39 Y609.544 E445.19558
G1 X285.39 Y613.781 E12.70313
G1 X386.219 Y714.61 E427.24088
G1 X381.982 Y714.61 E12.70313
G1 X285.39 Y618.018 E409.28618
G1 X285.39 Y622.256 E12.70313
M73 P4 R735
G1 X377.744 Y714.61 E391.33147
G1 X373.507 Y714.61 E12.70313
G1 X285.39 Y626.493 E373.37677
G1 X285.39 Y630.73 E12.70313
G1 X369.27 Y714.61 E355.42207
G1 X365.032 Y714.61 E12.70313
G1 X285.39 Y634.968 E337.46736
G1 X285.39 Y639.205 E12.70313
G1 X360.795 Y714.61 E319.51266
G1 X356.558 Y714.61 E12.70313
G1 X285.39 Y643.442 E301.55796
G1 X285.39 Y647.68 E12.70313
G1 X352.32 Y714.61 E283.60326
G1 X348.083 Y714.61 E12.70313
G1 X285.39 Y651.917 E265.64855
G1 X285.39 Y656.154 E12.70313
G1 X343.846 Y714.61 E247.69385
G1 X339.609 Y714.61 E12.70313
G1 X285.39 Y660.391 E229.73915
G1 X285.39 Y664.629 E12.70313
G1 X335.371 Y714.61 E211.78444
G1 X331.134 Y714.61 E12.70313
G1 X285.39 Y668.866 E193.82974
G1 X285.39 Y673.103 E12.70313
G1 X326.897 Y714.61 E175.87504
G1 X322.659 Y714.61 E12.70313
G1 X285.39 Y677.341 E157.92034
G1 X285.39 Y681.578 E12.70313
G1 X318.422 Y714.61 E139.96563
G1 X314.185 Y714.61 E12.70313
G1 X285.39 Y685.815 E122.01093
G1 X285.39 Y690.053 E12.70313
G1 X309.947 Y714.61 E104.05623
G1 X305.71 Y714.61 E12.70313
G1 X285.39 Y694.29 E86.10153
G1 X285.39 Y698.527 E12.70313
G1 X301.473 Y714.61 E68.14682
G1 X297.236 Y714.61 E12.70313
G1 X285.39 Y702.764 E50.19212
G1 X285.39 Y707.002 E12.70313
G1 X292.998 Y714.61 E32.23742
G1 X288.761 Y714.61 E12.70313
G1 X284.047 Y709.896 E19.97522
; stop printing object Cube id:0 copy 0
;LAYER_CHANGE
;Z:2.5
;HEIGHT:1.5
;BEFORE_LAYER_CHANGE
;2.5
G92 E0

EXCLUDE_OBJECT_END NAME=Cube_id_0_copy_0
;AFTER_LAYER_CHANGE
;2.5
;_SET_FAN_SPEED_CHANGING_LAYER
SET_VELOCITY_LIMIT ACCEL=1500
SET_VELOCITY_LIMIT SQUARE_CORNER_VELOCITY=5
M140 S80 ; set bed temperature
; printing object Cube id:0 copy 0
;WIPE_START
G1 F600
G1 X288.761 Y714.61 E-9.52401
G1 X289.094 Y714.61 E-.47599
;WIPE_END
EXCLUDE_OBJECT_START NAME=Cube_id_0_copy_0
G1 Z3.5 F15000
G1 X282.703 Y717.297 Z3.5
G1 Z2.5
G1 E17 F9000
;TYPE:Outer wall
;WIDTH:3.2
G1 F2779.615
G1 X282.703 Y282.703 E1876.19945
G1 X717.297 Y282.703 E1876.19945
G1 X717.297 Y717.297 E1876.19945
M73 P4 R734
G1 X283.003 Y717.297 E1874.90431
;WIPE_START
G1 F600
G1 X282.999 Y710.297 E-10
;WIPE_END
G1 Z3.5 F15000
G1 X285.87 Y285.345 Z3.5
G1 Z2.5
G1 E17 F9000
;TYPE:Internal solid infill
;WIDTH:3.39255
G1 F2605.317
G1 F2580
G1 X285.486 Y285.345 E1.76807
G1 X285.294 Y285.678 E1.76791
G1 X285.486 Y286.01 E1.76807
G1 X285.87 Y286.01 E1.76791
G1 X285.912 Y285.938 E.38612
;WIPE_START
G1 F600
G1 X285.87 Y286.01 E-.51774
G1 X285.486 Y286.01 E-2.37056
G1 X285.294 Y285.678 E-2.37057
G1 X285.486 Y285.345 E-2.37057
G1 X285.87 Y285.345 E-2.37056
;WIPE_END
G1 Z3.5 F15000
G1 X716.145 Y710.323 Z3.5
G1 Z2.5
G1 E17 F9000
;WIDTH:3.20214
G1 F2777.553
G1 X711.618 Y714.85 E27.65949
G1 F2760
G1 X707.545 Y714.85 E17.59814
G1 X714.85 Y707.545 E44.63351
G1 X714.85 Y703.472 E17.59766
G1 X703.472 Y714.85 E69.5207
G1 X699.399 Y714.85 E17.59766
G1 X714.85 Y699.399 E94.40771
G1 X714.85 Y695.325 E17.5979
G1 X695.325 Y714.85 E119.29492
G1 X691.252 Y714.85 E17.59814
G1 X714.85 Y691.252 E144.18226
G1 X714.85 Y687.179 E17.59766
G1 X687.179 Y714.85 E169.06945
G1 X683.106 Y714.85 E17.59766
G1 X714.85 Y683.106 E193.95703
G1 X714.85 Y679.032 E17.5979
G1 X679.032 Y714.85 E218.84375
G1 X674.959 Y714.85 E17.59766
G1 X714.85 Y674.959 E243.73103
G1 X714.85 Y670.886 E17.59766
G1 X670.886 Y714.85 E268.61816
G1 X666.812 Y714.85 E17.5979
G1 X714.85 Y666.812 E293.50586
G1 X714.85 Y662.739 E17.59766
G1 X662.739 Y714.85 E318.39259
G1 X658.666 Y714.85 E17.59766
G1 X714.85 Y658.666 E343.27978
G1 X714.85 Y654.593 E17.59766
G1 X654.593 Y714.85 E368.16699
G1 X650.519 Y714.85 E17.59791
G1 X714.85 Y650.519 E393.05371
G1 X714.85 Y646.446 E17.59766
G1 X646.446 Y714.85 E417.94136
G1 X642.373 Y714.85 E17.59766
G1 X714.85 Y642.373 E442.82855
G1 X714.85 Y638.3 E17.59766
M73 P4 R733
G1 X638.3 Y714.85 E467.71582
G1 X634.226 Y714.85 E17.5979
G1 X714.85 Y634.226 E492.60254
G1 X714.85 Y630.153 E17.59766
G1 X630.153 Y714.85 E517.49013
G1 X626.08 Y714.85 E17.59766
G1 X714.85 Y626.08 E542.37732
G1 X714.85 Y622.007 E17.59766
G1 X622.007 Y714.85 E567.26465
G1 X617.933 Y714.85 E17.5979
G1 X714.85 Y617.933 E592.15137
G1 X714.85 Y613.86 E17.59766
G1 X613.86 Y714.85 E617.03889
G1 X609.787 Y714.85 E17.59766
G1 X714.85 Y609.787 E641.92608
G1 X714.85 Y605.714 E17.59766
G1 X605.713 Y714.85 E666.81327
G1 X601.64 Y714.85 E17.59766
G1 X714.85 Y601.64 E691.70046
G1 X714.85 Y597.567 E17.59766
G1 X597.567 Y714.85 E716.58765
G1 X593.494 Y714.85 E17.59766
G1 X714.85 Y593.494 E741.47461
G1 X714.85 Y589.42 E17.59789
G1 X589.42 Y714.85 E766.36133
G1 X585.347 Y714.85 E17.59766
G1 X714.85 Y585.347 E791.24922
G1 X714.85 Y581.274 E17.59766
G1 X581.274 Y714.85 E816.13642
G1 X577.201 Y714.85 E17.59766
G1 X714.85 Y577.201 E841.02344
G1 X714.85 Y573.127 E17.5979
G1 X573.127 Y714.85 E865.91016
G1 X569.054 Y714.85 E17.59766
M73 P4 R732
G1 X714.85 Y569.054 E890.79799
G1 X714.85 Y564.981 E17.59766
G1 X564.981 Y714.85 E915.68518
G1 X560.908 Y714.85 E17.59766
G1 X714.85 Y560.908 E940.57227
G1 X714.85 Y556.834 E17.5979
G1 X556.834 Y714.85 E965.45898
G1 X552.761 Y714.85 E17.59766
G1 X714.85 Y552.761 E990.34675
G1 X714.85 Y548.688 E17.59766
G1 X548.688 Y714.85 E1015.23394
G1 X544.615 Y714.85 E17.59766
G1 X714.85 Y544.615 E1040.12109
G1 X714.85 Y540.541 E17.5979
G1 X540.541 Y714.85 E1065.00781
G1 X536.468 Y714.85 E17.59766
G1 X714.85 Y536.468 E1089.89552
G1 X714.85 Y532.395 E17.59766
G1 X532.395 Y714.85 E1114.78125
G1 X528.321 Y714.85 E17.5979
G1 X714.85 Y528.322 E1139.67188
G1 X714.85 Y524.248 E17.5979
M73 P4 R731
G1 X524.248 Y714.85 E1164.55859
G1 X520.175 Y714.85 E17.59766
G1 X714.85 Y520.175 E1189.44428
G1 X714.85 Y516.102 E17.59766
G1 X516.102 Y714.85 E1214.33203
G1 X512.028 Y714.85 E17.5979
G1 X714.85 Y512.028 E1239.21875
G1 X714.85 Y507.955 E17.59766
G1 X507.955 Y714.85 E1264.10585
G1 X503.882 Y714.85 E17.59766
G1 X714.85 Y503.882 E1288.99304
G1 X714.85 Y499.809 E17.59766
G1 X499.809 Y714.85 E1313.87891
G1 X495.735 Y714.85 E17.5979
G1 X714.85 Y495.735 E1338.76563
G1 X714.85 Y491.662 E17.59766
G1 X491.662 Y714.85 E1363.65461
G1 X487.589 Y714.85 E17.59766
M73 P4 R730
G1 X714.85 Y487.589 E1388.5418
G1 X714.85 Y483.516 E17.59766
G1 X483.516 Y714.85 E1413.42969
G1 X479.442 Y714.85 E17.59791
G1 X714.85 Y479.442 E1438.31641
G1 X714.85 Y475.369 E17.59766
G1 X475.369 Y714.85 E1463.20337
G1 X471.296 Y714.85 E17.59766
G1 X714.85 Y471.296 E1488.09056
G1 X714.85 Y467.223 E17.59766
G1 X467.222 Y714.85 E1512.97775
G1 X463.149 Y714.85 E17.59766
G1 X714.85 Y463.149 E1537.86494
G1 X714.85 Y459.076 E17.59766
M73 P5 R730
G1 X459.076 Y714.85 E1562.75213
G1 X455.003 Y714.85 E17.59766
M73 P5 R729
G1 X714.85 Y455.003 E1587.63932
G1 X714.85 Y450.93 E17.59766
G1 X450.929 Y714.85 E1612.52652
G1 X446.856 Y714.85 E17.59766
G1 X714.85 Y446.856 E1637.41371
G1 X714.85 Y442.783 E17.59766
G1 X442.783 Y714.85 E1662.3009
G1 X438.71 Y714.85 E17.59766
G1 X714.85 Y438.71 E1687.18809
G1 X714.85 Y434.636 E17.60156
G1 X434.636 Y714.85 E1712.07528
G1 X430.563 Y714.85 E17.60156
G1 X714.85 Y430.563 E1736.96247
G1 X714.85 Y426.49 E17.60156
M73 P5 R728
G1 X426.49 Y714.85 E1761.84966
G1 X422.417 Y714.85 E17.60156
G1 X714.85 Y422.417 E1786.73685
G1 X714.85 Y418.343 E17.60156
G1 X418.343 Y714.85 E1811.62404
G1 X414.27 Y714.85 E17.60156
G1 X714.85 Y414.27 E1836.51123
G1 X714.85 Y410.197 E17.60156
G1 X410.197 Y714.85 E1861.39842
G1 X406.123 Y714.85 E17.60156
G1 X714.85 Y406.124 E1886.28562
G1 X714.85 Y402.05 E17.60156
M73 P5 R727
G1 X402.05 Y714.85 E1911.17281
G1 X397.977 Y714.85 E17.60156
G1 X714.85 Y397.977 E1936.06
G1 X714.85 Y393.904 E17.60156
G1 X393.904 Y714.85 E1960.94719
G1 X389.83 Y714.85 E17.60156
G1 X714.85 Y389.831 E1985.83438
G1 X714.85 Y385.757 E17.60156
G1 X385.757 Y714.85 E2010.72157
G1 X381.684 Y714.85 E17.60156
G1 X714.85 Y381.684 E2035.60876
G1 X714.85 Y377.611 E17.60156
M73 P5 R726
G1 X377.611 Y714.85 E2060.49595
G1 X373.537 Y714.85 E17.60156
G1 X714.85 Y373.537 E2085.38314
G1 X714.85 Y369.464 E17.60156
G1 X369.464 Y714.85 E2110.27033
G1 X365.391 Y714.85 E17.60156
G1 X714.85 Y365.391 E2135.15752
G1 X714.85 Y361.318 E17.60156
G1 X361.318 Y714.85 E2160.04471
G1 X357.244 Y714.85 E17.60156
M73 P5 R725
G1 X714.85 Y357.244 E2184.93191
G1 X714.85 Y353.171 E17.60156
G1 X353.171 Y714.85 E2209.8191
G1 X349.098 Y714.85 E17.60156
G1 X714.85 Y349.098 E2234.70629
G1 X714.85 Y345.025 E17.60156
G1 X345.025 Y714.85 E2259.59348
G1 X340.951 Y714.85 E17.60156
G1 X714.85 Y340.951 E2284.48067
G1 X714.85 Y336.878 E17.60156
M73 P5 R724
G1 X336.878 Y714.85 E2309.36786
G1 X332.805 Y714.85 E17.60156
G1 X714.85 Y332.805 E2334.25505
G1 X714.85 Y328.732 E17.60156
G1 X328.731 Y714.85 E2359.14224
G1 X324.658 Y714.85 E17.60156
G1 X714.85 Y324.658 E2384.02943
G1 X714.85 Y320.585 E17.60156
G1 X320.585 Y714.85 E2408.91662
G1 X316.512 Y714.85 E17.60156
M73 P5 R723
G1 X714.85 Y316.512 E2433.80381
G1 X714.85 Y312.439 E17.60156
G1 X312.438 Y714.85 E2458.6875
G1 X308.365 Y714.85 E17.59791
G1 X714.85 Y308.365 E2483.57813
G1 X714.85 Y304.292 E17.5979
G1 X304.292 Y714.85 E2508.46875
G1 X300.219 Y714.85 E17.5979
G1 X714.85 Y300.219 E2533.35938
G1 X714.85 Y296.145 E17.5979
M73 P5 R722
G1 X296.145 Y714.85 E2558.23438
G1 X292.072 Y714.85 E17.5979
G1 X714.85 Y292.072 E2583.125
G1 X714.85 Y287.999 E17.5979
G1 X287.999 Y714.85 E2608.01563
G1 X287.049 Y714.85 Z2.5 E4.10938
M73 P6 R722
G1 X286.1 Y714.85 Z2.5 E4.09375
G1 X285.15 Y714.85 Z2.5 E4.10938
G1 X285.15 Y713.626 E5.289
G1 X285.845 Y712.931 Z2.5 E4.25
G1 X286.541 Y712.235 Z2.5 E4.25
G1 X287.236 Y711.54 Z2.5 E4.25
G1 X287.932 Y710.844 Z2.5 E4.25
G1 X288.627 Y710.149 Z2.5 E4.25
G1 X289.323 Y709.453 Z2.5 E4.25
G1 X290.018 Y708.758 Z2.5 E4.25
G1 X290.714 Y708.062 Z2.5 E4.23438
G1 X291.409 Y707.367 Z2.5 E4.25
G1 X292.104 Y706.672 Z2.5 E4.25
G1 X292.8 Y705.976 Z2.5 E4.25
G1 X293.495 Y705.281 Z2.5 E4.25
G1 X294.191 Y704.585 Z2.5 E4.25
G1 X294.886 Y703.89 Z2.5 E4.25
G1 X295.582 Y703.194 Z2.5 E4.25
G1 X296.277 Y702.499 Z2.5 E4.25
G1 X296.973 Y701.803 Z2.5 E4.25
G1 X297.668 Y701.108 Z2.5 E4.25
G1 X298.363 Y700.413 Z2.5 E4.25
G1 X299.059 Y699.717 Z2.5 E4.25
G1 X299.754 Y699.022 Z2.5 E4.25
G1 X300.45 Y698.326 Z2.5 E4.25
G1 X301.145 Y697.631 Z2.5 E4.25
G1 X301.841 Y696.935 Z2.5 E4.23438
G1 X302.536 Y696.24 Z2.5 E4.25
G1 X303.232 Y695.544 Z2.5 E4.25
G1 X303.927 Y694.849 Z2.5 E4.25
G1 X304.622 Y694.154 Z2.5 E4.25
G1 X305.318 Y693.458 Z2.5 E4.25
G1 X306.013 Y692.763 Z2.5 E4.25
G1 X306.709 Y692.067 Z2.5 E4.25
G1 X307.404 Y691.372 Z2.5 E4.25
G1 X308.1 Y690.676 Z2.5 E4.25
G1 X308.795 Y689.981 Z2.5 E4.25
G1 X309.491 Y689.285 Z2.5 E4.25
G1 X310.186 Y688.59 Z2.5 E4.25
G1 X310.881 Y687.895 Z2.5 E4.25
G1 X311.577 Y687.199 Z2.5 E4.25
G1 X312.272 Y686.504 Z2.5 E4.25
G1 X312.968 Y685.808 Z2.5 E4.23438
G1 X313.663 Y685.113 Z2.5 E4.25
G1 X314.359 Y684.417 Z2.5 E4.25
G1 X315.054 Y683.722 Z2.5 E4.25
G1 X315.75 Y683.026 Z2.5 E4.25
G1 X316.445 Y682.331 Z2.5 E4.25
G1 X317.14 Y681.636 Z2.5 E4.25
G1 X713.626 Y285.15 Z2.5 E2422.48438
G1 X709.553 Y285.15 E17.5979
G1 X285.15 Y709.553 E2593.0625
G1 X285.15 Y705.48 E17.5979
M73 P6 R721
G1 X705.48 Y285.15 E2568.17188
G1 X701.406 Y285.15 E17.59791
G1 X285.15 Y701.406 E2543.28125
G1 X285.15 Y697.333 E17.5979
G1 X697.333 Y285.15 E2518.39063
G1 X693.26 Y285.15 E17.5979
G1 X285.15 Y693.26 E2493.5
G1 X285.15 Y689.186 E17.59789
M73 P6 R720
G1 X689.187 Y285.15 E2468.625
G1 X685.113 Y285.15 E17.5979
G1 X285.15 Y685.113 E2443.73438
G1 X285.15 Y681.04 E17.5979
G1 X681.04 Y285.15 E2418.84375
G1 X676.967 Y285.15 E17.5979
G1 X285.15 Y676.967 E2393.95313
G1 X285.15 Y672.893 E17.5979
G1 X672.894 Y285.15 E2369.07813
G1 X668.82 Y285.15 E17.5979
M73 P6 R719
G1 X285.15 Y668.82 E2344.1875
G1 X285.15 Y664.747 E17.5979
G1 X664.747 Y285.15 E2319.29688
G1 X660.674 Y285.15 E17.59791
G1 X285.15 Y660.674 E2294.40625
G1 X285.15 Y656.6 E17.59789
G1 X656.6 Y285.15 E2269.51563
G1 X652.527 Y285.15 E17.5979
G1 X285.15 Y652.527 E2244.64063
G1 X285.15 Y648.454 E17.5979
M73 P6 R718
G1 X648.454 Y285.15 E2219.75
G1 X644.381 Y285.15 E17.59791
G1 X285.15 Y644.381 E2194.85938
G1 X285.15 Y640.307 E17.5979
G1 X640.307 Y285.15 E2169.96875
G1 X636.234 Y285.15 E17.5979
G1 X285.15 Y636.234 E2145.07813
G1 X285.15 Y632.161 E17.5979
G1 X632.161 Y285.15 E2120.20313
G1 X628.088 Y285.15 E17.59791
M73 P6 R717
G1 X285.15 Y628.088 E2095.3125
G1 X285.15 Y624.014 E17.5979
G1 X624.014 Y285.15 E2070.42188
G1 X619.941 Y285.15 E17.5979
G1 X285.15 Y619.941 E2045.53125
G1 X285.15 Y615.868 E17.5979
G1 X615.868 Y285.15 E2020.65625
G1 X611.795 Y285.15 E17.5979
G1 X285.15 Y611.794 E1995.76563
G1 X285.15 Y607.721 E17.59789
G1 X607.721 Y285.15 E1970.875
G1 X603.648 Y285.15 E17.5979
M73 P6 R716
G1 X285.15 Y603.648 E1945.98438
G1 X285.15 Y599.575 E17.5979
G1 X599.575 Y285.15 E1921.09375
G1 X595.501 Y285.15 E17.5979
G1 X285.15 Y595.501 E1896.21875
G1 X285.15 Y591.428 E17.5979
G1 X591.428 Y285.15 E1871.32813
G1 X587.355 Y285.15 E17.59791
G1 X285.15 Y587.355 E1846.4375
G1 X285.15 Y583.282 E17.5979
G1 X583.282 Y285.15 E1821.54688
G1 X579.208 Y285.15 E17.5979
M73 P6 R715
G1 X285.15 Y579.208 E1796.67188
G1 X285.15 Y575.135 E17.59789
G1 X575.135 Y285.15 E1771.78125
G1 X571.062 Y285.15 E17.59791
G1 X285.15 Y571.062 E1746.89063
G1 X285.15 Y566.989 E17.5979
G1 X566.989 Y285.15 E1722
G1 X562.915 Y285.15 E17.5979
G1 X285.15 Y562.915 E1697.10938
G1 X285.15 Y558.842 E17.5979
G1 X558.842 Y285.15 E1672.23438
G1 X554.769 Y285.15 E17.5979
M73 P6 R714
G1 X285.15 Y554.769 E1647.34375
G1 X285.15 Y550.695 E17.5979
G1 X550.696 Y285.15 E1622.45313
G1 X546.622 Y285.15 E17.59791
G1 X285.15 Y546.622 E1597.5625
M73 P7 R714
G1 X285.15 Y542.549 E17.5979
G1 X542.549 Y285.15 E1572.6875
G1 X538.476 Y285.15 E17.5979
G1 X285.15 Y538.476 E1547.79688
G1 X285.15 Y534.402 E17.5979
G1 X534.403 Y285.15 E1522.90625
G1 X530.329 Y285.15 E17.59791
G1 X285.15 Y530.329 E1498.01563
G1 X285.15 Y526.256 E17.5979
G1 X526.256 Y285.15 E1473.125
G1 X522.183 Y285.15 E17.5979
M73 P7 R713
G1 X285.15 Y522.183 E1448.25
G1 X285.15 Y518.109 E17.59789
G1 X518.109 Y285.15 E1423.35938
G1 X514.036 Y285.15 E17.5979
G1 X285.15 Y514.036 E1398.46875
G1 X285.15 Y509.963 E17.5979
G1 X509.963 Y285.15 E1373.57813
G1 X505.89 Y285.15 E17.5979
G1 X285.15 Y505.89 E1348.70313
G1 X285.15 Y501.816 E17.5979
G1 X501.816 Y285.15 E1323.8125
G1 X497.743 Y285.15 E17.5979
G1 X285.15 Y497.743 E1298.92188
G1 X285.15 Y493.67 E17.5979
G1 X493.67 Y285.15 E1274.03125
G1 X489.597 Y285.15 E17.59791
M73 P7 R712
G1 X285.15 Y489.597 E1249.14063
G1 X285.15 Y485.523 E17.59789
G1 X485.523 Y285.15 E1224.26563
G1 X481.45 Y285.15 E17.5979
G1 X285.15 Y481.45 E1199.375
G1 X285.15 Y477.377 E17.5979
G1 X477.377 Y285.15 E1174.48438
G1 X473.304 Y285.15 E17.59791
G1 X285.15 Y473.303 E1149.59375
G1 X285.15 Y469.23 E17.5979
G1 X469.23 Y285.15 E1124.71875
G1 X465.157 Y285.15 E17.5979
G1 X285.15 Y465.157 E1099.8125
G1 X285.15 Y461.084 E17.5979
G1 X461.084 Y285.15 E1074.9375
G1 X457.01 Y285.15 E17.59791
G1 X285.15 Y457.01 E1050.0625
G1 X285.15 Y452.937 E17.5979
M73 P7 R711
G1 X452.937 Y285.15 E1025.15625
G1 X448.864 Y285.15 E17.5979
G1 X285.15 Y448.864 E1000.28125
G1 X285.15 Y444.791 E17.5979
G1 X444.791 Y285.15 E975.375
G1 X440.717 Y285.15 E17.5979
G1 X285.15 Y440.717 E950.5
G1 X285.15 Y436.644 E17.59789
G1 X436.644 Y285.15 E925.625
G1 X432.571 Y285.15 E17.5979
G1 X285.15 Y432.571 E900.71875
G1 X285.15 Y428.498 E17.5979
G1 X428.498 Y285.15 E875.84375
G1 X424.424 Y285.15 E17.5979
G1 X285.15 Y424.424 E850.9375
G1 X285.15 Y420.351 E17.5979
G1 X420.351 Y285.15 E826.0625
G1 X416.278 Y285.15 E17.59791
G1 X285.15 Y416.278 E801.1875
G1 X285.15 Y412.205 E17.5979
G1 X412.205 Y285.15 E776.28125
G1 X408.131 Y285.15 E17.5979
G1 X285.15 Y408.131 E751.40625
G1 X285.15 Y404.058 E17.59789
G1 X404.058 Y285.15 E726.53125
G1 X399.985 Y285.15 E17.59791
M73 P7 R710
G1 X285.15 Y399.985 E701.625
G1 X285.15 Y395.911 E17.5979
G1 X395.911 Y285.15 E676.75
G1 X391.838 Y285.15 E17.5979
G1 X285.15 Y391.838 E651.84375
G1 X285.15 Y387.765 E17.5979
G1 X387.765 Y285.15 E626.96875
G1 X383.692 Y285.15 E17.59791
G1 X285.15 Y383.692 E602.09375
G1 X285.15 Y379.618 E17.5979
G1 X379.618 Y285.15 E577.1875
G1 X375.545 Y285.15 E17.59791
G1 X285.15 Y375.545 E552.3125
G1 X285.15 Y371.472 E17.5979
G1 X371.472 Y285.15 E527.40625
G1 X367.399 Y285.15 E17.5979
G1 X285.15 Y367.399 E502.53125
G1 X285.15 Y363.325 E17.5979
G1 X363.325 Y285.15 E477.65625
G1 X359.252 Y285.15 E17.59791
G1 X285.15 Y359.252 E452.75
G1 X285.15 Y355.179 E17.5979
G1 X355.179 Y285.15 E427.875
G1 X351.106 Y285.15 E17.5979
G1 X285.15 Y351.106 E402.96875
G1 X285.15 Y347.032 E17.5979
G1 X347.032 Y285.15 E378.09375
G1 X342.959 Y285.15 E17.5979
G1 X285.15 Y342.959 E353.21875
G1 X285.15 Y338.886 E17.5979
G1 X338.886 Y285.15 E328.3125
G1 X334.813 Y285.15 E17.5979
G1 X285.15 Y334.813 E303.4375
G1 X285.15 Y330.739 E17.5979
G1 X330.739 Y285.15 E278.53125
G1 X326.666 Y285.15 E17.5979
G1 X285.15 Y326.666 E253.65625
G1 X285.15 Y322.593 E17.59789
G1 X322.593 Y285.15 E228.78125
G1 X318.519 Y285.15 E17.59791
G1 X285.15 Y318.519 E203.875
G1 X285.15 Y314.446 E17.5979
G1 X314.446 Y285.15 E179
G1 X310.373 Y285.15 E17.5979
G1 X285.15 Y310.373 E154.125
G1 X285.15 Y306.3 E17.5979
M73 P7 R709
G1 X306.3 Y285.15 E129.21875
G1 X302.226 Y285.15 E17.59791
G1 X285.15 Y302.226 E104.34375
G1 X285.15 Y298.153 E17.5979
G1 X298.153 Y285.15 E79.4375
G1 X294.08 Y285.15 E17.5979
G1 X285.15 Y294.08 E54.5625
G1 X285.15 Y290.007 E17.5979
G1 X291.302 Y283.855 E37.58802
; stop printing object Cube id:0 copy 0
;LAYER_CHANGE
;Z:4
;HEIGHT:1.5
;BEFORE_LAYER_CHANGE
;4
G92 E0

EXCLUDE_OBJECT_END NAME=Cube_id_0_copy_0
;AFTER_LAYER_CHANGE
;4
;_SET_FAN_SPEED_CHANGING_LAYER
; printing object Cube id:0 copy 0
;WIPE_START
G1 F600
G1 X286.352 Y288.804 E-10
;WIPE_END
EXCLUDE_OBJECT_START NAME=Cube_id_0_copy_0
G1 Z5 F15000
G1 X282.703 Y282.703 Z5
G1 Z4
G1 E17 F9000
;TYPE:Outer wall
;WIDTH:3.2
G1 F2779.615
G1 X717.297 Y282.703 E1876.19945
G1 X717.297 Y717.297 E1876.19945
G1 X282.703 Y717.297 E1876.19945
G1 X282.703 Y283.003 E1874.90431
;WIPE_START
G1 F600
G1 X289.703 Y282.999 E-10
;WIPE_END
G1 Z5 F15000
G1 X285.15 Y400.743 Z5
G1 Z4
G1 E17 F9000
;TYPE:Sparse infill
;WIDTH:3.2
G1 F2779.614
G1 X285.15 Y389.231 E49.70059
G1 X389.231 Y285.15 E635.45138
G1 X400.743 Y285.15 E49.70059
;WIPE_START
G1 F600
G1 X393.743 Y285.15 E-10
;WIPE_END
G1 Z5 F15000
G1 X285.15 Y563.553 Z5
G1 Z4
G1 E17 F9000
G1 F2779.614
G1 X285.15 Y552.04 E49.70059
G1 X552.041 Y285.15 E1629.46316
G1 X563.553 Y285.15 E49.70059
M73 P7 R708
;WIPE_START
G1 F600
G1 X556.553 Y285.15 E-10
;WIPE_END
G1 Z5 F15000
G1 X714.85 Y400.743 Z5
G1 Z4
G1 E17 F9000
G1 F2779.614
G1 X714.85 Y389.231 E49.70059
G1 X610.769 Y285.15 E635.45139
G1 X599.257 Y285.15 E49.70059
;WIPE_START
G1 F600
G1 X606.257 Y285.15 E-10
;WIPE_END
G1 Z5 F15000
G1 X714.85 Y563.553 Z5
G1 Z4
G1 E17 F9000
G1 F2779.614
G1 X714.85 Y552.04 E49.70059
G1 X447.96 Y285.15 E1629.46316
G1 X436.447 Y285.15 E49.70059
;WIPE_START
G1 F600
G1 X443.447 Y285.15 E-10
;WIPE_END
G1 Z5 F15000
G1 X436.447 Y714.85 Z5
G1 Z4
G1 E17 F9000
G1 F2779.614
G1 X447.959 Y714.85 E49.70059
G1 X714.85 Y447.96 E1629.46317
G1 X714.85 Y436.447 E49.70059
;WIPE_START
G1 F600
G1 X714.85 Y443.447 E-10
;WIPE_END
G1 Z5 F15000
G1 X703.338 Y714.85 Z5
G1 Z4
G1 E17 F9000
G1 F2779.614
G1 X714.85 Y714.85 E49.70059
G1 X285.15 Y285.15 E2623.47492
G1 X296.662 Y285.15 E49.70059
;WIPE_START
G1 F600
G1 X289.662 Y285.15 E-10
;WIPE_END
G1 Z5 F15000
G1 X296.662 Y714.85 Z5
G1 Z4
G1 E17 F9000
G1 F2779.614
G1 X285.15 Y714.85 E49.70028
G1 X714.85 Y285.15 E2623.47449
G1 X703.338 Y285.15 E49.70028
M73 P7 R707
;WIPE_START
G1 F600
G1 X710.338 Y285.15 E-10
;WIPE_END
G1 Z5 F15000
G1 X599.257 Y714.85 Z5
G1 Z4
G1 E17 F9000
G1 F2779.614
G1 X610.769 Y714.85 E49.70059
G1 X714.85 Y610.769 E635.45139
G1 X714.85 Y599.257 E49.70059
;WIPE_START
G1 F600
G1 X714.85 Y606.257 E-10
;WIPE_END
G1 Z5 F15000
G1 X563.553 Y714.85 Z5
G1 Z4
G1 E17 F9000
G1 F2779.614
G1 X552.04 Y714.85 E49.70059
G1 X285.15 Y447.96 E1629.46316
G1 X285.15 Y436.447 E49.70059
;WIPE_START
G1 F600
G1 X285.15 Y443.447 E-10
;WIPE_END
G1 Z5 F15000
G1 X400.743 Y714.85 Z5
G1 Z4
G1 E17 F9000
G1 F2779.614
G1 X389.231 Y714.85 E49.70059
G1 X285.15 Y610.769 E635.45139
G1 X285.15 Y599.257 E49.70059
; stop printing object Cube id:0 copy 0
;LAYER_CHANGE
;Z:5.5
;HEIGHT:1.5
;BEFORE_LAYER_CHANGE
;5.5
G92 E0

EXCLUDE_OBJECT_END NAME=Cube_id_0_copy_0
;AFTER_LAYER_CHANGE
;5.5
;_SET_FAN_SPEED_CHANGING_LAYER
; printing object Cube id:0 copy 0
;WIPE_START
G1 F600
G1 X285.15 Y606.257 E-10
;WIPE_END
EXCLUDE_OBJECT_START NAME=Cube_id_0_copy_0
G1 Z6.5 F15000
G1 X282.703 Y717.297 Z6.5
G1 Z5.5
G1 E17 F9000
;TYPE:Outer wall
;WIDTH:3.2
G1 F2779.615
G1 X282.703 Y282.703 E1876.19945
G1 X717.297 Y282.703 E1876.19945
G1 X717.297 Y717.297 E1876.19945
G1 X283.003 Y717.297 E1874.90431
M73 P8 R706
;WIPE_START
G1 F600
G1 X282.999 Y710.297 E-10
;WIPE_END
G1 Z6.5 F15000
G1 X285.15 Y599.257 Z6.5
G1 Z5.5
G1 E17 F9000
;TYPE:Sparse infill
;WIDTH:3.2
G1 F2779.614
G1 X285.15 Y610.769 E49.70059
G1 X389.231 Y714.85 E635.45139
G1 X400.743 Y714.85 E49.70059
;WIPE_START
G1 F600
G1 X393.743 Y714.85 E-10
;WIPE_END
G1 Z6.5 F15000
G1 X285.15 Y436.447 Z6.5
G1 Z5.5
G1 E17 F9000
G1 F2779.614
G1 X285.15 Y447.96 E49.70059
G1 X552.04 Y714.85 E1629.46316
G1 X563.553 Y714.85 E49.70059
;WIPE_START
G1 F600
G1 X556.553 Y714.85 E-10
;WIPE_END
G1 Z6.5 F15000
G1 X714.85 Y599.257 Z6.5
G1 Z5.5
G1 E17 F9000
G1 F2779.614
G1 X714.85 Y610.769 E49.70059
G1 X610.769 Y714.85 E635.45139
G1 X599.257 Y714.85 E49.70059
;WIPE_START
G1 F600
G1 X606.257 Y714.85 E-10
;WIPE_END
G1 Z6.5 F15000
G1 X714.85 Y436.447 Z6.5
G1 Z5.5
G1 E17 F9000
G1 F2779.614
G1 X714.85 Y447.96 E49.70059
G1 X447.959 Y714.85 E1629.46317
G1 X436.447 Y714.85 E49.70059
;WIPE_START
G1 F600
G1 X443.447 Y714.85 E-10
;WIPE_END
G1 Z6.5 F15000
G1 X436.447 Y285.15 Z6.5
G1 Z5.5
G1 E17 F9000
G1 F2779.614
G1 X447.96 Y285.15 E49.70059
G1 X714.85 Y552.04 E1629.46316
G1 X714.85 Y563.553 E49.70059
;WIPE_START
G1 F600
G1 X714.85 Y556.553 E-10
;WIPE_END
G1 Z6.5 F15000
G1 X703.338 Y285.15 Z6.5
G1 Z5.5
M73 P8 R705
G1 E17 F9000
G1 F2779.614
G1 X714.85 Y285.15 E49.70028
G1 X285.15 Y714.85 E2623.47449
G1 X296.662 Y714.85 E49.70028
;WIPE_START
G1 F600
G1 X289.662 Y714.85 E-10
;WIPE_END
G1 Z6.5 F15000
G1 X296.662 Y285.15 Z6.5
G1 Z5.5
G1 E17 F9000
G1 F2779.614
G1 X285.15 Y285.15 E49.70059
G1 X714.85 Y714.85 E2623.47492
G1 X703.338 Y714.85 E49.70059
;WIPE_START
G1 F600
G1 X710.338 Y714.85 E-10
;WIPE_END
G1 Z6.5 F15000
G1 X599.257 Y285.15 Z6.5
G1 Z5.5
G1 E17 F9000
G1 F2779.614
G1 X610.769 Y285.15 E49.70059
G1 X714.85 Y389.231 E635.45139
G1 X714.85 Y400.743 E49.70059
;WIPE_START
G1 F600
G1 X714.85 Y393.743 E-10
;WIPE_END
G1 Z6.5 F15000
G1 X563.553 Y285.15 Z6.5
G1 Z5.5
G1 E17 F9000
G1 F2779.614
G1 X552.041 Y285.15 E49.70059
G1 X285.15 Y552.04 E1629.46316
G1 X285.15 Y563.553 E49.70059
;WIPE_START
G1 F600
G1 X285.15 Y556.553 E-10
;WIPE_END
G1 Z6.5 F15000
G1 X400.743 Y285.15 Z6.5
G1 Z5.5
G1 E17 F9000
G1 F2779.614
G1 X389.231 Y285.15 E49.70059
G1 X285.15 Y389.231 E635.45138
G1 X285.15 Y400.743 E49.70059
; stop printing object Cube id:0 copy 0
;LAYER_CHANGE
;Z:7
;HEIGHT:1.5
;BEFORE_LAYER_CHANGE
;7
G92 E0

EXCLUDE_OBJECT_END NAME=Cube_id_0_copy_0
;AFTER_LAYER_CHANGE
;7
;_SET_FAN_SPEED_CHANGING_LAYER
; printing object Cube id:0 copy 0
;WIPE_START
G1 F600
G1 X285.15 Y393.743 E-10
;WIPE_END
EXCLUDE_OBJECT_START NAME=Cube_id_0_copy_0
G1 Z8 F15000
G1 X282.703 Y282.703 Z8
G1 Z7
G1 E17 F9000
;TYPE:Outer wall
;WIDTH:3.2
G1 F2779.615
G1 X717.297 Y282.703 E1876.19945
G1 X717.297 Y717.297 E1876.19945
M73 P8 R704
G1 X282.703 Y717.297 E1876.19945
G1 X282.703 Y283.003 E1874.90431
;WIPE_START
G1 F600
G1 X289.703 Y282.999 E-10
;WIPE_END
G1 Z8 F15000
G1 X285.15 Y400.743 Z8
G1 Z7
G1 E17 F9000
;TYPE:Sparse infill
;WIDTH:3.2
G1 F2779.614
G1 X285.15 Y389.231 E49.70059
G1 X389.231 Y285.15 E635.45138
G1 X400.743 Y285.15 E49.70059
;WIPE_START
G1 F600
G1 X393.743 Y285.15 E-10
;WIPE_END
G1 Z8 F15000
G1 X285.15 Y563.553 Z8
G1 Z7
G1 E17 F9000
G1 F2779.614
G1 X285.15 Y552.04 E49.70059
G1 X552.041 Y285.15 E1629.46316
G1 X563.553 Y285.15 E49.70059
;WIPE_START
G1 F600
G1 X556.553 Y285.15 E-10
;WIPE_END
G1 Z8 F15000
G1 X714.85 Y400.743 Z8
G1 Z7
G1 E17 F9000
G1 F2779.614
G1 X714.85 Y389.231 E49.70059
G1 X610.769 Y285.15 E635.45139
G1 X599.257 Y285.15 E49.70059
M73 P8 R703
;WIPE_START
G1 F600
G1 X606.257 Y285.15 E-10
;WIPE_END
G1 Z8 F15000
G1 X714.85 Y563.553 Z8
G1 Z7
G1 E17 F9000
G1 F2779.614
G1 X714.85 Y552.04 E49.70059
G1 X447.96 Y285.15 E1629.46316
G1 X436.447 Y285.15 E49.70059
;WIPE_START
G1 F600
G1 X443.447 Y285.15 E-10
;WIPE_END
G1 Z8 F15000
G1 X436.447 Y714.85 Z8
G1 Z7
G1 E17 F9000
G1 F2779.614
G1 X447.959 Y714.85 E49.70059
G1 X714.85 Y447.96 E1629.46317
G1 X714.85 Y436.447 E49.70059
;WIPE_START
G1 F600
G1 X714.85 Y443.447 E-10
;WIPE_END
G1 Z8 F15000
G1 X703.338 Y714.85 Z8
G1 Z7
G1 E17 F9000
G1 F2779.614
G1 X714.85 Y714.85 E49.70059
G1 X285.15 Y285.15 E2623.47492
G1 X296.662 Y285.15 E49.70059
;WIPE_START
G1 F600
G1 X289.662 Y285.15 E-10
;WIPE_END
G1 Z8 F15000
G1 X296.662 Y714.85 Z8
G1 Z7
G1 E17 F9000
G1 F2779.614
G1 X285.15 Y714.85 E49.70028
G1 X714.85 Y285.15 E2623.47449
G1 X703.338 Y285.15 E49.70028
;WIPE_START
G1 F600
G1 X710.338 Y285.15 E-10
;WIPE_END
G1 Z8 F15000
G1 X599.257 Y714.85 Z8
G1 Z7
M73 P8 R702
G1 E17 F9000
G1 F2779.614
G1 X610.769 Y714.85 E49.70059
G1 X714.85 Y610.769 E635.45139
G1 X714.85 Y599.257 E49.70059
;WIPE_START
G1 F600
G1 X714.85 Y606.257 E-10
;WIPE_END
G1 Z8 F15000
G1 X563.553 Y714.85 Z8
G1 Z7
G1 E17 F9000
G1 F2779.614
G1 X552.04 Y714.85 E49.70059
G1 X285.15 Y447.96 E1629.46316
G1 X285.15 Y436.447 E49.70059
;WIPE_START
G1 F600
G1 X285.15 Y443.447 E-10
;WIPE_END
G1 Z8 F15000
G1 X400.743 Y714.85 Z8
G1 Z7
G1 E17 F9000
G1 F2779.614
G1 X389.231 Y714.85 E49.70059
G1 X285.15 Y610.769 E635.45139
G1 X285.15 Y599.257 E49.70059
; stop printing object Cube id:0 copy 0
;LAYER_CHANGE
;Z:8.5
;HEIGHT:1.5
;BEFORE_LAYER_CHANGE
;8.5
G92 E0

EXCLUDE_OBJECT_END NAME=Cube_id_0_copy_0
;AFTER_LAYER_CHANGE
;8.5
;_SET_FAN_SPEED_CHANGING_LAYER
; printing object Cube id:0 copy 0
;WIPE_START
G1 F600
G1 X285.15 Y606.257 E-10
;WIPE_END
EXCLUDE_OBJECT_START NAME=Cube_id_0_copy_0
G1 Z9.5 F15000
G1 X282.703 Y717.297 Z9.5
G1 Z8.5
G1 E17 F9000
;TYPE:Outer wall
;WIDTH:3.2
G1 F2779.615
G1 X282.703 Y282.703 E1876.19945
G1 X717.297 Y282.703 E1876.19945
G1 X717.297 Y717.297 E1876.19945
G1 X283.003 Y717.297 E1874.90431
;WIPE_START
G1 F600
M73 P8 R701
G1 X282.999 Y710.297 E-10
;WIPE_END
G1 Z9.5 F15000
G1 X285.15 Y599.257 Z9.5
G1 Z8.5
G1 E17 F9000
;TYPE:Sparse infill
;WIDTH:3.2
G1 F2779.614
G1 X285.15 Y610.769 E49.70059
G1 X389.231 Y714.85 E635.45139
G1 X400.743 Y714.85 E49.70059
;WIPE_START
G1 F600
G1 X393.743 Y714.85 E-10
;WIPE_END
G1 Z9.5 F15000
G1 X285.15 Y436.447 Z9.5
G1 Z8.5
G1 E17 F9000
G1 F2779.614
G1 X285.15 Y447.96 E49.70059
G1 X552.04 Y714.85 E1629.46316
G1 X563.553 Y714.85 E49.70059
;WIPE_START
G1 F600
G1 X556.553 Y714.85 E-10
;WIPE_END
G1 Z9.5 F15000
G1 X714.85 Y599.257 Z9.5
G1 Z8.5
G1 E17 F9000
G1 F2779.614
G1 X714.85 Y610.769 E49.70059
G1 X610.769 Y714.85 E635.45139
G1 X599.257 Y714.85 E49.70059
;WIPE_START
G1 F600
G1 X606.257 Y714.85 E-10
;WIPE_END
G1 Z9.5 F15000
G1 X714.85 Y436.447 Z9.5
G1 Z8.5
G1 E17 F9000
G1 F2779.614
G1 X714.85 Y447.96 E49.70059
G1 X447.959 Y714.85 E1629.46317
G1 X436.447 Y714.85 E49.70059
;WIPE_START
G1 F600
G1 X443.447 Y714.85 E-10
;WIPE_END
G1 Z9.5 F15000
G1 X436.447 Y285.15 Z9.5
G1 Z8.5
G1 E17 F9000
G1 F2779.614
G1 X447.96 Y285.15 E49.70059
G1 X714.85 Y552.04 E1629.46316
G1 X714.85 Y563.553 E49.70059
;WIPE_START
G1 F600
G1 X714.85 Y556.553 E-10
;WIPE_END
G1 Z9.5 F15000
G1 X703.338 Y285.15 Z9.5
G1 Z8.5
G1 E17 F9000
G1 F2779.614
G1 X714.85 Y285.15 E49.70028
G1 X285.15 Y714.85 E2623.47449
G1 X296.662 Y714.85 E49.70028
M73 P8 R700
;WIPE_START
G1 F600
G1 X289.662 Y714.85 E-10
;WIPE_END
G1 Z9.5 F15000
G1 X296.662 Y285.15 Z9.5
G1 Z8.5
G1 E17 F9000
G1 F2779.614
G1 X285.15 Y285.15 E49.70059
G1 X714.85 Y714.85 E2623.47492
G1 X703.338 Y714.85 E49.70059
;WIPE_START
G1 F600
G1 X710.338 Y714.85 E-10
;WIPE_END
G1 Z9.5 F15000
G1 X599.257 Y285.15 Z9.5
G1 Z8.5
G1 E17 F9000
G1 F2779.614
G1 X610.769 Y285.15 E49.70059
G1 X714.85 Y389.231 E635.45139
G1 X714.85 Y400.743 E49.70059
;WIPE_START
G1 F600
G1 X714.85 Y393.743 E-10
;WIPE_END
G1 Z9.5 F15000
G1 X563.553 Y285.15 Z9.5
G1 Z8.5
G1 E17 F9000
G1 F2779.614
G1 X552.041 Y285.15 E49.70059
G1 X285.15 Y552.04 E1629.46316
G1 X285.15 Y563.553 E49.70059
;WIPE_START
G1 F600
G1 X285.15 Y556.553 E-10
;WIPE_END
G1 Z9.5 F15000
G1 X400.743 Y285.15 Z9.5
G1 Z8.5
G1 E17 F9000
G1 F2779.614
G1 X389.231 Y285.15 E49.70059
G1 X285.15 Y389.231 E635.45138
G1 X285.15 Y400.743 E49.70059
; stop printing object Cube id:0 copy 0
;LAYER_CHANGE
;Z:10
;HEIGHT:1.5
;BEFORE_LAYER_CHANGE
;10
G92 E0

EXCLUDE_OBJECT_END NAME=Cube_id_0_copy_0
;AFTER_LAYER_CHANGE
;10
;_SET_FAN_SPEED_CHANGING_LAYER
; printing object Cube id:0 copy 0
;WIPE_START
G1 F600
G1 X285.15 Y393.743 E-10
;WIPE_END
EXCLUDE_OBJECT_START NAME=Cube_id_0_copy_0
G1 Z11 F15000
G1 X282.703 Y282.703 Z11
G1 Z10
G1 E17 F9000
;TYPE:Outer wall
;WIDTH:3.2
G1 F2779.615
G1 X717.297 Y282.703 E1876.19945
G1 X717.297 Y717.297 E1876.19945
M73 P8 R699
G1 X282.703 Y717.297 E1876.19945
G1 X282.703 Y283.003 E1874.90431
;WIPE_START
G1 F600
G1 X289.703 Y282.999 E-10
;WIPE_END
G1 Z11 F15000
G1 X285.15 Y400.743 Z11
G1 Z10
G1 E17 F9000
;TYPE:Sparse infill
;WIDTH:3.2
G1 F2779.614
G1 X285.15 Y389.231 E49.70059
G1 X389.231 Y285.15 E635.45138
G1 X400.743 Y285.15 E49.70059
;WIPE_START
G1 F600
G1 X393.743 Y285.15 E-10
;WIPE_END
G1 Z11 F15000
G1 X285.15 Y563.553 Z11
G1 Z10
G1 E17 F9000
G1 F2779.614
G1 X285.15 Y552.04 E49.70059
G1 X552.041 Y285.15 E1629.46316
G1 X563.553 Y285.15 E49.70059
M73 P9 R699
;WIPE_START
G1 F600
G1 X556.553 Y285.15 E-10
;WIPE_END
G1 Z11 F15000
G1 X714.85 Y400.743 Z11
G1 Z10
G1 E17 F9000
G1 F2779.614
G1 X714.85 Y389.231 E49.70059
G1 X610.769 Y285.15 E635.45139
G1 X599.257 Y285.15 E49.70059
;WIPE_START
G1 F600
G1 X606.257 Y285.15 E-10
;WIPE_END
G1 Z11 F15000
G1 X714.85 Y563.553 Z11
G1 Z10
G1 E17 F9000
G1 F2779.614
G1 X714.85 Y552.04 E49.70059
G1 X447.96 Y285.15 E1629.46316
G1 X436.447 Y285.15 E49.70059
M73 P9 R698
;WIPE_START
G1 F600
G1 X443.447 Y285.15 E-10
;WIPE_END
G1 Z11 F15000
G1 X436.447 Y714.85 Z11
G1 Z10
G1 E17 F9000
G1 F2779.614
G1 X447.959 Y714.85 E49.70059
G1 X714.85 Y447.96 E1629.46317
G1 X714.85 Y436.447 E49.70059
;WIPE_START
G1 F600
G1 X714.85 Y443.447 E-10
;WIPE_END
G1 Z11 F15000
G1 X703.338 Y714.85 Z11
G1 Z10
G1 E17 F9000
G1 F2779.614
G1 X714.85 Y714.85 E49.70059
G1 X285.15 Y285.15 E2623.47492
G1 X296.662 Y285.15 E49.70059
;WIPE_START
G1 F600
G1 X289.662 Y285.15 E-10
;WIPE_END
G1 Z11 F15000
G1 X296.662 Y714.85 Z11
G1 Z10
G1 E17 F9000
G1 F2779.614
G1 X285.15 Y714.85 E49.70028
G1 X714.85 Y285.15 E2623.47449
G1 X703.338 Y285.15 E49.70028
;WIPE_START
G1 F600
G1 X710.338 Y285.15 E-10
;WIPE_END
G1 Z11 F15000
G1 X599.257 Y714.85 Z11
G1 Z10
G1 E17 F9000
G1 F2779.614
G1 X610.769 Y714.85 E49.70059
G1 X714.85 Y610.769 E635.45139
G1 X714.85 Y599.257 E49.70059
;WIPE_START
G1 F600
M73 P9 R697
G1 X714.85 Y606.257 E-10
;WIPE_END
G1 Z11 F15000
G1 X563.553 Y714.85 Z11
G1 Z10
G1 E17 F9000
G1 F2779.614
G1 X552.04 Y714.85 E49.70059
G1 X285.15 Y447.96 E1629.46316
G1 X285.15 Y436.447 E49.70059
;WIPE_START
G1 F600
G1 X285.15 Y443.447 E-10
;WIPE_END
G1 Z11 F15000
G1 X400.743 Y714.85 Z11
G1 Z10
G1 E17 F9000
G1 F2779.614
G1 X389.231 Y714.85 E49.70059
G1 X285.15 Y610.769 E635.45139
G1 X285.15 Y599.257 E49.70059
; stop printing object Cube id:0 copy 0
;LAYER_CHANGE
;Z:11.5
;HEIGHT:1.5
;BEFORE_LAYER_CHANGE
;11.5
G92 E0

EXCLUDE_OBJECT_END NAME=Cube_id_0_copy_0
;AFTER_LAYER_CHANGE
;11.5
;_SET_FAN_SPEED_CHANGING_LAYER
; printing object Cube id:0 copy 0
;WIPE_START
G1 F600
G1 X285.15 Y606.257 E-10
;WIPE_END
EXCLUDE_OBJECT_START NAME=Cube_id_0_copy_0
G1 Z12.5 F15000
G1 X282.703 Y717.297 Z12.5
G1 Z11.5
G1 E17 F9000
;TYPE:Outer wall
;WIDTH:3.2
G1 F2779.615
G1 X282.703 Y282.703 E1876.19945
G1 X717.297 Y282.703 E1876.19945
G1 X717.297 Y717.297 E1876.19945
G1 X283.003 Y717.297 E1874.90431
;WIPE_START
G1 F600
G1 X282.999 Y710.297 E-10
;WIPE_END
G1 Z12.5 F15000
G1 X285.15 Y599.257 Z12.5
G1 Z11.5
G1 E17 F9000
;TYPE:Sparse infill
;WIDTH:3.2
G1 F2779.614
G1 X285.15 Y610.769 E49.70059
G1 X389.231 Y714.85 E635.45139
M73 P9 R696
G1 X400.743 Y714.85 E49.70059
;WIPE_START
G1 F600
G1 X393.743 Y714.85 E-10
;WIPE_END
G1 Z12.5 F15000
G1 X285.15 Y436.447 Z12.5
G1 Z11.5
G1 E17 F9000
G1 F2779.614
G1 X285.15 Y447.96 E49.70059
G1 X552.04 Y714.85 E1629.46316
G1 X563.553 Y714.85 E49.70059
;WIPE_START
G1 F600
G1 X556.553 Y714.85 E-10
;WIPE_END
G1 Z12.5 F15000
G1 X714.85 Y599.257 Z12.5
G1 Z11.5
G1 E17 F9000
G1 F2779.614
G1 X714.85 Y610.769 E49.70059
G1 X610.769 Y714.85 E635.45139
G1 X599.257 Y714.85 E49.70059
;WIPE_START
G1 F600
G1 X606.257 Y714.85 E-10
;WIPE_END
G1 Z12.5 F15000
G1 X714.85 Y436.447 Z12.5
G1 Z11.5
G1 E17 F9000
G1 F2779.614
G1 X714.85 Y447.96 E49.70059
G1 X447.959 Y714.85 E1629.46317
G1 X436.447 Y714.85 E49.70059
;WIPE_START
G1 F600
G1 X443.447 Y714.85 E-10
;WIPE_END
G1 Z12.5 F15000
G1 X436.447 Y285.15 Z12.5
G1 Z11.5
G1 E17 F9000
G1 F2779.614
G1 X447.96 Y285.15 E49.70059
G1 X714.85 Y552.04 E1629.46316
G1 X714.85 Y563.553 E49.70059
;WIPE_START
G1 F600
G1 X714.85 Y556.553 E-10
;WIPE_END
G1 Z12.5 F15000
G1 X703.338 Y285.15 Z12.5
G1 Z11.5
G1 E17 F9000
G1 F2779.614
G1 X714.85 Y285.15 E49.70028
G1 X285.15 Y714.85 E2623.47449
G1 X296.662 Y714.85 E49.70028
M73 P9 R695
;WIPE_START
G1 F600
G1 X289.662 Y714.85 E-10
;WIPE_END
G1 Z12.5 F15000
G1 X296.662 Y285.15 Z12.5
G1 Z11.5
G1 E17 F9000
G1 F2779.614
G1 X285.15 Y285.15 E49.70059
G1 X714.85 Y714.85 E2623.47492
G1 X703.338 Y714.85 E49.70059
;WIPE_START
G1 F600
G1 X710.338 Y714.85 E-10
;WIPE_END
G1 Z12.5 F15000
G1 X599.257 Y285.15 Z12.5
G1 Z11.5
G1 E17 F9000
G1 F2779.614
G1 X610.769 Y285.15 E49.70059
G1 X714.85 Y389.231 E635.45139
G1 X714.85 Y400.743 E49.70059
;WIPE_START
G1 F600
G1 X714.85 Y393.743 E-10
;WIPE_END
G1 Z12.5 F15000
G1 X563.553 Y285.15 Z12.5
G1 Z11.5
G1 E17 F9000
G1 F2779.614
G1 X552.041 Y285.15 E49.70059
G1 X285.15 Y552.04 E1629.46316
G1 X285.15 Y563.553 E49.70059
;WIPE_START
G1 F600
G1 X285.15 Y556.553 E-10
;WIPE_END
G1 Z12.5 F15000
G1 X400.743 Y285.15 Z12.5
G1 Z11.5
G1 E17 F9000
G1 F2779.614
G1 X389.231 Y285.15 E49.70059
G1 X285.15 Y389.231 E635.45138
G1 X285.15 Y400.743 E49.70059
; stop printing object Cube id:0 copy 0
;LAYER_CHANGE
;Z:13
;HEIGHT:1.5
;BEFORE_LAYER_CHANGE
;13
G92 E0

EXCLUDE_OBJECT_END NAME=Cube_id_0_copy_0
;AFTER_LAYER_CHANGE
;13
;_SET_FAN_SPEED_CHANGING_LAYER
; printing object Cube id:0 copy 0
;WIPE_START
G1 F600
G1 X285.15 Y393.743 E-10
;WIPE_END
EXCLUDE_OBJECT_START NAME=Cube_id_0_copy_0
G1 Z14 F15000
G1 X282.703 Y282.703 Z14
G1 Z13
G1 E17 F9000
;TYPE:Outer wall
;WIDTH:3.2
G1 F2779.615
G1 X717.297 Y282.703 E1876.19945
G1 X717.297 Y717.297 E1876.19945
G1 X282.703 Y717.297 E1876.19945
M73 P9 R694
G1 X282.703 Y283.003 E1874.90431
;WIPE_START
G1 F600
G1 X289.703 Y282.999 E-10
;WIPE_END
G1 Z14 F15000
G1 X285.15 Y400.743 Z14
G1 Z13
G1 E17 F9000
;TYPE:Sparse infill
;WIDTH:3.2
G1 F2779.614
G1 X285.15 Y389.231 E49.70059
G1 X389.231 Y285.15 E635.45138
G1 X400.743 Y285.15 E49.70059
;WIPE_START
G1 F600
G1 X393.743 Y285.15 E-10
;WIPE_END
G1 Z14 F15000
G1 X285.15 Y563.553 Z14
G1 Z13
G1 E17 F9000
G1 F2779.614
G1 X285.15 Y552.04 E49.70059
G1 X552.041 Y285.15 E1629.46316
G1 X563.553 Y285.15 E49.70059
;WIPE_START
G1 F600
G1 X556.553 Y285.15 E-10
;WIPE_END
G1 Z14 F15000
G1 X714.85 Y400.743 Z14
G1 Z13
G1 E17 F9000
G1 F2779.614
G1 X714.85 Y389.231 E49.70059
G1 X610.769 Y285.15 E635.45139
G1 X599.257 Y285.15 E49.70059
;WIPE_START
G1 F600
G1 X606.257 Y285.15 E-10
;WIPE_END
G1 Z14 F15000
G1 X714.85 Y563.553 Z14
G1 Z13
G1 E17 F9000
G1 F2779.614
G1 X714.85 Y552.04 E49.70059
G1 X447.96 Y285.15 E1629.46316
G1 X436.447 Y285.15 E49.70059
M73 P9 R693
;WIPE_START
G1 F600
G1 X443.447 Y285.15 E-10
;WIPE_END
G1 Z14 F15000
G1 X436.447 Y714.85 Z14
G1 Z13
G1 E17 F9000
G1 F2779.614
G1 X447.959 Y714.85 E49.70059
G1 X714.85 Y447.96 E1629.46317
G1 X714.85 Y436.447 E49.70059
;WIPE_START
G1 F600
G1 X714.85 Y443.447 E-10
;WIPE_END
G1 Z14 F15000
G1 X703.338 Y714.85 Z14
G1 Z13
G1 E17 F9000
G1 F2779.614
G1 X714.85 Y714.85 E49.70059
G1 X285.15 Y285.15 E2623.47492
G1 X296.662 Y285.15 E49.70059
;WIPE_START
G1 F600
G1 X289.662 Y285.15 E-10
;WIPE_END
G1 Z14 F15000
G1 X296.662 Y714.85 Z14
G1 Z13
G1 E17 F9000
G1 F2779.614
G1 X285.15 Y714.85 E49.70028
G1 X714.85 Y285.15 E2623.47449
G1 X703.338 Y285.15 E49.70028
;WIPE_START
G1 F600
G1 X710.338 Y285.15 E-10
;WIPE_END
G1 Z14 F15000
G1 X599.257 Y714.85 Z14
G1 Z13
G1 E17 F9000
G1 F2779.614
G1 X610.769 Y714.85 E49.70059
G1 X714.85 Y610.769 E635.45139
G1 X714.85 Y599.257 E49.70059
;WIPE_START
G1 F600
G1 X714.85 Y606.257 E-10
;WIPE_END
G1 Z14 F15000
G1 X563.553 Y714.85 Z14
G1 Z13
G1 E17 F9000
G1 F2779.614
G1 X552.04 Y714.85 E49.70059
G1 X285.15 Y447.96 E1629.46316
G1 X285.15 Y436.447 E49.70059
M73 P9 R692
;WIPE_START
G1 F600
G1 X285.15 Y443.447 E-10
;WIPE_END
G1 Z14 F15000
G1 X400.743 Y714.85 Z14
G1 Z13
G1 E17 F9000
G1 F2779.614
G1 X389.231 Y714.85 E49.70059
G1 X285.15 Y610.769 E635.45139
G1 X285.15 Y599.257 E49.70059
; stop printing object Cube id:0 copy 0
;LAYER_CHANGE
;Z:14.5
;HEIGHT:1.5
;BEFORE_LAYER_CHANGE
;14.5
G92 E0

EXCLUDE_OBJECT_END NAME=Cube_id_0_copy_0
;AFTER_LAYER_CHANGE
;14.5
;_SET_FAN_SPEED_CHANGING_LAYER
; printing object Cube id:0 copy 0
;WIPE_START
G1 F600
G1 X285.15 Y606.257 E-10
;WIPE_END
EXCLUDE_OBJECT_START NAME=Cube_id_0_copy_0
G1 Z15.5 F15000
G1 X282.703 Y717.297 Z15.5
G1 Z14.5
G1 E17 F9000
;TYPE:Outer wall
;WIDTH:3.2
G1 F2779.615
G1 X282.703 Y282.703 E1876.19945
G1 X717.297 Y282.703 E1876.19945
G1 X717.297 Y717.297 E1876.19945
G1 X283.003 Y717.297 E1874.90431
;WIPE_START
G1 F600
G1 X282.999 Y710.297 E-10
;WIPE_END
G1 Z15.5 F15000
G1 X285.15 Y599.257 Z15.5
G1 Z14.5
G1 E17 F9000
;TYPE:Sparse infill
;WIDTH:3.2
G1 F2779.614
G1 X285.15 Y610.769 E49.70059
G1 X389.231 Y714.85 E635.45139
G1 X400.743 Y714.85 E49.70059
;WIPE_START
G1 F600
G1 X393.743 Y714.85 E-10
;WIPE_END
G1 Z15.5 F15000
G1 X285.15 Y436.447 Z15.5
G1 Z14.5
M73 P9 R691
G1 E17 F9000
G1 F2779.614
G1 X285.15 Y447.96 E49.70059
G1 X552.04 Y714.85 E1629.46316
G1 X563.553 Y714.85 E49.70059
;WIPE_START
G1 F600
G1 X556.553 Y714.85 E-10
;WIPE_END
G1 Z15.5 F15000
G1 X714.85 Y599.257 Z15.5
G1 Z14.5
G1 E17 F9000
G1 F2779.614
G1 X714.85 Y610.769 E49.70059
G1 X610.769 Y714.85 E635.45139
G1 X599.257 Y714.85 E49.70059
;WIPE_START
G1 F600
G1 X606.257 Y714.85 E-10
;WIPE_END
G1 Z15.5 F15000
G1 X714.85 Y436.447 Z15.5
G1 Z14.5
G1 E17 F9000
G1 F2779.614
G1 X714.85 Y447.96 E49.70059
G1 X447.959 Y714.85 E1629.46317
G1 X436.447 Y714.85 E49.70059
M73 P10 R691
;WIPE_START
G1 F600
G1 X443.447 Y714.85 E-10
;WIPE_END
G1 Z15.5 F15000
G1 X436.447 Y285.15 Z15.5
G1 Z14.5
G1 E17 F9000
G1 F2779.614
G1 X447.96 Y285.15 E49.70059
G1 X714.85 Y552.04 E1629.46316
G1 X714.85 Y563.553 E49.70059
;WIPE_START
G1 F600
G1 X714.85 Y556.553 E-10
;WIPE_END
G1 Z15.5 F15000
G1 X703.338 Y285.15 Z15.5
G1 Z14.5
G1 E17 F9000
G1 F2779.614
G1 X714.85 Y285.15 E49.70028
G1 X285.15 Y714.85 E2623.47449
G1 X296.662 Y714.85 E49.70028
;WIPE_START
G1 F600
G1 X289.662 Y714.85 E-10
;WIPE_END
G1 Z15.5 F15000
G1 X296.662 Y285.15 Z15.5
G1 Z14.5
G1 E17 F9000
G1 F2779.614
G1 X285.15 Y285.15 E49.70059
G1 X714.85 Y714.85 E2623.47492
G1 X703.338 Y714.85 E49.70059
M73 P10 R690
;WIPE_START
G1 F600
G1 X710.338 Y714.85 E-10
;WIPE_END
G1 Z15.5 F15000
G1 X599.257 Y285.15 Z15.5
G1 Z14.5
G1 E17 F9000
G1 F2779.614
G1 X610.769 Y285.15 E49.70059
G1 X714.85 Y389.231 E635.45139
G1 X714.85 Y400.743 E49.70059
;WIPE_START
G1 F600
G1 X714.85 Y393.743 E-10
;WIPE_END
G1 Z15.5 F15000
G1 X563.553 Y285.15 Z15.5
G1 Z14.5
G1 E17 F9000
G1 F2779.614
G1 X552.041 Y285.15 E49.70059
G1 X285.15 Y552.04 E1629.46316
G1 X285.15 Y563.553 E49.70059
;WIPE_START
G1 F600
G1 X285.15 Y556.553 E-10
;WIPE_END
G1 Z15.5 F15000
G1 X400.743 Y285.15 Z15.5
G1 Z14.5
G1 E17 F9000
G1 F2779.614
G1 X389.231 Y285.15 E49.70059
G1 X285.15 Y389.231 E635.45138
G1 X285.15 Y400.743 E49.70059
; stop printing object Cube id:0 copy 0
;LAYER_CHANGE
;Z:16
;HEIGHT:1.5
;BEFORE_LAYER_CHANGE
;16
G92 E0

EXCLUDE_OBJECT_END NAME=Cube_id_0_copy_0
;AFTER_LAYER_CHANGE
;16
;_SET_FAN_SPEED_CHANGING_LAYER
; printing object Cube id:0 copy 0
;WIPE_START
G1 F600
G1 X285.15 Y393.743 E-10
;WIPE_END
EXCLUDE_OBJECT_START NAME=Cube_id_0_copy_0
G1 Z17 F15000
G1 X282.703 Y282.703 Z17
G1 Z16
G1 E17 F9000
;TYPE:Outer wall
;WIDTH:3.2
G1 F2779.615
G1 X717.297 Y282.703 E1876.19945
G1 X717.297 Y717.297 E1876.19945
G1 X282.703 Y717.297 E1876.19945
G1 X282.703 Y283.003 E1874.90431
M73 P10 R689
;WIPE_START
G1 F600
G1 X289.703 Y282.999 E-10
;WIPE_END
G1 Z17 F15000
G1 X285.15 Y400.743 Z17
G1 Z16
G1 E17 F9000
;TYPE:Sparse infill
;WIDTH:3.2
G1 F2779.614
G1 X285.15 Y389.231 E49.70059
G1 X389.231 Y285.15 E635.45138
G1 X400.743 Y285.15 E49.70059
;WIPE_START
G1 F600
G1 X393.743 Y285.15 E-10
;WIPE_END
G1 Z17 F15000
G1 X285.15 Y563.553 Z17
G1 Z16
G1 E17 F9000
G1 F2779.614
G1 X285.15 Y552.04 E49.70059
G1 X552.041 Y285.15 E1629.46316
G1 X563.553 Y285.15 E49.70059
;WIPE_START
G1 F600
G1 X556.553 Y285.15 E-10
;WIPE_END
G1 Z17 F15000
G1 X714.85 Y400.743 Z17
G1 Z16
G1 E17 F9000
G1 F2779.614
G1 X714.85 Y389.231 E49.70059
G1 X610.769 Y285.15 E635.45139
G1 X599.257 Y285.15 E49.70059
;WIPE_START
G1 F600
G1 X606.257 Y285.15 E-10
;WIPE_END
G1 Z17 F15000
G1 X714.85 Y563.553 Z17
G1 Z16
G1 E17 F9000
G1 F2779.614
G1 X714.85 Y552.04 E49.70059
G1 X447.96 Y285.15 E1629.46316
G1 X436.447 Y285.15 E49.70059
;WIPE_START
G1 F600
G1 X443.447 Y285.15 E-10
;WIPE_END
G1 Z17 F15000
G1 X436.447 Y714.85 Z17
G1 Z16
G1 E17 F9000
G1 F2779.614
G1 X447.959 Y714.85 E49.70059
G1 X714.85 Y447.96 E1629.46317
G1 X714.85 Y436.447 E49.70059
M73 P10 R688
;WIPE_START
G1 F600
G1 X714.85 Y443.447 E-10
;WIPE_END
G1 Z17 F15000
G1 X703.338 Y714.85 Z17
G1 Z16
G1 E17 F9000
G1 F2779.614
G1 X714.85 Y714.85 E49.70059
G1 X285.15 Y285.15 E2623.47492
G1 X296.662 Y285.15 E49.70059
;WIPE_START
G1 F600
G1 X289.662 Y285.15 E-10
;WIPE_END
G1 Z17 F15000
G1 X296.662 Y714.85 Z17
G1 Z16
G1 E17 F9000
G1 F2779.614
G1 X285.15 Y714.85 E49.70028
G1 X714.85 Y285.15 E2623.47449
G1 X703.338 Y285.15 E49.70028
;WIPE_START
G1 F600
G1 X710.338 Y285.15 E-10
;WIPE_END
G1 Z17 F15000
G1 X599.257 Y714.85 Z17
G1 Z16
G1 E17 F9000
G1 F2779.614
G1 X610.769 Y714.85 E49.70059
G1 X714.85 Y610.769 E635.45139
G1 X714.85 Y599.257 E49.70059
;WIPE_START
G1 F600
G1 X714.85 Y606.257 E-10
;WIPE_END
G1 Z17 F15000
G1 X563.553 Y714.85 Z17
G1 Z16
G1 E17 F9000
G1 F2779.614
G1 X552.04 Y714.85 E49.70059
G1 X285.15 Y447.96 E1629.46316
G1 X285.15 Y436.447 E49.70059
;WIPE_START
G1 F600
G1 X285.15 Y443.447 E-10
;WIPE_END
G1 Z17 F15000
G1 X400.743 Y714.85 Z17
G1 Z16
M73 P10 R687
G1 E17 F9000
G1 F2779.614
G1 X389.231 Y714.85 E49.70059
G1 X285.15 Y610.769 E635.45139
G1 X285.15 Y599.257 E49.70059
; stop printing object Cube id:0 copy 0
;LAYER_CHANGE
;Z:17.5
;HEIGHT:1.5
;BEFORE_LAYER_CHANGE
;17.5
G92 E0

EXCLUDE_OBJECT_END NAME=Cube_id_0_copy_0
;AFTER_LAYER_CHANGE
;17.5
;_SET_FAN_SPEED_CHANGING_LAYER
; printing object Cube id:0 copy 0
;WIPE_START
G1 F600
G1 X285.15 Y606.257 E-10
;WIPE_END
EXCLUDE_OBJECT_START NAME=Cube_id_0_copy_0
G1 Z18.5 F15000
G1 X282.703 Y717.297 Z18.5
G1 Z17.5
G1 E17 F9000
;TYPE:Outer wall
;WIDTH:3.2
G1 F2779.615
G1 X282.703 Y282.703 E1876.19945
G1 X717.297 Y282.703 E1876.19945
G1 X717.297 Y717.297 E1876.19945
G1 X283.003 Y717.297 E1874.90431
;WIPE_START
G1 F600
G1 X282.999 Y710.297 E-10
;WIPE_END
G1 Z18.5 F15000
G1 X285.15 Y599.257 Z18.5
G1 Z17.5
G1 E17 F9000
;TYPE:Sparse infill
;WIDTH:3.2
G1 F2779.614
G1 X285.15 Y610.769 E49.70059
G1 X389.231 Y714.85 E635.45139
G1 X400.743 Y714.85 E49.70059
;WIPE_START
G1 F600
G1 X393.743 Y714.85 E-10
;WIPE_END
G1 Z18.5 F15000
G1 X285.15 Y436.447 Z18.5
G1 Z17.5
G1 E17 F9000
G1 F2779.614
G1 X285.15 Y447.96 E49.70059
G1 X552.04 Y714.85 E1629.46316
G1 X563.553 Y714.85 E49.70059
M73 P10 R686
;WIPE_START
G1 F600
G1 X556.553 Y714.85 E-10
;WIPE_END
G1 Z18.5 F15000
G1 X714.85 Y599.257 Z18.5
G1 Z17.5
G1 E17 F9000
G1 F2779.614
G1 X714.85 Y610.769 E49.70059
G1 X610.769 Y714.85 E635.45139
G1 X599.257 Y714.85 E49.70059
;WIPE_START
G1 F600
G1 X606.257 Y714.85 E-10
;WIPE_END
G1 Z18.5 F15000
G1 X714.85 Y436.447 Z18.5
G1 Z17.5
G1 E17 F9000
G1 F2779.614
G1 X714.85 Y447.96 E49.70059
G1 X447.959 Y714.85 E1629.46317
G1 X436.447 Y714.85 E49.70059
;WIPE_START
G1 F600
G1 X443.447 Y714.85 E-10
;WIPE_END
G1 Z18.5 F15000
G1 X436.447 Y285.15 Z18.5
G1 Z17.5
G1 E17 F9000
G1 F2779.614
G1 X447.96 Y285.15 E49.70059
G1 X714.85 Y552.04 E1629.46316
G1 X714.85 Y563.553 E49.70059
;WIPE_START
G1 F600
G1 X714.85 Y556.553 E-10
;WIPE_END
G1 Z18.5 F15000
G1 X703.338 Y285.15 Z18.5
G1 Z17.5
G1 E17 F9000
G1 F2779.614
G1 X714.85 Y285.15 E49.70028
G1 X285.15 Y714.85 E2623.47449
G1 X296.662 Y714.85 E49.70028
;WIPE_START
G1 F600
G1 X289.662 Y714.85 E-10
;WIPE_END
G1 Z18.5 F15000
G1 X296.662 Y285.15 Z18.5
G1 Z17.5
G1 E17 F9000
G1 F2779.614
G1 X285.15 Y285.15 E49.70059
G1 X714.85 Y714.85 E2623.47492
G1 X703.338 Y714.85 E49.70059
M73 P10 R685
;WIPE_START
G1 F600
G1 X710.338 Y714.85 E-10
;WIPE_END
G1 Z18.5 F15000
G1 X599.257 Y285.15 Z18.5
G1 Z17.5
G1 E17 F9000
G1 F2779.614
G1 X610.769 Y285.15 E49.70059
G1 X714.85 Y389.231 E635.45139
G1 X714.85 Y400.743 E49.70059
;WIPE_START
G1 F600
G1 X714.85 Y393.743 E-10
;WIPE_END
G1 Z18.5 F15000
G1 X563.553 Y285.15 Z18.5
G1 Z17.5
G1 E17 F9000
G1 F2779.614
G1 X552.041 Y285.15 E49.70059
G1 X285.15 Y552.04 E1629.46316
G1 X285.15 Y563.553 E49.70059
;WIPE_START
G1 F600
G1 X285.15 Y556.553 E-10
;WIPE_END
G1 Z18.5 F15000
G1 X400.743 Y285.15 Z18.5
G1 Z17.5
G1 E17 F9000
G1 F2779.614
G1 X389.231 Y285.15 E49.70059
G1 X285.15 Y389.231 E635.45138
G1 X285.15 Y400.743 E49.70059
; stop printing object Cube id:0 copy 0
;LAYER_CHANGE
;Z:19
;HEIGHT:1.5
;BEFORE_LAYER_CHANGE
;19
G92 E0

EXCLUDE_OBJECT_END NAME=Cube_id_0_copy_0
;AFTER_LAYER_CHANGE
;19
;_SET_FAN_SPEED_CHANGING_LAYER
; printing object Cube id:0 copy 0
;WIPE_START
G1 F600
G1 X285.15 Y393.743 E-10
;WIPE_END
EXCLUDE_OBJECT_START NAME=Cube_id_0_copy_0
G1 Z20 F15000
G1 X282.703 Y282.703 Z20
G1 Z19
G1 E17 F9000
;TYPE:Outer wall
;WIDTH:3.2
G1 F2779.615
G1 X717.297 Y282.703 E1876.19945
G1 X717.297 Y717.297 E1876.19945
G1 X282.703 Y717.297 E1876.19945
G1 X282.703 Y283.003 E1874.90431
M73 P10 R684
;WIPE_START
G1 F600
G1 X289.703 Y282.999 E-10
;WIPE_END
G1 Z20 F15000
G1 X285.15 Y400.743 Z20
G1 Z19
G1 E17 F9000
;TYPE:Sparse infill
;WIDTH:3.2
G1 F2779.614
G1 X285.15 Y389.231 E49.70059
G1 X389.231 Y285.15 E635.45138
G1 X400.743 Y285.15 E49.70059
;WIPE_START
G1 F600
G1 X393.743 Y285.15 E-10
;WIPE_END
G1 Z20 F15000
G1 X285.15 Y563.553 Z20
G1 Z19
G1 E17 F9000
G1 F2779.614
G1 X285.15 Y552.04 E49.70059
G1 X552.041 Y285.15 E1629.46316
G1 X563.553 Y285.15 E49.70059
;WIPE_START
G1 F600
G1 X556.553 Y285.15 E-10
;WIPE_END
G1 Z20 F15000
G1 X714.85 Y400.743 Z20
G1 Z19
G1 E17 F9000
G1 F2779.614
G1 X714.85 Y389.231 E49.70059
G1 X610.769 Y285.15 E635.45139
G1 X599.257 Y285.15 E49.70059
;WIPE_START
G1 F600
G1 X606.257 Y285.15 E-10
;WIPE_END
G1 Z20 F15000
G1 X714.85 Y563.553 Z20
G1 Z19
G1 E17 F9000
G1 F2779.614
G1 X714.85 Y552.04 E49.70059
G1 X447.96 Y285.15 E1629.46316
G1 X436.447 Y285.15 E49.70059
;WIPE_START
G1 F600
G1 X443.447 Y285.15 E-10
;WIPE_END
G1 Z20 F15000
G1 X436.447 Y714.85 Z20
G1 Z19
G1 E17 F9000
G1 F2779.614
G1 X447.959 Y714.85 E49.70059
G1 X714.85 Y447.96 E1629.46317
G1 X714.85 Y436.447 E49.70059
;WIPE_START
G1 F600
M73 P10 R683
G1 X714.85 Y443.447 E-10
;WIPE_END
G1 Z20 F15000
G1 X703.338 Y714.85 Z20
G1 Z19
G1 E17 F9000
G1 F2779.614
M73 P11 R683
G1 X714.85 Y714.85 E49.70059
G1 X285.15 Y285.15 E2623.47492
G1 X296.662 Y285.15 E49.70059
;WIPE_START
G1 F600
G1 X289.662 Y285.15 E-10
;WIPE_END
G1 Z20 F15000
G1 X296.662 Y714.85 Z20
G1 Z19
G1 E17 F9000
G1 F2779.614
G1 X285.15 Y714.85 E49.70028
G1 X714.85 Y285.15 E2623.47449
G1 X703.338 Y285.15 E49.70028
;WIPE_START
G1 F600
G1 X710.338 Y285.15 E-10
;WIPE_END
G1 Z20 F15000
G1 X599.257 Y714.85 Z20
G1 Z19
G1 E17 F9000
G1 F2779.614
G1 X610.769 Y714.85 E49.70059
G1 X714.85 Y610.769 E635.45139
G1 X714.85 Y599.257 E49.70059
;WIPE_START
G1 F600
G1 X714.85 Y606.257 E-10
;WIPE_END
G1 Z20 F15000
G1 X563.553 Y714.85 Z20
G1 Z19
G1 E17 F9000
G1 F2779.614
G1 X552.04 Y714.85 E49.70059
G1 X285.15 Y447.96 E1629.46316
G1 X285.15 Y436.447 E49.70059
;WIPE_START
G1 F600
G1 X285.15 Y443.447 E-10
;WIPE_END
G1 Z20 F15000
G1 X400.743 Y714.85 Z20
G1 Z19
G1 E17 F9000
G1 F2779.614
G1 X389.231 Y714.85 E49.70059
G1 X285.15 Y610.769 E635.45139
G1 X285.15 Y599.257 E49.70059
; stop printing object Cube id:0 copy 0
;LAYER_CHANGE
;Z:20.5
;HEIGHT:1.5
;BEFORE_LAYER_CHANGE
;20.5
G92 E0

EXCLUDE_OBJECT_END NAME=Cube_id_0_copy_0
;AFTER_LAYER_CHANGE
;20.5
;_SET_FAN_SPEED_CHANGING_LAYER
; printing object Cube id:0 copy 0
;WIPE_START
G1 F600
G1 X285.15 Y606.257 E-10
;WIPE_END
EXCLUDE_OBJECT_START NAME=Cube_id_0_copy_0
G1 Z21.5 F15000
G1 X282.703 Y717.297 Z21.5
M73 P11 R682
G1 Z20.5
G1 E17 F9000
;TYPE:Outer wall
;WIDTH:3.2
G1 F2779.615
G1 X282.703 Y282.703 E1876.19945
G1 X717.297 Y282.703 E1876.19945
G1 X717.297 Y717.297 E1876.19945
G1 X283.003 Y717.297 E1874.90431
;WIPE_START
G1 F600
G1 X282.999 Y710.297 E-10
;WIPE_END
G1 Z21.5 F15000
G1 X285.15 Y599.257 Z21.5
G1 Z20.5
G1 E17 F9000
;TYPE:Sparse infill
;WIDTH:3.2
G1 F2779.614
G1 X285.15 Y610.769 E49.70059
G1 X389.231 Y714.85 E635.45139
G1 X400.743 Y714.85 E49.70059
;WIPE_START
G1 F600
G1 X393.743 Y714.85 E-10
;WIPE_END
G1 Z21.5 F15000
G1 X285.15 Y436.447 Z21.5
G1 Z20.5
G1 E17 F9000
G1 F2779.614
G1 X285.15 Y447.96 E49.70059
G1 X552.04 Y714.85 E1629.46316
G1 X563.553 Y714.85 E49.70059
;WIPE_START
G1 F600
G1 X556.553 Y714.85 E-10
;WIPE_END
G1 Z21.5 F15000
G1 X714.85 Y599.257 Z21.5
G1 Z20.5
G1 E17 F9000
G1 F2779.614
G1 X714.85 Y610.769 E49.70059
G1 X610.769 Y714.85 E635.45139
G1 X599.257 Y714.85 E49.70059
M73 P11 R681
;WIPE_START
G1 F600
G1 X606.257 Y714.85 E-10
;WIPE_END
G1 Z21.5 F15000
G1 X714.85 Y436.447 Z21.5
G1 Z20.5
G1 E17 F9000
G1 F2779.614
G1 X714.85 Y447.96 E49.70059
G1 X447.959 Y714.85 E1629.46317
G1 X436.447 Y714.85 E49.70059
;WIPE_START
G1 F600
G1 X443.447 Y714.85 E-10
;WIPE_END
G1 Z21.5 F15000
G1 X436.447 Y285.15 Z21.5
G1 Z20.5
G1 E17 F9000
G1 F2779.614
G1 X447.96 Y285.15 E49.70059
G1 X714.85 Y552.04 E1629.46316
G1 X714.85 Y563.553 E49.70059
;WIPE_START
G1 F600
G1 X714.85 Y556.553 E-10
;WIPE_END
G1 Z21.5 F15000
G1 X703.338 Y285.15 Z21.5
G1 Z20.5
G1 E17 F9000
G1 F2779.614
G1 X714.85 Y285.15 E49.70028
G1 X285.15 Y714.85 E2623.47449
G1 X296.662 Y714.85 E49.70028
;WIPE_START
G1 F600
G1 X289.662 Y714.85 E-10
;WIPE_END
G1 Z21.5 F15000
G1 X296.662 Y285.15 Z21.5
G1 Z20.5
G1 E17 F9000
G1 F2779.614
G1 X285.15 Y285.15 E49.70059
G1 X714.85 Y714.85 E2623.47492
G1 X703.338 Y714.85 E49.70059
M73 P11 R680
;WIPE_START
G1 F600
G1 X710.338 Y714.85 E-10
;WIPE_END
G1 Z21.5 F15000
G1 X599.257 Y285.15 Z21.5
G1 Z20.5
G1 E17 F9000
G1 F2779.614
G1 X610.769 Y285.15 E49.70059
G1 X714.85 Y389.231 E635.45139
G1 X714.85 Y400.743 E49.70059
;WIPE_START
G1 F600
G1 X714.85 Y393.743 E-10
;WIPE_END
G1 Z21.5 F15000
G1 X563.553 Y285.15 Z21.5
G1 Z20.5
G1 E17 F9000
G1 F2779.614
G1 X552.041 Y285.15 E49.70059
G1 X285.15 Y552.04 E1629.46316
G1 X285.15 Y563.553 E49.70059
;WIPE_START
G1 F600
G1 X285.15 Y556.553 E-10
;WIPE_END
G1 Z21.5 F15000
G1 X400.743 Y285.15 Z21.5
G1 Z20.5
G1 E17 F9000
G1 F2779.614
G1 X389.231 Y285.15 E49.70059
G1 X285.15 Y389.231 E635.45138
G1 X285.15 Y400.743 E49.70059
; stop printing object Cube id:0 copy 0
;LAYER_CHANGE
;Z:22
;HEIGHT:1.5
;BEFORE_LAYER_CHANGE
;22
G92 E0

EXCLUDE_OBJECT_END NAME=Cube_id_0_copy_0
;AFTER_LAYER_CHANGE
;22
;_SET_FAN_SPEED_CHANGING_LAYER
; printing object Cube id:0 copy 0
;WIPE_START
G1 F600
G1 X285.15 Y393.743 E-10
;WIPE_END
EXCLUDE_OBJECT_START NAME=Cube_id_0_copy_0
G1 Z23 F15000
G1 X282.703 Y282.703 Z23
G1 Z22
G1 E17 F9000
;TYPE:Outer wall
;WIDTH:3.2
G1 F2779.615
G1 X717.297 Y282.703 E1876.19945
G1 X717.297 Y717.297 E1876.19945
G1 X282.703 Y717.297 E1876.19945
G1 X282.703 Y283.003 E1874.90431
;WIPE_START
G1 F600
M73 P11 R679
G1 X289.703 Y282.999 E-10
;WIPE_END
G1 Z23 F15000
G1 X285.15 Y400.743 Z23
G1 Z22
G1 E17 F9000
;TYPE:Sparse infill
;WIDTH:3.2
G1 F2779.614
G1 X285.15 Y389.231 E49.70059
G1 X389.231 Y285.15 E635.45138
G1 X400.743 Y285.15 E49.70059
;WIPE_START
G1 F600
G1 X393.743 Y285.15 E-10
;WIPE_END
G1 Z23 F15000
G1 X285.15 Y563.553 Z23
G1 Z22
G1 E17 F9000
G1 F2779.614
G1 X285.15 Y552.04 E49.70059
G1 X552.041 Y285.15 E1629.46316
G1 X563.553 Y285.15 E49.70059
;WIPE_START
G1 F600
G1 X556.553 Y285.15 E-10
;WIPE_END
G1 Z23 F15000
G1 X714.85 Y400.743 Z23
G1 Z22
G1 E17 F9000
G1 F2779.614
G1 X714.85 Y389.231 E49.70059
G1 X610.769 Y285.15 E635.45139
G1 X599.257 Y285.15 E49.70059
;WIPE_START
G1 F600
G1 X606.257 Y285.15 E-10
;WIPE_END
G1 Z23 F15000
G1 X714.85 Y563.553 Z23
G1 Z22
G1 E17 F9000
G1 F2779.614
G1 X714.85 Y552.04 E49.70059
G1 X447.96 Y285.15 E1629.46316
G1 X436.447 Y285.15 E49.70059
;WIPE_START
G1 F600
G1 X443.447 Y285.15 E-10
;WIPE_END
G1 Z23 F15000
G1 X436.447 Y714.85 Z23
G1 Z22
G1 E17 F9000
G1 F2779.614
G1 X447.959 Y714.85 E49.70059
G1 X714.85 Y447.96 E1629.46317
G1 X714.85 Y436.447 E49.70059
;WIPE_START
G1 F600
G1 X714.85 Y443.447 E-10
;WIPE_END
G1 Z23 F15000
G1 X703.338 Y714.85 Z23
G1 Z22
G1 E17 F9000
G1 F2779.614
G1 X714.85 Y714.85 E49.70059
G1 X285.15 Y285.15 E2623.47492
G1 X296.662 Y285.15 E49.70059
M73 P11 R678
;WIPE_START
G1 F600
G1 X289.662 Y285.15 E-10
;WIPE_END
G1 Z23 F15000
G1 X296.662 Y714.85 Z23
G1 Z22
G1 E17 F9000
G1 F2779.614
G1 X285.15 Y714.85 E49.70028
G1 X714.85 Y285.15 E2623.47449
G1 X703.338 Y285.15 E49.70028
;WIPE_START
G1 F600
G1 X710.338 Y285.15 E-10
;WIPE_END
G1 Z23 F15000
G1 X599.257 Y714.85 Z23
G1 Z22
G1 E17 F9000
G1 F2779.614
G1 X610.769 Y714.85 E49.70059
G1 X714.85 Y610.769 E635.45139
G1 X714.85 Y599.257 E49.70059
;WIPE_START
G1 F600
G1 X714.85 Y606.257 E-10
;WIPE_END
G1 Z23 F15000
G1 X563.553 Y714.85 Z23
G1 Z22
G1 E17 F9000
G1 F2779.614
G1 X552.04 Y714.85 E49.70059
G1 X285.15 Y447.96 E1629.46316
G1 X285.15 Y436.447 E49.70059
;WIPE_START
G1 F600
G1 X285.15 Y443.447 E-10
;WIPE_END
G1 Z23 F15000
G1 X400.743 Y714.85 Z23
G1 Z22
G1 E17 F9000
G1 F2779.614
G1 X389.231 Y714.85 E49.70059
G1 X285.15 Y610.769 E635.45139
G1 X285.15 Y599.257 E49.70059
; stop printing object Cube id:0 copy 0
;LAYER_CHANGE
;Z:23.5
;HEIGHT:1.5
;BEFORE_LAYER_CHANGE
;23.5
G92 E0

EXCLUDE_OBJECT_END NAME=Cube_id_0_copy_0
;AFTER_LAYER_CHANGE
;23.5
;_SET_FAN_SPEED_CHANGING_LAYER
; printing object Cube id:0 copy 0
;WIPE_START
G1 F600
G1 X285.15 Y606.257 E-10
;WIPE_END
EXCLUDE_OBJECT_START NAME=Cube_id_0_copy_0
G1 Z24.5 F15000
G1 X282.703 Y717.297 Z24.5
G1 Z23.5
G1 E17 F9000
;TYPE:Outer wall
;WIDTH:3.2
G1 F2779.615
G1 X282.703 Y282.703 E1876.19945
G1 X717.297 Y282.703 E1876.19945
M73 P11 R677
G1 X717.297 Y717.297 E1876.19945
G1 X283.003 Y717.297 E1874.90431
;WIPE_START
G1 F600
G1 X282.999 Y710.297 E-10
;WIPE_END
G1 Z24.5 F15000
G1 X285.15 Y599.257 Z24.5
G1 Z23.5
G1 E17 F9000
;TYPE:Sparse infill
;WIDTH:3.2
G1 F2779.614
G1 X285.15 Y610.769 E49.70059
G1 X389.231 Y714.85 E635.45139
G1 X400.743 Y714.85 E49.70059
;WIPE_START
G1 F600
G1 X393.743 Y714.85 E-10
;WIPE_END
G1 Z24.5 F15000
G1 X285.15 Y436.447 Z24.5
G1 Z23.5
G1 E17 F9000
G1 F2779.614
G1 X285.15 Y447.96 E49.70059
G1 X552.04 Y714.85 E1629.46316
G1 X563.553 Y714.85 E49.70059
;WIPE_START
G1 F600
G1 X556.553 Y714.85 E-10
;WIPE_END
G1 Z24.5 F15000
G1 X714.85 Y599.257 Z24.5
G1 Z23.5
G1 E17 F9000
G1 F2779.614
G1 X714.85 Y610.769 E49.70059
G1 X610.769 Y714.85 E635.45139
G1 X599.257 Y714.85 E49.70059
;WIPE_START
G1 F600
G1 X606.257 Y714.85 E-10
;WIPE_END
G1 Z24.5 F15000
G1 X714.85 Y436.447 Z24.5
G1 Z23.5
G1 E17 F9000
G1 F2779.614
G1 X714.85 Y447.96 E49.70059
G1 X447.959 Y714.85 E1629.46317
M73 P11 R676
G1 X436.447 Y714.85 E49.70059
;WIPE_START
G1 F600
G1 X443.447 Y714.85 E-10
;WIPE_END
G1 Z24.5 F15000
G1 X436.447 Y285.15 Z24.5
G1 Z23.5
G1 E17 F9000
G1 F2779.614
G1 X447.96 Y285.15 E49.70059
G1 X714.85 Y552.04 E1629.46316
G1 X714.85 Y563.553 E49.70059
;WIPE_START
G1 F600
G1 X714.85 Y556.553 E-10
;WIPE_END
G1 Z24.5 F15000
G1 X703.338 Y285.15 Z24.5
G1 Z23.5
G1 E17 F9000
G1 F2779.614
G1 X714.85 Y285.15 E49.70028
G1 X285.15 Y714.85 E2623.47449
G1 X296.662 Y714.85 E49.70028
;WIPE_START
G1 F600
G1 X289.662 Y714.85 E-10
;WIPE_END
G1 Z24.5 F15000
G1 X296.662 Y285.15 Z24.5
G1 Z23.5
G1 E17 F9000
G1 F2779.614
G1 X285.15 Y285.15 E49.70059
G1 X714.85 Y714.85 E2623.47492
G1 X703.338 Y714.85 E49.70059
M73 P12 R676
;WIPE_START
G1 F600
G1 X710.338 Y714.85 E-10
;WIPE_END
G1 Z24.5 F15000
G1 X599.257 Y285.15 Z24.5
G1 Z23.5
G1 E17 F9000
G1 F2779.614
G1 X610.769 Y285.15 E49.70059
G1 X714.85 Y389.231 E635.45139
G1 X714.85 Y400.743 E49.70059
M73 P12 R675
;WIPE_START
G1 F600
G1 X714.85 Y393.743 E-10
;WIPE_END
G1 Z24.5 F15000
G1 X563.553 Y285.15 Z24.5
G1 Z23.5
G1 E17 F9000
G1 F2779.614
G1 X552.041 Y285.15 E49.70059
G1 X285.15 Y552.04 E1629.46316
G1 X285.15 Y563.553 E49.70059
;WIPE_START
G1 F600
G1 X285.15 Y556.553 E-10
;WIPE_END
G1 Z24.5 F15000
G1 X400.743 Y285.15 Z24.5
G1 Z23.5
G1 E17 F9000
G1 F2779.614
G1 X389.231 Y285.15 E49.70059
G1 X285.15 Y389.231 E635.45138
G1 X285.15 Y400.743 E49.70059
; stop printing object Cube id:0 copy 0
;LAYER_CHANGE
;Z:25
;HEIGHT:1.5
;BEFORE_LAYER_CHANGE
;25
G92 E0

EXCLUDE_OBJECT_END NAME=Cube_id_0_copy_0
;AFTER_LAYER_CHANGE
;25
;_SET_FAN_SPEED_CHANGING_LAYER
; printing object Cube id:0 copy 0
;WIPE_START
G1 F600
G1 X285.15 Y393.743 E-10
;WIPE_END
EXCLUDE_OBJECT_START NAME=Cube_id_0_copy_0
G1 Z26 F15000
G1 X282.703 Y282.703 Z26
G1 Z25
G1 E17 F9000
;TYPE:Outer wall
;WIDTH:3.2
G1 F2779.615
G1 X717.297 Y282.703 E1876.19945
G1 X717.297 Y717.297 E1876.19945
G1 X282.703 Y717.297 E1876.19945
G1 X282.703 Y283.003 E1874.90431
;WIPE_START
G1 F600
M73 P12 R674
G1 X289.703 Y282.999 E-10
;WIPE_END
G1 Z26 F15000
G1 X285.15 Y400.743 Z26
G1 Z25
G1 E17 F9000
;TYPE:Sparse infill
;WIDTH:3.2
G1 F2779.614
G1 X285.15 Y389.231 E49.70059
G1 X389.231 Y285.15 E635.45138
G1 X400.743 Y285.15 E49.70059
;WIPE_START
G1 F600
G1 X393.743 Y285.15 E-10
;WIPE_END
G1 Z26 F15000
G1 X285.15 Y563.553 Z26
G1 Z25
G1 E17 F9000
G1 F2779.614
G1 X285.15 Y552.04 E49.70059
G1 X552.041 Y285.15 E1629.46316
G1 X563.553 Y285.15 E49.70059
;WIPE_START
G1 F600
G1 X556.553 Y285.15 E-10
;WIPE_END
G1 Z26 F15000
G1 X714.85 Y400.743 Z26
G1 Z25
G1 E17 F9000
G1 F2779.614
G1 X714.85 Y389.231 E49.70059
G1 X610.769 Y285.15 E635.45139
G1 X599.257 Y285.15 E49.70059
;WIPE_START
G1 F600
G1 X606.257 Y285.15 E-10
;WIPE_END
G1 Z26 F15000
G1 X714.85 Y563.553 Z26
G1 Z25
G1 E17 F9000
G1 F2779.614
G1 X714.85 Y552.04 E49.70059
G1 X447.96 Y285.15 E1629.46316
G1 X436.447 Y285.15 E49.70059
;WIPE_START
G1 F600
G1 X443.447 Y285.15 E-10
;WIPE_END
G1 Z26 F15000
G1 X436.447 Y714.85 Z26
G1 Z25
G1 E17 F9000
G1 F2779.614
G1 X447.959 Y714.85 E49.70059
G1 X714.85 Y447.96 E1629.46317
G1 X714.85 Y436.447 E49.70059
;WIPE_START
G1 F600
G1 X714.85 Y443.447 E-10
;WIPE_END
G1 Z26 F15000
G1 X703.338 Y714.85 Z26
G1 Z25
G1 E17 F9000
G1 F2779.614
G1 X714.85 Y714.85 E49.70059
G1 X285.15 Y285.15 E2623.47492
G1 X296.662 Y285.15 E49.70059
M73 P12 R673
;WIPE_START
G1 F600
G1 X289.662 Y285.15 E-10
;WIPE_END
G1 Z26 F15000
G1 X296.662 Y714.85 Z26
G1 Z25
G1 E17 F9000
G1 F2779.614
G1 X285.15 Y714.85 E49.70028
G1 X714.85 Y285.15 E2623.47449
G1 X703.338 Y285.15 E49.70028
;WIPE_START
G1 F600
G1 X710.338 Y285.15 E-10
;WIPE_END
G1 Z26 F15000
G1 X599.257 Y714.85 Z26
G1 Z25
G1 E17 F9000
G1 F2779.614
G1 X610.769 Y714.85 E49.70059
G1 X714.85 Y610.769 E635.45139
G1 X714.85 Y599.257 E49.70059
;WIPE_START
G1 F600
G1 X714.85 Y606.257 E-10
;WIPE_END
G1 Z26 F15000
G1 X563.553 Y714.85 Z26
G1 Z25
G1 E17 F9000
G1 F2779.614
G1 X552.04 Y714.85 E49.70059
G1 X285.15 Y447.96 E1629.46316
G1 X285.15 Y436.447 E49.70059
;WIPE_START
G1 F600
G1 X285.15 Y443.447 E-10
;WIPE_END
G1 Z26 F15000
G1 X400.743 Y714.85 Z26
G1 Z25
G1 E17 F9000
G1 F2779.614
G1 X389.231 Y714.85 E49.70059
G1 X285.15 Y610.769 E635.45139
G1 X285.15 Y599.257 E49.70059
; stop printing object Cube id:0 copy 0
;LAYER_CHANGE
;Z:26.5
;HEIGHT:1.5
;BEFORE_LAYER_CHANGE
;26.5
G92 E0

EXCLUDE_OBJECT_END NAME=Cube_id_0_copy_0
;AFTER_LAYER_CHANGE
;26.5
;_SET_FAN_SPEED_CHANGING_LAYER
; printing object Cube id:0 copy 0
;WIPE_START
G1 F600
G1 X285.15 Y606.257 E-10
;WIPE_END
EXCLUDE_OBJECT_START NAME=Cube_id_0_copy_0
G1 Z27.5 F15000
G1 X282.703 Y717.297 Z27.5
G1 Z26.5
G1 E17 F9000
;TYPE:Outer wall
;WIDTH:3.2
G1 F2779.615
G1 X282.703 Y282.703 E1876.19945
G1 X717.297 Y282.703 E1876.19945
G1 X717.297 Y717.297 E1876.19945
M73 P12 R672
G1 X283.003 Y717.297 E1874.90431
;WIPE_START
G1 F600
G1 X282.999 Y710.297 E-10
;WIPE_END
G1 Z27.5 F15000
G1 X285.15 Y599.257 Z27.5
G1 Z26.5
G1 E17 F9000
;TYPE:Sparse infill
;WIDTH:3.2
G1 F2779.614
G1 X285.15 Y610.769 E49.70059
G1 X389.231 Y714.85 E635.45139
G1 X400.743 Y714.85 E49.70059
;WIPE_START
G1 F600
G1 X393.743 Y714.85 E-10
;WIPE_END
G1 Z27.5 F15000
G1 X285.15 Y436.447 Z27.5
G1 Z26.5
G1 E17 F9000
G1 F2779.614
G1 X285.15 Y447.96 E49.70059
G1 X552.04 Y714.85 E1629.46316
G1 X563.553 Y714.85 E49.70059
;WIPE_START
G1 F600
G1 X556.553 Y714.85 E-10
;WIPE_END
G1 Z27.5 F15000
G1 X714.85 Y599.257 Z27.5
G1 Z26.5
G1 E17 F9000
G1 F2779.614
G1 X714.85 Y610.769 E49.70059
G1 X610.769 Y714.85 E635.45139
G1 X599.257 Y714.85 E49.70059
;WIPE_START
G1 F600
G1 X606.257 Y714.85 E-10
;WIPE_END
G1 Z27.5 F15000
G1 X714.85 Y436.447 Z27.5
G1 Z26.5
G1 E17 F9000
G1 F2779.614
G1 X714.85 Y447.96 E49.70059
G1 X447.959 Y714.85 E1629.46317
G1 X436.447 Y714.85 E49.70059
M73 P12 R671
;WIPE_START
G1 F600
G1 X443.447 Y714.85 E-10
;WIPE_END
G1 Z27.5 F15000
G1 X436.447 Y285.15 Z27.5
G1 Z26.5
G1 E17 F9000
G1 F2779.614
G1 X447.96 Y285.15 E49.70059
G1 X714.85 Y552.04 E1629.46316
G1 X714.85 Y563.553 E49.70059
;WIPE_START
G1 F600
G1 X714.85 Y556.553 E-10
;WIPE_END
G1 Z27.5 F15000
G1 X703.338 Y285.15 Z27.5
G1 Z26.5
G1 E17 F9000
G1 F2779.614
G1 X714.85 Y285.15 E49.70028
G1 X285.15 Y714.85 E2623.47449
G1 X296.662 Y714.85 E49.70028
;WIPE_START
G1 F600
G1 X289.662 Y714.85 E-10
;WIPE_END
G1 Z27.5 F15000
G1 X296.662 Y285.15 Z27.5
G1 Z26.5
G1 E17 F9000
G1 F2779.614
G1 X285.15 Y285.15 E49.70059
G1 X714.85 Y714.85 E2623.47492
G1 X703.338 Y714.85 E49.70059
;WIPE_START
G1 F600
G1 X710.338 Y714.85 E-10
;WIPE_END
G1 Z27.5 F15000
G1 X599.257 Y285.15 Z27.5
G1 Z26.5
G1 E17 F9000
G1 F2779.614
G1 X610.769 Y285.15 E49.70059
G1 X714.85 Y389.231 E635.45139
G1 X714.85 Y400.743 E49.70059
;WIPE_START
G1 F600
G1 X714.85 Y393.743 E-10
;WIPE_END
G1 Z27.5 F15000
G1 X563.553 Y285.15 Z27.5
G1 Z26.5
G1 E17 F9000
G1 F2779.614
G1 X552.041 Y285.15 E49.70059
G1 X285.15 Y552.04 E1629.46316
G1 X285.15 Y563.553 E49.70059
M73 P12 R670
;WIPE_START
G1 F600
G1 X285.15 Y556.553 E-10
;WIPE_END
G1 Z27.5 F15000
G1 X400.743 Y285.15 Z27.5
G1 Z26.5
G1 E17 F9000
G1 F2779.614
G1 X389.231 Y285.15 E49.70059
G1 X285.15 Y389.231 E635.45138
G1 X285.15 Y400.743 E49.70059
; stop printing object Cube id:0 copy 0
;LAYER_CHANGE
;Z:28
;HEIGHT:1.5
;BEFORE_LAYER_CHANGE
;28
G92 E0

EXCLUDE_OBJECT_END NAME=Cube_id_0_copy_0
;AFTER_LAYER_CHANGE
;28
;_SET_FAN_SPEED_CHANGING_LAYER
; printing object Cube id:0 copy 0
;WIPE_START
G1 F600
G1 X285.15 Y393.743 E-10
;WIPE_END
EXCLUDE_OBJECT_START NAME=Cube_id_0_copy_0
G1 Z29 F15000
G1 X282.703 Y282.703 Z29
G1 Z28
G1 E17 F9000
;TYPE:Outer wall
;WIDTH:3.2
G1 F2779.615
G1 X717.297 Y282.703 E1876.19945
G1 X717.297 Y717.297 E1876.19945
G1 X282.703 Y717.297 E1876.19945
G1 X282.703 Y283.003 E1874.90431
;WIPE_START
G1 F600
G1 X289.703 Y282.999 E-10
;WIPE_END
G1 Z29 F15000
G1 X285.15 Y400.743 Z29
G1 Z28
G1 E17 F9000
;TYPE:Sparse infill
;WIDTH:3.2
G1 F2779.614
G1 X285.15 Y389.231 E49.70059
G1 X389.231 Y285.15 E635.45138
G1 X400.743 Y285.15 E49.70059
;WIPE_START
G1 F600
G1 X393.743 Y285.15 E-10
;WIPE_END
G1 Z29 F15000
M73 P12 R669
G1 X285.15 Y563.553 Z29
G1 Z28
G1 E17 F9000
G1 F2779.614
G1 X285.15 Y552.04 E49.70059
G1 X552.041 Y285.15 E1629.46316
G1 X563.553 Y285.15 E49.70059
;WIPE_START
G1 F600
G1 X556.553 Y285.15 E-10
;WIPE_END
G1 Z29 F15000
G1 X714.85 Y400.743 Z29
G1 Z28
G1 E17 F9000
G1 F2779.614
G1 X714.85 Y389.231 E49.70059
G1 X610.769 Y285.15 E635.45139
G1 X599.257 Y285.15 E49.70059
;WIPE_START
G1 F600
G1 X606.257 Y285.15 E-10
;WIPE_END
G1 Z29 F15000
G1 X714.85 Y563.553 Z29
G1 Z28
G1 E17 F9000
G1 F2779.614
G1 X714.85 Y552.04 E49.70059
G1 X447.96 Y285.15 E1629.46316
G1 X436.447 Y285.15 E49.70059
;WIPE_START
G1 F600
G1 X443.447 Y285.15 E-10
;WIPE_END
G1 Z29 F15000
G1 X436.447 Y714.85 Z29
G1 Z28
G1 E17 F9000
G1 F2779.614
G1 X447.959 Y714.85 E49.70059
G1 X714.85 Y447.96 E1629.46317
G1 X714.85 Y436.447 E49.70059
;WIPE_START
G1 F600
G1 X714.85 Y443.447 E-10
;WIPE_END
G1 Z29 F15000
G1 X703.338 Y714.85 Z29
G1 Z28
G1 E17 F9000
G1 F2779.614
G1 X714.85 Y714.85 E49.70059
G1 X285.15 Y285.15 E2623.47492
G1 X296.662 Y285.15 E49.70059
;WIPE_START
G1 F600
G1 X289.662 Y285.15 E-10
;WIPE_END
G1 Z29 F15000
G1 X296.662 Y714.85 Z29
G1 Z28
M73 P12 R668
G1 E17 F9000
G1 F2779.614
G1 X285.15 Y714.85 E49.70028
G1 X714.85 Y285.15 E2623.47449
G1 X703.338 Y285.15 E49.70028
;WIPE_START
G1 F600
G1 X710.338 Y285.15 E-10
;WIPE_END
G1 Z29 F15000
G1 X599.257 Y714.85 Z29
G1 Z28
G1 E17 F9000
G1 F2779.614
G1 X610.769 Y714.85 E49.70059
G1 X714.85 Y610.769 E635.45139
G1 X714.85 Y599.257 E49.70059
;WIPE_START
G1 F600
G1 X714.85 Y606.257 E-10
;WIPE_END
G1 Z29 F15000
G1 X563.553 Y714.85 Z29
G1 Z28
G1 E17 F9000
G1 F2779.614
G1 X552.04 Y714.85 E49.70059
G1 X285.15 Y447.96 E1629.46316
M73 P13 R668
G1 X285.15 Y436.447 E49.70059
;WIPE_START
G1 F600
G1 X285.15 Y443.447 E-10
;WIPE_END
G1 Z29 F15000
G1 X400.743 Y714.85 Z29
G1 Z28
G1 E17 F9000
G1 F2779.614
G1 X389.231 Y714.85 E49.70059
G1 X285.15 Y610.769 E635.45139
G1 X285.15 Y599.257 E49.70059
; stop printing object Cube id:0 copy 0
;LAYER_CHANGE
;Z:29.5
;HEIGHT:1.5
;BEFORE_LAYER_CHANGE
;29.5
G92 E0

EXCLUDE_OBJECT_END NAME=Cube_id_0_copy_0
;AFTER_LAYER_CHANGE
;29.5
;_SET_FAN_SPEED_CHANGING_LAYER
; printing object Cube id:0 copy 0
;WIPE_START
G1 F600
G1 X285.15 Y606.257 E-10
;WIPE_END
EXCLUDE_OBJECT_START NAME=Cube_id_0_copy_0
G1 Z30.5 F15000
G1 X282.703 Y717.297 Z30.5
G1 Z29.5
G1 E17 F9000
;TYPE:Outer wall
;WIDTH:3.2
G1 F2779.615
G1 X282.703 Y282.703 E1876.19945
G1 X717.297 Y282.703 E1876.19945
G1 X717.297 Y717.297 E1876.19945
M73 P13 R667
G1 X283.003 Y717.297 E1874.90431
;WIPE_START
G1 F600
G1 X282.999 Y710.297 E-10
;WIPE_END
G1 Z30.5 F15000
G1 X285.15 Y599.257 Z30.5
G1 Z29.5
G1 E17 F9000
;TYPE:Sparse infill
;WIDTH:3.2
G1 F2779.614
G1 X285.15 Y610.769 E49.70059
G1 X389.231 Y714.85 E635.45139
G1 X400.743 Y714.85 E49.70059
;WIPE_START
G1 F600
G1 X393.743 Y714.85 E-10
;WIPE_END
G1 Z30.5 F15000
G1 X285.15 Y436.447 Z30.5
G1 Z29.5
G1 E17 F9000
G1 F2779.614
G1 X285.15 Y447.96 E49.70059
G1 X552.04 Y714.85 E1629.46316
G1 X563.553 Y714.85 E49.70059
;WIPE_START
G1 F600
G1 X556.553 Y714.85 E-10
;WIPE_END
G1 Z30.5 F15000
G1 X714.85 Y599.257 Z30.5
G1 Z29.5
G1 E17 F9000
G1 F2779.614
G1 X714.85 Y610.769 E49.70059
G1 X610.769 Y714.85 E635.45139
G1 X599.257 Y714.85 E49.70059
;WIPE_START
G1 F600
G1 X606.257 Y714.85 E-10
;WIPE_END
G1 Z30.5 F15000
G1 X714.85 Y436.447 Z30.5
G1 Z29.5
G1 E17 F9000
G1 F2779.614
G1 X714.85 Y447.96 E49.70059
G1 X447.959 Y714.85 E1629.46317
G1 X436.447 Y714.85 E49.70059
;WIPE_START
G1 F600
G1 X443.447 Y714.85 E-10
;WIPE_END
G1 Z30.5 F15000
G1 X436.447 Y285.15 Z30.5
G1 Z29.5
G1 E17 F9000
G1 F2779.614
G1 X447.96 Y285.15 E49.70059
G1 X714.85 Y552.04 E1629.46316
G1 X714.85 Y563.553 E49.70059
M73 P13 R666
;WIPE_START
G1 F600
G1 X714.85 Y556.553 E-10
;WIPE_END
G1 Z30.5 F15000
G1 X703.338 Y285.15 Z30.5
G1 Z29.5
G1 E17 F9000
G1 F2779.614
G1 X714.85 Y285.15 E49.70028
G1 X285.15 Y714.85 E2623.47449
G1 X296.662 Y714.85 E49.70028
;WIPE_START
G1 F600
G1 X289.662 Y714.85 E-10
;WIPE_END
G1 Z30.5 F15000
G1 X296.662 Y285.15 Z30.5
G1 Z29.5
G1 E17 F9000
G1 F2779.614
G1 X285.15 Y285.15 E49.70059
G1 X714.85 Y714.85 E2623.47492
G1 X703.338 Y714.85 E49.70059
;WIPE_START
G1 F600
G1 X710.338 Y714.85 E-10
;WIPE_END
G1 Z30.5 F15000
G1 X599.257 Y285.15 Z30.5
G1 Z29.5
G1 E17 F9000
G1 F2779.614
G1 X610.769 Y285.15 E49.70059
G1 X714.85 Y389.231 E635.45139
G1 X714.85 Y400.743 E49.70059
;WIPE_START
G1 F600
G1 X714.85 Y393.743 E-10
;WIPE_END
G1 Z30.5 F15000
G1 X563.553 Y285.15 Z30.5
G1 Z29.5
G1 E17 F9000
G1 F2779.614
G1 X552.041 Y285.15 E49.70059
G1 X285.15 Y552.04 E1629.46316
G1 X285.15 Y563.553 E49.70059
M73 P13 R665
;WIPE_START
G1 F600
G1 X285.15 Y556.553 E-10
;WIPE_END
G1 Z30.5 F15000
G1 X400.743 Y285.15 Z30.5
G1 Z29.5
G1 E17 F9000
G1 F2779.614
G1 X389.231 Y285.15 E49.70059
G1 X285.15 Y389.231 E635.45138
G1 X285.15 Y400.743 E49.70059
; stop printing object Cube id:0 copy 0
;LAYER_CHANGE
;Z:31
;HEIGHT:1.5
;BEFORE_LAYER_CHANGE
;31
G92 E0

EXCLUDE_OBJECT_END NAME=Cube_id_0_copy_0
;AFTER_LAYER_CHANGE
;31
;_SET_FAN_SPEED_CHANGING_LAYER
; printing object Cube id:0 copy 0
;WIPE_START
G1 F600
G1 X285.15 Y393.743 E-10
;WIPE_END
EXCLUDE_OBJECT_START NAME=Cube_id_0_copy_0
G1 Z32 F15000
G1 X282.703 Y282.703 Z32
G1 Z31
G1 E17 F9000
;TYPE:Outer wall
;WIDTH:3.2
G1 F2779.615
G1 X717.297 Y282.703 E1876.19945
G1 X717.297 Y717.297 E1876.19945
G1 X282.703 Y717.297 E1876.19945
G1 X282.703 Y283.003 E1874.90431
;WIPE_START
G1 F600
G1 X289.703 Y282.999 E-10
;WIPE_END
G1 Z32 F15000
G1 X285.15 Y400.743 Z32
G1 Z31
G1 E17 F9000
;TYPE:Sparse infill
;WIDTH:3.2
G1 F2779.614
G1 X285.15 Y389.231 E49.70059
G1 X389.231 Y285.15 E635.45138
G1 X400.743 Y285.15 E49.70059
;WIPE_START
G1 F600
G1 X393.743 Y285.15 E-10
;WIPE_END
G1 Z32 F15000
G1 X285.15 Y563.553 Z32
G1 Z31
G1 E17 F9000
G1 F2779.614
G1 X285.15 Y552.04 E49.70059
G1 X552.041 Y285.15 E1629.46316
G1 X563.553 Y285.15 E49.70059
M73 P13 R664
;WIPE_START
G1 F600
G1 X556.553 Y285.15 E-10
;WIPE_END
G1 Z32 F15000
G1 X714.85 Y400.743 Z32
G1 Z31
G1 E17 F9000
G1 F2779.614
G1 X714.85 Y389.231 E49.70059
G1 X610.769 Y285.15 E635.45139
G1 X599.257 Y285.15 E49.70059
;WIPE_START
G1 F600
G1 X606.257 Y285.15 E-10
;WIPE_END
G1 Z32 F15000
G1 X714.85 Y563.553 Z32
G1 Z31
G1 E17 F9000
G1 F2779.614
G1 X714.85 Y552.04 E49.70059
G1 X447.96 Y285.15 E1629.46316
G1 X436.447 Y285.15 E49.70059
;WIPE_START
G1 F600
G1 X443.447 Y285.15 E-10
;WIPE_END
G1 Z32 F15000
G1 X436.447 Y714.85 Z32
G1 Z31
G1 E17 F9000
G1 F2779.614
G1 X447.959 Y714.85 E49.70059
G1 X714.85 Y447.96 E1629.46317
G1 X714.85 Y436.447 E49.70059
;WIPE_START
G1 F600
G1 X714.85 Y443.447 E-10
;WIPE_END
G1 Z32 F15000
G1 X703.338 Y714.85 Z32
G1 Z31
G1 E17 F9000
G1 F2779.614
G1 X714.85 Y714.85 E49.70059
G1 X285.15 Y285.15 E2623.47492
G1 X296.662 Y285.15 E49.70059
;WIPE_START
G1 F600
G1 X289.662 Y285.15 E-10
;WIPE_END
G1 Z32 F15000
G1 X296.662 Y714.85 Z32
G1 Z31
G1 E17 F9000
G1 F2779.614
G1 X285.15 Y714.85 E49.70028
G1 X714.85 Y285.15 E2623.47449
G1 X703.338 Y285.15 E49.70028
M73 P13 R663
;WIPE_START
G1 F600
G1 X710.338 Y285.15 E-10
;WIPE_END
G1 Z32 F15000
G1 X599.257 Y714.85 Z32
G1 Z31
G1 E17 F9000
G1 F2779.614
G1 X610.769 Y714.85 E49.70059
G1 X714.85 Y610.769 E635.45139
G1 X714.85 Y599.257 E49.70059
;WIPE_START
G1 F600
G1 X714.85 Y606.257 E-10
;WIPE_END
G1 Z32 F15000
G1 X563.553 Y714.85 Z32
G1 Z31
G1 E17 F9000
G1 F2779.614
G1 X552.04 Y714.85 E49.70059
G1 X285.15 Y447.96 E1629.46316
G1 X285.15 Y436.447 E49.70059
;WIPE_START
G1 F600
G1 X285.15 Y443.447 E-10
;WIPE_END
G1 Z32 F15000
G1 X400.743 Y714.85 Z32
G1 Z31
G1 E17 F9000
G1 F2779.614
G1 X389.231 Y714.85 E49.70059
G1 X285.15 Y610.769 E635.45139
G1 X285.15 Y599.257 E49.70059
; stop printing object Cube id:0 copy 0
;LAYER_CHANGE
;Z:32.5
;HEIGHT:1.5
;BEFORE_LAYER_CHANGE
;32.5
G92 E0

EXCLUDE_OBJECT_END NAME=Cube_id_0_copy_0
;AFTER_LAYER_CHANGE
;32.5
;_SET_FAN_SPEED_CHANGING_LAYER
; printing object Cube id:0 copy 0
;WIPE_START
G1 F600
G1 X285.15 Y606.257 E-10
;WIPE_END
EXCLUDE_OBJECT_START NAME=Cube_id_0_copy_0
G1 Z33.5 F15000
G1 X282.703 Y717.297 Z33.5
G1 Z32.5
G1 E17 F9000
;TYPE:Outer wall
;WIDTH:3.2
G1 F2779.615
G1 X282.703 Y282.703 E1876.19945
G1 X717.297 Y282.703 E1876.19945
G1 X717.297 Y717.297 E1876.19945
G1 X283.003 Y717.297 E1874.90431
M73 P13 R662
;WIPE_START
G1 F600
G1 X282.999 Y710.297 E-10
;WIPE_END
G1 Z33.5 F15000
G1 X285.15 Y599.257 Z33.5
G1 Z32.5
G1 E17 F9000
;TYPE:Sparse infill
;WIDTH:3.2
G1 F2779.614
G1 X285.15 Y610.769 E49.70059
G1 X389.231 Y714.85 E635.45139
G1 X400.743 Y714.85 E49.70059
;WIPE_START
G1 F600
G1 X393.743 Y714.85 E-10
;WIPE_END
G1 Z33.5 F15000
G1 X285.15 Y436.447 Z33.5
G1 Z32.5
G1 E17 F9000
G1 F2779.614
G1 X285.15 Y447.96 E49.70059
G1 X552.04 Y714.85 E1629.46316
G1 X563.553 Y714.85 E49.70059
;WIPE_START
G1 F600
G1 X556.553 Y714.85 E-10
;WIPE_END
G1 Z33.5 F15000
G1 X714.85 Y599.257 Z33.5
G1 Z32.5
G1 E17 F9000
G1 F2779.614
G1 X714.85 Y610.769 E49.70059
G1 X610.769 Y714.85 E635.45139
G1 X599.257 Y714.85 E49.70059
;WIPE_START
G1 F600
G1 X606.257 Y714.85 E-10
;WIPE_END
G1 Z33.5 F15000
G1 X714.85 Y436.447 Z33.5
G1 Z32.5
G1 E17 F9000
G1 F2779.614
G1 X714.85 Y447.96 E49.70059
G1 X447.959 Y714.85 E1629.46317
G1 X436.447 Y714.85 E49.70059
;WIPE_START
G1 F600
G1 X443.447 Y714.85 E-10
;WIPE_END
G1 Z33.5 F15000
G1 X436.447 Y285.15 Z33.5
G1 Z32.5
G1 E17 F9000
G1 F2779.614
G1 X447.96 Y285.15 E49.70059
G1 X714.85 Y552.04 E1629.46316
G1 X714.85 Y563.553 E49.70059
M73 P13 R661
;WIPE_START
G1 F600
G1 X714.85 Y556.553 E-10
;WIPE_END
G1 Z33.5 F15000
G1 X703.338 Y285.15 Z33.5
G1 Z32.5
G1 E17 F9000
G1 F2779.614
G1 X714.85 Y285.15 E49.70028
G1 X285.15 Y714.85 E2623.47449
G1 X296.662 Y714.85 E49.70028
;WIPE_START
G1 F600
G1 X289.662 Y714.85 E-10
;WIPE_END
G1 Z33.5 F15000
G1 X296.662 Y285.15 Z33.5
G1 Z32.5
G1 E17 F9000
G1 F2779.614
G1 X285.15 Y285.15 E49.70059
G1 X714.85 Y714.85 E2623.47492
G1 X703.338 Y714.85 E49.70059
;WIPE_START
G1 F600
G1 X710.338 Y714.85 E-10
;WIPE_END
G1 Z33.5 F15000
G1 X599.257 Y285.15 Z33.5
G1 Z32.5
G1 E17 F9000
G1 F2779.614
G1 X610.769 Y285.15 E49.70059
G1 X714.85 Y389.231 E635.45139
G1 X714.85 Y400.743 E49.70059
;WIPE_START
G1 F600
G1 X714.85 Y393.743 E-10
;WIPE_END
G1 Z33.5 F15000
G1 X563.553 Y285.15 Z33.5
G1 Z32.5
G1 E17 F9000
G1 F2779.614
G1 X552.041 Y285.15 E49.70059
G1 X285.15 Y552.04 E1629.46316
G1 X285.15 Y563.553 E49.70059
;WIPE_START
G1 F600
G1 X285.15 Y556.553 E-10
;WIPE_END
G1 Z33.5 F15000
G1 X400.743 Y285.15 Z33.5
G1 Z32.5
G1 E17 F9000
G1 F2779.614
G1 X389.231 Y285.15 E49.70059
G1 X285.15 Y389.231 E635.45138
G1 X285.15 Y400.743 E49.70059
M73 P13 R660
; stop printing object Cube id:0 copy 0
;LAYER_CHANGE
;Z:34
;HEIGHT:1.5
;BEFORE_LAYER_CHANGE
;34
G92 E0

EXCLUDE_OBJECT_END NAME=Cube_id_0_copy_0
;AFTER_LAYER_CHANGE
;34
;_SET_FAN_SPEED_CHANGING_LAYER
; printing object Cube id:0 copy 0
;WIPE_START
G1 F600
G1 X285.15 Y393.743 E-10
;WIPE_END
EXCLUDE_OBJECT_START NAME=Cube_id_0_copy_0
G1 Z35 F15000
G1 X282.703 Y282.703 Z35
G1 Z34
G1 E17 F9000
;TYPE:Outer wall
;WIDTH:3.2
G1 F2779.615
G1 X717.297 Y282.703 E1876.19945
G1 X717.297 Y717.297 E1876.19945
M73 P14 R660
G1 X282.703 Y717.297 E1876.19945
G1 X282.703 Y283.003 E1874.90431
;WIPE_START
G1 F600
G1 X289.703 Y282.999 E-10
;WIPE_END
G1 Z35 F15000
G1 X285.15 Y400.743 Z35
G1 Z34
G1 E17 F9000
;TYPE:Sparse infill
;WIDTH:3.2
G1 F2779.614
G1 X285.15 Y389.231 E49.70059
G1 X389.231 Y285.15 E635.45138
G1 X400.743 Y285.15 E49.70059
;WIPE_START
G1 F600
G1 X393.743 Y285.15 E-10
;WIPE_END
G1 Z35 F15000
G1 X285.15 Y563.553 Z35
G1 Z34
G1 E17 F9000
G1 F2779.614
G1 X285.15 Y552.04 E49.70059
G1 X552.041 Y285.15 E1629.46316
G1 X563.553 Y285.15 E49.70059
;WIPE_START
G1 F600
G1 X556.553 Y285.15 E-10
;WIPE_END
G1 Z35 F15000
G1 X714.85 Y400.743 Z35
G1 Z34
M73 P14 R659
G1 E17 F9000
G1 F2779.614
G1 X714.85 Y389.231 E49.70059
G1 X610.769 Y285.15 E635.45139
G1 X599.257 Y285.15 E49.70059
;WIPE_START
G1 F600
G1 X606.257 Y285.15 E-10
;WIPE_END
G1 Z35 F15000
G1 X714.85 Y563.553 Z35
G1 Z34
G1 E17 F9000
G1 F2779.614
G1 X714.85 Y552.04 E49.70059
G1 X447.96 Y285.15 E1629.46316
G1 X436.447 Y285.15 E49.70059
;WIPE_START
G1 F600
G1 X443.447 Y285.15 E-10
;WIPE_END
G1 Z35 F15000
G1 X436.447 Y714.85 Z35
G1 Z34
G1 E17 F9000
G1 F2779.614
G1 X447.959 Y714.85 E49.70059
G1 X714.85 Y447.96 E1629.46317
G1 X714.85 Y436.447 E49.70059
;WIPE_START
G1 F600
G1 X714.85 Y443.447 E-10
;WIPE_END
G1 Z35 F15000
G1 X703.338 Y714.85 Z35
G1 Z34
G1 E17 F9000
G1 F2779.614
G1 X714.85 Y714.85 E49.70059
G1 X285.15 Y285.15 E2623.47492
G1 X296.662 Y285.15 E49.70059
;WIPE_START
G1 F600
G1 X289.662 Y285.15 E-10
;WIPE_END
G1 Z35 F15000
G1 X296.662 Y714.85 Z35
G1 Z34
G1 E17 F9000
G1 F2779.614
G1 X285.15 Y714.85 E49.70028
G1 X714.85 Y285.15 E2623.47449
G1 X703.338 Y285.15 E49.70028
M73 P14 R658
;WIPE_START
G1 F600
G1 X710.338 Y285.15 E-10
;WIPE_END
G1 Z35 F15000
G1 X599.257 Y714.85 Z35
G1 Z34
G1 E17 F9000
G1 F2779.614
G1 X610.769 Y714.85 E49.70059
G1 X714.85 Y610.769 E635.45139
G1 X714.85 Y599.257 E49.70059
;WIPE_START
G1 F600
G1 X714.85 Y606.257 E-10
;WIPE_END
G1 Z35 F15000
G1 X563.553 Y714.85 Z35
G1 Z34
G1 E17 F9000
G1 F2779.614
G1 X552.04 Y714.85 E49.70059
G1 X285.15 Y447.96 E1629.46316
G1 X285.15 Y436.447 E49.70059
;WIPE_START
G1 F600
G1 X285.15 Y443.447 E-10
;WIPE_END
G1 Z35 F15000
G1 X400.743 Y714.85 Z35
G1 Z34
G1 E17 F9000
G1 F2779.614
G1 X389.231 Y714.85 E49.70059
G1 X285.15 Y610.769 E635.45139
G1 X285.15 Y599.257 E49.70059
; stop printing object Cube id:0 copy 0
;LAYER_CHANGE
;Z:35.5
;HEIGHT:1.5
;BEFORE_LAYER_CHANGE
;35.5
G92 E0

EXCLUDE_OBJECT_END NAME=Cube_id_0_copy_0
;AFTER_LAYER_CHANGE
;35.5
;_SET_FAN_SPEED_CHANGING_LAYER
; printing object Cube id:0 copy 0
;WIPE_START
G1 F600
G1 X285.15 Y606.257 E-10
;WIPE_END
EXCLUDE_OBJECT_START NAME=Cube_id_0_copy_0
G1 Z36.5 F15000
G1 X282.703 Y717.297 Z36.5
G1 Z35.5
G1 E17 F9000
;TYPE:Outer wall
;WIDTH:3.2
G1 F2779.615
G1 X282.703 Y282.703 E1876.19945
G1 X717.297 Y282.703 E1876.19945
G1 X717.297 Y717.297 E1876.19945
G1 X283.003 Y717.297 E1874.90431
;WIPE_START
G1 F600
M73 P14 R657
G1 X282.999 Y710.297 E-10
;WIPE_END
G1 Z36.5 F15000
G1 X285.15 Y599.257 Z36.5
G1 Z35.5
G1 E17 F9000
;TYPE:Sparse infill
;WIDTH:3.2
G1 F2779.614
G1 X285.15 Y610.769 E49.70059
G1 X389.231 Y714.85 E635.45139
G1 X400.743 Y714.85 E49.70059
;WIPE_START
G1 F600
G1 X393.743 Y714.85 E-10
;WIPE_END
G1 Z36.5 F15000
G1 X285.15 Y436.447 Z36.5
G1 Z35.5
G1 E17 F9000
G1 F2779.614
G1 X285.15 Y447.96 E49.70059
G1 X552.04 Y714.85 E1629.46316
G1 X563.553 Y714.85 E49.70059
;WIPE_START
G1 F600
G1 X556.553 Y714.85 E-10
;WIPE_END
G1 Z36.5 F15000
G1 X714.85 Y599.257 Z36.5
G1 Z35.5
G1 E17 F9000
G1 F2779.614
G1 X714.85 Y610.769 E49.70059
G1 X610.769 Y714.85 E635.45139
G1 X599.257 Y714.85 E49.70059
;WIPE_START
G1 F600
G1 X606.257 Y714.85 E-10
;WIPE_END
G1 Z36.5 F15000
G1 X714.85 Y436.447 Z36.5
G1 Z35.5
G1 E17 F9000
G1 F2779.614
G1 X714.85 Y447.96 E49.70059
G1 X447.959 Y714.85 E1629.46317
G1 X436.447 Y714.85 E49.70059
;WIPE_START
G1 F600
G1 X443.447 Y714.85 E-10
;WIPE_END
G1 Z36.5 F15000
G1 X436.447 Y285.15 Z36.5
G1 Z35.5
G1 E17 F9000
G1 F2779.614
G1 X447.96 Y285.15 E49.70059
G1 X714.85 Y552.04 E1629.46316
G1 X714.85 Y563.553 E49.70059
;WIPE_START
G1 F600
G1 X714.85 Y556.553 E-10
;WIPE_END
G1 Z36.5 F15000
G1 X703.338 Y285.15 Z36.5
G1 Z35.5
G1 E17 F9000
G1 F2779.614
G1 X714.85 Y285.15 E49.70028
G1 X285.15 Y714.85 E2623.47449
G1 X296.662 Y714.85 E49.70028
M73 P14 R656
;WIPE_START
G1 F600
G1 X289.662 Y714.85 E-10
;WIPE_END
G1 Z36.5 F15000
G1 X296.662 Y285.15 Z36.5
G1 Z35.5
G1 E17 F9000
G1 F2779.614
G1 X285.15 Y285.15 E49.70059
G1 X714.85 Y714.85 E2623.47492
G1 X703.338 Y714.85 E49.70059
;WIPE_START
G1 F600
G1 X710.338 Y714.85 E-10
;WIPE_END
G1 Z36.5 F15000
G1 X599.257 Y285.15 Z36.5
G1 Z35.5
G1 E17 F9000
G1 F2779.614
G1 X610.769 Y285.15 E49.70059
G1 X714.85 Y389.231 E635.45139
G1 X714.85 Y400.743 E49.70059
;WIPE_START
G1 F600
G1 X714.85 Y393.743 E-10
;WIPE_END
G1 Z36.5 F15000
G1 X563.553 Y285.15 Z36.5
G1 Z35.5
G1 E17 F9000
G1 F2779.614
G1 X552.041 Y285.15 E49.70059
G1 X285.15 Y552.04 E1629.46316
G1 X285.15 Y563.553 E49.70059
;WIPE_START
G1 F600
G1 X285.15 Y556.553 E-10
;WIPE_END
G1 Z36.5 F15000
G1 X400.743 Y285.15 Z36.5
G1 Z35.5
G1 E17 F9000
G1 F2779.614
G1 X389.231 Y285.15 E49.70059
G1 X285.15 Y389.231 E635.45138
G1 X285.15 Y400.743 E49.70059
; stop printing object Cube id:0 copy 0
;LAYER_CHANGE
;Z:37
;HEIGHT:1.5
;BEFORE_LAYER_CHANGE
;37
G92 E0

EXCLUDE_OBJECT_END NAME=Cube_id_0_copy_0
;AFTER_LAYER_CHANGE
;37
;_SET_FAN_SPEED_CHANGING_LAYER
; printing object Cube id:0 copy 0
;WIPE_START
G1 F600
G1 X285.15 Y393.743 E-10
;WIPE_END
EXCLUDE_OBJECT_START NAME=Cube_id_0_copy_0
G1 Z38 F15000
G1 X282.703 Y282.703 Z38
G1 Z37
G1 E17 F9000
;TYPE:Outer wall
;WIDTH:3.2
G1 F2779.615
G1 X717.297 Y282.703 E1876.19945
G1 X717.297 Y717.297 E1876.19945
M73 P14 R655
G1 X282.703 Y717.297 E1876.19945
G1 X282.703 Y283.003 E1874.90431
;WIPE_START
G1 F600
G1 X289.703 Y282.999 E-10
;WIPE_END
G1 Z38 F15000
G1 X285.15 Y400.743 Z38
G1 Z37
G1 E17 F9000
;TYPE:Sparse infill
;WIDTH:3.2
G1 F2779.614
G1 X285.15 Y389.231 E49.70059
G1 X389.231 Y285.15 E635.45138
G1 X400.743 Y285.15 E49.70059
;WIPE_START
G1 F600
G1 X393.743 Y285.15 E-10
;WIPE_END
G1 Z38 F15000
G1 X285.15 Y563.553 Z38
G1 Z37
G1 E17 F9000
G1 F2779.614
G1 X285.15 Y552.04 E49.70059
G1 X552.041 Y285.15 E1629.46316
G1 X563.553 Y285.15 E49.70059
;WIPE_START
G1 F600
G1 X556.553 Y285.15 E-10
;WIPE_END
G1 Z38 F15000
G1 X714.85 Y400.743 Z38
G1 Z37
G1 E17 F9000
G1 F2779.614
G1 X714.85 Y389.231 E49.70059
G1 X610.769 Y285.15 E635.45139
G1 X599.257 Y285.15 E49.70059
;WIPE_START
G1 F600
G1 X606.257 Y285.15 E-10
;WIPE_END
G1 Z38 F15000
G1 X714.85 Y563.553 Z38
G1 Z37
M73 P14 R654
G1 E17 F9000
G1 F2779.614
G1 X714.85 Y552.04 E49.70059
G1 X447.96 Y285.15 E1629.46316
G1 X436.447 Y285.15 E49.70059
;WIPE_START
G1 F600
G1 X443.447 Y285.15 E-10
;WIPE_END
G1 Z38 F15000
G1 X436.447 Y714.85 Z38
G1 Z37
G1 E17 F9000
G1 F2779.614
G1 X447.959 Y714.85 E49.70059
G1 X714.85 Y447.96 E1629.46317
G1 X714.85 Y436.447 E49.70059
;WIPE_START
G1 F600
G1 X714.85 Y443.447 E-10
;WIPE_END
G1 Z38 F15000
G1 X703.338 Y714.85 Z38
G1 Z37
G1 E17 F9000
G1 F2779.614
G1 X714.85 Y714.85 E49.70059
G1 X285.15 Y285.15 E2623.47492
G1 X296.662 Y285.15 E49.70059
;WIPE_START
G1 F600
G1 X289.662 Y285.15 E-10
;WIPE_END
G1 Z38 F15000
G1 X296.662 Y714.85 Z38
G1 Z37
G1 E17 F9000
G1 F2779.614
G1 X285.15 Y714.85 E49.70028
G1 X714.85 Y285.15 E2623.47449
G1 X703.338 Y285.15 E49.70028
;WIPE_START
G1 F600
G1 X710.338 Y285.15 E-10
;WIPE_END
G1 Z38 F15000
G1 X599.257 Y714.85 Z38
G1 Z37
G1 E17 F9000
G1 F2779.614
G1 X610.769 Y714.85 E49.70059
G1 X714.85 Y610.769 E635.45139
M73 P14 R653
G1 X714.85 Y599.257 E49.70059
;WIPE_START
G1 F600
G1 X714.85 Y606.257 E-10
;WIPE_END
G1 Z38 F15000
G1 X563.553 Y714.85 Z38
G1 Z37
G1 E17 F9000
G1 F2779.614
G1 X552.04 Y714.85 E49.70059
G1 X285.15 Y447.96 E1629.46316
G1 X285.15 Y436.447 E49.70059
;WIPE_START
G1 F600
G1 X285.15 Y443.447 E-10
;WIPE_END
G1 Z38 F15000
G1 X400.743 Y714.85 Z38
G1 Z37
G1 E17 F9000
G1 F2779.614
G1 X389.231 Y714.85 E49.70059
G1 X285.15 Y610.769 E635.45139
G1 X285.15 Y599.257 E49.70059
; stop printing object Cube id:0 copy 0
;LAYER_CHANGE
;Z:38.5
;HEIGHT:1.5
;BEFORE_LAYER_CHANGE
;38.5
G92 E0

EXCLUDE_OBJECT_END NAME=Cube_id_0_copy_0
;AFTER_LAYER_CHANGE
;38.5
;_SET_FAN_SPEED_CHANGING_LAYER
; printing object Cube id:0 copy 0
;WIPE_START
G1 F600
G1 X285.15 Y606.257 E-10
;WIPE_END
EXCLUDE_OBJECT_START NAME=Cube_id_0_copy_0
G1 Z39.5 F15000
G1 X282.703 Y717.297 Z39.5
G1 Z38.5
G1 E17 F9000
;TYPE:Outer wall
;WIDTH:3.2
G1 F2779.615
G1 X282.703 Y282.703 E1876.19945
G1 X717.297 Y282.703 E1876.19945
G1 X717.297 Y717.297 E1876.19945
G1 X283.003 Y717.297 E1874.90431
M73 P15 R653
;WIPE_START
G1 F600
M73 P15 R652
G1 X282.999 Y710.297 E-10
;WIPE_END
G1 Z39.5 F15000
G1 X285.15 Y599.257 Z39.5
G1 Z38.5
G1 E17 F9000
;TYPE:Sparse infill
;WIDTH:3.2
G1 F2779.614
G1 X285.15 Y610.769 E49.70059
G1 X389.231 Y714.85 E635.45139
G1 X400.743 Y714.85 E49.70059
;WIPE_START
G1 F600
G1 X393.743 Y714.85 E-10
;WIPE_END
G1 Z39.5 F15000
G1 X285.15 Y436.447 Z39.5
G1 Z38.5
G1 E17 F9000
G1 F2779.614
G1 X285.15 Y447.96 E49.70059
G1 X552.04 Y714.85 E1629.46316
G1 X563.553 Y714.85 E49.70059
;WIPE_START
G1 F600
G1 X556.553 Y714.85 E-10
;WIPE_END
G1 Z39.5 F15000
G1 X714.85 Y599.257 Z39.5
G1 Z38.5
G1 E17 F9000
G1 F2779.614
G1 X714.85 Y610.769 E49.70059
G1 X610.769 Y714.85 E635.45139
G1 X599.257 Y714.85 E49.70059
;WIPE_START
G1 F600
G1 X606.257 Y714.85 E-10
;WIPE_END
G1 Z39.5 F15000
G1 X714.85 Y436.447 Z39.5
G1 Z38.5
G1 E17 F9000
G1 F2779.614
G1 X714.85 Y447.96 E49.70059
G1 X447.959 Y714.85 E1629.46317
G1 X436.447 Y714.85 E49.70059
;WIPE_START
G1 F600
G1 X443.447 Y714.85 E-10
;WIPE_END
G1 Z39.5 F15000
G1 X436.447 Y285.15 Z39.5
G1 Z38.5
G1 E17 F9000
G1 F2779.614
G1 X447.96 Y285.15 E49.70059
G1 X714.85 Y552.04 E1629.46316
G1 X714.85 Y563.553 E49.70059
;WIPE_START
G1 F600
G1 X714.85 Y556.553 E-10
;WIPE_END
G1 Z39.5 F15000
G1 X703.338 Y285.15 Z39.5
G1 Z38.5
G1 E17 F9000
G1 F2779.614
G1 X714.85 Y285.15 E49.70028
G1 X285.15 Y714.85 E2623.47449
G1 X296.662 Y714.85 E49.70028
M73 P15 R651
;WIPE_START
G1 F600
G1 X289.662 Y714.85 E-10
;WIPE_END
G1 Z39.5 F15000
G1 X296.662 Y285.15 Z39.5
G1 Z38.5
G1 E17 F9000
G1 F2779.614
G1 X285.15 Y285.15 E49.70059
G1 X714.85 Y714.85 E2623.47492
G1 X703.338 Y714.85 E49.70059
;WIPE_START
G1 F600
G1 X710.338 Y714.85 E-10
;WIPE_END
G1 Z39.5 F15000
G1 X599.257 Y285.15 Z39.5
G1 Z38.5
G1 E17 F9000
G1 F2779.614
G1 X610.769 Y285.15 E49.70059
G1 X714.85 Y389.231 E635.45139
G1 X714.85 Y400.743 E49.70059
;WIPE_START
G1 F600
G1 X714.85 Y393.743 E-10
;WIPE_END
G1 Z39.5 F15000
G1 X563.553 Y285.15 Z39.5
G1 Z38.5
G1 E17 F9000
G1 F2779.614
G1 X552.041 Y285.15 E49.70059
G1 X285.15 Y552.04 E1629.46316
G1 X285.15 Y563.553 E49.70059
;WIPE_START
G1 F600
G1 X285.15 Y556.553 E-10
;WIPE_END
G1 Z39.5 F15000
G1 X400.743 Y285.15 Z39.5
G1 Z38.5
G1 E17 F9000
G1 F2779.614
G1 X389.231 Y285.15 E49.70059
G1 X285.15 Y389.231 E635.45138
G1 X285.15 Y400.743 E49.70059
; stop printing object Cube id:0 copy 0
;LAYER_CHANGE
;Z:40
;HEIGHT:1.5
;BEFORE_LAYER_CHANGE
;40
G92 E0

EXCLUDE_OBJECT_END NAME=Cube_id_0_copy_0
;AFTER_LAYER_CHANGE
;40
;_SET_FAN_SPEED_CHANGING_LAYER
; printing object Cube id:0 copy 0
;WIPE_START
G1 F600
G1 X285.15 Y393.743 E-10
;WIPE_END
EXCLUDE_OBJECT_START NAME=Cube_id_0_copy_0
G1 Z41 F15000
G1 X282.703 Y282.703 Z41
G1 Z40
G1 E17 F9000
;TYPE:Outer wall
;WIDTH:3.2
G1 F2779.615
G1 X717.297 Y282.703 E1876.19945
G1 X717.297 Y717.297 E1876.19945
M73 P15 R650
G1 X282.703 Y717.297 E1876.19945
G1 X282.703 Y283.003 E1874.90431
;WIPE_START
G1 F600
G1 X289.703 Y282.999 E-10
;WIPE_END
G1 Z41 F15000
G1 X285.15 Y400.743 Z41
G1 Z40
G1 E17 F9000
;TYPE:Sparse infill
;WIDTH:3.2
G1 F2779.614
G1 X285.15 Y389.231 E49.70059
G1 X389.231 Y285.15 E635.45138
G1 X400.743 Y285.15 E49.70059
;WIPE_START
G1 F600
G1 X393.743 Y285.15 E-10
;WIPE_END
G1 Z41 F15000
G1 X285.15 Y563.553 Z41
G1 Z40
G1 E17 F9000
G1 F2779.614
G1 X285.15 Y552.04 E49.70059
G1 X552.041 Y285.15 E1629.46316
G1 X563.553 Y285.15 E49.70059
;WIPE_START
G1 F600
G1 X556.553 Y285.15 E-10
;WIPE_END
G1 Z41 F15000
G1 X714.85 Y400.743 Z41
G1 Z40
G1 E17 F9000
G1 F2779.614
G1 X714.85 Y389.231 E49.70059
G1 X610.769 Y285.15 E635.45139
G1 X599.257 Y285.15 E49.70059
;WIPE_START
G1 F600
G1 X606.257 Y285.15 E-10
;WIPE_END
G1 Z41 F15000
G1 X714.85 Y563.553 Z41
G1 Z40
G1 E17 F9000
G1 F2779.614
G1 X714.85 Y552.04 E49.70059
G1 X447.96 Y285.15 E1629.46316
G1 X436.447 Y285.15 E49.70059
M73 P15 R649
;WIPE_START
G1 F600
G1 X443.447 Y285.15 E-10
;WIPE_END
G1 Z41 F15000
G1 X436.447 Y714.85 Z41
G1 Z40
G1 E17 F9000
G1 F2779.614
G1 X447.959 Y714.85 E49.70059
G1 X714.85 Y447.96 E1629.46317
G1 X714.85 Y436.447 E49.70059
;WIPE_START
G1 F600
G1 X714.85 Y443.447 E-10
;WIPE_END
G1 Z41 F15000
G1 X703.338 Y714.85 Z41
G1 Z40
G1 E17 F9000
G1 F2779.614
G1 X714.85 Y714.85 E49.70059
G1 X285.15 Y285.15 E2623.47492
G1 X296.662 Y285.15 E49.70059
;WIPE_START
G1 F600
G1 X289.662 Y285.15 E-10
;WIPE_END
G1 Z41 F15000
G1 X296.662 Y714.85 Z41
G1 Z40
G1 E17 F9000
G1 F2779.614
G1 X285.15 Y714.85 E49.70028
G1 X714.85 Y285.15 E2623.47449
G1 X703.338 Y285.15 E49.70028
;WIPE_START
G1 F600
G1 X710.338 Y285.15 E-10
;WIPE_END
G1 Z41 F15000
G1 X599.257 Y714.85 Z41
G1 Z40
G1 E17 F9000
G1 F2779.614
G1 X610.769 Y714.85 E49.70059
G1 X714.85 Y610.769 E635.45139
G1 X714.85 Y599.257 E49.70059
;WIPE_START
G1 F600
G1 X714.85 Y606.257 E-10
;WIPE_END
G1 Z41 F15000
G1 X563.553 Y714.85 Z41
G1 Z40
G1 E17 F9000
G1 F2779.614
G1 X552.04 Y714.85 E49.70059
G1 X285.15 Y447.96 E1629.46316
M73 P15 R648
G1 X285.15 Y436.447 E49.70059
;WIPE_START
G1 F600
G1 X285.15 Y443.447 E-10
;WIPE_END
G1 Z41 F15000
G1 X400.743 Y714.85 Z41
G1 Z40
G1 E17 F9000
G1 F2779.614
G1 X389.231 Y714.85 E49.70059
G1 X285.15 Y610.769 E635.45139
G1 X285.15 Y599.257 E49.70059
; stop printing object Cube id:0 copy 0
;LAYER_CHANGE
;Z:41.5
;HEIGHT:1.5
;BEFORE_LAYER_CHANGE
;41.5
G92 E0

EXCLUDE_OBJECT_END NAME=Cube_id_0_copy_0
;AFTER_LAYER_CHANGE
;41.5
;_SET_FAN_SPEED_CHANGING_LAYER
; printing object Cube id:0 copy 0
;WIPE_START
G1 F600
G1 X285.15 Y606.257 E-10
;WIPE_END
EXCLUDE_OBJECT_START NAME=Cube_id_0_copy_0
G1 Z42.5 F15000
G1 X282.703 Y717.297 Z42.5
G1 Z41.5
G1 E17 F9000
;TYPE:Outer wall
;WIDTH:3.2
G1 F2779.615
G1 X282.703 Y282.703 E1876.19945
G1 X717.297 Y282.703 E1876.19945
G1 X717.297 Y717.297 E1876.19945
G1 X283.003 Y717.297 E1874.90431
;WIPE_START
G1 F600
G1 X282.999 Y710.297 E-10
;WIPE_END
G1 Z42.5 F15000
G1 X285.15 Y599.257 Z42.5
G1 Z41.5
G1 E17 F9000
;TYPE:Sparse infill
;WIDTH:3.2
G1 F2779.614
G1 X285.15 Y610.769 E49.70059
G1 X389.231 Y714.85 E635.45139
G1 X400.743 Y714.85 E49.70059
M73 P15 R647
;WIPE_START
G1 F600
G1 X393.743 Y714.85 E-10
;WIPE_END
G1 Z42.5 F15000
G1 X285.15 Y436.447 Z42.5
G1 Z41.5
G1 E17 F9000
G1 F2779.614
G1 X285.15 Y447.96 E49.70059
G1 X552.04 Y714.85 E1629.46316
G1 X563.553 Y714.85 E49.70059
;WIPE_START
G1 F600
G1 X556.553 Y714.85 E-10
;WIPE_END
G1 Z42.5 F15000
G1 X714.85 Y599.257 Z42.5
G1 Z41.5
G1 E17 F9000
G1 F2779.614
G1 X714.85 Y610.769 E49.70059
G1 X610.769 Y714.85 E635.45139
G1 X599.257 Y714.85 E49.70059
;WIPE_START
G1 F600
G1 X606.257 Y714.85 E-10
;WIPE_END
G1 Z42.5 F15000
G1 X714.85 Y436.447 Z42.5
G1 Z41.5
G1 E17 F9000
G1 F2779.614
G1 X714.85 Y447.96 E49.70059
G1 X447.959 Y714.85 E1629.46317
G1 X436.447 Y714.85 E49.70059
;WIPE_START
G1 F600
G1 X443.447 Y714.85 E-10
;WIPE_END
G1 Z42.5 F15000
G1 X436.447 Y285.15 Z42.5
G1 Z41.5
G1 E17 F9000
G1 F2779.614
G1 X447.96 Y285.15 E49.70059
G1 X714.85 Y552.04 E1629.46316
G1 X714.85 Y563.553 E49.70059
;WIPE_START
G1 F600
G1 X714.85 Y556.553 E-10
;WIPE_END
G1 Z42.5 F15000
G1 X703.338 Y285.15 Z42.5
G1 Z41.5
G1 E17 F9000
G1 F2779.614
G1 X714.85 Y285.15 E49.70028
G1 X285.15 Y714.85 E2623.47449
G1 X296.662 Y714.85 E49.70028
;WIPE_START
G1 F600
M73 P15 R646
G1 X289.662 Y714.85 E-10
;WIPE_END
G1 Z42.5 F15000
G1 X296.662 Y285.15 Z42.5
G1 Z41.5
G1 E17 F9000
G1 F2779.614
G1 X285.15 Y285.15 E49.70059
G1 X714.85 Y714.85 E2623.47492
G1 X703.338 Y714.85 E49.70059
;WIPE_START
G1 F600
G1 X710.338 Y714.85 E-10
;WIPE_END
G1 Z42.5 F15000
G1 X599.257 Y285.15 Z42.5
G1 Z41.5
G1 E17 F9000
G1 F2779.614
G1 X610.769 Y285.15 E49.70059
G1 X714.85 Y389.231 E635.45139
G1 X714.85 Y400.743 E49.70059
;WIPE_START
G1 F600
G1 X714.85 Y393.743 E-10
;WIPE_END
G1 Z42.5 F15000
G1 X563.553 Y285.15 Z42.5
G1 Z41.5
G1 E17 F9000
G1 F2779.614
G1 X552.041 Y285.15 E49.70059
G1 X285.15 Y552.04 E1629.46316
G1 X285.15 Y563.553 E49.70059
;WIPE_START
G1 F600
G1 X285.15 Y556.553 E-10
;WIPE_END
G1 Z42.5 F15000
G1 X400.743 Y285.15 Z42.5
G1 Z41.5
G1 E17 F9000
G1 F2779.614
G1 X389.231 Y285.15 E49.70059
G1 X285.15 Y389.231 E635.45138
G1 X285.15 Y400.743 E49.70059
; stop printing object Cube id:0 copy 0
;LAYER_CHANGE
;Z:43
;HEIGHT:1.5
;BEFORE_LAYER_CHANGE
;43
G92 E0

EXCLUDE_OBJECT_END NAME=Cube_id_0_copy_0
;AFTER_LAYER_CHANGE
;43
;_SET_FAN_SPEED_CHANGING_LAYER
; printing object Cube id:0 copy 0
;WIPE_START
G1 F600
G1 X285.15 Y393.743 E-10
;WIPE_END
EXCLUDE_OBJECT_START NAME=Cube_id_0_copy_0
G1 Z44 F15000
G1 X282.703 Y282.703 Z44
G1 Z43
G1 E17 F9000
;TYPE:Outer wall
;WIDTH:3.2
G1 F2779.615
G1 X717.297 Y282.703 E1876.19945
G1 X717.297 Y717.297 E1876.19945
G1 X282.703 Y717.297 E1876.19945
M73 P15 R645
G1 X282.703 Y283.003 E1874.90431
;WIPE_START
G1 F600
G1 X289.703 Y282.999 E-10
;WIPE_END
G1 Z44 F15000
G1 X285.15 Y400.743 Z44
G1 Z43
G1 E17 F9000
;TYPE:Sparse infill
;WIDTH:3.2
G1 F2779.614
G1 X285.15 Y389.231 E49.70059
G1 X389.231 Y285.15 E635.45138
G1 X400.743 Y285.15 E49.70059
M73 P16 R645
;WIPE_START
G1 F600
G1 X393.743 Y285.15 E-10
;WIPE_END
G1 Z44 F15000
G1 X285.15 Y563.553 Z44
G1 Z43
G1 E17 F9000
G1 F2779.614
G1 X285.15 Y552.04 E49.70059
G1 X552.041 Y285.15 E1629.46316
G1 X563.553 Y285.15 E49.70059
;WIPE_START
G1 F600
G1 X556.553 Y285.15 E-10
;WIPE_END
G1 Z44 F15000
G1 X714.85 Y400.743 Z44
G1 Z43
G1 E17 F9000
G1 F2779.614
G1 X714.85 Y389.231 E49.70059
G1 X610.769 Y285.15 E635.45139
G1 X599.257 Y285.15 E49.70059
;WIPE_START
G1 F600
G1 X606.257 Y285.15 E-10
;WIPE_END
G1 Z44 F15000
G1 X714.85 Y563.553 Z44
G1 Z43
G1 E17 F9000
G1 F2779.614
G1 X714.85 Y552.04 E49.70059
G1 X447.96 Y285.15 E1629.46316
G1 X436.447 Y285.15 E49.70059
;WIPE_START
G1 F600
G1 X443.447 Y285.15 E-10
;WIPE_END
G1 Z44 F15000
G1 X436.447 Y714.85 Z44
G1 Z43
M73 P16 R644
G1 E17 F9000
G1 F2779.614
G1 X447.959 Y714.85 E49.70059
G1 X714.85 Y447.96 E1629.46317
G1 X714.85 Y436.447 E49.70059
;WIPE_START
G1 F600
G1 X714.85 Y443.447 E-10
;WIPE_END
G1 Z44 F15000
G1 X703.338 Y714.85 Z44
G1 Z43
G1 E17 F9000
G1 F2779.614
G1 X714.85 Y714.85 E49.70059
G1 X285.15 Y285.15 E2623.47492
G1 X296.662 Y285.15 E49.70059
;WIPE_START
G1 F600
G1 X289.662 Y285.15 E-10
;WIPE_END
G1 Z44 F15000
G1 X296.662 Y714.85 Z44
G1 Z43
G1 E17 F9000
G1 F2779.614
G1 X285.15 Y714.85 E49.70028
G1 X714.85 Y285.15 E2623.47449
G1 X703.338 Y285.15 E49.70028
;WIPE_START
G1 F600
G1 X710.338 Y285.15 E-10
;WIPE_END
G1 Z44 F15000
G1 X599.257 Y714.85 Z44
G1 Z43
G1 E17 F9000
G1 F2779.614
G1 X610.769 Y714.85 E49.70059
G1 X714.85 Y610.769 E635.45139
G1 X714.85 Y599.257 E49.70059
;WIPE_START
G1 F600
G1 X714.85 Y606.257 E-10
;WIPE_END
G1 Z44 F15000
G1 X563.553 Y714.85 Z44
G1 Z43
G1 E17 F9000
G1 F2779.614
G1 X552.04 Y714.85 E49.70059
G1 X285.15 Y447.96 E1629.46316
G1 X285.15 Y436.447 E49.70059
M73 P16 R643
;WIPE_START
G1 F600
G1 X285.15 Y443.447 E-10
;WIPE_END
G1 Z44 F15000
G1 X400.743 Y714.85 Z44
G1 Z43
G1 E17 F9000
G1 F2779.614
G1 X389.231 Y714.85 E49.70059
G1 X285.15 Y610.769 E635.45139
G1 X285.15 Y599.257 E49.70059
; stop printing object Cube id:0 copy 0
;LAYER_CHANGE
;Z:44.5
;HEIGHT:1.5
;BEFORE_LAYER_CHANGE
;44.5
G92 E0

EXCLUDE_OBJECT_END NAME=Cube_id_0_copy_0
;AFTER_LAYER_CHANGE
;44.5
;_SET_FAN_SPEED_CHANGING_LAYER
; printing object Cube id:0 copy 0
;WIPE_START
G1 F600
G1 X285.15 Y606.257 E-10
;WIPE_END
EXCLUDE_OBJECT_START NAME=Cube_id_0_copy_0
G1 Z45.5 F15000
G1 X282.703 Y717.297 Z45.5
G1 Z44.5
G1 E17 F9000
;TYPE:Outer wall
;WIDTH:3.2
G1 F2779.615
G1 X282.703 Y282.703 E1876.19945
G1 X717.297 Y282.703 E1876.19945
G1 X717.297 Y717.297 E1876.19945
G1 X283.003 Y717.297 E1874.90431
;WIPE_START
G1 F600
G1 X282.999 Y710.297 E-10
;WIPE_END
G1 Z45.5 F15000
G1 X285.15 Y599.257 Z45.5
G1 Z44.5
G1 E17 F9000
;TYPE:Sparse infill
;WIDTH:3.2
G1 F2779.614
G1 X285.15 Y610.769 E49.70059
G1 X389.231 Y714.85 E635.45139
G1 X400.743 Y714.85 E49.70059
;WIPE_START
G1 F600
G1 X393.743 Y714.85 E-10
;WIPE_END
G1 Z45.5 F15000
G1 X285.15 Y436.447 Z45.5
G1 Z44.5
G1 E17 F9000
G1 F2779.614
G1 X285.15 Y447.96 E49.70059
G1 X552.04 Y714.85 E1629.46316
G1 X563.553 Y714.85 E49.70059
M73 P16 R642
;WIPE_START
G1 F600
G1 X556.553 Y714.85 E-10
;WIPE_END
G1 Z45.5 F15000
G1 X714.85 Y599.257 Z45.5
G1 Z44.5
G1 E17 F9000
G1 F2779.614
G1 X714.85 Y610.769 E49.70059
G1 X610.769 Y714.85 E635.45139
G1 X599.257 Y714.85 E49.70059
;WIPE_START
G1 F600
G1 X606.257 Y714.85 E-10
;WIPE_END
G1 Z45.5 F15000
G1 X714.85 Y436.447 Z45.5
G1 Z44.5
G1 E17 F9000
G1 F2779.614
G1 X714.85 Y447.96 E49.70059
G1 X447.959 Y714.85 E1629.46317
G1 X436.447 Y714.85 E49.70059
;WIPE_START
G1 F600
G1 X443.447 Y714.85 E-10
;WIPE_END
G1 Z45.5 F15000
G1 X436.447 Y285.15 Z45.5
G1 Z44.5
G1 E17 F9000
G1 F2779.614
G1 X447.96 Y285.15 E49.70059
G1 X714.85 Y552.04 E1629.46316
G1 X714.85 Y563.553 E49.70059
;WIPE_START
G1 F600
G1 X714.85 Y556.553 E-10
;WIPE_END
G1 Z45.5 F15000
G1 X703.338 Y285.15 Z45.5
G1 Z44.5
G1 E17 F9000
G1 F2779.614
G1 X714.85 Y285.15 E49.70028
G1 X285.15 Y714.85 E2623.47449
G1 X296.662 Y714.85 E49.70028
;WIPE_START
G1 F600
G1 X289.662 Y714.85 E-10
;WIPE_END
G1 Z45.5 F15000
G1 X296.662 Y285.15 Z45.5
G1 Z44.5
G1 E17 F9000
G1 F2779.614
G1 X285.15 Y285.15 E49.70059
G1 X714.85 Y714.85 E2623.47492
G1 X703.338 Y714.85 E49.70059
M73 P16 R641
;WIPE_START
G1 F600
G1 X710.338 Y714.85 E-10
;WIPE_END
G1 Z45.5 F15000
G1 X599.257 Y285.15 Z45.5
G1 Z44.5
G1 E17 F9000
G1 F2779.614
G1 X610.769 Y285.15 E49.70059
G1 X714.85 Y389.231 E635.45139
G1 X714.85 Y400.743 E49.70059
;WIPE_START
G1 F600
G1 X714.85 Y393.743 E-10
;WIPE_END
G1 Z45.5 F15000
G1 X563.553 Y285.15 Z45.5
G1 Z44.5
G1 E17 F9000
G1 F2779.614
G1 X552.041 Y285.15 E49.70059
G1 X285.15 Y552.04 E1629.46316
G1 X285.15 Y563.553 E49.70059
;WIPE_START
G1 F600
G1 X285.15 Y556.553 E-10
;WIPE_END
G1 Z45.5 F15000
G1 X400.743 Y285.15 Z45.5
G1 Z44.5
G1 E17 F9000
G1 F2779.614
G1 X389.231 Y285.15 E49.70059
G1 X285.15 Y389.231 E635.45138
G1 X285.15 Y400.743 E49.70059
; stop printing object Cube id:0 copy 0
;LAYER_CHANGE
;Z:46
;HEIGHT:1.5
;BEFORE_LAYER_CHANGE
;46
G92 E0

EXCLUDE_OBJECT_END NAME=Cube_id_0_copy_0
;AFTER_LAYER_CHANGE
;46
;_SET_FAN_SPEED_CHANGING_LAYER
; printing object Cube id:0 copy 0
;WIPE_START
G1 F600
G1 X285.15 Y393.743 E-10
;WIPE_END
EXCLUDE_OBJECT_START NAME=Cube_id_0_copy_0
G1 Z47 F15000
G1 X282.703 Y282.703 Z47
G1 Z46
G1 E17 F9000
;TYPE:Outer wall
;WIDTH:3.2
G1 F2779.615
G1 X717.297 Y282.703 E1876.19945
G1 X717.297 Y717.297 E1876.19945
G1 X282.703 Y717.297 E1876.19945
G1 X282.703 Y283.003 E1874.90431
M73 P16 R640
;WIPE_START
G1 F600
G1 X289.703 Y282.999 E-10
;WIPE_END
G1 Z47 F15000
G1 X285.15 Y400.743 Z47
G1 Z46
G1 E17 F9000
;TYPE:Sparse infill
;WIDTH:3.2
G1 F2779.614
G1 X285.15 Y389.231 E49.70059
G1 X389.231 Y285.15 E635.45138
G1 X400.743 Y285.15 E49.70059
;WIPE_START
G1 F600
G1 X393.743 Y285.15 E-10
;WIPE_END
G1 Z47 F15000
G1 X285.15 Y563.553 Z47
G1 Z46
G1 E17 F9000
G1 F2779.614
G1 X285.15 Y552.04 E49.70059
G1 X552.041 Y285.15 E1629.46316
G1 X563.553 Y285.15 E49.70059
;WIPE_START
G1 F600
G1 X556.553 Y285.15 E-10
;WIPE_END
G1 Z47 F15000
G1 X714.85 Y400.743 Z47
G1 Z46
G1 E17 F9000
G1 F2779.614
G1 X714.85 Y389.231 E49.70059
G1 X610.769 Y285.15 E635.45139
G1 X599.257 Y285.15 E49.70059
;WIPE_START
G1 F600
G1 X606.257 Y285.15 E-10
;WIPE_END
G1 Z47 F15000
G1 X714.85 Y563.553 Z47
G1 Z46
G1 E17 F9000
G1 F2779.614
G1 X714.85 Y552.04 E49.70059
G1 X447.96 Y285.15 E1629.46316
G1 X436.447 Y285.15 E49.70059
;WIPE_START
G1 F600
G1 X443.447 Y285.15 E-10
;WIPE_END
G1 Z47 F15000
G1 X436.447 Y714.85 Z47
G1 Z46
G1 E17 F9000
G1 F2779.614
G1 X447.959 Y714.85 E49.70059
G1 X714.85 Y447.96 E1629.46317
G1 X714.85 Y436.447 E49.70059
M73 P16 R639
;WIPE_START
G1 F600
G1 X714.85 Y443.447 E-10
;WIPE_END
G1 Z47 F15000
G1 X703.338 Y714.85 Z47
G1 Z46
G1 E17 F9000
G1 F2779.614
G1 X714.85 Y714.85 E49.70059
G1 X285.15 Y285.15 E2623.47492
G1 X296.662 Y285.15 E49.70059
;WIPE_START
G1 F600
G1 X289.662 Y285.15 E-10
;WIPE_END
G1 Z47 F15000
G1 X296.662 Y714.85 Z47
G1 Z46
G1 E17 F9000
G1 F2779.614
G1 X285.15 Y714.85 E49.70028
G1 X714.85 Y285.15 E2623.47449
G1 X703.338 Y285.15 E49.70028
;WIPE_START
G1 F600
G1 X710.338 Y285.15 E-10
;WIPE_END
G1 Z47 F15000
G1 X599.257 Y714.85 Z47
G1 Z46
G1 E17 F9000
G1 F2779.614
G1 X610.769 Y714.85 E49.70059
G1 X714.85 Y610.769 E635.45139
G1 X714.85 Y599.257 E49.70059
;WIPE_START
G1 F600
G1 X714.85 Y606.257 E-10
;WIPE_END
G1 Z47 F15000
G1 X563.553 Y714.85 Z47
G1 Z46
G1 E17 F9000
G1 F2779.614
G1 X552.04 Y714.85 E49.70059
G1 X285.15 Y447.96 E1629.46316
G1 X285.15 Y436.447 E49.70059
;WIPE_START
G1 F600
G1 X285.15 Y443.447 E-10
;WIPE_END
G1 Z47 F15000
G1 X400.743 Y714.85 Z47
G1 Z46
G1 E17 F9000
G1 F2779.614
G1 X389.231 Y714.85 E49.70059
G1 X285.15 Y610.769 E635.45139
G1 X285.15 Y599.257 E49.70059
M73 P16 R638
; stop printing object Cube id:0 copy 0
;LAYER_CHANGE
;Z:47.5
;HEIGHT:1.5
;BEFORE_LAYER_CHANGE
;47.5
G92 E0

EXCLUDE_OBJECT_END NAME=Cube_id_0_copy_0
;AFTER_LAYER_CHANGE
;47.5
;_SET_FAN_SPEED_CHANGING_LAYER
; printing object Cube id:0 copy 0
;WIPE_START
G1 F600
G1 X285.15 Y606.257 E-10
;WIPE_END
EXCLUDE_OBJECT_START NAME=Cube_id_0_copy_0
G1 Z48.5 F15000
G1 X282.703 Y717.297 Z48.5
G1 Z47.5
G1 E17 F9000
;TYPE:Outer wall
;WIDTH:3.2
G1 F2779.615
G1 X282.703 Y282.703 E1876.19945
G1 X717.297 Y282.703 E1876.19945
G1 X717.297 Y717.297 E1876.19945
G1 X283.003 Y717.297 E1874.90431
;WIPE_START
G1 F600
G1 X282.999 Y710.297 E-10
;WIPE_END
G1 Z48.5 F15000
G1 X285.15 Y599.257 Z48.5
G1 Z47.5
G1 E17 F9000
;TYPE:Sparse infill
;WIDTH:3.2
G1 F2779.614
G1 X285.15 Y610.769 E49.70059
G1 X389.231 Y714.85 E635.45139
G1 X400.743 Y714.85 E49.70059
;WIPE_START
G1 F600
G1 X393.743 Y714.85 E-10
;WIPE_END
G1 Z48.5 F15000
G1 X285.15 Y436.447 Z48.5
G1 Z47.5
G1 E17 F9000
G1 F2779.614
G1 X285.15 Y447.96 E49.70059
G1 X552.04 Y714.85 E1629.46316
G1 X563.553 Y714.85 E49.70059
M73 P16 R637
;WIPE_START
G1 F600
G1 X556.553 Y714.85 E-10
;WIPE_END
G1 Z48.5 F15000
G1 X714.85 Y599.257 Z48.5
G1 Z47.5
G1 E17 F9000
G1 F2779.614
G1 X714.85 Y610.769 E49.70059
G1 X610.769 Y714.85 E635.45139
G1 X599.257 Y714.85 E49.70059
;WIPE_START
G1 F600
G1 X606.257 Y714.85 E-10
;WIPE_END
G1 Z48.5 F15000
G1 X714.85 Y436.447 Z48.5
G1 Z47.5
M73 P17 R637
G1 E17 F9000
G1 F2779.614
G1 X714.85 Y447.96 E49.70059
G1 X447.959 Y714.85 E1629.46317
G1 X436.447 Y714.85 E49.70059
;WIPE_START
G1 F600
G1 X443.447 Y714.85 E-10
;WIPE_END
G1 Z48.5 F15000
G1 X436.447 Y285.15 Z48.5
G1 Z47.5
G1 E17 F9000
G1 F2779.614
G1 X447.96 Y285.15 E49.70059
G1 X714.85 Y552.04 E1629.46316
G1 X714.85 Y563.553 E49.70059
;WIPE_START
G1 F600
G1 X714.85 Y556.553 E-10
;WIPE_END
G1 Z48.5 F15000
G1 X703.338 Y285.15 Z48.5
G1 Z47.5
G1 E17 F9000
G1 F2779.614
G1 X714.85 Y285.15 E49.70028
G1 X285.15 Y714.85 E2623.47449
G1 X296.662 Y714.85 E49.70028
;WIPE_START
G1 F600
G1 X289.662 Y714.85 E-10
;WIPE_END
G1 Z48.5 F15000
G1 X296.662 Y285.15 Z48.5
G1 Z47.5
G1 E17 F9000
G1 F2779.614
G1 X285.15 Y285.15 E49.70059
G1 X714.85 Y714.85 E2623.47492
G1 X703.338 Y714.85 E49.70059
M73 P17 R636
;WIPE_START
G1 F600
G1 X710.338 Y714.85 E-10
;WIPE_END
G1 Z48.5 F15000
G1 X599.257 Y285.15 Z48.5
G1 Z47.5
G1 E17 F9000
G1 F2779.614
G1 X610.769 Y285.15 E49.70059
G1 X714.85 Y389.231 E635.45139
G1 X714.85 Y400.743 E49.70059
;WIPE_START
G1 F600
G1 X714.85 Y393.743 E-10
;WIPE_END
G1 Z48.5 F15000
G1 X563.553 Y285.15 Z48.5
G1 Z47.5
G1 E17 F9000
G1 F2779.614
G1 X552.041 Y285.15 E49.70059
G1 X285.15 Y552.04 E1629.46316
G1 X285.15 Y563.553 E49.70059
;WIPE_START
G1 F600
G1 X285.15 Y556.553 E-10
;WIPE_END
G1 Z48.5 F15000
G1 X400.743 Y285.15 Z48.5
G1 Z47.5
G1 E17 F9000
G1 F2779.614
G1 X389.231 Y285.15 E49.70059
G1 X285.15 Y389.231 E635.45138
G1 X285.15 Y400.743 E49.70059
; stop printing object Cube id:0 copy 0
;LAYER_CHANGE
;Z:49
;HEIGHT:1.5
;BEFORE_LAYER_CHANGE
;49
G92 E0

EXCLUDE_OBJECT_END NAME=Cube_id_0_copy_0
;AFTER_LAYER_CHANGE
;49
;_SET_FAN_SPEED_CHANGING_LAYER
; printing object Cube id:0 copy 0
;WIPE_START
G1 F600
G1 X285.15 Y393.743 E-10
;WIPE_END
EXCLUDE_OBJECT_START NAME=Cube_id_0_copy_0
G1 Z50 F15000
G1 X282.703 Y282.703 Z50
G1 Z49
G1 E17 F9000
;TYPE:Outer wall
;WIDTH:3.2
G1 F2779.615
G1 X717.297 Y282.703 E1876.19945
G1 X717.297 Y717.297 E1876.19945
G1 X282.703 Y717.297 E1876.19945
G1 X282.703 Y283.003 E1874.90431
M73 P17 R635
;WIPE_START
G1 F600
G1 X289.703 Y282.999 E-10
;WIPE_END
G1 Z50 F15000
G1 X285.15 Y400.743 Z50
G1 Z49
G1 E17 F9000
;TYPE:Sparse infill
;WIDTH:3.2
G1 F2779.614
G1 X285.15 Y389.231 E49.70059
G1 X389.231 Y285.15 E635.45138
G1 X400.743 Y285.15 E49.70059
;WIPE_START
G1 F600
G1 X393.743 Y285.15 E-10
;WIPE_END
G1 Z50 F15000
G1 X285.15 Y563.553 Z50
G1 Z49
G1 E17 F9000
G1 F2779.614
G1 X285.15 Y552.04 E49.70059
G1 X552.041 Y285.15 E1629.46316
G1 X563.553 Y285.15 E49.70059
;WIPE_START
G1 F600
G1 X556.553 Y285.15 E-10
;WIPE_END
G1 Z50 F15000
G1 X714.85 Y400.743 Z50
G1 Z49
G1 E17 F9000
G1 F2779.614
G1 X714.85 Y389.231 E49.70059
G1 X610.769 Y285.15 E635.45139
G1 X599.257 Y285.15 E49.70059
;WIPE_START
G1 F600
G1 X606.257 Y285.15 E-10
;WIPE_END
G1 Z50 F15000
G1 X714.85 Y563.553 Z50
G1 Z49
G1 E17 F9000
G1 F2779.614
G1 X714.85 Y552.04 E49.70059
G1 X447.96 Y285.15 E1629.46316
G1 X436.447 Y285.15 E49.70059
;WIPE_START
G1 F600
G1 X443.447 Y285.15 E-10
;WIPE_END
G1 Z50 F15000
G1 X436.447 Y714.85 Z50
G1 Z49
G1 E17 F9000
G1 F2779.614
G1 X447.959 Y714.85 E49.70059
G1 X714.85 Y447.96 E1629.46317
G1 X714.85 Y436.447 E49.70059
;WIPE_START
G1 F600
G1 X714.85 Y443.447 E-10
;WIPE_END
G1 Z50 F15000
G1 X703.338 Y714.85 Z50
G1 Z49
M73 P17 R634
G1 E17 F9000
G1 F2779.614
G1 X714.85 Y714.85 E49.70059
G1 X285.15 Y285.15 E2623.47492
G1 X296.662 Y285.15 E49.70059
;WIPE_START
G1 F600
G1 X289.662 Y285.15 E-10
;WIPE_END
G1 Z50 F15000
G1 X296.662 Y714.85 Z50
G1 Z49
G1 E17 F9000
G1 F2779.614
G1 X285.15 Y714.85 E49.70028
G1 X714.85 Y285.15 E2623.47449
G1 X703.338 Y285.15 E49.70028
;WIPE_START
G1 F600
G1 X710.338 Y285.15 E-10
;WIPE_END
G1 Z50 F15000
G1 X599.257 Y714.85 Z50
G1 Z49
G1 E17 F9000
G1 F2779.614
G1 X610.769 Y714.85 E49.70059
G1 X714.85 Y610.769 E635.45139
G1 X714.85 Y599.257 E49.70059
;WIPE_START
G1 F600
G1 X714.85 Y606.257 E-10
;WIPE_END
G1 Z50 F15000
G1 X563.553 Y714.85 Z50
G1 Z49
G1 E17 F9000
G1 F2779.614
G1 X552.04 Y714.85 E49.70059
G1 X285.15 Y447.96 E1629.46316
G1 X285.15 Y436.447 E49.70059
;WIPE_START
G1 F600
G1 X285.15 Y443.447 E-10
;WIPE_END
G1 Z50 F15000
G1 X400.743 Y714.85 Z50
G1 Z49
G1 E17 F9000
G1 F2779.614
G1 X389.231 Y714.85 E49.70059
G1 X285.15 Y610.769 E635.45139
G1 X285.15 Y599.257 E49.70059
; stop printing object Cube id:0 copy 0
;LAYER_CHANGE
;Z:50.5
;HEIGHT:1.5
;BEFORE_LAYER_CHANGE
;50.5
G92 E0

EXCLUDE_OBJECT_END NAME=Cube_id_0_copy_0
;AFTER_LAYER_CHANGE
;50.5
;_SET_FAN_SPEED_CHANGING_LAYER
; printing object Cube id:0 copy 0
;WIPE_START
G1 F600
G1 X285.15 Y606.257 E-10
;WIPE_END
EXCLUDE_OBJECT_START NAME=Cube_id_0_copy_0
G1 Z51.5 F15000
G1 X282.703 Y717.297 Z51.5
G1 Z50.5
G1 E17 F9000
;TYPE:Outer wall
;WIDTH:3.2
G1 F2779.615
G1 X282.703 Y282.703 E1876.19945
G1 X717.297 Y282.703 E1876.19945
M73 P17 R633
G1 X717.297 Y717.297 E1876.19945
G1 X283.003 Y717.297 E1874.90431
;WIPE_START
G1 F600
G1 X282.999 Y710.297 E-10
;WIPE_END
G1 Z51.5 F15000
G1 X285.15 Y599.257 Z51.5
G1 Z50.5
G1 E17 F9000
;TYPE:Sparse infill
;WIDTH:3.2
G1 F2779.614
G1 X285.15 Y610.769 E49.70059
G1 X389.231 Y714.85 E635.45139
G1 X400.743 Y714.85 E49.70059
;WIPE_START
G1 F600
G1 X393.743 Y714.85 E-10
;WIPE_END
G1 Z51.5 F15000
G1 X285.15 Y436.447 Z51.5
G1 Z50.5
G1 E17 F9000
G1 F2779.614
G1 X285.15 Y447.96 E49.70059
G1 X552.04 Y714.85 E1629.46316
G1 X563.553 Y714.85 E49.70059
;WIPE_START
G1 F600
G1 X556.553 Y714.85 E-10
;WIPE_END
G1 Z51.5 F15000
G1 X714.85 Y599.257 Z51.5
G1 Z50.5
G1 E17 F9000
G1 F2779.614
G1 X714.85 Y610.769 E49.70059
G1 X610.769 Y714.85 E635.45139
G1 X599.257 Y714.85 E49.70059
M73 P17 R632
;WIPE_START
G1 F600
G1 X606.257 Y714.85 E-10
;WIPE_END
G1 Z51.5 F15000
G1 X714.85 Y436.447 Z51.5
G1 Z50.5
G1 E17 F9000
G1 F2779.614
G1 X714.85 Y447.96 E49.70059
G1 X447.959 Y714.85 E1629.46317
G1 X436.447 Y714.85 E49.70059
;WIPE_START
G1 F600
G1 X443.447 Y714.85 E-10
;WIPE_END
G1 Z51.5 F15000
G1 X436.447 Y285.15 Z51.5
G1 Z50.5
G1 E17 F9000
G1 F2779.614
G1 X447.96 Y285.15 E49.70059
G1 X714.85 Y552.04 E1629.46316
G1 X714.85 Y563.553 E49.70059
;WIPE_START
G1 F600
G1 X714.85 Y556.553 E-10
;WIPE_END
G1 Z51.5 F15000
G1 X703.338 Y285.15 Z51.5
G1 Z50.5
G1 E17 F9000
G1 F2779.614
G1 X714.85 Y285.15 E49.70028
G1 X285.15 Y714.85 E2623.47449
G1 X296.662 Y714.85 E49.70028
;WIPE_START
G1 F600
G1 X289.662 Y714.85 E-10
;WIPE_END
G1 Z51.5 F15000
G1 X296.662 Y285.15 Z51.5
G1 Z50.5
G1 E17 F9000
G1 F2779.614
G1 X285.15 Y285.15 E49.70059
G1 X714.85 Y714.85 E2623.47492
G1 X703.338 Y714.85 E49.70059
;WIPE_START
G1 F600
G1 X710.338 Y714.85 E-10
;WIPE_END
G1 Z51.5 F15000
G1 X599.257 Y285.15 Z51.5
G1 Z50.5
M73 P17 R631
G1 E17 F9000
G1 F2779.614
G1 X610.769 Y285.15 E49.70059
G1 X714.85 Y389.231 E635.45139
G1 X714.85 Y400.743 E49.70059
;WIPE_START
G1 F600
G1 X714.85 Y393.743 E-10
;WIPE_END
G1 Z51.5 F15000
G1 X563.553 Y285.15 Z51.5
G1 Z50.5
G1 E17 F9000
G1 F2779.614
G1 X552.041 Y285.15 E49.70059
G1 X285.15 Y552.04 E1629.46316
G1 X285.15 Y563.553 E49.70059
;WIPE_START
G1 F600
G1 X285.15 Y556.553 E-10
;WIPE_END
G1 Z51.5 F15000
G1 X400.743 Y285.15 Z51.5
G1 Z50.5
G1 E17 F9000
G1 F2779.614
G1 X389.231 Y285.15 E49.70059
G1 X285.15 Y389.231 E635.45138
G1 X285.15 Y400.743 E49.70059
; stop printing object Cube id:0 copy 0
;LAYER_CHANGE
;Z:52
;HEIGHT:1.5
;BEFORE_LAYER_CHANGE
;52
G92 E0

EXCLUDE_OBJECT_END NAME=Cube_id_0_copy_0
;AFTER_LAYER_CHANGE
;52
;_SET_FAN_SPEED_CHANGING_LAYER
; printing object Cube id:0 copy 0
;WIPE_START
G1 F600
G1 X285.15 Y393.743 E-10
;WIPE_END
EXCLUDE_OBJECT_START NAME=Cube_id_0_copy_0
G1 Z53 F15000
G1 X282.703 Y282.703 Z53
G1 Z52
G1 E17 F9000
;TYPE:Outer wall
;WIDTH:3.2
G1 F2779.615
G1 X717.297 Y282.703 E1876.19945
G1 X717.297 Y717.297 E1876.19945
G1 X282.703 Y717.297 E1876.19945
G1 X282.703 Y283.003 E1874.90431
;WIPE_START
G1 F600
M73 P17 R630
G1 X289.703 Y282.999 E-10
;WIPE_END
G1 Z53 F15000
G1 X285.15 Y400.743 Z53
G1 Z52
G1 E17 F9000
;TYPE:Sparse infill
;WIDTH:3.2
G1 F2779.614
G1 X285.15 Y389.231 E49.70059
G1 X389.231 Y285.15 E635.45138
G1 X400.743 Y285.15 E49.70059
;WIPE_START
G1 F600
G1 X393.743 Y285.15 E-10
;WIPE_END
G1 Z53 F15000
G1 X285.15 Y563.553 Z53
G1 Z52
G1 E17 F9000
G1 F2779.614
G1 X285.15 Y552.04 E49.70059
G1 X552.041 Y285.15 E1629.46316
G1 X563.553 Y285.15 E49.70059
;WIPE_START
G1 F600
G1 X556.553 Y285.15 E-10
;WIPE_END
G1 Z53 F15000
G1 X714.85 Y400.743 Z53
G1 Z52
G1 E17 F9000
G1 F2779.614
G1 X714.85 Y389.231 E49.70059
G1 X610.769 Y285.15 E635.45139
G1 X599.257 Y285.15 E49.70059
;WIPE_START
G1 F600
G1 X606.257 Y285.15 E-10
;WIPE_END
G1 Z53 F15000
G1 X714.85 Y563.553 Z53
G1 Z52
G1 E17 F9000
G1 F2779.614
G1 X714.85 Y552.04 E49.70059
G1 X447.96 Y285.15 E1629.46316
G1 X436.447 Y285.15 E49.70059
;WIPE_START
G1 F600
G1 X443.447 Y285.15 E-10
;WIPE_END
G1 Z53 F15000
G1 X436.447 Y714.85 Z53
G1 Z52
G1 E17 F9000
G1 F2779.614
G1 X447.959 Y714.85 E49.70059
G1 X714.85 Y447.96 E1629.46317
G1 X714.85 Y436.447 E49.70059
M73 P18 R630
;WIPE_START
G1 F600
G1 X714.85 Y443.447 E-10
;WIPE_END
G1 Z53 F15000
G1 X703.338 Y714.85 Z53
G1 Z52
G1 E17 F9000
G1 F2779.614
G1 X714.85 Y714.85 E49.70059
G1 X285.15 Y285.15 E2623.47492
G1 X296.662 Y285.15 E49.70059
M73 P18 R629
;WIPE_START
G1 F600
G1 X289.662 Y285.15 E-10
;WIPE_END
G1 Z53 F15000
G1 X296.662 Y714.85 Z53
G1 Z52
G1 E17 F9000
G1 F2779.614
G1 X285.15 Y714.85 E49.70028
G1 X714.85 Y285.15 E2623.47449
G1 X703.338 Y285.15 E49.70028
;WIPE_START
G1 F600
G1 X710.338 Y285.15 E-10
;WIPE_END
G1 Z53 F15000
G1 X599.257 Y714.85 Z53
G1 Z52
G1 E17 F9000
G1 F2779.614
G1 X610.769 Y714.85 E49.70059
G1 X714.85 Y610.769 E635.45139
G1 X714.85 Y599.257 E49.70059
;WIPE_START
G1 F600
G1 X714.85 Y606.257 E-10
;WIPE_END
G1 Z53 F15000
G1 X563.553 Y714.85 Z53
G1 Z52
G1 E17 F9000
G1 F2779.614
G1 X552.04 Y714.85 E49.70059
G1 X285.15 Y447.96 E1629.46316
G1 X285.15 Y436.447 E49.70059
;WIPE_START
G1 F600
G1 X285.15 Y443.447 E-10
;WIPE_END
G1 Z53 F15000
G1 X400.743 Y714.85 Z53
G1 Z52
G1 E17 F9000
G1 F2779.614
G1 X389.231 Y714.85 E49.70059
G1 X285.15 Y610.769 E635.45139
G1 X285.15 Y599.257 E49.70059
; stop printing object Cube id:0 copy 0
;LAYER_CHANGE
;Z:53.5
;HEIGHT:1.5
;BEFORE_LAYER_CHANGE
;53.5
G92 E0

EXCLUDE_OBJECT_END NAME=Cube_id_0_copy_0
;AFTER_LAYER_CHANGE
;53.5
;_SET_FAN_SPEED_CHANGING_LAYER
; printing object Cube id:0 copy 0
;WIPE_START
G1 F600
G1 X285.15 Y606.257 E-10
;WIPE_END
EXCLUDE_OBJECT_START NAME=Cube_id_0_copy_0
G1 Z54.5 F15000
G1 X282.703 Y717.297 Z54.5
G1 Z53.5
G1 E17 F9000
;TYPE:Outer wall
;WIDTH:3.2
G1 F2779.615
G1 X282.703 Y282.703 E1876.19945
G1 X717.297 Y282.703 E1876.19945
M73 P18 R628
G1 X717.297 Y717.297 E1876.19945
G1 X283.003 Y717.297 E1874.90431
;WIPE_START
G1 F600
G1 X282.999 Y710.297 E-10
;WIPE_END
G1 Z54.5 F15000
G1 X285.15 Y599.257 Z54.5
G1 Z53.5
G1 E17 F9000
;TYPE:Sparse infill
;WIDTH:3.2
G1 F2779.614
G1 X285.15 Y610.769 E49.70059
G1 X389.231 Y714.85 E635.45139
G1 X400.743 Y714.85 E49.70059
;WIPE_START
G1 F600
G1 X393.743 Y714.85 E-10
;WIPE_END
G1 Z54.5 F15000
G1 X285.15 Y436.447 Z54.5
G1 Z53.5
G1 E17 F9000
G1 F2779.614
G1 X285.15 Y447.96 E49.70059
G1 X552.04 Y714.85 E1629.46316
G1 X563.553 Y714.85 E49.70059
;WIPE_START
G1 F600
G1 X556.553 Y714.85 E-10
;WIPE_END
G1 Z54.5 F15000
G1 X714.85 Y599.257 Z54.5
G1 Z53.5
G1 E17 F9000
G1 F2779.614
G1 X714.85 Y610.769 E49.70059
G1 X610.769 Y714.85 E635.45139
G1 X599.257 Y714.85 E49.70059
;WIPE_START
G1 F600
G1 X606.257 Y714.85 E-10
;WIPE_END
G1 Z54.5 F15000
G1 X714.85 Y436.447 Z54.5
G1 Z53.5
G1 E17 F9000
G1 F2779.614
G1 X714.85 Y447.96 E49.70059
G1 X447.959 Y714.85 E1629.46317
G1 X436.447 Y714.85 E49.70059
M73 P18 R627
;WIPE_START
G1 F600
G1 X443.447 Y714.85 E-10
;WIPE_END
G1 Z54.5 F15000
G1 X436.447 Y285.15 Z54.5
G1 Z53.5
G1 E17 F9000
G1 F2779.614
G1 X447.96 Y285.15 E49.70059
G1 X714.85 Y552.04 E1629.46316
G1 X714.85 Y563.553 E49.70059
;WIPE_START
G1 F600
G1 X714.85 Y556.553 E-10
;WIPE_END
G1 Z54.5 F15000
G1 X703.338 Y285.15 Z54.5
G1 Z53.5
G1 E17 F9000
G1 F2779.614
G1 X714.85 Y285.15 E49.70028
G1 X285.15 Y714.85 E2623.47449
G1 X296.662 Y714.85 E49.70028
;WIPE_START
G1 F600
G1 X289.662 Y714.85 E-10
;WIPE_END
G1 Z54.5 F15000
G1 X296.662 Y285.15 Z54.5
G1 Z53.5
G1 E17 F9000
G1 F2779.614
G1 X285.15 Y285.15 E49.70059
G1 X714.85 Y714.85 E2623.47492
G1 X703.338 Y714.85 E49.70059
;WIPE_START
G1 F600
G1 X710.338 Y714.85 E-10
;WIPE_END
G1 Z54.5 F15000
G1 X599.257 Y285.15 Z54.5
G1 Z53.5
G1 E17 F9000
G1 F2779.614
G1 X610.769 Y285.15 E49.70059
G1 X714.85 Y389.231 E635.45139
G1 X714.85 Y400.743 E49.70059
;WIPE_START
G1 F600
G1 X714.85 Y393.743 E-10
;WIPE_END
G1 Z54.5 F15000
M73 P18 R626
G1 X563.553 Y285.15 Z54.5
G1 Z53.5
G1 E17 F9000
G1 F2779.614
G1 X552.041 Y285.15 E49.70059
G1 X285.15 Y552.04 E1629.46316
G1 X285.15 Y563.553 E49.70059
;WIPE_START
G1 F600
G1 X285.15 Y556.553 E-10
;WIPE_END
G1 Z54.5 F15000
G1 X400.743 Y285.15 Z54.5
G1 Z53.5
G1 E17 F9000
G1 F2779.614
G1 X389.231 Y285.15 E49.70059
G1 X285.15 Y389.231 E635.45138
G1 X285.15 Y400.743 E49.70059
; stop printing object Cube id:0 copy 0
;LAYER_CHANGE
;Z:55
;HEIGHT:1.5
;BEFORE_LAYER_CHANGE
;55
G92 E0

EXCLUDE_OBJECT_END NAME=Cube_id_0_copy_0
;AFTER_LAYER_CHANGE
;55
;_SET_FAN_SPEED_CHANGING_LAYER
; printing object Cube id:0 copy 0
;WIPE_START
G1 F600
G1 X285.15 Y393.743 E-10
;WIPE_END
EXCLUDE_OBJECT_START NAME=Cube_id_0_copy_0
G1 Z56 F15000
G1 X282.703 Y282.703 Z56
G1 Z55
G1 E17 F9000
;TYPE:Outer wall
;WIDTH:3.2
G1 F2779.615
G1 X717.297 Y282.703 E1876.19945
G1 X717.297 Y717.297 E1876.19945
G1 X282.703 Y717.297 E1876.19945
G1 X282.703 Y283.003 E1874.90431
;WIPE_START
G1 F600
G1 X289.703 Y282.999 E-10
;WIPE_END
G1 Z56 F15000
G1 X285.15 Y400.743 Z56
G1 Z55
G1 E17 F9000
;TYPE:Sparse infill
;WIDTH:3.2
G1 F2779.614
G1 X285.15 Y389.231 E49.70059
G1 X389.231 Y285.15 E635.45138
M73 P18 R625
G1 X400.743 Y285.15 E49.70059
;WIPE_START
G1 F600
G1 X393.743 Y285.15 E-10
;WIPE_END
G1 Z56 F15000
G1 X285.15 Y563.553 Z56
G1 Z55
G1 E17 F9000
G1 F2779.614
G1 X285.15 Y552.04 E49.70059
G1 X552.041 Y285.15 E1629.46316
G1 X563.553 Y285.15 E49.70059
;WIPE_START
G1 F600
G1 X556.553 Y285.15 E-10
;WIPE_END
G1 Z56 F15000
G1 X714.85 Y400.743 Z56
G1 Z55
G1 E17 F9000
G1 F2779.614
G1 X714.85 Y389.231 E49.70059
G1 X610.769 Y285.15 E635.45139
G1 X599.257 Y285.15 E49.70059
;WIPE_START
G1 F600
G1 X606.257 Y285.15 E-10
;WIPE_END
G1 Z56 F15000
G1 X714.85 Y563.553 Z56
G1 Z55
G1 E17 F9000
G1 F2779.614
G1 X714.85 Y552.04 E49.70059
G1 X447.96 Y285.15 E1629.46316
G1 X436.447 Y285.15 E49.70059
;WIPE_START
G1 F600
G1 X443.447 Y285.15 E-10
;WIPE_END
G1 Z56 F15000
G1 X436.447 Y714.85 Z56
G1 Z55
G1 E17 F9000
G1 F2779.614
G1 X447.959 Y714.85 E49.70059
G1 X714.85 Y447.96 E1629.46317
G1 X714.85 Y436.447 E49.70059
;WIPE_START
G1 F600
G1 X714.85 Y443.447 E-10
;WIPE_END
G1 Z56 F15000
G1 X703.338 Y714.85 Z56
G1 Z55
G1 E17 F9000
G1 F2779.614
G1 X714.85 Y714.85 E49.70059
G1 X285.15 Y285.15 E2623.47492
G1 X296.662 Y285.15 E49.70059
M73 P18 R624
;WIPE_START
G1 F600
G1 X289.662 Y285.15 E-10
;WIPE_END
G1 Z56 F15000
G1 X296.662 Y714.85 Z56
G1 Z55
G1 E17 F9000
G1 F2779.614
G1 X285.15 Y714.85 E49.70028
G1 X714.85 Y285.15 E2623.47449
G1 X703.338 Y285.15 E49.70028
;WIPE_START
G1 F600
G1 X710.338 Y285.15 E-10
;WIPE_END
G1 Z56 F15000
G1 X599.257 Y714.85 Z56
G1 Z55
G1 E17 F9000
G1 F2779.614
G1 X610.769 Y714.85 E49.70059
G1 X714.85 Y610.769 E635.45139
G1 X714.85 Y599.257 E49.70059
;WIPE_START
G1 F600
G1 X714.85 Y606.257 E-10
;WIPE_END
G1 Z56 F15000
G1 X563.553 Y714.85 Z56
G1 Z55
G1 E17 F9000
G1 F2779.614
G1 X552.04 Y714.85 E49.70059
G1 X285.15 Y447.96 E1629.46316
G1 X285.15 Y436.447 E49.70059
;WIPE_START
G1 F600
G1 X285.15 Y443.447 E-10
;WIPE_END
G1 Z56 F15000
G1 X400.743 Y714.85 Z56
G1 Z55
G1 E17 F9000
G1 F2779.614
G1 X389.231 Y714.85 E49.70059
G1 X285.15 Y610.769 E635.45139
G1 X285.15 Y599.257 E49.70059
; stop printing object Cube id:0 copy 0
;LAYER_CHANGE
;Z:56.5
;HEIGHT:1.5
;BEFORE_LAYER_CHANGE
;56.5
G92 E0

EXCLUDE_OBJECT_END NAME=Cube_id_0_copy_0
;AFTER_LAYER_CHANGE
;56.5
;_SET_FAN_SPEED_CHANGING_LAYER
; printing object Cube id:0 copy 0
;WIPE_START
G1 F600
G1 X285.15 Y606.257 E-10
;WIPE_END
EXCLUDE_OBJECT_START NAME=Cube_id_0_copy_0
G1 Z57.5 F15000
G1 X282.703 Y717.297 Z57.5
G1 Z56.5
G1 E17 F9000
;TYPE:Outer wall
;WIDTH:3.2
G1 F2779.615
G1 X282.703 Y282.703 E1876.19945
G1 X717.297 Y282.703 E1876.19945
G1 X717.297 Y717.297 E1876.19945
M73 P18 R623
G1 X283.003 Y717.297 E1874.90431
;WIPE_START
G1 F600
G1 X282.999 Y710.297 E-10
;WIPE_END
G1 Z57.5 F15000
G1 X285.15 Y599.257 Z57.5
G1 Z56.5
G1 E17 F9000
;TYPE:Sparse infill
;WIDTH:3.2
G1 F2779.614
G1 X285.15 Y610.769 E49.70059
G1 X389.231 Y714.85 E635.45139
G1 X400.743 Y714.85 E49.70059
;WIPE_START
G1 F600
G1 X393.743 Y714.85 E-10
;WIPE_END
G1 Z57.5 F15000
G1 X285.15 Y436.447 Z57.5
G1 Z56.5
G1 E17 F9000
G1 F2779.614
G1 X285.15 Y447.96 E49.70059
G1 X552.04 Y714.85 E1629.46316
G1 X563.553 Y714.85 E49.70059
;WIPE_START
G1 F600
G1 X556.553 Y714.85 E-10
;WIPE_END
G1 Z57.5 F15000
G1 X714.85 Y599.257 Z57.5
G1 Z56.5
G1 E17 F9000
G1 F2779.614
G1 X714.85 Y610.769 E49.70059
G1 X610.769 Y714.85 E635.45139
G1 X599.257 Y714.85 E49.70059
;WIPE_START
G1 F600
G1 X606.257 Y714.85 E-10
;WIPE_END
G1 Z57.5 F15000
G1 X714.85 Y436.447 Z57.5
G1 Z56.5
G1 E17 F9000
G1 F2779.614
G1 X714.85 Y447.96 E49.70059
G1 X447.959 Y714.85 E1629.46317
G1 X436.447 Y714.85 E49.70059
;WIPE_START
G1 F600
M73 P18 R622
G1 X443.447 Y714.85 E-10
;WIPE_END
G1 Z57.5 F15000
G1 X436.447 Y285.15 Z57.5
G1 Z56.5
G1 E17 F9000
G1 F2779.614
G1 X447.96 Y285.15 E49.70059
G1 X714.85 Y552.04 E1629.46316
G1 X714.85 Y563.553 E49.70059
;WIPE_START
G1 F600
G1 X714.85 Y556.553 E-10
;WIPE_END
G1 Z57.5 F15000
G1 X703.338 Y285.15 Z57.5
G1 Z56.5
G1 E17 F9000
G1 F2779.614
G1 X714.85 Y285.15 E49.70028
G1 X285.15 Y714.85 E2623.47449
G1 X296.662 Y714.85 E49.70028
;WIPE_START
G1 F600
G1 X289.662 Y714.85 E-10
;WIPE_END
G1 Z57.5 F15000
G1 X296.662 Y285.15 Z57.5
G1 Z56.5
M73 P19 R622
G1 E17 F9000
G1 F2779.614
G1 X285.15 Y285.15 E49.70059
G1 X714.85 Y714.85 E2623.47492
G1 X703.338 Y714.85 E49.70059
;WIPE_START
G1 F600
G1 X710.338 Y714.85 E-10
;WIPE_END
G1 Z57.5 F15000
G1 X599.257 Y285.15 Z57.5
G1 Z56.5
G1 E17 F9000
G1 F2779.614
G1 X610.769 Y285.15 E49.70059
G1 X714.85 Y389.231 E635.45139
G1 X714.85 Y400.743 E49.70059
;WIPE_START
G1 F600
G1 X714.85 Y393.743 E-10
;WIPE_END
G1 Z57.5 F15000
G1 X563.553 Y285.15 Z57.5
G1 Z56.5
G1 E17 F9000
G1 F2779.614
G1 X552.041 Y285.15 E49.70059
G1 X285.15 Y552.04 E1629.46316
G1 X285.15 Y563.553 E49.70059
M73 P19 R621
;WIPE_START
G1 F600
G1 X285.15 Y556.553 E-10
;WIPE_END
G1 Z57.5 F15000
G1 X400.743 Y285.15 Z57.5
G1 Z56.5
G1 E17 F9000
G1 F2779.614
G1 X389.231 Y285.15 E49.70059
G1 X285.15 Y389.231 E635.45138
G1 X285.15 Y400.743 E49.70059
; stop printing object Cube id:0 copy 0
;LAYER_CHANGE
;Z:58
;HEIGHT:1.5
;BEFORE_LAYER_CHANGE
;58
G92 E0

EXCLUDE_OBJECT_END NAME=Cube_id_0_copy_0
;AFTER_LAYER_CHANGE
;58
;_SET_FAN_SPEED_CHANGING_LAYER
; printing object Cube id:0 copy 0
;WIPE_START
G1 F600
G1 X285.15 Y393.743 E-10
;WIPE_END
EXCLUDE_OBJECT_START NAME=Cube_id_0_copy_0
G1 Z59 F15000
G1 X282.703 Y282.703 Z59
G1 Z58
G1 E17 F9000
;TYPE:Outer wall
;WIDTH:3.2
G1 F2779.615
G1 X717.297 Y282.703 E1876.19945
G1 X717.297 Y717.297 E1876.19945
G1 X282.703 Y717.297 E1876.19945
G1 X282.703 Y283.003 E1874.90431
;WIPE_START
G1 F600
G1 X289.703 Y282.999 E-10
;WIPE_END
G1 Z59 F15000
G1 X285.15 Y400.743 Z59
G1 Z58
G1 E17 F9000
;TYPE:Sparse infill
;WIDTH:3.2
G1 F2779.614
G1 X285.15 Y389.231 E49.70059
G1 X389.231 Y285.15 E635.45138
G1 X400.743 Y285.15 E49.70059
;WIPE_START
G1 F600
G1 X393.743 Y285.15 E-10
;WIPE_END
G1 Z59 F15000
G1 X285.15 Y563.553 Z59
G1 Z58
G1 E17 F9000
G1 F2779.614
M73 P19 R620
G1 X285.15 Y552.04 E49.70059
G1 X552.041 Y285.15 E1629.46316
G1 X563.553 Y285.15 E49.70059
;WIPE_START
G1 F600
G1 X556.553 Y285.15 E-10
;WIPE_END
G1 Z59 F15000
G1 X714.85 Y400.743 Z59
G1 Z58
G1 E17 F9000
G1 F2779.614
G1 X714.85 Y389.231 E49.70059
G1 X610.769 Y285.15 E635.45139
G1 X599.257 Y285.15 E49.70059
;WIPE_START
G1 F600
G1 X606.257 Y285.15 E-10
;WIPE_END
G1 Z59 F15000
G1 X714.85 Y563.553 Z59
G1 Z58
G1 E17 F9000
G1 F2779.614
G1 X714.85 Y552.04 E49.70059
G1 X447.96 Y285.15 E1629.46316
G1 X436.447 Y285.15 E49.70059
;WIPE_START
G1 F600
G1 X443.447 Y285.15 E-10
;WIPE_END
G1 Z59 F15000
G1 X436.447 Y714.85 Z59
G1 Z58
G1 E17 F9000
G1 F2779.614
G1 X447.959 Y714.85 E49.70059
G1 X714.85 Y447.96 E1629.46317
G1 X714.85 Y436.447 E49.70059
;WIPE_START
G1 F600
G1 X714.85 Y443.447 E-10
;WIPE_END
G1 Z59 F15000
G1 X703.338 Y714.85 Z59
G1 Z58
G1 E17 F9000
G1 F2779.614
G1 X714.85 Y714.85 E49.70059
G1 X285.15 Y285.15 E2623.47492
G1 X296.662 Y285.15 E49.70059
;WIPE_START
G1 F600
G1 X289.662 Y285.15 E-10
;WIPE_END
G1 Z59 F15000
G1 X296.662 Y714.85 Z59
G1 Z58
G1 E17 F9000
G1 F2779.614
G1 X285.15 Y714.85 E49.70028
G1 X714.85 Y285.15 E2623.47449
G1 X703.338 Y285.15 E49.70028
M73 P19 R619
;WIPE_START
G1 F600
G1 X710.338 Y285.15 E-10
;WIPE_END
G1 Z59 F15000
G1 X599.257 Y714.85 Z59
G1 Z58
G1 E17 F9000
G1 F2779.614
G1 X610.769 Y714.85 E49.70059
G1 X714.85 Y610.769 E635.45139
G1 X714.85 Y599.257 E49.70059
;WIPE_START
G1 F600
G1 X714.85 Y606.257 E-10
;WIPE_END
G1 Z59 F15000
G1 X563.553 Y714.85 Z59
G1 Z58
G1 E17 F9000
G1 F2779.614
G1 X552.04 Y714.85 E49.70059
G1 X285.15 Y447.96 E1629.46316
G1 X285.15 Y436.447 E49.70059
;WIPE_START
G1 F600
G1 X285.15 Y443.447 E-10
;WIPE_END
G1 Z59 F15000
G1 X400.743 Y714.85 Z59
G1 Z58
G1 E17 F9000
G1 F2779.614
G1 X389.231 Y714.85 E49.70059
G1 X285.15 Y610.769 E635.45139
G1 X285.15 Y599.257 E49.70059
; stop printing object Cube id:0 copy 0
;LAYER_CHANGE
;Z:59.5
;HEIGHT:1.5
;BEFORE_LAYER_CHANGE
;59.5
G92 E0

EXCLUDE_OBJECT_END NAME=Cube_id_0_copy_0
;AFTER_LAYER_CHANGE
;59.5
;_SET_FAN_SPEED_CHANGING_LAYER
; printing object Cube id:0 copy 0
;WIPE_START
G1 F600
G1 X285.15 Y606.257 E-10
;WIPE_END
EXCLUDE_OBJECT_START NAME=Cube_id_0_copy_0
G1 Z60.5 F15000
G1 X282.703 Y717.297 Z60.5
G1 Z59.5
G1 E17 F9000
;TYPE:Outer wall
;WIDTH:3.2
G1 F2779.615
G1 X282.703 Y282.703 E1876.19945
G1 X717.297 Y282.703 E1876.19945
G1 X717.297 Y717.297 E1876.19945
G1 X283.003 Y717.297 E1874.90431
M73 P19 R618
;WIPE_START
G1 F600
G1 X282.999 Y710.297 E-10
;WIPE_END
G1 Z60.5 F15000
G1 X285.15 Y599.257 Z60.5
G1 Z59.5
G1 E17 F9000
;TYPE:Sparse infill
;WIDTH:3.2
G1 F2779.614
G1 X285.15 Y610.769 E49.70059
G1 X389.231 Y714.85 E635.45139
G1 X400.743 Y714.85 E49.70059
;WIPE_START
G1 F600
G1 X393.743 Y714.85 E-10
;WIPE_END
G1 Z60.5 F15000
G1 X285.15 Y436.447 Z60.5
G1 Z59.5
G1 E17 F9000
G1 F2779.614
G1 X285.15 Y447.96 E49.70059
G1 X552.04 Y714.85 E1629.46316
G1 X563.553 Y714.85 E49.70059
;WIPE_START
G1 F600
G1 X556.553 Y714.85 E-10
;WIPE_END
G1 Z60.5 F15000
G1 X714.85 Y599.257 Z60.5
G1 Z59.5
G1 E17 F9000
G1 F2779.614
G1 X714.85 Y610.769 E49.70059
G1 X610.769 Y714.85 E635.45139
G1 X599.257 Y714.85 E49.70059
;WIPE_START
G1 F600
G1 X606.257 Y714.85 E-10
;WIPE_END
G1 Z60.5 F15000
G1 X714.85 Y436.447 Z60.5
G1 Z59.5
G1 E17 F9000
G1 F2779.614
G1 X714.85 Y447.96 E49.70059
G1 X447.959 Y714.85 E1629.46317
G1 X436.447 Y714.85 E49.70059
;WIPE_START
G1 F600
G1 X443.447 Y714.85 E-10
;WIPE_END
G1 Z60.5 F15000
G1 X436.447 Y285.15 Z60.5
G1 Z59.5
G1 E17 F9000
G1 F2779.614
G1 X447.96 Y285.15 E49.70059
G1 X714.85 Y552.04 E1629.46316
G1 X714.85 Y563.553 E49.70059
M73 P19 R617
;WIPE_START
G1 F600
G1 X714.85 Y556.553 E-10
;WIPE_END
G1 Z60.5 F15000
G1 X703.338 Y285.15 Z60.5
G1 Z59.5
G1 E17 F9000
G1 F2779.614
G1 X714.85 Y285.15 E49.70028
G1 X285.15 Y714.85 E2623.47449
G1 X296.662 Y714.85 E49.70028
;WIPE_START
G1 F600
G1 X289.662 Y714.85 E-10
;WIPE_END
G1 Z60.5 F15000
G1 X296.662 Y285.15 Z60.5
G1 Z59.5
G1 E17 F9000
G1 F2779.614
G1 X285.15 Y285.15 E49.70059
G1 X714.85 Y714.85 E2623.47492
G1 X703.338 Y714.85 E49.70059
;WIPE_START
G1 F600
G1 X710.338 Y714.85 E-10
;WIPE_END
G1 Z60.5 F15000
G1 X599.257 Y285.15 Z60.5
G1 Z59.5
G1 E17 F9000
G1 F2779.614
G1 X610.769 Y285.15 E49.70059
G1 X714.85 Y389.231 E635.45139
G1 X714.85 Y400.743 E49.70059
;WIPE_START
G1 F600
G1 X714.85 Y393.743 E-10
;WIPE_END
G1 Z60.5 F15000
G1 X563.553 Y285.15 Z60.5
G1 Z59.5
G1 E17 F9000
G1 F2779.614
G1 X552.041 Y285.15 E49.70059
G1 X285.15 Y552.04 E1629.46316
G1 X285.15 Y563.553 E49.70059
;WIPE_START
G1 F600
G1 X285.15 Y556.553 E-10
;WIPE_END
G1 Z60.5 F15000
G1 X400.743 Y285.15 Z60.5
G1 Z59.5
M73 P19 R616
G1 E17 F9000
G1 F2779.614
G1 X389.231 Y285.15 E49.70059
G1 X285.15 Y389.231 E635.45138
G1 X285.15 Y400.743 E49.70059
; stop printing object Cube id:0 copy 0
;LAYER_CHANGE
;Z:61
;HEIGHT:1.5
;BEFORE_LAYER_CHANGE
;61
G92 E0

EXCLUDE_OBJECT_END NAME=Cube_id_0_copy_0
;AFTER_LAYER_CHANGE
;61
;_SET_FAN_SPEED_CHANGING_LAYER
; printing object Cube id:0 copy 0
;WIPE_START
G1 F600
G1 X285.15 Y393.743 E-10
;WIPE_END
EXCLUDE_OBJECT_START NAME=Cube_id_0_copy_0
G1 Z62 F15000
G1 X282.703 Y282.703 Z62
G1 Z61
G1 E17 F9000
;TYPE:Outer wall
;WIDTH:3.2
G1 F2779.615
G1 X717.297 Y282.703 E1876.19945
G1 X717.297 Y717.297 E1876.19945
G1 X282.703 Y717.297 E1876.19945
G1 X282.703 Y283.003 E1874.90431
;WIPE_START
G1 F600
G1 X289.703 Y282.999 E-10
;WIPE_END
G1 Z62 F15000
G1 X285.15 Y400.743 Z62
G1 Z61
G1 E17 F9000
;TYPE:Sparse infill
;WIDTH:3.2
G1 F2779.614
G1 X285.15 Y389.231 E49.70059
G1 X389.231 Y285.15 E635.45138
G1 X400.743 Y285.15 E49.70059
;WIPE_START
G1 F600
G1 X393.743 Y285.15 E-10
;WIPE_END
G1 Z62 F15000
G1 X285.15 Y563.553 Z62
G1 Z61
G1 E17 F9000
G1 F2779.614
G1 X285.15 Y552.04 E49.70059
G1 X552.041 Y285.15 E1629.46316
G1 X563.553 Y285.15 E49.70059
M73 P19 R615
;WIPE_START
G1 F600
G1 X556.553 Y285.15 E-10
;WIPE_END
G1 Z62 F15000
G1 X714.85 Y400.743 Z62
G1 Z61
G1 E17 F9000
G1 F2779.614
G1 X714.85 Y389.231 E49.70059
G1 X610.769 Y285.15 E635.45139
G1 X599.257 Y285.15 E49.70059
;WIPE_START
G1 F600
G1 X606.257 Y285.15 E-10
;WIPE_END
G1 Z62 F15000
G1 X714.85 Y563.553 Z62
G1 Z61
G1 E17 F9000
G1 F2779.614
G1 X714.85 Y552.04 E49.70059
G1 X447.96 Y285.15 E1629.46316
G1 X436.447 Y285.15 E49.70059
;WIPE_START
G1 F600
G1 X443.447 Y285.15 E-10
;WIPE_END
G1 Z62 F15000
G1 X436.447 Y714.85 Z62
G1 Z61
G1 E17 F9000
G1 F2779.614
G1 X447.959 Y714.85 E49.70059
G1 X714.85 Y447.96 E1629.46317
G1 X714.85 Y436.447 E49.70059
;WIPE_START
G1 F600
G1 X714.85 Y443.447 E-10
;WIPE_END
G1 Z62 F15000
G1 X703.338 Y714.85 Z62
G1 Z61
G1 E17 F9000
G1 F2779.614
G1 X714.85 Y714.85 E49.70059
G1 X285.15 Y285.15 E2623.47492
G1 X296.662 Y285.15 E49.70059
;WIPE_START
G1 F600
G1 X289.662 Y285.15 E-10
;WIPE_END
G1 Z62 F15000
G1 X296.662 Y714.85 Z62
G1 Z61
G1 E17 F9000
G1 F2779.614
G1 X285.15 Y714.85 E49.70028
G1 X714.85 Y285.15 E2623.47449
G1 X703.338 Y285.15 E49.70028
M73 P19 R614
;WIPE_START
G1 F600
G1 X710.338 Y285.15 E-10
;WIPE_END
G1 Z62 F15000
G1 X599.257 Y714.85 Z62
G1 Z61
G1 E17 F9000
G1 F2779.614
G1 X610.769 Y714.85 E49.70059
G1 X714.85 Y610.769 E635.45139
G1 X714.85 Y599.257 E49.70059
M73 P20 R614
;WIPE_START
G1 F600
G1 X714.85 Y606.257 E-10
;WIPE_END
G1 Z62 F15000
G1 X563.553 Y714.85 Z62
G1 Z61
G1 E17 F9000
G1 F2779.614
G1 X552.04 Y714.85 E49.70059
G1 X285.15 Y447.96 E1629.46316
G1 X285.15 Y436.447 E49.70059
;WIPE_START
G1 F600
G1 X285.15 Y443.447 E-10
;WIPE_END
G1 Z62 F15000
G1 X400.743 Y714.85 Z62
G1 Z61
G1 E17 F9000
G1 F2779.614
G1 X389.231 Y714.85 E49.70059
G1 X285.15 Y610.769 E635.45139
G1 X285.15 Y599.257 E49.70059
; stop printing object Cube id:0 copy 0
;LAYER_CHANGE
;Z:62.5
;HEIGHT:1.5
;BEFORE_LAYER_CHANGE
;62.5
G92 E0

EXCLUDE_OBJECT_END NAME=Cube_id_0_copy_0
;AFTER_LAYER_CHANGE
;62.5
;_SET_FAN_SPEED_CHANGING_LAYER
; printing object Cube id:0 copy 0
;WIPE_START
G1 F600
G1 X285.15 Y606.257 E-10
;WIPE_END
EXCLUDE_OBJECT_START NAME=Cube_id_0_copy_0
G1 Z63.5 F15000
G1 X282.703 Y717.297 Z63.5
G1 Z62.5
G1 E17 F9000
;TYPE:Outer wall
;WIDTH:3.2
G1 F2779.615
G1 X282.703 Y282.703 E1876.19945
G1 X717.297 Y282.703 E1876.19945
G1 X717.297 Y717.297 E1876.19945
G1 X283.003 Y717.297 E1874.90431
M73 P20 R613
;WIPE_START
G1 F600
G1 X282.999 Y710.297 E-10
;WIPE_END
G1 Z63.5 F15000
G1 X285.15 Y599.257 Z63.5
G1 Z62.5
G1 E17 F9000
;TYPE:Sparse infill
;WIDTH:3.2
G1 F2779.614
G1 X285.15 Y610.769 E49.70059
G1 X389.231 Y714.85 E635.45139
G1 X400.743 Y714.85 E49.70059
;WIPE_START
G1 F600
G1 X393.743 Y714.85 E-10
;WIPE_END
G1 Z63.5 F15000
G1 X285.15 Y436.447 Z63.5
G1 Z62.5
G1 E17 F9000
G1 F2779.614
G1 X285.15 Y447.96 E49.70059
G1 X552.04 Y714.85 E1629.46316
G1 X563.553 Y714.85 E49.70059
;WIPE_START
G1 F600
G1 X556.553 Y714.85 E-10
;WIPE_END
G1 Z63.5 F15000
G1 X714.85 Y599.257 Z63.5
G1 Z62.5
G1 E17 F9000
G1 F2779.614
G1 X714.85 Y610.769 E49.70059
G1 X610.769 Y714.85 E635.45139
G1 X599.257 Y714.85 E49.70059
;WIPE_START
G1 F600
G1 X606.257 Y714.85 E-10
;WIPE_END
G1 Z63.5 F15000
G1 X714.85 Y436.447 Z63.5
G1 Z62.5
G1 E17 F9000
G1 F2779.614
G1 X714.85 Y447.96 E49.70059
G1 X447.959 Y714.85 E1629.46317
G1 X436.447 Y714.85 E49.70059
;WIPE_START
G1 F600
G1 X443.447 Y714.85 E-10
;WIPE_END
G1 Z63.5 F15000
G1 X436.447 Y285.15 Z63.5
G1 Z62.5
G1 E17 F9000
G1 F2779.614
G1 X447.96 Y285.15 E49.70059
G1 X714.85 Y552.04 E1629.46316
G1 X714.85 Y563.553 E49.70059
;WIPE_START
G1 F600
M73 P20 R612
G1 X714.85 Y556.553 E-10
;WIPE_END
G1 Z63.5 F15000
G1 X703.338 Y285.15 Z63.5
G1 Z62.5
G1 E17 F9000
G1 F2779.614
G1 X714.85 Y285.15 E49.70028
G1 X285.15 Y714.85 E2623.47449
G1 X296.662 Y714.85 E49.70028
;WIPE_START
G1 F600
G1 X289.662 Y714.85 E-10
;WIPE_END
G1 Z63.5 F15000
G1 X296.662 Y285.15 Z63.5
G1 Z62.5
G1 E17 F9000
G1 F2779.614
G1 X285.15 Y285.15 E49.70059
G1 X714.85 Y714.85 E2623.47492
G1 X703.338 Y714.85 E49.70059
;WIPE_START
G1 F600
G1 X710.338 Y714.85 E-10
;WIPE_END
G1 Z63.5 F15000
G1 X599.257 Y285.15 Z63.5
G1 Z62.5
G1 E17 F9000
G1 F2779.614
G1 X610.769 Y285.15 E49.70059
G1 X714.85 Y389.231 E635.45139
G1 X714.85 Y400.743 E49.70059
;WIPE_START
G1 F600
G1 X714.85 Y393.743 E-10
;WIPE_END
G1 Z63.5 F15000
G1 X563.553 Y285.15 Z63.5
G1 Z62.5
G1 E17 F9000
G1 F2779.614
G1 X552.041 Y285.15 E49.70059
G1 X285.15 Y552.04 E1629.46316
G1 X285.15 Y563.553 E49.70059
;WIPE_START
G1 F600
G1 X285.15 Y556.553 E-10
;WIPE_END
G1 Z63.5 F15000
G1 X400.743 Y285.15 Z63.5
G1 Z62.5
G1 E17 F9000
G1 F2779.614
G1 X389.231 Y285.15 E49.70059
G1 X285.15 Y389.231 E635.45138
G1 X285.15 Y400.743 E49.70059
; stop printing object Cube id:0 copy 0
;LAYER_CHANGE
;Z:64
;HEIGHT:1.5
;BEFORE_LAYER_CHANGE
;64
G92 E0

EXCLUDE_OBJECT_END NAME=Cube_id_0_copy_0
;AFTER_LAYER_CHANGE
;64
;_SET_FAN_SPEED_CHANGING_LAYER
; printing object Cube id:0 copy 0
;WIPE_START
G1 F600
G1 X285.15 Y393.743 E-10
;WIPE_END
EXCLUDE_OBJECT_START NAME=Cube_id_0_copy_0
G1 Z65 F15000
G1 X282.703 Y282.703 Z65
M73 P20 R611
G1 Z64
G1 E17 F9000
;TYPE:Outer wall
;WIDTH:3.2
G1 F2779.615
G1 X717.297 Y282.703 E1876.19945
G1 X717.297 Y717.297 E1876.19945
G1 X282.703 Y717.297 E1876.19945
G1 X282.703 Y283.003 E1874.90431
;WIPE_START
G1 F600
G1 X289.703 Y282.999 E-10
;WIPE_END
G1 Z65 F15000
G1 X285.15 Y400.743 Z65
G1 Z64
G1 E17 F9000
;TYPE:Sparse infill
;WIDTH:3.2
G1 F2779.614
G1 X285.15 Y389.231 E49.70059
G1 X389.231 Y285.15 E635.45138
G1 X400.743 Y285.15 E49.70059
;WIPE_START
G1 F600
G1 X393.743 Y285.15 E-10
;WIPE_END
G1 Z65 F15000
G1 X285.15 Y563.553 Z65
G1 Z64
G1 E17 F9000
G1 F2779.614
G1 X285.15 Y552.04 E49.70059
G1 X552.041 Y285.15 E1629.46316
G1 X563.553 Y285.15 E49.70059
;WIPE_START
G1 F600
G1 X556.553 Y285.15 E-10
;WIPE_END
G1 Z65 F15000
G1 X714.85 Y400.743 Z65
G1 Z64
G1 E17 F9000
G1 F2779.614
G1 X714.85 Y389.231 E49.70059
G1 X610.769 Y285.15 E635.45139
G1 X599.257 Y285.15 E49.70059
M73 P20 R610
;WIPE_START
G1 F600
G1 X606.257 Y285.15 E-10
;WIPE_END
G1 Z65 F15000
G1 X714.85 Y563.553 Z65
G1 Z64
G1 E17 F9000
G1 F2779.614
G1 X714.85 Y552.04 E49.70059
G1 X447.96 Y285.15 E1629.46316
G1 X436.447 Y285.15 E49.70059
;WIPE_START
G1 F600
G1 X443.447 Y285.15 E-10
;WIPE_END
G1 Z65 F15000
G1 X436.447 Y714.85 Z65
G1 Z64
G1 E17 F9000
G1 F2779.614
G1 X447.959 Y714.85 E49.70059
G1 X714.85 Y447.96 E1629.46317
G1 X714.85 Y436.447 E49.70059
;WIPE_START
G1 F600
G1 X714.85 Y443.447 E-10
;WIPE_END
G1 Z65 F15000
G1 X703.338 Y714.85 Z65
G1 Z64
G1 E17 F9000
G1 F2779.614
G1 X714.85 Y714.85 E49.70059
G1 X285.15 Y285.15 E2623.47492
G1 X296.662 Y285.15 E49.70059
;WIPE_START
G1 F600
G1 X289.662 Y285.15 E-10
;WIPE_END
G1 Z65 F15000
G1 X296.662 Y714.85 Z65
G1 Z64
G1 E17 F9000
G1 F2779.614
G1 X285.15 Y714.85 E49.70028
G1 X714.85 Y285.15 E2623.47449
G1 X703.338 Y285.15 E49.70028
M73 P20 R609
;WIPE_START
G1 F600
G1 X710.338 Y285.15 E-10
;WIPE_END
G1 Z65 F15000
G1 X599.257 Y714.85 Z65
G1 Z64
G1 E17 F9000
G1 F2779.614
G1 X610.769 Y714.85 E49.70059
G1 X714.85 Y610.769 E635.45139
G1 X714.85 Y599.257 E49.70059
;WIPE_START
G1 F600
G1 X714.85 Y606.257 E-10
;WIPE_END
G1 Z65 F15000
G1 X563.553 Y714.85 Z65
G1 Z64
G1 E17 F9000
G1 F2779.614
G1 X552.04 Y714.85 E49.70059
G1 X285.15 Y447.96 E1629.46316
G1 X285.15 Y436.447 E49.70059
;WIPE_START
G1 F600
G1 X285.15 Y443.447 E-10
;WIPE_END
G1 Z65 F15000
G1 X400.743 Y714.85 Z65
G1 Z64
G1 E17 F9000
G1 F2779.614
G1 X389.231 Y714.85 E49.70059
G1 X285.15 Y610.769 E635.45139
G1 X285.15 Y599.257 E49.70059
; stop printing object Cube id:0 copy 0
;LAYER_CHANGE
;Z:65.5
;HEIGHT:1.5
;BEFORE_LAYER_CHANGE
;65.5
G92 E0

EXCLUDE_OBJECT_END NAME=Cube_id_0_copy_0
;AFTER_LAYER_CHANGE
;65.5
;_SET_FAN_SPEED_CHANGING_LAYER
; printing object Cube id:0 copy 0
;WIPE_START
G1 F600
G1 X285.15 Y606.257 E-10
;WIPE_END
EXCLUDE_OBJECT_START NAME=Cube_id_0_copy_0
G1 Z66.5 F15000
G1 X282.703 Y717.297 Z66.5
G1 Z65.5
G1 E17 F9000
;TYPE:Outer wall
;WIDTH:3.2
G1 F2779.615
G1 X282.703 Y282.703 E1876.19945
G1 X717.297 Y282.703 E1876.19945
G1 X717.297 Y717.297 E1876.19945
G1 X283.003 Y717.297 E1874.90431
;WIPE_START
G1 F600
M73 P20 R608
G1 X282.999 Y710.297 E-10
;WIPE_END
G1 Z66.5 F15000
G1 X285.15 Y599.257 Z66.5
G1 Z65.5
G1 E17 F9000
;TYPE:Sparse infill
;WIDTH:3.2
G1 F2779.614
G1 X285.15 Y610.769 E49.70059
G1 X389.231 Y714.85 E635.45139
G1 X400.743 Y714.85 E49.70059
;WIPE_START
G1 F600
G1 X393.743 Y714.85 E-10
;WIPE_END
G1 Z66.5 F15000
G1 X285.15 Y436.447 Z66.5
G1 Z65.5
G1 E17 F9000
G1 F2779.614
G1 X285.15 Y447.96 E49.70059
G1 X552.04 Y714.85 E1629.46316
G1 X563.553 Y714.85 E49.70059
;WIPE_START
G1 F600
G1 X556.553 Y714.85 E-10
;WIPE_END
G1 Z66.5 F15000
G1 X714.85 Y599.257 Z66.5
G1 Z65.5
G1 E17 F9000
G1 F2779.614
G1 X714.85 Y610.769 E49.70059
G1 X610.769 Y714.85 E635.45139
G1 X599.257 Y714.85 E49.70059
;WIPE_START
G1 F600
G1 X606.257 Y714.85 E-10
;WIPE_END
G1 Z66.5 F15000
G1 X714.85 Y436.447 Z66.5
G1 Z65.5
G1 E17 F9000
G1 F2779.614
G1 X714.85 Y447.96 E49.70059
G1 X447.959 Y714.85 E1629.46317
G1 X436.447 Y714.85 E49.70059
;WIPE_START
G1 F600
G1 X443.447 Y714.85 E-10
;WIPE_END
G1 Z66.5 F15000
G1 X436.447 Y285.15 Z66.5
G1 Z65.5
G1 E17 F9000
G1 F2779.614
G1 X447.96 Y285.15 E49.70059
G1 X714.85 Y552.04 E1629.46316
G1 X714.85 Y563.553 E49.70059
;WIPE_START
G1 F600
G1 X714.85 Y556.553 E-10
;WIPE_END
G1 Z66.5 F15000
G1 X703.338 Y285.15 Z66.5
G1 Z65.5
G1 E17 F9000
G1 F2779.614
G1 X714.85 Y285.15 E49.70028
G1 X285.15 Y714.85 E2623.47449
G1 X296.662 Y714.85 E49.70028
M73 P20 R607
;WIPE_START
G1 F600
G1 X289.662 Y714.85 E-10
;WIPE_END
G1 Z66.5 F15000
G1 X296.662 Y285.15 Z66.5
G1 Z65.5
G1 E17 F9000
G1 F2779.614
G1 X285.15 Y285.15 E49.70059
G1 X714.85 Y714.85 E2623.47492
G1 X703.338 Y714.85 E49.70059
;WIPE_START
G1 F600
G1 X710.338 Y714.85 E-10
;WIPE_END
G1 Z66.5 F15000
G1 X599.257 Y285.15 Z66.5
G1 Z65.5
G1 E17 F9000
G1 F2779.614
G1 X610.769 Y285.15 E49.70059
G1 X714.85 Y389.231 E635.45139
G1 X714.85 Y400.743 E49.70059
;WIPE_START
G1 F600
G1 X714.85 Y393.743 E-10
;WIPE_END
G1 Z66.5 F15000
G1 X563.553 Y285.15 Z66.5
G1 Z65.5
G1 E17 F9000
G1 F2779.614
G1 X552.041 Y285.15 E49.70059
G1 X285.15 Y552.04 E1629.46316
G1 X285.15 Y563.553 E49.70059
;WIPE_START
G1 F600
G1 X285.15 Y556.553 E-10
;WIPE_END
G1 Z66.5 F15000
G1 X400.743 Y285.15 Z66.5
G1 Z65.5
G1 E17 F9000
G1 F2779.614
G1 X389.231 Y285.15 E49.70059
G1 X285.15 Y389.231 E635.45138
G1 X285.15 Y400.743 E49.70059
; stop printing object Cube id:0 copy 0
;LAYER_CHANGE
;Z:67
;HEIGHT:1.5
;BEFORE_LAYER_CHANGE
;67
G92 E0

EXCLUDE_OBJECT_END NAME=Cube_id_0_copy_0
;AFTER_LAYER_CHANGE
;67
;_SET_FAN_SPEED_CHANGING_LAYER
; printing object Cube id:0 copy 0
;WIPE_START
G1 F600
G1 X285.15 Y393.743 E-10
;WIPE_END
EXCLUDE_OBJECT_START NAME=Cube_id_0_copy_0
G1 Z68 F15000
G1 X282.703 Y282.703 Z68
M73 P21 R607
G1 Z67
G1 E17 F9000
;TYPE:Outer wall
;WIDTH:3.2
G1 F2779.615
G1 X717.297 Y282.703 E1876.19945
G1 X717.297 Y717.297 E1876.19945
M73 P21 R606
G1 X282.703 Y717.297 E1876.19945
G1 X282.703 Y283.003 E1874.90431
;WIPE_START
G1 F600
G1 X289.703 Y282.999 E-10
;WIPE_END
G1 Z68 F15000
G1 X285.15 Y400.743 Z68
G1 Z67
G1 E17 F9000
;TYPE:Sparse infill
;WIDTH:3.2
G1 F2779.614
G1 X285.15 Y389.231 E49.70059
G1 X389.231 Y285.15 E635.45138
G1 X400.743 Y285.15 E49.70059
;WIPE_START
G1 F600
G1 X393.743 Y285.15 E-10
;WIPE_END
G1 Z68 F15000
G1 X285.15 Y563.553 Z68
G1 Z67
G1 E17 F9000
G1 F2779.614
G1 X285.15 Y552.04 E49.70059
G1 X552.041 Y285.15 E1629.46316
G1 X563.553 Y285.15 E49.70059
;WIPE_START
G1 F600
G1 X556.553 Y285.15 E-10
;WIPE_END
G1 Z68 F15000
G1 X714.85 Y400.743 Z68
G1 Z67
G1 E17 F9000
G1 F2779.614
G1 X714.85 Y389.231 E49.70059
G1 X610.769 Y285.15 E635.45139
G1 X599.257 Y285.15 E49.70059
;WIPE_START
G1 F600
G1 X606.257 Y285.15 E-10
;WIPE_END
G1 Z68 F15000
G1 X714.85 Y563.553 Z68
G1 Z67
G1 E17 F9000
G1 F2779.614
G1 X714.85 Y552.04 E49.70059
G1 X447.96 Y285.15 E1629.46316
G1 X436.447 Y285.15 E49.70059
M73 P21 R605
;WIPE_START
G1 F600
G1 X443.447 Y285.15 E-10
;WIPE_END
G1 Z68 F15000
G1 X436.447 Y714.85 Z68
G1 Z67
G1 E17 F9000
G1 F2779.614
G1 X447.959 Y714.85 E49.70059
G1 X714.85 Y447.96 E1629.46317
G1 X714.85 Y436.447 E49.70059
;WIPE_START
G1 F600
G1 X714.85 Y443.447 E-10
;WIPE_END
G1 Z68 F15000
G1 X703.338 Y714.85 Z68
G1 Z67
G1 E17 F9000
G1 F2779.614
G1 X714.85 Y714.85 E49.70059
G1 X285.15 Y285.15 E2623.47492
G1 X296.662 Y285.15 E49.70059
;WIPE_START
G1 F600
G1 X289.662 Y285.15 E-10
;WIPE_END
G1 Z68 F15000
G1 X296.662 Y714.85 Z68
G1 Z67
G1 E17 F9000
G1 F2779.614
G1 X285.15 Y714.85 E49.70028
G1 X714.85 Y285.15 E2623.47449
G1 X703.338 Y285.15 E49.70028
;WIPE_START
G1 F600
G1 X710.338 Y285.15 E-10
;WIPE_END
G1 Z68 F15000
G1 X599.257 Y714.85 Z68
G1 Z67
G1 E17 F9000
G1 F2779.614
G1 X610.769 Y714.85 E49.70059
G1 X714.85 Y610.769 E635.45139
G1 X714.85 Y599.257 E49.70059
M73 P21 R604
;WIPE_START
G1 F600
G1 X714.85 Y606.257 E-10
;WIPE_END
G1 Z68 F15000
G1 X563.553 Y714.85 Z68
G1 Z67
G1 E17 F9000
G1 F2779.614
G1 X552.04 Y714.85 E49.70059
G1 X285.15 Y447.96 E1629.46316
G1 X285.15 Y436.447 E49.70059
;WIPE_START
G1 F600
G1 X285.15 Y443.447 E-10
;WIPE_END
G1 Z68 F15000
G1 X400.743 Y714.85 Z68
G1 Z67
G1 E17 F9000
G1 F2779.614
G1 X389.231 Y714.85 E49.70059
G1 X285.15 Y610.769 E635.45139
G1 X285.15 Y599.257 E49.70059
; stop printing object Cube id:0 copy 0
;LAYER_CHANGE
;Z:68.5
;HEIGHT:1.5
;BEFORE_LAYER_CHANGE
;68.5
G92 E0

EXCLUDE_OBJECT_END NAME=Cube_id_0_copy_0
;AFTER_LAYER_CHANGE
;68.5
;_SET_FAN_SPEED_CHANGING_LAYER
; printing object Cube id:0 copy 0
;WIPE_START
G1 F600
G1 X285.15 Y606.257 E-10
;WIPE_END
EXCLUDE_OBJECT_START NAME=Cube_id_0_copy_0
G1 Z69.5 F15000
G1 X282.703 Y717.297 Z69.5
G1 Z68.5
G1 E17 F9000
;TYPE:Outer wall
;WIDTH:3.2
G1 F2779.615
G1 X282.703 Y282.703 E1876.19945
G1 X717.297 Y282.703 E1876.19945
G1 X717.297 Y717.297 E1876.19945
G1 X283.003 Y717.297 E1874.90431
;WIPE_START
G1 F600
G1 X282.999 Y710.297 E-10
;WIPE_END
G1 Z69.5 F15000
M73 P21 R603
G1 X285.15 Y599.257 Z69.5
G1 Z68.5
G1 E17 F9000
;TYPE:Sparse infill
;WIDTH:3.2
G1 F2779.614
G1 X285.15 Y610.769 E49.70059
G1 X389.231 Y714.85 E635.45139
G1 X400.743 Y714.85 E49.70059
;WIPE_START
G1 F600
G1 X393.743 Y714.85 E-10
;WIPE_END
G1 Z69.5 F15000
G1 X285.15 Y436.447 Z69.5
G1 Z68.5
G1 E17 F9000
G1 F2779.614
G1 X285.15 Y447.96 E49.70059
G1 X552.04 Y714.85 E1629.46316
G1 X563.553 Y714.85 E49.70059
;WIPE_START
G1 F600
G1 X556.553 Y714.85 E-10
;WIPE_END
G1 Z69.5 F15000
G1 X714.85 Y599.257 Z69.5
G1 Z68.5
G1 E17 F9000
G1 F2779.614
G1 X714.85 Y610.769 E49.70059
G1 X610.769 Y714.85 E635.45139
G1 X599.257 Y714.85 E49.70059
;WIPE_START
G1 F600
G1 X606.257 Y714.85 E-10
;WIPE_END
G1 Z69.5 F15000
G1 X714.85 Y436.447 Z69.5
G1 Z68.5
G1 E17 F9000
G1 F2779.614
G1 X714.85 Y447.96 E49.70059
G1 X447.959 Y714.85 E1629.46317
G1 X436.447 Y714.85 E49.70059
;WIPE_START
G1 F600
G1 X443.447 Y714.85 E-10
;WIPE_END
G1 Z69.5 F15000
G1 X436.447 Y285.15 Z69.5
G1 Z68.5
G1 E17 F9000
G1 F2779.614
G1 X447.96 Y285.15 E49.70059
G1 X714.85 Y552.04 E1629.46316
G1 X714.85 Y563.553 E49.70059
;WIPE_START
G1 F600
G1 X714.85 Y556.553 E-10
;WIPE_END
G1 Z69.5 F15000
G1 X703.338 Y285.15 Z69.5
G1 Z68.5
G1 E17 F9000
G1 F2779.614
G1 X714.85 Y285.15 E49.70028
G1 X285.15 Y714.85 E2623.47449
G1 X296.662 Y714.85 E49.70028
M73 P21 R602
;WIPE_START
G1 F600
G1 X289.662 Y714.85 E-10
;WIPE_END
G1 Z69.5 F15000
G1 X296.662 Y285.15 Z69.5
G1 Z68.5
G1 E17 F9000
G1 F2779.614
G1 X285.15 Y285.15 E49.70059
G1 X714.85 Y714.85 E2623.47492
G1 X703.338 Y714.85 E49.70059
;WIPE_START
G1 F600
G1 X710.338 Y714.85 E-10
;WIPE_END
G1 Z69.5 F15000
G1 X599.257 Y285.15 Z69.5
G1 Z68.5
G1 E17 F9000
G1 F2779.614
G1 X610.769 Y285.15 E49.70059
G1 X714.85 Y389.231 E635.45139
G1 X714.85 Y400.743 E49.70059
;WIPE_START
G1 F600
G1 X714.85 Y393.743 E-10
;WIPE_END
G1 Z69.5 F15000
G1 X563.553 Y285.15 Z69.5
G1 Z68.5
G1 E17 F9000
G1 F2779.614
G1 X552.041 Y285.15 E49.70059
G1 X285.15 Y552.04 E1629.46316
G1 X285.15 Y563.553 E49.70059
;WIPE_START
G1 F600
G1 X285.15 Y556.553 E-10
;WIPE_END
G1 Z69.5 F15000
G1 X400.743 Y285.15 Z69.5
G1 Z68.5
G1 E17 F9000
G1 F2779.614
G1 X389.231 Y285.15 E49.70059
G1 X285.15 Y389.231 E635.45138
G1 X285.15 Y400.743 E49.70059
; stop printing object Cube id:0 copy 0
;LAYER_CHANGE
;Z:70
;HEIGHT:1.5
;BEFORE_LAYER_CHANGE
;70
G92 E0

EXCLUDE_OBJECT_END NAME=Cube_id_0_copy_0
;AFTER_LAYER_CHANGE
;70
;_SET_FAN_SPEED_CHANGING_LAYER
; printing object Cube id:0 copy 0
;WIPE_START
G1 F600
G1 X285.15 Y393.743 E-10
;WIPE_END
EXCLUDE_OBJECT_START NAME=Cube_id_0_copy_0
G1 Z71 F15000
G1 X282.703 Y282.703 Z71
G1 Z70
G1 E17 F9000
;TYPE:Outer wall
;WIDTH:3.2
G1 F2779.615
G1 X717.297 Y282.703 E1876.19945
G1 X717.297 Y717.297 E1876.19945
G1 X282.703 Y717.297 E1876.19945
M73 P21 R601
G1 X282.703 Y283.003 E1874.90431
;WIPE_START
G1 F600
G1 X289.703 Y282.999 E-10
;WIPE_END
G1 Z71 F15000
G1 X285.15 Y400.743 Z71
G1 Z70
G1 E17 F9000
;TYPE:Sparse infill
;WIDTH:3.2
G1 F2779.614
G1 X285.15 Y389.231 E49.70059
G1 X389.231 Y285.15 E635.45138
G1 X400.743 Y285.15 E49.70059
;WIPE_START
G1 F600
G1 X393.743 Y285.15 E-10
;WIPE_END
G1 Z71 F15000
G1 X285.15 Y563.553 Z71
G1 Z70
G1 E17 F9000
G1 F2779.614
G1 X285.15 Y552.04 E49.70059
G1 X552.041 Y285.15 E1629.46316
G1 X563.553 Y285.15 E49.70059
;WIPE_START
G1 F600
G1 X556.553 Y285.15 E-10
;WIPE_END
G1 Z71 F15000
G1 X714.85 Y400.743 Z71
G1 Z70
G1 E17 F9000
G1 F2779.614
G1 X714.85 Y389.231 E49.70059
G1 X610.769 Y285.15 E635.45139
G1 X599.257 Y285.15 E49.70059
;WIPE_START
G1 F600
G1 X606.257 Y285.15 E-10
;WIPE_END
G1 Z71 F15000
G1 X714.85 Y563.553 Z71
G1 Z70
G1 E17 F9000
G1 F2779.614
G1 X714.85 Y552.04 E49.70059
G1 X447.96 Y285.15 E1629.46316
G1 X436.447 Y285.15 E49.70059
M73 P21 R600
;WIPE_START
G1 F600
G1 X443.447 Y285.15 E-10
;WIPE_END
G1 Z71 F15000
G1 X436.447 Y714.85 Z71
G1 Z70
G1 E17 F9000
G1 F2779.614
G1 X447.959 Y714.85 E49.70059
G1 X714.85 Y447.96 E1629.46317
G1 X714.85 Y436.447 E49.70059
;WIPE_START
G1 F600
G1 X714.85 Y443.447 E-10
;WIPE_END
G1 Z71 F15000
G1 X703.338 Y714.85 Z71
G1 Z70
G1 E17 F9000
G1 F2779.614
G1 X714.85 Y714.85 E49.70059
G1 X285.15 Y285.15 E2623.47492
G1 X296.662 Y285.15 E49.70059
;WIPE_START
G1 F600
G1 X289.662 Y285.15 E-10
;WIPE_END
G1 Z71 F15000
G1 X296.662 Y714.85 Z71
G1 Z70
G1 E17 F9000
G1 F2779.614
G1 X285.15 Y714.85 E49.70028
G1 X714.85 Y285.15 E2623.47449
G1 X703.338 Y285.15 E49.70028
;WIPE_START
G1 F600
G1 X710.338 Y285.15 E-10
;WIPE_END
G1 Z71 F15000
G1 X599.257 Y714.85 Z71
G1 Z70
G1 E17 F9000
G1 F2779.614
G1 X610.769 Y714.85 E49.70059
G1 X714.85 Y610.769 E635.45139
G1 X714.85 Y599.257 E49.70059
;WIPE_START
G1 F600
G1 X714.85 Y606.257 E-10
;WIPE_END
G1 Z71 F15000
G1 X563.553 Y714.85 Z71
G1 Z70
G1 E17 F9000
G1 F2779.614
G1 X552.04 Y714.85 E49.70059
G1 X285.15 Y447.96 E1629.46316
G1 X285.15 Y436.447 E49.70059
M73 P21 R599
;WIPE_START
G1 F600
G1 X285.15 Y443.447 E-10
;WIPE_END
G1 Z71 F15000
G1 X400.743 Y714.85 Z71
G1 Z70
G1 E17 F9000
G1 F2779.614
G1 X389.231 Y714.85 E49.70059
G1 X285.15 Y610.769 E635.45139
G1 X285.15 Y599.257 E49.70059
; stop printing object Cube id:0 copy 0
;LAYER_CHANGE
;Z:71.5
;HEIGHT:1.5
;BEFORE_LAYER_CHANGE
;71.5
G92 E0

EXCLUDE_OBJECT_END NAME=Cube_id_0_copy_0
;AFTER_LAYER_CHANGE
;71.5
;_SET_FAN_SPEED_CHANGING_LAYER
; printing object Cube id:0 copy 0
;WIPE_START
G1 F600
G1 X285.15 Y606.257 E-10
;WIPE_END
EXCLUDE_OBJECT_START NAME=Cube_id_0_copy_0
G1 Z72.5 F15000
G1 X282.703 Y717.297 Z72.5
G1 Z71.5
G1 E17 F9000
;TYPE:Outer wall
;WIDTH:3.2
G1 F2779.615
G1 X282.703 Y282.703 E1876.19945
G1 X717.297 Y282.703 E1876.19945
G1 X717.297 Y717.297 E1876.19945
G1 X283.003 Y717.297 E1874.90431
M73 P22 R599
;WIPE_START
G1 F600
G1 X282.999 Y710.297 E-10
;WIPE_END
G1 Z72.5 F15000
G1 X285.15 Y599.257 Z72.5
G1 Z71.5
G1 E17 F9000
;TYPE:Sparse infill
;WIDTH:3.2
G1 F2779.614
G1 X285.15 Y610.769 E49.70059
G1 X389.231 Y714.85 E635.45139
G1 X400.743 Y714.85 E49.70059
;WIPE_START
G1 F600
G1 X393.743 Y714.85 E-10
;WIPE_END
G1 Z72.5 F15000
M73 P22 R598
G1 X285.15 Y436.447 Z72.5
G1 Z71.5
G1 E17 F9000
G1 F2779.614
G1 X285.15 Y447.96 E49.70059
G1 X552.04 Y714.85 E1629.46316
G1 X563.553 Y714.85 E49.70059
;WIPE_START
G1 F600
G1 X556.553 Y714.85 E-10
;WIPE_END
G1 Z72.5 F15000
G1 X714.85 Y599.257 Z72.5
G1 Z71.5
G1 E17 F9000
G1 F2779.614
G1 X714.85 Y610.769 E49.70059
G1 X610.769 Y714.85 E635.45139
G1 X599.257 Y714.85 E49.70059
;WIPE_START
G1 F600
G1 X606.257 Y714.85 E-10
;WIPE_END
G1 Z72.5 F15000
G1 X714.85 Y436.447 Z72.5
G1 Z71.5
G1 E17 F9000
G1 F2779.614
G1 X714.85 Y447.96 E49.70059
G1 X447.959 Y714.85 E1629.46317
G1 X436.447 Y714.85 E49.70059
;WIPE_START
G1 F600
G1 X443.447 Y714.85 E-10
;WIPE_END
G1 Z72.5 F15000
G1 X436.447 Y285.15 Z72.5
G1 Z71.5
G1 E17 F9000
G1 F2779.614
G1 X447.96 Y285.15 E49.70059
G1 X714.85 Y552.04 E1629.46316
G1 X714.85 Y563.553 E49.70059
;WIPE_START
G1 F600
G1 X714.85 Y556.553 E-10
;WIPE_END
G1 Z72.5 F15000
G1 X703.338 Y285.15 Z72.5
G1 Z71.5
G1 E17 F9000
G1 F2779.614
G1 X714.85 Y285.15 E49.70028
G1 X285.15 Y714.85 E2623.47449
G1 X296.662 Y714.85 E49.70028
;WIPE_START
G1 F600
G1 X289.662 Y714.85 E-10
;WIPE_END
G1 Z72.5 F15000
G1 X296.662 Y285.15 Z72.5
G1 Z71.5
M73 P22 R597
G1 E17 F9000
G1 F2779.614
G1 X285.15 Y285.15 E49.70059
G1 X714.85 Y714.85 E2623.47492
G1 X703.338 Y714.85 E49.70059
;WIPE_START
G1 F600
G1 X710.338 Y714.85 E-10
;WIPE_END
G1 Z72.5 F15000
G1 X599.257 Y285.15 Z72.5
G1 Z71.5
G1 E17 F9000
G1 F2779.614
G1 X610.769 Y285.15 E49.70059
G1 X714.85 Y389.231 E635.45139
G1 X714.85 Y400.743 E49.70059
;WIPE_START
G1 F600
G1 X714.85 Y393.743 E-10
;WIPE_END
G1 Z72.5 F15000
G1 X563.553 Y285.15 Z72.5
G1 Z71.5
G1 E17 F9000
G1 F2779.614
G1 X552.041 Y285.15 E49.70059
G1 X285.15 Y552.04 E1629.46316
G1 X285.15 Y563.553 E49.70059
;WIPE_START
G1 F600
G1 X285.15 Y556.553 E-10
;WIPE_END
G1 Z72.5 F15000
G1 X400.743 Y285.15 Z72.5
G1 Z71.5
G1 E17 F9000
G1 F2779.614
G1 X389.231 Y285.15 E49.70059
G1 X285.15 Y389.231 E635.45138
G1 X285.15 Y400.743 E49.70059
; stop printing object Cube id:0 copy 0
;LAYER_CHANGE
;Z:73
;HEIGHT:1.5
;BEFORE_LAYER_CHANGE
;73
G92 E0

EXCLUDE_OBJECT_END NAME=Cube_id_0_copy_0
;AFTER_LAYER_CHANGE
;73
;_SET_FAN_SPEED_CHANGING_LAYER
; printing object Cube id:0 copy 0
;WIPE_START
G1 F600
G1 X285.15 Y393.743 E-10
;WIPE_END
EXCLUDE_OBJECT_START NAME=Cube_id_0_copy_0
G1 Z74 F15000
G1 X282.703 Y282.703 Z74
G1 Z73
G1 E17 F9000
;TYPE:Outer wall
;WIDTH:3.2
G1 F2779.615
G1 X717.297 Y282.703 E1876.19945
G1 X717.297 Y717.297 E1876.19945
G1 X282.703 Y717.297 E1876.19945
M73 P22 R596
G1 X282.703 Y283.003 E1874.90431
;WIPE_START
G1 F600
G1 X289.703 Y282.999 E-10
;WIPE_END
G1 Z74 F15000
G1 X285.15 Y400.743 Z74
G1 Z73
G1 E17 F9000
;TYPE:Sparse infill
;WIDTH:3.2
G1 F2779.614
G1 X285.15 Y389.231 E49.70059
G1 X389.231 Y285.15 E635.45138
G1 X400.743 Y285.15 E49.70059
;WIPE_START
G1 F600
G1 X393.743 Y285.15 E-10
;WIPE_END
G1 Z74 F15000
G1 X285.15 Y563.553 Z74
G1 Z73
G1 E17 F9000
G1 F2779.614
G1 X285.15 Y552.04 E49.70059
G1 X552.041 Y285.15 E1629.46316
G1 X563.553 Y285.15 E49.70059
;WIPE_START
G1 F600
G1 X556.553 Y285.15 E-10
;WIPE_END
G1 Z74 F15000
G1 X714.85 Y400.743 Z74
G1 Z73
G1 E17 F9000
G1 F2779.614
G1 X714.85 Y389.231 E49.70059
G1 X610.769 Y285.15 E635.45139
G1 X599.257 Y285.15 E49.70059
;WIPE_START
G1 F600
G1 X606.257 Y285.15 E-10
;WIPE_END
G1 Z74 F15000
G1 X714.85 Y563.553 Z74
G1 Z73
G1 E17 F9000
G1 F2779.614
G1 X714.85 Y552.04 E49.70059
G1 X447.96 Y285.15 E1629.46316
G1 X436.447 Y285.15 E49.70059
;WIPE_START
G1 F600
G1 X443.447 Y285.15 E-10
;WIPE_END
G1 Z74 F15000
G1 X436.447 Y714.85 Z74
G1 Z73
G1 E17 F9000
G1 F2779.614
G1 X447.959 Y714.85 E49.70059
G1 X714.85 Y447.96 E1629.46317
G1 X714.85 Y436.447 E49.70059
M73 P22 R595
;WIPE_START
G1 F600
G1 X714.85 Y443.447 E-10
;WIPE_END
G1 Z74 F15000
G1 X703.338 Y714.85 Z74
G1 Z73
G1 E17 F9000
G1 F2779.614
G1 X714.85 Y714.85 E49.70059
G1 X285.15 Y285.15 E2623.47492
G1 X296.662 Y285.15 E49.70059
;WIPE_START
G1 F600
G1 X289.662 Y285.15 E-10
;WIPE_END
G1 Z74 F15000
G1 X296.662 Y714.85 Z74
G1 Z73
G1 E17 F9000
G1 F2779.614
G1 X285.15 Y714.85 E49.70028
G1 X714.85 Y285.15 E2623.47449
G1 X703.338 Y285.15 E49.70028
;WIPE_START
G1 F600
G1 X710.338 Y285.15 E-10
;WIPE_END
G1 Z74 F15000
G1 X599.257 Y714.85 Z74
G1 Z73
G1 E17 F9000
G1 F2779.614
G1 X610.769 Y714.85 E49.70059
G1 X714.85 Y610.769 E635.45139
G1 X714.85 Y599.257 E49.70059
;WIPE_START
G1 F600
G1 X714.85 Y606.257 E-10
;WIPE_END
G1 Z74 F15000
G1 X563.553 Y714.85 Z74
G1 Z73
G1 E17 F9000
G1 F2779.614
G1 X552.04 Y714.85 E49.70059
G1 X285.15 Y447.96 E1629.46316
G1 X285.15 Y436.447 E49.70059
M73 P22 R594
;WIPE_START
G1 F600
G1 X285.15 Y443.447 E-10
;WIPE_END
G1 Z74 F15000
G1 X400.743 Y714.85 Z74
G1 Z73
G1 E17 F9000
G1 F2779.614
G1 X389.231 Y714.85 E49.70059
G1 X285.15 Y610.769 E635.45139
G1 X285.15 Y599.257 E49.70059
; stop printing object Cube id:0 copy 0
;LAYER_CHANGE
;Z:74.5
;HEIGHT:1.5
;BEFORE_LAYER_CHANGE
;74.5
G92 E0

EXCLUDE_OBJECT_END NAME=Cube_id_0_copy_0
;AFTER_LAYER_CHANGE
;74.5
;_SET_FAN_SPEED_CHANGING_LAYER
; printing object Cube id:0 copy 0
;WIPE_START
G1 F600
G1 X285.15 Y606.257 E-10
;WIPE_END
EXCLUDE_OBJECT_START NAME=Cube_id_0_copy_0
G1 Z75.5 F15000
G1 X282.703 Y717.297 Z75.5
G1 Z74.5
G1 E17 F9000
;TYPE:Outer wall
;WIDTH:3.2
G1 F2779.615
G1 X282.703 Y282.703 E1876.19945
G1 X717.297 Y282.703 E1876.19945
G1 X717.297 Y717.297 E1876.19945
G1 X283.003 Y717.297 E1874.90431
;WIPE_START
G1 F600
G1 X282.999 Y710.297 E-10
;WIPE_END
G1 Z75.5 F15000
G1 X285.15 Y599.257 Z75.5
G1 Z74.5
G1 E17 F9000
;TYPE:Sparse infill
;WIDTH:3.2
G1 F2779.614
G1 X285.15 Y610.769 E49.70059
G1 X389.231 Y714.85 E635.45139
G1 X400.743 Y714.85 E49.70059
;WIPE_START
G1 F600
G1 X393.743 Y714.85 E-10
;WIPE_END
G1 Z75.5 F15000
G1 X285.15 Y436.447 Z75.5
G1 Z74.5
G1 E17 F9000
G1 F2779.614
G1 X285.15 Y447.96 E49.70059
G1 X552.04 Y714.85 E1629.46316
G1 X563.553 Y714.85 E49.70059
M73 P22 R593
;WIPE_START
G1 F600
G1 X556.553 Y714.85 E-10
;WIPE_END
G1 Z75.5 F15000
G1 X714.85 Y599.257 Z75.5
G1 Z74.5
G1 E17 F9000
G1 F2779.614
G1 X714.85 Y610.769 E49.70059
G1 X610.769 Y714.85 E635.45139
G1 X599.257 Y714.85 E49.70059
;WIPE_START
G1 F600
G1 X606.257 Y714.85 E-10
;WIPE_END
G1 Z75.5 F15000
G1 X714.85 Y436.447 Z75.5
G1 Z74.5
G1 E17 F9000
G1 F2779.614
G1 X714.85 Y447.96 E49.70059
G1 X447.959 Y714.85 E1629.46317
G1 X436.447 Y714.85 E49.70059
;WIPE_START
G1 F600
G1 X443.447 Y714.85 E-10
;WIPE_END
G1 Z75.5 F15000
G1 X436.447 Y285.15 Z75.5
G1 Z74.5
G1 E17 F9000
G1 F2779.614
G1 X447.96 Y285.15 E49.70059
G1 X714.85 Y552.04 E1629.46316
G1 X714.85 Y563.553 E49.70059
;WIPE_START
G1 F600
G1 X714.85 Y556.553 E-10
;WIPE_END
G1 Z75.5 F15000
G1 X703.338 Y285.15 Z75.5
G1 Z74.5
G1 E17 F9000
G1 F2779.614
G1 X714.85 Y285.15 E49.70028
G1 X285.15 Y714.85 E2623.47449
G1 X296.662 Y714.85 E49.70028
;WIPE_START
G1 F600
G1 X289.662 Y714.85 E-10
;WIPE_END
G1 Z75.5 F15000
G1 X296.662 Y285.15 Z75.5
G1 Z74.5
G1 E17 F9000
G1 F2779.614
G1 X285.15 Y285.15 E49.70059
G1 X714.85 Y714.85 E2623.47492
G1 X703.338 Y714.85 E49.70059
M73 P22 R592
;WIPE_START
G1 F600
G1 X710.338 Y714.85 E-10
;WIPE_END
G1 Z75.5 F15000
G1 X599.257 Y285.15 Z75.5
G1 Z74.5
G1 E17 F9000
G1 F2779.614
G1 X610.769 Y285.15 E49.70059
G1 X714.85 Y389.231 E635.45139
G1 X714.85 Y400.743 E49.70059
;WIPE_START
G1 F600
G1 X714.85 Y393.743 E-10
;WIPE_END
G1 Z75.5 F15000
G1 X563.553 Y285.15 Z75.5
G1 Z74.5
G1 E17 F9000
G1 F2779.614
G1 X552.041 Y285.15 E49.70059
G1 X285.15 Y552.04 E1629.46316
G1 X285.15 Y563.553 E49.70059
;WIPE_START
G1 F600
G1 X285.15 Y556.553 E-10
;WIPE_END
G1 Z75.5 F15000
G1 X400.743 Y285.15 Z75.5
G1 Z74.5
G1 E17 F9000
G1 F2779.614
G1 X389.231 Y285.15 E49.70059
G1 X285.15 Y389.231 E635.45138
G1 X285.15 Y400.743 E49.70059
; stop printing object Cube id:0 copy 0
;LAYER_CHANGE
;Z:76
;HEIGHT:1.5
;BEFORE_LAYER_CHANGE
;76
G92 E0

EXCLUDE_OBJECT_END NAME=Cube_id_0_copy_0
;AFTER_LAYER_CHANGE
;76
;_SET_FAN_SPEED_CHANGING_LAYER
; printing object Cube id:0 copy 0
;WIPE_START
G1 F600
G1 X285.15 Y393.743 E-10
;WIPE_END
EXCLUDE_OBJECT_START NAME=Cube_id_0_copy_0
G1 Z77 F15000
G1 X282.703 Y282.703 Z77
G1 Z76
G1 E17 F9000
;TYPE:Outer wall
;WIDTH:3.2
G1 F2779.615
G1 X717.297 Y282.703 E1876.19945
G1 X717.297 Y717.297 E1876.19945
G1 X282.703 Y717.297 E1876.19945
G1 X282.703 Y283.003 E1874.90431
M73 P22 R591
;WIPE_START
G1 F600
G1 X289.703 Y282.999 E-10
;WIPE_END
G1 Z77 F15000
G1 X285.15 Y400.743 Z77
G1 Z76
M73 P23 R591
G1 E17 F9000
;TYPE:Sparse infill
;WIDTH:3.2
G1 F2779.614
G1 X285.15 Y389.231 E49.70059
G1 X389.231 Y285.15 E635.45138
G1 X400.743 Y285.15 E49.70059
;WIPE_START
G1 F600
G1 X393.743 Y285.15 E-10
;WIPE_END
G1 Z77 F15000
G1 X285.15 Y563.553 Z77
G1 Z76
G1 E17 F9000
G1 F2779.614
G1 X285.15 Y552.04 E49.70059
G1 X552.041 Y285.15 E1629.46316
G1 X563.553 Y285.15 E49.70059
;WIPE_START
G1 F600
G1 X556.553 Y285.15 E-10
;WIPE_END
G1 Z77 F15000
G1 X714.85 Y400.743 Z77
G1 Z76
G1 E17 F9000
G1 F2779.614
G1 X714.85 Y389.231 E49.70059
G1 X610.769 Y285.15 E635.45139
G1 X599.257 Y285.15 E49.70059
;WIPE_START
G1 F600
G1 X606.257 Y285.15 E-10
;WIPE_END
G1 Z77 F15000
G1 X714.85 Y563.553 Z77
G1 Z76
G1 E17 F9000
G1 F2779.614
G1 X714.85 Y552.04 E49.70059
G1 X447.96 Y285.15 E1629.46316
G1 X436.447 Y285.15 E49.70059
;WIPE_START
G1 F600
G1 X443.447 Y285.15 E-10
;WIPE_END
G1 Z77 F15000
G1 X436.447 Y714.85 Z77
G1 Z76
G1 E17 F9000
G1 F2779.614
G1 X447.959 Y714.85 E49.70059
G1 X714.85 Y447.96 E1629.46317
G1 X714.85 Y436.447 E49.70059
M73 P23 R590
;WIPE_START
G1 F600
G1 X714.85 Y443.447 E-10
;WIPE_END
G1 Z77 F15000
G1 X703.338 Y714.85 Z77
G1 Z76
G1 E17 F9000
G1 F2779.614
G1 X714.85 Y714.85 E49.70059
G1 X285.15 Y285.15 E2623.47492
G1 X296.662 Y285.15 E49.70059
;WIPE_START
G1 F600
G1 X289.662 Y285.15 E-10
;WIPE_END
G1 Z77 F15000
G1 X296.662 Y714.85 Z77
G1 Z76
G1 E17 F9000
G1 F2779.614
G1 X285.15 Y714.85 E49.70028
G1 X714.85 Y285.15 E2623.47449
G1 X703.338 Y285.15 E49.70028
;WIPE_START
G1 F600
G1 X710.338 Y285.15 E-10
;WIPE_END
G1 Z77 F15000
G1 X599.257 Y714.85 Z77
G1 Z76
G1 E17 F9000
G1 F2779.614
G1 X610.769 Y714.85 E49.70059
G1 X714.85 Y610.769 E635.45139
G1 X714.85 Y599.257 E49.70059
;WIPE_START
G1 F600
G1 X714.85 Y606.257 E-10
;WIPE_END
G1 Z77 F15000
G1 X563.553 Y714.85 Z77
G1 Z76
G1 E17 F9000
G1 F2779.614
G1 X552.04 Y714.85 E49.70059
G1 X285.15 Y447.96 E1629.46316
G1 X285.15 Y436.447 E49.70059
;WIPE_START
G1 F600
G1 X285.15 Y443.447 E-10
;WIPE_END
G1 Z77 F15000
G1 X400.743 Y714.85 Z77
G1 Z76
G1 E17 F9000
G1 F2779.614
G1 X389.231 Y714.85 E49.70059
G1 X285.15 Y610.769 E635.45139
G1 X285.15 Y599.257 E49.70059
M73 P23 R589
; stop printing object Cube id:0 copy 0
;LAYER_CHANGE
;Z:77.5
;HEIGHT:1.5
;BEFORE_LAYER_CHANGE
;77.5
G92 E0

EXCLUDE_OBJECT_END NAME=Cube_id_0_copy_0
;AFTER_LAYER_CHANGE
;77.5
;_SET_FAN_SPEED_CHANGING_LAYER
; printing object Cube id:0 copy 0
;WIPE_START
G1 F600
G1 X285.15 Y606.257 E-10
;WIPE_END
EXCLUDE_OBJECT_START NAME=Cube_id_0_copy_0
G1 Z78.5 F15000
G1 X282.703 Y717.297 Z78.5
G1 Z77.5
G1 E17 F9000
;TYPE:Outer wall
;WIDTH:3.2
G1 F2779.615
G1 X282.703 Y282.703 E1876.19945
G1 X717.297 Y282.703 E1876.19945
G1 X717.297 Y717.297 E1876.19945
G1 X283.003 Y717.297 E1874.90431
;WIPE_START
G1 F600
G1 X282.999 Y710.297 E-10
;WIPE_END
G1 Z78.5 F15000
G1 X285.15 Y599.257 Z78.5
G1 Z77.5
G1 E17 F9000
;TYPE:Sparse infill
;WIDTH:3.2
G1 F2779.614
G1 X285.15 Y610.769 E49.70059
G1 X389.231 Y714.85 E635.45139
G1 X400.743 Y714.85 E49.70059
;WIPE_START
G1 F600
G1 X393.743 Y714.85 E-10
;WIPE_END
G1 Z78.5 F15000
G1 X285.15 Y436.447 Z78.5
G1 Z77.5
G1 E17 F9000
G1 F2779.614
G1 X285.15 Y447.96 E49.70059
G1 X552.04 Y714.85 E1629.46316
G1 X563.553 Y714.85 E49.70059
;WIPE_START
G1 F600
G1 X556.553 Y714.85 E-10
;WIPE_END
G1 Z78.5 F15000
G1 X714.85 Y599.257 Z78.5
G1 Z77.5
M73 P23 R588
G1 E17 F9000
G1 F2779.614
G1 X714.85 Y610.769 E49.70059
G1 X610.769 Y714.85 E635.45139
G1 X599.257 Y714.85 E49.70059
;WIPE_START
G1 F600
G1 X606.257 Y714.85 E-10
;WIPE_END
G1 Z78.5 F15000
G1 X714.85 Y436.447 Z78.5
G1 Z77.5
G1 E17 F9000
G1 F2779.614
G1 X714.85 Y447.96 E49.70059
G1 X447.959 Y714.85 E1629.46317
G1 X436.447 Y714.85 E49.70059
;WIPE_START
G1 F600
G1 X443.447 Y714.85 E-10
;WIPE_END
G1 Z78.5 F15000
G1 X436.447 Y285.15 Z78.5
G1 Z77.5
G1 E17 F9000
G1 F2779.614
G1 X447.96 Y285.15 E49.70059
G1 X714.85 Y552.04 E1629.46316
G1 X714.85 Y563.553 E49.70059
;WIPE_START
G1 F600
G1 X714.85 Y556.553 E-10
;WIPE_END
G1 Z78.5 F15000
G1 X703.338 Y285.15 Z78.5
G1 Z77.5
G1 E17 F9000
G1 F2779.614
G1 X714.85 Y285.15 E49.70028
G1 X285.15 Y714.85 E2623.47449
G1 X296.662 Y714.85 E49.70028
;WIPE_START
G1 F600
G1 X289.662 Y714.85 E-10
;WIPE_END
G1 Z78.5 F15000
G1 X296.662 Y285.15 Z78.5
G1 Z77.5
G1 E17 F9000
G1 F2779.614
G1 X285.15 Y285.15 E49.70059
G1 X714.85 Y714.85 E2623.47492
G1 X703.338 Y714.85 E49.70059
M73 P23 R587
;WIPE_START
G1 F600
G1 X710.338 Y714.85 E-10
;WIPE_END
G1 Z78.5 F15000
G1 X599.257 Y285.15 Z78.5
G1 Z77.5
G1 E17 F9000
G1 F2779.614
G1 X610.769 Y285.15 E49.70059
G1 X714.85 Y389.231 E635.45139
G1 X714.85 Y400.743 E49.70059
;WIPE_START
G1 F600
G1 X714.85 Y393.743 E-10
;WIPE_END
G1 Z78.5 F15000
G1 X563.553 Y285.15 Z78.5
G1 Z77.5
G1 E17 F9000
G1 F2779.614
G1 X552.041 Y285.15 E49.70059
G1 X285.15 Y552.04 E1629.46316
G1 X285.15 Y563.553 E49.70059
;WIPE_START
G1 F600
G1 X285.15 Y556.553 E-10
;WIPE_END
G1 Z78.5 F15000
G1 X400.743 Y285.15 Z78.5
G1 Z77.5
G1 E17 F9000
G1 F2779.614
G1 X389.231 Y285.15 E49.70059
G1 X285.15 Y389.231 E635.45138
G1 X285.15 Y400.743 E49.70059
; stop printing object Cube id:0 copy 0
;LAYER_CHANGE
;Z:79
;HEIGHT:1.5
;BEFORE_LAYER_CHANGE
;79
G92 E0

EXCLUDE_OBJECT_END NAME=Cube_id_0_copy_0
;AFTER_LAYER_CHANGE
;79
;_SET_FAN_SPEED_CHANGING_LAYER
; printing object Cube id:0 copy 0
;WIPE_START
G1 F600
G1 X285.15 Y393.743 E-10
;WIPE_END
EXCLUDE_OBJECT_START NAME=Cube_id_0_copy_0
G1 Z80 F15000
G1 X282.703 Y282.703 Z80
G1 Z79
G1 E17 F9000
;TYPE:Outer wall
;WIDTH:3.2
G1 F2779.615
G1 X717.297 Y282.703 E1876.19945
G1 X717.297 Y717.297 E1876.19945
G1 X282.703 Y717.297 E1876.19945
G1 X282.703 Y283.003 E1874.90431
;WIPE_START
G1 F600
M73 P23 R586
G1 X289.703 Y282.999 E-10
;WIPE_END
G1 Z80 F15000
G1 X285.15 Y400.743 Z80
G1 Z79
G1 E17 F9000
;TYPE:Sparse infill
;WIDTH:3.2
G1 F2779.614
G1 X285.15 Y389.231 E49.70059
G1 X389.231 Y285.15 E635.45138
G1 X400.743 Y285.15 E49.70059
;WIPE_START
G1 F600
G1 X393.743 Y285.15 E-10
;WIPE_END
G1 Z80 F15000
G1 X285.15 Y563.553 Z80
G1 Z79
G1 E17 F9000
G1 F2779.614
G1 X285.15 Y552.04 E49.70059
G1 X552.041 Y285.15 E1629.46316
G1 X563.553 Y285.15 E49.70059
;WIPE_START
G1 F600
G1 X556.553 Y285.15 E-10
;WIPE_END
G1 Z80 F15000
G1 X714.85 Y400.743 Z80
G1 Z79
G1 E17 F9000
G1 F2779.614
G1 X714.85 Y389.231 E49.70059
G1 X610.769 Y285.15 E635.45139
G1 X599.257 Y285.15 E49.70059
;WIPE_START
G1 F600
G1 X606.257 Y285.15 E-10
;WIPE_END
G1 Z80 F15000
G1 X714.85 Y563.553 Z80
G1 Z79
G1 E17 F9000
G1 F2779.614
G1 X714.85 Y552.04 E49.70059
G1 X447.96 Y285.15 E1629.46316
G1 X436.447 Y285.15 E49.70059
;WIPE_START
G1 F600
G1 X443.447 Y285.15 E-10
;WIPE_END
G1 Z80 F15000
G1 X436.447 Y714.85 Z80
G1 Z79
G1 E17 F9000
G1 F2779.614
G1 X447.959 Y714.85 E49.70059
G1 X714.85 Y447.96 E1629.46317
G1 X714.85 Y436.447 E49.70059
;WIPE_START
G1 F600
G1 X714.85 Y443.447 E-10
;WIPE_END
G1 Z80 F15000
G1 X703.338 Y714.85 Z80
G1 Z79
G1 E17 F9000
G1 F2779.614
G1 X714.85 Y714.85 E49.70059
G1 X285.15 Y285.15 E2623.47492
G1 X296.662 Y285.15 E49.70059
M73 P23 R585
;WIPE_START
G1 F600
G1 X289.662 Y285.15 E-10
;WIPE_END
G1 Z80 F15000
G1 X296.662 Y714.85 Z80
G1 Z79
G1 E17 F9000
G1 F2779.614
G1 X285.15 Y714.85 E49.70028
G1 X714.85 Y285.15 E2623.47449
G1 X703.338 Y285.15 E49.70028
;WIPE_START
G1 F600
G1 X710.338 Y285.15 E-10
;WIPE_END
G1 Z80 F15000
G1 X599.257 Y714.85 Z80
G1 Z79
G1 E17 F9000
G1 F2779.614
G1 X610.769 Y714.85 E49.70059
G1 X714.85 Y610.769 E635.45139
G1 X714.85 Y599.257 E49.70059
;WIPE_START
G1 F600
G1 X714.85 Y606.257 E-10
;WIPE_END
G1 Z80 F15000
G1 X563.553 Y714.85 Z80
G1 Z79
G1 E17 F9000
G1 F2779.614
G1 X552.04 Y714.85 E49.70059
G1 X285.15 Y447.96 E1629.46316
G1 X285.15 Y436.447 E49.70059
;WIPE_START
G1 F600
G1 X285.15 Y443.447 E-10
;WIPE_END
G1 Z80 F15000
G1 X400.743 Y714.85 Z80
G1 Z79
G1 E17 F9000
G1 F2779.614
G1 X389.231 Y714.85 E49.70059
G1 X285.15 Y610.769 E635.45139
G1 X285.15 Y599.257 E49.70059
; stop printing object Cube id:0 copy 0
;LAYER_CHANGE
;Z:80.5
;HEIGHT:1.5
;BEFORE_LAYER_CHANGE
;80.5
G92 E0

EXCLUDE_OBJECT_END NAME=Cube_id_0_copy_0
;AFTER_LAYER_CHANGE
;80.5
;_SET_FAN_SPEED_CHANGING_LAYER
; printing object Cube id:0 copy 0
;WIPE_START
G1 F600
G1 X285.15 Y606.257 E-10
;WIPE_END
EXCLUDE_OBJECT_START NAME=Cube_id_0_copy_0
G1 Z81.5 F15000
G1 X282.703 Y717.297 Z81.5
G1 Z80.5
G1 E17 F9000
;TYPE:Outer wall
;WIDTH:3.2
G1 F2779.615
G1 X282.703 Y282.703 E1876.19945
G1 X717.297 Y282.703 E1876.19945
M73 P23 R584
G1 X717.297 Y717.297 E1876.19945
G1 X283.003 Y717.297 E1874.90431
;WIPE_START
G1 F600
G1 X282.999 Y710.297 E-10
;WIPE_END
G1 Z81.5 F15000
G1 X285.15 Y599.257 Z81.5
G1 Z80.5
G1 E17 F9000
;TYPE:Sparse infill
;WIDTH:3.2
G1 F2779.614
G1 X285.15 Y610.769 E49.70059
G1 X389.231 Y714.85 E635.45139
G1 X400.743 Y714.85 E49.70059
;WIPE_START
G1 F600
G1 X393.743 Y714.85 E-10
;WIPE_END
G1 Z81.5 F15000
G1 X285.15 Y436.447 Z81.5
G1 Z80.5
G1 E17 F9000
G1 F2779.614
G1 X285.15 Y447.96 E49.70059
G1 X552.04 Y714.85 E1629.46316
G1 X563.553 Y714.85 E49.70059
;WIPE_START
G1 F600
G1 X556.553 Y714.85 E-10
;WIPE_END
G1 Z81.5 F15000
G1 X714.85 Y599.257 Z81.5
G1 Z80.5
G1 E17 F9000
G1 F2779.614
G1 X714.85 Y610.769 E49.70059
G1 X610.769 Y714.85 E635.45139
G1 X599.257 Y714.85 E49.70059
M73 P24 R584
;WIPE_START
G1 F600
G1 X606.257 Y714.85 E-10
;WIPE_END
G1 Z81.5 F15000
G1 X714.85 Y436.447 Z81.5
G1 Z80.5
M73 P24 R583
G1 E17 F9000
G1 F2779.614
G1 X714.85 Y447.96 E49.70059
G1 X447.959 Y714.85 E1629.46317
G1 X436.447 Y714.85 E49.70059
;WIPE_START
G1 F600
G1 X443.447 Y714.85 E-10
;WIPE_END
G1 Z81.5 F15000
G1 X436.447 Y285.15 Z81.5
G1 Z80.5
G1 E17 F9000
G1 F2779.614
G1 X447.96 Y285.15 E49.70059
G1 X714.85 Y552.04 E1629.46316
G1 X714.85 Y563.553 E49.70059
;WIPE_START
G1 F600
G1 X714.85 Y556.553 E-10
;WIPE_END
G1 Z81.5 F15000
G1 X703.338 Y285.15 Z81.5
G1 Z80.5
G1 E17 F9000
G1 F2779.614
G1 X714.85 Y285.15 E49.70028
G1 X285.15 Y714.85 E2623.47449
G1 X296.662 Y714.85 E49.70028
;WIPE_START
G1 F600
G1 X289.662 Y714.85 E-10
;WIPE_END
G1 Z81.5 F15000
G1 X296.662 Y285.15 Z81.5
G1 Z80.5
G1 E17 F9000
G1 F2779.614
G1 X285.15 Y285.15 E49.70059
G1 X714.85 Y714.85 E2623.47492
G1 X703.338 Y714.85 E49.70059
;WIPE_START
G1 F600
G1 X710.338 Y714.85 E-10
;WIPE_END
G1 Z81.5 F15000
G1 X599.257 Y285.15 Z81.5
G1 Z80.5
G1 E17 F9000
G1 F2779.614
G1 X610.769 Y285.15 E49.70059
G1 X714.85 Y389.231 E635.45139
M73 P24 R582
G1 X714.85 Y400.743 E49.70059
;WIPE_START
G1 F600
G1 X714.85 Y393.743 E-10
;WIPE_END
G1 Z81.5 F15000
G1 X563.553 Y285.15 Z81.5
G1 Z80.5
G1 E17 F9000
G1 F2779.614
G1 X552.041 Y285.15 E49.70059
G1 X285.15 Y552.04 E1629.46316
G1 X285.15 Y563.553 E49.70059
;WIPE_START
G1 F600
G1 X285.15 Y556.553 E-10
;WIPE_END
G1 Z81.5 F15000
G1 X400.743 Y285.15 Z81.5
G1 Z80.5
G1 E17 F9000
G1 F2779.614
G1 X389.231 Y285.15 E49.70059
G1 X285.15 Y389.231 E635.45138
G1 X285.15 Y400.743 E49.70059
; stop printing object Cube id:0 copy 0
;LAYER_CHANGE
;Z:82
;HEIGHT:1.5
;BEFORE_LAYER_CHANGE
;82
G92 E0

EXCLUDE_OBJECT_END NAME=Cube_id_0_copy_0
;AFTER_LAYER_CHANGE
;82
;_SET_FAN_SPEED_CHANGING_LAYER
; printing object Cube id:0 copy 0
;WIPE_START
G1 F600
G1 X285.15 Y393.743 E-10
;WIPE_END
EXCLUDE_OBJECT_START NAME=Cube_id_0_copy_0
G1 Z83 F15000
G1 X282.703 Y282.703 Z83
G1 Z82
G1 E17 F9000
;TYPE:Outer wall
;WIDTH:3.2
G1 F2779.615
G1 X717.297 Y282.703 E1876.19945
G1 X717.297 Y717.297 E1876.19945
G1 X282.703 Y717.297 E1876.19945
G1 X282.703 Y283.003 E1874.90431
;WIPE_START
G1 F600
M73 P24 R581
G1 X289.703 Y282.999 E-10
;WIPE_END
G1 Z83 F15000
G1 X285.15 Y400.743 Z83
G1 Z82
G1 E17 F9000
;TYPE:Sparse infill
;WIDTH:3.2
G1 F2779.614
G1 X285.15 Y389.231 E49.70059
G1 X389.231 Y285.15 E635.45138
G1 X400.743 Y285.15 E49.70059
;WIPE_START
G1 F600
G1 X393.743 Y285.15 E-10
;WIPE_END
G1 Z83 F15000
G1 X285.15 Y563.553 Z83
G1 Z82
G1 E17 F9000
G1 F2779.614
G1 X285.15 Y552.04 E49.70059
G1 X552.041 Y285.15 E1629.46316
G1 X563.553 Y285.15 E49.70059
;WIPE_START
G1 F600
G1 X556.553 Y285.15 E-10
;WIPE_END
G1 Z83 F15000
G1 X714.85 Y400.743 Z83
G1 Z82
G1 E17 F9000
G1 F2779.614
G1 X714.85 Y389.231 E49.70059
G1 X610.769 Y285.15 E635.45139
G1 X599.257 Y285.15 E49.70059
;WIPE_START
G1 F600
G1 X606.257 Y285.15 E-10
;WIPE_END
G1 Z83 F15000
G1 X714.85 Y563.553 Z83
G1 Z82
G1 E17 F9000
G1 F2779.614
G1 X714.85 Y552.04 E49.70059
G1 X447.96 Y285.15 E1629.46316
G1 X436.447 Y285.15 E49.70059
;WIPE_START
G1 F600
G1 X443.447 Y285.15 E-10
;WIPE_END
G1 Z83 F15000
G1 X436.447 Y714.85 Z83
G1 Z82
G1 E17 F9000
G1 F2779.614
G1 X447.959 Y714.85 E49.70059
G1 X714.85 Y447.96 E1629.46317
G1 X714.85 Y436.447 E49.70059
;WIPE_START
G1 F600
G1 X714.85 Y443.447 E-10
;WIPE_END
G1 Z83 F15000
G1 X703.338 Y714.85 Z83
G1 Z82
G1 E17 F9000
G1 F2779.614
G1 X714.85 Y714.85 E49.70059
G1 X285.15 Y285.15 E2623.47492
G1 X296.662 Y285.15 E49.70059
M73 P24 R580
;WIPE_START
G1 F600
G1 X289.662 Y285.15 E-10
;WIPE_END
G1 Z83 F15000
G1 X296.662 Y714.85 Z83
G1 Z82
G1 E17 F9000
G1 F2779.614
G1 X285.15 Y714.85 E49.70028
G1 X714.85 Y285.15 E2623.47449
G1 X703.338 Y285.15 E49.70028
;WIPE_START
G1 F600
G1 X710.338 Y285.15 E-10
;WIPE_END
G1 Z83 F15000
G1 X599.257 Y714.85 Z83
G1 Z82
G1 E17 F9000
G1 F2779.614
G1 X610.769 Y714.85 E49.70059
G1 X714.85 Y610.769 E635.45139
G1 X714.85 Y599.257 E49.70059
;WIPE_START
G1 F600
G1 X714.85 Y606.257 E-10
;WIPE_END
G1 Z83 F15000
G1 X563.553 Y714.85 Z83
G1 Z82
G1 E17 F9000
G1 F2779.614
G1 X552.04 Y714.85 E49.70059
G1 X285.15 Y447.96 E1629.46316
G1 X285.15 Y436.447 E49.70059
;WIPE_START
G1 F600
G1 X285.15 Y443.447 E-10
;WIPE_END
G1 Z83 F15000
G1 X400.743 Y714.85 Z83
G1 Z82
G1 E17 F9000
G1 F2779.614
G1 X389.231 Y714.85 E49.70059
G1 X285.15 Y610.769 E635.45139
G1 X285.15 Y599.257 E49.70059
; stop printing object Cube id:0 copy 0
;LAYER_CHANGE
;Z:83.5
;HEIGHT:1.5
;BEFORE_LAYER_CHANGE
;83.5
G92 E0

EXCLUDE_OBJECT_END NAME=Cube_id_0_copy_0
;AFTER_LAYER_CHANGE
;83.5
;_SET_FAN_SPEED_CHANGING_LAYER
; printing object Cube id:0 copy 0
;WIPE_START
G1 F600
G1 X285.15 Y606.257 E-10
;WIPE_END
EXCLUDE_OBJECT_START NAME=Cube_id_0_copy_0
G1 Z84.5 F15000
G1 X282.703 Y717.297 Z84.5
G1 Z83.5
G1 E17 F9000
;TYPE:Outer wall
;WIDTH:3.2
G1 F2779.615
G1 X282.703 Y282.703 E1876.19945
G1 X717.297 Y282.703 E1876.19945
M73 P24 R579
G1 X717.297 Y717.297 E1876.19945
G1 X283.003 Y717.297 E1874.90431
;WIPE_START
G1 F600
G1 X282.999 Y710.297 E-10
;WIPE_END
G1 Z84.5 F15000
G1 X285.15 Y599.257 Z84.5
G1 Z83.5
G1 E17 F9000
;TYPE:Sparse infill
;WIDTH:3.2
G1 F2779.614
G1 X285.15 Y610.769 E49.70059
G1 X389.231 Y714.85 E635.45139
G1 X400.743 Y714.85 E49.70059
;WIPE_START
G1 F600
G1 X393.743 Y714.85 E-10
;WIPE_END
G1 Z84.5 F15000
G1 X285.15 Y436.447 Z84.5
G1 Z83.5
G1 E17 F9000
G1 F2779.614
G1 X285.15 Y447.96 E49.70059
G1 X552.04 Y714.85 E1629.46316
G1 X563.553 Y714.85 E49.70059
;WIPE_START
G1 F600
G1 X556.553 Y714.85 E-10
;WIPE_END
G1 Z84.5 F15000
G1 X714.85 Y599.257 Z84.5
G1 Z83.5
G1 E17 F9000
G1 F2779.614
G1 X714.85 Y610.769 E49.70059
G1 X610.769 Y714.85 E635.45139
G1 X599.257 Y714.85 E49.70059
;WIPE_START
G1 F600
G1 X606.257 Y714.85 E-10
;WIPE_END
G1 Z84.5 F15000
G1 X714.85 Y436.447 Z84.5
G1 Z83.5
G1 E17 F9000
G1 F2779.614
G1 X714.85 Y447.96 E49.70059
G1 X447.959 Y714.85 E1629.46317
G1 X436.447 Y714.85 E49.70059
M73 P24 R578
;WIPE_START
G1 F600
G1 X443.447 Y714.85 E-10
;WIPE_END
G1 Z84.5 F15000
G1 X436.447 Y285.15 Z84.5
G1 Z83.5
G1 E17 F9000
G1 F2779.614
G1 X447.96 Y285.15 E49.70059
G1 X714.85 Y552.04 E1629.46316
G1 X714.85 Y563.553 E49.70059
;WIPE_START
G1 F600
G1 X714.85 Y556.553 E-10
;WIPE_END
G1 Z84.5 F15000
G1 X703.338 Y285.15 Z84.5
G1 Z83.5
G1 E17 F9000
G1 F2779.614
G1 X714.85 Y285.15 E49.70028
G1 X285.15 Y714.85 E2623.47449
G1 X296.662 Y714.85 E49.70028
;WIPE_START
G1 F600
G1 X289.662 Y714.85 E-10
;WIPE_END
G1 Z84.5 F15000
G1 X296.662 Y285.15 Z84.5
G1 Z83.5
G1 E17 F9000
G1 F2779.614
G1 X285.15 Y285.15 E49.70059
G1 X714.85 Y714.85 E2623.47492
G1 X703.338 Y714.85 E49.70059
;WIPE_START
G1 F600
G1 X710.338 Y714.85 E-10
;WIPE_END
G1 Z84.5 F15000
G1 X599.257 Y285.15 Z84.5
G1 Z83.5
G1 E17 F9000
G1 F2779.614
G1 X610.769 Y285.15 E49.70059
G1 X714.85 Y389.231 E635.45139
G1 X714.85 Y400.743 E49.70059
;WIPE_START
G1 F600
G1 X714.85 Y393.743 E-10
;WIPE_END
G1 Z84.5 F15000
G1 X563.553 Y285.15 Z84.5
G1 Z83.5
G1 E17 F9000
G1 F2779.614
G1 X552.041 Y285.15 E49.70059
G1 X285.15 Y552.04 E1629.46316
M73 P24 R577
G1 X285.15 Y563.553 E49.70059
;WIPE_START
G1 F600
G1 X285.15 Y556.553 E-10
;WIPE_END
G1 Z84.5 F15000
G1 X400.743 Y285.15 Z84.5
G1 Z83.5
G1 E17 F9000
G1 F2779.614
G1 X389.231 Y285.15 E49.70059
G1 X285.15 Y389.231 E635.45138
G1 X285.15 Y400.743 E49.70059
; stop printing object Cube id:0 copy 0
;LAYER_CHANGE
;Z:85
;HEIGHT:1.5
;BEFORE_LAYER_CHANGE
;85
G92 E0

EXCLUDE_OBJECT_END NAME=Cube_id_0_copy_0
;AFTER_LAYER_CHANGE
;85
;_SET_FAN_SPEED_CHANGING_LAYER
; printing object Cube id:0 copy 0
;WIPE_START
G1 F600
G1 X285.15 Y393.743 E-10
;WIPE_END
EXCLUDE_OBJECT_START NAME=Cube_id_0_copy_0
G1 Z86 F15000
G1 X282.703 Y282.703 Z86
G1 Z85
G1 E17 F9000
;TYPE:Outer wall
;WIDTH:3.2
G1 F2779.615
G1 X717.297 Y282.703 E1876.19945
G1 X717.297 Y717.297 E1876.19945
G1 X282.703 Y717.297 E1876.19945
G1 X282.703 Y283.003 E1874.90431
;WIPE_START
G1 F600
G1 X289.703 Y282.999 E-10
;WIPE_END
G1 Z86 F15000
G1 X285.15 Y400.743 Z86
G1 Z85
G1 E17 F9000
;TYPE:Sparse infill
;WIDTH:3.2
G1 F2779.614
G1 X285.15 Y389.231 E49.70059
G1 X389.231 Y285.15 E635.45138
G1 X400.743 Y285.15 E49.70059
M73 P24 R576
;WIPE_START
G1 F600
G1 X393.743 Y285.15 E-10
;WIPE_END
G1 Z86 F15000
G1 X285.15 Y563.553 Z86
G1 Z85
G1 E17 F9000
G1 F2779.614
G1 X285.15 Y552.04 E49.70059
G1 X552.041 Y285.15 E1629.46316
G1 X563.553 Y285.15 E49.70059
;WIPE_START
G1 F600
G1 X556.553 Y285.15 E-10
;WIPE_END
G1 Z86 F15000
G1 X714.85 Y400.743 Z86
G1 Z85
G1 E17 F9000
G1 F2779.614
G1 X714.85 Y389.231 E49.70059
G1 X610.769 Y285.15 E635.45139
G1 X599.257 Y285.15 E49.70059
;WIPE_START
G1 F600
G1 X606.257 Y285.15 E-10
;WIPE_END
G1 Z86 F15000
G1 X714.85 Y563.553 Z86
G1 Z85
G1 E17 F9000
G1 F2779.614
G1 X714.85 Y552.04 E49.70059
G1 X447.96 Y285.15 E1629.46316
G1 X436.447 Y285.15 E49.70059
;WIPE_START
G1 F600
G1 X443.447 Y285.15 E-10
;WIPE_END
G1 Z86 F15000
G1 X436.447 Y714.85 Z86
G1 Z85
G1 E17 F9000
G1 F2779.614
G1 X447.959 Y714.85 E49.70059
G1 X714.85 Y447.96 E1629.46317
G1 X714.85 Y436.447 E49.70059
M73 P25 R576
;WIPE_START
G1 F600
G1 X714.85 Y443.447 E-10
;WIPE_END
G1 Z86 F15000
G1 X703.338 Y714.85 Z86
G1 Z85
G1 E17 F9000
G1 F2779.614
G1 X714.85 Y714.85 E49.70059
G1 X285.15 Y285.15 E2623.47492
G1 X296.662 Y285.15 E49.70059
;WIPE_START
G1 F600
M73 P25 R575
G1 X289.662 Y285.15 E-10
;WIPE_END
G1 Z86 F15000
G1 X296.662 Y714.85 Z86
G1 Z85
G1 E17 F9000
G1 F2779.614
G1 X285.15 Y714.85 E49.70028
G1 X714.85 Y285.15 E2623.47449
G1 X703.338 Y285.15 E49.70028
;WIPE_START
G1 F600
G1 X710.338 Y285.15 E-10
;WIPE_END
G1 Z86 F15000
G1 X599.257 Y714.85 Z86
G1 Z85
G1 E17 F9000
G1 F2779.614
G1 X610.769 Y714.85 E49.70059
G1 X714.85 Y610.769 E635.45139
G1 X714.85 Y599.257 E49.70059
;WIPE_START
G1 F600
G1 X714.85 Y606.257 E-10
;WIPE_END
G1 Z86 F15000
G1 X563.553 Y714.85 Z86
G1 Z85
G1 E17 F9000
G1 F2779.614
G1 X552.04 Y714.85 E49.70059
G1 X285.15 Y447.96 E1629.46316
G1 X285.15 Y436.447 E49.70059
;WIPE_START
G1 F600
G1 X285.15 Y443.447 E-10
;WIPE_END
G1 Z86 F15000
G1 X400.743 Y714.85 Z86
G1 Z85
G1 E17 F9000
G1 F2779.614
G1 X389.231 Y714.85 E49.70059
G1 X285.15 Y610.769 E635.45139
G1 X285.15 Y599.257 E49.70059
; stop printing object Cube id:0 copy 0
;LAYER_CHANGE
;Z:86.5
;HEIGHT:1.5
;BEFORE_LAYER_CHANGE
;86.5
G92 E0

EXCLUDE_OBJECT_END NAME=Cube_id_0_copy_0
;AFTER_LAYER_CHANGE
;86.5
;_SET_FAN_SPEED_CHANGING_LAYER
; printing object Cube id:0 copy 0
;WIPE_START
G1 F600
G1 X285.15 Y606.257 E-10
;WIPE_END
EXCLUDE_OBJECT_START NAME=Cube_id_0_copy_0
G1 Z87.5 F15000
G1 X282.703 Y717.297 Z87.5
G1 Z86.5
G1 E17 F9000
;TYPE:Outer wall
;WIDTH:3.2
G1 F2779.615
G1 X282.703 Y282.703 E1876.19945
G1 X717.297 Y282.703 E1876.19945
G1 X717.297 Y717.297 E1876.19945
M73 P25 R574
G1 X283.003 Y717.297 E1874.90431
;WIPE_START
G1 F600
G1 X282.999 Y710.297 E-10
;WIPE_END
G1 Z87.5 F15000
G1 X285.15 Y599.257 Z87.5
G1 Z86.5
G1 E17 F9000
;TYPE:Sparse infill
;WIDTH:3.2
G1 F2779.614
G1 X285.15 Y610.769 E49.70059
G1 X389.231 Y714.85 E635.45139
G1 X400.743 Y714.85 E49.70059
;WIPE_START
G1 F600
G1 X393.743 Y714.85 E-10
;WIPE_END
G1 Z87.5 F15000
G1 X285.15 Y436.447 Z87.5
G1 Z86.5
G1 E17 F9000
G1 F2779.614
G1 X285.15 Y447.96 E49.70059
G1 X552.04 Y714.85 E1629.46316
G1 X563.553 Y714.85 E49.70059
;WIPE_START
G1 F600
G1 X556.553 Y714.85 E-10
;WIPE_END
G1 Z87.5 F15000
G1 X714.85 Y599.257 Z87.5
G1 Z86.5
G1 E17 F9000
G1 F2779.614
G1 X714.85 Y610.769 E49.70059
G1 X610.769 Y714.85 E635.45139
G1 X599.257 Y714.85 E49.70059
;WIPE_START
G1 F600
G1 X606.257 Y714.85 E-10
;WIPE_END
G1 Z87.5 F15000
G1 X714.85 Y436.447 Z87.5
G1 Z86.5
G1 E17 F9000
G1 F2779.614
G1 X714.85 Y447.96 E49.70059
G1 X447.959 Y714.85 E1629.46317
G1 X436.447 Y714.85 E49.70059
;WIPE_START
G1 F600
G1 X443.447 Y714.85 E-10
;WIPE_END
G1 Z87.5 F15000
G1 X436.447 Y285.15 Z87.5
G1 Z86.5
M73 P25 R573
G1 E17 F9000
G1 F2779.614
G1 X447.96 Y285.15 E49.70059
G1 X714.85 Y552.04 E1629.46316
G1 X714.85 Y563.553 E49.70059
;WIPE_START
G1 F600
G1 X714.85 Y556.553 E-10
;WIPE_END
G1 Z87.5 F15000
G1 X703.338 Y285.15 Z87.5
G1 Z86.5
G1 E17 F9000
G1 F2779.614
G1 X714.85 Y285.15 E49.70028
G1 X285.15 Y714.85 E2623.47449
G1 X296.662 Y714.85 E49.70028
;WIPE_START
G1 F600
G1 X289.662 Y714.85 E-10
;WIPE_END
G1 Z87.5 F15000
G1 X296.662 Y285.15 Z87.5
G1 Z86.5
G1 E17 F9000
G1 F2779.614
G1 X285.15 Y285.15 E49.70059
G1 X714.85 Y714.85 E2623.47492
G1 X703.338 Y714.85 E49.70059
;WIPE_START
G1 F600
G1 X710.338 Y714.85 E-10
;WIPE_END
G1 Z87.5 F15000
G1 X599.257 Y285.15 Z87.5
G1 Z86.5
G1 E17 F9000
G1 F2779.614
G1 X610.769 Y285.15 E49.70059
G1 X714.85 Y389.231 E635.45139
G1 X714.85 Y400.743 E49.70059
;WIPE_START
G1 F600
G1 X714.85 Y393.743 E-10
;WIPE_END
G1 Z87.5 F15000
G1 X563.553 Y285.15 Z87.5
G1 Z86.5
G1 E17 F9000
G1 F2779.614
G1 X552.041 Y285.15 E49.70059
G1 X285.15 Y552.04 E1629.46316
G1 X285.15 Y563.553 E49.70059
M73 P25 R572
;WIPE_START
G1 F600
G1 X285.15 Y556.553 E-10
;WIPE_END
G1 Z87.5 F15000
G1 X400.743 Y285.15 Z87.5
G1 Z86.5
G1 E17 F9000
G1 F2779.614
G1 X389.231 Y285.15 E49.70059
G1 X285.15 Y389.231 E635.45138
G1 X285.15 Y400.743 E49.70059
; stop printing object Cube id:0 copy 0
;LAYER_CHANGE
;Z:88
;HEIGHT:1.5
;BEFORE_LAYER_CHANGE
;88
G92 E0

EXCLUDE_OBJECT_END NAME=Cube_id_0_copy_0
;AFTER_LAYER_CHANGE
;88
;_SET_FAN_SPEED_CHANGING_LAYER
; printing object Cube id:0 copy 0
;WIPE_START
G1 F600
G1 X285.15 Y393.743 E-10
;WIPE_END
EXCLUDE_OBJECT_START NAME=Cube_id_0_copy_0
G1 Z89 F15000
G1 X282.703 Y282.703 Z89
G1 Z88
G1 E17 F9000
;TYPE:Outer wall
;WIDTH:3.2
G1 F2779.615
G1 X717.297 Y282.703 E1876.19945
G1 X717.297 Y717.297 E1876.19945
G1 X282.703 Y717.297 E1876.19945
G1 X282.703 Y283.003 E1874.90431
;WIPE_START
G1 F600
G1 X289.703 Y282.999 E-10
;WIPE_END
G1 Z89 F15000
G1 X285.15 Y400.743 Z89
G1 Z88
G1 E17 F9000
;TYPE:Sparse infill
;WIDTH:3.2
G1 F2779.614
G1 X285.15 Y389.231 E49.70059
G1 X389.231 Y285.15 E635.45138
G1 X400.743 Y285.15 E49.70059
;WIPE_START
G1 F600
G1 X393.743 Y285.15 E-10
;WIPE_END
G1 Z89 F15000
G1 X285.15 Y563.553 Z89
G1 Z88
G1 E17 F9000
G1 F2779.614
G1 X285.15 Y552.04 E49.70059
G1 X552.041 Y285.15 E1629.46316
G1 X563.553 Y285.15 E49.70059
M73 P25 R571
;WIPE_START
G1 F600
G1 X556.553 Y285.15 E-10
;WIPE_END
G1 Z89 F15000
G1 X714.85 Y400.743 Z89
G1 Z88
G1 E17 F9000
G1 F2779.614
G1 X714.85 Y389.231 E49.70059
G1 X610.769 Y285.15 E635.45139
G1 X599.257 Y285.15 E49.70059
;WIPE_START
G1 F600
G1 X606.257 Y285.15 E-10
;WIPE_END
G1 Z89 F15000
G1 X714.85 Y563.553 Z89
G1 Z88
G1 E17 F9000
G1 F2779.614
G1 X714.85 Y552.04 E49.70059
G1 X447.96 Y285.15 E1629.46316
G1 X436.447 Y285.15 E49.70059
;WIPE_START
G1 F600
G1 X443.447 Y285.15 E-10
;WIPE_END
G1 Z89 F15000
G1 X436.447 Y714.85 Z89
G1 Z88
G1 E17 F9000
G1 F2779.614
G1 X447.959 Y714.85 E49.70059
G1 X714.85 Y447.96 E1629.46317
G1 X714.85 Y436.447 E49.70059
;WIPE_START
G1 F600
G1 X714.85 Y443.447 E-10
;WIPE_END
G1 Z89 F15000
G1 X703.338 Y714.85 Z89
G1 Z88
G1 E17 F9000
G1 F2779.614
G1 X714.85 Y714.85 E49.70059
G1 X285.15 Y285.15 E2623.47492
G1 X296.662 Y285.15 E49.70059
;WIPE_START
G1 F600
G1 X289.662 Y285.15 E-10
;WIPE_END
G1 Z89 F15000
G1 X296.662 Y714.85 Z89
G1 Z88
G1 E17 F9000
G1 F2779.614
G1 X285.15 Y714.85 E49.70028
G1 X714.85 Y285.15 E2623.47449
G1 X703.338 Y285.15 E49.70028
M73 P25 R570
;WIPE_START
G1 F600
G1 X710.338 Y285.15 E-10
;WIPE_END
G1 Z89 F15000
G1 X599.257 Y714.85 Z89
G1 Z88
G1 E17 F9000
G1 F2779.614
G1 X610.769 Y714.85 E49.70059
G1 X714.85 Y610.769 E635.45139
G1 X714.85 Y599.257 E49.70059
;WIPE_START
G1 F600
G1 X714.85 Y606.257 E-10
;WIPE_END
G1 Z89 F15000
G1 X563.553 Y714.85 Z89
G1 Z88
G1 E17 F9000
G1 F2779.614
G1 X552.04 Y714.85 E49.70059
G1 X285.15 Y447.96 E1629.46316
G1 X285.15 Y436.447 E49.70059
;WIPE_START
G1 F600
G1 X285.15 Y443.447 E-10
;WIPE_END
G1 Z89 F15000
G1 X400.743 Y714.85 Z89
G1 Z88
G1 E17 F9000
G1 F2779.614
G1 X389.231 Y714.85 E49.70059
G1 X285.15 Y610.769 E635.45139
G1 X285.15 Y599.257 E49.70059
; stop printing object Cube id:0 copy 0
;LAYER_CHANGE
;Z:89.5
;HEIGHT:1.5
;BEFORE_LAYER_CHANGE
;89.5
G92 E0

EXCLUDE_OBJECT_END NAME=Cube_id_0_copy_0
;AFTER_LAYER_CHANGE
;89.5
;_SET_FAN_SPEED_CHANGING_LAYER
; printing object Cube id:0 copy 0
;WIPE_START
G1 F600
G1 X285.15 Y606.257 E-10
;WIPE_END
EXCLUDE_OBJECT_START NAME=Cube_id_0_copy_0
G1 Z90.5 F15000
G1 X282.703 Y717.297 Z90.5
G1 Z89.5
G1 E17 F9000
;TYPE:Outer wall
;WIDTH:3.2
G1 F2779.615
G1 X282.703 Y282.703 E1876.19945
G1 X717.297 Y282.703 E1876.19945
G1 X717.297 Y717.297 E1876.19945
G1 X283.003 Y717.297 E1874.90431
M73 P25 R569
;WIPE_START
G1 F600
G1 X282.999 Y710.297 E-10
;WIPE_END
G1 Z90.5 F15000
G1 X285.15 Y599.257 Z90.5
G1 Z89.5
G1 E17 F9000
;TYPE:Sparse infill
;WIDTH:3.2
G1 F2779.614
G1 X285.15 Y610.769 E49.70059
G1 X389.231 Y714.85 E635.45139
G1 X400.743 Y714.85 E49.70059
;WIPE_START
G1 F600
G1 X393.743 Y714.85 E-10
;WIPE_END
G1 Z90.5 F15000
G1 X285.15 Y436.447 Z90.5
G1 Z89.5
G1 E17 F9000
G1 F2779.614
G1 X285.15 Y447.96 E49.70059
G1 X552.04 Y714.85 E1629.46316
G1 X563.553 Y714.85 E49.70059
;WIPE_START
G1 F600
G1 X556.553 Y714.85 E-10
;WIPE_END
G1 Z90.5 F15000
G1 X714.85 Y599.257 Z90.5
G1 Z89.5
G1 E17 F9000
G1 F2779.614
G1 X714.85 Y610.769 E49.70059
G1 X610.769 Y714.85 E635.45139
G1 X599.257 Y714.85 E49.70059
;WIPE_START
G1 F600
G1 X606.257 Y714.85 E-10
;WIPE_END
G1 Z90.5 F15000
G1 X714.85 Y436.447 Z90.5
G1 Z89.5
G1 E17 F9000
G1 F2779.614
G1 X714.85 Y447.96 E49.70059
G1 X447.959 Y714.85 E1629.46317
G1 X436.447 Y714.85 E49.70059
;WIPE_START
G1 F600
G1 X443.447 Y714.85 E-10
;WIPE_END
G1 Z90.5 F15000
G1 X436.447 Y285.15 Z90.5
G1 Z89.5
G1 E17 F9000
G1 F2779.614
G1 X447.96 Y285.15 E49.70059
G1 X714.85 Y552.04 E1629.46316
G1 X714.85 Y563.553 E49.70059
M73 P25 R568
;WIPE_START
G1 F600
G1 X714.85 Y556.553 E-10
;WIPE_END
G1 Z90.5 F15000
G1 X703.338 Y285.15 Z90.5
G1 Z89.5
G1 E17 F9000
G1 F2779.614
G1 X714.85 Y285.15 E49.70028
G1 X285.15 Y714.85 E2623.47449
G1 X296.662 Y714.85 E49.70028
M73 P26 R568
;WIPE_START
G1 F600
G1 X289.662 Y714.85 E-10
;WIPE_END
G1 Z90.5 F15000
G1 X296.662 Y285.15 Z90.5
G1 Z89.5
G1 E17 F9000
G1 F2779.614
G1 X285.15 Y285.15 E49.70059
G1 X714.85 Y714.85 E2623.47492
G1 X703.338 Y714.85 E49.70059
;WIPE_START
G1 F600
G1 X710.338 Y714.85 E-10
;WIPE_END
G1 Z90.5 F15000
G1 X599.257 Y285.15 Z90.5
G1 Z89.5
G1 E17 F9000
G1 F2779.614
G1 X610.769 Y285.15 E49.70059
G1 X714.85 Y389.231 E635.45139
G1 X714.85 Y400.743 E49.70059
;WIPE_START
G1 F600
G1 X714.85 Y393.743 E-10
;WIPE_END
G1 Z90.5 F15000
G1 X563.553 Y285.15 Z90.5
G1 Z89.5
G1 E17 F9000
G1 F2779.614
G1 X552.041 Y285.15 E49.70059
G1 X285.15 Y552.04 E1629.46316
G1 X285.15 Y563.553 E49.70059
;WIPE_START
G1 F600
G1 X285.15 Y556.553 E-10
;WIPE_END
G1 Z90.5 F15000
G1 X400.743 Y285.15 Z90.5
G1 Z89.5
G1 E17 F9000
G1 F2779.614
G1 X389.231 Y285.15 E49.70059
G1 X285.15 Y389.231 E635.45138
G1 X285.15 Y400.743 E49.70059
M73 P26 R567
; stop printing object Cube id:0 copy 0
;LAYER_CHANGE
;Z:91
;HEIGHT:1.5
;BEFORE_LAYER_CHANGE
;91
G92 E0

EXCLUDE_OBJECT_END NAME=Cube_id_0_copy_0
;AFTER_LAYER_CHANGE
;91
;_SET_FAN_SPEED_CHANGING_LAYER
; printing object Cube id:0 copy 0
;WIPE_START
G1 F600
G1 X285.15 Y393.743 E-10
;WIPE_END
EXCLUDE_OBJECT_START NAME=Cube_id_0_copy_0
G1 Z92 F15000
G1 X282.703 Y282.703 Z92
G1 Z91
G1 E17 F9000
;TYPE:Outer wall
;WIDTH:3.2
G1 F2779.615
G1 X717.297 Y282.703 E1876.19945
G1 X717.297 Y717.297 E1876.19945
G1 X282.703 Y717.297 E1876.19945
G1 X282.703 Y283.003 E1874.90431
;WIPE_START
G1 F600
G1 X289.703 Y282.999 E-10
;WIPE_END
G1 Z92 F15000
G1 X285.15 Y400.743 Z92
G1 Z91
G1 E17 F9000
;TYPE:Sparse infill
;WIDTH:3.2
G1 F2779.614
G1 X285.15 Y389.231 E49.70059
G1 X389.231 Y285.15 E635.45138
G1 X400.743 Y285.15 E49.70059
;WIPE_START
G1 F600
G1 X393.743 Y285.15 E-10
;WIPE_END
G1 Z92 F15000
G1 X285.15 Y563.553 Z92
G1 Z91
G1 E17 F9000
G1 F2779.614
G1 X285.15 Y552.04 E49.70059
G1 X552.041 Y285.15 E1629.46316
G1 X563.553 Y285.15 E49.70059
M73 P26 R566
;WIPE_START
G1 F600
G1 X556.553 Y285.15 E-10
;WIPE_END
G1 Z92 F15000
G1 X714.85 Y400.743 Z92
G1 Z91
G1 E17 F9000
G1 F2779.614
G1 X714.85 Y389.231 E49.70059
G1 X610.769 Y285.15 E635.45139
G1 X599.257 Y285.15 E49.70059
;WIPE_START
G1 F600
G1 X606.257 Y285.15 E-10
;WIPE_END
G1 Z92 F15000
G1 X714.85 Y563.553 Z92
G1 Z91
G1 E17 F9000
G1 F2779.614
G1 X714.85 Y552.04 E49.70059
G1 X447.96 Y285.15 E1629.46316
G1 X436.447 Y285.15 E49.70059
;WIPE_START
G1 F600
G1 X443.447 Y285.15 E-10
;WIPE_END
G1 Z92 F15000
G1 X436.447 Y714.85 Z92
G1 Z91
G1 E17 F9000
G1 F2779.614
G1 X447.959 Y714.85 E49.70059
G1 X714.85 Y447.96 E1629.46317
G1 X714.85 Y436.447 E49.70059
;WIPE_START
G1 F600
G1 X714.85 Y443.447 E-10
;WIPE_END
G1 Z92 F15000
G1 X703.338 Y714.85 Z92
G1 Z91
G1 E17 F9000
G1 F2779.614
G1 X714.85 Y714.85 E49.70059
G1 X285.15 Y285.15 E2623.47492
G1 X296.662 Y285.15 E49.70059
;WIPE_START
G1 F600
G1 X289.662 Y285.15 E-10
;WIPE_END
G1 Z92 F15000
G1 X296.662 Y714.85 Z92
G1 Z91
G1 E17 F9000
G1 F2779.614
G1 X285.15 Y714.85 E49.70028
G1 X714.85 Y285.15 E2623.47449
G1 X703.338 Y285.15 E49.70028
M73 P26 R565
;WIPE_START
G1 F600
G1 X710.338 Y285.15 E-10
;WIPE_END
G1 Z92 F15000
G1 X599.257 Y714.85 Z92
G1 Z91
G1 E17 F9000
G1 F2779.614
G1 X610.769 Y714.85 E49.70059
G1 X714.85 Y610.769 E635.45139
G1 X714.85 Y599.257 E49.70059
;WIPE_START
G1 F600
G1 X714.85 Y606.257 E-10
;WIPE_END
G1 Z92 F15000
G1 X563.553 Y714.85 Z92
G1 Z91
G1 E17 F9000
G1 F2779.614
G1 X552.04 Y714.85 E49.70059
G1 X285.15 Y447.96 E1629.46316
G1 X285.15 Y436.447 E49.70059
;WIPE_START
G1 F600
G1 X285.15 Y443.447 E-10
;WIPE_END
G1 Z92 F15000
G1 X400.743 Y714.85 Z92
G1 Z91
G1 E17 F9000
G1 F2779.614
G1 X389.231 Y714.85 E49.70059
G1 X285.15 Y610.769 E635.45139
G1 X285.15 Y599.257 E49.70059
; stop printing object Cube id:0 copy 0
;LAYER_CHANGE
;Z:92.5
;HEIGHT:1.5
;BEFORE_LAYER_CHANGE
;92.5
G92 E0

EXCLUDE_OBJECT_END NAME=Cube_id_0_copy_0
;AFTER_LAYER_CHANGE
;92.5
;_SET_FAN_SPEED_CHANGING_LAYER
; printing object Cube id:0 copy 0
;WIPE_START
G1 F600
G1 X285.15 Y606.257 E-10
;WIPE_END
EXCLUDE_OBJECT_START NAME=Cube_id_0_copy_0
G1 Z93.5 F15000
G1 X282.703 Y717.297 Z93.5
G1 Z92.5
G1 E17 F9000
;TYPE:Outer wall
;WIDTH:3.2
G1 F2779.615
G1 X282.703 Y282.703 E1876.19945
G1 X717.297 Y282.703 E1876.19945
G1 X717.297 Y717.297 E1876.19945
G1 X283.003 Y717.297 E1874.90431
M73 P26 R564
;WIPE_START
G1 F600
G1 X282.999 Y710.297 E-10
;WIPE_END
G1 Z93.5 F15000
G1 X285.15 Y599.257 Z93.5
G1 Z92.5
G1 E17 F9000
;TYPE:Sparse infill
;WIDTH:3.2
G1 F2779.614
G1 X285.15 Y610.769 E49.70059
G1 X389.231 Y714.85 E635.45139
G1 X400.743 Y714.85 E49.70059
;WIPE_START
G1 F600
G1 X393.743 Y714.85 E-10
;WIPE_END
G1 Z93.5 F15000
G1 X285.15 Y436.447 Z93.5
G1 Z92.5
G1 E17 F9000
G1 F2779.614
G1 X285.15 Y447.96 E49.70059
G1 X552.04 Y714.85 E1629.46316
G1 X563.553 Y714.85 E49.70059
;WIPE_START
G1 F600
G1 X556.553 Y714.85 E-10
;WIPE_END
G1 Z93.5 F15000
G1 X714.85 Y599.257 Z93.5
G1 Z92.5
G1 E17 F9000
G1 F2779.614
G1 X714.85 Y610.769 E49.70059
G1 X610.769 Y714.85 E635.45139
G1 X599.257 Y714.85 E49.70059
;WIPE_START
G1 F600
G1 X606.257 Y714.85 E-10
;WIPE_END
G1 Z93.5 F15000
G1 X714.85 Y436.447 Z93.5
G1 Z92.5
G1 E17 F9000
G1 F2779.614
G1 X714.85 Y447.96 E49.70059
G1 X447.959 Y714.85 E1629.46317
G1 X436.447 Y714.85 E49.70059
;WIPE_START
G1 F600
G1 X443.447 Y714.85 E-10
;WIPE_END
G1 Z93.5 F15000
G1 X436.447 Y285.15 Z93.5
G1 Z92.5
G1 E17 F9000
G1 F2779.614
G1 X447.96 Y285.15 E49.70059
G1 X714.85 Y552.04 E1629.46316
G1 X714.85 Y563.553 E49.70059
;WIPE_START
G1 F600
G1 X714.85 Y556.553 E-10
;WIPE_END
G1 Z93.5 F15000
G1 X703.338 Y285.15 Z93.5
G1 Z92.5
M73 P26 R563
G1 E17 F9000
G1 F2779.614
G1 X714.85 Y285.15 E49.70028
G1 X285.15 Y714.85 E2623.47449
G1 X296.662 Y714.85 E49.70028
;WIPE_START
G1 F600
G1 X289.662 Y714.85 E-10
;WIPE_END
G1 Z93.5 F15000
G1 X296.662 Y285.15 Z93.5
G1 Z92.5
G1 E17 F9000
G1 F2779.614
G1 X285.15 Y285.15 E49.70059
G1 X714.85 Y714.85 E2623.47492
G1 X703.338 Y714.85 E49.70059
;WIPE_START
G1 F600
G1 X710.338 Y714.85 E-10
;WIPE_END
G1 Z93.5 F15000
G1 X599.257 Y285.15 Z93.5
G1 Z92.5
G1 E17 F9000
G1 F2779.614
G1 X610.769 Y285.15 E49.70059
G1 X714.85 Y389.231 E635.45139
G1 X714.85 Y400.743 E49.70059
;WIPE_START
G1 F600
G1 X714.85 Y393.743 E-10
;WIPE_END
G1 Z93.5 F15000
G1 X563.553 Y285.15 Z93.5
G1 Z92.5
G1 E17 F9000
G1 F2779.614
G1 X552.041 Y285.15 E49.70059
G1 X285.15 Y552.04 E1629.46316
G1 X285.15 Y563.553 E49.70059
;WIPE_START
G1 F600
G1 X285.15 Y556.553 E-10
;WIPE_END
G1 Z93.5 F15000
G1 X400.743 Y285.15 Z93.5
G1 Z92.5
G1 E17 F9000
G1 F2779.614
G1 X389.231 Y285.15 E49.70059
G1 X285.15 Y389.231 E635.45138
G1 X285.15 Y400.743 E49.70059
; stop printing object Cube id:0 copy 0
;LAYER_CHANGE
;Z:94
;HEIGHT:1.5
;BEFORE_LAYER_CHANGE
;94
G92 E0

EXCLUDE_OBJECT_END NAME=Cube_id_0_copy_0
;AFTER_LAYER_CHANGE
;94
;_SET_FAN_SPEED_CHANGING_LAYER
; printing object Cube id:0 copy 0
;WIPE_START
G1 F600
G1 X285.15 Y393.743 E-10
;WIPE_END
EXCLUDE_OBJECT_START NAME=Cube_id_0_copy_0
G1 Z95 F15000
G1 X282.703 Y282.703 Z95
G1 Z94
G1 E17 F9000
;TYPE:Outer wall
;WIDTH:3.2
G1 F2779.615
G1 X717.297 Y282.703 E1876.19945
G1 X717.297 Y717.297 E1876.19945
M73 P26 R562
G1 X282.703 Y717.297 E1876.19945
G1 X282.703 Y283.003 E1874.90431
;WIPE_START
G1 F600
G1 X289.703 Y282.999 E-10
;WIPE_END
G1 Z95 F15000
G1 X285.15 Y400.743 Z95
G1 Z94
G1 E17 F9000
;TYPE:Sparse infill
;WIDTH:3.2
G1 F2779.614
G1 X285.15 Y389.231 E49.70059
G1 X389.231 Y285.15 E635.45138
G1 X400.743 Y285.15 E49.70059
;WIPE_START
G1 F600
G1 X393.743 Y285.15 E-10
;WIPE_END
G1 Z95 F15000
G1 X285.15 Y563.553 Z95
G1 Z94
G1 E17 F9000
G1 F2779.614
G1 X285.15 Y552.04 E49.70059
G1 X552.041 Y285.15 E1629.46316
G1 X563.553 Y285.15 E49.70059
;WIPE_START
G1 F600
G1 X556.553 Y285.15 E-10
;WIPE_END
G1 Z95 F15000
G1 X714.85 Y400.743 Z95
G1 Z94
G1 E17 F9000
G1 F2779.614
G1 X714.85 Y389.231 E49.70059
G1 X610.769 Y285.15 E635.45139
G1 X599.257 Y285.15 E49.70059
M73 P26 R561
;WIPE_START
G1 F600
G1 X606.257 Y285.15 E-10
;WIPE_END
G1 Z95 F15000
G1 X714.85 Y563.553 Z95
G1 Z94
G1 E17 F9000
G1 F2779.614
G1 X714.85 Y552.04 E49.70059
G1 X447.96 Y285.15 E1629.46316
G1 X436.447 Y285.15 E49.70059
;WIPE_START
G1 F600
G1 X443.447 Y285.15 E-10
;WIPE_END
G1 Z95 F15000
G1 X436.447 Y714.85 Z95
G1 Z94
G1 E17 F9000
G1 F2779.614
G1 X447.959 Y714.85 E49.70059
G1 X714.85 Y447.96 E1629.46317
G1 X714.85 Y436.447 E49.70059
;WIPE_START
G1 F600
G1 X714.85 Y443.447 E-10
;WIPE_END
G1 Z95 F15000
G1 X703.338 Y714.85 Z95
G1 Z94
G1 E17 F9000
G1 F2779.614
G1 X714.85 Y714.85 E49.70059
G1 X285.15 Y285.15 E2623.47492
G1 X296.662 Y285.15 E49.70059
;WIPE_START
G1 F600
G1 X289.662 Y285.15 E-10
;WIPE_END
G1 Z95 F15000
G1 X296.662 Y714.85 Z95
G1 Z94
G1 E17 F9000
G1 F2779.614
G1 X285.15 Y714.85 E49.70028
G1 X714.85 Y285.15 E2623.47449
G1 X703.338 Y285.15 E49.70028
;WIPE_START
G1 F600
G1 X710.338 Y285.15 E-10
;WIPE_END
G1 Z95 F15000
G1 X599.257 Y714.85 Z95
G1 Z94
M73 P27 R560
G1 E17 F9000
G1 F2779.614
G1 X610.769 Y714.85 E49.70059
G1 X714.85 Y610.769 E635.45139
G1 X714.85 Y599.257 E49.70059
;WIPE_START
G1 F600
G1 X714.85 Y606.257 E-10
;WIPE_END
G1 Z95 F15000
G1 X563.553 Y714.85 Z95
G1 Z94
G1 E17 F9000
G1 F2779.614
G1 X552.04 Y714.85 E49.70059
G1 X285.15 Y447.96 E1629.46316
G1 X285.15 Y436.447 E49.70059
;WIPE_START
G1 F600
G1 X285.15 Y443.447 E-10
;WIPE_END
G1 Z95 F15000
G1 X400.743 Y714.85 Z95
G1 Z94
G1 E17 F9000
G1 F2779.614
G1 X389.231 Y714.85 E49.70059
G1 X285.15 Y610.769 E635.45139
G1 X285.15 Y599.257 E49.70059
; stop printing object Cube id:0 copy 0
;LAYER_CHANGE
;Z:95.5
;HEIGHT:1.5
;BEFORE_LAYER_CHANGE
;95.5
G92 E0

EXCLUDE_OBJECT_END NAME=Cube_id_0_copy_0
;AFTER_LAYER_CHANGE
;95.5
;_SET_FAN_SPEED_CHANGING_LAYER
; printing object Cube id:0 copy 0
;WIPE_START
G1 F600
G1 X285.15 Y606.257 E-10
;WIPE_END
EXCLUDE_OBJECT_START NAME=Cube_id_0_copy_0
G1 Z96.5 F15000
G1 X282.703 Y717.297 Z96.5
G1 Z95.5
G1 E17 F9000
;TYPE:Outer wall
;WIDTH:3.2
G1 F2779.615
G1 X282.703 Y282.703 E1876.19945
G1 X717.297 Y282.703 E1876.19945
G1 X717.297 Y717.297 E1876.19945
G1 X283.003 Y717.297 E1874.90431
;WIPE_START
G1 F600
M73 P27 R559
G1 X282.999 Y710.297 E-10
;WIPE_END
G1 Z96.5 F15000
G1 X285.15 Y599.257 Z96.5
G1 Z95.5
G1 E17 F9000
;TYPE:Sparse infill
;WIDTH:3.2
G1 F2779.614
G1 X285.15 Y610.769 E49.70059
G1 X389.231 Y714.85 E635.45139
G1 X400.743 Y714.85 E49.70059
;WIPE_START
G1 F600
G1 X393.743 Y714.85 E-10
;WIPE_END
G1 Z96.5 F15000
G1 X285.15 Y436.447 Z96.5
G1 Z95.5
G1 E17 F9000
G1 F2779.614
G1 X285.15 Y447.96 E49.70059
G1 X552.04 Y714.85 E1629.46316
G1 X563.553 Y714.85 E49.70059
;WIPE_START
G1 F600
G1 X556.553 Y714.85 E-10
;WIPE_END
G1 Z96.5 F15000
G1 X714.85 Y599.257 Z96.5
G1 Z95.5
G1 E17 F9000
G1 F2779.614
G1 X714.85 Y610.769 E49.70059
G1 X610.769 Y714.85 E635.45139
G1 X599.257 Y714.85 E49.70059
;WIPE_START
G1 F600
G1 X606.257 Y714.85 E-10
;WIPE_END
G1 Z96.5 F15000
G1 X714.85 Y436.447 Z96.5
G1 Z95.5
G1 E17 F9000
G1 F2779.614
G1 X714.85 Y447.96 E49.70059
G1 X447.959 Y714.85 E1629.46317
G1 X436.447 Y714.85 E49.70059
;WIPE_START
G1 F600
G1 X443.447 Y714.85 E-10
;WIPE_END
G1 Z96.5 F15000
G1 X436.447 Y285.15 Z96.5
G1 Z95.5
G1 E17 F9000
G1 F2779.614
G1 X447.96 Y285.15 E49.70059
G1 X714.85 Y552.04 E1629.46316
G1 X714.85 Y563.553 E49.70059
;WIPE_START
G1 F600
G1 X714.85 Y556.553 E-10
;WIPE_END
G1 Z96.5 F15000
G1 X703.338 Y285.15 Z96.5
G1 Z95.5
G1 E17 F9000
G1 F2779.614
G1 X714.85 Y285.15 E49.70028
G1 X285.15 Y714.85 E2623.47449
G1 X296.662 Y714.85 E49.70028
M73 P27 R558
;WIPE_START
G1 F600
G1 X289.662 Y714.85 E-10
;WIPE_END
G1 Z96.5 F15000
G1 X296.662 Y285.15 Z96.5
G1 Z95.5
G1 E17 F9000
G1 F2779.614
G1 X285.15 Y285.15 E49.70059
G1 X714.85 Y714.85 E2623.47492
G1 X703.338 Y714.85 E49.70059
;WIPE_START
G1 F600
G1 X710.338 Y714.85 E-10
;WIPE_END
G1 Z96.5 F15000
G1 X599.257 Y285.15 Z96.5
G1 Z95.5
G1 E17 F9000
G1 F2779.614
G1 X610.769 Y285.15 E49.70059
G1 X714.85 Y389.231 E635.45139
G1 X714.85 Y400.743 E49.70059
;WIPE_START
G1 F600
G1 X714.85 Y393.743 E-10
;WIPE_END
G1 Z96.5 F15000
G1 X563.553 Y285.15 Z96.5
G1 Z95.5
G1 E17 F9000
G1 F2779.614
G1 X552.041 Y285.15 E49.70059
G1 X285.15 Y552.04 E1629.46316
G1 X285.15 Y563.553 E49.70059
;WIPE_START
G1 F600
G1 X285.15 Y556.553 E-10
;WIPE_END
G1 Z96.5 F15000
G1 X400.743 Y285.15 Z96.5
G1 Z95.5
G1 E17 F9000
G1 F2779.614
G1 X389.231 Y285.15 E49.70059
G1 X285.15 Y389.231 E635.45138
G1 X285.15 Y400.743 E49.70059
; stop printing object Cube id:0 copy 0
;LAYER_CHANGE
;Z:97
;HEIGHT:1.5
;BEFORE_LAYER_CHANGE
;97
G92 E0

EXCLUDE_OBJECT_END NAME=Cube_id_0_copy_0
;AFTER_LAYER_CHANGE
;97
;_SET_FAN_SPEED_CHANGING_LAYER
; printing object Cube id:0 copy 0
;WIPE_START
G1 F600
G1 X285.15 Y393.743 E-10
;WIPE_END
EXCLUDE_OBJECT_START NAME=Cube_id_0_copy_0
G1 Z98 F15000
G1 X282.703 Y282.703 Z98
G1 Z97
G1 E17 F9000
;TYPE:Outer wall
;WIDTH:3.2
G1 F2779.615
G1 X717.297 Y282.703 E1876.19945
G1 X717.297 Y717.297 E1876.19945
M73 P27 R557
G1 X282.703 Y717.297 E1876.19945
G1 X282.703 Y283.003 E1874.90431
;WIPE_START
G1 F600
G1 X289.703 Y282.999 E-10
;WIPE_END
G1 Z98 F15000
G1 X285.15 Y400.743 Z98
G1 Z97
G1 E17 F9000
;TYPE:Sparse infill
;WIDTH:3.2
G1 F2779.614
G1 X285.15 Y389.231 E49.70059
G1 X389.231 Y285.15 E635.45138
G1 X400.743 Y285.15 E49.70059
;WIPE_START
G1 F600
G1 X393.743 Y285.15 E-10
;WIPE_END
G1 Z98 F15000
G1 X285.15 Y563.553 Z98
G1 Z97
G1 E17 F9000
G1 F2779.614
G1 X285.15 Y552.04 E49.70059
G1 X552.041 Y285.15 E1629.46316
G1 X563.553 Y285.15 E49.70059
;WIPE_START
G1 F600
G1 X556.553 Y285.15 E-10
;WIPE_END
G1 Z98 F15000
G1 X714.85 Y400.743 Z98
G1 Z97
G1 E17 F9000
G1 F2779.614
G1 X714.85 Y389.231 E49.70059
G1 X610.769 Y285.15 E635.45139
G1 X599.257 Y285.15 E49.70059
;WIPE_START
G1 F600
G1 X606.257 Y285.15 E-10
;WIPE_END
G1 Z98 F15000
G1 X714.85 Y563.553 Z98
G1 Z97
G1 E17 F9000
G1 F2779.614
G1 X714.85 Y552.04 E49.70059
G1 X447.96 Y285.15 E1629.46316
G1 X436.447 Y285.15 E49.70059
M73 P27 R556
;WIPE_START
G1 F600
G1 X443.447 Y285.15 E-10
;WIPE_END
G1 Z98 F15000
G1 X436.447 Y714.85 Z98
G1 Z97
G1 E17 F9000
G1 F2779.614
G1 X447.959 Y714.85 E49.70059
G1 X714.85 Y447.96 E1629.46317
G1 X714.85 Y436.447 E49.70059
;WIPE_START
G1 F600
G1 X714.85 Y443.447 E-10
;WIPE_END
G1 Z98 F15000
G1 X703.338 Y714.85 Z98
G1 Z97
G1 E17 F9000
G1 F2779.614
G1 X714.85 Y714.85 E49.70059
G1 X285.15 Y285.15 E2623.47492
G1 X296.662 Y285.15 E49.70059
;WIPE_START
G1 F600
G1 X289.662 Y285.15 E-10
;WIPE_END
G1 Z98 F15000
G1 X296.662 Y714.85 Z98
G1 Z97
G1 E17 F9000
G1 F2779.614
G1 X285.15 Y714.85 E49.70028
G1 X714.85 Y285.15 E2623.47449
G1 X703.338 Y285.15 E49.70028
;WIPE_START
G1 F600
G1 X710.338 Y285.15 E-10
;WIPE_END
G1 Z98 F15000
G1 X599.257 Y714.85 Z98
G1 Z97
G1 E17 F9000
G1 F2779.614
G1 X610.769 Y714.85 E49.70059
G1 X714.85 Y610.769 E635.45139
G1 X714.85 Y599.257 E49.70059
;WIPE_START
G1 F600
G1 X714.85 Y606.257 E-10
;WIPE_END
G1 Z98 F15000
M73 P27 R555
G1 X563.553 Y714.85 Z98
G1 Z97
G1 E17 F9000
G1 F2779.614
G1 X552.04 Y714.85 E49.70059
G1 X285.15 Y447.96 E1629.46316
G1 X285.15 Y436.447 E49.70059
;WIPE_START
G1 F600
G1 X285.15 Y443.447 E-10
;WIPE_END
G1 Z98 F15000
G1 X400.743 Y714.85 Z98
G1 Z97
G1 E17 F9000
G1 F2779.614
G1 X389.231 Y714.85 E49.70059
G1 X285.15 Y610.769 E635.45139
G1 X285.15 Y599.257 E49.70059
; stop printing object Cube id:0 copy 0
;LAYER_CHANGE
;Z:98.5
;HEIGHT:1.5
;BEFORE_LAYER_CHANGE
;98.5
G92 E0

EXCLUDE_OBJECT_END NAME=Cube_id_0_copy_0
;AFTER_LAYER_CHANGE
;98.5
;_SET_FAN_SPEED_CHANGING_LAYER
; printing object Cube id:0 copy 0
;WIPE_START
G1 F600
G1 X285.15 Y606.257 E-10
;WIPE_END
EXCLUDE_OBJECT_START NAME=Cube_id_0_copy_0
G1 Z99.5 F15000
G1 X282.703 Y717.297 Z99.5
G1 Z98.5
G1 E17 F9000
;TYPE:Outer wall
;WIDTH:3.2
G1 F2779.615
G1 X282.703 Y282.703 E1876.19945
G1 X717.297 Y282.703 E1876.19945
G1 X717.297 Y717.297 E1876.19945
G1 X283.003 Y717.297 E1874.90431
;WIPE_START
G1 F600
G1 X282.999 Y710.297 E-10
;WIPE_END
G1 Z99.5 F15000
G1 X285.15 Y599.257 Z99.5
G1 Z98.5
G1 E17 F9000
;TYPE:Sparse infill
;WIDTH:3.2
G1 F2779.614
G1 X285.15 Y610.769 E49.70059
G1 X389.231 Y714.85 E635.45139
G1 X400.743 Y714.85 E49.70059
M73 P27 R554
;WIPE_START
G1 F600
G1 X393.743 Y714.85 E-10
;WIPE_END
G1 Z99.5 F15000
G1 X285.15 Y436.447 Z99.5
G1 Z98.5
G1 E17 F9000
G1 F2779.614
G1 X285.15 Y447.96 E49.70059
G1 X552.04 Y714.85 E1629.46316
G1 X563.553 Y714.85 E49.70059
;WIPE_START
G1 F600
G1 X556.553 Y714.85 E-10
;WIPE_END
G1 Z99.5 F15000
G1 X714.85 Y599.257 Z99.5
G1 Z98.5
G1 E17 F9000
G1 F2779.614
G1 X714.85 Y610.769 E49.70059
G1 X610.769 Y714.85 E635.45139
G1 X599.257 Y714.85 E49.70059
;WIPE_START
G1 F600
G1 X606.257 Y714.85 E-10
;WIPE_END
G1 Z99.5 F15000
G1 X714.85 Y436.447 Z99.5
G1 Z98.5
G1 E17 F9000
G1 F2779.614
G1 X714.85 Y447.96 E49.70059
G1 X447.959 Y714.85 E1629.46317
G1 X436.447 Y714.85 E49.70059
;WIPE_START
G1 F600
G1 X443.447 Y714.85 E-10
;WIPE_END
G1 Z99.5 F15000
G1 X436.447 Y285.15 Z99.5
G1 Z98.5
G1 E17 F9000
G1 F2779.614
G1 X447.96 Y285.15 E49.70059
G1 X714.85 Y552.04 E1629.46316
G1 X714.85 Y563.553 E49.70059
;WIPE_START
G1 F600
G1 X714.85 Y556.553 E-10
;WIPE_END
G1 Z99.5 F15000
G1 X703.338 Y285.15 Z99.5
G1 Z98.5
G1 E17 F9000
G1 F2779.614
G1 X714.85 Y285.15 E49.70028
G1 X285.15 Y714.85 E2623.47449
G1 X296.662 Y714.85 E49.70028
M73 P27 R553
;WIPE_START
G1 F600
G1 X289.662 Y714.85 E-10
;WIPE_END
G1 Z99.5 F15000
G1 X296.662 Y285.15 Z99.5
G1 Z98.5
G1 E17 F9000
G1 F2779.614
G1 X285.15 Y285.15 E49.70059
G1 X714.85 Y714.85 E2623.47492
G1 X703.338 Y714.85 E49.70059
;WIPE_START
G1 F600
G1 X710.338 Y714.85 E-10
;WIPE_END
G1 Z99.5 F15000
G1 X599.257 Y285.15 Z99.5
G1 Z98.5
G1 E17 F9000
G1 F2779.614
G1 X610.769 Y285.15 E49.70059
G1 X714.85 Y389.231 E635.45139
G1 X714.85 Y400.743 E49.70059
;WIPE_START
G1 F600
G1 X714.85 Y393.743 E-10
;WIPE_END
G1 Z99.5 F15000
G1 X563.553 Y285.15 Z99.5
G1 Z98.5
G1 E17 F9000
G1 F2779.614
G1 X552.041 Y285.15 E49.70059
G1 X285.15 Y552.04 E1629.46316
G1 X285.15 Y563.553 E49.70059
;WIPE_START
G1 F600
G1 X285.15 Y556.553 E-10
;WIPE_END
G1 Z99.5 F15000
G1 X400.743 Y285.15 Z99.5
G1 Z98.5
G1 E17 F9000
G1 F2779.614
G1 X389.231 Y285.15 E49.70059
G1 X285.15 Y389.231 E635.45138
G1 X285.15 Y400.743 E49.70059
M73 P28 R553
; stop printing object Cube id:0 copy 0
;LAYER_CHANGE
;Z:100
;HEIGHT:1.5
;BEFORE_LAYER_CHANGE
;100
G92 E0

EXCLUDE_OBJECT_END NAME=Cube_id_0_copy_0
;AFTER_LAYER_CHANGE
;100
;_SET_FAN_SPEED_CHANGING_LAYER
; printing object Cube id:0 copy 0
;WIPE_START
G1 F600
G1 X285.15 Y393.743 E-10
;WIPE_END
EXCLUDE_OBJECT_START NAME=Cube_id_0_copy_0
G1 Z101 F15000
G1 X282.703 Y282.703 Z101
G1 Z100
G1 E17 F9000
;TYPE:Outer wall
;WIDTH:3.2
G1 F2779.615
G1 X717.297 Y282.703 E1876.19945
G1 X717.297 Y717.297 E1876.19945
G1 X282.703 Y717.297 E1876.19945
M73 P28 R552
G1 X282.703 Y283.003 E1874.90431
;WIPE_START
G1 F600
G1 X289.703 Y282.999 E-10
;WIPE_END
G1 Z101 F15000
G1 X285.15 Y400.743 Z101
G1 Z100
G1 E17 F9000
;TYPE:Sparse infill
;WIDTH:3.2
G1 F2779.614
G1 X285.15 Y389.231 E49.70059
G1 X389.231 Y285.15 E635.45138
G1 X400.743 Y285.15 E49.70059
;WIPE_START
G1 F600
G1 X393.743 Y285.15 E-10
;WIPE_END
G1 Z101 F15000
G1 X285.15 Y563.553 Z101
G1 Z100
G1 E17 F9000
G1 F2779.614
G1 X285.15 Y552.04 E49.70059
G1 X552.041 Y285.15 E1629.46316
G1 X563.553 Y285.15 E49.70059
;WIPE_START
G1 F600
G1 X556.553 Y285.15 E-10
;WIPE_END
G1 Z101 F15000
G1 X714.85 Y400.743 Z101
G1 Z100
G1 E17 F9000
G1 F2779.614
G1 X714.85 Y389.231 E49.70059
G1 X610.769 Y285.15 E635.45139
G1 X599.257 Y285.15 E49.70059
;WIPE_START
G1 F600
G1 X606.257 Y285.15 E-10
;WIPE_END
G1 Z101 F15000
G1 X714.85 Y563.553 Z101
G1 Z100
G1 E17 F9000
G1 F2779.614
G1 X714.85 Y552.04 E49.70059
G1 X447.96 Y285.15 E1629.46316
G1 X436.447 Y285.15 E49.70059
;WIPE_START
G1 F600
M73 P28 R551
G1 X443.447 Y285.15 E-10
;WIPE_END
G1 Z101 F15000
G1 X436.447 Y714.85 Z101
G1 Z100
G1 E17 F9000
G1 F2779.614
G1 X447.959 Y714.85 E49.70059
G1 X714.85 Y447.96 E1629.46317
G1 X714.85 Y436.447 E49.70059
;WIPE_START
G1 F600
G1 X714.85 Y443.447 E-10
;WIPE_END
G1 Z101 F15000
G1 X703.338 Y714.85 Z101
G1 Z100
G1 E17 F9000
G1 F2779.614
G1 X714.85 Y714.85 E49.70059
G1 X285.15 Y285.15 E2623.47492
G1 X296.662 Y285.15 E49.70059
;WIPE_START
G1 F600
G1 X289.662 Y285.15 E-10
;WIPE_END
G1 Z101 F15000
G1 X296.662 Y714.85 Z101
G1 Z100
G1 E17 F9000
G1 F2779.614
G1 X285.15 Y714.85 E49.70028
G1 X714.85 Y285.15 E2623.47449
G1 X703.338 Y285.15 E49.70028
;WIPE_START
G1 F600
G1 X710.338 Y285.15 E-10
;WIPE_END
G1 Z101 F15000
G1 X599.257 Y714.85 Z101
G1 Z100
G1 E17 F9000
G1 F2779.614
G1 X610.769 Y714.85 E49.70059
G1 X714.85 Y610.769 E635.45139
G1 X714.85 Y599.257 E49.70059
;WIPE_START
G1 F600
G1 X714.85 Y606.257 E-10
;WIPE_END
G1 Z101 F15000
G1 X563.553 Y714.85 Z101
G1 Z100
G1 E17 F9000
G1 F2779.614
G1 X552.04 Y714.85 E49.70059
G1 X285.15 Y447.96 E1629.46316
G1 X285.15 Y436.447 E49.70059
M73 P28 R550
;WIPE_START
G1 F600
G1 X285.15 Y443.447 E-10
;WIPE_END
G1 Z101 F15000
G1 X400.743 Y714.85 Z101
G1 Z100
G1 E17 F9000
G1 F2779.614
G1 X389.231 Y714.85 E49.70059
G1 X285.15 Y610.769 E635.45139
G1 X285.15 Y599.257 E49.70059
; stop printing object Cube id:0 copy 0
;LAYER_CHANGE
;Z:101.5
;HEIGHT:1.5
;BEFORE_LAYER_CHANGE
;101.5
G92 E0

EXCLUDE_OBJECT_END NAME=Cube_id_0_copy_0
;AFTER_LAYER_CHANGE
;101.5
;_SET_FAN_SPEED_CHANGING_LAYER
; printing object Cube id:0 copy 0
;WIPE_START
G1 F600
G1 X285.15 Y606.257 E-10
;WIPE_END
EXCLUDE_OBJECT_START NAME=Cube_id_0_copy_0
G1 Z102.5 F15000
G1 X282.703 Y717.297 Z102.5
G1 Z101.5
G1 E17 F9000
;TYPE:Outer wall
;WIDTH:3.2
G1 F2779.615
G1 X282.703 Y282.703 E1876.19945
G1 X717.297 Y282.703 E1876.19945
G1 X717.297 Y717.297 E1876.19945
G1 X283.003 Y717.297 E1874.90431
;WIPE_START
G1 F600
G1 X282.999 Y710.297 E-10
;WIPE_END
G1 Z102.5 F15000
G1 X285.15 Y599.257 Z102.5
G1 Z101.5
G1 E17 F9000
;TYPE:Sparse infill
;WIDTH:3.2
G1 F2779.614
G1 X285.15 Y610.769 E49.70059
G1 X389.231 Y714.85 E635.45139
G1 X400.743 Y714.85 E49.70059
;WIPE_START
G1 F600
G1 X393.743 Y714.85 E-10
;WIPE_END
G1 Z102.5 F15000
G1 X285.15 Y436.447 Z102.5
G1 Z101.5
G1 E17 F9000
G1 F2779.614
M73 P28 R549
G1 X285.15 Y447.96 E49.70059
G1 X552.04 Y714.85 E1629.46316
G1 X563.553 Y714.85 E49.70059
;WIPE_START
G1 F600
G1 X556.553 Y714.85 E-10
;WIPE_END
G1 Z102.5 F15000
G1 X714.85 Y599.257 Z102.5
G1 Z101.5
G1 E17 F9000
G1 F2779.614
G1 X714.85 Y610.769 E49.70059
G1 X610.769 Y714.85 E635.45139
G1 X599.257 Y714.85 E49.70059
;WIPE_START
G1 F600
G1 X606.257 Y714.85 E-10
;WIPE_END
G1 Z102.5 F15000
G1 X714.85 Y436.447 Z102.5
G1 Z101.5
G1 E17 F9000
G1 F2779.614
G1 X714.85 Y447.96 E49.70059
G1 X447.959 Y714.85 E1629.46317
G1 X436.447 Y714.85 E49.70059
;WIPE_START
G1 F600
G1 X443.447 Y714.85 E-10
;WIPE_END
G1 Z102.5 F15000
G1 X436.447 Y285.15 Z102.5
G1 Z101.5
G1 E17 F9000
G1 F2779.614
G1 X447.96 Y285.15 E49.70059
G1 X714.85 Y552.04 E1629.46316
G1 X714.85 Y563.553 E49.70059
;WIPE_START
G1 F600
G1 X714.85 Y556.553 E-10
;WIPE_END
G1 Z102.5 F15000
G1 X703.338 Y285.15 Z102.5
G1 Z101.5
G1 E17 F9000
G1 F2779.614
G1 X714.85 Y285.15 E49.70028
G1 X285.15 Y714.85 E2623.47449
G1 X296.662 Y714.85 E49.70028
;WIPE_START
G1 F600
G1 X289.662 Y714.85 E-10
;WIPE_END
G1 Z102.5 F15000
G1 X296.662 Y285.15 Z102.5
G1 Z101.5
G1 E17 F9000
G1 F2779.614
G1 X285.15 Y285.15 E49.70059
G1 X714.85 Y714.85 E2623.47492
G1 X703.338 Y714.85 E49.70059
M73 P28 R548
;WIPE_START
G1 F600
G1 X710.338 Y714.85 E-10
;WIPE_END
G1 Z102.5 F15000
G1 X599.257 Y285.15 Z102.5
G1 Z101.5
G1 E17 F9000
G1 F2779.614
G1 X610.769 Y285.15 E49.70059
G1 X714.85 Y389.231 E635.45139
G1 X714.85 Y400.743 E49.70059
;WIPE_START
G1 F600
G1 X714.85 Y393.743 E-10
;WIPE_END
G1 Z102.5 F15000
G1 X563.553 Y285.15 Z102.5
G1 Z101.5
G1 E17 F9000
G1 F2779.614
G1 X552.041 Y285.15 E49.70059
G1 X285.15 Y552.04 E1629.46316
G1 X285.15 Y563.553 E49.70059
;WIPE_START
G1 F600
G1 X285.15 Y556.553 E-10
;WIPE_END
G1 Z102.5 F15000
G1 X400.743 Y285.15 Z102.5
G1 Z101.5
G1 E17 F9000
G1 F2779.614
G1 X389.231 Y285.15 E49.70059
G1 X285.15 Y389.231 E635.45138
G1 X285.15 Y400.743 E49.70059
; stop printing object Cube id:0 copy 0
;LAYER_CHANGE
;Z:103
;HEIGHT:1.5
;BEFORE_LAYER_CHANGE
;103
G92 E0

EXCLUDE_OBJECT_END NAME=Cube_id_0_copy_0
;AFTER_LAYER_CHANGE
;103
;_SET_FAN_SPEED_CHANGING_LAYER
; printing object Cube id:0 copy 0
;WIPE_START
G1 F600
G1 X285.15 Y393.743 E-10
;WIPE_END
EXCLUDE_OBJECT_START NAME=Cube_id_0_copy_0
G1 Z104 F15000
G1 X282.703 Y282.703 Z104
G1 Z103
G1 E17 F9000
;TYPE:Outer wall
;WIDTH:3.2
G1 F2779.615
G1 X717.297 Y282.703 E1876.19945
G1 X717.297 Y717.297 E1876.19945
G1 X282.703 Y717.297 E1876.19945
G1 X282.703 Y283.003 E1874.90431
M73 P28 R547
;WIPE_START
G1 F600
G1 X289.703 Y282.999 E-10
;WIPE_END
G1 Z104 F15000
G1 X285.15 Y400.743 Z104
G1 Z103
G1 E17 F9000
;TYPE:Sparse infill
;WIDTH:3.2
G1 F2779.614
G1 X285.15 Y389.231 E49.70059
G1 X389.231 Y285.15 E635.45138
G1 X400.743 Y285.15 E49.70059
;WIPE_START
G1 F600
G1 X393.743 Y285.15 E-10
;WIPE_END
G1 Z104 F15000
G1 X285.15 Y563.553 Z104
G1 Z103
G1 E17 F9000
G1 F2779.614
G1 X285.15 Y552.04 E49.70059
G1 X552.041 Y285.15 E1629.46316
G1 X563.553 Y285.15 E49.70059
;WIPE_START
G1 F600
G1 X556.553 Y285.15 E-10
;WIPE_END
G1 Z104 F15000
G1 X714.85 Y400.743 Z104
G1 Z103
G1 E17 F9000
G1 F2779.614
G1 X714.85 Y389.231 E49.70059
G1 X610.769 Y285.15 E635.45139
G1 X599.257 Y285.15 E49.70059
;WIPE_START
G1 F600
G1 X606.257 Y285.15 E-10
;WIPE_END
G1 Z104 F15000
G1 X714.85 Y563.553 Z104
G1 Z103
G1 E17 F9000
G1 F2779.614
G1 X714.85 Y552.04 E49.70059
G1 X447.96 Y285.15 E1629.46316
G1 X436.447 Y285.15 E49.70059
;WIPE_START
G1 F600
G1 X443.447 Y285.15 E-10
;WIPE_END
G1 Z104 F15000
G1 X436.447 Y714.85 Z104
G1 Z103
G1 E17 F9000
G1 F2779.614
G1 X447.959 Y714.85 E49.70059
G1 X714.85 Y447.96 E1629.46317
G1 X714.85 Y436.447 E49.70059
M73 P28 R546
;WIPE_START
G1 F600
G1 X714.85 Y443.447 E-10
;WIPE_END
G1 Z104 F15000
G1 X703.338 Y714.85 Z104
G1 Z103
G1 E17 F9000
G1 F2779.614
G1 X714.85 Y714.85 E49.70059
G1 X285.15 Y285.15 E2623.47492
G1 X296.662 Y285.15 E49.70059
;WIPE_START
G1 F600
G1 X289.662 Y285.15 E-10
;WIPE_END
G1 Z104 F15000
G1 X296.662 Y714.85 Z104
G1 Z103
G1 E17 F9000
G1 F2779.614
G1 X285.15 Y714.85 E49.70028
G1 X714.85 Y285.15 E2623.47449
G1 X703.338 Y285.15 E49.70028
;WIPE_START
G1 F600
G1 X710.338 Y285.15 E-10
;WIPE_END
G1 Z104 F15000
G1 X599.257 Y714.85 Z104
G1 Z103
G1 E17 F9000
G1 F2779.614
G1 X610.769 Y714.85 E49.70059
G1 X714.85 Y610.769 E635.45139
G1 X714.85 Y599.257 E49.70059
;WIPE_START
G1 F600
G1 X714.85 Y606.257 E-10
;WIPE_END
G1 Z104 F15000
G1 X563.553 Y714.85 Z104
G1 Z103
G1 E17 F9000
G1 F2779.614
G1 X552.04 Y714.85 E49.70059
G1 X285.15 Y447.96 E1629.46316
G1 X285.15 Y436.447 E49.70059
;WIPE_START
G1 F600
G1 X285.15 Y443.447 E-10
;WIPE_END
G1 Z104 F15000
G1 X400.743 Y714.85 Z104
G1 Z103
M73 P28 R545
G1 E17 F9000
G1 F2779.614
G1 X389.231 Y714.85 E49.70059
G1 X285.15 Y610.769 E635.45139
G1 X285.15 Y599.257 E49.70059
; stop printing object Cube id:0 copy 0
;LAYER_CHANGE
;Z:104.5
;HEIGHT:1.5
;BEFORE_LAYER_CHANGE
;104.5
G92 E0

EXCLUDE_OBJECT_END NAME=Cube_id_0_copy_0
;AFTER_LAYER_CHANGE
;104.5
;_SET_FAN_SPEED_CHANGING_LAYER
; printing object Cube id:0 copy 0
;WIPE_START
G1 F600
G1 X285.15 Y606.257 E-10
;WIPE_END
EXCLUDE_OBJECT_START NAME=Cube_id_0_copy_0
G1 Z105.5 F15000
G1 X282.703 Y717.297 Z105.5
G1 Z104.5
G1 E17 F9000
;TYPE:Outer wall
;WIDTH:3.2
G1 F2779.615
G1 X282.703 Y282.703 E1876.19945
G1 X717.297 Y282.703 E1876.19945
G1 X717.297 Y717.297 E1876.19945
M73 P29 R545
G1 X283.003 Y717.297 E1874.90431
;WIPE_START
G1 F600
G1 X282.999 Y710.297 E-10
;WIPE_END
G1 Z105.5 F15000
G1 X285.15 Y599.257 Z105.5
G1 Z104.5
G1 E17 F9000
;TYPE:Sparse infill
;WIDTH:3.2
G1 F2779.614
G1 X285.15 Y610.769 E49.70059
G1 X389.231 Y714.85 E635.45139
G1 X400.743 Y714.85 E49.70059
;WIPE_START
G1 F600
G1 X393.743 Y714.85 E-10
;WIPE_END
G1 Z105.5 F15000
G1 X285.15 Y436.447 Z105.5
G1 Z104.5
G1 E17 F9000
G1 F2779.614
G1 X285.15 Y447.96 E49.70059
G1 X552.04 Y714.85 E1629.46316
G1 X563.553 Y714.85 E49.70059
M73 P29 R544
;WIPE_START
G1 F600
G1 X556.553 Y714.85 E-10
;WIPE_END
G1 Z105.5 F15000
G1 X714.85 Y599.257 Z105.5
G1 Z104.5
G1 E17 F9000
G1 F2779.614
G1 X714.85 Y610.769 E49.70059
G1 X610.769 Y714.85 E635.45139
G1 X599.257 Y714.85 E49.70059
;WIPE_START
G1 F600
G1 X606.257 Y714.85 E-10
;WIPE_END
G1 Z105.5 F15000
G1 X714.85 Y436.447 Z105.5
G1 Z104.5
G1 E17 F9000
G1 F2779.614
G1 X714.85 Y447.96 E49.70059
G1 X447.959 Y714.85 E1629.46317
G1 X436.447 Y714.85 E49.70059
;WIPE_START
G1 F600
G1 X443.447 Y714.85 E-10
;WIPE_END
G1 Z105.5 F15000
G1 X436.447 Y285.15 Z105.5
G1 Z104.5
G1 E17 F9000
G1 F2779.614
G1 X447.96 Y285.15 E49.70059
G1 X714.85 Y552.04 E1629.46316
G1 X714.85 Y563.553 E49.70059
;WIPE_START
G1 F600
G1 X714.85 Y556.553 E-10
;WIPE_END
G1 Z105.5 F15000
G1 X703.338 Y285.15 Z105.5
G1 Z104.5
G1 E17 F9000
G1 F2779.614
G1 X714.85 Y285.15 E49.70028
G1 X285.15 Y714.85 E2623.47449
G1 X296.662 Y714.85 E49.70028
;WIPE_START
G1 F600
G1 X289.662 Y714.85 E-10
;WIPE_END
G1 Z105.5 F15000
G1 X296.662 Y285.15 Z105.5
G1 Z104.5
G1 E17 F9000
G1 F2779.614
G1 X285.15 Y285.15 E49.70059
G1 X714.85 Y714.85 E2623.47492
G1 X703.338 Y714.85 E49.70059
M73 P29 R543
;WIPE_START
G1 F600
G1 X710.338 Y714.85 E-10
;WIPE_END
G1 Z105.5 F15000
G1 X599.257 Y285.15 Z105.5
G1 Z104.5
G1 E17 F9000
G1 F2779.614
G1 X610.769 Y285.15 E49.70059
G1 X714.85 Y389.231 E635.45139
G1 X714.85 Y400.743 E49.70059
;WIPE_START
G1 F600
G1 X714.85 Y393.743 E-10
;WIPE_END
G1 Z105.5 F15000
G1 X563.553 Y285.15 Z105.5
G1 Z104.5
G1 E17 F9000
G1 F2779.614
G1 X552.041 Y285.15 E49.70059
G1 X285.15 Y552.04 E1629.46316
G1 X285.15 Y563.553 E49.70059
;WIPE_START
G1 F600
G1 X285.15 Y556.553 E-10
;WIPE_END
G1 Z105.5 F15000
G1 X400.743 Y285.15 Z105.5
G1 Z104.5
G1 E17 F9000
G1 F2779.614
G1 X389.231 Y285.15 E49.70059
G1 X285.15 Y389.231 E635.45138
G1 X285.15 Y400.743 E49.70059
; stop printing object Cube id:0 copy 0
;LAYER_CHANGE
;Z:106
;HEIGHT:1.5
;BEFORE_LAYER_CHANGE
;106
G92 E0

EXCLUDE_OBJECT_END NAME=Cube_id_0_copy_0
;AFTER_LAYER_CHANGE
;106
;_SET_FAN_SPEED_CHANGING_LAYER
; printing object Cube id:0 copy 0
;WIPE_START
G1 F600
G1 X285.15 Y393.743 E-10
;WIPE_END
EXCLUDE_OBJECT_START NAME=Cube_id_0_copy_0
G1 Z107 F15000
G1 X282.703 Y282.703 Z107
G1 Z106
G1 E17 F9000
;TYPE:Outer wall
;WIDTH:3.2
G1 F2779.615
G1 X717.297 Y282.703 E1876.19945
G1 X717.297 Y717.297 E1876.19945
G1 X282.703 Y717.297 E1876.19945
G1 X282.703 Y283.003 E1874.90431
M73 P29 R542
;WIPE_START
G1 F600
G1 X289.703 Y282.999 E-10
;WIPE_END
G1 Z107 F15000
G1 X285.15 Y400.743 Z107
G1 Z106
G1 E17 F9000
;TYPE:Sparse infill
;WIDTH:3.2
G1 F2779.614
G1 X285.15 Y389.231 E49.70059
G1 X389.231 Y285.15 E635.45138
G1 X400.743 Y285.15 E49.70059
;WIPE_START
G1 F600
G1 X393.743 Y285.15 E-10
;WIPE_END
G1 Z107 F15000
G1 X285.15 Y563.553 Z107
G1 Z106
G1 E17 F9000
G1 F2779.614
G1 X285.15 Y552.04 E49.70059
G1 X552.041 Y285.15 E1629.46316
G1 X563.553 Y285.15 E49.70059
;WIPE_START
G1 F600
G1 X556.553 Y285.15 E-10
;WIPE_END
G1 Z107 F15000
G1 X714.85 Y400.743 Z107
G1 Z106
G1 E17 F9000
G1 F2779.614
G1 X714.85 Y389.231 E49.70059
G1 X610.769 Y285.15 E635.45139
G1 X599.257 Y285.15 E49.70059
;WIPE_START
G1 F600
G1 X606.257 Y285.15 E-10
;WIPE_END
G1 Z107 F15000
G1 X714.85 Y563.553 Z107
G1 Z106
G1 E17 F9000
G1 F2779.614
G1 X714.85 Y552.04 E49.70059
G1 X447.96 Y285.15 E1629.46316
G1 X436.447 Y285.15 E49.70059
;WIPE_START
G1 F600
G1 X443.447 Y285.15 E-10
;WIPE_END
G1 Z107 F15000
G1 X436.447 Y714.85 Z107
G1 Z106
G1 E17 F9000
G1 F2779.614
G1 X447.959 Y714.85 E49.70059
G1 X714.85 Y447.96 E1629.46317
G1 X714.85 Y436.447 E49.70059
;WIPE_START
G1 F600
G1 X714.85 Y443.447 E-10
;WIPE_END
G1 Z107 F15000
M73 P29 R541
G1 X703.338 Y714.85 Z107
G1 Z106
G1 E17 F9000
G1 F2779.614
G1 X714.85 Y714.85 E49.70059
G1 X285.15 Y285.15 E2623.47492
G1 X296.662 Y285.15 E49.70059
;WIPE_START
G1 F600
G1 X289.662 Y285.15 E-10
;WIPE_END
G1 Z107 F15000
G1 X296.662 Y714.85 Z107
G1 Z106
G1 E17 F9000
G1 F2779.614
G1 X285.15 Y714.85 E49.70028
G1 X714.85 Y285.15 E2623.47449
G1 X703.338 Y285.15 E49.70028
;WIPE_START
G1 F600
G1 X710.338 Y285.15 E-10
;WIPE_END
G1 Z107 F15000
G1 X599.257 Y714.85 Z107
G1 Z106
G1 E17 F9000
G1 F2779.614
G1 X610.769 Y714.85 E49.70059
G1 X714.85 Y610.769 E635.45139
G1 X714.85 Y599.257 E49.70059
;WIPE_START
G1 F600
G1 X714.85 Y606.257 E-10
;WIPE_END
G1 Z107 F15000
G1 X563.553 Y714.85 Z107
G1 Z106
G1 E17 F9000
G1 F2779.614
G1 X552.04 Y714.85 E49.70059
G1 X285.15 Y447.96 E1629.46316
G1 X285.15 Y436.447 E49.70059
;WIPE_START
G1 F600
G1 X285.15 Y443.447 E-10
;WIPE_END
G1 Z107 F15000
G1 X400.743 Y714.85 Z107
G1 Z106
G1 E17 F9000
G1 F2779.614
G1 X389.231 Y714.85 E49.70059
G1 X285.15 Y610.769 E635.45139
G1 X285.15 Y599.257 E49.70059
; stop printing object Cube id:0 copy 0
;LAYER_CHANGE
;Z:107.5
;HEIGHT:1.5
;BEFORE_LAYER_CHANGE
;107.5
G92 E0

EXCLUDE_OBJECT_END NAME=Cube_id_0_copy_0
;AFTER_LAYER_CHANGE
;107.5
;_SET_FAN_SPEED_CHANGING_LAYER
; printing object Cube id:0 copy 0
;WIPE_START
G1 F600
G1 X285.15 Y606.257 E-10
;WIPE_END
EXCLUDE_OBJECT_START NAME=Cube_id_0_copy_0
G1 Z108.5 F15000
G1 X282.703 Y717.297 Z108.5
G1 Z107.5
M73 P29 R540
G1 E17 F9000
;TYPE:Outer wall
;WIDTH:3.2
G1 F2779.615
G1 X282.703 Y282.703 E1876.19945
G1 X717.297 Y282.703 E1876.19945
G1 X717.297 Y717.297 E1876.19945
G1 X283.003 Y717.297 E1874.90431
;WIPE_START
G1 F600
G1 X282.999 Y710.297 E-10
;WIPE_END
G1 Z108.5 F15000
G1 X285.15 Y599.257 Z108.5
G1 Z107.5
G1 E17 F9000
;TYPE:Sparse infill
;WIDTH:3.2
G1 F2779.614
G1 X285.15 Y610.769 E49.70059
G1 X389.231 Y714.85 E635.45139
G1 X400.743 Y714.85 E49.70059
;WIPE_START
G1 F600
G1 X393.743 Y714.85 E-10
;WIPE_END
G1 Z108.5 F15000
G1 X285.15 Y436.447 Z108.5
G1 Z107.5
G1 E17 F9000
G1 F2779.614
G1 X285.15 Y447.96 E49.70059
G1 X552.04 Y714.85 E1629.46316
G1 X563.553 Y714.85 E49.70059
;WIPE_START
G1 F600
G1 X556.553 Y714.85 E-10
;WIPE_END
G1 Z108.5 F15000
G1 X714.85 Y599.257 Z108.5
G1 Z107.5
G1 E17 F9000
G1 F2779.614
G1 X714.85 Y610.769 E49.70059
G1 X610.769 Y714.85 E635.45139
G1 X599.257 Y714.85 E49.70059
M73 P29 R539
;WIPE_START
G1 F600
G1 X606.257 Y714.85 E-10
;WIPE_END
G1 Z108.5 F15000
G1 X714.85 Y436.447 Z108.5
G1 Z107.5
G1 E17 F9000
G1 F2779.614
G1 X714.85 Y447.96 E49.70059
G1 X447.959 Y714.85 E1629.46317
G1 X436.447 Y714.85 E49.70059
;WIPE_START
G1 F600
G1 X443.447 Y714.85 E-10
;WIPE_END
G1 Z108.5 F15000
G1 X436.447 Y285.15 Z108.5
G1 Z107.5
G1 E17 F9000
G1 F2779.614
G1 X447.96 Y285.15 E49.70059
G1 X714.85 Y552.04 E1629.46316
G1 X714.85 Y563.553 E49.70059
;WIPE_START
G1 F600
G1 X714.85 Y556.553 E-10
;WIPE_END
G1 Z108.5 F15000
G1 X703.338 Y285.15 Z108.5
G1 Z107.5
G1 E17 F9000
G1 F2779.614
G1 X714.85 Y285.15 E49.70028
G1 X285.15 Y714.85 E2623.47449
G1 X296.662 Y714.85 E49.70028
;WIPE_START
G1 F600
G1 X289.662 Y714.85 E-10
;WIPE_END
G1 Z108.5 F15000
G1 X296.662 Y285.15 Z108.5
G1 Z107.5
G1 E17 F9000
G1 F2779.614
G1 X285.15 Y285.15 E49.70059
G1 X714.85 Y714.85 E2623.47492
G1 X703.338 Y714.85 E49.70059
M73 P29 R538
;WIPE_START
G1 F600
G1 X710.338 Y714.85 E-10
;WIPE_END
G1 Z108.5 F15000
G1 X599.257 Y285.15 Z108.5
G1 Z107.5
G1 E17 F9000
G1 F2779.614
G1 X610.769 Y285.15 E49.70059
G1 X714.85 Y389.231 E635.45139
G1 X714.85 Y400.743 E49.70059
;WIPE_START
G1 F600
G1 X714.85 Y393.743 E-10
;WIPE_END
G1 Z108.5 F15000
G1 X563.553 Y285.15 Z108.5
G1 Z107.5
G1 E17 F9000
G1 F2779.614
G1 X552.041 Y285.15 E49.70059
G1 X285.15 Y552.04 E1629.46316
G1 X285.15 Y563.553 E49.70059
;WIPE_START
G1 F600
G1 X285.15 Y556.553 E-10
;WIPE_END
G1 Z108.5 F15000
G1 X400.743 Y285.15 Z108.5
G1 Z107.5
G1 E17 F9000
G1 F2779.614
G1 X389.231 Y285.15 E49.70059
G1 X285.15 Y389.231 E635.45138
G1 X285.15 Y400.743 E49.70059
; stop printing object Cube id:0 copy 0
;LAYER_CHANGE
;Z:109
;HEIGHT:1.5
;BEFORE_LAYER_CHANGE
;109
G92 E0

EXCLUDE_OBJECT_END NAME=Cube_id_0_copy_0
;AFTER_LAYER_CHANGE
;109
;_SET_FAN_SPEED_CHANGING_LAYER
; printing object Cube id:0 copy 0
;WIPE_START
G1 F600
G1 X285.15 Y393.743 E-10
;WIPE_END
EXCLUDE_OBJECT_START NAME=Cube_id_0_copy_0
G1 Z110 F15000
G1 X282.703 Y282.703 Z110
G1 Z109
G1 E17 F9000
;TYPE:Outer wall
;WIDTH:3.2
G1 F2779.615
G1 X717.297 Y282.703 E1876.19945
G1 X717.297 Y717.297 E1876.19945
G1 X282.703 Y717.297 E1876.19945
G1 X282.703 Y283.003 E1874.90431
;WIPE_START
G1 F600
M73 P30 R537
G1 X289.703 Y282.999 E-10
;WIPE_END
G1 Z110 F15000
G1 X285.15 Y400.743 Z110
G1 Z109
G1 E17 F9000
;TYPE:Sparse infill
;WIDTH:3.2
G1 F2779.614
G1 X285.15 Y389.231 E49.70059
G1 X389.231 Y285.15 E635.45138
G1 X400.743 Y285.15 E49.70059
;WIPE_START
G1 F600
G1 X393.743 Y285.15 E-10
;WIPE_END
G1 Z110 F15000
G1 X285.15 Y563.553 Z110
G1 Z109
G1 E17 F9000
G1 F2779.614
G1 X285.15 Y552.04 E49.70059
G1 X552.041 Y285.15 E1629.46316
G1 X563.553 Y285.15 E49.70059
;WIPE_START
G1 F600
G1 X556.553 Y285.15 E-10
;WIPE_END
G1 Z110 F15000
G1 X714.85 Y400.743 Z110
G1 Z109
G1 E17 F9000
G1 F2779.614
G1 X714.85 Y389.231 E49.70059
G1 X610.769 Y285.15 E635.45139
G1 X599.257 Y285.15 E49.70059
;WIPE_START
G1 F600
G1 X606.257 Y285.15 E-10
;WIPE_END
G1 Z110 F15000
G1 X714.85 Y563.553 Z110
G1 Z109
G1 E17 F9000
G1 F2779.614
G1 X714.85 Y552.04 E49.70059
G1 X447.96 Y285.15 E1629.46316
G1 X436.447 Y285.15 E49.70059
;WIPE_START
G1 F600
G1 X443.447 Y285.15 E-10
;WIPE_END
G1 Z110 F15000
G1 X436.447 Y714.85 Z110
G1 Z109
G1 E17 F9000
G1 F2779.614
G1 X447.959 Y714.85 E49.70059
G1 X714.85 Y447.96 E1629.46317
G1 X714.85 Y436.447 E49.70059
;WIPE_START
G1 F600
G1 X714.85 Y443.447 E-10
;WIPE_END
G1 Z110 F15000
G1 X703.338 Y714.85 Z110
G1 Z109
G1 E17 F9000
G1 F2779.614
G1 X714.85 Y714.85 E49.70059
G1 X285.15 Y285.15 E2623.47492
G1 X296.662 Y285.15 E49.70059
M73 P30 R536
;WIPE_START
G1 F600
G1 X289.662 Y285.15 E-10
;WIPE_END
G1 Z110 F15000
G1 X296.662 Y714.85 Z110
G1 Z109
G1 E17 F9000
G1 F2779.614
G1 X285.15 Y714.85 E49.70028
G1 X714.85 Y285.15 E2623.47449
G1 X703.338 Y285.15 E49.70028
;WIPE_START
G1 F600
G1 X710.338 Y285.15 E-10
;WIPE_END
G1 Z110 F15000
G1 X599.257 Y714.85 Z110
G1 Z109
G1 E17 F9000
G1 F2779.614
G1 X610.769 Y714.85 E49.70059
G1 X714.85 Y610.769 E635.45139
G1 X714.85 Y599.257 E49.70059
;WIPE_START
G1 F600
G1 X714.85 Y606.257 E-10
;WIPE_END
G1 Z110 F15000
G1 X563.553 Y714.85 Z110
G1 Z109
G1 E17 F9000
G1 F2779.614
G1 X552.04 Y714.85 E49.70059
G1 X285.15 Y447.96 E1629.46316
G1 X285.15 Y436.447 E49.70059
;WIPE_START
G1 F600
G1 X285.15 Y443.447 E-10
;WIPE_END
G1 Z110 F15000
G1 X400.743 Y714.85 Z110
G1 Z109
G1 E17 F9000
G1 F2779.614
G1 X389.231 Y714.85 E49.70059
G1 X285.15 Y610.769 E635.45139
G1 X285.15 Y599.257 E49.70059
; stop printing object Cube id:0 copy 0
;LAYER_CHANGE
;Z:110.5
;HEIGHT:1.5
;BEFORE_LAYER_CHANGE
;110.5
G92 E0

EXCLUDE_OBJECT_END NAME=Cube_id_0_copy_0
;AFTER_LAYER_CHANGE
;110.5
;_SET_FAN_SPEED_CHANGING_LAYER
; printing object Cube id:0 copy 0
;WIPE_START
G1 F600
G1 X285.15 Y606.257 E-10
;WIPE_END
EXCLUDE_OBJECT_START NAME=Cube_id_0_copy_0
G1 Z111.5 F15000
G1 X282.703 Y717.297 Z111.5
G1 Z110.5
G1 E17 F9000
;TYPE:Outer wall
;WIDTH:3.2
G1 F2779.615
G1 X282.703 Y282.703 E1876.19945
G1 X717.297 Y282.703 E1876.19945
M73 P30 R535
G1 X717.297 Y717.297 E1876.19945
G1 X283.003 Y717.297 E1874.90431
;WIPE_START
G1 F600
G1 X282.999 Y710.297 E-10
;WIPE_END
G1 Z111.5 F15000
G1 X285.15 Y599.257 Z111.5
G1 Z110.5
G1 E17 F9000
;TYPE:Sparse infill
;WIDTH:3.2
G1 F2779.614
G1 X285.15 Y610.769 E49.70059
G1 X389.231 Y714.85 E635.45139
G1 X400.743 Y714.85 E49.70059
;WIPE_START
G1 F600
G1 X393.743 Y714.85 E-10
;WIPE_END
G1 Z111.5 F15000
G1 X285.15 Y436.447 Z111.5
G1 Z110.5
G1 E17 F9000
G1 F2779.614
G1 X285.15 Y447.96 E49.70059
G1 X552.04 Y714.85 E1629.46316
G1 X563.553 Y714.85 E49.70059
;WIPE_START
G1 F600
G1 X556.553 Y714.85 E-10
;WIPE_END
G1 Z111.5 F15000
G1 X714.85 Y599.257 Z111.5
G1 Z110.5
G1 E17 F9000
G1 F2779.614
G1 X714.85 Y610.769 E49.70059
G1 X610.769 Y714.85 E635.45139
G1 X599.257 Y714.85 E49.70059
;WIPE_START
G1 F600
G1 X606.257 Y714.85 E-10
;WIPE_END
G1 Z111.5 F15000
G1 X714.85 Y436.447 Z111.5
G1 Z110.5
G1 E17 F9000
G1 F2779.614
G1 X714.85 Y447.96 E49.70059
G1 X447.959 Y714.85 E1629.46317
G1 X436.447 Y714.85 E49.70059
M73 P30 R534
;WIPE_START
G1 F600
G1 X443.447 Y714.85 E-10
;WIPE_END
G1 Z111.5 F15000
G1 X436.447 Y285.15 Z111.5
G1 Z110.5
G1 E17 F9000
G1 F2779.614
G1 X447.96 Y285.15 E49.70059
G1 X714.85 Y552.04 E1629.46316
G1 X714.85 Y563.553 E49.70059
;WIPE_START
G1 F600
G1 X714.85 Y556.553 E-10
;WIPE_END
G1 Z111.5 F15000
G1 X703.338 Y285.15 Z111.5
G1 Z110.5
G1 E17 F9000
G1 F2779.614
G1 X714.85 Y285.15 E49.70028
G1 X285.15 Y714.85 E2623.47449
G1 X296.662 Y714.85 E49.70028
;WIPE_START
G1 F600
G1 X289.662 Y714.85 E-10
;WIPE_END
G1 Z111.5 F15000
G1 X296.662 Y285.15 Z111.5
G1 Z110.5
G1 E17 F9000
G1 F2779.614
G1 X285.15 Y285.15 E49.70059
G1 X714.85 Y714.85 E2623.47492
G1 X703.338 Y714.85 E49.70059
;WIPE_START
G1 F600
G1 X710.338 Y714.85 E-10
;WIPE_END
G1 Z111.5 F15000
G1 X599.257 Y285.15 Z111.5
G1 Z110.5
G1 E17 F9000
G1 F2779.614
G1 X610.769 Y285.15 E49.70059
G1 X714.85 Y389.231 E635.45139
G1 X714.85 Y400.743 E49.70059
M73 P30 R533
;WIPE_START
G1 F600
G1 X714.85 Y393.743 E-10
;WIPE_END
G1 Z111.5 F15000
G1 X563.553 Y285.15 Z111.5
G1 Z110.5
G1 E17 F9000
G1 F2779.614
G1 X552.041 Y285.15 E49.70059
G1 X285.15 Y552.04 E1629.46316
G1 X285.15 Y563.553 E49.70059
;WIPE_START
G1 F600
G1 X285.15 Y556.553 E-10
;WIPE_END
G1 Z111.5 F15000
G1 X400.743 Y285.15 Z111.5
G1 Z110.5
G1 E17 F9000
G1 F2779.614
G1 X389.231 Y285.15 E49.70059
G1 X285.15 Y389.231 E635.45138
G1 X285.15 Y400.743 E49.70059
; stop printing object Cube id:0 copy 0
;LAYER_CHANGE
;Z:112
;HEIGHT:1.5
;BEFORE_LAYER_CHANGE
;112
G92 E0

EXCLUDE_OBJECT_END NAME=Cube_id_0_copy_0
;AFTER_LAYER_CHANGE
;112
;_SET_FAN_SPEED_CHANGING_LAYER
; printing object Cube id:0 copy 0
;WIPE_START
G1 F600
G1 X285.15 Y393.743 E-10
;WIPE_END
EXCLUDE_OBJECT_START NAME=Cube_id_0_copy_0
G1 Z113 F15000
G1 X282.703 Y282.703 Z113
G1 Z112
G1 E17 F9000
;TYPE:Outer wall
;WIDTH:3.2
G1 F2779.615
G1 X717.297 Y282.703 E1876.19945
G1 X717.297 Y717.297 E1876.19945
G1 X282.703 Y717.297 E1876.19945
G1 X282.703 Y283.003 E1874.90431
;WIPE_START
G1 F600
G1 X289.703 Y282.999 E-10
;WIPE_END
G1 Z113 F15000
M73 P30 R532
G1 X285.15 Y400.743 Z113
G1 Z112
G1 E17 F9000
;TYPE:Sparse infill
;WIDTH:3.2
G1 F2779.614
G1 X285.15 Y389.231 E49.70059
G1 X389.231 Y285.15 E635.45138
G1 X400.743 Y285.15 E49.70059
;WIPE_START
G1 F600
G1 X393.743 Y285.15 E-10
;WIPE_END
G1 Z113 F15000
G1 X285.15 Y563.553 Z113
G1 Z112
G1 E17 F9000
G1 F2779.614
G1 X285.15 Y552.04 E49.70059
G1 X552.041 Y285.15 E1629.46316
G1 X563.553 Y285.15 E49.70059
;WIPE_START
G1 F600
G1 X556.553 Y285.15 E-10
;WIPE_END
G1 Z113 F15000
G1 X714.85 Y400.743 Z113
G1 Z112
G1 E17 F9000
G1 F2779.614
G1 X714.85 Y389.231 E49.70059
G1 X610.769 Y285.15 E635.45139
G1 X599.257 Y285.15 E49.70059
;WIPE_START
G1 F600
G1 X606.257 Y285.15 E-10
;WIPE_END
G1 Z113 F15000
G1 X714.85 Y563.553 Z113
G1 Z112
G1 E17 F9000
G1 F2779.614
G1 X714.85 Y552.04 E49.70059
G1 X447.96 Y285.15 E1629.46316
G1 X436.447 Y285.15 E49.70059
;WIPE_START
G1 F600
G1 X443.447 Y285.15 E-10
;WIPE_END
G1 Z113 F15000
G1 X436.447 Y714.85 Z113
G1 Z112
G1 E17 F9000
G1 F2779.614
G1 X447.959 Y714.85 E49.70059
G1 X714.85 Y447.96 E1629.46317
G1 X714.85 Y436.447 E49.70059
;WIPE_START
G1 F600
G1 X714.85 Y443.447 E-10
;WIPE_END
G1 Z113 F15000
G1 X703.338 Y714.85 Z113
G1 Z112
G1 E17 F9000
G1 F2779.614
G1 X714.85 Y714.85 E49.70059
G1 X285.15 Y285.15 E2623.47492
G1 X296.662 Y285.15 E49.70059
M73 P30 R531
;WIPE_START
G1 F600
G1 X289.662 Y285.15 E-10
;WIPE_END
G1 Z113 F15000
G1 X296.662 Y714.85 Z113
G1 Z112
G1 E17 F9000
G1 F2779.614
G1 X285.15 Y714.85 E49.70028
G1 X714.85 Y285.15 E2623.47449
G1 X703.338 Y285.15 E49.70028
;WIPE_START
G1 F600
G1 X710.338 Y285.15 E-10
;WIPE_END
G1 Z113 F15000
G1 X599.257 Y714.85 Z113
G1 Z112
G1 E17 F9000
G1 F2779.614
G1 X610.769 Y714.85 E49.70059
G1 X714.85 Y610.769 E635.45139
G1 X714.85 Y599.257 E49.70059
;WIPE_START
G1 F600
G1 X714.85 Y606.257 E-10
;WIPE_END
G1 Z113 F15000
G1 X563.553 Y714.85 Z113
G1 Z112
G1 E17 F9000
G1 F2779.614
G1 X552.04 Y714.85 E49.70059
G1 X285.15 Y447.96 E1629.46316
G1 X285.15 Y436.447 E49.70059
;WIPE_START
G1 F600
G1 X285.15 Y443.447 E-10
;WIPE_END
G1 Z113 F15000
G1 X400.743 Y714.85 Z113
G1 Z112
G1 E17 F9000
G1 F2779.614
G1 X389.231 Y714.85 E49.70059
G1 X285.15 Y610.769 E635.45139
G1 X285.15 Y599.257 E49.70059
; stop printing object Cube id:0 copy 0
;LAYER_CHANGE
;Z:113.5
;HEIGHT:1.5
;BEFORE_LAYER_CHANGE
;113.5
G92 E0

EXCLUDE_OBJECT_END NAME=Cube_id_0_copy_0
;AFTER_LAYER_CHANGE
;113.5
;_SET_FAN_SPEED_CHANGING_LAYER
; printing object Cube id:0 copy 0
;WIPE_START
G1 F600
G1 X285.15 Y606.257 E-10
;WIPE_END
EXCLUDE_OBJECT_START NAME=Cube_id_0_copy_0
G1 Z114.5 F15000
G1 X282.703 Y717.297 Z114.5
G1 Z113.5
G1 E17 F9000
;TYPE:Outer wall
;WIDTH:3.2
G1 F2779.615
G1 X282.703 Y282.703 E1876.19945
G1 X717.297 Y282.703 E1876.19945
G1 X717.297 Y717.297 E1876.19945
M73 P30 R530
G1 X283.003 Y717.297 E1874.90431
;WIPE_START
G1 F600
G1 X282.999 Y710.297 E-10
;WIPE_END
G1 Z114.5 F15000
G1 X285.15 Y599.257 Z114.5
G1 Z113.5
G1 E17 F9000
;TYPE:Sparse infill
;WIDTH:3.2
G1 F2779.614
G1 X285.15 Y610.769 E49.70059
G1 X389.231 Y714.85 E635.45139
G1 X400.743 Y714.85 E49.70059
;WIPE_START
G1 F600
G1 X393.743 Y714.85 E-10
;WIPE_END
G1 Z114.5 F15000
G1 X285.15 Y436.447 Z114.5
G1 Z113.5
G1 E17 F9000
G1 F2779.614
G1 X285.15 Y447.96 E49.70059
G1 X552.04 Y714.85 E1629.46316
G1 X563.553 Y714.85 E49.70059
;WIPE_START
G1 F600
G1 X556.553 Y714.85 E-10
;WIPE_END
G1 Z114.5 F15000
M73 P31 R530
G1 X714.85 Y599.257 Z114.5
G1 Z113.5
G1 E17 F9000
G1 F2779.614
G1 X714.85 Y610.769 E49.70059
G1 X610.769 Y714.85 E635.45139
G1 X599.257 Y714.85 E49.70059
;WIPE_START
G1 F600
G1 X606.257 Y714.85 E-10
;WIPE_END
G1 Z114.5 F15000
G1 X714.85 Y436.447 Z114.5
G1 Z113.5
G1 E17 F9000
G1 F2779.614
G1 X714.85 Y447.96 E49.70059
G1 X447.959 Y714.85 E1629.46317
G1 X436.447 Y714.85 E49.70059
M73 P31 R529
;WIPE_START
G1 F600
G1 X443.447 Y714.85 E-10
;WIPE_END
G1 Z114.5 F15000
G1 X436.447 Y285.15 Z114.5
G1 Z113.5
G1 E17 F9000
G1 F2779.614
G1 X447.96 Y285.15 E49.70059
G1 X714.85 Y552.04 E1629.46316
G1 X714.85 Y563.553 E49.70059
;WIPE_START
G1 F600
G1 X714.85 Y556.553 E-10
;WIPE_END
G1 Z114.5 F15000
G1 X703.338 Y285.15 Z114.5
G1 Z113.5
G1 E17 F9000
G1 F2779.614
G1 X714.85 Y285.15 E49.70028
G1 X285.15 Y714.85 E2623.47449
G1 X296.662 Y714.85 E49.70028
;WIPE_START
G1 F600
G1 X289.662 Y714.85 E-10
;WIPE_END
G1 Z114.5 F15000
G1 X296.662 Y285.15 Z114.5
G1 Z113.5
G1 E17 F9000
G1 F2779.614
G1 X285.15 Y285.15 E49.70059
G1 X714.85 Y714.85 E2623.47492
G1 X703.338 Y714.85 E49.70059
;WIPE_START
G1 F600
G1 X710.338 Y714.85 E-10
;WIPE_END
G1 Z114.5 F15000
G1 X599.257 Y285.15 Z114.5
G1 Z113.5
G1 E17 F9000
G1 F2779.614
G1 X610.769 Y285.15 E49.70059
G1 X714.85 Y389.231 E635.45139
G1 X714.85 Y400.743 E49.70059
;WIPE_START
G1 F600
G1 X714.85 Y393.743 E-10
;WIPE_END
G1 Z114.5 F15000
G1 X563.553 Y285.15 Z114.5
G1 Z113.5
G1 E17 F9000
G1 F2779.614
G1 X552.041 Y285.15 E49.70059
G1 X285.15 Y552.04 E1629.46316
G1 X285.15 Y563.553 E49.70059
M73 P31 R528
;WIPE_START
G1 F600
G1 X285.15 Y556.553 E-10
;WIPE_END
G1 Z114.5 F15000
G1 X400.743 Y285.15 Z114.5
G1 Z113.5
G1 E17 F9000
G1 F2779.614
G1 X389.231 Y285.15 E49.70059
G1 X285.15 Y389.231 E635.45138
G1 X285.15 Y400.743 E49.70059
; stop printing object Cube id:0 copy 0
;LAYER_CHANGE
;Z:115
;HEIGHT:1.5
;BEFORE_LAYER_CHANGE
;115
G92 E0

EXCLUDE_OBJECT_END NAME=Cube_id_0_copy_0
;AFTER_LAYER_CHANGE
;115
;_SET_FAN_SPEED_CHANGING_LAYER
; printing object Cube id:0 copy 0
;WIPE_START
G1 F600
G1 X285.15 Y393.743 E-10
;WIPE_END
EXCLUDE_OBJECT_START NAME=Cube_id_0_copy_0
G1 Z116 F15000
G1 X282.703 Y282.703 Z116
G1 Z115
G1 E17 F9000
;TYPE:Outer wall
;WIDTH:3.2
G1 F2779.615
G1 X717.297 Y282.703 E1876.19945
G1 X717.297 Y717.297 E1876.19945
G1 X282.703 Y717.297 E1876.19945
G1 X282.703 Y283.003 E1874.90431
;WIPE_START
G1 F600
G1 X289.703 Y282.999 E-10
;WIPE_END
G1 Z116 F15000
G1 X285.15 Y400.743 Z116
G1 Z115
G1 E17 F9000
;TYPE:Sparse infill
;WIDTH:3.2
G1 F2779.614
G1 X285.15 Y389.231 E49.70059
G1 X389.231 Y285.15 E635.45138
G1 X400.743 Y285.15 E49.70059
;WIPE_START
G1 F600
G1 X393.743 Y285.15 E-10
;WIPE_END
G1 Z116 F15000
M73 P31 R527
G1 X285.15 Y563.553 Z116
G1 Z115
G1 E17 F9000
G1 F2779.614
G1 X285.15 Y552.04 E49.70059
G1 X552.041 Y285.15 E1629.46316
G1 X563.553 Y285.15 E49.70059
;WIPE_START
G1 F600
G1 X556.553 Y285.15 E-10
;WIPE_END
G1 Z116 F15000
G1 X714.85 Y400.743 Z116
G1 Z115
G1 E17 F9000
G1 F2779.614
G1 X714.85 Y389.231 E49.70059
G1 X610.769 Y285.15 E635.45139
G1 X599.257 Y285.15 E49.70059
;WIPE_START
G1 F600
G1 X606.257 Y285.15 E-10
;WIPE_END
G1 Z116 F15000
G1 X714.85 Y563.553 Z116
G1 Z115
G1 E17 F9000
G1 F2779.614
G1 X714.85 Y552.04 E49.70059
G1 X447.96 Y285.15 E1629.46316
G1 X436.447 Y285.15 E49.70059
;WIPE_START
G1 F600
G1 X443.447 Y285.15 E-10
;WIPE_END
G1 Z116 F15000
G1 X436.447 Y714.85 Z116
G1 Z115
G1 E17 F9000
G1 F2779.614
G1 X447.959 Y714.85 E49.70059
G1 X714.85 Y447.96 E1629.46317
G1 X714.85 Y436.447 E49.70059
;WIPE_START
G1 F600
G1 X714.85 Y443.447 E-10
;WIPE_END
G1 Z116 F15000
G1 X703.338 Y714.85 Z116
G1 Z115
G1 E17 F9000
G1 F2779.614
G1 X714.85 Y714.85 E49.70059
G1 X285.15 Y285.15 E2623.47492
G1 X296.662 Y285.15 E49.70059
;WIPE_START
G1 F600
G1 X289.662 Y285.15 E-10
;WIPE_END
G1 Z116 F15000
G1 X296.662 Y714.85 Z116
G1 Z115
M73 P31 R526
G1 E17 F9000
G1 F2779.614
G1 X285.15 Y714.85 E49.70028
G1 X714.85 Y285.15 E2623.47449
G1 X703.338 Y285.15 E49.70028
;WIPE_START
G1 F600
G1 X710.338 Y285.15 E-10
;WIPE_END
G1 Z116 F15000
G1 X599.257 Y714.85 Z116
G1 Z115
G1 E17 F9000
G1 F2779.614
G1 X610.769 Y714.85 E49.70059
G1 X714.85 Y610.769 E635.45139
G1 X714.85 Y599.257 E49.70059
;WIPE_START
G1 F600
G1 X714.85 Y606.257 E-10
;WIPE_END
G1 Z116 F15000
G1 X563.553 Y714.85 Z116
G1 Z115
G1 E17 F9000
G1 F2779.614
G1 X552.04 Y714.85 E49.70059
G1 X285.15 Y447.96 E1629.46316
G1 X285.15 Y436.447 E49.70059
;WIPE_START
G1 F600
G1 X285.15 Y443.447 E-10
;WIPE_END
G1 Z116 F15000
G1 X400.743 Y714.85 Z116
G1 Z115
G1 E17 F9000
G1 F2779.614
G1 X389.231 Y714.85 E49.70059
G1 X285.15 Y610.769 E635.45139
G1 X285.15 Y599.257 E49.70059
; stop printing object Cube id:0 copy 0
;LAYER_CHANGE
;Z:116.5
;HEIGHT:1.5
;BEFORE_LAYER_CHANGE
;116.5
G92 E0

EXCLUDE_OBJECT_END NAME=Cube_id_0_copy_0
;AFTER_LAYER_CHANGE
;116.5
;_SET_FAN_SPEED_CHANGING_LAYER
; printing object Cube id:0 copy 0
;WIPE_START
G1 F600
G1 X285.15 Y606.257 E-10
;WIPE_END
EXCLUDE_OBJECT_START NAME=Cube_id_0_copy_0
G1 Z117.5 F15000
G1 X282.703 Y717.297 Z117.5
G1 Z116.5
G1 E17 F9000
;TYPE:Outer wall
;WIDTH:3.2
G1 F2779.615
G1 X282.703 Y282.703 E1876.19945
G1 X717.297 Y282.703 E1876.19945
G1 X717.297 Y717.297 E1876.19945
M73 P31 R525
G1 X283.003 Y717.297 E1874.90431
;WIPE_START
G1 F600
G1 X282.999 Y710.297 E-10
;WIPE_END
G1 Z117.5 F15000
G1 X285.15 Y599.257 Z117.5
G1 Z116.5
G1 E17 F9000
;TYPE:Sparse infill
;WIDTH:3.2
G1 F2779.614
G1 X285.15 Y610.769 E49.70059
G1 X389.231 Y714.85 E635.45139
G1 X400.743 Y714.85 E49.70059
;WIPE_START
G1 F600
G1 X393.743 Y714.85 E-10
;WIPE_END
G1 Z117.5 F15000
G1 X285.15 Y436.447 Z117.5
G1 Z116.5
G1 E17 F9000
G1 F2779.614
G1 X285.15 Y447.96 E49.70059
G1 X552.04 Y714.85 E1629.46316
G1 X563.553 Y714.85 E49.70059
;WIPE_START
G1 F600
G1 X556.553 Y714.85 E-10
;WIPE_END
G1 Z117.5 F15000
G1 X714.85 Y599.257 Z117.5
G1 Z116.5
G1 E17 F9000
G1 F2779.614
G1 X714.85 Y610.769 E49.70059
G1 X610.769 Y714.85 E635.45139
G1 X599.257 Y714.85 E49.70059
;WIPE_START
G1 F600
G1 X606.257 Y714.85 E-10
;WIPE_END
G1 Z117.5 F15000
G1 X714.85 Y436.447 Z117.5
G1 Z116.5
G1 E17 F9000
G1 F2779.614
G1 X714.85 Y447.96 E49.70059
G1 X447.959 Y714.85 E1629.46317
G1 X436.447 Y714.85 E49.70059
;WIPE_START
G1 F600
G1 X443.447 Y714.85 E-10
;WIPE_END
G1 Z117.5 F15000
G1 X436.447 Y285.15 Z117.5
G1 Z116.5
G1 E17 F9000
G1 F2779.614
G1 X447.96 Y285.15 E49.70059
G1 X714.85 Y552.04 E1629.46316
G1 X714.85 Y563.553 E49.70059
M73 P31 R524
;WIPE_START
G1 F600
G1 X714.85 Y556.553 E-10
;WIPE_END
G1 Z117.5 F15000
G1 X703.338 Y285.15 Z117.5
G1 Z116.5
G1 E17 F9000
G1 F2779.614
G1 X714.85 Y285.15 E49.70028
G1 X285.15 Y714.85 E2623.47449
G1 X296.662 Y714.85 E49.70028
;WIPE_START
G1 F600
G1 X289.662 Y714.85 E-10
;WIPE_END
G1 Z117.5 F15000
G1 X296.662 Y285.15 Z117.5
G1 Z116.5
G1 E17 F9000
G1 F2779.614
G1 X285.15 Y285.15 E49.70059
G1 X714.85 Y714.85 E2623.47492
G1 X703.338 Y714.85 E49.70059
;WIPE_START
G1 F600
G1 X710.338 Y714.85 E-10
;WIPE_END
G1 Z117.5 F15000
G1 X599.257 Y285.15 Z117.5
G1 Z116.5
G1 E17 F9000
G1 F2779.614
G1 X610.769 Y285.15 E49.70059
G1 X714.85 Y389.231 E635.45139
G1 X714.85 Y400.743 E49.70059
;WIPE_START
G1 F600
G1 X714.85 Y393.743 E-10
;WIPE_END
G1 Z117.5 F15000
G1 X563.553 Y285.15 Z117.5
G1 Z116.5
G1 E17 F9000
G1 F2779.614
G1 X552.041 Y285.15 E49.70059
G1 X285.15 Y552.04 E1629.46316
G1 X285.15 Y563.553 E49.70059
M73 P31 R523
;WIPE_START
G1 F600
G1 X285.15 Y556.553 E-10
;WIPE_END
G1 Z117.5 F15000
G1 X400.743 Y285.15 Z117.5
G1 Z116.5
G1 E17 F9000
G1 F2779.614
G1 X389.231 Y285.15 E49.70059
G1 X285.15 Y389.231 E635.45138
G1 X285.15 Y400.743 E49.70059
; stop printing object Cube id:0 copy 0
;LAYER_CHANGE
;Z:118
;HEIGHT:1.5
;BEFORE_LAYER_CHANGE
;118
G92 E0

EXCLUDE_OBJECT_END NAME=Cube_id_0_copy_0
;AFTER_LAYER_CHANGE
;118
;_SET_FAN_SPEED_CHANGING_LAYER
; printing object Cube id:0 copy 0
;WIPE_START
G1 F600
G1 X285.15 Y393.743 E-10
;WIPE_END
EXCLUDE_OBJECT_START NAME=Cube_id_0_copy_0
G1 Z119 F15000
G1 X282.703 Y282.703 Z119
G1 Z118
G1 E17 F9000
;TYPE:Outer wall
;WIDTH:3.2
G1 F2779.615
G1 X717.297 Y282.703 E1876.19945
G1 X717.297 Y717.297 E1876.19945
G1 X282.703 Y717.297 E1876.19945
G1 X282.703 Y283.003 E1874.90431
;WIPE_START
G1 F600
G1 X289.703 Y282.999 E-10
;WIPE_END
G1 Z119 F15000
G1 X285.15 Y400.743 Z119
G1 Z118
G1 E17 F9000
;TYPE:Sparse infill
;WIDTH:3.2
G1 F2779.614
G1 X285.15 Y389.231 E49.70059
G1 X389.231 Y285.15 E635.45138
G1 X400.743 Y285.15 E49.70059
;WIPE_START
G1 F600
G1 X393.743 Y285.15 E-10
;WIPE_END
G1 Z119 F15000
G1 X285.15 Y563.553 Z119
G1 Z118
G1 E17 F9000
G1 F2779.614
G1 X285.15 Y552.04 E49.70059
G1 X552.041 Y285.15 E1629.46316
G1 X563.553 Y285.15 E49.70059
M73 P31 R522
;WIPE_START
G1 F600
G1 X556.553 Y285.15 E-10
;WIPE_END
G1 Z119 F15000
G1 X714.85 Y400.743 Z119
G1 Z118
G1 E17 F9000
G1 F2779.614
G1 X714.85 Y389.231 E49.70059
G1 X610.769 Y285.15 E635.45139
G1 X599.257 Y285.15 E49.70059
;WIPE_START
G1 F600
G1 X606.257 Y285.15 E-10
;WIPE_END
G1 Z119 F15000
G1 X714.85 Y563.553 Z119
G1 Z118
G1 E17 F9000
G1 F2779.614
G1 X714.85 Y552.04 E49.70059
G1 X447.96 Y285.15 E1629.46316
G1 X436.447 Y285.15 E49.70059
;WIPE_START
G1 F600
G1 X443.447 Y285.15 E-10
;WIPE_END
G1 Z119 F15000
G1 X436.447 Y714.85 Z119
G1 Z118
M73 P32 R522
G1 E17 F9000
G1 F2779.614
G1 X447.959 Y714.85 E49.70059
G1 X714.85 Y447.96 E1629.46317
G1 X714.85 Y436.447 E49.70059
;WIPE_START
G1 F600
G1 X714.85 Y443.447 E-10
;WIPE_END
G1 Z119 F15000
G1 X703.338 Y714.85 Z119
G1 Z118
G1 E17 F9000
G1 F2779.614
G1 X714.85 Y714.85 E49.70059
G1 X285.15 Y285.15 E2623.47492
G1 X296.662 Y285.15 E49.70059
;WIPE_START
G1 F600
G1 X289.662 Y285.15 E-10
;WIPE_END
G1 Z119 F15000
G1 X296.662 Y714.85 Z119
G1 Z118
G1 E17 F9000
G1 F2779.614
G1 X285.15 Y714.85 E49.70028
G1 X714.85 Y285.15 E2623.47449
G1 X703.338 Y285.15 E49.70028
M73 P32 R521
;WIPE_START
G1 F600
G1 X710.338 Y285.15 E-10
;WIPE_END
G1 Z119 F15000
G1 X599.257 Y714.85 Z119
G1 Z118
G1 E17 F9000
G1 F2779.614
G1 X610.769 Y714.85 E49.70059
G1 X714.85 Y610.769 E635.45139
G1 X714.85 Y599.257 E49.70059
;WIPE_START
G1 F600
G1 X714.85 Y606.257 E-10
;WIPE_END
G1 Z119 F15000
G1 X563.553 Y714.85 Z119
G1 Z118
G1 E17 F9000
G1 F2779.614
G1 X552.04 Y714.85 E49.70059
G1 X285.15 Y447.96 E1629.46316
G1 X285.15 Y436.447 E49.70059
;WIPE_START
G1 F600
G1 X285.15 Y443.447 E-10
;WIPE_END
G1 Z119 F15000
G1 X400.743 Y714.85 Z119
G1 Z118
G1 E17 F9000
G1 F2779.614
G1 X389.231 Y714.85 E49.70059
G1 X285.15 Y610.769 E635.45139
G1 X285.15 Y599.257 E49.70059
; stop printing object Cube id:0 copy 0
;LAYER_CHANGE
;Z:119.5
;HEIGHT:1.5
;BEFORE_LAYER_CHANGE
;119.5
G92 E0

EXCLUDE_OBJECT_END NAME=Cube_id_0_copy_0
;AFTER_LAYER_CHANGE
;119.5
;_SET_FAN_SPEED_CHANGING_LAYER
; printing object Cube id:0 copy 0
;WIPE_START
G1 F600
G1 X285.15 Y606.257 E-10
;WIPE_END
EXCLUDE_OBJECT_START NAME=Cube_id_0_copy_0
G1 Z120.5 F15000
G1 X282.703 Y717.297 Z120.5
G1 Z119.5
G1 E17 F9000
;TYPE:Outer wall
;WIDTH:3.2
G1 F2779.615
G1 X282.703 Y282.703 E1876.19945
G1 X717.297 Y282.703 E1876.19945
G1 X717.297 Y717.297 E1876.19945
G1 X283.003 Y717.297 E1874.90431
M73 P32 R520
;WIPE_START
G1 F600
G1 X282.999 Y710.297 E-10
;WIPE_END
G1 Z120.5 F15000
G1 X285.15 Y599.257 Z120.5
G1 Z119.5
G1 E17 F9000
;TYPE:Sparse infill
;WIDTH:3.2
G1 F2779.614
G1 X285.15 Y610.769 E49.70059
G1 X389.231 Y714.85 E635.45139
G1 X400.743 Y714.85 E49.70059
;WIPE_START
G1 F600
G1 X393.743 Y714.85 E-10
;WIPE_END
G1 Z120.5 F15000
G1 X285.15 Y436.447 Z120.5
G1 Z119.5
G1 E17 F9000
G1 F2779.614
G1 X285.15 Y447.96 E49.70059
G1 X552.04 Y714.85 E1629.46316
G1 X563.553 Y714.85 E49.70059
;WIPE_START
G1 F600
G1 X556.553 Y714.85 E-10
;WIPE_END
G1 Z120.5 F15000
G1 X714.85 Y599.257 Z120.5
G1 Z119.5
G1 E17 F9000
G1 F2779.614
G1 X714.85 Y610.769 E49.70059
G1 X610.769 Y714.85 E635.45139
G1 X599.257 Y714.85 E49.70059
;WIPE_START
G1 F600
G1 X606.257 Y714.85 E-10
;WIPE_END
G1 Z120.5 F15000
G1 X714.85 Y436.447 Z120.5
G1 Z119.5
G1 E17 F9000
G1 F2779.614
G1 X714.85 Y447.96 E49.70059
G1 X447.959 Y714.85 E1629.46317
G1 X436.447 Y714.85 E49.70059
;WIPE_START
G1 F600
G1 X443.447 Y714.85 E-10
;WIPE_END
G1 Z120.5 F15000
G1 X436.447 Y285.15 Z120.5
G1 Z119.5
G1 E17 F9000
G1 F2779.614
G1 X447.96 Y285.15 E49.70059
G1 X714.85 Y552.04 E1629.46316
G1 X714.85 Y563.553 E49.70059
M73 P32 R519
;WIPE_START
G1 F600
G1 X714.85 Y556.553 E-10
;WIPE_END
G1 Z120.5 F15000
G1 X703.338 Y285.15 Z120.5
G1 Z119.5
G1 E17 F9000
G1 F2779.614
G1 X714.85 Y285.15 E49.70028
G1 X285.15 Y714.85 E2623.47449
G1 X296.662 Y714.85 E49.70028
;WIPE_START
G1 F600
G1 X289.662 Y714.85 E-10
;WIPE_END
G1 Z120.5 F15000
G1 X296.662 Y285.15 Z120.5
G1 Z119.5
G1 E17 F9000
G1 F2779.614
G1 X285.15 Y285.15 E49.70059
G1 X714.85 Y714.85 E2623.47492
G1 X703.338 Y714.85 E49.70059
;WIPE_START
G1 F600
G1 X710.338 Y714.85 E-10
;WIPE_END
G1 Z120.5 F15000
G1 X599.257 Y285.15 Z120.5
G1 Z119.5
G1 E17 F9000
G1 F2779.614
G1 X610.769 Y285.15 E49.70059
G1 X714.85 Y389.231 E635.45139
G1 X714.85 Y400.743 E49.70059
;WIPE_START
G1 F600
G1 X714.85 Y393.743 E-10
;WIPE_END
G1 Z120.5 F15000
G1 X563.553 Y285.15 Z120.5
G1 Z119.5
G1 E17 F9000
G1 F2779.614
G1 X552.041 Y285.15 E49.70059
G1 X285.15 Y552.04 E1629.46316
G1 X285.15 Y563.553 E49.70059
;WIPE_START
G1 F600
G1 X285.15 Y556.553 E-10
;WIPE_END
G1 Z120.5 F15000
G1 X400.743 Y285.15 Z120.5
G1 Z119.5
G1 E17 F9000
G1 F2779.614
G1 X389.231 Y285.15 E49.70059
G1 X285.15 Y389.231 E635.45138
G1 X285.15 Y400.743 E49.70059
M73 P32 R518
; stop printing object Cube id:0 copy 0
;LAYER_CHANGE
;Z:121
;HEIGHT:1.5
;BEFORE_LAYER_CHANGE
;121
G92 E0

EXCLUDE_OBJECT_END NAME=Cube_id_0_copy_0
;AFTER_LAYER_CHANGE
;121
;_SET_FAN_SPEED_CHANGING_LAYER
; printing object Cube id:0 copy 0
;WIPE_START
G1 F600
G1 X285.15 Y393.743 E-10
;WIPE_END
EXCLUDE_OBJECT_START NAME=Cube_id_0_copy_0
G1 Z122 F15000
G1 X282.703 Y282.703 Z122
G1 Z121
G1 E17 F9000
;TYPE:Outer wall
;WIDTH:3.2
G1 F2779.615
G1 X717.297 Y282.703 E1876.19945
G1 X717.297 Y717.297 E1876.19945
G1 X282.703 Y717.297 E1876.19945
G1 X282.703 Y283.003 E1874.90431
;WIPE_START
G1 F600
G1 X289.703 Y282.999 E-10
;WIPE_END
G1 Z122 F15000
G1 X285.15 Y400.743 Z122
G1 Z121
G1 E17 F9000
;TYPE:Sparse infill
;WIDTH:3.2
G1 F2779.614
G1 X285.15 Y389.231 E49.70059
G1 X389.231 Y285.15 E635.45138
G1 X400.743 Y285.15 E49.70059
;WIPE_START
G1 F600
G1 X393.743 Y285.15 E-10
;WIPE_END
G1 Z122 F15000
G1 X285.15 Y563.553 Z122
G1 Z121
G1 E17 F9000
G1 F2779.614
G1 X285.15 Y552.04 E49.70059
G1 X552.041 Y285.15 E1629.46316
G1 X563.553 Y285.15 E49.70059
;WIPE_START
G1 F600
G1 X556.553 Y285.15 E-10
;WIPE_END
G1 Z122 F15000
G1 X714.85 Y400.743 Z122
G1 Z121
M73 P32 R517
G1 E17 F9000
G1 F2779.614
G1 X714.85 Y389.231 E49.70059
G1 X610.769 Y285.15 E635.45139
G1 X599.257 Y285.15 E49.70059
;WIPE_START
G1 F600
G1 X606.257 Y285.15 E-10
;WIPE_END
G1 Z122 F15000
G1 X714.85 Y563.553 Z122
G1 Z121
G1 E17 F9000
G1 F2779.614
G1 X714.85 Y552.04 E49.70059
G1 X447.96 Y285.15 E1629.46316
G1 X436.447 Y285.15 E49.70059
;WIPE_START
G1 F600
G1 X443.447 Y285.15 E-10
;WIPE_END
G1 Z122 F15000
G1 X436.447 Y714.85 Z122
G1 Z121
G1 E17 F9000
G1 F2779.614
G1 X447.959 Y714.85 E49.70059
G1 X714.85 Y447.96 E1629.46317
G1 X714.85 Y436.447 E49.70059
;WIPE_START
G1 F600
G1 X714.85 Y443.447 E-10
;WIPE_END
G1 Z122 F15000
G1 X703.338 Y714.85 Z122
G1 Z121
G1 E17 F9000
G1 F2779.614
G1 X714.85 Y714.85 E49.70059
G1 X285.15 Y285.15 E2623.47492
G1 X296.662 Y285.15 E49.70059
;WIPE_START
G1 F600
G1 X289.662 Y285.15 E-10
;WIPE_END
G1 Z122 F15000
G1 X296.662 Y714.85 Z122
G1 Z121
G1 E17 F9000
G1 F2779.614
G1 X285.15 Y714.85 E49.70028
G1 X714.85 Y285.15 E2623.47449
G1 X703.338 Y285.15 E49.70028
M73 P32 R516
;WIPE_START
G1 F600
G1 X710.338 Y285.15 E-10
;WIPE_END
G1 Z122 F15000
G1 X599.257 Y714.85 Z122
G1 Z121
G1 E17 F9000
G1 F2779.614
G1 X610.769 Y714.85 E49.70059
G1 X714.85 Y610.769 E635.45139
G1 X714.85 Y599.257 E49.70059
;WIPE_START
G1 F600
G1 X714.85 Y606.257 E-10
;WIPE_END
G1 Z122 F15000
G1 X563.553 Y714.85 Z122
G1 Z121
G1 E17 F9000
G1 F2779.614
G1 X552.04 Y714.85 E49.70059
G1 X285.15 Y447.96 E1629.46316
G1 X285.15 Y436.447 E49.70059
;WIPE_START
G1 F600
G1 X285.15 Y443.447 E-10
;WIPE_END
G1 Z122 F15000
G1 X400.743 Y714.85 Z122
G1 Z121
G1 E17 F9000
G1 F2779.614
G1 X389.231 Y714.85 E49.70059
G1 X285.15 Y610.769 E635.45139
G1 X285.15 Y599.257 E49.70059
; stop printing object Cube id:0 copy 0
;LAYER_CHANGE
;Z:122.5
;HEIGHT:1.5
;BEFORE_LAYER_CHANGE
;122.5
G92 E0

EXCLUDE_OBJECT_END NAME=Cube_id_0_copy_0
;AFTER_LAYER_CHANGE
;122.5
;_SET_FAN_SPEED_CHANGING_LAYER
; printing object Cube id:0 copy 0
;WIPE_START
G1 F600
G1 X285.15 Y606.257 E-10
;WIPE_END
EXCLUDE_OBJECT_START NAME=Cube_id_0_copy_0
G1 Z123.5 F15000
G1 X282.703 Y717.297 Z123.5
G1 Z122.5
G1 E17 F9000
;TYPE:Outer wall
;WIDTH:3.2
G1 F2779.615
G1 X282.703 Y282.703 E1876.19945
G1 X717.297 Y282.703 E1876.19945
G1 X717.297 Y717.297 E1876.19945
G1 X283.003 Y717.297 E1874.90431
;WIPE_START
G1 F600
M73 P32 R515
G1 X282.999 Y710.297 E-10
;WIPE_END
G1 Z123.5 F15000
G1 X285.15 Y599.257 Z123.5
G1 Z122.5
G1 E17 F9000
;TYPE:Sparse infill
;WIDTH:3.2
G1 F2779.614
G1 X285.15 Y610.769 E49.70059
G1 X389.231 Y714.85 E635.45139
G1 X400.743 Y714.85 E49.70059
;WIPE_START
G1 F600
G1 X393.743 Y714.85 E-10
;WIPE_END
G1 Z123.5 F15000
G1 X285.15 Y436.447 Z123.5
G1 Z122.5
G1 E17 F9000
G1 F2779.614
G1 X285.15 Y447.96 E49.70059
G1 X552.04 Y714.85 E1629.46316
G1 X563.553 Y714.85 E49.70059
;WIPE_START
G1 F600
G1 X556.553 Y714.85 E-10
;WIPE_END
G1 Z123.5 F15000
G1 X714.85 Y599.257 Z123.5
G1 Z122.5
G1 E17 F9000
G1 F2779.614
G1 X714.85 Y610.769 E49.70059
G1 X610.769 Y714.85 E635.45139
G1 X599.257 Y714.85 E49.70059
;WIPE_START
G1 F600
G1 X606.257 Y714.85 E-10
;WIPE_END
G1 Z123.5 F15000
G1 X714.85 Y436.447 Z123.5
G1 Z122.5
G1 E17 F9000
G1 F2779.614
G1 X714.85 Y447.96 E49.70059
G1 X447.959 Y714.85 E1629.46317
G1 X436.447 Y714.85 E49.70059
;WIPE_START
G1 F600
G1 X443.447 Y714.85 E-10
;WIPE_END
G1 Z123.5 F15000
G1 X436.447 Y285.15 Z123.5
G1 Z122.5
G1 E17 F9000
G1 F2779.614
G1 X447.96 Y285.15 E49.70059
G1 X714.85 Y552.04 E1629.46316
G1 X714.85 Y563.553 E49.70059
;WIPE_START
G1 F600
G1 X714.85 Y556.553 E-10
;WIPE_END
G1 Z123.5 F15000
G1 X703.338 Y285.15 Z123.5
G1 Z122.5
G1 E17 F9000
G1 F2779.614
G1 X714.85 Y285.15 E49.70028
G1 X285.15 Y714.85 E2623.47449
G1 X296.662 Y714.85 E49.70028
M73 P33 R514
;WIPE_START
G1 F600
G1 X289.662 Y714.85 E-10
;WIPE_END
G1 Z123.5 F15000
G1 X296.662 Y285.15 Z123.5
G1 Z122.5
G1 E17 F9000
G1 F2779.614
G1 X285.15 Y285.15 E49.70059
G1 X714.85 Y714.85 E2623.47492
G1 X703.338 Y714.85 E49.70059
;WIPE_START
G1 F600
G1 X710.338 Y714.85 E-10
;WIPE_END
G1 Z123.5 F15000
G1 X599.257 Y285.15 Z123.5
G1 Z122.5
G1 E17 F9000
G1 F2779.614
G1 X610.769 Y285.15 E49.70059
G1 X714.85 Y389.231 E635.45139
G1 X714.85 Y400.743 E49.70059
;WIPE_START
G1 F600
G1 X714.85 Y393.743 E-10
;WIPE_END
G1 Z123.5 F15000
G1 X563.553 Y285.15 Z123.5
G1 Z122.5
G1 E17 F9000
G1 F2779.614
G1 X552.041 Y285.15 E49.70059
G1 X285.15 Y552.04 E1629.46316
G1 X285.15 Y563.553 E49.70059
;WIPE_START
G1 F600
G1 X285.15 Y556.553 E-10
;WIPE_END
G1 Z123.5 F15000
G1 X400.743 Y285.15 Z123.5
G1 Z122.5
G1 E17 F9000
G1 F2779.614
G1 X389.231 Y285.15 E49.70059
G1 X285.15 Y389.231 E635.45138
G1 X285.15 Y400.743 E49.70059
; stop printing object Cube id:0 copy 0
;LAYER_CHANGE
;Z:124
;HEIGHT:1.5
;BEFORE_LAYER_CHANGE
;124
G92 E0

EXCLUDE_OBJECT_END NAME=Cube_id_0_copy_0
;AFTER_LAYER_CHANGE
;124
;_SET_FAN_SPEED_CHANGING_LAYER
; printing object Cube id:0 copy 0
;WIPE_START
G1 F600
G1 X285.15 Y393.743 E-10
;WIPE_END
EXCLUDE_OBJECT_START NAME=Cube_id_0_copy_0
G1 Z125 F15000
G1 X282.703 Y282.703 Z125
G1 Z124
G1 E17 F9000
;TYPE:Outer wall
;WIDTH:3.2
G1 F2779.615
G1 X717.297 Y282.703 E1876.19945
G1 X717.297 Y717.297 E1876.19945
M73 P33 R513
G1 X282.703 Y717.297 E1876.19945
G1 X282.703 Y283.003 E1874.90431
;WIPE_START
G1 F600
G1 X289.703 Y282.999 E-10
;WIPE_END
G1 Z125 F15000
G1 X285.15 Y400.743 Z125
G1 Z124
G1 E17 F9000
;TYPE:Sparse infill
;WIDTH:3.2
G1 F2779.614
G1 X285.15 Y389.231 E49.70059
G1 X389.231 Y285.15 E635.45138
G1 X400.743 Y285.15 E49.70059
;WIPE_START
G1 F600
G1 X393.743 Y285.15 E-10
;WIPE_END
G1 Z125 F15000
G1 X285.15 Y563.553 Z125
G1 Z124
G1 E17 F9000
G1 F2779.614
G1 X285.15 Y552.04 E49.70059
G1 X552.041 Y285.15 E1629.46316
G1 X563.553 Y285.15 E49.70059
;WIPE_START
G1 F600
G1 X556.553 Y285.15 E-10
;WIPE_END
G1 Z125 F15000
G1 X714.85 Y400.743 Z125
G1 Z124
G1 E17 F9000
G1 F2779.614
G1 X714.85 Y389.231 E49.70059
G1 X610.769 Y285.15 E635.45139
G1 X599.257 Y285.15 E49.70059
;WIPE_START
G1 F600
G1 X606.257 Y285.15 E-10
;WIPE_END
G1 Z125 F15000
G1 X714.85 Y563.553 Z125
G1 Z124
M73 P33 R512
G1 E17 F9000
G1 F2779.614
G1 X714.85 Y552.04 E49.70059
G1 X447.96 Y285.15 E1629.46316
G1 X436.447 Y285.15 E49.70059
;WIPE_START
G1 F600
G1 X443.447 Y285.15 E-10
;WIPE_END
G1 Z125 F15000
G1 X436.447 Y714.85 Z125
G1 Z124
G1 E17 F9000
G1 F2779.614
G1 X447.959 Y714.85 E49.70059
G1 X714.85 Y447.96 E1629.46317
G1 X714.85 Y436.447 E49.70059
;WIPE_START
G1 F600
G1 X714.85 Y443.447 E-10
;WIPE_END
G1 Z125 F15000
G1 X703.338 Y714.85 Z125
G1 Z124
G1 E17 F9000
G1 F2779.614
G1 X714.85 Y714.85 E49.70059
G1 X285.15 Y285.15 E2623.47492
G1 X296.662 Y285.15 E49.70059
;WIPE_START
G1 F600
G1 X289.662 Y285.15 E-10
;WIPE_END
G1 Z125 F15000
G1 X296.662 Y714.85 Z125
G1 Z124
G1 E17 F9000
G1 F2779.614
G1 X285.15 Y714.85 E49.70028
G1 X714.85 Y285.15 E2623.47449
G1 X703.338 Y285.15 E49.70028
;WIPE_START
G1 F600
G1 X710.338 Y285.15 E-10
;WIPE_END
G1 Z125 F15000
G1 X599.257 Y714.85 Z125
G1 Z124
G1 E17 F9000
G1 F2779.614
G1 X610.769 Y714.85 E49.70059
G1 X714.85 Y610.769 E635.45139
M73 P33 R511
G1 X714.85 Y599.257 E49.70059
;WIPE_START
G1 F600
G1 X714.85 Y606.257 E-10
;WIPE_END
G1 Z125 F15000
G1 X563.553 Y714.85 Z125
G1 Z124
G1 E17 F9000
G1 F2779.614
G1 X552.04 Y714.85 E49.70059
G1 X285.15 Y447.96 E1629.46316
G1 X285.15 Y436.447 E49.70059
;WIPE_START
G1 F600
G1 X285.15 Y443.447 E-10
;WIPE_END
G1 Z125 F15000
G1 X400.743 Y714.85 Z125
G1 Z124
G1 E17 F9000
G1 F2779.614
G1 X389.231 Y714.85 E49.70059
G1 X285.15 Y610.769 E635.45139
G1 X285.15 Y599.257 E49.70059
; stop printing object Cube id:0 copy 0
;LAYER_CHANGE
;Z:125.5
;HEIGHT:1.5
;BEFORE_LAYER_CHANGE
;125.5
G92 E0

EXCLUDE_OBJECT_END NAME=Cube_id_0_copy_0
;AFTER_LAYER_CHANGE
;125.5
;_SET_FAN_SPEED_CHANGING_LAYER
; printing object Cube id:0 copy 0
;WIPE_START
G1 F600
G1 X285.15 Y606.257 E-10
;WIPE_END
EXCLUDE_OBJECT_START NAME=Cube_id_0_copy_0
G1 Z126.5 F15000
G1 X282.703 Y717.297 Z126.5
G1 Z125.5
G1 E17 F9000
;TYPE:Outer wall
;WIDTH:3.2
G1 F2779.615
G1 X282.703 Y282.703 E1876.19945
G1 X717.297 Y282.703 E1876.19945
G1 X717.297 Y717.297 E1876.19945
G1 X283.003 Y717.297 E1874.90431
;WIPE_START
G1 F600
M73 P33 R510
G1 X282.999 Y710.297 E-10
;WIPE_END
G1 Z126.5 F15000
G1 X285.15 Y599.257 Z126.5
G1 Z125.5
G1 E17 F9000
;TYPE:Sparse infill
;WIDTH:3.2
G1 F2779.614
G1 X285.15 Y610.769 E49.70059
G1 X389.231 Y714.85 E635.45139
G1 X400.743 Y714.85 E49.70059
;WIPE_START
G1 F600
G1 X393.743 Y714.85 E-10
;WIPE_END
G1 Z126.5 F15000
G1 X285.15 Y436.447 Z126.5
G1 Z125.5
G1 E17 F9000
G1 F2779.614
G1 X285.15 Y447.96 E49.70059
G1 X552.04 Y714.85 E1629.46316
G1 X563.553 Y714.85 E49.70059
;WIPE_START
G1 F600
G1 X556.553 Y714.85 E-10
;WIPE_END
G1 Z126.5 F15000
G1 X714.85 Y599.257 Z126.5
G1 Z125.5
G1 E17 F9000
G1 F2779.614
G1 X714.85 Y610.769 E49.70059
G1 X610.769 Y714.85 E635.45139
G1 X599.257 Y714.85 E49.70059
;WIPE_START
G1 F600
G1 X606.257 Y714.85 E-10
;WIPE_END
G1 Z126.5 F15000
G1 X714.85 Y436.447 Z126.5
G1 Z125.5
G1 E17 F9000
G1 F2779.614
G1 X714.85 Y447.96 E49.70059
G1 X447.959 Y714.85 E1629.46317
G1 X436.447 Y714.85 E49.70059
;WIPE_START
G1 F600
G1 X443.447 Y714.85 E-10
;WIPE_END
G1 Z126.5 F15000
G1 X436.447 Y285.15 Z126.5
G1 Z125.5
G1 E17 F9000
G1 F2779.614
G1 X447.96 Y285.15 E49.70059
G1 X714.85 Y552.04 E1629.46316
G1 X714.85 Y563.553 E49.70059
;WIPE_START
G1 F600
G1 X714.85 Y556.553 E-10
;WIPE_END
G1 Z126.5 F15000
G1 X703.338 Y285.15 Z126.5
G1 Z125.5
G1 E17 F9000
G1 F2779.614
G1 X714.85 Y285.15 E49.70028
G1 X285.15 Y714.85 E2623.47449
G1 X296.662 Y714.85 E49.70028
M73 P33 R509
;WIPE_START
G1 F600
G1 X289.662 Y714.85 E-10
;WIPE_END
G1 Z126.5 F15000
G1 X296.662 Y285.15 Z126.5
G1 Z125.5
G1 E17 F9000
G1 F2779.614
G1 X285.15 Y285.15 E49.70059
G1 X714.85 Y714.85 E2623.47492
G1 X703.338 Y714.85 E49.70059
;WIPE_START
G1 F600
G1 X710.338 Y714.85 E-10
;WIPE_END
G1 Z126.5 F15000
G1 X599.257 Y285.15 Z126.5
G1 Z125.5
G1 E17 F9000
G1 F2779.614
G1 X610.769 Y285.15 E49.70059
G1 X714.85 Y389.231 E635.45139
G1 X714.85 Y400.743 E49.70059
;WIPE_START
G1 F600
G1 X714.85 Y393.743 E-10
;WIPE_END
G1 Z126.5 F15000
G1 X563.553 Y285.15 Z126.5
G1 Z125.5
G1 E17 F9000
G1 F2779.614
G1 X552.041 Y285.15 E49.70059
G1 X285.15 Y552.04 E1629.46316
G1 X285.15 Y563.553 E49.70059
;WIPE_START
G1 F600
G1 X285.15 Y556.553 E-10
;WIPE_END
G1 Z126.5 F15000
G1 X400.743 Y285.15 Z126.5
G1 Z125.5
G1 E17 F9000
G1 F2779.614
G1 X389.231 Y285.15 E49.70059
G1 X285.15 Y389.231 E635.45138
G1 X285.15 Y400.743 E49.70059
; stop printing object Cube id:0 copy 0
;LAYER_CHANGE
;Z:127
;HEIGHT:1.5
;BEFORE_LAYER_CHANGE
;127
G92 E0

EXCLUDE_OBJECT_END NAME=Cube_id_0_copy_0
;AFTER_LAYER_CHANGE
;127
;_SET_FAN_SPEED_CHANGING_LAYER
; printing object Cube id:0 copy 0
;WIPE_START
G1 F600
G1 X285.15 Y393.743 E-10
;WIPE_END
EXCLUDE_OBJECT_START NAME=Cube_id_0_copy_0
G1 Z128 F15000
G1 X282.703 Y282.703 Z128
G1 Z127
G1 E17 F9000
;TYPE:Outer wall
;WIDTH:3.2
G1 F2779.615
G1 X717.297 Y282.703 E1876.19945
G1 X717.297 Y717.297 E1876.19945
M73 P33 R508
G1 X282.703 Y717.297 E1876.19945
G1 X282.703 Y283.003 E1874.90431
;WIPE_START
G1 F600
G1 X289.703 Y282.999 E-10
;WIPE_END
G1 Z128 F15000
G1 X285.15 Y400.743 Z128
G1 Z127
G1 E17 F9000
;TYPE:Sparse infill
;WIDTH:3.2
G1 F2779.614
G1 X285.15 Y389.231 E49.70059
G1 X389.231 Y285.15 E635.45138
G1 X400.743 Y285.15 E49.70059
;WIPE_START
G1 F600
G1 X393.743 Y285.15 E-10
;WIPE_END
G1 Z128 F15000
G1 X285.15 Y563.553 Z128
G1 Z127
G1 E17 F9000
G1 F2779.614
G1 X285.15 Y552.04 E49.70059
G1 X552.041 Y285.15 E1629.46316
G1 X563.553 Y285.15 E49.70059
;WIPE_START
G1 F600
G1 X556.553 Y285.15 E-10
;WIPE_END
G1 Z128 F15000
G1 X714.85 Y400.743 Z128
G1 Z127
G1 E17 F9000
G1 F2779.614
G1 X714.85 Y389.231 E49.70059
G1 X610.769 Y285.15 E635.45139
G1 X599.257 Y285.15 E49.70059
;WIPE_START
G1 F600
G1 X606.257 Y285.15 E-10
;WIPE_END
G1 Z128 F15000
G1 X714.85 Y563.553 Z128
G1 Z127
G1 E17 F9000
G1 F2779.614
G1 X714.85 Y552.04 E49.70059
G1 X447.96 Y285.15 E1629.46316
G1 X436.447 Y285.15 E49.70059
M73 P33 R507
;WIPE_START
G1 F600
G1 X443.447 Y285.15 E-10
;WIPE_END
G1 Z128 F15000
G1 X436.447 Y714.85 Z128
G1 Z127
G1 E17 F9000
G1 F2779.614
G1 X447.959 Y714.85 E49.70059
G1 X714.85 Y447.96 E1629.46317
G1 X714.85 Y436.447 E49.70059
;WIPE_START
G1 F600
G1 X714.85 Y443.447 E-10
;WIPE_END
G1 Z128 F15000
G1 X703.338 Y714.85 Z128
G1 Z127
G1 E17 F9000
G1 F2779.614
G1 X714.85 Y714.85 E49.70059
G1 X285.15 Y285.15 E2623.47492
G1 X296.662 Y285.15 E49.70059
;WIPE_START
G1 F600
G1 X289.662 Y285.15 E-10
;WIPE_END
G1 Z128 F15000
G1 X296.662 Y714.85 Z128
G1 Z127
G1 E17 F9000
G1 F2779.614
G1 X285.15 Y714.85 E49.70028
G1 X714.85 Y285.15 E2623.47449
G1 X703.338 Y285.15 E49.70028
M73 P34 R507
;WIPE_START
G1 F600
G1 X710.338 Y285.15 E-10
;WIPE_END
G1 Z128 F15000
G1 X599.257 Y714.85 Z128
G1 Z127
G1 E17 F9000
G1 F2779.614
G1 X610.769 Y714.85 E49.70059
G1 X714.85 Y610.769 E635.45139
G1 X714.85 Y599.257 E49.70059
;WIPE_START
G1 F600
G1 X714.85 Y606.257 E-10
;WIPE_END
G1 Z128 F15000
G1 X563.553 Y714.85 Z128
G1 Z127
G1 E17 F9000
G1 F2779.614
G1 X552.04 Y714.85 E49.70059
G1 X285.15 Y447.96 E1629.46316
M73 P34 R506
G1 X285.15 Y436.447 E49.70059
;WIPE_START
G1 F600
G1 X285.15 Y443.447 E-10
;WIPE_END
G1 Z128 F15000
G1 X400.743 Y714.85 Z128
G1 Z127
G1 E17 F9000
G1 F2779.614
G1 X389.231 Y714.85 E49.70059
G1 X285.15 Y610.769 E635.45139
G1 X285.15 Y599.257 E49.70059
; stop printing object Cube id:0 copy 0
;LAYER_CHANGE
;Z:128.5
;HEIGHT:1.5
;BEFORE_LAYER_CHANGE
;128.5
G92 E0

EXCLUDE_OBJECT_END NAME=Cube_id_0_copy_0
;AFTER_LAYER_CHANGE
;128.5
;_SET_FAN_SPEED_CHANGING_LAYER
; printing object Cube id:0 copy 0
;WIPE_START
G1 F600
G1 X285.15 Y606.257 E-10
;WIPE_END
EXCLUDE_OBJECT_START NAME=Cube_id_0_copy_0
G1 Z129.5 F15000
G1 X282.703 Y717.297 Z129.5
G1 Z128.5
G1 E17 F9000
;TYPE:Outer wall
;WIDTH:3.2
G1 F2779.615
G1 X282.703 Y282.703 E1876.19945
G1 X717.297 Y282.703 E1876.19945
G1 X717.297 Y717.297 E1876.19945
G1 X283.003 Y717.297 E1874.90431
;WIPE_START
G1 F600
G1 X282.999 Y710.297 E-10
;WIPE_END
G1 Z129.5 F15000
G1 X285.15 Y599.257 Z129.5
G1 Z128.5
G1 E17 F9000
;TYPE:Sparse infill
;WIDTH:3.2
G1 F2779.614
G1 X285.15 Y610.769 E49.70059
G1 X389.231 Y714.85 E635.45139
G1 X400.743 Y714.85 E49.70059
M73 P34 R505
;WIPE_START
G1 F600
G1 X393.743 Y714.85 E-10
;WIPE_END
G1 Z129.5 F15000
G1 X285.15 Y436.447 Z129.5
G1 Z128.5
G1 E17 F9000
G1 F2779.614
G1 X285.15 Y447.96 E49.70059
G1 X552.04 Y714.85 E1629.46316
G1 X563.553 Y714.85 E49.70059
;WIPE_START
G1 F600
G1 X556.553 Y714.85 E-10
;WIPE_END
G1 Z129.5 F15000
G1 X714.85 Y599.257 Z129.5
G1 Z128.5
G1 E17 F9000
G1 F2779.614
G1 X714.85 Y610.769 E49.70059
G1 X610.769 Y714.85 E635.45139
G1 X599.257 Y714.85 E49.70059
;WIPE_START
G1 F600
G1 X606.257 Y714.85 E-10
;WIPE_END
G1 Z129.5 F15000
G1 X714.85 Y436.447 Z129.5
G1 Z128.5
G1 E17 F9000
G1 F2779.614
G1 X714.85 Y447.96 E49.70059
G1 X447.959 Y714.85 E1629.46317
G1 X436.447 Y714.85 E49.70059
;WIPE_START
G1 F600
G1 X443.447 Y714.85 E-10
;WIPE_END
G1 Z129.5 F15000
G1 X436.447 Y285.15 Z129.5
G1 Z128.5
G1 E17 F9000
G1 F2779.614
G1 X447.96 Y285.15 E49.70059
G1 X714.85 Y552.04 E1629.46316
G1 X714.85 Y563.553 E49.70059
;WIPE_START
G1 F600
G1 X714.85 Y556.553 E-10
;WIPE_END
G1 Z129.5 F15000
G1 X703.338 Y285.15 Z129.5
G1 Z128.5
G1 E17 F9000
G1 F2779.614
G1 X714.85 Y285.15 E49.70028
G1 X285.15 Y714.85 E2623.47449
G1 X296.662 Y714.85 E49.70028
;WIPE_START
G1 F600
G1 X289.662 Y714.85 E-10
;WIPE_END
G1 Z129.5 F15000
M73 P34 R504
G1 X296.662 Y285.15 Z129.5
G1 Z128.5
G1 E17 F9000
G1 F2779.614
G1 X285.15 Y285.15 E49.70059
G1 X714.85 Y714.85 E2623.47492
G1 X703.338 Y714.85 E49.70059
;WIPE_START
G1 F600
G1 X710.338 Y714.85 E-10
;WIPE_END
G1 Z129.5 F15000
G1 X599.257 Y285.15 Z129.5
G1 Z128.5
G1 E17 F9000
G1 F2779.614
G1 X610.769 Y285.15 E49.70059
G1 X714.85 Y389.231 E635.45139
G1 X714.85 Y400.743 E49.70059
;WIPE_START
G1 F600
G1 X714.85 Y393.743 E-10
;WIPE_END
G1 Z129.5 F15000
G1 X563.553 Y285.15 Z129.5
G1 Z128.5
G1 E17 F9000
G1 F2779.614
G1 X552.041 Y285.15 E49.70059
G1 X285.15 Y552.04 E1629.46316
G1 X285.15 Y563.553 E49.70059
;WIPE_START
G1 F600
G1 X285.15 Y556.553 E-10
;WIPE_END
G1 Z129.5 F15000
G1 X400.743 Y285.15 Z129.5
G1 Z128.5
G1 E17 F9000
G1 F2779.614
G1 X389.231 Y285.15 E49.70059
G1 X285.15 Y389.231 E635.45138
G1 X285.15 Y400.743 E49.70059
; stop printing object Cube id:0 copy 0
;LAYER_CHANGE
;Z:130
;HEIGHT:1.5
;BEFORE_LAYER_CHANGE
;130
G92 E0

EXCLUDE_OBJECT_END NAME=Cube_id_0_copy_0
;AFTER_LAYER_CHANGE
;130
;_SET_FAN_SPEED_CHANGING_LAYER
; printing object Cube id:0 copy 0
;WIPE_START
G1 F600
G1 X285.15 Y393.743 E-10
;WIPE_END
EXCLUDE_OBJECT_START NAME=Cube_id_0_copy_0
G1 Z131 F15000
G1 X282.703 Y282.703 Z131
G1 Z130
G1 E17 F9000
;TYPE:Outer wall
;WIDTH:3.2
G1 F2779.615
G1 X717.297 Y282.703 E1876.19945
G1 X717.297 Y717.297 E1876.19945
G1 X282.703 Y717.297 E1876.19945
M73 P34 R503
G1 X282.703 Y283.003 E1874.90431
;WIPE_START
G1 F600
G1 X289.703 Y282.999 E-10
;WIPE_END
G1 Z131 F15000
G1 X285.15 Y400.743 Z131
G1 Z130
G1 E17 F9000
;TYPE:Sparse infill
;WIDTH:3.2
G1 F2779.614
G1 X285.15 Y389.231 E49.70059
G1 X389.231 Y285.15 E635.45138
G1 X400.743 Y285.15 E49.70059
;WIPE_START
G1 F600
G1 X393.743 Y285.15 E-10
;WIPE_END
G1 Z131 F15000
G1 X285.15 Y563.553 Z131
G1 Z130
G1 E17 F9000
G1 F2779.614
G1 X285.15 Y552.04 E49.70059
G1 X552.041 Y285.15 E1629.46316
G1 X563.553 Y285.15 E49.70059
;WIPE_START
G1 F600
G1 X556.553 Y285.15 E-10
;WIPE_END
G1 Z131 F15000
G1 X714.85 Y400.743 Z131
G1 Z130
G1 E17 F9000
G1 F2779.614
G1 X714.85 Y389.231 E49.70059
G1 X610.769 Y285.15 E635.45139
G1 X599.257 Y285.15 E49.70059
;WIPE_START
G1 F600
G1 X606.257 Y285.15 E-10
;WIPE_END
G1 Z131 F15000
G1 X714.85 Y563.553 Z131
G1 Z130
G1 E17 F9000
G1 F2779.614
G1 X714.85 Y552.04 E49.70059
G1 X447.96 Y285.15 E1629.46316
G1 X436.447 Y285.15 E49.70059
;WIPE_START
G1 F600
G1 X443.447 Y285.15 E-10
;WIPE_END
G1 Z131 F15000
G1 X436.447 Y714.85 Z131
G1 Z130
M73 P34 R502
G1 E17 F9000
G1 F2779.614
G1 X447.959 Y714.85 E49.70059
G1 X714.85 Y447.96 E1629.46317
G1 X714.85 Y436.447 E49.70059
;WIPE_START
G1 F600
G1 X714.85 Y443.447 E-10
;WIPE_END
G1 Z131 F15000
G1 X703.338 Y714.85 Z131
G1 Z130
G1 E17 F9000
G1 F2779.614
G1 X714.85 Y714.85 E49.70059
G1 X285.15 Y285.15 E2623.47492
G1 X296.662 Y285.15 E49.70059
;WIPE_START
G1 F600
G1 X289.662 Y285.15 E-10
;WIPE_END
G1 Z131 F15000
G1 X296.662 Y714.85 Z131
G1 Z130
G1 E17 F9000
G1 F2779.614
G1 X285.15 Y714.85 E49.70028
G1 X714.85 Y285.15 E2623.47449
G1 X703.338 Y285.15 E49.70028
;WIPE_START
G1 F600
G1 X710.338 Y285.15 E-10
;WIPE_END
G1 Z131 F15000
G1 X599.257 Y714.85 Z131
G1 Z130
G1 E17 F9000
G1 F2779.614
G1 X610.769 Y714.85 E49.70059
G1 X714.85 Y610.769 E635.45139
G1 X714.85 Y599.257 E49.70059
;WIPE_START
G1 F600
G1 X714.85 Y606.257 E-10
;WIPE_END
G1 Z131 F15000
G1 X563.553 Y714.85 Z131
G1 Z130
G1 E17 F9000
G1 F2779.614
G1 X552.04 Y714.85 E49.70059
G1 X285.15 Y447.96 E1629.46316
G1 X285.15 Y436.447 E49.70059
M73 P34 R501
;WIPE_START
G1 F600
G1 X285.15 Y443.447 E-10
;WIPE_END
G1 Z131 F15000
G1 X400.743 Y714.85 Z131
G1 Z130
G1 E17 F9000
G1 F2779.614
G1 X389.231 Y714.85 E49.70059
G1 X285.15 Y610.769 E635.45139
G1 X285.15 Y599.257 E49.70059
; stop printing object Cube id:0 copy 0
;LAYER_CHANGE
;Z:131.5
;HEIGHT:1.5
;BEFORE_LAYER_CHANGE
;131.5
G92 E0

EXCLUDE_OBJECT_END NAME=Cube_id_0_copy_0
;AFTER_LAYER_CHANGE
;131.5
;_SET_FAN_SPEED_CHANGING_LAYER
; printing object Cube id:0 copy 0
;WIPE_START
G1 F600
G1 X285.15 Y606.257 E-10
;WIPE_END
EXCLUDE_OBJECT_START NAME=Cube_id_0_copy_0
G1 Z132.5 F15000
G1 X282.703 Y717.297 Z132.5
G1 Z131.5
G1 E17 F9000
;TYPE:Outer wall
;WIDTH:3.2
G1 F2779.615
G1 X282.703 Y282.703 E1876.19945
G1 X717.297 Y282.703 E1876.19945
G1 X717.297 Y717.297 E1876.19945
G1 X283.003 Y717.297 E1874.90431
;WIPE_START
G1 F600
G1 X282.999 Y710.297 E-10
;WIPE_END
G1 Z132.5 F15000
G1 X285.15 Y599.257 Z132.5
G1 Z131.5
G1 E17 F9000
;TYPE:Sparse infill
;WIDTH:3.2
G1 F2779.614
G1 X285.15 Y610.769 E49.70059
G1 X389.231 Y714.85 E635.45139
G1 X400.743 Y714.85 E49.70059
;WIPE_START
G1 F600
G1 X393.743 Y714.85 E-10
;WIPE_END
G1 Z132.5 F15000
G1 X285.15 Y436.447 Z132.5
G1 Z131.5
G1 E17 F9000
G1 F2779.614
G1 X285.15 Y447.96 E49.70059
G1 X552.04 Y714.85 E1629.46316
G1 X563.553 Y714.85 E49.70059
M73 P34 R500
;WIPE_START
G1 F600
G1 X556.553 Y714.85 E-10
;WIPE_END
G1 Z132.5 F15000
G1 X714.85 Y599.257 Z132.5
G1 Z131.5
G1 E17 F9000
G1 F2779.614
G1 X714.85 Y610.769 E49.70059
G1 X610.769 Y714.85 E635.45139
G1 X599.257 Y714.85 E49.70059
;WIPE_START
G1 F600
G1 X606.257 Y714.85 E-10
;WIPE_END
G1 Z132.5 F15000
G1 X714.85 Y436.447 Z132.5
G1 Z131.5
G1 E17 F9000
G1 F2779.614
G1 X714.85 Y447.96 E49.70059
G1 X447.959 Y714.85 E1629.46317
G1 X436.447 Y714.85 E49.70059
;WIPE_START
G1 F600
G1 X443.447 Y714.85 E-10
;WIPE_END
G1 Z132.5 F15000
G1 X436.447 Y285.15 Z132.5
G1 Z131.5
G1 E17 F9000
G1 F2779.614
G1 X447.96 Y285.15 E49.70059
G1 X714.85 Y552.04 E1629.46316
G1 X714.85 Y563.553 E49.70059
;WIPE_START
G1 F600
G1 X714.85 Y556.553 E-10
;WIPE_END
G1 Z132.5 F15000
G1 X703.338 Y285.15 Z132.5
G1 Z131.5
G1 E17 F9000
G1 F2779.614
G1 X714.85 Y285.15 E49.70028
G1 X285.15 Y714.85 E2623.47449
G1 X296.662 Y714.85 E49.70028
;WIPE_START
G1 F600
G1 X289.662 Y714.85 E-10
;WIPE_END
G1 Z132.5 F15000
G1 X296.662 Y285.15 Z132.5
G1 Z131.5
G1 E17 F9000
G1 F2779.614
G1 X285.15 Y285.15 E49.70059
G1 X714.85 Y714.85 E2623.47492
G1 X703.338 Y714.85 E49.70059
M73 P34 R499
;WIPE_START
G1 F600
G1 X710.338 Y714.85 E-10
;WIPE_END
G1 Z132.5 F15000
G1 X599.257 Y285.15 Z132.5
G1 Z131.5
G1 E17 F9000
G1 F2779.614
G1 X610.769 Y285.15 E49.70059
G1 X714.85 Y389.231 E635.45139
G1 X714.85 Y400.743 E49.70059
;WIPE_START
G1 F600
G1 X714.85 Y393.743 E-10
;WIPE_END
G1 Z132.5 F15000
G1 X563.553 Y285.15 Z132.5
G1 Z131.5
G1 E17 F9000
G1 F2779.614
G1 X552.041 Y285.15 E49.70059
G1 X285.15 Y552.04 E1629.46316
G1 X285.15 Y563.553 E49.70059
M73 P35 R499
;WIPE_START
G1 F600
G1 X285.15 Y556.553 E-10
;WIPE_END
G1 Z132.5 F15000
G1 X400.743 Y285.15 Z132.5
G1 Z131.5
G1 E17 F9000
G1 F2779.614
G1 X389.231 Y285.15 E49.70059
G1 X285.15 Y389.231 E635.45138
G1 X285.15 Y400.743 E49.70059
; stop printing object Cube id:0 copy 0
;LAYER_CHANGE
;Z:133
;HEIGHT:1.5
;BEFORE_LAYER_CHANGE
;133
G92 E0

EXCLUDE_OBJECT_END NAME=Cube_id_0_copy_0
;AFTER_LAYER_CHANGE
;133
;_SET_FAN_SPEED_CHANGING_LAYER
; printing object Cube id:0 copy 0
;WIPE_START
G1 F600
G1 X285.15 Y393.743 E-10
;WIPE_END
EXCLUDE_OBJECT_START NAME=Cube_id_0_copy_0
G1 Z134 F15000
G1 X282.703 Y282.703 Z134
G1 Z133
G1 E17 F9000
;TYPE:Outer wall
;WIDTH:3.2
G1 F2779.615
G1 X717.297 Y282.703 E1876.19945
G1 X717.297 Y717.297 E1876.19945
G1 X282.703 Y717.297 E1876.19945
G1 X282.703 Y283.003 E1874.90431
M73 P35 R498
;WIPE_START
G1 F600
G1 X289.703 Y282.999 E-10
;WIPE_END
G1 Z134 F15000
G1 X285.15 Y400.743 Z134
G1 Z133
G1 E17 F9000
;TYPE:Sparse infill
;WIDTH:3.2
G1 F2779.614
G1 X285.15 Y389.231 E49.70059
G1 X389.231 Y285.15 E635.45138
G1 X400.743 Y285.15 E49.70059
;WIPE_START
G1 F600
G1 X393.743 Y285.15 E-10
;WIPE_END
G1 Z134 F15000
G1 X285.15 Y563.553 Z134
G1 Z133
G1 E17 F9000
G1 F2779.614
G1 X285.15 Y552.04 E49.70059
G1 X552.041 Y285.15 E1629.46316
G1 X563.553 Y285.15 E49.70059
;WIPE_START
G1 F600
G1 X556.553 Y285.15 E-10
;WIPE_END
G1 Z134 F15000
G1 X714.85 Y400.743 Z134
G1 Z133
G1 E17 F9000
G1 F2779.614
G1 X714.85 Y389.231 E49.70059
G1 X610.769 Y285.15 E635.45139
G1 X599.257 Y285.15 E49.70059
;WIPE_START
G1 F600
G1 X606.257 Y285.15 E-10
;WIPE_END
G1 Z134 F15000
G1 X714.85 Y563.553 Z134
G1 Z133
G1 E17 F9000
G1 F2779.614
G1 X714.85 Y552.04 E49.70059
G1 X447.96 Y285.15 E1629.46316
G1 X436.447 Y285.15 E49.70059
;WIPE_START
G1 F600
G1 X443.447 Y285.15 E-10
;WIPE_END
G1 Z134 F15000
G1 X436.447 Y714.85 Z134
G1 Z133
G1 E17 F9000
G1 F2779.614
G1 X447.959 Y714.85 E49.70059
G1 X714.85 Y447.96 E1629.46317
G1 X714.85 Y436.447 E49.70059
M73 P35 R497
;WIPE_START
G1 F600
G1 X714.85 Y443.447 E-10
;WIPE_END
G1 Z134 F15000
G1 X703.338 Y714.85 Z134
G1 Z133
G1 E17 F9000
G1 F2779.614
G1 X714.85 Y714.85 E49.70059
G1 X285.15 Y285.15 E2623.47492
G1 X296.662 Y285.15 E49.70059
;WIPE_START
G1 F600
G1 X289.662 Y285.15 E-10
;WIPE_END
G1 Z134 F15000
G1 X296.662 Y714.85 Z134
G1 Z133
G1 E17 F9000
G1 F2779.614
G1 X285.15 Y714.85 E49.70028
G1 X714.85 Y285.15 E2623.47449
G1 X703.338 Y285.15 E49.70028
;WIPE_START
G1 F600
G1 X710.338 Y285.15 E-10
;WIPE_END
G1 Z134 F15000
G1 X599.257 Y714.85 Z134
G1 Z133
G1 E17 F9000
G1 F2779.614
G1 X610.769 Y714.85 E49.70059
G1 X714.85 Y610.769 E635.45139
G1 X714.85 Y599.257 E49.70059
;WIPE_START
G1 F600
G1 X714.85 Y606.257 E-10
;WIPE_END
G1 Z134 F15000
G1 X563.553 Y714.85 Z134
G1 Z133
G1 E17 F9000
G1 F2779.614
G1 X552.04 Y714.85 E49.70059
G1 X285.15 Y447.96 E1629.46316
G1 X285.15 Y436.447 E49.70059
;WIPE_START
G1 F600
G1 X285.15 Y443.447 E-10
;WIPE_END
G1 Z134 F15000
G1 X400.743 Y714.85 Z134
G1 Z133
G1 E17 F9000
G1 F2779.614
G1 X389.231 Y714.85 E49.70059
G1 X285.15 Y610.769 E635.45139
G1 X285.15 Y599.257 E49.70059
M73 P35 R496
; stop printing object Cube id:0 copy 0
;LAYER_CHANGE
;Z:134.5
;HEIGHT:1.5
;BEFORE_LAYER_CHANGE
;134.5
G92 E0

EXCLUDE_OBJECT_END NAME=Cube_id_0_copy_0
;AFTER_LAYER_CHANGE
;134.5
;_SET_FAN_SPEED_CHANGING_LAYER
; printing object Cube id:0 copy 0
;WIPE_START
G1 F600
G1 X285.15 Y606.257 E-10
;WIPE_END
EXCLUDE_OBJECT_START NAME=Cube_id_0_copy_0
G1 Z135.5 F15000
G1 X282.703 Y717.297 Z135.5
G1 Z134.5
G1 E17 F9000
;TYPE:Outer wall
;WIDTH:3.2
G1 F2779.615
G1 X282.703 Y282.703 E1876.19945
G1 X717.297 Y282.703 E1876.19945
G1 X717.297 Y717.297 E1876.19945
G1 X283.003 Y717.297 E1874.90431
;WIPE_START
G1 F600
G1 X282.999 Y710.297 E-10
;WIPE_END
G1 Z135.5 F15000
G1 X285.15 Y599.257 Z135.5
G1 Z134.5
G1 E17 F9000
;TYPE:Sparse infill
;WIDTH:3.2
G1 F2779.614
G1 X285.15 Y610.769 E49.70059
G1 X389.231 Y714.85 E635.45139
G1 X400.743 Y714.85 E49.70059
;WIPE_START
G1 F600
G1 X393.743 Y714.85 E-10
;WIPE_END
G1 Z135.5 F15000
G1 X285.15 Y436.447 Z135.5
G1 Z134.5
G1 E17 F9000
G1 F2779.614
G1 X285.15 Y447.96 E49.70059
G1 X552.04 Y714.85 E1629.46316
G1 X563.553 Y714.85 E49.70059
M73 P35 R495
;WIPE_START
G1 F600
G1 X556.553 Y714.85 E-10
;WIPE_END
G1 Z135.5 F15000
G1 X714.85 Y599.257 Z135.5
G1 Z134.5
G1 E17 F9000
G1 F2779.614
G1 X714.85 Y610.769 E49.70059
G1 X610.769 Y714.85 E635.45139
G1 X599.257 Y714.85 E49.70059
;WIPE_START
G1 F600
G1 X606.257 Y714.85 E-10
;WIPE_END
G1 Z135.5 F15000
G1 X714.85 Y436.447 Z135.5
G1 Z134.5
G1 E17 F9000
G1 F2779.614
G1 X714.85 Y447.96 E49.70059
G1 X447.959 Y714.85 E1629.46317
G1 X436.447 Y714.85 E49.70059
;WIPE_START
G1 F600
G1 X443.447 Y714.85 E-10
;WIPE_END
G1 Z135.5 F15000
G1 X436.447 Y285.15 Z135.5
G1 Z134.5
G1 E17 F9000
G1 F2779.614
G1 X447.96 Y285.15 E49.70059
G1 X714.85 Y552.04 E1629.46316
G1 X714.85 Y563.553 E49.70059
;WIPE_START
G1 F600
G1 X714.85 Y556.553 E-10
;WIPE_END
G1 Z135.5 F15000
G1 X703.338 Y285.15 Z135.5
G1 Z134.5
G1 E17 F9000
G1 F2779.614
G1 X714.85 Y285.15 E49.70028
G1 X285.15 Y714.85 E2623.47449
G1 X296.662 Y714.85 E49.70028
;WIPE_START
G1 F600
G1 X289.662 Y714.85 E-10
;WIPE_END
G1 Z135.5 F15000
G1 X296.662 Y285.15 Z135.5
G1 Z134.5
G1 E17 F9000
G1 F2779.614
G1 X285.15 Y285.15 E49.70059
G1 X714.85 Y714.85 E2623.47492
G1 X703.338 Y714.85 E49.70059
M73 P35 R494
;WIPE_START
G1 F600
G1 X710.338 Y714.85 E-10
;WIPE_END
G1 Z135.5 F15000
G1 X599.257 Y285.15 Z135.5
G1 Z134.5
G1 E17 F9000
G1 F2779.614
G1 X610.769 Y285.15 E49.70059
G1 X714.85 Y389.231 E635.45139
G1 X714.85 Y400.743 E49.70059
;WIPE_START
G1 F600
G1 X714.85 Y393.743 E-10
;WIPE_END
G1 Z135.5 F15000
G1 X563.553 Y285.15 Z135.5
G1 Z134.5
G1 E17 F9000
G1 F2779.614
G1 X552.041 Y285.15 E49.70059
G1 X285.15 Y552.04 E1629.46316
G1 X285.15 Y563.553 E49.70059
;WIPE_START
G1 F600
G1 X285.15 Y556.553 E-10
;WIPE_END
G1 Z135.5 F15000
G1 X400.743 Y285.15 Z135.5
G1 Z134.5
G1 E17 F9000
G1 F2779.614
G1 X389.231 Y285.15 E49.70059
G1 X285.15 Y389.231 E635.45138
G1 X285.15 Y400.743 E49.70059
; stop printing object Cube id:0 copy 0
;LAYER_CHANGE
;Z:136
;HEIGHT:1.5
;BEFORE_LAYER_CHANGE
;136
G92 E0

EXCLUDE_OBJECT_END NAME=Cube_id_0_copy_0
;AFTER_LAYER_CHANGE
;136
;_SET_FAN_SPEED_CHANGING_LAYER
; printing object Cube id:0 copy 0
;WIPE_START
G1 F600
G1 X285.15 Y393.743 E-10
;WIPE_END
EXCLUDE_OBJECT_START NAME=Cube_id_0_copy_0
G1 Z137 F15000
G1 X282.703 Y282.703 Z137
G1 Z136
G1 E17 F9000
;TYPE:Outer wall
;WIDTH:3.2
G1 F2779.615
G1 X717.297 Y282.703 E1876.19945
G1 X717.297 Y717.297 E1876.19945
G1 X282.703 Y717.297 E1876.19945
G1 X282.703 Y283.003 E1874.90431
M73 P35 R493
;WIPE_START
G1 F600
G1 X289.703 Y282.999 E-10
;WIPE_END
G1 Z137 F15000
G1 X285.15 Y400.743 Z137
G1 Z136
G1 E17 F9000
;TYPE:Sparse infill
;WIDTH:3.2
G1 F2779.614
G1 X285.15 Y389.231 E49.70059
G1 X389.231 Y285.15 E635.45138
G1 X400.743 Y285.15 E49.70059
;WIPE_START
G1 F600
G1 X393.743 Y285.15 E-10
;WIPE_END
G1 Z137 F15000
G1 X285.15 Y563.553 Z137
G1 Z136
G1 E17 F9000
G1 F2779.614
G1 X285.15 Y552.04 E49.70059
G1 X552.041 Y285.15 E1629.46316
G1 X563.553 Y285.15 E49.70059
;WIPE_START
G1 F600
G1 X556.553 Y285.15 E-10
;WIPE_END
G1 Z137 F15000
G1 X714.85 Y400.743 Z137
G1 Z136
G1 E17 F9000
G1 F2779.614
G1 X714.85 Y389.231 E49.70059
G1 X610.769 Y285.15 E635.45139
G1 X599.257 Y285.15 E49.70059
;WIPE_START
G1 F600
G1 X606.257 Y285.15 E-10
;WIPE_END
G1 Z137 F15000
G1 X714.85 Y563.553 Z137
G1 Z136
G1 E17 F9000
G1 F2779.614
G1 X714.85 Y552.04 E49.70059
G1 X447.96 Y285.15 E1629.46316
G1 X436.447 Y285.15 E49.70059
;WIPE_START
G1 F600
G1 X443.447 Y285.15 E-10
;WIPE_END
G1 Z137 F15000
G1 X436.447 Y714.85 Z137
G1 Z136
G1 E17 F9000
G1 F2779.614
G1 X447.959 Y714.85 E49.70059
G1 X714.85 Y447.96 E1629.46317
G1 X714.85 Y436.447 E49.70059
;WIPE_START
G1 F600
G1 X714.85 Y443.447 E-10
;WIPE_END
G1 Z137 F15000
G1 X703.338 Y714.85 Z137
G1 Z136
G1 E17 F9000
M73 P35 R492
G1 F2779.614
G1 X714.85 Y714.85 E49.70059
G1 X285.15 Y285.15 E2623.47492
G1 X296.662 Y285.15 E49.70059
;WIPE_START
G1 F600
G1 X289.662 Y285.15 E-10
;WIPE_END
G1 Z137 F15000
G1 X296.662 Y714.85 Z137
G1 Z136
G1 E17 F9000
G1 F2779.614
G1 X285.15 Y714.85 E49.70028
G1 X714.85 Y285.15 E2623.47449
G1 X703.338 Y285.15 E49.70028
;WIPE_START
G1 F600
G1 X710.338 Y285.15 E-10
;WIPE_END
G1 Z137 F15000
G1 X599.257 Y714.85 Z137
G1 Z136
G1 E17 F9000
G1 F2779.614
G1 X610.769 Y714.85 E49.70059
G1 X714.85 Y610.769 E635.45139
G1 X714.85 Y599.257 E49.70059
;WIPE_START
G1 F600
G1 X714.85 Y606.257 E-10
;WIPE_END
G1 Z137 F15000
G1 X563.553 Y714.85 Z137
G1 Z136
G1 E17 F9000
G1 F2779.614
G1 X552.04 Y714.85 E49.70059
G1 X285.15 Y447.96 E1629.46316
G1 X285.15 Y436.447 E49.70059
;WIPE_START
G1 F600
G1 X285.15 Y443.447 E-10
;WIPE_END
G1 Z137 F15000
G1 X400.743 Y714.85 Z137
G1 Z136
G1 E17 F9000
G1 F2779.614
G1 X389.231 Y714.85 E49.70059
G1 X285.15 Y610.769 E635.45139
G1 X285.15 Y599.257 E49.70059
; stop printing object Cube id:0 copy 0
;LAYER_CHANGE
;Z:137.5
;HEIGHT:1.5
;BEFORE_LAYER_CHANGE
;137.5
G92 E0

EXCLUDE_OBJECT_END NAME=Cube_id_0_copy_0
;AFTER_LAYER_CHANGE
;137.5
;_SET_FAN_SPEED_CHANGING_LAYER
; printing object Cube id:0 copy 0
;WIPE_START
G1 F600
G1 X285.15 Y606.257 E-10
;WIPE_END
EXCLUDE_OBJECT_START NAME=Cube_id_0_copy_0
G1 Z138.5 F15000
G1 X282.703 Y717.297 Z138.5
G1 Z137.5
G1 E17 F9000
;TYPE:Outer wall
;WIDTH:3.2
G1 F2779.615
G1 X282.703 Y282.703 E1876.19945
G1 X717.297 Y282.703 E1876.19945
M73 P35 R491
G1 X717.297 Y717.297 E1876.19945
M73 P36 R491
G1 X283.003 Y717.297 E1874.90431
;WIPE_START
G1 F600
G1 X282.999 Y710.297 E-10
;WIPE_END
G1 Z138.5 F15000
G1 X285.15 Y599.257 Z138.5
G1 Z137.5
G1 E17 F9000
;TYPE:Sparse infill
;WIDTH:3.2
G1 F2779.614
G1 X285.15 Y610.769 E49.70059
G1 X389.231 Y714.85 E635.45139
G1 X400.743 Y714.85 E49.70059
;WIPE_START
G1 F600
G1 X393.743 Y714.85 E-10
;WIPE_END
G1 Z138.5 F15000
G1 X285.15 Y436.447 Z138.5
G1 Z137.5
G1 E17 F9000
G1 F2779.614
G1 X285.15 Y447.96 E49.70059
G1 X552.04 Y714.85 E1629.46316
G1 X563.553 Y714.85 E49.70059
;WIPE_START
G1 F600
G1 X556.553 Y714.85 E-10
;WIPE_END
G1 Z138.5 F15000
G1 X714.85 Y599.257 Z138.5
G1 Z137.5
G1 E17 F9000
G1 F2779.614
G1 X714.85 Y610.769 E49.70059
G1 X610.769 Y714.85 E635.45139
G1 X599.257 Y714.85 E49.70059
M73 P36 R490
;WIPE_START
G1 F600
G1 X606.257 Y714.85 E-10
;WIPE_END
G1 Z138.5 F15000
G1 X714.85 Y436.447 Z138.5
G1 Z137.5
G1 E17 F9000
G1 F2779.614
G1 X714.85 Y447.96 E49.70059
G1 X447.959 Y714.85 E1629.46317
G1 X436.447 Y714.85 E49.70059
;WIPE_START
G1 F600
G1 X443.447 Y714.85 E-10
;WIPE_END
G1 Z138.5 F15000
G1 X436.447 Y285.15 Z138.5
G1 Z137.5
G1 E17 F9000
G1 F2779.614
G1 X447.96 Y285.15 E49.70059
G1 X714.85 Y552.04 E1629.46316
G1 X714.85 Y563.553 E49.70059
;WIPE_START
G1 F600
G1 X714.85 Y556.553 E-10
;WIPE_END
G1 Z138.5 F15000
G1 X703.338 Y285.15 Z138.5
G1 Z137.5
G1 E17 F9000
G1 F2779.614
G1 X714.85 Y285.15 E49.70028
G1 X285.15 Y714.85 E2623.47449
G1 X296.662 Y714.85 E49.70028
;WIPE_START
G1 F600
G1 X289.662 Y714.85 E-10
;WIPE_END
G1 Z138.5 F15000
G1 X296.662 Y285.15 Z138.5
G1 Z137.5
G1 E17 F9000
G1 F2779.614
G1 X285.15 Y285.15 E49.70059
G1 X714.85 Y714.85 E2623.47492
G1 X703.338 Y714.85 E49.70059
;WIPE_START
G1 F600
G1 X710.338 Y714.85 E-10
;WIPE_END
G1 Z138.5 F15000
G1 X599.257 Y285.15 Z138.5
G1 Z137.5
M73 P36 R489
G1 E17 F9000
G1 F2779.614
G1 X610.769 Y285.15 E49.70059
G1 X714.85 Y389.231 E635.45139
G1 X714.85 Y400.743 E49.70059
;WIPE_START
G1 F600
G1 X714.85 Y393.743 E-10
;WIPE_END
G1 Z138.5 F15000
G1 X563.553 Y285.15 Z138.5
G1 Z137.5
G1 E17 F9000
G1 F2779.614
G1 X552.041 Y285.15 E49.70059
G1 X285.15 Y552.04 E1629.46316
G1 X285.15 Y563.553 E49.70059
;WIPE_START
G1 F600
G1 X285.15 Y556.553 E-10
;WIPE_END
G1 Z138.5 F15000
G1 X400.743 Y285.15 Z138.5
G1 Z137.5
G1 E17 F9000
G1 F2779.614
G1 X389.231 Y285.15 E49.70059
G1 X285.15 Y389.231 E635.45138
G1 X285.15 Y400.743 E49.70059
; stop printing object Cube id:0 copy 0
;LAYER_CHANGE
;Z:139
;HEIGHT:1.5
;BEFORE_LAYER_CHANGE
;139
G92 E0

EXCLUDE_OBJECT_END NAME=Cube_id_0_copy_0
;AFTER_LAYER_CHANGE
;139
;_SET_FAN_SPEED_CHANGING_LAYER
; printing object Cube id:0 copy 0
;WIPE_START
G1 F600
G1 X285.15 Y393.743 E-10
;WIPE_END
EXCLUDE_OBJECT_START NAME=Cube_id_0_copy_0
G1 Z140 F15000
G1 X282.703 Y282.703 Z140
G1 Z139
G1 E17 F9000
;TYPE:Outer wall
;WIDTH:3.2
G1 F2779.615
G1 X717.297 Y282.703 E1876.19945
G1 X717.297 Y717.297 E1876.19945
G1 X282.703 Y717.297 E1876.19945
G1 X282.703 Y283.003 E1874.90431
;WIPE_START
G1 F600
M73 P36 R488
G1 X289.703 Y282.999 E-10
;WIPE_END
G1 Z140 F15000
G1 X285.15 Y400.743 Z140
G1 Z139
G1 E17 F9000
;TYPE:Sparse infill
;WIDTH:3.2
G1 F2779.614
G1 X285.15 Y389.231 E49.70059
G1 X389.231 Y285.15 E635.45138
G1 X400.743 Y285.15 E49.70059
;WIPE_START
G1 F600
G1 X393.743 Y285.15 E-10
;WIPE_END
G1 Z140 F15000
G1 X285.15 Y563.553 Z140
G1 Z139
G1 E17 F9000
G1 F2779.614
G1 X285.15 Y552.04 E49.70059
G1 X552.041 Y285.15 E1629.46316
G1 X563.553 Y285.15 E49.70059
;WIPE_START
G1 F600
G1 X556.553 Y285.15 E-10
;WIPE_END
G1 Z140 F15000
G1 X714.85 Y400.743 Z140
G1 Z139
G1 E17 F9000
G1 F2779.614
G1 X714.85 Y389.231 E49.70059
G1 X610.769 Y285.15 E635.45139
G1 X599.257 Y285.15 E49.70059
;WIPE_START
G1 F600
G1 X606.257 Y285.15 E-10
;WIPE_END
G1 Z140 F15000
G1 X714.85 Y563.553 Z140
G1 Z139
G1 E17 F9000
G1 F2779.614
G1 X714.85 Y552.04 E49.70059
G1 X447.96 Y285.15 E1629.46316
G1 X436.447 Y285.15 E49.70059
;WIPE_START
G1 F600
G1 X443.447 Y285.15 E-10
;WIPE_END
G1 Z140 F15000
G1 X436.447 Y714.85 Z140
G1 Z139
G1 E17 F9000
G1 F2779.614
G1 X447.959 Y714.85 E49.70059
G1 X714.85 Y447.96 E1629.46317
G1 X714.85 Y436.447 E49.70059
;WIPE_START
G1 F600
G1 X714.85 Y443.447 E-10
;WIPE_END
G1 Z140 F15000
G1 X703.338 Y714.85 Z140
G1 Z139
G1 E17 F9000
G1 F2779.614
G1 X714.85 Y714.85 E49.70059
G1 X285.15 Y285.15 E2623.47492
G1 X296.662 Y285.15 E49.70059
M73 P36 R487
;WIPE_START
G1 F600
G1 X289.662 Y285.15 E-10
;WIPE_END
G1 Z140 F15000
G1 X296.662 Y714.85 Z140
G1 Z139
G1 E17 F9000
G1 F2779.614
G1 X285.15 Y714.85 E49.70028
G1 X714.85 Y285.15 E2623.47449
G1 X703.338 Y285.15 E49.70028
;WIPE_START
G1 F600
G1 X710.338 Y285.15 E-10
;WIPE_END
G1 Z140 F15000
G1 X599.257 Y714.85 Z140
G1 Z139
G1 E17 F9000
G1 F2779.614
G1 X610.769 Y714.85 E49.70059
G1 X714.85 Y610.769 E635.45139
G1 X714.85 Y599.257 E49.70059
;WIPE_START
G1 F600
G1 X714.85 Y606.257 E-10
;WIPE_END
G1 Z140 F15000
G1 X563.553 Y714.85 Z140
G1 Z139
G1 E17 F9000
G1 F2779.614
G1 X552.04 Y714.85 E49.70059
G1 X285.15 Y447.96 E1629.46316
G1 X285.15 Y436.447 E49.70059
;WIPE_START
G1 F600
G1 X285.15 Y443.447 E-10
;WIPE_END
G1 Z140 F15000
G1 X400.743 Y714.85 Z140
G1 Z139
G1 E17 F9000
G1 F2779.614
G1 X389.231 Y714.85 E49.70059
G1 X285.15 Y610.769 E635.45139
G1 X285.15 Y599.257 E49.70059
; stop printing object Cube id:0 copy 0
;LAYER_CHANGE
;Z:140.5
;HEIGHT:1.5
;BEFORE_LAYER_CHANGE
;140.5
G92 E0

EXCLUDE_OBJECT_END NAME=Cube_id_0_copy_0
;AFTER_LAYER_CHANGE
;140.5
;_SET_FAN_SPEED_CHANGING_LAYER
; printing object Cube id:0 copy 0
;WIPE_START
G1 F600
G1 X285.15 Y606.257 E-10
;WIPE_END
EXCLUDE_OBJECT_START NAME=Cube_id_0_copy_0
G1 Z141.5 F15000
G1 X282.703 Y717.297 Z141.5
G1 Z140.5
G1 E17 F9000
;TYPE:Outer wall
;WIDTH:3.2
G1 F2779.615
G1 X282.703 Y282.703 E1876.19945
G1 X717.297 Y282.703 E1876.19945
M73 P36 R486
G1 X717.297 Y717.297 E1876.19945
G1 X283.003 Y717.297 E1874.90431
;WIPE_START
G1 F600
G1 X282.999 Y710.297 E-10
;WIPE_END
G1 Z141.5 F15000
G1 X285.15 Y599.257 Z141.5
G1 Z140.5
G1 E17 F9000
;TYPE:Sparse infill
;WIDTH:3.2
G1 F2779.614
G1 X285.15 Y610.769 E49.70059
G1 X389.231 Y714.85 E635.45139
G1 X400.743 Y714.85 E49.70059
;WIPE_START
G1 F600
G1 X393.743 Y714.85 E-10
;WIPE_END
G1 Z141.5 F15000
G1 X285.15 Y436.447 Z141.5
G1 Z140.5
G1 E17 F9000
G1 F2779.614
G1 X285.15 Y447.96 E49.70059
G1 X552.04 Y714.85 E1629.46316
G1 X563.553 Y714.85 E49.70059
;WIPE_START
G1 F600
G1 X556.553 Y714.85 E-10
;WIPE_END
G1 Z141.5 F15000
G1 X714.85 Y599.257 Z141.5
G1 Z140.5
G1 E17 F9000
G1 F2779.614
G1 X714.85 Y610.769 E49.70059
G1 X610.769 Y714.85 E635.45139
G1 X599.257 Y714.85 E49.70059
;WIPE_START
G1 F600
G1 X606.257 Y714.85 E-10
;WIPE_END
G1 Z141.5 F15000
G1 X714.85 Y436.447 Z141.5
G1 Z140.5
G1 E17 F9000
G1 F2779.614
G1 X714.85 Y447.96 E49.70059
G1 X447.959 Y714.85 E1629.46317
G1 X436.447 Y714.85 E49.70059
M73 P36 R485
;WIPE_START
G1 F600
G1 X443.447 Y714.85 E-10
;WIPE_END
G1 Z141.5 F15000
G1 X436.447 Y285.15 Z141.5
G1 Z140.5
G1 E17 F9000
G1 F2779.614
G1 X447.96 Y285.15 E49.70059
G1 X714.85 Y552.04 E1629.46316
G1 X714.85 Y563.553 E49.70059
;WIPE_START
G1 F600
G1 X714.85 Y556.553 E-10
;WIPE_END
G1 Z141.5 F15000
G1 X703.338 Y285.15 Z141.5
G1 Z140.5
G1 E17 F9000
G1 F2779.614
G1 X714.85 Y285.15 E49.70028
G1 X285.15 Y714.85 E2623.47449
G1 X296.662 Y714.85 E49.70028
;WIPE_START
G1 F600
G1 X289.662 Y714.85 E-10
;WIPE_END
G1 Z141.5 F15000
G1 X296.662 Y285.15 Z141.5
G1 Z140.5
G1 E17 F9000
G1 F2779.614
G1 X285.15 Y285.15 E49.70059
G1 X714.85 Y714.85 E2623.47492
G1 X703.338 Y714.85 E49.70059
;WIPE_START
G1 F600
G1 X710.338 Y714.85 E-10
;WIPE_END
G1 Z141.5 F15000
G1 X599.257 Y285.15 Z141.5
G1 Z140.5
G1 E17 F9000
G1 F2779.614
G1 X610.769 Y285.15 E49.70059
G1 X714.85 Y389.231 E635.45139
G1 X714.85 Y400.743 E49.70059
;WIPE_START
G1 F600
G1 X714.85 Y393.743 E-10
;WIPE_END
G1 Z141.5 F15000
M73 P36 R484
G1 X563.553 Y285.15 Z141.5
G1 Z140.5
G1 E17 F9000
G1 F2779.614
G1 X552.041 Y285.15 E49.70059
G1 X285.15 Y552.04 E1629.46316
G1 X285.15 Y563.553 E49.70059
;WIPE_START
G1 F600
G1 X285.15 Y556.553 E-10
;WIPE_END
G1 Z141.5 F15000
G1 X400.743 Y285.15 Z141.5
G1 Z140.5
G1 E17 F9000
G1 F2779.614
G1 X389.231 Y285.15 E49.70059
G1 X285.15 Y389.231 E635.45138
G1 X285.15 Y400.743 E49.70059
; stop printing object Cube id:0 copy 0
;LAYER_CHANGE
;Z:142
;HEIGHT:1.5
;BEFORE_LAYER_CHANGE
;142
G92 E0

EXCLUDE_OBJECT_END NAME=Cube_id_0_copy_0
;AFTER_LAYER_CHANGE
;142
;_SET_FAN_SPEED_CHANGING_LAYER
; printing object Cube id:0 copy 0
;WIPE_START
G1 F600
G1 X285.15 Y393.743 E-10
;WIPE_END
EXCLUDE_OBJECT_START NAME=Cube_id_0_copy_0
G1 Z143 F15000
G1 X282.703 Y282.703 Z143
G1 Z142
G1 E17 F9000
;TYPE:Outer wall
;WIDTH:3.2
G1 F2779.615
G1 X717.297 Y282.703 E1876.19945
G1 X717.297 Y717.297 E1876.19945
G1 X282.703 Y717.297 E1876.19945
G1 X282.703 Y283.003 E1874.90431
;WIPE_START
G1 F600
M73 P37 R484
G1 X289.703 Y282.999 E-10
;WIPE_END
G1 Z143 F15000
G1 X285.15 Y400.743 Z143
G1 Z142
G1 E17 F9000
;TYPE:Sparse infill
;WIDTH:3.2
G1 F2779.614
G1 X285.15 Y389.231 E49.70059
G1 X389.231 Y285.15 E635.45138
G1 X400.743 Y285.15 E49.70059
M73 P37 R483
;WIPE_START
G1 F600
G1 X393.743 Y285.15 E-10
;WIPE_END
G1 Z143 F15000
G1 X285.15 Y563.553 Z143
G1 Z142
G1 E17 F9000
G1 F2779.614
G1 X285.15 Y552.04 E49.70059
G1 X552.041 Y285.15 E1629.46316
G1 X563.553 Y285.15 E49.70059
;WIPE_START
G1 F600
G1 X556.553 Y285.15 E-10
;WIPE_END
G1 Z143 F15000
G1 X714.85 Y400.743 Z143
G1 Z142
G1 E17 F9000
G1 F2779.614
G1 X714.85 Y389.231 E49.70059
G1 X610.769 Y285.15 E635.45139
G1 X599.257 Y285.15 E49.70059
;WIPE_START
G1 F600
G1 X606.257 Y285.15 E-10
;WIPE_END
G1 Z143 F15000
G1 X714.85 Y563.553 Z143
G1 Z142
G1 E17 F9000
G1 F2779.614
G1 X714.85 Y552.04 E49.70059
G1 X447.96 Y285.15 E1629.46316
G1 X436.447 Y285.15 E49.70059
;WIPE_START
G1 F600
G1 X443.447 Y285.15 E-10
;WIPE_END
G1 Z143 F15000
G1 X436.447 Y714.85 Z143
G1 Z142
G1 E17 F9000
G1 F2779.614
G1 X447.959 Y714.85 E49.70059
G1 X714.85 Y447.96 E1629.46317
G1 X714.85 Y436.447 E49.70059
;WIPE_START
G1 F600
G1 X714.85 Y443.447 E-10
;WIPE_END
G1 Z143 F15000
G1 X703.338 Y714.85 Z143
G1 Z142
G1 E17 F9000
G1 F2779.614
G1 X714.85 Y714.85 E49.70059
G1 X285.15 Y285.15 E2623.47492
G1 X296.662 Y285.15 E49.70059
M73 P37 R482
;WIPE_START
G1 F600
G1 X289.662 Y285.15 E-10
;WIPE_END
G1 Z143 F15000
G1 X296.662 Y714.85 Z143
G1 Z142
G1 E17 F9000
G1 F2779.614
G1 X285.15 Y714.85 E49.70028
G1 X714.85 Y285.15 E2623.47449
G1 X703.338 Y285.15 E49.70028
;WIPE_START
G1 F600
G1 X710.338 Y285.15 E-10
;WIPE_END
G1 Z143 F15000
G1 X599.257 Y714.85 Z143
G1 Z142
G1 E17 F9000
G1 F2779.614
G1 X610.769 Y714.85 E49.70059
G1 X714.85 Y610.769 E635.45139
G1 X714.85 Y599.257 E49.70059
;WIPE_START
G1 F600
G1 X714.85 Y606.257 E-10
;WIPE_END
G1 Z143 F15000
G1 X563.553 Y714.85 Z143
G1 Z142
G1 E17 F9000
G1 F2779.614
G1 X552.04 Y714.85 E49.70059
G1 X285.15 Y447.96 E1629.46316
G1 X285.15 Y436.447 E49.70059
;WIPE_START
G1 F600
G1 X285.15 Y443.447 E-10
;WIPE_END
G1 Z143 F15000
G1 X400.743 Y714.85 Z143
G1 Z142
G1 E17 F9000
G1 F2779.614
G1 X389.231 Y714.85 E49.70059
G1 X285.15 Y610.769 E635.45139
G1 X285.15 Y599.257 E49.70059
; stop printing object Cube id:0 copy 0
;LAYER_CHANGE
;Z:143.5
;HEIGHT:1.5
;BEFORE_LAYER_CHANGE
;143.5
G92 E0

EXCLUDE_OBJECT_END NAME=Cube_id_0_copy_0
;AFTER_LAYER_CHANGE
;143.5
;_SET_FAN_SPEED_CHANGING_LAYER
; printing object Cube id:0 copy 0
;WIPE_START
G1 F600
G1 X285.15 Y606.257 E-10
;WIPE_END
EXCLUDE_OBJECT_START NAME=Cube_id_0_copy_0
G1 Z144.5 F15000
G1 X282.703 Y717.297 Z144.5
G1 Z143.5
G1 E17 F9000
;TYPE:Outer wall
;WIDTH:3.2
G1 F2779.615
G1 X282.703 Y282.703 E1876.19945
G1 X717.297 Y282.703 E1876.19945
G1 X717.297 Y717.297 E1876.19945
M73 P37 R481
G1 X283.003 Y717.297 E1874.90431
;WIPE_START
G1 F600
G1 X282.999 Y710.297 E-10
;WIPE_END
G1 Z144.5 F15000
G1 X285.15 Y599.257 Z144.5
G1 Z143.5
G1 E17 F9000
;TYPE:Sparse infill
;WIDTH:3.2
G1 F2779.614
G1 X285.15 Y610.769 E49.70059
G1 X389.231 Y714.85 E635.45139
G1 X400.743 Y714.85 E49.70059
;WIPE_START
G1 F600
G1 X393.743 Y714.85 E-10
;WIPE_END
G1 Z144.5 F15000
G1 X285.15 Y436.447 Z144.5
G1 Z143.5
G1 E17 F9000
G1 F2779.614
G1 X285.15 Y447.96 E49.70059
G1 X552.04 Y714.85 E1629.46316
G1 X563.553 Y714.85 E49.70059
;WIPE_START
G1 F600
G1 X556.553 Y714.85 E-10
;WIPE_END
G1 Z144.5 F15000
G1 X714.85 Y599.257 Z144.5
G1 Z143.5
G1 E17 F9000
G1 F2779.614
G1 X714.85 Y610.769 E49.70059
G1 X610.769 Y714.85 E635.45139
G1 X599.257 Y714.85 E49.70059
;WIPE_START
G1 F600
G1 X606.257 Y714.85 E-10
;WIPE_END
G1 Z144.5 F15000
G1 X714.85 Y436.447 Z144.5
G1 Z143.5
G1 E17 F9000
G1 F2779.614
G1 X714.85 Y447.96 E49.70059
G1 X447.959 Y714.85 E1629.46317
G1 X436.447 Y714.85 E49.70059
;WIPE_START
G1 F600
M73 P37 R480
G1 X443.447 Y714.85 E-10
;WIPE_END
G1 Z144.5 F15000
G1 X436.447 Y285.15 Z144.5
G1 Z143.5
G1 E17 F9000
G1 F2779.614
G1 X447.96 Y285.15 E49.70059
G1 X714.85 Y552.04 E1629.46316
G1 X714.85 Y563.553 E49.70059
;WIPE_START
G1 F600
G1 X714.85 Y556.553 E-10
;WIPE_END
G1 Z144.5 F15000
G1 X703.338 Y285.15 Z144.5
G1 Z143.5
G1 E17 F9000
G1 F2779.614
G1 X714.85 Y285.15 E49.70028
G1 X285.15 Y714.85 E2623.47449
G1 X296.662 Y714.85 E49.70028
;WIPE_START
G1 F600
G1 X289.662 Y714.85 E-10
;WIPE_END
G1 Z144.5 F15000
G1 X296.662 Y285.15 Z144.5
G1 Z143.5
G1 E17 F9000
G1 F2779.614
G1 X285.15 Y285.15 E49.70059
G1 X714.85 Y714.85 E2623.47492
G1 X703.338 Y714.85 E49.70059
;WIPE_START
G1 F600
G1 X710.338 Y714.85 E-10
;WIPE_END
G1 Z144.5 F15000
G1 X599.257 Y285.15 Z144.5
G1 Z143.5
G1 E17 F9000
G1 F2779.614
G1 X610.769 Y285.15 E49.70059
G1 X714.85 Y389.231 E635.45139
G1 X714.85 Y400.743 E49.70059
;WIPE_START
G1 F600
G1 X714.85 Y393.743 E-10
;WIPE_END
G1 Z144.5 F15000
G1 X563.553 Y285.15 Z144.5
G1 Z143.5
G1 E17 F9000
G1 F2779.614
G1 X552.041 Y285.15 E49.70059
G1 X285.15 Y552.04 E1629.46316
G1 X285.15 Y563.553 E49.70059
M73 P37 R479
;WIPE_START
G1 F600
G1 X285.15 Y556.553 E-10
;WIPE_END
G1 Z144.5 F15000
G1 X400.743 Y285.15 Z144.5
G1 Z143.5
G1 E17 F9000
G1 F2779.614
G1 X389.231 Y285.15 E49.70059
G1 X285.15 Y389.231 E635.45138
G1 X285.15 Y400.743 E49.70059
; stop printing object Cube id:0 copy 0
;LAYER_CHANGE
;Z:145
;HEIGHT:1.5
;BEFORE_LAYER_CHANGE
;145
G92 E0

EXCLUDE_OBJECT_END NAME=Cube_id_0_copy_0
;AFTER_LAYER_CHANGE
;145
;_SET_FAN_SPEED_CHANGING_LAYER
; printing object Cube id:0 copy 0
;WIPE_START
G1 F600
G1 X285.15 Y393.743 E-10
;WIPE_END
EXCLUDE_OBJECT_START NAME=Cube_id_0_copy_0
G1 Z146 F15000
G1 X282.703 Y282.703 Z146
G1 Z145
G1 E17 F9000
;TYPE:Outer wall
;WIDTH:3.2
G1 F2779.615
G1 X717.297 Y282.703 E1876.19945
G1 X717.297 Y717.297 E1876.19945
G1 X282.703 Y717.297 E1876.19945
G1 X282.703 Y283.003 E1874.90431
;WIPE_START
G1 F600
G1 X289.703 Y282.999 E-10
;WIPE_END
G1 Z146 F15000
G1 X285.15 Y400.743 Z146
G1 Z145
G1 E17 F9000
;TYPE:Sparse infill
;WIDTH:3.2
G1 F2779.614
G1 X285.15 Y389.231 E49.70059
G1 X389.231 Y285.15 E635.45138
G1 X400.743 Y285.15 E49.70059
;WIPE_START
G1 F600
G1 X393.743 Y285.15 E-10
;WIPE_END
G1 Z146 F15000
G1 X285.15 Y563.553 Z146
G1 Z145
G1 E17 F9000
G1 F2779.614
G1 X285.15 Y552.04 E49.70059
G1 X552.041 Y285.15 E1629.46316
M73 P37 R478
G1 X563.553 Y285.15 E49.70059
;WIPE_START
G1 F600
G1 X556.553 Y285.15 E-10
;WIPE_END
G1 Z146 F15000
G1 X714.85 Y400.743 Z146
G1 Z145
G1 E17 F9000
G1 F2779.614
G1 X714.85 Y389.231 E49.70059
G1 X610.769 Y285.15 E635.45139
G1 X599.257 Y285.15 E49.70059
;WIPE_START
G1 F600
G1 X606.257 Y285.15 E-10
;WIPE_END
G1 Z146 F15000
G1 X714.85 Y563.553 Z146
G1 Z145
G1 E17 F9000
G1 F2779.614
G1 X714.85 Y552.04 E49.70059
G1 X447.96 Y285.15 E1629.46316
G1 X436.447 Y285.15 E49.70059
;WIPE_START
G1 F600
G1 X443.447 Y285.15 E-10
;WIPE_END
G1 Z146 F15000
G1 X436.447 Y714.85 Z146
G1 Z145
G1 E17 F9000
G1 F2779.614
G1 X447.959 Y714.85 E49.70059
G1 X714.85 Y447.96 E1629.46317
G1 X714.85 Y436.447 E49.70059
;WIPE_START
G1 F600
G1 X714.85 Y443.447 E-10
;WIPE_END
G1 Z146 F15000
G1 X703.338 Y714.85 Z146
G1 Z145
G1 E17 F9000
G1 F2779.614
G1 X714.85 Y714.85 E49.70059
G1 X285.15 Y285.15 E2623.47492
G1 X296.662 Y285.15 E49.70059
;WIPE_START
G1 F600
G1 X289.662 Y285.15 E-10
;WIPE_END
G1 Z146 F15000
G1 X296.662 Y714.85 Z146
G1 Z145
G1 E17 F9000
G1 F2779.614
G1 X285.15 Y714.85 E49.70028
G1 X714.85 Y285.15 E2623.47449
G1 X703.338 Y285.15 E49.70028
M73 P37 R477
;WIPE_START
G1 F600
G1 X710.338 Y285.15 E-10
;WIPE_END
G1 Z146 F15000
G1 X599.257 Y714.85 Z146
G1 Z145
G1 E17 F9000
G1 F2779.614
G1 X610.769 Y714.85 E49.70059
G1 X714.85 Y610.769 E635.45139
G1 X714.85 Y599.257 E49.70059
;WIPE_START
G1 F600
G1 X714.85 Y606.257 E-10
;WIPE_END
G1 Z146 F15000
G1 X563.553 Y714.85 Z146
G1 Z145
G1 E17 F9000
G1 F2779.614
G1 X552.04 Y714.85 E49.70059
G1 X285.15 Y447.96 E1629.46316
G1 X285.15 Y436.447 E49.70059
;WIPE_START
G1 F600
G1 X285.15 Y443.447 E-10
;WIPE_END
G1 Z146 F15000
G1 X400.743 Y714.85 Z146
G1 Z145
G1 E17 F9000
G1 F2779.614
G1 X389.231 Y714.85 E49.70059
G1 X285.15 Y610.769 E635.45139
G1 X285.15 Y599.257 E49.70059
; stop printing object Cube id:0 copy 0
;LAYER_CHANGE
;Z:146.5
;HEIGHT:1.5
;BEFORE_LAYER_CHANGE
;146.5
G92 E0

EXCLUDE_OBJECT_END NAME=Cube_id_0_copy_0
;AFTER_LAYER_CHANGE
;146.5
;_SET_FAN_SPEED_CHANGING_LAYER
; printing object Cube id:0 copy 0
;WIPE_START
G1 F600
G1 X285.15 Y606.257 E-10
;WIPE_END
EXCLUDE_OBJECT_START NAME=Cube_id_0_copy_0
G1 Z147.5 F15000
G1 X282.703 Y717.297 Z147.5
G1 Z146.5
G1 E17 F9000
;TYPE:Outer wall
;WIDTH:3.2
G1 F2779.615
G1 X282.703 Y282.703 E1876.19945
G1 X717.297 Y282.703 E1876.19945
G1 X717.297 Y717.297 E1876.19945
G1 X283.003 Y717.297 E1874.90431
M73 P37 R476
;WIPE_START
G1 F600
G1 X282.999 Y710.297 E-10
;WIPE_END
G1 Z147.5 F15000
G1 X285.15 Y599.257 Z147.5
G1 Z146.5
G1 E17 F9000
;TYPE:Sparse infill
;WIDTH:3.2
G1 F2779.614
G1 X285.15 Y610.769 E49.70059
G1 X389.231 Y714.85 E635.45139
G1 X400.743 Y714.85 E49.70059
;WIPE_START
G1 F600
G1 X393.743 Y714.85 E-10
;WIPE_END
G1 Z147.5 F15000
G1 X285.15 Y436.447 Z147.5
G1 Z146.5
G1 E17 F9000
G1 F2779.614
G1 X285.15 Y447.96 E49.70059
G1 X552.04 Y714.85 E1629.46316
G1 X563.553 Y714.85 E49.70059
M73 P38 R476
;WIPE_START
G1 F600
G1 X556.553 Y714.85 E-10
;WIPE_END
G1 Z147.5 F15000
G1 X714.85 Y599.257 Z147.5
G1 Z146.5
G1 E17 F9000
G1 F2779.614
G1 X714.85 Y610.769 E49.70059
G1 X610.769 Y714.85 E635.45139
G1 X599.257 Y714.85 E49.70059
;WIPE_START
G1 F600
G1 X606.257 Y714.85 E-10
;WIPE_END
G1 Z147.5 F15000
G1 X714.85 Y436.447 Z147.5
G1 Z146.5
G1 E17 F9000
G1 F2779.614
G1 X714.85 Y447.96 E49.70059
G1 X447.959 Y714.85 E1629.46317
G1 X436.447 Y714.85 E49.70059
;WIPE_START
G1 F600
G1 X443.447 Y714.85 E-10
;WIPE_END
G1 Z147.5 F15000
G1 X436.447 Y285.15 Z147.5
G1 Z146.5
G1 E17 F9000
G1 F2779.614
G1 X447.96 Y285.15 E49.70059
G1 X714.85 Y552.04 E1629.46316
G1 X714.85 Y563.553 E49.70059
M73 P38 R475
;WIPE_START
G1 F600
G1 X714.85 Y556.553 E-10
;WIPE_END
G1 Z147.5 F15000
G1 X703.338 Y285.15 Z147.5
G1 Z146.5
G1 E17 F9000
G1 F2779.614
G1 X714.85 Y285.15 E49.70028
G1 X285.15 Y714.85 E2623.47449
G1 X296.662 Y714.85 E49.70028
;WIPE_START
G1 F600
G1 X289.662 Y714.85 E-10
;WIPE_END
G1 Z147.5 F15000
G1 X296.662 Y285.15 Z147.5
G1 Z146.5
G1 E17 F9000
G1 F2779.614
G1 X285.15 Y285.15 E49.70059
G1 X714.85 Y714.85 E2623.47492
G1 X703.338 Y714.85 E49.70059
;WIPE_START
G1 F600
G1 X710.338 Y714.85 E-10
;WIPE_END
G1 Z147.5 F15000
G1 X599.257 Y285.15 Z147.5
G1 Z146.5
G1 E17 F9000
G1 F2779.614
G1 X610.769 Y285.15 E49.70059
G1 X714.85 Y389.231 E635.45139
G1 X714.85 Y400.743 E49.70059
;WIPE_START
G1 F600
G1 X714.85 Y393.743 E-10
;WIPE_END
G1 Z147.5 F15000
G1 X563.553 Y285.15 Z147.5
G1 Z146.5
G1 E17 F9000
G1 F2779.614
G1 X552.041 Y285.15 E49.70059
G1 X285.15 Y552.04 E1629.46316
G1 X285.15 Y563.553 E49.70059
;WIPE_START
G1 F600
G1 X285.15 Y556.553 E-10
;WIPE_END
G1 Z147.5 F15000
G1 X400.743 Y285.15 Z147.5
G1 Z146.5
M73 P38 R474
G1 E17 F9000
G1 F2779.614
G1 X389.231 Y285.15 E49.70059
G1 X285.15 Y389.231 E635.45138
G1 X285.15 Y400.743 E49.70059
; stop printing object Cube id:0 copy 0
;LAYER_CHANGE
;Z:148
;HEIGHT:1.5
;BEFORE_LAYER_CHANGE
;148
G92 E0

EXCLUDE_OBJECT_END NAME=Cube_id_0_copy_0
;AFTER_LAYER_CHANGE
;148
;_SET_FAN_SPEED_CHANGING_LAYER
; printing object Cube id:0 copy 0
;WIPE_START
G1 F600
G1 X285.15 Y393.743 E-10
;WIPE_END
EXCLUDE_OBJECT_START NAME=Cube_id_0_copy_0
G1 Z149 F15000
G1 X282.703 Y282.703 Z149
G1 Z148
G1 E17 F9000
;TYPE:Outer wall
;WIDTH:3.2
G1 F2779.615
G1 X717.297 Y282.703 E1876.19945
G1 X717.297 Y717.297 E1876.19945
G1 X282.703 Y717.297 E1876.19945
G1 X282.703 Y283.003 E1874.90431
;WIPE_START
G1 F600
G1 X289.703 Y282.999 E-10
;WIPE_END
G1 Z149 F15000
G1 X285.15 Y400.743 Z149
G1 Z148
G1 E17 F9000
;TYPE:Sparse infill
;WIDTH:3.2
G1 F2779.614
G1 X285.15 Y389.231 E49.70059
G1 X389.231 Y285.15 E635.45138
G1 X400.743 Y285.15 E49.70059
;WIPE_START
G1 F600
G1 X393.743 Y285.15 E-10
;WIPE_END
G1 Z149 F15000
G1 X285.15 Y563.553 Z149
G1 Z148
G1 E17 F9000
G1 F2779.614
G1 X285.15 Y552.04 E49.70059
G1 X552.041 Y285.15 E1629.46316
G1 X563.553 Y285.15 E49.70059
M73 P38 R473
;WIPE_START
G1 F600
G1 X556.553 Y285.15 E-10
;WIPE_END
G1 Z149 F15000
G1 X714.85 Y400.743 Z149
G1 Z148
G1 E17 F9000
G1 F2779.614
G1 X714.85 Y389.231 E49.70059
G1 X610.769 Y285.15 E635.45139
G1 X599.257 Y285.15 E49.70059
;WIPE_START
G1 F600
G1 X606.257 Y285.15 E-10
;WIPE_END
G1 Z149 F15000
G1 X714.85 Y563.553 Z149
G1 Z148
G1 E17 F9000
G1 F2779.614
G1 X714.85 Y552.04 E49.70059
G1 X447.96 Y285.15 E1629.46316
G1 X436.447 Y285.15 E49.70059
;WIPE_START
G1 F600
G1 X443.447 Y285.15 E-10
;WIPE_END
G1 Z149 F15000
G1 X436.447 Y714.85 Z149
G1 Z148
G1 E17 F9000
G1 F2779.614
G1 X447.959 Y714.85 E49.70059
G1 X714.85 Y447.96 E1629.46317
G1 X714.85 Y436.447 E49.70059
;WIPE_START
G1 F600
G1 X714.85 Y443.447 E-10
;WIPE_END
G1 Z149 F15000
G1 X703.338 Y714.85 Z149
G1 Z148
G1 E17 F9000
G1 F2779.614
G1 X714.85 Y714.85 E49.70059
G1 X285.15 Y285.15 E2623.47492
G1 X296.662 Y285.15 E49.70059
;WIPE_START
G1 F600
G1 X289.662 Y285.15 E-10
;WIPE_END
G1 Z149 F15000
G1 X296.662 Y714.85 Z149
G1 Z148
G1 E17 F9000
G1 F2779.614
G1 X285.15 Y714.85 E49.70028
G1 X714.85 Y285.15 E2623.47449
G1 X703.338 Y285.15 E49.70028
M73 P38 R472
;WIPE_START
G1 F600
G1 X710.338 Y285.15 E-10
;WIPE_END
G1 Z149 F15000
G1 X599.257 Y714.85 Z149
G1 Z148
G1 E17 F9000
G1 F2779.614
G1 X610.769 Y714.85 E49.70059
G1 X714.85 Y610.769 E635.45139
G1 X714.85 Y599.257 E49.70059
;WIPE_START
G1 F600
G1 X714.85 Y606.257 E-10
;WIPE_END
G1 Z149 F15000
G1 X563.553 Y714.85 Z149
G1 Z148
G1 E17 F9000
G1 F2779.614
G1 X552.04 Y714.85 E49.70059
G1 X285.15 Y447.96 E1629.46316
G1 X285.15 Y436.447 E49.70059
;WIPE_START
G1 F600
G1 X285.15 Y443.447 E-10
;WIPE_END
G1 Z149 F15000
G1 X400.743 Y714.85 Z149
G1 Z148
G1 E17 F9000
G1 F2779.614
G1 X389.231 Y714.85 E49.70059
G1 X285.15 Y610.769 E635.45139
G1 X285.15 Y599.257 E49.70059
; stop printing object Cube id:0 copy 0
;LAYER_CHANGE
;Z:149.5
;HEIGHT:1.5
;BEFORE_LAYER_CHANGE
;149.5
G92 E0

EXCLUDE_OBJECT_END NAME=Cube_id_0_copy_0
;AFTER_LAYER_CHANGE
;149.5
;_SET_FAN_SPEED_CHANGING_LAYER
; printing object Cube id:0 copy 0
;WIPE_START
G1 F600
G1 X285.15 Y606.257 E-10
;WIPE_END
EXCLUDE_OBJECT_START NAME=Cube_id_0_copy_0
G1 Z150.5 F15000
G1 X282.703 Y717.297 Z150.5
G1 Z149.5
G1 E17 F9000
;TYPE:Outer wall
;WIDTH:3.2
G1 F2779.615
G1 X282.703 Y282.703 E1876.19945
G1 X717.297 Y282.703 E1876.19945
G1 X717.297 Y717.297 E1876.19945
G1 X283.003 Y717.297 E1874.90431
M73 P38 R471
;WIPE_START
G1 F600
G1 X282.999 Y710.297 E-10
;WIPE_END
G1 Z150.5 F15000
G1 X285.15 Y599.257 Z150.5
G1 Z149.5
G1 E17 F9000
;TYPE:Sparse infill
;WIDTH:3.2
G1 F2779.614
G1 X285.15 Y610.769 E49.70059
G1 X389.231 Y714.85 E635.45139
G1 X400.743 Y714.85 E49.70059
;WIPE_START
G1 F600
G1 X393.743 Y714.85 E-10
;WIPE_END
G1 Z150.5 F15000
G1 X285.15 Y436.447 Z150.5
G1 Z149.5
G1 E17 F9000
G1 F2779.614
G1 X285.15 Y447.96 E49.70059
G1 X552.04 Y714.85 E1629.46316
G1 X563.553 Y714.85 E49.70059
;WIPE_START
G1 F600
G1 X556.553 Y714.85 E-10
;WIPE_END
G1 Z150.5 F15000
G1 X714.85 Y599.257 Z150.5
G1 Z149.5
G1 E17 F9000
G1 F2779.614
G1 X714.85 Y610.769 E49.70059
G1 X610.769 Y714.85 E635.45139
G1 X599.257 Y714.85 E49.70059
;WIPE_START
G1 F600
G1 X606.257 Y714.85 E-10
;WIPE_END
G1 Z150.5 F15000
G1 X714.85 Y436.447 Z150.5
G1 Z149.5
G1 E17 F9000
G1 F2779.614
G1 X714.85 Y447.96 E49.70059
G1 X447.959 Y714.85 E1629.46317
G1 X436.447 Y714.85 E49.70059
;WIPE_START
G1 F600
G1 X443.447 Y714.85 E-10
;WIPE_END
G1 Z150.5 F15000
G1 X436.447 Y285.15 Z150.5
G1 Z149.5
G1 E17 F9000
G1 F2779.614
G1 X447.96 Y285.15 E49.70059
G1 X714.85 Y552.04 E1629.46316
G1 X714.85 Y563.553 E49.70059
;WIPE_START
G1 F600
G1 X714.85 Y556.553 E-10
;WIPE_END
G1 Z150.5 F15000
M73 P38 R470
G1 X703.338 Y285.15 Z150.5
G1 Z149.5
G1 E17 F9000
G1 F2779.614
G1 X714.85 Y285.15 E49.70028
G1 X285.15 Y714.85 E2623.47449
G1 X296.662 Y714.85 E49.70028
;WIPE_START
G1 F600
G1 X289.662 Y714.85 E-10
;WIPE_END
G1 Z150.5 F15000
G1 X296.662 Y285.15 Z150.5
G1 Z149.5
G1 E17 F9000
G1 F2779.614
G1 X285.15 Y285.15 E49.70059
G1 X714.85 Y714.85 E2623.47492
G1 X703.338 Y714.85 E49.70059
;WIPE_START
G1 F600
G1 X710.338 Y714.85 E-10
;WIPE_END
G1 Z150.5 F15000
G1 X599.257 Y285.15 Z150.5
G1 Z149.5
G1 E17 F9000
G1 F2779.614
G1 X610.769 Y285.15 E49.70059
G1 X714.85 Y389.231 E635.45139
G1 X714.85 Y400.743 E49.70059
;WIPE_START
G1 F600
G1 X714.85 Y393.743 E-10
;WIPE_END
G1 Z150.5 F15000
G1 X563.553 Y285.15 Z150.5
G1 Z149.5
G1 E17 F9000
G1 F2779.614
G1 X552.041 Y285.15 E49.70059
G1 X285.15 Y552.04 E1629.46316
G1 X285.15 Y563.553 E49.70059
;WIPE_START
G1 F600
G1 X285.15 Y556.553 E-10
;WIPE_END
G1 Z150.5 F15000
G1 X400.743 Y285.15 Z150.5
G1 Z149.5
G1 E17 F9000
G1 F2779.614
G1 X389.231 Y285.15 E49.70059
G1 X285.15 Y389.231 E635.45138
G1 X285.15 Y400.743 E49.70059
; stop printing object Cube id:0 copy 0
;LAYER_CHANGE
;Z:151
;HEIGHT:1.5
;BEFORE_LAYER_CHANGE
;151
G92 E0

EXCLUDE_OBJECT_END NAME=Cube_id_0_copy_0
;AFTER_LAYER_CHANGE
;151
;_SET_FAN_SPEED_CHANGING_LAYER
; printing object Cube id:0 copy 0
;WIPE_START
G1 F600
G1 X285.15 Y393.743 E-10
;WIPE_END
EXCLUDE_OBJECT_START NAME=Cube_id_0_copy_0
G1 Z152 F15000
G1 X282.703 Y282.703 Z152
G1 Z151
M73 P38 R469
G1 E17 F9000
;TYPE:Outer wall
;WIDTH:3.2
G1 F2779.615
G1 X717.297 Y282.703 E1876.19945
G1 X717.297 Y717.297 E1876.19945
G1 X282.703 Y717.297 E1876.19945
G1 X282.703 Y283.003 E1874.90431
;WIPE_START
G1 F600
G1 X289.703 Y282.999 E-10
;WIPE_END
G1 Z152 F15000
G1 X285.15 Y400.743 Z152
G1 Z151
G1 E17 F9000
;TYPE:Sparse infill
;WIDTH:3.2
G1 F2779.614
G1 X285.15 Y389.231 E49.70059
G1 X389.231 Y285.15 E635.45138
G1 X400.743 Y285.15 E49.70059
;WIPE_START
G1 F600
G1 X393.743 Y285.15 E-10
;WIPE_END
G1 Z152 F15000
G1 X285.15 Y563.553 Z152
G1 Z151
G1 E17 F9000
G1 F2779.614
G1 X285.15 Y552.04 E49.70059
G1 X552.041 Y285.15 E1629.46316
G1 X563.553 Y285.15 E49.70059
;WIPE_START
G1 F600
G1 X556.553 Y285.15 E-10
;WIPE_END
G1 Z152 F15000
G1 X714.85 Y400.743 Z152
G1 Z151
G1 E17 F9000
G1 F2779.614
G1 X714.85 Y389.231 E49.70059
G1 X610.769 Y285.15 E635.45139
G1 X599.257 Y285.15 E49.70059
M73 P38 R468
;WIPE_START
G1 F600
G1 X606.257 Y285.15 E-10
;WIPE_END
G1 Z152 F15000
G1 X714.85 Y563.553 Z152
G1 Z151
G1 E17 F9000
G1 F2779.614
G1 X714.85 Y552.04 E49.70059
G1 X447.96 Y285.15 E1629.46316
G1 X436.447 Y285.15 E49.70059
M73 P39 R468
;WIPE_START
G1 F600
G1 X443.447 Y285.15 E-10
;WIPE_END
G1 Z152 F15000
G1 X436.447 Y714.85 Z152
G1 Z151
G1 E17 F9000
G1 F2779.614
G1 X447.959 Y714.85 E49.70059
G1 X714.85 Y447.96 E1629.46317
G1 X714.85 Y436.447 E49.70059
;WIPE_START
G1 F600
G1 X714.85 Y443.447 E-10
;WIPE_END
G1 Z152 F15000
G1 X703.338 Y714.85 Z152
G1 Z151
G1 E17 F9000
G1 F2779.614
G1 X714.85 Y714.85 E49.70059
G1 X285.15 Y285.15 E2623.47492
G1 X296.662 Y285.15 E49.70059
;WIPE_START
G1 F600
G1 X289.662 Y285.15 E-10
;WIPE_END
G1 Z152 F15000
G1 X296.662 Y714.85 Z152
G1 Z151
G1 E17 F9000
G1 F2779.614
G1 X285.15 Y714.85 E49.70028
G1 X714.85 Y285.15 E2623.47449
G1 X703.338 Y285.15 E49.70028
;WIPE_START
G1 F600
M73 P39 R467
G1 X710.338 Y285.15 E-10
;WIPE_END
G1 Z152 F15000
G1 X599.257 Y714.85 Z152
G1 Z151
G1 E17 F9000
G1 F2779.614
G1 X610.769 Y714.85 E49.70059
G1 X714.85 Y610.769 E635.45139
G1 X714.85 Y599.257 E49.70059
;WIPE_START
G1 F600
G1 X714.85 Y606.257 E-10
;WIPE_END
G1 Z152 F15000
G1 X563.553 Y714.85 Z152
G1 Z151
G1 E17 F9000
G1 F2779.614
G1 X552.04 Y714.85 E49.70059
G1 X285.15 Y447.96 E1629.46316
G1 X285.15 Y436.447 E49.70059
;WIPE_START
G1 F600
G1 X285.15 Y443.447 E-10
;WIPE_END
G1 Z152 F15000
G1 X400.743 Y714.85 Z152
G1 Z151
G1 E17 F9000
G1 F2779.614
G1 X389.231 Y714.85 E49.70059
G1 X285.15 Y610.769 E635.45139
G1 X285.15 Y599.257 E49.70059
; stop printing object Cube id:0 copy 0
;LAYER_CHANGE
;Z:152.5
;HEIGHT:1.5
;BEFORE_LAYER_CHANGE
;152.5
G92 E0

EXCLUDE_OBJECT_END NAME=Cube_id_0_copy_0
;AFTER_LAYER_CHANGE
;152.5
;_SET_FAN_SPEED_CHANGING_LAYER
; printing object Cube id:0 copy 0
;WIPE_START
G1 F600
G1 X285.15 Y606.257 E-10
;WIPE_END
EXCLUDE_OBJECT_START NAME=Cube_id_0_copy_0
G1 Z153.5 F15000
G1 X282.703 Y717.297 Z153.5
G1 Z152.5
G1 E17 F9000
;TYPE:Outer wall
;WIDTH:3.2
G1 F2779.615
G1 X282.703 Y282.703 E1876.19945
G1 X717.297 Y282.703 E1876.19945
G1 X717.297 Y717.297 E1876.19945
G1 X283.003 Y717.297 E1874.90431
;WIPE_START
G1 F600
M73 P39 R466
G1 X282.999 Y710.297 E-10
;WIPE_END
G1 Z153.5 F15000
G1 X285.15 Y599.257 Z153.5
G1 Z152.5
G1 E17 F9000
;TYPE:Sparse infill
;WIDTH:3.2
G1 F2779.614
G1 X285.15 Y610.769 E49.70059
G1 X389.231 Y714.85 E635.45139
G1 X400.743 Y714.85 E49.70059
;WIPE_START
G1 F600
G1 X393.743 Y714.85 E-10
;WIPE_END
G1 Z153.5 F15000
G1 X285.15 Y436.447 Z153.5
G1 Z152.5
G1 E17 F9000
G1 F2779.614
G1 X285.15 Y447.96 E49.70059
G1 X552.04 Y714.85 E1629.46316
G1 X563.553 Y714.85 E49.70059
;WIPE_START
G1 F600
G1 X556.553 Y714.85 E-10
;WIPE_END
G1 Z153.5 F15000
G1 X714.85 Y599.257 Z153.5
G1 Z152.5
G1 E17 F9000
G1 F2779.614
G1 X714.85 Y610.769 E49.70059
G1 X610.769 Y714.85 E635.45139
G1 X599.257 Y714.85 E49.70059
;WIPE_START
G1 F600
G1 X606.257 Y714.85 E-10
;WIPE_END
G1 Z153.5 F15000
G1 X714.85 Y436.447 Z153.5
G1 Z152.5
G1 E17 F9000
G1 F2779.614
G1 X714.85 Y447.96 E49.70059
G1 X447.959 Y714.85 E1629.46317
G1 X436.447 Y714.85 E49.70059
;WIPE_START
G1 F600
G1 X443.447 Y714.85 E-10
;WIPE_END
G1 Z153.5 F15000
G1 X436.447 Y285.15 Z153.5
G1 Z152.5
G1 E17 F9000
G1 F2779.614
G1 X447.96 Y285.15 E49.70059
G1 X714.85 Y552.04 E1629.46316
G1 X714.85 Y563.553 E49.70059
;WIPE_START
G1 F600
G1 X714.85 Y556.553 E-10
;WIPE_END
G1 Z153.5 F15000
G1 X703.338 Y285.15 Z153.5
G1 Z152.5
G1 E17 F9000
G1 F2779.614
G1 X714.85 Y285.15 E49.70028
G1 X285.15 Y714.85 E2623.47449
G1 X296.662 Y714.85 E49.70028
M73 P39 R465
;WIPE_START
G1 F600
G1 X289.662 Y714.85 E-10
;WIPE_END
G1 Z153.5 F15000
G1 X296.662 Y285.15 Z153.5
G1 Z152.5
G1 E17 F9000
G1 F2779.614
G1 X285.15 Y285.15 E49.70059
G1 X714.85 Y714.85 E2623.47492
G1 X703.338 Y714.85 E49.70059
;WIPE_START
G1 F600
G1 X710.338 Y714.85 E-10
;WIPE_END
G1 Z153.5 F15000
G1 X599.257 Y285.15 Z153.5
G1 Z152.5
G1 E17 F9000
G1 F2779.614
G1 X610.769 Y285.15 E49.70059
G1 X714.85 Y389.231 E635.45139
G1 X714.85 Y400.743 E49.70059
;WIPE_START
G1 F600
G1 X714.85 Y393.743 E-10
;WIPE_END
G1 Z153.5 F15000
G1 X563.553 Y285.15 Z153.5
G1 Z152.5
G1 E17 F9000
G1 F2779.614
G1 X552.041 Y285.15 E49.70059
G1 X285.15 Y552.04 E1629.46316
G1 X285.15 Y563.553 E49.70059
;WIPE_START
G1 F600
G1 X285.15 Y556.553 E-10
;WIPE_END
G1 Z153.5 F15000
G1 X400.743 Y285.15 Z153.5
G1 Z152.5
G1 E17 F9000
G1 F2779.614
G1 X389.231 Y285.15 E49.70059
G1 X285.15 Y389.231 E635.45138
G1 X285.15 Y400.743 E49.70059
; stop printing object Cube id:0 copy 0
;LAYER_CHANGE
;Z:154
;HEIGHT:1.5
;BEFORE_LAYER_CHANGE
;154
G92 E0

EXCLUDE_OBJECT_END NAME=Cube_id_0_copy_0
;AFTER_LAYER_CHANGE
;154
;_SET_FAN_SPEED_CHANGING_LAYER
; printing object Cube id:0 copy 0
;WIPE_START
G1 F600
G1 X285.15 Y393.743 E-10
;WIPE_END
EXCLUDE_OBJECT_START NAME=Cube_id_0_copy_0
G1 Z155 F15000
G1 X282.703 Y282.703 Z155
G1 Z154
G1 E17 F9000
;TYPE:Outer wall
;WIDTH:3.2
G1 F2779.615
G1 X717.297 Y282.703 E1876.19945
G1 X717.297 Y717.297 E1876.19945
M73 P39 R464
G1 X282.703 Y717.297 E1876.19945
G1 X282.703 Y283.003 E1874.90431
;WIPE_START
G1 F600
G1 X289.703 Y282.999 E-10
;WIPE_END
G1 Z155 F15000
G1 X285.15 Y400.743 Z155
G1 Z154
G1 E17 F9000
;TYPE:Sparse infill
;WIDTH:3.2
G1 F2779.614
G1 X285.15 Y389.231 E49.70059
G1 X389.231 Y285.15 E635.45138
G1 X400.743 Y285.15 E49.70059
;WIPE_START
G1 F600
G1 X393.743 Y285.15 E-10
;WIPE_END
G1 Z155 F15000
G1 X285.15 Y563.553 Z155
G1 Z154
G1 E17 F9000
G1 F2779.614
G1 X285.15 Y552.04 E49.70059
G1 X552.041 Y285.15 E1629.46316
G1 X563.553 Y285.15 E49.70059
;WIPE_START
G1 F600
G1 X556.553 Y285.15 E-10
;WIPE_END
G1 Z155 F15000
G1 X714.85 Y400.743 Z155
G1 Z154
G1 E17 F9000
G1 F2779.614
G1 X714.85 Y389.231 E49.70059
G1 X610.769 Y285.15 E635.45139
G1 X599.257 Y285.15 E49.70059
;WIPE_START
G1 F600
G1 X606.257 Y285.15 E-10
;WIPE_END
G1 Z155 F15000
G1 X714.85 Y563.553 Z155
G1 Z154
G1 E17 F9000
G1 F2779.614
G1 X714.85 Y552.04 E49.70059
G1 X447.96 Y285.15 E1629.46316
G1 X436.447 Y285.15 E49.70059
M73 P39 R463
;WIPE_START
G1 F600
G1 X443.447 Y285.15 E-10
;WIPE_END
G1 Z155 F15000
G1 X436.447 Y714.85 Z155
G1 Z154
G1 E17 F9000
G1 F2779.614
G1 X447.959 Y714.85 E49.70059
G1 X714.85 Y447.96 E1629.46317
G1 X714.85 Y436.447 E49.70059
;WIPE_START
G1 F600
G1 X714.85 Y443.447 E-10
;WIPE_END
G1 Z155 F15000
G1 X703.338 Y714.85 Z155
G1 Z154
G1 E17 F9000
G1 F2779.614
G1 X714.85 Y714.85 E49.70059
G1 X285.15 Y285.15 E2623.47492
G1 X296.662 Y285.15 E49.70059
;WIPE_START
G1 F600
G1 X289.662 Y285.15 E-10
;WIPE_END
G1 Z155 F15000
G1 X296.662 Y714.85 Z155
G1 Z154
G1 E17 F9000
G1 F2779.614
G1 X285.15 Y714.85 E49.70028
G1 X714.85 Y285.15 E2623.47449
G1 X703.338 Y285.15 E49.70028
;WIPE_START
G1 F600
G1 X710.338 Y285.15 E-10
;WIPE_END
G1 Z155 F15000
G1 X599.257 Y714.85 Z155
G1 Z154
G1 E17 F9000
G1 F2779.614
G1 X610.769 Y714.85 E49.70059
G1 X714.85 Y610.769 E635.45139
G1 X714.85 Y599.257 E49.70059
M73 P39 R462
;WIPE_START
G1 F600
G1 X714.85 Y606.257 E-10
;WIPE_END
G1 Z155 F15000
G1 X563.553 Y714.85 Z155
G1 Z154
G1 E17 F9000
G1 F2779.614
G1 X552.04 Y714.85 E49.70059
G1 X285.15 Y447.96 E1629.46316
G1 X285.15 Y436.447 E49.70059
;WIPE_START
G1 F600
G1 X285.15 Y443.447 E-10
;WIPE_END
G1 Z155 F15000
G1 X400.743 Y714.85 Z155
G1 Z154
G1 E17 F9000
G1 F2779.614
G1 X389.231 Y714.85 E49.70059
G1 X285.15 Y610.769 E635.45139
G1 X285.15 Y599.257 E49.70059
; stop printing object Cube id:0 copy 0
;LAYER_CHANGE
;Z:155.5
;HEIGHT:1.5
;BEFORE_LAYER_CHANGE
;155.5
G92 E0

EXCLUDE_OBJECT_END NAME=Cube_id_0_copy_0
;AFTER_LAYER_CHANGE
;155.5
;_SET_FAN_SPEED_CHANGING_LAYER
; printing object Cube id:0 copy 0
;WIPE_START
G1 F600
G1 X285.15 Y606.257 E-10
;WIPE_END
EXCLUDE_OBJECT_START NAME=Cube_id_0_copy_0
G1 Z156.5 F15000
G1 X282.703 Y717.297 Z156.5
G1 Z155.5
G1 E17 F9000
;TYPE:Outer wall
;WIDTH:3.2
G1 F2779.615
G1 X282.703 Y282.703 E1876.19945
G1 X717.297 Y282.703 E1876.19945
G1 X717.297 Y717.297 E1876.19945
G1 X283.003 Y717.297 E1874.90431
;WIPE_START
G1 F600
G1 X282.999 Y710.297 E-10
;WIPE_END
G1 Z156.5 F15000
M73 P39 R461
G1 X285.15 Y599.257 Z156.5
G1 Z155.5
G1 E17 F9000
;TYPE:Sparse infill
;WIDTH:3.2
G1 F2779.614
G1 X285.15 Y610.769 E49.70059
G1 X389.231 Y714.85 E635.45139
G1 X400.743 Y714.85 E49.70059
;WIPE_START
G1 F600
G1 X393.743 Y714.85 E-10
;WIPE_END
G1 Z156.5 F15000
G1 X285.15 Y436.447 Z156.5
G1 Z155.5
G1 E17 F9000
G1 F2779.614
G1 X285.15 Y447.96 E49.70059
G1 X552.04 Y714.85 E1629.46316
G1 X563.553 Y714.85 E49.70059
;WIPE_START
G1 F600
G1 X556.553 Y714.85 E-10
;WIPE_END
G1 Z156.5 F15000
G1 X714.85 Y599.257 Z156.5
G1 Z155.5
G1 E17 F9000
G1 F2779.614
G1 X714.85 Y610.769 E49.70059
G1 X610.769 Y714.85 E635.45139
G1 X599.257 Y714.85 E49.70059
;WIPE_START
G1 F600
G1 X606.257 Y714.85 E-10
;WIPE_END
G1 Z156.5 F15000
G1 X714.85 Y436.447 Z156.5
G1 Z155.5
G1 E17 F9000
G1 F2779.614
G1 X714.85 Y447.96 E49.70059
G1 X447.959 Y714.85 E1629.46317
G1 X436.447 Y714.85 E49.70059
;WIPE_START
G1 F600
G1 X443.447 Y714.85 E-10
;WIPE_END
G1 Z156.5 F15000
G1 X436.447 Y285.15 Z156.5
G1 Z155.5
G1 E17 F9000
G1 F2779.614
G1 X447.96 Y285.15 E49.70059
G1 X714.85 Y552.04 E1629.46316
G1 X714.85 Y563.553 E49.70059
;WIPE_START
G1 F600
G1 X714.85 Y556.553 E-10
;WIPE_END
G1 Z156.5 F15000
G1 X703.338 Y285.15 Z156.5
G1 Z155.5
G1 E17 F9000
G1 F2779.614
G1 X714.85 Y285.15 E49.70028
G1 X285.15 Y714.85 E2623.47449
G1 X296.662 Y714.85 E49.70028
M73 P40 R460
;WIPE_START
G1 F600
G1 X289.662 Y714.85 E-10
;WIPE_END
G1 Z156.5 F15000
G1 X296.662 Y285.15 Z156.5
G1 Z155.5
G1 E17 F9000
G1 F2779.614
G1 X285.15 Y285.15 E49.70059
G1 X714.85 Y714.85 E2623.47492
G1 X703.338 Y714.85 E49.70059
;WIPE_START
G1 F600
G1 X710.338 Y714.85 E-10
;WIPE_END
G1 Z156.5 F15000
G1 X599.257 Y285.15 Z156.5
G1 Z155.5
G1 E17 F9000
G1 F2779.614
G1 X610.769 Y285.15 E49.70059
G1 X714.85 Y389.231 E635.45139
G1 X714.85 Y400.743 E49.70059
;WIPE_START
G1 F600
G1 X714.85 Y393.743 E-10
;WIPE_END
G1 Z156.5 F15000
G1 X563.553 Y285.15 Z156.5
G1 Z155.5
G1 E17 F9000
G1 F2779.614
G1 X552.041 Y285.15 E49.70059
G1 X285.15 Y552.04 E1629.46316
G1 X285.15 Y563.553 E49.70059
;WIPE_START
G1 F600
G1 X285.15 Y556.553 E-10
;WIPE_END
G1 Z156.5 F15000
G1 X400.743 Y285.15 Z156.5
G1 Z155.5
G1 E17 F9000
G1 F2779.614
G1 X389.231 Y285.15 E49.70059
G1 X285.15 Y389.231 E635.45138
G1 X285.15 Y400.743 E49.70059
; stop printing object Cube id:0 copy 0
;LAYER_CHANGE
;Z:157
;HEIGHT:1.5
;BEFORE_LAYER_CHANGE
;157
G92 E0

EXCLUDE_OBJECT_END NAME=Cube_id_0_copy_0
;AFTER_LAYER_CHANGE
;157
;_SET_FAN_SPEED_CHANGING_LAYER
; printing object Cube id:0 copy 0
;WIPE_START
G1 F600
G1 X285.15 Y393.743 E-10
;WIPE_END
EXCLUDE_OBJECT_START NAME=Cube_id_0_copy_0
G1 Z158 F15000
G1 X282.703 Y282.703 Z158
G1 Z157
G1 E17 F9000
;TYPE:Outer wall
;WIDTH:3.2
G1 F2779.615
G1 X717.297 Y282.703 E1876.19945
G1 X717.297 Y717.297 E1876.19945
G1 X282.703 Y717.297 E1876.19945
M73 P40 R459
G1 X282.703 Y283.003 E1874.90431
;WIPE_START
G1 F600
G1 X289.703 Y282.999 E-10
;WIPE_END
G1 Z158 F15000
G1 X285.15 Y400.743 Z158
G1 Z157
G1 E17 F9000
;TYPE:Sparse infill
;WIDTH:3.2
G1 F2779.614
G1 X285.15 Y389.231 E49.70059
G1 X389.231 Y285.15 E635.45138
G1 X400.743 Y285.15 E49.70059
;WIPE_START
G1 F600
G1 X393.743 Y285.15 E-10
;WIPE_END
G1 Z158 F15000
G1 X285.15 Y563.553 Z158
G1 Z157
G1 E17 F9000
G1 F2779.614
G1 X285.15 Y552.04 E49.70059
G1 X552.041 Y285.15 E1629.46316
G1 X563.553 Y285.15 E49.70059
;WIPE_START
G1 F600
G1 X556.553 Y285.15 E-10
;WIPE_END
G1 Z158 F15000
G1 X714.85 Y400.743 Z158
G1 Z157
G1 E17 F9000
G1 F2779.614
G1 X714.85 Y389.231 E49.70059
G1 X610.769 Y285.15 E635.45139
G1 X599.257 Y285.15 E49.70059
;WIPE_START
G1 F600
G1 X606.257 Y285.15 E-10
;WIPE_END
G1 Z158 F15000
G1 X714.85 Y563.553 Z158
G1 Z157
G1 E17 F9000
G1 F2779.614
G1 X714.85 Y552.04 E49.70059
G1 X447.96 Y285.15 E1629.46316
G1 X436.447 Y285.15 E49.70059
M73 P40 R458
;WIPE_START
G1 F600
G1 X443.447 Y285.15 E-10
;WIPE_END
G1 Z158 F15000
G1 X436.447 Y714.85 Z158
G1 Z157
G1 E17 F9000
G1 F2779.614
G1 X447.959 Y714.85 E49.70059
G1 X714.85 Y447.96 E1629.46317
G1 X714.85 Y436.447 E49.70059
;WIPE_START
G1 F600
G1 X714.85 Y443.447 E-10
;WIPE_END
G1 Z158 F15000
G1 X703.338 Y714.85 Z158
G1 Z157
G1 E17 F9000
G1 F2779.614
G1 X714.85 Y714.85 E49.70059
G1 X285.15 Y285.15 E2623.47492
G1 X296.662 Y285.15 E49.70059
;WIPE_START
G1 F600
G1 X289.662 Y285.15 E-10
;WIPE_END
G1 Z158 F15000
G1 X296.662 Y714.85 Z158
G1 Z157
G1 E17 F9000
G1 F2779.614
G1 X285.15 Y714.85 E49.70028
G1 X714.85 Y285.15 E2623.47449
G1 X703.338 Y285.15 E49.70028
;WIPE_START
G1 F600
G1 X710.338 Y285.15 E-10
;WIPE_END
G1 Z158 F15000
G1 X599.257 Y714.85 Z158
G1 Z157
G1 E17 F9000
G1 F2779.614
G1 X610.769 Y714.85 E49.70059
G1 X714.85 Y610.769 E635.45139
G1 X714.85 Y599.257 E49.70059
;WIPE_START
G1 F600
G1 X714.85 Y606.257 E-10
;WIPE_END
G1 Z158 F15000
G1 X563.553 Y714.85 Z158
G1 Z157
G1 E17 F9000
G1 F2779.614
G1 X552.04 Y714.85 E49.70059
G1 X285.15 Y447.96 E1629.46316
G1 X285.15 Y436.447 E49.70059
M73 P40 R457
;WIPE_START
G1 F600
G1 X285.15 Y443.447 E-10
;WIPE_END
G1 Z158 F15000
G1 X400.743 Y714.85 Z158
G1 Z157
G1 E17 F9000
G1 F2779.614
G1 X389.231 Y714.85 E49.70059
G1 X285.15 Y610.769 E635.45139
G1 X285.15 Y599.257 E49.70059
; stop printing object Cube id:0 copy 0
;LAYER_CHANGE
;Z:158.5
;HEIGHT:1.5
;BEFORE_LAYER_CHANGE
;158.5
G92 E0

EXCLUDE_OBJECT_END NAME=Cube_id_0_copy_0
;AFTER_LAYER_CHANGE
;158.5
;_SET_FAN_SPEED_CHANGING_LAYER
; printing object Cube id:0 copy 0
;WIPE_START
G1 F600
G1 X285.15 Y606.257 E-10
;WIPE_END
EXCLUDE_OBJECT_START NAME=Cube_id_0_copy_0
G1 Z159.5 F15000
G1 X282.703 Y717.297 Z159.5
G1 Z158.5
G1 E17 F9000
;TYPE:Outer wall
;WIDTH:3.2
G1 F2779.615
G1 X282.703 Y282.703 E1876.19945
G1 X717.297 Y282.703 E1876.19945
G1 X717.297 Y717.297 E1876.19945
G1 X283.003 Y717.297 E1874.90431
;WIPE_START
G1 F600
G1 X282.999 Y710.297 E-10
;WIPE_END
G1 Z159.5 F15000
G1 X285.15 Y599.257 Z159.5
G1 Z158.5
G1 E17 F9000
;TYPE:Sparse infill
;WIDTH:3.2
G1 F2779.614
G1 X285.15 Y610.769 E49.70059
G1 X389.231 Y714.85 E635.45139
G1 X400.743 Y714.85 E49.70059
;WIPE_START
G1 F600
G1 X393.743 Y714.85 E-10
;WIPE_END
G1 Z159.5 F15000
G1 X285.15 Y436.447 Z159.5
M73 P40 R456
G1 Z158.5
G1 E17 F9000
G1 F2779.614
G1 X285.15 Y447.96 E49.70059
G1 X552.04 Y714.85 E1629.46316
G1 X563.553 Y714.85 E49.70059
;WIPE_START
G1 F600
G1 X556.553 Y714.85 E-10
;WIPE_END
G1 Z159.5 F15000
G1 X714.85 Y599.257 Z159.5
G1 Z158.5
G1 E17 F9000
G1 F2779.614
G1 X714.85 Y610.769 E49.70059
G1 X610.769 Y714.85 E635.45139
G1 X599.257 Y714.85 E49.70059
;WIPE_START
G1 F600
G1 X606.257 Y714.85 E-10
;WIPE_END
G1 Z159.5 F15000
G1 X714.85 Y436.447 Z159.5
G1 Z158.5
G1 E17 F9000
G1 F2779.614
G1 X714.85 Y447.96 E49.70059
G1 X447.959 Y714.85 E1629.46317
G1 X436.447 Y714.85 E49.70059
;WIPE_START
G1 F600
G1 X443.447 Y714.85 E-10
;WIPE_END
G1 Z159.5 F15000
G1 X436.447 Y285.15 Z159.5
G1 Z158.5
G1 E17 F9000
G1 F2779.614
G1 X447.96 Y285.15 E49.70059
G1 X714.85 Y552.04 E1629.46316
G1 X714.85 Y563.553 E49.70059
;WIPE_START
G1 F600
G1 X714.85 Y556.553 E-10
;WIPE_END
G1 Z159.5 F15000
G1 X703.338 Y285.15 Z159.5
G1 Z158.5
G1 E17 F9000
G1 F2779.614
G1 X714.85 Y285.15 E49.70028
G1 X285.15 Y714.85 E2623.47449
G1 X296.662 Y714.85 E49.70028
;WIPE_START
G1 F600
G1 X289.662 Y714.85 E-10
;WIPE_END
G1 Z159.5 F15000
G1 X296.662 Y285.15 Z159.5
G1 Z158.5
M73 P40 R455
G1 E17 F9000
G1 F2779.614
G1 X285.15 Y285.15 E49.70059
G1 X714.85 Y714.85 E2623.47492
G1 X703.338 Y714.85 E49.70059
;WIPE_START
G1 F600
G1 X710.338 Y714.85 E-10
;WIPE_END
G1 Z159.5 F15000
G1 X599.257 Y285.15 Z159.5
G1 Z158.5
G1 E17 F9000
G1 F2779.614
G1 X610.769 Y285.15 E49.70059
G1 X714.85 Y389.231 E635.45139
G1 X714.85 Y400.743 E49.70059
;WIPE_START
G1 F600
G1 X714.85 Y393.743 E-10
;WIPE_END
G1 Z159.5 F15000
G1 X563.553 Y285.15 Z159.5
G1 Z158.5
G1 E17 F9000
G1 F2779.614
G1 X552.041 Y285.15 E49.70059
G1 X285.15 Y552.04 E1629.46316
G1 X285.15 Y563.553 E49.70059
;WIPE_START
G1 F600
G1 X285.15 Y556.553 E-10
;WIPE_END
G1 Z159.5 F15000
G1 X400.743 Y285.15 Z159.5
G1 Z158.5
G1 E17 F9000
G1 F2779.614
G1 X389.231 Y285.15 E49.70059
G1 X285.15 Y389.231 E635.45138
G1 X285.15 Y400.743 E49.70059
; stop printing object Cube id:0 copy 0
;LAYER_CHANGE
;Z:160
;HEIGHT:1.5
;BEFORE_LAYER_CHANGE
;160
G92 E0

EXCLUDE_OBJECT_END NAME=Cube_id_0_copy_0
;AFTER_LAYER_CHANGE
;160
;_SET_FAN_SPEED_CHANGING_LAYER
; printing object Cube id:0 copy 0
;WIPE_START
G1 F600
G1 X285.15 Y393.743 E-10
;WIPE_END
EXCLUDE_OBJECT_START NAME=Cube_id_0_copy_0
G1 Z161 F15000
G1 X282.703 Y282.703 Z161
G1 Z160
G1 E17 F9000
;TYPE:Outer wall
;WIDTH:3.2
G1 F2779.615
G1 X717.297 Y282.703 E1876.19945
G1 X717.297 Y717.297 E1876.19945
G1 X282.703 Y717.297 E1876.19945
M73 P40 R454
G1 X282.703 Y283.003 E1874.90431
;WIPE_START
G1 F600
G1 X289.703 Y282.999 E-10
;WIPE_END
G1 Z161 F15000
G1 X285.15 Y400.743 Z161
G1 Z160
G1 E17 F9000
;TYPE:Sparse infill
;WIDTH:3.2
G1 F2779.614
G1 X285.15 Y389.231 E49.70059
G1 X389.231 Y285.15 E635.45138
G1 X400.743 Y285.15 E49.70059
;WIPE_START
G1 F600
G1 X393.743 Y285.15 E-10
;WIPE_END
G1 Z161 F15000
G1 X285.15 Y563.553 Z161
G1 Z160
G1 E17 F9000
G1 F2779.614
G1 X285.15 Y552.04 E49.70059
G1 X552.041 Y285.15 E1629.46316
G1 X563.553 Y285.15 E49.70059
;WIPE_START
G1 F600
G1 X556.553 Y285.15 E-10
;WIPE_END
G1 Z161 F15000
G1 X714.85 Y400.743 Z161
G1 Z160
G1 E17 F9000
G1 F2779.614
G1 X714.85 Y389.231 E49.70059
G1 X610.769 Y285.15 E635.45139
G1 X599.257 Y285.15 E49.70059
;WIPE_START
G1 F600
G1 X606.257 Y285.15 E-10
;WIPE_END
G1 Z161 F15000
G1 X714.85 Y563.553 Z161
G1 Z160
G1 E17 F9000
G1 F2779.614
G1 X714.85 Y552.04 E49.70059
G1 X447.96 Y285.15 E1629.46316
G1 X436.447 Y285.15 E49.70059
;WIPE_START
G1 F600
G1 X443.447 Y285.15 E-10
;WIPE_END
G1 Z161 F15000
G1 X436.447 Y714.85 Z161
G1 Z160
G1 E17 F9000
G1 F2779.614
G1 X447.959 Y714.85 E49.70059
G1 X714.85 Y447.96 E1629.46317
G1 X714.85 Y436.447 E49.70059
M73 P40 R453
;WIPE_START
G1 F600
G1 X714.85 Y443.447 E-10
;WIPE_END
G1 Z161 F15000
G1 X703.338 Y714.85 Z161
G1 Z160
G1 E17 F9000
G1 F2779.614
G1 X714.85 Y714.85 E49.70059
G1 X285.15 Y285.15 E2623.47492
G1 X296.662 Y285.15 E49.70059
;WIPE_START
G1 F600
G1 X289.662 Y285.15 E-10
;WIPE_END
G1 Z161 F15000
G1 X296.662 Y714.85 Z161
G1 Z160
G1 E17 F9000
G1 F2779.614
G1 X285.15 Y714.85 E49.70028
G1 X714.85 Y285.15 E2623.47449
G1 X703.338 Y285.15 E49.70028
M73 P41 R453
;WIPE_START
G1 F600
G1 X710.338 Y285.15 E-10
;WIPE_END
G1 Z161 F15000
G1 X599.257 Y714.85 Z161
G1 Z160
G1 E17 F9000
G1 F2779.614
G1 X610.769 Y714.85 E49.70059
G1 X714.85 Y610.769 E635.45139
G1 X714.85 Y599.257 E49.70059
;WIPE_START
G1 F600
G1 X714.85 Y606.257 E-10
;WIPE_END
G1 Z161 F15000
G1 X563.553 Y714.85 Z161
G1 Z160
G1 E17 F9000
G1 F2779.614
G1 X552.04 Y714.85 E49.70059
G1 X285.15 Y447.96 E1629.46316
G1 X285.15 Y436.447 E49.70059
;WIPE_START
G1 F600
M73 P41 R452
G1 X285.15 Y443.447 E-10
;WIPE_END
G1 Z161 F15000
G1 X400.743 Y714.85 Z161
G1 Z160
G1 E17 F9000
G1 F2779.614
G1 X389.231 Y714.85 E49.70059
G1 X285.15 Y610.769 E635.45139
G1 X285.15 Y599.257 E49.70059
; stop printing object Cube id:0 copy 0
;LAYER_CHANGE
;Z:161.5
;HEIGHT:1.5
;BEFORE_LAYER_CHANGE
;161.5
G92 E0

EXCLUDE_OBJECT_END NAME=Cube_id_0_copy_0
;AFTER_LAYER_CHANGE
;161.5
;_SET_FAN_SPEED_CHANGING_LAYER
; printing object Cube id:0 copy 0
;WIPE_START
G1 F600
G1 X285.15 Y606.257 E-10
;WIPE_END
EXCLUDE_OBJECT_START NAME=Cube_id_0_copy_0
G1 Z162.5 F15000
G1 X282.703 Y717.297 Z162.5
G1 Z161.5
G1 E17 F9000
;TYPE:Outer wall
;WIDTH:3.2
G1 F2779.615
G1 X282.703 Y282.703 E1876.19945
G1 X717.297 Y282.703 E1876.19945
G1 X717.297 Y717.297 E1876.19945
G1 X283.003 Y717.297 E1874.90431
;WIPE_START
G1 F600
G1 X282.999 Y710.297 E-10
;WIPE_END
G1 Z162.5 F15000
G1 X285.15 Y599.257 Z162.5
G1 Z161.5
G1 E17 F9000
;TYPE:Sparse infill
;WIDTH:3.2
G1 F2779.614
G1 X285.15 Y610.769 E49.70059
G1 X389.231 Y714.85 E635.45139
G1 X400.743 Y714.85 E49.70059
;WIPE_START
G1 F600
G1 X393.743 Y714.85 E-10
;WIPE_END
G1 Z162.5 F15000
G1 X285.15 Y436.447 Z162.5
G1 Z161.5
G1 E17 F9000
G1 F2779.614
G1 X285.15 Y447.96 E49.70059
G1 X552.04 Y714.85 E1629.46316
G1 X563.553 Y714.85 E49.70059
M73 P41 R451
;WIPE_START
G1 F600
G1 X556.553 Y714.85 E-10
;WIPE_END
G1 Z162.5 F15000
G1 X714.85 Y599.257 Z162.5
G1 Z161.5
G1 E17 F9000
G1 F2779.614
G1 X714.85 Y610.769 E49.70059
G1 X610.769 Y714.85 E635.45139
G1 X599.257 Y714.85 E49.70059
;WIPE_START
G1 F600
G1 X606.257 Y714.85 E-10
;WIPE_END
G1 Z162.5 F15000
G1 X714.85 Y436.447 Z162.5
G1 Z161.5
G1 E17 F9000
G1 F2779.614
G1 X714.85 Y447.96 E49.70059
G1 X447.959 Y714.85 E1629.46317
G1 X436.447 Y714.85 E49.70059
;WIPE_START
G1 F600
G1 X443.447 Y714.85 E-10
;WIPE_END
G1 Z162.5 F15000
G1 X436.447 Y285.15 Z162.5
G1 Z161.5
G1 E17 F9000
G1 F2779.614
G1 X447.96 Y285.15 E49.70059
G1 X714.85 Y552.04 E1629.46316
G1 X714.85 Y563.553 E49.70059
;WIPE_START
G1 F600
G1 X714.85 Y556.553 E-10
;WIPE_END
G1 Z162.5 F15000
G1 X703.338 Y285.15 Z162.5
G1 Z161.5
G1 E17 F9000
G1 F2779.614
G1 X714.85 Y285.15 E49.70028
G1 X285.15 Y714.85 E2623.47449
G1 X296.662 Y714.85 E49.70028
;WIPE_START
G1 F600
G1 X289.662 Y714.85 E-10
;WIPE_END
G1 Z162.5 F15000
G1 X296.662 Y285.15 Z162.5
G1 Z161.5
G1 E17 F9000
G1 F2779.614
G1 X285.15 Y285.15 E49.70059
G1 X714.85 Y714.85 E2623.47492
G1 X703.338 Y714.85 E49.70059
M73 P41 R450
;WIPE_START
G1 F600
G1 X710.338 Y714.85 E-10
;WIPE_END
G1 Z162.5 F15000
G1 X599.257 Y285.15 Z162.5
G1 Z161.5
G1 E17 F9000
G1 F2779.614
G1 X610.769 Y285.15 E49.70059
G1 X714.85 Y389.231 E635.45139
G1 X714.85 Y400.743 E49.70059
;WIPE_START
G1 F600
G1 X714.85 Y393.743 E-10
;WIPE_END
G1 Z162.5 F15000
G1 X563.553 Y285.15 Z162.5
G1 Z161.5
G1 E17 F9000
G1 F2779.614
G1 X552.041 Y285.15 E49.70059
G1 X285.15 Y552.04 E1629.46316
G1 X285.15 Y563.553 E49.70059
;WIPE_START
G1 F600
G1 X285.15 Y556.553 E-10
;WIPE_END
G1 Z162.5 F15000
G1 X400.743 Y285.15 Z162.5
G1 Z161.5
G1 E17 F9000
G1 F2779.614
G1 X389.231 Y285.15 E49.70059
G1 X285.15 Y389.231 E635.45138
G1 X285.15 Y400.743 E49.70059
; stop printing object Cube id:0 copy 0
;LAYER_CHANGE
;Z:163
;HEIGHT:1.5
;BEFORE_LAYER_CHANGE
;163
G92 E0

EXCLUDE_OBJECT_END NAME=Cube_id_0_copy_0
;AFTER_LAYER_CHANGE
;163
;_SET_FAN_SPEED_CHANGING_LAYER
; printing object Cube id:0 copy 0
;WIPE_START
G1 F600
G1 X285.15 Y393.743 E-10
;WIPE_END
EXCLUDE_OBJECT_START NAME=Cube_id_0_copy_0
G1 Z164 F15000
G1 X282.703 Y282.703 Z164
G1 Z163
G1 E17 F9000
;TYPE:Outer wall
;WIDTH:3.2
G1 F2779.615
G1 X717.297 Y282.703 E1876.19945
G1 X717.297 Y717.297 E1876.19945
G1 X282.703 Y717.297 E1876.19945
G1 X282.703 Y283.003 E1874.90431
M73 P41 R449
;WIPE_START
G1 F600
G1 X289.703 Y282.999 E-10
;WIPE_END
G1 Z164 F15000
G1 X285.15 Y400.743 Z164
G1 Z163
G1 E17 F9000
;TYPE:Sparse infill
;WIDTH:3.2
G1 F2779.614
G1 X285.15 Y389.231 E49.70059
G1 X389.231 Y285.15 E635.45138
G1 X400.743 Y285.15 E49.70059
;WIPE_START
G1 F600
G1 X393.743 Y285.15 E-10
;WIPE_END
G1 Z164 F15000
G1 X285.15 Y563.553 Z164
G1 Z163
G1 E17 F9000
G1 F2779.614
G1 X285.15 Y552.04 E49.70059
G1 X552.041 Y285.15 E1629.46316
G1 X563.553 Y285.15 E49.70059
;WIPE_START
G1 F600
G1 X556.553 Y285.15 E-10
;WIPE_END
G1 Z164 F15000
G1 X714.85 Y400.743 Z164
G1 Z163
G1 E17 F9000
G1 F2779.614
G1 X714.85 Y389.231 E49.70059
G1 X610.769 Y285.15 E635.45139
G1 X599.257 Y285.15 E49.70059
;WIPE_START
G1 F600
G1 X606.257 Y285.15 E-10
;WIPE_END
G1 Z164 F15000
G1 X714.85 Y563.553 Z164
G1 Z163
G1 E17 F9000
G1 F2779.614
G1 X714.85 Y552.04 E49.70059
G1 X447.96 Y285.15 E1629.46316
G1 X436.447 Y285.15 E49.70059
;WIPE_START
G1 F600
G1 X443.447 Y285.15 E-10
;WIPE_END
G1 Z164 F15000
G1 X436.447 Y714.85 Z164
G1 Z163
G1 E17 F9000
G1 F2779.614
G1 X447.959 Y714.85 E49.70059
G1 X714.85 Y447.96 E1629.46317
G1 X714.85 Y436.447 E49.70059
M73 P41 R448
;WIPE_START
G1 F600
G1 X714.85 Y443.447 E-10
;WIPE_END
G1 Z164 F15000
G1 X703.338 Y714.85 Z164
G1 Z163
G1 E17 F9000
G1 F2779.614
G1 X714.85 Y714.85 E49.70059
G1 X285.15 Y285.15 E2623.47492
G1 X296.662 Y285.15 E49.70059
;WIPE_START
G1 F600
G1 X289.662 Y285.15 E-10
;WIPE_END
G1 Z164 F15000
G1 X296.662 Y714.85 Z164
G1 Z163
G1 E17 F9000
G1 F2779.614
G1 X285.15 Y714.85 E49.70028
G1 X714.85 Y285.15 E2623.47449
G1 X703.338 Y285.15 E49.70028
;WIPE_START
G1 F600
G1 X710.338 Y285.15 E-10
;WIPE_END
G1 Z164 F15000
G1 X599.257 Y714.85 Z164
G1 Z163
G1 E17 F9000
G1 F2779.614
G1 X610.769 Y714.85 E49.70059
G1 X714.85 Y610.769 E635.45139
G1 X714.85 Y599.257 E49.70059
;WIPE_START
G1 F600
G1 X714.85 Y606.257 E-10
;WIPE_END
G1 Z164 F15000
G1 X563.553 Y714.85 Z164
G1 Z163
G1 E17 F9000
G1 F2779.614
G1 X552.04 Y714.85 E49.70059
G1 X285.15 Y447.96 E1629.46316
G1 X285.15 Y436.447 E49.70059
;WIPE_START
G1 F600
G1 X285.15 Y443.447 E-10
;WIPE_END
G1 Z164 F15000
G1 X400.743 Y714.85 Z164
G1 Z163
G1 E17 F9000
G1 F2779.614
G1 X389.231 Y714.85 E49.70059
G1 X285.15 Y610.769 E635.45139
G1 X285.15 Y599.257 E49.70059
M73 P41 R447
; stop printing object Cube id:0 copy 0
;LAYER_CHANGE
;Z:164.5
;HEIGHT:1.5
;BEFORE_LAYER_CHANGE
;164.5
G92 E0

EXCLUDE_OBJECT_END NAME=Cube_id_0_copy_0
;AFTER_LAYER_CHANGE
;164.5
;_SET_FAN_SPEED_CHANGING_LAYER
; printing object Cube id:0 copy 0
;WIPE_START
G1 F600
G1 X285.15 Y606.257 E-10
;WIPE_END
EXCLUDE_OBJECT_START NAME=Cube_id_0_copy_0
G1 Z165.5 F15000
G1 X282.703 Y717.297 Z165.5
G1 Z164.5
G1 E17 F9000
;TYPE:Outer wall
;WIDTH:3.2
G1 F2779.615
G1 X282.703 Y282.703 E1876.19945
G1 X717.297 Y282.703 E1876.19945
G1 X717.297 Y717.297 E1876.19945
G1 X283.003 Y717.297 E1874.90431
;WIPE_START
G1 F600
G1 X282.999 Y710.297 E-10
;WIPE_END
G1 Z165.5 F15000
G1 X285.15 Y599.257 Z165.5
G1 Z164.5
G1 E17 F9000
;TYPE:Sparse infill
;WIDTH:3.2
G1 F2779.614
G1 X285.15 Y610.769 E49.70059
G1 X389.231 Y714.85 E635.45139
G1 X400.743 Y714.85 E49.70059
;WIPE_START
G1 F600
G1 X393.743 Y714.85 E-10
;WIPE_END
G1 Z165.5 F15000
G1 X285.15 Y436.447 Z165.5
G1 Z164.5
G1 E17 F9000
G1 F2779.614
G1 X285.15 Y447.96 E49.70059
G1 X552.04 Y714.85 E1629.46316
G1 X563.553 Y714.85 E49.70059
;WIPE_START
G1 F600
G1 X556.553 Y714.85 E-10
;WIPE_END
G1 Z165.5 F15000
G1 X714.85 Y599.257 Z165.5
G1 Z164.5
M73 P41 R446
G1 E17 F9000
G1 F2779.614
G1 X714.85 Y610.769 E49.70059
G1 X610.769 Y714.85 E635.45139
G1 X599.257 Y714.85 E49.70059
;WIPE_START
G1 F600
G1 X606.257 Y714.85 E-10
;WIPE_END
G1 Z165.5 F15000
G1 X714.85 Y436.447 Z165.5
G1 Z164.5
G1 E17 F9000
G1 F2779.614
G1 X714.85 Y447.96 E49.70059
G1 X447.959 Y714.85 E1629.46317
G1 X436.447 Y714.85 E49.70059
;WIPE_START
G1 F600
G1 X443.447 Y714.85 E-10
;WIPE_END
G1 Z165.5 F15000
G1 X436.447 Y285.15 Z165.5
G1 Z164.5
G1 E17 F9000
G1 F2779.614
G1 X447.96 Y285.15 E49.70059
G1 X714.85 Y552.04 E1629.46316
G1 X714.85 Y563.553 E49.70059
;WIPE_START
G1 F600
G1 X714.85 Y556.553 E-10
;WIPE_END
G1 Z165.5 F15000
G1 X703.338 Y285.15 Z165.5
G1 Z164.5
G1 E17 F9000
G1 F2779.614
G1 X714.85 Y285.15 E49.70028
G1 X285.15 Y714.85 E2623.47449
G1 X296.662 Y714.85 E49.70028
;WIPE_START
G1 F600
G1 X289.662 Y714.85 E-10
;WIPE_END
G1 Z165.5 F15000
G1 X296.662 Y285.15 Z165.5
G1 Z164.5
G1 E17 F9000
G1 F2779.614
G1 X285.15 Y285.15 E49.70059
G1 X714.85 Y714.85 E2623.47492
G1 X703.338 Y714.85 E49.70059
M73 P41 R445
;WIPE_START
G1 F600
G1 X710.338 Y714.85 E-10
;WIPE_END
G1 Z165.5 F15000
G1 X599.257 Y285.15 Z165.5
G1 Z164.5
G1 E17 F9000
G1 F2779.614
G1 X610.769 Y285.15 E49.70059
G1 X714.85 Y389.231 E635.45139
G1 X714.85 Y400.743 E49.70059
;WIPE_START
G1 F600
G1 X714.85 Y393.743 E-10
;WIPE_END
G1 Z165.5 F15000
G1 X563.553 Y285.15 Z165.5
G1 Z164.5
G1 E17 F9000
G1 F2779.614
G1 X552.041 Y285.15 E49.70059
G1 X285.15 Y552.04 E1629.46316
G1 X285.15 Y563.553 E49.70059
M73 P42 R445
;WIPE_START
G1 F600
G1 X285.15 Y556.553 E-10
;WIPE_END
G1 Z165.5 F15000
G1 X400.743 Y285.15 Z165.5
G1 Z164.5
G1 E17 F9000
G1 F2779.614
G1 X389.231 Y285.15 E49.70059
G1 X285.15 Y389.231 E635.45138
G1 X285.15 Y400.743 E49.70059
; stop printing object Cube id:0 copy 0
;LAYER_CHANGE
;Z:166
;HEIGHT:1.5
;BEFORE_LAYER_CHANGE
;166
G92 E0

EXCLUDE_OBJECT_END NAME=Cube_id_0_copy_0
;AFTER_LAYER_CHANGE
;166
;_SET_FAN_SPEED_CHANGING_LAYER
; printing object Cube id:0 copy 0
;WIPE_START
G1 F600
G1 X285.15 Y393.743 E-10
;WIPE_END
EXCLUDE_OBJECT_START NAME=Cube_id_0_copy_0
G1 Z167 F15000
G1 X282.703 Y282.703 Z167
G1 Z166
G1 E17 F9000
;TYPE:Outer wall
;WIDTH:3.2
G1 F2779.615
G1 X717.297 Y282.703 E1876.19945
G1 X717.297 Y717.297 E1876.19945
G1 X282.703 Y717.297 E1876.19945
G1 X282.703 Y283.003 E1874.90431
;WIPE_START
G1 F600
M73 P42 R444
G1 X289.703 Y282.999 E-10
;WIPE_END
G1 Z167 F15000
G1 X285.15 Y400.743 Z167
G1 Z166
G1 E17 F9000
;TYPE:Sparse infill
;WIDTH:3.2
G1 F2779.614
G1 X285.15 Y389.231 E49.70059
G1 X389.231 Y285.15 E635.45138
G1 X400.743 Y285.15 E49.70059
;WIPE_START
G1 F600
G1 X393.743 Y285.15 E-10
;WIPE_END
G1 Z167 F15000
G1 X285.15 Y563.553 Z167
G1 Z166
G1 E17 F9000
G1 F2779.614
G1 X285.15 Y552.04 E49.70059
G1 X552.041 Y285.15 E1629.46316
G1 X563.553 Y285.15 E49.70059
;WIPE_START
G1 F600
G1 X556.553 Y285.15 E-10
;WIPE_END
G1 Z167 F15000
G1 X714.85 Y400.743 Z167
G1 Z166
G1 E17 F9000
G1 F2779.614
G1 X714.85 Y389.231 E49.70059
G1 X610.769 Y285.15 E635.45139
G1 X599.257 Y285.15 E49.70059
;WIPE_START
G1 F600
G1 X606.257 Y285.15 E-10
;WIPE_END
G1 Z167 F15000
G1 X714.85 Y563.553 Z167
G1 Z166
G1 E17 F9000
G1 F2779.614
G1 X714.85 Y552.04 E49.70059
G1 X447.96 Y285.15 E1629.46316
G1 X436.447 Y285.15 E49.70059
;WIPE_START
G1 F600
G1 X443.447 Y285.15 E-10
;WIPE_END
G1 Z167 F15000
G1 X436.447 Y714.85 Z167
G1 Z166
G1 E17 F9000
G1 F2779.614
G1 X447.959 Y714.85 E49.70059
G1 X714.85 Y447.96 E1629.46317
G1 X714.85 Y436.447 E49.70059
;WIPE_START
G1 F600
G1 X714.85 Y443.447 E-10
;WIPE_END
G1 Z167 F15000
G1 X703.338 Y714.85 Z167
G1 Z166
G1 E17 F9000
G1 F2779.614
G1 X714.85 Y714.85 E49.70059
G1 X285.15 Y285.15 E2623.47492
G1 X296.662 Y285.15 E49.70059
M73 P42 R443
;WIPE_START
G1 F600
G1 X289.662 Y285.15 E-10
;WIPE_END
G1 Z167 F15000
G1 X296.662 Y714.85 Z167
G1 Z166
G1 E17 F9000
G1 F2779.614
G1 X285.15 Y714.85 E49.70028
G1 X714.85 Y285.15 E2623.47449
G1 X703.338 Y285.15 E49.70028
;WIPE_START
G1 F600
G1 X710.338 Y285.15 E-10
;WIPE_END
G1 Z167 F15000
G1 X599.257 Y714.85 Z167
G1 Z166
G1 E17 F9000
G1 F2779.614
G1 X610.769 Y714.85 E49.70059
G1 X714.85 Y610.769 E635.45139
G1 X714.85 Y599.257 E49.70059
;WIPE_START
G1 F600
G1 X714.85 Y606.257 E-10
;WIPE_END
G1 Z167 F15000
G1 X563.553 Y714.85 Z167
G1 Z166
G1 E17 F9000
G1 F2779.614
G1 X552.04 Y714.85 E49.70059
G1 X285.15 Y447.96 E1629.46316
G1 X285.15 Y436.447 E49.70059
;WIPE_START
G1 F600
G1 X285.15 Y443.447 E-10
;WIPE_END
G1 Z167 F15000
G1 X400.743 Y714.85 Z167
G1 Z166
G1 E17 F9000
G1 F2779.614
G1 X389.231 Y714.85 E49.70059
G1 X285.15 Y610.769 E635.45139
G1 X285.15 Y599.257 E49.70059
; stop printing object Cube id:0 copy 0
;LAYER_CHANGE
;Z:167.5
;HEIGHT:1.5
;BEFORE_LAYER_CHANGE
;167.5
G92 E0

EXCLUDE_OBJECT_END NAME=Cube_id_0_copy_0
;AFTER_LAYER_CHANGE
;167.5
;_SET_FAN_SPEED_CHANGING_LAYER
; printing object Cube id:0 copy 0
;WIPE_START
G1 F600
G1 X285.15 Y606.257 E-10
;WIPE_END
EXCLUDE_OBJECT_START NAME=Cube_id_0_copy_0
G1 Z168.5 F15000
G1 X282.703 Y717.297 Z168.5
G1 Z167.5
G1 E17 F9000
;TYPE:Outer wall
;WIDTH:3.2
G1 F2779.615
G1 X282.703 Y282.703 E1876.19945
G1 X717.297 Y282.703 E1876.19945
M73 P42 R442
G1 X717.297 Y717.297 E1876.19945
G1 X283.003 Y717.297 E1874.90431
;WIPE_START
G1 F600
G1 X282.999 Y710.297 E-10
;WIPE_END
G1 Z168.5 F15000
G1 X285.15 Y599.257 Z168.5
G1 Z167.5
G1 E17 F9000
;TYPE:Sparse infill
;WIDTH:3.2
G1 F2779.614
G1 X285.15 Y610.769 E49.70059
G1 X389.231 Y714.85 E635.45139
G1 X400.743 Y714.85 E49.70059
;WIPE_START
G1 F600
G1 X393.743 Y714.85 E-10
;WIPE_END
G1 Z168.5 F15000
G1 X285.15 Y436.447 Z168.5
G1 Z167.5
G1 E17 F9000
G1 F2779.614
G1 X285.15 Y447.96 E49.70059
G1 X552.04 Y714.85 E1629.46316
G1 X563.553 Y714.85 E49.70059
;WIPE_START
G1 F600
G1 X556.553 Y714.85 E-10
;WIPE_END
G1 Z168.5 F15000
G1 X714.85 Y599.257 Z168.5
G1 Z167.5
G1 E17 F9000
G1 F2779.614
G1 X714.85 Y610.769 E49.70059
G1 X610.769 Y714.85 E635.45139
G1 X599.257 Y714.85 E49.70059
;WIPE_START
G1 F600
G1 X606.257 Y714.85 E-10
;WIPE_END
G1 Z168.5 F15000
G1 X714.85 Y436.447 Z168.5
G1 Z167.5
M73 P42 R441
G1 E17 F9000
G1 F2779.614
G1 X714.85 Y447.96 E49.70059
G1 X447.959 Y714.85 E1629.46317
G1 X436.447 Y714.85 E49.70059
;WIPE_START
G1 F600
G1 X443.447 Y714.85 E-10
;WIPE_END
G1 Z168.5 F15000
G1 X436.447 Y285.15 Z168.5
G1 Z167.5
G1 E17 F9000
G1 F2779.614
G1 X447.96 Y285.15 E49.70059
G1 X714.85 Y552.04 E1629.46316
G1 X714.85 Y563.553 E49.70059
;WIPE_START
G1 F600
G1 X714.85 Y556.553 E-10
;WIPE_END
G1 Z168.5 F15000
G1 X703.338 Y285.15 Z168.5
G1 Z167.5
G1 E17 F9000
G1 F2779.614
G1 X714.85 Y285.15 E49.70028
G1 X285.15 Y714.85 E2623.47449
G1 X296.662 Y714.85 E49.70028
;WIPE_START
G1 F600
G1 X289.662 Y714.85 E-10
;WIPE_END
G1 Z168.5 F15000
G1 X296.662 Y285.15 Z168.5
G1 Z167.5
G1 E17 F9000
G1 F2779.614
G1 X285.15 Y285.15 E49.70059
G1 X714.85 Y714.85 E2623.47492
G1 X703.338 Y714.85 E49.70059
;WIPE_START
G1 F600
G1 X710.338 Y714.85 E-10
;WIPE_END
G1 Z168.5 F15000
G1 X599.257 Y285.15 Z168.5
G1 Z167.5
G1 E17 F9000
G1 F2779.614
G1 X610.769 Y285.15 E49.70059
G1 X714.85 Y389.231 E635.45139
G1 X714.85 Y400.743 E49.70059
M73 P42 R440
;WIPE_START
G1 F600
G1 X714.85 Y393.743 E-10
;WIPE_END
G1 Z168.5 F15000
G1 X563.553 Y285.15 Z168.5
G1 Z167.5
G1 E17 F9000
G1 F2779.614
G1 X552.041 Y285.15 E49.70059
G1 X285.15 Y552.04 E1629.46316
G1 X285.15 Y563.553 E49.70059
;WIPE_START
G1 F600
G1 X285.15 Y556.553 E-10
;WIPE_END
G1 Z168.5 F15000
G1 X400.743 Y285.15 Z168.5
G1 Z167.5
G1 E17 F9000
G1 F2779.614
G1 X389.231 Y285.15 E49.70059
G1 X285.15 Y389.231 E635.45138
G1 X285.15 Y400.743 E49.70059
; stop printing object Cube id:0 copy 0
;LAYER_CHANGE
;Z:169
;HEIGHT:1.5
;BEFORE_LAYER_CHANGE
;169
G92 E0

EXCLUDE_OBJECT_END NAME=Cube_id_0_copy_0
;AFTER_LAYER_CHANGE
;169
;_SET_FAN_SPEED_CHANGING_LAYER
; printing object Cube id:0 copy 0
;WIPE_START
G1 F600
G1 X285.15 Y393.743 E-10
;WIPE_END
EXCLUDE_OBJECT_START NAME=Cube_id_0_copy_0
G1 Z170 F15000
G1 X282.703 Y282.703 Z170
G1 Z169
G1 E17 F9000
;TYPE:Outer wall
;WIDTH:3.2
G1 F2779.615
G1 X717.297 Y282.703 E1876.19945
G1 X717.297 Y717.297 E1876.19945
G1 X282.703 Y717.297 E1876.19945
G1 X282.703 Y283.003 E1874.90431
;WIPE_START
G1 F600
M73 P42 R439
G1 X289.703 Y282.999 E-10
;WIPE_END
G1 Z170 F15000
G1 X285.15 Y400.743 Z170
G1 Z169
G1 E17 F9000
;TYPE:Sparse infill
;WIDTH:3.2
G1 F2779.614
G1 X285.15 Y389.231 E49.70059
G1 X389.231 Y285.15 E635.45138
G1 X400.743 Y285.15 E49.70059
;WIPE_START
G1 F600
G1 X393.743 Y285.15 E-10
;WIPE_END
G1 Z170 F15000
G1 X285.15 Y563.553 Z170
G1 Z169
G1 E17 F9000
G1 F2779.614
G1 X285.15 Y552.04 E49.70059
G1 X552.041 Y285.15 E1629.46316
G1 X563.553 Y285.15 E49.70059
;WIPE_START
G1 F600
G1 X556.553 Y285.15 E-10
;WIPE_END
G1 Z170 F15000
G1 X714.85 Y400.743 Z170
G1 Z169
G1 E17 F9000
G1 F2779.614
G1 X714.85 Y389.231 E49.70059
G1 X610.769 Y285.15 E635.45139
G1 X599.257 Y285.15 E49.70059
;WIPE_START
G1 F600
G1 X606.257 Y285.15 E-10
;WIPE_END
G1 Z170 F15000
G1 X714.85 Y563.553 Z170
G1 Z169
G1 E17 F9000
G1 F2779.614
G1 X714.85 Y552.04 E49.70059
G1 X447.96 Y285.15 E1629.46316
G1 X436.447 Y285.15 E49.70059
;WIPE_START
G1 F600
G1 X443.447 Y285.15 E-10
;WIPE_END
G1 Z170 F15000
G1 X436.447 Y714.85 Z170
G1 Z169
G1 E17 F9000
G1 F2779.614
G1 X447.959 Y714.85 E49.70059
G1 X714.85 Y447.96 E1629.46317
G1 X714.85 Y436.447 E49.70059
;WIPE_START
G1 F600
G1 X714.85 Y443.447 E-10
;WIPE_END
G1 Z170 F15000
G1 X703.338 Y714.85 Z170
G1 Z169
G1 E17 F9000
G1 F2779.614
G1 X714.85 Y714.85 E49.70059
G1 X285.15 Y285.15 E2623.47492
G1 X296.662 Y285.15 E49.70059
M73 P42 R438
;WIPE_START
G1 F600
G1 X289.662 Y285.15 E-10
;WIPE_END
G1 Z170 F15000
G1 X296.662 Y714.85 Z170
G1 Z169
G1 E17 F9000
G1 F2779.614
G1 X285.15 Y714.85 E49.70028
G1 X714.85 Y285.15 E2623.47449
G1 X703.338 Y285.15 E49.70028
;WIPE_START
G1 F600
G1 X710.338 Y285.15 E-10
;WIPE_END
G1 Z170 F15000
G1 X599.257 Y714.85 Z170
G1 Z169
G1 E17 F9000
G1 F2779.614
G1 X610.769 Y714.85 E49.70059
G1 X714.85 Y610.769 E635.45139
G1 X714.85 Y599.257 E49.70059
;WIPE_START
G1 F600
G1 X714.85 Y606.257 E-10
;WIPE_END
G1 Z170 F15000
G1 X563.553 Y714.85 Z170
G1 Z169
G1 E17 F9000
G1 F2779.614
G1 X552.04 Y714.85 E49.70059
G1 X285.15 Y447.96 E1629.46316
G1 X285.15 Y436.447 E49.70059
;WIPE_START
G1 F600
G1 X285.15 Y443.447 E-10
;WIPE_END
G1 Z170 F15000
G1 X400.743 Y714.85 Z170
G1 Z169
G1 E17 F9000
G1 F2779.614
G1 X389.231 Y714.85 E49.70059
G1 X285.15 Y610.769 E635.45139
G1 X285.15 Y599.257 E49.70059
; stop printing object Cube id:0 copy 0
;LAYER_CHANGE
;Z:170.5
;HEIGHT:1.5
;BEFORE_LAYER_CHANGE
;170.5
G92 E0

EXCLUDE_OBJECT_END NAME=Cube_id_0_copy_0
;AFTER_LAYER_CHANGE
;170.5
;_SET_FAN_SPEED_CHANGING_LAYER
; printing object Cube id:0 copy 0
;WIPE_START
G1 F600
G1 X285.15 Y606.257 E-10
;WIPE_END
EXCLUDE_OBJECT_START NAME=Cube_id_0_copy_0
G1 Z171.5 F15000
G1 X282.703 Y717.297 Z171.5
G1 Z170.5
G1 E17 F9000
;TYPE:Outer wall
;WIDTH:3.2
G1 F2779.615
G1 X282.703 Y282.703 E1876.19945
G1 X717.297 Y282.703 E1876.19945
M73 P43 R438
G1 X717.297 Y717.297 E1876.19945
M73 P43 R437
G1 X283.003 Y717.297 E1874.90431
;WIPE_START
G1 F600
G1 X282.999 Y710.297 E-10
;WIPE_END
G1 Z171.5 F15000
G1 X285.15 Y599.257 Z171.5
G1 Z170.5
G1 E17 F9000
;TYPE:Sparse infill
;WIDTH:3.2
G1 F2779.614
G1 X285.15 Y610.769 E49.70059
G1 X389.231 Y714.85 E635.45139
G1 X400.743 Y714.85 E49.70059
;WIPE_START
G1 F600
G1 X393.743 Y714.85 E-10
;WIPE_END
G1 Z171.5 F15000
G1 X285.15 Y436.447 Z171.5
G1 Z170.5
G1 E17 F9000
G1 F2779.614
G1 X285.15 Y447.96 E49.70059
G1 X552.04 Y714.85 E1629.46316
G1 X563.553 Y714.85 E49.70059
;WIPE_START
G1 F600
G1 X556.553 Y714.85 E-10
;WIPE_END
G1 Z171.5 F15000
G1 X714.85 Y599.257 Z171.5
G1 Z170.5
G1 E17 F9000
G1 F2779.614
G1 X714.85 Y610.769 E49.70059
G1 X610.769 Y714.85 E635.45139
G1 X599.257 Y714.85 E49.70059
;WIPE_START
G1 F600
G1 X606.257 Y714.85 E-10
;WIPE_END
G1 Z171.5 F15000
G1 X714.85 Y436.447 Z171.5
G1 Z170.5
G1 E17 F9000
G1 F2779.614
G1 X714.85 Y447.96 E49.70059
G1 X447.959 Y714.85 E1629.46317
G1 X436.447 Y714.85 E49.70059
M73 P43 R436
;WIPE_START
G1 F600
G1 X443.447 Y714.85 E-10
;WIPE_END
G1 Z171.5 F15000
G1 X436.447 Y285.15 Z171.5
G1 Z170.5
G1 E17 F9000
G1 F2779.614
G1 X447.96 Y285.15 E49.70059
G1 X714.85 Y552.04 E1629.46316
G1 X714.85 Y563.553 E49.70059
;WIPE_START
G1 F600
G1 X714.85 Y556.553 E-10
;WIPE_END
G1 Z171.5 F15000
G1 X703.338 Y285.15 Z171.5
G1 Z170.5
G1 E17 F9000
G1 F2779.614
G1 X714.85 Y285.15 E49.70028
G1 X285.15 Y714.85 E2623.47449
G1 X296.662 Y714.85 E49.70028
;WIPE_START
G1 F600
G1 X289.662 Y714.85 E-10
;WIPE_END
G1 Z171.5 F15000
G1 X296.662 Y285.15 Z171.5
G1 Z170.5
G1 E17 F9000
G1 F2779.614
G1 X285.15 Y285.15 E49.70059
G1 X714.85 Y714.85 E2623.47492
G1 X703.338 Y714.85 E49.70059
;WIPE_START
G1 F600
G1 X710.338 Y714.85 E-10
;WIPE_END
G1 Z171.5 F15000
G1 X599.257 Y285.15 Z171.5
G1 Z170.5
G1 E17 F9000
G1 F2779.614
G1 X610.769 Y285.15 E49.70059
G1 X714.85 Y389.231 E635.45139
G1 X714.85 Y400.743 E49.70059
;WIPE_START
G1 F600
G1 X714.85 Y393.743 E-10
;WIPE_END
G1 Z171.5 F15000
G1 X563.553 Y285.15 Z171.5
G1 Z170.5
G1 E17 F9000
G1 F2779.614
G1 X552.041 Y285.15 E49.70059
G1 X285.15 Y552.04 E1629.46316
G1 X285.15 Y563.553 E49.70059
M73 P43 R435
;WIPE_START
G1 F600
G1 X285.15 Y556.553 E-10
;WIPE_END
G1 Z171.5 F15000
G1 X400.743 Y285.15 Z171.5
G1 Z170.5
G1 E17 F9000
G1 F2779.614
G1 X389.231 Y285.15 E49.70059
G1 X285.15 Y389.231 E635.45138
G1 X285.15 Y400.743 E49.70059
; stop printing object Cube id:0 copy 0
;LAYER_CHANGE
;Z:172
;HEIGHT:1.5
;BEFORE_LAYER_CHANGE
;172
G92 E0

EXCLUDE_OBJECT_END NAME=Cube_id_0_copy_0
;AFTER_LAYER_CHANGE
;172
;_SET_FAN_SPEED_CHANGING_LAYER
; printing object Cube id:0 copy 0
;WIPE_START
G1 F600
G1 X285.15 Y393.743 E-10
;WIPE_END
EXCLUDE_OBJECT_START NAME=Cube_id_0_copy_0
G1 Z173 F15000
G1 X282.703 Y282.703 Z173
G1 Z172
G1 E17 F9000
;TYPE:Outer wall
;WIDTH:3.2
G1 F2779.615
G1 X717.297 Y282.703 E1876.19945
G1 X717.297 Y717.297 E1876.19945
G1 X282.703 Y717.297 E1876.19945
G1 X282.703 Y283.003 E1874.90431
;WIPE_START
G1 F600
G1 X289.703 Y282.999 E-10
;WIPE_END
G1 Z173 F15000
G1 X285.15 Y400.743 Z173
G1 Z172
G1 E17 F9000
;TYPE:Sparse infill
;WIDTH:3.2
G1 F2779.614
G1 X285.15 Y389.231 E49.70059
G1 X389.231 Y285.15 E635.45138
G1 X400.743 Y285.15 E49.70059
M73 P43 R434
;WIPE_START
G1 F600
G1 X393.743 Y285.15 E-10
;WIPE_END
G1 Z173 F15000
G1 X285.15 Y563.553 Z173
G1 Z172
G1 E17 F9000
G1 F2779.614
G1 X285.15 Y552.04 E49.70059
G1 X552.041 Y285.15 E1629.46316
G1 X563.553 Y285.15 E49.70059
;WIPE_START
G1 F600
G1 X556.553 Y285.15 E-10
;WIPE_END
G1 Z173 F15000
G1 X714.85 Y400.743 Z173
G1 Z172
G1 E17 F9000
G1 F2779.614
G1 X714.85 Y389.231 E49.70059
G1 X610.769 Y285.15 E635.45139
G1 X599.257 Y285.15 E49.70059
;WIPE_START
G1 F600
G1 X606.257 Y285.15 E-10
;WIPE_END
G1 Z173 F15000
G1 X714.85 Y563.553 Z173
G1 Z172
G1 E17 F9000
G1 F2779.614
G1 X714.85 Y552.04 E49.70059
G1 X447.96 Y285.15 E1629.46316
G1 X436.447 Y285.15 E49.70059
;WIPE_START
G1 F600
G1 X443.447 Y285.15 E-10
;WIPE_END
G1 Z173 F15000
G1 X436.447 Y714.85 Z173
G1 Z172
G1 E17 F9000
G1 F2779.614
G1 X447.959 Y714.85 E49.70059
G1 X714.85 Y447.96 E1629.46317
G1 X714.85 Y436.447 E49.70059
;WIPE_START
G1 F600
G1 X714.85 Y443.447 E-10
;WIPE_END
G1 Z173 F15000
G1 X703.338 Y714.85 Z173
G1 Z172
G1 E17 F9000
G1 F2779.614
G1 X714.85 Y714.85 E49.70059
G1 X285.15 Y285.15 E2623.47492
G1 X296.662 Y285.15 E49.70059
;WIPE_START
G1 F600
G1 X289.662 Y285.15 E-10
;WIPE_END
G1 Z173 F15000
M73 P43 R433
G1 X296.662 Y714.85 Z173
G1 Z172
G1 E17 F9000
G1 F2779.614
G1 X285.15 Y714.85 E49.70028
G1 X714.85 Y285.15 E2623.47449
G1 X703.338 Y285.15 E49.70028
;WIPE_START
G1 F600
G1 X710.338 Y285.15 E-10
;WIPE_END
G1 Z173 F15000
G1 X599.257 Y714.85 Z173
G1 Z172
G1 E17 F9000
G1 F2779.614
G1 X610.769 Y714.85 E49.70059
G1 X714.85 Y610.769 E635.45139
G1 X714.85 Y599.257 E49.70059
;WIPE_START
G1 F600
G1 X714.85 Y606.257 E-10
;WIPE_END
G1 Z173 F15000
G1 X563.553 Y714.85 Z173
G1 Z172
G1 E17 F9000
G1 F2779.614
G1 X552.04 Y714.85 E49.70059
G1 X285.15 Y447.96 E1629.46316
G1 X285.15 Y436.447 E49.70059
;WIPE_START
G1 F600
G1 X285.15 Y443.447 E-10
;WIPE_END
G1 Z173 F15000
G1 X400.743 Y714.85 Z173
G1 Z172
G1 E17 F9000
G1 F2779.614
G1 X389.231 Y714.85 E49.70059
G1 X285.15 Y610.769 E635.45139
G1 X285.15 Y599.257 E49.70059
; stop printing object Cube id:0 copy 0
;LAYER_CHANGE
;Z:173.5
;HEIGHT:1.5
;BEFORE_LAYER_CHANGE
;173.5
G92 E0

EXCLUDE_OBJECT_END NAME=Cube_id_0_copy_0
;AFTER_LAYER_CHANGE
;173.5
;_SET_FAN_SPEED_CHANGING_LAYER
; printing object Cube id:0 copy 0
;WIPE_START
G1 F600
G1 X285.15 Y606.257 E-10
;WIPE_END
EXCLUDE_OBJECT_START NAME=Cube_id_0_copy_0
G1 Z174.5 F15000
G1 X282.703 Y717.297 Z174.5
G1 Z173.5
G1 E17 F9000
;TYPE:Outer wall
;WIDTH:3.2
G1 F2779.615
G1 X282.703 Y282.703 E1876.19945
G1 X717.297 Y282.703 E1876.19945
G1 X717.297 Y717.297 E1876.19945
M73 P43 R432
G1 X283.003 Y717.297 E1874.90431
;WIPE_START
G1 F600
G1 X282.999 Y710.297 E-10
;WIPE_END
G1 Z174.5 F15000
G1 X285.15 Y599.257 Z174.5
G1 Z173.5
G1 E17 F9000
;TYPE:Sparse infill
;WIDTH:3.2
G1 F2779.614
G1 X285.15 Y610.769 E49.70059
G1 X389.231 Y714.85 E635.45139
G1 X400.743 Y714.85 E49.70059
;WIPE_START
G1 F600
G1 X393.743 Y714.85 E-10
;WIPE_END
G1 Z174.5 F15000
G1 X285.15 Y436.447 Z174.5
G1 Z173.5
G1 E17 F9000
G1 F2779.614
G1 X285.15 Y447.96 E49.70059
G1 X552.04 Y714.85 E1629.46316
G1 X563.553 Y714.85 E49.70059
;WIPE_START
G1 F600
G1 X556.553 Y714.85 E-10
;WIPE_END
G1 Z174.5 F15000
G1 X714.85 Y599.257 Z174.5
G1 Z173.5
G1 E17 F9000
G1 F2779.614
G1 X714.85 Y610.769 E49.70059
G1 X610.769 Y714.85 E635.45139
G1 X599.257 Y714.85 E49.70059
;WIPE_START
G1 F600
G1 X606.257 Y714.85 E-10
;WIPE_END
G1 Z174.5 F15000
G1 X714.85 Y436.447 Z174.5
G1 Z173.5
G1 E17 F9000
G1 F2779.614
G1 X714.85 Y447.96 E49.70059
G1 X447.959 Y714.85 E1629.46317
G1 X436.447 Y714.85 E49.70059
;WIPE_START
G1 F600
G1 X443.447 Y714.85 E-10
;WIPE_END
G1 Z174.5 F15000
G1 X436.447 Y285.15 Z174.5
G1 Z173.5
M73 P43 R431
G1 E17 F9000
G1 F2779.614
G1 X447.96 Y285.15 E49.70059
G1 X714.85 Y552.04 E1629.46316
G1 X714.85 Y563.553 E49.70059
;WIPE_START
G1 F600
G1 X714.85 Y556.553 E-10
;WIPE_END
G1 Z174.5 F15000
G1 X703.338 Y285.15 Z174.5
G1 Z173.5
G1 E17 F9000
G1 F2779.614
G1 X714.85 Y285.15 E49.70028
G1 X285.15 Y714.85 E2623.47449
G1 X296.662 Y714.85 E49.70028
;WIPE_START
G1 F600
G1 X289.662 Y714.85 E-10
;WIPE_END
G1 Z174.5 F15000
G1 X296.662 Y285.15 Z174.5
G1 Z173.5
G1 E17 F9000
G1 F2779.614
G1 X285.15 Y285.15 E49.70059
G1 X714.85 Y714.85 E2623.47492
G1 X703.338 Y714.85 E49.70059
;WIPE_START
G1 F600
G1 X710.338 Y714.85 E-10
;WIPE_END
G1 Z174.5 F15000
G1 X599.257 Y285.15 Z174.5
G1 Z173.5
G1 E17 F9000
G1 F2779.614
G1 X610.769 Y285.15 E49.70059
G1 X714.85 Y389.231 E635.45139
G1 X714.85 Y400.743 E49.70059
;WIPE_START
G1 F600
G1 X714.85 Y393.743 E-10
;WIPE_END
G1 Z174.5 F15000
G1 X563.553 Y285.15 Z174.5
G1 Z173.5
G1 E17 F9000
G1 F2779.614
G1 X552.041 Y285.15 E49.70059
G1 X285.15 Y552.04 E1629.46316
G1 X285.15 Y563.553 E49.70059
M73 P43 R430
;WIPE_START
G1 F600
G1 X285.15 Y556.553 E-10
;WIPE_END
G1 Z174.5 F15000
G1 X400.743 Y285.15 Z174.5
G1 Z173.5
G1 E17 F9000
G1 F2779.614
G1 X389.231 Y285.15 E49.70059
G1 X285.15 Y389.231 E635.45138
G1 X285.15 Y400.743 E49.70059
; stop printing object Cube id:0 copy 0
;LAYER_CHANGE
;Z:175
;HEIGHT:1.5
;BEFORE_LAYER_CHANGE
;175
G92 E0

EXCLUDE_OBJECT_END NAME=Cube_id_0_copy_0
;AFTER_LAYER_CHANGE
;175
;_SET_FAN_SPEED_CHANGING_LAYER
; printing object Cube id:0 copy 0
;WIPE_START
G1 F600
G1 X285.15 Y393.743 E-10
;WIPE_END
EXCLUDE_OBJECT_START NAME=Cube_id_0_copy_0
G1 Z176 F15000
G1 X282.703 Y282.703 Z176
G1 Z175
G1 E17 F9000
;TYPE:Outer wall
;WIDTH:3.2
G1 F2779.615
G1 X717.297 Y282.703 E1876.19945
G1 X717.297 Y717.297 E1876.19945
G1 X282.703 Y717.297 E1876.19945
G1 X282.703 Y283.003 E1874.90431
M73 P44 R430
;WIPE_START
G1 F600
G1 X289.703 Y282.999 E-10
;WIPE_END
G1 Z176 F15000
G1 X285.15 Y400.743 Z176
G1 Z175
G1 E17 F9000
;TYPE:Sparse infill
;WIDTH:3.2
G1 F2779.614
G1 X285.15 Y389.231 E49.70059
G1 X389.231 Y285.15 E635.45138
G1 X400.743 Y285.15 E49.70059
;WIPE_START
G1 F600
G1 X393.743 Y285.15 E-10
;WIPE_END
G1 Z176 F15000
G1 X285.15 Y563.553 Z176
G1 Z175
G1 E17 F9000
G1 F2779.614
G1 X285.15 Y552.04 E49.70059
G1 X552.041 Y285.15 E1629.46316
G1 X563.553 Y285.15 E49.70059
M73 P44 R429
;WIPE_START
G1 F600
G1 X556.553 Y285.15 E-10
;WIPE_END
G1 Z176 F15000
G1 X714.85 Y400.743 Z176
G1 Z175
G1 E17 F9000
G1 F2779.614
G1 X714.85 Y389.231 E49.70059
G1 X610.769 Y285.15 E635.45139
G1 X599.257 Y285.15 E49.70059
;WIPE_START
G1 F600
G1 X606.257 Y285.15 E-10
;WIPE_END
G1 Z176 F15000
G1 X714.85 Y563.553 Z176
G1 Z175
G1 E17 F9000
G1 F2779.614
G1 X714.85 Y552.04 E49.70059
G1 X447.96 Y285.15 E1629.46316
G1 X436.447 Y285.15 E49.70059
;WIPE_START
G1 F600
G1 X443.447 Y285.15 E-10
;WIPE_END
G1 Z176 F15000
G1 X436.447 Y714.85 Z176
G1 Z175
G1 E17 F9000
G1 F2779.614
G1 X447.959 Y714.85 E49.70059
G1 X714.85 Y447.96 E1629.46317
G1 X714.85 Y436.447 E49.70059
;WIPE_START
G1 F600
G1 X714.85 Y443.447 E-10
;WIPE_END
G1 Z176 F15000
G1 X703.338 Y714.85 Z176
G1 Z175
G1 E17 F9000
G1 F2779.614
G1 X714.85 Y714.85 E49.70059
G1 X285.15 Y285.15 E2623.47492
G1 X296.662 Y285.15 E49.70059
;WIPE_START
G1 F600
G1 X289.662 Y285.15 E-10
;WIPE_END
G1 Z176 F15000
G1 X296.662 Y714.85 Z176
G1 Z175
G1 E17 F9000
G1 F2779.614
G1 X285.15 Y714.85 E49.70028
G1 X714.85 Y285.15 E2623.47449
G1 X703.338 Y285.15 E49.70028
M73 P44 R428
;WIPE_START
G1 F600
G1 X710.338 Y285.15 E-10
;WIPE_END
G1 Z176 F15000
G1 X599.257 Y714.85 Z176
G1 Z175
G1 E17 F9000
G1 F2779.614
G1 X610.769 Y714.85 E49.70059
G1 X714.85 Y610.769 E635.45139
G1 X714.85 Y599.257 E49.70059
;WIPE_START
G1 F600
G1 X714.85 Y606.257 E-10
;WIPE_END
G1 Z176 F15000
G1 X563.553 Y714.85 Z176
G1 Z175
G1 E17 F9000
G1 F2779.614
G1 X552.04 Y714.85 E49.70059
G1 X285.15 Y447.96 E1629.46316
G1 X285.15 Y436.447 E49.70059
;WIPE_START
G1 F600
G1 X285.15 Y443.447 E-10
;WIPE_END
G1 Z176 F15000
G1 X400.743 Y714.85 Z176
G1 Z175
G1 E17 F9000
G1 F2779.614
G1 X389.231 Y714.85 E49.70059
G1 X285.15 Y610.769 E635.45139
G1 X285.15 Y599.257 E49.70059
; stop printing object Cube id:0 copy 0
;LAYER_CHANGE
;Z:176.5
;HEIGHT:1.5
;BEFORE_LAYER_CHANGE
;176.5
G92 E0

EXCLUDE_OBJECT_END NAME=Cube_id_0_copy_0
;AFTER_LAYER_CHANGE
;176.5
;_SET_FAN_SPEED_CHANGING_LAYER
; printing object Cube id:0 copy 0
;WIPE_START
G1 F600
G1 X285.15 Y606.257 E-10
;WIPE_END
EXCLUDE_OBJECT_START NAME=Cube_id_0_copy_0
G1 Z177.5 F15000
G1 X282.703 Y717.297 Z177.5
G1 Z176.5
G1 E17 F9000
;TYPE:Outer wall
;WIDTH:3.2
G1 F2779.615
G1 X282.703 Y282.703 E1876.19945
G1 X717.297 Y282.703 E1876.19945
G1 X717.297 Y717.297 E1876.19945
G1 X283.003 Y717.297 E1874.90431
M73 P44 R427
;WIPE_START
G1 F600
G1 X282.999 Y710.297 E-10
;WIPE_END
G1 Z177.5 F15000
G1 X285.15 Y599.257 Z177.5
G1 Z176.5
G1 E17 F9000
;TYPE:Sparse infill
;WIDTH:3.2
G1 F2779.614
G1 X285.15 Y610.769 E49.70059
G1 X389.231 Y714.85 E635.45139
G1 X400.743 Y714.85 E49.70059
;WIPE_START
G1 F600
G1 X393.743 Y714.85 E-10
;WIPE_END
G1 Z177.5 F15000
G1 X285.15 Y436.447 Z177.5
G1 Z176.5
G1 E17 F9000
G1 F2779.614
G1 X285.15 Y447.96 E49.70059
G1 X552.04 Y714.85 E1629.46316
G1 X563.553 Y714.85 E49.70059
;WIPE_START
G1 F600
G1 X556.553 Y714.85 E-10
;WIPE_END
G1 Z177.5 F15000
G1 X714.85 Y599.257 Z177.5
G1 Z176.5
G1 E17 F9000
G1 F2779.614
G1 X714.85 Y610.769 E49.70059
G1 X610.769 Y714.85 E635.45139
G1 X599.257 Y714.85 E49.70059
;WIPE_START
G1 F600
G1 X606.257 Y714.85 E-10
;WIPE_END
G1 Z177.5 F15000
G1 X714.85 Y436.447 Z177.5
G1 Z176.5
G1 E17 F9000
G1 F2779.614
G1 X714.85 Y447.96 E49.70059
G1 X447.959 Y714.85 E1629.46317
G1 X436.447 Y714.85 E49.70059
;WIPE_START
G1 F600
G1 X443.447 Y714.85 E-10
;WIPE_END
G1 Z177.5 F15000
G1 X436.447 Y285.15 Z177.5
G1 Z176.5
G1 E17 F9000
G1 F2779.614
G1 X447.96 Y285.15 E49.70059
G1 X714.85 Y552.04 E1629.46316
G1 X714.85 Y563.553 E49.70059
M73 P44 R426
;WIPE_START
G1 F600
G1 X714.85 Y556.553 E-10
;WIPE_END
G1 Z177.5 F15000
G1 X703.338 Y285.15 Z177.5
G1 Z176.5
G1 E17 F9000
G1 F2779.614
G1 X714.85 Y285.15 E49.70028
G1 X285.15 Y714.85 E2623.47449
G1 X296.662 Y714.85 E49.70028
;WIPE_START
G1 F600
G1 X289.662 Y714.85 E-10
;WIPE_END
G1 Z177.5 F15000
G1 X296.662 Y285.15 Z177.5
G1 Z176.5
G1 E17 F9000
G1 F2779.614
G1 X285.15 Y285.15 E49.70059
G1 X714.85 Y714.85 E2623.47492
G1 X703.338 Y714.85 E49.70059
;WIPE_START
G1 F600
G1 X710.338 Y714.85 E-10
;WIPE_END
G1 Z177.5 F15000
G1 X599.257 Y285.15 Z177.5
G1 Z176.5
G1 E17 F9000
G1 F2779.614
G1 X610.769 Y285.15 E49.70059
G1 X714.85 Y389.231 E635.45139
G1 X714.85 Y400.743 E49.70059
;WIPE_START
G1 F600
G1 X714.85 Y393.743 E-10
;WIPE_END
G1 Z177.5 F15000
G1 X563.553 Y285.15 Z177.5
G1 Z176.5
G1 E17 F9000
G1 F2779.614
G1 X552.041 Y285.15 E49.70059
G1 X285.15 Y552.04 E1629.46316
G1 X285.15 Y563.553 E49.70059
;WIPE_START
G1 F600
G1 X285.15 Y556.553 E-10
;WIPE_END
G1 Z177.5 F15000
G1 X400.743 Y285.15 Z177.5
G1 Z176.5
G1 E17 F9000
G1 F2779.614
G1 X389.231 Y285.15 E49.70059
G1 X285.15 Y389.231 E635.45138
G1 X285.15 Y400.743 E49.70059
M73 P44 R425
; stop printing object Cube id:0 copy 0
;LAYER_CHANGE
;Z:178
;HEIGHT:1.5
;BEFORE_LAYER_CHANGE
;178
G92 E0

EXCLUDE_OBJECT_END NAME=Cube_id_0_copy_0
;AFTER_LAYER_CHANGE
;178
;_SET_FAN_SPEED_CHANGING_LAYER
; printing object Cube id:0 copy 0
;WIPE_START
G1 F600
G1 X285.15 Y393.743 E-10
;WIPE_END
EXCLUDE_OBJECT_START NAME=Cube_id_0_copy_0
G1 Z179 F15000
G1 X282.703 Y282.703 Z179
G1 Z178
G1 E17 F9000
;TYPE:Outer wall
;WIDTH:3.2
G1 F2779.615
G1 X717.297 Y282.703 E1876.19945
G1 X717.297 Y717.297 E1876.19945
G1 X282.703 Y717.297 E1876.19945
G1 X282.703 Y283.003 E1874.90431
;WIPE_START
G1 F600
G1 X289.703 Y282.999 E-10
;WIPE_END
G1 Z179 F15000
G1 X285.15 Y400.743 Z179
G1 Z178
G1 E17 F9000
;TYPE:Sparse infill
;WIDTH:3.2
G1 F2779.614
G1 X285.15 Y389.231 E49.70059
G1 X389.231 Y285.15 E635.45138
G1 X400.743 Y285.15 E49.70059
;WIPE_START
G1 F600
G1 X393.743 Y285.15 E-10
;WIPE_END
G1 Z179 F15000
G1 X285.15 Y563.553 Z179
G1 Z178
G1 E17 F9000
G1 F2779.614
G1 X285.15 Y552.04 E49.70059
G1 X552.041 Y285.15 E1629.46316
G1 X563.553 Y285.15 E49.70059
;WIPE_START
G1 F600
M73 P44 R424
G1 X556.553 Y285.15 E-10
;WIPE_END
G1 Z179 F15000
G1 X714.85 Y400.743 Z179
G1 Z178
G1 E17 F9000
G1 F2779.614
G1 X714.85 Y389.231 E49.70059
G1 X610.769 Y285.15 E635.45139
G1 X599.257 Y285.15 E49.70059
;WIPE_START
G1 F600
G1 X606.257 Y285.15 E-10
;WIPE_END
G1 Z179 F15000
G1 X714.85 Y563.553 Z179
G1 Z178
G1 E17 F9000
G1 F2779.614
G1 X714.85 Y552.04 E49.70059
G1 X447.96 Y285.15 E1629.46316
G1 X436.447 Y285.15 E49.70059
;WIPE_START
G1 F600
G1 X443.447 Y285.15 E-10
;WIPE_END
G1 Z179 F15000
G1 X436.447 Y714.85 Z179
G1 Z178
G1 E17 F9000
G1 F2779.614
G1 X447.959 Y714.85 E49.70059
G1 X714.85 Y447.96 E1629.46317
G1 X714.85 Y436.447 E49.70059
;WIPE_START
G1 F600
G1 X714.85 Y443.447 E-10
;WIPE_END
G1 Z179 F15000
G1 X703.338 Y714.85 Z179
G1 Z178
G1 E17 F9000
G1 F2779.614
G1 X714.85 Y714.85 E49.70059
G1 X285.15 Y285.15 E2623.47492
G1 X296.662 Y285.15 E49.70059
;WIPE_START
G1 F600
G1 X289.662 Y285.15 E-10
;WIPE_END
G1 Z179 F15000
G1 X296.662 Y714.85 Z179
G1 Z178
G1 E17 F9000
G1 F2779.614
G1 X285.15 Y714.85 E49.70028
G1 X714.85 Y285.15 E2623.47449
G1 X703.338 Y285.15 E49.70028
M73 P44 R423
;WIPE_START
G1 F600
G1 X710.338 Y285.15 E-10
;WIPE_END
G1 Z179 F15000
G1 X599.257 Y714.85 Z179
G1 Z178
G1 E17 F9000
G1 F2779.614
G1 X610.769 Y714.85 E49.70059
G1 X714.85 Y610.769 E635.45139
G1 X714.85 Y599.257 E49.70059
;WIPE_START
G1 F600
G1 X714.85 Y606.257 E-10
;WIPE_END
G1 Z179 F15000
G1 X563.553 Y714.85 Z179
G1 Z178
G1 E17 F9000
G1 F2779.614
G1 X552.04 Y714.85 E49.70059
G1 X285.15 Y447.96 E1629.46316
G1 X285.15 Y436.447 E49.70059
;WIPE_START
G1 F600
G1 X285.15 Y443.447 E-10
;WIPE_END
G1 Z179 F15000
G1 X400.743 Y714.85 Z179
G1 Z178
G1 E17 F9000
G1 F2779.614
G1 X389.231 Y714.85 E49.70059
G1 X285.15 Y610.769 E635.45139
G1 X285.15 Y599.257 E49.70059
; stop printing object Cube id:0 copy 0
;LAYER_CHANGE
;Z:179.5
;HEIGHT:1.5
;BEFORE_LAYER_CHANGE
;179.5
G92 E0

EXCLUDE_OBJECT_END NAME=Cube_id_0_copy_0
;AFTER_LAYER_CHANGE
;179.5
;_SET_FAN_SPEED_CHANGING_LAYER
; printing object Cube id:0 copy 0
;WIPE_START
G1 F600
G1 X285.15 Y606.257 E-10
;WIPE_END
EXCLUDE_OBJECT_START NAME=Cube_id_0_copy_0
G1 Z180.5 F15000
G1 X282.703 Y717.297 Z180.5
G1 Z179.5
G1 E17 F9000
;TYPE:Outer wall
;WIDTH:3.2
G1 F2779.615
G1 X282.703 Y282.703 E1876.19945
G1 X717.297 Y282.703 E1876.19945
G1 X717.297 Y717.297 E1876.19945
G1 X283.003 Y717.297 E1874.90431
M73 P44 R422
;WIPE_START
G1 F600
G1 X282.999 Y710.297 E-10
;WIPE_END
G1 Z180.5 F15000
G1 X285.15 Y599.257 Z180.5
G1 Z179.5
G1 E17 F9000
;TYPE:Sparse infill
;WIDTH:3.2
G1 F2779.614
G1 X285.15 Y610.769 E49.70059
G1 X389.231 Y714.85 E635.45139
G1 X400.743 Y714.85 E49.70059
;WIPE_START
G1 F600
G1 X393.743 Y714.85 E-10
;WIPE_END
G1 Z180.5 F15000
G1 X285.15 Y436.447 Z180.5
G1 Z179.5
G1 E17 F9000
G1 F2779.614
G1 X285.15 Y447.96 E49.70059
G1 X552.04 Y714.85 E1629.46316
G1 X563.553 Y714.85 E49.70059
M73 P45 R422
;WIPE_START
G1 F600
G1 X556.553 Y714.85 E-10
;WIPE_END
G1 Z180.5 F15000
G1 X714.85 Y599.257 Z180.5
G1 Z179.5
G1 E17 F9000
G1 F2779.614
G1 X714.85 Y610.769 E49.70059
G1 X610.769 Y714.85 E635.45139
G1 X599.257 Y714.85 E49.70059
;WIPE_START
G1 F600
G1 X606.257 Y714.85 E-10
;WIPE_END
G1 Z180.5 F15000
G1 X714.85 Y436.447 Z180.5
G1 Z179.5
G1 E17 F9000
G1 F2779.614
G1 X714.85 Y447.96 E49.70059
G1 X447.959 Y714.85 E1629.46317
G1 X436.447 Y714.85 E49.70059
;WIPE_START
G1 F600
G1 X443.447 Y714.85 E-10
;WIPE_END
G1 Z180.5 F15000
G1 X436.447 Y285.15 Z180.5
G1 Z179.5
G1 E17 F9000
G1 F2779.614
G1 X447.96 Y285.15 E49.70059
G1 X714.85 Y552.04 E1629.46316
G1 X714.85 Y563.553 E49.70059
;WIPE_START
G1 F600
G1 X714.85 Y556.553 E-10
;WIPE_END
G1 Z180.5 F15000
G1 X703.338 Y285.15 Z180.5
G1 Z179.5
G1 E17 F9000
G1 F2779.614
G1 X714.85 Y285.15 E49.70028
G1 X285.15 Y714.85 E2623.47449
M73 P45 R421
G1 X296.662 Y714.85 E49.70028
;WIPE_START
G1 F600
G1 X289.662 Y714.85 E-10
;WIPE_END
G1 Z180.5 F15000
G1 X296.662 Y285.15 Z180.5
G1 Z179.5
G1 E17 F9000
G1 F2779.614
G1 X285.15 Y285.15 E49.70059
G1 X714.85 Y714.85 E2623.47492
G1 X703.338 Y714.85 E49.70059
;WIPE_START
G1 F600
G1 X710.338 Y714.85 E-10
;WIPE_END
G1 Z180.5 F15000
G1 X599.257 Y285.15 Z180.5
G1 Z179.5
G1 E17 F9000
G1 F2779.614
G1 X610.769 Y285.15 E49.70059
G1 X714.85 Y389.231 E635.45139
G1 X714.85 Y400.743 E49.70059
;WIPE_START
G1 F600
G1 X714.85 Y393.743 E-10
;WIPE_END
G1 Z180.5 F15000
G1 X563.553 Y285.15 Z180.5
G1 Z179.5
G1 E17 F9000
G1 F2779.614
G1 X552.041 Y285.15 E49.70059
G1 X285.15 Y552.04 E1629.46316
G1 X285.15 Y563.553 E49.70059
;WIPE_START
G1 F600
G1 X285.15 Y556.553 E-10
;WIPE_END
G1 Z180.5 F15000
G1 X400.743 Y285.15 Z180.5
G1 Z179.5
G1 E17 F9000
G1 F2779.614
G1 X389.231 Y285.15 E49.70059
G1 X285.15 Y389.231 E635.45138
G1 X285.15 Y400.743 E49.70059
; stop printing object Cube id:0 copy 0
;LAYER_CHANGE
;Z:181
;HEIGHT:1.5
;BEFORE_LAYER_CHANGE
;181
G92 E0

EXCLUDE_OBJECT_END NAME=Cube_id_0_copy_0
;AFTER_LAYER_CHANGE
;181
;_SET_FAN_SPEED_CHANGING_LAYER
; printing object Cube id:0 copy 0
;WIPE_START
G1 F600
G1 X285.15 Y393.743 E-10
;WIPE_END
EXCLUDE_OBJECT_START NAME=Cube_id_0_copy_0
G1 Z182 F15000
G1 X282.703 Y282.703 Z182
G1 Z181
G1 E17 F9000
;TYPE:Outer wall
;WIDTH:3.2
G1 F2779.615
G1 X717.297 Y282.703 E1876.19945
G1 X717.297 Y717.297 E1876.19945
M73 P45 R420
G1 X282.703 Y717.297 E1876.19945
G1 X282.703 Y283.003 E1874.90431
;WIPE_START
G1 F600
G1 X289.703 Y282.999 E-10
;WIPE_END
G1 Z182 F15000
G1 X285.15 Y400.743 Z182
G1 Z181
G1 E17 F9000
;TYPE:Sparse infill
;WIDTH:3.2
G1 F2779.614
G1 X285.15 Y389.231 E49.70059
G1 X389.231 Y285.15 E635.45138
G1 X400.743 Y285.15 E49.70059
;WIPE_START
G1 F600
G1 X393.743 Y285.15 E-10
;WIPE_END
G1 Z182 F15000
G1 X285.15 Y563.553 Z182
G1 Z181
G1 E17 F9000
G1 F2779.614
G1 X285.15 Y552.04 E49.70059
G1 X552.041 Y285.15 E1629.46316
G1 X563.553 Y285.15 E49.70059
;WIPE_START
G1 F600
G1 X556.553 Y285.15 E-10
;WIPE_END
G1 Z182 F15000
G1 X714.85 Y400.743 Z182
G1 Z181
G1 E17 F9000
G1 F2779.614
G1 X714.85 Y389.231 E49.70059
G1 X610.769 Y285.15 E635.45139
G1 X599.257 Y285.15 E49.70059
;WIPE_START
G1 F600
M73 P45 R419
G1 X606.257 Y285.15 E-10
;WIPE_END
G1 Z182 F15000
G1 X714.85 Y563.553 Z182
G1 Z181
G1 E17 F9000
G1 F2779.614
G1 X714.85 Y552.04 E49.70059
G1 X447.96 Y285.15 E1629.46316
G1 X436.447 Y285.15 E49.70059
;WIPE_START
G1 F600
G1 X443.447 Y285.15 E-10
;WIPE_END
G1 Z182 F15000
G1 X436.447 Y714.85 Z182
G1 Z181
G1 E17 F9000
G1 F2779.614
G1 X447.959 Y714.85 E49.70059
G1 X714.85 Y447.96 E1629.46317
G1 X714.85 Y436.447 E49.70059
;WIPE_START
G1 F600
G1 X714.85 Y443.447 E-10
;WIPE_END
G1 Z182 F15000
G1 X703.338 Y714.85 Z182
G1 Z181
G1 E17 F9000
G1 F2779.614
G1 X714.85 Y714.85 E49.70059
G1 X285.15 Y285.15 E2623.47492
G1 X296.662 Y285.15 E49.70059
;WIPE_START
G1 F600
G1 X289.662 Y285.15 E-10
;WIPE_END
G1 Z182 F15000
G1 X296.662 Y714.85 Z182
G1 Z181
G1 E17 F9000
G1 F2779.614
G1 X285.15 Y714.85 E49.70028
G1 X714.85 Y285.15 E2623.47449
G1 X703.338 Y285.15 E49.70028
;WIPE_START
G1 F600
G1 X710.338 Y285.15 E-10
;WIPE_END
G1 Z182 F15000
G1 X599.257 Y714.85 Z182
G1 Z181
M73 P45 R418
G1 E17 F9000
G1 F2779.614
G1 X610.769 Y714.85 E49.70059
G1 X714.85 Y610.769 E635.45139
G1 X714.85 Y599.257 E49.70059
;WIPE_START
G1 F600
G1 X714.85 Y606.257 E-10
;WIPE_END
G1 Z182 F15000
G1 X563.553 Y714.85 Z182
G1 Z181
G1 E17 F9000
G1 F2779.614
G1 X552.04 Y714.85 E49.70059
G1 X285.15 Y447.96 E1629.46316
G1 X285.15 Y436.447 E49.70059
;WIPE_START
G1 F600
G1 X285.15 Y443.447 E-10
;WIPE_END
G1 Z182 F15000
G1 X400.743 Y714.85 Z182
G1 Z181
G1 E17 F9000
G1 F2779.614
G1 X389.231 Y714.85 E49.70059
G1 X285.15 Y610.769 E635.45139
G1 X285.15 Y599.257 E49.70059
; stop printing object Cube id:0 copy 0
;LAYER_CHANGE
;Z:182.5
;HEIGHT:1.5
;BEFORE_LAYER_CHANGE
;182.5
G92 E0

EXCLUDE_OBJECT_END NAME=Cube_id_0_copy_0
;AFTER_LAYER_CHANGE
;182.5
;_SET_FAN_SPEED_CHANGING_LAYER
; printing object Cube id:0 copy 0
;WIPE_START
G1 F600
G1 X285.15 Y606.257 E-10
;WIPE_END
EXCLUDE_OBJECT_START NAME=Cube_id_0_copy_0
G1 Z183.5 F15000
G1 X282.703 Y717.297 Z183.5
G1 Z182.5
G1 E17 F9000
;TYPE:Outer wall
;WIDTH:3.2
G1 F2779.615
G1 X282.703 Y282.703 E1876.19945
G1 X717.297 Y282.703 E1876.19945
G1 X717.297 Y717.297 E1876.19945
G1 X283.003 Y717.297 E1874.90431
;WIPE_START
G1 F600
M73 P45 R417
G1 X282.999 Y710.297 E-10
;WIPE_END
G1 Z183.5 F15000
G1 X285.15 Y599.257 Z183.5
G1 Z182.5
G1 E17 F9000
;TYPE:Sparse infill
;WIDTH:3.2
G1 F2779.614
G1 X285.15 Y610.769 E49.70059
G1 X389.231 Y714.85 E635.45139
G1 X400.743 Y714.85 E49.70059
;WIPE_START
G1 F600
G1 X393.743 Y714.85 E-10
;WIPE_END
G1 Z183.5 F15000
G1 X285.15 Y436.447 Z183.5
G1 Z182.5
G1 E17 F9000
G1 F2779.614
G1 X285.15 Y447.96 E49.70059
G1 X552.04 Y714.85 E1629.46316
G1 X563.553 Y714.85 E49.70059
;WIPE_START
G1 F600
G1 X556.553 Y714.85 E-10
;WIPE_END
G1 Z183.5 F15000
G1 X714.85 Y599.257 Z183.5
G1 Z182.5
G1 E17 F9000
G1 F2779.614
G1 X714.85 Y610.769 E49.70059
G1 X610.769 Y714.85 E635.45139
G1 X599.257 Y714.85 E49.70059
;WIPE_START
G1 F600
G1 X606.257 Y714.85 E-10
;WIPE_END
G1 Z183.5 F15000
G1 X714.85 Y436.447 Z183.5
G1 Z182.5
G1 E17 F9000
G1 F2779.614
G1 X714.85 Y447.96 E49.70059
G1 X447.959 Y714.85 E1629.46317
G1 X436.447 Y714.85 E49.70059
;WIPE_START
G1 F600
G1 X443.447 Y714.85 E-10
;WIPE_END
G1 Z183.5 F15000
G1 X436.447 Y285.15 Z183.5
G1 Z182.5
G1 E17 F9000
G1 F2779.614
G1 X447.96 Y285.15 E49.70059
G1 X714.85 Y552.04 E1629.46316
G1 X714.85 Y563.553 E49.70059
;WIPE_START
G1 F600
G1 X714.85 Y556.553 E-10
;WIPE_END
G1 Z183.5 F15000
G1 X703.338 Y285.15 Z183.5
G1 Z182.5
G1 E17 F9000
G1 F2779.614
G1 X714.85 Y285.15 E49.70028
G1 X285.15 Y714.85 E2623.47449
G1 X296.662 Y714.85 E49.70028
M73 P45 R416
;WIPE_START
G1 F600
G1 X289.662 Y714.85 E-10
;WIPE_END
G1 Z183.5 F15000
G1 X296.662 Y285.15 Z183.5
G1 Z182.5
G1 E17 F9000
G1 F2779.614
G1 X285.15 Y285.15 E49.70059
G1 X714.85 Y714.85 E2623.47492
G1 X703.338 Y714.85 E49.70059
;WIPE_START
G1 F600
G1 X710.338 Y714.85 E-10
;WIPE_END
G1 Z183.5 F15000
G1 X599.257 Y285.15 Z183.5
G1 Z182.5
G1 E17 F9000
G1 F2779.614
G1 X610.769 Y285.15 E49.70059
G1 X714.85 Y389.231 E635.45139
G1 X714.85 Y400.743 E49.70059
;WIPE_START
G1 F600
G1 X714.85 Y393.743 E-10
;WIPE_END
G1 Z183.5 F15000
G1 X563.553 Y285.15 Z183.5
G1 Z182.5
G1 E17 F9000
G1 F2779.614
G1 X552.041 Y285.15 E49.70059
G1 X285.15 Y552.04 E1629.46316
G1 X285.15 Y563.553 E49.70059
;WIPE_START
G1 F600
G1 X285.15 Y556.553 E-10
;WIPE_END
G1 Z183.5 F15000
G1 X400.743 Y285.15 Z183.5
G1 Z182.5
G1 E17 F9000
G1 F2779.614
G1 X389.231 Y285.15 E49.70059
G1 X285.15 Y389.231 E635.45138
G1 X285.15 Y400.743 E49.70059
; stop printing object Cube id:0 copy 0
;LAYER_CHANGE
;Z:184
;HEIGHT:1.5
;BEFORE_LAYER_CHANGE
;184
G92 E0

EXCLUDE_OBJECT_END NAME=Cube_id_0_copy_0
;AFTER_LAYER_CHANGE
;184
;_SET_FAN_SPEED_CHANGING_LAYER
; printing object Cube id:0 copy 0
;WIPE_START
G1 F600
G1 X285.15 Y393.743 E-10
;WIPE_END
EXCLUDE_OBJECT_START NAME=Cube_id_0_copy_0
G1 Z185 F15000
G1 X282.703 Y282.703 Z185
G1 Z184
G1 E17 F9000
;TYPE:Outer wall
;WIDTH:3.2
G1 F2779.615
G1 X717.297 Y282.703 E1876.19945
G1 X717.297 Y717.297 E1876.19945
M73 P45 R415
G1 X282.703 Y717.297 E1876.19945
G1 X282.703 Y283.003 E1874.90431
;WIPE_START
G1 F600
G1 X289.703 Y282.999 E-10
;WIPE_END
G1 Z185 F15000
G1 X285.15 Y400.743 Z185
G1 Z184
G1 E17 F9000
;TYPE:Sparse infill
;WIDTH:3.2
G1 F2779.614
G1 X285.15 Y389.231 E49.70059
G1 X389.231 Y285.15 E635.45138
G1 X400.743 Y285.15 E49.70059
;WIPE_START
G1 F600
G1 X393.743 Y285.15 E-10
;WIPE_END
G1 Z185 F15000
G1 X285.15 Y563.553 Z185
G1 Z184
G1 E17 F9000
G1 F2779.614
G1 X285.15 Y552.04 E49.70059
G1 X552.041 Y285.15 E1629.46316
G1 X563.553 Y285.15 E49.70059
;WIPE_START
G1 F600
G1 X556.553 Y285.15 E-10
;WIPE_END
G1 Z185 F15000
G1 X714.85 Y400.743 Z185
G1 Z184
G1 E17 F9000
G1 F2779.614
G1 X714.85 Y389.231 E49.70059
G1 X610.769 Y285.15 E635.45139
G1 X599.257 Y285.15 E49.70059
;WIPE_START
G1 F600
G1 X606.257 Y285.15 E-10
;WIPE_END
G1 Z185 F15000
G1 X714.85 Y563.553 Z185
G1 Z184
G1 E17 F9000
G1 F2779.614
G1 X714.85 Y552.04 E49.70059
G1 X447.96 Y285.15 E1629.46316
G1 X436.447 Y285.15 E49.70059
M73 P46 R414
;WIPE_START
G1 F600
G1 X443.447 Y285.15 E-10
;WIPE_END
G1 Z185 F15000
G1 X436.447 Y714.85 Z185
G1 Z184
G1 E17 F9000
G1 F2779.614
G1 X447.959 Y714.85 E49.70059
G1 X714.85 Y447.96 E1629.46317
G1 X714.85 Y436.447 E49.70059
;WIPE_START
G1 F600
G1 X714.85 Y443.447 E-10
;WIPE_END
G1 Z185 F15000
G1 X703.338 Y714.85 Z185
G1 Z184
G1 E17 F9000
G1 F2779.614
G1 X714.85 Y714.85 E49.70059
G1 X285.15 Y285.15 E2623.47492
G1 X296.662 Y285.15 E49.70059
;WIPE_START
G1 F600
G1 X289.662 Y285.15 E-10
;WIPE_END
G1 Z185 F15000
G1 X296.662 Y714.85 Z185
G1 Z184
G1 E17 F9000
G1 F2779.614
G1 X285.15 Y714.85 E49.70028
G1 X714.85 Y285.15 E2623.47449
G1 X703.338 Y285.15 E49.70028
;WIPE_START
G1 F600
G1 X710.338 Y285.15 E-10
;WIPE_END
G1 Z185 F15000
G1 X599.257 Y714.85 Z185
G1 Z184
G1 E17 F9000
G1 F2779.614
G1 X610.769 Y714.85 E49.70059
G1 X714.85 Y610.769 E635.45139
G1 X714.85 Y599.257 E49.70059
;WIPE_START
G1 F600
G1 X714.85 Y606.257 E-10
;WIPE_END
G1 Z185 F15000
G1 X563.553 Y714.85 Z185
G1 Z184
M73 P46 R413
G1 E17 F9000
G1 F2779.614
G1 X552.04 Y714.85 E49.70059
G1 X285.15 Y447.96 E1629.46316
G1 X285.15 Y436.447 E49.70059
;WIPE_START
G1 F600
G1 X285.15 Y443.447 E-10
;WIPE_END
G1 Z185 F15000
G1 X400.743 Y714.85 Z185
G1 Z184
G1 E17 F9000
G1 F2779.614
G1 X389.231 Y714.85 E49.70059
G1 X285.15 Y610.769 E635.45139
G1 X285.15 Y599.257 E49.70059
; stop printing object Cube id:0 copy 0
;LAYER_CHANGE
;Z:185.5
;HEIGHT:1.5
;BEFORE_LAYER_CHANGE
;185.5
G92 E0

EXCLUDE_OBJECT_END NAME=Cube_id_0_copy_0
;AFTER_LAYER_CHANGE
;185.5
;_SET_FAN_SPEED_CHANGING_LAYER
; printing object Cube id:0 copy 0
;WIPE_START
G1 F600
G1 X285.15 Y606.257 E-10
;WIPE_END
EXCLUDE_OBJECT_START NAME=Cube_id_0_copy_0
G1 Z186.5 F15000
G1 X282.703 Y717.297 Z186.5
G1 Z185.5
G1 E17 F9000
;TYPE:Outer wall
;WIDTH:3.2
G1 F2779.615
G1 X282.703 Y282.703 E1876.19945
G1 X717.297 Y282.703 E1876.19945
G1 X717.297 Y717.297 E1876.19945
G1 X283.003 Y717.297 E1874.90431
;WIPE_START
G1 F600
G1 X282.999 Y710.297 E-10
;WIPE_END
G1 Z186.5 F15000
G1 X285.15 Y599.257 Z186.5
G1 Z185.5
G1 E17 F9000
;TYPE:Sparse infill
;WIDTH:3.2
G1 F2779.614
G1 X285.15 Y610.769 E49.70059
G1 X389.231 Y714.85 E635.45139
G1 X400.743 Y714.85 E49.70059
M73 P46 R412
;WIPE_START
G1 F600
G1 X393.743 Y714.85 E-10
;WIPE_END
G1 Z186.5 F15000
G1 X285.15 Y436.447 Z186.5
G1 Z185.5
G1 E17 F9000
G1 F2779.614
G1 X285.15 Y447.96 E49.70059
G1 X552.04 Y714.85 E1629.46316
G1 X563.553 Y714.85 E49.70059
;WIPE_START
G1 F600
G1 X556.553 Y714.85 E-10
;WIPE_END
G1 Z186.5 F15000
G1 X714.85 Y599.257 Z186.5
G1 Z185.5
G1 E17 F9000
G1 F2779.614
G1 X714.85 Y610.769 E49.70059
G1 X610.769 Y714.85 E635.45139
G1 X599.257 Y714.85 E49.70059
;WIPE_START
G1 F600
G1 X606.257 Y714.85 E-10
;WIPE_END
G1 Z186.5 F15000
G1 X714.85 Y436.447 Z186.5
G1 Z185.5
G1 E17 F9000
G1 F2779.614
G1 X714.85 Y447.96 E49.70059
G1 X447.959 Y714.85 E1629.46317
G1 X436.447 Y714.85 E49.70059
;WIPE_START
G1 F600
G1 X443.447 Y714.85 E-10
;WIPE_END
G1 Z186.5 F15000
G1 X436.447 Y285.15 Z186.5
G1 Z185.5
G1 E17 F9000
G1 F2779.614
G1 X447.96 Y285.15 E49.70059
G1 X714.85 Y552.04 E1629.46316
G1 X714.85 Y563.553 E49.70059
;WIPE_START
G1 F600
G1 X714.85 Y556.553 E-10
;WIPE_END
G1 Z186.5 F15000
G1 X703.338 Y285.15 Z186.5
G1 Z185.5
G1 E17 F9000
G1 F2779.614
G1 X714.85 Y285.15 E49.70028
G1 X285.15 Y714.85 E2623.47449
G1 X296.662 Y714.85 E49.70028
M73 P46 R411
;WIPE_START
G1 F600
G1 X289.662 Y714.85 E-10
;WIPE_END
G1 Z186.5 F15000
G1 X296.662 Y285.15 Z186.5
G1 Z185.5
G1 E17 F9000
G1 F2779.614
G1 X285.15 Y285.15 E49.70059
G1 X714.85 Y714.85 E2623.47492
G1 X703.338 Y714.85 E49.70059
;WIPE_START
G1 F600
G1 X710.338 Y714.85 E-10
;WIPE_END
G1 Z186.5 F15000
G1 X599.257 Y285.15 Z186.5
G1 Z185.5
G1 E17 F9000
G1 F2779.614
G1 X610.769 Y285.15 E49.70059
G1 X714.85 Y389.231 E635.45139
G1 X714.85 Y400.743 E49.70059
;WIPE_START
G1 F600
G1 X714.85 Y393.743 E-10
;WIPE_END
G1 Z186.5 F15000
G1 X563.553 Y285.15 Z186.5
G1 Z185.5
G1 E17 F9000
G1 F2779.614
G1 X552.041 Y285.15 E49.70059
G1 X285.15 Y552.04 E1629.46316
G1 X285.15 Y563.553 E49.70059
;WIPE_START
G1 F600
G1 X285.15 Y556.553 E-10
;WIPE_END
G1 Z186.5 F15000
G1 X400.743 Y285.15 Z186.5
G1 Z185.5
G1 E17 F9000
G1 F2779.614
G1 X389.231 Y285.15 E49.70059
G1 X285.15 Y389.231 E635.45138
G1 X285.15 Y400.743 E49.70059
; stop printing object Cube id:0 copy 0
;LAYER_CHANGE
;Z:187
;HEIGHT:1.5
;BEFORE_LAYER_CHANGE
;187
G92 E0

EXCLUDE_OBJECT_END NAME=Cube_id_0_copy_0
;AFTER_LAYER_CHANGE
;187
;_SET_FAN_SPEED_CHANGING_LAYER
; printing object Cube id:0 copy 0
;WIPE_START
G1 F600
G1 X285.15 Y393.743 E-10
;WIPE_END
EXCLUDE_OBJECT_START NAME=Cube_id_0_copy_0
G1 Z188 F15000
G1 X282.703 Y282.703 Z188
G1 Z187
G1 E17 F9000
;TYPE:Outer wall
;WIDTH:3.2
G1 F2779.615
G1 X717.297 Y282.703 E1876.19945
G1 X717.297 Y717.297 E1876.19945
G1 X282.703 Y717.297 E1876.19945
M73 P46 R410
G1 X282.703 Y283.003 E1874.90431
;WIPE_START
G1 F600
G1 X289.703 Y282.999 E-10
;WIPE_END
G1 Z188 F15000
G1 X285.15 Y400.743 Z188
G1 Z187
G1 E17 F9000
;TYPE:Sparse infill
;WIDTH:3.2
G1 F2779.614
G1 X285.15 Y389.231 E49.70059
G1 X389.231 Y285.15 E635.45138
G1 X400.743 Y285.15 E49.70059
;WIPE_START
G1 F600
G1 X393.743 Y285.15 E-10
;WIPE_END
G1 Z188 F15000
G1 X285.15 Y563.553 Z188
G1 Z187
G1 E17 F9000
G1 F2779.614
G1 X285.15 Y552.04 E49.70059
G1 X552.041 Y285.15 E1629.46316
G1 X563.553 Y285.15 E49.70059
;WIPE_START
G1 F600
G1 X556.553 Y285.15 E-10
;WIPE_END
G1 Z188 F15000
G1 X714.85 Y400.743 Z188
G1 Z187
G1 E17 F9000
G1 F2779.614
G1 X714.85 Y389.231 E49.70059
G1 X610.769 Y285.15 E635.45139
G1 X599.257 Y285.15 E49.70059
;WIPE_START
G1 F600
G1 X606.257 Y285.15 E-10
;WIPE_END
G1 Z188 F15000
G1 X714.85 Y563.553 Z188
G1 Z187
G1 E17 F9000
G1 F2779.614
G1 X714.85 Y552.04 E49.70059
G1 X447.96 Y285.15 E1629.46316
G1 X436.447 Y285.15 E49.70059
;WIPE_START
G1 F600
G1 X443.447 Y285.15 E-10
;WIPE_END
G1 Z188 F15000
M73 P46 R409
G1 X436.447 Y714.85 Z188
G1 Z187
G1 E17 F9000
G1 F2779.614
G1 X447.959 Y714.85 E49.70059
G1 X714.85 Y447.96 E1629.46317
G1 X714.85 Y436.447 E49.70059
;WIPE_START
G1 F600
G1 X714.85 Y443.447 E-10
;WIPE_END
G1 Z188 F15000
G1 X703.338 Y714.85 Z188
G1 Z187
G1 E17 F9000
G1 F2779.614
G1 X714.85 Y714.85 E49.70059
G1 X285.15 Y285.15 E2623.47492
G1 X296.662 Y285.15 E49.70059
;WIPE_START
G1 F600
G1 X289.662 Y285.15 E-10
;WIPE_END
G1 Z188 F15000
G1 X296.662 Y714.85 Z188
G1 Z187
G1 E17 F9000
G1 F2779.614
G1 X285.15 Y714.85 E49.70028
G1 X714.85 Y285.15 E2623.47449
G1 X703.338 Y285.15 E49.70028
;WIPE_START
G1 F600
G1 X710.338 Y285.15 E-10
;WIPE_END
G1 Z188 F15000
G1 X599.257 Y714.85 Z188
G1 Z187
G1 E17 F9000
G1 F2779.614
G1 X610.769 Y714.85 E49.70059
G1 X714.85 Y610.769 E635.45139
G1 X714.85 Y599.257 E49.70059
;WIPE_START
G1 F600
G1 X714.85 Y606.257 E-10
;WIPE_END
G1 Z188 F15000
G1 X563.553 Y714.85 Z188
G1 Z187
G1 E17 F9000
G1 F2779.614
G1 X552.04 Y714.85 E49.70059
G1 X285.15 Y447.96 E1629.46316
G1 X285.15 Y436.447 E49.70059
M73 P46 R408
;WIPE_START
G1 F600
G1 X285.15 Y443.447 E-10
;WIPE_END
G1 Z188 F15000
G1 X400.743 Y714.85 Z188
G1 Z187
G1 E17 F9000
G1 F2779.614
G1 X389.231 Y714.85 E49.70059
G1 X285.15 Y610.769 E635.45139
G1 X285.15 Y599.257 E49.70059
; stop printing object Cube id:0 copy 0
;LAYER_CHANGE
;Z:188.5
;HEIGHT:1.5
;BEFORE_LAYER_CHANGE
;188.5
G92 E0

EXCLUDE_OBJECT_END NAME=Cube_id_0_copy_0
;AFTER_LAYER_CHANGE
;188.5
;_SET_FAN_SPEED_CHANGING_LAYER
; printing object Cube id:0 copy 0
;WIPE_START
G1 F600
G1 X285.15 Y606.257 E-10
;WIPE_END
EXCLUDE_OBJECT_START NAME=Cube_id_0_copy_0
G1 Z189.5 F15000
G1 X282.703 Y717.297 Z189.5
G1 Z188.5
G1 E17 F9000
;TYPE:Outer wall
;WIDTH:3.2
G1 F2779.615
G1 X282.703 Y282.703 E1876.19945
G1 X717.297 Y282.703 E1876.19945
G1 X717.297 Y717.297 E1876.19945
G1 X283.003 Y717.297 E1874.90431
;WIPE_START
G1 F600
G1 X282.999 Y710.297 E-10
;WIPE_END
G1 Z189.5 F15000
G1 X285.15 Y599.257 Z189.5
G1 Z188.5
G1 E17 F9000
;TYPE:Sparse infill
;WIDTH:3.2
G1 F2779.614
G1 X285.15 Y610.769 E49.70059
G1 X389.231 Y714.85 E635.45139
G1 X400.743 Y714.85 E49.70059
;WIPE_START
G1 F600
G1 X393.743 Y714.85 E-10
;WIPE_END
G1 Z189.5 F15000
G1 X285.15 Y436.447 Z189.5
G1 Z188.5
G1 E17 F9000
G1 F2779.614
G1 X285.15 Y447.96 E49.70059
G1 X552.04 Y714.85 E1629.46316
G1 X563.553 Y714.85 E49.70059
M73 P46 R407
;WIPE_START
G1 F600
G1 X556.553 Y714.85 E-10
;WIPE_END
G1 Z189.5 F15000
G1 X714.85 Y599.257 Z189.5
G1 Z188.5
G1 E17 F9000
G1 F2779.614
G1 X714.85 Y610.769 E49.70059
G1 X610.769 Y714.85 E635.45139
G1 X599.257 Y714.85 E49.70059
;WIPE_START
G1 F600
G1 X606.257 Y714.85 E-10
;WIPE_END
G1 Z189.5 F15000
G1 X714.85 Y436.447 Z189.5
G1 Z188.5
G1 E17 F9000
G1 F2779.614
G1 X714.85 Y447.96 E49.70059
G1 X447.959 Y714.85 E1629.46317
G1 X436.447 Y714.85 E49.70059
;WIPE_START
G1 F600
G1 X443.447 Y714.85 E-10
;WIPE_END
G1 Z189.5 F15000
G1 X436.447 Y285.15 Z189.5
G1 Z188.5
G1 E17 F9000
G1 F2779.614
G1 X447.96 Y285.15 E49.70059
G1 X714.85 Y552.04 E1629.46316
G1 X714.85 Y563.553 E49.70059
;WIPE_START
G1 F600
G1 X714.85 Y556.553 E-10
;WIPE_END
G1 Z189.5 F15000
G1 X703.338 Y285.15 Z189.5
G1 Z188.5
G1 E17 F9000
G1 F2779.614
G1 X714.85 Y285.15 E49.70028
G1 X285.15 Y714.85 E2623.47449
G1 X296.662 Y714.85 E49.70028
M73 P47 R407
;WIPE_START
G1 F600
G1 X289.662 Y714.85 E-10
;WIPE_END
G1 Z189.5 F15000
G1 X296.662 Y285.15 Z189.5
G1 Z188.5
G1 E17 F9000
G1 F2779.614
G1 X285.15 Y285.15 E49.70059
G1 X714.85 Y714.85 E2623.47492
G1 X703.338 Y714.85 E49.70059
M73 P47 R406
;WIPE_START
G1 F600
G1 X710.338 Y714.85 E-10
;WIPE_END
G1 Z189.5 F15000
G1 X599.257 Y285.15 Z189.5
G1 Z188.5
G1 E17 F9000
G1 F2779.614
G1 X610.769 Y285.15 E49.70059
G1 X714.85 Y389.231 E635.45139
G1 X714.85 Y400.743 E49.70059
;WIPE_START
G1 F600
G1 X714.85 Y393.743 E-10
;WIPE_END
G1 Z189.5 F15000
G1 X563.553 Y285.15 Z189.5
G1 Z188.5
G1 E17 F9000
G1 F2779.614
G1 X552.041 Y285.15 E49.70059
G1 X285.15 Y552.04 E1629.46316
G1 X285.15 Y563.553 E49.70059
;WIPE_START
G1 F600
G1 X285.15 Y556.553 E-10
;WIPE_END
G1 Z189.5 F15000
G1 X400.743 Y285.15 Z189.5
G1 Z188.5
G1 E17 F9000
G1 F2779.614
G1 X389.231 Y285.15 E49.70059
G1 X285.15 Y389.231 E635.45138
G1 X285.15 Y400.743 E49.70059
; stop printing object Cube id:0 copy 0
;LAYER_CHANGE
;Z:190
;HEIGHT:1.5
;BEFORE_LAYER_CHANGE
;190
G92 E0

EXCLUDE_OBJECT_END NAME=Cube_id_0_copy_0
;AFTER_LAYER_CHANGE
;190
;_SET_FAN_SPEED_CHANGING_LAYER
; printing object Cube id:0 copy 0
;WIPE_START
G1 F600
G1 X285.15 Y393.743 E-10
;WIPE_END
EXCLUDE_OBJECT_START NAME=Cube_id_0_copy_0
G1 Z191 F15000
G1 X282.703 Y282.703 Z191
G1 Z190
G1 E17 F9000
;TYPE:Outer wall
;WIDTH:3.2
G1 F2779.615
G1 X717.297 Y282.703 E1876.19945
G1 X717.297 Y717.297 E1876.19945
G1 X282.703 Y717.297 E1876.19945
G1 X282.703 Y283.003 E1874.90431
M73 P47 R405
;WIPE_START
G1 F600
G1 X289.703 Y282.999 E-10
;WIPE_END
G1 Z191 F15000
G1 X285.15 Y400.743 Z191
G1 Z190
G1 E17 F9000
;TYPE:Sparse infill
;WIDTH:3.2
G1 F2779.614
G1 X285.15 Y389.231 E49.70059
G1 X389.231 Y285.15 E635.45138
G1 X400.743 Y285.15 E49.70059
;WIPE_START
G1 F600
G1 X393.743 Y285.15 E-10
;WIPE_END
G1 Z191 F15000
G1 X285.15 Y563.553 Z191
G1 Z190
G1 E17 F9000
G1 F2779.614
G1 X285.15 Y552.04 E49.70059
G1 X552.041 Y285.15 E1629.46316
G1 X563.553 Y285.15 E49.70059
;WIPE_START
G1 F600
G1 X556.553 Y285.15 E-10
;WIPE_END
G1 Z191 F15000
G1 X714.85 Y400.743 Z191
G1 Z190
G1 E17 F9000
G1 F2779.614
G1 X714.85 Y389.231 E49.70059
G1 X610.769 Y285.15 E635.45139
G1 X599.257 Y285.15 E49.70059
;WIPE_START
G1 F600
G1 X606.257 Y285.15 E-10
;WIPE_END
G1 Z191 F15000
G1 X714.85 Y563.553 Z191
G1 Z190
G1 E17 F9000
G1 F2779.614
G1 X714.85 Y552.04 E49.70059
G1 X447.96 Y285.15 E1629.46316
G1 X436.447 Y285.15 E49.70059
;WIPE_START
G1 F600
G1 X443.447 Y285.15 E-10
;WIPE_END
G1 Z191 F15000
G1 X436.447 Y714.85 Z191
G1 Z190
G1 E17 F9000
G1 F2779.614
G1 X447.959 Y714.85 E49.70059
G1 X714.85 Y447.96 E1629.46317
G1 X714.85 Y436.447 E49.70059
M73 P47 R404
;WIPE_START
G1 F600
G1 X714.85 Y443.447 E-10
;WIPE_END
G1 Z191 F15000
G1 X703.338 Y714.85 Z191
G1 Z190
G1 E17 F9000
G1 F2779.614
G1 X714.85 Y714.85 E49.70059
G1 X285.15 Y285.15 E2623.47492
G1 X296.662 Y285.15 E49.70059
;WIPE_START
G1 F600
G1 X289.662 Y285.15 E-10
;WIPE_END
G1 Z191 F15000
G1 X296.662 Y714.85 Z191
G1 Z190
G1 E17 F9000
G1 F2779.614
G1 X285.15 Y714.85 E49.70028
G1 X714.85 Y285.15 E2623.47449
G1 X703.338 Y285.15 E49.70028
;WIPE_START
G1 F600
G1 X710.338 Y285.15 E-10
;WIPE_END
G1 Z191 F15000
G1 X599.257 Y714.85 Z191
G1 Z190
G1 E17 F9000
G1 F2779.614
G1 X610.769 Y714.85 E49.70059
G1 X714.85 Y610.769 E635.45139
G1 X714.85 Y599.257 E49.70059
;WIPE_START
G1 F600
G1 X714.85 Y606.257 E-10
;WIPE_END
G1 Z191 F15000
G1 X563.553 Y714.85 Z191
G1 Z190
G1 E17 F9000
G1 F2779.614
G1 X552.04 Y714.85 E49.70059
G1 X285.15 Y447.96 E1629.46316
G1 X285.15 Y436.447 E49.70059
;WIPE_START
G1 F600
G1 X285.15 Y443.447 E-10
;WIPE_END
G1 Z191 F15000
G1 X400.743 Y714.85 Z191
G1 Z190
G1 E17 F9000
M73 P47 R403
G1 F2779.614
G1 X389.231 Y714.85 E49.70059
G1 X285.15 Y610.769 E635.45139
G1 X285.15 Y599.257 E49.70059
; stop printing object Cube id:0 copy 0
;LAYER_CHANGE
;Z:191.5
;HEIGHT:1.5
;BEFORE_LAYER_CHANGE
;191.5
G92 E0

EXCLUDE_OBJECT_END NAME=Cube_id_0_copy_0
;AFTER_LAYER_CHANGE
;191.5
;_SET_FAN_SPEED_CHANGING_LAYER
; printing object Cube id:0 copy 0
;WIPE_START
G1 F600
G1 X285.15 Y606.257 E-10
;WIPE_END
EXCLUDE_OBJECT_START NAME=Cube_id_0_copy_0
G1 Z192.5 F15000
G1 X282.703 Y717.297 Z192.5
G1 Z191.5
G1 E17 F9000
;TYPE:Outer wall
;WIDTH:3.2
G1 F2779.615
G1 X282.703 Y282.703 E1876.19945
G1 X717.297 Y282.703 E1876.19945
G1 X717.297 Y717.297 E1876.19945
G1 X283.003 Y717.297 E1874.90431
;WIPE_START
G1 F600
G1 X282.999 Y710.297 E-10
;WIPE_END
G1 Z192.5 F15000
G1 X285.15 Y599.257 Z192.5
G1 Z191.5
G1 E17 F9000
;TYPE:Sparse infill
;WIDTH:3.2
G1 F2779.614
G1 X285.15 Y610.769 E49.70059
G1 X389.231 Y714.85 E635.45139
G1 X400.743 Y714.85 E49.70059
;WIPE_START
G1 F600
G1 X393.743 Y714.85 E-10
;WIPE_END
G1 Z192.5 F15000
G1 X285.15 Y436.447 Z192.5
G1 Z191.5
G1 E17 F9000
G1 F2779.614
G1 X285.15 Y447.96 E49.70059
G1 X552.04 Y714.85 E1629.46316
G1 X563.553 Y714.85 E49.70059
M73 P47 R402
;WIPE_START
G1 F600
G1 X556.553 Y714.85 E-10
;WIPE_END
G1 Z192.5 F15000
G1 X714.85 Y599.257 Z192.5
G1 Z191.5
G1 E17 F9000
G1 F2779.614
G1 X714.85 Y610.769 E49.70059
G1 X610.769 Y714.85 E635.45139
G1 X599.257 Y714.85 E49.70059
;WIPE_START
G1 F600
G1 X606.257 Y714.85 E-10
;WIPE_END
G1 Z192.5 F15000
G1 X714.85 Y436.447 Z192.5
G1 Z191.5
G1 E17 F9000
G1 F2779.614
G1 X714.85 Y447.96 E49.70059
G1 X447.959 Y714.85 E1629.46317
G1 X436.447 Y714.85 E49.70059
;WIPE_START
G1 F600
G1 X443.447 Y714.85 E-10
;WIPE_END
G1 Z192.5 F15000
G1 X436.447 Y285.15 Z192.5
G1 Z191.5
G1 E17 F9000
G1 F2779.614
G1 X447.96 Y285.15 E49.70059
G1 X714.85 Y552.04 E1629.46316
G1 X714.85 Y563.553 E49.70059
;WIPE_START
G1 F600
G1 X714.85 Y556.553 E-10
;WIPE_END
G1 Z192.5 F15000
G1 X703.338 Y285.15 Z192.5
G1 Z191.5
G1 E17 F9000
G1 F2779.614
G1 X714.85 Y285.15 E49.70028
G1 X285.15 Y714.85 E2623.47449
G1 X296.662 Y714.85 E49.70028
;WIPE_START
G1 F600
G1 X289.662 Y714.85 E-10
;WIPE_END
G1 Z192.5 F15000
G1 X296.662 Y285.15 Z192.5
G1 Z191.5
G1 E17 F9000
G1 F2779.614
G1 X285.15 Y285.15 E49.70059
G1 X714.85 Y714.85 E2623.47492
G1 X703.338 Y714.85 E49.70059
M73 P47 R401
;WIPE_START
G1 F600
G1 X710.338 Y714.85 E-10
;WIPE_END
G1 Z192.5 F15000
G1 X599.257 Y285.15 Z192.5
G1 Z191.5
G1 E17 F9000
G1 F2779.614
G1 X610.769 Y285.15 E49.70059
G1 X714.85 Y389.231 E635.45139
G1 X714.85 Y400.743 E49.70059
;WIPE_START
G1 F600
G1 X714.85 Y393.743 E-10
;WIPE_END
G1 Z192.5 F15000
G1 X563.553 Y285.15 Z192.5
G1 Z191.5
G1 E17 F9000
G1 F2779.614
G1 X552.041 Y285.15 E49.70059
G1 X285.15 Y552.04 E1629.46316
G1 X285.15 Y563.553 E49.70059
;WIPE_START
G1 F600
G1 X285.15 Y556.553 E-10
;WIPE_END
G1 Z192.5 F15000
G1 X400.743 Y285.15 Z192.5
G1 Z191.5
G1 E17 F9000
G1 F2779.614
G1 X389.231 Y285.15 E49.70059
G1 X285.15 Y389.231 E635.45138
G1 X285.15 Y400.743 E49.70059
; stop printing object Cube id:0 copy 0
;LAYER_CHANGE
;Z:193
;HEIGHT:1.5
;BEFORE_LAYER_CHANGE
;193
G92 E0

EXCLUDE_OBJECT_END NAME=Cube_id_0_copy_0
;AFTER_LAYER_CHANGE
;193
;_SET_FAN_SPEED_CHANGING_LAYER
; printing object Cube id:0 copy 0
;WIPE_START
G1 F600
G1 X285.15 Y393.743 E-10
;WIPE_END
EXCLUDE_OBJECT_START NAME=Cube_id_0_copy_0
G1 Z194 F15000
G1 X282.703 Y282.703 Z194
G1 Z193
G1 E17 F9000
;TYPE:Outer wall
;WIDTH:3.2
G1 F2779.615
G1 X717.297 Y282.703 E1876.19945
G1 X717.297 Y717.297 E1876.19945
G1 X282.703 Y717.297 E1876.19945
G1 X282.703 Y283.003 E1874.90431
M73 P47 R400
;WIPE_START
G1 F600
G1 X289.703 Y282.999 E-10
;WIPE_END
G1 Z194 F15000
G1 X285.15 Y400.743 Z194
G1 Z193
G1 E17 F9000
;TYPE:Sparse infill
;WIDTH:3.2
G1 F2779.614
G1 X285.15 Y389.231 E49.70059
G1 X389.231 Y285.15 E635.45138
G1 X400.743 Y285.15 E49.70059
;WIPE_START
G1 F600
G1 X393.743 Y285.15 E-10
;WIPE_END
G1 Z194 F15000
G1 X285.15 Y563.553 Z194
G1 Z193
G1 E17 F9000
G1 F2779.614
G1 X285.15 Y552.04 E49.70059
G1 X552.041 Y285.15 E1629.46316
G1 X563.553 Y285.15 E49.70059
;WIPE_START
G1 F600
G1 X556.553 Y285.15 E-10
;WIPE_END
G1 Z194 F15000
G1 X714.85 Y400.743 Z194
G1 Z193
G1 E17 F9000
G1 F2779.614
G1 X714.85 Y389.231 E49.70059
G1 X610.769 Y285.15 E635.45139
G1 X599.257 Y285.15 E49.70059
;WIPE_START
G1 F600
G1 X606.257 Y285.15 E-10
;WIPE_END
G1 Z194 F15000
G1 X714.85 Y563.553 Z194
G1 Z193
G1 E17 F9000
G1 F2779.614
G1 X714.85 Y552.04 E49.70059
G1 X447.96 Y285.15 E1629.46316
G1 X436.447 Y285.15 E49.70059
;WIPE_START
G1 F600
G1 X443.447 Y285.15 E-10
;WIPE_END
G1 Z194 F15000
G1 X436.447 Y714.85 Z194
G1 Z193
G1 E17 F9000
G1 F2779.614
G1 X447.959 Y714.85 E49.70059
G1 X714.85 Y447.96 E1629.46317
G1 X714.85 Y436.447 E49.70059
;WIPE_START
G1 F600
G1 X714.85 Y443.447 E-10
;WIPE_END
G1 Z194 F15000
G1 X703.338 Y714.85 Z194
M73 P47 R399
G1 Z193
G1 E17 F9000
G1 F2779.614
G1 X714.85 Y714.85 E49.70059
G1 X285.15 Y285.15 E2623.47492
G1 X296.662 Y285.15 E49.70059
;WIPE_START
G1 F600
G1 X289.662 Y285.15 E-10
;WIPE_END
G1 Z194 F15000
G1 X296.662 Y714.85 Z194
G1 Z193
G1 E17 F9000
G1 F2779.614
G1 X285.15 Y714.85 E49.70028
G1 X714.85 Y285.15 E2623.47449
G1 X703.338 Y285.15 E49.70028
M73 P48 R399
;WIPE_START
G1 F600
G1 X710.338 Y285.15 E-10
;WIPE_END
G1 Z194 F15000
G1 X599.257 Y714.85 Z194
G1 Z193
G1 E17 F9000
G1 F2779.614
G1 X610.769 Y714.85 E49.70059
G1 X714.85 Y610.769 E635.45139
G1 X714.85 Y599.257 E49.70059
;WIPE_START
G1 F600
G1 X714.85 Y606.257 E-10
;WIPE_END
G1 Z194 F15000
G1 X563.553 Y714.85 Z194
G1 Z193
G1 E17 F9000
G1 F2779.614
G1 X552.04 Y714.85 E49.70059
G1 X285.15 Y447.96 E1629.46316
G1 X285.15 Y436.447 E49.70059
;WIPE_START
G1 F600
G1 X285.15 Y443.447 E-10
;WIPE_END
G1 Z194 F15000
G1 X400.743 Y714.85 Z194
G1 Z193
G1 E17 F9000
G1 F2779.614
G1 X389.231 Y714.85 E49.70059
G1 X285.15 Y610.769 E635.45139
G1 X285.15 Y599.257 E49.70059
; stop printing object Cube id:0 copy 0
;LAYER_CHANGE
;Z:194.5
;HEIGHT:1.5
;BEFORE_LAYER_CHANGE
;194.5
G92 E0

EXCLUDE_OBJECT_END NAME=Cube_id_0_copy_0
;AFTER_LAYER_CHANGE
;194.5
;_SET_FAN_SPEED_CHANGING_LAYER
; printing object Cube id:0 copy 0
;WIPE_START
G1 F600
G1 X285.15 Y606.257 E-10
;WIPE_END
EXCLUDE_OBJECT_START NAME=Cube_id_0_copy_0
G1 Z195.5 F15000
G1 X282.703 Y717.297 Z195.5
G1 Z194.5
G1 E17 F9000
;TYPE:Outer wall
;WIDTH:3.2
G1 F2779.615
M73 P48 R398
G1 X282.703 Y282.703 E1876.19945
G1 X717.297 Y282.703 E1876.19945
G1 X717.297 Y717.297 E1876.19945
G1 X283.003 Y717.297 E1874.90431
;WIPE_START
G1 F600
G1 X282.999 Y710.297 E-10
;WIPE_END
G1 Z195.5 F15000
G1 X285.15 Y599.257 Z195.5
G1 Z194.5
G1 E17 F9000
;TYPE:Sparse infill
;WIDTH:3.2
G1 F2779.614
G1 X285.15 Y610.769 E49.70059
G1 X389.231 Y714.85 E635.45139
G1 X400.743 Y714.85 E49.70059
;WIPE_START
G1 F600
G1 X393.743 Y714.85 E-10
;WIPE_END
G1 Z195.5 F15000
G1 X285.15 Y436.447 Z195.5
G1 Z194.5
G1 E17 F9000
G1 F2779.614
G1 X285.15 Y447.96 E49.70059
G1 X552.04 Y714.85 E1629.46316
G1 X563.553 Y714.85 E49.70059
;WIPE_START
G1 F600
G1 X556.553 Y714.85 E-10
;WIPE_END
G1 Z195.5 F15000
G1 X714.85 Y599.257 Z195.5
G1 Z194.5
G1 E17 F9000
G1 F2779.614
G1 X714.85 Y610.769 E49.70059
G1 X610.769 Y714.85 E635.45139
G1 X599.257 Y714.85 E49.70059
M73 P48 R397
;WIPE_START
G1 F600
G1 X606.257 Y714.85 E-10
;WIPE_END
G1 Z195.5 F15000
G1 X714.85 Y436.447 Z195.5
G1 Z194.5
G1 E17 F9000
G1 F2779.614
G1 X714.85 Y447.96 E49.70059
G1 X447.959 Y714.85 E1629.46317
G1 X436.447 Y714.85 E49.70059
;WIPE_START
G1 F600
G1 X443.447 Y714.85 E-10
;WIPE_END
G1 Z195.5 F15000
G1 X436.447 Y285.15 Z195.5
G1 Z194.5
G1 E17 F9000
G1 F2779.614
G1 X447.96 Y285.15 E49.70059
G1 X714.85 Y552.04 E1629.46316
G1 X714.85 Y563.553 E49.70059
;WIPE_START
G1 F600
G1 X714.85 Y556.553 E-10
;WIPE_END
G1 Z195.5 F15000
G1 X703.338 Y285.15 Z195.5
G1 Z194.5
G1 E17 F9000
G1 F2779.614
G1 X714.85 Y285.15 E49.70028
G1 X285.15 Y714.85 E2623.47449
G1 X296.662 Y714.85 E49.70028
;WIPE_START
G1 F600
G1 X289.662 Y714.85 E-10
;WIPE_END
G1 Z195.5 F15000
G1 X296.662 Y285.15 Z195.5
G1 Z194.5
G1 E17 F9000
G1 F2779.614
G1 X285.15 Y285.15 E49.70059
G1 X714.85 Y714.85 E2623.47492
G1 X703.338 Y714.85 E49.70059
;WIPE_START
G1 F600
G1 X710.338 Y714.85 E-10
;WIPE_END
G1 Z195.5 F15000
M73 P48 R396
G1 X599.257 Y285.15 Z195.5
G1 Z194.5
G1 E17 F9000
G1 F2779.614
G1 X610.769 Y285.15 E49.70059
G1 X714.85 Y389.231 E635.45139
G1 X714.85 Y400.743 E49.70059
;WIPE_START
G1 F600
G1 X714.85 Y393.743 E-10
;WIPE_END
G1 Z195.5 F15000
G1 X563.553 Y285.15 Z195.5
G1 Z194.5
G1 E17 F9000
G1 F2779.614
G1 X552.041 Y285.15 E49.70059
G1 X285.15 Y552.04 E1629.46316
G1 X285.15 Y563.553 E49.70059
;WIPE_START
G1 F600
G1 X285.15 Y556.553 E-10
;WIPE_END
G1 Z195.5 F15000
G1 X400.743 Y285.15 Z195.5
G1 Z194.5
G1 E17 F9000
G1 F2779.614
G1 X389.231 Y285.15 E49.70059
G1 X285.15 Y389.231 E635.45138
G1 X285.15 Y400.743 E49.70059
; stop printing object Cube id:0 copy 0
;LAYER_CHANGE
;Z:196
;HEIGHT:1.5
;BEFORE_LAYER_CHANGE
;196
G92 E0

EXCLUDE_OBJECT_END NAME=Cube_id_0_copy_0
;AFTER_LAYER_CHANGE
;196
;_SET_FAN_SPEED_CHANGING_LAYER
; printing object Cube id:0 copy 0
;WIPE_START
G1 F600
G1 X285.15 Y393.743 E-10
;WIPE_END
EXCLUDE_OBJECT_START NAME=Cube_id_0_copy_0
G1 Z197 F15000
G1 X282.703 Y282.703 Z197
G1 Z196
G1 E17 F9000
;TYPE:Outer wall
;WIDTH:3.2
G1 F2779.615
G1 X717.297 Y282.703 E1876.19945
G1 X717.297 Y717.297 E1876.19945
G1 X282.703 Y717.297 E1876.19945
G1 X282.703 Y283.003 E1874.90431
;WIPE_START
G1 F600
M73 P48 R395
G1 X289.703 Y282.999 E-10
;WIPE_END
G1 Z197 F15000
G1 X285.15 Y400.743 Z197
G1 Z196
G1 E17 F9000
;TYPE:Sparse infill
;WIDTH:3.2
G1 F2779.614
G1 X285.15 Y389.231 E49.70059
G1 X389.231 Y285.15 E635.45138
G1 X400.743 Y285.15 E49.70059
;WIPE_START
G1 F600
G1 X393.743 Y285.15 E-10
;WIPE_END
G1 Z197 F15000
G1 X285.15 Y563.553 Z197
G1 Z196
G1 E17 F9000
G1 F2779.614
G1 X285.15 Y552.04 E49.70059
G1 X552.041 Y285.15 E1629.46316
G1 X563.553 Y285.15 E49.70059
;WIPE_START
G1 F600
G1 X556.553 Y285.15 E-10
;WIPE_END
G1 Z197 F15000
G1 X714.85 Y400.743 Z197
G1 Z196
G1 E17 F9000
G1 F2779.614
G1 X714.85 Y389.231 E49.70059
G1 X610.769 Y285.15 E635.45139
G1 X599.257 Y285.15 E49.70059
;WIPE_START
G1 F600
G1 X606.257 Y285.15 E-10
;WIPE_END
G1 Z197 F15000
G1 X714.85 Y563.553 Z197
G1 Z196
G1 E17 F9000
G1 F2779.614
G1 X714.85 Y552.04 E49.70059
G1 X447.96 Y285.15 E1629.46316
G1 X436.447 Y285.15 E49.70059
;WIPE_START
G1 F600
G1 X443.447 Y285.15 E-10
;WIPE_END
G1 Z197 F15000
G1 X436.447 Y714.85 Z197
G1 Z196
G1 E17 F9000
G1 F2779.614
G1 X447.959 Y714.85 E49.70059
G1 X714.85 Y447.96 E1629.46317
G1 X714.85 Y436.447 E49.70059
;WIPE_START
G1 F600
G1 X714.85 Y443.447 E-10
;WIPE_END
G1 Z197 F15000
G1 X703.338 Y714.85 Z197
G1 Z196
G1 E17 F9000
G1 F2779.614
G1 X714.85 Y714.85 E49.70059
G1 X285.15 Y285.15 E2623.47492
G1 X296.662 Y285.15 E49.70059
M73 P48 R394
;WIPE_START
G1 F600
G1 X289.662 Y285.15 E-10
;WIPE_END
G1 Z197 F15000
G1 X296.662 Y714.85 Z197
G1 Z196
G1 E17 F9000
G1 F2779.614
G1 X285.15 Y714.85 E49.70028
G1 X714.85 Y285.15 E2623.47449
G1 X703.338 Y285.15 E49.70028
;WIPE_START
G1 F600
G1 X710.338 Y285.15 E-10
;WIPE_END
G1 Z197 F15000
G1 X599.257 Y714.85 Z197
G1 Z196
G1 E17 F9000
G1 F2779.614
G1 X610.769 Y714.85 E49.70059
G1 X714.85 Y610.769 E635.45139
G1 X714.85 Y599.257 E49.70059
;WIPE_START
G1 F600
G1 X714.85 Y606.257 E-10
;WIPE_END
G1 Z197 F15000
G1 X563.553 Y714.85 Z197
G1 Z196
G1 E17 F9000
G1 F2779.614
G1 X552.04 Y714.85 E49.70059
G1 X285.15 Y447.96 E1629.46316
G1 X285.15 Y436.447 E49.70059
;WIPE_START
G1 F600
G1 X285.15 Y443.447 E-10
;WIPE_END
G1 Z197 F15000
G1 X400.743 Y714.85 Z197
G1 Z196
G1 E17 F9000
G1 F2779.614
G1 X389.231 Y714.85 E49.70059
G1 X285.15 Y610.769 E635.45139
G1 X285.15 Y599.257 E49.70059
; stop printing object Cube id:0 copy 0
;LAYER_CHANGE
;Z:197.5
;HEIGHT:1.5
;BEFORE_LAYER_CHANGE
;197.5
G92 E0

EXCLUDE_OBJECT_END NAME=Cube_id_0_copy_0
;AFTER_LAYER_CHANGE
;197.5
;_SET_FAN_SPEED_CHANGING_LAYER
; printing object Cube id:0 copy 0
;WIPE_START
G1 F600
G1 X285.15 Y606.257 E-10
;WIPE_END
EXCLUDE_OBJECT_START NAME=Cube_id_0_copy_0
G1 Z198.5 F15000
G1 X282.703 Y717.297 Z198.5
G1 Z197.5
G1 E17 F9000
;TYPE:Outer wall
;WIDTH:3.2
G1 F2779.615
G1 X282.703 Y282.703 E1876.19945
G1 X717.297 Y282.703 E1876.19945
M73 P48 R393
G1 X717.297 Y717.297 E1876.19945
G1 X283.003 Y717.297 E1874.90431
;WIPE_START
G1 F600
G1 X282.999 Y710.297 E-10
;WIPE_END
G1 Z198.5 F15000
G1 X285.15 Y599.257 Z198.5
G1 Z197.5
G1 E17 F9000
;TYPE:Sparse infill
;WIDTH:3.2
G1 F2779.614
G1 X285.15 Y610.769 E49.70059
G1 X389.231 Y714.85 E635.45139
G1 X400.743 Y714.85 E49.70059
;WIPE_START
G1 F600
G1 X393.743 Y714.85 E-10
;WIPE_END
G1 Z198.5 F15000
G1 X285.15 Y436.447 Z198.5
G1 Z197.5
G1 E17 F9000
G1 F2779.614
G1 X285.15 Y447.96 E49.70059
G1 X552.04 Y714.85 E1629.46316
G1 X563.553 Y714.85 E49.70059
;WIPE_START
G1 F600
G1 X556.553 Y714.85 E-10
;WIPE_END
G1 Z198.5 F15000
G1 X714.85 Y599.257 Z198.5
G1 Z197.5
G1 E17 F9000
G1 F2779.614
G1 X714.85 Y610.769 E49.70059
G1 X610.769 Y714.85 E635.45139
G1 X599.257 Y714.85 E49.70059
;WIPE_START
G1 F600
G1 X606.257 Y714.85 E-10
;WIPE_END
G1 Z198.5 F15000
G1 X714.85 Y436.447 Z198.5
G1 Z197.5
G1 E17 F9000
G1 F2779.614
G1 X714.85 Y447.96 E49.70059
G1 X447.959 Y714.85 E1629.46317
G1 X436.447 Y714.85 E49.70059
M73 P48 R392
;WIPE_START
G1 F600
G1 X443.447 Y714.85 E-10
;WIPE_END
G1 Z198.5 F15000
G1 X436.447 Y285.15 Z198.5
G1 Z197.5
G1 E17 F9000
G1 F2779.614
G1 X447.96 Y285.15 E49.70059
G1 X714.85 Y552.04 E1629.46316
G1 X714.85 Y563.553 E49.70059
;WIPE_START
G1 F600
G1 X714.85 Y556.553 E-10
;WIPE_END
G1 Z198.5 F15000
G1 X703.338 Y285.15 Z198.5
G1 Z197.5
G1 E17 F9000
G1 F2779.614
G1 X714.85 Y285.15 E49.70028
G1 X285.15 Y714.85 E2623.47449
G1 X296.662 Y714.85 E49.70028
;WIPE_START
G1 F600
G1 X289.662 Y714.85 E-10
;WIPE_END
G1 Z198.5 F15000
G1 X296.662 Y285.15 Z198.5
G1 Z197.5
G1 E17 F9000
G1 F2779.614
G1 X285.15 Y285.15 E49.70059
G1 X714.85 Y714.85 E2623.47492
G1 X703.338 Y714.85 E49.70059
;WIPE_START
G1 F600
G1 X710.338 Y714.85 E-10
;WIPE_END
G1 Z198.5 F15000
G1 X599.257 Y285.15 Z198.5
G1 Z197.5
G1 E17 F9000
G1 F2779.614
G1 X610.769 Y285.15 E49.70059
G1 X714.85 Y389.231 E635.45139
G1 X714.85 Y400.743 E49.70059
M73 P48 R391
;WIPE_START
G1 F600
G1 X714.85 Y393.743 E-10
;WIPE_END
G1 Z198.5 F15000
G1 X563.553 Y285.15 Z198.5
G1 Z197.5
G1 E17 F9000
G1 F2779.614
G1 X552.041 Y285.15 E49.70059
G1 X285.15 Y552.04 E1629.46316
G1 X285.15 Y563.553 E49.70059
M73 P49 R391
;WIPE_START
G1 F600
G1 X285.15 Y556.553 E-10
;WIPE_END
G1 Z198.5 F15000
G1 X400.743 Y285.15 Z198.5
G1 Z197.5
G1 E17 F9000
G1 F2779.614
G1 X389.231 Y285.15 E49.70059
G1 X285.15 Y389.231 E635.45138
G1 X285.15 Y400.743 E49.70059
; stop printing object Cube id:0 copy 0
;LAYER_CHANGE
;Z:199
;HEIGHT:1.5
;BEFORE_LAYER_CHANGE
;199
G92 E0

EXCLUDE_OBJECT_END NAME=Cube_id_0_copy_0
;AFTER_LAYER_CHANGE
;199
;_SET_FAN_SPEED_CHANGING_LAYER
; printing object Cube id:0 copy 0
;WIPE_START
G1 F600
G1 X285.15 Y393.743 E-10
;WIPE_END
EXCLUDE_OBJECT_START NAME=Cube_id_0_copy_0
G1 Z200 F15000
G1 X282.703 Y282.703 Z200
G1 Z199
G1 E17 F9000
;TYPE:Outer wall
;WIDTH:3.2
G1 F2779.615
G1 X717.297 Y282.703 E1876.19945
G1 X717.297 Y717.297 E1876.19945
G1 X282.703 Y717.297 E1876.19945
G1 X282.703 Y283.003 E1874.90431
;WIPE_START
G1 F600
G1 X289.703 Y282.999 E-10
;WIPE_END
G1 Z200 F15000
G1 X285.15 Y400.743 Z200
G1 Z199
M73 P49 R390
G1 E17 F9000
;TYPE:Sparse infill
;WIDTH:3.2
G1 F2779.614
G1 X285.15 Y389.231 E49.70059
G1 X389.231 Y285.15 E635.45138
G1 X400.743 Y285.15 E49.70059
;WIPE_START
G1 F600
G1 X393.743 Y285.15 E-10
;WIPE_END
G1 Z200 F15000
G1 X285.15 Y563.553 Z200
G1 Z199
G1 E17 F9000
G1 F2779.614
G1 X285.15 Y552.04 E49.70059
G1 X552.041 Y285.15 E1629.46316
G1 X563.553 Y285.15 E49.70059
;WIPE_START
G1 F600
G1 X556.553 Y285.15 E-10
;WIPE_END
G1 Z200 F15000
G1 X714.85 Y400.743 Z200
G1 Z199
G1 E17 F9000
G1 F2779.614
G1 X714.85 Y389.231 E49.70059
G1 X610.769 Y285.15 E635.45139
G1 X599.257 Y285.15 E49.70059
;WIPE_START
G1 F600
G1 X606.257 Y285.15 E-10
;WIPE_END
G1 Z200 F15000
G1 X714.85 Y563.553 Z200
G1 Z199
G1 E17 F9000
G1 F2779.614
G1 X714.85 Y552.04 E49.70059
G1 X447.96 Y285.15 E1629.46316
G1 X436.447 Y285.15 E49.70059
;WIPE_START
G1 F600
G1 X443.447 Y285.15 E-10
;WIPE_END
G1 Z200 F15000
G1 X436.447 Y714.85 Z200
G1 Z199
G1 E17 F9000
G1 F2779.614
G1 X447.959 Y714.85 E49.70059
G1 X714.85 Y447.96 E1629.46317
G1 X714.85 Y436.447 E49.70059
;WIPE_START
G1 F600
G1 X714.85 Y443.447 E-10
;WIPE_END
G1 Z200 F15000
G1 X703.338 Y714.85 Z200
G1 Z199
G1 E17 F9000
G1 F2779.614
G1 X714.85 Y714.85 E49.70059
G1 X285.15 Y285.15 E2623.47492
G1 X296.662 Y285.15 E49.70059
M73 P49 R389
;WIPE_START
G1 F600
G1 X289.662 Y285.15 E-10
;WIPE_END
G1 Z200 F15000
G1 X296.662 Y714.85 Z200
G1 Z199
G1 E17 F9000
G1 F2779.614
G1 X285.15 Y714.85 E49.70028
G1 X714.85 Y285.15 E2623.47449
G1 X703.338 Y285.15 E49.70028
;WIPE_START
G1 F600
G1 X710.338 Y285.15 E-10
;WIPE_END
G1 Z200 F15000
G1 X599.257 Y714.85 Z200
G1 Z199
G1 E17 F9000
G1 F2779.614
G1 X610.769 Y714.85 E49.70059
G1 X714.85 Y610.769 E635.45139
G1 X714.85 Y599.257 E49.70059
;WIPE_START
G1 F600
G1 X714.85 Y606.257 E-10
;WIPE_END
G1 Z200 F15000
G1 X563.553 Y714.85 Z200
G1 Z199
G1 E17 F9000
G1 F2779.614
G1 X552.04 Y714.85 E49.70059
G1 X285.15 Y447.96 E1629.46316
G1 X285.15 Y436.447 E49.70059
;WIPE_START
G1 F600
G1 X285.15 Y443.447 E-10
;WIPE_END
G1 Z200 F15000
G1 X400.743 Y714.85 Z200
G1 Z199
G1 E17 F9000
G1 F2779.614
G1 X389.231 Y714.85 E49.70059
G1 X285.15 Y610.769 E635.45139
G1 X285.15 Y599.257 E49.70059
; stop printing object Cube id:0 copy 0
;LAYER_CHANGE
;Z:200.5
;HEIGHT:1.5
;BEFORE_LAYER_CHANGE
;200.5
G92 E0

EXCLUDE_OBJECT_END NAME=Cube_id_0_copy_0
;AFTER_LAYER_CHANGE
;200.5
;_SET_FAN_SPEED_CHANGING_LAYER
; printing object Cube id:0 copy 0
;WIPE_START
G1 F600
G1 X285.15 Y606.257 E-10
;WIPE_END
EXCLUDE_OBJECT_START NAME=Cube_id_0_copy_0
G1 Z201.5 F15000
G1 X282.703 Y717.297 Z201.5
G1 Z200.5
G1 E17 F9000
;TYPE:Outer wall
;WIDTH:3.2
G1 F2779.615
G1 X282.703 Y282.703 E1876.19945
G1 X717.297 Y282.703 E1876.19945
G1 X717.297 Y717.297 E1876.19945
M73 P49 R388
G1 X283.003 Y717.297 E1874.90431
;WIPE_START
G1 F600
G1 X282.999 Y710.297 E-10
;WIPE_END
G1 Z201.5 F15000
G1 X285.15 Y599.257 Z201.5
G1 Z200.5
G1 E17 F9000
;TYPE:Sparse infill
;WIDTH:3.2
G1 F2779.614
G1 X285.15 Y610.769 E49.70059
G1 X389.231 Y714.85 E635.45139
G1 X400.743 Y714.85 E49.70059
;WIPE_START
G1 F600
G1 X393.743 Y714.85 E-10
;WIPE_END
G1 Z201.5 F15000
G1 X285.15 Y436.447 Z201.5
G1 Z200.5
G1 E17 F9000
G1 F2779.614
G1 X285.15 Y447.96 E49.70059
G1 X552.04 Y714.85 E1629.46316
G1 X563.553 Y714.85 E49.70059
;WIPE_START
G1 F600
G1 X556.553 Y714.85 E-10
;WIPE_END
G1 Z201.5 F15000
G1 X714.85 Y599.257 Z201.5
G1 Z200.5
G1 E17 F9000
G1 F2779.614
G1 X714.85 Y610.769 E49.70059
G1 X610.769 Y714.85 E635.45139
G1 X599.257 Y714.85 E49.70059
;WIPE_START
G1 F600
G1 X606.257 Y714.85 E-10
;WIPE_END
G1 Z201.5 F15000
G1 X714.85 Y436.447 Z201.5
G1 Z200.5
G1 E17 F9000
G1 F2779.614
G1 X714.85 Y447.96 E49.70059
G1 X447.959 Y714.85 E1629.46317
G1 X436.447 Y714.85 E49.70059
M73 P49 R387
;WIPE_START
G1 F600
G1 X443.447 Y714.85 E-10
;WIPE_END
G1 Z201.5 F15000
G1 X436.447 Y285.15 Z201.5
G1 Z200.5
G1 E17 F9000
G1 F2779.614
G1 X447.96 Y285.15 E49.70059
G1 X714.85 Y552.04 E1629.46316
G1 X714.85 Y563.553 E49.70059
;WIPE_START
G1 F600
G1 X714.85 Y556.553 E-10
;WIPE_END
G1 Z201.5 F15000
G1 X703.338 Y285.15 Z201.5
G1 Z200.5
G1 E17 F9000
G1 F2779.614
G1 X714.85 Y285.15 E49.70028
G1 X285.15 Y714.85 E2623.47449
G1 X296.662 Y714.85 E49.70028
;WIPE_START
G1 F600
G1 X289.662 Y714.85 E-10
;WIPE_END
G1 Z201.5 F15000
G1 X296.662 Y285.15 Z201.5
G1 Z200.5
G1 E17 F9000
G1 F2779.614
G1 X285.15 Y285.15 E49.70059
G1 X714.85 Y714.85 E2623.47492
G1 X703.338 Y714.85 E49.70059
;WIPE_START
G1 F600
G1 X710.338 Y714.85 E-10
;WIPE_END
G1 Z201.5 F15000
G1 X599.257 Y285.15 Z201.5
G1 Z200.5
G1 E17 F9000
G1 F2779.614
G1 X610.769 Y285.15 E49.70059
G1 X714.85 Y389.231 E635.45139
G1 X714.85 Y400.743 E49.70059
;WIPE_START
G1 F600
G1 X714.85 Y393.743 E-10
;WIPE_END
G1 Z201.5 F15000
G1 X563.553 Y285.15 Z201.5
G1 Z200.5
G1 E17 F9000
G1 F2779.614
G1 X552.041 Y285.15 E49.70059
G1 X285.15 Y552.04 E1629.46316
G1 X285.15 Y563.553 E49.70059
M73 P49 R386
;WIPE_START
G1 F600
G1 X285.15 Y556.553 E-10
;WIPE_END
G1 Z201.5 F15000
G1 X400.743 Y285.15 Z201.5
G1 Z200.5
G1 E17 F9000
G1 F2779.614
G1 X389.231 Y285.15 E49.70059
G1 X285.15 Y389.231 E635.45138
G1 X285.15 Y400.743 E49.70059
; stop printing object Cube id:0 copy 0
;LAYER_CHANGE
;Z:202
;HEIGHT:1.5
;BEFORE_LAYER_CHANGE
;202
G92 E0

EXCLUDE_OBJECT_END NAME=Cube_id_0_copy_0
;AFTER_LAYER_CHANGE
;202
;_SET_FAN_SPEED_CHANGING_LAYER
; printing object Cube id:0 copy 0
;WIPE_START
G1 F600
G1 X285.15 Y393.743 E-10
;WIPE_END
EXCLUDE_OBJECT_START NAME=Cube_id_0_copy_0
G1 Z203 F15000
G1 X282.703 Y282.703 Z203
G1 Z202
G1 E17 F9000
;TYPE:Outer wall
;WIDTH:3.2
G1 F2779.615
G1 X717.297 Y282.703 E1876.19945
G1 X717.297 Y717.297 E1876.19945
G1 X282.703 Y717.297 E1876.19945
G1 X282.703 Y283.003 E1874.90431
;WIPE_START
G1 F600
G1 X289.703 Y282.999 E-10
;WIPE_END
G1 Z203 F15000
G1 X285.15 Y400.743 Z203
G1 Z202
G1 E17 F9000
;TYPE:Sparse infill
;WIDTH:3.2
G1 F2779.614
G1 X285.15 Y389.231 E49.70059
G1 X389.231 Y285.15 E635.45138
G1 X400.743 Y285.15 E49.70059
;WIPE_START
G1 F600
G1 X393.743 Y285.15 E-10
;WIPE_END
G1 Z203 F15000
G1 X285.15 Y563.553 Z203
G1 Z202
M73 P49 R385
G1 E17 F9000
G1 F2779.614
G1 X285.15 Y552.04 E49.70059
G1 X552.041 Y285.15 E1629.46316
G1 X563.553 Y285.15 E49.70059
;WIPE_START
G1 F600
G1 X556.553 Y285.15 E-10
;WIPE_END
G1 Z203 F15000
G1 X714.85 Y400.743 Z203
G1 Z202
G1 E17 F9000
G1 F2779.614
G1 X714.85 Y389.231 E49.70059
G1 X610.769 Y285.15 E635.45139
G1 X599.257 Y285.15 E49.70059
;WIPE_START
G1 F600
G1 X606.257 Y285.15 E-10
;WIPE_END
G1 Z203 F15000
G1 X714.85 Y563.553 Z203
G1 Z202
G1 E17 F9000
G1 F2779.614
G1 X714.85 Y552.04 E49.70059
G1 X447.96 Y285.15 E1629.46316
G1 X436.447 Y285.15 E49.70059
;WIPE_START
G1 F600
G1 X443.447 Y285.15 E-10
;WIPE_END
G1 Z203 F15000
G1 X436.447 Y714.85 Z203
G1 Z202
G1 E17 F9000
G1 F2779.614
G1 X447.959 Y714.85 E49.70059
G1 X714.85 Y447.96 E1629.46317
G1 X714.85 Y436.447 E49.70059
;WIPE_START
G1 F600
G1 X714.85 Y443.447 E-10
;WIPE_END
G1 Z203 F15000
G1 X703.338 Y714.85 Z203
G1 Z202
G1 E17 F9000
G1 F2779.614
G1 X714.85 Y714.85 E49.70059
G1 X285.15 Y285.15 E2623.47492
G1 X296.662 Y285.15 E49.70059
;WIPE_START
G1 F600
G1 X289.662 Y285.15 E-10
;WIPE_END
G1 Z203 F15000
G1 X296.662 Y714.85 Z203
G1 Z202
G1 E17 F9000
G1 F2779.614
M73 P49 R384
G1 X285.15 Y714.85 E49.70028
G1 X714.85 Y285.15 E2623.47449
G1 X703.338 Y285.15 E49.70028
;WIPE_START
G1 F600
G1 X710.338 Y285.15 E-10
;WIPE_END
G1 Z203 F15000
G1 X599.257 Y714.85 Z203
G1 Z202
G1 E17 F9000
G1 F2779.614
G1 X610.769 Y714.85 E49.70059
G1 X714.85 Y610.769 E635.45139
G1 X714.85 Y599.257 E49.70059
;WIPE_START
G1 F600
G1 X714.85 Y606.257 E-10
;WIPE_END
G1 Z203 F15000
G1 X563.553 Y714.85 Z203
G1 Z202
G1 E17 F9000
G1 F2779.614
G1 X552.04 Y714.85 E49.70059
G1 X285.15 Y447.96 E1629.46316
G1 X285.15 Y436.447 E49.70059
;WIPE_START
G1 F600
G1 X285.15 Y443.447 E-10
;WIPE_END
G1 Z203 F15000
G1 X400.743 Y714.85 Z203
G1 Z202
G1 E17 F9000
G1 F2779.614
G1 X389.231 Y714.85 E49.70059
G1 X285.15 Y610.769 E635.45139
G1 X285.15 Y599.257 E49.70059
; stop printing object Cube id:0 copy 0
;LAYER_CHANGE
;Z:203.5
;HEIGHT:1.5
;BEFORE_LAYER_CHANGE
;203.5
G92 E0

EXCLUDE_OBJECT_END NAME=Cube_id_0_copy_0
;AFTER_LAYER_CHANGE
;203.5
;_SET_FAN_SPEED_CHANGING_LAYER
; printing object Cube id:0 copy 0
;WIPE_START
G1 F600
G1 X285.15 Y606.257 E-10
;WIPE_END
EXCLUDE_OBJECT_START NAME=Cube_id_0_copy_0
G1 Z204.5 F15000
G1 X282.703 Y717.297 Z204.5
G1 Z203.5
G1 E17 F9000
;TYPE:Outer wall
;WIDTH:3.2
G1 F2779.615
G1 X282.703 Y282.703 E1876.19945
G1 X717.297 Y282.703 E1876.19945
M73 P50 R384
G1 X717.297 Y717.297 E1876.19945
M73 P50 R383
G1 X283.003 Y717.297 E1874.90431
;WIPE_START
G1 F600
G1 X282.999 Y710.297 E-10
;WIPE_END
G1 Z204.5 F15000
G1 X285.15 Y599.257 Z204.5
G1 Z203.5
G1 E17 F9000
;TYPE:Sparse infill
;WIDTH:3.2
G1 F2779.614
G1 X285.15 Y610.769 E49.70059
G1 X389.231 Y714.85 E635.45139
G1 X400.743 Y714.85 E49.70059
;WIPE_START
G1 F600
G1 X393.743 Y714.85 E-10
;WIPE_END
G1 Z204.5 F15000
G1 X285.15 Y436.447 Z204.5
G1 Z203.5
G1 E17 F9000
G1 F2779.614
G1 X285.15 Y447.96 E49.70059
G1 X552.04 Y714.85 E1629.46316
G1 X563.553 Y714.85 E49.70059
;WIPE_START
G1 F600
G1 X556.553 Y714.85 E-10
;WIPE_END
G1 Z204.5 F15000
G1 X714.85 Y599.257 Z204.5
G1 Z203.5
G1 E17 F9000
G1 F2779.614
G1 X714.85 Y610.769 E49.70059
G1 X610.769 Y714.85 E635.45139
G1 X599.257 Y714.85 E49.70059
;WIPE_START
G1 F600
G1 X606.257 Y714.85 E-10
;WIPE_END
G1 Z204.5 F15000
G1 X714.85 Y436.447 Z204.5
G1 Z203.5
G1 E17 F9000
G1 F2779.614
G1 X714.85 Y447.96 E49.70059
G1 X447.959 Y714.85 E1629.46317
G1 X436.447 Y714.85 E49.70059
;WIPE_START
G1 F600
G1 X443.447 Y714.85 E-10
;WIPE_END
G1 Z204.5 F15000
G1 X436.447 Y285.15 Z204.5
G1 Z203.5
G1 E17 F9000
G1 F2779.614
G1 X447.96 Y285.15 E49.70059
G1 X714.85 Y552.04 E1629.46316
G1 X714.85 Y563.553 E49.70059
M73 P50 R382
;WIPE_START
G1 F600
G1 X714.85 Y556.553 E-10
;WIPE_END
G1 Z204.5 F15000
G1 X703.338 Y285.15 Z204.5
G1 Z203.5
G1 E17 F9000
G1 F2779.614
G1 X714.85 Y285.15 E49.70028
G1 X285.15 Y714.85 E2623.47449
G1 X296.662 Y714.85 E49.70028
;WIPE_START
G1 F600
G1 X289.662 Y714.85 E-10
;WIPE_END
G1 Z204.5 F15000
G1 X296.662 Y285.15 Z204.5
G1 Z203.5
G1 E17 F9000
G1 F2779.614
G1 X285.15 Y285.15 E49.70059
G1 X714.85 Y714.85 E2623.47492
G1 X703.338 Y714.85 E49.70059
;WIPE_START
G1 F600
G1 X710.338 Y714.85 E-10
;WIPE_END
G1 Z204.5 F15000
G1 X599.257 Y285.15 Z204.5
G1 Z203.5
G1 E17 F9000
G1 F2779.614
G1 X610.769 Y285.15 E49.70059
G1 X714.85 Y389.231 E635.45139
G1 X714.85 Y400.743 E49.70059
;WIPE_START
G1 F600
G1 X714.85 Y393.743 E-10
;WIPE_END
G1 Z204.5 F15000
G1 X563.553 Y285.15 Z204.5
G1 Z203.5
G1 E17 F9000
G1 F2779.614
G1 X552.041 Y285.15 E49.70059
G1 X285.15 Y552.04 E1629.46316
G1 X285.15 Y563.553 E49.70059
;WIPE_START
G1 F600
G1 X285.15 Y556.553 E-10
;WIPE_END
G1 Z204.5 F15000
M73 P50 R381
G1 X400.743 Y285.15 Z204.5
G1 Z203.5
G1 E17 F9000
G1 F2779.614
G1 X389.231 Y285.15 E49.70059
G1 X285.15 Y389.231 E635.45138
G1 X285.15 Y400.743 E49.70059
; stop printing object Cube id:0 copy 0
;LAYER_CHANGE
;Z:205
;HEIGHT:1.5
;BEFORE_LAYER_CHANGE
;205
G92 E0

EXCLUDE_OBJECT_END NAME=Cube_id_0_copy_0
;AFTER_LAYER_CHANGE
;205
;_SET_FAN_SPEED_CHANGING_LAYER
; printing object Cube id:0 copy 0
;WIPE_START
G1 F600
G1 X285.15 Y393.743 E-10
;WIPE_END
EXCLUDE_OBJECT_START NAME=Cube_id_0_copy_0
G1 Z206 F15000
G1 X282.703 Y282.703 Z206
G1 Z205
G1 E17 F9000
;TYPE:Outer wall
;WIDTH:3.2
G1 F2779.615
G1 X717.297 Y282.703 E1876.19945
G1 X717.297 Y717.297 E1876.19945
G1 X282.703 Y717.297 E1876.19945
G1 X282.703 Y283.003 E1874.90431
;WIPE_START
G1 F600
G1 X289.703 Y282.999 E-10
;WIPE_END
G1 Z206 F15000
G1 X285.15 Y400.743 Z206
G1 Z205
G1 E17 F9000
;TYPE:Sparse infill
;WIDTH:3.2
G1 F2779.614
G1 X285.15 Y389.231 E49.70059
G1 X389.231 Y285.15 E635.45138
G1 X400.743 Y285.15 E49.70059
;WIPE_START
G1 F600
G1 X393.743 Y285.15 E-10
;WIPE_END
G1 Z206 F15000
G1 X285.15 Y563.553 Z206
G1 Z205
G1 E17 F9000
G1 F2779.614
G1 X285.15 Y552.04 E49.70059
G1 X552.041 Y285.15 E1629.46316
G1 X563.553 Y285.15 E49.70059
M73 P50 R380
;WIPE_START
G1 F600
G1 X556.553 Y285.15 E-10
;WIPE_END
G1 Z206 F15000
G1 X714.85 Y400.743 Z206
G1 Z205
G1 E17 F9000
G1 F2779.614
G1 X714.85 Y389.231 E49.70059
G1 X610.769 Y285.15 E635.45139
G1 X599.257 Y285.15 E49.70059
;WIPE_START
G1 F600
G1 X606.257 Y285.15 E-10
;WIPE_END
G1 Z206 F15000
G1 X714.85 Y563.553 Z206
G1 Z205
G1 E17 F9000
G1 F2779.614
G1 X714.85 Y552.04 E49.70059
G1 X447.96 Y285.15 E1629.46316
G1 X436.447 Y285.15 E49.70059
;WIPE_START
G1 F600
G1 X443.447 Y285.15 E-10
;WIPE_END
G1 Z206 F15000
G1 X436.447 Y714.85 Z206
G1 Z205
G1 E17 F9000
G1 F2779.614
G1 X447.959 Y714.85 E49.70059
G1 X714.85 Y447.96 E1629.46317
G1 X714.85 Y436.447 E49.70059
;WIPE_START
G1 F600
G1 X714.85 Y443.447 E-10
;WIPE_END
G1 Z206 F15000
G1 X703.338 Y714.85 Z206
G1 Z205
G1 E17 F9000
G1 F2779.614
G1 X714.85 Y714.85 E49.70059
G1 X285.15 Y285.15 E2623.47492
G1 X296.662 Y285.15 E49.70059
;WIPE_START
G1 F600
G1 X289.662 Y285.15 E-10
;WIPE_END
G1 Z206 F15000
G1 X296.662 Y714.85 Z206
G1 Z205
G1 E17 F9000
G1 F2779.614
G1 X285.15 Y714.85 E49.70028
G1 X714.85 Y285.15 E2623.47449
G1 X703.338 Y285.15 E49.70028
M73 P50 R379
;WIPE_START
G1 F600
G1 X710.338 Y285.15 E-10
;WIPE_END
G1 Z206 F15000
G1 X599.257 Y714.85 Z206
G1 Z205
G1 E17 F9000
G1 F2779.614
G1 X610.769 Y714.85 E49.70059
G1 X714.85 Y610.769 E635.45139
G1 X714.85 Y599.257 E49.70059
;WIPE_START
G1 F600
G1 X714.85 Y606.257 E-10
;WIPE_END
G1 Z206 F15000
G1 X563.553 Y714.85 Z206
G1 Z205
G1 E17 F9000
G1 F2779.614
G1 X552.04 Y714.85 E49.70059
G1 X285.15 Y447.96 E1629.46316
G1 X285.15 Y436.447 E49.70059
;WIPE_START
G1 F600
G1 X285.15 Y443.447 E-10
;WIPE_END
G1 Z206 F15000
G1 X400.743 Y714.85 Z206
G1 Z205
G1 E17 F9000
G1 F2779.614
G1 X389.231 Y714.85 E49.70059
G1 X285.15 Y610.769 E635.45139
G1 X285.15 Y599.257 E49.70059
; stop printing object Cube id:0 copy 0
;LAYER_CHANGE
;Z:206.5
;HEIGHT:1.5
;BEFORE_LAYER_CHANGE
;206.5
G92 E0

EXCLUDE_OBJECT_END NAME=Cube_id_0_copy_0
;AFTER_LAYER_CHANGE
;206.5
;_SET_FAN_SPEED_CHANGING_LAYER
; printing object Cube id:0 copy 0
;WIPE_START
G1 F600
G1 X285.15 Y606.257 E-10
;WIPE_END
EXCLUDE_OBJECT_START NAME=Cube_id_0_copy_0
G1 Z207.5 F15000
G1 X282.703 Y717.297 Z207.5
G1 Z206.5
G1 E17 F9000
;TYPE:Outer wall
;WIDTH:3.2
G1 F2779.615
G1 X282.703 Y282.703 E1876.19945
G1 X717.297 Y282.703 E1876.19945
G1 X717.297 Y717.297 E1876.19945
G1 X283.003 Y717.297 E1874.90431
M73 P50 R378
;WIPE_START
G1 F600
G1 X282.999 Y710.297 E-10
;WIPE_END
G1 Z207.5 F15000
G1 X285.15 Y599.257 Z207.5
G1 Z206.5
G1 E17 F9000
;TYPE:Sparse infill
;WIDTH:3.2
G1 F2779.614
G1 X285.15 Y610.769 E49.70059
G1 X389.231 Y714.85 E635.45139
G1 X400.743 Y714.85 E49.70059
;WIPE_START
G1 F600
G1 X393.743 Y714.85 E-10
;WIPE_END
G1 Z207.5 F15000
G1 X285.15 Y436.447 Z207.5
G1 Z206.5
G1 E17 F9000
G1 F2779.614
G1 X285.15 Y447.96 E49.70059
G1 X552.04 Y714.85 E1629.46316
G1 X563.553 Y714.85 E49.70059
;WIPE_START
G1 F600
G1 X556.553 Y714.85 E-10
;WIPE_END
G1 Z207.5 F15000
G1 X714.85 Y599.257 Z207.5
G1 Z206.5
G1 E17 F9000
G1 F2779.614
G1 X714.85 Y610.769 E49.70059
G1 X610.769 Y714.85 E635.45139
G1 X599.257 Y714.85 E49.70059
;WIPE_START
G1 F600
G1 X606.257 Y714.85 E-10
;WIPE_END
G1 Z207.5 F15000
G1 X714.85 Y436.447 Z207.5
G1 Z206.5
G1 E17 F9000
G1 F2779.614
G1 X714.85 Y447.96 E49.70059
G1 X447.959 Y714.85 E1629.46317
G1 X436.447 Y714.85 E49.70059
;WIPE_START
G1 F600
G1 X443.447 Y714.85 E-10
;WIPE_END
G1 Z207.5 F15000
G1 X436.447 Y285.15 Z207.5
G1 Z206.5
G1 E17 F9000
G1 F2779.614
G1 X447.96 Y285.15 E49.70059
G1 X714.85 Y552.04 E1629.46316
G1 X714.85 Y563.553 E49.70059
M73 P50 R377
;WIPE_START
G1 F600
G1 X714.85 Y556.553 E-10
;WIPE_END
G1 Z207.5 F15000
G1 X703.338 Y285.15 Z207.5
G1 Z206.5
G1 E17 F9000
G1 F2779.614
G1 X714.85 Y285.15 E49.70028
G1 X285.15 Y714.85 E2623.47449
G1 X296.662 Y714.85 E49.70028
;WIPE_START
G1 F600
G1 X289.662 Y714.85 E-10
;WIPE_END
G1 Z207.5 F15000
G1 X296.662 Y285.15 Z207.5
G1 Z206.5
G1 E17 F9000
G1 F2779.614
G1 X285.15 Y285.15 E49.70059
G1 X714.85 Y714.85 E2623.47492
G1 X703.338 Y714.85 E49.70059
;WIPE_START
G1 F600
G1 X710.338 Y714.85 E-10
;WIPE_END
G1 Z207.5 F15000
G1 X599.257 Y285.15 Z207.5
G1 Z206.5
G1 E17 F9000
G1 F2779.614
G1 X610.769 Y285.15 E49.70059
G1 X714.85 Y389.231 E635.45139
G1 X714.85 Y400.743 E49.70059
;WIPE_START
G1 F600
G1 X714.85 Y393.743 E-10
;WIPE_END
G1 Z207.5 F15000
G1 X563.553 Y285.15 Z207.5
G1 Z206.5
G1 E17 F9000
G1 F2779.614
G1 X552.041 Y285.15 E49.70059
G1 X285.15 Y552.04 E1629.46316
G1 X285.15 Y563.553 E49.70059
;WIPE_START
G1 F600
G1 X285.15 Y556.553 E-10
;WIPE_END
G1 Z207.5 F15000
G1 X400.743 Y285.15 Z207.5
G1 Z206.5
G1 E17 F9000
G1 F2779.614
G1 X389.231 Y285.15 E49.70059
G1 X285.15 Y389.231 E635.45138
G1 X285.15 Y400.743 E49.70059
; stop printing object Cube id:0 copy 0
;LAYER_CHANGE
;Z:208
;HEIGHT:1.5
;BEFORE_LAYER_CHANGE
;208
G92 E0

EXCLUDE_OBJECT_END NAME=Cube_id_0_copy_0
;AFTER_LAYER_CHANGE
;208
;_SET_FAN_SPEED_CHANGING_LAYER
; printing object Cube id:0 copy 0
;WIPE_START
G1 F600
M73 P50 R376
G1 X285.15 Y393.743 E-10
;WIPE_END
EXCLUDE_OBJECT_START NAME=Cube_id_0_copy_0
G1 Z209 F15000
G1 X282.703 Y282.703 Z209
G1 Z208
G1 E17 F9000
;TYPE:Outer wall
;WIDTH:3.2
G1 F2779.615
G1 X717.297 Y282.703 E1876.19945
G1 X717.297 Y717.297 E1876.19945
G1 X282.703 Y717.297 E1876.19945
G1 X282.703 Y283.003 E1874.90431
M73 P51 R376
;WIPE_START
G1 F600
G1 X289.703 Y282.999 E-10
;WIPE_END
G1 Z209 F15000
G1 X285.15 Y400.743 Z209
G1 Z208
G1 E17 F9000
;TYPE:Sparse infill
;WIDTH:3.2
G1 F2779.614
G1 X285.15 Y389.231 E49.70059
G1 X389.231 Y285.15 E635.45138
G1 X400.743 Y285.15 E49.70059
;WIPE_START
G1 F600
G1 X393.743 Y285.15 E-10
;WIPE_END
G1 Z209 F15000
G1 X285.15 Y563.553 Z209
G1 Z208
G1 E17 F9000
G1 F2779.614
G1 X285.15 Y552.04 E49.70059
G1 X552.041 Y285.15 E1629.46316
G1 X563.553 Y285.15 E49.70059
;WIPE_START
G1 F600
G1 X556.553 Y285.15 E-10
;WIPE_END
G1 Z209 F15000
G1 X714.85 Y400.743 Z209
G1 Z208
G1 E17 F9000
G1 F2779.614
M73 P51 R375
G1 X714.85 Y389.231 E49.70059
G1 X610.769 Y285.15 E635.45139
G1 X599.257 Y285.15 E49.70059
;WIPE_START
G1 F600
G1 X606.257 Y285.15 E-10
;WIPE_END
G1 Z209 F15000
G1 X714.85 Y563.553 Z209
G1 Z208
G1 E17 F9000
G1 F2779.614
G1 X714.85 Y552.04 E49.70059
G1 X447.96 Y285.15 E1629.46316
G1 X436.447 Y285.15 E49.70059
;WIPE_START
G1 F600
G1 X443.447 Y285.15 E-10
;WIPE_END
G1 Z209 F15000
G1 X436.447 Y714.85 Z209
G1 Z208
G1 E17 F9000
G1 F2779.614
G1 X447.959 Y714.85 E49.70059
G1 X714.85 Y447.96 E1629.46317
G1 X714.85 Y436.447 E49.70059
;WIPE_START
G1 F600
G1 X714.85 Y443.447 E-10
;WIPE_END
G1 Z209 F15000
G1 X703.338 Y714.85 Z209
G1 Z208
G1 E17 F9000
G1 F2779.614
G1 X714.85 Y714.85 E49.70059
G1 X285.15 Y285.15 E2623.47492
G1 X296.662 Y285.15 E49.70059
;WIPE_START
G1 F600
G1 X289.662 Y285.15 E-10
;WIPE_END
G1 Z209 F15000
G1 X296.662 Y714.85 Z209
G1 Z208
G1 E17 F9000
G1 F2779.614
G1 X285.15 Y714.85 E49.70028
G1 X714.85 Y285.15 E2623.47449
G1 X703.338 Y285.15 E49.70028
M73 P51 R374
;WIPE_START
G1 F600
G1 X710.338 Y285.15 E-10
;WIPE_END
G1 Z209 F15000
G1 X599.257 Y714.85 Z209
G1 Z208
G1 E17 F9000
G1 F2779.614
G1 X610.769 Y714.85 E49.70059
G1 X714.85 Y610.769 E635.45139
G1 X714.85 Y599.257 E49.70059
;WIPE_START
G1 F600
G1 X714.85 Y606.257 E-10
;WIPE_END
G1 Z209 F15000
G1 X563.553 Y714.85 Z209
G1 Z208
G1 E17 F9000
G1 F2779.614
G1 X552.04 Y714.85 E49.70059
G1 X285.15 Y447.96 E1629.46316
G1 X285.15 Y436.447 E49.70059
;WIPE_START
G1 F600
G1 X285.15 Y443.447 E-10
;WIPE_END
G1 Z209 F15000
G1 X400.743 Y714.85 Z209
G1 Z208
G1 E17 F9000
G1 F2779.614
G1 X389.231 Y714.85 E49.70059
G1 X285.15 Y610.769 E635.45139
G1 X285.15 Y599.257 E49.70059
; stop printing object Cube id:0 copy 0
;LAYER_CHANGE
;Z:209.5
;HEIGHT:1.5
;BEFORE_LAYER_CHANGE
;209.5
G92 E0

EXCLUDE_OBJECT_END NAME=Cube_id_0_copy_0
;AFTER_LAYER_CHANGE
;209.5
;_SET_FAN_SPEED_CHANGING_LAYER
; printing object Cube id:0 copy 0
;WIPE_START
G1 F600
G1 X285.15 Y606.257 E-10
;WIPE_END
EXCLUDE_OBJECT_START NAME=Cube_id_0_copy_0
G1 Z210.5 F15000
G1 X282.703 Y717.297 Z210.5
G1 Z209.5
G1 E17 F9000
;TYPE:Outer wall
;WIDTH:3.2
G1 F2779.615
G1 X282.703 Y282.703 E1876.19945
G1 X717.297 Y282.703 E1876.19945
G1 X717.297 Y717.297 E1876.19945
G1 X283.003 Y717.297 E1874.90431
;WIPE_START
G1 F600
M73 P51 R373
G1 X282.999 Y710.297 E-10
;WIPE_END
G1 Z210.5 F15000
G1 X285.15 Y599.257 Z210.5
G1 Z209.5
G1 E17 F9000
;TYPE:Sparse infill
;WIDTH:3.2
G1 F2779.614
G1 X285.15 Y610.769 E49.70059
G1 X389.231 Y714.85 E635.45139
G1 X400.743 Y714.85 E49.70059
;WIPE_START
G1 F600
G1 X393.743 Y714.85 E-10
;WIPE_END
G1 Z210.5 F15000
G1 X285.15 Y436.447 Z210.5
G1 Z209.5
G1 E17 F9000
G1 F2779.614
G1 X285.15 Y447.96 E49.70059
G1 X552.04 Y714.85 E1629.46316
G1 X563.553 Y714.85 E49.70059
;WIPE_START
G1 F600
G1 X556.553 Y714.85 E-10
;WIPE_END
G1 Z210.5 F15000
G1 X714.85 Y599.257 Z210.5
G1 Z209.5
G1 E17 F9000
G1 F2779.614
G1 X714.85 Y610.769 E49.70059
G1 X610.769 Y714.85 E635.45139
G1 X599.257 Y714.85 E49.70059
;WIPE_START
G1 F600
G1 X606.257 Y714.85 E-10
;WIPE_END
G1 Z210.5 F15000
G1 X714.85 Y436.447 Z210.5
G1 Z209.5
G1 E17 F9000
G1 F2779.614
G1 X714.85 Y447.96 E49.70059
G1 X447.959 Y714.85 E1629.46317
G1 X436.447 Y714.85 E49.70059
;WIPE_START
G1 F600
G1 X443.447 Y714.85 E-10
;WIPE_END
G1 Z210.5 F15000
G1 X436.447 Y285.15 Z210.5
G1 Z209.5
G1 E17 F9000
G1 F2779.614
G1 X447.96 Y285.15 E49.70059
G1 X714.85 Y552.04 E1629.46316
G1 X714.85 Y563.553 E49.70059
;WIPE_START
G1 F600
G1 X714.85 Y556.553 E-10
;WIPE_END
G1 Z210.5 F15000
G1 X703.338 Y285.15 Z210.5
G1 Z209.5
G1 E17 F9000
G1 F2779.614
G1 X714.85 Y285.15 E49.70028
G1 X285.15 Y714.85 E2623.47449
G1 X296.662 Y714.85 E49.70028
M73 P51 R372
;WIPE_START
G1 F600
G1 X289.662 Y714.85 E-10
;WIPE_END
G1 Z210.5 F15000
G1 X296.662 Y285.15 Z210.5
G1 Z209.5
G1 E17 F9000
G1 F2779.614
G1 X285.15 Y285.15 E49.70059
G1 X714.85 Y714.85 E2623.47492
G1 X703.338 Y714.85 E49.70059
;WIPE_START
G1 F600
G1 X710.338 Y714.85 E-10
;WIPE_END
G1 Z210.5 F15000
G1 X599.257 Y285.15 Z210.5
G1 Z209.5
G1 E17 F9000
G1 F2779.614
G1 X610.769 Y285.15 E49.70059
G1 X714.85 Y389.231 E635.45139
G1 X714.85 Y400.743 E49.70059
;WIPE_START
G1 F600
G1 X714.85 Y393.743 E-10
;WIPE_END
G1 Z210.5 F15000
G1 X563.553 Y285.15 Z210.5
G1 Z209.5
G1 E17 F9000
G1 F2779.614
G1 X552.041 Y285.15 E49.70059
G1 X285.15 Y552.04 E1629.46316
G1 X285.15 Y563.553 E49.70059
;WIPE_START
G1 F600
G1 X285.15 Y556.553 E-10
;WIPE_END
G1 Z210.5 F15000
G1 X400.743 Y285.15 Z210.5
G1 Z209.5
G1 E17 F9000
G1 F2779.614
G1 X389.231 Y285.15 E49.70059
G1 X285.15 Y389.231 E635.45138
G1 X285.15 Y400.743 E49.70059
; stop printing object Cube id:0 copy 0
;LAYER_CHANGE
;Z:211
;HEIGHT:1.5
;BEFORE_LAYER_CHANGE
;211
G92 E0

EXCLUDE_OBJECT_END NAME=Cube_id_0_copy_0
;AFTER_LAYER_CHANGE
;211
;_SET_FAN_SPEED_CHANGING_LAYER
; printing object Cube id:0 copy 0
;WIPE_START
G1 F600
G1 X285.15 Y393.743 E-10
;WIPE_END
EXCLUDE_OBJECT_START NAME=Cube_id_0_copy_0
G1 Z212 F15000
G1 X282.703 Y282.703 Z212
G1 Z211
G1 E17 F9000
;TYPE:Outer wall
;WIDTH:3.2
G1 F2779.615
G1 X717.297 Y282.703 E1876.19945
G1 X717.297 Y717.297 E1876.19945
M73 P51 R371
G1 X282.703 Y717.297 E1876.19945
G1 X282.703 Y283.003 E1874.90431
;WIPE_START
G1 F600
G1 X289.703 Y282.999 E-10
;WIPE_END
G1 Z212 F15000
G1 X285.15 Y400.743 Z212
G1 Z211
G1 E17 F9000
;TYPE:Sparse infill
;WIDTH:3.2
G1 F2779.614
G1 X285.15 Y389.231 E49.70059
G1 X389.231 Y285.15 E635.45138
G1 X400.743 Y285.15 E49.70059
;WIPE_START
G1 F600
G1 X393.743 Y285.15 E-10
;WIPE_END
G1 Z212 F15000
G1 X285.15 Y563.553 Z212
G1 Z211
G1 E17 F9000
G1 F2779.614
G1 X285.15 Y552.04 E49.70059
G1 X552.041 Y285.15 E1629.46316
G1 X563.553 Y285.15 E49.70059
;WIPE_START
G1 F600
G1 X556.553 Y285.15 E-10
;WIPE_END
G1 Z212 F15000
G1 X714.85 Y400.743 Z212
G1 Z211
G1 E17 F9000
G1 F2779.614
G1 X714.85 Y389.231 E49.70059
G1 X610.769 Y285.15 E635.45139
G1 X599.257 Y285.15 E49.70059
;WIPE_START
G1 F600
G1 X606.257 Y285.15 E-10
;WIPE_END
G1 Z212 F15000
G1 X714.85 Y563.553 Z212
G1 Z211
M73 P51 R370
G1 E17 F9000
G1 F2779.614
G1 X714.85 Y552.04 E49.70059
G1 X447.96 Y285.15 E1629.46316
G1 X436.447 Y285.15 E49.70059
;WIPE_START
G1 F600
G1 X443.447 Y285.15 E-10
;WIPE_END
G1 Z212 F15000
G1 X436.447 Y714.85 Z212
G1 Z211
G1 E17 F9000
G1 F2779.614
G1 X447.959 Y714.85 E49.70059
G1 X714.85 Y447.96 E1629.46317
G1 X714.85 Y436.447 E49.70059
;WIPE_START
G1 F600
G1 X714.85 Y443.447 E-10
;WIPE_END
G1 Z212 F15000
G1 X703.338 Y714.85 Z212
G1 Z211
G1 E17 F9000
G1 F2779.614
G1 X714.85 Y714.85 E49.70059
G1 X285.15 Y285.15 E2623.47492
G1 X296.662 Y285.15 E49.70059
;WIPE_START
G1 F600
G1 X289.662 Y285.15 E-10
;WIPE_END
G1 Z212 F15000
G1 X296.662 Y714.85 Z212
G1 Z211
G1 E17 F9000
G1 F2779.614
G1 X285.15 Y714.85 E49.70028
G1 X714.85 Y285.15 E2623.47449
G1 X703.338 Y285.15 E49.70028
;WIPE_START
G1 F600
G1 X710.338 Y285.15 E-10
;WIPE_END
G1 Z212 F15000
G1 X599.257 Y714.85 Z212
G1 Z211
G1 E17 F9000
G1 F2779.614
G1 X610.769 Y714.85 E49.70059
G1 X714.85 Y610.769 E635.45139
G1 X714.85 Y599.257 E49.70059
M73 P51 R369
;WIPE_START
G1 F600
G1 X714.85 Y606.257 E-10
;WIPE_END
G1 Z212 F15000
G1 X563.553 Y714.85 Z212
G1 Z211
G1 E17 F9000
G1 F2779.614
G1 X552.04 Y714.85 E49.70059
G1 X285.15 Y447.96 E1629.46316
G1 X285.15 Y436.447 E49.70059
;WIPE_START
G1 F600
G1 X285.15 Y443.447 E-10
;WIPE_END
G1 Z212 F15000
G1 X400.743 Y714.85 Z212
G1 Z211
G1 E17 F9000
G1 F2779.614
G1 X389.231 Y714.85 E49.70059
G1 X285.15 Y610.769 E635.45139
G1 X285.15 Y599.257 E49.70059
; stop printing object Cube id:0 copy 0
;LAYER_CHANGE
;Z:212.5
;HEIGHT:1.5
;BEFORE_LAYER_CHANGE
;212.5
G92 E0

EXCLUDE_OBJECT_END NAME=Cube_id_0_copy_0
;AFTER_LAYER_CHANGE
;212.5
;_SET_FAN_SPEED_CHANGING_LAYER
; printing object Cube id:0 copy 0
;WIPE_START
G1 F600
G1 X285.15 Y606.257 E-10
;WIPE_END
EXCLUDE_OBJECT_START NAME=Cube_id_0_copy_0
G1 Z213.5 F15000
G1 X282.703 Y717.297 Z213.5
G1 Z212.5
G1 E17 F9000
;TYPE:Outer wall
;WIDTH:3.2
G1 F2779.615
G1 X282.703 Y282.703 E1876.19945
G1 X717.297 Y282.703 E1876.19945
G1 X717.297 Y717.297 E1876.19945
G1 X283.003 Y717.297 E1874.90431
;WIPE_START
G1 F600
M73 P51 R368
G1 X282.999 Y710.297 E-10
;WIPE_END
G1 Z213.5 F15000
G1 X285.15 Y599.257 Z213.5
G1 Z212.5
G1 E17 F9000
;TYPE:Sparse infill
;WIDTH:3.2
G1 F2779.614
G1 X285.15 Y610.769 E49.70059
G1 X389.231 Y714.85 E635.45139
G1 X400.743 Y714.85 E49.70059
;WIPE_START
G1 F600
G1 X393.743 Y714.85 E-10
;WIPE_END
G1 Z213.5 F15000
M73 P52 R368
G1 X285.15 Y436.447 Z213.5
G1 Z212.5
G1 E17 F9000
G1 F2779.614
G1 X285.15 Y447.96 E49.70059
G1 X552.04 Y714.85 E1629.46316
G1 X563.553 Y714.85 E49.70059
;WIPE_START
G1 F600
G1 X556.553 Y714.85 E-10
;WIPE_END
G1 Z213.5 F15000
G1 X714.85 Y599.257 Z213.5
G1 Z212.5
G1 E17 F9000
G1 F2779.614
G1 X714.85 Y610.769 E49.70059
G1 X610.769 Y714.85 E635.45139
G1 X599.257 Y714.85 E49.70059
;WIPE_START
G1 F600
G1 X606.257 Y714.85 E-10
;WIPE_END
G1 Z213.5 F15000
G1 X714.85 Y436.447 Z213.5
G1 Z212.5
G1 E17 F9000
G1 F2779.614
G1 X714.85 Y447.96 E49.70059
G1 X447.959 Y714.85 E1629.46317
G1 X436.447 Y714.85 E49.70059
;WIPE_START
G1 F600
G1 X443.447 Y714.85 E-10
;WIPE_END
G1 Z213.5 F15000
G1 X436.447 Y285.15 Z213.5
G1 Z212.5
G1 E17 F9000
G1 F2779.614
G1 X447.96 Y285.15 E49.70059
G1 X714.85 Y552.04 E1629.46316
G1 X714.85 Y563.553 E49.70059
;WIPE_START
G1 F600
G1 X714.85 Y556.553 E-10
;WIPE_END
G1 Z213.5 F15000
G1 X703.338 Y285.15 Z213.5
G1 Z212.5
G1 E17 F9000
G1 F2779.614
G1 X714.85 Y285.15 E49.70028
G1 X285.15 Y714.85 E2623.47449
G1 X296.662 Y714.85 E49.70028
M73 P52 R367
;WIPE_START
G1 F600
G1 X289.662 Y714.85 E-10
;WIPE_END
G1 Z213.5 F15000
G1 X296.662 Y285.15 Z213.5
G1 Z212.5
G1 E17 F9000
G1 F2779.614
G1 X285.15 Y285.15 E49.70059
G1 X714.85 Y714.85 E2623.47492
G1 X703.338 Y714.85 E49.70059
;WIPE_START
G1 F600
G1 X710.338 Y714.85 E-10
;WIPE_END
G1 Z213.5 F15000
G1 X599.257 Y285.15 Z213.5
G1 Z212.5
G1 E17 F9000
G1 F2779.614
G1 X610.769 Y285.15 E49.70059
G1 X714.85 Y389.231 E635.45139
G1 X714.85 Y400.743 E49.70059
;WIPE_START
G1 F600
G1 X714.85 Y393.743 E-10
;WIPE_END
G1 Z213.5 F15000
G1 X563.553 Y285.15 Z213.5
G1 Z212.5
G1 E17 F9000
G1 F2779.614
G1 X552.041 Y285.15 E49.70059
G1 X285.15 Y552.04 E1629.46316
G1 X285.15 Y563.553 E49.70059
;WIPE_START
G1 F600
G1 X285.15 Y556.553 E-10
;WIPE_END
G1 Z213.5 F15000
G1 X400.743 Y285.15 Z213.5
G1 Z212.5
G1 E17 F9000
G1 F2779.614
G1 X389.231 Y285.15 E49.70059
G1 X285.15 Y389.231 E635.45138
G1 X285.15 Y400.743 E49.70059
; stop printing object Cube id:0 copy 0
;LAYER_CHANGE
;Z:214
;HEIGHT:1.5
;BEFORE_LAYER_CHANGE
;214
G92 E0

EXCLUDE_OBJECT_END NAME=Cube_id_0_copy_0
;AFTER_LAYER_CHANGE
;214
;_SET_FAN_SPEED_CHANGING_LAYER
; printing object Cube id:0 copy 0
;WIPE_START
G1 F600
G1 X285.15 Y393.743 E-10
;WIPE_END
EXCLUDE_OBJECT_START NAME=Cube_id_0_copy_0
G1 Z215 F15000
G1 X282.703 Y282.703 Z215
G1 Z214
G1 E17 F9000
;TYPE:Outer wall
;WIDTH:3.2
G1 F2779.615
G1 X717.297 Y282.703 E1876.19945
G1 X717.297 Y717.297 E1876.19945
G1 X282.703 Y717.297 E1876.19945
M73 P52 R366
G1 X282.703 Y283.003 E1874.90431
;WIPE_START
G1 F600
G1 X289.703 Y282.999 E-10
;WIPE_END
G1 Z215 F15000
G1 X285.15 Y400.743 Z215
G1 Z214
G1 E17 F9000
;TYPE:Sparse infill
;WIDTH:3.2
G1 F2779.614
G1 X285.15 Y389.231 E49.70059
G1 X389.231 Y285.15 E635.45138
G1 X400.743 Y285.15 E49.70059
;WIPE_START
G1 F600
G1 X393.743 Y285.15 E-10
;WIPE_END
G1 Z215 F15000
G1 X285.15 Y563.553 Z215
G1 Z214
G1 E17 F9000
G1 F2779.614
G1 X285.15 Y552.04 E49.70059
G1 X552.041 Y285.15 E1629.46316
G1 X563.553 Y285.15 E49.70059
;WIPE_START
G1 F600
G1 X556.553 Y285.15 E-10
;WIPE_END
G1 Z215 F15000
G1 X714.85 Y400.743 Z215
G1 Z214
G1 E17 F9000
G1 F2779.614
G1 X714.85 Y389.231 E49.70059
G1 X610.769 Y285.15 E635.45139
G1 X599.257 Y285.15 E49.70059
;WIPE_START
G1 F600
G1 X606.257 Y285.15 E-10
;WIPE_END
G1 Z215 F15000
G1 X714.85 Y563.553 Z215
G1 Z214
G1 E17 F9000
G1 F2779.614
G1 X714.85 Y552.04 E49.70059
G1 X447.96 Y285.15 E1629.46316
G1 X436.447 Y285.15 E49.70059
M73 P52 R365
;WIPE_START
G1 F600
G1 X443.447 Y285.15 E-10
;WIPE_END
G1 Z215 F15000
G1 X436.447 Y714.85 Z215
G1 Z214
G1 E17 F9000
G1 F2779.614
G1 X447.959 Y714.85 E49.70059
G1 X714.85 Y447.96 E1629.46317
G1 X714.85 Y436.447 E49.70059
;WIPE_START
G1 F600
G1 X714.85 Y443.447 E-10
;WIPE_END
G1 Z215 F15000
G1 X703.338 Y714.85 Z215
G1 Z214
G1 E17 F9000
G1 F2779.614
G1 X714.85 Y714.85 E49.70059
G1 X285.15 Y285.15 E2623.47492
G1 X296.662 Y285.15 E49.70059
;WIPE_START
G1 F600
G1 X289.662 Y285.15 E-10
;WIPE_END
G1 Z215 F15000
G1 X296.662 Y714.85 Z215
G1 Z214
G1 E17 F9000
G1 F2779.614
G1 X285.15 Y714.85 E49.70028
G1 X714.85 Y285.15 E2623.47449
G1 X703.338 Y285.15 E49.70028
;WIPE_START
G1 F600
G1 X710.338 Y285.15 E-10
;WIPE_END
G1 Z215 F15000
G1 X599.257 Y714.85 Z215
G1 Z214
G1 E17 F9000
G1 F2779.614
G1 X610.769 Y714.85 E49.70059
G1 X714.85 Y610.769 E635.45139
G1 X714.85 Y599.257 E49.70059
;WIPE_START
G1 F600
G1 X714.85 Y606.257 E-10
;WIPE_END
G1 Z215 F15000
G1 X563.553 Y714.85 Z215
G1 Z214
G1 E17 F9000
G1 F2779.614
G1 X552.04 Y714.85 E49.70059
G1 X285.15 Y447.96 E1629.46316
G1 X285.15 Y436.447 E49.70059
M73 P52 R364
;WIPE_START
G1 F600
G1 X285.15 Y443.447 E-10
;WIPE_END
G1 Z215 F15000
G1 X400.743 Y714.85 Z215
G1 Z214
G1 E17 F9000
G1 F2779.614
G1 X389.231 Y714.85 E49.70059
G1 X285.15 Y610.769 E635.45139
G1 X285.15 Y599.257 E49.70059
; stop printing object Cube id:0 copy 0
;LAYER_CHANGE
;Z:215.5
;HEIGHT:1.5
;BEFORE_LAYER_CHANGE
;215.5
G92 E0

EXCLUDE_OBJECT_END NAME=Cube_id_0_copy_0
;AFTER_LAYER_CHANGE
;215.5
;_SET_FAN_SPEED_CHANGING_LAYER
; printing object Cube id:0 copy 0
;WIPE_START
G1 F600
G1 X285.15 Y606.257 E-10
;WIPE_END
EXCLUDE_OBJECT_START NAME=Cube_id_0_copy_0
G1 Z216.5 F15000
G1 X282.703 Y717.297 Z216.5
G1 Z215.5
G1 E17 F9000
;TYPE:Outer wall
;WIDTH:3.2
G1 F2779.615
G1 X282.703 Y282.703 E1876.19945
G1 X717.297 Y282.703 E1876.19945
G1 X717.297 Y717.297 E1876.19945
G1 X283.003 Y717.297 E1874.90431
;WIPE_START
G1 F600
G1 X282.999 Y710.297 E-10
;WIPE_END
G1 Z216.5 F15000
G1 X285.15 Y599.257 Z216.5
G1 Z215.5
G1 E17 F9000
;TYPE:Sparse infill
;WIDTH:3.2
G1 F2779.614
G1 X285.15 Y610.769 E49.70059
G1 X389.231 Y714.85 E635.45139
G1 X400.743 Y714.85 E49.70059
M73 P52 R363
;WIPE_START
G1 F600
G1 X393.743 Y714.85 E-10
;WIPE_END
G1 Z216.5 F15000
G1 X285.15 Y436.447 Z216.5
G1 Z215.5
G1 E17 F9000
G1 F2779.614
G1 X285.15 Y447.96 E49.70059
G1 X552.04 Y714.85 E1629.46316
G1 X563.553 Y714.85 E49.70059
;WIPE_START
G1 F600
G1 X556.553 Y714.85 E-10
;WIPE_END
G1 Z216.5 F15000
G1 X714.85 Y599.257 Z216.5
G1 Z215.5
G1 E17 F9000
G1 F2779.614
G1 X714.85 Y610.769 E49.70059
G1 X610.769 Y714.85 E635.45139
G1 X599.257 Y714.85 E49.70059
;WIPE_START
G1 F600
G1 X606.257 Y714.85 E-10
;WIPE_END
G1 Z216.5 F15000
G1 X714.85 Y436.447 Z216.5
G1 Z215.5
G1 E17 F9000
G1 F2779.614
G1 X714.85 Y447.96 E49.70059
G1 X447.959 Y714.85 E1629.46317
G1 X436.447 Y714.85 E49.70059
;WIPE_START
G1 F600
G1 X443.447 Y714.85 E-10
;WIPE_END
G1 Z216.5 F15000
G1 X436.447 Y285.15 Z216.5
G1 Z215.5
G1 E17 F9000
G1 F2779.614
G1 X447.96 Y285.15 E49.70059
G1 X714.85 Y552.04 E1629.46316
G1 X714.85 Y563.553 E49.70059
;WIPE_START
G1 F600
G1 X714.85 Y556.553 E-10
;WIPE_END
G1 Z216.5 F15000
G1 X703.338 Y285.15 Z216.5
G1 Z215.5
G1 E17 F9000
G1 F2779.614
G1 X714.85 Y285.15 E49.70028
G1 X285.15 Y714.85 E2623.47449
G1 X296.662 Y714.85 E49.70028
;WIPE_START
G1 F600
G1 X289.662 Y714.85 E-10
;WIPE_END
G1 Z216.5 F15000
G1 X296.662 Y285.15 Z216.5
G1 Z215.5
M73 P52 R362
G1 E17 F9000
G1 F2779.614
G1 X285.15 Y285.15 E49.70059
G1 X714.85 Y714.85 E2623.47492
G1 X703.338 Y714.85 E49.70059
;WIPE_START
G1 F600
G1 X710.338 Y714.85 E-10
;WIPE_END
G1 Z216.5 F15000
G1 X599.257 Y285.15 Z216.5
G1 Z215.5
G1 E17 F9000
G1 F2779.614
G1 X610.769 Y285.15 E49.70059
G1 X714.85 Y389.231 E635.45139
G1 X714.85 Y400.743 E49.70059
;WIPE_START
G1 F600
G1 X714.85 Y393.743 E-10
;WIPE_END
G1 Z216.5 F15000
G1 X563.553 Y285.15 Z216.5
G1 Z215.5
G1 E17 F9000
G1 F2779.614
G1 X552.041 Y285.15 E49.70059
G1 X285.15 Y552.04 E1629.46316
G1 X285.15 Y563.553 E49.70059
;WIPE_START
G1 F600
G1 X285.15 Y556.553 E-10
;WIPE_END
G1 Z216.5 F15000
G1 X400.743 Y285.15 Z216.5
G1 Z215.5
G1 E17 F9000
G1 F2779.614
G1 X389.231 Y285.15 E49.70059
G1 X285.15 Y389.231 E635.45138
G1 X285.15 Y400.743 E49.70059
; stop printing object Cube id:0 copy 0
;LAYER_CHANGE
;Z:217
;HEIGHT:1.5
;BEFORE_LAYER_CHANGE
;217
G92 E0

EXCLUDE_OBJECT_END NAME=Cube_id_0_copy_0
;AFTER_LAYER_CHANGE
;217
;_SET_FAN_SPEED_CHANGING_LAYER
; printing object Cube id:0 copy 0
;WIPE_START
G1 F600
G1 X285.15 Y393.743 E-10
;WIPE_END
EXCLUDE_OBJECT_START NAME=Cube_id_0_copy_0
G1 Z218 F15000
G1 X282.703 Y282.703 Z218
G1 Z217
G1 E17 F9000
;TYPE:Outer wall
;WIDTH:3.2
G1 F2779.615
G1 X717.297 Y282.703 E1876.19945
G1 X717.297 Y717.297 E1876.19945
G1 X282.703 Y717.297 E1876.19945
M73 P52 R361
G1 X282.703 Y283.003 E1874.90431
;WIPE_START
G1 F600
G1 X289.703 Y282.999 E-10
;WIPE_END
G1 Z218 F15000
G1 X285.15 Y400.743 Z218
G1 Z217
G1 E17 F9000
;TYPE:Sparse infill
;WIDTH:3.2
G1 F2779.614
G1 X285.15 Y389.231 E49.70059
G1 X389.231 Y285.15 E635.45138
G1 X400.743 Y285.15 E49.70059
;WIPE_START
G1 F600
G1 X393.743 Y285.15 E-10
;WIPE_END
G1 Z218 F15000
G1 X285.15 Y563.553 Z218
G1 Z217
G1 E17 F9000
G1 F2779.614
G1 X285.15 Y552.04 E49.70059
G1 X552.041 Y285.15 E1629.46316
G1 X563.553 Y285.15 E49.70059
;WIPE_START
G1 F600
G1 X556.553 Y285.15 E-10
;WIPE_END
G1 Z218 F15000
G1 X714.85 Y400.743 Z218
G1 Z217
G1 E17 F9000
G1 F2779.614
G1 X714.85 Y389.231 E49.70059
G1 X610.769 Y285.15 E635.45139
G1 X599.257 Y285.15 E49.70059
;WIPE_START
G1 F600
G1 X606.257 Y285.15 E-10
;WIPE_END
G1 Z218 F15000
G1 X714.85 Y563.553 Z218
G1 Z217
G1 E17 F9000
G1 F2779.614
G1 X714.85 Y552.04 E49.70059
G1 X447.96 Y285.15 E1629.46316
M73 P53 R361
G1 X436.447 Y285.15 E49.70059
;WIPE_START
G1 F600
G1 X443.447 Y285.15 E-10
;WIPE_END
G1 Z218 F15000
G1 X436.447 Y714.85 Z218
G1 Z217
G1 E17 F9000
G1 F2779.614
M73 P53 R360
G1 X447.959 Y714.85 E49.70059
G1 X714.85 Y447.96 E1629.46317
G1 X714.85 Y436.447 E49.70059
;WIPE_START
G1 F600
G1 X714.85 Y443.447 E-10
;WIPE_END
G1 Z218 F15000
G1 X703.338 Y714.85 Z218
G1 Z217
G1 E17 F9000
G1 F2779.614
G1 X714.85 Y714.85 E49.70059
G1 X285.15 Y285.15 E2623.47492
G1 X296.662 Y285.15 E49.70059
;WIPE_START
G1 F600
G1 X289.662 Y285.15 E-10
;WIPE_END
G1 Z218 F15000
G1 X296.662 Y714.85 Z218
G1 Z217
G1 E17 F9000
G1 F2779.614
G1 X285.15 Y714.85 E49.70028
G1 X714.85 Y285.15 E2623.47449
G1 X703.338 Y285.15 E49.70028
;WIPE_START
G1 F600
G1 X710.338 Y285.15 E-10
;WIPE_END
G1 Z218 F15000
G1 X599.257 Y714.85 Z218
G1 Z217
G1 E17 F9000
G1 F2779.614
G1 X610.769 Y714.85 E49.70059
G1 X714.85 Y610.769 E635.45139
G1 X714.85 Y599.257 E49.70059
;WIPE_START
G1 F600
G1 X714.85 Y606.257 E-10
;WIPE_END
G1 Z218 F15000
G1 X563.553 Y714.85 Z218
G1 Z217
G1 E17 F9000
G1 F2779.614
G1 X552.04 Y714.85 E49.70059
G1 X285.15 Y447.96 E1629.46316
G1 X285.15 Y436.447 E49.70059
M73 P53 R359
;WIPE_START
G1 F600
G1 X285.15 Y443.447 E-10
;WIPE_END
G1 Z218 F15000
G1 X400.743 Y714.85 Z218
G1 Z217
G1 E17 F9000
G1 F2779.614
G1 X389.231 Y714.85 E49.70059
G1 X285.15 Y610.769 E635.45139
G1 X285.15 Y599.257 E49.70059
; stop printing object Cube id:0 copy 0
;LAYER_CHANGE
;Z:218.5
;HEIGHT:1.5
;BEFORE_LAYER_CHANGE
;218.5
G92 E0

EXCLUDE_OBJECT_END NAME=Cube_id_0_copy_0
;AFTER_LAYER_CHANGE
;218.5
;_SET_FAN_SPEED_CHANGING_LAYER
; printing object Cube id:0 copy 0
;WIPE_START
G1 F600
G1 X285.15 Y606.257 E-10
;WIPE_END
EXCLUDE_OBJECT_START NAME=Cube_id_0_copy_0
G1 Z219.5 F15000
G1 X282.703 Y717.297 Z219.5
G1 Z218.5
G1 E17 F9000
;TYPE:Outer wall
;WIDTH:3.2
G1 F2779.615
G1 X282.703 Y282.703 E1876.19945
G1 X717.297 Y282.703 E1876.19945
G1 X717.297 Y717.297 E1876.19945
G1 X283.003 Y717.297 E1874.90431
;WIPE_START
G1 F600
G1 X282.999 Y710.297 E-10
;WIPE_END
G1 Z219.5 F15000
G1 X285.15 Y599.257 Z219.5
G1 Z218.5
G1 E17 F9000
;TYPE:Sparse infill
;WIDTH:3.2
G1 F2779.614
G1 X285.15 Y610.769 E49.70059
G1 X389.231 Y714.85 E635.45139
G1 X400.743 Y714.85 E49.70059
;WIPE_START
G1 F600
G1 X393.743 Y714.85 E-10
;WIPE_END
G1 Z219.5 F15000
G1 X285.15 Y436.447 Z219.5
G1 Z218.5
G1 E17 F9000
G1 F2779.614
G1 X285.15 Y447.96 E49.70059
G1 X552.04 Y714.85 E1629.46316
G1 X563.553 Y714.85 E49.70059
M73 P53 R358
;WIPE_START
G1 F600
G1 X556.553 Y714.85 E-10
;WIPE_END
G1 Z219.5 F15000
G1 X714.85 Y599.257 Z219.5
G1 Z218.5
G1 E17 F9000
G1 F2779.614
G1 X714.85 Y610.769 E49.70059
G1 X610.769 Y714.85 E635.45139
G1 X599.257 Y714.85 E49.70059
;WIPE_START
G1 F600
G1 X606.257 Y714.85 E-10
;WIPE_END
G1 Z219.5 F15000
G1 X714.85 Y436.447 Z219.5
G1 Z218.5
G1 E17 F9000
G1 F2779.614
G1 X714.85 Y447.96 E49.70059
G1 X447.959 Y714.85 E1629.46317
G1 X436.447 Y714.85 E49.70059
;WIPE_START
G1 F600
G1 X443.447 Y714.85 E-10
;WIPE_END
G1 Z219.5 F15000
G1 X436.447 Y285.15 Z219.5
G1 Z218.5
G1 E17 F9000
G1 F2779.614
G1 X447.96 Y285.15 E49.70059
G1 X714.85 Y552.04 E1629.46316
G1 X714.85 Y563.553 E49.70059
;WIPE_START
G1 F600
G1 X714.85 Y556.553 E-10
;WIPE_END
G1 Z219.5 F15000
G1 X703.338 Y285.15 Z219.5
G1 Z218.5
G1 E17 F9000
G1 F2779.614
G1 X714.85 Y285.15 E49.70028
G1 X285.15 Y714.85 E2623.47449
G1 X296.662 Y714.85 E49.70028
;WIPE_START
G1 F600
G1 X289.662 Y714.85 E-10
;WIPE_END
G1 Z219.5 F15000
G1 X296.662 Y285.15 Z219.5
G1 Z218.5
G1 E17 F9000
G1 F2779.614
G1 X285.15 Y285.15 E49.70059
G1 X714.85 Y714.85 E2623.47492
G1 X703.338 Y714.85 E49.70059
M73 P53 R357
;WIPE_START
G1 F600
G1 X710.338 Y714.85 E-10
;WIPE_END
G1 Z219.5 F15000
G1 X599.257 Y285.15 Z219.5
G1 Z218.5
G1 E17 F9000
G1 F2779.614
G1 X610.769 Y285.15 E49.70059
G1 X714.85 Y389.231 E635.45139
G1 X714.85 Y400.743 E49.70059
;WIPE_START
G1 F600
G1 X714.85 Y393.743 E-10
;WIPE_END
G1 Z219.5 F15000
G1 X563.553 Y285.15 Z219.5
G1 Z218.5
G1 E17 F9000
G1 F2779.614
G1 X552.041 Y285.15 E49.70059
G1 X285.15 Y552.04 E1629.46316
G1 X285.15 Y563.553 E49.70059
;WIPE_START
G1 F600
G1 X285.15 Y556.553 E-10
;WIPE_END
G1 Z219.5 F15000
G1 X400.743 Y285.15 Z219.5
G1 Z218.5
G1 E17 F9000
G1 F2779.614
G1 X389.231 Y285.15 E49.70059
G1 X285.15 Y389.231 E635.45138
G1 X285.15 Y400.743 E49.70059
; stop printing object Cube id:0 copy 0
;LAYER_CHANGE
;Z:220
;HEIGHT:1.5
;BEFORE_LAYER_CHANGE
;220
G92 E0

EXCLUDE_OBJECT_END NAME=Cube_id_0_copy_0
;AFTER_LAYER_CHANGE
;220
;_SET_FAN_SPEED_CHANGING_LAYER
; printing object Cube id:0 copy 0
;WIPE_START
G1 F600
G1 X285.15 Y393.743 E-10
;WIPE_END
EXCLUDE_OBJECT_START NAME=Cube_id_0_copy_0
G1 Z221 F15000
G1 X282.703 Y282.703 Z221
G1 Z220
G1 E17 F9000
;TYPE:Outer wall
;WIDTH:3.2
G1 F2779.615
G1 X717.297 Y282.703 E1876.19945
G1 X717.297 Y717.297 E1876.19945
G1 X282.703 Y717.297 E1876.19945
G1 X282.703 Y283.003 E1874.90431
M73 P53 R356
;WIPE_START
G1 F600
G1 X289.703 Y282.999 E-10
;WIPE_END
G1 Z221 F15000
G1 X285.15 Y400.743 Z221
G1 Z220
G1 E17 F9000
;TYPE:Sparse infill
;WIDTH:3.2
G1 F2779.614
G1 X285.15 Y389.231 E49.70059
G1 X389.231 Y285.15 E635.45138
G1 X400.743 Y285.15 E49.70059
;WIPE_START
G1 F600
G1 X393.743 Y285.15 E-10
;WIPE_END
G1 Z221 F15000
G1 X285.15 Y563.553 Z221
G1 Z220
G1 E17 F9000
G1 F2779.614
G1 X285.15 Y552.04 E49.70059
G1 X552.041 Y285.15 E1629.46316
G1 X563.553 Y285.15 E49.70059
;WIPE_START
G1 F600
G1 X556.553 Y285.15 E-10
;WIPE_END
G1 Z221 F15000
G1 X714.85 Y400.743 Z221
G1 Z220
G1 E17 F9000
G1 F2779.614
G1 X714.85 Y389.231 E49.70059
G1 X610.769 Y285.15 E635.45139
G1 X599.257 Y285.15 E49.70059
;WIPE_START
G1 F600
G1 X606.257 Y285.15 E-10
;WIPE_END
G1 Z221 F15000
G1 X714.85 Y563.553 Z221
G1 Z220
G1 E17 F9000
G1 F2779.614
G1 X714.85 Y552.04 E49.70059
G1 X447.96 Y285.15 E1629.46316
G1 X436.447 Y285.15 E49.70059
;WIPE_START
G1 F600
G1 X443.447 Y285.15 E-10
;WIPE_END
G1 Z221 F15000
G1 X436.447 Y714.85 Z221
G1 Z220
G1 E17 F9000
G1 F2779.614
G1 X447.959 Y714.85 E49.70059
G1 X714.85 Y447.96 E1629.46317
G1 X714.85 Y436.447 E49.70059
M73 P53 R355
;WIPE_START
G1 F600
G1 X714.85 Y443.447 E-10
;WIPE_END
G1 Z221 F15000
G1 X703.338 Y714.85 Z221
G1 Z220
G1 E17 F9000
G1 F2779.614
G1 X714.85 Y714.85 E49.70059
G1 X285.15 Y285.15 E2623.47492
G1 X296.662 Y285.15 E49.70059
;WIPE_START
G1 F600
G1 X289.662 Y285.15 E-10
;WIPE_END
G1 Z221 F15000
G1 X296.662 Y714.85 Z221
G1 Z220
G1 E17 F9000
G1 F2779.614
G1 X285.15 Y714.85 E49.70028
G1 X714.85 Y285.15 E2623.47449
G1 X703.338 Y285.15 E49.70028
;WIPE_START
G1 F600
G1 X710.338 Y285.15 E-10
;WIPE_END
G1 Z221 F15000
G1 X599.257 Y714.85 Z221
G1 Z220
G1 E17 F9000
G1 F2779.614
G1 X610.769 Y714.85 E49.70059
G1 X714.85 Y610.769 E635.45139
G1 X714.85 Y599.257 E49.70059
;WIPE_START
G1 F600
G1 X714.85 Y606.257 E-10
;WIPE_END
G1 Z221 F15000
G1 X563.553 Y714.85 Z221
G1 Z220
G1 E17 F9000
G1 F2779.614
G1 X552.04 Y714.85 E49.70059
G1 X285.15 Y447.96 E1629.46316
G1 X285.15 Y436.447 E49.70059
;WIPE_START
G1 F600
G1 X285.15 Y443.447 E-10
;WIPE_END
G1 Z221 F15000
G1 X400.743 Y714.85 Z221
G1 Z220
G1 E17 F9000
G1 F2779.614
G1 X389.231 Y714.85 E49.70059
G1 X285.15 Y610.769 E635.45139
G1 X285.15 Y599.257 E49.70059
M73 P53 R354
; stop printing object Cube id:0 copy 0
;LAYER_CHANGE
;Z:221.5
;HEIGHT:1.5
;BEFORE_LAYER_CHANGE
;221.5
G92 E0

EXCLUDE_OBJECT_END NAME=Cube_id_0_copy_0
;AFTER_LAYER_CHANGE
;221.5
;_SET_FAN_SPEED_CHANGING_LAYER
; printing object Cube id:0 copy 0
;WIPE_START
G1 F600
G1 X285.15 Y606.257 E-10
;WIPE_END
EXCLUDE_OBJECT_START NAME=Cube_id_0_copy_0
G1 Z222.5 F15000
G1 X282.703 Y717.297 Z222.5
G1 Z221.5
G1 E17 F9000
;TYPE:Outer wall
;WIDTH:3.2
G1 F2779.615
G1 X282.703 Y282.703 E1876.19945
G1 X717.297 Y282.703 E1876.19945
G1 X717.297 Y717.297 E1876.19945
G1 X283.003 Y717.297 E1874.90431
;WIPE_START
G1 F600
G1 X282.999 Y710.297 E-10
;WIPE_END
G1 Z222.5 F15000
G1 X285.15 Y599.257 Z222.5
G1 Z221.5
G1 E17 F9000
;TYPE:Sparse infill
;WIDTH:3.2
G1 F2779.614
G1 X285.15 Y610.769 E49.70059
G1 X389.231 Y714.85 E635.45139
G1 X400.743 Y714.85 E49.70059
;WIPE_START
G1 F600
G1 X393.743 Y714.85 E-10
;WIPE_END
G1 Z222.5 F15000
G1 X285.15 Y436.447 Z222.5
G1 Z221.5
G1 E17 F9000
G1 F2779.614
G1 X285.15 Y447.96 E49.70059
G1 X552.04 Y714.85 E1629.46316
G1 X563.553 Y714.85 E49.70059
;WIPE_START
G1 F600
G1 X556.553 Y714.85 E-10
;WIPE_END
G1 Z222.5 F15000
M73 P53 R353
G1 X714.85 Y599.257 Z222.5
G1 Z221.5
G1 E17 F9000
G1 F2779.614
G1 X714.85 Y610.769 E49.70059
G1 X610.769 Y714.85 E635.45139
G1 X599.257 Y714.85 E49.70059
;WIPE_START
G1 F600
G1 X606.257 Y714.85 E-10
;WIPE_END
G1 Z222.5 F15000
G1 X714.85 Y436.447 Z222.5
G1 Z221.5
G1 E17 F9000
G1 F2779.614
G1 X714.85 Y447.96 E49.70059
G1 X447.959 Y714.85 E1629.46317
G1 X436.447 Y714.85 E49.70059
;WIPE_START
G1 F600
G1 X443.447 Y714.85 E-10
;WIPE_END
G1 Z222.5 F15000
G1 X436.447 Y285.15 Z222.5
G1 Z221.5
G1 E17 F9000
G1 F2779.614
G1 X447.96 Y285.15 E49.70059
G1 X714.85 Y552.04 E1629.46316
G1 X714.85 Y563.553 E49.70059
M73 P54 R353
;WIPE_START
G1 F600
G1 X714.85 Y556.553 E-10
;WIPE_END
G1 Z222.5 F15000
G1 X703.338 Y285.15 Z222.5
G1 Z221.5
G1 E17 F9000
G1 F2779.614
G1 X714.85 Y285.15 E49.70028
G1 X285.15 Y714.85 E2623.47449
G1 X296.662 Y714.85 E49.70028
;WIPE_START
G1 F600
G1 X289.662 Y714.85 E-10
;WIPE_END
G1 Z222.5 F15000
G1 X296.662 Y285.15 Z222.5
G1 Z221.5
G1 E17 F9000
G1 F2779.614
G1 X285.15 Y285.15 E49.70059
G1 X714.85 Y714.85 E2623.47492
G1 X703.338 Y714.85 E49.70059
M73 P54 R352
;WIPE_START
G1 F600
G1 X710.338 Y714.85 E-10
;WIPE_END
G1 Z222.5 F15000
G1 X599.257 Y285.15 Z222.5
G1 Z221.5
G1 E17 F9000
G1 F2779.614
G1 X610.769 Y285.15 E49.70059
G1 X714.85 Y389.231 E635.45139
G1 X714.85 Y400.743 E49.70059
;WIPE_START
G1 F600
G1 X714.85 Y393.743 E-10
;WIPE_END
G1 Z222.5 F15000
G1 X563.553 Y285.15 Z222.5
G1 Z221.5
G1 E17 F9000
G1 F2779.614
G1 X552.041 Y285.15 E49.70059
G1 X285.15 Y552.04 E1629.46316
G1 X285.15 Y563.553 E49.70059
;WIPE_START
G1 F600
G1 X285.15 Y556.553 E-10
;WIPE_END
G1 Z222.5 F15000
G1 X400.743 Y285.15 Z222.5
G1 Z221.5
G1 E17 F9000
G1 F2779.614
G1 X389.231 Y285.15 E49.70059
G1 X285.15 Y389.231 E635.45138
G1 X285.15 Y400.743 E49.70059
; stop printing object Cube id:0 copy 0
;LAYER_CHANGE
;Z:223
;HEIGHT:1.5
;BEFORE_LAYER_CHANGE
;223
G92 E0

EXCLUDE_OBJECT_END NAME=Cube_id_0_copy_0
;AFTER_LAYER_CHANGE
;223
;_SET_FAN_SPEED_CHANGING_LAYER
; printing object Cube id:0 copy 0
;WIPE_START
G1 F600
G1 X285.15 Y393.743 E-10
;WIPE_END
EXCLUDE_OBJECT_START NAME=Cube_id_0_copy_0
G1 Z224 F15000
G1 X282.703 Y282.703 Z224
G1 Z223
G1 E17 F9000
;TYPE:Outer wall
;WIDTH:3.2
G1 F2779.615
G1 X717.297 Y282.703 E1876.19945
G1 X717.297 Y717.297 E1876.19945
G1 X282.703 Y717.297 E1876.19945
G1 X282.703 Y283.003 E1874.90431
;WIPE_START
G1 F600
M73 P54 R351
G1 X289.703 Y282.999 E-10
;WIPE_END
G1 Z224 F15000
G1 X285.15 Y400.743 Z224
G1 Z223
G1 E17 F9000
;TYPE:Sparse infill
;WIDTH:3.2
G1 F2779.614
G1 X285.15 Y389.231 E49.70059
G1 X389.231 Y285.15 E635.45138
G1 X400.743 Y285.15 E49.70059
;WIPE_START
G1 F600
G1 X393.743 Y285.15 E-10
;WIPE_END
G1 Z224 F15000
G1 X285.15 Y563.553 Z224
G1 Z223
G1 E17 F9000
G1 F2779.614
G1 X285.15 Y552.04 E49.70059
G1 X552.041 Y285.15 E1629.46316
G1 X563.553 Y285.15 E49.70059
;WIPE_START
G1 F600
G1 X556.553 Y285.15 E-10
;WIPE_END
G1 Z224 F15000
G1 X714.85 Y400.743 Z224
G1 Z223
G1 E17 F9000
G1 F2779.614
G1 X714.85 Y389.231 E49.70059
G1 X610.769 Y285.15 E635.45139
G1 X599.257 Y285.15 E49.70059
;WIPE_START
G1 F600
G1 X606.257 Y285.15 E-10
;WIPE_END
G1 Z224 F15000
G1 X714.85 Y563.553 Z224
G1 Z223
G1 E17 F9000
G1 F2779.614
G1 X714.85 Y552.04 E49.70059
G1 X447.96 Y285.15 E1629.46316
G1 X436.447 Y285.15 E49.70059
;WIPE_START
G1 F600
G1 X443.447 Y285.15 E-10
;WIPE_END
G1 Z224 F15000
G1 X436.447 Y714.85 Z224
G1 Z223
G1 E17 F9000
G1 F2779.614
G1 X447.959 Y714.85 E49.70059
G1 X714.85 Y447.96 E1629.46317
G1 X714.85 Y436.447 E49.70059
;WIPE_START
G1 F600
G1 X714.85 Y443.447 E-10
;WIPE_END
G1 Z224 F15000
G1 X703.338 Y714.85 Z224
G1 Z223
G1 E17 F9000
G1 F2779.614
G1 X714.85 Y714.85 E49.70059
G1 X285.15 Y285.15 E2623.47492
G1 X296.662 Y285.15 E49.70059
M73 P54 R350
;WIPE_START
G1 F600
G1 X289.662 Y285.15 E-10
;WIPE_END
G1 Z224 F15000
G1 X296.662 Y714.85 Z224
G1 Z223
G1 E17 F9000
G1 F2779.614
G1 X285.15 Y714.85 E49.70028
G1 X714.85 Y285.15 E2623.47449
G1 X703.338 Y285.15 E49.70028
;WIPE_START
G1 F600
G1 X710.338 Y285.15 E-10
;WIPE_END
G1 Z224 F15000
G1 X599.257 Y714.85 Z224
G1 Z223
G1 E17 F9000
G1 F2779.614
G1 X610.769 Y714.85 E49.70059
G1 X714.85 Y610.769 E635.45139
G1 X714.85 Y599.257 E49.70059
;WIPE_START
G1 F600
G1 X714.85 Y606.257 E-10
;WIPE_END
G1 Z224 F15000
G1 X563.553 Y714.85 Z224
G1 Z223
G1 E17 F9000
G1 F2779.614
G1 X552.04 Y714.85 E49.70059
G1 X285.15 Y447.96 E1629.46316
G1 X285.15 Y436.447 E49.70059
;WIPE_START
G1 F600
G1 X285.15 Y443.447 E-10
;WIPE_END
G1 Z224 F15000
G1 X400.743 Y714.85 Z224
G1 Z223
G1 E17 F9000
G1 F2779.614
G1 X389.231 Y714.85 E49.70059
G1 X285.15 Y610.769 E635.45139
G1 X285.15 Y599.257 E49.70059
; stop printing object Cube id:0 copy 0
;LAYER_CHANGE
;Z:224.5
;HEIGHT:1.5
;BEFORE_LAYER_CHANGE
;224.5
G92 E0

EXCLUDE_OBJECT_END NAME=Cube_id_0_copy_0
;AFTER_LAYER_CHANGE
;224.5
;_SET_FAN_SPEED_CHANGING_LAYER
; printing object Cube id:0 copy 0
;WIPE_START
G1 F600
G1 X285.15 Y606.257 E-10
;WIPE_END
EXCLUDE_OBJECT_START NAME=Cube_id_0_copy_0
G1 Z225.5 F15000
G1 X282.703 Y717.297 Z225.5
G1 Z224.5
G1 E17 F9000
;TYPE:Outer wall
;WIDTH:3.2
G1 F2779.615
G1 X282.703 Y282.703 E1876.19945
G1 X717.297 Y282.703 E1876.19945
M73 P54 R349
G1 X717.297 Y717.297 E1876.19945
G1 X283.003 Y717.297 E1874.90431
;WIPE_START
G1 F600
G1 X282.999 Y710.297 E-10
;WIPE_END
G1 Z225.5 F15000
G1 X285.15 Y599.257 Z225.5
G1 Z224.5
G1 E17 F9000
;TYPE:Sparse infill
;WIDTH:3.2
G1 F2779.614
G1 X285.15 Y610.769 E49.70059
G1 X389.231 Y714.85 E635.45139
G1 X400.743 Y714.85 E49.70059
;WIPE_START
G1 F600
G1 X393.743 Y714.85 E-10
;WIPE_END
G1 Z225.5 F15000
G1 X285.15 Y436.447 Z225.5
G1 Z224.5
G1 E17 F9000
G1 F2779.614
G1 X285.15 Y447.96 E49.70059
G1 X552.04 Y714.85 E1629.46316
G1 X563.553 Y714.85 E49.70059
;WIPE_START
G1 F600
G1 X556.553 Y714.85 E-10
;WIPE_END
G1 Z225.5 F15000
G1 X714.85 Y599.257 Z225.5
G1 Z224.5
G1 E17 F9000
G1 F2779.614
G1 X714.85 Y610.769 E49.70059
G1 X610.769 Y714.85 E635.45139
G1 X599.257 Y714.85 E49.70059
;WIPE_START
G1 F600
G1 X606.257 Y714.85 E-10
;WIPE_END
G1 Z225.5 F15000
M73 P54 R348
G1 X714.85 Y436.447 Z225.5
G1 Z224.5
G1 E17 F9000
G1 F2779.614
G1 X714.85 Y447.96 E49.70059
G1 X447.959 Y714.85 E1629.46317
G1 X436.447 Y714.85 E49.70059
;WIPE_START
G1 F600
G1 X443.447 Y714.85 E-10
;WIPE_END
G1 Z225.5 F15000
G1 X436.447 Y285.15 Z225.5
G1 Z224.5
G1 E17 F9000
G1 F2779.614
G1 X447.96 Y285.15 E49.70059
G1 X714.85 Y552.04 E1629.46316
G1 X714.85 Y563.553 E49.70059
;WIPE_START
G1 F600
G1 X714.85 Y556.553 E-10
;WIPE_END
G1 Z225.5 F15000
G1 X703.338 Y285.15 Z225.5
G1 Z224.5
G1 E17 F9000
G1 F2779.614
G1 X714.85 Y285.15 E49.70028
G1 X285.15 Y714.85 E2623.47449
G1 X296.662 Y714.85 E49.70028
;WIPE_START
G1 F600
G1 X289.662 Y714.85 E-10
;WIPE_END
G1 Z225.5 F15000
G1 X296.662 Y285.15 Z225.5
G1 Z224.5
G1 E17 F9000
G1 F2779.614
G1 X285.15 Y285.15 E49.70059
G1 X714.85 Y714.85 E2623.47492
G1 X703.338 Y714.85 E49.70059
;WIPE_START
G1 F600
G1 X710.338 Y714.85 E-10
;WIPE_END
G1 Z225.5 F15000
G1 X599.257 Y285.15 Z225.5
G1 Z224.5
M73 P54 R347
G1 E17 F9000
G1 F2779.614
G1 X610.769 Y285.15 E49.70059
G1 X714.85 Y389.231 E635.45139
G1 X714.85 Y400.743 E49.70059
;WIPE_START
G1 F600
G1 X714.85 Y393.743 E-10
;WIPE_END
G1 Z225.5 F15000
G1 X563.553 Y285.15 Z225.5
G1 Z224.5
G1 E17 F9000
G1 F2779.614
G1 X552.041 Y285.15 E49.70059
G1 X285.15 Y552.04 E1629.46316
G1 X285.15 Y563.553 E49.70059
;WIPE_START
G1 F600
G1 X285.15 Y556.553 E-10
;WIPE_END
G1 Z225.5 F15000
G1 X400.743 Y285.15 Z225.5
G1 Z224.5
G1 E17 F9000
G1 F2779.614
G1 X389.231 Y285.15 E49.70059
G1 X285.15 Y389.231 E635.45138
G1 X285.15 Y400.743 E49.70059
; stop printing object Cube id:0 copy 0
;LAYER_CHANGE
;Z:226
;HEIGHT:1.5
;BEFORE_LAYER_CHANGE
;226
G92 E0

EXCLUDE_OBJECT_END NAME=Cube_id_0_copy_0
;AFTER_LAYER_CHANGE
;226
;_SET_FAN_SPEED_CHANGING_LAYER
; printing object Cube id:0 copy 0
;WIPE_START
G1 F600
G1 X285.15 Y393.743 E-10
;WIPE_END
EXCLUDE_OBJECT_START NAME=Cube_id_0_copy_0
G1 Z227 F15000
G1 X282.703 Y282.703 Z227
G1 Z226
G1 E17 F9000
;TYPE:Outer wall
;WIDTH:3.2
G1 F2779.615
G1 X717.297 Y282.703 E1876.19945
G1 X717.297 Y717.297 E1876.19945
G1 X282.703 Y717.297 E1876.19945
G1 X282.703 Y283.003 E1874.90431
;WIPE_START
G1 F600
M73 P54 R346
G1 X289.703 Y282.999 E-10
;WIPE_END
G1 Z227 F15000
G1 X285.15 Y400.743 Z227
G1 Z226
G1 E17 F9000
;TYPE:Sparse infill
;WIDTH:3.2
G1 F2779.614
G1 X285.15 Y389.231 E49.70059
G1 X389.231 Y285.15 E635.45138
G1 X400.743 Y285.15 E49.70059
;WIPE_START
G1 F600
G1 X393.743 Y285.15 E-10
;WIPE_END
G1 Z227 F15000
G1 X285.15 Y563.553 Z227
G1 Z226
G1 E17 F9000
G1 F2779.614
G1 X285.15 Y552.04 E49.70059
G1 X552.041 Y285.15 E1629.46316
G1 X563.553 Y285.15 E49.70059
;WIPE_START
G1 F600
G1 X556.553 Y285.15 E-10
;WIPE_END
G1 Z227 F15000
G1 X714.85 Y400.743 Z227
G1 Z226
G1 E17 F9000
G1 F2779.614
G1 X714.85 Y389.231 E49.70059
G1 X610.769 Y285.15 E635.45139
G1 X599.257 Y285.15 E49.70059
;WIPE_START
G1 F600
G1 X606.257 Y285.15 E-10
;WIPE_END
G1 Z227 F15000
G1 X714.85 Y563.553 Z227
G1 Z226
G1 E17 F9000
G1 F2779.614
G1 X714.85 Y552.04 E49.70059
G1 X447.96 Y285.15 E1629.46316
G1 X436.447 Y285.15 E49.70059
;WIPE_START
G1 F600
G1 X443.447 Y285.15 E-10
;WIPE_END
G1 Z227 F15000
G1 X436.447 Y714.85 Z227
G1 Z226
G1 E17 F9000
G1 F2779.614
G1 X447.959 Y714.85 E49.70059
G1 X714.85 Y447.96 E1629.46317
G1 X714.85 Y436.447 E49.70059
;WIPE_START
G1 F600
G1 X714.85 Y443.447 E-10
;WIPE_END
G1 Z227 F15000
G1 X703.338 Y714.85 Z227
G1 Z226
G1 E17 F9000
G1 F2779.614
G1 X714.85 Y714.85 E49.70059
G1 X285.15 Y285.15 E2623.47492
G1 X296.662 Y285.15 E49.70059
M73 P54 R345
;WIPE_START
G1 F600
G1 X289.662 Y285.15 E-10
;WIPE_END
G1 Z227 F15000
G1 X296.662 Y714.85 Z227
G1 Z226
G1 E17 F9000
G1 F2779.614
G1 X285.15 Y714.85 E49.70028
G1 X714.85 Y285.15 E2623.47449
M73 P55 R345
G1 X703.338 Y285.15 E49.70028
;WIPE_START
G1 F600
G1 X710.338 Y285.15 E-10
;WIPE_END
G1 Z227 F15000
G1 X599.257 Y714.85 Z227
G1 Z226
G1 E17 F9000
G1 F2779.614
G1 X610.769 Y714.85 E49.70059
G1 X714.85 Y610.769 E635.45139
G1 X714.85 Y599.257 E49.70059
;WIPE_START
G1 F600
G1 X714.85 Y606.257 E-10
;WIPE_END
G1 Z227 F15000
G1 X563.553 Y714.85 Z227
G1 Z226
G1 E17 F9000
G1 F2779.614
G1 X552.04 Y714.85 E49.70059
G1 X285.15 Y447.96 E1629.46316
G1 X285.15 Y436.447 E49.70059
;WIPE_START
G1 F600
G1 X285.15 Y443.447 E-10
;WIPE_END
G1 Z227 F15000
G1 X400.743 Y714.85 Z227
G1 Z226
G1 E17 F9000
G1 F2779.614
G1 X389.231 Y714.85 E49.70059
G1 X285.15 Y610.769 E635.45139
G1 X285.15 Y599.257 E49.70059
; stop printing object Cube id:0 copy 0
;LAYER_CHANGE
;Z:227.5
;HEIGHT:1.5
;BEFORE_LAYER_CHANGE
;227.5
G92 E0

EXCLUDE_OBJECT_END NAME=Cube_id_0_copy_0
;AFTER_LAYER_CHANGE
;227.5
;_SET_FAN_SPEED_CHANGING_LAYER
; printing object Cube id:0 copy 0
;WIPE_START
G1 F600
G1 X285.15 Y606.257 E-10
;WIPE_END
EXCLUDE_OBJECT_START NAME=Cube_id_0_copy_0
G1 Z228.5 F15000
G1 X282.703 Y717.297 Z228.5
G1 Z227.5
G1 E17 F9000
;TYPE:Outer wall
;WIDTH:3.2
G1 F2779.615
G1 X282.703 Y282.703 E1876.19945
G1 X717.297 Y282.703 E1876.19945
M73 P55 R344
G1 X717.297 Y717.297 E1876.19945
G1 X283.003 Y717.297 E1874.90431
;WIPE_START
G1 F600
G1 X282.999 Y710.297 E-10
;WIPE_END
G1 Z228.5 F15000
G1 X285.15 Y599.257 Z228.5
G1 Z227.5
G1 E17 F9000
;TYPE:Sparse infill
;WIDTH:3.2
G1 F2779.614
G1 X285.15 Y610.769 E49.70059
G1 X389.231 Y714.85 E635.45139
G1 X400.743 Y714.85 E49.70059
;WIPE_START
G1 F600
G1 X393.743 Y714.85 E-10
;WIPE_END
G1 Z228.5 F15000
G1 X285.15 Y436.447 Z228.5
G1 Z227.5
G1 E17 F9000
G1 F2779.614
G1 X285.15 Y447.96 E49.70059
G1 X552.04 Y714.85 E1629.46316
G1 X563.553 Y714.85 E49.70059
;WIPE_START
G1 F600
G1 X556.553 Y714.85 E-10
;WIPE_END
G1 Z228.5 F15000
G1 X714.85 Y599.257 Z228.5
G1 Z227.5
G1 E17 F9000
G1 F2779.614
G1 X714.85 Y610.769 E49.70059
G1 X610.769 Y714.85 E635.45139
G1 X599.257 Y714.85 E49.70059
;WIPE_START
G1 F600
G1 X606.257 Y714.85 E-10
;WIPE_END
G1 Z228.5 F15000
G1 X714.85 Y436.447 Z228.5
G1 Z227.5
G1 E17 F9000
G1 F2779.614
G1 X714.85 Y447.96 E49.70059
G1 X447.959 Y714.85 E1629.46317
G1 X436.447 Y714.85 E49.70059
M73 P55 R343
;WIPE_START
G1 F600
G1 X443.447 Y714.85 E-10
;WIPE_END
G1 Z228.5 F15000
G1 X436.447 Y285.15 Z228.5
G1 Z227.5
G1 E17 F9000
G1 F2779.614
G1 X447.96 Y285.15 E49.70059
G1 X714.85 Y552.04 E1629.46316
G1 X714.85 Y563.553 E49.70059
;WIPE_START
G1 F600
G1 X714.85 Y556.553 E-10
;WIPE_END
G1 Z228.5 F15000
G1 X703.338 Y285.15 Z228.5
G1 Z227.5
G1 E17 F9000
G1 F2779.614
G1 X714.85 Y285.15 E49.70028
G1 X285.15 Y714.85 E2623.47449
G1 X296.662 Y714.85 E49.70028
;WIPE_START
G1 F600
G1 X289.662 Y714.85 E-10
;WIPE_END
G1 Z228.5 F15000
G1 X296.662 Y285.15 Z228.5
G1 Z227.5
G1 E17 F9000
G1 F2779.614
G1 X285.15 Y285.15 E49.70059
G1 X714.85 Y714.85 E2623.47492
G1 X703.338 Y714.85 E49.70059
;WIPE_START
G1 F600
G1 X710.338 Y714.85 E-10
;WIPE_END
G1 Z228.5 F15000
G1 X599.257 Y285.15 Z228.5
G1 Z227.5
G1 E17 F9000
G1 F2779.614
G1 X610.769 Y285.15 E49.70059
G1 X714.85 Y389.231 E635.45139
G1 X714.85 Y400.743 E49.70059
;WIPE_START
G1 F600
G1 X714.85 Y393.743 E-10
;WIPE_END
G1 Z228.5 F15000
G1 X563.553 Y285.15 Z228.5
G1 Z227.5
M73 P55 R342
G1 E17 F9000
G1 F2779.614
G1 X552.041 Y285.15 E49.70059
G1 X285.15 Y552.04 E1629.46316
G1 X285.15 Y563.553 E49.70059
;WIPE_START
G1 F600
G1 X285.15 Y556.553 E-10
;WIPE_END
G1 Z228.5 F15000
G1 X400.743 Y285.15 Z228.5
G1 Z227.5
G1 E17 F9000
G1 F2779.614
G1 X389.231 Y285.15 E49.70059
G1 X285.15 Y389.231 E635.45138
G1 X285.15 Y400.743 E49.70059
; stop printing object Cube id:0 copy 0
;LAYER_CHANGE
;Z:229
;HEIGHT:1.5
;BEFORE_LAYER_CHANGE
;229
G92 E0

EXCLUDE_OBJECT_END NAME=Cube_id_0_copy_0
;AFTER_LAYER_CHANGE
;229
;_SET_FAN_SPEED_CHANGING_LAYER
; printing object Cube id:0 copy 0
;WIPE_START
G1 F600
G1 X285.15 Y393.743 E-10
;WIPE_END
EXCLUDE_OBJECT_START NAME=Cube_id_0_copy_0
G1 Z230 F15000
G1 X282.703 Y282.703 Z230
G1 Z229
G1 E17 F9000
;TYPE:Outer wall
;WIDTH:3.2
G1 F2779.615
G1 X717.297 Y282.703 E1876.19945
G1 X717.297 Y717.297 E1876.19945
G1 X282.703 Y717.297 E1876.19945
G1 X282.703 Y283.003 E1874.90431
;WIPE_START
G1 F600
G1 X289.703 Y282.999 E-10
;WIPE_END
G1 Z230 F15000
G1 X285.15 Y400.743 Z230
G1 Z229
G1 E17 F9000
;TYPE:Sparse infill
;WIDTH:3.2
G1 F2779.614
G1 X285.15 Y389.231 E49.70059
G1 X389.231 Y285.15 E635.45138
G1 X400.743 Y285.15 E49.70059
M73 P55 R341
;WIPE_START
G1 F600
G1 X393.743 Y285.15 E-10
;WIPE_END
G1 Z230 F15000
G1 X285.15 Y563.553 Z230
G1 Z229
G1 E17 F9000
G1 F2779.614
G1 X285.15 Y552.04 E49.70059
G1 X552.041 Y285.15 E1629.46316
G1 X563.553 Y285.15 E49.70059
;WIPE_START
G1 F600
G1 X556.553 Y285.15 E-10
;WIPE_END
G1 Z230 F15000
G1 X714.85 Y400.743 Z230
G1 Z229
G1 E17 F9000
G1 F2779.614
G1 X714.85 Y389.231 E49.70059
G1 X610.769 Y285.15 E635.45139
G1 X599.257 Y285.15 E49.70059
;WIPE_START
G1 F600
G1 X606.257 Y285.15 E-10
;WIPE_END
G1 Z230 F15000
G1 X714.85 Y563.553 Z230
G1 Z229
G1 E17 F9000
G1 F2779.614
G1 X714.85 Y552.04 E49.70059
G1 X447.96 Y285.15 E1629.46316
G1 X436.447 Y285.15 E49.70059
;WIPE_START
G1 F600
G1 X443.447 Y285.15 E-10
;WIPE_END
G1 Z230 F15000
G1 X436.447 Y714.85 Z230
G1 Z229
G1 E17 F9000
G1 F2779.614
G1 X447.959 Y714.85 E49.70059
G1 X714.85 Y447.96 E1629.46317
G1 X714.85 Y436.447 E49.70059
;WIPE_START
G1 F600
G1 X714.85 Y443.447 E-10
;WIPE_END
G1 Z230 F15000
G1 X703.338 Y714.85 Z230
G1 Z229
G1 E17 F9000
G1 F2779.614
G1 X714.85 Y714.85 E49.70059
G1 X285.15 Y285.15 E2623.47492
G1 X296.662 Y285.15 E49.70059
M73 P55 R340
;WIPE_START
G1 F600
G1 X289.662 Y285.15 E-10
;WIPE_END
G1 Z230 F15000
G1 X296.662 Y714.85 Z230
G1 Z229
G1 E17 F9000
G1 F2779.614
G1 X285.15 Y714.85 E49.70028
G1 X714.85 Y285.15 E2623.47449
G1 X703.338 Y285.15 E49.70028
;WIPE_START
G1 F600
G1 X710.338 Y285.15 E-10
;WIPE_END
G1 Z230 F15000
G1 X599.257 Y714.85 Z230
G1 Z229
G1 E17 F9000
G1 F2779.614
G1 X610.769 Y714.85 E49.70059
G1 X714.85 Y610.769 E635.45139
G1 X714.85 Y599.257 E49.70059
;WIPE_START
G1 F600
G1 X714.85 Y606.257 E-10
;WIPE_END
G1 Z230 F15000
G1 X563.553 Y714.85 Z230
G1 Z229
G1 E17 F9000
G1 F2779.614
G1 X552.04 Y714.85 E49.70059
G1 X285.15 Y447.96 E1629.46316
G1 X285.15 Y436.447 E49.70059
;WIPE_START
G1 F600
G1 X285.15 Y443.447 E-10
;WIPE_END
G1 Z230 F15000
G1 X400.743 Y714.85 Z230
G1 Z229
G1 E17 F9000
G1 F2779.614
G1 X389.231 Y714.85 E49.70059
G1 X285.15 Y610.769 E635.45139
G1 X285.15 Y599.257 E49.70059
; stop printing object Cube id:0 copy 0
;LAYER_CHANGE
;Z:230.5
;HEIGHT:1.5
;BEFORE_LAYER_CHANGE
;230.5
G92 E0

EXCLUDE_OBJECT_END NAME=Cube_id_0_copy_0
;AFTER_LAYER_CHANGE
;230.5
;_SET_FAN_SPEED_CHANGING_LAYER
; printing object Cube id:0 copy 0
;WIPE_START
G1 F600
G1 X285.15 Y606.257 E-10
;WIPE_END
EXCLUDE_OBJECT_START NAME=Cube_id_0_copy_0
G1 Z231.5 F15000
G1 X282.703 Y717.297 Z231.5
G1 Z230.5
G1 E17 F9000
;TYPE:Outer wall
;WIDTH:3.2
G1 F2779.615
G1 X282.703 Y282.703 E1876.19945
G1 X717.297 Y282.703 E1876.19945
G1 X717.297 Y717.297 E1876.19945
M73 P55 R339
G1 X283.003 Y717.297 E1874.90431
;WIPE_START
G1 F600
G1 X282.999 Y710.297 E-10
;WIPE_END
G1 Z231.5 F15000
G1 X285.15 Y599.257 Z231.5
G1 Z230.5
G1 E17 F9000
;TYPE:Sparse infill
;WIDTH:3.2
G1 F2779.614
G1 X285.15 Y610.769 E49.70059
G1 X389.231 Y714.85 E635.45139
G1 X400.743 Y714.85 E49.70059
;WIPE_START
G1 F600
G1 X393.743 Y714.85 E-10
;WIPE_END
G1 Z231.5 F15000
G1 X285.15 Y436.447 Z231.5
G1 Z230.5
G1 E17 F9000
G1 F2779.614
G1 X285.15 Y447.96 E49.70059
G1 X552.04 Y714.85 E1629.46316
G1 X563.553 Y714.85 E49.70059
;WIPE_START
G1 F600
G1 X556.553 Y714.85 E-10
;WIPE_END
G1 Z231.5 F15000
G1 X714.85 Y599.257 Z231.5
G1 Z230.5
G1 E17 F9000
G1 F2779.614
G1 X714.85 Y610.769 E49.70059
G1 X610.769 Y714.85 E635.45139
G1 X599.257 Y714.85 E49.70059
;WIPE_START
G1 F600
G1 X606.257 Y714.85 E-10
;WIPE_END
G1 Z231.5 F15000
G1 X714.85 Y436.447 Z231.5
G1 Z230.5
G1 E17 F9000
G1 F2779.614
G1 X714.85 Y447.96 E49.70059
G1 X447.959 Y714.85 E1629.46317
G1 X436.447 Y714.85 E49.70059
;WIPE_START
G1 F600
G1 X443.447 Y714.85 E-10
;WIPE_END
G1 Z231.5 F15000
G1 X436.447 Y285.15 Z231.5
G1 Z230.5
M73 P55 R338
G1 E17 F9000
G1 F2779.614
G1 X447.96 Y285.15 E49.70059
G1 X714.85 Y552.04 E1629.46316
G1 X714.85 Y563.553 E49.70059
;WIPE_START
G1 F600
G1 X714.85 Y556.553 E-10
;WIPE_END
G1 Z231.5 F15000
G1 X703.338 Y285.15 Z231.5
G1 Z230.5
G1 E17 F9000
G1 F2779.614
G1 X714.85 Y285.15 E49.70028
G1 X285.15 Y714.85 E2623.47449
G1 X296.662 Y714.85 E49.70028
;WIPE_START
G1 F600
G1 X289.662 Y714.85 E-10
;WIPE_END
G1 Z231.5 F15000
G1 X296.662 Y285.15 Z231.5
G1 Z230.5
G1 E17 F9000
G1 F2779.614
G1 X285.15 Y285.15 E49.70059
G1 X714.85 Y714.85 E2623.47492
G1 X703.338 Y714.85 E49.70059
;WIPE_START
G1 F600
G1 X710.338 Y714.85 E-10
;WIPE_END
G1 Z231.5 F15000
G1 X599.257 Y285.15 Z231.5
G1 Z230.5
G1 E17 F9000
G1 F2779.614
G1 X610.769 Y285.15 E49.70059
G1 X714.85 Y389.231 E635.45139
G1 X714.85 Y400.743 E49.70059
M73 P56 R338
;WIPE_START
G1 F600
G1 X714.85 Y393.743 E-10
;WIPE_END
G1 Z231.5 F15000
G1 X563.553 Y285.15 Z231.5
G1 Z230.5
G1 E17 F9000
G1 F2779.614
G1 X552.041 Y285.15 E49.70059
G1 X285.15 Y552.04 E1629.46316
G1 X285.15 Y563.553 E49.70059
M73 P56 R337
;WIPE_START
G1 F600
G1 X285.15 Y556.553 E-10
;WIPE_END
G1 Z231.5 F15000
G1 X400.743 Y285.15 Z231.5
G1 Z230.5
G1 E17 F9000
G1 F2779.614
G1 X389.231 Y285.15 E49.70059
G1 X285.15 Y389.231 E635.45138
G1 X285.15 Y400.743 E49.70059
; stop printing object Cube id:0 copy 0
;LAYER_CHANGE
;Z:232
;HEIGHT:1.5
;BEFORE_LAYER_CHANGE
;232
G92 E0

EXCLUDE_OBJECT_END NAME=Cube_id_0_copy_0
;AFTER_LAYER_CHANGE
;232
;_SET_FAN_SPEED_CHANGING_LAYER
; printing object Cube id:0 copy 0
;WIPE_START
G1 F600
G1 X285.15 Y393.743 E-10
;WIPE_END
EXCLUDE_OBJECT_START NAME=Cube_id_0_copy_0
G1 Z233 F15000
G1 X282.703 Y282.703 Z233
G1 Z232
G1 E17 F9000
;TYPE:Outer wall
;WIDTH:3.2
G1 F2779.615
G1 X717.297 Y282.703 E1876.19945
G1 X717.297 Y717.297 E1876.19945
G1 X282.703 Y717.297 E1876.19945
G1 X282.703 Y283.003 E1874.90431
;WIPE_START
G1 F600
G1 X289.703 Y282.999 E-10
;WIPE_END
G1 Z233 F15000
G1 X285.15 Y400.743 Z233
G1 Z232
G1 E17 F9000
;TYPE:Sparse infill
;WIDTH:3.2
G1 F2779.614
G1 X285.15 Y389.231 E49.70059
G1 X389.231 Y285.15 E635.45138
G1 X400.743 Y285.15 E49.70059
;WIPE_START
G1 F600
G1 X393.743 Y285.15 E-10
;WIPE_END
G1 Z233 F15000
G1 X285.15 Y563.553 Z233
G1 Z232
G1 E17 F9000
G1 F2779.614
G1 X285.15 Y552.04 E49.70059
G1 X552.041 Y285.15 E1629.46316
G1 X563.553 Y285.15 E49.70059
M73 P56 R336
;WIPE_START
G1 F600
G1 X556.553 Y285.15 E-10
;WIPE_END
G1 Z233 F15000
G1 X714.85 Y400.743 Z233
G1 Z232
G1 E17 F9000
G1 F2779.614
G1 X714.85 Y389.231 E49.70059
G1 X610.769 Y285.15 E635.45139
G1 X599.257 Y285.15 E49.70059
;WIPE_START
G1 F600
G1 X606.257 Y285.15 E-10
;WIPE_END
G1 Z233 F15000
G1 X714.85 Y563.553 Z233
G1 Z232
G1 E17 F9000
G1 F2779.614
G1 X714.85 Y552.04 E49.70059
G1 X447.96 Y285.15 E1629.46316
G1 X436.447 Y285.15 E49.70059
;WIPE_START
G1 F600
G1 X443.447 Y285.15 E-10
;WIPE_END
G1 Z233 F15000
G1 X436.447 Y714.85 Z233
G1 Z232
G1 E17 F9000
G1 F2779.614
G1 X447.959 Y714.85 E49.70059
G1 X714.85 Y447.96 E1629.46317
G1 X714.85 Y436.447 E49.70059
;WIPE_START
G1 F600
G1 X714.85 Y443.447 E-10
;WIPE_END
G1 Z233 F15000
G1 X703.338 Y714.85 Z233
G1 Z232
G1 E17 F9000
G1 F2779.614
G1 X714.85 Y714.85 E49.70059
G1 X285.15 Y285.15 E2623.47492
G1 X296.662 Y285.15 E49.70059
;WIPE_START
G1 F600
G1 X289.662 Y285.15 E-10
;WIPE_END
G1 Z233 F15000
G1 X296.662 Y714.85 Z233
G1 Z232
G1 E17 F9000
G1 F2779.614
G1 X285.15 Y714.85 E49.70028
G1 X714.85 Y285.15 E2623.47449
G1 X703.338 Y285.15 E49.70028
M73 P56 R335
;WIPE_START
G1 F600
G1 X710.338 Y285.15 E-10
;WIPE_END
G1 Z233 F15000
G1 X599.257 Y714.85 Z233
G1 Z232
G1 E17 F9000
G1 F2779.614
G1 X610.769 Y714.85 E49.70059
G1 X714.85 Y610.769 E635.45139
G1 X714.85 Y599.257 E49.70059
;WIPE_START
G1 F600
G1 X714.85 Y606.257 E-10
;WIPE_END
G1 Z233 F15000
G1 X563.553 Y714.85 Z233
G1 Z232
G1 E17 F9000
G1 F2779.614
G1 X552.04 Y714.85 E49.70059
G1 X285.15 Y447.96 E1629.46316
G1 X285.15 Y436.447 E49.70059
;WIPE_START
G1 F600
G1 X285.15 Y443.447 E-10
;WIPE_END
G1 Z233 F15000
G1 X400.743 Y714.85 Z233
G1 Z232
G1 E17 F9000
G1 F2779.614
G1 X389.231 Y714.85 E49.70059
G1 X285.15 Y610.769 E635.45139
G1 X285.15 Y599.257 E49.70059
; stop printing object Cube id:0 copy 0
;LAYER_CHANGE
;Z:233.5
;HEIGHT:1.5
;BEFORE_LAYER_CHANGE
;233.5
G92 E0

EXCLUDE_OBJECT_END NAME=Cube_id_0_copy_0
;AFTER_LAYER_CHANGE
;233.5
;_SET_FAN_SPEED_CHANGING_LAYER
; printing object Cube id:0 copy 0
;WIPE_START
G1 F600
G1 X285.15 Y606.257 E-10
;WIPE_END
EXCLUDE_OBJECT_START NAME=Cube_id_0_copy_0
G1 Z234.5 F15000
G1 X282.703 Y717.297 Z234.5
G1 Z233.5
G1 E17 F9000
;TYPE:Outer wall
;WIDTH:3.2
G1 F2779.615
G1 X282.703 Y282.703 E1876.19945
G1 X717.297 Y282.703 E1876.19945
G1 X717.297 Y717.297 E1876.19945
G1 X283.003 Y717.297 E1874.90431
M73 P56 R334
;WIPE_START
G1 F600
G1 X282.999 Y710.297 E-10
;WIPE_END
G1 Z234.5 F15000
G1 X285.15 Y599.257 Z234.5
G1 Z233.5
G1 E17 F9000
;TYPE:Sparse infill
;WIDTH:3.2
G1 F2779.614
G1 X285.15 Y610.769 E49.70059
G1 X389.231 Y714.85 E635.45139
G1 X400.743 Y714.85 E49.70059
;WIPE_START
G1 F600
G1 X393.743 Y714.85 E-10
;WIPE_END
G1 Z234.5 F15000
G1 X285.15 Y436.447 Z234.5
G1 Z233.5
G1 E17 F9000
G1 F2779.614
G1 X285.15 Y447.96 E49.70059
G1 X552.04 Y714.85 E1629.46316
G1 X563.553 Y714.85 E49.70059
;WIPE_START
G1 F600
G1 X556.553 Y714.85 E-10
;WIPE_END
G1 Z234.5 F15000
G1 X714.85 Y599.257 Z234.5
G1 Z233.5
G1 E17 F9000
G1 F2779.614
G1 X714.85 Y610.769 E49.70059
G1 X610.769 Y714.85 E635.45139
G1 X599.257 Y714.85 E49.70059
;WIPE_START
G1 F600
G1 X606.257 Y714.85 E-10
;WIPE_END
G1 Z234.5 F15000
G1 X714.85 Y436.447 Z234.5
G1 Z233.5
G1 E17 F9000
G1 F2779.614
G1 X714.85 Y447.96 E49.70059
G1 X447.959 Y714.85 E1629.46317
G1 X436.447 Y714.85 E49.70059
;WIPE_START
G1 F600
G1 X443.447 Y714.85 E-10
;WIPE_END
G1 Z234.5 F15000
G1 X436.447 Y285.15 Z234.5
G1 Z233.5
G1 E17 F9000
G1 F2779.614
G1 X447.96 Y285.15 E49.70059
G1 X714.85 Y552.04 E1629.46316
G1 X714.85 Y563.553 E49.70059
M73 P56 R333
;WIPE_START
G1 F600
G1 X714.85 Y556.553 E-10
;WIPE_END
G1 Z234.5 F15000
G1 X703.338 Y285.15 Z234.5
G1 Z233.5
G1 E17 F9000
G1 F2779.614
G1 X714.85 Y285.15 E49.70028
G1 X285.15 Y714.85 E2623.47449
G1 X296.662 Y714.85 E49.70028
;WIPE_START
G1 F600
G1 X289.662 Y714.85 E-10
;WIPE_END
G1 Z234.5 F15000
G1 X296.662 Y285.15 Z234.5
G1 Z233.5
G1 E17 F9000
G1 F2779.614
G1 X285.15 Y285.15 E49.70059
G1 X714.85 Y714.85 E2623.47492
G1 X703.338 Y714.85 E49.70059
;WIPE_START
G1 F600
G1 X710.338 Y714.85 E-10
;WIPE_END
G1 Z234.5 F15000
G1 X599.257 Y285.15 Z234.5
G1 Z233.5
G1 E17 F9000
G1 F2779.614
G1 X610.769 Y285.15 E49.70059
G1 X714.85 Y389.231 E635.45139
G1 X714.85 Y400.743 E49.70059
;WIPE_START
G1 F600
G1 X714.85 Y393.743 E-10
;WIPE_END
G1 Z234.5 F15000
G1 X563.553 Y285.15 Z234.5
G1 Z233.5
G1 E17 F9000
G1 F2779.614
G1 X552.041 Y285.15 E49.70059
G1 X285.15 Y552.04 E1629.46316
G1 X285.15 Y563.553 E49.70059
;WIPE_START
G1 F600
G1 X285.15 Y556.553 E-10
;WIPE_END
G1 Z234.5 F15000
G1 X400.743 Y285.15 Z234.5
G1 Z233.5
G1 E17 F9000
G1 F2779.614
G1 X389.231 Y285.15 E49.70059
G1 X285.15 Y389.231 E635.45138
M73 P56 R332
G1 X285.15 Y400.743 E49.70059
; stop printing object Cube id:0 copy 0
;LAYER_CHANGE
;Z:235
;HEIGHT:1.5
;BEFORE_LAYER_CHANGE
;235
G92 E0

EXCLUDE_OBJECT_END NAME=Cube_id_0_copy_0
;AFTER_LAYER_CHANGE
;235
;_SET_FAN_SPEED_CHANGING_LAYER
; printing object Cube id:0 copy 0
;WIPE_START
G1 F600
G1 X285.15 Y393.743 E-10
;WIPE_END
EXCLUDE_OBJECT_START NAME=Cube_id_0_copy_0
G1 Z236 F15000
G1 X282.703 Y282.703 Z236
G1 Z235
G1 E17 F9000
;TYPE:Outer wall
;WIDTH:3.2
G1 F2779.615
G1 X717.297 Y282.703 E1876.19945
G1 X717.297 Y717.297 E1876.19945
G1 X282.703 Y717.297 E1876.19945
G1 X282.703 Y283.003 E1874.90431
;WIPE_START
G1 F600
G1 X289.703 Y282.999 E-10
;WIPE_END
G1 Z236 F15000
G1 X285.15 Y400.743 Z236
G1 Z235
G1 E17 F9000
;TYPE:Sparse infill
;WIDTH:3.2
G1 F2779.614
G1 X285.15 Y389.231 E49.70059
G1 X389.231 Y285.15 E635.45138
G1 X400.743 Y285.15 E49.70059
;WIPE_START
G1 F600
G1 X393.743 Y285.15 E-10
;WIPE_END
G1 Z236 F15000
G1 X285.15 Y563.553 Z236
G1 Z235
G1 E17 F9000
G1 F2779.614
G1 X285.15 Y552.04 E49.70059
G1 X552.041 Y285.15 E1629.46316
G1 X563.553 Y285.15 E49.70059
M73 P56 R331
;WIPE_START
G1 F600
G1 X556.553 Y285.15 E-10
;WIPE_END
G1 Z236 F15000
G1 X714.85 Y400.743 Z236
G1 Z235
G1 E17 F9000
G1 F2779.614
G1 X714.85 Y389.231 E49.70059
G1 X610.769 Y285.15 E635.45139
G1 X599.257 Y285.15 E49.70059
;WIPE_START
G1 F600
G1 X606.257 Y285.15 E-10
;WIPE_END
G1 Z236 F15000
G1 X714.85 Y563.553 Z236
G1 Z235
G1 E17 F9000
G1 F2779.614
G1 X714.85 Y552.04 E49.70059
G1 X447.96 Y285.15 E1629.46316
G1 X436.447 Y285.15 E49.70059
;WIPE_START
G1 F600
G1 X443.447 Y285.15 E-10
;WIPE_END
G1 Z236 F15000
G1 X436.447 Y714.85 Z236
G1 Z235
G1 E17 F9000
G1 F2779.614
G1 X447.959 Y714.85 E49.70059
G1 X714.85 Y447.96 E1629.46317
G1 X714.85 Y436.447 E49.70059
;WIPE_START
G1 F600
G1 X714.85 Y443.447 E-10
;WIPE_END
G1 Z236 F15000
G1 X703.338 Y714.85 Z236
G1 Z235
G1 E17 F9000
G1 F2779.614
G1 X714.85 Y714.85 E49.70059
G1 X285.15 Y285.15 E2623.47492
G1 X296.662 Y285.15 E49.70059
;WIPE_START
G1 F600
G1 X289.662 Y285.15 E-10
;WIPE_END
G1 Z236 F15000
G1 X296.662 Y714.85 Z236
G1 Z235
G1 E17 F9000
G1 F2779.614
G1 X285.15 Y714.85 E49.70028
G1 X714.85 Y285.15 E2623.47449
G1 X703.338 Y285.15 E49.70028
M73 P56 R330
;WIPE_START
G1 F600
G1 X710.338 Y285.15 E-10
;WIPE_END
G1 Z236 F15000
G1 X599.257 Y714.85 Z236
G1 Z235
G1 E17 F9000
G1 F2779.614
G1 X610.769 Y714.85 E49.70059
G1 X714.85 Y610.769 E635.45139
G1 X714.85 Y599.257 E49.70059
;WIPE_START
G1 F600
G1 X714.85 Y606.257 E-10
;WIPE_END
G1 Z236 F15000
G1 X563.553 Y714.85 Z236
G1 Z235
G1 E17 F9000
G1 F2779.614
G1 X552.04 Y714.85 E49.70059
G1 X285.15 Y447.96 E1629.46316
G1 X285.15 Y436.447 E49.70059
;WIPE_START
G1 F600
G1 X285.15 Y443.447 E-10
;WIPE_END
G1 Z236 F15000
G1 X400.743 Y714.85 Z236
G1 Z235
G1 E17 F9000
G1 F2779.614
G1 X389.231 Y714.85 E49.70059
G1 X285.15 Y610.769 E635.45139
G1 X285.15 Y599.257 E49.70059
; stop printing object Cube id:0 copy 0
;LAYER_CHANGE
;Z:236.5
;HEIGHT:1.5
;BEFORE_LAYER_CHANGE
;236.5
G92 E0

EXCLUDE_OBJECT_END NAME=Cube_id_0_copy_0
;AFTER_LAYER_CHANGE
;236.5
;_SET_FAN_SPEED_CHANGING_LAYER
; printing object Cube id:0 copy 0
;WIPE_START
G1 F600
G1 X285.15 Y606.257 E-10
;WIPE_END
EXCLUDE_OBJECT_START NAME=Cube_id_0_copy_0
G1 Z237.5 F15000
G1 X282.703 Y717.297 Z237.5
G1 Z236.5
G1 E17 F9000
;TYPE:Outer wall
;WIDTH:3.2
G1 F2779.615
M73 P57 R330
G1 X282.703 Y282.703 E1876.19945
G1 X717.297 Y282.703 E1876.19945
G1 X717.297 Y717.297 E1876.19945
G1 X283.003 Y717.297 E1874.90431
M73 P57 R329
;WIPE_START
G1 F600
G1 X282.999 Y710.297 E-10
;WIPE_END
G1 Z237.5 F15000
G1 X285.15 Y599.257 Z237.5
G1 Z236.5
G1 E17 F9000
;TYPE:Sparse infill
;WIDTH:3.2
G1 F2779.614
G1 X285.15 Y610.769 E49.70059
G1 X389.231 Y714.85 E635.45139
G1 X400.743 Y714.85 E49.70059
;WIPE_START
G1 F600
G1 X393.743 Y714.85 E-10
;WIPE_END
G1 Z237.5 F15000
G1 X285.15 Y436.447 Z237.5
G1 Z236.5
G1 E17 F9000
G1 F2779.614
G1 X285.15 Y447.96 E49.70059
G1 X552.04 Y714.85 E1629.46316
G1 X563.553 Y714.85 E49.70059
;WIPE_START
G1 F600
G1 X556.553 Y714.85 E-10
;WIPE_END
G1 Z237.5 F15000
G1 X714.85 Y599.257 Z237.5
G1 Z236.5
G1 E17 F9000
G1 F2779.614
G1 X714.85 Y610.769 E49.70059
G1 X610.769 Y714.85 E635.45139
G1 X599.257 Y714.85 E49.70059
;WIPE_START
G1 F600
G1 X606.257 Y714.85 E-10
;WIPE_END
G1 Z237.5 F15000
G1 X714.85 Y436.447 Z237.5
G1 Z236.5
G1 E17 F9000
G1 F2779.614
G1 X714.85 Y447.96 E49.70059
G1 X447.959 Y714.85 E1629.46317
G1 X436.447 Y714.85 E49.70059
;WIPE_START
G1 F600
G1 X443.447 Y714.85 E-10
;WIPE_END
G1 Z237.5 F15000
G1 X436.447 Y285.15 Z237.5
G1 Z236.5
G1 E17 F9000
G1 F2779.614
G1 X447.96 Y285.15 E49.70059
G1 X714.85 Y552.04 E1629.46316
G1 X714.85 Y563.553 E49.70059
;WIPE_START
G1 F600
G1 X714.85 Y556.553 E-10
;WIPE_END
G1 Z237.5 F15000
G1 X703.338 Y285.15 Z237.5
G1 Z236.5
M73 P57 R328
G1 E17 F9000
G1 F2779.614
G1 X714.85 Y285.15 E49.70028
G1 X285.15 Y714.85 E2623.47449
G1 X296.662 Y714.85 E49.70028
;WIPE_START
G1 F600
G1 X289.662 Y714.85 E-10
;WIPE_END
G1 Z237.5 F15000
G1 X296.662 Y285.15 Z237.5
G1 Z236.5
G1 E17 F9000
G1 F2779.614
G1 X285.15 Y285.15 E49.70059
G1 X714.85 Y714.85 E2623.47492
G1 X703.338 Y714.85 E49.70059
;WIPE_START
G1 F600
G1 X710.338 Y714.85 E-10
;WIPE_END
G1 Z237.5 F15000
G1 X599.257 Y285.15 Z237.5
G1 Z236.5
G1 E17 F9000
G1 F2779.614
G1 X610.769 Y285.15 E49.70059
G1 X714.85 Y389.231 E635.45139
G1 X714.85 Y400.743 E49.70059
;WIPE_START
G1 F600
G1 X714.85 Y393.743 E-10
;WIPE_END
G1 Z237.5 F15000
G1 X563.553 Y285.15 Z237.5
G1 Z236.5
G1 E17 F9000
G1 F2779.614
G1 X552.041 Y285.15 E49.70059
G1 X285.15 Y552.04 E1629.46316
G1 X285.15 Y563.553 E49.70059
;WIPE_START
G1 F600
G1 X285.15 Y556.553 E-10
;WIPE_END
G1 Z237.5 F15000
G1 X400.743 Y285.15 Z237.5
G1 Z236.5
G1 E17 F9000
G1 F2779.614
G1 X389.231 Y285.15 E49.70059
G1 X285.15 Y389.231 E635.45138
G1 X285.15 Y400.743 E49.70059
; stop printing object Cube id:0 copy 0
;LAYER_CHANGE
;Z:238
;HEIGHT:1.5
;BEFORE_LAYER_CHANGE
;238
G92 E0

EXCLUDE_OBJECT_END NAME=Cube_id_0_copy_0
;AFTER_LAYER_CHANGE
;238
;_SET_FAN_SPEED_CHANGING_LAYER
; printing object Cube id:0 copy 0
;WIPE_START
G1 F600
G1 X285.15 Y393.743 E-10
;WIPE_END
EXCLUDE_OBJECT_START NAME=Cube_id_0_copy_0
G1 Z239 F15000
G1 X282.703 Y282.703 Z239
G1 Z238
G1 E17 F9000
;TYPE:Outer wall
;WIDTH:3.2
G1 F2779.615
G1 X717.297 Y282.703 E1876.19945
G1 X717.297 Y717.297 E1876.19945
M73 P57 R327
G1 X282.703 Y717.297 E1876.19945
G1 X282.703 Y283.003 E1874.90431
;WIPE_START
G1 F600
G1 X289.703 Y282.999 E-10
;WIPE_END
G1 Z239 F15000
G1 X285.15 Y400.743 Z239
G1 Z238
G1 E17 F9000
;TYPE:Sparse infill
;WIDTH:3.2
G1 F2779.614
G1 X285.15 Y389.231 E49.70059
G1 X389.231 Y285.15 E635.45138
G1 X400.743 Y285.15 E49.70059
;WIPE_START
G1 F600
G1 X393.743 Y285.15 E-10
;WIPE_END
G1 Z239 F15000
G1 X285.15 Y563.553 Z239
G1 Z238
G1 E17 F9000
G1 F2779.614
G1 X285.15 Y552.04 E49.70059
G1 X552.041 Y285.15 E1629.46316
G1 X563.553 Y285.15 E49.70059
;WIPE_START
G1 F600
G1 X556.553 Y285.15 E-10
;WIPE_END
G1 Z239 F15000
G1 X714.85 Y400.743 Z239
G1 Z238
G1 E17 F9000
G1 F2779.614
G1 X714.85 Y389.231 E49.70059
G1 X610.769 Y285.15 E635.45139
G1 X599.257 Y285.15 E49.70059
M73 P57 R326
;WIPE_START
G1 F600
G1 X606.257 Y285.15 E-10
;WIPE_END
G1 Z239 F15000
G1 X714.85 Y563.553 Z239
G1 Z238
G1 E17 F9000
G1 F2779.614
G1 X714.85 Y552.04 E49.70059
G1 X447.96 Y285.15 E1629.46316
G1 X436.447 Y285.15 E49.70059
;WIPE_START
G1 F600
G1 X443.447 Y285.15 E-10
;WIPE_END
G1 Z239 F15000
G1 X436.447 Y714.85 Z239
G1 Z238
G1 E17 F9000
G1 F2779.614
G1 X447.959 Y714.85 E49.70059
G1 X714.85 Y447.96 E1629.46317
G1 X714.85 Y436.447 E49.70059
;WIPE_START
G1 F600
G1 X714.85 Y443.447 E-10
;WIPE_END
G1 Z239 F15000
G1 X703.338 Y714.85 Z239
G1 Z238
G1 E17 F9000
G1 F2779.614
G1 X714.85 Y714.85 E49.70059
G1 X285.15 Y285.15 E2623.47492
G1 X296.662 Y285.15 E49.70059
;WIPE_START
G1 F600
G1 X289.662 Y285.15 E-10
;WIPE_END
G1 Z239 F15000
G1 X296.662 Y714.85 Z239
G1 Z238
G1 E17 F9000
G1 F2779.614
G1 X285.15 Y714.85 E49.70028
G1 X714.85 Y285.15 E2623.47449
G1 X703.338 Y285.15 E49.70028
;WIPE_START
G1 F600
G1 X710.338 Y285.15 E-10
;WIPE_END
G1 Z239 F15000
M73 P57 R325
G1 X599.257 Y714.85 Z239
G1 Z238
G1 E17 F9000
G1 F2779.614
G1 X610.769 Y714.85 E49.70059
G1 X714.85 Y610.769 E635.45139
G1 X714.85 Y599.257 E49.70059
;WIPE_START
G1 F600
G1 X714.85 Y606.257 E-10
;WIPE_END
G1 Z239 F15000
G1 X563.553 Y714.85 Z239
G1 Z238
G1 E17 F9000
G1 F2779.614
G1 X552.04 Y714.85 E49.70059
G1 X285.15 Y447.96 E1629.46316
G1 X285.15 Y436.447 E49.70059
;WIPE_START
G1 F600
G1 X285.15 Y443.447 E-10
;WIPE_END
G1 Z239 F15000
G1 X400.743 Y714.85 Z239
G1 Z238
G1 E17 F9000
G1 F2779.614
G1 X389.231 Y714.85 E49.70059
G1 X285.15 Y610.769 E635.45139
G1 X285.15 Y599.257 E49.70059
; stop printing object Cube id:0 copy 0
;LAYER_CHANGE
;Z:239.5
;HEIGHT:1.5
;BEFORE_LAYER_CHANGE
;239.5
G92 E0

EXCLUDE_OBJECT_END NAME=Cube_id_0_copy_0
;AFTER_LAYER_CHANGE
;239.5
;_SET_FAN_SPEED_CHANGING_LAYER
; printing object Cube id:0 copy 0
;WIPE_START
G1 F600
G1 X285.15 Y606.257 E-10
;WIPE_END
EXCLUDE_OBJECT_START NAME=Cube_id_0_copy_0
G1 Z240.5 F15000
G1 X282.703 Y717.297 Z240.5
G1 Z239.5
G1 E17 F9000
;TYPE:Outer wall
;WIDTH:3.2
G1 F2779.615
G1 X282.703 Y282.703 E1876.19945
G1 X717.297 Y282.703 E1876.19945
G1 X717.297 Y717.297 E1876.19945
G1 X283.003 Y717.297 E1874.90431
;WIPE_START
G1 F600
M73 P57 R324
G1 X282.999 Y710.297 E-10
;WIPE_END
G1 Z240.5 F15000
G1 X285.15 Y599.257 Z240.5
G1 Z239.5
G1 E17 F9000
;TYPE:Sparse infill
;WIDTH:3.2
G1 F2779.614
G1 X285.15 Y610.769 E49.70059
G1 X389.231 Y714.85 E635.45139
G1 X400.743 Y714.85 E49.70059
;WIPE_START
G1 F600
G1 X393.743 Y714.85 E-10
;WIPE_END
G1 Z240.5 F15000
G1 X285.15 Y436.447 Z240.5
G1 Z239.5
G1 E17 F9000
G1 F2779.614
G1 X285.15 Y447.96 E49.70059
G1 X552.04 Y714.85 E1629.46316
G1 X563.553 Y714.85 E49.70059
;WIPE_START
G1 F600
G1 X556.553 Y714.85 E-10
;WIPE_END
G1 Z240.5 F15000
G1 X714.85 Y599.257 Z240.5
G1 Z239.5
G1 E17 F9000
G1 F2779.614
G1 X714.85 Y610.769 E49.70059
G1 X610.769 Y714.85 E635.45139
G1 X599.257 Y714.85 E49.70059
;WIPE_START
G1 F600
G1 X606.257 Y714.85 E-10
;WIPE_END
G1 Z240.5 F15000
G1 X714.85 Y436.447 Z240.5
G1 Z239.5
G1 E17 F9000
G1 F2779.614
G1 X714.85 Y447.96 E49.70059
G1 X447.959 Y714.85 E1629.46317
G1 X436.447 Y714.85 E49.70059
;WIPE_START
G1 F600
G1 X443.447 Y714.85 E-10
;WIPE_END
G1 Z240.5 F15000
G1 X436.447 Y285.15 Z240.5
G1 Z239.5
G1 E17 F9000
G1 F2779.614
G1 X447.96 Y285.15 E49.70059
G1 X714.85 Y552.04 E1629.46316
G1 X714.85 Y563.553 E49.70059
;WIPE_START
G1 F600
G1 X714.85 Y556.553 E-10
;WIPE_END
G1 Z240.5 F15000
G1 X703.338 Y285.15 Z240.5
G1 Z239.5
G1 E17 F9000
G1 F2779.614
G1 X714.85 Y285.15 E49.70028
G1 X285.15 Y714.85 E2623.47449
G1 X296.662 Y714.85 E49.70028
M73 P57 R323
;WIPE_START
G1 F600
G1 X289.662 Y714.85 E-10
;WIPE_END
G1 Z240.5 F15000
G1 X296.662 Y285.15 Z240.5
G1 Z239.5
G1 E17 F9000
G1 F2779.614
G1 X285.15 Y285.15 E49.70059
G1 X714.85 Y714.85 E2623.47492
G1 X703.338 Y714.85 E49.70059
;WIPE_START
G1 F600
G1 X710.338 Y714.85 E-10
;WIPE_END
G1 Z240.5 F15000
G1 X599.257 Y285.15 Z240.5
G1 Z239.5
G1 E17 F9000
G1 F2779.614
G1 X610.769 Y285.15 E49.70059
G1 X714.85 Y389.231 E635.45139
G1 X714.85 Y400.743 E49.70059
;WIPE_START
G1 F600
G1 X714.85 Y393.743 E-10
;WIPE_END
G1 Z240.5 F15000
G1 X563.553 Y285.15 Z240.5
G1 Z239.5
G1 E17 F9000
G1 F2779.614
G1 X552.041 Y285.15 E49.70059
G1 X285.15 Y552.04 E1629.46316
G1 X285.15 Y563.553 E49.70059
;WIPE_START
G1 F600
G1 X285.15 Y556.553 E-10
;WIPE_END
G1 Z240.5 F15000
G1 X400.743 Y285.15 Z240.5
G1 Z239.5
G1 E17 F9000
G1 F2779.614
G1 X389.231 Y285.15 E49.70059
G1 X285.15 Y389.231 E635.45138
G1 X285.15 Y400.743 E49.70059
; stop printing object Cube id:0 copy 0
;LAYER_CHANGE
;Z:241
;HEIGHT:1.5
;BEFORE_LAYER_CHANGE
;241
G92 E0

EXCLUDE_OBJECT_END NAME=Cube_id_0_copy_0
;AFTER_LAYER_CHANGE
;241
;_SET_FAN_SPEED_CHANGING_LAYER
; printing object Cube id:0 copy 0
;WIPE_START
G1 F600
G1 X285.15 Y393.743 E-10
;WIPE_END
EXCLUDE_OBJECT_START NAME=Cube_id_0_copy_0
G1 Z242 F15000
G1 X282.703 Y282.703 Z242
G1 Z241
G1 E17 F9000
;TYPE:Outer wall
;WIDTH:3.2
G1 F2779.615
G1 X717.297 Y282.703 E1876.19945
G1 X717.297 Y717.297 E1876.19945
M73 P57 R322
G1 X282.703 Y717.297 E1876.19945
G1 X282.703 Y283.003 E1874.90431
M73 P58 R322
;WIPE_START
G1 F600
G1 X289.703 Y282.999 E-10
;WIPE_END
G1 Z242 F15000
G1 X285.15 Y400.743 Z242
G1 Z241
G1 E17 F9000
;TYPE:Sparse infill
;WIDTH:3.2
G1 F2779.614
G1 X285.15 Y389.231 E49.70059
G1 X389.231 Y285.15 E635.45138
G1 X400.743 Y285.15 E49.70059
;WIPE_START
G1 F600
G1 X393.743 Y285.15 E-10
;WIPE_END
G1 Z242 F15000
G1 X285.15 Y563.553 Z242
G1 Z241
G1 E17 F9000
G1 F2779.614
G1 X285.15 Y552.04 E49.70059
G1 X552.041 Y285.15 E1629.46316
G1 X563.553 Y285.15 E49.70059
;WIPE_START
G1 F600
G1 X556.553 Y285.15 E-10
;WIPE_END
G1 Z242 F15000
G1 X714.85 Y400.743 Z242
G1 Z241
G1 E17 F9000
G1 F2779.614
G1 X714.85 Y389.231 E49.70059
G1 X610.769 Y285.15 E635.45139
G1 X599.257 Y285.15 E49.70059
;WIPE_START
G1 F600
G1 X606.257 Y285.15 E-10
;WIPE_END
G1 Z242 F15000
G1 X714.85 Y563.553 Z242
G1 Z241
G1 E17 F9000
G1 F2779.614
G1 X714.85 Y552.04 E49.70059
G1 X447.96 Y285.15 E1629.46316
G1 X436.447 Y285.15 E49.70059
M73 P58 R321
;WIPE_START
G1 F600
G1 X443.447 Y285.15 E-10
;WIPE_END
G1 Z242 F15000
G1 X436.447 Y714.85 Z242
G1 Z241
G1 E17 F9000
G1 F2779.614
G1 X447.959 Y714.85 E49.70059
G1 X714.85 Y447.96 E1629.46317
G1 X714.85 Y436.447 E49.70059
;WIPE_START
G1 F600
G1 X714.85 Y443.447 E-10
;WIPE_END
G1 Z242 F15000
G1 X703.338 Y714.85 Z242
G1 Z241
G1 E17 F9000
G1 F2779.614
G1 X714.85 Y714.85 E49.70059
G1 X285.15 Y285.15 E2623.47492
G1 X296.662 Y285.15 E49.70059
;WIPE_START
G1 F600
G1 X289.662 Y285.15 E-10
;WIPE_END
G1 Z242 F15000
G1 X296.662 Y714.85 Z242
G1 Z241
G1 E17 F9000
G1 F2779.614
G1 X285.15 Y714.85 E49.70028
G1 X714.85 Y285.15 E2623.47449
G1 X703.338 Y285.15 E49.70028
;WIPE_START
G1 F600
G1 X710.338 Y285.15 E-10
;WIPE_END
G1 Z242 F15000
G1 X599.257 Y714.85 Z242
G1 Z241
G1 E17 F9000
G1 F2779.614
G1 X610.769 Y714.85 E49.70059
G1 X714.85 Y610.769 E635.45139
G1 X714.85 Y599.257 E49.70059
M73 P58 R320
;WIPE_START
G1 F600
G1 X714.85 Y606.257 E-10
;WIPE_END
G1 Z242 F15000
G1 X563.553 Y714.85 Z242
G1 Z241
G1 E17 F9000
G1 F2779.614
G1 X552.04 Y714.85 E49.70059
G1 X285.15 Y447.96 E1629.46316
G1 X285.15 Y436.447 E49.70059
;WIPE_START
G1 F600
G1 X285.15 Y443.447 E-10
;WIPE_END
G1 Z242 F15000
G1 X400.743 Y714.85 Z242
G1 Z241
G1 E17 F9000
G1 F2779.614
G1 X389.231 Y714.85 E49.70059
G1 X285.15 Y610.769 E635.45139
G1 X285.15 Y599.257 E49.70059
; stop printing object Cube id:0 copy 0
;LAYER_CHANGE
;Z:242.5
;HEIGHT:1.5
;BEFORE_LAYER_CHANGE
;242.5
G92 E0

EXCLUDE_OBJECT_END NAME=Cube_id_0_copy_0
;AFTER_LAYER_CHANGE
;242.5
;_SET_FAN_SPEED_CHANGING_LAYER
; printing object Cube id:0 copy 0
;WIPE_START
G1 F600
G1 X285.15 Y606.257 E-10
;WIPE_END
EXCLUDE_OBJECT_START NAME=Cube_id_0_copy_0
G1 Z243.5 F15000
G1 X282.703 Y717.297 Z243.5
G1 Z242.5
G1 E17 F9000
;TYPE:Outer wall
;WIDTH:3.2
G1 F2779.615
G1 X282.703 Y282.703 E1876.19945
G1 X717.297 Y282.703 E1876.19945
G1 X717.297 Y717.297 E1876.19945
G1 X283.003 Y717.297 E1874.90431
;WIPE_START
G1 F600
G1 X282.999 Y710.297 E-10
;WIPE_END
G1 Z243.5 F15000
G1 X285.15 Y599.257 Z243.5
G1 Z242.5
G1 E17 F9000
M73 P58 R319
;TYPE:Sparse infill
;WIDTH:3.2
G1 F2779.614
G1 X285.15 Y610.769 E49.70059
G1 X389.231 Y714.85 E635.45139
G1 X400.743 Y714.85 E49.70059
;WIPE_START
G1 F600
G1 X393.743 Y714.85 E-10
;WIPE_END
G1 Z243.5 F15000
G1 X285.15 Y436.447 Z243.5
G1 Z242.5
G1 E17 F9000
G1 F2779.614
G1 X285.15 Y447.96 E49.70059
G1 X552.04 Y714.85 E1629.46316
G1 X563.553 Y714.85 E49.70059
;WIPE_START
G1 F600
G1 X556.553 Y714.85 E-10
;WIPE_END
G1 Z243.5 F15000
G1 X714.85 Y599.257 Z243.5
G1 Z242.5
G1 E17 F9000
G1 F2779.614
G1 X714.85 Y610.769 E49.70059
G1 X610.769 Y714.85 E635.45139
G1 X599.257 Y714.85 E49.70059
;WIPE_START
G1 F600
G1 X606.257 Y714.85 E-10
;WIPE_END
G1 Z243.5 F15000
G1 X714.85 Y436.447 Z243.5
G1 Z242.5
G1 E17 F9000
G1 F2779.614
G1 X714.85 Y447.96 E49.70059
G1 X447.959 Y714.85 E1629.46317
G1 X436.447 Y714.85 E49.70059
;WIPE_START
G1 F600
G1 X443.447 Y714.85 E-10
;WIPE_END
G1 Z243.5 F15000
G1 X436.447 Y285.15 Z243.5
G1 Z242.5
G1 E17 F9000
G1 F2779.614
G1 X447.96 Y285.15 E49.70059
G1 X714.85 Y552.04 E1629.46316
G1 X714.85 Y563.553 E49.70059
;WIPE_START
G1 F600
G1 X714.85 Y556.553 E-10
;WIPE_END
G1 Z243.5 F15000
G1 X703.338 Y285.15 Z243.5
G1 Z242.5
G1 E17 F9000
G1 F2779.614
G1 X714.85 Y285.15 E49.70028
G1 X285.15 Y714.85 E2623.47449
G1 X296.662 Y714.85 E49.70028
M73 P58 R318
;WIPE_START
G1 F600
G1 X289.662 Y714.85 E-10
;WIPE_END
G1 Z243.5 F15000
G1 X296.662 Y285.15 Z243.5
G1 Z242.5
G1 E17 F9000
G1 F2779.614
G1 X285.15 Y285.15 E49.70059
G1 X714.85 Y714.85 E2623.47492
G1 X703.338 Y714.85 E49.70059
;WIPE_START
G1 F600
G1 X710.338 Y714.85 E-10
;WIPE_END
G1 Z243.5 F15000
G1 X599.257 Y285.15 Z243.5
G1 Z242.5
G1 E17 F9000
G1 F2779.614
G1 X610.769 Y285.15 E49.70059
G1 X714.85 Y389.231 E635.45139
G1 X714.85 Y400.743 E49.70059
;WIPE_START
G1 F600
G1 X714.85 Y393.743 E-10
;WIPE_END
G1 Z243.5 F15000
G1 X563.553 Y285.15 Z243.5
G1 Z242.5
G1 E17 F9000
G1 F2779.614
G1 X552.041 Y285.15 E49.70059
G1 X285.15 Y552.04 E1629.46316
G1 X285.15 Y563.553 E49.70059
;WIPE_START
G1 F600
G1 X285.15 Y556.553 E-10
;WIPE_END
G1 Z243.5 F15000
G1 X400.743 Y285.15 Z243.5
G1 Z242.5
G1 E17 F9000
G1 F2779.614
G1 X389.231 Y285.15 E49.70059
G1 X285.15 Y389.231 E635.45138
G1 X285.15 Y400.743 E49.70059
; stop printing object Cube id:0 copy 0
;LAYER_CHANGE
;Z:244
;HEIGHT:1.5
;BEFORE_LAYER_CHANGE
;244
G92 E0

EXCLUDE_OBJECT_END NAME=Cube_id_0_copy_0
;AFTER_LAYER_CHANGE
;244
;_SET_FAN_SPEED_CHANGING_LAYER
; printing object Cube id:0 copy 0
;WIPE_START
G1 F600
G1 X285.15 Y393.743 E-10
;WIPE_END
EXCLUDE_OBJECT_START NAME=Cube_id_0_copy_0
G1 Z245 F15000
G1 X282.703 Y282.703 Z245
G1 Z244
G1 E17 F9000
;TYPE:Outer wall
;WIDTH:3.2
G1 F2779.615
G1 X717.297 Y282.703 E1876.19945
G1 X717.297 Y717.297 E1876.19945
G1 X282.703 Y717.297 E1876.19945
M73 P58 R317
G1 X282.703 Y283.003 E1874.90431
;WIPE_START
G1 F600
G1 X289.703 Y282.999 E-10
;WIPE_END
G1 Z245 F15000
G1 X285.15 Y400.743 Z245
G1 Z244
G1 E17 F9000
;TYPE:Sparse infill
;WIDTH:3.2
G1 F2779.614
G1 X285.15 Y389.231 E49.70059
G1 X389.231 Y285.15 E635.45138
G1 X400.743 Y285.15 E49.70059
;WIPE_START
G1 F600
G1 X393.743 Y285.15 E-10
;WIPE_END
G1 Z245 F15000
G1 X285.15 Y563.553 Z245
G1 Z244
G1 E17 F9000
G1 F2779.614
G1 X285.15 Y552.04 E49.70059
G1 X552.041 Y285.15 E1629.46316
G1 X563.553 Y285.15 E49.70059
;WIPE_START
G1 F600
G1 X556.553 Y285.15 E-10
;WIPE_END
G1 Z245 F15000
G1 X714.85 Y400.743 Z245
G1 Z244
G1 E17 F9000
G1 F2779.614
G1 X714.85 Y389.231 E49.70059
G1 X610.769 Y285.15 E635.45139
G1 X599.257 Y285.15 E49.70059
;WIPE_START
G1 F600
G1 X606.257 Y285.15 E-10
;WIPE_END
G1 Z245 F15000
G1 X714.85 Y563.553 Z245
G1 Z244
G1 E17 F9000
G1 F2779.614
G1 X714.85 Y552.04 E49.70059
G1 X447.96 Y285.15 E1629.46316
G1 X436.447 Y285.15 E49.70059
M73 P58 R316
;WIPE_START
G1 F600
G1 X443.447 Y285.15 E-10
;WIPE_END
G1 Z245 F15000
G1 X436.447 Y714.85 Z245
G1 Z244
G1 E17 F9000
G1 F2779.614
G1 X447.959 Y714.85 E49.70059
G1 X714.85 Y447.96 E1629.46317
G1 X714.85 Y436.447 E49.70059
;WIPE_START
G1 F600
G1 X714.85 Y443.447 E-10
;WIPE_END
G1 Z245 F15000
G1 X703.338 Y714.85 Z245
G1 Z244
G1 E17 F9000
G1 F2779.614
G1 X714.85 Y714.85 E49.70059
G1 X285.15 Y285.15 E2623.47492
G1 X296.662 Y285.15 E49.70059
;WIPE_START
G1 F600
G1 X289.662 Y285.15 E-10
;WIPE_END
G1 Z245 F15000
G1 X296.662 Y714.85 Z245
G1 Z244
G1 E17 F9000
G1 F2779.614
G1 X285.15 Y714.85 E49.70028
G1 X714.85 Y285.15 E2623.47449
G1 X703.338 Y285.15 E49.70028
;WIPE_START
G1 F600
G1 X710.338 Y285.15 E-10
;WIPE_END
G1 Z245 F15000
G1 X599.257 Y714.85 Z245
G1 Z244
G1 E17 F9000
G1 F2779.614
G1 X610.769 Y714.85 E49.70059
G1 X714.85 Y610.769 E635.45139
G1 X714.85 Y599.257 E49.70059
;WIPE_START
G1 F600
G1 X714.85 Y606.257 E-10
;WIPE_END
G1 Z245 F15000
G1 X563.553 Y714.85 Z245
G1 Z244
G1 E17 F9000
G1 F2779.614
G1 X552.04 Y714.85 E49.70059
G1 X285.15 Y447.96 E1629.46316
G1 X285.15 Y436.447 E49.70059
M73 P58 R315
;WIPE_START
G1 F600
G1 X285.15 Y443.447 E-10
;WIPE_END
G1 Z245 F15000
G1 X400.743 Y714.85 Z245
G1 Z244
G1 E17 F9000
G1 F2779.614
G1 X389.231 Y714.85 E49.70059
G1 X285.15 Y610.769 E635.45139
G1 X285.15 Y599.257 E49.70059
; stop printing object Cube id:0 copy 0
;LAYER_CHANGE
;Z:245.5
;HEIGHT:1.5
;BEFORE_LAYER_CHANGE
;245.5
G92 E0

EXCLUDE_OBJECT_END NAME=Cube_id_0_copy_0
;AFTER_LAYER_CHANGE
;245.5
;_SET_FAN_SPEED_CHANGING_LAYER
; printing object Cube id:0 copy 0
;WIPE_START
G1 F600
G1 X285.15 Y606.257 E-10
;WIPE_END
EXCLUDE_OBJECT_START NAME=Cube_id_0_copy_0
G1 Z246.5 F15000
G1 X282.703 Y717.297 Z246.5
G1 Z245.5
G1 E17 F9000
;TYPE:Outer wall
;WIDTH:3.2
G1 F2779.615
G1 X282.703 Y282.703 E1876.19945
G1 X717.297 Y282.703 E1876.19945
G1 X717.297 Y717.297 E1876.19945
G1 X283.003 Y717.297 E1874.90431
;WIPE_START
G1 F600
G1 X282.999 Y710.297 E-10
;WIPE_END
G1 Z246.5 F15000
G1 X285.15 Y599.257 Z246.5
G1 Z245.5
G1 E17 F9000
;TYPE:Sparse infill
;WIDTH:3.2
G1 F2779.614
G1 X285.15 Y610.769 E49.70059
G1 X389.231 Y714.85 E635.45139
G1 X400.743 Y714.85 E49.70059
M73 P59 R315
;WIPE_START
G1 F600
G1 X393.743 Y714.85 E-10
;WIPE_END
G1 Z246.5 F15000
G1 X285.15 Y436.447 Z246.5
G1 Z245.5
M73 P59 R314
G1 E17 F9000
G1 F2779.614
G1 X285.15 Y447.96 E49.70059
G1 X552.04 Y714.85 E1629.46316
G1 X563.553 Y714.85 E49.70059
;WIPE_START
G1 F600
G1 X556.553 Y714.85 E-10
;WIPE_END
G1 Z246.5 F15000
G1 X714.85 Y599.257 Z246.5
G1 Z245.5
G1 E17 F9000
G1 F2779.614
G1 X714.85 Y610.769 E49.70059
G1 X610.769 Y714.85 E635.45139
G1 X599.257 Y714.85 E49.70059
;WIPE_START
G1 F600
G1 X606.257 Y714.85 E-10
;WIPE_END
G1 Z246.5 F15000
G1 X714.85 Y436.447 Z246.5
G1 Z245.5
G1 E17 F9000
G1 F2779.614
G1 X714.85 Y447.96 E49.70059
G1 X447.959 Y714.85 E1629.46317
G1 X436.447 Y714.85 E49.70059
;WIPE_START
G1 F600
G1 X443.447 Y714.85 E-10
;WIPE_END
G1 Z246.5 F15000
G1 X436.447 Y285.15 Z246.5
G1 Z245.5
G1 E17 F9000
G1 F2779.614
G1 X447.96 Y285.15 E49.70059
G1 X714.85 Y552.04 E1629.46316
G1 X714.85 Y563.553 E49.70059
;WIPE_START
G1 F600
G1 X714.85 Y556.553 E-10
;WIPE_END
G1 Z246.5 F15000
G1 X703.338 Y285.15 Z246.5
G1 Z245.5
G1 E17 F9000
G1 F2779.614
G1 X714.85 Y285.15 E49.70028
G1 X285.15 Y714.85 E2623.47449
G1 X296.662 Y714.85 E49.70028
;WIPE_START
G1 F600
G1 X289.662 Y714.85 E-10
;WIPE_END
G1 Z246.5 F15000
G1 X296.662 Y285.15 Z246.5
G1 Z245.5
G1 E17 F9000
G1 F2779.614
G1 X285.15 Y285.15 E49.70059
G1 X714.85 Y714.85 E2623.47492
M73 P59 R313
G1 X703.338 Y714.85 E49.70059
;WIPE_START
G1 F600
G1 X710.338 Y714.85 E-10
;WIPE_END
G1 Z246.5 F15000
G1 X599.257 Y285.15 Z246.5
G1 Z245.5
G1 E17 F9000
G1 F2779.614
G1 X610.769 Y285.15 E49.70059
G1 X714.85 Y389.231 E635.45139
G1 X714.85 Y400.743 E49.70059
;WIPE_START
G1 F600
G1 X714.85 Y393.743 E-10
;WIPE_END
G1 Z246.5 F15000
G1 X563.553 Y285.15 Z246.5
G1 Z245.5
G1 E17 F9000
G1 F2779.614
G1 X552.041 Y285.15 E49.70059
G1 X285.15 Y552.04 E1629.46316
G1 X285.15 Y563.553 E49.70059
;WIPE_START
G1 F600
G1 X285.15 Y556.553 E-10
;WIPE_END
G1 Z246.5 F15000
G1 X400.743 Y285.15 Z246.5
G1 Z245.5
G1 E17 F9000
G1 F2779.614
G1 X389.231 Y285.15 E49.70059
G1 X285.15 Y389.231 E635.45138
G1 X285.15 Y400.743 E49.70059
; stop printing object Cube id:0 copy 0
;LAYER_CHANGE
;Z:247
;HEIGHT:1.5
;BEFORE_LAYER_CHANGE
;247
G92 E0

EXCLUDE_OBJECT_END NAME=Cube_id_0_copy_0
;AFTER_LAYER_CHANGE
;247
;_SET_FAN_SPEED_CHANGING_LAYER
; printing object Cube id:0 copy 0
;WIPE_START
G1 F600
G1 X285.15 Y393.743 E-10
;WIPE_END
EXCLUDE_OBJECT_START NAME=Cube_id_0_copy_0
G1 Z248 F15000
G1 X282.703 Y282.703 Z248
G1 Z247
G1 E17 F9000
;TYPE:Outer wall
;WIDTH:3.2
G1 F2779.615
G1 X717.297 Y282.703 E1876.19945
G1 X717.297 Y717.297 E1876.19945
G1 X282.703 Y717.297 E1876.19945
M73 P59 R312
G1 X282.703 Y283.003 E1874.90431
;WIPE_START
G1 F600
G1 X289.703 Y282.999 E-10
;WIPE_END
G1 Z248 F15000
G1 X285.15 Y400.743 Z248
G1 Z247
G1 E17 F9000
;TYPE:Sparse infill
;WIDTH:3.2
G1 F2779.614
G1 X285.15 Y389.231 E49.70059
G1 X389.231 Y285.15 E635.45138
G1 X400.743 Y285.15 E49.70059
;WIPE_START
G1 F600
G1 X393.743 Y285.15 E-10
;WIPE_END
G1 Z248 F15000
G1 X285.15 Y563.553 Z248
G1 Z247
G1 E17 F9000
G1 F2779.614
G1 X285.15 Y552.04 E49.70059
G1 X552.041 Y285.15 E1629.46316
G1 X563.553 Y285.15 E49.70059
;WIPE_START
G1 F600
G1 X556.553 Y285.15 E-10
;WIPE_END
G1 Z248 F15000
G1 X714.85 Y400.743 Z248
G1 Z247
G1 E17 F9000
G1 F2779.614
G1 X714.85 Y389.231 E49.70059
G1 X610.769 Y285.15 E635.45139
G1 X599.257 Y285.15 E49.70059
;WIPE_START
G1 F600
G1 X606.257 Y285.15 E-10
;WIPE_END
G1 Z248 F15000
G1 X714.85 Y563.553 Z248
G1 Z247
G1 E17 F9000
G1 F2779.614
G1 X714.85 Y552.04 E49.70059
G1 X447.96 Y285.15 E1629.46316
G1 X436.447 Y285.15 E49.70059
;WIPE_START
G1 F600
G1 X443.447 Y285.15 E-10
;WIPE_END
G1 Z248 F15000
G1 X436.447 Y714.85 Z248
G1 Z247
G1 E17 F9000
G1 F2779.614
G1 X447.959 Y714.85 E49.70059
G1 X714.85 Y447.96 E1629.46317
G1 X714.85 Y436.447 E49.70059
M73 P59 R311
;WIPE_START
G1 F600
G1 X714.85 Y443.447 E-10
;WIPE_END
G1 Z248 F15000
G1 X703.338 Y714.85 Z248
G1 Z247
G1 E17 F9000
G1 F2779.614
G1 X714.85 Y714.85 E49.70059
G1 X285.15 Y285.15 E2623.47492
G1 X296.662 Y285.15 E49.70059
;WIPE_START
G1 F600
G1 X289.662 Y285.15 E-10
;WIPE_END
G1 Z248 F15000
G1 X296.662 Y714.85 Z248
G1 Z247
G1 E17 F9000
G1 F2779.614
G1 X285.15 Y714.85 E49.70028
G1 X714.85 Y285.15 E2623.47449
G1 X703.338 Y285.15 E49.70028
;WIPE_START
G1 F600
G1 X710.338 Y285.15 E-10
;WIPE_END
G1 Z248 F15000
G1 X599.257 Y714.85 Z248
G1 Z247
G1 E17 F9000
G1 F2779.614
G1 X610.769 Y714.85 E49.70059
G1 X714.85 Y610.769 E635.45139
G1 X714.85 Y599.257 E49.70059
;WIPE_START
G1 F600
G1 X714.85 Y606.257 E-10
;WIPE_END
G1 Z248 F15000
G1 X563.553 Y714.85 Z248
G1 Z247
G1 E17 F9000
G1 F2779.614
G1 X552.04 Y714.85 E49.70059
G1 X285.15 Y447.96 E1629.46316
G1 X285.15 Y436.447 E49.70059
;WIPE_START
G1 F600
G1 X285.15 Y443.447 E-10
;WIPE_END
G1 Z248 F15000
G1 X400.743 Y714.85 Z248
G1 Z247
M73 P59 R310
G1 E17 F9000
G1 F2779.614
G1 X389.231 Y714.85 E49.70059
G1 X285.15 Y610.769 E635.45139
G1 X285.15 Y599.257 E49.70059
; stop printing object Cube id:0 copy 0
;LAYER_CHANGE
;Z:248.5
;HEIGHT:1.5
;BEFORE_LAYER_CHANGE
;248.5
G92 E0

EXCLUDE_OBJECT_END NAME=Cube_id_0_copy_0
;AFTER_LAYER_CHANGE
;248.5
;_SET_FAN_SPEED_CHANGING_LAYER
; printing object Cube id:0 copy 0
;WIPE_START
G1 F600
G1 X285.15 Y606.257 E-10
;WIPE_END
EXCLUDE_OBJECT_START NAME=Cube_id_0_copy_0
G1 Z249.5 F15000
G1 X282.703 Y717.297 Z249.5
G1 Z248.5
G1 E17 F9000
;TYPE:Outer wall
;WIDTH:3.2
G1 F2779.615
G1 X282.703 Y282.703 E1876.19945
G1 X717.297 Y282.703 E1876.19945
G1 X717.297 Y717.297 E1876.19945
G1 X283.003 Y717.297 E1874.90431
;WIPE_START
G1 F600
G1 X282.999 Y710.297 E-10
;WIPE_END
G1 Z249.5 F15000
G1 X285.15 Y599.257 Z249.5
G1 Z248.5
G1 E17 F9000
;TYPE:Sparse infill
;WIDTH:3.2
G1 F2779.614
G1 X285.15 Y610.769 E49.70059
G1 X389.231 Y714.85 E635.45139
G1 X400.743 Y714.85 E49.70059
;WIPE_START
G1 F600
G1 X393.743 Y714.85 E-10
;WIPE_END
G1 Z249.5 F15000
G1 X285.15 Y436.447 Z249.5
G1 Z248.5
G1 E17 F9000
G1 F2779.614
G1 X285.15 Y447.96 E49.70059
G1 X552.04 Y714.85 E1629.46316
G1 X563.553 Y714.85 E49.70059
M73 P59 R309
;WIPE_START
G1 F600
G1 X556.553 Y714.85 E-10
;WIPE_END
G1 Z249.5 F15000
G1 X714.85 Y599.257 Z249.5
G1 Z248.5
G1 E17 F9000
G1 F2779.614
G1 X714.85 Y610.769 E49.70059
G1 X610.769 Y714.85 E635.45139
G1 X599.257 Y714.85 E49.70059
;WIPE_START
G1 F600
G1 X606.257 Y714.85 E-10
;WIPE_END
G1 Z249.5 F15000
G1 X714.85 Y436.447 Z249.5
G1 Z248.5
G1 E17 F9000
G1 F2779.614
G1 X714.85 Y447.96 E49.70059
G1 X447.959 Y714.85 E1629.46317
G1 X436.447 Y714.85 E49.70059
;WIPE_START
G1 F600
G1 X443.447 Y714.85 E-10
;WIPE_END
G1 Z249.5 F15000
G1 X436.447 Y285.15 Z249.5
G1 Z248.5
G1 E17 F9000
G1 F2779.614
G1 X447.96 Y285.15 E49.70059
G1 X714.85 Y552.04 E1629.46316
G1 X714.85 Y563.553 E49.70059
;WIPE_START
G1 F600
G1 X714.85 Y556.553 E-10
;WIPE_END
G1 Z249.5 F15000
G1 X703.338 Y285.15 Z249.5
G1 Z248.5
G1 E17 F9000
G1 F2779.614
G1 X714.85 Y285.15 E49.70028
G1 X285.15 Y714.85 E2623.47449
G1 X296.662 Y714.85 E49.70028
;WIPE_START
G1 F600
G1 X289.662 Y714.85 E-10
;WIPE_END
G1 Z249.5 F15000
G1 X296.662 Y285.15 Z249.5
G1 Z248.5
G1 E17 F9000
G1 F2779.614
G1 X285.15 Y285.15 E49.70059
G1 X714.85 Y714.85 E2623.47492
G1 X703.338 Y714.85 E49.70059
M73 P59 R308
;WIPE_START
G1 F600
G1 X710.338 Y714.85 E-10
;WIPE_END
G1 Z249.5 F15000
G1 X599.257 Y285.15 Z249.5
G1 Z248.5
G1 E17 F9000
G1 F2779.614
G1 X610.769 Y285.15 E49.70059
G1 X714.85 Y389.231 E635.45139
G1 X714.85 Y400.743 E49.70059
;WIPE_START
G1 F600
G1 X714.85 Y393.743 E-10
;WIPE_END
G1 Z249.5 F15000
G1 X563.553 Y285.15 Z249.5
G1 Z248.5
G1 E17 F9000
G1 F2779.614
G1 X552.041 Y285.15 E49.70059
G1 X285.15 Y552.04 E1629.46316
G1 X285.15 Y563.553 E49.70059
;WIPE_START
G1 F600
G1 X285.15 Y556.553 E-10
;WIPE_END
G1 Z249.5 F15000
G1 X400.743 Y285.15 Z249.5
G1 Z248.5
G1 E17 F9000
G1 F2779.614
G1 X389.231 Y285.15 E49.70059
G1 X285.15 Y389.231 E635.45138
G1 X285.15 Y400.743 E49.70059
; stop printing object Cube id:0 copy 0
;LAYER_CHANGE
;Z:250
;HEIGHT:1.5
;BEFORE_LAYER_CHANGE
;250
G92 E0

EXCLUDE_OBJECT_END NAME=Cube_id_0_copy_0
;AFTER_LAYER_CHANGE
;250
;_SET_FAN_SPEED_CHANGING_LAYER
; printing object Cube id:0 copy 0
;WIPE_START
G1 F600
G1 X285.15 Y393.743 E-10
;WIPE_END
EXCLUDE_OBJECT_START NAME=Cube_id_0_copy_0
G1 Z251 F15000
G1 X282.703 Y282.703 Z251
G1 Z250
G1 E17 F9000
;TYPE:Outer wall
;WIDTH:3.2
G1 F2779.615
G1 X717.297 Y282.703 E1876.19945
G1 X717.297 Y717.297 E1876.19945
G1 X282.703 Y717.297 E1876.19945
G1 X282.703 Y283.003 E1874.90431
M73 P59 R307
;WIPE_START
G1 F600
G1 X289.703 Y282.999 E-10
;WIPE_END
G1 Z251 F15000
G1 X285.15 Y400.743 Z251
G1 Z250
G1 E17 F9000
;TYPE:Sparse infill
;WIDTH:3.2
G1 F2779.614
G1 X285.15 Y389.231 E49.70059
G1 X389.231 Y285.15 E635.45138
G1 X400.743 Y285.15 E49.70059
;WIPE_START
G1 F600
G1 X393.743 Y285.15 E-10
;WIPE_END
G1 Z251 F15000
G1 X285.15 Y563.553 Z251
G1 Z250
G1 E17 F9000
G1 F2779.614
G1 X285.15 Y552.04 E49.70059
G1 X552.041 Y285.15 E1629.46316
G1 X563.553 Y285.15 E49.70059
;WIPE_START
G1 F600
G1 X556.553 Y285.15 E-10
;WIPE_END
G1 Z251 F15000
G1 X714.85 Y400.743 Z251
G1 Z250
G1 E17 F9000
G1 F2779.614
G1 X714.85 Y389.231 E49.70059
G1 X610.769 Y285.15 E635.45139
G1 X599.257 Y285.15 E49.70059
M73 P60 R307
;WIPE_START
G1 F600
G1 X606.257 Y285.15 E-10
;WIPE_END
G1 Z251 F15000
G1 X714.85 Y563.553 Z251
G1 Z250
G1 E17 F9000
G1 F2779.614
G1 X714.85 Y552.04 E49.70059
G1 X447.96 Y285.15 E1629.46316
G1 X436.447 Y285.15 E49.70059
;WIPE_START
G1 F600
G1 X443.447 Y285.15 E-10
;WIPE_END
G1 Z251 F15000
G1 X436.447 Y714.85 Z251
G1 Z250
G1 E17 F9000
G1 F2779.614
G1 X447.959 Y714.85 E49.70059
G1 X714.85 Y447.96 E1629.46317
G1 X714.85 Y436.447 E49.70059
M73 P60 R306
;WIPE_START
G1 F600
G1 X714.85 Y443.447 E-10
;WIPE_END
G1 Z251 F15000
G1 X703.338 Y714.85 Z251
G1 Z250
G1 E17 F9000
G1 F2779.614
G1 X714.85 Y714.85 E49.70059
G1 X285.15 Y285.15 E2623.47492
G1 X296.662 Y285.15 E49.70059
;WIPE_START
G1 F600
G1 X289.662 Y285.15 E-10
;WIPE_END
G1 Z251 F15000
G1 X296.662 Y714.85 Z251
G1 Z250
G1 E17 F9000
G1 F2779.614
G1 X285.15 Y714.85 E49.70028
G1 X714.85 Y285.15 E2623.47449
G1 X703.338 Y285.15 E49.70028
;WIPE_START
G1 F600
G1 X710.338 Y285.15 E-10
;WIPE_END
G1 Z251 F15000
G1 X599.257 Y714.85 Z251
G1 Z250
G1 E17 F9000
G1 F2779.614
G1 X610.769 Y714.85 E49.70059
G1 X714.85 Y610.769 E635.45139
G1 X714.85 Y599.257 E49.70059
;WIPE_START
G1 F600
G1 X714.85 Y606.257 E-10
;WIPE_END
G1 Z251 F15000
G1 X563.553 Y714.85 Z251
G1 Z250
G1 E17 F9000
G1 F2779.614
G1 X552.04 Y714.85 E49.70059
G1 X285.15 Y447.96 E1629.46316
G1 X285.15 Y436.447 E49.70059
;WIPE_START
G1 F600
G1 X285.15 Y443.447 E-10
;WIPE_END
G1 Z251 F15000
G1 X400.743 Y714.85 Z251
G1 Z250
G1 E17 F9000
G1 F2779.614
G1 X389.231 Y714.85 E49.70059
G1 X285.15 Y610.769 E635.45139
G1 X285.15 Y599.257 E49.70059
; stop printing object Cube id:0 copy 0
;LAYER_CHANGE
;Z:251.5
;HEIGHT:1.5
;BEFORE_LAYER_CHANGE
;251.5
G92 E0

EXCLUDE_OBJECT_END NAME=Cube_id_0_copy_0
;AFTER_LAYER_CHANGE
;251.5
;_SET_FAN_SPEED_CHANGING_LAYER
; printing object Cube id:0 copy 0
;WIPE_START
G1 F600
G1 X285.15 Y606.257 E-10
;WIPE_END
EXCLUDE_OBJECT_START NAME=Cube_id_0_copy_0
G1 Z252.5 F15000
M73 P60 R305
G1 X282.703 Y717.297 Z252.5
G1 Z251.5
G1 E17 F9000
;TYPE:Outer wall
;WIDTH:3.2
G1 F2779.615
G1 X282.703 Y282.703 E1876.19945
G1 X717.297 Y282.703 E1876.19945
G1 X717.297 Y717.297 E1876.19945
G1 X283.003 Y717.297 E1874.90431
;WIPE_START
G1 F600
G1 X282.999 Y710.297 E-10
;WIPE_END
G1 Z252.5 F15000
G1 X285.15 Y599.257 Z252.5
G1 Z251.5
G1 E17 F9000
;TYPE:Sparse infill
;WIDTH:3.2
G1 F2779.614
G1 X285.15 Y610.769 E49.70059
G1 X389.231 Y714.85 E635.45139
G1 X400.743 Y714.85 E49.70059
;WIPE_START
G1 F600
G1 X393.743 Y714.85 E-10
;WIPE_END
G1 Z252.5 F15000
G1 X285.15 Y436.447 Z252.5
G1 Z251.5
G1 E17 F9000
G1 F2779.614
G1 X285.15 Y447.96 E49.70059
G1 X552.04 Y714.85 E1629.46316
G1 X563.553 Y714.85 E49.70059
;WIPE_START
G1 F600
G1 X556.553 Y714.85 E-10
;WIPE_END
G1 Z252.5 F15000
G1 X714.85 Y599.257 Z252.5
G1 Z251.5
G1 E17 F9000
G1 F2779.614
G1 X714.85 Y610.769 E49.70059
G1 X610.769 Y714.85 E635.45139
G1 X599.257 Y714.85 E49.70059
M73 P60 R304
;WIPE_START
G1 F600
G1 X606.257 Y714.85 E-10
;WIPE_END
G1 Z252.5 F15000
G1 X714.85 Y436.447 Z252.5
G1 Z251.5
G1 E17 F9000
G1 F2779.614
G1 X714.85 Y447.96 E49.70059
G1 X447.959 Y714.85 E1629.46317
G1 X436.447 Y714.85 E49.70059
;WIPE_START
G1 F600
G1 X443.447 Y714.85 E-10
;WIPE_END
G1 Z252.5 F15000
G1 X436.447 Y285.15 Z252.5
G1 Z251.5
G1 E17 F9000
G1 F2779.614
G1 X447.96 Y285.15 E49.70059
G1 X714.85 Y552.04 E1629.46316
G1 X714.85 Y563.553 E49.70059
;WIPE_START
G1 F600
G1 X714.85 Y556.553 E-10
;WIPE_END
G1 Z252.5 F15000
G1 X703.338 Y285.15 Z252.5
G1 Z251.5
G1 E17 F9000
G1 F2779.614
G1 X714.85 Y285.15 E49.70028
G1 X285.15 Y714.85 E2623.47449
G1 X296.662 Y714.85 E49.70028
;WIPE_START
G1 F600
G1 X289.662 Y714.85 E-10
;WIPE_END
G1 Z252.5 F15000
G1 X296.662 Y285.15 Z252.5
G1 Z251.5
G1 E17 F9000
G1 F2779.614
G1 X285.15 Y285.15 E49.70059
G1 X714.85 Y714.85 E2623.47492
G1 X703.338 Y714.85 E49.70059
M73 P60 R303
;WIPE_START
G1 F600
G1 X710.338 Y714.85 E-10
;WIPE_END
G1 Z252.5 F15000
G1 X599.257 Y285.15 Z252.5
G1 Z251.5
G1 E17 F9000
G1 F2779.614
G1 X610.769 Y285.15 E49.70059
G1 X714.85 Y389.231 E635.45139
G1 X714.85 Y400.743 E49.70059
;WIPE_START
G1 F600
G1 X714.85 Y393.743 E-10
;WIPE_END
G1 Z252.5 F15000
G1 X563.553 Y285.15 Z252.5
G1 Z251.5
G1 E17 F9000
G1 F2779.614
G1 X552.041 Y285.15 E49.70059
G1 X285.15 Y552.04 E1629.46316
G1 X285.15 Y563.553 E49.70059
;WIPE_START
G1 F600
G1 X285.15 Y556.553 E-10
;WIPE_END
G1 Z252.5 F15000
G1 X400.743 Y285.15 Z252.5
G1 Z251.5
G1 E17 F9000
G1 F2779.614
G1 X389.231 Y285.15 E49.70059
G1 X285.15 Y389.231 E635.45138
G1 X285.15 Y400.743 E49.70059
; stop printing object Cube id:0 copy 0
;LAYER_CHANGE
;Z:253
;HEIGHT:1.5
;BEFORE_LAYER_CHANGE
;253
G92 E0

EXCLUDE_OBJECT_END NAME=Cube_id_0_copy_0
;AFTER_LAYER_CHANGE
;253
;_SET_FAN_SPEED_CHANGING_LAYER
; printing object Cube id:0 copy 0
;WIPE_START
G1 F600
G1 X285.15 Y393.743 E-10
;WIPE_END
EXCLUDE_OBJECT_START NAME=Cube_id_0_copy_0
G1 Z254 F15000
G1 X282.703 Y282.703 Z254
G1 Z253
G1 E17 F9000
;TYPE:Outer wall
;WIDTH:3.2
G1 F2779.615
G1 X717.297 Y282.703 E1876.19945
G1 X717.297 Y717.297 E1876.19945
G1 X282.703 Y717.297 E1876.19945
G1 X282.703 Y283.003 E1874.90431
;WIPE_START
G1 F600
M73 P60 R302
G1 X289.703 Y282.999 E-10
;WIPE_END
G1 Z254 F15000
G1 X285.15 Y400.743 Z254
G1 Z253
G1 E17 F9000
;TYPE:Sparse infill
;WIDTH:3.2
G1 F2779.614
G1 X285.15 Y389.231 E49.70059
G1 X389.231 Y285.15 E635.45138
G1 X400.743 Y285.15 E49.70059
;WIPE_START
G1 F600
G1 X393.743 Y285.15 E-10
;WIPE_END
G1 Z254 F15000
G1 X285.15 Y563.553 Z254
G1 Z253
G1 E17 F9000
G1 F2779.614
G1 X285.15 Y552.04 E49.70059
G1 X552.041 Y285.15 E1629.46316
G1 X563.553 Y285.15 E49.70059
;WIPE_START
G1 F600
G1 X556.553 Y285.15 E-10
;WIPE_END
G1 Z254 F15000
G1 X714.85 Y400.743 Z254
G1 Z253
G1 E17 F9000
G1 F2779.614
G1 X714.85 Y389.231 E49.70059
G1 X610.769 Y285.15 E635.45139
G1 X599.257 Y285.15 E49.70059
;WIPE_START
G1 F600
G1 X606.257 Y285.15 E-10
;WIPE_END
G1 Z254 F15000
G1 X714.85 Y563.553 Z254
G1 Z253
G1 E17 F9000
G1 F2779.614
G1 X714.85 Y552.04 E49.70059
G1 X447.96 Y285.15 E1629.46316
G1 X436.447 Y285.15 E49.70059
;WIPE_START
G1 F600
G1 X443.447 Y285.15 E-10
;WIPE_END
G1 Z254 F15000
G1 X436.447 Y714.85 Z254
G1 Z253
G1 E17 F9000
G1 F2779.614
G1 X447.959 Y714.85 E49.70059
G1 X714.85 Y447.96 E1629.46317
G1 X714.85 Y436.447 E49.70059
;WIPE_START
G1 F600
G1 X714.85 Y443.447 E-10
;WIPE_END
G1 Z254 F15000
G1 X703.338 Y714.85 Z254
G1 Z253
G1 E17 F9000
G1 F2779.614
G1 X714.85 Y714.85 E49.70059
G1 X285.15 Y285.15 E2623.47492
G1 X296.662 Y285.15 E49.70059
M73 P60 R301
;WIPE_START
G1 F600
G1 X289.662 Y285.15 E-10
;WIPE_END
G1 Z254 F15000
G1 X296.662 Y714.85 Z254
G1 Z253
G1 E17 F9000
G1 F2779.614
G1 X285.15 Y714.85 E49.70028
G1 X714.85 Y285.15 E2623.47449
G1 X703.338 Y285.15 E49.70028
;WIPE_START
G1 F600
G1 X710.338 Y285.15 E-10
;WIPE_END
G1 Z254 F15000
G1 X599.257 Y714.85 Z254
G1 Z253
G1 E17 F9000
G1 F2779.614
G1 X610.769 Y714.85 E49.70059
G1 X714.85 Y610.769 E635.45139
G1 X714.85 Y599.257 E49.70059
;WIPE_START
G1 F600
G1 X714.85 Y606.257 E-10
;WIPE_END
G1 Z254 F15000
G1 X563.553 Y714.85 Z254
G1 Z253
G1 E17 F9000
G1 F2779.614
G1 X552.04 Y714.85 E49.70059
G1 X285.15 Y447.96 E1629.46316
G1 X285.15 Y436.447 E49.70059
;WIPE_START
G1 F600
G1 X285.15 Y443.447 E-10
;WIPE_END
G1 Z254 F15000
G1 X400.743 Y714.85 Z254
G1 Z253
G1 E17 F9000
G1 F2779.614
G1 X389.231 Y714.85 E49.70059
G1 X285.15 Y610.769 E635.45139
G1 X285.15 Y599.257 E49.70059
; stop printing object Cube id:0 copy 0
;LAYER_CHANGE
;Z:254.5
;HEIGHT:1.5
;BEFORE_LAYER_CHANGE
;254.5
G92 E0

EXCLUDE_OBJECT_END NAME=Cube_id_0_copy_0
;AFTER_LAYER_CHANGE
;254.5
;_SET_FAN_SPEED_CHANGING_LAYER
; printing object Cube id:0 copy 0
;WIPE_START
G1 F600
G1 X285.15 Y606.257 E-10
;WIPE_END
EXCLUDE_OBJECT_START NAME=Cube_id_0_copy_0
G1 Z255.5 F15000
G1 X282.703 Y717.297 Z255.5
G1 Z254.5
G1 E17 F9000
;TYPE:Outer wall
;WIDTH:3.2
G1 F2779.615
G1 X282.703 Y282.703 E1876.19945
G1 X717.297 Y282.703 E1876.19945
M73 P60 R300
G1 X717.297 Y717.297 E1876.19945
G1 X283.003 Y717.297 E1874.90431
;WIPE_START
G1 F600
G1 X282.999 Y710.297 E-10
;WIPE_END
G1 Z255.5 F15000
G1 X285.15 Y599.257 Z255.5
G1 Z254.5
G1 E17 F9000
;TYPE:Sparse infill
;WIDTH:3.2
G1 F2779.614
G1 X285.15 Y610.769 E49.70059
G1 X389.231 Y714.85 E635.45139
G1 X400.743 Y714.85 E49.70059
;WIPE_START
G1 F600
G1 X393.743 Y714.85 E-10
;WIPE_END
G1 Z255.5 F15000
G1 X285.15 Y436.447 Z255.5
G1 Z254.5
G1 E17 F9000
G1 F2779.614
G1 X285.15 Y447.96 E49.70059
G1 X552.04 Y714.85 E1629.46316
G1 X563.553 Y714.85 E49.70059
;WIPE_START
G1 F600
G1 X556.553 Y714.85 E-10
;WIPE_END
G1 Z255.5 F15000
G1 X714.85 Y599.257 Z255.5
G1 Z254.5
G1 E17 F9000
G1 F2779.614
G1 X714.85 Y610.769 E49.70059
G1 X610.769 Y714.85 E635.45139
G1 X599.257 Y714.85 E49.70059
;WIPE_START
G1 F600
G1 X606.257 Y714.85 E-10
;WIPE_END
G1 Z255.5 F15000
G1 X714.85 Y436.447 Z255.5
G1 Z254.5
G1 E17 F9000
G1 F2779.614
G1 X714.85 Y447.96 E49.70059
G1 X447.959 Y714.85 E1629.46317
M73 P60 R299
G1 X436.447 Y714.85 E49.70059
;WIPE_START
G1 F600
G1 X443.447 Y714.85 E-10
;WIPE_END
G1 Z255.5 F15000
G1 X436.447 Y285.15 Z255.5
G1 Z254.5
G1 E17 F9000
G1 F2779.614
G1 X447.96 Y285.15 E49.70059
G1 X714.85 Y552.04 E1629.46316
G1 X714.85 Y563.553 E49.70059
M73 P61 R299
;WIPE_START
G1 F600
G1 X714.85 Y556.553 E-10
;WIPE_END
G1 Z255.5 F15000
G1 X703.338 Y285.15 Z255.5
G1 Z254.5
G1 E17 F9000
G1 F2779.614
G1 X714.85 Y285.15 E49.70028
G1 X285.15 Y714.85 E2623.47449
G1 X296.662 Y714.85 E49.70028
;WIPE_START
G1 F600
G1 X289.662 Y714.85 E-10
;WIPE_END
G1 Z255.5 F15000
G1 X296.662 Y285.15 Z255.5
G1 Z254.5
G1 E17 F9000
G1 F2779.614
G1 X285.15 Y285.15 E49.70059
G1 X714.85 Y714.85 E2623.47492
G1 X703.338 Y714.85 E49.70059
;WIPE_START
G1 F600
G1 X710.338 Y714.85 E-10
;WIPE_END
G1 Z255.5 F15000
G1 X599.257 Y285.15 Z255.5
G1 Z254.5
G1 E17 F9000
G1 F2779.614
G1 X610.769 Y285.15 E49.70059
G1 X714.85 Y389.231 E635.45139
G1 X714.85 Y400.743 E49.70059
M73 P61 R298
;WIPE_START
G1 F600
G1 X714.85 Y393.743 E-10
;WIPE_END
G1 Z255.5 F15000
G1 X563.553 Y285.15 Z255.5
G1 Z254.5
G1 E17 F9000
G1 F2779.614
G1 X552.041 Y285.15 E49.70059
G1 X285.15 Y552.04 E1629.46316
G1 X285.15 Y563.553 E49.70059
;WIPE_START
G1 F600
G1 X285.15 Y556.553 E-10
;WIPE_END
G1 Z255.5 F15000
G1 X400.743 Y285.15 Z255.5
G1 Z254.5
G1 E17 F9000
G1 F2779.614
G1 X389.231 Y285.15 E49.70059
G1 X285.15 Y389.231 E635.45138
G1 X285.15 Y400.743 E49.70059
; stop printing object Cube id:0 copy 0
;LAYER_CHANGE
;Z:256
;HEIGHT:1.5
;BEFORE_LAYER_CHANGE
;256
G92 E0

EXCLUDE_OBJECT_END NAME=Cube_id_0_copy_0
;AFTER_LAYER_CHANGE
;256
;_SET_FAN_SPEED_CHANGING_LAYER
; printing object Cube id:0 copy 0
;WIPE_START
G1 F600
G1 X285.15 Y393.743 E-10
;WIPE_END
EXCLUDE_OBJECT_START NAME=Cube_id_0_copy_0
G1 Z257 F15000
G1 X282.703 Y282.703 Z257
G1 Z256
G1 E17 F9000
;TYPE:Outer wall
;WIDTH:3.2
G1 F2779.615
G1 X717.297 Y282.703 E1876.19945
G1 X717.297 Y717.297 E1876.19945
G1 X282.703 Y717.297 E1876.19945
G1 X282.703 Y283.003 E1874.90431
;WIPE_START
G1 F600
M73 P61 R297
G1 X289.703 Y282.999 E-10
;WIPE_END
G1 Z257 F15000
G1 X285.15 Y400.743 Z257
G1 Z256
G1 E17 F9000
;TYPE:Sparse infill
;WIDTH:3.2
G1 F2779.614
G1 X285.15 Y389.231 E49.70059
G1 X389.231 Y285.15 E635.45138
G1 X400.743 Y285.15 E49.70059
;WIPE_START
G1 F600
G1 X393.743 Y285.15 E-10
;WIPE_END
G1 Z257 F15000
G1 X285.15 Y563.553 Z257
G1 Z256
G1 E17 F9000
G1 F2779.614
G1 X285.15 Y552.04 E49.70059
G1 X552.041 Y285.15 E1629.46316
G1 X563.553 Y285.15 E49.70059
;WIPE_START
G1 F600
G1 X556.553 Y285.15 E-10
;WIPE_END
G1 Z257 F15000
G1 X714.85 Y400.743 Z257
G1 Z256
G1 E17 F9000
G1 F2779.614
G1 X714.85 Y389.231 E49.70059
G1 X610.769 Y285.15 E635.45139
G1 X599.257 Y285.15 E49.70059
;WIPE_START
G1 F600
G1 X606.257 Y285.15 E-10
;WIPE_END
G1 Z257 F15000
G1 X714.85 Y563.553 Z257
G1 Z256
G1 E17 F9000
G1 F2779.614
G1 X714.85 Y552.04 E49.70059
G1 X447.96 Y285.15 E1629.46316
G1 X436.447 Y285.15 E49.70059
;WIPE_START
G1 F600
G1 X443.447 Y285.15 E-10
;WIPE_END
G1 Z257 F15000
G1 X436.447 Y714.85 Z257
G1 Z256
G1 E17 F9000
G1 F2779.614
G1 X447.959 Y714.85 E49.70059
G1 X714.85 Y447.96 E1629.46317
G1 X714.85 Y436.447 E49.70059
;WIPE_START
G1 F600
G1 X714.85 Y443.447 E-10
;WIPE_END
G1 Z257 F15000
G1 X703.338 Y714.85 Z257
G1 Z256
G1 E17 F9000
G1 F2779.614
G1 X714.85 Y714.85 E49.70059
G1 X285.15 Y285.15 E2623.47492
G1 X296.662 Y285.15 E49.70059
M73 P61 R296
;WIPE_START
G1 F600
G1 X289.662 Y285.15 E-10
;WIPE_END
G1 Z257 F15000
G1 X296.662 Y714.85 Z257
G1 Z256
G1 E17 F9000
G1 F2779.614
G1 X285.15 Y714.85 E49.70028
G1 X714.85 Y285.15 E2623.47449
G1 X703.338 Y285.15 E49.70028
;WIPE_START
G1 F600
G1 X710.338 Y285.15 E-10
;WIPE_END
G1 Z257 F15000
G1 X599.257 Y714.85 Z257
G1 Z256
G1 E17 F9000
G1 F2779.614
G1 X610.769 Y714.85 E49.70059
G1 X714.85 Y610.769 E635.45139
G1 X714.85 Y599.257 E49.70059
;WIPE_START
G1 F600
G1 X714.85 Y606.257 E-10
;WIPE_END
G1 Z257 F15000
G1 X563.553 Y714.85 Z257
G1 Z256
G1 E17 F9000
G1 F2779.614
G1 X552.04 Y714.85 E49.70059
G1 X285.15 Y447.96 E1629.46316
G1 X285.15 Y436.447 E49.70059
;WIPE_START
G1 F600
G1 X285.15 Y443.447 E-10
;WIPE_END
G1 Z257 F15000
G1 X400.743 Y714.85 Z257
G1 Z256
G1 E17 F9000
G1 F2779.614
G1 X389.231 Y714.85 E49.70059
G1 X285.15 Y610.769 E635.45139
G1 X285.15 Y599.257 E49.70059
; stop printing object Cube id:0 copy 0
;LAYER_CHANGE
;Z:257.5
;HEIGHT:1.5
;BEFORE_LAYER_CHANGE
;257.5
G92 E0

EXCLUDE_OBJECT_END NAME=Cube_id_0_copy_0
;AFTER_LAYER_CHANGE
;257.5
;_SET_FAN_SPEED_CHANGING_LAYER
; printing object Cube id:0 copy 0
;WIPE_START
G1 F600
G1 X285.15 Y606.257 E-10
;WIPE_END
EXCLUDE_OBJECT_START NAME=Cube_id_0_copy_0
G1 Z258.5 F15000
G1 X282.703 Y717.297 Z258.5
G1 Z257.5
G1 E17 F9000
;TYPE:Outer wall
;WIDTH:3.2
G1 F2779.615
G1 X282.703 Y282.703 E1876.19945
G1 X717.297 Y282.703 E1876.19945
G1 X717.297 Y717.297 E1876.19945
M73 P61 R295
G1 X283.003 Y717.297 E1874.90431
;WIPE_START
G1 F600
G1 X282.999 Y710.297 E-10
;WIPE_END
G1 Z258.5 F15000
G1 X285.15 Y599.257 Z258.5
G1 Z257.5
G1 E17 F9000
;TYPE:Sparse infill
;WIDTH:3.2
G1 F2779.614
G1 X285.15 Y610.769 E49.70059
G1 X389.231 Y714.85 E635.45139
G1 X400.743 Y714.85 E49.70059
;WIPE_START
G1 F600
G1 X393.743 Y714.85 E-10
;WIPE_END
G1 Z258.5 F15000
G1 X285.15 Y436.447 Z258.5
G1 Z257.5
G1 E17 F9000
G1 F2779.614
G1 X285.15 Y447.96 E49.70059
G1 X552.04 Y714.85 E1629.46316
G1 X563.553 Y714.85 E49.70059
;WIPE_START
G1 F600
G1 X556.553 Y714.85 E-10
;WIPE_END
G1 Z258.5 F15000
G1 X714.85 Y599.257 Z258.5
G1 Z257.5
G1 E17 F9000
G1 F2779.614
G1 X714.85 Y610.769 E49.70059
G1 X610.769 Y714.85 E635.45139
G1 X599.257 Y714.85 E49.70059
;WIPE_START
G1 F600
G1 X606.257 Y714.85 E-10
;WIPE_END
G1 Z258.5 F15000
G1 X714.85 Y436.447 Z258.5
G1 Z257.5
G1 E17 F9000
G1 F2779.614
G1 X714.85 Y447.96 E49.70059
G1 X447.959 Y714.85 E1629.46317
G1 X436.447 Y714.85 E49.70059
M73 P61 R294
;WIPE_START
G1 F600
G1 X443.447 Y714.85 E-10
;WIPE_END
G1 Z258.5 F15000
G1 X436.447 Y285.15 Z258.5
G1 Z257.5
G1 E17 F9000
G1 F2779.614
G1 X447.96 Y285.15 E49.70059
G1 X714.85 Y552.04 E1629.46316
G1 X714.85 Y563.553 E49.70059
;WIPE_START
G1 F600
G1 X714.85 Y556.553 E-10
;WIPE_END
G1 Z258.5 F15000
G1 X703.338 Y285.15 Z258.5
G1 Z257.5
G1 E17 F9000
G1 F2779.614
G1 X714.85 Y285.15 E49.70028
G1 X285.15 Y714.85 E2623.47449
G1 X296.662 Y714.85 E49.70028
;WIPE_START
G1 F600
G1 X289.662 Y714.85 E-10
;WIPE_END
G1 Z258.5 F15000
G1 X296.662 Y285.15 Z258.5
G1 Z257.5
G1 E17 F9000
G1 F2779.614
G1 X285.15 Y285.15 E49.70059
G1 X714.85 Y714.85 E2623.47492
G1 X703.338 Y714.85 E49.70059
;WIPE_START
G1 F600
G1 X710.338 Y714.85 E-10
;WIPE_END
G1 Z258.5 F15000
G1 X599.257 Y285.15 Z258.5
G1 Z257.5
G1 E17 F9000
G1 F2779.614
G1 X610.769 Y285.15 E49.70059
G1 X714.85 Y389.231 E635.45139
G1 X714.85 Y400.743 E49.70059
;WIPE_START
G1 F600
G1 X714.85 Y393.743 E-10
;WIPE_END
G1 Z258.5 F15000
G1 X563.553 Y285.15 Z258.5
G1 Z257.5
G1 E17 F9000
G1 F2779.614
G1 X552.041 Y285.15 E49.70059
G1 X285.15 Y552.04 E1629.46316
G1 X285.15 Y563.553 E49.70059
M73 P61 R293
;WIPE_START
G1 F600
G1 X285.15 Y556.553 E-10
;WIPE_END
G1 Z258.5 F15000
G1 X400.743 Y285.15 Z258.5
G1 Z257.5
G1 E17 F9000
G1 F2779.614
G1 X389.231 Y285.15 E49.70059
G1 X285.15 Y389.231 E635.45138
G1 X285.15 Y400.743 E49.70059
; stop printing object Cube id:0 copy 0
;LAYER_CHANGE
;Z:259
;HEIGHT:1.5
;BEFORE_LAYER_CHANGE
;259
G92 E0

EXCLUDE_OBJECT_END NAME=Cube_id_0_copy_0
;AFTER_LAYER_CHANGE
;259
;_SET_FAN_SPEED_CHANGING_LAYER
; printing object Cube id:0 copy 0
;WIPE_START
G1 F600
G1 X285.15 Y393.743 E-10
;WIPE_END
EXCLUDE_OBJECT_START NAME=Cube_id_0_copy_0
G1 Z260 F15000
G1 X282.703 Y282.703 Z260
G1 Z259
G1 E17 F9000
;TYPE:Outer wall
;WIDTH:3.2
G1 F2779.615
G1 X717.297 Y282.703 E1876.19945
G1 X717.297 Y717.297 E1876.19945
G1 X282.703 Y717.297 E1876.19945
G1 X282.703 Y283.003 E1874.90431
;WIPE_START
G1 F600
G1 X289.703 Y282.999 E-10
;WIPE_END
G1 Z260 F15000
G1 X285.15 Y400.743 Z260
G1 Z259
G1 E17 F9000
;TYPE:Sparse infill
;WIDTH:3.2
G1 F2779.614
G1 X285.15 Y389.231 E49.70059
G1 X389.231 Y285.15 E635.45138
G1 X400.743 Y285.15 E49.70059
;WIPE_START
G1 F600
M73 P61 R292
G1 X393.743 Y285.15 E-10
;WIPE_END
G1 Z260 F15000
G1 X285.15 Y563.553 Z260
G1 Z259
G1 E17 F9000
G1 F2779.614
G1 X285.15 Y552.04 E49.70059
G1 X552.041 Y285.15 E1629.46316
G1 X563.553 Y285.15 E49.70059
;WIPE_START
G1 F600
G1 X556.553 Y285.15 E-10
;WIPE_END
G1 Z260 F15000
G1 X714.85 Y400.743 Z260
G1 Z259
G1 E17 F9000
G1 F2779.614
G1 X714.85 Y389.231 E49.70059
G1 X610.769 Y285.15 E635.45139
G1 X599.257 Y285.15 E49.70059
;WIPE_START
G1 F600
G1 X606.257 Y285.15 E-10
;WIPE_END
G1 Z260 F15000
G1 X714.85 Y563.553 Z260
G1 Z259
G1 E17 F9000
G1 F2779.614
G1 X714.85 Y552.04 E49.70059
G1 X447.96 Y285.15 E1629.46316
G1 X436.447 Y285.15 E49.70059
;WIPE_START
G1 F600
G1 X443.447 Y285.15 E-10
;WIPE_END
G1 Z260 F15000
G1 X436.447 Y714.85 Z260
G1 Z259
G1 E17 F9000
G1 F2779.614
G1 X447.959 Y714.85 E49.70059
G1 X714.85 Y447.96 E1629.46317
G1 X714.85 Y436.447 E49.70059
;WIPE_START
G1 F600
G1 X714.85 Y443.447 E-10
;WIPE_END
G1 Z260 F15000
G1 X703.338 Y714.85 Z260
G1 Z259
G1 E17 F9000
G1 F2779.614
G1 X714.85 Y714.85 E49.70059
G1 X285.15 Y285.15 E2623.47492
G1 X296.662 Y285.15 E49.70059
;WIPE_START
G1 F600
M73 P62 R292
G1 X289.662 Y285.15 E-10
;WIPE_END
G1 Z260 F15000
G1 X296.662 Y714.85 Z260
G1 Z259
M73 P62 R291
G1 E17 F9000
G1 F2779.614
G1 X285.15 Y714.85 E49.70028
G1 X714.85 Y285.15 E2623.47449
G1 X703.338 Y285.15 E49.70028
;WIPE_START
G1 F600
G1 X710.338 Y285.15 E-10
;WIPE_END
G1 Z260 F15000
G1 X599.257 Y714.85 Z260
G1 Z259
G1 E17 F9000
G1 F2779.614
G1 X610.769 Y714.85 E49.70059
G1 X714.85 Y610.769 E635.45139
G1 X714.85 Y599.257 E49.70059
;WIPE_START
G1 F600
G1 X714.85 Y606.257 E-10
;WIPE_END
G1 Z260 F15000
G1 X563.553 Y714.85 Z260
G1 Z259
G1 E17 F9000
G1 F2779.614
G1 X552.04 Y714.85 E49.70059
G1 X285.15 Y447.96 E1629.46316
G1 X285.15 Y436.447 E49.70059
;WIPE_START
G1 F600
G1 X285.15 Y443.447 E-10
;WIPE_END
G1 Z260 F15000
G1 X400.743 Y714.85 Z260
G1 Z259
G1 E17 F9000
G1 F2779.614
G1 X389.231 Y714.85 E49.70059
G1 X285.15 Y610.769 E635.45139
G1 X285.15 Y599.257 E49.70059
; stop printing object Cube id:0 copy 0
;LAYER_CHANGE
;Z:260.5
;HEIGHT:1.5
;BEFORE_LAYER_CHANGE
;260.5
G92 E0

EXCLUDE_OBJECT_END NAME=Cube_id_0_copy_0
;AFTER_LAYER_CHANGE
;260.5
;_SET_FAN_SPEED_CHANGING_LAYER
; printing object Cube id:0 copy 0
;WIPE_START
G1 F600
G1 X285.15 Y606.257 E-10
;WIPE_END
EXCLUDE_OBJECT_START NAME=Cube_id_0_copy_0
G1 Z261.5 F15000
G1 X282.703 Y717.297 Z261.5
G1 Z260.5
G1 E17 F9000
;TYPE:Outer wall
;WIDTH:3.2
G1 F2779.615
G1 X282.703 Y282.703 E1876.19945
G1 X717.297 Y282.703 E1876.19945
G1 X717.297 Y717.297 E1876.19945
M73 P62 R290
G1 X283.003 Y717.297 E1874.90431
;WIPE_START
G1 F600
G1 X282.999 Y710.297 E-10
;WIPE_END
G1 Z261.5 F15000
G1 X285.15 Y599.257 Z261.5
G1 Z260.5
G1 E17 F9000
;TYPE:Sparse infill
;WIDTH:3.2
G1 F2779.614
G1 X285.15 Y610.769 E49.70059
G1 X389.231 Y714.85 E635.45139
G1 X400.743 Y714.85 E49.70059
;WIPE_START
G1 F600
G1 X393.743 Y714.85 E-10
;WIPE_END
G1 Z261.5 F15000
G1 X285.15 Y436.447 Z261.5
G1 Z260.5
G1 E17 F9000
G1 F2779.614
G1 X285.15 Y447.96 E49.70059
G1 X552.04 Y714.85 E1629.46316
G1 X563.553 Y714.85 E49.70059
;WIPE_START
G1 F600
G1 X556.553 Y714.85 E-10
;WIPE_END
G1 Z261.5 F15000
G1 X714.85 Y599.257 Z261.5
G1 Z260.5
G1 E17 F9000
G1 F2779.614
G1 X714.85 Y610.769 E49.70059
G1 X610.769 Y714.85 E635.45139
G1 X599.257 Y714.85 E49.70059
;WIPE_START
G1 F600
G1 X606.257 Y714.85 E-10
;WIPE_END
G1 Z261.5 F15000
G1 X714.85 Y436.447 Z261.5
G1 Z260.5
G1 E17 F9000
G1 F2779.614
G1 X714.85 Y447.96 E49.70059
G1 X447.959 Y714.85 E1629.46317
G1 X436.447 Y714.85 E49.70059
;WIPE_START
G1 F600
G1 X443.447 Y714.85 E-10
;WIPE_END
G1 Z261.5 F15000
G1 X436.447 Y285.15 Z261.5
G1 Z260.5
G1 E17 F9000
G1 F2779.614
G1 X447.96 Y285.15 E49.70059
G1 X714.85 Y552.04 E1629.46316
M73 P62 R289
G1 X714.85 Y563.553 E49.70059
;WIPE_START
G1 F600
G1 X714.85 Y556.553 E-10
;WIPE_END
G1 Z261.5 F15000
G1 X703.338 Y285.15 Z261.5
G1 Z260.5
G1 E17 F9000
G1 F2779.614
G1 X714.85 Y285.15 E49.70028
G1 X285.15 Y714.85 E2623.47449
G1 X296.662 Y714.85 E49.70028
;WIPE_START
G1 F600
G1 X289.662 Y714.85 E-10
;WIPE_END
G1 Z261.5 F15000
G1 X296.662 Y285.15 Z261.5
G1 Z260.5
G1 E17 F9000
G1 F2779.614
G1 X285.15 Y285.15 E49.70059
G1 X714.85 Y714.85 E2623.47492
G1 X703.338 Y714.85 E49.70059
;WIPE_START
G1 F600
G1 X710.338 Y714.85 E-10
;WIPE_END
G1 Z261.5 F15000
G1 X599.257 Y285.15 Z261.5
G1 Z260.5
G1 E17 F9000
G1 F2779.614
G1 X610.769 Y285.15 E49.70059
G1 X714.85 Y389.231 E635.45139
G1 X714.85 Y400.743 E49.70059
;WIPE_START
G1 F600
G1 X714.85 Y393.743 E-10
;WIPE_END
G1 Z261.5 F15000
G1 X563.553 Y285.15 Z261.5
G1 Z260.5
G1 E17 F9000
G1 F2779.614
G1 X552.041 Y285.15 E49.70059
G1 X285.15 Y552.04 E1629.46316
G1 X285.15 Y563.553 E49.70059
M73 P62 R288
;WIPE_START
G1 F600
G1 X285.15 Y556.553 E-10
;WIPE_END
G1 Z261.5 F15000
G1 X400.743 Y285.15 Z261.5
G1 Z260.5
G1 E17 F9000
G1 F2779.614
G1 X389.231 Y285.15 E49.70059
G1 X285.15 Y389.231 E635.45138
G1 X285.15 Y400.743 E49.70059
; stop printing object Cube id:0 copy 0
;LAYER_CHANGE
;Z:262
;HEIGHT:1.5
;BEFORE_LAYER_CHANGE
;262
G92 E0

EXCLUDE_OBJECT_END NAME=Cube_id_0_copy_0
;AFTER_LAYER_CHANGE
;262
;_SET_FAN_SPEED_CHANGING_LAYER
; printing object Cube id:0 copy 0
;WIPE_START
G1 F600
G1 X285.15 Y393.743 E-10
;WIPE_END
EXCLUDE_OBJECT_START NAME=Cube_id_0_copy_0
G1 Z263 F15000
G1 X282.703 Y282.703 Z263
G1 Z262
G1 E17 F9000
;TYPE:Outer wall
;WIDTH:3.2
G1 F2779.615
G1 X717.297 Y282.703 E1876.19945
G1 X717.297 Y717.297 E1876.19945
G1 X282.703 Y717.297 E1876.19945
G1 X282.703 Y283.003 E1874.90431
;WIPE_START
G1 F600
G1 X289.703 Y282.999 E-10
;WIPE_END
G1 Z263 F15000
G1 X285.15 Y400.743 Z263
G1 Z262
G1 E17 F9000
;TYPE:Sparse infill
;WIDTH:3.2
G1 F2779.614
G1 X285.15 Y389.231 E49.70059
G1 X389.231 Y285.15 E635.45138
G1 X400.743 Y285.15 E49.70059
;WIPE_START
G1 F600
G1 X393.743 Y285.15 E-10
;WIPE_END
G1 Z263 F15000
G1 X285.15 Y563.553 Z263
G1 Z262
G1 E17 F9000
G1 F2779.614
G1 X285.15 Y552.04 E49.70059
G1 X552.041 Y285.15 E1629.46316
G1 X563.553 Y285.15 E49.70059
M73 P62 R287
;WIPE_START
G1 F600
G1 X556.553 Y285.15 E-10
;WIPE_END
G1 Z263 F15000
G1 X714.85 Y400.743 Z263
G1 Z262
G1 E17 F9000
G1 F2779.614
G1 X714.85 Y389.231 E49.70059
G1 X610.769 Y285.15 E635.45139
G1 X599.257 Y285.15 E49.70059
;WIPE_START
G1 F600
G1 X606.257 Y285.15 E-10
;WIPE_END
G1 Z263 F15000
G1 X714.85 Y563.553 Z263
G1 Z262
G1 E17 F9000
G1 F2779.614
G1 X714.85 Y552.04 E49.70059
G1 X447.96 Y285.15 E1629.46316
G1 X436.447 Y285.15 E49.70059
;WIPE_START
G1 F600
G1 X443.447 Y285.15 E-10
;WIPE_END
G1 Z263 F15000
G1 X436.447 Y714.85 Z263
G1 Z262
G1 E17 F9000
G1 F2779.614
G1 X447.959 Y714.85 E49.70059
G1 X714.85 Y447.96 E1629.46317
G1 X714.85 Y436.447 E49.70059
;WIPE_START
G1 F600
G1 X714.85 Y443.447 E-10
;WIPE_END
G1 Z263 F15000
G1 X703.338 Y714.85 Z263
G1 Z262
G1 E17 F9000
G1 F2779.614
G1 X714.85 Y714.85 E49.70059
G1 X285.15 Y285.15 E2623.47492
G1 X296.662 Y285.15 E49.70059
;WIPE_START
G1 F600
G1 X289.662 Y285.15 E-10
;WIPE_END
G1 Z263 F15000
G1 X296.662 Y714.85 Z263
G1 Z262
G1 E17 F9000
G1 F2779.614
G1 X285.15 Y714.85 E49.70028
G1 X714.85 Y285.15 E2623.47449
G1 X703.338 Y285.15 E49.70028
M73 P62 R286
;WIPE_START
G1 F600
G1 X710.338 Y285.15 E-10
;WIPE_END
G1 Z263 F15000
G1 X599.257 Y714.85 Z263
G1 Z262
G1 E17 F9000
G1 F2779.614
G1 X610.769 Y714.85 E49.70059
G1 X714.85 Y610.769 E635.45139
G1 X714.85 Y599.257 E49.70059
;WIPE_START
G1 F600
G1 X714.85 Y606.257 E-10
;WIPE_END
G1 Z263 F15000
G1 X563.553 Y714.85 Z263
G1 Z262
G1 E17 F9000
G1 F2779.614
G1 X552.04 Y714.85 E49.70059
G1 X285.15 Y447.96 E1629.46316
G1 X285.15 Y436.447 E49.70059
;WIPE_START
G1 F600
G1 X285.15 Y443.447 E-10
;WIPE_END
G1 Z263 F15000
G1 X400.743 Y714.85 Z263
G1 Z262
G1 E17 F9000
G1 F2779.614
G1 X389.231 Y714.85 E49.70059
G1 X285.15 Y610.769 E635.45139
G1 X285.15 Y599.257 E49.70059
; stop printing object Cube id:0 copy 0
;LAYER_CHANGE
;Z:263.5
;HEIGHT:1.5
;BEFORE_LAYER_CHANGE
;263.5
G92 E0

EXCLUDE_OBJECT_END NAME=Cube_id_0_copy_0
;AFTER_LAYER_CHANGE
;263.5
;_SET_FAN_SPEED_CHANGING_LAYER
; printing object Cube id:0 copy 0
;WIPE_START
G1 F600
G1 X285.15 Y606.257 E-10
;WIPE_END
EXCLUDE_OBJECT_START NAME=Cube_id_0_copy_0
G1 Z264.5 F15000
G1 X282.703 Y717.297 Z264.5
G1 Z263.5
G1 E17 F9000
;TYPE:Outer wall
;WIDTH:3.2
G1 F2779.615
G1 X282.703 Y282.703 E1876.19945
G1 X717.297 Y282.703 E1876.19945
G1 X717.297 Y717.297 E1876.19945
G1 X283.003 Y717.297 E1874.90431
M73 P62 R285
;WIPE_START
G1 F600
G1 X282.999 Y710.297 E-10
;WIPE_END
G1 Z264.5 F15000
G1 X285.15 Y599.257 Z264.5
G1 Z263.5
G1 E17 F9000
;TYPE:Sparse infill
;WIDTH:3.2
G1 F2779.614
G1 X285.15 Y610.769 E49.70059
G1 X389.231 Y714.85 E635.45139
G1 X400.743 Y714.85 E49.70059
;WIPE_START
G1 F600
G1 X393.743 Y714.85 E-10
;WIPE_END
G1 Z264.5 F15000
G1 X285.15 Y436.447 Z264.5
G1 Z263.5
G1 E17 F9000
G1 F2779.614
G1 X285.15 Y447.96 E49.70059
G1 X552.04 Y714.85 E1629.46316
G1 X563.553 Y714.85 E49.70059
;WIPE_START
G1 F600
G1 X556.553 Y714.85 E-10
;WIPE_END
G1 Z264.5 F15000
G1 X714.85 Y599.257 Z264.5
G1 Z263.5
G1 E17 F9000
G1 F2779.614
G1 X714.85 Y610.769 E49.70059
G1 X610.769 Y714.85 E635.45139
G1 X599.257 Y714.85 E49.70059
;WIPE_START
G1 F600
G1 X606.257 Y714.85 E-10
;WIPE_END
G1 Z264.5 F15000
G1 X714.85 Y436.447 Z264.5
G1 Z263.5
G1 E17 F9000
G1 F2779.614
G1 X714.85 Y447.96 E49.70059
G1 X447.959 Y714.85 E1629.46317
G1 X436.447 Y714.85 E49.70059
;WIPE_START
G1 F600
G1 X443.447 Y714.85 E-10
;WIPE_END
G1 Z264.5 F15000
G1 X436.447 Y285.15 Z264.5
G1 Z263.5
G1 E17 F9000
G1 F2779.614
G1 X447.96 Y285.15 E49.70059
G1 X714.85 Y552.04 E1629.46316
G1 X714.85 Y563.553 E49.70059
M73 P62 R284
;WIPE_START
G1 F600
G1 X714.85 Y556.553 E-10
;WIPE_END
G1 Z264.5 F15000
G1 X703.338 Y285.15 Z264.5
G1 Z263.5
G1 E17 F9000
G1 F2779.614
G1 X714.85 Y285.15 E49.70028
G1 X285.15 Y714.85 E2623.47449
G1 X296.662 Y714.85 E49.70028
;WIPE_START
G1 F600
G1 X289.662 Y714.85 E-10
;WIPE_END
G1 Z264.5 F15000
G1 X296.662 Y285.15 Z264.5
G1 Z263.5
G1 E17 F9000
G1 F2779.614
G1 X285.15 Y285.15 E49.70059
G1 X714.85 Y714.85 E2623.47492
G1 X703.338 Y714.85 E49.70059
;WIPE_START
G1 F600
G1 X710.338 Y714.85 E-10
;WIPE_END
G1 Z264.5 F15000
G1 X599.257 Y285.15 Z264.5
G1 Z263.5
G1 E17 F9000
G1 F2779.614
M73 P63 R284
G1 X610.769 Y285.15 E49.70059
G1 X714.85 Y389.231 E635.45139
G1 X714.85 Y400.743 E49.70059
;WIPE_START
G1 F600
G1 X714.85 Y393.743 E-10
;WIPE_END
G1 Z264.5 F15000
G1 X563.553 Y285.15 Z264.5
G1 Z263.5
G1 E17 F9000
G1 F2779.614
G1 X552.041 Y285.15 E49.70059
G1 X285.15 Y552.04 E1629.46316
G1 X285.15 Y563.553 E49.70059
;WIPE_START
G1 F600
G1 X285.15 Y556.553 E-10
;WIPE_END
G1 Z264.5 F15000
G1 X400.743 Y285.15 Z264.5
G1 Z263.5
G1 E17 F9000
G1 F2779.614
G1 X389.231 Y285.15 E49.70059
G1 X285.15 Y389.231 E635.45138
G1 X285.15 Y400.743 E49.70059
M73 P63 R283
; stop printing object Cube id:0 copy 0
;LAYER_CHANGE
;Z:265
;HEIGHT:1.5
;BEFORE_LAYER_CHANGE
;265
G92 E0

EXCLUDE_OBJECT_END NAME=Cube_id_0_copy_0
;AFTER_LAYER_CHANGE
;265
;_SET_FAN_SPEED_CHANGING_LAYER
; printing object Cube id:0 copy 0
;WIPE_START
G1 F600
G1 X285.15 Y393.743 E-10
;WIPE_END
EXCLUDE_OBJECT_START NAME=Cube_id_0_copy_0
G1 Z266 F15000
G1 X282.703 Y282.703 Z266
G1 Z265
G1 E17 F9000
;TYPE:Outer wall
;WIDTH:3.2
G1 F2779.615
G1 X717.297 Y282.703 E1876.19945
G1 X717.297 Y717.297 E1876.19945
G1 X282.703 Y717.297 E1876.19945
G1 X282.703 Y283.003 E1874.90431
;WIPE_START
G1 F600
G1 X289.703 Y282.999 E-10
;WIPE_END
G1 Z266 F15000
G1 X285.15 Y400.743 Z266
G1 Z265
G1 E17 F9000
;TYPE:Sparse infill
;WIDTH:3.2
G1 F2779.614
G1 X285.15 Y389.231 E49.70059
G1 X389.231 Y285.15 E635.45138
G1 X400.743 Y285.15 E49.70059
;WIPE_START
G1 F600
G1 X393.743 Y285.15 E-10
;WIPE_END
G1 Z266 F15000
G1 X285.15 Y563.553 Z266
G1 Z265
G1 E17 F9000
G1 F2779.614
G1 X285.15 Y552.04 E49.70059
G1 X552.041 Y285.15 E1629.46316
G1 X563.553 Y285.15 E49.70059
;WIPE_START
G1 F600
G1 X556.553 Y285.15 E-10
;WIPE_END
G1 Z266 F15000
G1 X714.85 Y400.743 Z266
M73 P63 R282
G1 Z265
G1 E17 F9000
G1 F2779.614
G1 X714.85 Y389.231 E49.70059
G1 X610.769 Y285.15 E635.45139
G1 X599.257 Y285.15 E49.70059
;WIPE_START
G1 F600
G1 X606.257 Y285.15 E-10
;WIPE_END
G1 Z266 F15000
G1 X714.85 Y563.553 Z266
G1 Z265
G1 E17 F9000
G1 F2779.614
G1 X714.85 Y552.04 E49.70059
G1 X447.96 Y285.15 E1629.46316
G1 X436.447 Y285.15 E49.70059
;WIPE_START
G1 F600
G1 X443.447 Y285.15 E-10
;WIPE_END
G1 Z266 F15000
G1 X436.447 Y714.85 Z266
G1 Z265
G1 E17 F9000
G1 F2779.614
G1 X447.959 Y714.85 E49.70059
G1 X714.85 Y447.96 E1629.46317
G1 X714.85 Y436.447 E49.70059
;WIPE_START
G1 F600
G1 X714.85 Y443.447 E-10
;WIPE_END
G1 Z266 F15000
G1 X703.338 Y714.85 Z266
G1 Z265
G1 E17 F9000
G1 F2779.614
G1 X714.85 Y714.85 E49.70059
G1 X285.15 Y285.15 E2623.47492
G1 X296.662 Y285.15 E49.70059
;WIPE_START
G1 F600
G1 X289.662 Y285.15 E-10
;WIPE_END
G1 Z266 F15000
G1 X296.662 Y714.85 Z266
G1 Z265
G1 E17 F9000
G1 F2779.614
G1 X285.15 Y714.85 E49.70028
G1 X714.85 Y285.15 E2623.47449
G1 X703.338 Y285.15 E49.70028
M73 P63 R281
;WIPE_START
G1 F600
G1 X710.338 Y285.15 E-10
;WIPE_END
G1 Z266 F15000
G1 X599.257 Y714.85 Z266
G1 Z265
G1 E17 F9000
G1 F2779.614
G1 X610.769 Y714.85 E49.70059
G1 X714.85 Y610.769 E635.45139
G1 X714.85 Y599.257 E49.70059
;WIPE_START
G1 F600
G1 X714.85 Y606.257 E-10
;WIPE_END
G1 Z266 F15000
G1 X563.553 Y714.85 Z266
G1 Z265
G1 E17 F9000
G1 F2779.614
G1 X552.04 Y714.85 E49.70059
G1 X285.15 Y447.96 E1629.46316
G1 X285.15 Y436.447 E49.70059
;WIPE_START
G1 F600
G1 X285.15 Y443.447 E-10
;WIPE_END
G1 Z266 F15000
G1 X400.743 Y714.85 Z266
G1 Z265
G1 E17 F9000
G1 F2779.614
G1 X389.231 Y714.85 E49.70059
G1 X285.15 Y610.769 E635.45139
G1 X285.15 Y599.257 E49.70059
; stop printing object Cube id:0 copy 0
;LAYER_CHANGE
;Z:266.5
;HEIGHT:1.5
;BEFORE_LAYER_CHANGE
;266.5
G92 E0

EXCLUDE_OBJECT_END NAME=Cube_id_0_copy_0
;AFTER_LAYER_CHANGE
;266.5
;_SET_FAN_SPEED_CHANGING_LAYER
; printing object Cube id:0 copy 0
;WIPE_START
G1 F600
G1 X285.15 Y606.257 E-10
;WIPE_END
EXCLUDE_OBJECT_START NAME=Cube_id_0_copy_0
G1 Z267.5 F15000
G1 X282.703 Y717.297 Z267.5
G1 Z266.5
G1 E17 F9000
;TYPE:Outer wall
;WIDTH:3.2
G1 F2779.615
G1 X282.703 Y282.703 E1876.19945
G1 X717.297 Y282.703 E1876.19945
G1 X717.297 Y717.297 E1876.19945
G1 X283.003 Y717.297 E1874.90431
;WIPE_START
G1 F600
M73 P63 R280
G1 X282.999 Y710.297 E-10
;WIPE_END
G1 Z267.5 F15000
G1 X285.15 Y599.257 Z267.5
G1 Z266.5
G1 E17 F9000
;TYPE:Sparse infill
;WIDTH:3.2
G1 F2779.614
G1 X285.15 Y610.769 E49.70059
G1 X389.231 Y714.85 E635.45139
G1 X400.743 Y714.85 E49.70059
;WIPE_START
G1 F600
G1 X393.743 Y714.85 E-10
;WIPE_END
G1 Z267.5 F15000
G1 X285.15 Y436.447 Z267.5
G1 Z266.5
G1 E17 F9000
G1 F2779.614
G1 X285.15 Y447.96 E49.70059
G1 X552.04 Y714.85 E1629.46316
G1 X563.553 Y714.85 E49.70059
;WIPE_START
G1 F600
G1 X556.553 Y714.85 E-10
;WIPE_END
G1 Z267.5 F15000
G1 X714.85 Y599.257 Z267.5
G1 Z266.5
G1 E17 F9000
G1 F2779.614
G1 X714.85 Y610.769 E49.70059
G1 X610.769 Y714.85 E635.45139
G1 X599.257 Y714.85 E49.70059
;WIPE_START
G1 F600
G1 X606.257 Y714.85 E-10
;WIPE_END
G1 Z267.5 F15000
G1 X714.85 Y436.447 Z267.5
G1 Z266.5
G1 E17 F9000
G1 F2779.614
G1 X714.85 Y447.96 E49.70059
G1 X447.959 Y714.85 E1629.46317
G1 X436.447 Y714.85 E49.70059
;WIPE_START
G1 F600
G1 X443.447 Y714.85 E-10
;WIPE_END
G1 Z267.5 F15000
G1 X436.447 Y285.15 Z267.5
G1 Z266.5
G1 E17 F9000
G1 F2779.614
G1 X447.96 Y285.15 E49.70059
G1 X714.85 Y552.04 E1629.46316
G1 X714.85 Y563.553 E49.70059
;WIPE_START
G1 F600
G1 X714.85 Y556.553 E-10
;WIPE_END
G1 Z267.5 F15000
G1 X703.338 Y285.15 Z267.5
G1 Z266.5
G1 E17 F9000
G1 F2779.614
G1 X714.85 Y285.15 E49.70028
G1 X285.15 Y714.85 E2623.47449
G1 X296.662 Y714.85 E49.70028
M73 P63 R279
;WIPE_START
G1 F600
G1 X289.662 Y714.85 E-10
;WIPE_END
G1 Z267.5 F15000
G1 X296.662 Y285.15 Z267.5
G1 Z266.5
G1 E17 F9000
G1 F2779.614
G1 X285.15 Y285.15 E49.70059
G1 X714.85 Y714.85 E2623.47492
G1 X703.338 Y714.85 E49.70059
;WIPE_START
G1 F600
G1 X710.338 Y714.85 E-10
;WIPE_END
G1 Z267.5 F15000
G1 X599.257 Y285.15 Z267.5
G1 Z266.5
G1 E17 F9000
G1 F2779.614
G1 X610.769 Y285.15 E49.70059
G1 X714.85 Y389.231 E635.45139
G1 X714.85 Y400.743 E49.70059
;WIPE_START
G1 F600
G1 X714.85 Y393.743 E-10
;WIPE_END
G1 Z267.5 F15000
G1 X563.553 Y285.15 Z267.5
G1 Z266.5
G1 E17 F9000
G1 F2779.614
G1 X552.041 Y285.15 E49.70059
G1 X285.15 Y552.04 E1629.46316
G1 X285.15 Y563.553 E49.70059
;WIPE_START
G1 F600
G1 X285.15 Y556.553 E-10
;WIPE_END
G1 Z267.5 F15000
G1 X400.743 Y285.15 Z267.5
G1 Z266.5
G1 E17 F9000
G1 F2779.614
G1 X389.231 Y285.15 E49.70059
G1 X285.15 Y389.231 E635.45138
G1 X285.15 Y400.743 E49.70059
; stop printing object Cube id:0 copy 0
;LAYER_CHANGE
;Z:268
;HEIGHT:1.5
;BEFORE_LAYER_CHANGE
;268
G92 E0

EXCLUDE_OBJECT_END NAME=Cube_id_0_copy_0
;AFTER_LAYER_CHANGE
;268
;_SET_FAN_SPEED_CHANGING_LAYER
; printing object Cube id:0 copy 0
;WIPE_START
G1 F600
G1 X285.15 Y393.743 E-10
;WIPE_END
EXCLUDE_OBJECT_START NAME=Cube_id_0_copy_0
G1 Z269 F15000
G1 X282.703 Y282.703 Z269
G1 Z268
G1 E17 F9000
;TYPE:Outer wall
;WIDTH:3.2
G1 F2779.615
G1 X717.297 Y282.703 E1876.19945
G1 X717.297 Y717.297 E1876.19945
M73 P63 R278
G1 X282.703 Y717.297 E1876.19945
G1 X282.703 Y283.003 E1874.90431
;WIPE_START
G1 F600
G1 X289.703 Y282.999 E-10
;WIPE_END
G1 Z269 F15000
G1 X285.15 Y400.743 Z269
G1 Z268
G1 E17 F9000
;TYPE:Sparse infill
;WIDTH:3.2
G1 F2779.614
G1 X285.15 Y389.231 E49.70059
G1 X389.231 Y285.15 E635.45138
G1 X400.743 Y285.15 E49.70059
;WIPE_START
G1 F600
G1 X393.743 Y285.15 E-10
;WIPE_END
G1 Z269 F15000
G1 X285.15 Y563.553 Z269
G1 Z268
G1 E17 F9000
G1 F2779.614
G1 X285.15 Y552.04 E49.70059
G1 X552.041 Y285.15 E1629.46316
G1 X563.553 Y285.15 E49.70059
;WIPE_START
G1 F600
G1 X556.553 Y285.15 E-10
;WIPE_END
G1 Z269 F15000
G1 X714.85 Y400.743 Z269
G1 Z268
G1 E17 F9000
G1 F2779.614
G1 X714.85 Y389.231 E49.70059
G1 X610.769 Y285.15 E635.45139
G1 X599.257 Y285.15 E49.70059
;WIPE_START
G1 F600
G1 X606.257 Y285.15 E-10
;WIPE_END
G1 Z269 F15000
M73 P63 R277
G1 X714.85 Y563.553 Z269
G1 Z268
G1 E17 F9000
G1 F2779.614
G1 X714.85 Y552.04 E49.70059
G1 X447.96 Y285.15 E1629.46316
G1 X436.447 Y285.15 E49.70059
;WIPE_START
G1 F600
G1 X443.447 Y285.15 E-10
;WIPE_END
G1 Z269 F15000
G1 X436.447 Y714.85 Z269
G1 Z268
G1 E17 F9000
G1 F2779.614
G1 X447.959 Y714.85 E49.70059
G1 X714.85 Y447.96 E1629.46317
G1 X714.85 Y436.447 E49.70059
;WIPE_START
G1 F600
G1 X714.85 Y443.447 E-10
;WIPE_END
G1 Z269 F15000
G1 X703.338 Y714.85 Z269
G1 Z268
G1 E17 F9000
G1 F2779.614
G1 X714.85 Y714.85 E49.70059
G1 X285.15 Y285.15 E2623.47492
G1 X296.662 Y285.15 E49.70059
;WIPE_START
G1 F600
G1 X289.662 Y285.15 E-10
;WIPE_END
G1 Z269 F15000
G1 X296.662 Y714.85 Z269
G1 Z268
G1 E17 F9000
G1 F2779.614
G1 X285.15 Y714.85 E49.70028
G1 X714.85 Y285.15 E2623.47449
G1 X703.338 Y285.15 E49.70028
;WIPE_START
G1 F600
G1 X710.338 Y285.15 E-10
;WIPE_END
G1 Z269 F15000
G1 X599.257 Y714.85 Z269
G1 Z268
G1 E17 F9000
G1 F2779.614
M73 P63 R276
G1 X610.769 Y714.85 E49.70059
G1 X714.85 Y610.769 E635.45139
G1 X714.85 Y599.257 E49.70059
;WIPE_START
G1 F600
G1 X714.85 Y606.257 E-10
;WIPE_END
G1 Z269 F15000
G1 X563.553 Y714.85 Z269
G1 Z268
G1 E17 F9000
G1 F2779.614
G1 X552.04 Y714.85 E49.70059
G1 X285.15 Y447.96 E1629.46316
G1 X285.15 Y436.447 E49.70059
;WIPE_START
G1 F600
G1 X285.15 Y443.447 E-10
;WIPE_END
G1 Z269 F15000
G1 X400.743 Y714.85 Z269
G1 Z268
G1 E17 F9000
G1 F2779.614
G1 X389.231 Y714.85 E49.70059
G1 X285.15 Y610.769 E635.45139
G1 X285.15 Y599.257 E49.70059
M73 P64 R276
; stop printing object Cube id:0 copy 0
;LAYER_CHANGE
;Z:269.5
;HEIGHT:1.5
;BEFORE_LAYER_CHANGE
;269.5
G92 E0

EXCLUDE_OBJECT_END NAME=Cube_id_0_copy_0
;AFTER_LAYER_CHANGE
;269.5
;_SET_FAN_SPEED_CHANGING_LAYER
; printing object Cube id:0 copy 0
;WIPE_START
G1 F600
G1 X285.15 Y606.257 E-10
;WIPE_END
EXCLUDE_OBJECT_START NAME=Cube_id_0_copy_0
G1 Z270.5 F15000
G1 X282.703 Y717.297 Z270.5
G1 Z269.5
G1 E17 F9000
;TYPE:Outer wall
;WIDTH:3.2
G1 F2779.615
G1 X282.703 Y282.703 E1876.19945
G1 X717.297 Y282.703 E1876.19945
G1 X717.297 Y717.297 E1876.19945
G1 X283.003 Y717.297 E1874.90431
;WIPE_START
G1 F600
M73 P64 R275
G1 X282.999 Y710.297 E-10
;WIPE_END
G1 Z270.5 F15000
G1 X285.15 Y599.257 Z270.5
G1 Z269.5
G1 E17 F9000
;TYPE:Sparse infill
;WIDTH:3.2
G1 F2779.614
G1 X285.15 Y610.769 E49.70059
G1 X389.231 Y714.85 E635.45139
G1 X400.743 Y714.85 E49.70059
;WIPE_START
G1 F600
G1 X393.743 Y714.85 E-10
;WIPE_END
G1 Z270.5 F15000
G1 X285.15 Y436.447 Z270.5
G1 Z269.5
G1 E17 F9000
G1 F2779.614
G1 X285.15 Y447.96 E49.70059
G1 X552.04 Y714.85 E1629.46316
G1 X563.553 Y714.85 E49.70059
;WIPE_START
G1 F600
G1 X556.553 Y714.85 E-10
;WIPE_END
G1 Z270.5 F15000
G1 X714.85 Y599.257 Z270.5
G1 Z269.5
G1 E17 F9000
G1 F2779.614
G1 X714.85 Y610.769 E49.70059
G1 X610.769 Y714.85 E635.45139
G1 X599.257 Y714.85 E49.70059
;WIPE_START
G1 F600
G1 X606.257 Y714.85 E-10
;WIPE_END
G1 Z270.5 F15000
G1 X714.85 Y436.447 Z270.5
G1 Z269.5
G1 E17 F9000
G1 F2779.614
G1 X714.85 Y447.96 E49.70059
G1 X447.959 Y714.85 E1629.46317
G1 X436.447 Y714.85 E49.70059
;WIPE_START
G1 F600
G1 X443.447 Y714.85 E-10
;WIPE_END
G1 Z270.5 F15000
G1 X436.447 Y285.15 Z270.5
G1 Z269.5
G1 E17 F9000
G1 F2779.614
G1 X447.96 Y285.15 E49.70059
G1 X714.85 Y552.04 E1629.46316
G1 X714.85 Y563.553 E49.70059
;WIPE_START
G1 F600
G1 X714.85 Y556.553 E-10
;WIPE_END
G1 Z270.5 F15000
G1 X703.338 Y285.15 Z270.5
G1 Z269.5
G1 E17 F9000
G1 F2779.614
G1 X714.85 Y285.15 E49.70028
G1 X285.15 Y714.85 E2623.47449
G1 X296.662 Y714.85 E49.70028
M73 P64 R274
;WIPE_START
G1 F600
G1 X289.662 Y714.85 E-10
;WIPE_END
G1 Z270.5 F15000
G1 X296.662 Y285.15 Z270.5
G1 Z269.5
G1 E17 F9000
G1 F2779.614
G1 X285.15 Y285.15 E49.70059
G1 X714.85 Y714.85 E2623.47492
G1 X703.338 Y714.85 E49.70059
;WIPE_START
G1 F600
G1 X710.338 Y714.85 E-10
;WIPE_END
G1 Z270.5 F15000
G1 X599.257 Y285.15 Z270.5
G1 Z269.5
G1 E17 F9000
G1 F2779.614
G1 X610.769 Y285.15 E49.70059
G1 X714.85 Y389.231 E635.45139
G1 X714.85 Y400.743 E49.70059
;WIPE_START
G1 F600
G1 X714.85 Y393.743 E-10
;WIPE_END
G1 Z270.5 F15000
G1 X563.553 Y285.15 Z270.5
G1 Z269.5
G1 E17 F9000
G1 F2779.614
G1 X552.041 Y285.15 E49.70059
G1 X285.15 Y552.04 E1629.46316
G1 X285.15 Y563.553 E49.70059
;WIPE_START
G1 F600
G1 X285.15 Y556.553 E-10
;WIPE_END
G1 Z270.5 F15000
G1 X400.743 Y285.15 Z270.5
G1 Z269.5
G1 E17 F9000
G1 F2779.614
G1 X389.231 Y285.15 E49.70059
G1 X285.15 Y389.231 E635.45138
G1 X285.15 Y400.743 E49.70059
; stop printing object Cube id:0 copy 0
;LAYER_CHANGE
;Z:271
;HEIGHT:1.5
;BEFORE_LAYER_CHANGE
;271
G92 E0

EXCLUDE_OBJECT_END NAME=Cube_id_0_copy_0
;AFTER_LAYER_CHANGE
;271
;_SET_FAN_SPEED_CHANGING_LAYER
; printing object Cube id:0 copy 0
;WIPE_START
G1 F600
G1 X285.15 Y393.743 E-10
;WIPE_END
EXCLUDE_OBJECT_START NAME=Cube_id_0_copy_0
G1 Z272 F15000
G1 X282.703 Y282.703 Z272
G1 Z271
G1 E17 F9000
;TYPE:Outer wall
;WIDTH:3.2
G1 F2779.615
G1 X717.297 Y282.703 E1876.19945
G1 X717.297 Y717.297 E1876.19945
M73 P64 R273
G1 X282.703 Y717.297 E1876.19945
G1 X282.703 Y283.003 E1874.90431
;WIPE_START
G1 F600
G1 X289.703 Y282.999 E-10
;WIPE_END
G1 Z272 F15000
G1 X285.15 Y400.743 Z272
G1 Z271
G1 E17 F9000
;TYPE:Sparse infill
;WIDTH:3.2
G1 F2779.614
G1 X285.15 Y389.231 E49.70059
G1 X389.231 Y285.15 E635.45138
G1 X400.743 Y285.15 E49.70059
;WIPE_START
G1 F600
G1 X393.743 Y285.15 E-10
;WIPE_END
G1 Z272 F15000
G1 X285.15 Y563.553 Z272
G1 Z271
G1 E17 F9000
G1 F2779.614
G1 X285.15 Y552.04 E49.70059
G1 X552.041 Y285.15 E1629.46316
G1 X563.553 Y285.15 E49.70059
;WIPE_START
G1 F600
G1 X556.553 Y285.15 E-10
;WIPE_END
G1 Z272 F15000
G1 X714.85 Y400.743 Z272
G1 Z271
G1 E17 F9000
G1 F2779.614
G1 X714.85 Y389.231 E49.70059
G1 X610.769 Y285.15 E635.45139
G1 X599.257 Y285.15 E49.70059
;WIPE_START
G1 F600
G1 X606.257 Y285.15 E-10
;WIPE_END
G1 Z272 F15000
G1 X714.85 Y563.553 Z272
G1 Z271
G1 E17 F9000
G1 F2779.614
G1 X714.85 Y552.04 E49.70059
G1 X447.96 Y285.15 E1629.46316
G1 X436.447 Y285.15 E49.70059
M73 P64 R272
;WIPE_START
G1 F600
G1 X443.447 Y285.15 E-10
;WIPE_END
G1 Z272 F15000
G1 X436.447 Y714.85 Z272
G1 Z271
G1 E17 F9000
G1 F2779.614
G1 X447.959 Y714.85 E49.70059
G1 X714.85 Y447.96 E1629.46317
G1 X714.85 Y436.447 E49.70059
;WIPE_START
G1 F600
G1 X714.85 Y443.447 E-10
;WIPE_END
G1 Z272 F15000
G1 X703.338 Y714.85 Z272
G1 Z271
G1 E17 F9000
G1 F2779.614
G1 X714.85 Y714.85 E49.70059
G1 X285.15 Y285.15 E2623.47492
G1 X296.662 Y285.15 E49.70059
;WIPE_START
G1 F600
G1 X289.662 Y285.15 E-10
;WIPE_END
G1 Z272 F15000
G1 X296.662 Y714.85 Z272
G1 Z271
G1 E17 F9000
G1 F2779.614
G1 X285.15 Y714.85 E49.70028
G1 X714.85 Y285.15 E2623.47449
G1 X703.338 Y285.15 E49.70028
;WIPE_START
G1 F600
G1 X710.338 Y285.15 E-10
;WIPE_END
G1 Z272 F15000
G1 X599.257 Y714.85 Z272
G1 Z271
G1 E17 F9000
G1 F2779.614
G1 X610.769 Y714.85 E49.70059
G1 X714.85 Y610.769 E635.45139
G1 X714.85 Y599.257 E49.70059
;WIPE_START
G1 F600
G1 X714.85 Y606.257 E-10
;WIPE_END
G1 Z272 F15000
G1 X563.553 Y714.85 Z272
G1 Z271
G1 E17 F9000
G1 F2779.614
M73 P64 R271
G1 X552.04 Y714.85 E49.70059
G1 X285.15 Y447.96 E1629.46316
G1 X285.15 Y436.447 E49.70059
;WIPE_START
G1 F600
G1 X285.15 Y443.447 E-10
;WIPE_END
G1 Z272 F15000
G1 X400.743 Y714.85 Z272
G1 Z271
G1 E17 F9000
G1 F2779.614
G1 X389.231 Y714.85 E49.70059
G1 X285.15 Y610.769 E635.45139
G1 X285.15 Y599.257 E49.70059
; stop printing object Cube id:0 copy 0
;LAYER_CHANGE
;Z:272.5
;HEIGHT:1.5
;BEFORE_LAYER_CHANGE
;272.5
G92 E0

EXCLUDE_OBJECT_END NAME=Cube_id_0_copy_0
;AFTER_LAYER_CHANGE
;272.5
;_SET_FAN_SPEED_CHANGING_LAYER
; printing object Cube id:0 copy 0
;WIPE_START
G1 F600
G1 X285.15 Y606.257 E-10
;WIPE_END
EXCLUDE_OBJECT_START NAME=Cube_id_0_copy_0
G1 Z273.5 F15000
G1 X282.703 Y717.297 Z273.5
G1 Z272.5
G1 E17 F9000
;TYPE:Outer wall
;WIDTH:3.2
G1 F2779.615
G1 X282.703 Y282.703 E1876.19945
G1 X717.297 Y282.703 E1876.19945
G1 X717.297 Y717.297 E1876.19945
G1 X283.003 Y717.297 E1874.90431
;WIPE_START
G1 F600
G1 X282.999 Y710.297 E-10
;WIPE_END
G1 Z273.5 F15000
G1 X285.15 Y599.257 Z273.5
G1 Z272.5
G1 E17 F9000
;TYPE:Sparse infill
;WIDTH:3.2
G1 F2779.614
G1 X285.15 Y610.769 E49.70059
G1 X389.231 Y714.85 E635.45139
G1 X400.743 Y714.85 E49.70059
M73 P64 R270
;WIPE_START
G1 F600
G1 X393.743 Y714.85 E-10
;WIPE_END
G1 Z273.5 F15000
G1 X285.15 Y436.447 Z273.5
G1 Z272.5
G1 E17 F9000
G1 F2779.614
G1 X285.15 Y447.96 E49.70059
G1 X552.04 Y714.85 E1629.46316
G1 X563.553 Y714.85 E49.70059
;WIPE_START
G1 F600
G1 X556.553 Y714.85 E-10
;WIPE_END
G1 Z273.5 F15000
G1 X714.85 Y599.257 Z273.5
G1 Z272.5
G1 E17 F9000
G1 F2779.614
G1 X714.85 Y610.769 E49.70059
G1 X610.769 Y714.85 E635.45139
G1 X599.257 Y714.85 E49.70059
;WIPE_START
G1 F600
G1 X606.257 Y714.85 E-10
;WIPE_END
G1 Z273.5 F15000
G1 X714.85 Y436.447 Z273.5
G1 Z272.5
G1 E17 F9000
G1 F2779.614
G1 X714.85 Y447.96 E49.70059
G1 X447.959 Y714.85 E1629.46317
G1 X436.447 Y714.85 E49.70059
;WIPE_START
G1 F600
G1 X443.447 Y714.85 E-10
;WIPE_END
G1 Z273.5 F15000
G1 X436.447 Y285.15 Z273.5
G1 Z272.5
G1 E17 F9000
G1 F2779.614
G1 X447.96 Y285.15 E49.70059
G1 X714.85 Y552.04 E1629.46316
G1 X714.85 Y563.553 E49.70059
;WIPE_START
G1 F600
G1 X714.85 Y556.553 E-10
;WIPE_END
G1 Z273.5 F15000
G1 X703.338 Y285.15 Z273.5
G1 Z272.5
G1 E17 F9000
G1 F2779.614
G1 X714.85 Y285.15 E49.70028
G1 X285.15 Y714.85 E2623.47449
G1 X296.662 Y714.85 E49.70028
;WIPE_START
G1 F600
M73 P64 R269
G1 X289.662 Y714.85 E-10
;WIPE_END
G1 Z273.5 F15000
G1 X296.662 Y285.15 Z273.5
G1 Z272.5
G1 E17 F9000
G1 F2779.614
G1 X285.15 Y285.15 E49.70059
G1 X714.85 Y714.85 E2623.47492
G1 X703.338 Y714.85 E49.70059
;WIPE_START
G1 F600
G1 X710.338 Y714.85 E-10
;WIPE_END
G1 Z273.5 F15000
G1 X599.257 Y285.15 Z273.5
G1 Z272.5
G1 E17 F9000
G1 F2779.614
G1 X610.769 Y285.15 E49.70059
G1 X714.85 Y389.231 E635.45139
G1 X714.85 Y400.743 E49.70059
;WIPE_START
G1 F600
G1 X714.85 Y393.743 E-10
;WIPE_END
G1 Z273.5 F15000
G1 X563.553 Y285.15 Z273.5
G1 Z272.5
G1 E17 F9000
G1 F2779.614
G1 X552.041 Y285.15 E49.70059
G1 X285.15 Y552.04 E1629.46316
G1 X285.15 Y563.553 E49.70059
;WIPE_START
G1 F600
G1 X285.15 Y556.553 E-10
;WIPE_END
G1 Z273.5 F15000
G1 X400.743 Y285.15 Z273.5
G1 Z272.5
G1 E17 F9000
G1 F2779.614
G1 X389.231 Y285.15 E49.70059
G1 X285.15 Y389.231 E635.45138
G1 X285.15 Y400.743 E49.70059
; stop printing object Cube id:0 copy 0
;LAYER_CHANGE
;Z:274
;HEIGHT:1.5
;BEFORE_LAYER_CHANGE
;274
G92 E0

EXCLUDE_OBJECT_END NAME=Cube_id_0_copy_0
;AFTER_LAYER_CHANGE
;274
;_SET_FAN_SPEED_CHANGING_LAYER
; printing object Cube id:0 copy 0
;WIPE_START
G1 F600
G1 X285.15 Y393.743 E-10
;WIPE_END
EXCLUDE_OBJECT_START NAME=Cube_id_0_copy_0
G1 Z275 F15000
G1 X282.703 Y282.703 Z275
G1 Z274
G1 E17 F9000
;TYPE:Outer wall
;WIDTH:3.2
G1 F2779.615
G1 X717.297 Y282.703 E1876.19945
G1 X717.297 Y717.297 E1876.19945
G1 X282.703 Y717.297 E1876.19945
M73 P65 R268
G1 X282.703 Y283.003 E1874.90431
;WIPE_START
G1 F600
G1 X289.703 Y282.999 E-10
;WIPE_END
G1 Z275 F15000
G1 X285.15 Y400.743 Z275
G1 Z274
G1 E17 F9000
;TYPE:Sparse infill
;WIDTH:3.2
G1 F2779.614
G1 X285.15 Y389.231 E49.70059
G1 X389.231 Y285.15 E635.45138
G1 X400.743 Y285.15 E49.70059
;WIPE_START
G1 F600
G1 X393.743 Y285.15 E-10
;WIPE_END
G1 Z275 F15000
G1 X285.15 Y563.553 Z275
G1 Z274
G1 E17 F9000
G1 F2779.614
G1 X285.15 Y552.04 E49.70059
G1 X552.041 Y285.15 E1629.46316
G1 X563.553 Y285.15 E49.70059
;WIPE_START
G1 F600
G1 X556.553 Y285.15 E-10
;WIPE_END
G1 Z275 F15000
G1 X714.85 Y400.743 Z275
G1 Z274
G1 E17 F9000
G1 F2779.614
G1 X714.85 Y389.231 E49.70059
G1 X610.769 Y285.15 E635.45139
G1 X599.257 Y285.15 E49.70059
;WIPE_START
G1 F600
G1 X606.257 Y285.15 E-10
;WIPE_END
G1 Z275 F15000
G1 X714.85 Y563.553 Z275
G1 Z274
G1 E17 F9000
G1 F2779.614
G1 X714.85 Y552.04 E49.70059
G1 X447.96 Y285.15 E1629.46316
G1 X436.447 Y285.15 E49.70059
;WIPE_START
G1 F600
G1 X443.447 Y285.15 E-10
;WIPE_END
G1 Z275 F15000
G1 X436.447 Y714.85 Z275
G1 Z274
M73 P65 R267
G1 E17 F9000
G1 F2779.614
G1 X447.959 Y714.85 E49.70059
G1 X714.85 Y447.96 E1629.46317
G1 X714.85 Y436.447 E49.70059
;WIPE_START
G1 F600
G1 X714.85 Y443.447 E-10
;WIPE_END
G1 Z275 F15000
G1 X703.338 Y714.85 Z275
G1 Z274
G1 E17 F9000
G1 F2779.614
G1 X714.85 Y714.85 E49.70059
G1 X285.15 Y285.15 E2623.47492
G1 X296.662 Y285.15 E49.70059
;WIPE_START
G1 F600
G1 X289.662 Y285.15 E-10
;WIPE_END
G1 Z275 F15000
G1 X296.662 Y714.85 Z275
G1 Z274
G1 E17 F9000
G1 F2779.614
G1 X285.15 Y714.85 E49.70028
G1 X714.85 Y285.15 E2623.47449
G1 X703.338 Y285.15 E49.70028
;WIPE_START
G1 F600
G1 X710.338 Y285.15 E-10
;WIPE_END
G1 Z275 F15000
G1 X599.257 Y714.85 Z275
G1 Z274
G1 E17 F9000
G1 F2779.614
G1 X610.769 Y714.85 E49.70059
G1 X714.85 Y610.769 E635.45139
G1 X714.85 Y599.257 E49.70059
;WIPE_START
G1 F600
G1 X714.85 Y606.257 E-10
;WIPE_END
G1 Z275 F15000
G1 X563.553 Y714.85 Z275
G1 Z274
G1 E17 F9000
G1 F2779.614
G1 X552.04 Y714.85 E49.70059
G1 X285.15 Y447.96 E1629.46316
G1 X285.15 Y436.447 E49.70059
M73 P65 R266
;WIPE_START
G1 F600
G1 X285.15 Y443.447 E-10
;WIPE_END
G1 Z275 F15000
G1 X400.743 Y714.85 Z275
G1 Z274
G1 E17 F9000
G1 F2779.614
G1 X389.231 Y714.85 E49.70059
G1 X285.15 Y610.769 E635.45139
G1 X285.15 Y599.257 E49.70059
; stop printing object Cube id:0 copy 0
;LAYER_CHANGE
;Z:275.5
;HEIGHT:1.5
;BEFORE_LAYER_CHANGE
;275.5
G92 E0

EXCLUDE_OBJECT_END NAME=Cube_id_0_copy_0
;AFTER_LAYER_CHANGE
;275.5
;_SET_FAN_SPEED_CHANGING_LAYER
; printing object Cube id:0 copy 0
;WIPE_START
G1 F600
G1 X285.15 Y606.257 E-10
;WIPE_END
EXCLUDE_OBJECT_START NAME=Cube_id_0_copy_0
G1 Z276.5 F15000
G1 X282.703 Y717.297 Z276.5
G1 Z275.5
G1 E17 F9000
;TYPE:Outer wall
;WIDTH:3.2
G1 F2779.615
G1 X282.703 Y282.703 E1876.19945
G1 X717.297 Y282.703 E1876.19945
G1 X717.297 Y717.297 E1876.19945
G1 X283.003 Y717.297 E1874.90431
;WIPE_START
G1 F600
G1 X282.999 Y710.297 E-10
;WIPE_END
G1 Z276.5 F15000
G1 X285.15 Y599.257 Z276.5
G1 Z275.5
G1 E17 F9000
;TYPE:Sparse infill
;WIDTH:3.2
G1 F2779.614
G1 X285.15 Y610.769 E49.70059
G1 X389.231 Y714.85 E635.45139
G1 X400.743 Y714.85 E49.70059
;WIPE_START
G1 F600
G1 X393.743 Y714.85 E-10
;WIPE_END
G1 Z276.5 F15000
G1 X285.15 Y436.447 Z276.5
G1 Z275.5
G1 E17 F9000
G1 F2779.614
G1 X285.15 Y447.96 E49.70059
G1 X552.04 Y714.85 E1629.46316
G1 X563.553 Y714.85 E49.70059
M73 P65 R265
;WIPE_START
G1 F600
G1 X556.553 Y714.85 E-10
;WIPE_END
G1 Z276.5 F15000
G1 X714.85 Y599.257 Z276.5
G1 Z275.5
G1 E17 F9000
G1 F2779.614
G1 X714.85 Y610.769 E49.70059
G1 X610.769 Y714.85 E635.45139
G1 X599.257 Y714.85 E49.70059
;WIPE_START
G1 F600
G1 X606.257 Y714.85 E-10
;WIPE_END
G1 Z276.5 F15000
G1 X714.85 Y436.447 Z276.5
G1 Z275.5
G1 E17 F9000
G1 F2779.614
G1 X714.85 Y447.96 E49.70059
G1 X447.959 Y714.85 E1629.46317
G1 X436.447 Y714.85 E49.70059
;WIPE_START
G1 F600
G1 X443.447 Y714.85 E-10
;WIPE_END
G1 Z276.5 F15000
G1 X436.447 Y285.15 Z276.5
G1 Z275.5
G1 E17 F9000
G1 F2779.614
G1 X447.96 Y285.15 E49.70059
G1 X714.85 Y552.04 E1629.46316
G1 X714.85 Y563.553 E49.70059
;WIPE_START
G1 F600
G1 X714.85 Y556.553 E-10
;WIPE_END
G1 Z276.5 F15000
G1 X703.338 Y285.15 Z276.5
G1 Z275.5
G1 E17 F9000
G1 F2779.614
G1 X714.85 Y285.15 E49.70028
G1 X285.15 Y714.85 E2623.47449
G1 X296.662 Y714.85 E49.70028
;WIPE_START
G1 F600
G1 X289.662 Y714.85 E-10
;WIPE_END
G1 Z276.5 F15000
G1 X296.662 Y285.15 Z276.5
G1 Z275.5
G1 E17 F9000
G1 F2779.614
G1 X285.15 Y285.15 E49.70059
G1 X714.85 Y714.85 E2623.47492
G1 X703.338 Y714.85 E49.70059
M73 P65 R264
;WIPE_START
G1 F600
G1 X710.338 Y714.85 E-10
;WIPE_END
G1 Z276.5 F15000
G1 X599.257 Y285.15 Z276.5
G1 Z275.5
G1 E17 F9000
G1 F2779.614
G1 X610.769 Y285.15 E49.70059
G1 X714.85 Y389.231 E635.45139
G1 X714.85 Y400.743 E49.70059
;WIPE_START
G1 F600
G1 X714.85 Y393.743 E-10
;WIPE_END
G1 Z276.5 F15000
G1 X563.553 Y285.15 Z276.5
G1 Z275.5
G1 E17 F9000
G1 F2779.614
G1 X552.041 Y285.15 E49.70059
G1 X285.15 Y552.04 E1629.46316
G1 X285.15 Y563.553 E49.70059
;WIPE_START
G1 F600
G1 X285.15 Y556.553 E-10
;WIPE_END
G1 Z276.5 F15000
G1 X400.743 Y285.15 Z276.5
G1 Z275.5
G1 E17 F9000
G1 F2779.614
G1 X389.231 Y285.15 E49.70059
G1 X285.15 Y389.231 E635.45138
G1 X285.15 Y400.743 E49.70059
; stop printing object Cube id:0 copy 0
;LAYER_CHANGE
;Z:277
;HEIGHT:1.5
;BEFORE_LAYER_CHANGE
;277
G92 E0

EXCLUDE_OBJECT_END NAME=Cube_id_0_copy_0
;AFTER_LAYER_CHANGE
;277
;_SET_FAN_SPEED_CHANGING_LAYER
; printing object Cube id:0 copy 0
;WIPE_START
G1 F600
G1 X285.15 Y393.743 E-10
;WIPE_END
EXCLUDE_OBJECT_START NAME=Cube_id_0_copy_0
G1 Z278 F15000
G1 X282.703 Y282.703 Z278
G1 Z277
G1 E17 F9000
;TYPE:Outer wall
;WIDTH:3.2
G1 F2779.615
G1 X717.297 Y282.703 E1876.19945
G1 X717.297 Y717.297 E1876.19945
G1 X282.703 Y717.297 E1876.19945
G1 X282.703 Y283.003 E1874.90431
M73 P65 R263
;WIPE_START
G1 F600
G1 X289.703 Y282.999 E-10
;WIPE_END
G1 Z278 F15000
G1 X285.15 Y400.743 Z278
G1 Z277
G1 E17 F9000
;TYPE:Sparse infill
;WIDTH:3.2
G1 F2779.614
G1 X285.15 Y389.231 E49.70059
G1 X389.231 Y285.15 E635.45138
G1 X400.743 Y285.15 E49.70059
;WIPE_START
G1 F600
G1 X393.743 Y285.15 E-10
;WIPE_END
G1 Z278 F15000
G1 X285.15 Y563.553 Z278
G1 Z277
G1 E17 F9000
G1 F2779.614
G1 X285.15 Y552.04 E49.70059
G1 X552.041 Y285.15 E1629.46316
G1 X563.553 Y285.15 E49.70059
;WIPE_START
G1 F600
G1 X556.553 Y285.15 E-10
;WIPE_END
G1 Z278 F15000
G1 X714.85 Y400.743 Z278
G1 Z277
G1 E17 F9000
G1 F2779.614
G1 X714.85 Y389.231 E49.70059
G1 X610.769 Y285.15 E635.45139
G1 X599.257 Y285.15 E49.70059
;WIPE_START
G1 F600
G1 X606.257 Y285.15 E-10
;WIPE_END
G1 Z278 F15000
G1 X714.85 Y563.553 Z278
G1 Z277
G1 E17 F9000
G1 F2779.614
G1 X714.85 Y552.04 E49.70059
G1 X447.96 Y285.15 E1629.46316
G1 X436.447 Y285.15 E49.70059
;WIPE_START
G1 F600
G1 X443.447 Y285.15 E-10
;WIPE_END
G1 Z278 F15000
G1 X436.447 Y714.85 Z278
G1 Z277
G1 E17 F9000
G1 F2779.614
G1 X447.959 Y714.85 E49.70059
G1 X714.85 Y447.96 E1629.46317
G1 X714.85 Y436.447 E49.70059
M73 P65 R262
;WIPE_START
G1 F600
G1 X714.85 Y443.447 E-10
;WIPE_END
G1 Z278 F15000
G1 X703.338 Y714.85 Z278
G1 Z277
G1 E17 F9000
G1 F2779.614
G1 X714.85 Y714.85 E49.70059
G1 X285.15 Y285.15 E2623.47492
G1 X296.662 Y285.15 E49.70059
;WIPE_START
G1 F600
G1 X289.662 Y285.15 E-10
;WIPE_END
G1 Z278 F15000
G1 X296.662 Y714.85 Z278
G1 Z277
G1 E17 F9000
G1 F2779.614
G1 X285.15 Y714.85 E49.70028
G1 X714.85 Y285.15 E2623.47449
G1 X703.338 Y285.15 E49.70028
;WIPE_START
G1 F600
G1 X710.338 Y285.15 E-10
;WIPE_END
G1 Z278 F15000
G1 X599.257 Y714.85 Z278
G1 Z277
G1 E17 F9000
G1 F2779.614
G1 X610.769 Y714.85 E49.70059
G1 X714.85 Y610.769 E635.45139
G1 X714.85 Y599.257 E49.70059
;WIPE_START
G1 F600
G1 X714.85 Y606.257 E-10
;WIPE_END
G1 Z278 F15000
G1 X563.553 Y714.85 Z278
G1 Z277
G1 E17 F9000
G1 F2779.614
G1 X552.04 Y714.85 E49.70059
G1 X285.15 Y447.96 E1629.46316
G1 X285.15 Y436.447 E49.70059
;WIPE_START
G1 F600
G1 X285.15 Y443.447 E-10
;WIPE_END
G1 Z278 F15000
G1 X400.743 Y714.85 Z278
G1 Z277
G1 E17 F9000
G1 F2779.614
G1 X389.231 Y714.85 E49.70059
G1 X285.15 Y610.769 E635.45139
G1 X285.15 Y599.257 E49.70059
M73 P65 R261
; stop printing object Cube id:0 copy 0
;LAYER_CHANGE
;Z:278.5
;HEIGHT:1.5
;BEFORE_LAYER_CHANGE
;278.5
G92 E0

EXCLUDE_OBJECT_END NAME=Cube_id_0_copy_0
;AFTER_LAYER_CHANGE
;278.5
;_SET_FAN_SPEED_CHANGING_LAYER
; printing object Cube id:0 copy 0
;WIPE_START
G1 F600
G1 X285.15 Y606.257 E-10
;WIPE_END
EXCLUDE_OBJECT_START NAME=Cube_id_0_copy_0
G1 Z279.5 F15000
G1 X282.703 Y717.297 Z279.5
G1 Z278.5
G1 E17 F9000
;TYPE:Outer wall
;WIDTH:3.2
G1 F2779.615
G1 X282.703 Y282.703 E1876.19945
G1 X717.297 Y282.703 E1876.19945
G1 X717.297 Y717.297 E1876.19945
G1 X283.003 Y717.297 E1874.90431
;WIPE_START
G1 F600
M73 P66 R261
G1 X282.999 Y710.297 E-10
;WIPE_END
G1 Z279.5 F15000
G1 X285.15 Y599.257 Z279.5
G1 Z278.5
G1 E17 F9000
;TYPE:Sparse infill
;WIDTH:3.2
G1 F2779.614
G1 X285.15 Y610.769 E49.70059
G1 X389.231 Y714.85 E635.45139
G1 X400.743 Y714.85 E49.70059
;WIPE_START
G1 F600
G1 X393.743 Y714.85 E-10
;WIPE_END
G1 Z279.5 F15000
G1 X285.15 Y436.447 Z279.5
G1 Z278.5
G1 E17 F9000
G1 F2779.614
G1 X285.15 Y447.96 E49.70059
G1 X552.04 Y714.85 E1629.46316
G1 X563.553 Y714.85 E49.70059
M73 P66 R260
;WIPE_START
G1 F600
G1 X556.553 Y714.85 E-10
;WIPE_END
G1 Z279.5 F15000
G1 X714.85 Y599.257 Z279.5
G1 Z278.5
G1 E17 F9000
G1 F2779.614
G1 X714.85 Y610.769 E49.70059
G1 X610.769 Y714.85 E635.45139
G1 X599.257 Y714.85 E49.70059
;WIPE_START
G1 F600
G1 X606.257 Y714.85 E-10
;WIPE_END
G1 Z279.5 F15000
G1 X714.85 Y436.447 Z279.5
G1 Z278.5
G1 E17 F9000
G1 F2779.614
G1 X714.85 Y447.96 E49.70059
G1 X447.959 Y714.85 E1629.46317
G1 X436.447 Y714.85 E49.70059
;WIPE_START
G1 F600
G1 X443.447 Y714.85 E-10
;WIPE_END
G1 Z279.5 F15000
G1 X436.447 Y285.15 Z279.5
G1 Z278.5
G1 E17 F9000
G1 F2779.614
G1 X447.96 Y285.15 E49.70059
G1 X714.85 Y552.04 E1629.46316
G1 X714.85 Y563.553 E49.70059
;WIPE_START
G1 F600
G1 X714.85 Y556.553 E-10
;WIPE_END
G1 Z279.5 F15000
G1 X703.338 Y285.15 Z279.5
G1 Z278.5
G1 E17 F9000
G1 F2779.614
G1 X714.85 Y285.15 E49.70028
G1 X285.15 Y714.85 E2623.47449
G1 X296.662 Y714.85 E49.70028
;WIPE_START
G1 F600
G1 X289.662 Y714.85 E-10
;WIPE_END
G1 Z279.5 F15000
G1 X296.662 Y285.15 Z279.5
G1 Z278.5
G1 E17 F9000
G1 F2779.614
G1 X285.15 Y285.15 E49.70059
G1 X714.85 Y714.85 E2623.47492
G1 X703.338 Y714.85 E49.70059
M73 P66 R259
;WIPE_START
G1 F600
G1 X710.338 Y714.85 E-10
;WIPE_END
G1 Z279.5 F15000
G1 X599.257 Y285.15 Z279.5
G1 Z278.5
G1 E17 F9000
G1 F2779.614
G1 X610.769 Y285.15 E49.70059
G1 X714.85 Y389.231 E635.45139
G1 X714.85 Y400.743 E49.70059
;WIPE_START
G1 F600
G1 X714.85 Y393.743 E-10
;WIPE_END
G1 Z279.5 F15000
G1 X563.553 Y285.15 Z279.5
G1 Z278.5
G1 E17 F9000
G1 F2779.614
G1 X552.041 Y285.15 E49.70059
G1 X285.15 Y552.04 E1629.46316
G1 X285.15 Y563.553 E49.70059
;WIPE_START
G1 F600
G1 X285.15 Y556.553 E-10
;WIPE_END
G1 Z279.5 F15000
G1 X400.743 Y285.15 Z279.5
G1 Z278.5
G1 E17 F9000
G1 F2779.614
G1 X389.231 Y285.15 E49.70059
G1 X285.15 Y389.231 E635.45138
G1 X285.15 Y400.743 E49.70059
; stop printing object Cube id:0 copy 0
;LAYER_CHANGE
;Z:280
;HEIGHT:1.5
;BEFORE_LAYER_CHANGE
;280
G92 E0

EXCLUDE_OBJECT_END NAME=Cube_id_0_copy_0
;AFTER_LAYER_CHANGE
;280
;_SET_FAN_SPEED_CHANGING_LAYER
; printing object Cube id:0 copy 0
;WIPE_START
G1 F600
G1 X285.15 Y393.743 E-10
;WIPE_END
EXCLUDE_OBJECT_START NAME=Cube_id_0_copy_0
G1 Z281 F15000
G1 X282.703 Y282.703 Z281
G1 Z280
G1 E17 F9000
;TYPE:Outer wall
;WIDTH:3.2
G1 F2779.615
G1 X717.297 Y282.703 E1876.19945
G1 X717.297 Y717.297 E1876.19945
G1 X282.703 Y717.297 E1876.19945
G1 X282.703 Y283.003 E1874.90431
M73 P66 R258
;WIPE_START
G1 F600
G1 X289.703 Y282.999 E-10
;WIPE_END
G1 Z281 F15000
G1 X285.15 Y400.743 Z281
G1 Z280
G1 E17 F9000
;TYPE:Sparse infill
;WIDTH:3.2
G1 F2779.614
G1 X285.15 Y389.231 E49.70059
G1 X389.231 Y285.15 E635.45138
G1 X400.743 Y285.15 E49.70059
;WIPE_START
G1 F600
G1 X393.743 Y285.15 E-10
;WIPE_END
G1 Z281 F15000
G1 X285.15 Y563.553 Z281
G1 Z280
G1 E17 F9000
G1 F2779.614
G1 X285.15 Y552.04 E49.70059
G1 X552.041 Y285.15 E1629.46316
G1 X563.553 Y285.15 E49.70059
;WIPE_START
G1 F600
G1 X556.553 Y285.15 E-10
;WIPE_END
G1 Z281 F15000
G1 X714.85 Y400.743 Z281
G1 Z280
G1 E17 F9000
G1 F2779.614
G1 X714.85 Y389.231 E49.70059
G1 X610.769 Y285.15 E635.45139
G1 X599.257 Y285.15 E49.70059
;WIPE_START
G1 F600
G1 X606.257 Y285.15 E-10
;WIPE_END
G1 Z281 F15000
G1 X714.85 Y563.553 Z281
G1 Z280
G1 E17 F9000
G1 F2779.614
G1 X714.85 Y552.04 E49.70059
G1 X447.96 Y285.15 E1629.46316
G1 X436.447 Y285.15 E49.70059
;WIPE_START
G1 F600
G1 X443.447 Y285.15 E-10
;WIPE_END
G1 Z281 F15000
G1 X436.447 Y714.85 Z281
G1 Z280
G1 E17 F9000
G1 F2779.614
G1 X447.959 Y714.85 E49.70059
G1 X714.85 Y447.96 E1629.46317
G1 X714.85 Y436.447 E49.70059
;WIPE_START
G1 F600
G1 X714.85 Y443.447 E-10
;WIPE_END
G1 Z281 F15000
G1 X703.338 Y714.85 Z281
G1 Z280
M73 P66 R257
G1 E17 F9000
G1 F2779.614
G1 X714.85 Y714.85 E49.70059
G1 X285.15 Y285.15 E2623.47492
G1 X296.662 Y285.15 E49.70059
;WIPE_START
G1 F600
G1 X289.662 Y285.15 E-10
;WIPE_END
G1 Z281 F15000
G1 X296.662 Y714.85 Z281
G1 Z280
G1 E17 F9000
G1 F2779.614
G1 X285.15 Y714.85 E49.70028
G1 X714.85 Y285.15 E2623.47449
G1 X703.338 Y285.15 E49.70028
;WIPE_START
G1 F600
G1 X710.338 Y285.15 E-10
;WIPE_END
G1 Z281 F15000
G1 X599.257 Y714.85 Z281
G1 Z280
G1 E17 F9000
G1 F2779.614
G1 X610.769 Y714.85 E49.70059
G1 X714.85 Y610.769 E635.45139
G1 X714.85 Y599.257 E49.70059
;WIPE_START
G1 F600
G1 X714.85 Y606.257 E-10
;WIPE_END
G1 Z281 F15000
G1 X563.553 Y714.85 Z281
G1 Z280
G1 E17 F9000
G1 F2779.614
G1 X552.04 Y714.85 E49.70059
G1 X285.15 Y447.96 E1629.46316
G1 X285.15 Y436.447 E49.70059
;WIPE_START
G1 F600
G1 X285.15 Y443.447 E-10
;WIPE_END
G1 Z281 F15000
G1 X400.743 Y714.85 Z281
G1 Z280
G1 E17 F9000
G1 F2779.614
G1 X389.231 Y714.85 E49.70059
G1 X285.15 Y610.769 E635.45139
G1 X285.15 Y599.257 E49.70059
; stop printing object Cube id:0 copy 0
;LAYER_CHANGE
;Z:281.5
;HEIGHT:1.5
;BEFORE_LAYER_CHANGE
;281.5
G92 E0

EXCLUDE_OBJECT_END NAME=Cube_id_0_copy_0
;AFTER_LAYER_CHANGE
;281.5
;_SET_FAN_SPEED_CHANGING_LAYER
; printing object Cube id:0 copy 0
;WIPE_START
G1 F600
G1 X285.15 Y606.257 E-10
;WIPE_END
EXCLUDE_OBJECT_START NAME=Cube_id_0_copy_0
G1 Z282.5 F15000
G1 X282.703 Y717.297 Z282.5
G1 Z281.5
G1 E17 F9000
;TYPE:Outer wall
;WIDTH:3.2
G1 F2779.615
G1 X282.703 Y282.703 E1876.19945
G1 X717.297 Y282.703 E1876.19945
M73 P66 R256
G1 X717.297 Y717.297 E1876.19945
G1 X283.003 Y717.297 E1874.90431
;WIPE_START
G1 F600
G1 X282.999 Y710.297 E-10
;WIPE_END
G1 Z282.5 F15000
G1 X285.15 Y599.257 Z282.5
G1 Z281.5
G1 E17 F9000
;TYPE:Sparse infill
;WIDTH:3.2
G1 F2779.614
G1 X285.15 Y610.769 E49.70059
G1 X389.231 Y714.85 E635.45139
G1 X400.743 Y714.85 E49.70059
;WIPE_START
G1 F600
G1 X393.743 Y714.85 E-10
;WIPE_END
G1 Z282.5 F15000
G1 X285.15 Y436.447 Z282.5
G1 Z281.5
G1 E17 F9000
G1 F2779.614
G1 X285.15 Y447.96 E49.70059
G1 X552.04 Y714.85 E1629.46316
G1 X563.553 Y714.85 E49.70059
;WIPE_START
G1 F600
G1 X556.553 Y714.85 E-10
;WIPE_END
G1 Z282.5 F15000
G1 X714.85 Y599.257 Z282.5
G1 Z281.5
G1 E17 F9000
G1 F2779.614
G1 X714.85 Y610.769 E49.70059
G1 X610.769 Y714.85 E635.45139
G1 X599.257 Y714.85 E49.70059
M73 P66 R255
;WIPE_START
G1 F600
G1 X606.257 Y714.85 E-10
;WIPE_END
G1 Z282.5 F15000
G1 X714.85 Y436.447 Z282.5
G1 Z281.5
G1 E17 F9000
G1 F2779.614
G1 X714.85 Y447.96 E49.70059
G1 X447.959 Y714.85 E1629.46317
G1 X436.447 Y714.85 E49.70059
;WIPE_START
G1 F600
G1 X443.447 Y714.85 E-10
;WIPE_END
G1 Z282.5 F15000
G1 X436.447 Y285.15 Z282.5
G1 Z281.5
G1 E17 F9000
G1 F2779.614
G1 X447.96 Y285.15 E49.70059
G1 X714.85 Y552.04 E1629.46316
G1 X714.85 Y563.553 E49.70059
;WIPE_START
G1 F600
G1 X714.85 Y556.553 E-10
;WIPE_END
G1 Z282.5 F15000
G1 X703.338 Y285.15 Z282.5
G1 Z281.5
G1 E17 F9000
G1 F2779.614
G1 X714.85 Y285.15 E49.70028
G1 X285.15 Y714.85 E2623.47449
G1 X296.662 Y714.85 E49.70028
;WIPE_START
G1 F600
G1 X289.662 Y714.85 E-10
;WIPE_END
G1 Z282.5 F15000
G1 X296.662 Y285.15 Z282.5
G1 Z281.5
G1 E17 F9000
G1 F2779.614
G1 X285.15 Y285.15 E49.70059
G1 X714.85 Y714.85 E2623.47492
G1 X703.338 Y714.85 E49.70059
;WIPE_START
G1 F600
G1 X710.338 Y714.85 E-10
;WIPE_END
G1 Z282.5 F15000
G1 X599.257 Y285.15 Z282.5
G1 Z281.5
M73 P66 R254
G1 E17 F9000
G1 F2779.614
G1 X610.769 Y285.15 E49.70059
G1 X714.85 Y389.231 E635.45139
G1 X714.85 Y400.743 E49.70059
;WIPE_START
G1 F600
G1 X714.85 Y393.743 E-10
;WIPE_END
G1 Z282.5 F15000
G1 X563.553 Y285.15 Z282.5
G1 Z281.5
G1 E17 F9000
G1 F2779.614
G1 X552.041 Y285.15 E49.70059
G1 X285.15 Y552.04 E1629.46316
G1 X285.15 Y563.553 E49.70059
;WIPE_START
G1 F600
G1 X285.15 Y556.553 E-10
;WIPE_END
G1 Z282.5 F15000
G1 X400.743 Y285.15 Z282.5
G1 Z281.5
G1 E17 F9000
G1 F2779.614
G1 X389.231 Y285.15 E49.70059
G1 X285.15 Y389.231 E635.45138
G1 X285.15 Y400.743 E49.70059
; stop printing object Cube id:0 copy 0
;LAYER_CHANGE
;Z:283
;HEIGHT:1.5
;BEFORE_LAYER_CHANGE
;283
G92 E0

EXCLUDE_OBJECT_END NAME=Cube_id_0_copy_0
;AFTER_LAYER_CHANGE
;283
;_SET_FAN_SPEED_CHANGING_LAYER
; printing object Cube id:0 copy 0
;WIPE_START
G1 F600
G1 X285.15 Y393.743 E-10
;WIPE_END
EXCLUDE_OBJECT_START NAME=Cube_id_0_copy_0
G1 Z284 F15000
G1 X282.703 Y282.703 Z284
G1 Z283
G1 E17 F9000
;TYPE:Outer wall
;WIDTH:3.2
G1 F2779.615
G1 X717.297 Y282.703 E1876.19945
G1 X717.297 Y717.297 E1876.19945
G1 X282.703 Y717.297 E1876.19945
G1 X282.703 Y283.003 E1874.90431
;WIPE_START
G1 F600
M73 P66 R253
G1 X289.703 Y282.999 E-10
;WIPE_END
G1 Z284 F15000
G1 X285.15 Y400.743 Z284
G1 Z283
G1 E17 F9000
;TYPE:Sparse infill
;WIDTH:3.2
G1 F2779.614
G1 X285.15 Y389.231 E49.70059
G1 X389.231 Y285.15 E635.45138
G1 X400.743 Y285.15 E49.70059
;WIPE_START
G1 F600
G1 X393.743 Y285.15 E-10
;WIPE_END
G1 Z284 F15000
G1 X285.15 Y563.553 Z284
G1 Z283
G1 E17 F9000
G1 F2779.614
G1 X285.15 Y552.04 E49.70059
G1 X552.041 Y285.15 E1629.46316
G1 X563.553 Y285.15 E49.70059
;WIPE_START
G1 F600
G1 X556.553 Y285.15 E-10
;WIPE_END
G1 Z284 F15000
G1 X714.85 Y400.743 Z284
G1 Z283
M73 P67 R253
G1 E17 F9000
G1 F2779.614
G1 X714.85 Y389.231 E49.70059
G1 X610.769 Y285.15 E635.45139
G1 X599.257 Y285.15 E49.70059
;WIPE_START
G1 F600
G1 X606.257 Y285.15 E-10
;WIPE_END
G1 Z284 F15000
G1 X714.85 Y563.553 Z284
G1 Z283
G1 E17 F9000
G1 F2779.614
G1 X714.85 Y552.04 E49.70059
G1 X447.96 Y285.15 E1629.46316
G1 X436.447 Y285.15 E49.70059
;WIPE_START
G1 F600
G1 X443.447 Y285.15 E-10
;WIPE_END
G1 Z284 F15000
G1 X436.447 Y714.85 Z284
G1 Z283
G1 E17 F9000
G1 F2779.614
G1 X447.959 Y714.85 E49.70059
G1 X714.85 Y447.96 E1629.46317
G1 X714.85 Y436.447 E49.70059
;WIPE_START
G1 F600
G1 X714.85 Y443.447 E-10
;WIPE_END
G1 Z284 F15000
G1 X703.338 Y714.85 Z284
G1 Z283
G1 E17 F9000
G1 F2779.614
G1 X714.85 Y714.85 E49.70059
G1 X285.15 Y285.15 E2623.47492
G1 X296.662 Y285.15 E49.70059
M73 P67 R252
;WIPE_START
G1 F600
G1 X289.662 Y285.15 E-10
;WIPE_END
G1 Z284 F15000
G1 X296.662 Y714.85 Z284
G1 Z283
G1 E17 F9000
G1 F2779.614
G1 X285.15 Y714.85 E49.70028
G1 X714.85 Y285.15 E2623.47449
G1 X703.338 Y285.15 E49.70028
;WIPE_START
G1 F600
G1 X710.338 Y285.15 E-10
;WIPE_END
G1 Z284 F15000
G1 X599.257 Y714.85 Z284
G1 Z283
G1 E17 F9000
G1 F2779.614
G1 X610.769 Y714.85 E49.70059
G1 X714.85 Y610.769 E635.45139
G1 X714.85 Y599.257 E49.70059
;WIPE_START
G1 F600
G1 X714.85 Y606.257 E-10
;WIPE_END
G1 Z284 F15000
G1 X563.553 Y714.85 Z284
G1 Z283
G1 E17 F9000
G1 F2779.614
G1 X552.04 Y714.85 E49.70059
G1 X285.15 Y447.96 E1629.46316
G1 X285.15 Y436.447 E49.70059
;WIPE_START
G1 F600
G1 X285.15 Y443.447 E-10
;WIPE_END
G1 Z284 F15000
G1 X400.743 Y714.85 Z284
G1 Z283
G1 E17 F9000
G1 F2779.614
G1 X389.231 Y714.85 E49.70059
G1 X285.15 Y610.769 E635.45139
G1 X285.15 Y599.257 E49.70059
; stop printing object Cube id:0 copy 0
;LAYER_CHANGE
;Z:284.5
;HEIGHT:1.5
;BEFORE_LAYER_CHANGE
;284.5
G92 E0

EXCLUDE_OBJECT_END NAME=Cube_id_0_copy_0
;AFTER_LAYER_CHANGE
;284.5
;_SET_FAN_SPEED_CHANGING_LAYER
; printing object Cube id:0 copy 0
;WIPE_START
G1 F600
G1 X285.15 Y606.257 E-10
;WIPE_END
EXCLUDE_OBJECT_START NAME=Cube_id_0_copy_0
G1 Z285.5 F15000
G1 X282.703 Y717.297 Z285.5
G1 Z284.5
G1 E17 F9000
;TYPE:Outer wall
;WIDTH:3.2
G1 F2779.615
G1 X282.703 Y282.703 E1876.19945
G1 X717.297 Y282.703 E1876.19945
M73 P67 R251
G1 X717.297 Y717.297 E1876.19945
G1 X283.003 Y717.297 E1874.90431
;WIPE_START
G1 F600
G1 X282.999 Y710.297 E-10
;WIPE_END
G1 Z285.5 F15000
G1 X285.15 Y599.257 Z285.5
G1 Z284.5
G1 E17 F9000
;TYPE:Sparse infill
;WIDTH:3.2
G1 F2779.614
G1 X285.15 Y610.769 E49.70059
G1 X389.231 Y714.85 E635.45139
G1 X400.743 Y714.85 E49.70059
;WIPE_START
G1 F600
G1 X393.743 Y714.85 E-10
;WIPE_END
G1 Z285.5 F15000
G1 X285.15 Y436.447 Z285.5
G1 Z284.5
G1 E17 F9000
G1 F2779.614
G1 X285.15 Y447.96 E49.70059
G1 X552.04 Y714.85 E1629.46316
G1 X563.553 Y714.85 E49.70059
;WIPE_START
G1 F600
G1 X556.553 Y714.85 E-10
;WIPE_END
G1 Z285.5 F15000
G1 X714.85 Y599.257 Z285.5
G1 Z284.5
G1 E17 F9000
G1 F2779.614
G1 X714.85 Y610.769 E49.70059
G1 X610.769 Y714.85 E635.45139
G1 X599.257 Y714.85 E49.70059
;WIPE_START
G1 F600
G1 X606.257 Y714.85 E-10
;WIPE_END
G1 Z285.5 F15000
G1 X714.85 Y436.447 Z285.5
G1 Z284.5
G1 E17 F9000
G1 F2779.614
G1 X714.85 Y447.96 E49.70059
G1 X447.959 Y714.85 E1629.46317
G1 X436.447 Y714.85 E49.70059
M73 P67 R250
;WIPE_START
G1 F600
G1 X443.447 Y714.85 E-10
;WIPE_END
G1 Z285.5 F15000
G1 X436.447 Y285.15 Z285.5
G1 Z284.5
G1 E17 F9000
G1 F2779.614
G1 X447.96 Y285.15 E49.70059
G1 X714.85 Y552.04 E1629.46316
G1 X714.85 Y563.553 E49.70059
;WIPE_START
G1 F600
G1 X714.85 Y556.553 E-10
;WIPE_END
G1 Z285.5 F15000
G1 X703.338 Y285.15 Z285.5
G1 Z284.5
G1 E17 F9000
G1 F2779.614
G1 X714.85 Y285.15 E49.70028
G1 X285.15 Y714.85 E2623.47449
G1 X296.662 Y714.85 E49.70028
;WIPE_START
G1 F600
G1 X289.662 Y714.85 E-10
;WIPE_END
G1 Z285.5 F15000
G1 X296.662 Y285.15 Z285.5
G1 Z284.5
G1 E17 F9000
G1 F2779.614
G1 X285.15 Y285.15 E49.70059
G1 X714.85 Y714.85 E2623.47492
G1 X703.338 Y714.85 E49.70059
;WIPE_START
G1 F600
G1 X710.338 Y714.85 E-10
;WIPE_END
G1 Z285.5 F15000
G1 X599.257 Y285.15 Z285.5
G1 Z284.5
G1 E17 F9000
G1 F2779.614
G1 X610.769 Y285.15 E49.70059
G1 X714.85 Y389.231 E635.45139
G1 X714.85 Y400.743 E49.70059
;WIPE_START
G1 F600
G1 X714.85 Y393.743 E-10
;WIPE_END
G1 Z285.5 F15000
M73 P67 R249
G1 X563.553 Y285.15 Z285.5
G1 Z284.5
G1 E17 F9000
G1 F2779.614
G1 X552.041 Y285.15 E49.70059
G1 X285.15 Y552.04 E1629.46316
G1 X285.15 Y563.553 E49.70059
;WIPE_START
G1 F600
G1 X285.15 Y556.553 E-10
;WIPE_END
G1 Z285.5 F15000
G1 X400.743 Y285.15 Z285.5
G1 Z284.5
G1 E17 F9000
G1 F2779.614
G1 X389.231 Y285.15 E49.70059
G1 X285.15 Y389.231 E635.45138
G1 X285.15 Y400.743 E49.70059
; stop printing object Cube id:0 copy 0
;LAYER_CHANGE
;Z:286
;HEIGHT:1.5
;BEFORE_LAYER_CHANGE
;286
G92 E0

EXCLUDE_OBJECT_END NAME=Cube_id_0_copy_0
;AFTER_LAYER_CHANGE
;286
;_SET_FAN_SPEED_CHANGING_LAYER
; printing object Cube id:0 copy 0
;WIPE_START
G1 F600
G1 X285.15 Y393.743 E-10
;WIPE_END
EXCLUDE_OBJECT_START NAME=Cube_id_0_copy_0
G1 Z287 F15000
G1 X282.703 Y282.703 Z287
G1 Z286
G1 E17 F9000
;TYPE:Outer wall
;WIDTH:3.2
G1 F2779.615
G1 X717.297 Y282.703 E1876.19945
G1 X717.297 Y717.297 E1876.19945
G1 X282.703 Y717.297 E1876.19945
G1 X282.703 Y283.003 E1874.90431
;WIPE_START
G1 F600
G1 X289.703 Y282.999 E-10
;WIPE_END
G1 Z287 F15000
G1 X285.15 Y400.743 Z287
G1 Z286
G1 E17 F9000
;TYPE:Sparse infill
;WIDTH:3.2
G1 F2779.614
G1 X285.15 Y389.231 E49.70059
G1 X389.231 Y285.15 E635.45138
M73 P67 R248
G1 X400.743 Y285.15 E49.70059
;WIPE_START
G1 F600
G1 X393.743 Y285.15 E-10
;WIPE_END
G1 Z287 F15000
G1 X285.15 Y563.553 Z287
G1 Z286
G1 E17 F9000
G1 F2779.614
G1 X285.15 Y552.04 E49.70059
G1 X552.041 Y285.15 E1629.46316
G1 X563.553 Y285.15 E49.70059
;WIPE_START
G1 F600
G1 X556.553 Y285.15 E-10
;WIPE_END
G1 Z287 F15000
G1 X714.85 Y400.743 Z287
G1 Z286
G1 E17 F9000
G1 F2779.614
G1 X714.85 Y389.231 E49.70059
G1 X610.769 Y285.15 E635.45139
G1 X599.257 Y285.15 E49.70059
;WIPE_START
G1 F600
G1 X606.257 Y285.15 E-10
;WIPE_END
G1 Z287 F15000
G1 X714.85 Y563.553 Z287
G1 Z286
G1 E17 F9000
G1 F2779.614
G1 X714.85 Y552.04 E49.70059
G1 X447.96 Y285.15 E1629.46316
G1 X436.447 Y285.15 E49.70059
;WIPE_START
G1 F600
G1 X443.447 Y285.15 E-10
;WIPE_END
G1 Z287 F15000
G1 X436.447 Y714.85 Z287
G1 Z286
G1 E17 F9000
G1 F2779.614
G1 X447.959 Y714.85 E49.70059
G1 X714.85 Y447.96 E1629.46317
G1 X714.85 Y436.447 E49.70059
;WIPE_START
G1 F600
G1 X714.85 Y443.447 E-10
;WIPE_END
G1 Z287 F15000
G1 X703.338 Y714.85 Z287
G1 Z286
G1 E17 F9000
G1 F2779.614
G1 X714.85 Y714.85 E49.70059
G1 X285.15 Y285.15 E2623.47492
G1 X296.662 Y285.15 E49.70059
M73 P67 R247
;WIPE_START
G1 F600
G1 X289.662 Y285.15 E-10
;WIPE_END
G1 Z287 F15000
G1 X296.662 Y714.85 Z287
G1 Z286
G1 E17 F9000
G1 F2779.614
G1 X285.15 Y714.85 E49.70028
G1 X714.85 Y285.15 E2623.47449
G1 X703.338 Y285.15 E49.70028
;WIPE_START
G1 F600
G1 X710.338 Y285.15 E-10
;WIPE_END
G1 Z287 F15000
G1 X599.257 Y714.85 Z287
G1 Z286
G1 E17 F9000
G1 F2779.614
G1 X610.769 Y714.85 E49.70059
G1 X714.85 Y610.769 E635.45139
G1 X714.85 Y599.257 E49.70059
;WIPE_START
G1 F600
G1 X714.85 Y606.257 E-10
;WIPE_END
G1 Z287 F15000
G1 X563.553 Y714.85 Z287
G1 Z286
G1 E17 F9000
G1 F2779.614
G1 X552.04 Y714.85 E49.70059
G1 X285.15 Y447.96 E1629.46316
G1 X285.15 Y436.447 E49.70059
;WIPE_START
G1 F600
G1 X285.15 Y443.447 E-10
;WIPE_END
G1 Z287 F15000
G1 X400.743 Y714.85 Z287
G1 Z286
G1 E17 F9000
G1 F2779.614
G1 X389.231 Y714.85 E49.70059
G1 X285.15 Y610.769 E635.45139
G1 X285.15 Y599.257 E49.70059
; stop printing object Cube id:0 copy 0
;LAYER_CHANGE
;Z:287.5
;HEIGHT:1.5
;BEFORE_LAYER_CHANGE
;287.5
G92 E0

EXCLUDE_OBJECT_END NAME=Cube_id_0_copy_0
;AFTER_LAYER_CHANGE
;287.5
;_SET_FAN_SPEED_CHANGING_LAYER
; printing object Cube id:0 copy 0
;WIPE_START
G1 F600
G1 X285.15 Y606.257 E-10
;WIPE_END
EXCLUDE_OBJECT_START NAME=Cube_id_0_copy_0
G1 Z288.5 F15000
G1 X282.703 Y717.297 Z288.5
G1 Z287.5
G1 E17 F9000
;TYPE:Outer wall
;WIDTH:3.2
G1 F2779.615
G1 X282.703 Y282.703 E1876.19945
G1 X717.297 Y282.703 E1876.19945
G1 X717.297 Y717.297 E1876.19945
M73 P67 R246
G1 X283.003 Y717.297 E1874.90431
;WIPE_START
G1 F600
G1 X282.999 Y710.297 E-10
;WIPE_END
G1 Z288.5 F15000
G1 X285.15 Y599.257 Z288.5
G1 Z287.5
G1 E17 F9000
;TYPE:Sparse infill
;WIDTH:3.2
G1 F2779.614
G1 X285.15 Y610.769 E49.70059
G1 X389.231 Y714.85 E635.45139
G1 X400.743 Y714.85 E49.70059
;WIPE_START
G1 F600
G1 X393.743 Y714.85 E-10
;WIPE_END
G1 Z288.5 F15000
G1 X285.15 Y436.447 Z288.5
G1 Z287.5
G1 E17 F9000
G1 F2779.614
G1 X285.15 Y447.96 E49.70059
G1 X552.04 Y714.85 E1629.46316
G1 X563.553 Y714.85 E49.70059
;WIPE_START
G1 F600
G1 X556.553 Y714.85 E-10
;WIPE_END
G1 Z288.5 F15000
G1 X714.85 Y599.257 Z288.5
G1 Z287.5
G1 E17 F9000
G1 F2779.614
G1 X714.85 Y610.769 E49.70059
G1 X610.769 Y714.85 E635.45139
G1 X599.257 Y714.85 E49.70059
;WIPE_START
G1 F600
G1 X606.257 Y714.85 E-10
;WIPE_END
G1 Z288.5 F15000
G1 X714.85 Y436.447 Z288.5
G1 Z287.5
G1 E17 F9000
G1 F2779.614
G1 X714.85 Y447.96 E49.70059
G1 X447.959 Y714.85 E1629.46317
G1 X436.447 Y714.85 E49.70059
M73 P67 R245
;WIPE_START
G1 F600
G1 X443.447 Y714.85 E-10
;WIPE_END
G1 Z288.5 F15000
G1 X436.447 Y285.15 Z288.5
G1 Z287.5
G1 E17 F9000
G1 F2779.614
G1 X447.96 Y285.15 E49.70059
G1 X714.85 Y552.04 E1629.46316
G1 X714.85 Y563.553 E49.70059
M73 P68 R245
;WIPE_START
G1 F600
G1 X714.85 Y556.553 E-10
;WIPE_END
G1 Z288.5 F15000
G1 X703.338 Y285.15 Z288.5
G1 Z287.5
G1 E17 F9000
G1 F2779.614
G1 X714.85 Y285.15 E49.70028
G1 X285.15 Y714.85 E2623.47449
G1 X296.662 Y714.85 E49.70028
;WIPE_START
G1 F600
G1 X289.662 Y714.85 E-10
;WIPE_END
G1 Z288.5 F15000
G1 X296.662 Y285.15 Z288.5
G1 Z287.5
G1 E17 F9000
G1 F2779.614
G1 X285.15 Y285.15 E49.70059
G1 X714.85 Y714.85 E2623.47492
G1 X703.338 Y714.85 E49.70059
;WIPE_START
G1 F600
G1 X710.338 Y714.85 E-10
;WIPE_END
G1 Z288.5 F15000
G1 X599.257 Y285.15 Z288.5
G1 Z287.5
G1 E17 F9000
G1 F2779.614
G1 X610.769 Y285.15 E49.70059
G1 X714.85 Y389.231 E635.45139
G1 X714.85 Y400.743 E49.70059
;WIPE_START
G1 F600
G1 X714.85 Y393.743 E-10
;WIPE_END
G1 Z288.5 F15000
G1 X563.553 Y285.15 Z288.5
G1 Z287.5
G1 E17 F9000
G1 F2779.614
G1 X552.041 Y285.15 E49.70059
G1 X285.15 Y552.04 E1629.46316
G1 X285.15 Y563.553 E49.70059
M73 P68 R244
;WIPE_START
G1 F600
G1 X285.15 Y556.553 E-10
;WIPE_END
G1 Z288.5 F15000
G1 X400.743 Y285.15 Z288.5
G1 Z287.5
G1 E17 F9000
G1 F2779.614
G1 X389.231 Y285.15 E49.70059
G1 X285.15 Y389.231 E635.45138
G1 X285.15 Y400.743 E49.70059
; stop printing object Cube id:0 copy 0
;LAYER_CHANGE
;Z:289
;HEIGHT:1.5
;BEFORE_LAYER_CHANGE
;289
G92 E0

EXCLUDE_OBJECT_END NAME=Cube_id_0_copy_0
;AFTER_LAYER_CHANGE
;289
;_SET_FAN_SPEED_CHANGING_LAYER
; printing object Cube id:0 copy 0
;WIPE_START
G1 F600
G1 X285.15 Y393.743 E-10
;WIPE_END
EXCLUDE_OBJECT_START NAME=Cube_id_0_copy_0
G1 Z290 F15000
G1 X282.703 Y282.703 Z290
G1 Z289
G1 E17 F9000
;TYPE:Outer wall
;WIDTH:3.2
G1 F2779.615
G1 X717.297 Y282.703 E1876.19945
G1 X717.297 Y717.297 E1876.19945
G1 X282.703 Y717.297 E1876.19945
G1 X282.703 Y283.003 E1874.90431
;WIPE_START
G1 F600
G1 X289.703 Y282.999 E-10
;WIPE_END
G1 Z290 F15000
G1 X285.15 Y400.743 Z290
G1 Z289
G1 E17 F9000
;TYPE:Sparse infill
;WIDTH:3.2
G1 F2779.614
G1 X285.15 Y389.231 E49.70059
G1 X389.231 Y285.15 E635.45138
G1 X400.743 Y285.15 E49.70059
;WIPE_START
G1 F600
G1 X393.743 Y285.15 E-10
;WIPE_END
G1 Z290 F15000
G1 X285.15 Y563.553 Z290
G1 Z289
G1 E17 F9000
M73 P68 R243
G1 F2779.614
G1 X285.15 Y552.04 E49.70059
G1 X552.041 Y285.15 E1629.46316
G1 X563.553 Y285.15 E49.70059
;WIPE_START
G1 F600
G1 X556.553 Y285.15 E-10
;WIPE_END
G1 Z290 F15000
G1 X714.85 Y400.743 Z290
G1 Z289
G1 E17 F9000
G1 F2779.614
G1 X714.85 Y389.231 E49.70059
G1 X610.769 Y285.15 E635.45139
G1 X599.257 Y285.15 E49.70059
;WIPE_START
G1 F600
G1 X606.257 Y285.15 E-10
;WIPE_END
G1 Z290 F15000
G1 X714.85 Y563.553 Z290
G1 Z289
G1 E17 F9000
G1 F2779.614
G1 X714.85 Y552.04 E49.70059
G1 X447.96 Y285.15 E1629.46316
G1 X436.447 Y285.15 E49.70059
;WIPE_START
G1 F600
G1 X443.447 Y285.15 E-10
;WIPE_END
G1 Z290 F15000
G1 X436.447 Y714.85 Z290
G1 Z289
G1 E17 F9000
G1 F2779.614
G1 X447.959 Y714.85 E49.70059
G1 X714.85 Y447.96 E1629.46317
G1 X714.85 Y436.447 E49.70059
;WIPE_START
G1 F600
G1 X714.85 Y443.447 E-10
;WIPE_END
G1 Z290 F15000
G1 X703.338 Y714.85 Z290
G1 Z289
G1 E17 F9000
G1 F2779.614
G1 X714.85 Y714.85 E49.70059
G1 X285.15 Y285.15 E2623.47492
G1 X296.662 Y285.15 E49.70059
;WIPE_START
G1 F600
G1 X289.662 Y285.15 E-10
;WIPE_END
G1 Z290 F15000
G1 X296.662 Y714.85 Z290
G1 Z289
G1 E17 F9000
G1 F2779.614
G1 X285.15 Y714.85 E49.70028
G1 X714.85 Y285.15 E2623.47449
G1 X703.338 Y285.15 E49.70028
M73 P68 R242
;WIPE_START
G1 F600
G1 X710.338 Y285.15 E-10
;WIPE_END
G1 Z290 F15000
G1 X599.257 Y714.85 Z290
G1 Z289
G1 E17 F9000
G1 F2779.614
G1 X610.769 Y714.85 E49.70059
G1 X714.85 Y610.769 E635.45139
G1 X714.85 Y599.257 E49.70059
;WIPE_START
G1 F600
G1 X714.85 Y606.257 E-10
;WIPE_END
G1 Z290 F15000
G1 X563.553 Y714.85 Z290
G1 Z289
G1 E17 F9000
G1 F2779.614
G1 X552.04 Y714.85 E49.70059
G1 X285.15 Y447.96 E1629.46316
G1 X285.15 Y436.447 E49.70059
;WIPE_START
G1 F600
G1 X285.15 Y443.447 E-10
;WIPE_END
G1 Z290 F15000
G1 X400.743 Y714.85 Z290
G1 Z289
G1 E17 F9000
G1 F2779.614
G1 X389.231 Y714.85 E49.70059
G1 X285.15 Y610.769 E635.45139
G1 X285.15 Y599.257 E49.70059
; stop printing object Cube id:0 copy 0
;LAYER_CHANGE
;Z:290.5
;HEIGHT:1.5
;BEFORE_LAYER_CHANGE
;290.5
G92 E0

EXCLUDE_OBJECT_END NAME=Cube_id_0_copy_0
;AFTER_LAYER_CHANGE
;290.5
;_SET_FAN_SPEED_CHANGING_LAYER
; printing object Cube id:0 copy 0
;WIPE_START
G1 F600
G1 X285.15 Y606.257 E-10
;WIPE_END
EXCLUDE_OBJECT_START NAME=Cube_id_0_copy_0
G1 Z291.5 F15000
G1 X282.703 Y717.297 Z291.5
G1 Z290.5
G1 E17 F9000
;TYPE:Outer wall
;WIDTH:3.2
G1 F2779.615
G1 X282.703 Y282.703 E1876.19945
G1 X717.297 Y282.703 E1876.19945
G1 X717.297 Y717.297 E1876.19945
G1 X283.003 Y717.297 E1874.90431
M73 P68 R241
;WIPE_START
G1 F600
G1 X282.999 Y710.297 E-10
;WIPE_END
G1 Z291.5 F15000
G1 X285.15 Y599.257 Z291.5
G1 Z290.5
G1 E17 F9000
;TYPE:Sparse infill
;WIDTH:3.2
G1 F2779.614
G1 X285.15 Y610.769 E49.70059
G1 X389.231 Y714.85 E635.45139
G1 X400.743 Y714.85 E49.70059
;WIPE_START
G1 F600
G1 X393.743 Y714.85 E-10
;WIPE_END
G1 Z291.5 F15000
G1 X285.15 Y436.447 Z291.5
G1 Z290.5
G1 E17 F9000
G1 F2779.614
G1 X285.15 Y447.96 E49.70059
G1 X552.04 Y714.85 E1629.46316
G1 X563.553 Y714.85 E49.70059
;WIPE_START
G1 F600
G1 X556.553 Y714.85 E-10
;WIPE_END
G1 Z291.5 F15000
G1 X714.85 Y599.257 Z291.5
G1 Z290.5
G1 E17 F9000
G1 F2779.614
G1 X714.85 Y610.769 E49.70059
G1 X610.769 Y714.85 E635.45139
G1 X599.257 Y714.85 E49.70059
;WIPE_START
G1 F600
G1 X606.257 Y714.85 E-10
;WIPE_END
G1 Z291.5 F15000
G1 X714.85 Y436.447 Z291.5
G1 Z290.5
G1 E17 F9000
G1 F2779.614
G1 X714.85 Y447.96 E49.70059
G1 X447.959 Y714.85 E1629.46317
G1 X436.447 Y714.85 E49.70059
;WIPE_START
G1 F600
G1 X443.447 Y714.85 E-10
;WIPE_END
G1 Z291.5 F15000
G1 X436.447 Y285.15 Z291.5
G1 Z290.5
G1 E17 F9000
G1 F2779.614
G1 X447.96 Y285.15 E49.70059
G1 X714.85 Y552.04 E1629.46316
G1 X714.85 Y563.553 E49.70059
M73 P68 R240
;WIPE_START
G1 F600
G1 X714.85 Y556.553 E-10
;WIPE_END
G1 Z291.5 F15000
G1 X703.338 Y285.15 Z291.5
G1 Z290.5
G1 E17 F9000
G1 F2779.614
G1 X714.85 Y285.15 E49.70028
G1 X285.15 Y714.85 E2623.47449
G1 X296.662 Y714.85 E49.70028
;WIPE_START
G1 F600
G1 X289.662 Y714.85 E-10
;WIPE_END
G1 Z291.5 F15000
G1 X296.662 Y285.15 Z291.5
G1 Z290.5
G1 E17 F9000
G1 F2779.614
G1 X285.15 Y285.15 E49.70059
G1 X714.85 Y714.85 E2623.47492
G1 X703.338 Y714.85 E49.70059
;WIPE_START
G1 F600
G1 X710.338 Y714.85 E-10
;WIPE_END
G1 Z291.5 F15000
G1 X599.257 Y285.15 Z291.5
G1 Z290.5
G1 E17 F9000
G1 F2779.614
G1 X610.769 Y285.15 E49.70059
G1 X714.85 Y389.231 E635.45139
G1 X714.85 Y400.743 E49.70059
;WIPE_START
G1 F600
G1 X714.85 Y393.743 E-10
;WIPE_END
G1 Z291.5 F15000
G1 X563.553 Y285.15 Z291.5
G1 Z290.5
G1 E17 F9000
G1 F2779.614
G1 X552.041 Y285.15 E49.70059
G1 X285.15 Y552.04 E1629.46316
G1 X285.15 Y563.553 E49.70059
;WIPE_START
G1 F600
G1 X285.15 Y556.553 E-10
;WIPE_END
G1 Z291.5 F15000
G1 X400.743 Y285.15 Z291.5
G1 Z290.5
M73 P68 R239
G1 E17 F9000
G1 F2779.614
G1 X389.231 Y285.15 E49.70059
G1 X285.15 Y389.231 E635.45138
G1 X285.15 Y400.743 E49.70059
; stop printing object Cube id:0 copy 0
;LAYER_CHANGE
;Z:292
;HEIGHT:1.5
;BEFORE_LAYER_CHANGE
;292
G92 E0

EXCLUDE_OBJECT_END NAME=Cube_id_0_copy_0
;AFTER_LAYER_CHANGE
;292
;_SET_FAN_SPEED_CHANGING_LAYER
; printing object Cube id:0 copy 0
;WIPE_START
G1 F600
G1 X285.15 Y393.743 E-10
;WIPE_END
EXCLUDE_OBJECT_START NAME=Cube_id_0_copy_0
G1 Z293 F15000
G1 X282.703 Y282.703 Z293
G1 Z292
G1 E17 F9000
;TYPE:Outer wall
;WIDTH:3.2
G1 F2779.615
G1 X717.297 Y282.703 E1876.19945
G1 X717.297 Y717.297 E1876.19945
G1 X282.703 Y717.297 E1876.19945
G1 X282.703 Y283.003 E1874.90431
;WIPE_START
G1 F600
G1 X289.703 Y282.999 E-10
;WIPE_END
G1 Z293 F15000
G1 X285.15 Y400.743 Z293
G1 Z292
G1 E17 F9000
;TYPE:Sparse infill
;WIDTH:3.2
G1 F2779.614
G1 X285.15 Y389.231 E49.70059
G1 X389.231 Y285.15 E635.45138
G1 X400.743 Y285.15 E49.70059
;WIPE_START
G1 F600
G1 X393.743 Y285.15 E-10
;WIPE_END
G1 Z293 F15000
G1 X285.15 Y563.553 Z293
G1 Z292
G1 E17 F9000
G1 F2779.614
G1 X285.15 Y552.04 E49.70059
G1 X552.041 Y285.15 E1629.46316
G1 X563.553 Y285.15 E49.70059
M73 P68 R238
;WIPE_START
G1 F600
G1 X556.553 Y285.15 E-10
;WIPE_END
G1 Z293 F15000
G1 X714.85 Y400.743 Z293
G1 Z292
G1 E17 F9000
G1 F2779.614
G1 X714.85 Y389.231 E49.70059
G1 X610.769 Y285.15 E635.45139
G1 X599.257 Y285.15 E49.70059
;WIPE_START
G1 F600
G1 X606.257 Y285.15 E-10
;WIPE_END
G1 Z293 F15000
G1 X714.85 Y563.553 Z293
G1 Z292
G1 E17 F9000
G1 F2779.614
G1 X714.85 Y552.04 E49.70059
G1 X447.96 Y285.15 E1629.46316
G1 X436.447 Y285.15 E49.70059
;WIPE_START
G1 F600
G1 X443.447 Y285.15 E-10
;WIPE_END
G1 Z293 F15000
G1 X436.447 Y714.85 Z293
G1 Z292
G1 E17 F9000
G1 F2779.614
G1 X447.959 Y714.85 E49.70059
G1 X714.85 Y447.96 E1629.46317
G1 X714.85 Y436.447 E49.70059
;WIPE_START
G1 F600
G1 X714.85 Y443.447 E-10
;WIPE_END
G1 Z293 F15000
G1 X703.338 Y714.85 Z293
G1 Z292
G1 E17 F9000
G1 F2779.614
G1 X714.85 Y714.85 E49.70059
G1 X285.15 Y285.15 E2623.47492
G1 X296.662 Y285.15 E49.70059
M73 P69 R238
;WIPE_START
G1 F600
G1 X289.662 Y285.15 E-10
;WIPE_END
G1 Z293 F15000
G1 X296.662 Y714.85 Z293
G1 Z292
G1 E17 F9000
G1 F2779.614
G1 X285.15 Y714.85 E49.70028
G1 X714.85 Y285.15 E2623.47449
G1 X703.338 Y285.15 E49.70028
M73 P69 R237
;WIPE_START
G1 F600
G1 X710.338 Y285.15 E-10
;WIPE_END
G1 Z293 F15000
G1 X599.257 Y714.85 Z293
G1 Z292
G1 E17 F9000
G1 F2779.614
G1 X610.769 Y714.85 E49.70059
G1 X714.85 Y610.769 E635.45139
G1 X714.85 Y599.257 E49.70059
;WIPE_START
G1 F600
G1 X714.85 Y606.257 E-10
;WIPE_END
G1 Z293 F15000
G1 X563.553 Y714.85 Z293
G1 Z292
G1 E17 F9000
G1 F2779.614
G1 X552.04 Y714.85 E49.70059
G1 X285.15 Y447.96 E1629.46316
G1 X285.15 Y436.447 E49.70059
;WIPE_START
G1 F600
G1 X285.15 Y443.447 E-10
;WIPE_END
G1 Z293 F15000
G1 X400.743 Y714.85 Z293
G1 Z292
G1 E17 F9000
G1 F2779.614
G1 X389.231 Y714.85 E49.70059
G1 X285.15 Y610.769 E635.45139
G1 X285.15 Y599.257 E49.70059
; stop printing object Cube id:0 copy 0
;LAYER_CHANGE
;Z:293.5
;HEIGHT:1.5
;BEFORE_LAYER_CHANGE
;293.5
G92 E0

EXCLUDE_OBJECT_END NAME=Cube_id_0_copy_0
;AFTER_LAYER_CHANGE
;293.5
;_SET_FAN_SPEED_CHANGING_LAYER
; printing object Cube id:0 copy 0
;WIPE_START
G1 F600
G1 X285.15 Y606.257 E-10
;WIPE_END
EXCLUDE_OBJECT_START NAME=Cube_id_0_copy_0
G1 Z294.5 F15000
G1 X282.703 Y717.297 Z294.5
G1 Z293.5
G1 E17 F9000
;TYPE:Outer wall
;WIDTH:3.2
G1 F2779.615
G1 X282.703 Y282.703 E1876.19945
G1 X717.297 Y282.703 E1876.19945
G1 X717.297 Y717.297 E1876.19945
G1 X283.003 Y717.297 E1874.90431
M73 P69 R236
;WIPE_START
G1 F600
G1 X282.999 Y710.297 E-10
;WIPE_END
G1 Z294.5 F15000
G1 X285.15 Y599.257 Z294.5
G1 Z293.5
G1 E17 F9000
;TYPE:Sparse infill
;WIDTH:3.2
G1 F2779.614
G1 X285.15 Y610.769 E49.70059
G1 X389.231 Y714.85 E635.45139
G1 X400.743 Y714.85 E49.70059
;WIPE_START
G1 F600
G1 X393.743 Y714.85 E-10
;WIPE_END
G1 Z294.5 F15000
G1 X285.15 Y436.447 Z294.5
G1 Z293.5
G1 E17 F9000
G1 F2779.614
G1 X285.15 Y447.96 E49.70059
G1 X552.04 Y714.85 E1629.46316
G1 X563.553 Y714.85 E49.70059
;WIPE_START
G1 F600
G1 X556.553 Y714.85 E-10
;WIPE_END
G1 Z294.5 F15000
G1 X714.85 Y599.257 Z294.5
G1 Z293.5
G1 E17 F9000
G1 F2779.614
G1 X714.85 Y610.769 E49.70059
G1 X610.769 Y714.85 E635.45139
G1 X599.257 Y714.85 E49.70059
;WIPE_START
G1 F600
G1 X606.257 Y714.85 E-10
;WIPE_END
G1 Z294.5 F15000
G1 X714.85 Y436.447 Z294.5
G1 Z293.5
G1 E17 F9000
G1 F2779.614
G1 X714.85 Y447.96 E49.70059
G1 X447.959 Y714.85 E1629.46317
G1 X436.447 Y714.85 E49.70059
;WIPE_START
G1 F600
G1 X443.447 Y714.85 E-10
;WIPE_END
G1 Z294.5 F15000
G1 X436.447 Y285.15 Z294.5
G1 Z293.5
G1 E17 F9000
G1 F2779.614
G1 X447.96 Y285.15 E49.70059
G1 X714.85 Y552.04 E1629.46316
G1 X714.85 Y563.553 E49.70059
;WIPE_START
G1 F600
M73 P69 R235
G1 X714.85 Y556.553 E-10
;WIPE_END
G1 Z294.5 F15000
G1 X703.338 Y285.15 Z294.5
G1 Z293.5
G1 E17 F9000
G1 F2779.614
G1 X714.85 Y285.15 E49.70028
G1 X285.15 Y714.85 E2623.47449
G1 X296.662 Y714.85 E49.70028
;WIPE_START
G1 F600
G1 X289.662 Y714.85 E-10
;WIPE_END
G1 Z294.5 F15000
G1 X296.662 Y285.15 Z294.5
G1 Z293.5
G1 E17 F9000
G1 F2779.614
G1 X285.15 Y285.15 E49.70059
G1 X714.85 Y714.85 E2623.47492
G1 X703.338 Y714.85 E49.70059
;WIPE_START
G1 F600
G1 X710.338 Y714.85 E-10
;WIPE_END
G1 Z294.5 F15000
G1 X599.257 Y285.15 Z294.5
G1 Z293.5
G1 E17 F9000
G1 F2779.614
G1 X610.769 Y285.15 E49.70059
G1 X714.85 Y389.231 E635.45139
G1 X714.85 Y400.743 E49.70059
;WIPE_START
G1 F600
G1 X714.85 Y393.743 E-10
;WIPE_END
G1 Z294.5 F15000
G1 X563.553 Y285.15 Z294.5
G1 Z293.5
G1 E17 F9000
G1 F2779.614
G1 X552.041 Y285.15 E49.70059
G1 X285.15 Y552.04 E1629.46316
G1 X285.15 Y563.553 E49.70059
;WIPE_START
G1 F600
G1 X285.15 Y556.553 E-10
;WIPE_END
G1 Z294.5 F15000
G1 X400.743 Y285.15 Z294.5
G1 Z293.5
G1 E17 F9000
G1 F2779.614
G1 X389.231 Y285.15 E49.70059
G1 X285.15 Y389.231 E635.45138
G1 X285.15 Y400.743 E49.70059
; stop printing object Cube id:0 copy 0
;LAYER_CHANGE
;Z:295
;HEIGHT:1.5
;BEFORE_LAYER_CHANGE
;295
G92 E0

EXCLUDE_OBJECT_END NAME=Cube_id_0_copy_0
;AFTER_LAYER_CHANGE
;295
;_SET_FAN_SPEED_CHANGING_LAYER
; printing object Cube id:0 copy 0
;WIPE_START
G1 F600
G1 X285.15 Y393.743 E-10
;WIPE_END
EXCLUDE_OBJECT_START NAME=Cube_id_0_copy_0
G1 Z296 F15000
G1 X282.703 Y282.703 Z296
M73 P69 R234
G1 Z295
G1 E17 F9000
;TYPE:Outer wall
;WIDTH:3.2
G1 F2779.615
G1 X717.297 Y282.703 E1876.19945
G1 X717.297 Y717.297 E1876.19945
G1 X282.703 Y717.297 E1876.19945
G1 X282.703 Y283.003 E1874.90431
;WIPE_START
G1 F600
G1 X289.703 Y282.999 E-10
;WIPE_END
G1 Z296 F15000
G1 X285.15 Y400.743 Z296
G1 Z295
G1 E17 F9000
;TYPE:Sparse infill
;WIDTH:3.2
G1 F2779.614
G1 X285.15 Y389.231 E49.70059
G1 X389.231 Y285.15 E635.45138
G1 X400.743 Y285.15 E49.70059
;WIPE_START
G1 F600
G1 X393.743 Y285.15 E-10
;WIPE_END
G1 Z296 F15000
G1 X285.15 Y563.553 Z296
G1 Z295
G1 E17 F9000
G1 F2779.614
G1 X285.15 Y552.04 E49.70059
G1 X552.041 Y285.15 E1629.46316
G1 X563.553 Y285.15 E49.70059
;WIPE_START
G1 F600
G1 X556.553 Y285.15 E-10
;WIPE_END
G1 Z296 F15000
G1 X714.85 Y400.743 Z296
G1 Z295
G1 E17 F9000
G1 F2779.614
G1 X714.85 Y389.231 E49.70059
G1 X610.769 Y285.15 E635.45139
G1 X599.257 Y285.15 E49.70059
M73 P69 R233
;WIPE_START
G1 F600
G1 X606.257 Y285.15 E-10
;WIPE_END
G1 Z296 F15000
G1 X714.85 Y563.553 Z296
G1 Z295
G1 E17 F9000
G1 F2779.614
G1 X714.85 Y552.04 E49.70059
G1 X447.96 Y285.15 E1629.46316
G1 X436.447 Y285.15 E49.70059
;WIPE_START
G1 F600
G1 X443.447 Y285.15 E-10
;WIPE_END
G1 Z296 F15000
G1 X436.447 Y714.85 Z296
G1 Z295
G1 E17 F9000
G1 F2779.614
G1 X447.959 Y714.85 E49.70059
G1 X714.85 Y447.96 E1629.46317
G1 X714.85 Y436.447 E49.70059
;WIPE_START
G1 F600
G1 X714.85 Y443.447 E-10
;WIPE_END
G1 Z296 F15000
G1 X703.338 Y714.85 Z296
G1 Z295
G1 E17 F9000
G1 F2779.614
G1 X714.85 Y714.85 E49.70059
G1 X285.15 Y285.15 E2623.47492
G1 X296.662 Y285.15 E49.70059
;WIPE_START
G1 F600
G1 X289.662 Y285.15 E-10
;WIPE_END
G1 Z296 F15000
G1 X296.662 Y714.85 Z296
G1 Z295
G1 E17 F9000
G1 F2779.614
G1 X285.15 Y714.85 E49.70028
G1 X714.85 Y285.15 E2623.47449
G1 X703.338 Y285.15 E49.70028
M73 P69 R232
;WIPE_START
G1 F600
G1 X710.338 Y285.15 E-10
;WIPE_END
G1 Z296 F15000
G1 X599.257 Y714.85 Z296
G1 Z295
G1 E17 F9000
G1 F2779.614
G1 X610.769 Y714.85 E49.70059
G1 X714.85 Y610.769 E635.45139
G1 X714.85 Y599.257 E49.70059
;WIPE_START
G1 F600
G1 X714.85 Y606.257 E-10
;WIPE_END
G1 Z296 F15000
G1 X563.553 Y714.85 Z296
G1 Z295
G1 E17 F9000
G1 F2779.614
G1 X552.04 Y714.85 E49.70059
G1 X285.15 Y447.96 E1629.46316
G1 X285.15 Y436.447 E49.70059
;WIPE_START
G1 F600
G1 X285.15 Y443.447 E-10
;WIPE_END
G1 Z296 F15000
G1 X400.743 Y714.85 Z296
G1 Z295
G1 E17 F9000
G1 F2779.614
G1 X389.231 Y714.85 E49.70059
G1 X285.15 Y610.769 E635.45139
G1 X285.15 Y599.257 E49.70059
; stop printing object Cube id:0 copy 0
;LAYER_CHANGE
;Z:296.5
;HEIGHT:1.5
;BEFORE_LAYER_CHANGE
;296.5
G92 E0

EXCLUDE_OBJECT_END NAME=Cube_id_0_copy_0
;AFTER_LAYER_CHANGE
;296.5
;_SET_FAN_SPEED_CHANGING_LAYER
; printing object Cube id:0 copy 0
;WIPE_START
G1 F600
G1 X285.15 Y606.257 E-10
;WIPE_END
EXCLUDE_OBJECT_START NAME=Cube_id_0_copy_0
G1 Z297.5 F15000
G1 X282.703 Y717.297 Z297.5
G1 Z296.5
G1 E17 F9000
;TYPE:Outer wall
;WIDTH:3.2
G1 F2779.615
G1 X282.703 Y282.703 E1876.19945
G1 X717.297 Y282.703 E1876.19945
G1 X717.297 Y717.297 E1876.19945
G1 X283.003 Y717.297 E1874.90431
;WIPE_START
G1 F600
M73 P69 R231
G1 X282.999 Y710.297 E-10
;WIPE_END
G1 Z297.5 F15000
G1 X285.15 Y599.257 Z297.5
G1 Z296.5
G1 E17 F9000
;TYPE:Sparse infill
;WIDTH:3.2
G1 F2779.614
G1 X285.15 Y610.769 E49.70059
G1 X389.231 Y714.85 E635.45139
G1 X400.743 Y714.85 E49.70059
;WIPE_START
G1 F600
G1 X393.743 Y714.85 E-10
;WIPE_END
G1 Z297.5 F15000
G1 X285.15 Y436.447 Z297.5
G1 Z296.5
G1 E17 F9000
G1 F2779.614
G1 X285.15 Y447.96 E49.70059
G1 X552.04 Y714.85 E1629.46316
G1 X563.553 Y714.85 E49.70059
;WIPE_START
G1 F600
G1 X556.553 Y714.85 E-10
;WIPE_END
G1 Z297.5 F15000
G1 X714.85 Y599.257 Z297.5
G1 Z296.5
G1 E17 F9000
G1 F2779.614
G1 X714.85 Y610.769 E49.70059
G1 X610.769 Y714.85 E635.45139
G1 X599.257 Y714.85 E49.70059
;WIPE_START
G1 F600
G1 X606.257 Y714.85 E-10
;WIPE_END
G1 Z297.5 F15000
G1 X714.85 Y436.447 Z297.5
G1 Z296.5
G1 E17 F9000
G1 F2779.614
G1 X714.85 Y447.96 E49.70059
G1 X447.959 Y714.85 E1629.46317
G1 X436.447 Y714.85 E49.70059
;WIPE_START
G1 F600
G1 X443.447 Y714.85 E-10
;WIPE_END
G1 Z297.5 F15000
G1 X436.447 Y285.15 Z297.5
G1 Z296.5
G1 E17 F9000
G1 F2779.614
G1 X447.96 Y285.15 E49.70059
G1 X714.85 Y552.04 E1629.46316
G1 X714.85 Y563.553 E49.70059
;WIPE_START
G1 F600
G1 X714.85 Y556.553 E-10
;WIPE_END
G1 Z297.5 F15000
G1 X703.338 Y285.15 Z297.5
G1 Z296.5
G1 E17 F9000
G1 F2779.614
G1 X714.85 Y285.15 E49.70028
G1 X285.15 Y714.85 E2623.47449
G1 X296.662 Y714.85 E49.70028
M73 P69 R230
;WIPE_START
G1 F600
G1 X289.662 Y714.85 E-10
;WIPE_END
G1 Z297.5 F15000
G1 X296.662 Y285.15 Z297.5
G1 Z296.5
G1 E17 F9000
G1 F2779.614
G1 X285.15 Y285.15 E49.70059
G1 X714.85 Y714.85 E2623.47492
G1 X703.338 Y714.85 E49.70059
M73 P70 R230
;WIPE_START
G1 F600
G1 X710.338 Y714.85 E-10
;WIPE_END
G1 Z297.5 F15000
G1 X599.257 Y285.15 Z297.5
G1 Z296.5
G1 E17 F9000
G1 F2779.614
G1 X610.769 Y285.15 E49.70059
G1 X714.85 Y389.231 E635.45139
G1 X714.85 Y400.743 E49.70059
;WIPE_START
G1 F600
G1 X714.85 Y393.743 E-10
;WIPE_END
G1 Z297.5 F15000
G1 X563.553 Y285.15 Z297.5
G1 Z296.5
G1 E17 F9000
G1 F2779.614
G1 X552.041 Y285.15 E49.70059
G1 X285.15 Y552.04 E1629.46316
G1 X285.15 Y563.553 E49.70059
;WIPE_START
G1 F600
G1 X285.15 Y556.553 E-10
;WIPE_END
G1 Z297.5 F15000
G1 X400.743 Y285.15 Z297.5
G1 Z296.5
G1 E17 F9000
G1 F2779.614
G1 X389.231 Y285.15 E49.70059
G1 X285.15 Y389.231 E635.45138
G1 X285.15 Y400.743 E49.70059
; stop printing object Cube id:0 copy 0
;LAYER_CHANGE
;Z:298
;HEIGHT:1.5
;BEFORE_LAYER_CHANGE
;298
G92 E0

EXCLUDE_OBJECT_END NAME=Cube_id_0_copy_0
;AFTER_LAYER_CHANGE
;298
;_SET_FAN_SPEED_CHANGING_LAYER
; printing object Cube id:0 copy 0
;WIPE_START
G1 F600
G1 X285.15 Y393.743 E-10
;WIPE_END
EXCLUDE_OBJECT_START NAME=Cube_id_0_copy_0
G1 Z299 F15000
G1 X282.703 Y282.703 Z299
G1 Z298
G1 E17 F9000
;TYPE:Outer wall
;WIDTH:3.2
G1 F2779.615
G1 X717.297 Y282.703 E1876.19945
G1 X717.297 Y717.297 E1876.19945
M73 P70 R229
G1 X282.703 Y717.297 E1876.19945
G1 X282.703 Y283.003 E1874.90431
;WIPE_START
G1 F600
G1 X289.703 Y282.999 E-10
;WIPE_END
G1 Z299 F15000
G1 X285.15 Y400.743 Z299
G1 Z298
G1 E17 F9000
;TYPE:Sparse infill
;WIDTH:3.2
G1 F2779.614
G1 X285.15 Y389.231 E49.70059
G1 X389.231 Y285.15 E635.45138
G1 X400.743 Y285.15 E49.70059
;WIPE_START
G1 F600
G1 X393.743 Y285.15 E-10
;WIPE_END
G1 Z299 F15000
G1 X285.15 Y563.553 Z299
G1 Z298
G1 E17 F9000
G1 F2779.614
G1 X285.15 Y552.04 E49.70059
G1 X552.041 Y285.15 E1629.46316
G1 X563.553 Y285.15 E49.70059
;WIPE_START
G1 F600
G1 X556.553 Y285.15 E-10
;WIPE_END
G1 Z299 F15000
G1 X714.85 Y400.743 Z299
G1 Z298
G1 E17 F9000
G1 F2779.614
G1 X714.85 Y389.231 E49.70059
G1 X610.769 Y285.15 E635.45139
G1 X599.257 Y285.15 E49.70059
;WIPE_START
G1 F600
G1 X606.257 Y285.15 E-10
;WIPE_END
G1 Z299 F15000
G1 X714.85 Y563.553 Z299
G1 Z298
G1 E17 F9000
G1 F2779.614
G1 X714.85 Y552.04 E49.70059
G1 X447.96 Y285.15 E1629.46316
G1 X436.447 Y285.15 E49.70059
M73 P70 R228
;WIPE_START
G1 F600
G1 X443.447 Y285.15 E-10
;WIPE_END
G1 Z299 F15000
G1 X436.447 Y714.85 Z299
G1 Z298
G1 E17 F9000
G1 F2779.614
G1 X447.959 Y714.85 E49.70059
G1 X714.85 Y447.96 E1629.46317
G1 X714.85 Y436.447 E49.70059
;WIPE_START
G1 F600
G1 X714.85 Y443.447 E-10
;WIPE_END
G1 Z299 F15000
G1 X703.338 Y714.85 Z299
G1 Z298
G1 E17 F9000
G1 F2779.614
G1 X714.85 Y714.85 E49.70059
G1 X285.15 Y285.15 E2623.47492
G1 X296.662 Y285.15 E49.70059
;WIPE_START
G1 F600
G1 X289.662 Y285.15 E-10
;WIPE_END
G1 Z299 F15000
G1 X296.662 Y714.85 Z299
G1 Z298
G1 E17 F9000
G1 F2779.614
G1 X285.15 Y714.85 E49.70028
G1 X714.85 Y285.15 E2623.47449
G1 X703.338 Y285.15 E49.70028
;WIPE_START
G1 F600
G1 X710.338 Y285.15 E-10
;WIPE_END
G1 Z299 F15000
G1 X599.257 Y714.85 Z299
G1 Z298
G1 E17 F9000
G1 F2779.614
G1 X610.769 Y714.85 E49.70059
G1 X714.85 Y610.769 E635.45139
G1 X714.85 Y599.257 E49.70059
M73 P70 R227
;WIPE_START
G1 F600
G1 X714.85 Y606.257 E-10
;WIPE_END
G1 Z299 F15000
G1 X563.553 Y714.85 Z299
G1 Z298
G1 E17 F9000
G1 F2779.614
G1 X552.04 Y714.85 E49.70059
G1 X285.15 Y447.96 E1629.46316
G1 X285.15 Y436.447 E49.70059
;WIPE_START
G1 F600
G1 X285.15 Y443.447 E-10
;WIPE_END
G1 Z299 F15000
G1 X400.743 Y714.85 Z299
G1 Z298
G1 E17 F9000
G1 F2779.614
G1 X389.231 Y714.85 E49.70059
G1 X285.15 Y610.769 E635.45139
G1 X285.15 Y599.257 E49.70059
; stop printing object Cube id:0 copy 0
;LAYER_CHANGE
;Z:299.5
;HEIGHT:1.5
;BEFORE_LAYER_CHANGE
;299.5
G92 E0

EXCLUDE_OBJECT_END NAME=Cube_id_0_copy_0
;AFTER_LAYER_CHANGE
;299.5
;_SET_FAN_SPEED_CHANGING_LAYER
; printing object Cube id:0 copy 0
;WIPE_START
G1 F600
G1 X285.15 Y606.257 E-10
;WIPE_END
EXCLUDE_OBJECT_START NAME=Cube_id_0_copy_0
G1 Z300.5 F15000
G1 X282.703 Y717.297 Z300.5
G1 Z299.5
G1 E17 F9000
;TYPE:Outer wall
;WIDTH:3.2
G1 F2779.615
G1 X282.703 Y282.703 E1876.19945
G1 X717.297 Y282.703 E1876.19945
G1 X717.297 Y717.297 E1876.19945
G1 X283.003 Y717.297 E1874.90431
;WIPE_START
G1 F600
G1 X282.999 Y710.297 E-10
;WIPE_END
G1 Z300.5 F15000
M73 P70 R226
G1 X285.15 Y599.257 Z300.5
G1 Z299.5
G1 E17 F9000
;TYPE:Sparse infill
;WIDTH:3.2
G1 F2779.614
G1 X285.15 Y610.769 E49.70059
G1 X389.231 Y714.85 E635.45139
G1 X400.743 Y714.85 E49.70059
;WIPE_START
G1 F600
G1 X393.743 Y714.85 E-10
;WIPE_END
G1 Z300.5 F15000
G1 X285.15 Y436.447 Z300.5
G1 Z299.5
G1 E17 F9000
G1 F2779.614
G1 X285.15 Y447.96 E49.70059
G1 X552.04 Y714.85 E1629.46316
G1 X563.553 Y714.85 E49.70059
;WIPE_START
G1 F600
G1 X556.553 Y714.85 E-10
;WIPE_END
G1 Z300.5 F15000
G1 X714.85 Y599.257 Z300.5
G1 Z299.5
G1 E17 F9000
G1 F2779.614
G1 X714.85 Y610.769 E49.70059
G1 X610.769 Y714.85 E635.45139
G1 X599.257 Y714.85 E49.70059
;WIPE_START
G1 F600
G1 X606.257 Y714.85 E-10
;WIPE_END
G1 Z300.5 F15000
G1 X714.85 Y436.447 Z300.5
G1 Z299.5
G1 E17 F9000
G1 F2779.614
G1 X714.85 Y447.96 E49.70059
G1 X447.959 Y714.85 E1629.46317
G1 X436.447 Y714.85 E49.70059
;WIPE_START
G1 F600
G1 X443.447 Y714.85 E-10
;WIPE_END
G1 Z300.5 F15000
G1 X436.447 Y285.15 Z300.5
G1 Z299.5
G1 E17 F9000
G1 F2779.614
G1 X447.96 Y285.15 E49.70059
G1 X714.85 Y552.04 E1629.46316
G1 X714.85 Y563.553 E49.70059
;WIPE_START
G1 F600
G1 X714.85 Y556.553 E-10
;WIPE_END
G1 Z300.5 F15000
G1 X703.338 Y285.15 Z300.5
G1 Z299.5
G1 E17 F9000
G1 F2779.614
G1 X714.85 Y285.15 E49.70028
G1 X285.15 Y714.85 E2623.47449
G1 X296.662 Y714.85 E49.70028
M73 P70 R225
;WIPE_START
G1 F600
G1 X289.662 Y714.85 E-10
;WIPE_END
G1 Z300.5 F15000
G1 X296.662 Y285.15 Z300.5
G1 Z299.5
G1 E17 F9000
G1 F2779.614
G1 X285.15 Y285.15 E49.70059
G1 X714.85 Y714.85 E2623.47492
G1 X703.338 Y714.85 E49.70059
;WIPE_START
G1 F600
G1 X710.338 Y714.85 E-10
;WIPE_END
G1 Z300.5 F15000
G1 X599.257 Y285.15 Z300.5
G1 Z299.5
G1 E17 F9000
G1 F2779.614
G1 X610.769 Y285.15 E49.70059
G1 X714.85 Y389.231 E635.45139
G1 X714.85 Y400.743 E49.70059
;WIPE_START
G1 F600
G1 X714.85 Y393.743 E-10
;WIPE_END
G1 Z300.5 F15000
G1 X563.553 Y285.15 Z300.5
G1 Z299.5
G1 E17 F9000
G1 F2779.614
G1 X552.041 Y285.15 E49.70059
G1 X285.15 Y552.04 E1629.46316
G1 X285.15 Y563.553 E49.70059
;WIPE_START
G1 F600
G1 X285.15 Y556.553 E-10
;WIPE_END
G1 Z300.5 F15000
G1 X400.743 Y285.15 Z300.5
G1 Z299.5
G1 E17 F9000
G1 F2779.614
G1 X389.231 Y285.15 E49.70059
G1 X285.15 Y389.231 E635.45138
G1 X285.15 Y400.743 E49.70059
; stop printing object Cube id:0 copy 0
;LAYER_CHANGE
;Z:301
;HEIGHT:1.5
;BEFORE_LAYER_CHANGE
;301
G92 E0

EXCLUDE_OBJECT_END NAME=Cube_id_0_copy_0
;AFTER_LAYER_CHANGE
;301
;_SET_FAN_SPEED_CHANGING_LAYER
; printing object Cube id:0 copy 0
;WIPE_START
G1 F600
G1 X285.15 Y393.743 E-10
;WIPE_END
EXCLUDE_OBJECT_START NAME=Cube_id_0_copy_0
G1 Z302 F15000
G1 X282.703 Y282.703 Z302
G1 Z301
G1 E17 F9000
;TYPE:Outer wall
;WIDTH:3.2
G1 F2779.615
G1 X717.297 Y282.703 E1876.19945
G1 X717.297 Y717.297 E1876.19945
G1 X282.703 Y717.297 E1876.19945
M73 P70 R224
G1 X282.703 Y283.003 E1874.90431
;WIPE_START
G1 F600
G1 X289.703 Y282.999 E-10
;WIPE_END
G1 Z302 F15000
G1 X285.15 Y400.743 Z302
G1 Z301
G1 E17 F9000
;TYPE:Sparse infill
;WIDTH:3.2
G1 F2779.614
G1 X285.15 Y389.231 E49.70059
G1 X389.231 Y285.15 E635.45138
G1 X400.743 Y285.15 E49.70059
;WIPE_START
G1 F600
G1 X393.743 Y285.15 E-10
;WIPE_END
G1 Z302 F15000
G1 X285.15 Y563.553 Z302
G1 Z301
G1 E17 F9000
G1 F2779.614
G1 X285.15 Y552.04 E49.70059
G1 X552.041 Y285.15 E1629.46316
G1 X563.553 Y285.15 E49.70059
;WIPE_START
G1 F600
G1 X556.553 Y285.15 E-10
;WIPE_END
G1 Z302 F15000
G1 X714.85 Y400.743 Z302
G1 Z301
G1 E17 F9000
G1 F2779.614
G1 X714.85 Y389.231 E49.70059
G1 X610.769 Y285.15 E635.45139
G1 X599.257 Y285.15 E49.70059
;WIPE_START
G1 F600
G1 X606.257 Y285.15 E-10
;WIPE_END
G1 Z302 F15000
G1 X714.85 Y563.553 Z302
G1 Z301
G1 E17 F9000
G1 F2779.614
G1 X714.85 Y552.04 E49.70059
G1 X447.96 Y285.15 E1629.46316
G1 X436.447 Y285.15 E49.70059
M73 P70 R223
;WIPE_START
G1 F600
G1 X443.447 Y285.15 E-10
;WIPE_END
G1 Z302 F15000
G1 X436.447 Y714.85 Z302
G1 Z301
G1 E17 F9000
G1 F2779.614
G1 X447.959 Y714.85 E49.70059
G1 X714.85 Y447.96 E1629.46317
G1 X714.85 Y436.447 E49.70059
;WIPE_START
G1 F600
G1 X714.85 Y443.447 E-10
;WIPE_END
G1 Z302 F15000
G1 X703.338 Y714.85 Z302
G1 Z301
G1 E17 F9000
G1 F2779.614
G1 X714.85 Y714.85 E49.70059
G1 X285.15 Y285.15 E2623.47492
G1 X296.662 Y285.15 E49.70059
;WIPE_START
G1 F600
G1 X289.662 Y285.15 E-10
;WIPE_END
G1 Z302 F15000
G1 X296.662 Y714.85 Z302
G1 Z301
G1 E17 F9000
G1 F2779.614
G1 X285.15 Y714.85 E49.70028
G1 X714.85 Y285.15 E2623.47449
G1 X703.338 Y285.15 E49.70028
;WIPE_START
G1 F600
G1 X710.338 Y285.15 E-10
;WIPE_END
G1 Z302 F15000
G1 X599.257 Y714.85 Z302
G1 Z301
G1 E17 F9000
G1 F2779.614
G1 X610.769 Y714.85 E49.70059
G1 X714.85 Y610.769 E635.45139
G1 X714.85 Y599.257 E49.70059
;WIPE_START
G1 F600
G1 X714.85 Y606.257 E-10
;WIPE_END
G1 Z302 F15000
G1 X563.553 Y714.85 Z302
G1 Z301
G1 E17 F9000
G1 F2779.614
G1 X552.04 Y714.85 E49.70059
G1 X285.15 Y447.96 E1629.46316
G1 X285.15 Y436.447 E49.70059
M73 P70 R222
;WIPE_START
G1 F600
G1 X285.15 Y443.447 E-10
;WIPE_END
G1 Z302 F15000
G1 X400.743 Y714.85 Z302
G1 Z301
M73 P71 R222
G1 E17 F9000
G1 F2779.614
G1 X389.231 Y714.85 E49.70059
G1 X285.15 Y610.769 E635.45139
G1 X285.15 Y599.257 E49.70059
; stop printing object Cube id:0 copy 0
;LAYER_CHANGE
;Z:302.5
;HEIGHT:1.5
;BEFORE_LAYER_CHANGE
;302.5
G92 E0

EXCLUDE_OBJECT_END NAME=Cube_id_0_copy_0
;AFTER_LAYER_CHANGE
;302.5
;_SET_FAN_SPEED_CHANGING_LAYER
; printing object Cube id:0 copy 0
;WIPE_START
G1 F600
G1 X285.15 Y606.257 E-10
;WIPE_END
EXCLUDE_OBJECT_START NAME=Cube_id_0_copy_0
G1 Z303.5 F15000
G1 X282.703 Y717.297 Z303.5
G1 Z302.5
G1 E17 F9000
;TYPE:Outer wall
;WIDTH:3.2
G1 F2779.615
G1 X282.703 Y282.703 E1876.19945
G1 X717.297 Y282.703 E1876.19945
G1 X717.297 Y717.297 E1876.19945
G1 X283.003 Y717.297 E1874.90431
;WIPE_START
G1 F600
G1 X282.999 Y710.297 E-10
;WIPE_END
G1 Z303.5 F15000
G1 X285.15 Y599.257 Z303.5
G1 Z302.5
G1 E17 F9000
;TYPE:Sparse infill
;WIDTH:3.2
G1 F2779.614
G1 X285.15 Y610.769 E49.70059
G1 X389.231 Y714.85 E635.45139
G1 X400.743 Y714.85 E49.70059
;WIPE_START
G1 F600
G1 X393.743 Y714.85 E-10
;WIPE_END
G1 Z303.5 F15000
M73 P71 R221
G1 X285.15 Y436.447 Z303.5
G1 Z302.5
G1 E17 F9000
G1 F2779.614
G1 X285.15 Y447.96 E49.70059
G1 X552.04 Y714.85 E1629.46316
G1 X563.553 Y714.85 E49.70059
;WIPE_START
G1 F600
G1 X556.553 Y714.85 E-10
;WIPE_END
G1 Z303.5 F15000
G1 X714.85 Y599.257 Z303.5
G1 Z302.5
G1 E17 F9000
G1 F2779.614
G1 X714.85 Y610.769 E49.70059
G1 X610.769 Y714.85 E635.45139
G1 X599.257 Y714.85 E49.70059
;WIPE_START
G1 F600
G1 X606.257 Y714.85 E-10
;WIPE_END
G1 Z303.5 F15000
G1 X714.85 Y436.447 Z303.5
G1 Z302.5
G1 E17 F9000
G1 F2779.614
G1 X714.85 Y447.96 E49.70059
G1 X447.959 Y714.85 E1629.46317
G1 X436.447 Y714.85 E49.70059
;WIPE_START
G1 F600
G1 X443.447 Y714.85 E-10
;WIPE_END
G1 Z303.5 F15000
G1 X436.447 Y285.15 Z303.5
G1 Z302.5
G1 E17 F9000
G1 F2779.614
G1 X447.96 Y285.15 E49.70059
G1 X714.85 Y552.04 E1629.46316
G1 X714.85 Y563.553 E49.70059
;WIPE_START
G1 F600
G1 X714.85 Y556.553 E-10
;WIPE_END
G1 Z303.5 F15000
G1 X703.338 Y285.15 Z303.5
G1 Z302.5
G1 E17 F9000
G1 F2779.614
G1 X714.85 Y285.15 E49.70028
G1 X285.15 Y714.85 E2623.47449
G1 X296.662 Y714.85 E49.70028
;WIPE_START
G1 F600
G1 X289.662 Y714.85 E-10
;WIPE_END
G1 Z303.5 F15000
G1 X296.662 Y285.15 Z303.5
G1 Z302.5
M73 P71 R220
G1 E17 F9000
G1 F2779.614
G1 X285.15 Y285.15 E49.70059
G1 X714.85 Y714.85 E2623.47492
G1 X703.338 Y714.85 E49.70059
;WIPE_START
G1 F600
G1 X710.338 Y714.85 E-10
;WIPE_END
G1 Z303.5 F15000
G1 X599.257 Y285.15 Z303.5
G1 Z302.5
G1 E17 F9000
G1 F2779.614
G1 X610.769 Y285.15 E49.70059
G1 X714.85 Y389.231 E635.45139
G1 X714.85 Y400.743 E49.70059
;WIPE_START
G1 F600
G1 X714.85 Y393.743 E-10
;WIPE_END
G1 Z303.5 F15000
G1 X563.553 Y285.15 Z303.5
G1 Z302.5
G1 E17 F9000
G1 F2779.614
G1 X552.041 Y285.15 E49.70059
G1 X285.15 Y552.04 E1629.46316
G1 X285.15 Y563.553 E49.70059
;WIPE_START
G1 F600
G1 X285.15 Y556.553 E-10
;WIPE_END
G1 Z303.5 F15000
G1 X400.743 Y285.15 Z303.5
G1 Z302.5
G1 E17 F9000
G1 F2779.614
G1 X389.231 Y285.15 E49.70059
G1 X285.15 Y389.231 E635.45138
G1 X285.15 Y400.743 E49.70059
; stop printing object Cube id:0 copy 0
;LAYER_CHANGE
;Z:304
;HEIGHT:1.5
;BEFORE_LAYER_CHANGE
;304
G92 E0

EXCLUDE_OBJECT_END NAME=Cube_id_0_copy_0
;AFTER_LAYER_CHANGE
;304
;_SET_FAN_SPEED_CHANGING_LAYER
; printing object Cube id:0 copy 0
;WIPE_START
G1 F600
G1 X285.15 Y393.743 E-10
;WIPE_END
EXCLUDE_OBJECT_START NAME=Cube_id_0_copy_0
G1 Z305 F15000
G1 X282.703 Y282.703 Z305
G1 Z304
G1 E17 F9000
;TYPE:Outer wall
;WIDTH:3.2
G1 F2779.615
G1 X717.297 Y282.703 E1876.19945
G1 X717.297 Y717.297 E1876.19945
G1 X282.703 Y717.297 E1876.19945
M73 P71 R219
G1 X282.703 Y283.003 E1874.90431
;WIPE_START
G1 F600
G1 X289.703 Y282.999 E-10
;WIPE_END
G1 Z305 F15000
G1 X285.15 Y400.743 Z305
G1 Z304
G1 E17 F9000
;TYPE:Sparse infill
;WIDTH:3.2
G1 F2779.614
G1 X285.15 Y389.231 E49.70059
G1 X389.231 Y285.15 E635.45138
G1 X400.743 Y285.15 E49.70059
;WIPE_START
G1 F600
G1 X393.743 Y285.15 E-10
;WIPE_END
G1 Z305 F15000
G1 X285.15 Y563.553 Z305
G1 Z304
G1 E17 F9000
G1 F2779.614
G1 X285.15 Y552.04 E49.70059
G1 X552.041 Y285.15 E1629.46316
G1 X563.553 Y285.15 E49.70059
;WIPE_START
G1 F600
G1 X556.553 Y285.15 E-10
;WIPE_END
G1 Z305 F15000
G1 X714.85 Y400.743 Z305
G1 Z304
G1 E17 F9000
G1 F2779.614
G1 X714.85 Y389.231 E49.70059
G1 X610.769 Y285.15 E635.45139
G1 X599.257 Y285.15 E49.70059
;WIPE_START
G1 F600
G1 X606.257 Y285.15 E-10
;WIPE_END
G1 Z305 F15000
G1 X714.85 Y563.553 Z305
G1 Z304
G1 E17 F9000
G1 F2779.614
G1 X714.85 Y552.04 E49.70059
G1 X447.96 Y285.15 E1629.46316
G1 X436.447 Y285.15 E49.70059
;WIPE_START
G1 F600
G1 X443.447 Y285.15 E-10
;WIPE_END
G1 Z305 F15000
G1 X436.447 Y714.85 Z305
G1 Z304
G1 E17 F9000
G1 F2779.614
G1 X447.959 Y714.85 E49.70059
G1 X714.85 Y447.96 E1629.46317
G1 X714.85 Y436.447 E49.70059
M73 P71 R218
;WIPE_START
G1 F600
G1 X714.85 Y443.447 E-10
;WIPE_END
G1 Z305 F15000
G1 X703.338 Y714.85 Z305
G1 Z304
G1 E17 F9000
G1 F2779.614
G1 X714.85 Y714.85 E49.70059
G1 X285.15 Y285.15 E2623.47492
G1 X296.662 Y285.15 E49.70059
;WIPE_START
G1 F600
G1 X289.662 Y285.15 E-10
;WIPE_END
G1 Z305 F15000
G1 X296.662 Y714.85 Z305
G1 Z304
G1 E17 F9000
G1 F2779.614
G1 X285.15 Y714.85 E49.70028
G1 X714.85 Y285.15 E2623.47449
G1 X703.338 Y285.15 E49.70028
;WIPE_START
G1 F600
G1 X710.338 Y285.15 E-10
;WIPE_END
G1 Z305 F15000
G1 X599.257 Y714.85 Z305
G1 Z304
G1 E17 F9000
G1 F2779.614
G1 X610.769 Y714.85 E49.70059
G1 X714.85 Y610.769 E635.45139
G1 X714.85 Y599.257 E49.70059
;WIPE_START
G1 F600
G1 X714.85 Y606.257 E-10
;WIPE_END
G1 Z305 F15000
G1 X563.553 Y714.85 Z305
G1 Z304
G1 E17 F9000
G1 F2779.614
G1 X552.04 Y714.85 E49.70059
G1 X285.15 Y447.96 E1629.46316
G1 X285.15 Y436.447 E49.70059
M73 P71 R217
;WIPE_START
G1 F600
G1 X285.15 Y443.447 E-10
;WIPE_END
G1 Z305 F15000
G1 X400.743 Y714.85 Z305
G1 Z304
G1 E17 F9000
G1 F2779.614
G1 X389.231 Y714.85 E49.70059
G1 X285.15 Y610.769 E635.45139
G1 X285.15 Y599.257 E49.70059
; stop printing object Cube id:0 copy 0
;LAYER_CHANGE
;Z:305.5
;HEIGHT:1.5
;BEFORE_LAYER_CHANGE
;305.5
G92 E0

EXCLUDE_OBJECT_END NAME=Cube_id_0_copy_0
;AFTER_LAYER_CHANGE
;305.5
;_SET_FAN_SPEED_CHANGING_LAYER
; printing object Cube id:0 copy 0
;WIPE_START
G1 F600
G1 X285.15 Y606.257 E-10
;WIPE_END
EXCLUDE_OBJECT_START NAME=Cube_id_0_copy_0
G1 Z306.5 F15000
G1 X282.703 Y717.297 Z306.5
G1 Z305.5
G1 E17 F9000
;TYPE:Outer wall
;WIDTH:3.2
G1 F2779.615
G1 X282.703 Y282.703 E1876.19945
G1 X717.297 Y282.703 E1876.19945
G1 X717.297 Y717.297 E1876.19945
G1 X283.003 Y717.297 E1874.90431
;WIPE_START
G1 F600
G1 X282.999 Y710.297 E-10
;WIPE_END
G1 Z306.5 F15000
G1 X285.15 Y599.257 Z306.5
G1 Z305.5
G1 E17 F9000
;TYPE:Sparse infill
;WIDTH:3.2
G1 F2779.614
G1 X285.15 Y610.769 E49.70059
G1 X389.231 Y714.85 E635.45139
G1 X400.743 Y714.85 E49.70059
;WIPE_START
G1 F600
G1 X393.743 Y714.85 E-10
;WIPE_END
G1 Z306.5 F15000
G1 X285.15 Y436.447 Z306.5
G1 Z305.5
G1 E17 F9000
G1 F2779.614
G1 X285.15 Y447.96 E49.70059
G1 X552.04 Y714.85 E1629.46316
G1 X563.553 Y714.85 E49.70059
M73 P71 R216
;WIPE_START
G1 F600
G1 X556.553 Y714.85 E-10
;WIPE_END
G1 Z306.5 F15000
G1 X714.85 Y599.257 Z306.5
G1 Z305.5
G1 E17 F9000
G1 F2779.614
G1 X714.85 Y610.769 E49.70059
G1 X610.769 Y714.85 E635.45139
G1 X599.257 Y714.85 E49.70059
;WIPE_START
G1 F600
G1 X606.257 Y714.85 E-10
;WIPE_END
G1 Z306.5 F15000
G1 X714.85 Y436.447 Z306.5
G1 Z305.5
G1 E17 F9000
G1 F2779.614
G1 X714.85 Y447.96 E49.70059
G1 X447.959 Y714.85 E1629.46317
G1 X436.447 Y714.85 E49.70059
;WIPE_START
G1 F600
G1 X443.447 Y714.85 E-10
;WIPE_END
G1 Z306.5 F15000
G1 X436.447 Y285.15 Z306.5
G1 Z305.5
G1 E17 F9000
G1 F2779.614
G1 X447.96 Y285.15 E49.70059
G1 X714.85 Y552.04 E1629.46316
G1 X714.85 Y563.553 E49.70059
;WIPE_START
G1 F600
G1 X714.85 Y556.553 E-10
;WIPE_END
G1 Z306.5 F15000
G1 X703.338 Y285.15 Z306.5
G1 Z305.5
G1 E17 F9000
G1 F2779.614
G1 X714.85 Y285.15 E49.70028
G1 X285.15 Y714.85 E2623.47449
G1 X296.662 Y714.85 E49.70028
;WIPE_START
G1 F600
G1 X289.662 Y714.85 E-10
;WIPE_END
G1 Z306.5 F15000
G1 X296.662 Y285.15 Z306.5
G1 Z305.5
G1 E17 F9000
G1 F2779.614
G1 X285.15 Y285.15 E49.70059
G1 X714.85 Y714.85 E2623.47492
G1 X703.338 Y714.85 E49.70059
M73 P71 R215
;WIPE_START
G1 F600
G1 X710.338 Y714.85 E-10
;WIPE_END
G1 Z306.5 F15000
G1 X599.257 Y285.15 Z306.5
G1 Z305.5
G1 E17 F9000
G1 F2779.614
G1 X610.769 Y285.15 E49.70059
G1 X714.85 Y389.231 E635.45139
G1 X714.85 Y400.743 E49.70059
;WIPE_START
G1 F600
G1 X714.85 Y393.743 E-10
;WIPE_END
G1 Z306.5 F15000
G1 X563.553 Y285.15 Z306.5
G1 Z305.5
G1 E17 F9000
G1 F2779.614
G1 X552.041 Y285.15 E49.70059
G1 X285.15 Y552.04 E1629.46316
G1 X285.15 Y563.553 E49.70059
;WIPE_START
G1 F600
G1 X285.15 Y556.553 E-10
;WIPE_END
G1 Z306.5 F15000
G1 X400.743 Y285.15 Z306.5
G1 Z305.5
G1 E17 F9000
G1 F2779.614
G1 X389.231 Y285.15 E49.70059
G1 X285.15 Y389.231 E635.45138
G1 X285.15 Y400.743 E49.70059
; stop printing object Cube id:0 copy 0
;LAYER_CHANGE
;Z:307
;HEIGHT:1.5
;BEFORE_LAYER_CHANGE
;307
G92 E0

EXCLUDE_OBJECT_END NAME=Cube_id_0_copy_0
;AFTER_LAYER_CHANGE
;307
;_SET_FAN_SPEED_CHANGING_LAYER
; printing object Cube id:0 copy 0
;WIPE_START
G1 F600
G1 X285.15 Y393.743 E-10
;WIPE_END
EXCLUDE_OBJECT_START NAME=Cube_id_0_copy_0
G1 Z308 F15000
G1 X282.703 Y282.703 Z308
G1 Z307
G1 E17 F9000
;TYPE:Outer wall
;WIDTH:3.2
G1 F2779.615
G1 X717.297 Y282.703 E1876.19945
G1 X717.297 Y717.297 E1876.19945
G1 X282.703 Y717.297 E1876.19945
M73 P72 R215
G1 X282.703 Y283.003 E1874.90431
M73 P72 R214
;WIPE_START
G1 F600
G1 X289.703 Y282.999 E-10
;WIPE_END
G1 Z308 F15000
G1 X285.15 Y400.743 Z308
G1 Z307
G1 E17 F9000
;TYPE:Sparse infill
;WIDTH:3.2
G1 F2779.614
G1 X285.15 Y389.231 E49.70059
G1 X389.231 Y285.15 E635.45138
G1 X400.743 Y285.15 E49.70059
;WIPE_START
G1 F600
G1 X393.743 Y285.15 E-10
;WIPE_END
G1 Z308 F15000
G1 X285.15 Y563.553 Z308
G1 Z307
G1 E17 F9000
G1 F2779.614
G1 X285.15 Y552.04 E49.70059
G1 X552.041 Y285.15 E1629.46316
G1 X563.553 Y285.15 E49.70059
;WIPE_START
G1 F600
G1 X556.553 Y285.15 E-10
;WIPE_END
G1 Z308 F15000
G1 X714.85 Y400.743 Z308
G1 Z307
G1 E17 F9000
G1 F2779.614
G1 X714.85 Y389.231 E49.70059
G1 X610.769 Y285.15 E635.45139
G1 X599.257 Y285.15 E49.70059
;WIPE_START
G1 F600
G1 X606.257 Y285.15 E-10
;WIPE_END
G1 Z308 F15000
G1 X714.85 Y563.553 Z308
G1 Z307
G1 E17 F9000
G1 F2779.614
G1 X714.85 Y552.04 E49.70059
G1 X447.96 Y285.15 E1629.46316
G1 X436.447 Y285.15 E49.70059
;WIPE_START
G1 F600
G1 X443.447 Y285.15 E-10
;WIPE_END
G1 Z308 F15000
G1 X436.447 Y714.85 Z308
G1 Z307
G1 E17 F9000
G1 F2779.614
G1 X447.959 Y714.85 E49.70059
G1 X714.85 Y447.96 E1629.46317
G1 X714.85 Y436.447 E49.70059
M73 P72 R213
;WIPE_START
G1 F600
G1 X714.85 Y443.447 E-10
;WIPE_END
G1 Z308 F15000
G1 X703.338 Y714.85 Z308
G1 Z307
G1 E17 F9000
G1 F2779.614
G1 X714.85 Y714.85 E49.70059
G1 X285.15 Y285.15 E2623.47492
G1 X296.662 Y285.15 E49.70059
;WIPE_START
G1 F600
G1 X289.662 Y285.15 E-10
;WIPE_END
G1 Z308 F15000
G1 X296.662 Y714.85 Z308
G1 Z307
G1 E17 F9000
G1 F2779.614
G1 X285.15 Y714.85 E49.70028
G1 X714.85 Y285.15 E2623.47449
G1 X703.338 Y285.15 E49.70028
;WIPE_START
G1 F600
G1 X710.338 Y285.15 E-10
;WIPE_END
G1 Z308 F15000
G1 X599.257 Y714.85 Z308
G1 Z307
G1 E17 F9000
G1 F2779.614
G1 X610.769 Y714.85 E49.70059
G1 X714.85 Y610.769 E635.45139
G1 X714.85 Y599.257 E49.70059
;WIPE_START
G1 F600
G1 X714.85 Y606.257 E-10
;WIPE_END
G1 Z308 F15000
G1 X563.553 Y714.85 Z308
G1 Z307
G1 E17 F9000
G1 F2779.614
G1 X552.04 Y714.85 E49.70059
G1 X285.15 Y447.96 E1629.46316
G1 X285.15 Y436.447 E49.70059
;WIPE_START
G1 F600
G1 X285.15 Y443.447 E-10
;WIPE_END
G1 Z308 F15000
G1 X400.743 Y714.85 Z308
G1 Z307
G1 E17 F9000
G1 F2779.614
G1 X389.231 Y714.85 E49.70059
G1 X285.15 Y610.769 E635.45139
G1 X285.15 Y599.257 E49.70059
M73 P72 R212
; stop printing object Cube id:0 copy 0
;LAYER_CHANGE
;Z:308.5
;HEIGHT:1.5
;BEFORE_LAYER_CHANGE
;308.5
G92 E0

EXCLUDE_OBJECT_END NAME=Cube_id_0_copy_0
;AFTER_LAYER_CHANGE
;308.5
;_SET_FAN_SPEED_CHANGING_LAYER
; printing object Cube id:0 copy 0
;WIPE_START
G1 F600
G1 X285.15 Y606.257 E-10
;WIPE_END
EXCLUDE_OBJECT_START NAME=Cube_id_0_copy_0
G1 Z309.5 F15000
G1 X282.703 Y717.297 Z309.5
G1 Z308.5
G1 E17 F9000
;TYPE:Outer wall
;WIDTH:3.2
G1 F2779.615
G1 X282.703 Y282.703 E1876.19945
G1 X717.297 Y282.703 E1876.19945
G1 X717.297 Y717.297 E1876.19945
G1 X283.003 Y717.297 E1874.90431
;WIPE_START
G1 F600
G1 X282.999 Y710.297 E-10
;WIPE_END
G1 Z309.5 F15000
G1 X285.15 Y599.257 Z309.5
G1 Z308.5
G1 E17 F9000
;TYPE:Sparse infill
;WIDTH:3.2
G1 F2779.614
G1 X285.15 Y610.769 E49.70059
G1 X389.231 Y714.85 E635.45139
G1 X400.743 Y714.85 E49.70059
;WIPE_START
G1 F600
G1 X393.743 Y714.85 E-10
;WIPE_END
G1 Z309.5 F15000
G1 X285.15 Y436.447 Z309.5
G1 Z308.5
G1 E17 F9000
G1 F2779.614
G1 X285.15 Y447.96 E49.70059
G1 X552.04 Y714.85 E1629.46316
G1 X563.553 Y714.85 E49.70059
;WIPE_START
G1 F600
G1 X556.553 Y714.85 E-10
;WIPE_END
G1 Z309.5 F15000
G1 X714.85 Y599.257 Z309.5
G1 Z308.5
M73 P72 R211
G1 E17 F9000
G1 F2779.614
G1 X714.85 Y610.769 E49.70059
G1 X610.769 Y714.85 E635.45139
G1 X599.257 Y714.85 E49.70059
;WIPE_START
G1 F600
G1 X606.257 Y714.85 E-10
;WIPE_END
G1 Z309.5 F15000
G1 X714.85 Y436.447 Z309.5
G1 Z308.5
G1 E17 F9000
G1 F2779.614
G1 X714.85 Y447.96 E49.70059
G1 X447.959 Y714.85 E1629.46317
G1 X436.447 Y714.85 E49.70059
;WIPE_START
G1 F600
G1 X443.447 Y714.85 E-10
;WIPE_END
G1 Z309.5 F15000
G1 X436.447 Y285.15 Z309.5
G1 Z308.5
G1 E17 F9000
G1 F2779.614
G1 X447.96 Y285.15 E49.70059
G1 X714.85 Y552.04 E1629.46316
G1 X714.85 Y563.553 E49.70059
;WIPE_START
G1 F600
G1 X714.85 Y556.553 E-10
;WIPE_END
G1 Z309.5 F15000
G1 X703.338 Y285.15 Z309.5
G1 Z308.5
G1 E17 F9000
G1 F2779.614
G1 X714.85 Y285.15 E49.70028
G1 X285.15 Y714.85 E2623.47449
G1 X296.662 Y714.85 E49.70028
;WIPE_START
G1 F600
G1 X289.662 Y714.85 E-10
;WIPE_END
G1 Z309.5 F15000
G1 X296.662 Y285.15 Z309.5
G1 Z308.5
G1 E17 F9000
G1 F2779.614
G1 X285.15 Y285.15 E49.70059
G1 X714.85 Y714.85 E2623.47492
G1 X703.338 Y714.85 E49.70059
M73 P72 R210
;WIPE_START
G1 F600
G1 X710.338 Y714.85 E-10
;WIPE_END
G1 Z309.5 F15000
G1 X599.257 Y285.15 Z309.5
G1 Z308.5
G1 E17 F9000
G1 F2779.614
G1 X610.769 Y285.15 E49.70059
G1 X714.85 Y389.231 E635.45139
G1 X714.85 Y400.743 E49.70059
;WIPE_START
G1 F600
G1 X714.85 Y393.743 E-10
;WIPE_END
G1 Z309.5 F15000
G1 X563.553 Y285.15 Z309.5
G1 Z308.5
G1 E17 F9000
G1 F2779.614
G1 X552.041 Y285.15 E49.70059
G1 X285.15 Y552.04 E1629.46316
G1 X285.15 Y563.553 E49.70059
;WIPE_START
G1 F600
G1 X285.15 Y556.553 E-10
;WIPE_END
G1 Z309.5 F15000
G1 X400.743 Y285.15 Z309.5
G1 Z308.5
G1 E17 F9000
G1 F2779.614
G1 X389.231 Y285.15 E49.70059
G1 X285.15 Y389.231 E635.45138
G1 X285.15 Y400.743 E49.70059
; stop printing object Cube id:0 copy 0
;LAYER_CHANGE
;Z:310
;HEIGHT:1.5
;BEFORE_LAYER_CHANGE
;310
G92 E0

EXCLUDE_OBJECT_END NAME=Cube_id_0_copy_0
;AFTER_LAYER_CHANGE
;310
;_SET_FAN_SPEED_CHANGING_LAYER
; printing object Cube id:0 copy 0
;WIPE_START
G1 F600
G1 X285.15 Y393.743 E-10
;WIPE_END
EXCLUDE_OBJECT_START NAME=Cube_id_0_copy_0
G1 Z311 F15000
G1 X282.703 Y282.703 Z311
G1 Z310
G1 E17 F9000
;TYPE:Outer wall
;WIDTH:3.2
G1 F2779.615
G1 X717.297 Y282.703 E1876.19945
G1 X717.297 Y717.297 E1876.19945
G1 X282.703 Y717.297 E1876.19945
G1 X282.703 Y283.003 E1874.90431
;WIPE_START
G1 F600
M73 P72 R209
G1 X289.703 Y282.999 E-10
;WIPE_END
G1 Z311 F15000
G1 X285.15 Y400.743 Z311
G1 Z310
G1 E17 F9000
;TYPE:Sparse infill
;WIDTH:3.2
G1 F2779.614
G1 X285.15 Y389.231 E49.70059
G1 X389.231 Y285.15 E635.45138
G1 X400.743 Y285.15 E49.70059
;WIPE_START
G1 F600
G1 X393.743 Y285.15 E-10
;WIPE_END
G1 Z311 F15000
G1 X285.15 Y563.553 Z311
G1 Z310
G1 E17 F9000
G1 F2779.614
G1 X285.15 Y552.04 E49.70059
G1 X552.041 Y285.15 E1629.46316
G1 X563.553 Y285.15 E49.70059
;WIPE_START
G1 F600
G1 X556.553 Y285.15 E-10
;WIPE_END
G1 Z311 F15000
G1 X714.85 Y400.743 Z311
G1 Z310
G1 E17 F9000
G1 F2779.614
G1 X714.85 Y389.231 E49.70059
G1 X610.769 Y285.15 E635.45139
G1 X599.257 Y285.15 E49.70059
;WIPE_START
G1 F600
G1 X606.257 Y285.15 E-10
;WIPE_END
G1 Z311 F15000
G1 X714.85 Y563.553 Z311
G1 Z310
G1 E17 F9000
G1 F2779.614
G1 X714.85 Y552.04 E49.70059
G1 X447.96 Y285.15 E1629.46316
G1 X436.447 Y285.15 E49.70059
;WIPE_START
G1 F600
G1 X443.447 Y285.15 E-10
;WIPE_END
G1 Z311 F15000
G1 X436.447 Y714.85 Z311
G1 Z310
G1 E17 F9000
G1 F2779.614
G1 X447.959 Y714.85 E49.70059
G1 X714.85 Y447.96 E1629.46317
G1 X714.85 Y436.447 E49.70059
;WIPE_START
G1 F600
G1 X714.85 Y443.447 E-10
;WIPE_END
G1 Z311 F15000
G1 X703.338 Y714.85 Z311
G1 Z310
G1 E17 F9000
G1 F2779.614
G1 X714.85 Y714.85 E49.70059
G1 X285.15 Y285.15 E2623.47492
G1 X296.662 Y285.15 E49.70059
M73 P72 R208
;WIPE_START
G1 F600
G1 X289.662 Y285.15 E-10
;WIPE_END
G1 Z311 F15000
G1 X296.662 Y714.85 Z311
G1 Z310
G1 E17 F9000
G1 F2779.614
G1 X285.15 Y714.85 E49.70028
G1 X714.85 Y285.15 E2623.47449
G1 X703.338 Y285.15 E49.70028
;WIPE_START
G1 F600
G1 X710.338 Y285.15 E-10
;WIPE_END
G1 Z311 F15000
G1 X599.257 Y714.85 Z311
G1 Z310
G1 E17 F9000
G1 F2779.614
G1 X610.769 Y714.85 E49.70059
G1 X714.85 Y610.769 E635.45139
G1 X714.85 Y599.257 E49.70059
;WIPE_START
G1 F600
G1 X714.85 Y606.257 E-10
;WIPE_END
G1 Z311 F15000
G1 X563.553 Y714.85 Z311
G1 Z310
G1 E17 F9000
G1 F2779.614
G1 X552.04 Y714.85 E49.70059
G1 X285.15 Y447.96 E1629.46316
G1 X285.15 Y436.447 E49.70059
;WIPE_START
G1 F600
G1 X285.15 Y443.447 E-10
;WIPE_END
G1 Z311 F15000
G1 X400.743 Y714.85 Z311
G1 Z310
G1 E17 F9000
G1 F2779.614
G1 X389.231 Y714.85 E49.70059
G1 X285.15 Y610.769 E635.45139
G1 X285.15 Y599.257 E49.70059
; stop printing object Cube id:0 copy 0
;LAYER_CHANGE
;Z:311.5
;HEIGHT:1.5
;BEFORE_LAYER_CHANGE
;311.5
G92 E0

EXCLUDE_OBJECT_END NAME=Cube_id_0_copy_0
;AFTER_LAYER_CHANGE
;311.5
;_SET_FAN_SPEED_CHANGING_LAYER
; printing object Cube id:0 copy 0
;WIPE_START
G1 F600
G1 X285.15 Y606.257 E-10
;WIPE_END
EXCLUDE_OBJECT_START NAME=Cube_id_0_copy_0
G1 Z312.5 F15000
G1 X282.703 Y717.297 Z312.5
G1 Z311.5
G1 E17 F9000
;TYPE:Outer wall
;WIDTH:3.2
G1 F2779.615
G1 X282.703 Y282.703 E1876.19945
G1 X717.297 Y282.703 E1876.19945
M73 P72 R207
G1 X717.297 Y717.297 E1876.19945
G1 X283.003 Y717.297 E1874.90431
;WIPE_START
G1 F600
M73 P73 R207
G1 X282.999 Y710.297 E-10
;WIPE_END
G1 Z312.5 F15000
G1 X285.15 Y599.257 Z312.5
G1 Z311.5
G1 E17 F9000
;TYPE:Sparse infill
;WIDTH:3.2
G1 F2779.614
G1 X285.15 Y610.769 E49.70059
G1 X389.231 Y714.85 E635.45139
G1 X400.743 Y714.85 E49.70059
;WIPE_START
G1 F600
G1 X393.743 Y714.85 E-10
;WIPE_END
G1 Z312.5 F15000
G1 X285.15 Y436.447 Z312.5
G1 Z311.5
G1 E17 F9000
G1 F2779.614
G1 X285.15 Y447.96 E49.70059
G1 X552.04 Y714.85 E1629.46316
G1 X563.553 Y714.85 E49.70059
;WIPE_START
G1 F600
G1 X556.553 Y714.85 E-10
;WIPE_END
G1 Z312.5 F15000
G1 X714.85 Y599.257 Z312.5
G1 Z311.5
G1 E17 F9000
G1 F2779.614
G1 X714.85 Y610.769 E49.70059
G1 X610.769 Y714.85 E635.45139
G1 X599.257 Y714.85 E49.70059
;WIPE_START
G1 F600
G1 X606.257 Y714.85 E-10
;WIPE_END
G1 Z312.5 F15000
G1 X714.85 Y436.447 Z312.5
G1 Z311.5
M73 P73 R206
G1 E17 F9000
G1 F2779.614
G1 X714.85 Y447.96 E49.70059
G1 X447.959 Y714.85 E1629.46317
G1 X436.447 Y714.85 E49.70059
;WIPE_START
G1 F600
G1 X443.447 Y714.85 E-10
;WIPE_END
G1 Z312.5 F15000
G1 X436.447 Y285.15 Z312.5
G1 Z311.5
G1 E17 F9000
G1 F2779.614
G1 X447.96 Y285.15 E49.70059
G1 X714.85 Y552.04 E1629.46316
G1 X714.85 Y563.553 E49.70059
;WIPE_START
G1 F600
G1 X714.85 Y556.553 E-10
;WIPE_END
G1 Z312.5 F15000
G1 X703.338 Y285.15 Z312.5
G1 Z311.5
G1 E17 F9000
G1 F2779.614
G1 X714.85 Y285.15 E49.70028
G1 X285.15 Y714.85 E2623.47449
G1 X296.662 Y714.85 E49.70028
;WIPE_START
G1 F600
G1 X289.662 Y714.85 E-10
;WIPE_END
G1 Z312.5 F15000
G1 X296.662 Y285.15 Z312.5
G1 Z311.5
G1 E17 F9000
G1 F2779.614
G1 X285.15 Y285.15 E49.70059
G1 X714.85 Y714.85 E2623.47492
G1 X703.338 Y714.85 E49.70059
;WIPE_START
G1 F600
G1 X710.338 Y714.85 E-10
;WIPE_END
G1 Z312.5 F15000
G1 X599.257 Y285.15 Z312.5
G1 Z311.5
G1 E17 F9000
G1 F2779.614
G1 X610.769 Y285.15 E49.70059
G1 X714.85 Y389.231 E635.45139
G1 X714.85 Y400.743 E49.70059
M73 P73 R205
;WIPE_START
G1 F600
G1 X714.85 Y393.743 E-10
;WIPE_END
G1 Z312.5 F15000
G1 X563.553 Y285.15 Z312.5
G1 Z311.5
G1 E17 F9000
G1 F2779.614
G1 X552.041 Y285.15 E49.70059
G1 X285.15 Y552.04 E1629.46316
G1 X285.15 Y563.553 E49.70059
;WIPE_START
G1 F600
G1 X285.15 Y556.553 E-10
;WIPE_END
G1 Z312.5 F15000
G1 X400.743 Y285.15 Z312.5
G1 Z311.5
G1 E17 F9000
G1 F2779.614
G1 X389.231 Y285.15 E49.70059
G1 X285.15 Y389.231 E635.45138
G1 X285.15 Y400.743 E49.70059
; stop printing object Cube id:0 copy 0
;LAYER_CHANGE
;Z:313
;HEIGHT:1.5
;BEFORE_LAYER_CHANGE
;313
G92 E0

EXCLUDE_OBJECT_END NAME=Cube_id_0_copy_0
;AFTER_LAYER_CHANGE
;313
;_SET_FAN_SPEED_CHANGING_LAYER
; printing object Cube id:0 copy 0
;WIPE_START
G1 F600
G1 X285.15 Y393.743 E-10
;WIPE_END
EXCLUDE_OBJECT_START NAME=Cube_id_0_copy_0
G1 Z314 F15000
G1 X282.703 Y282.703 Z314
G1 Z313
G1 E17 F9000
;TYPE:Outer wall
;WIDTH:3.2
G1 F2779.615
G1 X717.297 Y282.703 E1876.19945
G1 X717.297 Y717.297 E1876.19945
G1 X282.703 Y717.297 E1876.19945
G1 X282.703 Y283.003 E1874.90431
;WIPE_START
G1 F600
M73 P73 R204
G1 X289.703 Y282.999 E-10
;WIPE_END
G1 Z314 F15000
G1 X285.15 Y400.743 Z314
G1 Z313
G1 E17 F9000
;TYPE:Sparse infill
;WIDTH:3.2
G1 F2779.614
G1 X285.15 Y389.231 E49.70059
G1 X389.231 Y285.15 E635.45138
G1 X400.743 Y285.15 E49.70059
;WIPE_START
G1 F600
G1 X393.743 Y285.15 E-10
;WIPE_END
G1 Z314 F15000
G1 X285.15 Y563.553 Z314
G1 Z313
G1 E17 F9000
G1 F2779.614
G1 X285.15 Y552.04 E49.70059
G1 X552.041 Y285.15 E1629.46316
G1 X563.553 Y285.15 E49.70059
;WIPE_START
G1 F600
G1 X556.553 Y285.15 E-10
;WIPE_END
G1 Z314 F15000
G1 X714.85 Y400.743 Z314
G1 Z313
G1 E17 F9000
G1 F2779.614
G1 X714.85 Y389.231 E49.70059
G1 X610.769 Y285.15 E635.45139
G1 X599.257 Y285.15 E49.70059
;WIPE_START
G1 F600
G1 X606.257 Y285.15 E-10
;WIPE_END
G1 Z314 F15000
G1 X714.85 Y563.553 Z314
G1 Z313
G1 E17 F9000
G1 F2779.614
G1 X714.85 Y552.04 E49.70059
G1 X447.96 Y285.15 E1629.46316
G1 X436.447 Y285.15 E49.70059
;WIPE_START
G1 F600
G1 X443.447 Y285.15 E-10
;WIPE_END
G1 Z314 F15000
G1 X436.447 Y714.85 Z314
G1 Z313
G1 E17 F9000
G1 F2779.614
G1 X447.959 Y714.85 E49.70059
G1 X714.85 Y447.96 E1629.46317
G1 X714.85 Y436.447 E49.70059
;WIPE_START
G1 F600
G1 X714.85 Y443.447 E-10
;WIPE_END
G1 Z314 F15000
G1 X703.338 Y714.85 Z314
G1 Z313
G1 E17 F9000
G1 F2779.614
G1 X714.85 Y714.85 E49.70059
G1 X285.15 Y285.15 E2623.47492
G1 X296.662 Y285.15 E49.70059
M73 P73 R203
;WIPE_START
G1 F600
G1 X289.662 Y285.15 E-10
;WIPE_END
G1 Z314 F15000
G1 X296.662 Y714.85 Z314
G1 Z313
G1 E17 F9000
G1 F2779.614
G1 X285.15 Y714.85 E49.70028
G1 X714.85 Y285.15 E2623.47449
G1 X703.338 Y285.15 E49.70028
;WIPE_START
G1 F600
G1 X710.338 Y285.15 E-10
;WIPE_END
G1 Z314 F15000
G1 X599.257 Y714.85 Z314
G1 Z313
G1 E17 F9000
G1 F2779.614
G1 X610.769 Y714.85 E49.70059
G1 X714.85 Y610.769 E635.45139
G1 X714.85 Y599.257 E49.70059
;WIPE_START
G1 F600
G1 X714.85 Y606.257 E-10
;WIPE_END
G1 Z314 F15000
G1 X563.553 Y714.85 Z314
G1 Z313
G1 E17 F9000
G1 F2779.614
G1 X552.04 Y714.85 E49.70059
G1 X285.15 Y447.96 E1629.46316
G1 X285.15 Y436.447 E49.70059
;WIPE_START
G1 F600
G1 X285.15 Y443.447 E-10
;WIPE_END
G1 Z314 F15000
G1 X400.743 Y714.85 Z314
G1 Z313
G1 E17 F9000
G1 F2779.614
G1 X389.231 Y714.85 E49.70059
G1 X285.15 Y610.769 E635.45139
G1 X285.15 Y599.257 E49.70059
; stop printing object Cube id:0 copy 0
;LAYER_CHANGE
;Z:314.5
;HEIGHT:1.5
;BEFORE_LAYER_CHANGE
;314.5
G92 E0

EXCLUDE_OBJECT_END NAME=Cube_id_0_copy_0
;AFTER_LAYER_CHANGE
;314.5
;_SET_FAN_SPEED_CHANGING_LAYER
; printing object Cube id:0 copy 0
;WIPE_START
G1 F600
G1 X285.15 Y606.257 E-10
;WIPE_END
EXCLUDE_OBJECT_START NAME=Cube_id_0_copy_0
G1 Z315.5 F15000
G1 X282.703 Y717.297 Z315.5
G1 Z314.5
G1 E17 F9000
;TYPE:Outer wall
;WIDTH:3.2
G1 F2779.615
G1 X282.703 Y282.703 E1876.19945
G1 X717.297 Y282.703 E1876.19945
G1 X717.297 Y717.297 E1876.19945
M73 P73 R202
G1 X283.003 Y717.297 E1874.90431
;WIPE_START
G1 F600
G1 X282.999 Y710.297 E-10
;WIPE_END
G1 Z315.5 F15000
G1 X285.15 Y599.257 Z315.5
G1 Z314.5
G1 E17 F9000
;TYPE:Sparse infill
;WIDTH:3.2
G1 F2779.614
G1 X285.15 Y610.769 E49.70059
G1 X389.231 Y714.85 E635.45139
G1 X400.743 Y714.85 E49.70059
;WIPE_START
G1 F600
G1 X393.743 Y714.85 E-10
;WIPE_END
G1 Z315.5 F15000
G1 X285.15 Y436.447 Z315.5
G1 Z314.5
G1 E17 F9000
G1 F2779.614
G1 X285.15 Y447.96 E49.70059
G1 X552.04 Y714.85 E1629.46316
G1 X563.553 Y714.85 E49.70059
;WIPE_START
G1 F600
G1 X556.553 Y714.85 E-10
;WIPE_END
G1 Z315.5 F15000
G1 X714.85 Y599.257 Z315.5
G1 Z314.5
G1 E17 F9000
G1 F2779.614
G1 X714.85 Y610.769 E49.70059
G1 X610.769 Y714.85 E635.45139
G1 X599.257 Y714.85 E49.70059
;WIPE_START
G1 F600
G1 X606.257 Y714.85 E-10
;WIPE_END
G1 Z315.5 F15000
G1 X714.85 Y436.447 Z315.5
G1 Z314.5
G1 E17 F9000
G1 F2779.614
G1 X714.85 Y447.96 E49.70059
G1 X447.959 Y714.85 E1629.46317
G1 X436.447 Y714.85 E49.70059
M73 P73 R201
;WIPE_START
G1 F600
G1 X443.447 Y714.85 E-10
;WIPE_END
G1 Z315.5 F15000
G1 X436.447 Y285.15 Z315.5
G1 Z314.5
G1 E17 F9000
G1 F2779.614
G1 X447.96 Y285.15 E49.70059
G1 X714.85 Y552.04 E1629.46316
G1 X714.85 Y563.553 E49.70059
;WIPE_START
G1 F600
G1 X714.85 Y556.553 E-10
;WIPE_END
G1 Z315.5 F15000
G1 X703.338 Y285.15 Z315.5
G1 Z314.5
G1 E17 F9000
G1 F2779.614
G1 X714.85 Y285.15 E49.70028
G1 X285.15 Y714.85 E2623.47449
G1 X296.662 Y714.85 E49.70028
;WIPE_START
G1 F600
G1 X289.662 Y714.85 E-10
;WIPE_END
G1 Z315.5 F15000
G1 X296.662 Y285.15 Z315.5
G1 Z314.5
G1 E17 F9000
G1 F2779.614
G1 X285.15 Y285.15 E49.70059
G1 X714.85 Y714.85 E2623.47492
G1 X703.338 Y714.85 E49.70059
;WIPE_START
G1 F600
G1 X710.338 Y714.85 E-10
;WIPE_END
G1 Z315.5 F15000
G1 X599.257 Y285.15 Z315.5
G1 Z314.5
G1 E17 F9000
G1 F2779.614
G1 X610.769 Y285.15 E49.70059
G1 X714.85 Y389.231 E635.45139
G1 X714.85 Y400.743 E49.70059
;WIPE_START
G1 F600
G1 X714.85 Y393.743 E-10
;WIPE_END
G1 Z315.5 F15000
G1 X563.553 Y285.15 Z315.5
G1 Z314.5
G1 E17 F9000
G1 F2779.614
G1 X552.041 Y285.15 E49.70059
G1 X285.15 Y552.04 E1629.46316
G1 X285.15 Y563.553 E49.70059
M73 P73 R200
;WIPE_START
G1 F600
G1 X285.15 Y556.553 E-10
;WIPE_END
G1 Z315.5 F15000
G1 X400.743 Y285.15 Z315.5
G1 Z314.5
G1 E17 F9000
G1 F2779.614
G1 X389.231 Y285.15 E49.70059
G1 X285.15 Y389.231 E635.45138
G1 X285.15 Y400.743 E49.70059
; stop printing object Cube id:0 copy 0
;LAYER_CHANGE
;Z:316
;HEIGHT:1.5
;BEFORE_LAYER_CHANGE
;316
G92 E0

EXCLUDE_OBJECT_END NAME=Cube_id_0_copy_0
;AFTER_LAYER_CHANGE
;316
;_SET_FAN_SPEED_CHANGING_LAYER
; printing object Cube id:0 copy 0
;WIPE_START
G1 F600
G1 X285.15 Y393.743 E-10
;WIPE_END
EXCLUDE_OBJECT_START NAME=Cube_id_0_copy_0
G1 Z317 F15000
G1 X282.703 Y282.703 Z317
G1 Z316
G1 E17 F9000
;TYPE:Outer wall
;WIDTH:3.2
G1 F2779.615
G1 X717.297 Y282.703 E1876.19945
G1 X717.297 Y717.297 E1876.19945
G1 X282.703 Y717.297 E1876.19945
G1 X282.703 Y283.003 E1874.90431
;WIPE_START
G1 F600
G1 X289.703 Y282.999 E-10
;WIPE_END
G1 Z317 F15000
G1 X285.15 Y400.743 Z317
G1 Z316
G1 E17 F9000
;TYPE:Sparse infill
;WIDTH:3.2
G1 F2779.614
G1 X285.15 Y389.231 E49.70059
G1 X389.231 Y285.15 E635.45138
G1 X400.743 Y285.15 E49.70059
M73 P73 R199
;WIPE_START
G1 F600
G1 X393.743 Y285.15 E-10
;WIPE_END
G1 Z317 F15000
G1 X285.15 Y563.553 Z317
G1 Z316
G1 E17 F9000
G1 F2779.614
G1 X285.15 Y552.04 E49.70059
G1 X552.041 Y285.15 E1629.46316
G1 X563.553 Y285.15 E49.70059
M73 P74 R199
;WIPE_START
G1 F600
G1 X556.553 Y285.15 E-10
;WIPE_END
G1 Z317 F15000
G1 X714.85 Y400.743 Z317
G1 Z316
G1 E17 F9000
G1 F2779.614
G1 X714.85 Y389.231 E49.70059
G1 X610.769 Y285.15 E635.45139
G1 X599.257 Y285.15 E49.70059
;WIPE_START
G1 F600
G1 X606.257 Y285.15 E-10
;WIPE_END
G1 Z317 F15000
G1 X714.85 Y563.553 Z317
G1 Z316
G1 E17 F9000
G1 F2779.614
G1 X714.85 Y552.04 E49.70059
G1 X447.96 Y285.15 E1629.46316
G1 X436.447 Y285.15 E49.70059
;WIPE_START
G1 F600
G1 X443.447 Y285.15 E-10
;WIPE_END
G1 Z317 F15000
G1 X436.447 Y714.85 Z317
G1 Z316
G1 E17 F9000
G1 F2779.614
G1 X447.959 Y714.85 E49.70059
G1 X714.85 Y447.96 E1629.46317
G1 X714.85 Y436.447 E49.70059
;WIPE_START
G1 F600
G1 X714.85 Y443.447 E-10
;WIPE_END
G1 Z317 F15000
G1 X703.338 Y714.85 Z317
G1 Z316
G1 E17 F9000
G1 F2779.614
G1 X714.85 Y714.85 E49.70059
G1 X285.15 Y285.15 E2623.47492
G1 X296.662 Y285.15 E49.70059
;WIPE_START
G1 F600
G1 X289.662 Y285.15 E-10
;WIPE_END
G1 Z317 F15000
M73 P74 R198
G1 X296.662 Y714.85 Z317
G1 Z316
G1 E17 F9000
G1 F2779.614
G1 X285.15 Y714.85 E49.70028
G1 X714.85 Y285.15 E2623.47449
G1 X703.338 Y285.15 E49.70028
;WIPE_START
G1 F600
G1 X710.338 Y285.15 E-10
;WIPE_END
G1 Z317 F15000
G1 X599.257 Y714.85 Z317
G1 Z316
G1 E17 F9000
G1 F2779.614
G1 X610.769 Y714.85 E49.70059
G1 X714.85 Y610.769 E635.45139
G1 X714.85 Y599.257 E49.70059
;WIPE_START
G1 F600
G1 X714.85 Y606.257 E-10
;WIPE_END
G1 Z317 F15000
G1 X563.553 Y714.85 Z317
G1 Z316
G1 E17 F9000
G1 F2779.614
G1 X552.04 Y714.85 E49.70059
G1 X285.15 Y447.96 E1629.46316
G1 X285.15 Y436.447 E49.70059
;WIPE_START
G1 F600
G1 X285.15 Y443.447 E-10
;WIPE_END
G1 Z317 F15000
G1 X400.743 Y714.85 Z317
G1 Z316
G1 E17 F9000
G1 F2779.614
G1 X389.231 Y714.85 E49.70059
G1 X285.15 Y610.769 E635.45139
G1 X285.15 Y599.257 E49.70059
; stop printing object Cube id:0 copy 0
;LAYER_CHANGE
;Z:317.5
;HEIGHT:1.5
;BEFORE_LAYER_CHANGE
;317.5
G92 E0

EXCLUDE_OBJECT_END NAME=Cube_id_0_copy_0
;AFTER_LAYER_CHANGE
;317.5
;_SET_FAN_SPEED_CHANGING_LAYER
; printing object Cube id:0 copy 0
;WIPE_START
G1 F600
G1 X285.15 Y606.257 E-10
;WIPE_END
EXCLUDE_OBJECT_START NAME=Cube_id_0_copy_0
G1 Z318.5 F15000
G1 X282.703 Y717.297 Z318.5
G1 Z317.5
G1 E17 F9000
;TYPE:Outer wall
;WIDTH:3.2
G1 F2779.615
G1 X282.703 Y282.703 E1876.19945
G1 X717.297 Y282.703 E1876.19945
G1 X717.297 Y717.297 E1876.19945
M73 P74 R197
G1 X283.003 Y717.297 E1874.90431
;WIPE_START
G1 F600
G1 X282.999 Y710.297 E-10
;WIPE_END
G1 Z318.5 F15000
G1 X285.15 Y599.257 Z318.5
G1 Z317.5
G1 E17 F9000
;TYPE:Sparse infill
;WIDTH:3.2
G1 F2779.614
G1 X285.15 Y610.769 E49.70059
G1 X389.231 Y714.85 E635.45139
G1 X400.743 Y714.85 E49.70059
;WIPE_START
G1 F600
G1 X393.743 Y714.85 E-10
;WIPE_END
G1 Z318.5 F15000
G1 X285.15 Y436.447 Z318.5
G1 Z317.5
G1 E17 F9000
G1 F2779.614
G1 X285.15 Y447.96 E49.70059
G1 X552.04 Y714.85 E1629.46316
G1 X563.553 Y714.85 E49.70059
;WIPE_START
G1 F600
G1 X556.553 Y714.85 E-10
;WIPE_END
G1 Z318.5 F15000
G1 X714.85 Y599.257 Z318.5
G1 Z317.5
G1 E17 F9000
G1 F2779.614
G1 X714.85 Y610.769 E49.70059
G1 X610.769 Y714.85 E635.45139
G1 X599.257 Y714.85 E49.70059
;WIPE_START
G1 F600
G1 X606.257 Y714.85 E-10
;WIPE_END
G1 Z318.5 F15000
G1 X714.85 Y436.447 Z318.5
G1 Z317.5
G1 E17 F9000
G1 F2779.614
G1 X714.85 Y447.96 E49.70059
G1 X447.959 Y714.85 E1629.46317
G1 X436.447 Y714.85 E49.70059
;WIPE_START
G1 F600
G1 X443.447 Y714.85 E-10
;WIPE_END
G1 Z318.5 F15000
G1 X436.447 Y285.15 Z318.5
G1 Z317.5
M73 P74 R196
G1 E17 F9000
G1 F2779.614
G1 X447.96 Y285.15 E49.70059
G1 X714.85 Y552.04 E1629.46316
G1 X714.85 Y563.553 E49.70059
;WIPE_START
G1 F600
G1 X714.85 Y556.553 E-10
;WIPE_END
G1 Z318.5 F15000
G1 X703.338 Y285.15 Z318.5
G1 Z317.5
G1 E17 F9000
G1 F2779.614
G1 X714.85 Y285.15 E49.70028
G1 X285.15 Y714.85 E2623.47449
G1 X296.662 Y714.85 E49.70028
;WIPE_START
G1 F600
G1 X289.662 Y714.85 E-10
;WIPE_END
G1 Z318.5 F15000
G1 X296.662 Y285.15 Z318.5
G1 Z317.5
G1 E17 F9000
G1 F2779.614
G1 X285.15 Y285.15 E49.70059
G1 X714.85 Y714.85 E2623.47492
G1 X703.338 Y714.85 E49.70059
;WIPE_START
G1 F600
G1 X710.338 Y714.85 E-10
;WIPE_END
G1 Z318.5 F15000
G1 X599.257 Y285.15 Z318.5
G1 Z317.5
G1 E17 F9000
G1 F2779.614
G1 X610.769 Y285.15 E49.70059
G1 X714.85 Y389.231 E635.45139
G1 X714.85 Y400.743 E49.70059
;WIPE_START
G1 F600
G1 X714.85 Y393.743 E-10
;WIPE_END
G1 Z318.5 F15000
G1 X563.553 Y285.15 Z318.5
G1 Z317.5
G1 E17 F9000
G1 F2779.614
G1 X552.041 Y285.15 E49.70059
G1 X285.15 Y552.04 E1629.46316
G1 X285.15 Y563.553 E49.70059
M73 P74 R195
;WIPE_START
G1 F600
G1 X285.15 Y556.553 E-10
;WIPE_END
G1 Z318.5 F15000
G1 X400.743 Y285.15 Z318.5
G1 Z317.5
G1 E17 F9000
G1 F2779.614
G1 X389.231 Y285.15 E49.70059
G1 X285.15 Y389.231 E635.45138
G1 X285.15 Y400.743 E49.70059
; stop printing object Cube id:0 copy 0
;LAYER_CHANGE
;Z:319
;HEIGHT:1.5
;BEFORE_LAYER_CHANGE
;319
G92 E0

EXCLUDE_OBJECT_END NAME=Cube_id_0_copy_0
;AFTER_LAYER_CHANGE
;319
;_SET_FAN_SPEED_CHANGING_LAYER
; printing object Cube id:0 copy 0
;WIPE_START
G1 F600
G1 X285.15 Y393.743 E-10
;WIPE_END
EXCLUDE_OBJECT_START NAME=Cube_id_0_copy_0
G1 Z320 F15000
G1 X282.703 Y282.703 Z320
G1 Z319
G1 E17 F9000
;TYPE:Outer wall
;WIDTH:3.2
G1 F2779.615
G1 X717.297 Y282.703 E1876.19945
G1 X717.297 Y717.297 E1876.19945
G1 X282.703 Y717.297 E1876.19945
G1 X282.703 Y283.003 E1874.90431
;WIPE_START
G1 F600
G1 X289.703 Y282.999 E-10
;WIPE_END
G1 Z320 F15000
G1 X285.15 Y400.743 Z320
G1 Z319
G1 E17 F9000
;TYPE:Sparse infill
;WIDTH:3.2
G1 F2779.614
G1 X285.15 Y389.231 E49.70059
G1 X389.231 Y285.15 E635.45138
G1 X400.743 Y285.15 E49.70059
;WIPE_START
G1 F600
G1 X393.743 Y285.15 E-10
;WIPE_END
G1 Z320 F15000
G1 X285.15 Y563.553 Z320
G1 Z319
G1 E17 F9000
G1 F2779.614
G1 X285.15 Y552.04 E49.70059
G1 X552.041 Y285.15 E1629.46316
G1 X563.553 Y285.15 E49.70059
M73 P74 R194
;WIPE_START
G1 F600
G1 X556.553 Y285.15 E-10
;WIPE_END
G1 Z320 F15000
G1 X714.85 Y400.743 Z320
G1 Z319
G1 E17 F9000
G1 F2779.614
G1 X714.85 Y389.231 E49.70059
G1 X610.769 Y285.15 E635.45139
G1 X599.257 Y285.15 E49.70059
;WIPE_START
G1 F600
G1 X606.257 Y285.15 E-10
;WIPE_END
G1 Z320 F15000
G1 X714.85 Y563.553 Z320
G1 Z319
G1 E17 F9000
G1 F2779.614
G1 X714.85 Y552.04 E49.70059
G1 X447.96 Y285.15 E1629.46316
G1 X436.447 Y285.15 E49.70059
;WIPE_START
G1 F600
G1 X443.447 Y285.15 E-10
;WIPE_END
G1 Z320 F15000
G1 X436.447 Y714.85 Z320
G1 Z319
G1 E17 F9000
G1 F2779.614
G1 X447.959 Y714.85 E49.70059
G1 X714.85 Y447.96 E1629.46317
G1 X714.85 Y436.447 E49.70059
;WIPE_START
G1 F600
G1 X714.85 Y443.447 E-10
;WIPE_END
G1 Z320 F15000
G1 X703.338 Y714.85 Z320
G1 Z319
G1 E17 F9000
G1 F2779.614
G1 X714.85 Y714.85 E49.70059
G1 X285.15 Y285.15 E2623.47492
G1 X296.662 Y285.15 E49.70059
;WIPE_START
G1 F600
G1 X289.662 Y285.15 E-10
;WIPE_END
G1 Z320 F15000
G1 X296.662 Y714.85 Z320
G1 Z319
G1 E17 F9000
G1 F2779.614
G1 X285.15 Y714.85 E49.70028
G1 X714.85 Y285.15 E2623.47449
G1 X703.338 Y285.15 E49.70028
M73 P74 R193
;WIPE_START
G1 F600
G1 X710.338 Y285.15 E-10
;WIPE_END
G1 Z320 F15000
G1 X599.257 Y714.85 Z320
G1 Z319
G1 E17 F9000
G1 F2779.614
G1 X610.769 Y714.85 E49.70059
G1 X714.85 Y610.769 E635.45139
G1 X714.85 Y599.257 E49.70059
;WIPE_START
G1 F600
G1 X714.85 Y606.257 E-10
;WIPE_END
G1 Z320 F15000
G1 X563.553 Y714.85 Z320
G1 Z319
G1 E17 F9000
G1 F2779.614
G1 X552.04 Y714.85 E49.70059
G1 X285.15 Y447.96 E1629.46316
G1 X285.15 Y436.447 E49.70059
;WIPE_START
G1 F600
G1 X285.15 Y443.447 E-10
;WIPE_END
G1 Z320 F15000
G1 X400.743 Y714.85 Z320
G1 Z319
G1 E17 F9000
G1 F2779.614
G1 X389.231 Y714.85 E49.70059
G1 X285.15 Y610.769 E635.45139
G1 X285.15 Y599.257 E49.70059
; stop printing object Cube id:0 copy 0
;LAYER_CHANGE
;Z:320.5
;HEIGHT:1.5
;BEFORE_LAYER_CHANGE
;320.5
G92 E0

EXCLUDE_OBJECT_END NAME=Cube_id_0_copy_0
;AFTER_LAYER_CHANGE
;320.5
;_SET_FAN_SPEED_CHANGING_LAYER
; printing object Cube id:0 copy 0
;WIPE_START
G1 F600
G1 X285.15 Y606.257 E-10
;WIPE_END
EXCLUDE_OBJECT_START NAME=Cube_id_0_copy_0
G1 Z321.5 F15000
G1 X282.703 Y717.297 Z321.5
G1 Z320.5
G1 E17 F9000
;TYPE:Outer wall
;WIDTH:3.2
G1 F2779.615
G1 X282.703 Y282.703 E1876.19945
G1 X717.297 Y282.703 E1876.19945
G1 X717.297 Y717.297 E1876.19945
G1 X283.003 Y717.297 E1874.90431
M73 P74 R192
;WIPE_START
G1 F600
G1 X282.999 Y710.297 E-10
;WIPE_END
G1 Z321.5 F15000
G1 X285.15 Y599.257 Z321.5
G1 Z320.5
G1 E17 F9000
;TYPE:Sparse infill
;WIDTH:3.2
G1 F2779.614
G1 X285.15 Y610.769 E49.70059
G1 X389.231 Y714.85 E635.45139
G1 X400.743 Y714.85 E49.70059
;WIPE_START
G1 F600
G1 X393.743 Y714.85 E-10
;WIPE_END
G1 Z321.5 F15000
G1 X285.15 Y436.447 Z321.5
G1 Z320.5
G1 E17 F9000
G1 F2779.614
G1 X285.15 Y447.96 E49.70059
G1 X552.04 Y714.85 E1629.46316
G1 X563.553 Y714.85 E49.70059
;WIPE_START
G1 F600
G1 X556.553 Y714.85 E-10
;WIPE_END
G1 Z321.5 F15000
G1 X714.85 Y599.257 Z321.5
G1 Z320.5
G1 E17 F9000
G1 F2779.614
G1 X714.85 Y610.769 E49.70059
G1 X610.769 Y714.85 E635.45139
G1 X599.257 Y714.85 E49.70059
;WIPE_START
G1 F600
G1 X606.257 Y714.85 E-10
;WIPE_END
G1 Z321.5 F15000
G1 X714.85 Y436.447 Z321.5
G1 Z320.5
G1 E17 F9000
G1 F2779.614
G1 X714.85 Y447.96 E49.70059
G1 X447.959 Y714.85 E1629.46317
G1 X436.447 Y714.85 E49.70059
;WIPE_START
G1 F600
G1 X443.447 Y714.85 E-10
;WIPE_END
G1 Z321.5 F15000
M73 P75 R192
G1 X436.447 Y285.15 Z321.5
G1 Z320.5
G1 E17 F9000
G1 F2779.614
G1 X447.96 Y285.15 E49.70059
G1 X714.85 Y552.04 E1629.46316
G1 X714.85 Y563.553 E49.70059
M73 P75 R191
;WIPE_START
G1 F600
G1 X714.85 Y556.553 E-10
;WIPE_END
G1 Z321.5 F15000
G1 X703.338 Y285.15 Z321.5
G1 Z320.5
G1 E17 F9000
G1 F2779.614
G1 X714.85 Y285.15 E49.70028
G1 X285.15 Y714.85 E2623.47449
G1 X296.662 Y714.85 E49.70028
;WIPE_START
G1 F600
G1 X289.662 Y714.85 E-10
;WIPE_END
G1 Z321.5 F15000
G1 X296.662 Y285.15 Z321.5
G1 Z320.5
G1 E17 F9000
G1 F2779.614
G1 X285.15 Y285.15 E49.70059
G1 X714.85 Y714.85 E2623.47492
G1 X703.338 Y714.85 E49.70059
;WIPE_START
G1 F600
G1 X710.338 Y714.85 E-10
;WIPE_END
G1 Z321.5 F15000
G1 X599.257 Y285.15 Z321.5
G1 Z320.5
G1 E17 F9000
G1 F2779.614
G1 X610.769 Y285.15 E49.70059
G1 X714.85 Y389.231 E635.45139
G1 X714.85 Y400.743 E49.70059
;WIPE_START
G1 F600
G1 X714.85 Y393.743 E-10
;WIPE_END
G1 Z321.5 F15000
G1 X563.553 Y285.15 Z321.5
G1 Z320.5
G1 E17 F9000
G1 F2779.614
G1 X552.041 Y285.15 E49.70059
G1 X285.15 Y552.04 E1629.46316
G1 X285.15 Y563.553 E49.70059
;WIPE_START
G1 F600
G1 X285.15 Y556.553 E-10
;WIPE_END
G1 Z321.5 F15000
G1 X400.743 Y285.15 Z321.5
G1 Z320.5
G1 E17 F9000
G1 F2779.614
G1 X389.231 Y285.15 E49.70059
G1 X285.15 Y389.231 E635.45138
G1 X285.15 Y400.743 E49.70059
M73 P75 R190
; stop printing object Cube id:0 copy 0
;LAYER_CHANGE
;Z:322
;HEIGHT:1.5
;BEFORE_LAYER_CHANGE
;322
G92 E0

EXCLUDE_OBJECT_END NAME=Cube_id_0_copy_0
;AFTER_LAYER_CHANGE
;322
;_SET_FAN_SPEED_CHANGING_LAYER
; printing object Cube id:0 copy 0
;WIPE_START
G1 F600
G1 X285.15 Y393.743 E-10
;WIPE_END
EXCLUDE_OBJECT_START NAME=Cube_id_0_copy_0
G1 Z323 F15000
G1 X282.703 Y282.703 Z323
G1 Z322
G1 E17 F9000
;TYPE:Outer wall
;WIDTH:3.2
G1 F2779.615
G1 X717.297 Y282.703 E1876.19945
G1 X717.297 Y717.297 E1876.19945
G1 X282.703 Y717.297 E1876.19945
G1 X282.703 Y283.003 E1874.90431
;WIPE_START
G1 F600
G1 X289.703 Y282.999 E-10
;WIPE_END
G1 Z323 F15000
G1 X285.15 Y400.743 Z323
G1 Z322
G1 E17 F9000
;TYPE:Sparse infill
;WIDTH:3.2
G1 F2779.614
G1 X285.15 Y389.231 E49.70059
G1 X389.231 Y285.15 E635.45138
G1 X400.743 Y285.15 E49.70059
;WIPE_START
G1 F600
G1 X393.743 Y285.15 E-10
;WIPE_END
G1 Z323 F15000
G1 X285.15 Y563.553 Z323
G1 Z322
G1 E17 F9000
G1 F2779.614
G1 X285.15 Y552.04 E49.70059
G1 X552.041 Y285.15 E1629.46316
G1 X563.553 Y285.15 E49.70059
M73 P75 R189
;WIPE_START
G1 F600
G1 X556.553 Y285.15 E-10
;WIPE_END
G1 Z323 F15000
G1 X714.85 Y400.743 Z323
G1 Z322
G1 E17 F9000
G1 F2779.614
G1 X714.85 Y389.231 E49.70059
G1 X610.769 Y285.15 E635.45139
G1 X599.257 Y285.15 E49.70059
;WIPE_START
G1 F600
G1 X606.257 Y285.15 E-10
;WIPE_END
G1 Z323 F15000
G1 X714.85 Y563.553 Z323
G1 Z322
G1 E17 F9000
G1 F2779.614
G1 X714.85 Y552.04 E49.70059
G1 X447.96 Y285.15 E1629.46316
G1 X436.447 Y285.15 E49.70059
;WIPE_START
G1 F600
G1 X443.447 Y285.15 E-10
;WIPE_END
G1 Z323 F15000
G1 X436.447 Y714.85 Z323
G1 Z322
G1 E17 F9000
G1 F2779.614
G1 X447.959 Y714.85 E49.70059
G1 X714.85 Y447.96 E1629.46317
G1 X714.85 Y436.447 E49.70059
;WIPE_START
G1 F600
G1 X714.85 Y443.447 E-10
;WIPE_END
G1 Z323 F15000
G1 X703.338 Y714.85 Z323
G1 Z322
G1 E17 F9000
G1 F2779.614
G1 X714.85 Y714.85 E49.70059
G1 X285.15 Y285.15 E2623.47492
G1 X296.662 Y285.15 E49.70059
;WIPE_START
G1 F600
G1 X289.662 Y285.15 E-10
;WIPE_END
G1 Z323 F15000
G1 X296.662 Y714.85 Z323
G1 Z322
G1 E17 F9000
G1 F2779.614
G1 X285.15 Y714.85 E49.70028
G1 X714.85 Y285.15 E2623.47449
G1 X703.338 Y285.15 E49.70028
M73 P75 R188
;WIPE_START
G1 F600
G1 X710.338 Y285.15 E-10
;WIPE_END
G1 Z323 F15000
G1 X599.257 Y714.85 Z323
G1 Z322
G1 E17 F9000
G1 F2779.614
G1 X610.769 Y714.85 E49.70059
G1 X714.85 Y610.769 E635.45139
G1 X714.85 Y599.257 E49.70059
;WIPE_START
G1 F600
G1 X714.85 Y606.257 E-10
;WIPE_END
G1 Z323 F15000
G1 X563.553 Y714.85 Z323
G1 Z322
G1 E17 F9000
G1 F2779.614
G1 X552.04 Y714.85 E49.70059
G1 X285.15 Y447.96 E1629.46316
G1 X285.15 Y436.447 E49.70059
;WIPE_START
G1 F600
G1 X285.15 Y443.447 E-10
;WIPE_END
G1 Z323 F15000
G1 X400.743 Y714.85 Z323
G1 Z322
G1 E17 F9000
G1 F2779.614
G1 X389.231 Y714.85 E49.70059
G1 X285.15 Y610.769 E635.45139
G1 X285.15 Y599.257 E49.70059
; stop printing object Cube id:0 copy 0
;LAYER_CHANGE
;Z:323.5
;HEIGHT:1.5
;BEFORE_LAYER_CHANGE
;323.5
G92 E0

EXCLUDE_OBJECT_END NAME=Cube_id_0_copy_0
;AFTER_LAYER_CHANGE
;323.5
;_SET_FAN_SPEED_CHANGING_LAYER
; printing object Cube id:0 copy 0
;WIPE_START
G1 F600
G1 X285.15 Y606.257 E-10
;WIPE_END
EXCLUDE_OBJECT_START NAME=Cube_id_0_copy_0
G1 Z324.5 F15000
G1 X282.703 Y717.297 Z324.5
G1 Z323.5
G1 E17 F9000
;TYPE:Outer wall
;WIDTH:3.2
G1 F2779.615
G1 X282.703 Y282.703 E1876.19945
G1 X717.297 Y282.703 E1876.19945
G1 X717.297 Y717.297 E1876.19945
G1 X283.003 Y717.297 E1874.90431
M73 P75 R187
;WIPE_START
G1 F600
G1 X282.999 Y710.297 E-10
;WIPE_END
G1 Z324.5 F15000
G1 X285.15 Y599.257 Z324.5
G1 Z323.5
G1 E17 F9000
;TYPE:Sparse infill
;WIDTH:3.2
G1 F2779.614
G1 X285.15 Y610.769 E49.70059
G1 X389.231 Y714.85 E635.45139
G1 X400.743 Y714.85 E49.70059
;WIPE_START
G1 F600
G1 X393.743 Y714.85 E-10
;WIPE_END
G1 Z324.5 F15000
G1 X285.15 Y436.447 Z324.5
G1 Z323.5
G1 E17 F9000
G1 F2779.614
G1 X285.15 Y447.96 E49.70059
G1 X552.04 Y714.85 E1629.46316
G1 X563.553 Y714.85 E49.70059
;WIPE_START
G1 F600
G1 X556.553 Y714.85 E-10
;WIPE_END
G1 Z324.5 F15000
G1 X714.85 Y599.257 Z324.5
G1 Z323.5
G1 E17 F9000
G1 F2779.614
G1 X714.85 Y610.769 E49.70059
G1 X610.769 Y714.85 E635.45139
G1 X599.257 Y714.85 E49.70059
;WIPE_START
G1 F600
G1 X606.257 Y714.85 E-10
;WIPE_END
G1 Z324.5 F15000
G1 X714.85 Y436.447 Z324.5
G1 Z323.5
G1 E17 F9000
G1 F2779.614
G1 X714.85 Y447.96 E49.70059
G1 X447.959 Y714.85 E1629.46317
G1 X436.447 Y714.85 E49.70059
;WIPE_START
G1 F600
G1 X443.447 Y714.85 E-10
;WIPE_END
G1 Z324.5 F15000
G1 X436.447 Y285.15 Z324.5
G1 Z323.5
G1 E17 F9000
G1 F2779.614
G1 X447.96 Y285.15 E49.70059
G1 X714.85 Y552.04 E1629.46316
G1 X714.85 Y563.553 E49.70059
;WIPE_START
G1 F600
G1 X714.85 Y556.553 E-10
;WIPE_END
G1 Z324.5 F15000
G1 X703.338 Y285.15 Z324.5
G1 Z323.5
G1 E17 F9000
G1 F2779.614
M73 P75 R186
G1 X714.85 Y285.15 E49.70028
G1 X285.15 Y714.85 E2623.47449
G1 X296.662 Y714.85 E49.70028
;WIPE_START
G1 F600
G1 X289.662 Y714.85 E-10
;WIPE_END
G1 Z324.5 F15000
G1 X296.662 Y285.15 Z324.5
G1 Z323.5
G1 E17 F9000
G1 F2779.614
G1 X285.15 Y285.15 E49.70059
G1 X714.85 Y714.85 E2623.47492
G1 X703.338 Y714.85 E49.70059
;WIPE_START
G1 F600
G1 X710.338 Y714.85 E-10
;WIPE_END
G1 Z324.5 F15000
G1 X599.257 Y285.15 Z324.5
G1 Z323.5
G1 E17 F9000
G1 F2779.614
G1 X610.769 Y285.15 E49.70059
G1 X714.85 Y389.231 E635.45139
G1 X714.85 Y400.743 E49.70059
;WIPE_START
G1 F600
G1 X714.85 Y393.743 E-10
;WIPE_END
G1 Z324.5 F15000
G1 X563.553 Y285.15 Z324.5
G1 Z323.5
G1 E17 F9000
G1 F2779.614
G1 X552.041 Y285.15 E49.70059
G1 X285.15 Y552.04 E1629.46316
G1 X285.15 Y563.553 E49.70059
;WIPE_START
G1 F600
G1 X285.15 Y556.553 E-10
;WIPE_END
G1 Z324.5 F15000
G1 X400.743 Y285.15 Z324.5
G1 Z323.5
G1 E17 F9000
G1 F2779.614
G1 X389.231 Y285.15 E49.70059
G1 X285.15 Y389.231 E635.45138
G1 X285.15 Y400.743 E49.70059
; stop printing object Cube id:0 copy 0
;LAYER_CHANGE
;Z:325
;HEIGHT:1.5
;BEFORE_LAYER_CHANGE
;325
G92 E0

EXCLUDE_OBJECT_END NAME=Cube_id_0_copy_0
;AFTER_LAYER_CHANGE
;325
;_SET_FAN_SPEED_CHANGING_LAYER
; printing object Cube id:0 copy 0
;WIPE_START
G1 F600
G1 X285.15 Y393.743 E-10
;WIPE_END
EXCLUDE_OBJECT_START NAME=Cube_id_0_copy_0
G1 Z326 F15000
G1 X282.703 Y282.703 Z326
G1 Z325
G1 E17 F9000
;TYPE:Outer wall
;WIDTH:3.2
G1 F2779.615
G1 X717.297 Y282.703 E1876.19945
G1 X717.297 Y717.297 E1876.19945
M73 P75 R185
G1 X282.703 Y717.297 E1876.19945
G1 X282.703 Y283.003 E1874.90431
;WIPE_START
G1 F600
G1 X289.703 Y282.999 E-10
;WIPE_END
G1 Z326 F15000
G1 X285.15 Y400.743 Z326
G1 Z325
G1 E17 F9000
;TYPE:Sparse infill
;WIDTH:3.2
G1 F2779.614
G1 X285.15 Y389.231 E49.70059
G1 X389.231 Y285.15 E635.45138
G1 X400.743 Y285.15 E49.70059
;WIPE_START
G1 F600
G1 X393.743 Y285.15 E-10
;WIPE_END
G1 Z326 F15000
G1 X285.15 Y563.553 Z326
G1 Z325
G1 E17 F9000
G1 F2779.614
G1 X285.15 Y552.04 E49.70059
G1 X552.041 Y285.15 E1629.46316
G1 X563.553 Y285.15 E49.70059
;WIPE_START
G1 F600
G1 X556.553 Y285.15 E-10
;WIPE_END
G1 Z326 F15000
G1 X714.85 Y400.743 Z326
G1 Z325
G1 E17 F9000
G1 F2779.614
G1 X714.85 Y389.231 E49.70059
G1 X610.769 Y285.15 E635.45139
G1 X599.257 Y285.15 E49.70059
M73 P75 R184
;WIPE_START
G1 F600
G1 X606.257 Y285.15 E-10
;WIPE_END
G1 Z326 F15000
G1 X714.85 Y563.553 Z326
G1 Z325
G1 E17 F9000
G1 F2779.614
G1 X714.85 Y552.04 E49.70059
G1 X447.96 Y285.15 E1629.46316
G1 X436.447 Y285.15 E49.70059
;WIPE_START
G1 F600
G1 X443.447 Y285.15 E-10
;WIPE_END
G1 Z326 F15000
G1 X436.447 Y714.85 Z326
G1 Z325
G1 E17 F9000
G1 F2779.614
G1 X447.959 Y714.85 E49.70059
G1 X714.85 Y447.96 E1629.46317
G1 X714.85 Y436.447 E49.70059
;WIPE_START
G1 F600
G1 X714.85 Y443.447 E-10
;WIPE_END
G1 Z326 F15000
G1 X703.338 Y714.85 Z326
G1 Z325
G1 E17 F9000
G1 F2779.614
G1 X714.85 Y714.85 E49.70059
G1 X285.15 Y285.15 E2623.47492
G1 X296.662 Y285.15 E49.70059
M73 P76 R184
;WIPE_START
G1 F600
G1 X289.662 Y285.15 E-10
;WIPE_END
G1 Z326 F15000
G1 X296.662 Y714.85 Z326
G1 Z325
G1 E17 F9000
G1 F2779.614
G1 X285.15 Y714.85 E49.70028
G1 X714.85 Y285.15 E2623.47449
G1 X703.338 Y285.15 E49.70028
;WIPE_START
G1 F600
G1 X710.338 Y285.15 E-10
;WIPE_END
G1 Z326 F15000
G1 X599.257 Y714.85 Z326
G1 Z325
M73 P76 R183
G1 E17 F9000
G1 F2779.614
G1 X610.769 Y714.85 E49.70059
G1 X714.85 Y610.769 E635.45139
G1 X714.85 Y599.257 E49.70059
;WIPE_START
G1 F600
G1 X714.85 Y606.257 E-10
;WIPE_END
G1 Z326 F15000
G1 X563.553 Y714.85 Z326
G1 Z325
G1 E17 F9000
G1 F2779.614
G1 X552.04 Y714.85 E49.70059
G1 X285.15 Y447.96 E1629.46316
G1 X285.15 Y436.447 E49.70059
;WIPE_START
G1 F600
G1 X285.15 Y443.447 E-10
;WIPE_END
G1 Z326 F15000
G1 X400.743 Y714.85 Z326
G1 Z325
G1 E17 F9000
G1 F2779.614
G1 X389.231 Y714.85 E49.70059
G1 X285.15 Y610.769 E635.45139
G1 X285.15 Y599.257 E49.70059
; stop printing object Cube id:0 copy 0
;LAYER_CHANGE
;Z:326.5
;HEIGHT:1.5
;BEFORE_LAYER_CHANGE
;326.5
G92 E0

EXCLUDE_OBJECT_END NAME=Cube_id_0_copy_0
;AFTER_LAYER_CHANGE
;326.5
;_SET_FAN_SPEED_CHANGING_LAYER
; printing object Cube id:0 copy 0
;WIPE_START
G1 F600
G1 X285.15 Y606.257 E-10
;WIPE_END
EXCLUDE_OBJECT_START NAME=Cube_id_0_copy_0
G1 Z327.5 F15000
G1 X282.703 Y717.297 Z327.5
G1 Z326.5
G1 E17 F9000
;TYPE:Outer wall
;WIDTH:3.2
G1 F2779.615
G1 X282.703 Y282.703 E1876.19945
G1 X717.297 Y282.703 E1876.19945
G1 X717.297 Y717.297 E1876.19945
G1 X283.003 Y717.297 E1874.90431
;WIPE_START
G1 F600
M73 P76 R182
G1 X282.999 Y710.297 E-10
;WIPE_END
G1 Z327.5 F15000
G1 X285.15 Y599.257 Z327.5
G1 Z326.5
G1 E17 F9000
;TYPE:Sparse infill
;WIDTH:3.2
G1 F2779.614
G1 X285.15 Y610.769 E49.70059
G1 X389.231 Y714.85 E635.45139
G1 X400.743 Y714.85 E49.70059
;WIPE_START
G1 F600
G1 X393.743 Y714.85 E-10
;WIPE_END
G1 Z327.5 F15000
G1 X285.15 Y436.447 Z327.5
G1 Z326.5
G1 E17 F9000
G1 F2779.614
G1 X285.15 Y447.96 E49.70059
G1 X552.04 Y714.85 E1629.46316
G1 X563.553 Y714.85 E49.70059
;WIPE_START
G1 F600
G1 X556.553 Y714.85 E-10
;WIPE_END
G1 Z327.5 F15000
G1 X714.85 Y599.257 Z327.5
G1 Z326.5
G1 E17 F9000
G1 F2779.614
G1 X714.85 Y610.769 E49.70059
G1 X610.769 Y714.85 E635.45139
G1 X599.257 Y714.85 E49.70059
;WIPE_START
G1 F600
G1 X606.257 Y714.85 E-10
;WIPE_END
G1 Z327.5 F15000
G1 X714.85 Y436.447 Z327.5
G1 Z326.5
G1 E17 F9000
G1 F2779.614
G1 X714.85 Y447.96 E49.70059
G1 X447.959 Y714.85 E1629.46317
G1 X436.447 Y714.85 E49.70059
;WIPE_START
G1 F600
G1 X443.447 Y714.85 E-10
;WIPE_END
G1 Z327.5 F15000
G1 X436.447 Y285.15 Z327.5
G1 Z326.5
G1 E17 F9000
G1 F2779.614
G1 X447.96 Y285.15 E49.70059
G1 X714.85 Y552.04 E1629.46316
G1 X714.85 Y563.553 E49.70059
;WIPE_START
G1 F600
G1 X714.85 Y556.553 E-10
;WIPE_END
G1 Z327.5 F15000
G1 X703.338 Y285.15 Z327.5
G1 Z326.5
G1 E17 F9000
G1 F2779.614
G1 X714.85 Y285.15 E49.70028
G1 X285.15 Y714.85 E2623.47449
G1 X296.662 Y714.85 E49.70028
M73 P76 R181
;WIPE_START
G1 F600
G1 X289.662 Y714.85 E-10
;WIPE_END
G1 Z327.5 F15000
G1 X296.662 Y285.15 Z327.5
G1 Z326.5
G1 E17 F9000
G1 F2779.614
G1 X285.15 Y285.15 E49.70059
G1 X714.85 Y714.85 E2623.47492
G1 X703.338 Y714.85 E49.70059
;WIPE_START
G1 F600
G1 X710.338 Y714.85 E-10
;WIPE_END
G1 Z327.5 F15000
G1 X599.257 Y285.15 Z327.5
G1 Z326.5
G1 E17 F9000
G1 F2779.614
G1 X610.769 Y285.15 E49.70059
G1 X714.85 Y389.231 E635.45139
G1 X714.85 Y400.743 E49.70059
;WIPE_START
G1 F600
G1 X714.85 Y393.743 E-10
;WIPE_END
G1 Z327.5 F15000
G1 X563.553 Y285.15 Z327.5
G1 Z326.5
G1 E17 F9000
G1 F2779.614
G1 X552.041 Y285.15 E49.70059
G1 X285.15 Y552.04 E1629.46316
G1 X285.15 Y563.553 E49.70059
;WIPE_START
G1 F600
G1 X285.15 Y556.553 E-10
;WIPE_END
G1 Z327.5 F15000
G1 X400.743 Y285.15 Z327.5
G1 Z326.5
G1 E17 F9000
G1 F2779.614
G1 X389.231 Y285.15 E49.70059
G1 X285.15 Y389.231 E635.45138
G1 X285.15 Y400.743 E49.70059
; stop printing object Cube id:0 copy 0
;LAYER_CHANGE
;Z:328
;HEIGHT:1.5
;BEFORE_LAYER_CHANGE
;328
G92 E0

EXCLUDE_OBJECT_END NAME=Cube_id_0_copy_0
;AFTER_LAYER_CHANGE
;328
;_SET_FAN_SPEED_CHANGING_LAYER
; printing object Cube id:0 copy 0
;WIPE_START
G1 F600
G1 X285.15 Y393.743 E-10
;WIPE_END
EXCLUDE_OBJECT_START NAME=Cube_id_0_copy_0
G1 Z329 F15000
G1 X282.703 Y282.703 Z329
G1 Z328
G1 E17 F9000
;TYPE:Outer wall
;WIDTH:3.2
G1 F2779.615
G1 X717.297 Y282.703 E1876.19945
G1 X717.297 Y717.297 E1876.19945
M73 P76 R180
G1 X282.703 Y717.297 E1876.19945
G1 X282.703 Y283.003 E1874.90431
;WIPE_START
G1 F600
G1 X289.703 Y282.999 E-10
;WIPE_END
G1 Z329 F15000
G1 X285.15 Y400.743 Z329
G1 Z328
G1 E17 F9000
;TYPE:Sparse infill
;WIDTH:3.2
G1 F2779.614
G1 X285.15 Y389.231 E49.70059
G1 X389.231 Y285.15 E635.45138
G1 X400.743 Y285.15 E49.70059
;WIPE_START
G1 F600
G1 X393.743 Y285.15 E-10
;WIPE_END
G1 Z329 F15000
G1 X285.15 Y563.553 Z329
G1 Z328
G1 E17 F9000
G1 F2779.614
G1 X285.15 Y552.04 E49.70059
G1 X552.041 Y285.15 E1629.46316
G1 X563.553 Y285.15 E49.70059
;WIPE_START
G1 F600
G1 X556.553 Y285.15 E-10
;WIPE_END
G1 Z329 F15000
G1 X714.85 Y400.743 Z329
G1 Z328
G1 E17 F9000
G1 F2779.614
G1 X714.85 Y389.231 E49.70059
G1 X610.769 Y285.15 E635.45139
G1 X599.257 Y285.15 E49.70059
;WIPE_START
G1 F600
G1 X606.257 Y285.15 E-10
;WIPE_END
G1 Z329 F15000
G1 X714.85 Y563.553 Z329
G1 Z328
G1 E17 F9000
G1 F2779.614
G1 X714.85 Y552.04 E49.70059
G1 X447.96 Y285.15 E1629.46316
G1 X436.447 Y285.15 E49.70059
M73 P76 R179
;WIPE_START
G1 F600
G1 X443.447 Y285.15 E-10
;WIPE_END
G1 Z329 F15000
G1 X436.447 Y714.85 Z329
G1 Z328
G1 E17 F9000
G1 F2779.614
G1 X447.959 Y714.85 E49.70059
G1 X714.85 Y447.96 E1629.46317
G1 X714.85 Y436.447 E49.70059
;WIPE_START
G1 F600
G1 X714.85 Y443.447 E-10
;WIPE_END
G1 Z329 F15000
G1 X703.338 Y714.85 Z329
G1 Z328
G1 E17 F9000
G1 F2779.614
G1 X714.85 Y714.85 E49.70059
G1 X285.15 Y285.15 E2623.47492
G1 X296.662 Y285.15 E49.70059
;WIPE_START
G1 F600
G1 X289.662 Y285.15 E-10
;WIPE_END
G1 Z329 F15000
G1 X296.662 Y714.85 Z329
G1 Z328
G1 E17 F9000
G1 F2779.614
G1 X285.15 Y714.85 E49.70028
G1 X714.85 Y285.15 E2623.47449
G1 X703.338 Y285.15 E49.70028
;WIPE_START
G1 F600
G1 X710.338 Y285.15 E-10
;WIPE_END
G1 Z329 F15000
G1 X599.257 Y714.85 Z329
G1 Z328
G1 E17 F9000
G1 F2779.614
G1 X610.769 Y714.85 E49.70059
G1 X714.85 Y610.769 E635.45139
G1 X714.85 Y599.257 E49.70059
;WIPE_START
G1 F600
G1 X714.85 Y606.257 E-10
;WIPE_END
G1 Z329 F15000
G1 X563.553 Y714.85 Z329
M73 P76 R178
G1 Z328
G1 E17 F9000
G1 F2779.614
G1 X552.04 Y714.85 E49.70059
G1 X285.15 Y447.96 E1629.46316
G1 X285.15 Y436.447 E49.70059
;WIPE_START
G1 F600
G1 X285.15 Y443.447 E-10
;WIPE_END
G1 Z329 F15000
G1 X400.743 Y714.85 Z329
G1 Z328
G1 E17 F9000
G1 F2779.614
G1 X389.231 Y714.85 E49.70059
G1 X285.15 Y610.769 E635.45139
G1 X285.15 Y599.257 E49.70059
; stop printing object Cube id:0 copy 0
;LAYER_CHANGE
;Z:329.5
;HEIGHT:1.5
;BEFORE_LAYER_CHANGE
;329.5
G92 E0

EXCLUDE_OBJECT_END NAME=Cube_id_0_copy_0
;AFTER_LAYER_CHANGE
;329.5
;_SET_FAN_SPEED_CHANGING_LAYER
; printing object Cube id:0 copy 0
;WIPE_START
G1 F600
G1 X285.15 Y606.257 E-10
;WIPE_END
EXCLUDE_OBJECT_START NAME=Cube_id_0_copy_0
G1 Z330.5 F15000
G1 X282.703 Y717.297 Z330.5
G1 Z329.5
G1 E17 F9000
;TYPE:Outer wall
;WIDTH:3.2
G1 F2779.615
G1 X282.703 Y282.703 E1876.19945
G1 X717.297 Y282.703 E1876.19945
G1 X717.297 Y717.297 E1876.19945
G1 X283.003 Y717.297 E1874.90431
;WIPE_START
G1 F600
G1 X282.999 Y710.297 E-10
;WIPE_END
G1 Z330.5 F15000
G1 X285.15 Y599.257 Z330.5
G1 Z329.5
G1 E17 F9000
;TYPE:Sparse infill
;WIDTH:3.2
G1 F2779.614
G1 X285.15 Y610.769 E49.70059
G1 X389.231 Y714.85 E635.45139
G1 X400.743 Y714.85 E49.70059
M73 P76 R177
;WIPE_START
G1 F600
G1 X393.743 Y714.85 E-10
;WIPE_END
G1 Z330.5 F15000
G1 X285.15 Y436.447 Z330.5
G1 Z329.5
G1 E17 F9000
G1 F2779.614
G1 X285.15 Y447.96 E49.70059
G1 X552.04 Y714.85 E1629.46316
G1 X563.553 Y714.85 E49.70059
;WIPE_START
G1 F600
G1 X556.553 Y714.85 E-10
;WIPE_END
G1 Z330.5 F15000
G1 X714.85 Y599.257 Z330.5
G1 Z329.5
G1 E17 F9000
G1 F2779.614
G1 X714.85 Y610.769 E49.70059
G1 X610.769 Y714.85 E635.45139
G1 X599.257 Y714.85 E49.70059
;WIPE_START
G1 F600
G1 X606.257 Y714.85 E-10
;WIPE_END
G1 Z330.5 F15000
G1 X714.85 Y436.447 Z330.5
G1 Z329.5
G1 E17 F9000
G1 F2779.614
G1 X714.85 Y447.96 E49.70059
G1 X447.959 Y714.85 E1629.46317
G1 X436.447 Y714.85 E49.70059
;WIPE_START
G1 F600
G1 X443.447 Y714.85 E-10
;WIPE_END
G1 Z330.5 F15000
G1 X436.447 Y285.15 Z330.5
G1 Z329.5
G1 E17 F9000
G1 F2779.614
G1 X447.96 Y285.15 E49.70059
G1 X714.85 Y552.04 E1629.46316
G1 X714.85 Y563.553 E49.70059
;WIPE_START
G1 F600
G1 X714.85 Y556.553 E-10
;WIPE_END
G1 Z330.5 F15000
G1 X703.338 Y285.15 Z330.5
G1 Z329.5
G1 E17 F9000
G1 F2779.614
G1 X714.85 Y285.15 E49.70028
G1 X285.15 Y714.85 E2623.47449
G1 X296.662 Y714.85 E49.70028
M73 P76 R176
;WIPE_START
G1 F600
G1 X289.662 Y714.85 E-10
;WIPE_END
G1 Z330.5 F15000
G1 X296.662 Y285.15 Z330.5
G1 Z329.5
G1 E17 F9000
G1 F2779.614
G1 X285.15 Y285.15 E49.70059
G1 X714.85 Y714.85 E2623.47492
G1 X703.338 Y714.85 E49.70059
M73 P77 R176
;WIPE_START
G1 F600
G1 X710.338 Y714.85 E-10
;WIPE_END
G1 Z330.5 F15000
G1 X599.257 Y285.15 Z330.5
G1 Z329.5
G1 E17 F9000
G1 F2779.614
G1 X610.769 Y285.15 E49.70059
G1 X714.85 Y389.231 E635.45139
G1 X714.85 Y400.743 E49.70059
;WIPE_START
G1 F600
G1 X714.85 Y393.743 E-10
;WIPE_END
G1 Z330.5 F15000
G1 X563.553 Y285.15 Z330.5
G1 Z329.5
G1 E17 F9000
G1 F2779.614
G1 X552.041 Y285.15 E49.70059
G1 X285.15 Y552.04 E1629.46316
G1 X285.15 Y563.553 E49.70059
;WIPE_START
G1 F600
G1 X285.15 Y556.553 E-10
;WIPE_END
G1 Z330.5 F15000
G1 X400.743 Y285.15 Z330.5
G1 Z329.5
G1 E17 F9000
G1 F2779.614
G1 X389.231 Y285.15 E49.70059
G1 X285.15 Y389.231 E635.45138
G1 X285.15 Y400.743 E49.70059
; stop printing object Cube id:0 copy 0
;LAYER_CHANGE
;Z:331
;HEIGHT:1.5
;BEFORE_LAYER_CHANGE
;331
G92 E0

EXCLUDE_OBJECT_END NAME=Cube_id_0_copy_0
;AFTER_LAYER_CHANGE
;331
;_SET_FAN_SPEED_CHANGING_LAYER
; printing object Cube id:0 copy 0
;WIPE_START
G1 F600
G1 X285.15 Y393.743 E-10
;WIPE_END
EXCLUDE_OBJECT_START NAME=Cube_id_0_copy_0
G1 Z332 F15000
G1 X282.703 Y282.703 Z332
G1 Z331
G1 E17 F9000
;TYPE:Outer wall
;WIDTH:3.2
G1 F2779.615
G1 X717.297 Y282.703 E1876.19945
G1 X717.297 Y717.297 E1876.19945
G1 X282.703 Y717.297 E1876.19945
M73 P77 R175
G1 X282.703 Y283.003 E1874.90431
;WIPE_START
G1 F600
G1 X289.703 Y282.999 E-10
;WIPE_END
G1 Z332 F15000
G1 X285.15 Y400.743 Z332
G1 Z331
G1 E17 F9000
;TYPE:Sparse infill
;WIDTH:3.2
G1 F2779.614
G1 X285.15 Y389.231 E49.70059
G1 X389.231 Y285.15 E635.45138
G1 X400.743 Y285.15 E49.70059
;WIPE_START
G1 F600
G1 X393.743 Y285.15 E-10
;WIPE_END
G1 Z332 F15000
G1 X285.15 Y563.553 Z332
G1 Z331
G1 E17 F9000
G1 F2779.614
G1 X285.15 Y552.04 E49.70059
G1 X552.041 Y285.15 E1629.46316
G1 X563.553 Y285.15 E49.70059
;WIPE_START
G1 F600
G1 X556.553 Y285.15 E-10
;WIPE_END
G1 Z332 F15000
G1 X714.85 Y400.743 Z332
G1 Z331
G1 E17 F9000
G1 F2779.614
G1 X714.85 Y389.231 E49.70059
G1 X610.769 Y285.15 E635.45139
G1 X599.257 Y285.15 E49.70059
;WIPE_START
G1 F600
G1 X606.257 Y285.15 E-10
;WIPE_END
G1 Z332 F15000
G1 X714.85 Y563.553 Z332
G1 Z331
G1 E17 F9000
G1 F2779.614
G1 X714.85 Y552.04 E49.70059
G1 X447.96 Y285.15 E1629.46316
G1 X436.447 Y285.15 E49.70059
;WIPE_START
G1 F600
G1 X443.447 Y285.15 E-10
;WIPE_END
G1 Z332 F15000
M73 P77 R174
G1 X436.447 Y714.85 Z332
G1 Z331
G1 E17 F9000
G1 F2779.614
G1 X447.959 Y714.85 E49.70059
G1 X714.85 Y447.96 E1629.46317
G1 X714.85 Y436.447 E49.70059
;WIPE_START
G1 F600
G1 X714.85 Y443.447 E-10
;WIPE_END
G1 Z332 F15000
G1 X703.338 Y714.85 Z332
G1 Z331
G1 E17 F9000
G1 F2779.614
G1 X714.85 Y714.85 E49.70059
G1 X285.15 Y285.15 E2623.47492
G1 X296.662 Y285.15 E49.70059
;WIPE_START
G1 F600
G1 X289.662 Y285.15 E-10
;WIPE_END
G1 Z332 F15000
G1 X296.662 Y714.85 Z332
G1 Z331
G1 E17 F9000
G1 F2779.614
G1 X285.15 Y714.85 E49.70028
G1 X714.85 Y285.15 E2623.47449
G1 X703.338 Y285.15 E49.70028
;WIPE_START
G1 F600
G1 X710.338 Y285.15 E-10
;WIPE_END
G1 Z332 F15000
G1 X599.257 Y714.85 Z332
G1 Z331
G1 E17 F9000
G1 F2779.614
G1 X610.769 Y714.85 E49.70059
G1 X714.85 Y610.769 E635.45139
G1 X714.85 Y599.257 E49.70059
;WIPE_START
G1 F600
G1 X714.85 Y606.257 E-10
;WIPE_END
G1 Z332 F15000
G1 X563.553 Y714.85 Z332
G1 Z331
G1 E17 F9000
G1 F2779.614
G1 X552.04 Y714.85 E49.70059
G1 X285.15 Y447.96 E1629.46316
G1 X285.15 Y436.447 E49.70059
M73 P77 R173
;WIPE_START
G1 F600
G1 X285.15 Y443.447 E-10
;WIPE_END
G1 Z332 F15000
G1 X400.743 Y714.85 Z332
G1 Z331
G1 E17 F9000
G1 F2779.614
G1 X389.231 Y714.85 E49.70059
G1 X285.15 Y610.769 E635.45139
G1 X285.15 Y599.257 E49.70059
; stop printing object Cube id:0 copy 0
;LAYER_CHANGE
;Z:332.5
;HEIGHT:1.5
;BEFORE_LAYER_CHANGE
;332.5
G92 E0

EXCLUDE_OBJECT_END NAME=Cube_id_0_copy_0
;AFTER_LAYER_CHANGE
;332.5
;_SET_FAN_SPEED_CHANGING_LAYER
; printing object Cube id:0 copy 0
;WIPE_START
G1 F600
G1 X285.15 Y606.257 E-10
;WIPE_END
EXCLUDE_OBJECT_START NAME=Cube_id_0_copy_0
G1 Z333.5 F15000
G1 X282.703 Y717.297 Z333.5
G1 Z332.5
G1 E17 F9000
;TYPE:Outer wall
;WIDTH:3.2
G1 F2779.615
G1 X282.703 Y282.703 E1876.19945
G1 X717.297 Y282.703 E1876.19945
G1 X717.297 Y717.297 E1876.19945
G1 X283.003 Y717.297 E1874.90431
;WIPE_START
G1 F600
G1 X282.999 Y710.297 E-10
;WIPE_END
G1 Z333.5 F15000
G1 X285.15 Y599.257 Z333.5
G1 Z332.5
G1 E17 F9000
;TYPE:Sparse infill
;WIDTH:3.2
G1 F2779.614
G1 X285.15 Y610.769 E49.70059
G1 X389.231 Y714.85 E635.45139
G1 X400.743 Y714.85 E49.70059
;WIPE_START
G1 F600
G1 X393.743 Y714.85 E-10
;WIPE_END
G1 Z333.5 F15000
G1 X285.15 Y436.447 Z333.5
G1 Z332.5
G1 E17 F9000
G1 F2779.614
G1 X285.15 Y447.96 E49.70059
G1 X552.04 Y714.85 E1629.46316
M73 P77 R172
G1 X563.553 Y714.85 E49.70059
;WIPE_START
G1 F600
G1 X556.553 Y714.85 E-10
;WIPE_END
G1 Z333.5 F15000
G1 X714.85 Y599.257 Z333.5
G1 Z332.5
G1 E17 F9000
G1 F2779.614
G1 X714.85 Y610.769 E49.70059
G1 X610.769 Y714.85 E635.45139
G1 X599.257 Y714.85 E49.70059
;WIPE_START
G1 F600
G1 X606.257 Y714.85 E-10
;WIPE_END
G1 Z333.5 F15000
G1 X714.85 Y436.447 Z333.5
G1 Z332.5
G1 E17 F9000
G1 F2779.614
G1 X714.85 Y447.96 E49.70059
G1 X447.959 Y714.85 E1629.46317
G1 X436.447 Y714.85 E49.70059
;WIPE_START
G1 F600
G1 X443.447 Y714.85 E-10
;WIPE_END
G1 Z333.5 F15000
G1 X436.447 Y285.15 Z333.5
G1 Z332.5
G1 E17 F9000
G1 F2779.614
G1 X447.96 Y285.15 E49.70059
G1 X714.85 Y552.04 E1629.46316
G1 X714.85 Y563.553 E49.70059
;WIPE_START
G1 F600
G1 X714.85 Y556.553 E-10
;WIPE_END
G1 Z333.5 F15000
G1 X703.338 Y285.15 Z333.5
G1 Z332.5
G1 E17 F9000
G1 F2779.614
G1 X714.85 Y285.15 E49.70028
G1 X285.15 Y714.85 E2623.47449
G1 X296.662 Y714.85 E49.70028
;WIPE_START
G1 F600
G1 X289.662 Y714.85 E-10
;WIPE_END
G1 Z333.5 F15000
G1 X296.662 Y285.15 Z333.5
G1 Z332.5
G1 E17 F9000
G1 F2779.614
G1 X285.15 Y285.15 E49.70059
G1 X714.85 Y714.85 E2623.47492
G1 X703.338 Y714.85 E49.70059
M73 P77 R171
;WIPE_START
G1 F600
G1 X710.338 Y714.85 E-10
;WIPE_END
G1 Z333.5 F15000
G1 X599.257 Y285.15 Z333.5
G1 Z332.5
G1 E17 F9000
G1 F2779.614
G1 X610.769 Y285.15 E49.70059
G1 X714.85 Y389.231 E635.45139
G1 X714.85 Y400.743 E49.70059
;WIPE_START
G1 F600
G1 X714.85 Y393.743 E-10
;WIPE_END
G1 Z333.5 F15000
G1 X563.553 Y285.15 Z333.5
G1 Z332.5
G1 E17 F9000
G1 F2779.614
G1 X552.041 Y285.15 E49.70059
G1 X285.15 Y552.04 E1629.46316
G1 X285.15 Y563.553 E49.70059
;WIPE_START
G1 F600
G1 X285.15 Y556.553 E-10
;WIPE_END
G1 Z333.5 F15000
G1 X400.743 Y285.15 Z333.5
G1 Z332.5
G1 E17 F9000
G1 F2779.614
G1 X389.231 Y285.15 E49.70059
G1 X285.15 Y389.231 E635.45138
G1 X285.15 Y400.743 E49.70059
; stop printing object Cube id:0 copy 0
;LAYER_CHANGE
;Z:334
;HEIGHT:1.5
;BEFORE_LAYER_CHANGE
;334
G92 E0

EXCLUDE_OBJECT_END NAME=Cube_id_0_copy_0
;AFTER_LAYER_CHANGE
;334
;_SET_FAN_SPEED_CHANGING_LAYER
; printing object Cube id:0 copy 0
;WIPE_START
G1 F600
G1 X285.15 Y393.743 E-10
;WIPE_END
EXCLUDE_OBJECT_START NAME=Cube_id_0_copy_0
G1 Z335 F15000
G1 X282.703 Y282.703 Z335
G1 Z334
G1 E17 F9000
;TYPE:Outer wall
;WIDTH:3.2
G1 F2779.615
G1 X717.297 Y282.703 E1876.19945
G1 X717.297 Y717.297 E1876.19945
G1 X282.703 Y717.297 E1876.19945
G1 X282.703 Y283.003 E1874.90431
M73 P77 R170
;WIPE_START
G1 F600
G1 X289.703 Y282.999 E-10
;WIPE_END
G1 Z335 F15000
G1 X285.15 Y400.743 Z335
G1 Z334
G1 E17 F9000
;TYPE:Sparse infill
;WIDTH:3.2
G1 F2779.614
G1 X285.15 Y389.231 E49.70059
G1 X389.231 Y285.15 E635.45138
G1 X400.743 Y285.15 E49.70059
;WIPE_START
G1 F600
G1 X393.743 Y285.15 E-10
;WIPE_END
G1 Z335 F15000
G1 X285.15 Y563.553 Z335
G1 Z334
G1 E17 F9000
G1 F2779.614
G1 X285.15 Y552.04 E49.70059
G1 X552.041 Y285.15 E1629.46316
G1 X563.553 Y285.15 E49.70059
;WIPE_START
G1 F600
G1 X556.553 Y285.15 E-10
;WIPE_END
G1 Z335 F15000
G1 X714.85 Y400.743 Z335
G1 Z334
G1 E17 F9000
G1 F2779.614
G1 X714.85 Y389.231 E49.70059
G1 X610.769 Y285.15 E635.45139
G1 X599.257 Y285.15 E49.70059
;WIPE_START
G1 F600
G1 X606.257 Y285.15 E-10
;WIPE_END
G1 Z335 F15000
G1 X714.85 Y563.553 Z335
G1 Z334
G1 E17 F9000
G1 F2779.614
G1 X714.85 Y552.04 E49.70059
G1 X447.96 Y285.15 E1629.46316
G1 X436.447 Y285.15 E49.70059
;WIPE_START
G1 F600
G1 X443.447 Y285.15 E-10
;WIPE_END
G1 Z335 F15000
G1 X436.447 Y714.85 Z335
G1 Z334
G1 E17 F9000
G1 F2779.614
G1 X447.959 Y714.85 E49.70059
G1 X714.85 Y447.96 E1629.46317
G1 X714.85 Y436.447 E49.70059
M73 P77 R169
;WIPE_START
G1 F600
G1 X714.85 Y443.447 E-10
;WIPE_END
G1 Z335 F15000
G1 X703.338 Y714.85 Z335
G1 Z334
G1 E17 F9000
G1 F2779.614
G1 X714.85 Y714.85 E49.70059
G1 X285.15 Y285.15 E2623.47492
G1 X296.662 Y285.15 E49.70059
;WIPE_START
G1 F600
G1 X289.662 Y285.15 E-10
;WIPE_END
G1 Z335 F15000
G1 X296.662 Y714.85 Z335
G1 Z334
G1 E17 F9000
G1 F2779.614
G1 X285.15 Y714.85 E49.70028
G1 X714.85 Y285.15 E2623.47449
G1 X703.338 Y285.15 E49.70028
;WIPE_START
G1 F600
G1 X710.338 Y285.15 E-10
;WIPE_END
G1 Z335 F15000
G1 X599.257 Y714.85 Z335
G1 Z334
G1 E17 F9000
G1 F2779.614
G1 X610.769 Y714.85 E49.70059
G1 X714.85 Y610.769 E635.45139
G1 X714.85 Y599.257 E49.70059
;WIPE_START
G1 F600
G1 X714.85 Y606.257 E-10
;WIPE_END
G1 Z335 F15000
G1 X563.553 Y714.85 Z335
G1 Z334
G1 E17 F9000
G1 F2779.614
G1 X552.04 Y714.85 E49.70059
G1 X285.15 Y447.96 E1629.46316
G1 X285.15 Y436.447 E49.70059
M73 P78 R169
;WIPE_START
G1 F600
G1 X285.15 Y443.447 E-10
;WIPE_END
G1 Z335 F15000
G1 X400.743 Y714.85 Z335
G1 Z334
M73 P78 R168
G1 E17 F9000
G1 F2779.614
G1 X389.231 Y714.85 E49.70059
G1 X285.15 Y610.769 E635.45139
G1 X285.15 Y599.257 E49.70059
; stop printing object Cube id:0 copy 0
;LAYER_CHANGE
;Z:335.5
;HEIGHT:1.5
;BEFORE_LAYER_CHANGE
;335.5
G92 E0

EXCLUDE_OBJECT_END NAME=Cube_id_0_copy_0
;AFTER_LAYER_CHANGE
;335.5
;_SET_FAN_SPEED_CHANGING_LAYER
; printing object Cube id:0 copy 0
;WIPE_START
G1 F600
G1 X285.15 Y606.257 E-10
;WIPE_END
EXCLUDE_OBJECT_START NAME=Cube_id_0_copy_0
G1 Z336.5 F15000
G1 X282.703 Y717.297 Z336.5
G1 Z335.5
G1 E17 F9000
;TYPE:Outer wall
;WIDTH:3.2
G1 F2779.615
G1 X282.703 Y282.703 E1876.19945
G1 X717.297 Y282.703 E1876.19945
G1 X717.297 Y717.297 E1876.19945
G1 X283.003 Y717.297 E1874.90431
;WIPE_START
G1 F600
G1 X282.999 Y710.297 E-10
;WIPE_END
G1 Z336.5 F15000
G1 X285.15 Y599.257 Z336.5
G1 Z335.5
G1 E17 F9000
;TYPE:Sparse infill
;WIDTH:3.2
G1 F2779.614
G1 X285.15 Y610.769 E49.70059
G1 X389.231 Y714.85 E635.45139
G1 X400.743 Y714.85 E49.70059
;WIPE_START
G1 F600
G1 X393.743 Y714.85 E-10
;WIPE_END
G1 Z336.5 F15000
G1 X285.15 Y436.447 Z336.5
G1 Z335.5
G1 E17 F9000
G1 F2779.614
G1 X285.15 Y447.96 E49.70059
G1 X552.04 Y714.85 E1629.46316
G1 X563.553 Y714.85 E49.70059
M73 P78 R167
;WIPE_START
G1 F600
G1 X556.553 Y714.85 E-10
;WIPE_END
G1 Z336.5 F15000
G1 X714.85 Y599.257 Z336.5
G1 Z335.5
G1 E17 F9000
G1 F2779.614
G1 X714.85 Y610.769 E49.70059
G1 X610.769 Y714.85 E635.45139
G1 X599.257 Y714.85 E49.70059
;WIPE_START
G1 F600
G1 X606.257 Y714.85 E-10
;WIPE_END
G1 Z336.5 F15000
G1 X714.85 Y436.447 Z336.5
G1 Z335.5
G1 E17 F9000
G1 F2779.614
G1 X714.85 Y447.96 E49.70059
G1 X447.959 Y714.85 E1629.46317
G1 X436.447 Y714.85 E49.70059
;WIPE_START
G1 F600
G1 X443.447 Y714.85 E-10
;WIPE_END
G1 Z336.5 F15000
G1 X436.447 Y285.15 Z336.5
G1 Z335.5
G1 E17 F9000
G1 F2779.614
G1 X447.96 Y285.15 E49.70059
G1 X714.85 Y552.04 E1629.46316
G1 X714.85 Y563.553 E49.70059
;WIPE_START
G1 F600
G1 X714.85 Y556.553 E-10
;WIPE_END
G1 Z336.5 F15000
G1 X703.338 Y285.15 Z336.5
G1 Z335.5
G1 E17 F9000
G1 F2779.614
G1 X714.85 Y285.15 E49.70028
G1 X285.15 Y714.85 E2623.47449
G1 X296.662 Y714.85 E49.70028
;WIPE_START
G1 F600
G1 X289.662 Y714.85 E-10
;WIPE_END
G1 Z336.5 F15000
G1 X296.662 Y285.15 Z336.5
G1 Z335.5
G1 E17 F9000
G1 F2779.614
G1 X285.15 Y285.15 E49.70059
G1 X714.85 Y714.85 E2623.47492
G1 X703.338 Y714.85 E49.70059
M73 P78 R166
;WIPE_START
G1 F600
G1 X710.338 Y714.85 E-10
;WIPE_END
G1 Z336.5 F15000
G1 X599.257 Y285.15 Z336.5
G1 Z335.5
G1 E17 F9000
G1 F2779.614
G1 X610.769 Y285.15 E49.70059
G1 X714.85 Y389.231 E635.45139
G1 X714.85 Y400.743 E49.70059
;WIPE_START
G1 F600
G1 X714.85 Y393.743 E-10
;WIPE_END
G1 Z336.5 F15000
G1 X563.553 Y285.15 Z336.5
G1 Z335.5
G1 E17 F9000
G1 F2779.614
G1 X552.041 Y285.15 E49.70059
G1 X285.15 Y552.04 E1629.46316
G1 X285.15 Y563.553 E49.70059
;WIPE_START
G1 F600
G1 X285.15 Y556.553 E-10
;WIPE_END
G1 Z336.5 F15000
G1 X400.743 Y285.15 Z336.5
G1 Z335.5
G1 E17 F9000
G1 F2779.614
G1 X389.231 Y285.15 E49.70059
G1 X285.15 Y389.231 E635.45138
G1 X285.15 Y400.743 E49.70059
; stop printing object Cube id:0 copy 0
;LAYER_CHANGE
;Z:337
;HEIGHT:1.5
;BEFORE_LAYER_CHANGE
;337
G92 E0

EXCLUDE_OBJECT_END NAME=Cube_id_0_copy_0
;AFTER_LAYER_CHANGE
;337
;_SET_FAN_SPEED_CHANGING_LAYER
; printing object Cube id:0 copy 0
;WIPE_START
G1 F600
G1 X285.15 Y393.743 E-10
;WIPE_END
EXCLUDE_OBJECT_START NAME=Cube_id_0_copy_0
G1 Z338 F15000
G1 X282.703 Y282.703 Z338
G1 Z337
G1 E17 F9000
;TYPE:Outer wall
;WIDTH:3.2
G1 F2779.615
G1 X717.297 Y282.703 E1876.19945
G1 X717.297 Y717.297 E1876.19945
G1 X282.703 Y717.297 E1876.19945
G1 X282.703 Y283.003 E1874.90431
M73 P78 R165
;WIPE_START
G1 F600
G1 X289.703 Y282.999 E-10
;WIPE_END
G1 Z338 F15000
G1 X285.15 Y400.743 Z338
G1 Z337
G1 E17 F9000
;TYPE:Sparse infill
;WIDTH:3.2
G1 F2779.614
G1 X285.15 Y389.231 E49.70059
G1 X389.231 Y285.15 E635.45138
G1 X400.743 Y285.15 E49.70059
;WIPE_START
G1 F600
G1 X393.743 Y285.15 E-10
;WIPE_END
G1 Z338 F15000
G1 X285.15 Y563.553 Z338
G1 Z337
G1 E17 F9000
G1 F2779.614
G1 X285.15 Y552.04 E49.70059
G1 X552.041 Y285.15 E1629.46316
G1 X563.553 Y285.15 E49.70059
;WIPE_START
G1 F600
G1 X556.553 Y285.15 E-10
;WIPE_END
G1 Z338 F15000
G1 X714.85 Y400.743 Z338
G1 Z337
G1 E17 F9000
G1 F2779.614
G1 X714.85 Y389.231 E49.70059
G1 X610.769 Y285.15 E635.45139
G1 X599.257 Y285.15 E49.70059
;WIPE_START
G1 F600
G1 X606.257 Y285.15 E-10
;WIPE_END
G1 Z338 F15000
G1 X714.85 Y563.553 Z338
G1 Z337
G1 E17 F9000
G1 F2779.614
G1 X714.85 Y552.04 E49.70059
G1 X447.96 Y285.15 E1629.46316
G1 X436.447 Y285.15 E49.70059
;WIPE_START
G1 F600
G1 X443.447 Y285.15 E-10
;WIPE_END
G1 Z338 F15000
G1 X436.447 Y714.85 Z338
G1 Z337
G1 E17 F9000
G1 F2779.614
G1 X447.959 Y714.85 E49.70059
G1 X714.85 Y447.96 E1629.46317
G1 X714.85 Y436.447 E49.70059
;WIPE_START
G1 F600
G1 X714.85 Y443.447 E-10
;WIPE_END
G1 Z338 F15000
M73 P78 R164
G1 X703.338 Y714.85 Z338
G1 Z337
G1 E17 F9000
G1 F2779.614
G1 X714.85 Y714.85 E49.70059
G1 X285.15 Y285.15 E2623.47492
G1 X296.662 Y285.15 E49.70059
;WIPE_START
G1 F600
G1 X289.662 Y285.15 E-10
;WIPE_END
G1 Z338 F15000
G1 X296.662 Y714.85 Z338
G1 Z337
G1 E17 F9000
G1 F2779.614
G1 X285.15 Y714.85 E49.70028
G1 X714.85 Y285.15 E2623.47449
G1 X703.338 Y285.15 E49.70028
;WIPE_START
G1 F600
G1 X710.338 Y285.15 E-10
;WIPE_END
G1 Z338 F15000
G1 X599.257 Y714.85 Z338
G1 Z337
G1 E17 F9000
G1 F2779.614
G1 X610.769 Y714.85 E49.70059
G1 X714.85 Y610.769 E635.45139
G1 X714.85 Y599.257 E49.70059
;WIPE_START
G1 F600
G1 X714.85 Y606.257 E-10
;WIPE_END
G1 Z338 F15000
G1 X563.553 Y714.85 Z338
G1 Z337
G1 E17 F9000
G1 F2779.614
G1 X552.04 Y714.85 E49.70059
G1 X285.15 Y447.96 E1629.46316
G1 X285.15 Y436.447 E49.70059
;WIPE_START
G1 F600
G1 X285.15 Y443.447 E-10
;WIPE_END
G1 Z338 F15000
G1 X400.743 Y714.85 Z338
G1 Z337
G1 E17 F9000
G1 F2779.614
G1 X389.231 Y714.85 E49.70059
G1 X285.15 Y610.769 E635.45139
G1 X285.15 Y599.257 E49.70059
; stop printing object Cube id:0 copy 0
;LAYER_CHANGE
;Z:338.5
;HEIGHT:1.5
;BEFORE_LAYER_CHANGE
;338.5
G92 E0

EXCLUDE_OBJECT_END NAME=Cube_id_0_copy_0
;AFTER_LAYER_CHANGE
;338.5
;_SET_FAN_SPEED_CHANGING_LAYER
; printing object Cube id:0 copy 0
;WIPE_START
G1 F600
G1 X285.15 Y606.257 E-10
;WIPE_END
EXCLUDE_OBJECT_START NAME=Cube_id_0_copy_0
G1 Z339.5 F15000
G1 X282.703 Y717.297 Z339.5
G1 Z338.5
M73 P78 R163
G1 E17 F9000
;TYPE:Outer wall
;WIDTH:3.2
G1 F2779.615
G1 X282.703 Y282.703 E1876.19945
G1 X717.297 Y282.703 E1876.19945
G1 X717.297 Y717.297 E1876.19945
G1 X283.003 Y717.297 E1874.90431
;WIPE_START
G1 F600
G1 X282.999 Y710.297 E-10
;WIPE_END
G1 Z339.5 F15000
G1 X285.15 Y599.257 Z339.5
G1 Z338.5
G1 E17 F9000
;TYPE:Sparse infill
;WIDTH:3.2
G1 F2779.614
G1 X285.15 Y610.769 E49.70059
G1 X389.231 Y714.85 E635.45139
G1 X400.743 Y714.85 E49.70059
;WIPE_START
G1 F600
G1 X393.743 Y714.85 E-10
;WIPE_END
G1 Z339.5 F15000
G1 X285.15 Y436.447 Z339.5
G1 Z338.5
G1 E17 F9000
G1 F2779.614
G1 X285.15 Y447.96 E49.70059
G1 X552.04 Y714.85 E1629.46316
G1 X563.553 Y714.85 E49.70059
;WIPE_START
G1 F600
G1 X556.553 Y714.85 E-10
;WIPE_END
G1 Z339.5 F15000
G1 X714.85 Y599.257 Z339.5
G1 Z338.5
G1 E17 F9000
G1 F2779.614
G1 X714.85 Y610.769 E49.70059
G1 X610.769 Y714.85 E635.45139
G1 X599.257 Y714.85 E49.70059
M73 P78 R162
;WIPE_START
G1 F600
G1 X606.257 Y714.85 E-10
;WIPE_END
G1 Z339.5 F15000
G1 X714.85 Y436.447 Z339.5
G1 Z338.5
G1 E17 F9000
G1 F2779.614
G1 X714.85 Y447.96 E49.70059
G1 X447.959 Y714.85 E1629.46317
G1 X436.447 Y714.85 E49.70059
;WIPE_START
G1 F600
G1 X443.447 Y714.85 E-10
;WIPE_END
G1 Z339.5 F15000
G1 X436.447 Y285.15 Z339.5
G1 Z338.5
G1 E17 F9000
G1 F2779.614
G1 X447.96 Y285.15 E49.70059
G1 X714.85 Y552.04 E1629.46316
G1 X714.85 Y563.553 E49.70059
;WIPE_START
G1 F600
G1 X714.85 Y556.553 E-10
;WIPE_END
G1 Z339.5 F15000
G1 X703.338 Y285.15 Z339.5
G1 Z338.5
G1 E17 F9000
G1 F2779.614
G1 X714.85 Y285.15 E49.70028
G1 X285.15 Y714.85 E2623.47449
G1 X296.662 Y714.85 E49.70028
;WIPE_START
G1 F600
G1 X289.662 Y714.85 E-10
;WIPE_END
G1 Z339.5 F15000
G1 X296.662 Y285.15 Z339.5
G1 Z338.5
G1 E17 F9000
G1 F2779.614
G1 X285.15 Y285.15 E49.70059
G1 X714.85 Y714.85 E2623.47492
G1 X703.338 Y714.85 E49.70059
;WIPE_START
G1 F600
M73 P78 R161
G1 X710.338 Y714.85 E-10
;WIPE_END
G1 Z339.5 F15000
G1 X599.257 Y285.15 Z339.5
G1 Z338.5
G1 E17 F9000
G1 F2779.614
G1 X610.769 Y285.15 E49.70059
G1 X714.85 Y389.231 E635.45139
G1 X714.85 Y400.743 E49.70059
;WIPE_START
G1 F600
G1 X714.85 Y393.743 E-10
;WIPE_END
G1 Z339.5 F15000
G1 X563.553 Y285.15 Z339.5
G1 Z338.5
G1 E17 F9000
G1 F2779.614
G1 X552.041 Y285.15 E49.70059
G1 X285.15 Y552.04 E1629.46316
G1 X285.15 Y563.553 E49.70059
;WIPE_START
G1 F600
G1 X285.15 Y556.553 E-10
;WIPE_END
G1 Z339.5 F15000
G1 X400.743 Y285.15 Z339.5
G1 Z338.5
G1 E17 F9000
G1 F2779.614
G1 X389.231 Y285.15 E49.70059
G1 X285.15 Y389.231 E635.45138
G1 X285.15 Y400.743 E49.70059
; stop printing object Cube id:0 copy 0
;LAYER_CHANGE
;Z:340
;HEIGHT:1.5
;BEFORE_LAYER_CHANGE
;340
G92 E0

EXCLUDE_OBJECT_END NAME=Cube_id_0_copy_0
;AFTER_LAYER_CHANGE
;340
;_SET_FAN_SPEED_CHANGING_LAYER
; printing object Cube id:0 copy 0
;WIPE_START
G1 F600
G1 X285.15 Y393.743 E-10
;WIPE_END
EXCLUDE_OBJECT_START NAME=Cube_id_0_copy_0
G1 Z341 F15000
G1 X282.703 Y282.703 Z341
G1 Z340
G1 E17 F9000
;TYPE:Outer wall
;WIDTH:3.2
G1 F2779.615
G1 X717.297 Y282.703 E1876.19945
G1 X717.297 Y717.297 E1876.19945
M73 P79 R161
G1 X282.703 Y717.297 E1876.19945
G1 X282.703 Y283.003 E1874.90431
;WIPE_START
G1 F600
M73 P79 R160
G1 X289.703 Y282.999 E-10
;WIPE_END
G1 Z341 F15000
G1 X285.15 Y400.743 Z341
G1 Z340
G1 E17 F9000
;TYPE:Sparse infill
;WIDTH:3.2
G1 F2779.614
G1 X285.15 Y389.231 E49.70059
G1 X389.231 Y285.15 E635.45138
G1 X400.743 Y285.15 E49.70059
;WIPE_START
G1 F600
G1 X393.743 Y285.15 E-10
;WIPE_END
G1 Z341 F15000
G1 X285.15 Y563.553 Z341
G1 Z340
G1 E17 F9000
G1 F2779.614
G1 X285.15 Y552.04 E49.70059
G1 X552.041 Y285.15 E1629.46316
G1 X563.553 Y285.15 E49.70059
;WIPE_START
G1 F600
G1 X556.553 Y285.15 E-10
;WIPE_END
G1 Z341 F15000
G1 X714.85 Y400.743 Z341
G1 Z340
G1 E17 F9000
G1 F2779.614
G1 X714.85 Y389.231 E49.70059
G1 X610.769 Y285.15 E635.45139
G1 X599.257 Y285.15 E49.70059
;WIPE_START
G1 F600
G1 X606.257 Y285.15 E-10
;WIPE_END
G1 Z341 F15000
G1 X714.85 Y563.553 Z341
G1 Z340
G1 E17 F9000
G1 F2779.614
G1 X714.85 Y552.04 E49.70059
G1 X447.96 Y285.15 E1629.46316
G1 X436.447 Y285.15 E49.70059
;WIPE_START
G1 F600
G1 X443.447 Y285.15 E-10
;WIPE_END
G1 Z341 F15000
G1 X436.447 Y714.85 Z341
G1 Z340
G1 E17 F9000
G1 F2779.614
G1 X447.959 Y714.85 E49.70059
G1 X714.85 Y447.96 E1629.46317
G1 X714.85 Y436.447 E49.70059
;WIPE_START
G1 F600
G1 X714.85 Y443.447 E-10
;WIPE_END
G1 Z341 F15000
G1 X703.338 Y714.85 Z341
G1 Z340
G1 E17 F9000
G1 F2779.614
G1 X714.85 Y714.85 E49.70059
G1 X285.15 Y285.15 E2623.47492
G1 X296.662 Y285.15 E49.70059
M73 P79 R159
;WIPE_START
G1 F600
G1 X289.662 Y285.15 E-10
;WIPE_END
G1 Z341 F15000
G1 X296.662 Y714.85 Z341
G1 Z340
G1 E17 F9000
G1 F2779.614
G1 X285.15 Y714.85 E49.70028
G1 X714.85 Y285.15 E2623.47449
G1 X703.338 Y285.15 E49.70028
;WIPE_START
G1 F600
G1 X710.338 Y285.15 E-10
;WIPE_END
G1 Z341 F15000
G1 X599.257 Y714.85 Z341
G1 Z340
G1 E17 F9000
G1 F2779.614
G1 X610.769 Y714.85 E49.70059
G1 X714.85 Y610.769 E635.45139
G1 X714.85 Y599.257 E49.70059
;WIPE_START
G1 F600
G1 X714.85 Y606.257 E-10
;WIPE_END
G1 Z341 F15000
G1 X563.553 Y714.85 Z341
G1 Z340
G1 E17 F9000
G1 F2779.614
G1 X552.04 Y714.85 E49.70059
G1 X285.15 Y447.96 E1629.46316
G1 X285.15 Y436.447 E49.70059
;WIPE_START
G1 F600
G1 X285.15 Y443.447 E-10
;WIPE_END
G1 Z341 F15000
G1 X400.743 Y714.85 Z341
G1 Z340
G1 E17 F9000
G1 F2779.614
G1 X389.231 Y714.85 E49.70059
G1 X285.15 Y610.769 E635.45139
G1 X285.15 Y599.257 E49.70059
; stop printing object Cube id:0 copy 0
;LAYER_CHANGE
;Z:341.5
;HEIGHT:1.5
;BEFORE_LAYER_CHANGE
;341.5
G92 E0

EXCLUDE_OBJECT_END NAME=Cube_id_0_copy_0
;AFTER_LAYER_CHANGE
;341.5
;_SET_FAN_SPEED_CHANGING_LAYER
; printing object Cube id:0 copy 0
;WIPE_START
G1 F600
G1 X285.15 Y606.257 E-10
;WIPE_END
EXCLUDE_OBJECT_START NAME=Cube_id_0_copy_0
G1 Z342.5 F15000
G1 X282.703 Y717.297 Z342.5
G1 Z341.5
G1 E17 F9000
;TYPE:Outer wall
;WIDTH:3.2
G1 F2779.615
G1 X282.703 Y282.703 E1876.19945
G1 X717.297 Y282.703 E1876.19945
M73 P79 R158
G1 X717.297 Y717.297 E1876.19945
G1 X283.003 Y717.297 E1874.90431
;WIPE_START
G1 F600
G1 X282.999 Y710.297 E-10
;WIPE_END
G1 Z342.5 F15000
G1 X285.15 Y599.257 Z342.5
G1 Z341.5
G1 E17 F9000
;TYPE:Sparse infill
;WIDTH:3.2
G1 F2779.614
G1 X285.15 Y610.769 E49.70059
G1 X389.231 Y714.85 E635.45139
G1 X400.743 Y714.85 E49.70059
;WIPE_START
G1 F600
G1 X393.743 Y714.85 E-10
;WIPE_END
G1 Z342.5 F15000
G1 X285.15 Y436.447 Z342.5
G1 Z341.5
G1 E17 F9000
G1 F2779.614
G1 X285.15 Y447.96 E49.70059
G1 X552.04 Y714.85 E1629.46316
G1 X563.553 Y714.85 E49.70059
;WIPE_START
G1 F600
G1 X556.553 Y714.85 E-10
;WIPE_END
G1 Z342.5 F15000
G1 X714.85 Y599.257 Z342.5
G1 Z341.5
G1 E17 F9000
G1 F2779.614
G1 X714.85 Y610.769 E49.70059
G1 X610.769 Y714.85 E635.45139
G1 X599.257 Y714.85 E49.70059
;WIPE_START
G1 F600
G1 X606.257 Y714.85 E-10
;WIPE_END
G1 Z342.5 F15000
G1 X714.85 Y436.447 Z342.5
G1 Z341.5
G1 E17 F9000
G1 F2779.614
G1 X714.85 Y447.96 E49.70059
G1 X447.959 Y714.85 E1629.46317
G1 X436.447 Y714.85 E49.70059
M73 P79 R157
;WIPE_START
G1 F600
G1 X443.447 Y714.85 E-10
;WIPE_END
G1 Z342.5 F15000
G1 X436.447 Y285.15 Z342.5
G1 Z341.5
G1 E17 F9000
G1 F2779.614
G1 X447.96 Y285.15 E49.70059
G1 X714.85 Y552.04 E1629.46316
G1 X714.85 Y563.553 E49.70059
;WIPE_START
G1 F600
G1 X714.85 Y556.553 E-10
;WIPE_END
G1 Z342.5 F15000
G1 X703.338 Y285.15 Z342.5
G1 Z341.5
G1 E17 F9000
G1 F2779.614
G1 X714.85 Y285.15 E49.70028
G1 X285.15 Y714.85 E2623.47449
G1 X296.662 Y714.85 E49.70028
;WIPE_START
G1 F600
G1 X289.662 Y714.85 E-10
;WIPE_END
G1 Z342.5 F15000
G1 X296.662 Y285.15 Z342.5
G1 Z341.5
G1 E17 F9000
G1 F2779.614
G1 X285.15 Y285.15 E49.70059
G1 X714.85 Y714.85 E2623.47492
G1 X703.338 Y714.85 E49.70059
;WIPE_START
G1 F600
G1 X710.338 Y714.85 E-10
;WIPE_END
G1 Z342.5 F15000
G1 X599.257 Y285.15 Z342.5
G1 Z341.5
G1 E17 F9000
G1 F2779.614
G1 X610.769 Y285.15 E49.70059
G1 X714.85 Y389.231 E635.45139
G1 X714.85 Y400.743 E49.70059
M73 P79 R156
;WIPE_START
G1 F600
G1 X714.85 Y393.743 E-10
;WIPE_END
G1 Z342.5 F15000
G1 X563.553 Y285.15 Z342.5
G1 Z341.5
G1 E17 F9000
G1 F2779.614
G1 X552.041 Y285.15 E49.70059
G1 X285.15 Y552.04 E1629.46316
G1 X285.15 Y563.553 E49.70059
;WIPE_START
G1 F600
G1 X285.15 Y556.553 E-10
;WIPE_END
G1 Z342.5 F15000
G1 X400.743 Y285.15 Z342.5
G1 Z341.5
G1 E17 F9000
G1 F2779.614
G1 X389.231 Y285.15 E49.70059
G1 X285.15 Y389.231 E635.45138
G1 X285.15 Y400.743 E49.70059
; stop printing object Cube id:0 copy 0
;LAYER_CHANGE
;Z:343
;HEIGHT:1.5
;BEFORE_LAYER_CHANGE
;343
G92 E0

EXCLUDE_OBJECT_END NAME=Cube_id_0_copy_0
;AFTER_LAYER_CHANGE
;343
;_SET_FAN_SPEED_CHANGING_LAYER
; printing object Cube id:0 copy 0
;WIPE_START
G1 F600
G1 X285.15 Y393.743 E-10
;WIPE_END
EXCLUDE_OBJECT_START NAME=Cube_id_0_copy_0
G1 Z344 F15000
G1 X282.703 Y282.703 Z344
G1 Z343
G1 E17 F9000
;TYPE:Outer wall
;WIDTH:3.2
G1 F2779.615
G1 X717.297 Y282.703 E1876.19945
G1 X717.297 Y717.297 E1876.19945
G1 X282.703 Y717.297 E1876.19945
G1 X282.703 Y283.003 E1874.90431
;WIPE_START
G1 F600
G1 X289.703 Y282.999 E-10
;WIPE_END
G1 Z344 F15000
G1 X285.15 Y400.743 Z344
M73 P79 R155
G1 Z343
G1 E17 F9000
;TYPE:Sparse infill
;WIDTH:3.2
G1 F2779.614
G1 X285.15 Y389.231 E49.70059
G1 X389.231 Y285.15 E635.45138
G1 X400.743 Y285.15 E49.70059
;WIPE_START
G1 F600
G1 X393.743 Y285.15 E-10
;WIPE_END
G1 Z344 F15000
G1 X285.15 Y563.553 Z344
G1 Z343
G1 E17 F9000
G1 F2779.614
G1 X285.15 Y552.04 E49.70059
G1 X552.041 Y285.15 E1629.46316
G1 X563.553 Y285.15 E49.70059
;WIPE_START
G1 F600
G1 X556.553 Y285.15 E-10
;WIPE_END
G1 Z344 F15000
G1 X714.85 Y400.743 Z344
G1 Z343
G1 E17 F9000
G1 F2779.614
G1 X714.85 Y389.231 E49.70059
G1 X610.769 Y285.15 E635.45139
G1 X599.257 Y285.15 E49.70059
;WIPE_START
G1 F600
G1 X606.257 Y285.15 E-10
;WIPE_END
G1 Z344 F15000
G1 X714.85 Y563.553 Z344
G1 Z343
G1 E17 F9000
G1 F2779.614
G1 X714.85 Y552.04 E49.70059
G1 X447.96 Y285.15 E1629.46316
G1 X436.447 Y285.15 E49.70059
;WIPE_START
G1 F600
G1 X443.447 Y285.15 E-10
;WIPE_END
G1 Z344 F15000
G1 X436.447 Y714.85 Z344
G1 Z343
G1 E17 F9000
G1 F2779.614
G1 X447.959 Y714.85 E49.70059
G1 X714.85 Y447.96 E1629.46317
G1 X714.85 Y436.447 E49.70059
;WIPE_START
G1 F600
G1 X714.85 Y443.447 E-10
;WIPE_END
G1 Z344 F15000
G1 X703.338 Y714.85 Z344
G1 Z343
G1 E17 F9000
G1 F2779.614
G1 X714.85 Y714.85 E49.70059
G1 X285.15 Y285.15 E2623.47492
G1 X296.662 Y285.15 E49.70059
M73 P79 R154
;WIPE_START
G1 F600
G1 X289.662 Y285.15 E-10
;WIPE_END
G1 Z344 F15000
G1 X296.662 Y714.85 Z344
G1 Z343
G1 E17 F9000
G1 F2779.614
G1 X285.15 Y714.85 E49.70028
G1 X714.85 Y285.15 E2623.47449
G1 X703.338 Y285.15 E49.70028
;WIPE_START
G1 F600
G1 X710.338 Y285.15 E-10
;WIPE_END
G1 Z344 F15000
G1 X599.257 Y714.85 Z344
G1 Z343
G1 E17 F9000
G1 F2779.614
G1 X610.769 Y714.85 E49.70059
G1 X714.85 Y610.769 E635.45139
G1 X714.85 Y599.257 E49.70059
;WIPE_START
G1 F600
G1 X714.85 Y606.257 E-10
;WIPE_END
G1 Z344 F15000
G1 X563.553 Y714.85 Z344
G1 Z343
G1 E17 F9000
G1 F2779.614
G1 X552.04 Y714.85 E49.70059
G1 X285.15 Y447.96 E1629.46316
G1 X285.15 Y436.447 E49.70059
;WIPE_START
G1 F600
G1 X285.15 Y443.447 E-10
;WIPE_END
G1 Z344 F15000
G1 X400.743 Y714.85 Z344
G1 Z343
G1 E17 F9000
G1 F2779.614
G1 X389.231 Y714.85 E49.70059
G1 X285.15 Y610.769 E635.45139
G1 X285.15 Y599.257 E49.70059
; stop printing object Cube id:0 copy 0
;LAYER_CHANGE
;Z:344.5
;HEIGHT:1.5
;BEFORE_LAYER_CHANGE
;344.5
G92 E0

EXCLUDE_OBJECT_END NAME=Cube_id_0_copy_0
;AFTER_LAYER_CHANGE
;344.5
;_SET_FAN_SPEED_CHANGING_LAYER
; printing object Cube id:0 copy 0
;WIPE_START
G1 F600
G1 X285.15 Y606.257 E-10
;WIPE_END
EXCLUDE_OBJECT_START NAME=Cube_id_0_copy_0
G1 Z345.5 F15000
G1 X282.703 Y717.297 Z345.5
G1 Z344.5
G1 E17 F9000
;TYPE:Outer wall
;WIDTH:3.2
G1 F2779.615
G1 X282.703 Y282.703 E1876.19945
G1 X717.297 Y282.703 E1876.19945
G1 X717.297 Y717.297 E1876.19945
M73 P79 R153
G1 X283.003 Y717.297 E1874.90431
;WIPE_START
G1 F600
M73 P80 R153
G1 X282.999 Y710.297 E-10
;WIPE_END
G1 Z345.5 F15000
G1 X285.15 Y599.257 Z345.5
G1 Z344.5
G1 E17 F9000
;TYPE:Sparse infill
;WIDTH:3.2
G1 F2779.614
G1 X285.15 Y610.769 E49.70059
G1 X389.231 Y714.85 E635.45139
G1 X400.743 Y714.85 E49.70059
;WIPE_START
G1 F600
G1 X393.743 Y714.85 E-10
;WIPE_END
G1 Z345.5 F15000
G1 X285.15 Y436.447 Z345.5
G1 Z344.5
G1 E17 F9000
G1 F2779.614
G1 X285.15 Y447.96 E49.70059
G1 X552.04 Y714.85 E1629.46316
G1 X563.553 Y714.85 E49.70059
;WIPE_START
G1 F600
G1 X556.553 Y714.85 E-10
;WIPE_END
G1 Z345.5 F15000
G1 X714.85 Y599.257 Z345.5
G1 Z344.5
G1 E17 F9000
G1 F2779.614
G1 X714.85 Y610.769 E49.70059
G1 X610.769 Y714.85 E635.45139
G1 X599.257 Y714.85 E49.70059
;WIPE_START
G1 F600
G1 X606.257 Y714.85 E-10
;WIPE_END
G1 Z345.5 F15000
G1 X714.85 Y436.447 Z345.5
G1 Z344.5
G1 E17 F9000
G1 F2779.614
G1 X714.85 Y447.96 E49.70059
G1 X447.959 Y714.85 E1629.46317
G1 X436.447 Y714.85 E49.70059
M73 P80 R152
;WIPE_START
G1 F600
G1 X443.447 Y714.85 E-10
;WIPE_END
G1 Z345.5 F15000
G1 X436.447 Y285.15 Z345.5
G1 Z344.5
G1 E17 F9000
G1 F2779.614
G1 X447.96 Y285.15 E49.70059
G1 X714.85 Y552.04 E1629.46316
G1 X714.85 Y563.553 E49.70059
;WIPE_START
G1 F600
G1 X714.85 Y556.553 E-10
;WIPE_END
G1 Z345.5 F15000
G1 X703.338 Y285.15 Z345.5
G1 Z344.5
G1 E17 F9000
G1 F2779.614
G1 X714.85 Y285.15 E49.70028
G1 X285.15 Y714.85 E2623.47449
G1 X296.662 Y714.85 E49.70028
;WIPE_START
G1 F600
G1 X289.662 Y714.85 E-10
;WIPE_END
G1 Z345.5 F15000
G1 X296.662 Y285.15 Z345.5
G1 Z344.5
G1 E17 F9000
G1 F2779.614
G1 X285.15 Y285.15 E49.70059
G1 X714.85 Y714.85 E2623.47492
G1 X703.338 Y714.85 E49.70059
;WIPE_START
G1 F600
G1 X710.338 Y714.85 E-10
;WIPE_END
G1 Z345.5 F15000
G1 X599.257 Y285.15 Z345.5
G1 Z344.5
G1 E17 F9000
G1 F2779.614
G1 X610.769 Y285.15 E49.70059
G1 X714.85 Y389.231 E635.45139
G1 X714.85 Y400.743 E49.70059
;WIPE_START
G1 F600
G1 X714.85 Y393.743 E-10
;WIPE_END
G1 Z345.5 F15000
G1 X563.553 Y285.15 Z345.5
G1 Z344.5
G1 E17 F9000
G1 F2779.614
G1 X552.041 Y285.15 E49.70059
G1 X285.15 Y552.04 E1629.46316
G1 X285.15 Y563.553 E49.70059
M73 P80 R151
;WIPE_START
G1 F600
G1 X285.15 Y556.553 E-10
;WIPE_END
G1 Z345.5 F15000
G1 X400.743 Y285.15 Z345.5
G1 Z344.5
G1 E17 F9000
G1 F2779.614
G1 X389.231 Y285.15 E49.70059
G1 X285.15 Y389.231 E635.45138
G1 X285.15 Y400.743 E49.70059
; stop printing object Cube id:0 copy 0
;LAYER_CHANGE
;Z:346
;HEIGHT:1.5
;BEFORE_LAYER_CHANGE
;346
G92 E0

EXCLUDE_OBJECT_END NAME=Cube_id_0_copy_0
;AFTER_LAYER_CHANGE
;346
;_SET_FAN_SPEED_CHANGING_LAYER
; printing object Cube id:0 copy 0
;WIPE_START
G1 F600
G1 X285.15 Y393.743 E-10
;WIPE_END
EXCLUDE_OBJECT_START NAME=Cube_id_0_copy_0
G1 Z347 F15000
G1 X282.703 Y282.703 Z347
G1 Z346
G1 E17 F9000
;TYPE:Outer wall
;WIDTH:3.2
G1 F2779.615
G1 X717.297 Y282.703 E1876.19945
G1 X717.297 Y717.297 E1876.19945
G1 X282.703 Y717.297 E1876.19945
G1 X282.703 Y283.003 E1874.90431
;WIPE_START
G1 F600
G1 X289.703 Y282.999 E-10
;WIPE_END
G1 Z347 F15000
G1 X285.15 Y400.743 Z347
G1 Z346
G1 E17 F9000
;TYPE:Sparse infill
;WIDTH:3.2
G1 F2779.614
G1 X285.15 Y389.231 E49.70059
G1 X389.231 Y285.15 E635.45138
G1 X400.743 Y285.15 E49.70059
;WIPE_START
G1 F600
G1 X393.743 Y285.15 E-10
;WIPE_END
G1 Z347 F15000
G1 X285.15 Y563.553 Z347
G1 Z346
M73 P80 R150
G1 E17 F9000
G1 F2779.614
G1 X285.15 Y552.04 E49.70059
G1 X552.041 Y285.15 E1629.46316
G1 X563.553 Y285.15 E49.70059
;WIPE_START
G1 F600
G1 X556.553 Y285.15 E-10
;WIPE_END
G1 Z347 F15000
G1 X714.85 Y400.743 Z347
G1 Z346
G1 E17 F9000
G1 F2779.614
G1 X714.85 Y389.231 E49.70059
G1 X610.769 Y285.15 E635.45139
G1 X599.257 Y285.15 E49.70059
;WIPE_START
G1 F600
G1 X606.257 Y285.15 E-10
;WIPE_END
G1 Z347 F15000
G1 X714.85 Y563.553 Z347
G1 Z346
G1 E17 F9000
G1 F2779.614
G1 X714.85 Y552.04 E49.70059
G1 X447.96 Y285.15 E1629.46316
G1 X436.447 Y285.15 E49.70059
;WIPE_START
G1 F600
G1 X443.447 Y285.15 E-10
;WIPE_END
G1 Z347 F15000
G1 X436.447 Y714.85 Z347
G1 Z346
G1 E17 F9000
G1 F2779.614
G1 X447.959 Y714.85 E49.70059
G1 X714.85 Y447.96 E1629.46317
G1 X714.85 Y436.447 E49.70059
;WIPE_START
G1 F600
G1 X714.85 Y443.447 E-10
;WIPE_END
G1 Z347 F15000
G1 X703.338 Y714.85 Z347
G1 Z346
G1 E17 F9000
G1 F2779.614
G1 X714.85 Y714.85 E49.70059
G1 X285.15 Y285.15 E2623.47492
G1 X296.662 Y285.15 E49.70059
;WIPE_START
G1 F600
G1 X289.662 Y285.15 E-10
;WIPE_END
G1 Z347 F15000
G1 X296.662 Y714.85 Z347
G1 Z346
M73 P80 R149
G1 E17 F9000
G1 F2779.614
G1 X285.15 Y714.85 E49.70028
G1 X714.85 Y285.15 E2623.47449
G1 X703.338 Y285.15 E49.70028
;WIPE_START
G1 F600
G1 X710.338 Y285.15 E-10
;WIPE_END
G1 Z347 F15000
G1 X599.257 Y714.85 Z347
G1 Z346
G1 E17 F9000
G1 F2779.614
G1 X610.769 Y714.85 E49.70059
G1 X714.85 Y610.769 E635.45139
G1 X714.85 Y599.257 E49.70059
;WIPE_START
G1 F600
G1 X714.85 Y606.257 E-10
;WIPE_END
G1 Z347 F15000
G1 X563.553 Y714.85 Z347
G1 Z346
G1 E17 F9000
G1 F2779.614
G1 X552.04 Y714.85 E49.70059
G1 X285.15 Y447.96 E1629.46316
G1 X285.15 Y436.447 E49.70059
;WIPE_START
G1 F600
G1 X285.15 Y443.447 E-10
;WIPE_END
G1 Z347 F15000
G1 X400.743 Y714.85 Z347
G1 Z346
G1 E17 F9000
G1 F2779.614
G1 X389.231 Y714.85 E49.70059
G1 X285.15 Y610.769 E635.45139
G1 X285.15 Y599.257 E49.70059
; stop printing object Cube id:0 copy 0
;LAYER_CHANGE
;Z:347.5
;HEIGHT:1.5
;BEFORE_LAYER_CHANGE
;347.5
G92 E0

EXCLUDE_OBJECT_END NAME=Cube_id_0_copy_0
;AFTER_LAYER_CHANGE
;347.5
;_SET_FAN_SPEED_CHANGING_LAYER
; printing object Cube id:0 copy 0
;WIPE_START
G1 F600
G1 X285.15 Y606.257 E-10
;WIPE_END
EXCLUDE_OBJECT_START NAME=Cube_id_0_copy_0
G1 Z348.5 F15000
G1 X282.703 Y717.297 Z348.5
G1 Z347.5
G1 E17 F9000
;TYPE:Outer wall
;WIDTH:3.2
G1 F2779.615
G1 X282.703 Y282.703 E1876.19945
G1 X717.297 Y282.703 E1876.19945
G1 X717.297 Y717.297 E1876.19945
M73 P80 R148
G1 X283.003 Y717.297 E1874.90431
;WIPE_START
G1 F600
G1 X282.999 Y710.297 E-10
;WIPE_END
G1 Z348.5 F15000
G1 X285.15 Y599.257 Z348.5
G1 Z347.5
G1 E17 F9000
;TYPE:Sparse infill
;WIDTH:3.2
G1 F2779.614
G1 X285.15 Y610.769 E49.70059
G1 X389.231 Y714.85 E635.45139
G1 X400.743 Y714.85 E49.70059
;WIPE_START
G1 F600
G1 X393.743 Y714.85 E-10
;WIPE_END
G1 Z348.5 F15000
G1 X285.15 Y436.447 Z348.5
G1 Z347.5
G1 E17 F9000
G1 F2779.614
G1 X285.15 Y447.96 E49.70059
G1 X552.04 Y714.85 E1629.46316
G1 X563.553 Y714.85 E49.70059
;WIPE_START
G1 F600
G1 X556.553 Y714.85 E-10
;WIPE_END
G1 Z348.5 F15000
G1 X714.85 Y599.257 Z348.5
G1 Z347.5
G1 E17 F9000
G1 F2779.614
G1 X714.85 Y610.769 E49.70059
G1 X610.769 Y714.85 E635.45139
G1 X599.257 Y714.85 E49.70059
;WIPE_START
G1 F600
G1 X606.257 Y714.85 E-10
;WIPE_END
G1 Z348.5 F15000
G1 X714.85 Y436.447 Z348.5
G1 Z347.5
G1 E17 F9000
G1 F2779.614
G1 X714.85 Y447.96 E49.70059
G1 X447.959 Y714.85 E1629.46317
G1 X436.447 Y714.85 E49.70059
;WIPE_START
G1 F600
G1 X443.447 Y714.85 E-10
;WIPE_END
G1 Z348.5 F15000
G1 X436.447 Y285.15 Z348.5
G1 Z347.5
G1 E17 F9000
G1 F2779.614
G1 X447.96 Y285.15 E49.70059
G1 X714.85 Y552.04 E1629.46316
G1 X714.85 Y563.553 E49.70059
M73 P80 R147
;WIPE_START
G1 F600
G1 X714.85 Y556.553 E-10
;WIPE_END
G1 Z348.5 F15000
G1 X703.338 Y285.15 Z348.5
G1 Z347.5
G1 E17 F9000
G1 F2779.614
G1 X714.85 Y285.15 E49.70028
G1 X285.15 Y714.85 E2623.47449
G1 X296.662 Y714.85 E49.70028
;WIPE_START
G1 F600
G1 X289.662 Y714.85 E-10
;WIPE_END
G1 Z348.5 F15000
G1 X296.662 Y285.15 Z348.5
G1 Z347.5
G1 E17 F9000
G1 F2779.614
G1 X285.15 Y285.15 E49.70059
G1 X714.85 Y714.85 E2623.47492
G1 X703.338 Y714.85 E49.70059
;WIPE_START
G1 F600
G1 X710.338 Y714.85 E-10
;WIPE_END
G1 Z348.5 F15000
G1 X599.257 Y285.15 Z348.5
G1 Z347.5
G1 E17 F9000
G1 F2779.614
G1 X610.769 Y285.15 E49.70059
G1 X714.85 Y389.231 E635.45139
G1 X714.85 Y400.743 E49.70059
;WIPE_START
G1 F600
G1 X714.85 Y393.743 E-10
;WIPE_END
G1 Z348.5 F15000
G1 X563.553 Y285.15 Z348.5
G1 Z347.5
G1 E17 F9000
G1 F2779.614
G1 X552.041 Y285.15 E49.70059
G1 X285.15 Y552.04 E1629.46316
G1 X285.15 Y563.553 E49.70059
;WIPE_START
G1 F600
G1 X285.15 Y556.553 E-10
;WIPE_END
G1 Z348.5 F15000
M73 P80 R146
G1 X400.743 Y285.15 Z348.5
G1 Z347.5
G1 E17 F9000
G1 F2779.614
G1 X389.231 Y285.15 E49.70059
G1 X285.15 Y389.231 E635.45138
G1 X285.15 Y400.743 E49.70059
; stop printing object Cube id:0 copy 0
;LAYER_CHANGE
;Z:349
;HEIGHT:1.5
;BEFORE_LAYER_CHANGE
;349
G92 E0

EXCLUDE_OBJECT_END NAME=Cube_id_0_copy_0
;AFTER_LAYER_CHANGE
;349
;_SET_FAN_SPEED_CHANGING_LAYER
; printing object Cube id:0 copy 0
;WIPE_START
G1 F600
G1 X285.15 Y393.743 E-10
;WIPE_END
EXCLUDE_OBJECT_START NAME=Cube_id_0_copy_0
G1 Z350 F15000
G1 X282.703 Y282.703 Z350
G1 Z349
G1 E17 F9000
;TYPE:Outer wall
;WIDTH:3.2
G1 F2779.615
G1 X717.297 Y282.703 E1876.19945
G1 X717.297 Y717.297 E1876.19945
G1 X282.703 Y717.297 E1876.19945
G1 X282.703 Y283.003 E1874.90431
;WIPE_START
G1 F600
G1 X289.703 Y282.999 E-10
;WIPE_END
G1 Z350 F15000
G1 X285.15 Y400.743 Z350
G1 Z349
G1 E17 F9000
;TYPE:Sparse infill
;WIDTH:3.2
G1 F2779.614
G1 X285.15 Y389.231 E49.70059
G1 X389.231 Y285.15 E635.45138
G1 X400.743 Y285.15 E49.70059
;WIPE_START
G1 F600
G1 X393.743 Y285.15 E-10
;WIPE_END
G1 Z350 F15000
G1 X285.15 Y563.553 Z350
G1 Z349
G1 E17 F9000
G1 F2779.614
G1 X285.15 Y552.04 E49.70059
G1 X552.041 Y285.15 E1629.46316
G1 X563.553 Y285.15 E49.70059
M73 P81 R145
;WIPE_START
G1 F600
G1 X556.553 Y285.15 E-10
;WIPE_END
G1 Z350 F15000
G1 X714.85 Y400.743 Z350
G1 Z349
G1 E17 F9000
G1 F2779.614
G1 X714.85 Y389.231 E49.70059
G1 X610.769 Y285.15 E635.45139
G1 X599.257 Y285.15 E49.70059
;WIPE_START
G1 F600
G1 X606.257 Y285.15 E-10
;WIPE_END
G1 Z350 F15000
G1 X714.85 Y563.553 Z350
G1 Z349
G1 E17 F9000
G1 F2779.614
G1 X714.85 Y552.04 E49.70059
G1 X447.96 Y285.15 E1629.46316
G1 X436.447 Y285.15 E49.70059
;WIPE_START
G1 F600
G1 X443.447 Y285.15 E-10
;WIPE_END
G1 Z350 F15000
G1 X436.447 Y714.85 Z350
G1 Z349
G1 E17 F9000
G1 F2779.614
G1 X447.959 Y714.85 E49.70059
G1 X714.85 Y447.96 E1629.46317
G1 X714.85 Y436.447 E49.70059
;WIPE_START
G1 F600
G1 X714.85 Y443.447 E-10
;WIPE_END
G1 Z350 F15000
G1 X703.338 Y714.85 Z350
G1 Z349
G1 E17 F9000
G1 F2779.614
G1 X714.85 Y714.85 E49.70059
G1 X285.15 Y285.15 E2623.47492
G1 X296.662 Y285.15 E49.70059
;WIPE_START
G1 F600
G1 X289.662 Y285.15 E-10
;WIPE_END
G1 Z350 F15000
G1 X296.662 Y714.85 Z350
G1 Z349
G1 E17 F9000
G1 F2779.614
G1 X285.15 Y714.85 E49.70028
G1 X714.85 Y285.15 E2623.47449
G1 X703.338 Y285.15 E49.70028
M73 P81 R144
;WIPE_START
G1 F600
G1 X710.338 Y285.15 E-10
;WIPE_END
G1 Z350 F15000
G1 X599.257 Y714.85 Z350
G1 Z349
G1 E17 F9000
G1 F2779.614
G1 X610.769 Y714.85 E49.70059
G1 X714.85 Y610.769 E635.45139
G1 X714.85 Y599.257 E49.70059
;WIPE_START
G1 F600
G1 X714.85 Y606.257 E-10
;WIPE_END
G1 Z350 F15000
G1 X563.553 Y714.85 Z350
G1 Z349
G1 E17 F9000
G1 F2779.614
G1 X552.04 Y714.85 E49.70059
G1 X285.15 Y447.96 E1629.46316
G1 X285.15 Y436.447 E49.70059
;WIPE_START
G1 F600
G1 X285.15 Y443.447 E-10
;WIPE_END
G1 Z350 F15000
G1 X400.743 Y714.85 Z350
G1 Z349
G1 E17 F9000
G1 F2779.614
G1 X389.231 Y714.85 E49.70059
G1 X285.15 Y610.769 E635.45139
G1 X285.15 Y599.257 E49.70059
; stop printing object Cube id:0 copy 0
;LAYER_CHANGE
;Z:350.5
;HEIGHT:1.5
;BEFORE_LAYER_CHANGE
;350.5
G92 E0

EXCLUDE_OBJECT_END NAME=Cube_id_0_copy_0
;AFTER_LAYER_CHANGE
;350.5
;_SET_FAN_SPEED_CHANGING_LAYER
; printing object Cube id:0 copy 0
;WIPE_START
G1 F600
G1 X285.15 Y606.257 E-10
;WIPE_END
EXCLUDE_OBJECT_START NAME=Cube_id_0_copy_0
G1 Z351.5 F15000
G1 X282.703 Y717.297 Z351.5
G1 Z350.5
G1 E17 F9000
;TYPE:Outer wall
;WIDTH:3.2
G1 F2779.615
G1 X282.703 Y282.703 E1876.19945
G1 X717.297 Y282.703 E1876.19945
G1 X717.297 Y717.297 E1876.19945
G1 X283.003 Y717.297 E1874.90431
M73 P81 R143
;WIPE_START
G1 F600
G1 X282.999 Y710.297 E-10
;WIPE_END
G1 Z351.5 F15000
G1 X285.15 Y599.257 Z351.5
G1 Z350.5
G1 E17 F9000
;TYPE:Sparse infill
;WIDTH:3.2
G1 F2779.614
G1 X285.15 Y610.769 E49.70059
G1 X389.231 Y714.85 E635.45139
G1 X400.743 Y714.85 E49.70059
;WIPE_START
G1 F600
G1 X393.743 Y714.85 E-10
;WIPE_END
G1 Z351.5 F15000
G1 X285.15 Y436.447 Z351.5
G1 Z350.5
G1 E17 F9000
G1 F2779.614
G1 X285.15 Y447.96 E49.70059
G1 X552.04 Y714.85 E1629.46316
G1 X563.553 Y714.85 E49.70059
;WIPE_START
G1 F600
G1 X556.553 Y714.85 E-10
;WIPE_END
G1 Z351.5 F15000
G1 X714.85 Y599.257 Z351.5
G1 Z350.5
G1 E17 F9000
G1 F2779.614
G1 X714.85 Y610.769 E49.70059
G1 X610.769 Y714.85 E635.45139
G1 X599.257 Y714.85 E49.70059
;WIPE_START
G1 F600
G1 X606.257 Y714.85 E-10
;WIPE_END
G1 Z351.5 F15000
G1 X714.85 Y436.447 Z351.5
G1 Z350.5
G1 E17 F9000
G1 F2779.614
G1 X714.85 Y447.96 E49.70059
G1 X447.959 Y714.85 E1629.46317
G1 X436.447 Y714.85 E49.70059
;WIPE_START
G1 F600
G1 X443.447 Y714.85 E-10
;WIPE_END
G1 Z351.5 F15000
G1 X436.447 Y285.15 Z351.5
G1 Z350.5
G1 E17 F9000
G1 F2779.614
G1 X447.96 Y285.15 E49.70059
G1 X714.85 Y552.04 E1629.46316
G1 X714.85 Y563.553 E49.70059
M73 P81 R142
;WIPE_START
G1 F600
G1 X714.85 Y556.553 E-10
;WIPE_END
G1 Z351.5 F15000
G1 X703.338 Y285.15 Z351.5
G1 Z350.5
G1 E17 F9000
G1 F2779.614
G1 X714.85 Y285.15 E49.70028
G1 X285.15 Y714.85 E2623.47449
G1 X296.662 Y714.85 E49.70028
;WIPE_START
G1 F600
G1 X289.662 Y714.85 E-10
;WIPE_END
G1 Z351.5 F15000
G1 X296.662 Y285.15 Z351.5
G1 Z350.5
G1 E17 F9000
G1 F2779.614
G1 X285.15 Y285.15 E49.70059
G1 X714.85 Y714.85 E2623.47492
G1 X703.338 Y714.85 E49.70059
;WIPE_START
G1 F600
G1 X710.338 Y714.85 E-10
;WIPE_END
G1 Z351.5 F15000
G1 X599.257 Y285.15 Z351.5
G1 Z350.5
G1 E17 F9000
G1 F2779.614
G1 X610.769 Y285.15 E49.70059
G1 X714.85 Y389.231 E635.45139
G1 X714.85 Y400.743 E49.70059
;WIPE_START
G1 F600
G1 X714.85 Y393.743 E-10
;WIPE_END
G1 Z351.5 F15000
G1 X563.553 Y285.15 Z351.5
G1 Z350.5
G1 E17 F9000
G1 F2779.614
G1 X552.041 Y285.15 E49.70059
G1 X285.15 Y552.04 E1629.46316
G1 X285.15 Y563.553 E49.70059
;WIPE_START
G1 F600
G1 X285.15 Y556.553 E-10
;WIPE_END
G1 Z351.5 F15000
G1 X400.743 Y285.15 Z351.5
G1 Z350.5
G1 E17 F9000
G1 F2779.614
G1 X389.231 Y285.15 E49.70059
G1 X285.15 Y389.231 E635.45138
G1 X285.15 Y400.743 E49.70059
; stop printing object Cube id:0 copy 0
;LAYER_CHANGE
;Z:352
;HEIGHT:1.5
;BEFORE_LAYER_CHANGE
;352
G92 E0

EXCLUDE_OBJECT_END NAME=Cube_id_0_copy_0
;AFTER_LAYER_CHANGE
;352
;_SET_FAN_SPEED_CHANGING_LAYER
; printing object Cube id:0 copy 0
;WIPE_START
G1 F600
M73 P81 R141
G1 X285.15 Y393.743 E-10
;WIPE_END
EXCLUDE_OBJECT_START NAME=Cube_id_0_copy_0
G1 Z353 F15000
G1 X282.703 Y282.703 Z353
G1 Z352
G1 E17 F9000
;TYPE:Outer wall
;WIDTH:3.2
G1 F2779.615
G1 X717.297 Y282.703 E1876.19945
G1 X717.297 Y717.297 E1876.19945
G1 X282.703 Y717.297 E1876.19945
G1 X282.703 Y283.003 E1874.90431
;WIPE_START
G1 F600
G1 X289.703 Y282.999 E-10
;WIPE_END
G1 Z353 F15000
G1 X285.15 Y400.743 Z353
G1 Z352
G1 E17 F9000
;TYPE:Sparse infill
;WIDTH:3.2
G1 F2779.614
G1 X285.15 Y389.231 E49.70059
G1 X389.231 Y285.15 E635.45138
G1 X400.743 Y285.15 E49.70059
;WIPE_START
G1 F600
G1 X393.743 Y285.15 E-10
;WIPE_END
G1 Z353 F15000
G1 X285.15 Y563.553 Z353
G1 Z352
G1 E17 F9000
G1 F2779.614
G1 X285.15 Y552.04 E49.70059
G1 X552.041 Y285.15 E1629.46316
G1 X563.553 Y285.15 E49.70059
;WIPE_START
G1 F600
G1 X556.553 Y285.15 E-10
;WIPE_END
G1 Z353 F15000
G1 X714.85 Y400.743 Z353
G1 Z352
G1 E17 F9000
M73 P81 R140
G1 F2779.614
G1 X714.85 Y389.231 E49.70059
G1 X610.769 Y285.15 E635.45139
G1 X599.257 Y285.15 E49.70059
;WIPE_START
G1 F600
G1 X606.257 Y285.15 E-10
;WIPE_END
G1 Z353 F15000
G1 X714.85 Y563.553 Z353
G1 Z352
G1 E17 F9000
G1 F2779.614
G1 X714.85 Y552.04 E49.70059
G1 X447.96 Y285.15 E1629.46316
G1 X436.447 Y285.15 E49.70059
;WIPE_START
G1 F600
G1 X443.447 Y285.15 E-10
;WIPE_END
G1 Z353 F15000
G1 X436.447 Y714.85 Z353
G1 Z352
G1 E17 F9000
G1 F2779.614
G1 X447.959 Y714.85 E49.70059
G1 X714.85 Y447.96 E1629.46317
G1 X714.85 Y436.447 E49.70059
;WIPE_START
G1 F600
G1 X714.85 Y443.447 E-10
;WIPE_END
G1 Z353 F15000
G1 X703.338 Y714.85 Z353
G1 Z352
G1 E17 F9000
G1 F2779.614
G1 X714.85 Y714.85 E49.70059
G1 X285.15 Y285.15 E2623.47492
G1 X296.662 Y285.15 E49.70059
;WIPE_START
G1 F600
G1 X289.662 Y285.15 E-10
;WIPE_END
G1 Z353 F15000
G1 X296.662 Y714.85 Z353
G1 Z352
G1 E17 F9000
G1 F2779.614
G1 X285.15 Y714.85 E49.70028
G1 X714.85 Y285.15 E2623.47449
G1 X703.338 Y285.15 E49.70028
M73 P81 R139
;WIPE_START
G1 F600
G1 X710.338 Y285.15 E-10
;WIPE_END
G1 Z353 F15000
G1 X599.257 Y714.85 Z353
G1 Z352
G1 E17 F9000
G1 F2779.614
G1 X610.769 Y714.85 E49.70059
G1 X714.85 Y610.769 E635.45139
G1 X714.85 Y599.257 E49.70059
;WIPE_START
G1 F600
G1 X714.85 Y606.257 E-10
;WIPE_END
G1 Z353 F15000
G1 X563.553 Y714.85 Z353
G1 Z352
G1 E17 F9000
G1 F2779.614
G1 X552.04 Y714.85 E49.70059
G1 X285.15 Y447.96 E1629.46316
G1 X285.15 Y436.447 E49.70059
;WIPE_START
G1 F600
G1 X285.15 Y443.447 E-10
;WIPE_END
G1 Z353 F15000
G1 X400.743 Y714.85 Z353
G1 Z352
G1 E17 F9000
G1 F2779.614
G1 X389.231 Y714.85 E49.70059
G1 X285.15 Y610.769 E635.45139
G1 X285.15 Y599.257 E49.70059
; stop printing object Cube id:0 copy 0
;LAYER_CHANGE
;Z:353.5
;HEIGHT:1.5
;BEFORE_LAYER_CHANGE
;353.5
G92 E0

EXCLUDE_OBJECT_END NAME=Cube_id_0_copy_0
;AFTER_LAYER_CHANGE
;353.5
;_SET_FAN_SPEED_CHANGING_LAYER
; printing object Cube id:0 copy 0
;WIPE_START
G1 F600
G1 X285.15 Y606.257 E-10
;WIPE_END
EXCLUDE_OBJECT_START NAME=Cube_id_0_copy_0
G1 Z354.5 F15000
G1 X282.703 Y717.297 Z354.5
G1 Z353.5
G1 E17 F9000
;TYPE:Outer wall
;WIDTH:3.2
G1 F2779.615
G1 X282.703 Y282.703 E1876.19945
G1 X717.297 Y282.703 E1876.19945
G1 X717.297 Y717.297 E1876.19945
G1 X283.003 Y717.297 E1874.90431
;WIPE_START
G1 F600
M73 P81 R138
G1 X282.999 Y710.297 E-10
;WIPE_END
G1 Z354.5 F15000
G1 X285.15 Y599.257 Z354.5
G1 Z353.5
G1 E17 F9000
;TYPE:Sparse infill
;WIDTH:3.2
G1 F2779.614
G1 X285.15 Y610.769 E49.70059
G1 X389.231 Y714.85 E635.45139
G1 X400.743 Y714.85 E49.70059
;WIPE_START
G1 F600
G1 X393.743 Y714.85 E-10
;WIPE_END
G1 Z354.5 F15000
G1 X285.15 Y436.447 Z354.5
G1 Z353.5
G1 E17 F9000
G1 F2779.614
G1 X285.15 Y447.96 E49.70059
G1 X552.04 Y714.85 E1629.46316
G1 X563.553 Y714.85 E49.70059
;WIPE_START
G1 F600
G1 X556.553 Y714.85 E-10
;WIPE_END
G1 Z354.5 F15000
G1 X714.85 Y599.257 Z354.5
G1 Z353.5
G1 E17 F9000
G1 F2779.614
G1 X714.85 Y610.769 E49.70059
G1 X610.769 Y714.85 E635.45139
G1 X599.257 Y714.85 E49.70059
;WIPE_START
G1 F600
G1 X606.257 Y714.85 E-10
;WIPE_END
G1 Z354.5 F15000
G1 X714.85 Y436.447 Z354.5
G1 Z353.5
G1 E17 F9000
G1 F2779.614
G1 X714.85 Y447.96 E49.70059
G1 X447.959 Y714.85 E1629.46317
G1 X436.447 Y714.85 E49.70059
M73 P82 R138
;WIPE_START
G1 F600
G1 X443.447 Y714.85 E-10
;WIPE_END
G1 Z354.5 F15000
G1 X436.447 Y285.15 Z354.5
G1 Z353.5
G1 E17 F9000
G1 F2779.614
G1 X447.96 Y285.15 E49.70059
G1 X714.85 Y552.04 E1629.46316
G1 X714.85 Y563.553 E49.70059
;WIPE_START
G1 F600
G1 X714.85 Y556.553 E-10
;WIPE_END
G1 Z354.5 F15000
G1 X703.338 Y285.15 Z354.5
G1 Z353.5
G1 E17 F9000
G1 F2779.614
G1 X714.85 Y285.15 E49.70028
G1 X285.15 Y714.85 E2623.47449
G1 X296.662 Y714.85 E49.70028
M73 P82 R137
;WIPE_START
G1 F600
G1 X289.662 Y714.85 E-10
;WIPE_END
G1 Z354.5 F15000
G1 X296.662 Y285.15 Z354.5
G1 Z353.5
G1 E17 F9000
G1 F2779.614
G1 X285.15 Y285.15 E49.70059
G1 X714.85 Y714.85 E2623.47492
G1 X703.338 Y714.85 E49.70059
;WIPE_START
G1 F600
G1 X710.338 Y714.85 E-10
;WIPE_END
G1 Z354.5 F15000
G1 X599.257 Y285.15 Z354.5
G1 Z353.5
G1 E17 F9000
G1 F2779.614
G1 X610.769 Y285.15 E49.70059
G1 X714.85 Y389.231 E635.45139
G1 X714.85 Y400.743 E49.70059
;WIPE_START
G1 F600
G1 X714.85 Y393.743 E-10
;WIPE_END
G1 Z354.5 F15000
G1 X563.553 Y285.15 Z354.5
G1 Z353.5
G1 E17 F9000
G1 F2779.614
G1 X552.041 Y285.15 E49.70059
G1 X285.15 Y552.04 E1629.46316
G1 X285.15 Y563.553 E49.70059
;WIPE_START
G1 F600
G1 X285.15 Y556.553 E-10
;WIPE_END
G1 Z354.5 F15000
G1 X400.743 Y285.15 Z354.5
G1 Z353.5
G1 E17 F9000
G1 F2779.614
G1 X389.231 Y285.15 E49.70059
G1 X285.15 Y389.231 E635.45138
G1 X285.15 Y400.743 E49.70059
; stop printing object Cube id:0 copy 0
;LAYER_CHANGE
;Z:355
;HEIGHT:1.5
;BEFORE_LAYER_CHANGE
;355
G92 E0

EXCLUDE_OBJECT_END NAME=Cube_id_0_copy_0
;AFTER_LAYER_CHANGE
;355
;_SET_FAN_SPEED_CHANGING_LAYER
; printing object Cube id:0 copy 0
;WIPE_START
G1 F600
G1 X285.15 Y393.743 E-10
;WIPE_END
EXCLUDE_OBJECT_START NAME=Cube_id_0_copy_0
G1 Z356 F15000
G1 X282.703 Y282.703 Z356
G1 Z355
G1 E17 F9000
;TYPE:Outer wall
;WIDTH:3.2
G1 F2779.615
G1 X717.297 Y282.703 E1876.19945
G1 X717.297 Y717.297 E1876.19945
M73 P82 R136
G1 X282.703 Y717.297 E1876.19945
G1 X282.703 Y283.003 E1874.90431
;WIPE_START
G1 F600
G1 X289.703 Y282.999 E-10
;WIPE_END
G1 Z356 F15000
G1 X285.15 Y400.743 Z356
G1 Z355
G1 E17 F9000
;TYPE:Sparse infill
;WIDTH:3.2
G1 F2779.614
G1 X285.15 Y389.231 E49.70059
G1 X389.231 Y285.15 E635.45138
G1 X400.743 Y285.15 E49.70059
;WIPE_START
G1 F600
G1 X393.743 Y285.15 E-10
;WIPE_END
G1 Z356 F15000
G1 X285.15 Y563.553 Z356
G1 Z355
G1 E17 F9000
G1 F2779.614
G1 X285.15 Y552.04 E49.70059
G1 X552.041 Y285.15 E1629.46316
G1 X563.553 Y285.15 E49.70059
;WIPE_START
G1 F600
G1 X556.553 Y285.15 E-10
;WIPE_END
G1 Z356 F15000
G1 X714.85 Y400.743 Z356
G1 Z355
G1 E17 F9000
G1 F2779.614
G1 X714.85 Y389.231 E49.70059
G1 X610.769 Y285.15 E635.45139
G1 X599.257 Y285.15 E49.70059
;WIPE_START
G1 F600
G1 X606.257 Y285.15 E-10
;WIPE_END
G1 Z356 F15000
G1 X714.85 Y563.553 Z356
G1 Z355
M73 P82 R135
G1 E17 F9000
G1 F2779.614
G1 X714.85 Y552.04 E49.70059
G1 X447.96 Y285.15 E1629.46316
G1 X436.447 Y285.15 E49.70059
;WIPE_START
G1 F600
G1 X443.447 Y285.15 E-10
;WIPE_END
G1 Z356 F15000
G1 X436.447 Y714.85 Z356
G1 Z355
G1 E17 F9000
G1 F2779.614
G1 X447.959 Y714.85 E49.70059
G1 X714.85 Y447.96 E1629.46317
G1 X714.85 Y436.447 E49.70059
;WIPE_START
G1 F600
G1 X714.85 Y443.447 E-10
;WIPE_END
G1 Z356 F15000
G1 X703.338 Y714.85 Z356
G1 Z355
G1 E17 F9000
G1 F2779.614
G1 X714.85 Y714.85 E49.70059
G1 X285.15 Y285.15 E2623.47492
G1 X296.662 Y285.15 E49.70059
;WIPE_START
G1 F600
G1 X289.662 Y285.15 E-10
;WIPE_END
G1 Z356 F15000
G1 X296.662 Y714.85 Z356
G1 Z355
G1 E17 F9000
G1 F2779.614
G1 X285.15 Y714.85 E49.70028
G1 X714.85 Y285.15 E2623.47449
G1 X703.338 Y285.15 E49.70028
;WIPE_START
G1 F600
G1 X710.338 Y285.15 E-10
;WIPE_END
G1 Z356 F15000
G1 X599.257 Y714.85 Z356
G1 Z355
G1 E17 F9000
G1 F2779.614
G1 X610.769 Y714.85 E49.70059
G1 X714.85 Y610.769 E635.45139
G1 X714.85 Y599.257 E49.70059
M73 P82 R134
;WIPE_START
G1 F600
G1 X714.85 Y606.257 E-10
;WIPE_END
G1 Z356 F15000
G1 X563.553 Y714.85 Z356
G1 Z355
G1 E17 F9000
G1 F2779.614
G1 X552.04 Y714.85 E49.70059
G1 X285.15 Y447.96 E1629.46316
G1 X285.15 Y436.447 E49.70059
;WIPE_START
G1 F600
G1 X285.15 Y443.447 E-10
;WIPE_END
G1 Z356 F15000
G1 X400.743 Y714.85 Z356
G1 Z355
G1 E17 F9000
G1 F2779.614
G1 X389.231 Y714.85 E49.70059
G1 X285.15 Y610.769 E635.45139
G1 X285.15 Y599.257 E49.70059
; stop printing object Cube id:0 copy 0
;LAYER_CHANGE
;Z:356.5
;HEIGHT:1.5
;BEFORE_LAYER_CHANGE
;356.5
G92 E0

EXCLUDE_OBJECT_END NAME=Cube_id_0_copy_0
;AFTER_LAYER_CHANGE
;356.5
;_SET_FAN_SPEED_CHANGING_LAYER
; printing object Cube id:0 copy 0
;WIPE_START
G1 F600
G1 X285.15 Y606.257 E-10
;WIPE_END
EXCLUDE_OBJECT_START NAME=Cube_id_0_copy_0
G1 Z357.5 F15000
G1 X282.703 Y717.297 Z357.5
G1 Z356.5
G1 E17 F9000
;TYPE:Outer wall
;WIDTH:3.2
G1 F2779.615
G1 X282.703 Y282.703 E1876.19945
G1 X717.297 Y282.703 E1876.19945
G1 X717.297 Y717.297 E1876.19945
G1 X283.003 Y717.297 E1874.90431
;WIPE_START
G1 F600
M73 P82 R133
G1 X282.999 Y710.297 E-10
;WIPE_END
G1 Z357.5 F15000
G1 X285.15 Y599.257 Z357.5
G1 Z356.5
G1 E17 F9000
;TYPE:Sparse infill
;WIDTH:3.2
G1 F2779.614
G1 X285.15 Y610.769 E49.70059
G1 X389.231 Y714.85 E635.45139
G1 X400.743 Y714.85 E49.70059
;WIPE_START
G1 F600
G1 X393.743 Y714.85 E-10
;WIPE_END
G1 Z357.5 F15000
G1 X285.15 Y436.447 Z357.5
G1 Z356.5
G1 E17 F9000
G1 F2779.614
G1 X285.15 Y447.96 E49.70059
G1 X552.04 Y714.85 E1629.46316
G1 X563.553 Y714.85 E49.70059
;WIPE_START
G1 F600
G1 X556.553 Y714.85 E-10
;WIPE_END
G1 Z357.5 F15000
G1 X714.85 Y599.257 Z357.5
G1 Z356.5
G1 E17 F9000
G1 F2779.614
G1 X714.85 Y610.769 E49.70059
G1 X610.769 Y714.85 E635.45139
G1 X599.257 Y714.85 E49.70059
;WIPE_START
G1 F600
G1 X606.257 Y714.85 E-10
;WIPE_END
G1 Z357.5 F15000
G1 X714.85 Y436.447 Z357.5
G1 Z356.5
G1 E17 F9000
G1 F2779.614
G1 X714.85 Y447.96 E49.70059
G1 X447.959 Y714.85 E1629.46317
G1 X436.447 Y714.85 E49.70059
;WIPE_START
G1 F600
G1 X443.447 Y714.85 E-10
;WIPE_END
G1 Z357.5 F15000
G1 X436.447 Y285.15 Z357.5
G1 Z356.5
G1 E17 F9000
G1 F2779.614
G1 X447.96 Y285.15 E49.70059
G1 X714.85 Y552.04 E1629.46316
G1 X714.85 Y563.553 E49.70059
;WIPE_START
G1 F600
G1 X714.85 Y556.553 E-10
;WIPE_END
G1 Z357.5 F15000
G1 X703.338 Y285.15 Z357.5
G1 Z356.5
G1 E17 F9000
G1 F2779.614
G1 X714.85 Y285.15 E49.70028
G1 X285.15 Y714.85 E2623.47449
G1 X296.662 Y714.85 E49.70028
M73 P82 R132
;WIPE_START
G1 F600
G1 X289.662 Y714.85 E-10
;WIPE_END
G1 Z357.5 F15000
G1 X296.662 Y285.15 Z357.5
G1 Z356.5
G1 E17 F9000
G1 F2779.614
G1 X285.15 Y285.15 E49.70059
G1 X714.85 Y714.85 E2623.47492
G1 X703.338 Y714.85 E49.70059
;WIPE_START
G1 F600
G1 X710.338 Y714.85 E-10
;WIPE_END
G1 Z357.5 F15000
G1 X599.257 Y285.15 Z357.5
G1 Z356.5
G1 E17 F9000
G1 F2779.614
G1 X610.769 Y285.15 E49.70059
G1 X714.85 Y389.231 E635.45139
G1 X714.85 Y400.743 E49.70059
;WIPE_START
G1 F600
G1 X714.85 Y393.743 E-10
;WIPE_END
G1 Z357.5 F15000
G1 X563.553 Y285.15 Z357.5
G1 Z356.5
G1 E17 F9000
G1 F2779.614
G1 X552.041 Y285.15 E49.70059
G1 X285.15 Y552.04 E1629.46316
G1 X285.15 Y563.553 E49.70059
;WIPE_START
G1 F600
G1 X285.15 Y556.553 E-10
;WIPE_END
G1 Z357.5 F15000
G1 X400.743 Y285.15 Z357.5
G1 Z356.5
G1 E17 F9000
G1 F2779.614
G1 X389.231 Y285.15 E49.70059
G1 X285.15 Y389.231 E635.45138
G1 X285.15 Y400.743 E49.70059
; stop printing object Cube id:0 copy 0
;LAYER_CHANGE
;Z:358
;HEIGHT:1.5
;BEFORE_LAYER_CHANGE
;358
G92 E0

EXCLUDE_OBJECT_END NAME=Cube_id_0_copy_0
;AFTER_LAYER_CHANGE
;358
;_SET_FAN_SPEED_CHANGING_LAYER
; printing object Cube id:0 copy 0
;WIPE_START
G1 F600
G1 X285.15 Y393.743 E-10
;WIPE_END
EXCLUDE_OBJECT_START NAME=Cube_id_0_copy_0
G1 Z359 F15000
G1 X282.703 Y282.703 Z359
G1 Z358
G1 E17 F9000
;TYPE:Outer wall
;WIDTH:3.2
G1 F2779.615
G1 X717.297 Y282.703 E1876.19945
G1 X717.297 Y717.297 E1876.19945
G1 X282.703 Y717.297 E1876.19945
M73 P82 R131
G1 X282.703 Y283.003 E1874.90431
;WIPE_START
G1 F600
G1 X289.703 Y282.999 E-10
;WIPE_END
G1 Z359 F15000
G1 X285.15 Y400.743 Z359
G1 Z358
G1 E17 F9000
;TYPE:Sparse infill
;WIDTH:3.2
G1 F2779.614
G1 X285.15 Y389.231 E49.70059
G1 X389.231 Y285.15 E635.45138
G1 X400.743 Y285.15 E49.70059
;WIPE_START
G1 F600
G1 X393.743 Y285.15 E-10
;WIPE_END
G1 Z359 F15000
G1 X285.15 Y563.553 Z359
G1 Z358
G1 E17 F9000
G1 F2779.614
G1 X285.15 Y552.04 E49.70059
G1 X552.041 Y285.15 E1629.46316
G1 X563.553 Y285.15 E49.70059
;WIPE_START
G1 F600
G1 X556.553 Y285.15 E-10
;WIPE_END
G1 Z359 F15000
G1 X714.85 Y400.743 Z359
G1 Z358
G1 E17 F9000
G1 F2779.614
G1 X714.85 Y389.231 E49.70059
G1 X610.769 Y285.15 E635.45139
G1 X599.257 Y285.15 E49.70059
;WIPE_START
G1 F600
G1 X606.257 Y285.15 E-10
;WIPE_END
G1 Z359 F15000
G1 X714.85 Y563.553 Z359
G1 Z358
G1 E17 F9000
G1 F2779.614
G1 X714.85 Y552.04 E49.70059
G1 X447.96 Y285.15 E1629.46316
G1 X436.447 Y285.15 E49.70059
M73 P82 R130
;WIPE_START
G1 F600
G1 X443.447 Y285.15 E-10
;WIPE_END
G1 Z359 F15000
G1 X436.447 Y714.85 Z359
G1 Z358
G1 E17 F9000
G1 F2779.614
G1 X447.959 Y714.85 E49.70059
G1 X714.85 Y447.96 E1629.46317
G1 X714.85 Y436.447 E49.70059
;WIPE_START
G1 F600
G1 X714.85 Y443.447 E-10
;WIPE_END
G1 Z359 F15000
G1 X703.338 Y714.85 Z359
G1 Z358
G1 E17 F9000
G1 F2779.614
G1 X714.85 Y714.85 E49.70059
G1 X285.15 Y285.15 E2623.47492
G1 X296.662 Y285.15 E49.70059
M73 P83 R130
;WIPE_START
G1 F600
G1 X289.662 Y285.15 E-10
;WIPE_END
G1 Z359 F15000
G1 X296.662 Y714.85 Z359
G1 Z358
G1 E17 F9000
G1 F2779.614
G1 X285.15 Y714.85 E49.70028
G1 X714.85 Y285.15 E2623.47449
G1 X703.338 Y285.15 E49.70028
;WIPE_START
G1 F600
G1 X710.338 Y285.15 E-10
;WIPE_END
G1 Z359 F15000
G1 X599.257 Y714.85 Z359
G1 Z358
G1 E17 F9000
G1 F2779.614
G1 X610.769 Y714.85 E49.70059
G1 X714.85 Y610.769 E635.45139
G1 X714.85 Y599.257 E49.70059
;WIPE_START
G1 F600
G1 X714.85 Y606.257 E-10
;WIPE_END
G1 Z359 F15000
G1 X563.553 Y714.85 Z359
G1 Z358
G1 E17 F9000
G1 F2779.614
G1 X552.04 Y714.85 E49.70059
G1 X285.15 Y447.96 E1629.46316
G1 X285.15 Y436.447 E49.70059
M73 P83 R129
;WIPE_START
G1 F600
G1 X285.15 Y443.447 E-10
;WIPE_END
G1 Z359 F15000
G1 X400.743 Y714.85 Z359
G1 Z358
G1 E17 F9000
G1 F2779.614
G1 X389.231 Y714.85 E49.70059
G1 X285.15 Y610.769 E635.45139
G1 X285.15 Y599.257 E49.70059
; stop printing object Cube id:0 copy 0
;LAYER_CHANGE
;Z:359.5
;HEIGHT:1.5
;BEFORE_LAYER_CHANGE
;359.5
G92 E0

EXCLUDE_OBJECT_END NAME=Cube_id_0_copy_0
;AFTER_LAYER_CHANGE
;359.5
;_SET_FAN_SPEED_CHANGING_LAYER
; printing object Cube id:0 copy 0
;WIPE_START
G1 F600
G1 X285.15 Y606.257 E-10
;WIPE_END
EXCLUDE_OBJECT_START NAME=Cube_id_0_copy_0
G1 Z360.5 F15000
G1 X282.703 Y717.297 Z360.5
G1 Z359.5
G1 E17 F9000
;TYPE:Outer wall
;WIDTH:3.2
G1 F2779.615
G1 X282.703 Y282.703 E1876.19945
G1 X717.297 Y282.703 E1876.19945
G1 X717.297 Y717.297 E1876.19945
G1 X283.003 Y717.297 E1874.90431
;WIPE_START
G1 F600
G1 X282.999 Y710.297 E-10
;WIPE_END
G1 Z360.5 F15000
G1 X285.15 Y599.257 Z360.5
G1 Z359.5
G1 E17 F9000
;TYPE:Sparse infill
;WIDTH:3.2
G1 F2779.614
G1 X285.15 Y610.769 E49.70059
G1 X389.231 Y714.85 E635.45139
G1 X400.743 Y714.85 E49.70059
M73 P83 R128
;WIPE_START
G1 F600
G1 X393.743 Y714.85 E-10
;WIPE_END
G1 Z360.5 F15000
G1 X285.15 Y436.447 Z360.5
G1 Z359.5
G1 E17 F9000
G1 F2779.614
G1 X285.15 Y447.96 E49.70059
G1 X552.04 Y714.85 E1629.46316
G1 X563.553 Y714.85 E49.70059
;WIPE_START
G1 F600
G1 X556.553 Y714.85 E-10
;WIPE_END
G1 Z360.5 F15000
G1 X714.85 Y599.257 Z360.5
G1 Z359.5
G1 E17 F9000
G1 F2779.614
G1 X714.85 Y610.769 E49.70059
G1 X610.769 Y714.85 E635.45139
G1 X599.257 Y714.85 E49.70059
;WIPE_START
G1 F600
G1 X606.257 Y714.85 E-10
;WIPE_END
G1 Z360.5 F15000
G1 X714.85 Y436.447 Z360.5
G1 Z359.5
G1 E17 F9000
G1 F2779.614
G1 X714.85 Y447.96 E49.70059
G1 X447.959 Y714.85 E1629.46317
G1 X436.447 Y714.85 E49.70059
;WIPE_START
G1 F600
G1 X443.447 Y714.85 E-10
;WIPE_END
G1 Z360.5 F15000
G1 X436.447 Y285.15 Z360.5
G1 Z359.5
G1 E17 F9000
G1 F2779.614
G1 X447.96 Y285.15 E49.70059
G1 X714.85 Y552.04 E1629.46316
G1 X714.85 Y563.553 E49.70059
;WIPE_START
G1 F600
G1 X714.85 Y556.553 E-10
;WIPE_END
G1 Z360.5 F15000
G1 X703.338 Y285.15 Z360.5
G1 Z359.5
G1 E17 F9000
G1 F2779.614
G1 X714.85 Y285.15 E49.70028
G1 X285.15 Y714.85 E2623.47449
G1 X296.662 Y714.85 E49.70028
;WIPE_START
G1 F600
G1 X289.662 Y714.85 E-10
;WIPE_END
G1 Z360.5 F15000
G1 X296.662 Y285.15 Z360.5
G1 Z359.5
M73 P83 R127
G1 E17 F9000
G1 F2779.614
G1 X285.15 Y285.15 E49.70059
G1 X714.85 Y714.85 E2623.47492
G1 X703.338 Y714.85 E49.70059
;WIPE_START
G1 F600
G1 X710.338 Y714.85 E-10
;WIPE_END
G1 Z360.5 F15000
G1 X599.257 Y285.15 Z360.5
G1 Z359.5
G1 E17 F9000
G1 F2779.614
G1 X610.769 Y285.15 E49.70059
G1 X714.85 Y389.231 E635.45139
G1 X714.85 Y400.743 E49.70059
;WIPE_START
G1 F600
G1 X714.85 Y393.743 E-10
;WIPE_END
G1 Z360.5 F15000
G1 X563.553 Y285.15 Z360.5
G1 Z359.5
G1 E17 F9000
G1 F2779.614
G1 X552.041 Y285.15 E49.70059
G1 X285.15 Y552.04 E1629.46316
G1 X285.15 Y563.553 E49.70059
;WIPE_START
G1 F600
G1 X285.15 Y556.553 E-10
;WIPE_END
G1 Z360.5 F15000
G1 X400.743 Y285.15 Z360.5
G1 Z359.5
G1 E17 F9000
G1 F2779.614
G1 X389.231 Y285.15 E49.70059
G1 X285.15 Y389.231 E635.45138
G1 X285.15 Y400.743 E49.70059
; stop printing object Cube id:0 copy 0
;LAYER_CHANGE
;Z:361
;HEIGHT:1.5
;BEFORE_LAYER_CHANGE
;361
G92 E0

EXCLUDE_OBJECT_END NAME=Cube_id_0_copy_0
;AFTER_LAYER_CHANGE
;361
;_SET_FAN_SPEED_CHANGING_LAYER
; printing object Cube id:0 copy 0
;WIPE_START
G1 F600
G1 X285.15 Y393.743 E-10
;WIPE_END
EXCLUDE_OBJECT_START NAME=Cube_id_0_copy_0
G1 Z362 F15000
G1 X282.703 Y282.703 Z362
G1 Z361
G1 E17 F9000
;TYPE:Outer wall
;WIDTH:3.2
G1 F2779.615
G1 X717.297 Y282.703 E1876.19945
G1 X717.297 Y717.297 E1876.19945
G1 X282.703 Y717.297 E1876.19945
M73 P83 R126
G1 X282.703 Y283.003 E1874.90431
;WIPE_START
G1 F600
G1 X289.703 Y282.999 E-10
;WIPE_END
G1 Z362 F15000
G1 X285.15 Y400.743 Z362
G1 Z361
G1 E17 F9000
;TYPE:Sparse infill
;WIDTH:3.2
G1 F2779.614
G1 X285.15 Y389.231 E49.70059
G1 X389.231 Y285.15 E635.45138
G1 X400.743 Y285.15 E49.70059
;WIPE_START
G1 F600
G1 X393.743 Y285.15 E-10
;WIPE_END
G1 Z362 F15000
G1 X285.15 Y563.553 Z362
G1 Z361
G1 E17 F9000
G1 F2779.614
G1 X285.15 Y552.04 E49.70059
G1 X552.041 Y285.15 E1629.46316
G1 X563.553 Y285.15 E49.70059
;WIPE_START
G1 F600
G1 X556.553 Y285.15 E-10
;WIPE_END
G1 Z362 F15000
G1 X714.85 Y400.743 Z362
G1 Z361
G1 E17 F9000
G1 F2779.614
G1 X714.85 Y389.231 E49.70059
G1 X610.769 Y285.15 E635.45139
G1 X599.257 Y285.15 E49.70059
;WIPE_START
G1 F600
G1 X606.257 Y285.15 E-10
;WIPE_END
G1 Z362 F15000
G1 X714.85 Y563.553 Z362
G1 Z361
G1 E17 F9000
G1 F2779.614
G1 X714.85 Y552.04 E49.70059
G1 X447.96 Y285.15 E1629.46316
G1 X436.447 Y285.15 E49.70059
;WIPE_START
G1 F600
G1 X443.447 Y285.15 E-10
;WIPE_END
G1 Z362 F15000
G1 X436.447 Y714.85 Z362
G1 Z361
G1 E17 F9000
M73 P83 R125
G1 F2779.614
G1 X447.959 Y714.85 E49.70059
G1 X714.85 Y447.96 E1629.46317
G1 X714.85 Y436.447 E49.70059
;WIPE_START
G1 F600
G1 X714.85 Y443.447 E-10
;WIPE_END
G1 Z362 F15000
G1 X703.338 Y714.85 Z362
G1 Z361
G1 E17 F9000
G1 F2779.614
G1 X714.85 Y714.85 E49.70059
G1 X285.15 Y285.15 E2623.47492
G1 X296.662 Y285.15 E49.70059
;WIPE_START
G1 F600
G1 X289.662 Y285.15 E-10
;WIPE_END
G1 Z362 F15000
G1 X296.662 Y714.85 Z362
G1 Z361
G1 E17 F9000
G1 F2779.614
G1 X285.15 Y714.85 E49.70028
G1 X714.85 Y285.15 E2623.47449
G1 X703.338 Y285.15 E49.70028
;WIPE_START
G1 F600
G1 X710.338 Y285.15 E-10
;WIPE_END
G1 Z362 F15000
G1 X599.257 Y714.85 Z362
G1 Z361
G1 E17 F9000
G1 F2779.614
G1 X610.769 Y714.85 E49.70059
G1 X714.85 Y610.769 E635.45139
G1 X714.85 Y599.257 E49.70059
;WIPE_START
G1 F600
G1 X714.85 Y606.257 E-10
;WIPE_END
G1 Z362 F15000
G1 X563.553 Y714.85 Z362
G1 Z361
G1 E17 F9000
G1 F2779.614
G1 X552.04 Y714.85 E49.70059
G1 X285.15 Y447.96 E1629.46316
G1 X285.15 Y436.447 E49.70059
M73 P83 R124
;WIPE_START
G1 F600
G1 X285.15 Y443.447 E-10
;WIPE_END
G1 Z362 F15000
G1 X400.743 Y714.85 Z362
G1 Z361
G1 E17 F9000
G1 F2779.614
G1 X389.231 Y714.85 E49.70059
G1 X285.15 Y610.769 E635.45139
G1 X285.15 Y599.257 E49.70059
; stop printing object Cube id:0 copy 0
;LAYER_CHANGE
;Z:362.5
;HEIGHT:1.5
;BEFORE_LAYER_CHANGE
;362.5
G92 E0

EXCLUDE_OBJECT_END NAME=Cube_id_0_copy_0
;AFTER_LAYER_CHANGE
;362.5
;_SET_FAN_SPEED_CHANGING_LAYER
; printing object Cube id:0 copy 0
;WIPE_START
G1 F600
G1 X285.15 Y606.257 E-10
;WIPE_END
EXCLUDE_OBJECT_START NAME=Cube_id_0_copy_0
G1 Z363.5 F15000
G1 X282.703 Y717.297 Z363.5
G1 Z362.5
G1 E17 F9000
;TYPE:Outer wall
;WIDTH:3.2
G1 F2779.615
G1 X282.703 Y282.703 E1876.19945
G1 X717.297 Y282.703 E1876.19945
G1 X717.297 Y717.297 E1876.19945
G1 X283.003 Y717.297 E1874.90431
;WIPE_START
G1 F600
G1 X282.999 Y710.297 E-10
;WIPE_END
G1 Z363.5 F15000
G1 X285.15 Y599.257 Z363.5
G1 Z362.5
G1 E17 F9000
;TYPE:Sparse infill
;WIDTH:3.2
G1 F2779.614
G1 X285.15 Y610.769 E49.70059
G1 X389.231 Y714.85 E635.45139
G1 X400.743 Y714.85 E49.70059
;WIPE_START
G1 F600
G1 X393.743 Y714.85 E-10
;WIPE_END
G1 Z363.5 F15000
G1 X285.15 Y436.447 Z363.5
G1 Z362.5
G1 E17 F9000
G1 F2779.614
G1 X285.15 Y447.96 E49.70059
G1 X552.04 Y714.85 E1629.46316
G1 X563.553 Y714.85 E49.70059
M73 P83 R123
;WIPE_START
G1 F600
G1 X556.553 Y714.85 E-10
;WIPE_END
G1 Z363.5 F15000
G1 X714.85 Y599.257 Z363.5
G1 Z362.5
G1 E17 F9000
G1 F2779.614
G1 X714.85 Y610.769 E49.70059
G1 X610.769 Y714.85 E635.45139
G1 X599.257 Y714.85 E49.70059
;WIPE_START
G1 F600
G1 X606.257 Y714.85 E-10
;WIPE_END
G1 Z363.5 F15000
G1 X714.85 Y436.447 Z363.5
G1 Z362.5
G1 E17 F9000
G1 F2779.614
G1 X714.85 Y447.96 E49.70059
G1 X447.959 Y714.85 E1629.46317
G1 X436.447 Y714.85 E49.70059
;WIPE_START
G1 F600
G1 X443.447 Y714.85 E-10
;WIPE_END
G1 Z363.5 F15000
G1 X436.447 Y285.15 Z363.5
G1 Z362.5
G1 E17 F9000
G1 F2779.614
G1 X447.96 Y285.15 E49.70059
G1 X714.85 Y552.04 E1629.46316
G1 X714.85 Y563.553 E49.70059
;WIPE_START
G1 F600
G1 X714.85 Y556.553 E-10
;WIPE_END
G1 Z363.5 F15000
G1 X703.338 Y285.15 Z363.5
G1 Z362.5
G1 E17 F9000
G1 F2779.614
G1 X714.85 Y285.15 E49.70028
G1 X285.15 Y714.85 E2623.47449
G1 X296.662 Y714.85 E49.70028
;WIPE_START
G1 F600
G1 X289.662 Y714.85 E-10
;WIPE_END
G1 Z363.5 F15000
G1 X296.662 Y285.15 Z363.5
G1 Z362.5
G1 E17 F9000
G1 F2779.614
G1 X285.15 Y285.15 E49.70059
G1 X714.85 Y714.85 E2623.47492
G1 X703.338 Y714.85 E49.70059
M73 P84 R122
;WIPE_START
G1 F600
G1 X710.338 Y714.85 E-10
;WIPE_END
G1 Z363.5 F15000
G1 X599.257 Y285.15 Z363.5
G1 Z362.5
G1 E17 F9000
G1 F2779.614
G1 X610.769 Y285.15 E49.70059
G1 X714.85 Y389.231 E635.45139
G1 X714.85 Y400.743 E49.70059
;WIPE_START
G1 F600
G1 X714.85 Y393.743 E-10
;WIPE_END
G1 Z363.5 F15000
G1 X563.553 Y285.15 Z363.5
G1 Z362.5
G1 E17 F9000
G1 F2779.614
G1 X552.041 Y285.15 E49.70059
G1 X285.15 Y552.04 E1629.46316
G1 X285.15 Y563.553 E49.70059
;WIPE_START
G1 F600
G1 X285.15 Y556.553 E-10
;WIPE_END
G1 Z363.5 F15000
G1 X400.743 Y285.15 Z363.5
G1 Z362.5
G1 E17 F9000
G1 F2779.614
G1 X389.231 Y285.15 E49.70059
G1 X285.15 Y389.231 E635.45138
G1 X285.15 Y400.743 E49.70059
; stop printing object Cube id:0 copy 0
;LAYER_CHANGE
;Z:364
;HEIGHT:1.5
;BEFORE_LAYER_CHANGE
;364
G92 E0

EXCLUDE_OBJECT_END NAME=Cube_id_0_copy_0
;AFTER_LAYER_CHANGE
;364
;_SET_FAN_SPEED_CHANGING_LAYER
; printing object Cube id:0 copy 0
;WIPE_START
G1 F600
G1 X285.15 Y393.743 E-10
;WIPE_END
EXCLUDE_OBJECT_START NAME=Cube_id_0_copy_0
G1 Z365 F15000
G1 X282.703 Y282.703 Z365
G1 Z364
G1 E17 F9000
;TYPE:Outer wall
;WIDTH:3.2
G1 F2779.615
G1 X717.297 Y282.703 E1876.19945
G1 X717.297 Y717.297 E1876.19945
G1 X282.703 Y717.297 E1876.19945
G1 X282.703 Y283.003 E1874.90431
M73 P84 R121
;WIPE_START
G1 F600
G1 X289.703 Y282.999 E-10
;WIPE_END
G1 Z365 F15000
G1 X285.15 Y400.743 Z365
G1 Z364
G1 E17 F9000
;TYPE:Sparse infill
;WIDTH:3.2
G1 F2779.614
G1 X285.15 Y389.231 E49.70059
G1 X389.231 Y285.15 E635.45138
G1 X400.743 Y285.15 E49.70059
;WIPE_START
G1 F600
G1 X393.743 Y285.15 E-10
;WIPE_END
G1 Z365 F15000
G1 X285.15 Y563.553 Z365
G1 Z364
G1 E17 F9000
G1 F2779.614
G1 X285.15 Y552.04 E49.70059
G1 X552.041 Y285.15 E1629.46316
G1 X563.553 Y285.15 E49.70059
;WIPE_START
G1 F600
G1 X556.553 Y285.15 E-10
;WIPE_END
G1 Z365 F15000
G1 X714.85 Y400.743 Z365
G1 Z364
G1 E17 F9000
G1 F2779.614
G1 X714.85 Y389.231 E49.70059
G1 X610.769 Y285.15 E635.45139
G1 X599.257 Y285.15 E49.70059
;WIPE_START
G1 F600
G1 X606.257 Y285.15 E-10
;WIPE_END
G1 Z365 F15000
G1 X714.85 Y563.553 Z365
G1 Z364
G1 E17 F9000
G1 F2779.614
G1 X714.85 Y552.04 E49.70059
G1 X447.96 Y285.15 E1629.46316
G1 X436.447 Y285.15 E49.70059
;WIPE_START
G1 F600
G1 X443.447 Y285.15 E-10
;WIPE_END
G1 Z365 F15000
G1 X436.447 Y714.85 Z365
G1 Z364
G1 E17 F9000
G1 F2779.614
G1 X447.959 Y714.85 E49.70059
G1 X714.85 Y447.96 E1629.46317
G1 X714.85 Y436.447 E49.70059
M73 P84 R120
;WIPE_START
G1 F600
G1 X714.85 Y443.447 E-10
;WIPE_END
G1 Z365 F15000
G1 X703.338 Y714.85 Z365
G1 Z364
G1 E17 F9000
G1 F2779.614
G1 X714.85 Y714.85 E49.70059
G1 X285.15 Y285.15 E2623.47492
G1 X296.662 Y285.15 E49.70059
;WIPE_START
G1 F600
G1 X289.662 Y285.15 E-10
;WIPE_END
G1 Z365 F15000
G1 X296.662 Y714.85 Z365
G1 Z364
G1 E17 F9000
G1 F2779.614
G1 X285.15 Y714.85 E49.70028
G1 X714.85 Y285.15 E2623.47449
G1 X703.338 Y285.15 E49.70028
;WIPE_START
G1 F600
G1 X710.338 Y285.15 E-10
;WIPE_END
G1 Z365 F15000
G1 X599.257 Y714.85 Z365
G1 Z364
G1 E17 F9000
G1 F2779.614
G1 X610.769 Y714.85 E49.70059
G1 X714.85 Y610.769 E635.45139
G1 X714.85 Y599.257 E49.70059
;WIPE_START
G1 F600
G1 X714.85 Y606.257 E-10
;WIPE_END
G1 Z365 F15000
G1 X563.553 Y714.85 Z365
G1 Z364
G1 E17 F9000
G1 F2779.614
G1 X552.04 Y714.85 E49.70059
G1 X285.15 Y447.96 E1629.46316
G1 X285.15 Y436.447 E49.70059
;WIPE_START
G1 F600
G1 X285.15 Y443.447 E-10
;WIPE_END
G1 Z365 F15000
G1 X400.743 Y714.85 Z365
G1 Z364
G1 E17 F9000
G1 F2779.614
G1 X389.231 Y714.85 E49.70059
G1 X285.15 Y610.769 E635.45139
G1 X285.15 Y599.257 E49.70059
M73 P84 R119
; stop printing object Cube id:0 copy 0
;LAYER_CHANGE
;Z:365.5
;HEIGHT:1.5
;BEFORE_LAYER_CHANGE
;365.5
G92 E0

EXCLUDE_OBJECT_END NAME=Cube_id_0_copy_0
;AFTER_LAYER_CHANGE
;365.5
;_SET_FAN_SPEED_CHANGING_LAYER
; printing object Cube id:0 copy 0
;WIPE_START
G1 F600
G1 X285.15 Y606.257 E-10
;WIPE_END
EXCLUDE_OBJECT_START NAME=Cube_id_0_copy_0
G1 Z366.5 F15000
G1 X282.703 Y717.297 Z366.5
G1 Z365.5
G1 E17 F9000
;TYPE:Outer wall
;WIDTH:3.2
G1 F2779.615
G1 X282.703 Y282.703 E1876.19945
G1 X717.297 Y282.703 E1876.19945
G1 X717.297 Y717.297 E1876.19945
G1 X283.003 Y717.297 E1874.90431
;WIPE_START
G1 F600
G1 X282.999 Y710.297 E-10
;WIPE_END
G1 Z366.5 F15000
G1 X285.15 Y599.257 Z366.5
G1 Z365.5
G1 E17 F9000
;TYPE:Sparse infill
;WIDTH:3.2
G1 F2779.614
G1 X285.15 Y610.769 E49.70059
G1 X389.231 Y714.85 E635.45139
G1 X400.743 Y714.85 E49.70059
;WIPE_START
G1 F600
G1 X393.743 Y714.85 E-10
;WIPE_END
G1 Z366.5 F15000
G1 X285.15 Y436.447 Z366.5
G1 Z365.5
G1 E17 F9000
G1 F2779.614
G1 X285.15 Y447.96 E49.70059
G1 X552.04 Y714.85 E1629.46316
G1 X563.553 Y714.85 E49.70059
;WIPE_START
G1 F600
G1 X556.553 Y714.85 E-10
;WIPE_END
G1 Z366.5 F15000
M73 P84 R118
G1 X714.85 Y599.257 Z366.5
G1 Z365.5
G1 E17 F9000
G1 F2779.614
G1 X714.85 Y610.769 E49.70059
G1 X610.769 Y714.85 E635.45139
G1 X599.257 Y714.85 E49.70059
;WIPE_START
G1 F600
G1 X606.257 Y714.85 E-10
;WIPE_END
G1 Z366.5 F15000
G1 X714.85 Y436.447 Z366.5
G1 Z365.5
G1 E17 F9000
G1 F2779.614
G1 X714.85 Y447.96 E49.70059
G1 X447.959 Y714.85 E1629.46317
G1 X436.447 Y714.85 E49.70059
;WIPE_START
G1 F600
G1 X443.447 Y714.85 E-10
;WIPE_END
G1 Z366.5 F15000
G1 X436.447 Y285.15 Z366.5
G1 Z365.5
G1 E17 F9000
G1 F2779.614
G1 X447.96 Y285.15 E49.70059
G1 X714.85 Y552.04 E1629.46316
G1 X714.85 Y563.553 E49.70059
;WIPE_START
G1 F600
G1 X714.85 Y556.553 E-10
;WIPE_END
G1 Z366.5 F15000
G1 X703.338 Y285.15 Z366.5
G1 Z365.5
G1 E17 F9000
G1 F2779.614
G1 X714.85 Y285.15 E49.70028
G1 X285.15 Y714.85 E2623.47449
G1 X296.662 Y714.85 E49.70028
;WIPE_START
G1 F600
G1 X289.662 Y714.85 E-10
;WIPE_END
G1 Z366.5 F15000
G1 X296.662 Y285.15 Z366.5
G1 Z365.5
G1 E17 F9000
G1 F2779.614
G1 X285.15 Y285.15 E49.70059
G1 X714.85 Y714.85 E2623.47492
G1 X703.338 Y714.85 E49.70059
M73 P84 R117
;WIPE_START
G1 F600
G1 X710.338 Y714.85 E-10
;WIPE_END
G1 Z366.5 F15000
G1 X599.257 Y285.15 Z366.5
G1 Z365.5
G1 E17 F9000
G1 F2779.614
G1 X610.769 Y285.15 E49.70059
G1 X714.85 Y389.231 E635.45139
G1 X714.85 Y400.743 E49.70059
;WIPE_START
G1 F600
G1 X714.85 Y393.743 E-10
;WIPE_END
G1 Z366.5 F15000
G1 X563.553 Y285.15 Z366.5
G1 Z365.5
G1 E17 F9000
G1 F2779.614
G1 X552.041 Y285.15 E49.70059
G1 X285.15 Y552.04 E1629.46316
G1 X285.15 Y563.553 E49.70059
;WIPE_START
G1 F600
G1 X285.15 Y556.553 E-10
;WIPE_END
G1 Z366.5 F15000
G1 X400.743 Y285.15 Z366.5
G1 Z365.5
G1 E17 F9000
G1 F2779.614
G1 X389.231 Y285.15 E49.70059
G1 X285.15 Y389.231 E635.45138
G1 X285.15 Y400.743 E49.70059
; stop printing object Cube id:0 copy 0
;LAYER_CHANGE
;Z:367
;HEIGHT:1.5
;BEFORE_LAYER_CHANGE
;367
G92 E0

EXCLUDE_OBJECT_END NAME=Cube_id_0_copy_0
;AFTER_LAYER_CHANGE
;367
;_SET_FAN_SPEED_CHANGING_LAYER
; printing object Cube id:0 copy 0
;WIPE_START
G1 F600
G1 X285.15 Y393.743 E-10
;WIPE_END
EXCLUDE_OBJECT_START NAME=Cube_id_0_copy_0
G1 Z368 F15000
G1 X282.703 Y282.703 Z368
G1 Z367
G1 E17 F9000
;TYPE:Outer wall
;WIDTH:3.2
G1 F2779.615
G1 X717.297 Y282.703 E1876.19945
G1 X717.297 Y717.297 E1876.19945
G1 X282.703 Y717.297 E1876.19945
G1 X282.703 Y283.003 E1874.90431
;WIPE_START
G1 F600
M73 P84 R116
G1 X289.703 Y282.999 E-10
;WIPE_END
G1 Z368 F15000
G1 X285.15 Y400.743 Z368
G1 Z367
G1 E17 F9000
;TYPE:Sparse infill
;WIDTH:3.2
G1 F2779.614
G1 X285.15 Y389.231 E49.70059
G1 X389.231 Y285.15 E635.45138
G1 X400.743 Y285.15 E49.70059
;WIPE_START
G1 F600
G1 X393.743 Y285.15 E-10
;WIPE_END
G1 Z368 F15000
G1 X285.15 Y563.553 Z368
G1 Z367
G1 E17 F9000
G1 F2779.614
G1 X285.15 Y552.04 E49.70059
G1 X552.041 Y285.15 E1629.46316
G1 X563.553 Y285.15 E49.70059
;WIPE_START
G1 F600
G1 X556.553 Y285.15 E-10
;WIPE_END
G1 Z368 F15000
G1 X714.85 Y400.743 Z368
G1 Z367
G1 E17 F9000
G1 F2779.614
G1 X714.85 Y389.231 E49.70059
G1 X610.769 Y285.15 E635.45139
G1 X599.257 Y285.15 E49.70059
;WIPE_START
G1 F600
G1 X606.257 Y285.15 E-10
;WIPE_END
G1 Z368 F15000
G1 X714.85 Y563.553 Z368
G1 Z367
G1 E17 F9000
G1 F2779.614
G1 X714.85 Y552.04 E49.70059
G1 X447.96 Y285.15 E1629.46316
G1 X436.447 Y285.15 E49.70059
;WIPE_START
G1 F600
G1 X443.447 Y285.15 E-10
;WIPE_END
G1 Z368 F15000
G1 X436.447 Y714.85 Z368
G1 Z367
G1 E17 F9000
G1 F2779.614
G1 X447.959 Y714.85 E49.70059
G1 X714.85 Y447.96 E1629.46317
G1 X714.85 Y436.447 E49.70059
;WIPE_START
G1 F600
G1 X714.85 Y443.447 E-10
;WIPE_END
G1 Z368 F15000
G1 X703.338 Y714.85 Z368
G1 Z367
G1 E17 F9000
G1 F2779.614
G1 X714.85 Y714.85 E49.70059
G1 X285.15 Y285.15 E2623.47492
G1 X296.662 Y285.15 E49.70059
M73 P84 R115
;WIPE_START
G1 F600
G1 X289.662 Y285.15 E-10
;WIPE_END
G1 Z368 F15000
G1 X296.662 Y714.85 Z368
G1 Z367
G1 E17 F9000
G1 F2779.614
G1 X285.15 Y714.85 E49.70028
G1 X714.85 Y285.15 E2623.47449
G1 X703.338 Y285.15 E49.70028
;WIPE_START
G1 F600
G1 X710.338 Y285.15 E-10
;WIPE_END
G1 Z368 F15000
G1 X599.257 Y714.85 Z368
G1 Z367
G1 E17 F9000
G1 F2779.614
G1 X610.769 Y714.85 E49.70059
G1 X714.85 Y610.769 E635.45139
G1 X714.85 Y599.257 E49.70059
;WIPE_START
G1 F600
G1 X714.85 Y606.257 E-10
;WIPE_END
G1 Z368 F15000
G1 X563.553 Y714.85 Z368
G1 Z367
G1 E17 F9000
G1 F2779.614
G1 X552.04 Y714.85 E49.70059
G1 X285.15 Y447.96 E1629.46316
G1 X285.15 Y436.447 E49.70059
M73 P85 R115
;WIPE_START
G1 F600
G1 X285.15 Y443.447 E-10
;WIPE_END
G1 Z368 F15000
G1 X400.743 Y714.85 Z368
G1 Z367
G1 E17 F9000
G1 F2779.614
G1 X389.231 Y714.85 E49.70059
G1 X285.15 Y610.769 E635.45139
G1 X285.15 Y599.257 E49.70059
; stop printing object Cube id:0 copy 0
;LAYER_CHANGE
;Z:368.5
;HEIGHT:1.5
;BEFORE_LAYER_CHANGE
;368.5
G92 E0

EXCLUDE_OBJECT_END NAME=Cube_id_0_copy_0
;AFTER_LAYER_CHANGE
;368.5
;_SET_FAN_SPEED_CHANGING_LAYER
; printing object Cube id:0 copy 0
;WIPE_START
G1 F600
G1 X285.15 Y606.257 E-10
;WIPE_END
EXCLUDE_OBJECT_START NAME=Cube_id_0_copy_0
G1 Z369.5 F15000
G1 X282.703 Y717.297 Z369.5
G1 Z368.5
G1 E17 F9000
;TYPE:Outer wall
;WIDTH:3.2
G1 F2779.615
G1 X282.703 Y282.703 E1876.19945
G1 X717.297 Y282.703 E1876.19945
M73 P85 R114
G1 X717.297 Y717.297 E1876.19945
G1 X283.003 Y717.297 E1874.90431
;WIPE_START
G1 F600
G1 X282.999 Y710.297 E-10
;WIPE_END
G1 Z369.5 F15000
G1 X285.15 Y599.257 Z369.5
G1 Z368.5
G1 E17 F9000
;TYPE:Sparse infill
;WIDTH:3.2
G1 F2779.614
G1 X285.15 Y610.769 E49.70059
G1 X389.231 Y714.85 E635.45139
G1 X400.743 Y714.85 E49.70059
;WIPE_START
G1 F600
G1 X393.743 Y714.85 E-10
;WIPE_END
G1 Z369.5 F15000
G1 X285.15 Y436.447 Z369.5
G1 Z368.5
G1 E17 F9000
G1 F2779.614
G1 X285.15 Y447.96 E49.70059
G1 X552.04 Y714.85 E1629.46316
G1 X563.553 Y714.85 E49.70059
;WIPE_START
G1 F600
G1 X556.553 Y714.85 E-10
;WIPE_END
G1 Z369.5 F15000
G1 X714.85 Y599.257 Z369.5
G1 Z368.5
G1 E17 F9000
G1 F2779.614
G1 X714.85 Y610.769 E49.70059
G1 X610.769 Y714.85 E635.45139
G1 X599.257 Y714.85 E49.70059
;WIPE_START
G1 F600
G1 X606.257 Y714.85 E-10
;WIPE_END
G1 Z369.5 F15000
M73 P85 R113
G1 X714.85 Y436.447 Z369.5
G1 Z368.5
G1 E17 F9000
G1 F2779.614
G1 X714.85 Y447.96 E49.70059
G1 X447.959 Y714.85 E1629.46317
G1 X436.447 Y714.85 E49.70059
;WIPE_START
G1 F600
G1 X443.447 Y714.85 E-10
;WIPE_END
G1 Z369.5 F15000
G1 X436.447 Y285.15 Z369.5
G1 Z368.5
G1 E17 F9000
G1 F2779.614
G1 X447.96 Y285.15 E49.70059
G1 X714.85 Y552.04 E1629.46316
G1 X714.85 Y563.553 E49.70059
;WIPE_START
G1 F600
G1 X714.85 Y556.553 E-10
;WIPE_END
G1 Z369.5 F15000
G1 X703.338 Y285.15 Z369.5
G1 Z368.5
G1 E17 F9000
G1 F2779.614
G1 X714.85 Y285.15 E49.70028
G1 X285.15 Y714.85 E2623.47449
G1 X296.662 Y714.85 E49.70028
;WIPE_START
G1 F600
G1 X289.662 Y714.85 E-10
;WIPE_END
G1 Z369.5 F15000
G1 X296.662 Y285.15 Z369.5
G1 Z368.5
G1 E17 F9000
G1 F2779.614
G1 X285.15 Y285.15 E49.70059
G1 X714.85 Y714.85 E2623.47492
G1 X703.338 Y714.85 E49.70059
;WIPE_START
G1 F600
G1 X710.338 Y714.85 E-10
;WIPE_END
G1 Z369.5 F15000
G1 X599.257 Y285.15 Z369.5
G1 Z368.5
M73 P85 R112
G1 E17 F9000
G1 F2779.614
G1 X610.769 Y285.15 E49.70059
G1 X714.85 Y389.231 E635.45139
G1 X714.85 Y400.743 E49.70059
;WIPE_START
G1 F600
G1 X714.85 Y393.743 E-10
;WIPE_END
G1 Z369.5 F15000
G1 X563.553 Y285.15 Z369.5
G1 Z368.5
G1 E17 F9000
G1 F2779.614
G1 X552.041 Y285.15 E49.70059
G1 X285.15 Y552.04 E1629.46316
G1 X285.15 Y563.553 E49.70059
;WIPE_START
G1 F600
G1 X285.15 Y556.553 E-10
;WIPE_END
G1 Z369.5 F15000
G1 X400.743 Y285.15 Z369.5
G1 Z368.5
G1 E17 F9000
G1 F2779.614
G1 X389.231 Y285.15 E49.70059
G1 X285.15 Y389.231 E635.45138
G1 X285.15 Y400.743 E49.70059
; stop printing object Cube id:0 copy 0
;LAYER_CHANGE
;Z:370
;HEIGHT:1.5
;BEFORE_LAYER_CHANGE
;370
G92 E0

EXCLUDE_OBJECT_END NAME=Cube_id_0_copy_0
;AFTER_LAYER_CHANGE
;370
;_SET_FAN_SPEED_CHANGING_LAYER
; printing object Cube id:0 copy 0
;WIPE_START
G1 F600
G1 X285.15 Y393.743 E-10
;WIPE_END
EXCLUDE_OBJECT_START NAME=Cube_id_0_copy_0
G1 Z371 F15000
G1 X282.703 Y282.703 Z371
G1 Z370
G1 E17 F9000
;TYPE:Outer wall
;WIDTH:3.2
G1 F2779.615
G1 X717.297 Y282.703 E1876.19945
G1 X717.297 Y717.297 E1876.19945
G1 X282.703 Y717.297 E1876.19945
G1 X282.703 Y283.003 E1874.90431
;WIPE_START
G1 F600
M73 P85 R111
G1 X289.703 Y282.999 E-10
;WIPE_END
G1 Z371 F15000
G1 X285.15 Y400.743 Z371
G1 Z370
G1 E17 F9000
;TYPE:Sparse infill
;WIDTH:3.2
G1 F2779.614
G1 X285.15 Y389.231 E49.70059
G1 X389.231 Y285.15 E635.45138
G1 X400.743 Y285.15 E49.70059
;WIPE_START
G1 F600
G1 X393.743 Y285.15 E-10
;WIPE_END
G1 Z371 F15000
G1 X285.15 Y563.553 Z371
G1 Z370
G1 E17 F9000
G1 F2779.614
G1 X285.15 Y552.04 E49.70059
G1 X552.041 Y285.15 E1629.46316
G1 X563.553 Y285.15 E49.70059
;WIPE_START
G1 F600
G1 X556.553 Y285.15 E-10
;WIPE_END
G1 Z371 F15000
G1 X714.85 Y400.743 Z371
G1 Z370
G1 E17 F9000
G1 F2779.614
G1 X714.85 Y389.231 E49.70059
G1 X610.769 Y285.15 E635.45139
G1 X599.257 Y285.15 E49.70059
;WIPE_START
G1 F600
G1 X606.257 Y285.15 E-10
;WIPE_END
G1 Z371 F15000
G1 X714.85 Y563.553 Z371
G1 Z370
G1 E17 F9000
G1 F2779.614
G1 X714.85 Y552.04 E49.70059
G1 X447.96 Y285.15 E1629.46316
G1 X436.447 Y285.15 E49.70059
;WIPE_START
G1 F600
G1 X443.447 Y285.15 E-10
;WIPE_END
G1 Z371 F15000
G1 X436.447 Y714.85 Z371
G1 Z370
G1 E17 F9000
G1 F2779.614
G1 X447.959 Y714.85 E49.70059
G1 X714.85 Y447.96 E1629.46317
G1 X714.85 Y436.447 E49.70059
;WIPE_START
G1 F600
G1 X714.85 Y443.447 E-10
;WIPE_END
G1 Z371 F15000
G1 X703.338 Y714.85 Z371
G1 Z370
G1 E17 F9000
G1 F2779.614
G1 X714.85 Y714.85 E49.70059
G1 X285.15 Y285.15 E2623.47492
G1 X296.662 Y285.15 E49.70059
M73 P85 R110
;WIPE_START
G1 F600
G1 X289.662 Y285.15 E-10
;WIPE_END
G1 Z371 F15000
G1 X296.662 Y714.85 Z371
G1 Z370
G1 E17 F9000
G1 F2779.614
G1 X285.15 Y714.85 E49.70028
G1 X714.85 Y285.15 E2623.47449
G1 X703.338 Y285.15 E49.70028
;WIPE_START
G1 F600
G1 X710.338 Y285.15 E-10
;WIPE_END
G1 Z371 F15000
G1 X599.257 Y714.85 Z371
G1 Z370
G1 E17 F9000
G1 F2779.614
G1 X610.769 Y714.85 E49.70059
G1 X714.85 Y610.769 E635.45139
G1 X714.85 Y599.257 E49.70059
;WIPE_START
G1 F600
G1 X714.85 Y606.257 E-10
;WIPE_END
G1 Z371 F15000
G1 X563.553 Y714.85 Z371
G1 Z370
G1 E17 F9000
G1 F2779.614
G1 X552.04 Y714.85 E49.70059
G1 X285.15 Y447.96 E1629.46316
G1 X285.15 Y436.447 E49.70059
;WIPE_START
G1 F600
G1 X285.15 Y443.447 E-10
;WIPE_END
G1 Z371 F15000
G1 X400.743 Y714.85 Z371
G1 Z370
G1 E17 F9000
G1 F2779.614
G1 X389.231 Y714.85 E49.70059
G1 X285.15 Y610.769 E635.45139
G1 X285.15 Y599.257 E49.70059
; stop printing object Cube id:0 copy 0
;LAYER_CHANGE
;Z:371.5
;HEIGHT:1.5
;BEFORE_LAYER_CHANGE
;371.5
G92 E0

EXCLUDE_OBJECT_END NAME=Cube_id_0_copy_0
;AFTER_LAYER_CHANGE
;371.5
;_SET_FAN_SPEED_CHANGING_LAYER
; printing object Cube id:0 copy 0
;WIPE_START
G1 F600
G1 X285.15 Y606.257 E-10
;WIPE_END
EXCLUDE_OBJECT_START NAME=Cube_id_0_copy_0
G1 Z372.5 F15000
G1 X282.703 Y717.297 Z372.5
G1 Z371.5
G1 E17 F9000
;TYPE:Outer wall
;WIDTH:3.2
G1 F2779.615
G1 X282.703 Y282.703 E1876.19945
G1 X717.297 Y282.703 E1876.19945
M73 P85 R109
G1 X717.297 Y717.297 E1876.19945
G1 X283.003 Y717.297 E1874.90431
;WIPE_START
G1 F600
G1 X282.999 Y710.297 E-10
;WIPE_END
G1 Z372.5 F15000
G1 X285.15 Y599.257 Z372.5
G1 Z371.5
G1 E17 F9000
;TYPE:Sparse infill
;WIDTH:3.2
G1 F2779.614
G1 X285.15 Y610.769 E49.70059
G1 X389.231 Y714.85 E635.45139
G1 X400.743 Y714.85 E49.70059
;WIPE_START
G1 F600
G1 X393.743 Y714.85 E-10
;WIPE_END
G1 Z372.5 F15000
G1 X285.15 Y436.447 Z372.5
G1 Z371.5
G1 E17 F9000
G1 F2779.614
G1 X285.15 Y447.96 E49.70059
G1 X552.04 Y714.85 E1629.46316
G1 X563.553 Y714.85 E49.70059
;WIPE_START
G1 F600
G1 X556.553 Y714.85 E-10
;WIPE_END
G1 Z372.5 F15000
G1 X714.85 Y599.257 Z372.5
G1 Z371.5
G1 E17 F9000
G1 F2779.614
G1 X714.85 Y610.769 E49.70059
G1 X610.769 Y714.85 E635.45139
G1 X599.257 Y714.85 E49.70059
;WIPE_START
G1 F600
G1 X606.257 Y714.85 E-10
;WIPE_END
G1 Z372.5 F15000
G1 X714.85 Y436.447 Z372.5
G1 Z371.5
G1 E17 F9000
G1 F2779.614
G1 X714.85 Y447.96 E49.70059
G1 X447.959 Y714.85 E1629.46317
G1 X436.447 Y714.85 E49.70059
M73 P85 R108
;WIPE_START
G1 F600
G1 X443.447 Y714.85 E-10
;WIPE_END
G1 Z372.5 F15000
G1 X436.447 Y285.15 Z372.5
G1 Z371.5
G1 E17 F9000
G1 F2779.614
G1 X447.96 Y285.15 E49.70059
G1 X714.85 Y552.04 E1629.46316
G1 X714.85 Y563.553 E49.70059
;WIPE_START
G1 F600
G1 X714.85 Y556.553 E-10
;WIPE_END
G1 Z372.5 F15000
G1 X703.338 Y285.15 Z372.5
G1 Z371.5
G1 E17 F9000
G1 F2779.614
G1 X714.85 Y285.15 E49.70028
G1 X285.15 Y714.85 E2623.47449
G1 X296.662 Y714.85 E49.70028
;WIPE_START
G1 F600
G1 X289.662 Y714.85 E-10
;WIPE_END
G1 Z372.5 F15000
G1 X296.662 Y285.15 Z372.5
G1 Z371.5
G1 E17 F9000
G1 F2779.614
G1 X285.15 Y285.15 E49.70059
G1 X714.85 Y714.85 E2623.47492
G1 X703.338 Y714.85 E49.70059
;WIPE_START
G1 F600
G1 X710.338 Y714.85 E-10
;WIPE_END
G1 Z372.5 F15000
G1 X599.257 Y285.15 Z372.5
G1 Z371.5
G1 E17 F9000
G1 F2779.614
G1 X610.769 Y285.15 E49.70059
G1 X714.85 Y389.231 E635.45139
G1 X714.85 Y400.743 E49.70059
;WIPE_START
G1 F600
G1 X714.85 Y393.743 E-10
;WIPE_END
G1 Z372.5 F15000
G1 X563.553 Y285.15 Z372.5
G1 Z371.5
M73 P85 R107
G1 E17 F9000
G1 F2779.614
G1 X552.041 Y285.15 E49.70059
G1 X285.15 Y552.04 E1629.46316
G1 X285.15 Y563.553 E49.70059
;WIPE_START
G1 F600
G1 X285.15 Y556.553 E-10
;WIPE_END
G1 Z372.5 F15000
G1 X400.743 Y285.15 Z372.5
G1 Z371.5
G1 E17 F9000
G1 F2779.614
G1 X389.231 Y285.15 E49.70059
G1 X285.15 Y389.231 E635.45138
G1 X285.15 Y400.743 E49.70059
; stop printing object Cube id:0 copy 0
;LAYER_CHANGE
;Z:373
;HEIGHT:1.5
;BEFORE_LAYER_CHANGE
;373
G92 E0

EXCLUDE_OBJECT_END NAME=Cube_id_0_copy_0
;AFTER_LAYER_CHANGE
;373
;_SET_FAN_SPEED_CHANGING_LAYER
; printing object Cube id:0 copy 0
;WIPE_START
G1 F600
G1 X285.15 Y393.743 E-10
;WIPE_END
EXCLUDE_OBJECT_START NAME=Cube_id_0_copy_0
G1 Z374 F15000
G1 X282.703 Y282.703 Z374
G1 Z373
G1 E17 F9000
;TYPE:Outer wall
;WIDTH:3.2
G1 F2779.615
G1 X717.297 Y282.703 E1876.19945
G1 X717.297 Y717.297 E1876.19945
M73 P86 R107
G1 X282.703 Y717.297 E1876.19945
G1 X282.703 Y283.003 E1874.90431
;WIPE_START
G1 F600
G1 X289.703 Y282.999 E-10
;WIPE_END
G1 Z374 F15000
G1 X285.15 Y400.743 Z374
G1 Z373
G1 E17 F9000
;TYPE:Sparse infill
;WIDTH:3.2
G1 F2779.614
G1 X285.15 Y389.231 E49.70059
G1 X389.231 Y285.15 E635.45138
G1 X400.743 Y285.15 E49.70059
M73 P86 R106
;WIPE_START
G1 F600
G1 X393.743 Y285.15 E-10
;WIPE_END
G1 Z374 F15000
G1 X285.15 Y563.553 Z374
G1 Z373
G1 E17 F9000
G1 F2779.614
G1 X285.15 Y552.04 E49.70059
G1 X552.041 Y285.15 E1629.46316
G1 X563.553 Y285.15 E49.70059
;WIPE_START
G1 F600
G1 X556.553 Y285.15 E-10
;WIPE_END
G1 Z374 F15000
G1 X714.85 Y400.743 Z374
G1 Z373
G1 E17 F9000
G1 F2779.614
G1 X714.85 Y389.231 E49.70059
G1 X610.769 Y285.15 E635.45139
G1 X599.257 Y285.15 E49.70059
;WIPE_START
G1 F600
G1 X606.257 Y285.15 E-10
;WIPE_END
G1 Z374 F15000
G1 X714.85 Y563.553 Z374
G1 Z373
G1 E17 F9000
G1 F2779.614
G1 X714.85 Y552.04 E49.70059
G1 X447.96 Y285.15 E1629.46316
G1 X436.447 Y285.15 E49.70059
;WIPE_START
G1 F600
G1 X443.447 Y285.15 E-10
;WIPE_END
G1 Z374 F15000
G1 X436.447 Y714.85 Z374
G1 Z373
G1 E17 F9000
G1 F2779.614
G1 X447.959 Y714.85 E49.70059
G1 X714.85 Y447.96 E1629.46317
G1 X714.85 Y436.447 E49.70059
;WIPE_START
G1 F600
G1 X714.85 Y443.447 E-10
;WIPE_END
G1 Z374 F15000
G1 X703.338 Y714.85 Z374
G1 Z373
G1 E17 F9000
G1 F2779.614
G1 X714.85 Y714.85 E49.70059
G1 X285.15 Y285.15 E2623.47492
G1 X296.662 Y285.15 E49.70059
M73 P86 R105
;WIPE_START
G1 F600
G1 X289.662 Y285.15 E-10
;WIPE_END
G1 Z374 F15000
G1 X296.662 Y714.85 Z374
G1 Z373
G1 E17 F9000
G1 F2779.614
G1 X285.15 Y714.85 E49.70028
G1 X714.85 Y285.15 E2623.47449
G1 X703.338 Y285.15 E49.70028
;WIPE_START
G1 F600
G1 X710.338 Y285.15 E-10
;WIPE_END
G1 Z374 F15000
G1 X599.257 Y714.85 Z374
G1 Z373
G1 E17 F9000
G1 F2779.614
G1 X610.769 Y714.85 E49.70059
G1 X714.85 Y610.769 E635.45139
G1 X714.85 Y599.257 E49.70059
;WIPE_START
G1 F600
G1 X714.85 Y606.257 E-10
;WIPE_END
G1 Z374 F15000
G1 X563.553 Y714.85 Z374
G1 Z373
G1 E17 F9000
G1 F2779.614
G1 X552.04 Y714.85 E49.70059
G1 X285.15 Y447.96 E1629.46316
G1 X285.15 Y436.447 E49.70059
;WIPE_START
G1 F600
G1 X285.15 Y443.447 E-10
;WIPE_END
G1 Z374 F15000
G1 X400.743 Y714.85 Z374
G1 Z373
G1 E17 F9000
G1 F2779.614
G1 X389.231 Y714.85 E49.70059
G1 X285.15 Y610.769 E635.45139
G1 X285.15 Y599.257 E49.70059
; stop printing object Cube id:0 copy 0
;LAYER_CHANGE
;Z:374.5
;HEIGHT:1.5
;BEFORE_LAYER_CHANGE
;374.5
G92 E0

EXCLUDE_OBJECT_END NAME=Cube_id_0_copy_0
;AFTER_LAYER_CHANGE
;374.5
;_SET_FAN_SPEED_CHANGING_LAYER
; printing object Cube id:0 copy 0
;WIPE_START
G1 F600
G1 X285.15 Y606.257 E-10
;WIPE_END
EXCLUDE_OBJECT_START NAME=Cube_id_0_copy_0
G1 Z375.5 F15000
G1 X282.703 Y717.297 Z375.5
G1 Z374.5
G1 E17 F9000
;TYPE:Outer wall
;WIDTH:3.2
G1 F2779.615
G1 X282.703 Y282.703 E1876.19945
G1 X717.297 Y282.703 E1876.19945
G1 X717.297 Y717.297 E1876.19945
M73 P86 R104
G1 X283.003 Y717.297 E1874.90431
;WIPE_START
G1 F600
G1 X282.999 Y710.297 E-10
;WIPE_END
G1 Z375.5 F15000
G1 X285.15 Y599.257 Z375.5
G1 Z374.5
G1 E17 F9000
;TYPE:Sparse infill
;WIDTH:3.2
G1 F2779.614
G1 X285.15 Y610.769 E49.70059
G1 X389.231 Y714.85 E635.45139
G1 X400.743 Y714.85 E49.70059
;WIPE_START
G1 F600
G1 X393.743 Y714.85 E-10
;WIPE_END
G1 Z375.5 F15000
G1 X285.15 Y436.447 Z375.5
G1 Z374.5
G1 E17 F9000
G1 F2779.614
G1 X285.15 Y447.96 E49.70059
G1 X552.04 Y714.85 E1629.46316
G1 X563.553 Y714.85 E49.70059
;WIPE_START
G1 F600
G1 X556.553 Y714.85 E-10
;WIPE_END
G1 Z375.5 F15000
G1 X714.85 Y599.257 Z375.5
G1 Z374.5
G1 E17 F9000
G1 F2779.614
G1 X714.85 Y610.769 E49.70059
G1 X610.769 Y714.85 E635.45139
G1 X599.257 Y714.85 E49.70059
;WIPE_START
G1 F600
G1 X606.257 Y714.85 E-10
;WIPE_END
G1 Z375.5 F15000
G1 X714.85 Y436.447 Z375.5
G1 Z374.5
G1 E17 F9000
G1 F2779.614
G1 X714.85 Y447.96 E49.70059
G1 X447.959 Y714.85 E1629.46317
G1 X436.447 Y714.85 E49.70059
;WIPE_START
G1 F600
G1 X443.447 Y714.85 E-10
;WIPE_END
G1 Z375.5 F15000
G1 X436.447 Y285.15 Z375.5
G1 Z374.5
M73 P86 R103
G1 E17 F9000
G1 F2779.614
G1 X447.96 Y285.15 E49.70059
G1 X714.85 Y552.04 E1629.46316
G1 X714.85 Y563.553 E49.70059
;WIPE_START
G1 F600
G1 X714.85 Y556.553 E-10
;WIPE_END
G1 Z375.5 F15000
G1 X703.338 Y285.15 Z375.5
G1 Z374.5
G1 E17 F9000
G1 F2779.614
G1 X714.85 Y285.15 E49.70028
G1 X285.15 Y714.85 E2623.47449
G1 X296.662 Y714.85 E49.70028
;WIPE_START
G1 F600
G1 X289.662 Y714.85 E-10
;WIPE_END
G1 Z375.5 F15000
G1 X296.662 Y285.15 Z375.5
G1 Z374.5
G1 E17 F9000
G1 F2779.614
G1 X285.15 Y285.15 E49.70059
G1 X714.85 Y714.85 E2623.47492
G1 X703.338 Y714.85 E49.70059
;WIPE_START
G1 F600
G1 X710.338 Y714.85 E-10
;WIPE_END
G1 Z375.5 F15000
G1 X599.257 Y285.15 Z375.5
G1 Z374.5
G1 E17 F9000
G1 F2779.614
G1 X610.769 Y285.15 E49.70059
G1 X714.85 Y389.231 E635.45139
G1 X714.85 Y400.743 E49.70059
;WIPE_START
G1 F600
G1 X714.85 Y393.743 E-10
;WIPE_END
G1 Z375.5 F15000
G1 X563.553 Y285.15 Z375.5
G1 Z374.5
G1 E17 F9000
G1 F2779.614
G1 X552.041 Y285.15 E49.70059
G1 X285.15 Y552.04 E1629.46316
G1 X285.15 Y563.553 E49.70059
M73 P86 R102
;WIPE_START
G1 F600
G1 X285.15 Y556.553 E-10
;WIPE_END
G1 Z375.5 F15000
G1 X400.743 Y285.15 Z375.5
G1 Z374.5
G1 E17 F9000
G1 F2779.614
G1 X389.231 Y285.15 E49.70059
G1 X285.15 Y389.231 E635.45138
G1 X285.15 Y400.743 E49.70059
; stop printing object Cube id:0 copy 0
;LAYER_CHANGE
;Z:376
;HEIGHT:1.5
;BEFORE_LAYER_CHANGE
;376
G92 E0

EXCLUDE_OBJECT_END NAME=Cube_id_0_copy_0
;AFTER_LAYER_CHANGE
;376
;_SET_FAN_SPEED_CHANGING_LAYER
; printing object Cube id:0 copy 0
;WIPE_START
G1 F600
G1 X285.15 Y393.743 E-10
;WIPE_END
EXCLUDE_OBJECT_START NAME=Cube_id_0_copy_0
G1 Z377 F15000
G1 X282.703 Y282.703 Z377
G1 Z376
G1 E17 F9000
;TYPE:Outer wall
;WIDTH:3.2
G1 F2779.615
G1 X717.297 Y282.703 E1876.19945
G1 X717.297 Y717.297 E1876.19945
G1 X282.703 Y717.297 E1876.19945
G1 X282.703 Y283.003 E1874.90431
;WIPE_START
G1 F600
G1 X289.703 Y282.999 E-10
;WIPE_END
G1 Z377 F15000
G1 X285.15 Y400.743 Z377
G1 Z376
G1 E17 F9000
;TYPE:Sparse infill
;WIDTH:3.2
G1 F2779.614
G1 X285.15 Y389.231 E49.70059
G1 X389.231 Y285.15 E635.45138
G1 X400.743 Y285.15 E49.70059
;WIPE_START
G1 F600
G1 X393.743 Y285.15 E-10
;WIPE_END
G1 Z377 F15000
G1 X285.15 Y563.553 Z377
G1 Z376
G1 E17 F9000
G1 F2779.614
G1 X285.15 Y552.04 E49.70059
G1 X552.041 Y285.15 E1629.46316
G1 X563.553 Y285.15 E49.70059
M73 P86 R101
;WIPE_START
G1 F600
G1 X556.553 Y285.15 E-10
;WIPE_END
G1 Z377 F15000
G1 X714.85 Y400.743 Z377
G1 Z376
G1 E17 F9000
G1 F2779.614
G1 X714.85 Y389.231 E49.70059
G1 X610.769 Y285.15 E635.45139
G1 X599.257 Y285.15 E49.70059
;WIPE_START
G1 F600
G1 X606.257 Y285.15 E-10
;WIPE_END
G1 Z377 F15000
G1 X714.85 Y563.553 Z377
G1 Z376
G1 E17 F9000
G1 F2779.614
G1 X714.85 Y552.04 E49.70059
G1 X447.96 Y285.15 E1629.46316
G1 X436.447 Y285.15 E49.70059
;WIPE_START
G1 F600
G1 X443.447 Y285.15 E-10
;WIPE_END
G1 Z377 F15000
G1 X436.447 Y714.85 Z377
G1 Z376
G1 E17 F9000
G1 F2779.614
G1 X447.959 Y714.85 E49.70059
G1 X714.85 Y447.96 E1629.46317
G1 X714.85 Y436.447 E49.70059
;WIPE_START
G1 F600
G1 X714.85 Y443.447 E-10
;WIPE_END
G1 Z377 F15000
G1 X703.338 Y714.85 Z377
G1 Z376
G1 E17 F9000
G1 F2779.614
G1 X714.85 Y714.85 E49.70059
G1 X285.15 Y285.15 E2623.47492
G1 X296.662 Y285.15 E49.70059
;WIPE_START
G1 F600
G1 X289.662 Y285.15 E-10
;WIPE_END
G1 Z377 F15000
G1 X296.662 Y714.85 Z377
G1 Z376
G1 E17 F9000
G1 F2779.614
G1 X285.15 Y714.85 E49.70028
G1 X714.85 Y285.15 E2623.47449
G1 X703.338 Y285.15 E49.70028
M73 P86 R100
;WIPE_START
G1 F600
G1 X710.338 Y285.15 E-10
;WIPE_END
G1 Z377 F15000
G1 X599.257 Y714.85 Z377
G1 Z376
G1 E17 F9000
G1 F2779.614
G1 X610.769 Y714.85 E49.70059
G1 X714.85 Y610.769 E635.45139
G1 X714.85 Y599.257 E49.70059
;WIPE_START
G1 F600
G1 X714.85 Y606.257 E-10
;WIPE_END
G1 Z377 F15000
G1 X563.553 Y714.85 Z377
G1 Z376
G1 E17 F9000
G1 F2779.614
G1 X552.04 Y714.85 E49.70059
G1 X285.15 Y447.96 E1629.46316
G1 X285.15 Y436.447 E49.70059
;WIPE_START
G1 F600
G1 X285.15 Y443.447 E-10
;WIPE_END
G1 Z377 F15000
G1 X400.743 Y714.85 Z377
G1 Z376
G1 E17 F9000
G1 F2779.614
G1 X389.231 Y714.85 E49.70059
G1 X285.15 Y610.769 E635.45139
G1 X285.15 Y599.257 E49.70059
; stop printing object Cube id:0 copy 0
;LAYER_CHANGE
;Z:377.5
;HEIGHT:1.5
;BEFORE_LAYER_CHANGE
;377.5
G92 E0

EXCLUDE_OBJECT_END NAME=Cube_id_0_copy_0
;AFTER_LAYER_CHANGE
;377.5
;_SET_FAN_SPEED_CHANGING_LAYER
; printing object Cube id:0 copy 0
;WIPE_START
G1 F600
G1 X285.15 Y606.257 E-10
;WIPE_END
EXCLUDE_OBJECT_START NAME=Cube_id_0_copy_0
G1 Z378.5 F15000
G1 X282.703 Y717.297 Z378.5
G1 Z377.5
G1 E17 F9000
;TYPE:Outer wall
;WIDTH:3.2
G1 F2779.615
G1 X282.703 Y282.703 E1876.19945
G1 X717.297 Y282.703 E1876.19945
G1 X717.297 Y717.297 E1876.19945
G1 X283.003 Y717.297 E1874.90431
M73 P87 R99
;WIPE_START
G1 F600
G1 X282.999 Y710.297 E-10
;WIPE_END
G1 Z378.5 F15000
G1 X285.15 Y599.257 Z378.5
G1 Z377.5
G1 E17 F9000
;TYPE:Sparse infill
;WIDTH:3.2
G1 F2779.614
G1 X285.15 Y610.769 E49.70059
G1 X389.231 Y714.85 E635.45139
G1 X400.743 Y714.85 E49.70059
;WIPE_START
G1 F600
G1 X393.743 Y714.85 E-10
;WIPE_END
G1 Z378.5 F15000
G1 X285.15 Y436.447 Z378.5
G1 Z377.5
G1 E17 F9000
G1 F2779.614
G1 X285.15 Y447.96 E49.70059
G1 X552.04 Y714.85 E1629.46316
G1 X563.553 Y714.85 E49.70059
;WIPE_START
G1 F600
G1 X556.553 Y714.85 E-10
;WIPE_END
G1 Z378.5 F15000
G1 X714.85 Y599.257 Z378.5
G1 Z377.5
G1 E17 F9000
G1 F2779.614
G1 X714.85 Y610.769 E49.70059
G1 X610.769 Y714.85 E635.45139
G1 X599.257 Y714.85 E49.70059
;WIPE_START
G1 F600
G1 X606.257 Y714.85 E-10
;WIPE_END
G1 Z378.5 F15000
G1 X714.85 Y436.447 Z378.5
G1 Z377.5
G1 E17 F9000
G1 F2779.614
G1 X714.85 Y447.96 E49.70059
G1 X447.959 Y714.85 E1629.46317
G1 X436.447 Y714.85 E49.70059
;WIPE_START
G1 F600
G1 X443.447 Y714.85 E-10
;WIPE_END
G1 Z378.5 F15000
G1 X436.447 Y285.15 Z378.5
G1 Z377.5
G1 E17 F9000
G1 F2779.614
G1 X447.96 Y285.15 E49.70059
G1 X714.85 Y552.04 E1629.46316
G1 X714.85 Y563.553 E49.70059
M73 P87 R98
;WIPE_START
G1 F600
G1 X714.85 Y556.553 E-10
;WIPE_END
G1 Z378.5 F15000
G1 X703.338 Y285.15 Z378.5
G1 Z377.5
G1 E17 F9000
G1 F2779.614
G1 X714.85 Y285.15 E49.70028
G1 X285.15 Y714.85 E2623.47449
G1 X296.662 Y714.85 E49.70028
;WIPE_START
G1 F600
G1 X289.662 Y714.85 E-10
;WIPE_END
G1 Z378.5 F15000
G1 X296.662 Y285.15 Z378.5
G1 Z377.5
G1 E17 F9000
G1 F2779.614
G1 X285.15 Y285.15 E49.70059
G1 X714.85 Y714.85 E2623.47492
G1 X703.338 Y714.85 E49.70059
;WIPE_START
G1 F600
G1 X710.338 Y714.85 E-10
;WIPE_END
G1 Z378.5 F15000
G1 X599.257 Y285.15 Z378.5
G1 Z377.5
G1 E17 F9000
G1 F2779.614
G1 X610.769 Y285.15 E49.70059
G1 X714.85 Y389.231 E635.45139
G1 X714.85 Y400.743 E49.70059
;WIPE_START
G1 F600
G1 X714.85 Y393.743 E-10
;WIPE_END
G1 Z378.5 F15000
G1 X563.553 Y285.15 Z378.5
G1 Z377.5
G1 E17 F9000
G1 F2779.614
G1 X552.041 Y285.15 E49.70059
G1 X285.15 Y552.04 E1629.46316
G1 X285.15 Y563.553 E49.70059
;WIPE_START
G1 F600
G1 X285.15 Y556.553 E-10
;WIPE_END
G1 Z378.5 F15000
G1 X400.743 Y285.15 Z378.5
G1 Z377.5
G1 E17 F9000
G1 F2779.614
G1 X389.231 Y285.15 E49.70059
G1 X285.15 Y389.231 E635.45138
M73 P87 R97
G1 X285.15 Y400.743 E49.70059
; stop printing object Cube id:0 copy 0
;LAYER_CHANGE
;Z:379
;HEIGHT:1.5
;BEFORE_LAYER_CHANGE
;379
G92 E0

EXCLUDE_OBJECT_END NAME=Cube_id_0_copy_0
;AFTER_LAYER_CHANGE
;379
;_SET_FAN_SPEED_CHANGING_LAYER
; printing object Cube id:0 copy 0
;WIPE_START
G1 F600
G1 X285.15 Y393.743 E-10
;WIPE_END
EXCLUDE_OBJECT_START NAME=Cube_id_0_copy_0
G1 Z380 F15000
G1 X282.703 Y282.703 Z380
G1 Z379
G1 E17 F9000
;TYPE:Outer wall
;WIDTH:3.2
G1 F2779.615
G1 X717.297 Y282.703 E1876.19945
G1 X717.297 Y717.297 E1876.19945
G1 X282.703 Y717.297 E1876.19945
G1 X282.703 Y283.003 E1874.90431
;WIPE_START
G1 F600
G1 X289.703 Y282.999 E-10
;WIPE_END
G1 Z380 F15000
G1 X285.15 Y400.743 Z380
G1 Z379
G1 E17 F9000
;TYPE:Sparse infill
;WIDTH:3.2
G1 F2779.614
G1 X285.15 Y389.231 E49.70059
G1 X389.231 Y285.15 E635.45138
G1 X400.743 Y285.15 E49.70059
;WIPE_START
G1 F600
G1 X393.743 Y285.15 E-10
;WIPE_END
G1 Z380 F15000
G1 X285.15 Y563.553 Z380
G1 Z379
G1 E17 F9000
G1 F2779.614
G1 X285.15 Y552.04 E49.70059
G1 X552.041 Y285.15 E1629.46316
G1 X563.553 Y285.15 E49.70059
M73 P87 R96
;WIPE_START
G1 F600
G1 X556.553 Y285.15 E-10
;WIPE_END
G1 Z380 F15000
G1 X714.85 Y400.743 Z380
G1 Z379
G1 E17 F9000
G1 F2779.614
G1 X714.85 Y389.231 E49.70059
G1 X610.769 Y285.15 E635.45139
G1 X599.257 Y285.15 E49.70059
;WIPE_START
G1 F600
G1 X606.257 Y285.15 E-10
;WIPE_END
G1 Z380 F15000
G1 X714.85 Y563.553 Z380
G1 Z379
G1 E17 F9000
G1 F2779.614
G1 X714.85 Y552.04 E49.70059
G1 X447.96 Y285.15 E1629.46316
G1 X436.447 Y285.15 E49.70059
;WIPE_START
G1 F600
G1 X443.447 Y285.15 E-10
;WIPE_END
G1 Z380 F15000
G1 X436.447 Y714.85 Z380
G1 Z379
G1 E17 F9000
G1 F2779.614
G1 X447.959 Y714.85 E49.70059
G1 X714.85 Y447.96 E1629.46317
G1 X714.85 Y436.447 E49.70059
;WIPE_START
G1 F600
G1 X714.85 Y443.447 E-10
;WIPE_END
G1 Z380 F15000
G1 X703.338 Y714.85 Z380
G1 Z379
G1 E17 F9000
G1 F2779.614
G1 X714.85 Y714.85 E49.70059
G1 X285.15 Y285.15 E2623.47492
G1 X296.662 Y285.15 E49.70059
;WIPE_START
G1 F600
G1 X289.662 Y285.15 E-10
;WIPE_END
G1 Z380 F15000
G1 X296.662 Y714.85 Z380
G1 Z379
G1 E17 F9000
G1 F2779.614
G1 X285.15 Y714.85 E49.70028
G1 X714.85 Y285.15 E2623.47449
G1 X703.338 Y285.15 E49.70028
M73 P87 R95
;WIPE_START
G1 F600
G1 X710.338 Y285.15 E-10
;WIPE_END
G1 Z380 F15000
G1 X599.257 Y714.85 Z380
G1 Z379
G1 E17 F9000
G1 F2779.614
G1 X610.769 Y714.85 E49.70059
G1 X714.85 Y610.769 E635.45139
G1 X714.85 Y599.257 E49.70059
;WIPE_START
G1 F600
G1 X714.85 Y606.257 E-10
;WIPE_END
G1 Z380 F15000
G1 X563.553 Y714.85 Z380
G1 Z379
G1 E17 F9000
G1 F2779.614
G1 X552.04 Y714.85 E49.70059
G1 X285.15 Y447.96 E1629.46316
G1 X285.15 Y436.447 E49.70059
;WIPE_START
G1 F600
G1 X285.15 Y443.447 E-10
;WIPE_END
G1 Z380 F15000
G1 X400.743 Y714.85 Z380
G1 Z379
G1 E17 F9000
G1 F2779.614
G1 X389.231 Y714.85 E49.70059
G1 X285.15 Y610.769 E635.45139
G1 X285.15 Y599.257 E49.70059
; stop printing object Cube id:0 copy 0
;LAYER_CHANGE
;Z:380.5
;HEIGHT:1.5
;BEFORE_LAYER_CHANGE
;380.5
G92 E0

EXCLUDE_OBJECT_END NAME=Cube_id_0_copy_0
;AFTER_LAYER_CHANGE
;380.5
;_SET_FAN_SPEED_CHANGING_LAYER
; printing object Cube id:0 copy 0
;WIPE_START
G1 F600
G1 X285.15 Y606.257 E-10
;WIPE_END
EXCLUDE_OBJECT_START NAME=Cube_id_0_copy_0
G1 Z381.5 F15000
G1 X282.703 Y717.297 Z381.5
G1 Z380.5
G1 E17 F9000
;TYPE:Outer wall
;WIDTH:3.2
G1 F2779.615
G1 X282.703 Y282.703 E1876.19945
G1 X717.297 Y282.703 E1876.19945
G1 X717.297 Y717.297 E1876.19945
G1 X283.003 Y717.297 E1874.90431
M73 P87 R94
;WIPE_START
G1 F600
G1 X282.999 Y710.297 E-10
;WIPE_END
G1 Z381.5 F15000
G1 X285.15 Y599.257 Z381.5
G1 Z380.5
G1 E17 F9000
;TYPE:Sparse infill
;WIDTH:3.2
G1 F2779.614
G1 X285.15 Y610.769 E49.70059
G1 X389.231 Y714.85 E635.45139
G1 X400.743 Y714.85 E49.70059
;WIPE_START
G1 F600
G1 X393.743 Y714.85 E-10
;WIPE_END
G1 Z381.5 F15000
G1 X285.15 Y436.447 Z381.5
G1 Z380.5
G1 E17 F9000
G1 F2779.614
G1 X285.15 Y447.96 E49.70059
G1 X552.04 Y714.85 E1629.46316
G1 X563.553 Y714.85 E49.70059
;WIPE_START
G1 F600
G1 X556.553 Y714.85 E-10
;WIPE_END
G1 Z381.5 F15000
G1 X714.85 Y599.257 Z381.5
G1 Z380.5
G1 E17 F9000
G1 F2779.614
G1 X714.85 Y610.769 E49.70059
G1 X610.769 Y714.85 E635.45139
G1 X599.257 Y714.85 E49.70059
;WIPE_START
G1 F600
G1 X606.257 Y714.85 E-10
;WIPE_END
G1 Z381.5 F15000
G1 X714.85 Y436.447 Z381.5
G1 Z380.5
G1 E17 F9000
G1 F2779.614
G1 X714.85 Y447.96 E49.70059
G1 X447.959 Y714.85 E1629.46317
G1 X436.447 Y714.85 E49.70059
;WIPE_START
G1 F600
G1 X443.447 Y714.85 E-10
;WIPE_END
G1 Z381.5 F15000
G1 X436.447 Y285.15 Z381.5
G1 Z380.5
G1 E17 F9000
G1 F2779.614
G1 X447.96 Y285.15 E49.70059
G1 X714.85 Y552.04 E1629.46316
G1 X714.85 Y563.553 E49.70059
;WIPE_START
G1 F600
G1 X714.85 Y556.553 E-10
;WIPE_END
G1 Z381.5 F15000
G1 X703.338 Y285.15 Z381.5
G1 Z380.5
M73 P87 R93
G1 E17 F9000
G1 F2779.614
G1 X714.85 Y285.15 E49.70028
G1 X285.15 Y714.85 E2623.47449
G1 X296.662 Y714.85 E49.70028
;WIPE_START
G1 F600
G1 X289.662 Y714.85 E-10
;WIPE_END
G1 Z381.5 F15000
G1 X296.662 Y285.15 Z381.5
G1 Z380.5
G1 E17 F9000
G1 F2779.614
G1 X285.15 Y285.15 E49.70059
G1 X714.85 Y714.85 E2623.47492
G1 X703.338 Y714.85 E49.70059
;WIPE_START
G1 F600
G1 X710.338 Y714.85 E-10
;WIPE_END
G1 Z381.5 F15000
G1 X599.257 Y285.15 Z381.5
G1 Z380.5
G1 E17 F9000
G1 F2779.614
G1 X610.769 Y285.15 E49.70059
G1 X714.85 Y389.231 E635.45139
G1 X714.85 Y400.743 E49.70059
;WIPE_START
G1 F600
G1 X714.85 Y393.743 E-10
;WIPE_END
G1 Z381.5 F15000
G1 X563.553 Y285.15 Z381.5
G1 Z380.5
G1 E17 F9000
G1 F2779.614
G1 X552.041 Y285.15 E49.70059
G1 X285.15 Y552.04 E1629.46316
G1 X285.15 Y563.553 E49.70059
;WIPE_START
G1 F600
G1 X285.15 Y556.553 E-10
;WIPE_END
G1 Z381.5 F15000
G1 X400.743 Y285.15 Z381.5
G1 Z380.5
G1 E17 F9000
G1 F2779.614
G1 X389.231 Y285.15 E49.70059
G1 X285.15 Y389.231 E635.45138
G1 X285.15 Y400.743 E49.70059
; stop printing object Cube id:0 copy 0
;LAYER_CHANGE
;Z:382
;HEIGHT:1.5
;BEFORE_LAYER_CHANGE
;382
G92 E0

EXCLUDE_OBJECT_END NAME=Cube_id_0_copy_0
;AFTER_LAYER_CHANGE
;382
;_SET_FAN_SPEED_CHANGING_LAYER
; printing object Cube id:0 copy 0
;WIPE_START
G1 F600
G1 X285.15 Y393.743 E-10
;WIPE_END
EXCLUDE_OBJECT_START NAME=Cube_id_0_copy_0
G1 Z383 F15000
G1 X282.703 Y282.703 Z383
G1 Z382
G1 E17 F9000
;TYPE:Outer wall
;WIDTH:3.2
G1 F2779.615
G1 X717.297 Y282.703 E1876.19945
G1 X717.297 Y717.297 E1876.19945
M73 P87 R92
G1 X282.703 Y717.297 E1876.19945
G1 X282.703 Y283.003 E1874.90431
;WIPE_START
G1 F600
G1 X289.703 Y282.999 E-10
;WIPE_END
G1 Z383 F15000
G1 X285.15 Y400.743 Z383
G1 Z382
G1 E17 F9000
;TYPE:Sparse infill
;WIDTH:3.2
G1 F2779.614
G1 X285.15 Y389.231 E49.70059
G1 X389.231 Y285.15 E635.45138
G1 X400.743 Y285.15 E49.70059
;WIPE_START
G1 F600
G1 X393.743 Y285.15 E-10
;WIPE_END
G1 Z383 F15000
G1 X285.15 Y563.553 Z383
G1 Z382
G1 E17 F9000
G1 F2779.614
G1 X285.15 Y552.04 E49.70059
G1 X552.041 Y285.15 E1629.46316
M73 P88 R92
G1 X563.553 Y285.15 E49.70059
;WIPE_START
G1 F600
G1 X556.553 Y285.15 E-10
;WIPE_END
G1 Z383 F15000
G1 X714.85 Y400.743 Z383
G1 Z382
G1 E17 F9000
G1 F2779.614
G1 X714.85 Y389.231 E49.70059
G1 X610.769 Y285.15 E635.45139
G1 X599.257 Y285.15 E49.70059
M73 P88 R91
;WIPE_START
G1 F600
G1 X606.257 Y285.15 E-10
;WIPE_END
G1 Z383 F15000
G1 X714.85 Y563.553 Z383
G1 Z382
G1 E17 F9000
G1 F2779.614
G1 X714.85 Y552.04 E49.70059
G1 X447.96 Y285.15 E1629.46316
G1 X436.447 Y285.15 E49.70059
;WIPE_START
G1 F600
G1 X443.447 Y285.15 E-10
;WIPE_END
G1 Z383 F15000
G1 X436.447 Y714.85 Z383
G1 Z382
G1 E17 F9000
G1 F2779.614
G1 X447.959 Y714.85 E49.70059
G1 X714.85 Y447.96 E1629.46317
G1 X714.85 Y436.447 E49.70059
;WIPE_START
G1 F600
G1 X714.85 Y443.447 E-10
;WIPE_END
G1 Z383 F15000
G1 X703.338 Y714.85 Z383
G1 Z382
G1 E17 F9000
G1 F2779.614
G1 X714.85 Y714.85 E49.70059
G1 X285.15 Y285.15 E2623.47492
G1 X296.662 Y285.15 E49.70059
;WIPE_START
G1 F600
G1 X289.662 Y285.15 E-10
;WIPE_END
G1 Z383 F15000
G1 X296.662 Y714.85 Z383
G1 Z382
G1 E17 F9000
G1 F2779.614
G1 X285.15 Y714.85 E49.70028
G1 X714.85 Y285.15 E2623.47449
G1 X703.338 Y285.15 E49.70028
;WIPE_START
G1 F600
G1 X710.338 Y285.15 E-10
;WIPE_END
G1 Z383 F15000
M73 P88 R90
G1 X599.257 Y714.85 Z383
G1 Z382
G1 E17 F9000
G1 F2779.614
G1 X610.769 Y714.85 E49.70059
G1 X714.85 Y610.769 E635.45139
G1 X714.85 Y599.257 E49.70059
;WIPE_START
G1 F600
G1 X714.85 Y606.257 E-10
;WIPE_END
G1 Z383 F15000
G1 X563.553 Y714.85 Z383
G1 Z382
G1 E17 F9000
G1 F2779.614
G1 X552.04 Y714.85 E49.70059
G1 X285.15 Y447.96 E1629.46316
G1 X285.15 Y436.447 E49.70059
;WIPE_START
G1 F600
G1 X285.15 Y443.447 E-10
;WIPE_END
G1 Z383 F15000
G1 X400.743 Y714.85 Z383
G1 Z382
G1 E17 F9000
G1 F2779.614
G1 X389.231 Y714.85 E49.70059
G1 X285.15 Y610.769 E635.45139
G1 X285.15 Y599.257 E49.70059
; stop printing object Cube id:0 copy 0
;LAYER_CHANGE
;Z:383.5
;HEIGHT:1.5
;BEFORE_LAYER_CHANGE
;383.5
G92 E0

EXCLUDE_OBJECT_END NAME=Cube_id_0_copy_0
;AFTER_LAYER_CHANGE
;383.5
;_SET_FAN_SPEED_CHANGING_LAYER
; printing object Cube id:0 copy 0
;WIPE_START
G1 F600
G1 X285.15 Y606.257 E-10
;WIPE_END
EXCLUDE_OBJECT_START NAME=Cube_id_0_copy_0
G1 Z384.5 F15000
G1 X282.703 Y717.297 Z384.5
G1 Z383.5
G1 E17 F9000
;TYPE:Outer wall
;WIDTH:3.2
G1 F2779.615
G1 X282.703 Y282.703 E1876.19945
G1 X717.297 Y282.703 E1876.19945
G1 X717.297 Y717.297 E1876.19945
G1 X283.003 Y717.297 E1874.90431
;WIPE_START
G1 F600
M73 P88 R89
G1 X282.999 Y710.297 E-10
;WIPE_END
G1 Z384.5 F15000
G1 X285.15 Y599.257 Z384.5
G1 Z383.5
G1 E17 F9000
;TYPE:Sparse infill
;WIDTH:3.2
G1 F2779.614
G1 X285.15 Y610.769 E49.70059
G1 X389.231 Y714.85 E635.45139
G1 X400.743 Y714.85 E49.70059
;WIPE_START
G1 F600
G1 X393.743 Y714.85 E-10
;WIPE_END
G1 Z384.5 F15000
G1 X285.15 Y436.447 Z384.5
G1 Z383.5
G1 E17 F9000
G1 F2779.614
G1 X285.15 Y447.96 E49.70059
G1 X552.04 Y714.85 E1629.46316
G1 X563.553 Y714.85 E49.70059
;WIPE_START
G1 F600
G1 X556.553 Y714.85 E-10
;WIPE_END
G1 Z384.5 F15000
G1 X714.85 Y599.257 Z384.5
G1 Z383.5
G1 E17 F9000
G1 F2779.614
G1 X714.85 Y610.769 E49.70059
G1 X610.769 Y714.85 E635.45139
G1 X599.257 Y714.85 E49.70059
;WIPE_START
G1 F600
G1 X606.257 Y714.85 E-10
;WIPE_END
G1 Z384.5 F15000
G1 X714.85 Y436.447 Z384.5
G1 Z383.5
G1 E17 F9000
G1 F2779.614
G1 X714.85 Y447.96 E49.70059
G1 X447.959 Y714.85 E1629.46317
G1 X436.447 Y714.85 E49.70059
;WIPE_START
G1 F600
G1 X443.447 Y714.85 E-10
;WIPE_END
G1 Z384.5 F15000
G1 X436.447 Y285.15 Z384.5
G1 Z383.5
G1 E17 F9000
G1 F2779.614
G1 X447.96 Y285.15 E49.70059
G1 X714.85 Y552.04 E1629.46316
G1 X714.85 Y563.553 E49.70059
;WIPE_START
G1 F600
G1 X714.85 Y556.553 E-10
;WIPE_END
G1 Z384.5 F15000
G1 X703.338 Y285.15 Z384.5
G1 Z383.5
G1 E17 F9000
G1 F2779.614
G1 X714.85 Y285.15 E49.70028
G1 X285.15 Y714.85 E2623.47449
G1 X296.662 Y714.85 E49.70028
M73 P88 R88
;WIPE_START
G1 F600
G1 X289.662 Y714.85 E-10
;WIPE_END
G1 Z384.5 F15000
G1 X296.662 Y285.15 Z384.5
G1 Z383.5
G1 E17 F9000
G1 F2779.614
G1 X285.15 Y285.15 E49.70059
G1 X714.85 Y714.85 E2623.47492
G1 X703.338 Y714.85 E49.70059
;WIPE_START
G1 F600
G1 X710.338 Y714.85 E-10
;WIPE_END
G1 Z384.5 F15000
G1 X599.257 Y285.15 Z384.5
G1 Z383.5
G1 E17 F9000
G1 F2779.614
G1 X610.769 Y285.15 E49.70059
G1 X714.85 Y389.231 E635.45139
G1 X714.85 Y400.743 E49.70059
;WIPE_START
G1 F600
G1 X714.85 Y393.743 E-10
;WIPE_END
G1 Z384.5 F15000
G1 X563.553 Y285.15 Z384.5
G1 Z383.5
G1 E17 F9000
G1 F2779.614
G1 X552.041 Y285.15 E49.70059
G1 X285.15 Y552.04 E1629.46316
G1 X285.15 Y563.553 E49.70059
;WIPE_START
G1 F600
G1 X285.15 Y556.553 E-10
;WIPE_END
G1 Z384.5 F15000
G1 X400.743 Y285.15 Z384.5
G1 Z383.5
G1 E17 F9000
G1 F2779.614
G1 X389.231 Y285.15 E49.70059
G1 X285.15 Y389.231 E635.45138
G1 X285.15 Y400.743 E49.70059
; stop printing object Cube id:0 copy 0
;LAYER_CHANGE
;Z:385
;HEIGHT:1.5
;BEFORE_LAYER_CHANGE
;385
G92 E0

EXCLUDE_OBJECT_END NAME=Cube_id_0_copy_0
;AFTER_LAYER_CHANGE
;385
;_SET_FAN_SPEED_CHANGING_LAYER
; printing object Cube id:0 copy 0
;WIPE_START
G1 F600
G1 X285.15 Y393.743 E-10
;WIPE_END
EXCLUDE_OBJECT_START NAME=Cube_id_0_copy_0
G1 Z386 F15000
G1 X282.703 Y282.703 Z386
G1 Z385
G1 E17 F9000
;TYPE:Outer wall
;WIDTH:3.2
G1 F2779.615
G1 X717.297 Y282.703 E1876.19945
G1 X717.297 Y717.297 E1876.19945
M73 P88 R87
G1 X282.703 Y717.297 E1876.19945
G1 X282.703 Y283.003 E1874.90431
;WIPE_START
G1 F600
G1 X289.703 Y282.999 E-10
;WIPE_END
G1 Z386 F15000
G1 X285.15 Y400.743 Z386
G1 Z385
G1 E17 F9000
;TYPE:Sparse infill
;WIDTH:3.2
G1 F2779.614
G1 X285.15 Y389.231 E49.70059
G1 X389.231 Y285.15 E635.45138
G1 X400.743 Y285.15 E49.70059
;WIPE_START
G1 F600
G1 X393.743 Y285.15 E-10
;WIPE_END
G1 Z386 F15000
G1 X285.15 Y563.553 Z386
G1 Z385
G1 E17 F9000
G1 F2779.614
G1 X285.15 Y552.04 E49.70059
G1 X552.041 Y285.15 E1629.46316
G1 X563.553 Y285.15 E49.70059
;WIPE_START
G1 F600
G1 X556.553 Y285.15 E-10
;WIPE_END
G1 Z386 F15000
G1 X714.85 Y400.743 Z386
G1 Z385
G1 E17 F9000
G1 F2779.614
G1 X714.85 Y389.231 E49.70059
G1 X610.769 Y285.15 E635.45139
G1 X599.257 Y285.15 E49.70059
;WIPE_START
G1 F600
G1 X606.257 Y285.15 E-10
;WIPE_END
G1 Z386 F15000
G1 X714.85 Y563.553 Z386
G1 Z385
G1 E17 F9000
G1 F2779.614
G1 X714.85 Y552.04 E49.70059
G1 X447.96 Y285.15 E1629.46316
G1 X436.447 Y285.15 E49.70059
M73 P88 R86
;WIPE_START
G1 F600
G1 X443.447 Y285.15 E-10
;WIPE_END
G1 Z386 F15000
G1 X436.447 Y714.85 Z386
G1 Z385
G1 E17 F9000
G1 F2779.614
G1 X447.959 Y714.85 E49.70059
G1 X714.85 Y447.96 E1629.46317
G1 X714.85 Y436.447 E49.70059
;WIPE_START
G1 F600
G1 X714.85 Y443.447 E-10
;WIPE_END
G1 Z386 F15000
G1 X703.338 Y714.85 Z386
G1 Z385
G1 E17 F9000
G1 F2779.614
G1 X714.85 Y714.85 E49.70059
G1 X285.15 Y285.15 E2623.47492
G1 X296.662 Y285.15 E49.70059
;WIPE_START
G1 F600
G1 X289.662 Y285.15 E-10
;WIPE_END
G1 Z386 F15000
G1 X296.662 Y714.85 Z386
G1 Z385
G1 E17 F9000
G1 F2779.614
G1 X285.15 Y714.85 E49.70028
G1 X714.85 Y285.15 E2623.47449
G1 X703.338 Y285.15 E49.70028
;WIPE_START
G1 F600
G1 X710.338 Y285.15 E-10
;WIPE_END
G1 Z386 F15000
G1 X599.257 Y714.85 Z386
G1 Z385
G1 E17 F9000
G1 F2779.614
G1 X610.769 Y714.85 E49.70059
G1 X714.85 Y610.769 E635.45139
G1 X714.85 Y599.257 E49.70059
M73 P88 R85
;WIPE_START
G1 F600
G1 X714.85 Y606.257 E-10
;WIPE_END
G1 Z386 F15000
G1 X563.553 Y714.85 Z386
G1 Z385
G1 E17 F9000
G1 F2779.614
G1 X552.04 Y714.85 E49.70059
G1 X285.15 Y447.96 E1629.46316
G1 X285.15 Y436.447 E49.70059
;WIPE_START
G1 F600
G1 X285.15 Y443.447 E-10
;WIPE_END
G1 Z386 F15000
G1 X400.743 Y714.85 Z386
G1 Z385
G1 E17 F9000
G1 F2779.614
G1 X389.231 Y714.85 E49.70059
G1 X285.15 Y610.769 E635.45139
G1 X285.15 Y599.257 E49.70059
; stop printing object Cube id:0 copy 0
;LAYER_CHANGE
;Z:386.5
;HEIGHT:1.5
;BEFORE_LAYER_CHANGE
;386.5
G92 E0

EXCLUDE_OBJECT_END NAME=Cube_id_0_copy_0
;AFTER_LAYER_CHANGE
;386.5
;_SET_FAN_SPEED_CHANGING_LAYER
; printing object Cube id:0 copy 0
;WIPE_START
G1 F600
G1 X285.15 Y606.257 E-10
;WIPE_END
EXCLUDE_OBJECT_START NAME=Cube_id_0_copy_0
G1 Z387.5 F15000
G1 X282.703 Y717.297 Z387.5
G1 Z386.5
G1 E17 F9000
;TYPE:Outer wall
;WIDTH:3.2
G1 F2779.615
G1 X282.703 Y282.703 E1876.19945
G1 X717.297 Y282.703 E1876.19945
G1 X717.297 Y717.297 E1876.19945
G1 X283.003 Y717.297 E1874.90431
;WIPE_START
G1 F600
G1 X282.999 Y710.297 E-10
;WIPE_END
G1 Z387.5 F15000
G1 X285.15 Y599.257 Z387.5
G1 Z386.5
G1 E17 F9000
M73 P88 R84
;TYPE:Sparse infill
;WIDTH:3.2
G1 F2779.614
G1 X285.15 Y610.769 E49.70059
G1 X389.231 Y714.85 E635.45139
G1 X400.743 Y714.85 E49.70059
;WIPE_START
G1 F600
G1 X393.743 Y714.85 E-10
;WIPE_END
G1 Z387.5 F15000
G1 X285.15 Y436.447 Z387.5
G1 Z386.5
G1 E17 F9000
G1 F2779.614
G1 X285.15 Y447.96 E49.70059
G1 X552.04 Y714.85 E1629.46316
G1 X563.553 Y714.85 E49.70059
;WIPE_START
G1 F600
G1 X556.553 Y714.85 E-10
;WIPE_END
G1 Z387.5 F15000
G1 X714.85 Y599.257 Z387.5
G1 Z386.5
G1 E17 F9000
G1 F2779.614
G1 X714.85 Y610.769 E49.70059
G1 X610.769 Y714.85 E635.45139
G1 X599.257 Y714.85 E49.70059
;WIPE_START
G1 F600
G1 X606.257 Y714.85 E-10
;WIPE_END
G1 Z387.5 F15000
G1 X714.85 Y436.447 Z387.5
G1 Z386.5
G1 E17 F9000
G1 F2779.614
G1 X714.85 Y447.96 E49.70059
G1 X447.959 Y714.85 E1629.46317
G1 X436.447 Y714.85 E49.70059
M73 P89 R84
;WIPE_START
G1 F600
G1 X443.447 Y714.85 E-10
;WIPE_END
G1 Z387.5 F15000
G1 X436.447 Y285.15 Z387.5
G1 Z386.5
G1 E17 F9000
G1 F2779.614
G1 X447.96 Y285.15 E49.70059
G1 X714.85 Y552.04 E1629.46316
G1 X714.85 Y563.553 E49.70059
;WIPE_START
G1 F600
G1 X714.85 Y556.553 E-10
;WIPE_END
G1 Z387.5 F15000
G1 X703.338 Y285.15 Z387.5
G1 Z386.5
G1 E17 F9000
G1 F2779.614
G1 X714.85 Y285.15 E49.70028
G1 X285.15 Y714.85 E2623.47449
G1 X296.662 Y714.85 E49.70028
M73 P89 R83
;WIPE_START
G1 F600
G1 X289.662 Y714.85 E-10
;WIPE_END
G1 Z387.5 F15000
G1 X296.662 Y285.15 Z387.5
G1 Z386.5
G1 E17 F9000
G1 F2779.614
G1 X285.15 Y285.15 E49.70059
G1 X714.85 Y714.85 E2623.47492
G1 X703.338 Y714.85 E49.70059
;WIPE_START
G1 F600
G1 X710.338 Y714.85 E-10
;WIPE_END
G1 Z387.5 F15000
G1 X599.257 Y285.15 Z387.5
G1 Z386.5
G1 E17 F9000
G1 F2779.614
G1 X610.769 Y285.15 E49.70059
G1 X714.85 Y389.231 E635.45139
G1 X714.85 Y400.743 E49.70059
;WIPE_START
G1 F600
G1 X714.85 Y393.743 E-10
;WIPE_END
G1 Z387.5 F15000
G1 X563.553 Y285.15 Z387.5
G1 Z386.5
G1 E17 F9000
G1 F2779.614
G1 X552.041 Y285.15 E49.70059
G1 X285.15 Y552.04 E1629.46316
G1 X285.15 Y563.553 E49.70059
;WIPE_START
G1 F600
G1 X285.15 Y556.553 E-10
;WIPE_END
G1 Z387.5 F15000
G1 X400.743 Y285.15 Z387.5
G1 Z386.5
G1 E17 F9000
G1 F2779.614
G1 X389.231 Y285.15 E49.70059
G1 X285.15 Y389.231 E635.45138
G1 X285.15 Y400.743 E49.70059
; stop printing object Cube id:0 copy 0
;LAYER_CHANGE
;Z:388
;HEIGHT:1.5
;BEFORE_LAYER_CHANGE
;388
G92 E0

EXCLUDE_OBJECT_END NAME=Cube_id_0_copy_0
;AFTER_LAYER_CHANGE
;388
;_SET_FAN_SPEED_CHANGING_LAYER
; printing object Cube id:0 copy 0
;WIPE_START
G1 F600
G1 X285.15 Y393.743 E-10
;WIPE_END
EXCLUDE_OBJECT_START NAME=Cube_id_0_copy_0
G1 Z389 F15000
G1 X282.703 Y282.703 Z389
G1 Z388
G1 E17 F9000
;TYPE:Outer wall
;WIDTH:3.2
G1 F2779.615
G1 X717.297 Y282.703 E1876.19945
G1 X717.297 Y717.297 E1876.19945
G1 X282.703 Y717.297 E1876.19945
M73 P89 R82
G1 X282.703 Y283.003 E1874.90431
;WIPE_START
G1 F600
G1 X289.703 Y282.999 E-10
;WIPE_END
G1 Z389 F15000
G1 X285.15 Y400.743 Z389
G1 Z388
G1 E17 F9000
;TYPE:Sparse infill
;WIDTH:3.2
G1 F2779.614
G1 X285.15 Y389.231 E49.70059
G1 X389.231 Y285.15 E635.45138
G1 X400.743 Y285.15 E49.70059
;WIPE_START
G1 F600
G1 X393.743 Y285.15 E-10
;WIPE_END
G1 Z389 F15000
G1 X285.15 Y563.553 Z389
G1 Z388
G1 E17 F9000
G1 F2779.614
G1 X285.15 Y552.04 E49.70059
G1 X552.041 Y285.15 E1629.46316
G1 X563.553 Y285.15 E49.70059
;WIPE_START
G1 F600
G1 X556.553 Y285.15 E-10
;WIPE_END
G1 Z389 F15000
G1 X714.85 Y400.743 Z389
G1 Z388
G1 E17 F9000
G1 F2779.614
G1 X714.85 Y389.231 E49.70059
G1 X610.769 Y285.15 E635.45139
G1 X599.257 Y285.15 E49.70059
;WIPE_START
G1 F600
G1 X606.257 Y285.15 E-10
;WIPE_END
G1 Z389 F15000
G1 X714.85 Y563.553 Z389
G1 Z388
G1 E17 F9000
G1 F2779.614
G1 X714.85 Y552.04 E49.70059
G1 X447.96 Y285.15 E1629.46316
G1 X436.447 Y285.15 E49.70059
M73 P89 R81
;WIPE_START
G1 F600
G1 X443.447 Y285.15 E-10
;WIPE_END
G1 Z389 F15000
G1 X436.447 Y714.85 Z389
G1 Z388
G1 E17 F9000
G1 F2779.614
G1 X447.959 Y714.85 E49.70059
G1 X714.85 Y447.96 E1629.46317
G1 X714.85 Y436.447 E49.70059
;WIPE_START
G1 F600
G1 X714.85 Y443.447 E-10
;WIPE_END
G1 Z389 F15000
G1 X703.338 Y714.85 Z389
G1 Z388
G1 E17 F9000
G1 F2779.614
G1 X714.85 Y714.85 E49.70059
G1 X285.15 Y285.15 E2623.47492
G1 X296.662 Y285.15 E49.70059
;WIPE_START
G1 F600
G1 X289.662 Y285.15 E-10
;WIPE_END
G1 Z389 F15000
G1 X296.662 Y714.85 Z389
G1 Z388
G1 E17 F9000
G1 F2779.614
G1 X285.15 Y714.85 E49.70028
G1 X714.85 Y285.15 E2623.47449
G1 X703.338 Y285.15 E49.70028
;WIPE_START
G1 F600
G1 X710.338 Y285.15 E-10
;WIPE_END
G1 Z389 F15000
G1 X599.257 Y714.85 Z389
G1 Z388
G1 E17 F9000
G1 F2779.614
G1 X610.769 Y714.85 E49.70059
G1 X714.85 Y610.769 E635.45139
G1 X714.85 Y599.257 E49.70059
;WIPE_START
G1 F600
G1 X714.85 Y606.257 E-10
;WIPE_END
G1 Z389 F15000
G1 X563.553 Y714.85 Z389
G1 Z388
G1 E17 F9000
G1 F2779.614
G1 X552.04 Y714.85 E49.70059
G1 X285.15 Y447.96 E1629.46316
G1 X285.15 Y436.447 E49.70059
M73 P89 R80
;WIPE_START
G1 F600
G1 X285.15 Y443.447 E-10
;WIPE_END
G1 Z389 F15000
G1 X400.743 Y714.85 Z389
G1 Z388
G1 E17 F9000
G1 F2779.614
G1 X389.231 Y714.85 E49.70059
G1 X285.15 Y610.769 E635.45139
G1 X285.15 Y599.257 E49.70059
; stop printing object Cube id:0 copy 0
;LAYER_CHANGE
;Z:389.5
;HEIGHT:1.5
;BEFORE_LAYER_CHANGE
;389.5
G92 E0

EXCLUDE_OBJECT_END NAME=Cube_id_0_copy_0
;AFTER_LAYER_CHANGE
;389.5
;_SET_FAN_SPEED_CHANGING_LAYER
; printing object Cube id:0 copy 0
;WIPE_START
G1 F600
G1 X285.15 Y606.257 E-10
;WIPE_END
EXCLUDE_OBJECT_START NAME=Cube_id_0_copy_0
G1 Z390.5 F15000
G1 X282.703 Y717.297 Z390.5
G1 Z389.5
G1 E17 F9000
;TYPE:Outer wall
;WIDTH:3.2
G1 F2779.615
G1 X282.703 Y282.703 E1876.19945
G1 X717.297 Y282.703 E1876.19945
G1 X717.297 Y717.297 E1876.19945
G1 X283.003 Y717.297 E1874.90431
;WIPE_START
G1 F600
G1 X282.999 Y710.297 E-10
;WIPE_END
G1 Z390.5 F15000
G1 X285.15 Y599.257 Z390.5
G1 Z389.5
G1 E17 F9000
;TYPE:Sparse infill
;WIDTH:3.2
G1 F2779.614
G1 X285.15 Y610.769 E49.70059
G1 X389.231 Y714.85 E635.45139
G1 X400.743 Y714.85 E49.70059
;WIPE_START
G1 F600
G1 X393.743 Y714.85 E-10
;WIPE_END
G1 Z390.5 F15000
G1 X285.15 Y436.447 Z390.5
G1 Z389.5
M73 P89 R79
G1 E17 F9000
G1 F2779.614
G1 X285.15 Y447.96 E49.70059
G1 X552.04 Y714.85 E1629.46316
G1 X563.553 Y714.85 E49.70059
;WIPE_START
G1 F600
G1 X556.553 Y714.85 E-10
;WIPE_END
G1 Z390.5 F15000
G1 X714.85 Y599.257 Z390.5
G1 Z389.5
G1 E17 F9000
G1 F2779.614
G1 X714.85 Y610.769 E49.70059
G1 X610.769 Y714.85 E635.45139
G1 X599.257 Y714.85 E49.70059
;WIPE_START
G1 F600
G1 X606.257 Y714.85 E-10
;WIPE_END
G1 Z390.5 F15000
G1 X714.85 Y436.447 Z390.5
G1 Z389.5
G1 E17 F9000
G1 F2779.614
G1 X714.85 Y447.96 E49.70059
G1 X447.959 Y714.85 E1629.46317
G1 X436.447 Y714.85 E49.70059
;WIPE_START
G1 F600
G1 X443.447 Y714.85 E-10
;WIPE_END
G1 Z390.5 F15000
G1 X436.447 Y285.15 Z390.5
G1 Z389.5
G1 E17 F9000
G1 F2779.614
G1 X447.96 Y285.15 E49.70059
G1 X714.85 Y552.04 E1629.46316
G1 X714.85 Y563.553 E49.70059
;WIPE_START
G1 F600
G1 X714.85 Y556.553 E-10
;WIPE_END
G1 Z390.5 F15000
G1 X703.338 Y285.15 Z390.5
G1 Z389.5
G1 E17 F9000
G1 F2779.614
G1 X714.85 Y285.15 E49.70028
G1 X285.15 Y714.85 E2623.47449
G1 X296.662 Y714.85 E49.70028
;WIPE_START
G1 F600
G1 X289.662 Y714.85 E-10
;WIPE_END
G1 Z390.5 F15000
G1 X296.662 Y285.15 Z390.5
G1 Z389.5
G1 E17 F9000
G1 F2779.614
G1 X285.15 Y285.15 E49.70059
G1 X714.85 Y714.85 E2623.47492
M73 P89 R78
G1 X703.338 Y714.85 E49.70059
;WIPE_START
G1 F600
G1 X710.338 Y714.85 E-10
;WIPE_END
G1 Z390.5 F15000
G1 X599.257 Y285.15 Z390.5
G1 Z389.5
G1 E17 F9000
G1 F2779.614
G1 X610.769 Y285.15 E49.70059
G1 X714.85 Y389.231 E635.45139
G1 X714.85 Y400.743 E49.70059
;WIPE_START
G1 F600
G1 X714.85 Y393.743 E-10
;WIPE_END
G1 Z390.5 F15000
G1 X563.553 Y285.15 Z390.5
G1 Z389.5
G1 E17 F9000
G1 F2779.614
G1 X552.041 Y285.15 E49.70059
G1 X285.15 Y552.04 E1629.46316
G1 X285.15 Y563.553 E49.70059
;WIPE_START
G1 F600
G1 X285.15 Y556.553 E-10
;WIPE_END
G1 Z390.5 F15000
G1 X400.743 Y285.15 Z390.5
G1 Z389.5
G1 E17 F9000
G1 F2779.614
G1 X389.231 Y285.15 E49.70059
G1 X285.15 Y389.231 E635.45138
G1 X285.15 Y400.743 E49.70059
; stop printing object Cube id:0 copy 0
;LAYER_CHANGE
;Z:391
;HEIGHT:1.5
;BEFORE_LAYER_CHANGE
;391
G92 E0

EXCLUDE_OBJECT_END NAME=Cube_id_0_copy_0
;AFTER_LAYER_CHANGE
;391
;_SET_FAN_SPEED_CHANGING_LAYER
; printing object Cube id:0 copy 0
;WIPE_START
G1 F600
G1 X285.15 Y393.743 E-10
;WIPE_END
EXCLUDE_OBJECT_START NAME=Cube_id_0_copy_0
G1 Z392 F15000
G1 X282.703 Y282.703 Z392
G1 Z391
G1 E17 F9000
;TYPE:Outer wall
;WIDTH:3.2
G1 F2779.615
G1 X717.297 Y282.703 E1876.19945
G1 X717.297 Y717.297 E1876.19945
G1 X282.703 Y717.297 E1876.19945
M73 P89 R77
G1 X282.703 Y283.003 E1874.90431
;WIPE_START
G1 F600
G1 X289.703 Y282.999 E-10
;WIPE_END
G1 Z392 F15000
G1 X285.15 Y400.743 Z392
G1 Z391
G1 E17 F9000
;TYPE:Sparse infill
;WIDTH:3.2
G1 F2779.614
G1 X285.15 Y389.231 E49.70059
G1 X389.231 Y285.15 E635.45138
G1 X400.743 Y285.15 E49.70059
;WIPE_START
G1 F600
G1 X393.743 Y285.15 E-10
;WIPE_END
G1 Z392 F15000
G1 X285.15 Y563.553 Z392
G1 Z391
G1 E17 F9000
G1 F2779.614
G1 X285.15 Y552.04 E49.70059
G1 X552.041 Y285.15 E1629.46316
G1 X563.553 Y285.15 E49.70059
;WIPE_START
G1 F600
G1 X556.553 Y285.15 E-10
;WIPE_END
G1 Z392 F15000
G1 X714.85 Y400.743 Z392
G1 Z391
G1 E17 F9000
G1 F2779.614
G1 X714.85 Y389.231 E49.70059
G1 X610.769 Y285.15 E635.45139
G1 X599.257 Y285.15 E49.70059
;WIPE_START
G1 F600
G1 X606.257 Y285.15 E-10
;WIPE_END
G1 Z392 F15000
G1 X714.85 Y563.553 Z392
G1 Z391
G1 E17 F9000
G1 F2779.614
G1 X714.85 Y552.04 E49.70059
G1 X447.96 Y285.15 E1629.46316
G1 X436.447 Y285.15 E49.70059
;WIPE_START
G1 F600
G1 X443.447 Y285.15 E-10
;WIPE_END
G1 Z392 F15000
G1 X436.447 Y714.85 Z392
G1 Z391
G1 E17 F9000
G1 F2779.614
G1 X447.959 Y714.85 E49.70059
G1 X714.85 Y447.96 E1629.46317
G1 X714.85 Y436.447 E49.70059
M73 P89 R76
;WIPE_START
G1 F600
G1 X714.85 Y443.447 E-10
;WIPE_END
G1 Z392 F15000
G1 X703.338 Y714.85 Z392
G1 Z391
M73 P90 R76
G1 E17 F9000
G1 F2779.614
G1 X714.85 Y714.85 E49.70059
G1 X285.15 Y285.15 E2623.47492
G1 X296.662 Y285.15 E49.70059
;WIPE_START
G1 F600
G1 X289.662 Y285.15 E-10
;WIPE_END
G1 Z392 F15000
G1 X296.662 Y714.85 Z392
G1 Z391
G1 E17 F9000
G1 F2779.614
G1 X285.15 Y714.85 E49.70028
G1 X714.85 Y285.15 E2623.47449
G1 X703.338 Y285.15 E49.70028
;WIPE_START
G1 F600
G1 X710.338 Y285.15 E-10
;WIPE_END
G1 Z392 F15000
G1 X599.257 Y714.85 Z392
G1 Z391
G1 E17 F9000
G1 F2779.614
G1 X610.769 Y714.85 E49.70059
G1 X714.85 Y610.769 E635.45139
G1 X714.85 Y599.257 E49.70059
;WIPE_START
G1 F600
G1 X714.85 Y606.257 E-10
;WIPE_END
G1 Z392 F15000
G1 X563.553 Y714.85 Z392
G1 Z391
G1 E17 F9000
G1 F2779.614
G1 X552.04 Y714.85 E49.70059
G1 X285.15 Y447.96 E1629.46316
G1 X285.15 Y436.447 E49.70059
;WIPE_START
G1 F600
G1 X285.15 Y443.447 E-10
;WIPE_END
G1 Z392 F15000
G1 X400.743 Y714.85 Z392
M73 P90 R75
G1 Z391
G1 E17 F9000
G1 F2779.614
G1 X389.231 Y714.85 E49.70059
G1 X285.15 Y610.769 E635.45139
G1 X285.15 Y599.257 E49.70059
; stop printing object Cube id:0 copy 0
;LAYER_CHANGE
;Z:392.5
;HEIGHT:1.5
;BEFORE_LAYER_CHANGE
;392.5
G92 E0

EXCLUDE_OBJECT_END NAME=Cube_id_0_copy_0
;AFTER_LAYER_CHANGE
;392.5
;_SET_FAN_SPEED_CHANGING_LAYER
; printing object Cube id:0 copy 0
;WIPE_START
G1 F600
G1 X285.15 Y606.257 E-10
;WIPE_END
EXCLUDE_OBJECT_START NAME=Cube_id_0_copy_0
G1 Z393.5 F15000
G1 X282.703 Y717.297 Z393.5
G1 Z392.5
G1 E17 F9000
;TYPE:Outer wall
;WIDTH:3.2
G1 F2779.615
G1 X282.703 Y282.703 E1876.19945
G1 X717.297 Y282.703 E1876.19945
G1 X717.297 Y717.297 E1876.19945
G1 X283.003 Y717.297 E1874.90431
;WIPE_START
G1 F600
G1 X282.999 Y710.297 E-10
;WIPE_END
G1 Z393.5 F15000
G1 X285.15 Y599.257 Z393.5
G1 Z392.5
G1 E17 F9000
;TYPE:Sparse infill
;WIDTH:3.2
G1 F2779.614
G1 X285.15 Y610.769 E49.70059
G1 X389.231 Y714.85 E635.45139
G1 X400.743 Y714.85 E49.70059
;WIPE_START
G1 F600
G1 X393.743 Y714.85 E-10
;WIPE_END
G1 Z393.5 F15000
G1 X285.15 Y436.447 Z393.5
G1 Z392.5
G1 E17 F9000
G1 F2779.614
G1 X285.15 Y447.96 E49.70059
G1 X552.04 Y714.85 E1629.46316
G1 X563.553 Y714.85 E49.70059
M73 P90 R74
;WIPE_START
G1 F600
G1 X556.553 Y714.85 E-10
;WIPE_END
G1 Z393.5 F15000
G1 X714.85 Y599.257 Z393.5
G1 Z392.5
G1 E17 F9000
G1 F2779.614
G1 X714.85 Y610.769 E49.70059
G1 X610.769 Y714.85 E635.45139
G1 X599.257 Y714.85 E49.70059
;WIPE_START
G1 F600
G1 X606.257 Y714.85 E-10
;WIPE_END
G1 Z393.5 F15000
G1 X714.85 Y436.447 Z393.5
G1 Z392.5
G1 E17 F9000
G1 F2779.614
G1 X714.85 Y447.96 E49.70059
G1 X447.959 Y714.85 E1629.46317
G1 X436.447 Y714.85 E49.70059
;WIPE_START
G1 F600
G1 X443.447 Y714.85 E-10
;WIPE_END
G1 Z393.5 F15000
G1 X436.447 Y285.15 Z393.5
G1 Z392.5
G1 E17 F9000
G1 F2779.614
G1 X447.96 Y285.15 E49.70059
G1 X714.85 Y552.04 E1629.46316
G1 X714.85 Y563.553 E49.70059
;WIPE_START
G1 F600
G1 X714.85 Y556.553 E-10
;WIPE_END
G1 Z393.5 F15000
G1 X703.338 Y285.15 Z393.5
G1 Z392.5
G1 E17 F9000
G1 F2779.614
G1 X714.85 Y285.15 E49.70028
G1 X285.15 Y714.85 E2623.47449
G1 X296.662 Y714.85 E49.70028
;WIPE_START
G1 F600
G1 X289.662 Y714.85 E-10
;WIPE_END
G1 Z393.5 F15000
G1 X296.662 Y285.15 Z393.5
G1 Z392.5
G1 E17 F9000
G1 F2779.614
G1 X285.15 Y285.15 E49.70059
G1 X714.85 Y714.85 E2623.47492
G1 X703.338 Y714.85 E49.70059
M73 P90 R73
;WIPE_START
G1 F600
G1 X710.338 Y714.85 E-10
;WIPE_END
G1 Z393.5 F15000
G1 X599.257 Y285.15 Z393.5
G1 Z392.5
G1 E17 F9000
G1 F2779.614
G1 X610.769 Y285.15 E49.70059
G1 X714.85 Y389.231 E635.45139
G1 X714.85 Y400.743 E49.70059
;WIPE_START
G1 F600
G1 X714.85 Y393.743 E-10
;WIPE_END
G1 Z393.5 F15000
G1 X563.553 Y285.15 Z393.5
G1 Z392.5
G1 E17 F9000
G1 F2779.614
G1 X552.041 Y285.15 E49.70059
G1 X285.15 Y552.04 E1629.46316
G1 X285.15 Y563.553 E49.70059
;WIPE_START
G1 F600
G1 X285.15 Y556.553 E-10
;WIPE_END
G1 Z393.5 F15000
G1 X400.743 Y285.15 Z393.5
G1 Z392.5
G1 E17 F9000
G1 F2779.614
G1 X389.231 Y285.15 E49.70059
G1 X285.15 Y389.231 E635.45138
G1 X285.15 Y400.743 E49.70059
; stop printing object Cube id:0 copy 0
;LAYER_CHANGE
;Z:394
;HEIGHT:1.5
;BEFORE_LAYER_CHANGE
;394
G92 E0

EXCLUDE_OBJECT_END NAME=Cube_id_0_copy_0
;AFTER_LAYER_CHANGE
;394
;_SET_FAN_SPEED_CHANGING_LAYER
; printing object Cube id:0 copy 0
;WIPE_START
G1 F600
G1 X285.15 Y393.743 E-10
;WIPE_END
EXCLUDE_OBJECT_START NAME=Cube_id_0_copy_0
G1 Z395 F15000
G1 X282.703 Y282.703 Z395
G1 Z394
G1 E17 F9000
;TYPE:Outer wall
;WIDTH:3.2
G1 F2779.615
G1 X717.297 Y282.703 E1876.19945
G1 X717.297 Y717.297 E1876.19945
G1 X282.703 Y717.297 E1876.19945
G1 X282.703 Y283.003 E1874.90431
M73 P90 R72
;WIPE_START
G1 F600
G1 X289.703 Y282.999 E-10
;WIPE_END
G1 Z395 F15000
G1 X285.15 Y400.743 Z395
G1 Z394
G1 E17 F9000
;TYPE:Sparse infill
;WIDTH:3.2
G1 F2779.614
G1 X285.15 Y389.231 E49.70059
G1 X389.231 Y285.15 E635.45138
G1 X400.743 Y285.15 E49.70059
;WIPE_START
G1 F600
G1 X393.743 Y285.15 E-10
;WIPE_END
G1 Z395 F15000
G1 X285.15 Y563.553 Z395
G1 Z394
G1 E17 F9000
G1 F2779.614
G1 X285.15 Y552.04 E49.70059
G1 X552.041 Y285.15 E1629.46316
G1 X563.553 Y285.15 E49.70059
;WIPE_START
G1 F600
G1 X556.553 Y285.15 E-10
;WIPE_END
G1 Z395 F15000
G1 X714.85 Y400.743 Z395
G1 Z394
G1 E17 F9000
G1 F2779.614
G1 X714.85 Y389.231 E49.70059
G1 X610.769 Y285.15 E635.45139
G1 X599.257 Y285.15 E49.70059
;WIPE_START
G1 F600
G1 X606.257 Y285.15 E-10
;WIPE_END
G1 Z395 F15000
G1 X714.85 Y563.553 Z395
G1 Z394
G1 E17 F9000
G1 F2779.614
G1 X714.85 Y552.04 E49.70059
G1 X447.96 Y285.15 E1629.46316
G1 X436.447 Y285.15 E49.70059
;WIPE_START
G1 F600
G1 X443.447 Y285.15 E-10
;WIPE_END
G1 Z395 F15000
G1 X436.447 Y714.85 Z395
G1 Z394
G1 E17 F9000
G1 F2779.614
G1 X447.959 Y714.85 E49.70059
G1 X714.85 Y447.96 E1629.46317
G1 X714.85 Y436.447 E49.70059
M73 P90 R71
;WIPE_START
G1 F600
G1 X714.85 Y443.447 E-10
;WIPE_END
G1 Z395 F15000
G1 X703.338 Y714.85 Z395
G1 Z394
G1 E17 F9000
G1 F2779.614
G1 X714.85 Y714.85 E49.70059
G1 X285.15 Y285.15 E2623.47492
G1 X296.662 Y285.15 E49.70059
;WIPE_START
G1 F600
G1 X289.662 Y285.15 E-10
;WIPE_END
G1 Z395 F15000
G1 X296.662 Y714.85 Z395
G1 Z394
G1 E17 F9000
G1 F2779.614
G1 X285.15 Y714.85 E49.70028
G1 X714.85 Y285.15 E2623.47449
G1 X703.338 Y285.15 E49.70028
;WIPE_START
G1 F600
G1 X710.338 Y285.15 E-10
;WIPE_END
G1 Z395 F15000
G1 X599.257 Y714.85 Z395
G1 Z394
G1 E17 F9000
G1 F2779.614
G1 X610.769 Y714.85 E49.70059
G1 X714.85 Y610.769 E635.45139
G1 X714.85 Y599.257 E49.70059
;WIPE_START
G1 F600
G1 X714.85 Y606.257 E-10
;WIPE_END
G1 Z395 F15000
G1 X563.553 Y714.85 Z395
G1 Z394
G1 E17 F9000
G1 F2779.614
G1 X552.04 Y714.85 E49.70059
G1 X285.15 Y447.96 E1629.46316
G1 X285.15 Y436.447 E49.70059
;WIPE_START
G1 F600
G1 X285.15 Y443.447 E-10
;WIPE_END
G1 Z395 F15000
G1 X400.743 Y714.85 Z395
G1 Z394
G1 E17 F9000
G1 F2779.614
G1 X389.231 Y714.85 E49.70059
G1 X285.15 Y610.769 E635.45139
G1 X285.15 Y599.257 E49.70059
; stop printing object Cube id:0 copy 0
;LAYER_CHANGE
;Z:395.5
;HEIGHT:1.5
;BEFORE_LAYER_CHANGE
;395.5
G92 E0

EXCLUDE_OBJECT_END NAME=Cube_id_0_copy_0
;AFTER_LAYER_CHANGE
;395.5
;_SET_FAN_SPEED_CHANGING_LAYER
; printing object Cube id:0 copy 0
;WIPE_START
G1 F600
G1 X285.15 Y606.257 E-10
;WIPE_END
EXCLUDE_OBJECT_START NAME=Cube_id_0_copy_0
G1 Z396.5 F15000
M73 P90 R70
G1 X282.703 Y717.297 Z396.5
G1 Z395.5
G1 E17 F9000
;TYPE:Outer wall
;WIDTH:3.2
G1 F2779.615
G1 X282.703 Y282.703 E1876.19945
G1 X717.297 Y282.703 E1876.19945
G1 X717.297 Y717.297 E1876.19945
G1 X283.003 Y717.297 E1874.90431
;WIPE_START
G1 F600
G1 X282.999 Y710.297 E-10
;WIPE_END
G1 Z396.5 F15000
G1 X285.15 Y599.257 Z396.5
G1 Z395.5
G1 E17 F9000
;TYPE:Sparse infill
;WIDTH:3.2
G1 F2779.614
G1 X285.15 Y610.769 E49.70059
G1 X389.231 Y714.85 E635.45139
G1 X400.743 Y714.85 E49.70059
;WIPE_START
G1 F600
G1 X393.743 Y714.85 E-10
;WIPE_END
G1 Z396.5 F15000
G1 X285.15 Y436.447 Z396.5
G1 Z395.5
G1 E17 F9000
G1 F2779.614
G1 X285.15 Y447.96 E49.70059
G1 X552.04 Y714.85 E1629.46316
G1 X563.553 Y714.85 E49.70059
;WIPE_START
G1 F600
G1 X556.553 Y714.85 E-10
;WIPE_END
G1 Z396.5 F15000
G1 X714.85 Y599.257 Z396.5
G1 Z395.5
G1 E17 F9000
G1 F2779.614
G1 X714.85 Y610.769 E49.70059
G1 X610.769 Y714.85 E635.45139
G1 X599.257 Y714.85 E49.70059
M73 P90 R69
;WIPE_START
G1 F600
G1 X606.257 Y714.85 E-10
;WIPE_END
G1 Z396.5 F15000
G1 X714.85 Y436.447 Z396.5
G1 Z395.5
G1 E17 F9000
G1 F2779.614
G1 X714.85 Y447.96 E49.70059
G1 X447.959 Y714.85 E1629.46317
G1 X436.447 Y714.85 E49.70059
;WIPE_START
G1 F600
G1 X443.447 Y714.85 E-10
;WIPE_END
G1 Z396.5 F15000
G1 X436.447 Y285.15 Z396.5
G1 Z395.5
G1 E17 F9000
G1 F2779.614
G1 X447.96 Y285.15 E49.70059
G1 X714.85 Y552.04 E1629.46316
G1 X714.85 Y563.553 E49.70059
;WIPE_START
G1 F600
G1 X714.85 Y556.553 E-10
;WIPE_END
G1 Z396.5 F15000
G1 X703.338 Y285.15 Z396.5
G1 Z395.5
G1 E17 F9000
G1 F2779.614
G1 X714.85 Y285.15 E49.70028
G1 X285.15 Y714.85 E2623.47449
G1 X296.662 Y714.85 E49.70028
;WIPE_START
G1 F600
G1 X289.662 Y714.85 E-10
;WIPE_END
G1 Z396.5 F15000
G1 X296.662 Y285.15 Z396.5
G1 Z395.5
G1 E17 F9000
G1 F2779.614
G1 X285.15 Y285.15 E49.70059
G1 X714.85 Y714.85 E2623.47492
G1 X703.338 Y714.85 E49.70059
M73 P91 R68
;WIPE_START
G1 F600
G1 X710.338 Y714.85 E-10
;WIPE_END
G1 Z396.5 F15000
G1 X599.257 Y285.15 Z396.5
G1 Z395.5
G1 E17 F9000
G1 F2779.614
G1 X610.769 Y285.15 E49.70059
G1 X714.85 Y389.231 E635.45139
G1 X714.85 Y400.743 E49.70059
;WIPE_START
G1 F600
G1 X714.85 Y393.743 E-10
;WIPE_END
G1 Z396.5 F15000
G1 X563.553 Y285.15 Z396.5
G1 Z395.5
G1 E17 F9000
G1 F2779.614
G1 X552.041 Y285.15 E49.70059
G1 X285.15 Y552.04 E1629.46316
G1 X285.15 Y563.553 E49.70059
;WIPE_START
G1 F600
G1 X285.15 Y556.553 E-10
;WIPE_END
G1 Z396.5 F15000
G1 X400.743 Y285.15 Z396.5
G1 Z395.5
G1 E17 F9000
G1 F2779.614
G1 X389.231 Y285.15 E49.70059
G1 X285.15 Y389.231 E635.45138
G1 X285.15 Y400.743 E49.70059
; stop printing object Cube id:0 copy 0
;LAYER_CHANGE
;Z:397
;HEIGHT:1.5
;BEFORE_LAYER_CHANGE
;397
G92 E0

EXCLUDE_OBJECT_END NAME=Cube_id_0_copy_0
;AFTER_LAYER_CHANGE
;397
;_SET_FAN_SPEED_CHANGING_LAYER
; printing object Cube id:0 copy 0
;WIPE_START
G1 F600
G1 X285.15 Y393.743 E-10
;WIPE_END
EXCLUDE_OBJECT_START NAME=Cube_id_0_copy_0
G1 Z398 F15000
G1 X282.703 Y282.703 Z398
G1 Z397
G1 E17 F9000
;TYPE:Outer wall
;WIDTH:3.2
G1 F2779.615
G1 X717.297 Y282.703 E1876.19945
G1 X717.297 Y717.297 E1876.19945
G1 X282.703 Y717.297 E1876.19945
G1 X282.703 Y283.003 E1874.90431
;WIPE_START
G1 F600
M73 P91 R67
G1 X289.703 Y282.999 E-10
;WIPE_END
G1 Z398 F15000
G1 X285.15 Y400.743 Z398
G1 Z397
G1 E17 F9000
;TYPE:Sparse infill
;WIDTH:3.2
G1 F2779.614
G1 X285.15 Y389.231 E49.70059
G1 X389.231 Y285.15 E635.45138
G1 X400.743 Y285.15 E49.70059
;WIPE_START
G1 F600
G1 X393.743 Y285.15 E-10
;WIPE_END
G1 Z398 F15000
G1 X285.15 Y563.553 Z398
G1 Z397
G1 E17 F9000
G1 F2779.614
G1 X285.15 Y552.04 E49.70059
G1 X552.041 Y285.15 E1629.46316
G1 X563.553 Y285.15 E49.70059
;WIPE_START
G1 F600
G1 X556.553 Y285.15 E-10
;WIPE_END
G1 Z398 F15000
G1 X714.85 Y400.743 Z398
G1 Z397
G1 E17 F9000
G1 F2779.614
G1 X714.85 Y389.231 E49.70059
G1 X610.769 Y285.15 E635.45139
G1 X599.257 Y285.15 E49.70059
;WIPE_START
G1 F600
G1 X606.257 Y285.15 E-10
;WIPE_END
G1 Z398 F15000
G1 X714.85 Y563.553 Z398
G1 Z397
G1 E17 F9000
G1 F2779.614
G1 X714.85 Y552.04 E49.70059
G1 X447.96 Y285.15 E1629.46316
G1 X436.447 Y285.15 E49.70059
;WIPE_START
G1 F600
G1 X443.447 Y285.15 E-10
;WIPE_END
G1 Z398 F15000
G1 X436.447 Y714.85 Z398
G1 Z397
G1 E17 F9000
G1 F2779.614
G1 X447.959 Y714.85 E49.70059
G1 X714.85 Y447.96 E1629.46317
G1 X714.85 Y436.447 E49.70059
;WIPE_START
G1 F600
G1 X714.85 Y443.447 E-10
;WIPE_END
G1 Z398 F15000
G1 X703.338 Y714.85 Z398
G1 Z397
G1 E17 F9000
G1 F2779.614
G1 X714.85 Y714.85 E49.70059
G1 X285.15 Y285.15 E2623.47492
G1 X296.662 Y285.15 E49.70059
M73 P91 R66
;WIPE_START
G1 F600
G1 X289.662 Y285.15 E-10
;WIPE_END
G1 Z398 F15000
G1 X296.662 Y714.85 Z398
G1 Z397
G1 E17 F9000
G1 F2779.614
G1 X285.15 Y714.85 E49.70028
G1 X714.85 Y285.15 E2623.47449
G1 X703.338 Y285.15 E49.70028
;WIPE_START
G1 F600
G1 X710.338 Y285.15 E-10
;WIPE_END
G1 Z398 F15000
G1 X599.257 Y714.85 Z398
G1 Z397
G1 E17 F9000
G1 F2779.614
G1 X610.769 Y714.85 E49.70059
G1 X714.85 Y610.769 E635.45139
G1 X714.85 Y599.257 E49.70059
;WIPE_START
G1 F600
G1 X714.85 Y606.257 E-10
;WIPE_END
G1 Z398 F15000
G1 X563.553 Y714.85 Z398
G1 Z397
G1 E17 F9000
G1 F2779.614
G1 X552.04 Y714.85 E49.70059
G1 X285.15 Y447.96 E1629.46316
G1 X285.15 Y436.447 E49.70059
;WIPE_START
G1 F600
G1 X285.15 Y443.447 E-10
;WIPE_END
G1 Z398 F15000
G1 X400.743 Y714.85 Z398
G1 Z397
G1 E17 F9000
G1 F2779.614
G1 X389.231 Y714.85 E49.70059
G1 X285.15 Y610.769 E635.45139
G1 X285.15 Y599.257 E49.70059
; stop printing object Cube id:0 copy 0
;LAYER_CHANGE
;Z:398.5
;HEIGHT:1.5
;BEFORE_LAYER_CHANGE
;398.5
G92 E0

EXCLUDE_OBJECT_END NAME=Cube_id_0_copy_0
;AFTER_LAYER_CHANGE
;398.5
;_SET_FAN_SPEED_CHANGING_LAYER
; printing object Cube id:0 copy 0
;WIPE_START
G1 F600
G1 X285.15 Y606.257 E-10
;WIPE_END
EXCLUDE_OBJECT_START NAME=Cube_id_0_copy_0
G1 Z399.5 F15000
G1 X282.703 Y717.297 Z399.5
G1 Z398.5
G1 E17 F9000
;TYPE:Outer wall
;WIDTH:3.2
G1 F2779.615
G1 X282.703 Y282.703 E1876.19945
G1 X717.297 Y282.703 E1876.19945
M73 P91 R65
G1 X717.297 Y717.297 E1876.19945
G1 X283.003 Y717.297 E1874.90431
;WIPE_START
G1 F600
G1 X282.999 Y710.297 E-10
;WIPE_END
G1 Z399.5 F15000
G1 X285.15 Y599.257 Z399.5
G1 Z398.5
G1 E17 F9000
;TYPE:Sparse infill
;WIDTH:3.2
G1 F2779.614
G1 X285.15 Y610.769 E49.70059
G1 X389.231 Y714.85 E635.45139
G1 X400.743 Y714.85 E49.70059
;WIPE_START
G1 F600
G1 X393.743 Y714.85 E-10
;WIPE_END
G1 Z399.5 F15000
G1 X285.15 Y436.447 Z399.5
G1 Z398.5
G1 E17 F9000
G1 F2779.614
G1 X285.15 Y447.96 E49.70059
G1 X552.04 Y714.85 E1629.46316
G1 X563.553 Y714.85 E49.70059
;WIPE_START
G1 F600
G1 X556.553 Y714.85 E-10
;WIPE_END
G1 Z399.5 F15000
G1 X714.85 Y599.257 Z399.5
G1 Z398.5
G1 E17 F9000
G1 F2779.614
G1 X714.85 Y610.769 E49.70059
G1 X610.769 Y714.85 E635.45139
G1 X599.257 Y714.85 E49.70059
;WIPE_START
G1 F600
G1 X606.257 Y714.85 E-10
;WIPE_END
G1 Z399.5 F15000
G1 X714.85 Y436.447 Z399.5
G1 Z398.5
G1 E17 F9000
G1 F2779.614
G1 X714.85 Y447.96 E49.70059
G1 X447.959 Y714.85 E1629.46317
M73 P91 R64
G1 X436.447 Y714.85 E49.70059
;WIPE_START
G1 F600
G1 X443.447 Y714.85 E-10
;WIPE_END
G1 Z399.5 F15000
G1 X436.447 Y285.15 Z399.5
G1 Z398.5
G1 E17 F9000
G1 F2779.614
G1 X447.96 Y285.15 E49.70059
G1 X714.85 Y552.04 E1629.46316
G1 X714.85 Y563.553 E49.70059
;WIPE_START
G1 F600
G1 X714.85 Y556.553 E-10
;WIPE_END
G1 Z399.5 F15000
G1 X703.338 Y285.15 Z399.5
G1 Z398.5
G1 E17 F9000
G1 F2779.614
G1 X714.85 Y285.15 E49.70028
G1 X285.15 Y714.85 E2623.47449
G1 X296.662 Y714.85 E49.70028
;WIPE_START
G1 F600
G1 X289.662 Y714.85 E-10
;WIPE_END
G1 Z399.5 F15000
G1 X296.662 Y285.15 Z399.5
G1 Z398.5
G1 E17 F9000
G1 F2779.614
G1 X285.15 Y285.15 E49.70059
G1 X714.85 Y714.85 E2623.47492
G1 X703.338 Y714.85 E49.70059
;WIPE_START
G1 F600
G1 X710.338 Y714.85 E-10
;WIPE_END
G1 Z399.5 F15000
G1 X599.257 Y285.15 Z399.5
G1 Z398.5
G1 E17 F9000
G1 F2779.614
G1 X610.769 Y285.15 E49.70059
G1 X714.85 Y389.231 E635.45139
G1 X714.85 Y400.743 E49.70059
M73 P91 R63
;WIPE_START
G1 F600
G1 X714.85 Y393.743 E-10
;WIPE_END
G1 Z399.5 F15000
G1 X563.553 Y285.15 Z399.5
G1 Z398.5
G1 E17 F9000
G1 F2779.614
G1 X552.041 Y285.15 E49.70059
G1 X285.15 Y552.04 E1629.46316
G1 X285.15 Y563.553 E49.70059
;WIPE_START
G1 F600
G1 X285.15 Y556.553 E-10
;WIPE_END
G1 Z399.5 F15000
G1 X400.743 Y285.15 Z399.5
G1 Z398.5
G1 E17 F9000
G1 F2779.614
G1 X389.231 Y285.15 E49.70059
G1 X285.15 Y389.231 E635.45138
G1 X285.15 Y400.743 E49.70059
; stop printing object Cube id:0 copy 0
;LAYER_CHANGE
;Z:400
;HEIGHT:1.5
;BEFORE_LAYER_CHANGE
;400
G92 E0

EXCLUDE_OBJECT_END NAME=Cube_id_0_copy_0
;AFTER_LAYER_CHANGE
;400
;_SET_FAN_SPEED_CHANGING_LAYER
; printing object Cube id:0 copy 0
;WIPE_START
G1 F600
G1 X285.15 Y393.743 E-10
;WIPE_END
EXCLUDE_OBJECT_START NAME=Cube_id_0_copy_0
G1 Z401 F15000
G1 X282.703 Y282.703 Z401
G1 Z400
G1 E17 F9000
;TYPE:Outer wall
;WIDTH:3.2
G1 F2779.615
G1 X717.297 Y282.703 E1876.19945
G1 X717.297 Y717.297 E1876.19945
G1 X282.703 Y717.297 E1876.19945
G1 X282.703 Y283.003 E1874.90431
;WIPE_START
G1 F600
M73 P91 R62
G1 X289.703 Y282.999 E-10
;WIPE_END
G1 Z401 F15000
G1 X285.15 Y400.743 Z401
G1 Z400
G1 E17 F9000
;TYPE:Sparse infill
;WIDTH:3.2
G1 F2779.614
G1 X285.15 Y389.231 E49.70059
G1 X389.231 Y285.15 E635.45138
G1 X400.743 Y285.15 E49.70059
;WIPE_START
G1 F600
G1 X393.743 Y285.15 E-10
;WIPE_END
G1 Z401 F15000
G1 X285.15 Y563.553 Z401
G1 Z400
G1 E17 F9000
G1 F2779.614
G1 X285.15 Y552.04 E49.70059
G1 X552.041 Y285.15 E1629.46316
G1 X563.553 Y285.15 E49.70059
;WIPE_START
G1 F600
G1 X556.553 Y285.15 E-10
;WIPE_END
G1 Z401 F15000
G1 X714.85 Y400.743 Z401
G1 Z400
G1 E17 F9000
G1 F2779.614
G1 X714.85 Y389.231 E49.70059
G1 X610.769 Y285.15 E635.45139
G1 X599.257 Y285.15 E49.70059
;WIPE_START
G1 F600
G1 X606.257 Y285.15 E-10
;WIPE_END
G1 Z401 F15000
G1 X714.85 Y563.553 Z401
G1 Z400
G1 E17 F9000
G1 F2779.614
G1 X714.85 Y552.04 E49.70059
G1 X447.96 Y285.15 E1629.46316
G1 X436.447 Y285.15 E49.70059
;WIPE_START
G1 F600
G1 X443.447 Y285.15 E-10
;WIPE_END
G1 Z401 F15000
G1 X436.447 Y714.85 Z401
G1 Z400
G1 E17 F9000
G1 F2779.614
G1 X447.959 Y714.85 E49.70059
G1 X714.85 Y447.96 E1629.46317
G1 X714.85 Y436.447 E49.70059
;WIPE_START
G1 F600
G1 X714.85 Y443.447 E-10
;WIPE_END
G1 Z401 F15000
G1 X703.338 Y714.85 Z401
G1 Z400
G1 E17 F9000
G1 F2779.614
G1 X714.85 Y714.85 E49.70059
G1 X285.15 Y285.15 E2623.47492
G1 X296.662 Y285.15 E49.70059
M73 P91 R61
;WIPE_START
G1 F600
G1 X289.662 Y285.15 E-10
;WIPE_END
G1 Z401 F15000
G1 X296.662 Y714.85 Z401
G1 Z400
G1 E17 F9000
G1 F2779.614
G1 X285.15 Y714.85 E49.70028
G1 X714.85 Y285.15 E2623.47449
G1 X703.338 Y285.15 E49.70028
;WIPE_START
G1 F600
G1 X710.338 Y285.15 E-10
;WIPE_END
G1 Z401 F15000
G1 X599.257 Y714.85 Z401
G1 Z400
G1 E17 F9000
G1 F2779.614
G1 X610.769 Y714.85 E49.70059
G1 X714.85 Y610.769 E635.45139
G1 X714.85 Y599.257 E49.70059
;WIPE_START
G1 F600
G1 X714.85 Y606.257 E-10
;WIPE_END
G1 Z401 F15000
G1 X563.553 Y714.85 Z401
G1 Z400
M73 P92 R61
G1 E17 F9000
G1 F2779.614
G1 X552.04 Y714.85 E49.70059
G1 X285.15 Y447.96 E1629.46316
G1 X285.15 Y436.447 E49.70059
;WIPE_START
G1 F600
G1 X285.15 Y443.447 E-10
;WIPE_END
G1 Z401 F15000
G1 X400.743 Y714.85 Z401
G1 Z400
G1 E17 F9000
G1 F2779.614
G1 X389.231 Y714.85 E49.70059
G1 X285.15 Y610.769 E635.45139
G1 X285.15 Y599.257 E49.70059
; stop printing object Cube id:0 copy 0
;LAYER_CHANGE
;Z:401.5
;HEIGHT:1.5
;BEFORE_LAYER_CHANGE
;401.5
G92 E0

EXCLUDE_OBJECT_END NAME=Cube_id_0_copy_0
;AFTER_LAYER_CHANGE
;401.5
;_SET_FAN_SPEED_CHANGING_LAYER
; printing object Cube id:0 copy 0
;WIPE_START
G1 F600
G1 X285.15 Y606.257 E-10
;WIPE_END
EXCLUDE_OBJECT_START NAME=Cube_id_0_copy_0
G1 Z402.5 F15000
G1 X282.703 Y717.297 Z402.5
G1 Z401.5
G1 E17 F9000
;TYPE:Outer wall
;WIDTH:3.2
G1 F2779.615
G1 X282.703 Y282.703 E1876.19945
G1 X717.297 Y282.703 E1876.19945
G1 X717.297 Y717.297 E1876.19945
M73 P92 R60
G1 X283.003 Y717.297 E1874.90431
;WIPE_START
G1 F600
G1 X282.999 Y710.297 E-10
;WIPE_END
G1 Z402.5 F15000
G1 X285.15 Y599.257 Z402.5
G1 Z401.5
G1 E17 F9000
;TYPE:Sparse infill
;WIDTH:3.2
G1 F2779.614
G1 X285.15 Y610.769 E49.70059
G1 X389.231 Y714.85 E635.45139
G1 X400.743 Y714.85 E49.70059
;WIPE_START
G1 F600
G1 X393.743 Y714.85 E-10
;WIPE_END
G1 Z402.5 F15000
G1 X285.15 Y436.447 Z402.5
G1 Z401.5
G1 E17 F9000
G1 F2779.614
G1 X285.15 Y447.96 E49.70059
G1 X552.04 Y714.85 E1629.46316
G1 X563.553 Y714.85 E49.70059
;WIPE_START
G1 F600
G1 X556.553 Y714.85 E-10
;WIPE_END
G1 Z402.5 F15000
G1 X714.85 Y599.257 Z402.5
G1 Z401.5
G1 E17 F9000
G1 F2779.614
G1 X714.85 Y610.769 E49.70059
G1 X610.769 Y714.85 E635.45139
G1 X599.257 Y714.85 E49.70059
;WIPE_START
G1 F600
G1 X606.257 Y714.85 E-10
;WIPE_END
G1 Z402.5 F15000
G1 X714.85 Y436.447 Z402.5
G1 Z401.5
G1 E17 F9000
G1 F2779.614
G1 X714.85 Y447.96 E49.70059
G1 X447.959 Y714.85 E1629.46317
G1 X436.447 Y714.85 E49.70059
M73 P92 R59
;WIPE_START
G1 F600
G1 X443.447 Y714.85 E-10
;WIPE_END
G1 Z402.5 F15000
G1 X436.447 Y285.15 Z402.5
G1 Z401.5
G1 E17 F9000
G1 F2779.614
G1 X447.96 Y285.15 E49.70059
G1 X714.85 Y552.04 E1629.46316
G1 X714.85 Y563.553 E49.70059
;WIPE_START
G1 F600
G1 X714.85 Y556.553 E-10
;WIPE_END
G1 Z402.5 F15000
G1 X703.338 Y285.15 Z402.5
G1 Z401.5
G1 E17 F9000
G1 F2779.614
G1 X714.85 Y285.15 E49.70028
G1 X285.15 Y714.85 E2623.47449
G1 X296.662 Y714.85 E49.70028
;WIPE_START
G1 F600
G1 X289.662 Y714.85 E-10
;WIPE_END
G1 Z402.5 F15000
G1 X296.662 Y285.15 Z402.5
G1 Z401.5
G1 E17 F9000
G1 F2779.614
G1 X285.15 Y285.15 E49.70059
G1 X714.85 Y714.85 E2623.47492
G1 X703.338 Y714.85 E49.70059
;WIPE_START
G1 F600
G1 X710.338 Y714.85 E-10
;WIPE_END
G1 Z402.5 F15000
G1 X599.257 Y285.15 Z402.5
G1 Z401.5
G1 E17 F9000
G1 F2779.614
G1 X610.769 Y285.15 E49.70059
G1 X714.85 Y389.231 E635.45139
G1 X714.85 Y400.743 E49.70059
;WIPE_START
G1 F600
G1 X714.85 Y393.743 E-10
;WIPE_END
G1 Z402.5 F15000
G1 X563.553 Y285.15 Z402.5
G1 Z401.5
G1 E17 F9000
G1 F2779.614
G1 X552.041 Y285.15 E49.70059
G1 X285.15 Y552.04 E1629.46316
G1 X285.15 Y563.553 E49.70059
M73 P92 R58
;WIPE_START
G1 F600
G1 X285.15 Y556.553 E-10
;WIPE_END
G1 Z402.5 F15000
G1 X400.743 Y285.15 Z402.5
G1 Z401.5
G1 E17 F9000
G1 F2779.614
G1 X389.231 Y285.15 E49.70059
G1 X285.15 Y389.231 E635.45138
G1 X285.15 Y400.743 E49.70059
; stop printing object Cube id:0 copy 0
;LAYER_CHANGE
;Z:403
;HEIGHT:1.5
;BEFORE_LAYER_CHANGE
;403
G92 E0

EXCLUDE_OBJECT_END NAME=Cube_id_0_copy_0
;AFTER_LAYER_CHANGE
;403
;_SET_FAN_SPEED_CHANGING_LAYER
; printing object Cube id:0 copy 0
;WIPE_START
G1 F600
G1 X285.15 Y393.743 E-10
;WIPE_END
EXCLUDE_OBJECT_START NAME=Cube_id_0_copy_0
G1 Z404 F15000
G1 X282.703 Y282.703 Z404
G1 Z403
G1 E17 F9000
;TYPE:Outer wall
;WIDTH:3.2
G1 F2779.615
G1 X717.297 Y282.703 E1876.19945
G1 X717.297 Y717.297 E1876.19945
G1 X282.703 Y717.297 E1876.19945
G1 X282.703 Y283.003 E1874.90431
;WIPE_START
G1 F600
G1 X289.703 Y282.999 E-10
;WIPE_END
G1 Z404 F15000
G1 X285.15 Y400.743 Z404
G1 Z403
G1 E17 F9000
;TYPE:Sparse infill
;WIDTH:3.2
G1 F2779.614
G1 X285.15 Y389.231 E49.70059
G1 X389.231 Y285.15 E635.45138
G1 X400.743 Y285.15 E49.70059
;WIPE_START
G1 F600
M73 P92 R57
G1 X393.743 Y285.15 E-10
;WIPE_END
G1 Z404 F15000
G1 X285.15 Y563.553 Z404
G1 Z403
G1 E17 F9000
G1 F2779.614
G1 X285.15 Y552.04 E49.70059
G1 X552.041 Y285.15 E1629.46316
G1 X563.553 Y285.15 E49.70059
;WIPE_START
G1 F600
G1 X556.553 Y285.15 E-10
;WIPE_END
G1 Z404 F15000
G1 X714.85 Y400.743 Z404
G1 Z403
G1 E17 F9000
G1 F2779.614
G1 X714.85 Y389.231 E49.70059
G1 X610.769 Y285.15 E635.45139
G1 X599.257 Y285.15 E49.70059
;WIPE_START
G1 F600
G1 X606.257 Y285.15 E-10
;WIPE_END
G1 Z404 F15000
G1 X714.85 Y563.553 Z404
G1 Z403
G1 E17 F9000
G1 F2779.614
G1 X714.85 Y552.04 E49.70059
G1 X447.96 Y285.15 E1629.46316
G1 X436.447 Y285.15 E49.70059
;WIPE_START
G1 F600
G1 X443.447 Y285.15 E-10
;WIPE_END
G1 Z404 F15000
G1 X436.447 Y714.85 Z404
G1 Z403
G1 E17 F9000
G1 F2779.614
G1 X447.959 Y714.85 E49.70059
G1 X714.85 Y447.96 E1629.46317
G1 X714.85 Y436.447 E49.70059
;WIPE_START
G1 F600
G1 X714.85 Y443.447 E-10
;WIPE_END
G1 Z404 F15000
G1 X703.338 Y714.85 Z404
G1 Z403
G1 E17 F9000
G1 F2779.614
G1 X714.85 Y714.85 E49.70059
G1 X285.15 Y285.15 E2623.47492
G1 X296.662 Y285.15 E49.70059
;WIPE_START
G1 F600
G1 X289.662 Y285.15 E-10
;WIPE_END
G1 Z404 F15000
G1 X296.662 Y714.85 Z404
G1 Z403
M73 P92 R56
G1 E17 F9000
G1 F2779.614
G1 X285.15 Y714.85 E49.70028
G1 X714.85 Y285.15 E2623.47449
G1 X703.338 Y285.15 E49.70028
;WIPE_START
G1 F600
G1 X710.338 Y285.15 E-10
;WIPE_END
G1 Z404 F15000
G1 X599.257 Y714.85 Z404
G1 Z403
G1 E17 F9000
G1 F2779.614
G1 X610.769 Y714.85 E49.70059
G1 X714.85 Y610.769 E635.45139
G1 X714.85 Y599.257 E49.70059
;WIPE_START
G1 F600
G1 X714.85 Y606.257 E-10
;WIPE_END
G1 Z404 F15000
G1 X563.553 Y714.85 Z404
G1 Z403
G1 E17 F9000
G1 F2779.614
G1 X552.04 Y714.85 E49.70059
G1 X285.15 Y447.96 E1629.46316
G1 X285.15 Y436.447 E49.70059
;WIPE_START
G1 F600
G1 X285.15 Y443.447 E-10
;WIPE_END
G1 Z404 F15000
G1 X400.743 Y714.85 Z404
G1 Z403
G1 E17 F9000
G1 F2779.614
G1 X389.231 Y714.85 E49.70059
G1 X285.15 Y610.769 E635.45139
G1 X285.15 Y599.257 E49.70059
; stop printing object Cube id:0 copy 0
;LAYER_CHANGE
;Z:404.5
;HEIGHT:1.5
;BEFORE_LAYER_CHANGE
;404.5
G92 E0

EXCLUDE_OBJECT_END NAME=Cube_id_0_copy_0
;AFTER_LAYER_CHANGE
;404.5
;_SET_FAN_SPEED_CHANGING_LAYER
; printing object Cube id:0 copy 0
;WIPE_START
G1 F600
G1 X285.15 Y606.257 E-10
;WIPE_END
EXCLUDE_OBJECT_START NAME=Cube_id_0_copy_0
G1 Z405.5 F15000
G1 X282.703 Y717.297 Z405.5
G1 Z404.5
G1 E17 F9000
;TYPE:Outer wall
;WIDTH:3.2
G1 F2779.615
G1 X282.703 Y282.703 E1876.19945
G1 X717.297 Y282.703 E1876.19945
G1 X717.297 Y717.297 E1876.19945
M73 P92 R55
G1 X283.003 Y717.297 E1874.90431
;WIPE_START
G1 F600
G1 X282.999 Y710.297 E-10
;WIPE_END
G1 Z405.5 F15000
G1 X285.15 Y599.257 Z405.5
G1 Z404.5
G1 E17 F9000
;TYPE:Sparse infill
;WIDTH:3.2
G1 F2779.614
G1 X285.15 Y610.769 E49.70059
G1 X389.231 Y714.85 E635.45139
G1 X400.743 Y714.85 E49.70059
;WIPE_START
G1 F600
G1 X393.743 Y714.85 E-10
;WIPE_END
G1 Z405.5 F15000
G1 X285.15 Y436.447 Z405.5
G1 Z404.5
G1 E17 F9000
G1 F2779.614
G1 X285.15 Y447.96 E49.70059
G1 X552.04 Y714.85 E1629.46316
G1 X563.553 Y714.85 E49.70059
;WIPE_START
G1 F600
G1 X556.553 Y714.85 E-10
;WIPE_END
G1 Z405.5 F15000
G1 X714.85 Y599.257 Z405.5
G1 Z404.5
G1 E17 F9000
G1 F2779.614
G1 X714.85 Y610.769 E49.70059
G1 X610.769 Y714.85 E635.45139
G1 X599.257 Y714.85 E49.70059
;WIPE_START
G1 F600
G1 X606.257 Y714.85 E-10
;WIPE_END
G1 Z405.5 F15000
G1 X714.85 Y436.447 Z405.5
G1 Z404.5
G1 E17 F9000
G1 F2779.614
G1 X714.85 Y447.96 E49.70059
G1 X447.959 Y714.85 E1629.46317
G1 X436.447 Y714.85 E49.70059
;WIPE_START
G1 F600
G1 X443.447 Y714.85 E-10
;WIPE_END
G1 Z405.5 F15000
G1 X436.447 Y285.15 Z405.5
G1 Z404.5
G1 E17 F9000
G1 F2779.614
G1 X447.96 Y285.15 E49.70059
G1 X714.85 Y552.04 E1629.46316
M73 P92 R54
G1 X714.85 Y563.553 E49.70059
;WIPE_START
G1 F600
G1 X714.85 Y556.553 E-10
;WIPE_END
G1 Z405.5 F15000
G1 X703.338 Y285.15 Z405.5
G1 Z404.5
G1 E17 F9000
G1 F2779.614
G1 X714.85 Y285.15 E49.70028
G1 X285.15 Y714.85 E2623.47449
G1 X296.662 Y714.85 E49.70028
;WIPE_START
G1 F600
G1 X289.662 Y714.85 E-10
;WIPE_END
G1 Z405.5 F15000
G1 X296.662 Y285.15 Z405.5
G1 Z404.5
G1 E17 F9000
G1 F2779.614
G1 X285.15 Y285.15 E49.70059
G1 X714.85 Y714.85 E2623.47492
G1 X703.338 Y714.85 E49.70059
;WIPE_START
G1 F600
G1 X710.338 Y714.85 E-10
;WIPE_END
G1 Z405.5 F15000
G1 X599.257 Y285.15 Z405.5
G1 Z404.5
G1 E17 F9000
G1 F2779.614
G1 X610.769 Y285.15 E49.70059
G1 X714.85 Y389.231 E635.45139
G1 X714.85 Y400.743 E49.70059
;WIPE_START
G1 F600
G1 X714.85 Y393.743 E-10
;WIPE_END
G1 Z405.5 F15000
G1 X563.553 Y285.15 Z405.5
G1 Z404.5
G1 E17 F9000
G1 F2779.614
G1 X552.041 Y285.15 E49.70059
G1 X285.15 Y552.04 E1629.46316
G1 X285.15 Y563.553 E49.70059
M73 P92 R53
;WIPE_START
G1 F600
G1 X285.15 Y556.553 E-10
;WIPE_END
G1 Z405.5 F15000
G1 X400.743 Y285.15 Z405.5
G1 Z404.5
G1 E17 F9000
G1 F2779.614
G1 X389.231 Y285.15 E49.70059
G1 X285.15 Y389.231 E635.45138
G1 X285.15 Y400.743 E49.70059
; stop printing object Cube id:0 copy 0
;LAYER_CHANGE
;Z:406
;HEIGHT:1.5
;BEFORE_LAYER_CHANGE
;406
G92 E0

EXCLUDE_OBJECT_END NAME=Cube_id_0_copy_0
;AFTER_LAYER_CHANGE
;406
;_SET_FAN_SPEED_CHANGING_LAYER
; printing object Cube id:0 copy 0
;WIPE_START
G1 F600
G1 X285.15 Y393.743 E-10
;WIPE_END
EXCLUDE_OBJECT_START NAME=Cube_id_0_copy_0
G1 Z407 F15000
G1 X282.703 Y282.703 Z407
G1 Z406
G1 E17 F9000
;TYPE:Outer wall
;WIDTH:3.2
G1 F2779.615
G1 X717.297 Y282.703 E1876.19945
G1 X717.297 Y717.297 E1876.19945
M73 P93 R53
G1 X282.703 Y717.297 E1876.19945
G1 X282.703 Y283.003 E1874.90431
;WIPE_START
G1 F600
G1 X289.703 Y282.999 E-10
;WIPE_END
G1 Z407 F15000
G1 X285.15 Y400.743 Z407
G1 Z406
G1 E17 F9000
;TYPE:Sparse infill
;WIDTH:3.2
G1 F2779.614
G1 X285.15 Y389.231 E49.70059
G1 X389.231 Y285.15 E635.45138
G1 X400.743 Y285.15 E49.70059
;WIPE_START
G1 F600
G1 X393.743 Y285.15 E-10
;WIPE_END
G1 Z407 F15000
G1 X285.15 Y563.553 Z407
G1 Z406
G1 E17 F9000
G1 F2779.614
G1 X285.15 Y552.04 E49.70059
G1 X552.041 Y285.15 E1629.46316
G1 X563.553 Y285.15 E49.70059
M73 P93 R52
;WIPE_START
G1 F600
G1 X556.553 Y285.15 E-10
;WIPE_END
G1 Z407 F15000
G1 X714.85 Y400.743 Z407
G1 Z406
G1 E17 F9000
G1 F2779.614
G1 X714.85 Y389.231 E49.70059
G1 X610.769 Y285.15 E635.45139
G1 X599.257 Y285.15 E49.70059
;WIPE_START
G1 F600
G1 X606.257 Y285.15 E-10
;WIPE_END
G1 Z407 F15000
G1 X714.85 Y563.553 Z407
G1 Z406
G1 E17 F9000
G1 F2779.614
G1 X714.85 Y552.04 E49.70059
G1 X447.96 Y285.15 E1629.46316
G1 X436.447 Y285.15 E49.70059
;WIPE_START
G1 F600
G1 X443.447 Y285.15 E-10
;WIPE_END
G1 Z407 F15000
G1 X436.447 Y714.85 Z407
G1 Z406
G1 E17 F9000
G1 F2779.614
G1 X447.959 Y714.85 E49.70059
G1 X714.85 Y447.96 E1629.46317
G1 X714.85 Y436.447 E49.70059
;WIPE_START
G1 F600
G1 X714.85 Y443.447 E-10
;WIPE_END
G1 Z407 F15000
G1 X703.338 Y714.85 Z407
G1 Z406
G1 E17 F9000
G1 F2779.614
G1 X714.85 Y714.85 E49.70059
G1 X285.15 Y285.15 E2623.47492
G1 X296.662 Y285.15 E49.70059
;WIPE_START
G1 F600
G1 X289.662 Y285.15 E-10
;WIPE_END
G1 Z407 F15000
G1 X296.662 Y714.85 Z407
G1 Z406
G1 E17 F9000
G1 F2779.614
G1 X285.15 Y714.85 E49.70028
G1 X714.85 Y285.15 E2623.47449
G1 X703.338 Y285.15 E49.70028
M73 P93 R51
;WIPE_START
G1 F600
G1 X710.338 Y285.15 E-10
;WIPE_END
G1 Z407 F15000
G1 X599.257 Y714.85 Z407
G1 Z406
G1 E17 F9000
G1 F2779.614
G1 X610.769 Y714.85 E49.70059
G1 X714.85 Y610.769 E635.45139
G1 X714.85 Y599.257 E49.70059
;WIPE_START
G1 F600
G1 X714.85 Y606.257 E-10
;WIPE_END
G1 Z407 F15000
G1 X563.553 Y714.85 Z407
G1 Z406
G1 E17 F9000
G1 F2779.614
G1 X552.04 Y714.85 E49.70059
G1 X285.15 Y447.96 E1629.46316
G1 X285.15 Y436.447 E49.70059
;WIPE_START
G1 F600
G1 X285.15 Y443.447 E-10
;WIPE_END
G1 Z407 F15000
G1 X400.743 Y714.85 Z407
G1 Z406
G1 E17 F9000
G1 F2779.614
G1 X389.231 Y714.85 E49.70059
G1 X285.15 Y610.769 E635.45139
G1 X285.15 Y599.257 E49.70059
; stop printing object Cube id:0 copy 0
;LAYER_CHANGE
;Z:407.5
;HEIGHT:1.5
;BEFORE_LAYER_CHANGE
;407.5
G92 E0

EXCLUDE_OBJECT_END NAME=Cube_id_0_copy_0
;AFTER_LAYER_CHANGE
;407.5
;_SET_FAN_SPEED_CHANGING_LAYER
; printing object Cube id:0 copy 0
;WIPE_START
G1 F600
G1 X285.15 Y606.257 E-10
;WIPE_END
EXCLUDE_OBJECT_START NAME=Cube_id_0_copy_0
G1 Z408.5 F15000
G1 X282.703 Y717.297 Z408.5
G1 Z407.5
G1 E17 F9000
;TYPE:Outer wall
;WIDTH:3.2
G1 F2779.615
G1 X282.703 Y282.703 E1876.19945
G1 X717.297 Y282.703 E1876.19945
G1 X717.297 Y717.297 E1876.19945
G1 X283.003 Y717.297 E1874.90431
M73 P93 R50
;WIPE_START
G1 F600
G1 X282.999 Y710.297 E-10
;WIPE_END
G1 Z408.5 F15000
G1 X285.15 Y599.257 Z408.5
G1 Z407.5
G1 E17 F9000
;TYPE:Sparse infill
;WIDTH:3.2
G1 F2779.614
G1 X285.15 Y610.769 E49.70059
G1 X389.231 Y714.85 E635.45139
G1 X400.743 Y714.85 E49.70059
;WIPE_START
G1 F600
G1 X393.743 Y714.85 E-10
;WIPE_END
G1 Z408.5 F15000
G1 X285.15 Y436.447 Z408.5
G1 Z407.5
G1 E17 F9000
G1 F2779.614
G1 X285.15 Y447.96 E49.70059
G1 X552.04 Y714.85 E1629.46316
G1 X563.553 Y714.85 E49.70059
;WIPE_START
G1 F600
G1 X556.553 Y714.85 E-10
;WIPE_END
G1 Z408.5 F15000
G1 X714.85 Y599.257 Z408.5
G1 Z407.5
G1 E17 F9000
G1 F2779.614
G1 X714.85 Y610.769 E49.70059
G1 X610.769 Y714.85 E635.45139
G1 X599.257 Y714.85 E49.70059
;WIPE_START
G1 F600
G1 X606.257 Y714.85 E-10
;WIPE_END
G1 Z408.5 F15000
G1 X714.85 Y436.447 Z408.5
G1 Z407.5
G1 E17 F9000
G1 F2779.614
G1 X714.85 Y447.96 E49.70059
G1 X447.959 Y714.85 E1629.46317
G1 X436.447 Y714.85 E49.70059
;WIPE_START
G1 F600
G1 X443.447 Y714.85 E-10
;WIPE_END
G1 Z408.5 F15000
G1 X436.447 Y285.15 Z408.5
G1 Z407.5
G1 E17 F9000
G1 F2779.614
G1 X447.96 Y285.15 E49.70059
G1 X714.85 Y552.04 E1629.46316
G1 X714.85 Y563.553 E49.70059
M73 P93 R49
;WIPE_START
G1 F600
G1 X714.85 Y556.553 E-10
;WIPE_END
G1 Z408.5 F15000
G1 X703.338 Y285.15 Z408.5
G1 Z407.5
G1 E17 F9000
G1 F2779.614
G1 X714.85 Y285.15 E49.70028
G1 X285.15 Y714.85 E2623.47449
G1 X296.662 Y714.85 E49.70028
;WIPE_START
G1 F600
G1 X289.662 Y714.85 E-10
;WIPE_END
G1 Z408.5 F15000
G1 X296.662 Y285.15 Z408.5
G1 Z407.5
G1 E17 F9000
G1 F2779.614
G1 X285.15 Y285.15 E49.70059
G1 X714.85 Y714.85 E2623.47492
G1 X703.338 Y714.85 E49.70059
;WIPE_START
G1 F600
G1 X710.338 Y714.85 E-10
;WIPE_END
G1 Z408.5 F15000
G1 X599.257 Y285.15 Z408.5
G1 Z407.5
G1 E17 F9000
G1 F2779.614
G1 X610.769 Y285.15 E49.70059
G1 X714.85 Y389.231 E635.45139
G1 X714.85 Y400.743 E49.70059
;WIPE_START
G1 F600
G1 X714.85 Y393.743 E-10
;WIPE_END
G1 Z408.5 F15000
G1 X563.553 Y285.15 Z408.5
G1 Z407.5
G1 E17 F9000
G1 F2779.614
G1 X552.041 Y285.15 E49.70059
G1 X285.15 Y552.04 E1629.46316
G1 X285.15 Y563.553 E49.70059
;WIPE_START
G1 F600
G1 X285.15 Y556.553 E-10
;WIPE_END
G1 Z408.5 F15000
G1 X400.743 Y285.15 Z408.5
G1 Z407.5
G1 E17 F9000
G1 F2779.614
G1 X389.231 Y285.15 E49.70059
G1 X285.15 Y389.231 E635.45138
G1 X285.15 Y400.743 E49.70059
M73 P93 R48
; stop printing object Cube id:0 copy 0
;LAYER_CHANGE
;Z:409
;HEIGHT:1.5
;BEFORE_LAYER_CHANGE
;409
G92 E0

EXCLUDE_OBJECT_END NAME=Cube_id_0_copy_0
;AFTER_LAYER_CHANGE
;409
;_SET_FAN_SPEED_CHANGING_LAYER
; printing object Cube id:0 copy 0
;WIPE_START
G1 F600
G1 X285.15 Y393.743 E-10
;WIPE_END
EXCLUDE_OBJECT_START NAME=Cube_id_0_copy_0
G1 Z410 F15000
G1 X282.703 Y282.703 Z410
G1 Z409
G1 E17 F9000
;TYPE:Outer wall
;WIDTH:3.2
G1 F2779.615
G1 X717.297 Y282.703 E1876.19945
G1 X717.297 Y717.297 E1876.19945
G1 X282.703 Y717.297 E1876.19945
G1 X282.703 Y283.003 E1874.90431
;WIPE_START
G1 F600
G1 X289.703 Y282.999 E-10
;WIPE_END
G1 Z410 F15000
G1 X285.15 Y400.743 Z410
G1 Z409
G1 E17 F9000
;TYPE:Sparse infill
;WIDTH:3.2
G1 F2779.614
G1 X285.15 Y389.231 E49.70059
G1 X389.231 Y285.15 E635.45138
G1 X400.743 Y285.15 E49.70059
;WIPE_START
G1 F600
G1 X393.743 Y285.15 E-10
;WIPE_END
G1 Z410 F15000
G1 X285.15 Y563.553 Z410
G1 Z409
G1 E17 F9000
G1 F2779.614
G1 X285.15 Y552.04 E49.70059
G1 X552.041 Y285.15 E1629.46316
G1 X563.553 Y285.15 E49.70059
;WIPE_START
G1 F600
G1 X556.553 Y285.15 E-10
;WIPE_END
G1 Z410 F15000
G1 X714.85 Y400.743 Z410
M73 P93 R47
G1 Z409
G1 E17 F9000
G1 F2779.614
G1 X714.85 Y389.231 E49.70059
G1 X610.769 Y285.15 E635.45139
G1 X599.257 Y285.15 E49.70059
;WIPE_START
G1 F600
G1 X606.257 Y285.15 E-10
;WIPE_END
G1 Z410 F15000
G1 X714.85 Y563.553 Z410
G1 Z409
G1 E17 F9000
G1 F2779.614
G1 X714.85 Y552.04 E49.70059
G1 X447.96 Y285.15 E1629.46316
G1 X436.447 Y285.15 E49.70059
;WIPE_START
G1 F600
G1 X443.447 Y285.15 E-10
;WIPE_END
G1 Z410 F15000
G1 X436.447 Y714.85 Z410
G1 Z409
G1 E17 F9000
G1 F2779.614
G1 X447.959 Y714.85 E49.70059
G1 X714.85 Y447.96 E1629.46317
G1 X714.85 Y436.447 E49.70059
;WIPE_START
G1 F600
G1 X714.85 Y443.447 E-10
;WIPE_END
G1 Z410 F15000
G1 X703.338 Y714.85 Z410
G1 Z409
G1 E17 F9000
G1 F2779.614
G1 X714.85 Y714.85 E49.70059
G1 X285.15 Y285.15 E2623.47492
G1 X296.662 Y285.15 E49.70059
;WIPE_START
G1 F600
G1 X289.662 Y285.15 E-10
;WIPE_END
G1 Z410 F15000
G1 X296.662 Y714.85 Z410
G1 Z409
G1 E17 F9000
G1 F2779.614
G1 X285.15 Y714.85 E49.70028
G1 X714.85 Y285.15 E2623.47449
G1 X703.338 Y285.15 E49.70028
M73 P93 R46
;WIPE_START
G1 F600
G1 X710.338 Y285.15 E-10
;WIPE_END
G1 Z410 F15000
G1 X599.257 Y714.85 Z410
G1 Z409
G1 E17 F9000
G1 F2779.614
G1 X610.769 Y714.85 E49.70059
G1 X714.85 Y610.769 E635.45139
G1 X714.85 Y599.257 E49.70059
;WIPE_START
G1 F600
G1 X714.85 Y606.257 E-10
;WIPE_END
G1 Z410 F15000
G1 X563.553 Y714.85 Z410
G1 Z409
G1 E17 F9000
G1 F2779.614
G1 X552.04 Y714.85 E49.70059
G1 X285.15 Y447.96 E1629.46316
G1 X285.15 Y436.447 E49.70059
;WIPE_START
G1 F600
G1 X285.15 Y443.447 E-10
;WIPE_END
G1 Z410 F15000
G1 X400.743 Y714.85 Z410
G1 Z409
G1 E17 F9000
G1 F2779.614
G1 X389.231 Y714.85 E49.70059
G1 X285.15 Y610.769 E635.45139
G1 X285.15 Y599.257 E49.70059
; stop printing object Cube id:0 copy 0
;LAYER_CHANGE
;Z:410.5
;HEIGHT:1.5
;BEFORE_LAYER_CHANGE
;410.5
G92 E0

EXCLUDE_OBJECT_END NAME=Cube_id_0_copy_0
;AFTER_LAYER_CHANGE
;410.5
;_SET_FAN_SPEED_CHANGING_LAYER
; printing object Cube id:0 copy 0
;WIPE_START
G1 F600
G1 X285.15 Y606.257 E-10
;WIPE_END
EXCLUDE_OBJECT_START NAME=Cube_id_0_copy_0
G1 Z411.5 F15000
G1 X282.703 Y717.297 Z411.5
G1 Z410.5
G1 E17 F9000
;TYPE:Outer wall
;WIDTH:3.2
G1 F2779.615
G1 X282.703 Y282.703 E1876.19945
G1 X717.297 Y282.703 E1876.19945
G1 X717.297 Y717.297 E1876.19945
G1 X283.003 Y717.297 E1874.90431
M73 P94 R46
;WIPE_START
G1 F600
M73 P94 R45
G1 X282.999 Y710.297 E-10
;WIPE_END
G1 Z411.5 F15000
G1 X285.15 Y599.257 Z411.5
G1 Z410.5
G1 E17 F9000
;TYPE:Sparse infill
;WIDTH:3.2
G1 F2779.614
G1 X285.15 Y610.769 E49.70059
G1 X389.231 Y714.85 E635.45139
G1 X400.743 Y714.85 E49.70059
;WIPE_START
G1 F600
G1 X393.743 Y714.85 E-10
;WIPE_END
G1 Z411.5 F15000
G1 X285.15 Y436.447 Z411.5
G1 Z410.5
G1 E17 F9000
G1 F2779.614
G1 X285.15 Y447.96 E49.70059
G1 X552.04 Y714.85 E1629.46316
G1 X563.553 Y714.85 E49.70059
;WIPE_START
G1 F600
G1 X556.553 Y714.85 E-10
;WIPE_END
G1 Z411.5 F15000
G1 X714.85 Y599.257 Z411.5
G1 Z410.5
G1 E17 F9000
G1 F2779.614
G1 X714.85 Y610.769 E49.70059
G1 X610.769 Y714.85 E635.45139
G1 X599.257 Y714.85 E49.70059
;WIPE_START
G1 F600
G1 X606.257 Y714.85 E-10
;WIPE_END
G1 Z411.5 F15000
G1 X714.85 Y436.447 Z411.5
G1 Z410.5
G1 E17 F9000
G1 F2779.614
G1 X714.85 Y447.96 E49.70059
G1 X447.959 Y714.85 E1629.46317
G1 X436.447 Y714.85 E49.70059
;WIPE_START
G1 F600
G1 X443.447 Y714.85 E-10
;WIPE_END
G1 Z411.5 F15000
G1 X436.447 Y285.15 Z411.5
G1 Z410.5
G1 E17 F9000
G1 F2779.614
G1 X447.96 Y285.15 E49.70059
G1 X714.85 Y552.04 E1629.46316
G1 X714.85 Y563.553 E49.70059
;WIPE_START
G1 F600
G1 X714.85 Y556.553 E-10
;WIPE_END
G1 Z411.5 F15000
G1 X703.338 Y285.15 Z411.5
G1 Z410.5
G1 E17 F9000
G1 F2779.614
G1 X714.85 Y285.15 E49.70028
G1 X285.15 Y714.85 E2623.47449
G1 X296.662 Y714.85 E49.70028
M73 P94 R44
;WIPE_START
G1 F600
G1 X289.662 Y714.85 E-10
;WIPE_END
G1 Z411.5 F15000
G1 X296.662 Y285.15 Z411.5
G1 Z410.5
G1 E17 F9000
G1 F2779.614
G1 X285.15 Y285.15 E49.70059
G1 X714.85 Y714.85 E2623.47492
G1 X703.338 Y714.85 E49.70059
;WIPE_START
G1 F600
G1 X710.338 Y714.85 E-10
;WIPE_END
G1 Z411.5 F15000
G1 X599.257 Y285.15 Z411.5
G1 Z410.5
G1 E17 F9000
G1 F2779.614
G1 X610.769 Y285.15 E49.70059
G1 X714.85 Y389.231 E635.45139
G1 X714.85 Y400.743 E49.70059
;WIPE_START
G1 F600
G1 X714.85 Y393.743 E-10
;WIPE_END
G1 Z411.5 F15000
G1 X563.553 Y285.15 Z411.5
G1 Z410.5
G1 E17 F9000
G1 F2779.614
G1 X552.041 Y285.15 E49.70059
G1 X285.15 Y552.04 E1629.46316
G1 X285.15 Y563.553 E49.70059
;WIPE_START
G1 F600
G1 X285.15 Y556.553 E-10
;WIPE_END
G1 Z411.5 F15000
G1 X400.743 Y285.15 Z411.5
G1 Z410.5
G1 E17 F9000
G1 F2779.614
G1 X389.231 Y285.15 E49.70059
G1 X285.15 Y389.231 E635.45138
G1 X285.15 Y400.743 E49.70059
; stop printing object Cube id:0 copy 0
;LAYER_CHANGE
;Z:412
;HEIGHT:1.5
;BEFORE_LAYER_CHANGE
;412
G92 E0

EXCLUDE_OBJECT_END NAME=Cube_id_0_copy_0
;AFTER_LAYER_CHANGE
;412
;_SET_FAN_SPEED_CHANGING_LAYER
; printing object Cube id:0 copy 0
;WIPE_START
G1 F600
G1 X285.15 Y393.743 E-10
;WIPE_END
EXCLUDE_OBJECT_START NAME=Cube_id_0_copy_0
G1 Z413 F15000
G1 X282.703 Y282.703 Z413
G1 Z412
G1 E17 F9000
;TYPE:Outer wall
;WIDTH:3.2
G1 F2779.615
G1 X717.297 Y282.703 E1876.19945
G1 X717.297 Y717.297 E1876.19945
M73 P94 R43
G1 X282.703 Y717.297 E1876.19945
G1 X282.703 Y283.003 E1874.90431
;WIPE_START
G1 F600
G1 X289.703 Y282.999 E-10
;WIPE_END
G1 Z413 F15000
G1 X285.15 Y400.743 Z413
G1 Z412
G1 E17 F9000
;TYPE:Sparse infill
;WIDTH:3.2
G1 F2779.614
G1 X285.15 Y389.231 E49.70059
G1 X389.231 Y285.15 E635.45138
G1 X400.743 Y285.15 E49.70059
;WIPE_START
G1 F600
G1 X393.743 Y285.15 E-10
;WIPE_END
G1 Z413 F15000
G1 X285.15 Y563.553 Z413
G1 Z412
G1 E17 F9000
G1 F2779.614
G1 X285.15 Y552.04 E49.70059
G1 X552.041 Y285.15 E1629.46316
G1 X563.553 Y285.15 E49.70059
;WIPE_START
G1 F600
G1 X556.553 Y285.15 E-10
;WIPE_END
G1 Z413 F15000
G1 X714.85 Y400.743 Z413
G1 Z412
G1 E17 F9000
G1 F2779.614
G1 X714.85 Y389.231 E49.70059
G1 X610.769 Y285.15 E635.45139
G1 X599.257 Y285.15 E49.70059
;WIPE_START
G1 F600
G1 X606.257 Y285.15 E-10
;WIPE_END
G1 Z413 F15000
G1 X714.85 Y563.553 Z413
M73 P94 R42
G1 Z412
G1 E17 F9000
G1 F2779.614
G1 X714.85 Y552.04 E49.70059
G1 X447.96 Y285.15 E1629.46316
G1 X436.447 Y285.15 E49.70059
;WIPE_START
G1 F600
G1 X443.447 Y285.15 E-10
;WIPE_END
G1 Z413 F15000
G1 X436.447 Y714.85 Z413
G1 Z412
G1 E17 F9000
G1 F2779.614
G1 X447.959 Y714.85 E49.70059
G1 X714.85 Y447.96 E1629.46317
G1 X714.85 Y436.447 E49.70059
;WIPE_START
G1 F600
G1 X714.85 Y443.447 E-10
;WIPE_END
G1 Z413 F15000
G1 X703.338 Y714.85 Z413
G1 Z412
G1 E17 F9000
G1 F2779.614
G1 X714.85 Y714.85 E49.70059
G1 X285.15 Y285.15 E2623.47492
G1 X296.662 Y285.15 E49.70059
;WIPE_START
G1 F600
G1 X289.662 Y285.15 E-10
;WIPE_END
G1 Z413 F15000
G1 X296.662 Y714.85 Z413
G1 Z412
G1 E17 F9000
G1 F2779.614
G1 X285.15 Y714.85 E49.70028
G1 X714.85 Y285.15 E2623.47449
G1 X703.338 Y285.15 E49.70028
;WIPE_START
G1 F600
G1 X710.338 Y285.15 E-10
;WIPE_END
G1 Z413 F15000
G1 X599.257 Y714.85 Z413
G1 Z412
G1 E17 F9000
G1 F2779.614
M73 P94 R41
G1 X610.769 Y714.85 E49.70059
G1 X714.85 Y610.769 E635.45139
G1 X714.85 Y599.257 E49.70059
;WIPE_START
G1 F600
G1 X714.85 Y606.257 E-10
;WIPE_END
G1 Z413 F15000
G1 X563.553 Y714.85 Z413
G1 Z412
G1 E17 F9000
G1 F2779.614
G1 X552.04 Y714.85 E49.70059
G1 X285.15 Y447.96 E1629.46316
G1 X285.15 Y436.447 E49.70059
;WIPE_START
G1 F600
G1 X285.15 Y443.447 E-10
;WIPE_END
G1 Z413 F15000
G1 X400.743 Y714.85 Z413
G1 Z412
G1 E17 F9000
G1 F2779.614
G1 X389.231 Y714.85 E49.70059
G1 X285.15 Y610.769 E635.45139
G1 X285.15 Y599.257 E49.70059
; stop printing object Cube id:0 copy 0
;LAYER_CHANGE
;Z:413.5
;HEIGHT:1.5
;BEFORE_LAYER_CHANGE
;413.5
G92 E0

EXCLUDE_OBJECT_END NAME=Cube_id_0_copy_0
;AFTER_LAYER_CHANGE
;413.5
;_SET_FAN_SPEED_CHANGING_LAYER
; printing object Cube id:0 copy 0
;WIPE_START
G1 F600
G1 X285.15 Y606.257 E-10
;WIPE_END
EXCLUDE_OBJECT_START NAME=Cube_id_0_copy_0
G1 Z414.5 F15000
G1 X282.703 Y717.297 Z414.5
G1 Z413.5
G1 E17 F9000
;TYPE:Outer wall
;WIDTH:3.2
G1 F2779.615
G1 X282.703 Y282.703 E1876.19945
G1 X717.297 Y282.703 E1876.19945
G1 X717.297 Y717.297 E1876.19945
G1 X283.003 Y717.297 E1874.90431
;WIPE_START
G1 F600
M73 P94 R40
G1 X282.999 Y710.297 E-10
;WIPE_END
G1 Z414.5 F15000
G1 X285.15 Y599.257 Z414.5
G1 Z413.5
G1 E17 F9000
;TYPE:Sparse infill
;WIDTH:3.2
G1 F2779.614
G1 X285.15 Y610.769 E49.70059
G1 X389.231 Y714.85 E635.45139
G1 X400.743 Y714.85 E49.70059
;WIPE_START
G1 F600
G1 X393.743 Y714.85 E-10
;WIPE_END
G1 Z414.5 F15000
G1 X285.15 Y436.447 Z414.5
G1 Z413.5
G1 E17 F9000
G1 F2779.614
G1 X285.15 Y447.96 E49.70059
G1 X552.04 Y714.85 E1629.46316
G1 X563.553 Y714.85 E49.70059
;WIPE_START
G1 F600
G1 X556.553 Y714.85 E-10
;WIPE_END
G1 Z414.5 F15000
G1 X714.85 Y599.257 Z414.5
G1 Z413.5
G1 E17 F9000
G1 F2779.614
G1 X714.85 Y610.769 E49.70059
G1 X610.769 Y714.85 E635.45139
G1 X599.257 Y714.85 E49.70059
;WIPE_START
G1 F600
G1 X606.257 Y714.85 E-10
;WIPE_END
G1 Z414.5 F15000
G1 X714.85 Y436.447 Z414.5
G1 Z413.5
G1 E17 F9000
G1 F2779.614
G1 X714.85 Y447.96 E49.70059
G1 X447.959 Y714.85 E1629.46317
G1 X436.447 Y714.85 E49.70059
;WIPE_START
G1 F600
G1 X443.447 Y714.85 E-10
;WIPE_END
G1 Z414.5 F15000
G1 X436.447 Y285.15 Z414.5
G1 Z413.5
G1 E17 F9000
G1 F2779.614
G1 X447.96 Y285.15 E49.70059
G1 X714.85 Y552.04 E1629.46316
G1 X714.85 Y563.553 E49.70059
;WIPE_START
G1 F600
G1 X714.85 Y556.553 E-10
;WIPE_END
G1 Z414.5 F15000
G1 X703.338 Y285.15 Z414.5
G1 Z413.5
G1 E17 F9000
G1 F2779.614
G1 X714.85 Y285.15 E49.70028
G1 X285.15 Y714.85 E2623.47449
G1 X296.662 Y714.85 E49.70028
M73 P94 R39
;WIPE_START
G1 F600
G1 X289.662 Y714.85 E-10
;WIPE_END
G1 Z414.5 F15000
G1 X296.662 Y285.15 Z414.5
G1 Z413.5
G1 E17 F9000
G1 F2779.614
G1 X285.15 Y285.15 E49.70059
G1 X714.85 Y714.85 E2623.47492
G1 X703.338 Y714.85 E49.70059
;WIPE_START
G1 F600
G1 X710.338 Y714.85 E-10
;WIPE_END
G1 Z414.5 F15000
G1 X599.257 Y285.15 Z414.5
G1 Z413.5
G1 E17 F9000
G1 F2779.614
G1 X610.769 Y285.15 E49.70059
G1 X714.85 Y389.231 E635.45139
G1 X714.85 Y400.743 E49.70059
;WIPE_START
G1 F600
G1 X714.85 Y393.743 E-10
;WIPE_END
G1 Z414.5 F15000
G1 X563.553 Y285.15 Z414.5
G1 Z413.5
G1 E17 F9000
G1 F2779.614
G1 X552.041 Y285.15 E49.70059
G1 X285.15 Y552.04 E1629.46316
G1 X285.15 Y563.553 E49.70059
;WIPE_START
G1 F600
G1 X285.15 Y556.553 E-10
;WIPE_END
G1 Z414.5 F15000
G1 X400.743 Y285.15 Z414.5
G1 Z413.5
G1 E17 F9000
G1 F2779.614
G1 X389.231 Y285.15 E49.70059
G1 X285.15 Y389.231 E635.45138
G1 X285.15 Y400.743 E49.70059
; stop printing object Cube id:0 copy 0
;LAYER_CHANGE
;Z:415
;HEIGHT:1.5
;BEFORE_LAYER_CHANGE
;415
G92 E0

EXCLUDE_OBJECT_END NAME=Cube_id_0_copy_0
;AFTER_LAYER_CHANGE
;415
;_SET_FAN_SPEED_CHANGING_LAYER
; printing object Cube id:0 copy 0
;WIPE_START
G1 F600
G1 X285.15 Y393.743 E-10
;WIPE_END
EXCLUDE_OBJECT_START NAME=Cube_id_0_copy_0
G1 Z416 F15000
G1 X282.703 Y282.703 Z416
G1 Z415
G1 E17 F9000
;TYPE:Outer wall
;WIDTH:3.2
G1 F2779.615
G1 X717.297 Y282.703 E1876.19945
G1 X717.297 Y717.297 E1876.19945
M73 P94 R38
G1 X282.703 Y717.297 E1876.19945
G1 X282.703 Y283.003 E1874.90431
;WIPE_START
G1 F600
G1 X289.703 Y282.999 E-10
;WIPE_END
G1 Z416 F15000
G1 X285.15 Y400.743 Z416
G1 Z415
G1 E17 F9000
;TYPE:Sparse infill
;WIDTH:3.2
G1 F2779.614
G1 X285.15 Y389.231 E49.70059
G1 X389.231 Y285.15 E635.45138
G1 X400.743 Y285.15 E49.70059
M73 P95 R38
;WIPE_START
G1 F600
G1 X393.743 Y285.15 E-10
;WIPE_END
G1 Z416 F15000
G1 X285.15 Y563.553 Z416
G1 Z415
G1 E17 F9000
G1 F2779.614
G1 X285.15 Y552.04 E49.70059
G1 X552.041 Y285.15 E1629.46316
G1 X563.553 Y285.15 E49.70059
;WIPE_START
G1 F600
G1 X556.553 Y285.15 E-10
;WIPE_END
G1 Z416 F15000
G1 X714.85 Y400.743 Z416
G1 Z415
G1 E17 F9000
G1 F2779.614
G1 X714.85 Y389.231 E49.70059
G1 X610.769 Y285.15 E635.45139
G1 X599.257 Y285.15 E49.70059
;WIPE_START
G1 F600
G1 X606.257 Y285.15 E-10
;WIPE_END
G1 Z416 F15000
G1 X714.85 Y563.553 Z416
G1 Z415
G1 E17 F9000
G1 F2779.614
G1 X714.85 Y552.04 E49.70059
G1 X447.96 Y285.15 E1629.46316
G1 X436.447 Y285.15 E49.70059
M73 P95 R37
;WIPE_START
G1 F600
G1 X443.447 Y285.15 E-10
;WIPE_END
G1 Z416 F15000
G1 X436.447 Y714.85 Z416
G1 Z415
G1 E17 F9000
G1 F2779.614
G1 X447.959 Y714.85 E49.70059
G1 X714.85 Y447.96 E1629.46317
G1 X714.85 Y436.447 E49.70059
;WIPE_START
G1 F600
G1 X714.85 Y443.447 E-10
;WIPE_END
G1 Z416 F15000
G1 X703.338 Y714.85 Z416
G1 Z415
G1 E17 F9000
G1 F2779.614
G1 X714.85 Y714.85 E49.70059
G1 X285.15 Y285.15 E2623.47492
G1 X296.662 Y285.15 E49.70059
;WIPE_START
G1 F600
G1 X289.662 Y285.15 E-10
;WIPE_END
G1 Z416 F15000
G1 X296.662 Y714.85 Z416
G1 Z415
G1 E17 F9000
G1 F2779.614
G1 X285.15 Y714.85 E49.70028
G1 X714.85 Y285.15 E2623.47449
G1 X703.338 Y285.15 E49.70028
;WIPE_START
G1 F600
G1 X710.338 Y285.15 E-10
;WIPE_END
G1 Z416 F15000
G1 X599.257 Y714.85 Z416
G1 Z415
G1 E17 F9000
G1 F2779.614
G1 X610.769 Y714.85 E49.70059
G1 X714.85 Y610.769 E635.45139
G1 X714.85 Y599.257 E49.70059
;WIPE_START
G1 F600
G1 X714.85 Y606.257 E-10
;WIPE_END
G1 Z416 F15000
G1 X563.553 Y714.85 Z416
G1 Z415
G1 E17 F9000
G1 F2779.614
M73 P95 R36
G1 X552.04 Y714.85 E49.70059
G1 X285.15 Y447.96 E1629.46316
G1 X285.15 Y436.447 E49.70059
;WIPE_START
G1 F600
G1 X285.15 Y443.447 E-10
;WIPE_END
G1 Z416 F15000
G1 X400.743 Y714.85 Z416
G1 Z415
G1 E17 F9000
G1 F2779.614
G1 X389.231 Y714.85 E49.70059
G1 X285.15 Y610.769 E635.45139
G1 X285.15 Y599.257 E49.70059
; stop printing object Cube id:0 copy 0
;LAYER_CHANGE
;Z:416.5
;HEIGHT:1.5
;BEFORE_LAYER_CHANGE
;416.5
G92 E0

EXCLUDE_OBJECT_END NAME=Cube_id_0_copy_0
;AFTER_LAYER_CHANGE
;416.5
;_SET_FAN_SPEED_CHANGING_LAYER
; printing object Cube id:0 copy 0
;WIPE_START
G1 F600
G1 X285.15 Y606.257 E-10
;WIPE_END
EXCLUDE_OBJECT_START NAME=Cube_id_0_copy_0
G1 Z417.5 F15000
G1 X282.703 Y717.297 Z417.5
G1 Z416.5
G1 E17 F9000
;TYPE:Outer wall
;WIDTH:3.2
G1 F2779.615
G1 X282.703 Y282.703 E1876.19945
G1 X717.297 Y282.703 E1876.19945
G1 X717.297 Y717.297 E1876.19945
G1 X283.003 Y717.297 E1874.90431
;WIPE_START
G1 F600
G1 X282.999 Y710.297 E-10
;WIPE_END
G1 Z417.5 F15000
G1 X285.15 Y599.257 Z417.5
G1 Z416.5
G1 E17 F9000
;TYPE:Sparse infill
;WIDTH:3.2
G1 F2779.614
G1 X285.15 Y610.769 E49.70059
G1 X389.231 Y714.85 E635.45139
G1 X400.743 Y714.85 E49.70059
M73 P95 R35
;WIPE_START
G1 F600
G1 X393.743 Y714.85 E-10
;WIPE_END
G1 Z417.5 F15000
G1 X285.15 Y436.447 Z417.5
G1 Z416.5
G1 E17 F9000
G1 F2779.614
G1 X285.15 Y447.96 E49.70059
G1 X552.04 Y714.85 E1629.46316
G1 X563.553 Y714.85 E49.70059
;WIPE_START
G1 F600
G1 X556.553 Y714.85 E-10
;WIPE_END
G1 Z417.5 F15000
G1 X714.85 Y599.257 Z417.5
G1 Z416.5
G1 E17 F9000
G1 F2779.614
G1 X714.85 Y610.769 E49.70059
G1 X610.769 Y714.85 E635.45139
G1 X599.257 Y714.85 E49.70059
;WIPE_START
G1 F600
G1 X606.257 Y714.85 E-10
;WIPE_END
G1 Z417.5 F15000
G1 X714.85 Y436.447 Z417.5
G1 Z416.5
G1 E17 F9000
G1 F2779.614
G1 X714.85 Y447.96 E49.70059
G1 X447.959 Y714.85 E1629.46317
G1 X436.447 Y714.85 E49.70059
;WIPE_START
G1 F600
G1 X443.447 Y714.85 E-10
;WIPE_END
G1 Z417.5 F15000
G1 X436.447 Y285.15 Z417.5
G1 Z416.5
G1 E17 F9000
G1 F2779.614
G1 X447.96 Y285.15 E49.70059
G1 X714.85 Y552.04 E1629.46316
G1 X714.85 Y563.553 E49.70059
;WIPE_START
G1 F600
G1 X714.85 Y556.553 E-10
;WIPE_END
G1 Z417.5 F15000
G1 X703.338 Y285.15 Z417.5
G1 Z416.5
G1 E17 F9000
G1 F2779.614
G1 X714.85 Y285.15 E49.70028
G1 X285.15 Y714.85 E2623.47449
G1 X296.662 Y714.85 E49.70028
;WIPE_START
G1 F600
M73 P95 R34
G1 X289.662 Y714.85 E-10
;WIPE_END
G1 Z417.5 F15000
G1 X296.662 Y285.15 Z417.5
G1 Z416.5
G1 E17 F9000
G1 F2779.614
G1 X285.15 Y285.15 E49.70059
G1 X714.85 Y714.85 E2623.47492
G1 X703.338 Y714.85 E49.70059
;WIPE_START
G1 F600
G1 X710.338 Y714.85 E-10
;WIPE_END
G1 Z417.5 F15000
G1 X599.257 Y285.15 Z417.5
G1 Z416.5
G1 E17 F9000
G1 F2779.614
G1 X610.769 Y285.15 E49.70059
G1 X714.85 Y389.231 E635.45139
G1 X714.85 Y400.743 E49.70059
;WIPE_START
G1 F600
G1 X714.85 Y393.743 E-10
;WIPE_END
G1 Z417.5 F15000
G1 X563.553 Y285.15 Z417.5
G1 Z416.5
G1 E17 F9000
G1 F2779.614
G1 X552.041 Y285.15 E49.70059
G1 X285.15 Y552.04 E1629.46316
G1 X285.15 Y563.553 E49.70059
;WIPE_START
G1 F600
G1 X285.15 Y556.553 E-10
;WIPE_END
G1 Z417.5 F15000
G1 X400.743 Y285.15 Z417.5
G1 Z416.5
G1 E17 F9000
G1 F2779.614
G1 X389.231 Y285.15 E49.70059
G1 X285.15 Y389.231 E635.45138
G1 X285.15 Y400.743 E49.70059
; stop printing object Cube id:0 copy 0
;LAYER_CHANGE
;Z:418
;HEIGHT:1.5
;BEFORE_LAYER_CHANGE
;418
G92 E0

EXCLUDE_OBJECT_END NAME=Cube_id_0_copy_0
;AFTER_LAYER_CHANGE
;418
;_SET_FAN_SPEED_CHANGING_LAYER
; printing object Cube id:0 copy 0
;WIPE_START
G1 F600
G1 X285.15 Y393.743 E-10
;WIPE_END
EXCLUDE_OBJECT_START NAME=Cube_id_0_copy_0
G1 Z419 F15000
G1 X282.703 Y282.703 Z419
G1 Z418
G1 E17 F9000
;TYPE:Outer wall
;WIDTH:3.2
G1 F2779.615
G1 X717.297 Y282.703 E1876.19945
G1 X717.297 Y717.297 E1876.19945
G1 X282.703 Y717.297 E1876.19945
M73 P95 R33
G1 X282.703 Y283.003 E1874.90431
;WIPE_START
G1 F600
G1 X289.703 Y282.999 E-10
;WIPE_END
G1 Z419 F15000
G1 X285.15 Y400.743 Z419
G1 Z418
G1 E17 F9000
;TYPE:Sparse infill
;WIDTH:3.2
G1 F2779.614
G1 X285.15 Y389.231 E49.70059
G1 X389.231 Y285.15 E635.45138
G1 X400.743 Y285.15 E49.70059
;WIPE_START
G1 F600
G1 X393.743 Y285.15 E-10
;WIPE_END
G1 Z419 F15000
G1 X285.15 Y563.553 Z419
G1 Z418
G1 E17 F9000
G1 F2779.614
G1 X285.15 Y552.04 E49.70059
G1 X552.041 Y285.15 E1629.46316
G1 X563.553 Y285.15 E49.70059
;WIPE_START
G1 F600
G1 X556.553 Y285.15 E-10
;WIPE_END
G1 Z419 F15000
G1 X714.85 Y400.743 Z419
G1 Z418
G1 E17 F9000
G1 F2779.614
G1 X714.85 Y389.231 E49.70059
G1 X610.769 Y285.15 E635.45139
G1 X599.257 Y285.15 E49.70059
;WIPE_START
G1 F600
G1 X606.257 Y285.15 E-10
;WIPE_END
G1 Z419 F15000
G1 X714.85 Y563.553 Z419
G1 Z418
G1 E17 F9000
G1 F2779.614
G1 X714.85 Y552.04 E49.70059
G1 X447.96 Y285.15 E1629.46316
G1 X436.447 Y285.15 E49.70059
;WIPE_START
G1 F600
G1 X443.447 Y285.15 E-10
;WIPE_END
G1 Z419 F15000
G1 X436.447 Y714.85 Z419
G1 Z418
M73 P95 R32
G1 E17 F9000
G1 F2779.614
G1 X447.959 Y714.85 E49.70059
G1 X714.85 Y447.96 E1629.46317
G1 X714.85 Y436.447 E49.70059
;WIPE_START
G1 F600
G1 X714.85 Y443.447 E-10
;WIPE_END
G1 Z419 F15000
G1 X703.338 Y714.85 Z419
G1 Z418
G1 E17 F9000
G1 F2779.614
G1 X714.85 Y714.85 E49.70059
G1 X285.15 Y285.15 E2623.47492
G1 X296.662 Y285.15 E49.70059
;WIPE_START
G1 F600
G1 X289.662 Y285.15 E-10
;WIPE_END
G1 Z419 F15000
G1 X296.662 Y714.85 Z419
G1 Z418
G1 E17 F9000
G1 F2779.614
G1 X285.15 Y714.85 E49.70028
G1 X714.85 Y285.15 E2623.47449
G1 X703.338 Y285.15 E49.70028
;WIPE_START
G1 F600
G1 X710.338 Y285.15 E-10
;WIPE_END
G1 Z419 F15000
G1 X599.257 Y714.85 Z419
G1 Z418
G1 E17 F9000
G1 F2779.614
G1 X610.769 Y714.85 E49.70059
G1 X714.85 Y610.769 E635.45139
G1 X714.85 Y599.257 E49.70059
;WIPE_START
G1 F600
G1 X714.85 Y606.257 E-10
;WIPE_END
G1 Z419 F15000
G1 X563.553 Y714.85 Z419
G1 Z418
G1 E17 F9000
G1 F2779.614
G1 X552.04 Y714.85 E49.70059
G1 X285.15 Y447.96 E1629.46316
G1 X285.15 Y436.447 E49.70059
M73 P95 R31
;WIPE_START
G1 F600
G1 X285.15 Y443.447 E-10
;WIPE_END
G1 Z419 F15000
G1 X400.743 Y714.85 Z419
G1 Z418
G1 E17 F9000
G1 F2779.614
G1 X389.231 Y714.85 E49.70059
G1 X285.15 Y610.769 E635.45139
G1 X285.15 Y599.257 E49.70059
; stop printing object Cube id:0 copy 0
;LAYER_CHANGE
;Z:419.5
;HEIGHT:1.5
;BEFORE_LAYER_CHANGE
;419.5
G92 E0

EXCLUDE_OBJECT_END NAME=Cube_id_0_copy_0
;AFTER_LAYER_CHANGE
;419.5
;_SET_FAN_SPEED_CHANGING_LAYER
; printing object Cube id:0 copy 0
;WIPE_START
G1 F600
G1 X285.15 Y606.257 E-10
;WIPE_END
EXCLUDE_OBJECT_START NAME=Cube_id_0_copy_0
G1 Z420.5 F15000
G1 X282.703 Y717.297 Z420.5
G1 Z419.5
G1 E17 F9000
;TYPE:Outer wall
;WIDTH:3.2
G1 F2779.615
G1 X282.703 Y282.703 E1876.19945
G1 X717.297 Y282.703 E1876.19945
G1 X717.297 Y717.297 E1876.19945
G1 X283.003 Y717.297 E1874.90431
;WIPE_START
G1 F600
G1 X282.999 Y710.297 E-10
;WIPE_END
G1 Z420.5 F15000
G1 X285.15 Y599.257 Z420.5
G1 Z419.5
G1 E17 F9000
;TYPE:Sparse infill
;WIDTH:3.2
G1 F2779.614
G1 X285.15 Y610.769 E49.70059
G1 X389.231 Y714.85 E635.45139
G1 X400.743 Y714.85 E49.70059
;WIPE_START
G1 F600
G1 X393.743 Y714.85 E-10
;WIPE_END
G1 Z420.5 F15000
G1 X285.15 Y436.447 Z420.5
G1 Z419.5
G1 E17 F9000
G1 F2779.614
G1 X285.15 Y447.96 E49.70059
G1 X552.04 Y714.85 E1629.46316
G1 X563.553 Y714.85 E49.70059
M73 P95 R30
;WIPE_START
G1 F600
G1 X556.553 Y714.85 E-10
;WIPE_END
G1 Z420.5 F15000
G1 X714.85 Y599.257 Z420.5
G1 Z419.5
G1 E17 F9000
G1 F2779.614
G1 X714.85 Y610.769 E49.70059
G1 X610.769 Y714.85 E635.45139
G1 X599.257 Y714.85 E49.70059
;WIPE_START
G1 F600
G1 X606.257 Y714.85 E-10
;WIPE_END
G1 Z420.5 F15000
G1 X714.85 Y436.447 Z420.5
G1 Z419.5
M73 P96 R30
G1 E17 F9000
G1 F2779.614
G1 X714.85 Y447.96 E49.70059
G1 X447.959 Y714.85 E1629.46317
G1 X436.447 Y714.85 E49.70059
;WIPE_START
G1 F600
G1 X443.447 Y714.85 E-10
;WIPE_END
G1 Z420.5 F15000
G1 X436.447 Y285.15 Z420.5
G1 Z419.5
G1 E17 F9000
G1 F2779.614
G1 X447.96 Y285.15 E49.70059
G1 X714.85 Y552.04 E1629.46316
G1 X714.85 Y563.553 E49.70059
;WIPE_START
G1 F600
G1 X714.85 Y556.553 E-10
;WIPE_END
G1 Z420.5 F15000
G1 X703.338 Y285.15 Z420.5
G1 Z419.5
G1 E17 F9000
G1 F2779.614
G1 X714.85 Y285.15 E49.70028
G1 X285.15 Y714.85 E2623.47449
G1 X296.662 Y714.85 E49.70028
;WIPE_START
G1 F600
G1 X289.662 Y714.85 E-10
;WIPE_END
G1 Z420.5 F15000
G1 X296.662 Y285.15 Z420.5
G1 Z419.5
G1 E17 F9000
G1 F2779.614
G1 X285.15 Y285.15 E49.70059
G1 X714.85 Y714.85 E2623.47492
G1 X703.338 Y714.85 E49.70059
M73 P96 R29
;WIPE_START
G1 F600
G1 X710.338 Y714.85 E-10
;WIPE_END
G1 Z420.5 F15000
G1 X599.257 Y285.15 Z420.5
G1 Z419.5
G1 E17 F9000
G1 F2779.614
G1 X610.769 Y285.15 E49.70059
G1 X714.85 Y389.231 E635.45139
G1 X714.85 Y400.743 E49.70059
;WIPE_START
G1 F600
G1 X714.85 Y393.743 E-10
;WIPE_END
G1 Z420.5 F15000
G1 X563.553 Y285.15 Z420.5
G1 Z419.5
G1 E17 F9000
G1 F2779.614
G1 X552.041 Y285.15 E49.70059
G1 X285.15 Y552.04 E1629.46316
G1 X285.15 Y563.553 E49.70059
;WIPE_START
G1 F600
G1 X285.15 Y556.553 E-10
;WIPE_END
G1 Z420.5 F15000
G1 X400.743 Y285.15 Z420.5
G1 Z419.5
G1 E17 F9000
G1 F2779.614
G1 X389.231 Y285.15 E49.70059
G1 X285.15 Y389.231 E635.45138
G1 X285.15 Y400.743 E49.70059
; stop printing object Cube id:0 copy 0
;LAYER_CHANGE
;Z:421
;HEIGHT:1.5
;BEFORE_LAYER_CHANGE
;421
G92 E0

EXCLUDE_OBJECT_END NAME=Cube_id_0_copy_0
;AFTER_LAYER_CHANGE
;421
;_SET_FAN_SPEED_CHANGING_LAYER
; printing object Cube id:0 copy 0
;WIPE_START
G1 F600
G1 X285.15 Y393.743 E-10
;WIPE_END
EXCLUDE_OBJECT_START NAME=Cube_id_0_copy_0
G1 Z422 F15000
G1 X282.703 Y282.703 Z422
G1 Z421
G1 E17 F9000
;TYPE:Outer wall
;WIDTH:3.2
G1 F2779.615
G1 X717.297 Y282.703 E1876.19945
G1 X717.297 Y717.297 E1876.19945
G1 X282.703 Y717.297 E1876.19945
G1 X282.703 Y283.003 E1874.90431
M73 P96 R28
;WIPE_START
G1 F600
G1 X289.703 Y282.999 E-10
;WIPE_END
G1 Z422 F15000
G1 X285.15 Y400.743 Z422
G1 Z421
G1 E17 F9000
;TYPE:Sparse infill
;WIDTH:3.2
G1 F2779.614
G1 X285.15 Y389.231 E49.70059
G1 X389.231 Y285.15 E635.45138
G1 X400.743 Y285.15 E49.70059
;WIPE_START
G1 F600
G1 X393.743 Y285.15 E-10
;WIPE_END
G1 Z422 F15000
G1 X285.15 Y563.553 Z422
G1 Z421
G1 E17 F9000
G1 F2779.614
G1 X285.15 Y552.04 E49.70059
G1 X552.041 Y285.15 E1629.46316
G1 X563.553 Y285.15 E49.70059
;WIPE_START
G1 F600
G1 X556.553 Y285.15 E-10
;WIPE_END
G1 Z422 F15000
G1 X714.85 Y400.743 Z422
G1 Z421
G1 E17 F9000
G1 F2779.614
G1 X714.85 Y389.231 E49.70059
G1 X610.769 Y285.15 E635.45139
G1 X599.257 Y285.15 E49.70059
;WIPE_START
G1 F600
G1 X606.257 Y285.15 E-10
;WIPE_END
G1 Z422 F15000
G1 X714.85 Y563.553 Z422
G1 Z421
G1 E17 F9000
G1 F2779.614
G1 X714.85 Y552.04 E49.70059
G1 X447.96 Y285.15 E1629.46316
G1 X436.447 Y285.15 E49.70059
;WIPE_START
G1 F600
G1 X443.447 Y285.15 E-10
;WIPE_END
G1 Z422 F15000
G1 X436.447 Y714.85 Z422
G1 Z421
G1 E17 F9000
G1 F2779.614
G1 X447.959 Y714.85 E49.70059
G1 X714.85 Y447.96 E1629.46317
G1 X714.85 Y436.447 E49.70059
M73 P96 R27
;WIPE_START
G1 F600
G1 X714.85 Y443.447 E-10
;WIPE_END
G1 Z422 F15000
G1 X703.338 Y714.85 Z422
G1 Z421
G1 E17 F9000
G1 F2779.614
G1 X714.85 Y714.85 E49.70059
G1 X285.15 Y285.15 E2623.47492
G1 X296.662 Y285.15 E49.70059
;WIPE_START
G1 F600
G1 X289.662 Y285.15 E-10
;WIPE_END
G1 Z422 F15000
G1 X296.662 Y714.85 Z422
G1 Z421
G1 E17 F9000
G1 F2779.614
G1 X285.15 Y714.85 E49.70028
G1 X714.85 Y285.15 E2623.47449
G1 X703.338 Y285.15 E49.70028
;WIPE_START
G1 F600
G1 X710.338 Y285.15 E-10
;WIPE_END
G1 Z422 F15000
G1 X599.257 Y714.85 Z422
G1 Z421
G1 E17 F9000
G1 F2779.614
G1 X610.769 Y714.85 E49.70059
G1 X714.85 Y610.769 E635.45139
G1 X714.85 Y599.257 E49.70059
;WIPE_START
G1 F600
G1 X714.85 Y606.257 E-10
;WIPE_END
G1 Z422 F15000
G1 X563.553 Y714.85 Z422
G1 Z421
G1 E17 F9000
G1 F2779.614
G1 X552.04 Y714.85 E49.70059
G1 X285.15 Y447.96 E1629.46316
G1 X285.15 Y436.447 E49.70059
;WIPE_START
G1 F600
G1 X285.15 Y443.447 E-10
;WIPE_END
G1 Z422 F15000
G1 X400.743 Y714.85 Z422
G1 Z421
G1 E17 F9000
G1 F2779.614
G1 X389.231 Y714.85 E49.70059
G1 X285.15 Y610.769 E635.45139
G1 X285.15 Y599.257 E49.70059
M73 P96 R26
; stop printing object Cube id:0 copy 0
;LAYER_CHANGE
;Z:422.5
;HEIGHT:1.5
;BEFORE_LAYER_CHANGE
;422.5
G92 E0

EXCLUDE_OBJECT_END NAME=Cube_id_0_copy_0
;AFTER_LAYER_CHANGE
;422.5
;_SET_FAN_SPEED_CHANGING_LAYER
; printing object Cube id:0 copy 0
;WIPE_START
G1 F600
G1 X285.15 Y606.257 E-10
;WIPE_END
EXCLUDE_OBJECT_START NAME=Cube_id_0_copy_0
G1 Z423.5 F15000
G1 X282.703 Y717.297 Z423.5
G1 Z422.5
G1 E17 F9000
;TYPE:Outer wall
;WIDTH:3.2
G1 F2779.615
G1 X282.703 Y282.703 E1876.19945
G1 X717.297 Y282.703 E1876.19945
G1 X717.297 Y717.297 E1876.19945
G1 X283.003 Y717.297 E1874.90431
;WIPE_START
G1 F600
G1 X282.999 Y710.297 E-10
;WIPE_END
G1 Z423.5 F15000
G1 X285.15 Y599.257 Z423.5
G1 Z422.5
G1 E17 F9000
;TYPE:Sparse infill
;WIDTH:3.2
G1 F2779.614
G1 X285.15 Y610.769 E49.70059
G1 X389.231 Y714.85 E635.45139
G1 X400.743 Y714.85 E49.70059
;WIPE_START
G1 F600
G1 X393.743 Y714.85 E-10
;WIPE_END
G1 Z423.5 F15000
G1 X285.15 Y436.447 Z423.5
G1 Z422.5
G1 E17 F9000
G1 F2779.614
G1 X285.15 Y447.96 E49.70059
G1 X552.04 Y714.85 E1629.46316
G1 X563.553 Y714.85 E49.70059
M73 P96 R25
;WIPE_START
G1 F600
G1 X556.553 Y714.85 E-10
;WIPE_END
G1 Z423.5 F15000
G1 X714.85 Y599.257 Z423.5
G1 Z422.5
G1 E17 F9000
G1 F2779.614
G1 X714.85 Y610.769 E49.70059
G1 X610.769 Y714.85 E635.45139
G1 X599.257 Y714.85 E49.70059
;WIPE_START
G1 F600
G1 X606.257 Y714.85 E-10
;WIPE_END
G1 Z423.5 F15000
G1 X714.85 Y436.447 Z423.5
G1 Z422.5
G1 E17 F9000
G1 F2779.614
G1 X714.85 Y447.96 E49.70059
G1 X447.959 Y714.85 E1629.46317
G1 X436.447 Y714.85 E49.70059
;WIPE_START
G1 F600
G1 X443.447 Y714.85 E-10
;WIPE_END
G1 Z423.5 F15000
G1 X436.447 Y285.15 Z423.5
G1 Z422.5
G1 E17 F9000
G1 F2779.614
G1 X447.96 Y285.15 E49.70059
G1 X714.85 Y552.04 E1629.46316
G1 X714.85 Y563.553 E49.70059
;WIPE_START
G1 F600
G1 X714.85 Y556.553 E-10
;WIPE_END
G1 Z423.5 F15000
G1 X703.338 Y285.15 Z423.5
G1 Z422.5
G1 E17 F9000
G1 F2779.614
G1 X714.85 Y285.15 E49.70028
G1 X285.15 Y714.85 E2623.47449
G1 X296.662 Y714.85 E49.70028
;WIPE_START
G1 F600
G1 X289.662 Y714.85 E-10
;WIPE_END
G1 Z423.5 F15000
G1 X296.662 Y285.15 Z423.5
G1 Z422.5
G1 E17 F9000
G1 F2779.614
G1 X285.15 Y285.15 E49.70059
G1 X714.85 Y714.85 E2623.47492
G1 X703.338 Y714.85 E49.70059
M73 P96 R24
;WIPE_START
G1 F600
G1 X710.338 Y714.85 E-10
;WIPE_END
G1 Z423.5 F15000
G1 X599.257 Y285.15 Z423.5
G1 Z422.5
G1 E17 F9000
G1 F2779.614
G1 X610.769 Y285.15 E49.70059
G1 X714.85 Y389.231 E635.45139
G1 X714.85 Y400.743 E49.70059
;WIPE_START
G1 F600
G1 X714.85 Y393.743 E-10
;WIPE_END
G1 Z423.5 F15000
G1 X563.553 Y285.15 Z423.5
G1 Z422.5
G1 E17 F9000
G1 F2779.614
G1 X552.041 Y285.15 E49.70059
G1 X285.15 Y552.04 E1629.46316
G1 X285.15 Y563.553 E49.70059
;WIPE_START
G1 F600
G1 X285.15 Y556.553 E-10
;WIPE_END
G1 Z423.5 F15000
G1 X400.743 Y285.15 Z423.5
G1 Z422.5
G1 E17 F9000
G1 F2779.614
G1 X389.231 Y285.15 E49.70059
G1 X285.15 Y389.231 E635.45138
G1 X285.15 Y400.743 E49.70059
; stop printing object Cube id:0 copy 0
;LAYER_CHANGE
;Z:424
;HEIGHT:1.5
;BEFORE_LAYER_CHANGE
;424
G92 E0

EXCLUDE_OBJECT_END NAME=Cube_id_0_copy_0
;AFTER_LAYER_CHANGE
;424
;_SET_FAN_SPEED_CHANGING_LAYER
; printing object Cube id:0 copy 0
;WIPE_START
G1 F600
G1 X285.15 Y393.743 E-10
;WIPE_END
EXCLUDE_OBJECT_START NAME=Cube_id_0_copy_0
G1 Z425 F15000
G1 X282.703 Y282.703 Z425
G1 Z424
G1 E17 F9000
;TYPE:Outer wall
;WIDTH:3.2
G1 F2779.615
G1 X717.297 Y282.703 E1876.19945
G1 X717.297 Y717.297 E1876.19945
G1 X282.703 Y717.297 E1876.19945
G1 X282.703 Y283.003 E1874.90431
M73 P96 R23
;WIPE_START
G1 F600
G1 X289.703 Y282.999 E-10
;WIPE_END
G1 Z425 F15000
G1 X285.15 Y400.743 Z425
G1 Z424
G1 E17 F9000
;TYPE:Sparse infill
;WIDTH:3.2
G1 F2779.614
G1 X285.15 Y389.231 E49.70059
G1 X389.231 Y285.15 E635.45138
G1 X400.743 Y285.15 E49.70059
;WIPE_START
G1 F600
G1 X393.743 Y285.15 E-10
;WIPE_END
G1 Z425 F15000
G1 X285.15 Y563.553 Z425
G1 Z424
G1 E17 F9000
G1 F2779.614
G1 X285.15 Y552.04 E49.70059
G1 X552.041 Y285.15 E1629.46316
G1 X563.553 Y285.15 E49.70059
;WIPE_START
G1 F600
G1 X556.553 Y285.15 E-10
;WIPE_END
G1 Z425 F15000
G1 X714.85 Y400.743 Z425
G1 Z424
G1 E17 F9000
G1 F2779.614
G1 X714.85 Y389.231 E49.70059
G1 X610.769 Y285.15 E635.45139
G1 X599.257 Y285.15 E49.70059
;WIPE_START
G1 F600
G1 X606.257 Y285.15 E-10
;WIPE_END
G1 Z425 F15000
G1 X714.85 Y563.553 Z425
G1 Z424
G1 E17 F9000
G1 F2779.614
G1 X714.85 Y552.04 E49.70059
G1 X447.96 Y285.15 E1629.46316
G1 X436.447 Y285.15 E49.70059
;WIPE_START
G1 F600
G1 X443.447 Y285.15 E-10
;WIPE_END
G1 Z425 F15000
G1 X436.447 Y714.85 Z425
G1 Z424
G1 E17 F9000
G1 F2779.614
G1 X447.959 Y714.85 E49.70059
G1 X714.85 Y447.96 E1629.46317
G1 X714.85 Y436.447 E49.70059
M73 P97 R23
;WIPE_START
G1 F600
G1 X714.85 Y443.447 E-10
;WIPE_END
G1 Z425 F15000
G1 X703.338 Y714.85 Z425
G1 Z424
M73 P97 R22
G1 E17 F9000
G1 F2779.614
G1 X714.85 Y714.85 E49.70059
G1 X285.15 Y285.15 E2623.47492
G1 X296.662 Y285.15 E49.70059
;WIPE_START
G1 F600
G1 X289.662 Y285.15 E-10
;WIPE_END
G1 Z425 F15000
G1 X296.662 Y714.85 Z425
G1 Z424
G1 E17 F9000
G1 F2779.614
G1 X285.15 Y714.85 E49.70028
G1 X714.85 Y285.15 E2623.47449
G1 X703.338 Y285.15 E49.70028
;WIPE_START
G1 F600
G1 X710.338 Y285.15 E-10
;WIPE_END
G1 Z425 F15000
G1 X599.257 Y714.85 Z425
G1 Z424
G1 E17 F9000
G1 F2779.614
G1 X610.769 Y714.85 E49.70059
G1 X714.85 Y610.769 E635.45139
G1 X714.85 Y599.257 E49.70059
;WIPE_START
G1 F600
G1 X714.85 Y606.257 E-10
;WIPE_END
G1 Z425 F15000
G1 X563.553 Y714.85 Z425
G1 Z424
G1 E17 F9000
G1 F2779.614
G1 X552.04 Y714.85 E49.70059
G1 X285.15 Y447.96 E1629.46316
G1 X285.15 Y436.447 E49.70059
;WIPE_START
G1 F600
G1 X285.15 Y443.447 E-10
;WIPE_END
G1 Z425 F15000
G1 X400.743 Y714.85 Z425
G1 Z424
G1 E17 F9000
G1 F2779.614
G1 X389.231 Y714.85 E49.70059
G1 X285.15 Y610.769 E635.45139
G1 X285.15 Y599.257 E49.70059
; stop printing object Cube id:0 copy 0
;LAYER_CHANGE
;Z:425.5
;HEIGHT:1.5
;BEFORE_LAYER_CHANGE
;425.5
G92 E0

EXCLUDE_OBJECT_END NAME=Cube_id_0_copy_0
;AFTER_LAYER_CHANGE
;425.5
;_SET_FAN_SPEED_CHANGING_LAYER
; printing object Cube id:0 copy 0
;WIPE_START
G1 F600
G1 X285.15 Y606.257 E-10
;WIPE_END
EXCLUDE_OBJECT_START NAME=Cube_id_0_copy_0
G1 Z426.5 F15000
G1 X282.703 Y717.297 Z426.5
G1 Z425.5
G1 E17 F9000
;TYPE:Outer wall
;WIDTH:3.2
G1 F2779.615
G1 X282.703 Y282.703 E1876.19945
G1 X717.297 Y282.703 E1876.19945
M73 P97 R21
G1 X717.297 Y717.297 E1876.19945
G1 X283.003 Y717.297 E1874.90431
;WIPE_START
G1 F600
G1 X282.999 Y710.297 E-10
;WIPE_END
G1 Z426.5 F15000
G1 X285.15 Y599.257 Z426.5
G1 Z425.5
G1 E17 F9000
;TYPE:Sparse infill
;WIDTH:3.2
G1 F2779.614
G1 X285.15 Y610.769 E49.70059
G1 X389.231 Y714.85 E635.45139
G1 X400.743 Y714.85 E49.70059
;WIPE_START
G1 F600
G1 X393.743 Y714.85 E-10
;WIPE_END
G1 Z426.5 F15000
G1 X285.15 Y436.447 Z426.5
G1 Z425.5
G1 E17 F9000
G1 F2779.614
G1 X285.15 Y447.96 E49.70059
G1 X552.04 Y714.85 E1629.46316
G1 X563.553 Y714.85 E49.70059
;WIPE_START
G1 F600
G1 X556.553 Y714.85 E-10
;WIPE_END
G1 Z426.5 F15000
G1 X714.85 Y599.257 Z426.5
G1 Z425.5
G1 E17 F9000
G1 F2779.614
G1 X714.85 Y610.769 E49.70059
G1 X610.769 Y714.85 E635.45139
G1 X599.257 Y714.85 E49.70059
M73 P97 R20
;WIPE_START
G1 F600
G1 X606.257 Y714.85 E-10
;WIPE_END
G1 Z426.5 F15000
G1 X714.85 Y436.447 Z426.5
G1 Z425.5
G1 E17 F9000
G1 F2779.614
G1 X714.85 Y447.96 E49.70059
G1 X447.959 Y714.85 E1629.46317
G1 X436.447 Y714.85 E49.70059
;WIPE_START
G1 F600
G1 X443.447 Y714.85 E-10
;WIPE_END
G1 Z426.5 F15000
G1 X436.447 Y285.15 Z426.5
G1 Z425.5
G1 E17 F9000
G1 F2779.614
G1 X447.96 Y285.15 E49.70059
G1 X714.85 Y552.04 E1629.46316
G1 X714.85 Y563.553 E49.70059
;WIPE_START
G1 F600
G1 X714.85 Y556.553 E-10
;WIPE_END
G1 Z426.5 F15000
G1 X703.338 Y285.15 Z426.5
G1 Z425.5
G1 E17 F9000
G1 F2779.614
G1 X714.85 Y285.15 E49.70028
G1 X285.15 Y714.85 E2623.47449
G1 X296.662 Y714.85 E49.70028
;WIPE_START
G1 F600
G1 X289.662 Y714.85 E-10
;WIPE_END
G1 Z426.5 F15000
G1 X296.662 Y285.15 Z426.5
G1 Z425.5
G1 E17 F9000
G1 F2779.614
G1 X285.15 Y285.15 E49.70059
G1 X714.85 Y714.85 E2623.47492
G1 X703.338 Y714.85 E49.70059
;WIPE_START
G1 F600
G1 X710.338 Y714.85 E-10
;WIPE_END
G1 Z426.5 F15000
G1 X599.257 Y285.15 Z426.5
G1 Z425.5
M73 P97 R19
G1 E17 F9000
G1 F2779.614
G1 X610.769 Y285.15 E49.70059
G1 X714.85 Y389.231 E635.45139
G1 X714.85 Y400.743 E49.70059
;WIPE_START
G1 F600
G1 X714.85 Y393.743 E-10
;WIPE_END
G1 Z426.5 F15000
G1 X563.553 Y285.15 Z426.5
G1 Z425.5
G1 E17 F9000
G1 F2779.614
G1 X552.041 Y285.15 E49.70059
G1 X285.15 Y552.04 E1629.46316
G1 X285.15 Y563.553 E49.70059
;WIPE_START
G1 F600
G1 X285.15 Y556.553 E-10
;WIPE_END
G1 Z426.5 F15000
G1 X400.743 Y285.15 Z426.5
G1 Z425.5
G1 E17 F9000
G1 F2779.614
G1 X389.231 Y285.15 E49.70059
G1 X285.15 Y389.231 E635.45138
G1 X285.15 Y400.743 E49.70059
; stop printing object Cube id:0 copy 0
;LAYER_CHANGE
;Z:427
;HEIGHT:1.5
;BEFORE_LAYER_CHANGE
;427
G92 E0

EXCLUDE_OBJECT_END NAME=Cube_id_0_copy_0
;AFTER_LAYER_CHANGE
;427
;_SET_FAN_SPEED_CHANGING_LAYER
; printing object Cube id:0 copy 0
;WIPE_START
G1 F600
G1 X285.15 Y393.743 E-10
;WIPE_END
EXCLUDE_OBJECT_START NAME=Cube_id_0_copy_0
G1 Z428 F15000
G1 X282.703 Y282.703 Z428
G1 Z427
G1 E17 F9000
;TYPE:Outer wall
;WIDTH:3.2
G1 F2779.615
G1 X717.297 Y282.703 E1876.19945
G1 X717.297 Y717.297 E1876.19945
G1 X282.703 Y717.297 E1876.19945
G1 X282.703 Y283.003 E1874.90431
;WIPE_START
G1 F600
M73 P97 R18
G1 X289.703 Y282.999 E-10
;WIPE_END
G1 Z428 F15000
G1 X285.15 Y400.743 Z428
G1 Z427
G1 E17 F9000
;TYPE:Sparse infill
;WIDTH:3.2
G1 F2779.614
G1 X285.15 Y389.231 E49.70059
G1 X389.231 Y285.15 E635.45138
G1 X400.743 Y285.15 E49.70059
;WIPE_START
G1 F600
G1 X393.743 Y285.15 E-10
;WIPE_END
G1 Z428 F15000
G1 X285.15 Y563.553 Z428
G1 Z427
G1 E17 F9000
G1 F2779.614
G1 X285.15 Y552.04 E49.70059
G1 X552.041 Y285.15 E1629.46316
G1 X563.553 Y285.15 E49.70059
;WIPE_START
G1 F600
G1 X556.553 Y285.15 E-10
;WIPE_END
G1 Z428 F15000
G1 X714.85 Y400.743 Z428
G1 Z427
G1 E17 F9000
G1 F2779.614
G1 X714.85 Y389.231 E49.70059
G1 X610.769 Y285.15 E635.45139
G1 X599.257 Y285.15 E49.70059
;WIPE_START
G1 F600
G1 X606.257 Y285.15 E-10
;WIPE_END
G1 Z428 F15000
G1 X714.85 Y563.553 Z428
G1 Z427
G1 E17 F9000
G1 F2779.614
G1 X714.85 Y552.04 E49.70059
G1 X447.96 Y285.15 E1629.46316
G1 X436.447 Y285.15 E49.70059
;WIPE_START
G1 F600
G1 X443.447 Y285.15 E-10
;WIPE_END
G1 Z428 F15000
G1 X436.447 Y714.85 Z428
G1 Z427
G1 E17 F9000
G1 F2779.614
G1 X447.959 Y714.85 E49.70059
G1 X714.85 Y447.96 E1629.46317
G1 X714.85 Y436.447 E49.70059
;WIPE_START
G1 F600
G1 X714.85 Y443.447 E-10
;WIPE_END
G1 Z428 F15000
G1 X703.338 Y714.85 Z428
G1 Z427
G1 E17 F9000
G1 F2779.614
G1 X714.85 Y714.85 E49.70059
G1 X285.15 Y285.15 E2623.47492
G1 X296.662 Y285.15 E49.70059
M73 P97 R17
;WIPE_START
G1 F600
G1 X289.662 Y285.15 E-10
;WIPE_END
G1 Z428 F15000
G1 X296.662 Y714.85 Z428
G1 Z427
G1 E17 F9000
G1 F2779.614
G1 X285.15 Y714.85 E49.70028
G1 X714.85 Y285.15 E2623.47449
G1 X703.338 Y285.15 E49.70028
;WIPE_START
G1 F600
G1 X710.338 Y285.15 E-10
;WIPE_END
G1 Z428 F15000
G1 X599.257 Y714.85 Z428
G1 Z427
G1 E17 F9000
G1 F2779.614
G1 X610.769 Y714.85 E49.70059
G1 X714.85 Y610.769 E635.45139
G1 X714.85 Y599.257 E49.70059
;WIPE_START
G1 F600
G1 X714.85 Y606.257 E-10
;WIPE_END
G1 Z428 F15000
G1 X563.553 Y714.85 Z428
G1 Z427
G1 E17 F9000
G1 F2779.614
G1 X552.04 Y714.85 E49.70059
G1 X285.15 Y447.96 E1629.46316
G1 X285.15 Y436.447 E49.70059
;WIPE_START
G1 F600
G1 X285.15 Y443.447 E-10
;WIPE_END
G1 Z428 F15000
G1 X400.743 Y714.85 Z428
G1 Z427
G1 E17 F9000
G1 F2779.614
G1 X389.231 Y714.85 E49.70059
G1 X285.15 Y610.769 E635.45139
G1 X285.15 Y599.257 E49.70059
; stop printing object Cube id:0 copy 0
;LAYER_CHANGE
;Z:428.5
;HEIGHT:1.5
;BEFORE_LAYER_CHANGE
;428.5
G92 E0

EXCLUDE_OBJECT_END NAME=Cube_id_0_copy_0
;AFTER_LAYER_CHANGE
;428.5
;_SET_FAN_SPEED_CHANGING_LAYER
; printing object Cube id:0 copy 0
;WIPE_START
G1 F600
G1 X285.15 Y606.257 E-10
;WIPE_END
EXCLUDE_OBJECT_START NAME=Cube_id_0_copy_0
G1 Z429.5 F15000
G1 X282.703 Y717.297 Z429.5
G1 Z428.5
G1 E17 F9000
;TYPE:Outer wall
;WIDTH:3.2
G1 F2779.615
G1 X282.703 Y282.703 E1876.19945
G1 X717.297 Y282.703 E1876.19945
M73 P97 R16
G1 X717.297 Y717.297 E1876.19945
G1 X283.003 Y717.297 E1874.90431
;WIPE_START
G1 F600
G1 X282.999 Y710.297 E-10
;WIPE_END
G1 Z429.5 F15000
G1 X285.15 Y599.257 Z429.5
G1 Z428.5
G1 E17 F9000
;TYPE:Sparse infill
;WIDTH:3.2
G1 F2779.614
G1 X285.15 Y610.769 E49.70059
G1 X389.231 Y714.85 E635.45139
G1 X400.743 Y714.85 E49.70059
;WIPE_START
G1 F600
G1 X393.743 Y714.85 E-10
;WIPE_END
G1 Z429.5 F15000
G1 X285.15 Y436.447 Z429.5
G1 Z428.5
G1 E17 F9000
G1 F2779.614
G1 X285.15 Y447.96 E49.70059
G1 X552.04 Y714.85 E1629.46316
G1 X563.553 Y714.85 E49.70059
;WIPE_START
G1 F600
G1 X556.553 Y714.85 E-10
;WIPE_END
G1 Z429.5 F15000
G1 X714.85 Y599.257 Z429.5
G1 Z428.5
G1 E17 F9000
G1 F2779.614
G1 X714.85 Y610.769 E49.70059
G1 X610.769 Y714.85 E635.45139
G1 X599.257 Y714.85 E49.70059
;WIPE_START
G1 F600
G1 X606.257 Y714.85 E-10
;WIPE_END
G1 Z429.5 F15000
G1 X714.85 Y436.447 Z429.5
G1 Z428.5
G1 E17 F9000
G1 F2779.614
G1 X714.85 Y447.96 E49.70059
G1 X447.959 Y714.85 E1629.46317
G1 X436.447 Y714.85 E49.70059
M73 P97 R15
;WIPE_START
G1 F600
G1 X443.447 Y714.85 E-10
;WIPE_END
G1 Z429.5 F15000
G1 X436.447 Y285.15 Z429.5
G1 Z428.5
G1 E17 F9000
G1 F2779.614
G1 X447.96 Y285.15 E49.70059
G1 X714.85 Y552.04 E1629.46316
G1 X714.85 Y563.553 E49.70059
;WIPE_START
G1 F600
G1 X714.85 Y556.553 E-10
;WIPE_END
G1 Z429.5 F15000
G1 X703.338 Y285.15 Z429.5
G1 Z428.5
G1 E17 F9000
G1 F2779.614
G1 X714.85 Y285.15 E49.70028
G1 X285.15 Y714.85 E2623.47449
G1 X296.662 Y714.85 E49.70028
;WIPE_START
G1 F600
G1 X289.662 Y714.85 E-10
;WIPE_END
G1 Z429.5 F15000
G1 X296.662 Y285.15 Z429.5
G1 Z428.5
M73 P98 R15
G1 E17 F9000
G1 F2779.614
G1 X285.15 Y285.15 E49.70059
G1 X714.85 Y714.85 E2623.47492
G1 X703.338 Y714.85 E49.70059
;WIPE_START
G1 F600
G1 X710.338 Y714.85 E-10
;WIPE_END
G1 Z429.5 F15000
G1 X599.257 Y285.15 Z429.5
G1 Z428.5
G1 E17 F9000
G1 F2779.614
G1 X610.769 Y285.15 E49.70059
G1 X714.85 Y389.231 E635.45139
G1 X714.85 Y400.743 E49.70059
;WIPE_START
G1 F600
G1 X714.85 Y393.743 E-10
;WIPE_END
G1 Z429.5 F15000
M73 P98 R14
G1 X563.553 Y285.15 Z429.5
G1 Z428.5
G1 E17 F9000
G1 F2779.614
G1 X552.041 Y285.15 E49.70059
G1 X285.15 Y552.04 E1629.46316
G1 X285.15 Y563.553 E49.70059
;WIPE_START
G1 F600
G1 X285.15 Y556.553 E-10
;WIPE_END
G1 Z429.5 F15000
G1 X400.743 Y285.15 Z429.5
G1 Z428.5
G1 E17 F9000
G1 F2779.614
G1 X389.231 Y285.15 E49.70059
G1 X285.15 Y389.231 E635.45138
G1 X285.15 Y400.743 E49.70059
; stop printing object Cube id:0 copy 0
;LAYER_CHANGE
;Z:430
;HEIGHT:1.5
;BEFORE_LAYER_CHANGE
;430
G92 E0

EXCLUDE_OBJECT_END NAME=Cube_id_0_copy_0
;AFTER_LAYER_CHANGE
;430
;_SET_FAN_SPEED_CHANGING_LAYER
; printing object Cube id:0 copy 0
;WIPE_START
G1 F600
G1 X285.15 Y393.743 E-10
;WIPE_END
EXCLUDE_OBJECT_START NAME=Cube_id_0_copy_0
G1 Z431 F15000
G1 X282.703 Y282.703 Z431
G1 Z430
G1 E17 F9000
;TYPE:Outer wall
;WIDTH:3.2
G1 F2779.615
G1 X717.297 Y282.703 E1876.19945
G1 X717.297 Y717.297 E1876.19945
G1 X282.703 Y717.297 E1876.19945
G1 X282.703 Y283.003 E1874.90431
;WIPE_START
G1 F600
G1 X289.703 Y282.999 E-10
;WIPE_END
G1 Z431 F15000
G1 X285.15 Y400.743 Z431
G1 Z430
G1 E17 F9000
;TYPE:Sparse infill
;WIDTH:3.2
G1 F2779.614
G1 X285.15 Y389.231 E49.70059
G1 X389.231 Y285.15 E635.45138
M73 P98 R13
G1 X400.743 Y285.15 E49.70059
;WIPE_START
G1 F600
G1 X393.743 Y285.15 E-10
;WIPE_END
G1 Z431 F15000
G1 X285.15 Y563.553 Z431
G1 Z430
G1 E17 F9000
G1 F2779.614
G1 X285.15 Y552.04 E49.70059
G1 X552.041 Y285.15 E1629.46316
G1 X563.553 Y285.15 E49.70059
;WIPE_START
G1 F600
G1 X556.553 Y285.15 E-10
;WIPE_END
G1 Z431 F15000
G1 X714.85 Y400.743 Z431
G1 Z430
G1 E17 F9000
G1 F2779.614
G1 X714.85 Y389.231 E49.70059
G1 X610.769 Y285.15 E635.45139
G1 X599.257 Y285.15 E49.70059
;WIPE_START
G1 F600
G1 X606.257 Y285.15 E-10
;WIPE_END
G1 Z431 F15000
G1 X714.85 Y563.553 Z431
G1 Z430
G1 E17 F9000
G1 F2779.614
G1 X714.85 Y552.04 E49.70059
G1 X447.96 Y285.15 E1629.46316
G1 X436.447 Y285.15 E49.70059
;WIPE_START
G1 F600
G1 X443.447 Y285.15 E-10
;WIPE_END
G1 Z431 F15000
G1 X436.447 Y714.85 Z431
G1 Z430
G1 E17 F9000
G1 F2779.614
G1 X447.959 Y714.85 E49.70059
G1 X714.85 Y447.96 E1629.46317
G1 X714.85 Y436.447 E49.70059
;WIPE_START
G1 F600
G1 X714.85 Y443.447 E-10
;WIPE_END
G1 Z431 F15000
G1 X703.338 Y714.85 Z431
G1 Z430
G1 E17 F9000
G1 F2779.614
G1 X714.85 Y714.85 E49.70059
G1 X285.15 Y285.15 E2623.47492
G1 X296.662 Y285.15 E49.70059
M73 P98 R12
;WIPE_START
G1 F600
G1 X289.662 Y285.15 E-10
;WIPE_END
G1 Z431 F15000
G1 X296.662 Y714.85 Z431
G1 Z430
G1 E17 F9000
G1 F2779.614
G1 X285.15 Y714.85 E49.70028
G1 X714.85 Y285.15 E2623.47449
G1 X703.338 Y285.15 E49.70028
;WIPE_START
G1 F600
G1 X710.338 Y285.15 E-10
;WIPE_END
G1 Z431 F15000
G1 X599.257 Y714.85 Z431
G1 Z430
G1 E17 F9000
G1 F2779.614
G1 X610.769 Y714.85 E49.70059
G1 X714.85 Y610.769 E635.45139
G1 X714.85 Y599.257 E49.70059
;WIPE_START
G1 F600
G1 X714.85 Y606.257 E-10
;WIPE_END
G1 Z431 F15000
G1 X563.553 Y714.85 Z431
G1 Z430
G1 E17 F9000
G1 F2779.614
G1 X552.04 Y714.85 E49.70059
G1 X285.15 Y447.96 E1629.46316
G1 X285.15 Y436.447 E49.70059
;WIPE_START
G1 F600
G1 X285.15 Y443.447 E-10
;WIPE_END
G1 Z431 F15000
G1 X400.743 Y714.85 Z431
G1 Z430
G1 E17 F9000
G1 F2779.614
G1 X389.231 Y714.85 E49.70059
G1 X285.15 Y610.769 E635.45139
G1 X285.15 Y599.257 E49.70059
; stop printing object Cube id:0 copy 0
;LAYER_CHANGE
;Z:431.5
;HEIGHT:1.5
;BEFORE_LAYER_CHANGE
;431.5
G92 E0

EXCLUDE_OBJECT_END NAME=Cube_id_0_copy_0
;AFTER_LAYER_CHANGE
;431.5
;_SET_FAN_SPEED_CHANGING_LAYER
; printing object Cube id:0 copy 0
;WIPE_START
G1 F600
G1 X285.15 Y606.257 E-10
;WIPE_END
EXCLUDE_OBJECT_START NAME=Cube_id_0_copy_0
G1 Z432.5 F15000
G1 X282.703 Y717.297 Z432.5
G1 Z431.5
G1 E17 F9000
;TYPE:Outer wall
;WIDTH:3.2
G1 F2779.615
G1 X282.703 Y282.703 E1876.19945
G1 X717.297 Y282.703 E1876.19945
G1 X717.297 Y717.297 E1876.19945
M73 P98 R11
G1 X283.003 Y717.297 E1874.90431
;WIPE_START
G1 F600
G1 X282.999 Y710.297 E-10
;WIPE_END
G1 Z432.5 F15000
G1 X285.15 Y599.257 Z432.5
G1 Z431.5
G1 E17 F9000
;TYPE:Sparse infill
;WIDTH:3.2
G1 F2779.614
G1 X285.15 Y610.769 E49.70059
G1 X389.231 Y714.85 E635.45139
G1 X400.743 Y714.85 E49.70059
;WIPE_START
G1 F600
G1 X393.743 Y714.85 E-10
;WIPE_END
G1 Z432.5 F15000
G1 X285.15 Y436.447 Z432.5
G1 Z431.5
G1 E17 F9000
G1 F2779.614
G1 X285.15 Y447.96 E49.70059
G1 X552.04 Y714.85 E1629.46316
G1 X563.553 Y714.85 E49.70059
;WIPE_START
G1 F600
G1 X556.553 Y714.85 E-10
;WIPE_END
G1 Z432.5 F15000
G1 X714.85 Y599.257 Z432.5
G1 Z431.5
G1 E17 F9000
G1 F2779.614
G1 X714.85 Y610.769 E49.70059
G1 X610.769 Y714.85 E635.45139
G1 X599.257 Y714.85 E49.70059
;WIPE_START
G1 F600
G1 X606.257 Y714.85 E-10
;WIPE_END
G1 Z432.5 F15000
G1 X714.85 Y436.447 Z432.5
G1 Z431.5
G1 E17 F9000
G1 F2779.614
G1 X714.85 Y447.96 E49.70059
G1 X447.959 Y714.85 E1629.46317
G1 X436.447 Y714.85 E49.70059
;WIPE_START
G1 F600
M73 P98 R10
G1 X443.447 Y714.85 E-10
;WIPE_END
G1 Z432.5 F15000
G1 X436.447 Y285.15 Z432.5
G1 Z431.5
G1 E17 F9000
G1 F2779.614
G1 X447.96 Y285.15 E49.70059
G1 X714.85 Y552.04 E1629.46316
G1 X714.85 Y563.553 E49.70059
;WIPE_START
G1 F600
G1 X714.85 Y556.553 E-10
;WIPE_END
G1 Z432.5 F15000
G1 X703.338 Y285.15 Z432.5
G1 Z431.5
G1 E17 F9000
G1 F2779.614
G1 X714.85 Y285.15 E49.70028
G1 X285.15 Y714.85 E2623.47449
G1 X296.662 Y714.85 E49.70028
;WIPE_START
G1 F600
G1 X289.662 Y714.85 E-10
;WIPE_END
G1 Z432.5 F15000
G1 X296.662 Y285.15 Z432.5
G1 Z431.5
G1 E17 F9000
G1 F2779.614
G1 X285.15 Y285.15 E49.70059
G1 X714.85 Y714.85 E2623.47492
G1 X703.338 Y714.85 E49.70059
;WIPE_START
G1 F600
G1 X710.338 Y714.85 E-10
;WIPE_END
G1 Z432.5 F15000
G1 X599.257 Y285.15 Z432.5
G1 Z431.5
G1 E17 F9000
G1 F2779.614
G1 X610.769 Y285.15 E49.70059
G1 X714.85 Y389.231 E635.45139
G1 X714.85 Y400.743 E49.70059
;WIPE_START
G1 F600
G1 X714.85 Y393.743 E-10
;WIPE_END
G1 Z432.5 F15000
G1 X563.553 Y285.15 Z432.5
G1 Z431.5
G1 E17 F9000
G1 F2779.614
G1 X552.041 Y285.15 E49.70059
G1 X285.15 Y552.04 E1629.46316
G1 X285.15 Y563.553 E49.70059
M73 P98 R9
;WIPE_START
G1 F600
G1 X285.15 Y556.553 E-10
;WIPE_END
G1 Z432.5 F15000
G1 X400.743 Y285.15 Z432.5
G1 Z431.5
G1 E17 F9000
G1 F2779.614
G1 X389.231 Y285.15 E49.70059
G1 X285.15 Y389.231 E635.45138
G1 X285.15 Y400.743 E49.70059
; stop printing object Cube id:0 copy 0
;LAYER_CHANGE
;Z:433
;HEIGHT:1.5
;BEFORE_LAYER_CHANGE
;433
G92 E0

EXCLUDE_OBJECT_END NAME=Cube_id_0_copy_0
;AFTER_LAYER_CHANGE
;433
;_SET_FAN_SPEED_CHANGING_LAYER
; printing object Cube id:0 copy 0
;WIPE_START
G1 F600
G1 X285.15 Y393.743 E-10
;WIPE_END
EXCLUDE_OBJECT_START NAME=Cube_id_0_copy_0
G1 Z434 F15000
G1 X282.703 Y282.703 Z434
G1 Z433
G1 E17 F9000
;TYPE:Outer wall
;WIDTH:3.2
G1 F2779.615
G1 X717.297 Y282.703 E1876.19945
G1 X717.297 Y717.297 E1876.19945
G1 X282.703 Y717.297 E1876.19945
G1 X282.703 Y283.003 E1874.90431
;WIPE_START
G1 F600
G1 X289.703 Y282.999 E-10
;WIPE_END
G1 Z434 F15000
G1 X285.15 Y400.743 Z434
G1 Z433
G1 E17 F9000
;TYPE:Sparse infill
;WIDTH:3.2
G1 F2779.614
G1 X285.15 Y389.231 E49.70059
G1 X389.231 Y285.15 E635.45138
G1 X400.743 Y285.15 E49.70059
;WIPE_START
G1 F600
G1 X393.743 Y285.15 E-10
;WIPE_END
G1 Z434 F15000
G1 X285.15 Y563.553 Z434
G1 Z433
G1 E17 F9000
G1 F2779.614
M73 P98 R8
G1 X285.15 Y552.04 E49.70059
G1 X552.041 Y285.15 E1629.46316
G1 X563.553 Y285.15 E49.70059
;WIPE_START
G1 F600
G1 X556.553 Y285.15 E-10
;WIPE_END
G1 Z434 F15000
G1 X714.85 Y400.743 Z434
G1 Z433
G1 E17 F9000
G1 F2779.614
G1 X714.85 Y389.231 E49.70059
G1 X610.769 Y285.15 E635.45139
G1 X599.257 Y285.15 E49.70059
;WIPE_START
G1 F600
G1 X606.257 Y285.15 E-10
;WIPE_END
G1 Z434 F15000
G1 X714.85 Y563.553 Z434
G1 Z433
G1 E17 F9000
G1 F2779.614
G1 X714.85 Y552.04 E49.70059
G1 X447.96 Y285.15 E1629.46316
G1 X436.447 Y285.15 E49.70059
;WIPE_START
G1 F600
G1 X443.447 Y285.15 E-10
;WIPE_END
G1 Z434 F15000
G1 X436.447 Y714.85 Z434
G1 Z433
G1 E17 F9000
G1 F2779.614
G1 X447.959 Y714.85 E49.70059
G1 X714.85 Y447.96 E1629.46317
G1 X714.85 Y436.447 E49.70059
;WIPE_START
G1 F600
G1 X714.85 Y443.447 E-10
;WIPE_END
G1 Z434 F15000
G1 X703.338 Y714.85 Z434
G1 Z433
G1 E17 F9000
G1 F2779.614
G1 X714.85 Y714.85 E49.70059
G1 X285.15 Y285.15 E2623.47492
G1 X296.662 Y285.15 E49.70059
;WIPE_START
G1 F600
G1 X289.662 Y285.15 E-10
;WIPE_END
G1 Z434 F15000
G1 X296.662 Y714.85 Z434
G1 Z433
G1 E17 F9000
G1 F2779.614
G1 X285.15 Y714.85 E49.70028
G1 X714.85 Y285.15 E2623.47449
G1 X703.338 Y285.15 E49.70028
M73 P98 R7
;WIPE_START
G1 F600
G1 X710.338 Y285.15 E-10
;WIPE_END
G1 Z434 F15000
G1 X599.257 Y714.85 Z434
G1 Z433
G1 E17 F9000
G1 F2779.614
G1 X610.769 Y714.85 E49.70059
G1 X714.85 Y610.769 E635.45139
G1 X714.85 Y599.257 E49.70059
M73 P99 R7
;WIPE_START
G1 F600
G1 X714.85 Y606.257 E-10
;WIPE_END
G1 Z434 F15000
G1 X563.553 Y714.85 Z434
G1 Z433
G1 E17 F9000
G1 F2779.614
G1 X552.04 Y714.85 E49.70059
G1 X285.15 Y447.96 E1629.46316
G1 X285.15 Y436.447 E49.70059
;WIPE_START
G1 F600
G1 X285.15 Y443.447 E-10
;WIPE_END
G1 Z434 F15000
G1 X400.743 Y714.85 Z434
G1 Z433
G1 E17 F9000
G1 F2779.614
G1 X389.231 Y714.85 E49.70059
G1 X285.15 Y610.769 E635.45139
G1 X285.15 Y599.257 E49.70059
; stop printing object Cube id:0 copy 0
;LAYER_CHANGE
;Z:434.5
;HEIGHT:1.5
;BEFORE_LAYER_CHANGE
;434.5
G92 E0

EXCLUDE_OBJECT_END NAME=Cube_id_0_copy_0
;AFTER_LAYER_CHANGE
;434.5
;_SET_FAN_SPEED_CHANGING_LAYER
; printing object Cube id:0 copy 0
;WIPE_START
G1 F600
G1 X285.15 Y606.257 E-10
;WIPE_END
EXCLUDE_OBJECT_START NAME=Cube_id_0_copy_0
G1 Z435.5 F15000
G1 X282.703 Y717.297 Z435.5
G1 Z434.5
G1 E17 F9000
;TYPE:Outer wall
;WIDTH:3.2
G1 F2779.615
G1 X282.703 Y282.703 E1876.19945
G1 X717.297 Y282.703 E1876.19945
G1 X717.297 Y717.297 E1876.19945
G1 X283.003 Y717.297 E1874.90431
M73 P99 R6
;WIPE_START
G1 F600
G1 X282.999 Y710.297 E-10
;WIPE_END
G1 Z435.5 F15000
G1 X285.15 Y599.257 Z435.5
G1 Z434.5
G1 E17 F9000
;TYPE:Sparse infill
;WIDTH:3.2
G1 F2779.614
G1 X285.15 Y610.769 E49.70059
G1 X389.231 Y714.85 E635.45139
G1 X400.743 Y714.85 E49.70059
;WIPE_START
G1 F600
G1 X393.743 Y714.85 E-10
;WIPE_END
G1 Z435.5 F15000
G1 X285.15 Y436.447 Z435.5
G1 Z434.5
G1 E17 F9000
G1 F2779.614
G1 X285.15 Y447.96 E49.70059
G1 X552.04 Y714.85 E1629.46316
G1 X563.553 Y714.85 E49.70059
;WIPE_START
G1 F600
G1 X556.553 Y714.85 E-10
;WIPE_END
G1 Z435.5 F15000
G1 X714.85 Y599.257 Z435.5
G1 Z434.5
G1 E17 F9000
G1 F2779.614
G1 X714.85 Y610.769 E49.70059
G1 X610.769 Y714.85 E635.45139
G1 X599.257 Y714.85 E49.70059
;WIPE_START
G1 F600
G1 X606.257 Y714.85 E-10
;WIPE_END
G1 Z435.5 F15000
G1 X714.85 Y436.447 Z435.5
G1 Z434.5
G1 E17 F9000
G1 F2779.614
G1 X714.85 Y447.96 E49.70059
G1 X447.959 Y714.85 E1629.46317
G1 X436.447 Y714.85 E49.70059
;WIPE_START
G1 F600
G1 X443.447 Y714.85 E-10
;WIPE_END
G1 Z435.5 F15000
G1 X436.447 Y285.15 Z435.5
G1 Z434.5
G1 E17 F9000
G1 F2779.614
G1 X447.96 Y285.15 E49.70059
G1 X714.85 Y552.04 E1629.46316
G1 X714.85 Y563.553 E49.70059
M73 P99 R5
;WIPE_START
G1 F600
G1 X714.85 Y556.553 E-10
;WIPE_END
G1 Z435.5 F15000
G1 X703.338 Y285.15 Z435.5
G1 Z434.5
G1 E17 F9000
G1 F2779.614
G1 X714.85 Y285.15 E49.70028
G1 X285.15 Y714.85 E2623.47449
G1 X296.662 Y714.85 E49.70028
;WIPE_START
G1 F600
G1 X289.662 Y714.85 E-10
;WIPE_END
G1 Z435.5 F15000
G1 X296.662 Y285.15 Z435.5
G1 Z434.5
G1 E17 F9000
G1 F2779.614
G1 X285.15 Y285.15 E49.70059
G1 X714.85 Y714.85 E2623.47492
G1 X703.338 Y714.85 E49.70059
;WIPE_START
G1 F600
G1 X710.338 Y714.85 E-10
;WIPE_END
G1 Z435.5 F15000
G1 X599.257 Y285.15 Z435.5
G1 Z434.5
G1 E17 F9000
G1 F2779.614
G1 X610.769 Y285.15 E49.70059
G1 X714.85 Y389.231 E635.45139
G1 X714.85 Y400.743 E49.70059
;WIPE_START
G1 F600
G1 X714.85 Y393.743 E-10
;WIPE_END
G1 Z435.5 F15000
G1 X563.553 Y285.15 Z435.5
G1 Z434.5
G1 E17 F9000
G1 F2779.614
G1 X552.041 Y285.15 E49.70059
G1 X285.15 Y552.04 E1629.46316
G1 X285.15 Y563.553 E49.70059
;WIPE_START
G1 F600
G1 X285.15 Y556.553 E-10
;WIPE_END
G1 Z435.5 F15000
G1 X400.743 Y285.15 Z435.5
G1 Z434.5
M73 P99 R4
G1 E17 F9000
G1 F2779.614
G1 X389.231 Y285.15 E49.70059
G1 X285.15 Y389.231 E635.45138
G1 X285.15 Y400.743 E49.70059
; stop printing object Cube id:0 copy 0
;LAYER_CHANGE
;Z:436
;HEIGHT:1.5
;BEFORE_LAYER_CHANGE
;436
G92 E0

EXCLUDE_OBJECT_END NAME=Cube_id_0_copy_0
;AFTER_LAYER_CHANGE
;436
;_SET_FAN_SPEED_CHANGING_LAYER
; printing object Cube id:0 copy 0
;WIPE_START
G1 F600
G1 X285.15 Y393.743 E-10
;WIPE_END
EXCLUDE_OBJECT_START NAME=Cube_id_0_copy_0
G1 Z437 F15000
G1 X282.703 Y282.703 Z437
G1 Z436
G1 E17 F9000
;TYPE:Outer wall
;WIDTH:3.2
G1 F2779.615
G1 X717.297 Y282.703 E1876.19945
G1 X717.297 Y717.297 E1876.19945
G1 X282.703 Y717.297 E1876.19945
G1 X282.703 Y283.003 E1874.90431
;WIPE_START
G1 F600
G1 X289.703 Y282.999 E-10
;WIPE_END
G1 Z437 F15000
G1 X285.15 Y400.743 Z437
G1 Z436
G1 E17 F9000
;TYPE:Sparse infill
;WIDTH:3.2
G1 F2779.614
G1 X285.15 Y389.231 E49.70059
G1 X389.231 Y285.15 E635.45138
G1 X400.743 Y285.15 E49.70059
;WIPE_START
G1 F600
G1 X393.743 Y285.15 E-10
;WIPE_END
G1 Z437 F15000
G1 X285.15 Y563.553 Z437
G1 Z436
G1 E17 F9000
G1 F2779.614
G1 X285.15 Y552.04 E49.70059
G1 X552.041 Y285.15 E1629.46316
G1 X563.553 Y285.15 E49.70059
M73 P99 R3
;WIPE_START
G1 F600
G1 X556.553 Y285.15 E-10
;WIPE_END
G1 Z437 F15000
G1 X714.85 Y400.743 Z437
G1 Z436
G1 E17 F9000
G1 F2779.614
G1 X714.85 Y389.231 E49.70059
G1 X610.769 Y285.15 E635.45139
G1 X599.257 Y285.15 E49.70059
;WIPE_START
G1 F600
G1 X606.257 Y285.15 E-10
;WIPE_END
G1 Z437 F15000
G1 X714.85 Y563.553 Z437
G1 Z436
G1 E17 F9000
G1 F2779.614
G1 X714.85 Y552.04 E49.70059
G1 X447.96 Y285.15 E1629.46316
G1 X436.447 Y285.15 E49.70059
;WIPE_START
G1 F600
G1 X443.447 Y285.15 E-10
;WIPE_END
G1 Z437 F15000
G1 X436.447 Y714.85 Z437
G1 Z436
G1 E17 F9000
G1 F2779.614
G1 X447.959 Y714.85 E49.70059
G1 X714.85 Y447.96 E1629.46317
G1 X714.85 Y436.447 E49.70059
;WIPE_START
G1 F600
G1 X714.85 Y443.447 E-10
;WIPE_END
G1 Z437 F15000
G1 X703.338 Y714.85 Z437
G1 Z436
G1 E17 F9000
G1 F2779.614
G1 X714.85 Y714.85 E49.70059
G1 X285.15 Y285.15 E2623.47492
G1 X296.662 Y285.15 E49.70059
;WIPE_START
G1 F600
G1 X289.662 Y285.15 E-10
;WIPE_END
G1 Z437 F15000
G1 X296.662 Y714.85 Z437
G1 Z436
G1 E17 F9000
G1 F2779.614
G1 X285.15 Y714.85 E49.70028
G1 X714.85 Y285.15 E2623.47449
G1 X703.338 Y285.15 E49.70028
M73 P99 R2
;WIPE_START
G1 F600
G1 X710.338 Y285.15 E-10
;WIPE_END
G1 Z437 F15000
G1 X599.257 Y714.85 Z437
G1 Z436
G1 E17 F9000
G1 F2779.614
G1 X610.769 Y714.85 E49.70059
G1 X714.85 Y610.769 E635.45139
G1 X714.85 Y599.257 E49.70059
;WIPE_START
G1 F600
G1 X714.85 Y606.257 E-10
;WIPE_END
G1 Z437 F15000
G1 X563.553 Y714.85 Z437
G1 Z436
G1 E17 F9000
G1 F2779.614
G1 X552.04 Y714.85 E49.70059
G1 X285.15 Y447.96 E1629.46316
G1 X285.15 Y436.447 E49.70059
;WIPE_START
G1 F600
G1 X285.15 Y443.447 E-10
;WIPE_END
G1 Z437 F15000
G1 X400.743 Y714.85 Z437
G1 Z436
G1 E17 F9000
G1 F2779.614
G1 X389.231 Y714.85 E49.70059
G1 X285.15 Y610.769 E635.45139
G1 X285.15 Y599.257 E49.70059
; stop printing object Cube id:0 copy 0
;LAYER_CHANGE
;Z:437.5
;HEIGHT:1.5
;BEFORE_LAYER_CHANGE
;437.5
G92 E0

EXCLUDE_OBJECT_END NAME=Cube_id_0_copy_0
;AFTER_LAYER_CHANGE
;437.5
;_SET_FAN_SPEED_CHANGING_LAYER
; printing object Cube id:0 copy 0
;WIPE_START
G1 F600
G1 X285.15 Y606.257 E-10
;WIPE_END
EXCLUDE_OBJECT_START NAME=Cube_id_0_copy_0
G1 Z438.5 F15000
G1 X282.703 Y717.297 Z438.5
G1 Z437.5
G1 E17 F9000
;TYPE:Outer wall
;WIDTH:3.2
G1 F2779.615
G1 X282.703 Y282.703 E1876.19945
G1 X717.297 Y282.703 E1876.19945
G1 X717.297 Y717.297 E1876.19945
G1 X283.003 Y717.297 E1874.90431
M73 P99 R1
;WIPE_START
G1 F600
G1 X282.999 Y710.297 E-10
;WIPE_END
G1 Z438.5 F15000
G1 X285.294 Y599.401 Z438.5
G1 Z437.5
G1 E17 F9000
;TYPE:Sparse infill
;WIDTH:3.2
G1 F2779.614
G1 X285.294 Y610.913 E49.70059
G1 X389.087 Y714.706 E633.6942
G1 X400.599 Y714.706 E49.70059
;WIPE_START
G1 F600
G1 X393.599 Y714.706 E-10
;WIPE_END
G1 Z438.5 F15000
G1 X285.294 Y436.591 Z438.5
G1 Z437.5
G1 E17 F9000
G1 F2779.614
G1 X285.294 Y448.103 E49.70059
G1 X551.897 Y714.706 E1627.70598
G1 X563.409 Y714.706 E49.70059
;WIPE_START
G1 F600
G1 X556.409 Y714.706 E-10
;WIPE_END
G1 Z438.5 F15000
G1 X714.706 Y599.401 Z438.5
G1 Z437.5
G1 E17 F9000
G1 F2779.614
G1 X714.706 Y610.913 E49.70059
G1 X610.913 Y714.706 E633.69421
G1 X599.401 Y714.706 E49.70059
;WIPE_START
G1 F600
G1 X606.401 Y714.706 E-10
;WIPE_END
G1 Z438.5 F15000
G1 X714.706 Y436.591 Z438.5
G1 Z437.5
G1 E17 F9000
G1 F2779.614
G1 X714.706 Y448.103 E49.70059
G1 X448.103 Y714.706 E1627.70598
G1 X436.591 Y714.706 E49.70059
;WIPE_START
G1 F600
G1 X443.591 Y714.706 E-10
;WIPE_END
G1 Z438.5 F15000
G1 X436.591 Y285.294 Z438.5
G1 Z437.5
G1 E17 F9000
G1 F2779.614
G1 X448.103 Y285.294 E49.70059
G1 X714.706 Y551.897 E1627.70598
G1 X714.706 Y563.409 E49.70059
;WIPE_START
G1 F600
G1 X714.706 Y556.409 E-10
;WIPE_END
G1 Z438.5 F15000
M73 P99 R0
G1 X703.194 Y285.294 Z438.5
G1 Z437.5
G1 E17 F9000
G1 F2779.614
G1 X714.706 Y285.294 E49.70028
G1 X285.294 Y714.706 E2621.71753
G1 X296.806 Y714.706 E49.70027
;WIPE_START
G1 F600
G1 X289.806 Y714.706 E-10
;WIPE_END
G1 Z438.5 F15000
G1 X296.806 Y285.294 Z438.5
G1 Z437.5
G1 E17 F9000
G1 F2779.614
G1 X285.294 Y285.294 E49.70059
G1 X714.706 Y714.706 E2621.71774
G1 X703.194 Y714.706 E49.70059
;WIPE_START
G1 F600
G1 X710.194 Y714.706 E-10
;WIPE_END
G1 Z438.5 F15000
G1 X599.401 Y285.294 Z438.5
G1 Z437.5
G1 E17 F9000
G1 F2779.614
G1 X610.913 Y285.294 E49.70059
G1 X714.706 Y389.087 E633.6942
G1 X714.706 Y400.599 E49.70059
;WIPE_START
G1 F600
G1 X714.706 Y393.599 E-10
;WIPE_END
G1 Z438.5 F15000
G1 X563.409 Y285.294 Z438.5
G1 Z437.5
G1 E17 F9000
G1 F2779.614
G1 X551.897 Y285.294 E49.70059
G1 X285.294 Y551.897 E1627.70597
G1 X285.294 Y563.409 E49.70059
;WIPE_START
G1 F600
G1 X285.294 Y556.409 E-10
;WIPE_END
G1 Z438.5 F15000
G1 X400.599 Y285.294 Z438.5
G1 Z437.5
G1 E17 F9000
G1 F2779.614
G1 X389.087 Y285.294 E49.70059
G1 X285.294 Y389.087 E633.6942
G1 X285.294 Y400.599 E49.70059
; stop printing object Cube id:0 copy 0
;WIPE_START
G1 F600
G1 X285.294 Y393.599 E-10
;WIPE_END
EXCLUDE_OBJECT_END NAME=Cube_id_0_copy_0
M106 S0
;TYPE:Custom
; filament end gcode 
M106 P3 S0
END_PRINT
M73 P100 R0
; EXECUTABLE_BLOCK_END

; filament used [mm] = 7131468.21
; filament used [cm3] = 7131.48
; filament used [g] = 8771.72
; filament cost = 61.40
; total filament used [g] = 8771.72
; total filament cost = 61.40
; total layers count = 292
; estimated printing time (normal mode) = 12h 48m 28s
; estimated first layer printing time (normal mode) = 3s

; CONFIG_BLOCK_START
; accel_to_decel_enable = 0
; accel_to_decel_factor = 50%
; activate_air_filtration = 0
; activate_chamber_temp_control = 0
; active_feeder_motor_name = mixing_stepper
; adaptive_bed_mesh_margin = 0
; adaptive_layer_height = 0
; adaptive_layer_min_height = 0.08
; adaptive_layer_surface_step = 1
; adaptive_pressure_advance = 0
; adaptive_pressure_advance_bridges = 0
; adaptive_pressure_advance_model = "0,0,0\n0,0,0"
; adaptive_pressure_advance_overhangs = 0
; additional_cooling_fan_speed = 70
; align_infill_direction_to_model = 0
; alternate_extra_wall = 0
; auxiliary_fan = 0
; bbl_calib_mark_logo = 1
; bbl_use_printhost = 0
; bed_custom_model = 
; bed_custom_texture = 
; bed_exclude_area = 0x0
; bed_mesh_max = 99999,99999
; bed_mesh_min = -99999,-99999
; bed_mesh_probe_distance = 50,50
; before_layer_change_gcode = ;BEFORE_LAYER_CHANGE\n;[layer_z]\nG92 E0\n
; best_object_pos = 0.5,0.5
; bottom_shell_layers = 2
; bottom_shell_thickness = 0
; bottom_solid_infill_flow_ratio = 1
; bottom_surface_density = 100%
; bottom_surface_pattern = monotonic
; bridge_acceleration = 50%
; bridge_angle = 0
; bridge_density = 100%
; bridge_flow = 1
; bridge_no_support = 0
; bridge_speed = 25
; brim_ears_detection_length = 1
; brim_ears_max_angle = 125
; brim_object_gap = 0
; brim_type = outer_only
; brim_width = 20
; calib_flowrate_topinfill_special_order = 0
; chamber_temperature = 0
; change_extrusion_role_gcode = 
; change_filament_gcode = 
; close_fan_the_first_x_layers = 4
; complete_print_exhaust_fan_speed = 70
; cool_plate_temp = 35
; cool_plate_temp_initial_layer = 35
; cooling_tube_length = 5
; cooling_tube_retraction = 91.5
; counterbore_hole_bridging = none
; curr_bed_type = High Temp Plate
; default_acceleration = 1500
; default_bed_type = 
; default_filament_colour = ""
; default_filament_profile = "Generic PLA"
; default_jerk = 5
; default_junction_deviation = 0
; default_print_profile = 1.50mm Standard @Ginger G1
; deretraction_speed = 200
; detect_narrow_internal_solid_infill = 1
; detect_overhang_wall = 1
; detect_thin_wall = 0
; different_settings_to_system = seam_slope_type;;print_host
; disable_m73 = 0
; dont_filter_internal_bridges = disabled
; dont_slow_down_outer_wall = 0
; draft_shield = disabled
; during_print_exhaust_fan_speed = 70
; elefant_foot_compensation = 0
; elefant_foot_compensation_layers = 1
; emit_machine_limits_to_gcode = 1
; enable_arc_fitting = 0
; enable_extra_bridge_layer = disabled
; enable_filament_ramming = 1
; enable_long_retraction_when_cut = 0
; enable_overhang_bridge_fan = 0
; enable_overhang_speed = 0
; enable_pressure_advance = 1
; enable_prime_tower = 0
; enable_support = 0
; enforce_support_layers = 0
; eng_plate_temp = 0
; eng_plate_temp_initial_layer = 0
; ensure_vertical_shell_thickness = none
; exclude_object = 1
; extra_loading_move = -2
; extra_perimeters_on_overhangs = 0
; extra_solid_infills = 
; extruder_clearance_height_to_lid = 200
; extruder_clearance_height_to_rod = 100
; extruder_clearance_radius = 200
; extruder_colour = #d72828
; extruder_offset = 0x0
; extruder_rotation_volume = 640
; extrusion_rate_smoothing_external_perimeter_only = 0
; fan_cooling_layer_time = 100
; fan_kickstart = 0
; fan_max_speed = 0
; fan_min_speed = 0
; fan_speedup_overhangs = 1
; fan_speedup_time = 0
; filament_colour = #d72828
; filament_cooling_final_speed = 3.4
; filament_cooling_initial_speed = 2.2
; filament_cooling_moves = 4
; filament_cost = 7
; filament_density = 1.23
; filament_deretraction_speed = 150
; filament_diameter = 1.12838
; filament_end_gcode = "; filament end gcode \nM106 P3 S0\n"
; filament_flow_ratio = 1
; filament_ids = P510eff9
; filament_is_support = 0
; filament_loading_speed = 28
; filament_loading_speed_start = 3
; filament_max_volumetric_speed = 200
; filament_minimal_purge_on_wipe_tower = 15
; filament_multitool_ramming = 0
; filament_multitool_ramming_flow = 10
; filament_multitool_ramming_volume = 10
; filament_notes = ""
; filament_ramming_parameters = "120 100 6.6 6.8 7.2 7.6 7.9 8.2 8.7 9.4 9.9 10.0| 0.05 6.6 0.45 6.8 0.95 7.8 1.45 8.3 1.95 9.7 2.45 10 2.95 7.6 3.45 7.6 3.95 7.6 4.45 7.6 4.95 7.6"
; filament_retract_before_wipe = 0%
; filament_retract_restart_extra = 7
; filament_retract_when_changing_layer = 0
; filament_retraction_length = 10
; filament_retraction_minimum_travel = 0
; filament_retraction_speed = 150
; filament_settings_id = "FormFutura rPETG"
; filament_shrink = 100%
; filament_shrinkage_compensation_z = 100%
; filament_soluble = 0
; filament_stamping_distance = 0
; filament_stamping_loading_speed = 0
; filament_start_gcode = "SET_PRESSURE_ADVANCE EXTRUDER=extruder SMOOTH_TIME=0.4"
; filament_toolchange_delay = 0
; filament_type = PETG
; filament_unloading_speed = 90
; filament_unloading_speed_start = 100
; filament_vendor = FormFutura
; filament_wipe = 1
; filament_wipe_distance = 7
; filament_z_hop = 1
; filament_z_hop_types = Normal Lift
; filename_format = {input_filename_base}_{filament_type[initial_tool]}_{print_time}.gcode
; fill_multiline = 1
; filter_out_gap_fill = 0
; first_layer_print_sequence = 0
; flush_into_infill = 0
; flush_into_objects = 0
; flush_into_support = 1
; flush_multiplier = 0.3
; flush_volumes_matrix = 0
; flush_volumes_vector = 140,140
; full_fan_speed_layer = 8
; fuzzy_skin = none
; fuzzy_skin_first_layer = 0
; fuzzy_skin_mode = displacement
; fuzzy_skin_noise_type = classic
; fuzzy_skin_octaves = 4
; fuzzy_skin_persistence = 0.5
; fuzzy_skin_point_distance = 0.8
; fuzzy_skin_scale = 1
; fuzzy_skin_thickness = 0.3
; gap_fill_target = nowhere
; gap_infill_speed = 120
; gcode_add_line_number = 0
; gcode_comments = 0
; gcode_flavor = klipper
; gcode_label_objects = 1
; has_scarf_joint_seam = 0
; head_wrap_detect_zone = 
; high_current_on_filament_swap = 0
; hole_to_polyhole = 0
; hole_to_polyhole_threshold = 0.01
; hole_to_polyhole_twisted = 1
; host_type = octoprint
; hot_plate_temp = 80
; hot_plate_temp_initial_layer = 80
; idle_temperature = 0
; independent_support_layer_height = 1
; infill_anchor = 400%
; infill_anchor_max = 30
; infill_combination = 0
; infill_combination_max_layer_height = 100%
; infill_direction = 45
; infill_jerk = 5
; infill_lock_depth = 1
; infill_overhang_angle = 60
; infill_shift_step = 0.4
; infill_wall_overlap = 15%
; inherits_group = ;;"Ginger G1 3.0 nozzle"
; initial_layer_acceleration = 300
; initial_layer_infill_speed = 40
; initial_layer_jerk = 1
; initial_layer_line_width = 3.2
; initial_layer_min_bead_width = 85%
; initial_layer_print_height = 1
; initial_layer_speed = 40
; initial_layer_travel_speed = 100%
; inner_wall_acceleration = 1500
; inner_wall_jerk = 5
; inner_wall_line_width = 3.2
; inner_wall_speed = 120
; interface_shells = 0
; interlocking_beam = 0
; interlocking_beam_layer_count = 2
; interlocking_beam_width = 0.8
; interlocking_boundary_avoidance = 2
; interlocking_depth = 2
; interlocking_orientation = 22.5
; internal_bridge_angle = 0
; internal_bridge_density = 100%
; internal_bridge_fan_speed = -1
; internal_bridge_flow = 1
; internal_bridge_speed = 150%
; internal_solid_infill_acceleration = 100%
; internal_solid_infill_line_width = 3.2
; internal_solid_infill_pattern = monotonic
; internal_solid_infill_speed = 120
; ironing_angle = -1
; ironing_fan_speed = -1
; ironing_flow = 10%
; ironing_inset = 0
; ironing_pattern = rectilinear
; ironing_spacing = 0.1
; ironing_speed = 20
; ironing_type = no ironing
; is_infill_first = 0
; lateral_lattice_angle_1 = -45
; lateral_lattice_angle_2 = 45
; layer_change_gcode = ;AFTER_LAYER_CHANGE\n;[layer_z]
; layer_height = 1.5
; line_width = 3.2
; long_retractions_when_cut = 0
; machine_end_gcode = END_PRINT
; machine_load_filament_time = 0
; machine_max_acceleration_e = 1000,5000
; machine_max_acceleration_extruding = 2500,20000
; machine_max_acceleration_retracting = 2500,5000
; machine_max_acceleration_travel = 20000,20000
; machine_max_acceleration_x = 2500,20000
; machine_max_acceleration_y = 2500,20000
; machine_max_acceleration_z = 200,200
; machine_max_jerk_e = 30,2.5
; machine_max_jerk_x = 7,9
; machine_max_jerk_y = 7,9
; machine_max_jerk_z = 1,0.4
; machine_max_junction_deviation = 0,0
; machine_max_speed_e = 500,25
; machine_max_speed_x = 300,200
; machine_max_speed_y = 300,200
; machine_max_speed_z = 8,12
; machine_min_extruding_rate = 0,0
; machine_min_travel_rate = 0,0
; machine_pause_gcode = PAUSE
; machine_start_gcode = START_PRINT BED_TEMPERATURE=[bed_temperature_initial_layer] KAMP_LEVELING=1 EXTRUDER_ROTATION_VOLUME={extruder_rotation_volume[0]} MIXING_STEPPER_ROTATION_VOLUME={mixing_stepper_rotation_volume[0]} PURGE_LAYER_HEIGHT=2 PURGE_PARKING_SPEED=10000 PURGE_LENGHT=500 PURGE_SPEED=400 PURGE_MATERIAL_QUANTITY=15000 EXTRUDER_TEMPERATURE=[nozzle_temperature] EXTRUDER_TEMPERATURE_INITIAL_LAYER=[nozzle_temperature_initial_layer] PRESSURE_ADVANCE=0.2 PRESSURE_ADVANCE_SMOOTH_TIME=0.5 ZONE_1_TEMPERATURE={multi_zone_1_initial_layer[0]} ZONE_2_TEMPERATURE={multi_zone_2_initial_layer[0]} ZONE_3_TEMPERATURE={multi_zone_3_initial_layer[0]}
; machine_tool_change_time = 0
; machine_unload_filament_time = 0
; make_overhang_printable = 0
; make_overhang_printable_angle = 55
; make_overhang_printable_hole_size = 0
; manual_filament_change = 0
; max_bridge_length = 10
; max_layer_height = 2.5
; max_resonance_avoidance_speed = 120
; max_travel_detour_distance = 0
; max_volumetric_extrusion_rate_slope = 200
; max_volumetric_extrusion_rate_slope_segment_length = 1
; min_bead_width = 50%
; min_feature_size = 25%
; min_layer_height = 0.1
; min_length_factor = 0.5
; min_resonance_avoidance_speed = 70
; min_skirt_length = 0
; min_width_top_surface = 300%
; minimum_sparse_infill_area = 15
; mixing_stepper_rotation_volume = 8000
; mmu_segmented_region_interlocking_depth = 0
; mmu_segmented_region_max_width = 0
; multi_zone = 1
; multi_zone_10_initial_layer = 200
; multi_zone_10_temperature = 200
; multi_zone_1_initial_layer = 215
; multi_zone_1_temperature = 215
; multi_zone_2_initial_layer = 235
; multi_zone_2_temperature = 235
; multi_zone_3_initial_layer = 235
; multi_zone_3_temperature = 235
; multi_zone_4_initial_layer = 200
; multi_zone_4_temperature = 200
; multi_zone_5_initial_layer = 200
; multi_zone_5_temperature = 200
; multi_zone_6_initial_layer = 200
; multi_zone_6_temperature = 200
; multi_zone_7_initial_layer = 200
; multi_zone_7_temperature = 200
; multi_zone_8_initial_layer = 200
; multi_zone_8_temperature = 200
; multi_zone_9_initial_layer = 200
; multi_zone_9_temperature = 200
; multi_zone_number = 3
; notes = 
; nozzle_diameter = 3
; nozzle_height = 2.5
; nozzle_hrc = 0
; nozzle_temperature = 220
; nozzle_temperature_initial_layer = 220
; nozzle_temperature_range_high = 260
; nozzle_temperature_range_low = 210
; nozzle_type = undefine
; nozzle_volume = 0
; only_one_wall_first_layer = 0
; only_one_wall_top = 0
; ooze_prevention = 0
; other_layers_print_sequence = 0
; other_layers_print_sequence_nums = 0
; outer_wall_acceleration = 1500
; outer_wall_jerk = 5
; outer_wall_line_width = 3.2
; outer_wall_speed = 120
; overhang_1_4_speed = 0
; overhang_2_4_speed = 30
; overhang_3_4_speed = 20
; overhang_4_4_speed = 10
; overhang_fan_speed = 100
; overhang_fan_threshold = 50%
; overhang_reverse = 0
; overhang_reverse_internal_only = 1
; overhang_reverse_threshold = 0%
; parking_pos_retraction = 92
; pellet_ers_mode = 0
; pellet_flow_coefficient = 1
; pellet_modded_printer = 1
; post_process = 
; precise_outer_wall = 0
; precise_z_height = 0
; preferred_orientation = 0
; preheat_steps = 1
; preheat_time = 30
; pressure_advance = 0.25
; prime_tower_brim_width = 3
; prime_tower_width = 60
; prime_volume = 45
; print_compatible_printers = "Ginger G1 3.0 nozzle"
; print_flow_ratio = 1
; print_order = default
; print_sequence = by layer
; print_settings_id = 1.50mm Standard
; printable_area = 0x0,1000x0,1000x1000,0x1000
; printable_height = 1000
; printer_model = Ginger G1
; printer_notes = 
; printer_settings_id = Ginger G1 3.0 nozzle - Copy
; printer_structure = undefine
; printer_technology = FFF
; printer_variant = 3.0
; printhost_authorization_type = key
; printhost_ssl_ignore_revoke = 0
; printing_by_object_gcode = 
; purge_in_prime_tower = 1
; raft_contact_distance = 0.1
; raft_expansion = 1.5
; raft_first_layer_density = 100%
; raft_first_layer_expansion = 2
; raft_layers = 0
; reduce_crossing_wall = 0
; reduce_fan_stop_start_freq = 0
; reduce_infill_retraction = 0
; required_nozzle_HRC = 0
; resolution = 0.05
; resonance_avoidance = 0
; retract_before_wipe = 0%
; retract_length_toolchange = 2
; retract_lift_above = 0
; retract_lift_below = 0
; retract_lift_enforce = All Surfaces
; retract_restart_extra = 10
; retract_restart_extra_toolchange = 0
; retract_when_changing_layer = 0
; retraction_distances_when_cut = 18
; retraction_length = 10
; retraction_minimum_travel = 10
; retraction_speed = 30
; role_based_wipe_speed = 0
; scan_first_layer = 0
; scarf_angle_threshold = 155
; scarf_joint_flow_ratio = 1
; scarf_joint_speed = 100%
; scarf_overhang_threshold = 40%
; seam_gap = 10%
; seam_position = nearest
; seam_slope_conditional = 0
; seam_slope_entire_loop = 0
; seam_slope_inner_walls = 0
; seam_slope_min_length = 5
; seam_slope_start_height = 50%
; seam_slope_steps = 10
; seam_slope_type = none
; silent_mode = 0
; single_extruder_multi_material = 1
; single_extruder_multi_material_priming = 0
; single_loop_draft_shield = 0
; skeleton_infill_density = 25%
; skeleton_infill_line_width = 3
; skin_infill_density = 25%
; skin_infill_depth = 2
; skin_infill_line_width = 3
; skirt_distance = 10
; skirt_height = 1
; skirt_loops = 1
; skirt_speed = 50
; skirt_start_angle = -135
; skirt_type = combined
; slice_closing_radius = 0.049
; slicing_mode = regular
; slow_down_for_layer_cooling = 1
; slow_down_layer_time = 50
; slow_down_layers = 0
; slow_down_min_speed = 1
; slowdown_for_curled_perimeters = 0
; small_area_infill_flow_compensation = 0
; small_area_infill_flow_compensation_model = 0,0;"\n0.2,0.4444";"\n0.4,0.6145";"\n0.6,0.7059";"\n0.8,0.7619";"\n1.5,0.8571";"\n10,1";"\n2,0.8889";"\n3,0.9231";"\n5,0.9520"
; small_perimeter_speed = 50%
; small_perimeter_threshold = 0
; solid_infill_direction = 45
; solid_infill_filament = 1
; solid_infill_rotate_template = 
; sparse_infill_acceleration = 1500
; sparse_infill_density = 5%
; sparse_infill_filament = 1
; sparse_infill_line_width = 3.2
; sparse_infill_pattern = grid
; sparse_infill_rotate_template = 
; sparse_infill_speed = 120
; spiral_finishing_flow_ratio = 0
; spiral_mode = 0
; spiral_mode_max_xy_smoothing = 200%
; spiral_mode_smooth = 1
; spiral_starting_flow_ratio = 0
; staggered_inner_seams = 0
; standby_temperature_delta = -5
; start_end_points = 30x-3,54x245
; supertack_plate_temp = 35
; supertack_plate_temp_initial_layer = 35
; support_air_filtration = 0
; support_angle = 0
; support_base_pattern = default
; support_base_pattern_spacing = 2.5
; support_bottom_interface_spacing = 0.5
; support_bottom_z_distance = 0.2
; support_chamber_temp_control = 0
; support_critical_regions_only = 1
; support_expansion = 0
; support_filament = 0
; support_interface_bottom_layers = 0
; support_interface_filament = 0
; support_interface_loop_pattern = 0
; support_interface_not_for_body = 1
; support_interface_pattern = auto
; support_interface_spacing = 2
; support_interface_speed = 80
; support_interface_top_layers = 3
; support_ironing = 0
; support_ironing_flow = 10%
; support_ironing_pattern = rectilinear
; support_ironing_spacing = 0.1
; support_line_width = 3.2
; support_material_interface_fan_speed = -1
; support_multi_bed_types = 0
; support_object_first_layer_gap = 0.2
; support_object_xy_distance = 10
; support_on_build_plate_only = 1
; support_remove_small_overhang = 1
; support_speed = 120
; support_style = default
; support_threshold_angle = 30
; support_threshold_overlap = 50%
; support_top_z_distance = 0.3
; support_type = tree(auto)
; symmetric_infill_y_axis = 0
; temperature_vitrification = 75
; template_custom_gcode = 
; textured_cool_plate_temp = 40
; textured_cool_plate_temp_initial_layer = 40
; textured_plate_temp = 55
; textured_plate_temp_initial_layer = 55
; thick_bridges = 0
; thick_internal_bridges = 0
; thumbnails = 50x50/PNG
; thumbnails_format = PNG
; time_cost = 0
; time_lapse_gcode = 
; timelapse_type = 0
; top_bottom_infill_wall_overlap = 10%
; top_shell_layers = 0
; top_shell_thickness = 0.6
; top_solid_infill_flow_ratio = 1
; top_surface_acceleration = 1500
; top_surface_density = 100%
; top_surface_jerk = 5
; top_surface_line_width = 3.2
; top_surface_pattern = concentric
; top_surface_speed = 120
; travel_acceleration = 1500
; travel_jerk = 5
; travel_slope = 3
; travel_speed = 250
; travel_speed_z = 0
; tree_support_adaptive_layer_height = 1
; tree_support_angle_slow = 30
; tree_support_auto_brim = 1
; tree_support_branch_angle = 40
; tree_support_branch_angle_organic = 50
; tree_support_branch_diameter = 5
; tree_support_branch_diameter_angle = 5
; tree_support_branch_diameter_organic = 10
; tree_support_branch_distance = 5
; tree_support_branch_distance_organic = 1
; tree_support_brim_width = 3
; tree_support_tip_diameter = 9
; tree_support_top_rate = 30%
; tree_support_wall_count = 0
; upward_compatible_machine = 
; use_active_pellet_feeding = 1
; use_extruder_rotation_volume = 1
; use_firmware_retraction = 0
; use_relative_e_distances = 1
; wall_direction = auto
; wall_distribution_count = 1
; wall_filament = 1
; wall_generator = arachne
; wall_loops = 1
; wall_sequence = inner wall/outer wall
; wall_transition_angle = 10
; wall_transition_filter_deviation = 25%
; wall_transition_length = 100%
; wipe = 1
; wipe_before_external_loop = 0
; wipe_distance = 10
; wipe_on_loops = 1
; wipe_speed = 8
; wipe_tower_bridging = 10
; wipe_tower_cone_angle = 0
; wipe_tower_extra_flow = 100%
; wipe_tower_extra_rib_length = 0
; wipe_tower_extra_spacing = 100%
; wipe_tower_filament = 0
; wipe_tower_fillet_wall = 1
; wipe_tower_max_purge_speed = 90
; wipe_tower_no_sparse_layers = 0
; wipe_tower_rib_width = 8
; wipe_tower_rotation_angle = 0
; wipe_tower_wall_type = rectangle
; wipe_tower_x = 165.000
; wipe_tower_x = 165
; wipe_tower_y = 250.000
; wipe_tower_y = 250
; wiping_volumes_extruders = 70,70,70,70,70,70,70,70,70,70
; xy_contour_compensation = 0
; xy_hole_compensation = 0
; z_hop = 1
; z_hop_types = Normal Lift
; z_offset = 0
; first_layer_bed_temperature = 80
; bed_shape = 0x0,1000x0,1000x1000,0x1000
; first_layer_temperature = 220
; first_layer_height = 1.000
; CONFIG_BLOCK_END


