; HEADER_BLOCK_START
; generated by OrcaSlicer 2.3.3 on 2026-04-12 at 00:11:41
; total layer number: 280
; filament_density: 1.23
; filament_diameter: 1.12838
; max_z_height: 419.50
; HEADER_BLOCK_END

; THUMBNAIL_BLOCK_START

;
; thumbnail begin 50x50 932
; iVBORw0KGgoAAAANSUhEUgAAADIAAAAyCAYAAAAeP4ixAAACgElEQVR4Ae2ZP0vrUBjGD2qx2BBipY
; nRtkZrl3sX4W5XEN1EHBwEJ0UQR9FBRUHs4KDg0EFBFynqIAgqOig4WHRw9SP4EfoRjucVIsfQ2Jyc
; k+QU88ADpX/S/vq878OhRSiWNy1nMmWw0tKioWZUsb196DSff3stFjEYbsN9qJk0o2krNgDtx0KhBo
; 9Jnw58wMNstloPgjY8x0wkLCSjJlR1vhGAMx14DZJJW4ZRYYGgvWeaN5GPGizvlWW9+4WwDdcYUZQp
; FIUW0ukSL4Bz1OCaoaXjrFXRhiIIvKbdalW07ZpGogVx8yw0TzrCalrUQvOkw10EcEaKCsBpX+e1oB
; far5nPa2u6Xn0qFKSCAD8PDuINw3jzDLLY1VXd7+nB15YlDcRtfz/eNAw8l06zgeyaJgZXcjn8Qr6J
; KCGOyWdY1fVP+wYBH/T24vuBgdABHsh7bnd3f0Fwg4Bh1C7JqIWVzlk+/w1AGIjto2wWB1kEsNB75E
; urByEUhE5HNMRFX58rQCAgdDqiRu2AXKsRRGAg4DJJ545Uo8iFjgTEHrVzspys6ZxQtSoFCD1qjx6K
; AFLYIc9nhQgNxEsRuNWqdCBuNQ216nWhpQKx04EiYF1o6UBsiwCIQWKQGCQGcRf5LWloWtMqsoGQH+
; 2qamurhVg1nEqtlAyjJgPI/1SqhHgE6azr+ntUIEuZTC2XSIwiUZpU1XLYIOOqWkFBCNLxM2p+IISm
; 4CbWImBdaBSm/iSTU17T8Qrxr6ND/F8JXgSjNtvZecMLAinobW3R/wffqAh+ghhTlDKSST/VdCi1Kl
; r1iiDyhfYrZxHQEH+TyXnUTKLPa1znJFkE5zXuc9Jv0gcfZY+aKvI2HwAAAABJRU5ErkJggg==
; thumbnail end
; THUMBNAIL_BLOCK_END

; external perimeters extrusion width = 3.20mm
; perimeters extrusion width = 3.20mm
; infill extrusion width = 3.20mm
; solid infill extrusion width = 3.20mm
; top infill extrusion width = 3.20mm
; first layer extrusion width = 3.20mm

; EXECUTABLE_BLOCK_START
EXCLUDE_OBJECT_DEFINE NAME=Cube_id_0_copy_0 CENTER=500,500 POLYGON=[[289.938,289.938],[710.062,289.938],[710.062,710.062],[289.938,710.062],[289.938,289.938]]
M73 P0 R699
;TYPE:Custom
START_PRINT BED_TEMPERATURE=80 KAMP_LEVELING=1 EXTRUDER_ROTATION_VOLUME=640 MIXING_STEPPER_ROTATION_VOLUME=8000 PURGE_LAYER_HEIGHT=2 PURGE_PARKING_SPEED=10000 PURGE_LENGHT=500 PURGE_SPEED=400 PURGE_MATERIAL_QUANTITY=15000 EXTRUDER_TEMPERATURE=220 EXTRUDER_TEMPERATURE_INITIAL_LAYER=220 PRESSURE_ADVANCE=0.2 PRESSURE_ADVANCE_SMOOTH_TIME=0.5 ZONE_1_TEMPERATURE=215 ZONE_2_TEMPERATURE=235 ZONE_3_TEMPERATURE=235
G90
G21
M83 ; use relative distances for extrusion
SET_PRESSURE_ADVANCE EXTRUDER=extruder SMOOTH_TIME=0.4
SET_PRESSURE_ADVANCE ADVANCE=0.25; Override pressure advance value
SET_EXTRUDER_ROTATION_DISTANCE EXTRUDER=extruder DISTANCE=640
SET_EXTRUDER_ROTATION_DISTANCE EXTRUDER=mixing_stepper DISTANCE=8000
M106 S0
;LAYER_CHANGE
;Z:1
;HEIGHT:1
;BEFORE_LAYER_CHANGE
;1
G92 E0

;AFTER_LAYER_CHANGE
;1
;_SET_FAN_SPEED_CHANGING_LAYER
SET_VELOCITY_LIMIT ACCEL=300
SET_VELOCITY_LIMIT SQUARE_CORNER_VELOCITY=1
G1 E-10 F9000
G1 Z2 F15000
G1 X269.039 Y269.281
G1 Z1
G1 E17 F9000
;TYPE:Skirt
;WIDTH:3.2
G1 F3000
G1 X270.239 Y268.113 E4.99799
G1 X272.999 Y265.908 E10.54727
G1 X275.583 Y264.28 E9.11757
G1 X278.765 Y262.744 E10.5473
G1 X280.826 Y261.986 E6.55694
G1 X283.775 Y261.191 E9.11755
G1 X287.268 Y260.659 E10.54731
G1 X289.499 Y260.541 E6.6722
G1 X710.491 Y260.541 E1256.8266
G1 X714.014 Y260.805 E10.54724
M73 P0 R698
G1 X716.178 Y261.181 E6.55694
G1 X719.128 Y261.971 E9.11755
G1 X721.191 Y262.726 E6.55691
G1 X724.375 Y264.257 E10.54724
G1 X726.252 Y265.397 E6.55688
G1 X728.039 Y266.674 E6.55701
G1 X730.355 Y268.665 E9.11755
G1 X731.887 Y270.239 E6.55692
G1 X734.092 Y272.999 E10.54724
G1 X735.72 Y275.583 E9.11755
G1 X736.72 Y277.539 E6.55691
G1 X737.571 Y279.563 E6.55688
G1 X738.617 Y282.938 E10.54728
G1 X739.189 Y285.938 E9.11755
G1 X739.406 Y288.133 E6.58487
G1 X739.467 Y289.938 E5.39185
G1 X739.467 Y710.062 E1254.23547
G1 X739.345 Y712.685 E7.83809
G1 X738.819 Y716.178 E10.54736
G1 X738.029 Y719.128 E9.11768
G1 X737.274 Y721.191 E6.55691
G1 X735.743 Y724.375 E10.54736
G1 X734.603 Y726.252 E6.55688
G1 X733.326 Y728.039 E6.55688
G1 X731.335 Y730.355 E9.11743
G1 X729.761 Y731.887 E6.55692
G1 X727.001 Y734.092 E10.54736
G1 X724.417 Y735.72 E9.11768
G1 X721.235 Y737.256 E10.5473
G1 X719.174 Y738.014 E6.55688
G1 X716.225 Y738.809 E9.11755
G1 X712.732 Y739.341 E10.54736
G1 X710.062 Y739.467 E7.98145
G1 X289.938 Y739.467 E1254.2356
G1 X287.315 Y739.345 E7.83809
G1 X283.822 Y738.819 E10.54736
G1 X280.872 Y738.029 E9.11768
G1 X278.809 Y737.274 E6.55691
G1 X275.625 Y735.743 E10.54736
G1 X273.748 Y734.603 E6.55713
G1 X271.961 Y733.326 E6.55713
G1 X269.645 Y731.335 E9.11768
G1 X268.113 Y729.761 E6.55692
G1 X265.908 Y727.001 E10.54736
G1 X264.28 Y724.417 E9.11768
G1 X262.744 Y721.235 E10.5473
G1 X261.986 Y719.174 E6.55713
G1 X261.191 Y716.225 E9.11768
G1 X260.659 Y712.732 E10.54731
G1 X260.533 Y710.062 E7.98145
G1 X260.533 Y289.938 E1254.23535
G1 X260.655 Y287.315 E7.83809
G1 X261.181 Y283.822 E10.54736
G1 X261.971 Y280.872 E9.11768
G1 X262.726 Y278.809 E6.55691
G1 X264.257 Y275.625 E10.54736
G1 X265.397 Y273.748 E6.55713
G1 X266.674 Y271.961 E6.55713
G1 X268.665 Y269.645 E9.11754
G1 X268.824 Y269.49 E.66331
; printing object Cube id:0 copy 0
;WIPE_START
G1 X270.239 Y268.113 E-2.82021
G1 X272.999 Y265.908 E-5.04708
G1 X274.262 Y265.112 E-2.13271
;WIPE_END
EXCLUDE_OBJECT_START NAME=Cube_id_0_copy_0
G1 Z2 F15000
G1 X278.011 Y278.662 Z2
G1 Z1
G1 E17 F9000
;TYPE:Brim
G1 F2400
G1 X278.76 Y277.912 E3.16504
G1 X279.689 Y277.111 E3.66174
G1 X280.675 Y276.382 E3.66162
G1 X281.713 Y275.728 E3.66177
G1 X282.797 Y275.154 E3.66162
G1 X283.921 Y274.662 E3.6617
G1 X285.078 Y274.255 E3.66162
G1 X286.262 Y273.936 E3.66162
G1 X287.467 Y273.706 E3.66173
G1 X288.685 Y273.567 E3.66016
G1 X289.967 Y273.518 E3.8287
G1 X710.034 Y273.518 E1254.06738
G1 X711.288 Y273.565 E3.745
G1 X712.507 Y273.702 E3.66162
G1 X713.712 Y273.93 E3.66162
G1 X714.897 Y274.247 E3.66173
G1 X716.054 Y274.652 E3.66162
G1 X717.179 Y275.142 E3.66174
G1 X718.264 Y275.715 E3.66162
G1 X719.302 Y276.367 E3.66162
G1 X720.29 Y277.094 E3.66162
G1 X721.22 Y277.894 E3.66176
G1 X722.088 Y278.76 E3.66162
G1 X722.889 Y279.689 E3.66174
G1 X723.618 Y280.675 E3.66162
G1 X724.272 Y281.713 E3.66177
G1 X724.846 Y282.797 E3.66162
G1 X725.338 Y283.921 E3.6617
G1 X725.745 Y285.078 E3.66162
G1 X726.064 Y286.262 E3.66162
G1 X726.294 Y287.467 E3.66173
G1 X726.433 Y288.685 E3.66016
G1 X726.482 Y289.967 E3.8287
G1 X726.482 Y710.034 E1254.06689
G1 X726.435 Y711.288 E3.745
M73 P0 R697
G1 X726.298 Y712.507 E3.66211
G1 X726.07 Y713.712 E3.66211
G1 X725.753 Y714.897 E3.66173
G1 X725.348 Y716.054 E3.66211
G1 X724.858 Y717.179 E3.66174
G1 X724.285 Y718.264 E3.66211
G1 X723.633 Y719.302 E3.66211
G1 X722.906 Y720.29 E3.66211
G1 X722.106 Y721.22 E3.66176
G1 X721.24 Y722.088 E3.66211
G1 X720.311 Y722.889 E3.66174
G1 X719.325 Y723.618 E3.66211
G1 X718.287 Y724.272 E3.66177
G1 X717.203 Y724.846 E3.66211
G1 X716.079 Y725.338 E3.6617
G1 X714.922 Y725.745 E3.66211
G1 X713.738 Y726.064 E3.66211
G1 X712.533 Y726.294 E3.66173
G1 X711.315 Y726.433 E3.66016
G1 X710.033 Y726.482 E3.8287
G1 X289.966 Y726.482 E1254.06738
G1 X288.712 Y726.435 E3.745
G1 X287.493 Y726.298 E3.66211
G1 X286.288 Y726.07 E3.66211
G1 X285.103 Y725.753 E3.66173
G1 X283.946 Y725.348 E3.66211
G1 X282.821 Y724.858 E3.66174
G1 X281.736 Y724.285 E3.66211
G1 X280.698 Y723.633 E3.66211
G1 X279.71 Y722.906 E3.66211
G1 X278.78 Y722.106 E3.66176
G1 X277.912 Y721.24 E3.66211
G1 X277.111 Y720.311 E3.66174
G1 X276.382 Y719.325 E3.66211
G1 X275.728 Y718.287 E3.66177
G1 X275.154 Y717.203 E3.66211
G1 X274.662 Y716.079 E3.6617
G1 X274.255 Y714.922 E3.66211
G1 X273.936 Y713.738 E3.66211
G1 X273.706 Y712.533 E3.66173
G1 X273.567 Y711.315 E3.66016
G1 X273.518 Y710.033 E3.8287
G1 X273.518 Y289.966 E1254.06738
G1 X273.565 Y288.712 E3.745
G1 X273.702 Y287.493 E3.66211
G1 X273.93 Y286.288 E3.66211
G1 X274.247 Y285.103 E3.66173
G1 X274.652 Y283.946 E3.66211
G1 X275.142 Y282.821 E3.66174
G1 X275.715 Y281.736 E3.66211
G1 X276.367 Y280.698 E3.66211
G1 X277.094 Y279.71 E3.66171
G1 X277.807 Y278.881 E3.2628
;WIPE_START
G1 X278.76 Y277.912 E-1.94264
G1 X279.689 Y277.111 E-1.75222
G1 X280.675 Y276.382 E-1.75219
G1 X281.713 Y275.728 E-1.75223
G1 X282.797 Y275.154 E-1.75222
G1 X283.469 Y274.859 E-1.0485
;WIPE_END
G1 Z2 F15000
G1 X280.073 Y280.829 Z2
G1 Z1
G1 E17 F9000
G1 F2400
G1 X280.109 Y280.786 E.16549
G1 F2340
G1 X280.346 Y280.55 Z1 E.99805
G1 F2400
G1 X280.582 Y280.314 Z1 E.99902
G1 X280.819 Y280.078 Z1 E.99805
G1 X281.529 Y279.467 E2.79557
G1 X282.389 Y278.831 E3.19434
G1 X283.239 Y278.298 E2.99512
G1 X284.127 Y277.83 E2.99522
G1 X284.985 Y277.455 E2.7959
G1 X285.994 Y277.1 E3.19434
G1 X286.964 Y276.842 E2.99519
G1 X287.884 Y276.666 E2.7959
G1 X288.945 Y276.545 E3.19043
G1 X290.041 Y276.504 E3.27173
G1 X709.995 Y276.504 E1253.72949
G1 X711.098 Y276.548 E3.29492
G1 X712.095 Y276.663 E2.99519
G1 X713.08 Y276.852 E2.99512
G1 X713.985 Y277.094 E2.7956
G1 X714.995 Y277.447 E3.19434
G1 X715.913 Y277.85 E2.99512
G1 X716.742 Y278.287 E2.79555
G1 X717.648 Y278.856 E3.19434
G1 X718.402 Y279.411 E2.7959
G1 X719.164 Y280.063 E2.99512
G1 X719.876 Y280.77 E2.99512
G1 X720.575 Y281.581 E3.19478
G1 X721.169 Y282.389 E2.99512
G1 X721.669 Y283.181 E2.7959
G1 X722.141 Y284.067 E2.99523
G1 X722.57 Y285.047 E3.19434
G1 X722.88 Y285.931 E2.7956
G1 X723.143 Y286.899 E2.99512
G1 X723.334 Y287.884 E2.99517
G1 X723.45 Y288.878 E2.98828
G1 X723.496 Y290.006 E3.37109
G1 X723.496 Y709.962 E1253.73149
G1 X723.457 Y711.031 E3.19531
G1 X723.337 Y712.095 E3.19477
G1 X723.148 Y713.08 E2.99512
G1 X722.906 Y713.985 E2.7956
G1 X722.578 Y714.932 E2.99512
G1 X722.15 Y715.913 E3.19434
G1 X721.68 Y716.8 E2.99516
G1 X721.182 Y717.593 E2.7959
G1 X720.589 Y718.402 E2.99512
G1 X719.891 Y719.214 E3.19485
G1 X719.181 Y719.922 E2.99512
G1 X718.471 Y720.533 E2.79557
G1 X717.611 Y721.169 E3.19434
G1 X716.761 Y721.702 E2.99512
G1 X715.873 Y722.17 E2.99522
G1 X715.015 Y722.545 E2.7959
G1 X714.006 Y722.9 E3.19434
G1 X713.036 Y723.158 E2.99519
G1 X712.116 Y723.334 E2.7959
G1 X711.055 Y723.455 E3.19043
G1 X709.959 Y723.496 E3.27173
G1 X290.038 Y723.496 E1253.62891
G1 X288.969 Y723.457 E3.19531
M73 P0 R696
G1 X287.905 Y723.337 E3.19477
G1 X286.92 Y723.148 E2.99512
G1 X286.015 Y722.906 E2.7956
G1 X285.068 Y722.578 E2.99512
G1 X284.087 Y722.15 E3.19434
G1 X283.2 Y721.68 E2.99516
G1 X282.407 Y721.182 E2.7959
G1 X281.598 Y720.589 E2.99512
G1 X280.786 Y719.891 E3.19485
G1 X280.078 Y719.181 E2.99512
G1 X279.467 Y718.471 E2.79557
G1 X278.831 Y717.611 E3.19434
G1 X278.298 Y716.761 E2.99512
G1 X277.83 Y715.873 E2.99522
G1 X277.455 Y715.015 E2.7959
G1 X277.1 Y714.006 E3.19434
G1 X276.842 Y713.036 E2.99519
G1 X276.666 Y712.116 E2.7959
G1 X276.545 Y711.055 E3.19043
G1 X276.504 Y709.959 E3.27173
G1 X276.504 Y290.038 E1253.62891
G1 X276.543 Y288.969 E3.19531
G1 X276.663 Y287.905 E3.19477
G1 X276.852 Y286.92 E2.99512
G1 X277.094 Y286.015 E2.7956
G1 X277.422 Y285.068 E2.99512
G1 X277.85 Y284.087 E3.19434
G1 X278.32 Y283.2 E2.99516
G1 X278.818 Y282.407 E2.7959
G1 X279.411 Y281.598 E2.99512
G1 X279.877 Y281.056 E2.13374
;WIPE_START
G1 X280.109 Y280.786 E-.50776
G1 X280.819 Y280.078 E-1.43326
G1 X281.529 Y279.467 E-1.33774
G1 X282.389 Y278.831 E-1.52874
G1 X283.239 Y278.298 E-1.43327
G1 X284.127 Y277.83 E-1.43327
G1 X284.985 Y277.455 E-1.33771
G1 X285.637 Y277.226 E-.98824
;WIPE_END
G1 Z2 F15000
G1 X282.137 Y283.01 Z2
G1 Z1
G1 E17 F9000
G1 F2400
G1 X282.322 Y282.795 E.84863
G1 X282.828 Y282.292 E2.12899
G1 X283.368 Y281.823 E2.13672
G1 X284.044 Y281.32 E2.5137
G1 X284.759 Y280.872 E2.52051
G1 X285.394 Y280.537 E2.14355
G1 X286.049 Y280.248 E2.13672
G1 X286.909 Y279.946 E2.72006
G1 X287.598 Y279.762 E2.12891
G1 X288.3 Y279.626 E2.13672
G1 X289.205 Y279.523 E2.71875
G1 X290.114 Y279.489 E2.7135
G1 X709.918 Y279.49 E1253.28223
G1 X710.834 Y279.525 E2.73714
G1 X711.675 Y279.622 E2.52734
G1 X712.38 Y279.757 E2.14258
G1 X713.073 Y279.94 E2.13683
G1 X713.503 Y280.091 Z1 E1.36133
G1 X713.933 Y280.241 Z1 E1.35938
G1 X714.586 Y280.527 E2.12891
G1 X715.22 Y280.859 E2.13685
G1 X715.938 Y281.307 E2.52734
G1 X716.568 Y281.772 E2.33639
G1 X717.114 Y282.238 E2.14258
G1 X717.666 Y282.783 E2.31428
G1 X718.259 Y283.471 E2.71289
G1 X718.682 Y284.045 E2.12891
G1 X719.068 Y284.654 E2.15131
G1 X719.466 Y285.401 E2.52734
G1 X719.801 Y286.174 E2.51371
G1 X720.036 Y286.85 E2.13672
G1 X720.225 Y287.542 E2.14258
G1 X720.375 Y288.308 E2.32863
G1 X720.473 Y289.146 E2.51758
G1 X720.51 Y290.085 E2.80664
G1 X720.511 Y709.89 E1253.2832
G1 X720.474 Y710.843 E2.84536
G1 X720.377 Y711.68 E2.51758
G1 X720.31 Y712.03 Z1 E1.06445
G1 X720.243 Y712.38 Z1 E1.06445
G1 X720.059 Y713.077 E2.15128
G1 X719.806 Y713.813 E2.32227
G1 X719.443 Y714.646 E2.71289
G1 X719.109 Y715.276 E2.12891
G1 X718.728 Y715.887 E2.15039
G1 X718.227 Y716.57 E2.52818
G1 X717.678 Y717.205 E2.50586
G1 X717.172 Y717.708 E2.12899
G1 X716.632 Y718.177 E2.13672
G1 X715.956 Y718.68 E2.5137
G1 X715.241 Y719.128 E2.51953
G1 X714.606 Y719.463 E2.14453
G1 X713.951 Y719.752 E2.13674
G1 X713.091 Y720.054 E2.7207
G1 X712.402 Y720.238 E2.12891
G1 X711.7 Y720.374 E2.13672
G1 X710.795 Y720.477 E2.71875
G1 X709.886 Y720.511 E2.7135
G1 X290.11 Y720.511 E1253.19922
G1 X289.157 Y720.474 E2.84536
G1 X288.32 Y720.377 E2.51758
G1 X287.62 Y720.243 E2.12891
G1 X286.923 Y720.059 E2.15128
G1 X286.187 Y719.806 E2.32227
G1 X285.354 Y719.443 E2.71289
G1 X284.724 Y719.109 E2.12891
G1 X284.113 Y718.728 E2.15039
G1 X283.43 Y718.227 E2.52818
G1 X282.795 Y717.678 E2.50586
G1 X282.292 Y717.172 E2.12899
G1 X281.823 Y716.632 E2.13672
G1 X281.32 Y715.956 E2.5137
G1 X280.872 Y715.241 E2.51953
G1 X280.537 Y714.606 E2.14453
G1 X280.248 Y713.951 E2.13674
G1 X279.946 Y713.091 E2.7207
G1 X279.762 Y712.402 E2.12891
G1 X279.626 Y711.7 E2.13672
G1 X279.523 Y710.795 E2.71875
G1 X279.489 Y709.886 E2.7135
G1 X279.489 Y290.11 E1253.19922
G1 X279.526 Y289.157 E2.84536
M73 P0 R695
G1 X279.623 Y288.32 E2.51758
G1 X279.69 Y287.97 Z1 E1.06445
G1 X279.757 Y287.62 Z1 E1.06445
G1 X279.941 Y286.923 E2.15128
G1 X280.194 Y286.187 E2.32227
G1 X280.557 Y285.354 E2.71289
G1 X280.891 Y284.724 E2.12891
G1 X281.272 Y284.113 E2.15039
G1 X281.773 Y283.43 E2.52818
G1 X281.94 Y283.237 E.76226
;WIPE_START
G1 X282.322 Y282.795 E-.83445
G1 X282.828 Y282.292 E-1.01877
G1 X283.368 Y281.823 E-1.02253
G1 X284.044 Y281.32 E-1.20286
G1 X284.759 Y280.872 E-1.20608
G1 X285.394 Y280.537 E-1.02574
G1 X286.049 Y280.248 E-1.02247
G1 X286.909 Y279.946 E-1.3016
G1 X287.598 Y279.762 E-1.01878
G1 X287.836 Y279.716 E-.34672
;WIPE_END
G1 Z2 F15000
G1 X284.202 Y285.192 Z2
G1 Z1
G1 E17 F9000
G1 F2400
G1 X284.568 Y284.768 E1.67103
G1 X284.944 Y284.406 E1.55859
G1 X285.318 Y284.111 Z1 E1.42188
G1 X285.691 Y283.816 Z1 E1.42188
G1 X286.065 Y283.568 E1.33833
G1 X286.528 Y283.312 E1.57813
G1 X287.055 Y283.07 E1.73047
G1 X287.849 Y282.782 E2.52148
G1 X288.27 Y282.671 E1.30078
G1 X289.068 Y282.539 E2.41278
G1 X290 Y282.475 E2.78906
G1 X709.998 Y282.475 E1253.86106
G1 X710.348 Y282.502 Z1 E1.04883
G1 X710.698 Y282.529 Z1 E1.04688
G1 X711.048 Y282.556 Z1 E1.04883
G1 X711.442 Y282.616 E1.18802
G1 X711.888 Y282.711 E1.36328
G1 X712.395 Y282.86 E1.57813
G1 X712.937 Y283.067 E1.73118
G1 X713.702 Y283.432 E2.53125
G1 X714.066 Y283.647 E1.26145
G1 X714.666 Y284.079 E2.20898
G1 X715.232 Y284.568 E2.23133
G1 X715.413 Y284.756 Z1 E.7793
G1 X715.594 Y284.944 Z1 E.7793
G1 X715.889 Y285.318 Z1 E1.42188
G1 X716.184 Y285.691 Z1 E1.42188
G1 X716.432 Y286.065 E1.33833
G1 X716.688 Y286.528 E1.57813
G1 X716.93 Y287.055 E1.73047
G1 X717.218 Y287.849 E2.52148
G1 X717.329 Y288.27 E1.30078
G1 X717.461 Y289.068 E2.41278
G1 X717.525 Y290 E2.78906
G1 X717.525 Y709.998 E1253.86106
G1 X717.498 Y710.348 Z1 E1.04883
G1 X717.471 Y710.698 Z1 E1.04688
G1 X717.444 Y711.048 Z1 E1.04883
G1 X717.384 Y711.442 E1.18802
G1 X717.289 Y711.888 E1.36328
G1 X717.14 Y712.395 E1.57813
G1 X716.933 Y712.937 E1.73118
G1 X716.568 Y713.702 E2.53125
G1 X716.353 Y714.066 E1.26145
G1 X715.921 Y714.666 E2.20898
G1 X715.432 Y715.232 E2.23133
G1 X715.244 Y715.413 Z1 E.7793
G1 X715.056 Y715.594 Z1 E.7793
G1 X714.682 Y715.889 Z1 E1.42188
G1 X714.309 Y716.184 Z1 E1.42188
G1 X713.935 Y716.432 E1.33833
G1 X713.472 Y716.688 E1.57813
G1 X712.945 Y716.93 E1.73047
G1 X712.151 Y717.218 E2.52148
G1 X711.73 Y717.329 E1.30078
G1 X710.932 Y717.461 E2.41278
G1 X710 Y717.525 E2.78906
G1 X290.002 Y717.525 E1253.86106
G1 X289.652 Y717.498 Z1 E1.04883
G1 X289.302 Y717.471 Z1 E1.04688
G1 X288.952 Y717.444 Z1 E1.04883
G1 X288.558 Y717.384 E1.18802
G1 X288.112 Y717.289 E1.36328
G1 X287.859 Y717.214 Z1 E.78906
G1 X287.605 Y717.14 Z1 E.78906
G1 X287.063 Y716.933 E1.73118
G1 X286.298 Y716.568 E2.53125
G1 X285.934 Y716.353 E1.26145
G1 X285.334 Y715.921 E2.20898
G1 X284.768 Y715.432 E2.23133
G1 X284.587 Y715.244 Z1 E.7793
G1 X284.406 Y715.056 Z1 E.7793
G1 X284.111 Y714.682 Z1 E1.42188
G1 X283.816 Y714.309 Z1 E1.42188
G1 X283.568 Y713.935 E1.33833
G1 X283.312 Y713.472 E1.57813
G1 X283.07 Y712.945 E1.73047
G1 X282.782 Y712.151 E2.52148
G1 X282.671 Y711.73 E1.30078
G1 X282.539 Y710.932 E2.41278
G1 X282.475 Y710 E2.78906
G1 X282.475 Y290.002 E1253.86106
G1 X282.502 Y289.652 Z1 E1.04883
G1 X282.529 Y289.302 Z1 E1.04688
G1 X282.556 Y288.952 Z1 E1.04883
G1 X282.616 Y288.558 E1.18802
G1 X282.711 Y288.112 E1.36328
G1 X282.86 Y287.605 E1.57813
G1 X283.067 Y287.063 E1.73118
G1 X283.432 Y286.298 E2.53125
G1 X283.647 Y285.934 E1.26145
G1 X284.014 Y285.425 E1.87351
;WIPE_START
G1 X284.568 Y284.768 E-1.22764
G1 X284.944 Y284.406 E-.74589
G1 X285.691 Y283.816 E-1.36037
G1 X286.065 Y283.568 E-.64042
G1 X286.528 Y283.312 E-.75555
G1 X287.055 Y283.07 E-.8285
G1 X287.849 Y282.782 E-1.20684
G1 X288.27 Y282.671 E-.62271
G1 X289.068 Y282.539 E-1.15456
G1 X290 Y282.475 E-1.3345
G1 X290.086 Y282.475 E-.12303
;WIPE_END
G1 Z2 F15000
G1 X286.392 Y287.224 Z2
G1 Z1
G1 E17 F9000
G1 F2400
G1 X286.471 Y287.119 E.39056
G1 X286.643 Y286.926 Z1 E.77344
G1 X286.815 Y286.733 Z1 E.77148
G1 X287.318 Y286.319 E1.94369
G1 X287.74 Y286.04 E1.51172
G1 X288.332 Y285.769 E1.94336
G1 X288.821 Y285.604 E1.53913
G1 X289.145 Y285.541 E.98633
G1 X289.497 Y285.493 E1.06055
G1 X289.969 Y285.46 E1.41176
G1 X710.033 Y285.46 E1254.05664
G1 X710.794 Y285.53 E2.2821
M73 P0 R694
G1 X711.3 Y285.638 E1.54492
G1 X711.909 Y285.87 E1.94368
G1 X712.37 Y286.103 E1.54492
G1 X712.62 Y286.273 E.90103
G1 X712.881 Y286.471 E.97852
G1 X713.267 Y286.815 E1.54492
G1 X713.681 Y287.318 E1.94369
G1 X713.96 Y287.74 E1.51172
G1 X714.231 Y288.332 E1.94336
G1 X714.396 Y288.821 E1.53913
G1 X714.459 Y289.145 E.98633
G1 X714.507 Y289.497 E1.06055
G1 X714.54 Y289.969 E1.41176
G1 X714.54 Y710.033 E1254.05664
G1 X714.47 Y710.794 E2.2821
G1 X714.362 Y711.3 E1.54492
G1 X714.13 Y711.909 E1.94368
G1 X713.897 Y712.37 E1.54492
G1 X713.727 Y712.62 E.90103
G1 X713.529 Y712.881 E.97852
G1 X713.185 Y713.267 E1.54492
G1 X712.682 Y713.681 E1.94369
G1 X712.26 Y713.96 E1.51172
G1 X711.668 Y714.231 E1.94336
G1 X711.179 Y714.396 E1.53913
G1 X710.855 Y714.459 E.98633
G1 X710.503 Y714.507 E1.06055
G1 X710.031 Y714.54 E1.41176
G1 X289.967 Y714.54 E1254.05664
G1 X289.206 Y714.47 E2.2821
G1 X288.7 Y714.362 E1.54492
G1 X288.091 Y714.13 E1.94368
G1 X287.63 Y713.897 E1.54492
G1 X287.38 Y713.727 E.90103
G1 X287.119 Y713.529 E.97852
G1 X286.733 Y713.185 E1.54492
G1 X286.319 Y712.682 E1.94369
G1 X286.04 Y712.26 E1.51172
G1 X285.769 Y711.668 E1.94336
G1 X285.604 Y711.179 E1.53913
G1 X285.541 Y710.855 E.98633
G1 X285.493 Y710.503 E1.06055
G1 X285.46 Y710.031 E1.41176
G1 X285.46 Y289.967 E1254.05664
G1 X285.53 Y289.206 E2.2821
G1 X285.638 Y288.7 E1.54492
G1 X285.87 Y288.091 E1.94368
G1 X285.987 Y287.861 Z1 E.77148
G1 X286.103 Y287.63 Z1 E.77344
G1 X286.215 Y287.466 E.59265
;WIPE_START
G1 X286.471 Y287.119 E-.61533
G1 X286.815 Y286.733 E-.739
G1 X287.318 Y286.319 E-.93009
G1 X287.74 Y286.04 E-.72329
G1 X288.332 Y285.769 E-.93012
G1 X288.821 Y285.604 E-.7365
G1 X289.145 Y285.541 E-.4721
G1 X289.497 Y285.493 E-.50787
G1 X289.969 Y285.46 E-.67556
G1 X292.538 Y285.46 E-3.67015
;WIPE_END
G1 Z2 F15000
G1 X288.641 Y289.199 Z2
G1 Z1
G1 E17 F9000
G1 F2400
G1 X288.874 Y288.891 E1.151
G1 X289.177 Y288.654 E1.15039
G1 X289.532 Y288.502 E1.151
G1 X289.938 Y288.445 E1.22461
G1 X710.062 Y288.445 E1254.23543
G1 X710.444 Y288.495 E1.15234
G1 X710.801 Y288.641 E1.15234
G1 X711.109 Y288.874 E1.151
G1 X711.346 Y289.177 E1.15234
G1 X711.498 Y289.532 E1.151
G1 X711.555 Y289.938 E1.22656
G1 X711.555 Y710.062 E1254.23543
G1 X711.505 Y710.444 E1.15234
G1 X711.359 Y710.801 E1.15234
G1 X711.126 Y711.109 E1.151
G1 X710.823 Y711.346 E1.15234
G1 X710.468 Y711.498 E1.151
G1 X710.062 Y711.555 E1.22656
G1 X289.938 Y711.555 E1254.23543
G1 X289.556 Y711.505 E1.15234
M73 P0 R693
G1 X289.199 Y711.359 E1.15234
G1 X288.891 Y711.126 E1.151
G1 X288.654 Y710.823 E1.15234
G1 X288.502 Y710.468 E1.151
G1 X288.445 Y710.062 E1.22656
G1 X288.445 Y289.938 E1254.23543
G1 X288.495 Y289.556 E1.15234
G1 X288.528 Y289.477 E.25539
;WIPE_START
G1 F600
G1 X288.874 Y288.891 E-.97128
G1 X289.177 Y288.654 E-.55078
G1 X289.532 Y288.502 E-.55078
G1 X289.938 Y288.445 E-.58614
G1 X295.077 Y288.445 E-7.34103
;WIPE_END
G1 Z2 F15000
G1 X291.538 Y291.538 Z2
G1 Z1
G1 E17 F9000
;TYPE:Outer wall
;WIDTH:3.2
G1 F2400
G1 X708.462 Y291.538 E1244.68207
G1 X708.462 Y708.462 E1244.68207
G1 X291.538 Y708.462 E1244.68207
G1 X291.538 Y291.838 E1243.78645
;WIPE_START
G1 F600
M73 P0 R692
G1 X298.538 Y291.833 E-10
;WIPE_END
G1 Z2 F15000
G1 X701.072 Y292.881 Z2
G1 Z1
G1 E17 F9000
;TYPE:Bottom surface
;WIDTH:3.20563
G1 F2400
G1 X705.775 Y297.585 E19.89363
G1 X705.775 Y301.814 E12.65234
G1 X698.186 Y294.225 E32.10348
G1 X693.956 Y294.225 E12.65234
G1 X705.775 Y306.044 E49.99609
G1 X705.775 Y310.274 E12.65234
G1 X689.726 Y294.225 E67.88847
G1 X685.496 Y294.225 E12.65234
G1 X705.775 Y314.504 E85.78125
G1 X705.775 Y318.734 E12.65234
G1 X681.266 Y294.225 E103.67346
G1 X677.036 Y294.225 E12.65234
G1 X705.775 Y322.964 E121.56595
G1 X705.775 Y327.194 E12.65234
G1 X672.806 Y294.225 E139.45845
G1 X668.576 Y294.225 E12.65234
G1 X705.775 Y331.424 E157.35094
G1 X705.775 Y335.654 E12.65234
G1 X664.346 Y294.225 E175.24344
G1 X660.116 Y294.225 E12.65234
G1 X705.775 Y339.884 E193.13593
G1 X705.775 Y344.114 E12.65234
G1 X655.886 Y294.225 E211.02843
G1 X651.656 Y294.225 E12.65234
G1 X705.775 Y348.344 E228.92092
G1 X705.775 Y352.574 E12.65234
G1 X647.426 Y294.225 E246.81342
G1 X643.196 Y294.225 E12.65234
G1 X705.775 Y356.804 E264.70591
G1 X705.775 Y361.034 E12.65234
G1 X638.966 Y294.225 E282.59841
G1 X634.736 Y294.225 E12.65234
G1 X705.775 Y365.264 E300.4909
G1 X705.775 Y369.494 E12.65234
G1 X630.506 Y294.225 E318.3834
G1 X626.276 Y294.225 E12.65234
G1 X705.775 Y373.724 E336.27589
G1 X705.775 Y377.954 E12.65234
G1 X622.046 Y294.225 E354.16838
G1 X617.816 Y294.225 E12.65234
G1 X705.775 Y382.184 E372.06088
G1 X705.775 Y386.414 E12.65234
G1 X613.586 Y294.225 E389.95338
G1 X609.356 Y294.225 E12.65234
G1 X705.775 Y390.644 E407.84587
G1 X705.775 Y394.873 E12.65234
M73 P1 R692
G1 X605.127 Y294.225 E425.73836
G1 X600.897 Y294.225 E12.65234
G1 X705.775 Y399.103 E443.63086
G1 X705.775 Y403.333 E12.65234
M73 P1 R691
G1 X596.667 Y294.225 E461.52335
G1 X592.437 Y294.225 E12.65234
G1 X705.775 Y407.563 E479.41585
G1 X705.775 Y411.793 E12.65234
G1 X588.207 Y294.225 E497.30834
G1 X583.977 Y294.225 E12.65234
G1 X705.775 Y416.023 E515.20083
G1 X705.775 Y420.253 E12.65234
G1 X579.747 Y294.225 E533.09333
G1 X575.517 Y294.225 E12.65234
G1 X705.775 Y424.483 E550.98582
G1 X705.775 Y428.713 E12.65234
G1 X571.287 Y294.225 E568.87832
G1 X567.057 Y294.225 E12.65234
G1 X705.775 Y432.943 E586.77081
G1 X705.775 Y437.173 E12.65234
G1 X562.827 Y294.225 E604.6633
G1 X558.597 Y294.225 E12.65234
G1 X705.775 Y441.403 E622.5558
G1 X705.775 Y445.633 E12.65234
G1 X554.367 Y294.225 E640.44829
G1 X550.137 Y294.225 E12.65234
G1 X705.775 Y449.863 E658.34079
G1 X705.775 Y454.093 E12.65234
M73 P1 R690
G1 X545.907 Y294.225 E676.23328
G1 X541.677 Y294.225 E12.65234
G1 X705.775 Y458.323 E694.12578
G1 X705.775 Y462.553 E12.65234
G1 X537.447 Y294.225 E712.01827
G1 X533.217 Y294.225 E12.65234
G1 X705.775 Y466.783 E729.91077
G1 X705.775 Y471.013 E12.65234
G1 X528.987 Y294.225 E747.80326
G1 X524.757 Y294.225 E12.65234
G1 X705.775 Y475.243 E765.69575
G1 X705.775 Y479.473 E12.65234
G1 X520.527 Y294.225 E783.58825
G1 X516.297 Y294.225 E12.65234
G1 X705.775 Y483.703 E801.48074
G1 X705.775 Y487.932 E12.65234
G1 X512.068 Y294.225 E819.37324
G1 X507.838 Y294.225 E12.65234
M73 P1 R689
G1 X705.775 Y492.162 E837.26573
G1 X705.775 Y496.392 E12.65234
G1 X503.608 Y294.225 E855.15823
G1 X499.378 Y294.225 E12.65234
G1 X705.775 Y500.622 E873.05072
G1 X705.775 Y504.852 E12.65234
G1 X495.148 Y294.225 E890.94322
G1 X490.918 Y294.225 E12.65234
G1 X705.775 Y509.082 E908.83203
G1 X705.775 Y513.312 E12.6519
G1 X486.688 Y294.225 E926.72656
G1 X482.458 Y294.225 E12.6519
G1 X705.775 Y517.542 E944.61719
G1 X705.775 Y521.772 E12.6519
G1 X478.228 Y294.225 E962.51563
G1 X473.998 Y294.225 E12.6519
M73 P1 R688
G1 X705.775 Y526.002 E980.40625
G1 X705.775 Y530.232 E12.6519
G1 X469.768 Y294.225 E998.29688
G1 X465.538 Y294.225 E12.65191
G1 X705.775 Y534.462 E1016.1875
G1 X705.775 Y538.692 E12.6519
G1 X461.308 Y294.225 E1034.08594
G1 X457.078 Y294.225 E12.6519
G1 X705.775 Y542.922 E1051.97656
G1 X705.775 Y547.152 E12.65191
G1 X452.848 Y294.225 E1069.86719
G1 X448.618 Y294.225 E12.6519
G1 X705.775 Y551.382 E1087.75781
M73 P1 R687
G1 X705.775 Y555.612 E12.65191
G1 X444.388 Y294.225 E1105.65625
G1 X440.158 Y294.225 E12.6519
G1 X705.775 Y559.842 E1123.54688
G1 X705.775 Y564.072 E12.6519
G1 X435.928 Y294.225 E1141.4375
G1 X431.698 Y294.225 E12.6519
G1 X705.775 Y568.302 E1159.32813
G1 X705.775 Y572.532 E12.6519
G1 X427.468 Y294.225 E1177.22656
G1 X423.238 Y294.225 E12.6519
G1 X705.775 Y576.762 E1195.11719
G1 X705.775 Y580.992 E12.6519
M73 P1 R686
G1 X419.009 Y294.225 E1213.00781
G1 X414.779 Y294.225 E12.6519
G1 X705.775 Y585.221 E1230.89844
G1 X705.775 Y589.451 E12.6519
G1 X410.549 Y294.225 E1248.79688
G1 X406.319 Y294.225 E12.65191
G1 X705.775 Y593.681 E1266.6875
G1 X705.775 Y597.911 E12.65191
G1 X402.089 Y294.225 E1284.57813
G1 X397.859 Y294.225 E12.6519
M73 P1 R685
G1 X705.775 Y602.141 E1302.46875
G1 X705.775 Y606.371 E12.6519
G1 X393.629 Y294.225 E1320.35938
G1 X389.399 Y294.225 E12.6519
G1 X705.775 Y610.601 E1338.25781
G1 X705.775 Y614.831 E12.6519
G1 X385.169 Y294.225 E1356.14844
G1 X380.939 Y294.225 E12.65191
G1 X705.775 Y619.061 E1374.03906
G1 X705.775 Y623.291 E12.6519
M73 P2 R684
G1 X376.709 Y294.225 E1391.92969
G1 X372.479 Y294.225 E12.6519
G1 X705.775 Y627.521 E1409.82813
G1 X705.775 Y631.751 E12.6519
G1 X368.249 Y294.225 E1427.71875
G1 X364.019 Y294.225 E12.6519
G1 X705.775 Y635.981 E1445.60938
G1 X705.775 Y640.211 E12.65191
G1 X359.789 Y294.225 E1463.5
G1 X355.559 Y294.225 E12.6519
M73 P2 R683
G1 X705.775 Y644.441 E1481.39844
G1 X705.775 Y648.671 E12.6519
G1 X351.329 Y294.225 E1499.28906
G1 X347.099 Y294.225 E12.6519
G1 X705.775 Y652.901 E1517.17969
G1 X705.775 Y657.131 E12.65191
G1 X342.869 Y294.225 E1535.07031
G1 X338.639 Y294.225 E12.6519
G1 X705.775 Y661.361 E1552.96875
G1 X705.775 Y665.591 E12.6519
M73 P2 R682
G1 X334.409 Y294.225 E1570.85938
G1 X330.179 Y294.225 E12.6519
G1 X705.775 Y669.821 E1588.75
G1 X705.775 Y674.051 E12.6519
G1 X325.949 Y294.225 E1606.64063
G1 X321.72 Y294.225 E12.65191
G1 X705.775 Y678.28 E1624.53906
G1 X705.775 Y682.51 E12.6519
M73 P2 R681
G1 X317.49 Y294.225 E1642.42969
G1 X313.26 Y294.225 E12.6519
G1 X705.775 Y686.74 E1660.32031
G1 X705.775 Y690.97 E12.65191
G1 X309.03 Y294.225 E1678.21094
G1 X304.8 Y294.225 E12.6519
G1 X705.775 Y695.2 E1696.10938
G1 X705.775 Y699.43 E12.6519
G1 X300.57 Y294.225 E1714
G1 X296.34 Y294.225 E12.6519
M73 P2 R680
G1 X705.775 Y703.66 E1731.89063
G1 X705.775 Y705.775 E6.32813
G1 X703.66 Y705.775 E6.32813
G1 X294.225 Y296.34 E1731.89063
G1 X294.225 Y300.57 E12.6519
G1 X699.43 Y705.775 E1713.99219
G1 X695.2 Y705.775 E12.65625
G1 X294.225 Y304.8 E1696.10487
G1 X294.225 Y309.03 E12.65625
M73 P2 R679
G1 X690.97 Y705.775 E1678.21238
G1 X686.74 Y705.775 E12.65625
G1 X294.225 Y313.26 E1660.31989
G1 X294.225 Y317.49 E12.65625
G1 X682.51 Y705.775 E1642.42739
G1 X678.28 Y705.775 E12.65625
G1 X294.225 Y321.72 E1624.5349
G1 X294.225 Y325.95 E12.65625
M73 P2 R678
G1 X674.05 Y705.775 E1606.6424
G1 X669.82 Y705.775 E12.65625
G1 X294.225 Y330.18 E1588.74991
G1 X294.225 Y334.41 E12.65625
G1 X665.59 Y705.775 E1570.85741
G1 X661.361 Y705.775 E12.65625
G1 X294.225 Y338.639 E1552.96492
G1 X294.225 Y342.869 E12.65625
M73 P3 R677
G1 X657.131 Y705.775 E1535.07242
G1 X652.901 Y705.775 E12.65625
G1 X294.225 Y347.099 E1517.17993
G1 X294.225 Y351.329 E12.65625
G1 X648.671 Y705.775 E1499.28744
G1 X644.441 Y705.775 E12.65625
G1 X294.225 Y355.559 E1481.39494
G1 X294.225 Y359.789 E12.65625
G1 X640.211 Y705.775 E1463.50245
G1 X635.981 Y705.775 E12.65625
M73 P3 R676
G1 X294.225 Y364.019 E1445.60996
G1 X294.225 Y368.249 E12.65625
G1 X631.751 Y705.775 E1427.71746
G1 X627.521 Y705.775 E12.65625
G1 X294.225 Y372.479 E1409.82496
G1 X294.225 Y376.709 E12.65625
G1 X623.291 Y705.775 E1391.93247
G1 X619.061 Y705.775 E12.65625
G1 X294.225 Y380.939 E1374.03998
G1 X294.225 Y385.169 E12.65625
M73 P3 R675
G1 X614.831 Y705.775 E1356.14748
G1 X610.601 Y705.775 E12.65625
G1 X294.225 Y389.399 E1338.25499
G1 X294.225 Y393.629 E12.65625
G1 X606.371 Y705.775 E1320.36249
G1 X602.141 Y705.775 E12.65625
G1 X294.225 Y397.859 E1302.47
G1 X294.225 Y402.089 E12.65625
G1 X597.911 Y705.775 E1284.57751
G1 X593.681 Y705.775 E12.65625
M73 P3 R674
G1 X294.225 Y406.319 E1266.68501
G1 X294.225 Y410.549 E12.65625
G1 X589.451 Y705.775 E1248.79252
G1 X585.221 Y705.775 E12.65625
G1 X294.225 Y414.779 E1230.90002
G1 X294.225 Y419.009 E12.65625
G1 X580.991 Y705.775 E1213.00753
G1 X576.761 Y705.775 E12.65625
G1 X294.225 Y423.239 E1195.11503
G1 X294.225 Y427.469 E12.65625
G1 X572.531 Y705.775 E1177.22254
G1 X568.301 Y705.775 E12.65625
M73 P3 R673
G1 X294.225 Y431.699 E1159.33004
G1 X294.225 Y435.928 E12.65625
G1 X564.072 Y705.775 E1141.43755
G1 X559.842 Y705.775 E12.65625
G1 X294.225 Y440.158 E1123.54505
G1 X294.225 Y444.388 E12.65625
G1 X555.612 Y705.775 E1105.65256
G1 X551.382 Y705.775 E12.65625
G1 X294.225 Y448.618 E1087.76007
G1 X294.225 Y452.848 E12.65625
G1 X547.152 Y705.775 E1069.86757
G1 X542.922 Y705.775 E12.65625
M73 P3 R672
G1 X294.225 Y457.078 E1051.97508
G1 X294.225 Y461.308 E12.65625
G1 X538.692 Y705.775 E1034.08259
G1 X534.462 Y705.775 E12.65625
G1 X294.225 Y465.538 E1016.19009
G1 X294.225 Y469.768 E12.65625
G1 X530.232 Y705.775 E998.2976
G1 X526.002 Y705.775 E12.65625
G1 X294.225 Y473.998 E980.4051
G1 X294.225 Y478.228 E12.65625
G1 X521.772 Y705.775 E962.51261
G1 X517.542 Y705.775 E12.65625
M73 P3 R671
G1 X294.225 Y482.458 E944.62011
G1 X294.225 Y486.688 E12.65625
G1 X513.312 Y705.775 E926.72762
G1 X509.082 Y705.775 E12.65625
G1 X294.225 Y490.918 E908.83512
G1 X294.225 Y495.148 E12.65625
G1 X504.852 Y705.775 E890.94263
G1 X500.622 Y705.775 E12.65625
G1 X294.225 Y499.378 E873.05013
G1 X294.225 Y503.608 E12.65625
G1 X496.392 Y705.775 E855.15764
G1 X492.162 Y705.775 E12.65625
G1 X294.225 Y507.838 E837.26515
G1 X294.225 Y512.068 E12.65625
M73 P4 R671
G1 X487.932 Y705.775 E819.37265
G1 X483.702 Y705.775 E12.65625
M73 P4 R670
G1 X294.225 Y516.298 E801.48016
G1 X294.225 Y520.528 E12.65625
G1 X479.472 Y705.775 E783.58766
G1 X475.242 Y705.775 E12.65625
G1 X294.225 Y524.758 E765.69517
G1 X294.225 Y528.987 E12.65625
G1 X471.013 Y705.775 E747.80268
G1 X466.783 Y705.775 E12.65625
G1 X294.225 Y533.217 E729.91018
G1 X294.225 Y537.447 E12.65625
G1 X462.553 Y705.775 E712.01769
G1 X458.323 Y705.775 E12.65625
G1 X294.225 Y541.677 E694.12519
G1 X294.225 Y545.907 E12.65625
G1 X454.093 Y705.775 E676.23269
G1 X449.863 Y705.775 E12.65625
G1 X294.225 Y550.137 E658.3402
G1 X294.225 Y554.367 E12.65625
M73 P4 R669
G1 X445.633 Y705.775 E640.44771
G1 X441.403 Y705.775 E12.65625
G1 X294.225 Y558.597 E622.55521
G1 X294.225 Y562.827 E12.65625
G1 X437.173 Y705.775 E604.66272
G1 X432.943 Y705.775 E12.65625
G1 X294.225 Y567.057 E586.77022
G1 X294.225 Y571.287 E12.65625
G1 X428.713 Y705.775 E568.87773
G1 X424.483 Y705.775 E12.65625
G1 X294.225 Y575.517 E550.98524
G1 X294.225 Y579.747 E12.65625
G1 X420.253 Y705.775 E533.09274
G1 X416.023 Y705.775 E12.65625
G1 X294.225 Y583.977 E515.20025
G1 X294.225 Y588.207 E12.65625
G1 X411.793 Y705.775 E497.30775
G1 X407.563 Y705.775 E12.65625
G1 X294.225 Y592.437 E479.41526
G1 X294.225 Y596.667 E12.65625
G1 X403.333 Y705.775 E461.52277
G1 X399.103 Y705.775 E12.65625
G1 X294.225 Y600.897 E443.63027
G1 X294.225 Y605.127 E12.65625
G1 X394.873 Y705.775 E425.73777
G1 X390.643 Y705.775 E12.65625
M73 P4 R668
G1 X294.225 Y609.357 E407.84528
G1 X294.225 Y613.587 E12.65625
G1 X386.413 Y705.775 E389.95279
G1 X382.183 Y705.775 E12.65625
G1 X294.225 Y617.817 E372.06029
G1 X294.225 Y622.046 E12.65625
G1 X377.954 Y705.775 E354.1678
G1 X373.724 Y705.775 E12.65625
G1 X294.225 Y626.276 E336.2753
G1 X294.225 Y630.506 E12.65625
G1 X369.494 Y705.775 E318.38281
G1 X365.264 Y705.775 E12.65625
G1 X294.225 Y634.736 E300.49032
G1 X294.225 Y638.966 E12.65625
G1 X361.034 Y705.775 E282.59782
G1 X356.804 Y705.775 E12.65625
G1 X294.225 Y643.196 E264.70533
G1 X294.225 Y647.426 E12.65625
G1 X352.574 Y705.775 E246.81283
G1 X348.344 Y705.775 E12.65625
G1 X294.225 Y651.656 E228.92034
G1 X294.225 Y655.886 E12.65625
G1 X344.114 Y705.775 E211.02784
G1 X339.884 Y705.775 E12.65625
G1 X294.225 Y660.116 E193.13535
G1 X294.225 Y664.346 E12.65625
G1 X335.654 Y705.775 E175.24285
G1 X331.424 Y705.775 E12.65625
G1 X294.225 Y668.576 E157.35036
G1 X294.225 Y672.806 E12.65625
G1 X327.194 Y705.775 E139.45786
G1 X322.964 Y705.775 E12.65625
G1 X294.225 Y677.036 E121.56537
G1 X294.225 Y681.266 E12.65625
G1 X318.734 Y705.775 E103.67288
G1 X314.504 Y705.775 E12.65625
G1 X294.225 Y685.496 E85.78038
G1 X294.225 Y689.726 E12.65625
G1 X310.274 Y705.775 E67.88789
G1 X306.044 Y705.775 E12.65625
G1 X294.225 Y693.956 E49.99539
G1 X294.225 Y698.186 E12.65625
G1 X301.814 Y705.775 E32.1029
G1 X297.584 Y705.775 E12.65625
G1 X292.881 Y701.072 E19.89304
; stop printing object Cube id:0 copy 0
;LAYER_CHANGE
;Z:2.5
;HEIGHT:1.5
;BEFORE_LAYER_CHANGE
;2.5
G92 E0

EXCLUDE_OBJECT_END NAME=Cube_id_0_copy_0
;AFTER_LAYER_CHANGE
;2.5
;_SET_FAN_SPEED_CHANGING_LAYER
SET_VELOCITY_LIMIT ACCEL=1500
SET_VELOCITY_LIMIT SQUARE_CORNER_VELOCITY=5
M140 S80 ; set bed temperature
; printing object Cube id:0 copy 0
;WIPE_START
G1 F600
G1 X297.584 Y705.775 E-9.5013
G1 X297.933 Y705.775 E-.4987
;WIPE_END
EXCLUDE_OBJECT_START NAME=Cube_id_0_copy_0
G1 Z3.5 F15000
G1 X291.538 Y708.462 Z3.5
G1 Z2.5
G1 E17 F9000
;TYPE:Outer wall
;WIDTH:3.2
G1 F2779.615
G1 X291.538 Y291.538 E1799.91857
G1 X708.462 Y291.538 E1799.91857
M73 P4 R667
G1 X708.462 Y708.462 E1799.91857
G1 X291.838 Y708.462 E1798.62343
;WIPE_START
G1 F600
G1 X291.833 Y701.462 E-10
;WIPE_END
G1 Z3.5 F15000
G1 X705.811 Y705.337 Z3.5
G1 Z2.5
G1 E17 F9000
;TYPE:Internal solid infill
;WIDTH:3.09312
G1 F2886.822
G1 X705.464 Y705.337 E1.43992
G1 F2880
G1 X705.291 Y705.637 E1.43994
G1 X705.464 Y705.937 E1.43994
G1 X705.834 Y705.897 E1.54542
;WIPE_START
G1 F600
G1 X705.464 Y705.937 E-2.6349
G1 X705.291 Y705.637 E-2.45503
G1 X705.464 Y705.337 E-2.45504
G1 X705.811 Y705.337 E-2.45503
;WIPE_END
G1 Z3.5 F15000
G1 X707.311 Y700.374 Z3.5
G1 Z2.5
G1 E17 F9000
;WIDTH:3.20286
G1 F2776.852
G1 X701.669 Y706.016 E34.47716
G1 F2760
G1 X697.595 Y706.016 E17.60693
G1 X706.016 Y697.595 E51.46173
G1 X706.016 Y693.521 E17.60693
G1 X693.521 Y706.016 E76.36133
G1 X689.446 Y706.016 E17.60679
G1 X706.016 Y689.446 E101.26123
G1 X706.016 Y685.372 E17.60693
G1 X685.372 Y706.016 E126.16099
G1 X681.298 Y706.016 E17.60693
G1 X706.016 Y681.298 E151.06075
G1 X706.016 Y677.224 E17.60693
G1 X677.224 Y706.016 E175.96045
G1 X673.149 Y706.016 E17.60679
G1 X706.016 Y673.149 E200.85986
G1 X706.016 Y669.075 E17.60645
G1 X669.075 Y706.016 E225.76001
G1 X665.001 Y706.016 E17.60645
G1 X706.016 Y665.001 E250.66016
G1 X706.016 Y660.926 E17.60678
G1 X660.926 Y706.016 E275.55957
G1 X656.852 Y706.016 E17.60645
G1 X706.016 Y656.852 E300.45927
G1 X706.016 Y652.778 E17.60645
G1 X652.778 Y706.016 E325.35902
G1 X648.704 Y706.016 E17.60645
G1 X706.016 Y648.704 E350.25879
G1 X706.016 Y644.629 E17.60678
G1 X644.629 Y706.016 E375.1582
G1 X640.555 Y706.016 E17.60645
G1 X706.016 Y640.555 E400.05828
G1 X706.016 Y636.481 E17.60645
G1 X636.481 Y706.016 E424.95801
G1 X632.406 Y706.016 E17.60679
G1 X706.016 Y632.406 E449.85742
G1 X706.016 Y628.332 E17.60645
M73 P4 R666
G1 X628.332 Y706.016 E474.75754
G1 X624.258 Y706.016 E17.60645
G1 X706.016 Y624.258 E499.65723
G1 X706.016 Y620.183 E17.60678
G1 X620.183 Y706.016 E524.55664
G1 X616.109 Y706.016 E17.60645
G1 X706.016 Y616.109 E549.4568
G1 X706.016 Y612.035 E17.60645
G1 X612.035 Y706.016 E574.35655
G1 X607.961 Y706.016 E17.60645
G1 X706.016 Y607.961 E599.25586
G1 X706.016 Y603.886 E17.60678
G1 X603.886 Y706.016 E624.15625
G1 X599.812 Y706.016 E17.60645
G1 X706.016 Y599.812 E649.05581
G1 X706.016 Y595.738 E17.60742
G1 X595.738 Y706.016 E673.95508
G1 X591.663 Y706.016 E17.60679
G1 X706.016 Y591.663 E698.85547
G1 X706.016 Y587.589 E17.60742
G1 X587.589 Y706.016 E723.75507
G1 X583.515 Y706.016 E17.60742
G1 X706.016 Y583.515 E748.65483
G1 X706.016 Y579.441 E17.60742
G1 X579.441 Y706.016 E773.55469
G1 X575.366 Y706.016 E17.60679
G1 X706.016 Y575.366 E798.45508
G1 X706.016 Y571.292 E17.60742
G1 X571.292 Y706.016 E823.35408
G1 X567.218 Y706.016 E17.60742
G1 X706.016 Y567.218 E848.25391
G1 X706.016 Y563.143 E17.60678
M73 P4 R665
G1 X563.143 Y706.016 E873.1543
G1 X559.069 Y706.016 E17.60742
G1 X706.016 Y559.069 E898.05334
G1 X706.016 Y554.995 E17.60742
G1 X554.995 Y706.016 E922.95313
G1 X550.92 Y706.016 E17.60679
G1 X706.016 Y550.921 E947.85352
G1 X706.016 Y546.846 E17.60678
G1 X546.846 Y706.016 E972.75195
G1 X542.772 Y706.016 E17.60742
G1 X706.016 Y542.772 E997.65236
G1 X706.016 Y538.698 E17.60742
G1 X538.698 Y706.016 E1022.55273
G1 X534.623 Y706.016 E17.60679
G1 X706.016 Y534.623 E1047.45117
G1 X706.016 Y530.549 E17.60742
G1 X530.549 Y706.016 E1072.35162
G1 X526.475 Y706.016 E17.60742
G1 X706.016 Y526.475 E1097.25195
G1 X706.016 Y522.4 E17.60678
G1 X522.4 Y706.016 E1122.15039
G1 X518.326 Y706.016 E17.60679
M73 P4 R664
G1 X706.016 Y518.326 E1147.05078
G1 X706.016 Y514.252 E17.60547
G1 X514.252 Y706.016 E1171.94922
G1 X510.178 Y706.016 E17.60679
G1 X706.016 Y510.178 E1196.85156
G1 X706.016 Y506.103 E17.60678
G1 X506.103 Y706.016 E1221.75
G1 X502.029 Y706.016 E17.60679
G1 X706.016 Y502.029 E1246.64844
G1 X706.016 Y497.955 E17.60678
G1 X497.955 Y706.016 E1271.55078
G1 X493.88 Y706.016 E17.60679
G1 X706.016 Y493.88 E1296.44922
G1 X706.016 Y489.806 E17.60678
G1 X489.806 Y706.016 E1321.34766
G1 X485.732 Y706.016 E17.60679
M73 P5 R664
G1 X706.016 Y485.732 E1346.25
G1 X706.016 Y481.658 E17.60678
G1 X481.657 Y706.016 E1371.14844
M73 P5 R663
G1 X477.583 Y706.016 E17.60679
G1 X706.016 Y477.583 E1396.04688
G1 X706.016 Y473.509 E17.60678
G1 X473.509 Y706.016 E1420.94922
G1 X469.435 Y706.016 E17.60679
G1 X706.016 Y469.435 E1445.84766
G1 X706.016 Y465.36 E17.60678
G1 X465.36 Y706.016 E1470.74609
G1 X461.286 Y706.016 E17.60547
G1 X706.016 Y461.286 E1495.64844
G1 X706.016 Y457.212 E17.60678
G1 X457.212 Y706.016 E1520.54688
G1 X453.137 Y706.016 E17.60679
G1 X706.016 Y453.138 E1545.44531
G1 X706.016 Y449.063 E17.60678
M73 P5 R662
G1 X449.063 Y706.016 E1570.34766
G1 X444.989 Y706.016 E17.60547
G1 X706.016 Y444.989 E1595.24609
G1 X706.016 Y440.915 E17.60678
G1 X440.915 Y706.016 E1620.14453
G1 X436.84 Y706.016 E17.60679
G1 X706.016 Y436.84 E1645.04688
G1 X706.016 Y432.766 E17.60678
G1 X432.766 Y706.016 E1669.94531
G1 X428.692 Y706.016 E17.60679
G1 X706.016 Y428.692 E1694.84766
G1 X706.016 Y424.617 E17.60678
G1 X424.617 Y706.016 E1719.74219
G1 X420.543 Y706.016 E17.60938
M73 P5 R661
G1 X706.016 Y420.543 E1744.64496
G1 X706.016 Y416.469 E17.60938
G1 X416.469 Y706.016 E1769.54688
G1 X412.394 Y706.016 E17.60679
G1 X706.016 Y412.395 E1794.44531
G1 X706.016 Y408.32 E17.60678
G1 X408.32 Y706.016 E1819.34375
G1 X404.246 Y706.016 E17.60938
G1 X706.016 Y404.246 E1844.24397
G1 X706.016 Y400.172 E17.60938
G1 X400.172 Y706.016 E1869.14063
G1 X396.097 Y706.016 E17.60679
G1 X706.016 Y396.097 E1894.04688
G1 X706.016 Y392.023 E17.60938
M73 P5 R660
G1 X392.023 Y706.016 E1918.94323
G1 X387.949 Y706.016 E17.60938
G1 X706.016 Y387.949 E1943.84299
G1 X706.016 Y383.875 E17.60938
G1 X383.874 Y706.016 E1968.74274
G1 X379.8 Y706.016 E17.60938
G1 X706.016 Y379.8 E1993.64249
G1 X706.016 Y375.726 E17.60938
G1 X375.726 Y706.016 E2018.54225
G1 X371.652 Y706.016 E17.60938
G1 X706.016 Y371.652 E2043.44531
M73 P5 R659
G1 X706.016 Y367.577 E17.60678
G1 X367.577 Y706.016 E2068.34375
G1 X363.503 Y706.016 E17.60938
G1 X706.016 Y363.503 E2093.2415
G1 X706.016 Y359.429 E17.60938
G1 X359.429 Y706.016 E2118.14063
G1 X355.354 Y706.016 E17.60679
G1 X706.016 Y355.354 E2143.03906
G1 X706.016 Y351.28 E17.60938
G1 X351.28 Y706.016 E2167.94077
G1 X347.206 Y706.016 E17.60938
M73 P5 R658
G1 X706.016 Y347.206 E2192.84052
G1 X706.016 Y343.132 E17.60938
G1 X343.131 Y706.016 E2217.74027
G1 X339.057 Y706.016 E17.60938
G1 X706.016 Y339.057 E2242.64003
G1 X706.016 Y334.983 E17.60938
G1 X334.983 Y706.016 E2267.53978
G1 X330.909 Y706.016 E17.60938
G1 X706.016 Y330.909 E2292.4375
G1 X706.016 Y326.834 E17.60678
M73 P5 R657
G1 X326.834 Y706.016 E2317.33594
G1 X322.76 Y706.016 E17.60938
G1 X706.016 Y322.76 E2342.23904
G1 X706.016 Y318.686 E17.60938
G1 X318.686 Y706.016 E2367.14063
G1 X314.611 Y706.016 E17.60679
G1 X706.016 Y314.612 E2392.03906
G1 X706.016 Y310.537 E17.60678
M73 P6 R657
G1 X310.537 Y706.016 E2416.9375
G1 X306.463 Y706.016 E17.60938
M73 P6 R656
G1 X706.016 Y306.463 E2441.83805
G1 X706.016 Y302.389 E17.60938
G1 X302.389 Y706.016 E2466.73438
G1 X298.314 Y706.016 E17.60679
G1 X706.016 Y298.314 E2491.64063
G1 X706.016 Y294.24 E17.60938
G1 X294.24 Y706.016 E2516.53731
G1 X293.984 Y706.016 E1.10938
G1 X293.984 Y702.197 E16.50234
G1 X702.197 Y293.984 E2494.76563
G1 X698.123 Y293.984 E17.60938
M73 P6 R655
G1 X293.984 Y698.123 E2469.85938
G1 X293.984 Y694.048 E17.60678
G1 X694.048 Y293.984 E2444.96875
G1 X689.974 Y293.984 E17.60938
G1 X293.984 Y689.974 E2420.06298
G1 X293.984 Y685.9 E17.60938
G1 X685.9 Y293.984 E2395.16323
G1 X681.826 Y293.984 E17.60938
M73 P6 R654
G1 X293.984 Y681.825 E2370.26347
G1 X293.984 Y677.751 E17.60938
G1 X677.751 Y293.984 E2345.36372
G1 X673.677 Y293.984 E17.60938
G1 X293.984 Y673.677 E2320.46397
G1 X293.984 Y669.603 E17.60938
G1 X669.603 Y293.984 E2295.5625
G1 X665.528 Y293.984 E17.60679
G1 X293.984 Y665.528 E2270.67188
G1 X293.984 Y661.454 E17.60938
M73 P6 R653
G1 X661.454 Y293.984 E2245.76471
G1 X657.38 Y293.984 E17.60938
G1 X293.984 Y657.38 E2220.85938
G1 X293.984 Y653.305 E17.60678
G1 X653.305 Y293.984 E2195.96875
G1 X649.231 Y293.984 E17.60938
G1 X293.984 Y649.231 E2171.06545
G1 X293.984 Y645.157 E17.60938
G1 X645.157 Y293.984 E2146.1657
G1 X641.083 Y293.984 E17.60938
G1 X293.984 Y641.082 E2121.26595
G1 X293.984 Y637.008 E17.60938
M73 P6 R652
G1 X637.008 Y293.984 E2096.36619
G1 X632.934 Y293.984 E17.60938
G1 X293.984 Y632.934 E2071.46644
G1 X293.984 Y628.86 E17.60938
G1 X628.86 Y293.984 E2046.5625
G1 X624.785 Y293.984 E17.60679
G1 X293.984 Y624.785 E2021.67188
G1 X293.984 Y620.711 E17.60938
G1 X620.711 Y293.984 E1996.76718
G1 X616.637 Y293.984 E17.60938
M73 P6 R651
G1 X293.984 Y616.637 E1971.875
G1 X293.984 Y612.562 E17.60679
G1 X612.563 Y293.984 E1946.96875
G1 X608.488 Y293.984 E17.60679
G1 X293.984 Y608.488 E1922.0625
G1 X293.984 Y604.414 E17.60938
G1 X604.414 Y293.984 E1897.16816
G1 X600.34 Y293.984 E17.60938
G1 X293.984 Y600.34 E1872.26563
G1 X293.984 Y596.265 E17.60678
G1 X596.265 Y293.984 E1847.375
G1 X592.191 Y293.984 E17.60938
M73 P6 R650
G1 X293.984 Y592.191 E1822.4689
G1 X293.984 Y588.117 E17.60938
G1 X588.117 Y293.984 E1797.56915
G1 X584.043 Y293.984 E17.60938
G1 X293.984 Y584.042 E1772.66939
G1 X293.984 Y579.968 E17.60938
G1 X579.968 Y293.984 E1747.76964
G1 X575.894 Y293.984 E17.60938
G1 X293.984 Y575.894 E1722.86989
G1 X293.984 Y571.82 E17.60938
G1 X571.82 Y293.984 E1697.96875
G1 X567.745 Y293.984 E17.60679
M73 P7 R650
G1 X293.984 Y567.745 E1673.07813
G1 X293.984 Y563.671 E17.60938
M73 P7 R649
G1 X563.671 Y293.984 E1648.17063
G1 X559.597 Y293.984 E17.60938
G1 X293.984 Y559.597 E1623.26563
G1 X293.984 Y555.522 E17.60678
G1 X555.522 Y293.984 E1598.375
G1 X551.448 Y293.984 E17.60938
G1 X293.984 Y551.448 E1573.47137
G1 X293.984 Y547.374 E17.60938
G1 X547.374 Y293.984 E1548.57161
G1 X543.3 Y293.984 E17.60938
G1 X293.984 Y543.299 E1523.67186
G1 X293.984 Y539.225 E17.60938
G1 X539.225 Y293.984 E1498.77211
G1 X535.151 Y293.984 E17.60938
M73 P7 R648
G1 X293.984 Y535.151 E1473.87235
G1 X293.984 Y531.077 E17.60938
G1 X531.077 Y293.984 E1448.96875
G1 X527.002 Y293.984 E17.60679
G1 X293.984 Y527.002 E1424.07813
G1 X293.984 Y522.928 E17.60938
G1 X522.928 Y293.984 E1399.1731
G1 X518.854 Y293.984 E17.60938
G1 X293.984 Y518.854 E1374.26563
G1 X293.984 Y514.779 E17.60678
G1 X514.78 Y293.984 E1349.375
G1 X510.705 Y293.984 E17.60679
G1 X293.984 Y510.705 E1324.46875
G1 X293.984 Y506.631 E17.60938
G1 X506.631 Y293.984 E1299.57409
G1 X502.557 Y293.984 E17.60938
M73 P7 R647
G1 X293.984 Y502.557 E1274.67188
G1 X293.984 Y498.482 E17.60678
G1 X498.482 Y293.984 E1249.78125
G1 X494.408 Y293.984 E17.60938
G1 X293.984 Y494.408 E1224.87482
G1 X293.984 Y490.334 E17.60938
G1 X490.334 Y293.984 E1199.96875
G1 X486.259 Y293.984 E17.60679
G1 X293.984 Y486.259 E1175.07813
G1 X293.984 Y482.185 E17.60938
G1 X482.185 Y293.984 E1150.17557
G1 X478.111 Y293.984 E17.60938
G1 X293.984 Y478.111 E1125.27581
G1 X293.984 Y474.037 E17.60938
G1 X474.037 Y293.984 E1100.375
G1 X469.962 Y293.984 E17.60679
G1 X293.984 Y469.962 E1075.46875
G1 X293.984 Y465.888 E17.60938
G1 X465.888 Y293.984 E1050.57655
G1 X461.814 Y293.984 E17.60938
M73 P7 R646
G1 X293.984 Y461.814 E1025.67188
G1 X293.984 Y457.739 E17.60678
G1 X457.739 Y293.984 E1000.78125
G1 X453.665 Y293.984 E17.60938
G1 X293.984 Y453.665 E975.87729
G1 X293.984 Y449.591 E17.60938
G1 X449.591 Y293.984 E950.97754
G1 X445.517 Y293.984 E17.60938
G1 X293.984 Y445.516 E926.07778
G1 X293.984 Y441.442 E17.60938
G1 X441.442 Y293.984 E901.17803
G1 X437.368 Y293.984 E17.60938
G1 X293.984 Y437.368 E876.27828
G1 X293.984 Y433.294 E17.60938
G1 X433.294 Y293.984 E851.375
G1 X429.219 Y293.984 E17.60679
G1 X293.984 Y429.219 E826.48438
G1 X293.984 Y425.145 E17.60938
G1 X425.145 Y293.984 E801.57901
G1 X421.071 Y293.984 E17.60938
G1 X293.984 Y421.071 E776.67188
G1 X293.984 Y416.996 E17.60678
G1 X416.996 Y293.984 E751.78125
G1 X412.922 Y293.984 E17.60938
M73 P7 R645
G1 X293.984 Y412.922 E726.87976
G1 X293.984 Y408.848 E17.60938
G1 X408.848 Y293.984 E701.98001
G1 X404.774 Y293.984 E17.60938
G1 X293.984 Y404.774 E677.07813
G1 X293.984 Y400.699 E17.60678
G1 X400.699 Y293.984 E652.1875
G1 X396.625 Y293.984 E17.60938
G1 X293.984 Y396.625 E627.28074
G1 X293.984 Y392.551 E17.60938
G1 X392.551 Y293.984 E602.375
G1 X388.476 Y293.984 E17.60679
G1 X293.984 Y388.476 E577.48438
G1 X293.984 Y384.402 E17.60938
G1 X384.402 Y293.984 E552.58148
G1 X380.328 Y293.984 E17.60938
G1 X293.984 Y380.328 E527.68173
G1 X293.984 Y376.254 E17.60938
G1 X376.254 Y293.984 E502.78125
G1 X372.179 Y293.984 E17.60679
G1 X293.984 Y372.179 E477.875
G1 X293.984 Y368.105 E17.60938
G1 X368.105 Y293.984 E452.98247
G1 X364.031 Y293.984 E17.60938
G1 X293.984 Y364.031 E428.07813
G1 X293.984 Y359.956 E17.60678
G1 X359.956 Y293.984 E403.1875
G1 X355.882 Y293.984 E17.60938
G1 X293.984 Y355.882 E378.29688
G1 X293.984 Y351.808 E17.60678
G1 X351.808 Y293.984 E353.375
G1 X347.733 Y293.984 E17.60679
G1 X293.984 Y347.733 E328.46875
G1 X293.984 Y343.659 E17.60678
G1 X343.659 Y293.984 E303.59375
G1 X339.585 Y293.984 E17.60679
G1 X293.984 Y339.585 E278.6875
G1 X293.984 Y335.511 E17.60678
G1 X335.511 Y293.984 E253.78125
G1 X331.436 Y293.984 E17.60679
G1 X293.984 Y331.436 E228.875
G1 X293.984 Y327.362 E17.60678
M73 P7 R644
G1 X327.362 Y293.984 E204
G1 X323.288 Y293.984 E17.60679
G1 X293.984 Y323.288 E179.09375
G1 X293.984 Y319.213 E17.60678
G1 X319.213 Y293.984 E154.1875
G1 X315.139 Y293.984 E17.60679
G1 X293.984 Y315.139 E129.28125
G1 X293.984 Y311.065 E17.60678
G1 X311.065 Y293.984 E104.375
G1 X306.991 Y293.984 E17.60679
G1 X293.984 Y306.991 E79.5
G1 X293.984 Y302.916 E17.60678
G1 X302.916 Y293.984 E54.59375
G1 X298.842 Y293.984 E17.60679
G1 X292.689 Y300.137 E37.60184
;WIPE_START
G1 F600
G1 X297.639 Y295.187 E-10
;WIPE_END
G1 Z3.5 F15000
G1 X294.704 Y294.18 Z3.5
G1 Z2.5
G1 E17 F9000
;WIDTH:3.39255
G1 F2605.317
G1 X294.32 Y294.18 E1.76791
G1 F2580
G1 X294.129 Y294.512 E1.78125
G1 X294.32 Y294.845 E1.78125
G1 X294.704 Y294.845 E1.76791
G1 X294.746 Y294.772 E.38612
; stop printing object Cube id:0 copy 0
;LAYER_CHANGE
;Z:4
;HEIGHT:1.5
;BEFORE_LAYER_CHANGE
;4
G92 E0

EXCLUDE_OBJECT_END NAME=Cube_id_0_copy_0
;AFTER_LAYER_CHANGE
;4
;_SET_FAN_SPEED_CHANGING_LAYER
; printing object Cube id:0 copy 0
;WIPE_START
G1 F600
G1 X294.704 Y294.845 E-.51774
G1 X294.32 Y294.845 E-2.37056
G1 X294.129 Y294.512 E-2.37057
G1 X294.32 Y294.18 E-2.37057
G1 X294.704 Y294.18 E-2.37056
;WIPE_END
EXCLUDE_OBJECT_START NAME=Cube_id_0_copy_0
G1 Z5 F15000
G1 X291.538 Y291.538 Z5
G1 Z4
G1 E17 F9000
;TYPE:Outer wall
;WIDTH:3.2
G1 F2779.615
G1 X708.462 Y291.538 E1799.91857
G1 X708.462 Y708.462 E1799.91857
G1 X291.538 Y708.462 E1799.91857
G1 X291.538 Y291.838 E1798.62343
;WIPE_START
G1 F600
G1 X298.538 Y291.833 E-10
;WIPE_END
G1 Z5 F15000
G1 X293.984 Y391.908 Z5
G1 Z4
G1 E17 F9000
;TYPE:Sparse infill
;WIDTH:3.2
G1 F2779.614
G1 X293.984 Y380.396 E49.70059
G1 X380.396 Y293.984 E527.5739
G1 X391.908 Y293.984 E49.70059
;WIPE_START
G1 F600
G1 X384.908 Y293.984 E-10
;WIPE_END
G1 Z5 F15000
G1 X293.984 Y554.718 Z5
G1 Z4
G1 E17 F9000
G1 F2779.614
G1 X293.984 Y543.206 E49.70059
G1 X543.206 Y293.984 E1521.58568
G1 X554.718 Y293.984 E49.70059
M73 P7 R643
;WIPE_START
G1 F600
G1 X547.718 Y293.984 E-10
;WIPE_END
G1 Z5 F15000
G1 X706.016 Y391.908 Z5
G1 Z4
G1 E17 F9000
G1 F2779.614
G1 X706.016 Y380.396 E49.70059
G1 X619.604 Y293.984 E527.57392
G1 X608.092 Y293.984 E49.70059
;WIPE_START
G1 F600
G1 X615.092 Y293.984 E-10
;WIPE_END
G1 Z5 F15000
G1 X706.016 Y554.718 Z5
G1 Z4
G1 E17 F9000
G1 F2779.614
G1 X706.016 Y543.206 E49.70059
G1 X456.794 Y293.984 E1521.58569
G1 X445.282 Y293.984 E49.70059
;WIPE_START
G1 F600
G1 X452.282 Y293.984 E-10
;WIPE_END
G1 Z5 F15000
G1 X445.282 Y706.016 Z5
G1 Z4
G1 E17 F9000
G1 F2779.614
G1 X456.794 Y706.016 E49.70059
G1 X706.016 Y456.794 E1521.58571
G1 X706.016 Y445.282 E49.70059
;WIPE_START
G1 F600
G1 X706.016 Y452.282 E-10
;WIPE_END
G1 Z5 F15000
G1 X694.503 Y706.016 Z5
G1 Z4
G1 E17 F9000
G1 F2779.614
G1 X706.016 Y706.016 E49.70059
G1 X293.984 Y293.984 E2515.59745
G1 X305.497 Y293.984 E49.70059
;WIPE_START
G1 F600
G1 X298.497 Y293.984 E-10
;WIPE_END
G1 Z5 F15000
M73 P8 R643
G1 X305.497 Y706.016 Z5
G1 Z4
G1 E17 F9000
G1 F2779.614
G1 X293.984 Y706.016 E49.70028
G1 X706.016 Y293.984 E2515.59704
G1 X694.503 Y293.984 E49.7003
M73 P8 R642
;WIPE_START
G1 F600
G1 X701.503 Y293.984 E-10
;WIPE_END
G1 Z5 F15000
G1 X608.092 Y706.016 Z5
G1 Z4
G1 E17 F9000
G1 F2779.614
G1 X619.604 Y706.016 E49.70059
G1 X706.016 Y619.604 E527.57393
G1 X706.016 Y608.092 E49.70059
;WIPE_START
G1 F600
G1 X706.016 Y615.092 E-10
;WIPE_END
G1 Z5 F15000
G1 X554.718 Y706.016 Z5
G1 Z4
G1 E17 F9000
G1 F2779.614
G1 X543.206 Y706.016 E49.70059
G1 X293.984 Y456.794 E1521.58569
G1 X293.984 Y445.282 E49.70059
;WIPE_START
G1 F600
G1 X293.984 Y452.282 E-10
;WIPE_END
G1 Z5 F15000
G1 X391.908 Y706.016 Z5
G1 Z4
G1 E17 F9000
G1 F2779.614
G1 X380.396 Y706.016 E49.70059
G1 X293.984 Y619.604 E527.57392
G1 X293.984 Y608.092 E49.70059
; stop printing object Cube id:0 copy 0
;LAYER_CHANGE
;Z:5.5
;HEIGHT:1.5
;BEFORE_LAYER_CHANGE
;5.5
G92 E0

EXCLUDE_OBJECT_END NAME=Cube_id_0_copy_0
;AFTER_LAYER_CHANGE
;5.5
;_SET_FAN_SPEED_CHANGING_LAYER
; printing object Cube id:0 copy 0
;WIPE_START
G1 F600
G1 X293.984 Y615.092 E-10
;WIPE_END
EXCLUDE_OBJECT_START NAME=Cube_id_0_copy_0
G1 Z6.5 F15000
G1 X291.538 Y708.462 Z6.5
G1 Z5.5
G1 E17 F9000
;TYPE:Outer wall
;WIDTH:3.2
G1 F2779.615
G1 X291.538 Y291.538 E1799.91857
G1 X708.462 Y291.538 E1799.91857
G1 X708.462 Y708.462 E1799.91857
G1 X291.838 Y708.462 E1798.62343
;WIPE_START
G1 F600
M73 P8 R641
G1 X291.833 Y701.462 E-10
;WIPE_END
G1 Z6.5 F15000
G1 X293.984 Y608.092 Z6.5
G1 Z5.5
G1 E17 F9000
;TYPE:Sparse infill
;WIDTH:3.2
G1 F2779.614
G1 X293.984 Y619.604 E49.70059
G1 X380.396 Y706.016 E527.57392
G1 X391.908 Y706.016 E49.70059
;WIPE_START
G1 F600
G1 X384.908 Y706.016 E-10
;WIPE_END
G1 Z6.5 F15000
G1 X293.984 Y445.282 Z6.5
G1 Z5.5
G1 E17 F9000
G1 F2779.614
G1 X293.984 Y456.794 E49.70059
G1 X543.206 Y706.016 E1521.58569
G1 X554.718 Y706.016 E49.70059
;WIPE_START
G1 F600
G1 X547.718 Y706.016 E-10
;WIPE_END
G1 Z6.5 F15000
G1 X706.016 Y608.092 Z6.5
G1 Z5.5
G1 E17 F9000
G1 F2779.614
G1 X706.016 Y619.604 E49.70059
G1 X619.604 Y706.016 E527.57393
G1 X608.092 Y706.016 E49.70059
;WIPE_START
G1 F600
G1 X615.092 Y706.016 E-10
;WIPE_END
G1 Z6.5 F15000
G1 X706.016 Y445.282 Z6.5
G1 Z5.5
G1 E17 F9000
G1 F2779.614
G1 X706.016 Y456.794 E49.70059
G1 X456.794 Y706.016 E1521.58571
G1 X445.282 Y706.016 E49.70059
;WIPE_START
G1 F600
G1 X452.282 Y706.016 E-10
;WIPE_END
G1 Z6.5 F15000
G1 X445.282 Y293.984 Z6.5
G1 Z5.5
G1 E17 F9000
G1 F2779.614
G1 X456.794 Y293.984 E49.70059
G1 X706.016 Y543.206 E1521.58569
G1 X706.016 Y554.718 E49.70059
;WIPE_START
G1 F600
G1 X706.016 Y547.718 E-10
;WIPE_END
G1 Z6.5 F15000
G1 X694.503 Y293.984 Z6.5
G1 Z5.5
G1 E17 F9000
G1 F2779.614
G1 X706.016 Y293.984 E49.7003
G1 X293.984 Y706.016 E2515.59704
G1 X305.497 Y706.016 E49.70028
M73 P8 R640
;WIPE_START
G1 F600
G1 X298.497 Y706.016 E-10
;WIPE_END
G1 Z6.5 F15000
G1 X305.497 Y293.984 Z6.5
G1 Z5.5
G1 E17 F9000
G1 F2779.614
G1 X293.984 Y293.984 E49.70059
G1 X706.016 Y706.016 E2515.59745
G1 X694.503 Y706.016 E49.70059
;WIPE_START
G1 F600
G1 X701.503 Y706.016 E-10
;WIPE_END
G1 Z6.5 F15000
G1 X608.092 Y293.984 Z6.5
G1 Z5.5
G1 E17 F9000
G1 F2779.614
G1 X619.604 Y293.984 E49.70059
G1 X706.016 Y380.396 E527.57392
G1 X706.016 Y391.908 E49.70059
;WIPE_START
G1 F600
G1 X706.016 Y384.908 E-10
;WIPE_END
G1 Z6.5 F15000
G1 X554.718 Y293.984 Z6.5
G1 Z5.5
G1 E17 F9000
G1 F2779.614
G1 X543.206 Y293.984 E49.70059
G1 X293.984 Y543.206 E1521.58568
G1 X293.984 Y554.718 E49.70059
;WIPE_START
G1 F600
G1 X293.984 Y547.718 E-10
;WIPE_END
G1 Z6.5 F15000
G1 X391.908 Y293.984 Z6.5
G1 Z5.5
G1 E17 F9000
G1 F2779.614
G1 X380.396 Y293.984 E49.70059
G1 X293.984 Y380.396 E527.5739
G1 X293.984 Y391.908 E49.70059
; stop printing object Cube id:0 copy 0
;LAYER_CHANGE
;Z:7
;HEIGHT:1.5
;BEFORE_LAYER_CHANGE
;7
G92 E0

EXCLUDE_OBJECT_END NAME=Cube_id_0_copy_0
;AFTER_LAYER_CHANGE
;7
;_SET_FAN_SPEED_CHANGING_LAYER
; printing object Cube id:0 copy 0
;WIPE_START
G1 F600
G1 X293.984 Y384.908 E-10
;WIPE_END
EXCLUDE_OBJECT_START NAME=Cube_id_0_copy_0
G1 Z8 F15000
G1 X291.538 Y291.538 Z8
G1 Z7
G1 E17 F9000
;TYPE:Outer wall
;WIDTH:3.2
G1 F2779.615
G1 X708.462 Y291.538 E1799.91857
G1 X708.462 Y708.462 E1799.91857
G1 X291.538 Y708.462 E1799.91857
M73 P8 R639
G1 X291.538 Y291.838 E1798.62343
;WIPE_START
G1 F600
G1 X298.538 Y291.833 E-10
;WIPE_END
G1 Z8 F15000
G1 X293.984 Y391.908 Z8
G1 Z7
G1 E17 F9000
;TYPE:Sparse infill
;WIDTH:3.2
G1 F2779.614
G1 X293.984 Y380.396 E49.70059
G1 X380.396 Y293.984 E527.5739
G1 X391.908 Y293.984 E49.70059
;WIPE_START
G1 F600
G1 X384.908 Y293.984 E-10
;WIPE_END
G1 Z8 F15000
G1 X293.984 Y554.718 Z8
G1 Z7
G1 E17 F9000
G1 F2779.614
G1 X293.984 Y543.206 E49.70059
G1 X543.206 Y293.984 E1521.58568
G1 X554.718 Y293.984 E49.70059
;WIPE_START
G1 F600
G1 X547.718 Y293.984 E-10
;WIPE_END
G1 Z8 F15000
G1 X706.016 Y391.908 Z8
G1 Z7
G1 E17 F9000
G1 F2779.614
G1 X706.016 Y380.396 E49.70059
G1 X619.604 Y293.984 E527.57392
G1 X608.092 Y293.984 E49.70059
;WIPE_START
G1 F600
G1 X615.092 Y293.984 E-10
;WIPE_END
G1 Z8 F15000
G1 X706.016 Y554.718 Z8
G1 Z7
G1 E17 F9000
G1 F2779.614
G1 X706.016 Y543.206 E49.70059
G1 X456.794 Y293.984 E1521.58569
G1 X445.282 Y293.984 E49.70059
;WIPE_START
G1 F600
G1 X452.282 Y293.984 E-10
;WIPE_END
G1 Z8 F15000
M73 P8 R638
G1 X445.282 Y706.016 Z8
G1 Z7
G1 E17 F9000
G1 F2779.614
G1 X456.794 Y706.016 E49.70059
G1 X706.016 Y456.794 E1521.58571
G1 X706.016 Y445.282 E49.70059
;WIPE_START
G1 F600
G1 X706.016 Y452.282 E-10
;WIPE_END
G1 Z8 F15000
G1 X694.503 Y706.016 Z8
G1 Z7
G1 E17 F9000
G1 F2779.614
G1 X706.016 Y706.016 E49.70059
G1 X293.984 Y293.984 E2515.59745
G1 X305.497 Y293.984 E49.70059
;WIPE_START
G1 F600
G1 X298.497 Y293.984 E-10
;WIPE_END
G1 Z8 F15000
G1 X305.497 Y706.016 Z8
G1 Z7
G1 E17 F9000
G1 F2779.614
G1 X293.984 Y706.016 E49.70028
G1 X706.016 Y293.984 E2515.59704
G1 X694.503 Y293.984 E49.7003
;WIPE_START
G1 F600
G1 X701.503 Y293.984 E-10
;WIPE_END
G1 Z8 F15000
G1 X608.092 Y706.016 Z8
G1 Z7
G1 E17 F9000
G1 F2779.614
G1 X619.604 Y706.016 E49.70059
G1 X706.016 Y619.604 E527.57393
G1 X706.016 Y608.092 E49.70059
;WIPE_START
G1 F600
G1 X706.016 Y615.092 E-10
;WIPE_END
G1 Z8 F15000
G1 X554.718 Y706.016 Z8
G1 Z7
G1 E17 F9000
G1 F2779.614
G1 X543.206 Y706.016 E49.70059
G1 X293.984 Y456.794 E1521.58569
G1 X293.984 Y445.282 E49.70059
M73 P8 R637
;WIPE_START
G1 F600
G1 X293.984 Y452.282 E-10
;WIPE_END
G1 Z8 F15000
G1 X391.908 Y706.016 Z8
G1 Z7
G1 E17 F9000
G1 F2779.614
G1 X380.396 Y706.016 E49.70059
G1 X293.984 Y619.604 E527.57392
G1 X293.984 Y608.092 E49.70059
; stop printing object Cube id:0 copy 0
;LAYER_CHANGE
;Z:8.5
;HEIGHT:1.5
;BEFORE_LAYER_CHANGE
;8.5
G92 E0

EXCLUDE_OBJECT_END NAME=Cube_id_0_copy_0
;AFTER_LAYER_CHANGE
;8.5
;_SET_FAN_SPEED_CHANGING_LAYER
; printing object Cube id:0 copy 0
;WIPE_START
G1 F600
G1 X293.984 Y615.092 E-10
;WIPE_END
EXCLUDE_OBJECT_START NAME=Cube_id_0_copy_0
G1 Z9.5 F15000
G1 X291.538 Y708.462 Z9.5
G1 Z8.5
G1 E17 F9000
;TYPE:Outer wall
;WIDTH:3.2
G1 F2779.615
G1 X291.538 Y291.538 E1799.91857
G1 X708.462 Y291.538 E1799.91857
G1 X708.462 Y708.462 E1799.91857
G1 X291.838 Y708.462 E1798.62343
;WIPE_START
G1 F600
G1 X291.833 Y701.462 E-10
;WIPE_END
G1 Z9.5 F15000
G1 X293.984 Y608.092 Z9.5
G1 Z8.5
G1 E17 F9000
;TYPE:Sparse infill
;WIDTH:3.2
G1 F2779.614
G1 X293.984 Y619.604 E49.70059
G1 X380.396 Y706.016 E527.57392
G1 X391.908 Y706.016 E49.70059
;WIPE_START
G1 F600
G1 X384.908 Y706.016 E-10
;WIPE_END
G1 Z9.5 F15000
G1 X293.984 Y445.282 Z9.5
G1 Z8.5
G1 E17 F9000
G1 F2779.614
G1 X293.984 Y456.794 E49.70059
G1 X543.206 Y706.016 E1521.58569
G1 X554.718 Y706.016 E49.70059
M73 P8 R636
;WIPE_START
G1 F600
G1 X547.718 Y706.016 E-10
;WIPE_END
G1 Z9.5 F15000
G1 X706.016 Y608.092 Z9.5
G1 Z8.5
G1 E17 F9000
G1 F2779.614
G1 X706.016 Y619.604 E49.70059
G1 X619.604 Y706.016 E527.57393
G1 X608.092 Y706.016 E49.70059
;WIPE_START
G1 F600
G1 X615.092 Y706.016 E-10
;WIPE_END
G1 Z9.5 F15000
G1 X706.016 Y445.282 Z9.5
G1 Z8.5
G1 E17 F9000
G1 F2779.614
G1 X706.016 Y456.794 E49.70059
G1 X456.794 Y706.016 E1521.58571
G1 X445.282 Y706.016 E49.70059
;WIPE_START
G1 F600
G1 X452.282 Y706.016 E-10
;WIPE_END
G1 Z9.5 F15000
G1 X445.282 Y293.984 Z9.5
G1 Z8.5
G1 E17 F9000
G1 F2779.614
G1 X456.794 Y293.984 E49.70059
G1 X706.016 Y543.206 E1521.58569
G1 X706.016 Y554.718 E49.70059
;WIPE_START
G1 F600
G1 X706.016 Y547.718 E-10
;WIPE_END
G1 Z9.5 F15000
G1 X694.503 Y293.984 Z9.5
G1 Z8.5
G1 E17 F9000
G1 F2779.614
G1 X706.016 Y293.984 E49.7003
G1 X293.984 Y706.016 E2515.59704
G1 X305.497 Y706.016 E49.70028
;WIPE_START
G1 F600
G1 X298.497 Y706.016 E-10
;WIPE_END
G1 Z9.5 F15000
G1 X305.497 Y293.984 Z9.5
G1 Z8.5
M73 P9 R636
G1 E17 F9000
G1 F2779.614
G1 X293.984 Y293.984 E49.70059
G1 X706.016 Y706.016 E2515.59745
G1 X694.503 Y706.016 E49.70059
M73 P9 R635
;WIPE_START
G1 F600
G1 X701.503 Y706.016 E-10
;WIPE_END
G1 Z9.5 F15000
G1 X608.092 Y293.984 Z9.5
G1 Z8.5
G1 E17 F9000
G1 F2779.614
G1 X619.604 Y293.984 E49.70059
G1 X706.016 Y380.396 E527.57392
G1 X706.016 Y391.908 E49.70059
;WIPE_START
G1 F600
G1 X706.016 Y384.908 E-10
;WIPE_END
G1 Z9.5 F15000
G1 X554.718 Y293.984 Z9.5
G1 Z8.5
G1 E17 F9000
G1 F2779.614
G1 X543.206 Y293.984 E49.70059
G1 X293.984 Y543.206 E1521.58568
G1 X293.984 Y554.718 E49.70059
;WIPE_START
G1 F600
G1 X293.984 Y547.718 E-10
;WIPE_END
G1 Z9.5 F15000
G1 X391.908 Y293.984 Z9.5
G1 Z8.5
G1 E17 F9000
G1 F2779.614
G1 X380.396 Y293.984 E49.70059
G1 X293.984 Y380.396 E527.5739
G1 X293.984 Y391.908 E49.70059
; stop printing object Cube id:0 copy 0
;LAYER_CHANGE
;Z:10
;HEIGHT:1.5
;BEFORE_LAYER_CHANGE
;10
G92 E0

EXCLUDE_OBJECT_END NAME=Cube_id_0_copy_0
;AFTER_LAYER_CHANGE
;10
;_SET_FAN_SPEED_CHANGING_LAYER
; printing object Cube id:0 copy 0
;WIPE_START
G1 F600
G1 X293.984 Y384.908 E-10
;WIPE_END
EXCLUDE_OBJECT_START NAME=Cube_id_0_copy_0
G1 Z11 F15000
G1 X291.538 Y291.538 Z11
G1 Z10
G1 E17 F9000
;TYPE:Outer wall
;WIDTH:3.2
G1 F2779.615
G1 X708.462 Y291.538 E1799.91857
G1 X708.462 Y708.462 E1799.91857
G1 X291.538 Y708.462 E1799.91857
G1 X291.538 Y291.838 E1798.62343
;WIPE_START
G1 F600
M73 P9 R634
G1 X298.538 Y291.833 E-10
;WIPE_END
G1 Z11 F15000
G1 X293.984 Y391.908 Z11
G1 Z10
G1 E17 F9000
;TYPE:Sparse infill
;WIDTH:3.2
G1 F2779.614
G1 X293.984 Y380.396 E49.70059
G1 X380.396 Y293.984 E527.5739
G1 X391.908 Y293.984 E49.70059
;WIPE_START
G1 F600
G1 X384.908 Y293.984 E-10
;WIPE_END
G1 Z11 F15000
G1 X293.984 Y554.718 Z11
G1 Z10
G1 E17 F9000
G1 F2779.614
G1 X293.984 Y543.206 E49.70059
G1 X543.206 Y293.984 E1521.58568
G1 X554.718 Y293.984 E49.70059
;WIPE_START
G1 F600
G1 X547.718 Y293.984 E-10
;WIPE_END
G1 Z11 F15000
G1 X706.016 Y391.908 Z11
G1 Z10
G1 E17 F9000
G1 F2779.614
G1 X706.016 Y380.396 E49.70059
G1 X619.604 Y293.984 E527.57392
G1 X608.092 Y293.984 E49.70059
;WIPE_START
G1 F600
G1 X615.092 Y293.984 E-10
;WIPE_END
G1 Z11 F15000
G1 X706.016 Y554.718 Z11
G1 Z10
G1 E17 F9000
G1 F2779.614
G1 X706.016 Y543.206 E49.70059
G1 X456.794 Y293.984 E1521.58569
G1 X445.282 Y293.984 E49.70059
;WIPE_START
G1 F600
G1 X452.282 Y293.984 E-10
;WIPE_END
G1 Z11 F15000
G1 X445.282 Y706.016 Z11
G1 Z10
G1 E17 F9000
G1 F2779.614
G1 X456.794 Y706.016 E49.70059
G1 X706.016 Y456.794 E1521.58571
G1 X706.016 Y445.282 E49.70059
;WIPE_START
G1 F600
G1 X706.016 Y452.282 E-10
;WIPE_END
G1 Z11 F15000
G1 X694.503 Y706.016 Z11
G1 Z10
G1 E17 F9000
G1 F2779.614
G1 X706.016 Y706.016 E49.70059
G1 X293.984 Y293.984 E2515.59745
G1 X305.497 Y293.984 E49.70059
M73 P9 R633
;WIPE_START
G1 F600
G1 X298.497 Y293.984 E-10
;WIPE_END
G1 Z11 F15000
G1 X305.497 Y706.016 Z11
G1 Z10
G1 E17 F9000
G1 F2779.614
G1 X293.984 Y706.016 E49.70028
G1 X706.016 Y293.984 E2515.59704
G1 X694.503 Y293.984 E49.7003
;WIPE_START
G1 F600
G1 X701.503 Y293.984 E-10
;WIPE_END
G1 Z11 F15000
G1 X608.092 Y706.016 Z11
G1 Z10
G1 E17 F9000
G1 F2779.614
G1 X619.604 Y706.016 E49.70059
G1 X706.016 Y619.604 E527.57393
G1 X706.016 Y608.092 E49.70059
;WIPE_START
G1 F600
G1 X706.016 Y615.092 E-10
;WIPE_END
G1 Z11 F15000
G1 X554.718 Y706.016 Z11
G1 Z10
G1 E17 F9000
G1 F2779.614
G1 X543.206 Y706.016 E49.70059
G1 X293.984 Y456.794 E1521.58569
G1 X293.984 Y445.282 E49.70059
;WIPE_START
G1 F600
G1 X293.984 Y452.282 E-10
;WIPE_END
G1 Z11 F15000
G1 X391.908 Y706.016 Z11
G1 Z10
G1 E17 F9000
G1 F2779.614
G1 X380.396 Y706.016 E49.70059
G1 X293.984 Y619.604 E527.57392
G1 X293.984 Y608.092 E49.70059
; stop printing object Cube id:0 copy 0
;LAYER_CHANGE
;Z:11.5
;HEIGHT:1.5
;BEFORE_LAYER_CHANGE
;11.5
G92 E0

EXCLUDE_OBJECT_END NAME=Cube_id_0_copy_0
;AFTER_LAYER_CHANGE
;11.5
;_SET_FAN_SPEED_CHANGING_LAYER
; printing object Cube id:0 copy 0
;WIPE_START
G1 F600
G1 X293.984 Y615.092 E-10
;WIPE_END
EXCLUDE_OBJECT_START NAME=Cube_id_0_copy_0
G1 Z12.5 F15000
G1 X291.538 Y708.462 Z12.5
G1 Z11.5
G1 E17 F9000
;TYPE:Outer wall
;WIDTH:3.2
G1 F2779.615
G1 X291.538 Y291.538 E1799.91857
G1 X708.462 Y291.538 E1799.91857
G1 X708.462 Y708.462 E1799.91857
M73 P9 R632
G1 X291.838 Y708.462 E1798.62343
;WIPE_START
G1 F600
G1 X291.833 Y701.462 E-10
;WIPE_END
G1 Z12.5 F15000
G1 X293.984 Y608.092 Z12.5
G1 Z11.5
G1 E17 F9000
;TYPE:Sparse infill
;WIDTH:3.2
G1 F2779.614
G1 X293.984 Y619.604 E49.70059
G1 X380.396 Y706.016 E527.57392
G1 X391.908 Y706.016 E49.70059
;WIPE_START
G1 F600
G1 X384.908 Y706.016 E-10
;WIPE_END
G1 Z12.5 F15000
G1 X293.984 Y445.282 Z12.5
G1 Z11.5
G1 E17 F9000
G1 F2779.614
G1 X293.984 Y456.794 E49.70059
G1 X543.206 Y706.016 E1521.58569
G1 X554.718 Y706.016 E49.70059
;WIPE_START
G1 F600
G1 X547.718 Y706.016 E-10
;WIPE_END
G1 Z12.5 F15000
G1 X706.016 Y608.092 Z12.5
G1 Z11.5
G1 E17 F9000
G1 F2779.614
G1 X706.016 Y619.604 E49.70059
G1 X619.604 Y706.016 E527.57393
G1 X608.092 Y706.016 E49.70059
;WIPE_START
G1 F600
G1 X615.092 Y706.016 E-10
;WIPE_END
G1 Z12.5 F15000
G1 X706.016 Y445.282 Z12.5
G1 Z11.5
G1 E17 F9000
G1 F2779.614
G1 X706.016 Y456.794 E49.70059
G1 X456.794 Y706.016 E1521.58571
G1 X445.282 Y706.016 E49.70059
;WIPE_START
G1 F600
G1 X452.282 Y706.016 E-10
;WIPE_END
G1 Z12.5 F15000
G1 X445.282 Y293.984 Z12.5
G1 Z11.5
G1 E17 F9000
G1 F2779.614
G1 X456.794 Y293.984 E49.70059
G1 X706.016 Y543.206 E1521.58569
M73 P9 R631
G1 X706.016 Y554.718 E49.70059
;WIPE_START
G1 F600
G1 X706.016 Y547.718 E-10
;WIPE_END
G1 Z12.5 F15000
G1 X694.503 Y293.984 Z12.5
G1 Z11.5
G1 E17 F9000
G1 F2779.614
G1 X706.016 Y293.984 E49.7003
G1 X293.984 Y706.016 E2515.59704
G1 X305.497 Y706.016 E49.70028
;WIPE_START
G1 F600
G1 X298.497 Y706.016 E-10
;WIPE_END
G1 Z12.5 F15000
G1 X305.497 Y293.984 Z12.5
G1 Z11.5
G1 E17 F9000
G1 F2779.614
G1 X293.984 Y293.984 E49.70059
G1 X706.016 Y706.016 E2515.59745
G1 X694.503 Y706.016 E49.70059
;WIPE_START
G1 F600
G1 X701.503 Y706.016 E-10
;WIPE_END
G1 Z12.5 F15000
G1 X608.092 Y293.984 Z12.5
G1 Z11.5
G1 E17 F9000
G1 F2779.614
G1 X619.604 Y293.984 E49.70059
G1 X706.016 Y380.396 E527.57392
G1 X706.016 Y391.908 E49.70059
;WIPE_START
G1 F600
G1 X706.016 Y384.908 E-10
;WIPE_END
G1 Z12.5 F15000
G1 X554.718 Y293.984 Z12.5
G1 Z11.5
G1 E17 F9000
G1 F2779.614
G1 X543.206 Y293.984 E49.70059
G1 X293.984 Y543.206 E1521.58568
G1 X293.984 Y554.718 E49.70059
;WIPE_START
G1 F600
G1 X293.984 Y547.718 E-10
;WIPE_END
G1 Z12.5 F15000
G1 X391.908 Y293.984 Z12.5
G1 Z11.5
M73 P9 R630
G1 E17 F9000
G1 F2779.614
G1 X380.396 Y293.984 E49.70059
G1 X293.984 Y380.396 E527.5739
G1 X293.984 Y391.908 E49.70059
; stop printing object Cube id:0 copy 0
;LAYER_CHANGE
;Z:13
;HEIGHT:1.5
;BEFORE_LAYER_CHANGE
;13
G92 E0

EXCLUDE_OBJECT_END NAME=Cube_id_0_copy_0
;AFTER_LAYER_CHANGE
;13
;_SET_FAN_SPEED_CHANGING_LAYER
; printing object Cube id:0 copy 0
;WIPE_START
G1 F600
G1 X293.984 Y384.908 E-10
;WIPE_END
EXCLUDE_OBJECT_START NAME=Cube_id_0_copy_0
G1 Z14 F15000
G1 X291.538 Y291.538 Z14
G1 Z13
G1 E17 F9000
;TYPE:Outer wall
;WIDTH:3.2
G1 F2779.615
G1 X708.462 Y291.538 E1799.91857
G1 X708.462 Y708.462 E1799.91857
G1 X291.538 Y708.462 E1799.91857
G1 X291.538 Y291.838 E1798.62343
;WIPE_START
G1 F600
G1 X298.538 Y291.833 E-10
;WIPE_END
G1 Z14 F15000
G1 X293.984 Y391.908 Z14
G1 Z13
G1 E17 F9000
;TYPE:Sparse infill
;WIDTH:3.2
G1 F2779.614
G1 X293.984 Y380.396 E49.70059
G1 X380.396 Y293.984 E527.5739
G1 X391.908 Y293.984 E49.70059
;WIPE_START
G1 F600
G1 X384.908 Y293.984 E-10
;WIPE_END
G1 Z14 F15000
G1 X293.984 Y554.718 Z14
G1 Z13
G1 E17 F9000
G1 F2779.614
G1 X293.984 Y543.206 E49.70059
G1 X543.206 Y293.984 E1521.58568
G1 X554.718 Y293.984 E49.70059
;WIPE_START
G1 F600
G1 X547.718 Y293.984 E-10
;WIPE_END
G1 Z14 F15000
G1 X706.016 Y391.908 Z14
M73 P9 R629
G1 Z13
G1 E17 F9000
G1 F2779.614
G1 X706.016 Y380.396 E49.70059
G1 X619.604 Y293.984 E527.57392
G1 X608.092 Y293.984 E49.70059
;WIPE_START
G1 F600
G1 X615.092 Y293.984 E-10
;WIPE_END
G1 Z14 F15000
G1 X706.016 Y554.718 Z14
G1 Z13
G1 E17 F9000
G1 F2779.614
G1 X706.016 Y543.206 E49.70059
G1 X456.794 Y293.984 E1521.58569
G1 X445.282 Y293.984 E49.70059
;WIPE_START
G1 F600
G1 X452.282 Y293.984 E-10
;WIPE_END
G1 Z14 F15000
G1 X445.282 Y706.016 Z14
G1 Z13
G1 E17 F9000
G1 F2779.614
G1 X456.794 Y706.016 E49.70059
G1 X706.016 Y456.794 E1521.58571
G1 X706.016 Y445.282 E49.70059
;WIPE_START
G1 F600
G1 X706.016 Y452.282 E-10
;WIPE_END
G1 Z14 F15000
G1 X694.503 Y706.016 Z14
G1 Z13
G1 E17 F9000
G1 F2779.614
G1 X706.016 Y706.016 E49.70059
G1 X293.984 Y293.984 E2515.59745
G1 X305.497 Y293.984 E49.70059
;WIPE_START
G1 F600
G1 X298.497 Y293.984 E-10
;WIPE_END
G1 Z14 F15000
G1 X305.497 Y706.016 Z14
G1 Z13
G1 E17 F9000
G1 F2779.614
G1 X293.984 Y706.016 E49.70028
G1 X706.016 Y293.984 E2515.59704
G1 X694.503 Y293.984 E49.7003
M73 P10 R629
;WIPE_START
G1 F600
M73 P10 R628
G1 X701.503 Y293.984 E-10
;WIPE_END
G1 Z14 F15000
G1 X608.092 Y706.016 Z14
G1 Z13
G1 E17 F9000
G1 F2779.614
G1 X619.604 Y706.016 E49.70059
G1 X706.016 Y619.604 E527.57393
G1 X706.016 Y608.092 E49.70059
;WIPE_START
G1 F600
G1 X706.016 Y615.092 E-10
;WIPE_END
G1 Z14 F15000
G1 X554.718 Y706.016 Z14
G1 Z13
G1 E17 F9000
G1 F2779.614
G1 X543.206 Y706.016 E49.70059
G1 X293.984 Y456.794 E1521.58569
G1 X293.984 Y445.282 E49.70059
;WIPE_START
G1 F600
G1 X293.984 Y452.282 E-10
;WIPE_END
G1 Z14 F15000
G1 X391.908 Y706.016 Z14
G1 Z13
G1 E17 F9000
G1 F2779.614
G1 X380.396 Y706.016 E49.70059
G1 X293.984 Y619.604 E527.57392
G1 X293.984 Y608.092 E49.70059
; stop printing object Cube id:0 copy 0
;LAYER_CHANGE
;Z:14.5
;HEIGHT:1.5
;BEFORE_LAYER_CHANGE
;14.5
G92 E0

EXCLUDE_OBJECT_END NAME=Cube_id_0_copy_0
;AFTER_LAYER_CHANGE
;14.5
;_SET_FAN_SPEED_CHANGING_LAYER
; printing object Cube id:0 copy 0
;WIPE_START
G1 F600
G1 X293.984 Y615.092 E-10
;WIPE_END
EXCLUDE_OBJECT_START NAME=Cube_id_0_copy_0
G1 Z15.5 F15000
G1 X291.538 Y708.462 Z15.5
G1 Z14.5
G1 E17 F9000
;TYPE:Outer wall
;WIDTH:3.2
G1 F2779.615
G1 X291.538 Y291.538 E1799.91857
G1 X708.462 Y291.538 E1799.91857
G1 X708.462 Y708.462 E1799.91857
G1 X291.838 Y708.462 E1798.62343
;WIPE_START
G1 F600
M73 P10 R627
G1 X291.833 Y701.462 E-10
;WIPE_END
G1 Z15.5 F15000
G1 X293.984 Y608.092 Z15.5
G1 Z14.5
G1 E17 F9000
;TYPE:Sparse infill
;WIDTH:3.2
G1 F2779.614
G1 X293.984 Y619.604 E49.70059
G1 X380.396 Y706.016 E527.57392
G1 X391.908 Y706.016 E49.70059
;WIPE_START
G1 F600
G1 X384.908 Y706.016 E-10
;WIPE_END
G1 Z15.5 F15000
G1 X293.984 Y445.282 Z15.5
G1 Z14.5
G1 E17 F9000
G1 F2779.614
G1 X293.984 Y456.794 E49.70059
G1 X543.206 Y706.016 E1521.58569
G1 X554.718 Y706.016 E49.70059
;WIPE_START
G1 F600
G1 X547.718 Y706.016 E-10
;WIPE_END
G1 Z15.5 F15000
G1 X706.016 Y608.092 Z15.5
G1 Z14.5
G1 E17 F9000
G1 F2779.614
G1 X706.016 Y619.604 E49.70059
G1 X619.604 Y706.016 E527.57393
G1 X608.092 Y706.016 E49.70059
;WIPE_START
G1 F600
G1 X615.092 Y706.016 E-10
;WIPE_END
G1 Z15.5 F15000
G1 X706.016 Y445.282 Z15.5
G1 Z14.5
G1 E17 F9000
G1 F2779.614
G1 X706.016 Y456.794 E49.70059
G1 X456.794 Y706.016 E1521.58571
G1 X445.282 Y706.016 E49.70059
;WIPE_START
G1 F600
G1 X452.282 Y706.016 E-10
;WIPE_END
G1 Z15.5 F15000
G1 X445.282 Y293.984 Z15.5
G1 Z14.5
G1 E17 F9000
G1 F2779.614
G1 X456.794 Y293.984 E49.70059
G1 X706.016 Y543.206 E1521.58569
G1 X706.016 Y554.718 E49.70059
;WIPE_START
G1 F600
G1 X706.016 Y547.718 E-10
;WIPE_END
G1 Z15.5 F15000
G1 X694.503 Y293.984 Z15.5
G1 Z14.5
G1 E17 F9000
G1 F2779.614
G1 X706.016 Y293.984 E49.7003
G1 X293.984 Y706.016 E2515.59704
G1 X305.497 Y706.016 E49.70028
M73 P10 R626
;WIPE_START
G1 F600
G1 X298.497 Y706.016 E-10
;WIPE_END
G1 Z15.5 F15000
G1 X305.497 Y293.984 Z15.5
G1 Z14.5
G1 E17 F9000
G1 F2779.614
G1 X293.984 Y293.984 E49.70059
G1 X706.016 Y706.016 E2515.59745
G1 X694.503 Y706.016 E49.70059
;WIPE_START
G1 F600
G1 X701.503 Y706.016 E-10
;WIPE_END
G1 Z15.5 F15000
G1 X608.092 Y293.984 Z15.5
G1 Z14.5
G1 E17 F9000
G1 F2779.614
G1 X619.604 Y293.984 E49.70059
G1 X706.016 Y380.396 E527.57392
G1 X706.016 Y391.908 E49.70059
;WIPE_START
G1 F600
G1 X706.016 Y384.908 E-10
;WIPE_END
G1 Z15.5 F15000
G1 X554.718 Y293.984 Z15.5
G1 Z14.5
G1 E17 F9000
G1 F2779.614
G1 X543.206 Y293.984 E49.70059
G1 X293.984 Y543.206 E1521.58568
G1 X293.984 Y554.718 E49.70059
;WIPE_START
G1 F600
G1 X293.984 Y547.718 E-10
;WIPE_END
G1 Z15.5 F15000
G1 X391.908 Y293.984 Z15.5
G1 Z14.5
G1 E17 F9000
G1 F2779.614
G1 X380.396 Y293.984 E49.70059
G1 X293.984 Y380.396 E527.5739
G1 X293.984 Y391.908 E49.70059
; stop printing object Cube id:0 copy 0
;LAYER_CHANGE
;Z:16
;HEIGHT:1.5
;BEFORE_LAYER_CHANGE
;16
G92 E0

EXCLUDE_OBJECT_END NAME=Cube_id_0_copy_0
;AFTER_LAYER_CHANGE
;16
;_SET_FAN_SPEED_CHANGING_LAYER
; printing object Cube id:0 copy 0
;WIPE_START
G1 F600
G1 X293.984 Y384.908 E-10
;WIPE_END
EXCLUDE_OBJECT_START NAME=Cube_id_0_copy_0
G1 Z17 F15000
G1 X291.538 Y291.538 Z17
G1 Z16
G1 E17 F9000
;TYPE:Outer wall
;WIDTH:3.2
G1 F2779.615
G1 X708.462 Y291.538 E1799.91857
G1 X708.462 Y708.462 E1799.91857
G1 X291.538 Y708.462 E1799.91857
M73 P10 R625
G1 X291.538 Y291.838 E1798.62343
;WIPE_START
G1 F600
G1 X298.538 Y291.833 E-10
;WIPE_END
G1 Z17 F15000
G1 X293.984 Y391.908 Z17
G1 Z16
G1 E17 F9000
;TYPE:Sparse infill
;WIDTH:3.2
G1 F2779.614
G1 X293.984 Y380.396 E49.70059
G1 X380.396 Y293.984 E527.5739
G1 X391.908 Y293.984 E49.70059
;WIPE_START
G1 F600
G1 X384.908 Y293.984 E-10
;WIPE_END
G1 Z17 F15000
G1 X293.984 Y554.718 Z17
G1 Z16
G1 E17 F9000
G1 F2779.614
G1 X293.984 Y543.206 E49.70059
G1 X543.206 Y293.984 E1521.58568
G1 X554.718 Y293.984 E49.70059
;WIPE_START
G1 F600
G1 X547.718 Y293.984 E-10
;WIPE_END
G1 Z17 F15000
G1 X706.016 Y391.908 Z17
G1 Z16
G1 E17 F9000
G1 F2779.614
G1 X706.016 Y380.396 E49.70059
G1 X619.604 Y293.984 E527.57392
G1 X608.092 Y293.984 E49.70059
;WIPE_START
G1 F600
G1 X615.092 Y293.984 E-10
;WIPE_END
G1 Z17 F15000
G1 X706.016 Y554.718 Z17
G1 Z16
G1 E17 F9000
G1 F2779.614
G1 X706.016 Y543.206 E49.70059
G1 X456.794 Y293.984 E1521.58569
G1 X445.282 Y293.984 E49.70059
;WIPE_START
G1 F600
G1 X452.282 Y293.984 E-10
;WIPE_END
G1 Z17 F15000
G1 X445.282 Y706.016 Z17
G1 Z16
G1 E17 F9000
G1 F2779.614
G1 X456.794 Y706.016 E49.70059
G1 X706.016 Y456.794 E1521.58571
G1 X706.016 Y445.282 E49.70059
M73 P10 R624
;WIPE_START
G1 F600
G1 X706.016 Y452.282 E-10
;WIPE_END
G1 Z17 F15000
G1 X694.503 Y706.016 Z17
G1 Z16
G1 E17 F9000
G1 F2779.614
G1 X706.016 Y706.016 E49.70059
G1 X293.984 Y293.984 E2515.59745
G1 X305.497 Y293.984 E49.70059
;WIPE_START
G1 F600
G1 X298.497 Y293.984 E-10
;WIPE_END
G1 Z17 F15000
G1 X305.497 Y706.016 Z17
G1 Z16
G1 E17 F9000
G1 F2779.614
G1 X293.984 Y706.016 E49.70028
G1 X706.016 Y293.984 E2515.59704
G1 X694.503 Y293.984 E49.7003
;WIPE_START
G1 F600
G1 X701.503 Y293.984 E-10
;WIPE_END
G1 Z17 F15000
G1 X608.092 Y706.016 Z17
G1 Z16
G1 E17 F9000
G1 F2779.614
G1 X619.604 Y706.016 E49.70059
G1 X706.016 Y619.604 E527.57393
G1 X706.016 Y608.092 E49.70059
;WIPE_START
G1 F600
G1 X706.016 Y615.092 E-10
;WIPE_END
G1 Z17 F15000
G1 X554.718 Y706.016 Z17
G1 Z16
G1 E17 F9000
G1 F2779.614
G1 X543.206 Y706.016 E49.70059
G1 X293.984 Y456.794 E1521.58569
G1 X293.984 Y445.282 E49.70059
;WIPE_START
G1 F600
G1 X293.984 Y452.282 E-10
;WIPE_END
G1 Z17 F15000
G1 X391.908 Y706.016 Z17
G1 Z16
G1 E17 F9000
G1 F2779.614
G1 X380.396 Y706.016 E49.70059
G1 X293.984 Y619.604 E527.57392
G1 X293.984 Y608.092 E49.70059
M73 P10 R623
; stop printing object Cube id:0 copy 0
;LAYER_CHANGE
;Z:17.5
;HEIGHT:1.5
;BEFORE_LAYER_CHANGE
;17.5
G92 E0

EXCLUDE_OBJECT_END NAME=Cube_id_0_copy_0
;AFTER_LAYER_CHANGE
;17.5
;_SET_FAN_SPEED_CHANGING_LAYER
; printing object Cube id:0 copy 0
;WIPE_START
G1 F600
G1 X293.984 Y615.092 E-10
;WIPE_END
EXCLUDE_OBJECT_START NAME=Cube_id_0_copy_0
G1 Z18.5 F15000
G1 X291.538 Y708.462 Z18.5
G1 Z17.5
G1 E17 F9000
;TYPE:Outer wall
;WIDTH:3.2
G1 F2779.615
G1 X291.538 Y291.538 E1799.91857
G1 X708.462 Y291.538 E1799.91857
G1 X708.462 Y708.462 E1799.91857
G1 X291.838 Y708.462 E1798.62343
;WIPE_START
G1 F600
G1 X291.833 Y701.462 E-10
;WIPE_END
G1 Z18.5 F15000
G1 X293.984 Y608.092 Z18.5
G1 Z17.5
G1 E17 F9000
;TYPE:Sparse infill
;WIDTH:3.2
G1 F2779.614
G1 X293.984 Y619.604 E49.70059
G1 X380.396 Y706.016 E527.57392
G1 X391.908 Y706.016 E49.70059
;WIPE_START
G1 F600
G1 X384.908 Y706.016 E-10
;WIPE_END
G1 Z18.5 F15000
G1 X293.984 Y445.282 Z18.5
G1 Z17.5
G1 E17 F9000
G1 F2779.614
G1 X293.984 Y456.794 E49.70059
G1 X543.206 Y706.016 E1521.58569
G1 X554.718 Y706.016 E49.70059
;WIPE_START
G1 F600
G1 X547.718 Y706.016 E-10
;WIPE_END
G1 Z18.5 F15000
G1 X706.016 Y608.092 Z18.5
G1 Z17.5
G1 E17 F9000
G1 F2779.614
G1 X706.016 Y619.604 E49.70059
G1 X619.604 Y706.016 E527.57393
G1 X608.092 Y706.016 E49.70059
M73 P10 R622
;WIPE_START
G1 F600
G1 X615.092 Y706.016 E-10
;WIPE_END
G1 Z18.5 F15000
G1 X706.016 Y445.282 Z18.5
G1 Z17.5
G1 E17 F9000
G1 F2779.614
G1 X706.016 Y456.794 E49.70059
G1 X456.794 Y706.016 E1521.58571
G1 X445.282 Y706.016 E49.70059
;WIPE_START
G1 F600
G1 X452.282 Y706.016 E-10
;WIPE_END
G1 Z18.5 F15000
G1 X445.282 Y293.984 Z18.5
G1 Z17.5
G1 E17 F9000
G1 F2779.614
G1 X456.794 Y293.984 E49.70059
G1 X706.016 Y543.206 E1521.58569
G1 X706.016 Y554.718 E49.70059
;WIPE_START
G1 F600
G1 X706.016 Y547.718 E-10
;WIPE_END
G1 Z18.5 F15000
G1 X694.503 Y293.984 Z18.5
G1 Z17.5
G1 E17 F9000
G1 F2779.614
G1 X706.016 Y293.984 E49.7003
G1 X293.984 Y706.016 E2515.59704
G1 X305.497 Y706.016 E49.70028
;WIPE_START
G1 F600
G1 X298.497 Y706.016 E-10
;WIPE_END
G1 Z18.5 F15000
G1 X305.497 Y293.984 Z18.5
G1 Z17.5
G1 E17 F9000
G1 F2779.614
G1 X293.984 Y293.984 E49.70059
G1 X706.016 Y706.016 E2515.59745
G1 X694.503 Y706.016 E49.70059
M73 P11 R622
;WIPE_START
G1 F600
G1 X701.503 Y706.016 E-10
;WIPE_END
G1 Z18.5 F15000
G1 X608.092 Y293.984 Z18.5
G1 Z17.5
M73 P11 R621
G1 E17 F9000
G1 F2779.614
G1 X619.604 Y293.984 E49.70059
G1 X706.016 Y380.396 E527.57392
G1 X706.016 Y391.908 E49.70059
;WIPE_START
G1 F600
G1 X706.016 Y384.908 E-10
;WIPE_END
G1 Z18.5 F15000
G1 X554.718 Y293.984 Z18.5
G1 Z17.5
G1 E17 F9000
G1 F2779.614
G1 X543.206 Y293.984 E49.70059
G1 X293.984 Y543.206 E1521.58568
G1 X293.984 Y554.718 E49.70059
;WIPE_START
G1 F600
G1 X293.984 Y547.718 E-10
;WIPE_END
G1 Z18.5 F15000
G1 X391.908 Y293.984 Z18.5
G1 Z17.5
G1 E17 F9000
G1 F2779.614
G1 X380.396 Y293.984 E49.70059
G1 X293.984 Y380.396 E527.5739
G1 X293.984 Y391.908 E49.70059
; stop printing object Cube id:0 copy 0
;LAYER_CHANGE
;Z:19
;HEIGHT:1.5
;BEFORE_LAYER_CHANGE
;19
G92 E0

EXCLUDE_OBJECT_END NAME=Cube_id_0_copy_0
;AFTER_LAYER_CHANGE
;19
;_SET_FAN_SPEED_CHANGING_LAYER
; printing object Cube id:0 copy 0
;WIPE_START
G1 F600
G1 X293.984 Y384.908 E-10
;WIPE_END
EXCLUDE_OBJECT_START NAME=Cube_id_0_copy_0
G1 Z20 F15000
G1 X291.538 Y291.538 Z20
G1 Z19
G1 E17 F9000
;TYPE:Outer wall
;WIDTH:3.2
G1 F2779.615
G1 X708.462 Y291.538 E1799.91857
G1 X708.462 Y708.462 E1799.91857
G1 X291.538 Y708.462 E1799.91857
G1 X291.538 Y291.838 E1798.62343
;WIPE_START
G1 F600
G1 X298.538 Y291.833 E-10
;WIPE_END
G1 Z20 F15000
M73 P11 R620
G1 X293.984 Y391.908 Z20
G1 Z19
G1 E17 F9000
;TYPE:Sparse infill
;WIDTH:3.2
G1 F2779.614
G1 X293.984 Y380.396 E49.70059
G1 X380.396 Y293.984 E527.5739
G1 X391.908 Y293.984 E49.70059
;WIPE_START
G1 F600
G1 X384.908 Y293.984 E-10
;WIPE_END
G1 Z20 F15000
G1 X293.984 Y554.718 Z20
G1 Z19
G1 E17 F9000
G1 F2779.614
G1 X293.984 Y543.206 E49.70059
G1 X543.206 Y293.984 E1521.58568
G1 X554.718 Y293.984 E49.70059
;WIPE_START
G1 F600
G1 X547.718 Y293.984 E-10
;WIPE_END
G1 Z20 F15000
G1 X706.016 Y391.908 Z20
G1 Z19
G1 E17 F9000
G1 F2779.614
G1 X706.016 Y380.396 E49.70059
G1 X619.604 Y293.984 E527.57392
G1 X608.092 Y293.984 E49.70059
;WIPE_START
G1 F600
G1 X615.092 Y293.984 E-10
;WIPE_END
G1 Z20 F15000
G1 X706.016 Y554.718 Z20
G1 Z19
G1 E17 F9000
G1 F2779.614
G1 X706.016 Y543.206 E49.70059
G1 X456.794 Y293.984 E1521.58569
G1 X445.282 Y293.984 E49.70059
;WIPE_START
G1 F600
G1 X452.282 Y293.984 E-10
;WIPE_END
G1 Z20 F15000
G1 X445.282 Y706.016 Z20
G1 Z19
G1 E17 F9000
G1 F2779.614
G1 X456.794 Y706.016 E49.70059
G1 X706.016 Y456.794 E1521.58571
G1 X706.016 Y445.282 E49.70059
;WIPE_START
G1 F600
G1 X706.016 Y452.282 E-10
;WIPE_END
G1 Z20 F15000
G1 X694.503 Y706.016 Z20
G1 Z19
G1 E17 F9000
G1 F2779.614
G1 X706.016 Y706.016 E49.70059
G1 X293.984 Y293.984 E2515.59745
G1 X305.497 Y293.984 E49.70059
;WIPE_START
G1 F600
M73 P11 R619
G1 X298.497 Y293.984 E-10
;WIPE_END
G1 Z20 F15000
G1 X305.497 Y706.016 Z20
G1 Z19
G1 E17 F9000
G1 F2779.614
G1 X293.984 Y706.016 E49.70028
G1 X706.016 Y293.984 E2515.59704
G1 X694.503 Y293.984 E49.7003
;WIPE_START
G1 F600
G1 X701.503 Y293.984 E-10
;WIPE_END
G1 Z20 F15000
G1 X608.092 Y706.016 Z20
G1 Z19
G1 E17 F9000
G1 F2779.614
G1 X619.604 Y706.016 E49.70059
G1 X706.016 Y619.604 E527.57393
G1 X706.016 Y608.092 E49.70059
;WIPE_START
G1 F600
G1 X706.016 Y615.092 E-10
;WIPE_END
G1 Z20 F15000
G1 X554.718 Y706.016 Z20
G1 Z19
G1 E17 F9000
G1 F2779.614
G1 X543.206 Y706.016 E49.70059
G1 X293.984 Y456.794 E1521.58569
G1 X293.984 Y445.282 E49.70059
;WIPE_START
G1 F600
G1 X293.984 Y452.282 E-10
;WIPE_END
G1 Z20 F15000
G1 X391.908 Y706.016 Z20
G1 Z19
G1 E17 F9000
G1 F2779.614
G1 X380.396 Y706.016 E49.70059
G1 X293.984 Y619.604 E527.57392
G1 X293.984 Y608.092 E49.70059
; stop printing object Cube id:0 copy 0
;LAYER_CHANGE
;Z:20.5
;HEIGHT:1.5
;BEFORE_LAYER_CHANGE
;20.5
G92 E0

EXCLUDE_OBJECT_END NAME=Cube_id_0_copy_0
;AFTER_LAYER_CHANGE
;20.5
;_SET_FAN_SPEED_CHANGING_LAYER
; printing object Cube id:0 copy 0
;WIPE_START
G1 F600
G1 X293.984 Y615.092 E-10
;WIPE_END
EXCLUDE_OBJECT_START NAME=Cube_id_0_copy_0
G1 Z21.5 F15000
G1 X291.538 Y708.462 Z21.5
G1 Z20.5
G1 E17 F9000
;TYPE:Outer wall
;WIDTH:3.2
G1 F2779.615
G1 X291.538 Y291.538 E1799.91857
G1 X708.462 Y291.538 E1799.91857
G1 X708.462 Y708.462 E1799.91857
M73 P11 R618
G1 X291.838 Y708.462 E1798.62343
;WIPE_START
G1 F600
G1 X291.833 Y701.462 E-10
;WIPE_END
G1 Z21.5 F15000
G1 X293.984 Y608.092 Z21.5
G1 Z20.5
G1 E17 F9000
;TYPE:Sparse infill
;WIDTH:3.2
G1 F2779.614
G1 X293.984 Y619.604 E49.70059
G1 X380.396 Y706.016 E527.57392
G1 X391.908 Y706.016 E49.70059
;WIPE_START
G1 F600
G1 X384.908 Y706.016 E-10
;WIPE_END
G1 Z21.5 F15000
G1 X293.984 Y445.282 Z21.5
G1 Z20.5
G1 E17 F9000
G1 F2779.614
G1 X293.984 Y456.794 E49.70059
G1 X543.206 Y706.016 E1521.58569
G1 X554.718 Y706.016 E49.70059
;WIPE_START
G1 F600
G1 X547.718 Y706.016 E-10
;WIPE_END
G1 Z21.5 F15000
G1 X706.016 Y608.092 Z21.5
G1 Z20.5
G1 E17 F9000
G1 F2779.614
G1 X706.016 Y619.604 E49.70059
G1 X619.604 Y706.016 E527.57393
G1 X608.092 Y706.016 E49.70059
;WIPE_START
G1 F600
G1 X615.092 Y706.016 E-10
;WIPE_END
G1 Z21.5 F15000
G1 X706.016 Y445.282 Z21.5
G1 Z20.5
G1 E17 F9000
G1 F2779.614
G1 X706.016 Y456.794 E49.70059
G1 X456.794 Y706.016 E1521.58571
G1 X445.282 Y706.016 E49.70059
;WIPE_START
G1 F600
G1 X452.282 Y706.016 E-10
;WIPE_END
G1 Z21.5 F15000
G1 X445.282 Y293.984 Z21.5
G1 Z20.5
G1 E17 F9000
G1 F2779.614
G1 X456.794 Y293.984 E49.70059
G1 X706.016 Y543.206 E1521.58569
G1 X706.016 Y554.718 E49.70059
M73 P11 R617
;WIPE_START
G1 F600
G1 X706.016 Y547.718 E-10
;WIPE_END
G1 Z21.5 F15000
G1 X694.503 Y293.984 Z21.5
G1 Z20.5
G1 E17 F9000
G1 F2779.614
G1 X706.016 Y293.984 E49.7003
G1 X293.984 Y706.016 E2515.59704
G1 X305.497 Y706.016 E49.70028
;WIPE_START
G1 F600
G1 X298.497 Y706.016 E-10
;WIPE_END
G1 Z21.5 F15000
G1 X305.497 Y293.984 Z21.5
G1 Z20.5
G1 E17 F9000
G1 F2779.614
G1 X293.984 Y293.984 E49.70059
G1 X706.016 Y706.016 E2515.59745
G1 X694.503 Y706.016 E49.70059
;WIPE_START
G1 F600
G1 X701.503 Y706.016 E-10
;WIPE_END
G1 Z21.5 F15000
G1 X608.092 Y293.984 Z21.5
G1 Z20.5
G1 E17 F9000
G1 F2779.614
G1 X619.604 Y293.984 E49.70059
G1 X706.016 Y380.396 E527.57392
G1 X706.016 Y391.908 E49.70059
;WIPE_START
G1 F600
G1 X706.016 Y384.908 E-10
;WIPE_END
G1 Z21.5 F15000
G1 X554.718 Y293.984 Z21.5
G1 Z20.5
G1 E17 F9000
G1 F2779.614
G1 X543.206 Y293.984 E49.70059
G1 X293.984 Y543.206 E1521.58568
G1 X293.984 Y554.718 E49.70059
;WIPE_START
G1 F600
G1 X293.984 Y547.718 E-10
;WIPE_END
G1 Z21.5 F15000
G1 X391.908 Y293.984 Z21.5
G1 Z20.5
G1 E17 F9000
G1 F2779.614
G1 X380.396 Y293.984 E49.70059
G1 X293.984 Y380.396 E527.5739
G1 X293.984 Y391.908 E49.70059
; stop printing object Cube id:0 copy 0
;LAYER_CHANGE
;Z:22
;HEIGHT:1.5
;BEFORE_LAYER_CHANGE
;22
G92 E0

EXCLUDE_OBJECT_END NAME=Cube_id_0_copy_0
;AFTER_LAYER_CHANGE
;22
;_SET_FAN_SPEED_CHANGING_LAYER
; printing object Cube id:0 copy 0
;WIPE_START
G1 F600
G1 X293.984 Y384.908 E-10
;WIPE_END
EXCLUDE_OBJECT_START NAME=Cube_id_0_copy_0
G1 Z23 F15000
M73 P11 R616
G1 X291.538 Y291.538 Z23
G1 Z22
G1 E17 F9000
;TYPE:Outer wall
;WIDTH:3.2
G1 F2779.615
G1 X708.462 Y291.538 E1799.91857
G1 X708.462 Y708.462 E1799.91857
G1 X291.538 Y708.462 E1799.91857
G1 X291.538 Y291.838 E1798.62343
;WIPE_START
G1 F600
G1 X298.538 Y291.833 E-10
;WIPE_END
G1 Z23 F15000
G1 X293.984 Y391.908 Z23
G1 Z22
G1 E17 F9000
;TYPE:Sparse infill
;WIDTH:3.2
G1 F2779.614
G1 X293.984 Y380.396 E49.70059
G1 X380.396 Y293.984 E527.5739
G1 X391.908 Y293.984 E49.70059
;WIPE_START
G1 F600
G1 X384.908 Y293.984 E-10
;WIPE_END
G1 Z23 F15000
G1 X293.984 Y554.718 Z23
G1 Z22
G1 E17 F9000
G1 F2779.614
G1 X293.984 Y543.206 E49.70059
G1 X543.206 Y293.984 E1521.58568
G1 X554.718 Y293.984 E49.70059
;WIPE_START
G1 F600
G1 X547.718 Y293.984 E-10
;WIPE_END
G1 Z23 F15000
G1 X706.016 Y391.908 Z23
G1 Z22
G1 E17 F9000
G1 F2779.614
G1 X706.016 Y380.396 E49.70059
G1 X619.604 Y293.984 E527.57392
G1 X608.092 Y293.984 E49.70059
;WIPE_START
G1 F600
G1 X615.092 Y293.984 E-10
;WIPE_END
G1 Z23 F15000
M73 P11 R615
G1 X706.016 Y554.718 Z23
G1 Z22
G1 E17 F9000
G1 F2779.614
G1 X706.016 Y543.206 E49.70059
G1 X456.794 Y293.984 E1521.58569
G1 X445.282 Y293.984 E49.70059
;WIPE_START
G1 F600
G1 X452.282 Y293.984 E-10
;WIPE_END
G1 Z23 F15000
G1 X445.282 Y706.016 Z23
G1 Z22
G1 E17 F9000
G1 F2779.614
G1 X456.794 Y706.016 E49.70059
G1 X706.016 Y456.794 E1521.58571
G1 X706.016 Y445.282 E49.70059
;WIPE_START
G1 F600
G1 X706.016 Y452.282 E-10
;WIPE_END
G1 Z23 F15000
G1 X694.503 Y706.016 Z23
G1 Z22
G1 E17 F9000
G1 F2779.614
G1 X706.016 Y706.016 E49.70059
G1 X293.984 Y293.984 E2515.59745
G1 X305.497 Y293.984 E49.70059
;WIPE_START
G1 F600
G1 X298.497 Y293.984 E-10
;WIPE_END
G1 Z23 F15000
G1 X305.497 Y706.016 Z23
G1 Z22
G1 E17 F9000
G1 F2779.614
G1 X293.984 Y706.016 E49.70028
G1 X706.016 Y293.984 E2515.59704
G1 X694.503 Y293.984 E49.7003
M73 P12 R615
;WIPE_START
G1 F600
G1 X701.503 Y293.984 E-10
;WIPE_END
G1 Z23 F15000
G1 X608.092 Y706.016 Z23
G1 Z22
G1 E17 F9000
G1 F2779.614
G1 X619.604 Y706.016 E49.70059
G1 X706.016 Y619.604 E527.57393
G1 X706.016 Y608.092 E49.70059
M73 P12 R614
;WIPE_START
G1 F600
G1 X706.016 Y615.092 E-10
;WIPE_END
G1 Z23 F15000
G1 X554.718 Y706.016 Z23
G1 Z22
G1 E17 F9000
G1 F2779.614
G1 X543.206 Y706.016 E49.70059
G1 X293.984 Y456.794 E1521.58569
G1 X293.984 Y445.282 E49.70059
;WIPE_START
G1 F600
G1 X293.984 Y452.282 E-10
;WIPE_END
G1 Z23 F15000
G1 X391.908 Y706.016 Z23
G1 Z22
G1 E17 F9000
G1 F2779.614
G1 X380.396 Y706.016 E49.70059
G1 X293.984 Y619.604 E527.57392
G1 X293.984 Y608.092 E49.70059
; stop printing object Cube id:0 copy 0
;LAYER_CHANGE
;Z:23.5
;HEIGHT:1.5
;BEFORE_LAYER_CHANGE
;23.5
G92 E0

EXCLUDE_OBJECT_END NAME=Cube_id_0_copy_0
;AFTER_LAYER_CHANGE
;23.5
;_SET_FAN_SPEED_CHANGING_LAYER
; printing object Cube id:0 copy 0
;WIPE_START
G1 F600
G1 X293.984 Y615.092 E-10
;WIPE_END
EXCLUDE_OBJECT_START NAME=Cube_id_0_copy_0
G1 Z24.5 F15000
G1 X291.538 Y708.462 Z24.5
G1 Z23.5
G1 E17 F9000
;TYPE:Outer wall
;WIDTH:3.2
G1 F2779.615
G1 X291.538 Y291.538 E1799.91857
G1 X708.462 Y291.538 E1799.91857
G1 X708.462 Y708.462 E1799.91857
G1 X291.838 Y708.462 E1798.62343
;WIPE_START
G1 F600
G1 X291.833 Y701.462 E-10
;WIPE_END
G1 Z24.5 F15000
G1 X293.984 Y608.092 Z24.5
G1 Z23.5
G1 E17 F9000
;TYPE:Sparse infill
;WIDTH:3.2
G1 F2779.614
G1 X293.984 Y619.604 E49.70059
G1 X380.396 Y706.016 E527.57392
G1 X391.908 Y706.016 E49.70059
M73 P12 R613
;WIPE_START
G1 F600
G1 X384.908 Y706.016 E-10
;WIPE_END
G1 Z24.5 F15000
G1 X293.984 Y445.282 Z24.5
G1 Z23.5
G1 E17 F9000
G1 F2779.614
G1 X293.984 Y456.794 E49.70059
G1 X543.206 Y706.016 E1521.58569
G1 X554.718 Y706.016 E49.70059
;WIPE_START
G1 F600
G1 X547.718 Y706.016 E-10
;WIPE_END
G1 Z24.5 F15000
G1 X706.016 Y608.092 Z24.5
G1 Z23.5
G1 E17 F9000
G1 F2779.614
G1 X706.016 Y619.604 E49.70059
G1 X619.604 Y706.016 E527.57393
G1 X608.092 Y706.016 E49.70059
;WIPE_START
G1 F600
G1 X615.092 Y706.016 E-10
;WIPE_END
G1 Z24.5 F15000
G1 X706.016 Y445.282 Z24.5
G1 Z23.5
G1 E17 F9000
G1 F2779.614
G1 X706.016 Y456.794 E49.70059
G1 X456.794 Y706.016 E1521.58571
G1 X445.282 Y706.016 E49.70059
;WIPE_START
G1 F600
G1 X452.282 Y706.016 E-10
;WIPE_END
G1 Z24.5 F15000
G1 X445.282 Y293.984 Z24.5
G1 Z23.5
G1 E17 F9000
G1 F2779.614
G1 X456.794 Y293.984 E49.70059
G1 X706.016 Y543.206 E1521.58569
G1 X706.016 Y554.718 E49.70059
;WIPE_START
G1 F600
G1 X706.016 Y547.718 E-10
;WIPE_END
G1 Z24.5 F15000
G1 X694.503 Y293.984 Z24.5
G1 Z23.5
G1 E17 F9000
G1 F2779.614
G1 X706.016 Y293.984 E49.7003
G1 X293.984 Y706.016 E2515.59704
G1 X305.497 Y706.016 E49.70028
;WIPE_START
G1 F600
G1 X298.497 Y706.016 E-10
;WIPE_END
G1 Z24.5 F15000
G1 X305.497 Y293.984 Z24.5
G1 Z23.5
M73 P12 R612
G1 E17 F9000
G1 F2779.614
G1 X293.984 Y293.984 E49.70059
G1 X706.016 Y706.016 E2515.59745
G1 X694.503 Y706.016 E49.70059
;WIPE_START
G1 F600
G1 X701.503 Y706.016 E-10
;WIPE_END
G1 Z24.5 F15000
G1 X608.092 Y293.984 Z24.5
G1 Z23.5
G1 E17 F9000
G1 F2779.614
G1 X619.604 Y293.984 E49.70059
G1 X706.016 Y380.396 E527.57392
G1 X706.016 Y391.908 E49.70059
;WIPE_START
G1 F600
G1 X706.016 Y384.908 E-10
;WIPE_END
G1 Z24.5 F15000
G1 X554.718 Y293.984 Z24.5
G1 Z23.5
G1 E17 F9000
G1 F2779.614
G1 X543.206 Y293.984 E49.70059
G1 X293.984 Y543.206 E1521.58568
G1 X293.984 Y554.718 E49.70059
;WIPE_START
G1 F600
G1 X293.984 Y547.718 E-10
;WIPE_END
G1 Z24.5 F15000
G1 X391.908 Y293.984 Z24.5
G1 Z23.5
G1 E17 F9000
G1 F2779.614
G1 X380.396 Y293.984 E49.70059
G1 X293.984 Y380.396 E527.5739
G1 X293.984 Y391.908 E49.70059
; stop printing object Cube id:0 copy 0
;LAYER_CHANGE
;Z:25
;HEIGHT:1.5
;BEFORE_LAYER_CHANGE
;25
G92 E0

EXCLUDE_OBJECT_END NAME=Cube_id_0_copy_0
;AFTER_LAYER_CHANGE
;25
;_SET_FAN_SPEED_CHANGING_LAYER
; printing object Cube id:0 copy 0
;WIPE_START
G1 F600
G1 X293.984 Y384.908 E-10
;WIPE_END
EXCLUDE_OBJECT_START NAME=Cube_id_0_copy_0
G1 Z26 F15000
G1 X291.538 Y291.538 Z26
G1 Z25
G1 E17 F9000
;TYPE:Outer wall
;WIDTH:3.2
G1 F2779.615
G1 X708.462 Y291.538 E1799.91857
G1 X708.462 Y708.462 E1799.91857
G1 X291.538 Y708.462 E1799.91857
G1 X291.538 Y291.838 E1798.62343
M73 P12 R611
;WIPE_START
G1 F600
G1 X298.538 Y291.833 E-10
;WIPE_END
G1 Z26 F15000
G1 X293.984 Y391.908 Z26
G1 Z25
G1 E17 F9000
;TYPE:Sparse infill
;WIDTH:3.2
G1 F2779.614
G1 X293.984 Y380.396 E49.70059
G1 X380.396 Y293.984 E527.5739
G1 X391.908 Y293.984 E49.70059
;WIPE_START
G1 F600
G1 X384.908 Y293.984 E-10
;WIPE_END
G1 Z26 F15000
G1 X293.984 Y554.718 Z26
G1 Z25
G1 E17 F9000
G1 F2779.614
G1 X293.984 Y543.206 E49.70059
G1 X543.206 Y293.984 E1521.58568
G1 X554.718 Y293.984 E49.70059
;WIPE_START
G1 F600
G1 X547.718 Y293.984 E-10
;WIPE_END
G1 Z26 F15000
G1 X706.016 Y391.908 Z26
G1 Z25
G1 E17 F9000
G1 F2779.614
G1 X706.016 Y380.396 E49.70059
G1 X619.604 Y293.984 E527.57392
G1 X608.092 Y293.984 E49.70059
;WIPE_START
G1 F600
G1 X615.092 Y293.984 E-10
;WIPE_END
G1 Z26 F15000
G1 X706.016 Y554.718 Z26
G1 Z25
G1 E17 F9000
G1 F2779.614
G1 X706.016 Y543.206 E49.70059
G1 X456.794 Y293.984 E1521.58569
G1 X445.282 Y293.984 E49.70059
;WIPE_START
G1 F600
G1 X452.282 Y293.984 E-10
;WIPE_END
G1 Z26 F15000
G1 X445.282 Y706.016 Z26
G1 Z25
G1 E17 F9000
G1 F2779.614
G1 X456.794 Y706.016 E49.70059
G1 X706.016 Y456.794 E1521.58571
G1 X706.016 Y445.282 E49.70059
M73 P12 R610
;WIPE_START
G1 F600
G1 X706.016 Y452.282 E-10
;WIPE_END
G1 Z26 F15000
G1 X694.503 Y706.016 Z26
G1 Z25
G1 E17 F9000
G1 F2779.614
G1 X706.016 Y706.016 E49.70059
G1 X293.984 Y293.984 E2515.59745
G1 X305.497 Y293.984 E49.70059
;WIPE_START
G1 F600
G1 X298.497 Y293.984 E-10
;WIPE_END
G1 Z26 F15000
G1 X305.497 Y706.016 Z26
G1 Z25
G1 E17 F9000
G1 F2779.614
G1 X293.984 Y706.016 E49.70028
G1 X706.016 Y293.984 E2515.59704
G1 X694.503 Y293.984 E49.7003
;WIPE_START
G1 F600
G1 X701.503 Y293.984 E-10
;WIPE_END
G1 Z26 F15000
G1 X608.092 Y706.016 Z26
G1 Z25
G1 E17 F9000
G1 F2779.614
G1 X619.604 Y706.016 E49.70059
G1 X706.016 Y619.604 E527.57393
G1 X706.016 Y608.092 E49.70059
;WIPE_START
G1 F600
G1 X706.016 Y615.092 E-10
;WIPE_END
G1 Z26 F15000
G1 X554.718 Y706.016 Z26
G1 Z25
G1 E17 F9000
G1 F2779.614
G1 X543.206 Y706.016 E49.70059
G1 X293.984 Y456.794 E1521.58569
G1 X293.984 Y445.282 E49.70059
;WIPE_START
G1 F600
G1 X293.984 Y452.282 E-10
;WIPE_END
G1 Z26 F15000
G1 X391.908 Y706.016 Z26
G1 Z25
G1 E17 F9000
G1 F2779.614
G1 X380.396 Y706.016 E49.70059
G1 X293.984 Y619.604 E527.57392
G1 X293.984 Y608.092 E49.70059
; stop printing object Cube id:0 copy 0
;LAYER_CHANGE
;Z:26.5
;HEIGHT:1.5
;BEFORE_LAYER_CHANGE
;26.5
G92 E0

EXCLUDE_OBJECT_END NAME=Cube_id_0_copy_0
;AFTER_LAYER_CHANGE
;26.5
;_SET_FAN_SPEED_CHANGING_LAYER
; printing object Cube id:0 copy 0
;WIPE_START
G1 F600
G1 X293.984 Y615.092 E-10
;WIPE_END
EXCLUDE_OBJECT_START NAME=Cube_id_0_copy_0
G1 Z27.5 F15000
G1 X291.538 Y708.462 Z27.5
G1 Z26.5
G1 E17 F9000
;TYPE:Outer wall
;WIDTH:3.2
G1 F2779.615
G1 X291.538 Y291.538 E1799.91857
G1 X708.462 Y291.538 E1799.91857
M73 P12 R609
G1 X708.462 Y708.462 E1799.91857
G1 X291.838 Y708.462 E1798.62343
;WIPE_START
G1 F600
G1 X291.833 Y701.462 E-10
;WIPE_END
G1 Z27.5 F15000
G1 X293.984 Y608.092 Z27.5
G1 Z26.5
G1 E17 F9000
;TYPE:Sparse infill
;WIDTH:3.2
G1 F2779.614
G1 X293.984 Y619.604 E49.70059
G1 X380.396 Y706.016 E527.57392
G1 X391.908 Y706.016 E49.70059
;WIPE_START
G1 F600
G1 X384.908 Y706.016 E-10
;WIPE_END
G1 Z27.5 F15000
G1 X293.984 Y445.282 Z27.5
G1 Z26.5
G1 E17 F9000
G1 F2779.614
G1 X293.984 Y456.794 E49.70059
G1 X543.206 Y706.016 E1521.58569
G1 X554.718 Y706.016 E49.70059
;WIPE_START
G1 F600
G1 X547.718 Y706.016 E-10
;WIPE_END
G1 Z27.5 F15000
G1 X706.016 Y608.092 Z27.5
G1 Z26.5
G1 E17 F9000
G1 F2779.614
G1 X706.016 Y619.604 E49.70059
G1 X619.604 Y706.016 E527.57393
G1 X608.092 Y706.016 E49.70059
;WIPE_START
G1 F600
G1 X615.092 Y706.016 E-10
;WIPE_END
G1 Z27.5 F15000
G1 X706.016 Y445.282 Z27.5
G1 Z26.5
G1 E17 F9000
G1 F2779.614
G1 X706.016 Y456.794 E49.70059
G1 X456.794 Y706.016 E1521.58571
M73 P12 R608
G1 X445.282 Y706.016 E49.70059
;WIPE_START
G1 F600
G1 X452.282 Y706.016 E-10
;WIPE_END
G1 Z27.5 F15000
G1 X445.282 Y293.984 Z27.5
G1 Z26.5
G1 E17 F9000
G1 F2779.614
G1 X456.794 Y293.984 E49.70059
G1 X706.016 Y543.206 E1521.58569
G1 X706.016 Y554.718 E49.70059
;WIPE_START
G1 F600
G1 X706.016 Y547.718 E-10
;WIPE_END
G1 Z27.5 F15000
G1 X694.503 Y293.984 Z27.5
G1 Z26.5
G1 E17 F9000
G1 F2779.614
G1 X706.016 Y293.984 E49.7003
G1 X293.984 Y706.016 E2515.59704
G1 X305.497 Y706.016 E49.70028
;WIPE_START
G1 F600
G1 X298.497 Y706.016 E-10
;WIPE_END
G1 Z27.5 F15000
G1 X305.497 Y293.984 Z27.5
G1 Z26.5
G1 E17 F9000
G1 F2779.614
G1 X293.984 Y293.984 E49.70059
G1 X706.016 Y706.016 E2515.59745
G1 X694.503 Y706.016 E49.70059
M73 P13 R608
;WIPE_START
G1 F600
G1 X701.503 Y706.016 E-10
;WIPE_END
G1 Z27.5 F15000
G1 X608.092 Y293.984 Z27.5
G1 Z26.5
G1 E17 F9000
G1 F2779.614
G1 X619.604 Y293.984 E49.70059
G1 X706.016 Y380.396 E527.57392
G1 X706.016 Y391.908 E49.70059
;WIPE_START
G1 F600
G1 X706.016 Y384.908 E-10
;WIPE_END
G1 Z27.5 F15000
M73 P13 R607
G1 X554.718 Y293.984 Z27.5
G1 Z26.5
G1 E17 F9000
G1 F2779.614
G1 X543.206 Y293.984 E49.70059
G1 X293.984 Y543.206 E1521.58568
G1 X293.984 Y554.718 E49.70059
;WIPE_START
G1 F600
G1 X293.984 Y547.718 E-10
;WIPE_END
G1 Z27.5 F15000
G1 X391.908 Y293.984 Z27.5
G1 Z26.5
G1 E17 F9000
G1 F2779.614
G1 X380.396 Y293.984 E49.70059
G1 X293.984 Y380.396 E527.5739
G1 X293.984 Y391.908 E49.70059
; stop printing object Cube id:0 copy 0
;LAYER_CHANGE
;Z:28
;HEIGHT:1.5
;BEFORE_LAYER_CHANGE
;28
G92 E0

EXCLUDE_OBJECT_END NAME=Cube_id_0_copy_0
;AFTER_LAYER_CHANGE
;28
;_SET_FAN_SPEED_CHANGING_LAYER
; printing object Cube id:0 copy 0
;WIPE_START
G1 F600
G1 X293.984 Y384.908 E-10
;WIPE_END
EXCLUDE_OBJECT_START NAME=Cube_id_0_copy_0
G1 Z29 F15000
G1 X291.538 Y291.538 Z29
G1 Z28
G1 E17 F9000
;TYPE:Outer wall
;WIDTH:3.2
G1 F2779.615
G1 X708.462 Y291.538 E1799.91857
G1 X708.462 Y708.462 E1799.91857
G1 X291.538 Y708.462 E1799.91857
G1 X291.538 Y291.838 E1798.62343
;WIPE_START
G1 F600
G1 X298.538 Y291.833 E-10
;WIPE_END
G1 Z29 F15000
G1 X293.984 Y391.908 Z29
G1 Z28
G1 E17 F9000
;TYPE:Sparse infill
;WIDTH:3.2
G1 F2779.614
G1 X293.984 Y380.396 E49.70059
G1 X380.396 Y293.984 E527.5739
G1 X391.908 Y293.984 E49.70059
;WIPE_START
G1 F600
G1 X384.908 Y293.984 E-10
;WIPE_END
G1 Z29 F15000
M73 P13 R606
G1 X293.984 Y554.718 Z29
G1 Z28
G1 E17 F9000
G1 F2779.614
G1 X293.984 Y543.206 E49.70059
G1 X543.206 Y293.984 E1521.58568
G1 X554.718 Y293.984 E49.70059
;WIPE_START
G1 F600
G1 X547.718 Y293.984 E-10
;WIPE_END
G1 Z29 F15000
G1 X706.016 Y391.908 Z29
G1 Z28
G1 E17 F9000
G1 F2779.614
G1 X706.016 Y380.396 E49.70059
G1 X619.604 Y293.984 E527.57392
G1 X608.092 Y293.984 E49.70059
;WIPE_START
G1 F600
G1 X615.092 Y293.984 E-10
;WIPE_END
G1 Z29 F15000
G1 X706.016 Y554.718 Z29
G1 Z28
G1 E17 F9000
G1 F2779.614
G1 X706.016 Y543.206 E49.70059
G1 X456.794 Y293.984 E1521.58569
G1 X445.282 Y293.984 E49.70059
;WIPE_START
G1 F600
G1 X452.282 Y293.984 E-10
;WIPE_END
G1 Z29 F15000
G1 X445.282 Y706.016 Z29
G1 Z28
G1 E17 F9000
G1 F2779.614
G1 X456.794 Y706.016 E49.70059
G1 X706.016 Y456.794 E1521.58571
G1 X706.016 Y445.282 E49.70059
;WIPE_START
G1 F600
G1 X706.016 Y452.282 E-10
;WIPE_END
G1 Z29 F15000
G1 X694.503 Y706.016 Z29
G1 Z28
G1 E17 F9000
G1 F2779.614
G1 X706.016 Y706.016 E49.70059
G1 X293.984 Y293.984 E2515.59745
G1 X305.497 Y293.984 E49.70059
;WIPE_START
G1 F600
G1 X298.497 Y293.984 E-10
;WIPE_END
G1 Z29 F15000
G1 X305.497 Y706.016 Z29
G1 Z28
G1 E17 F9000
G1 F2779.614
G1 X293.984 Y706.016 E49.70028
G1 X706.016 Y293.984 E2515.59704
G1 X694.503 Y293.984 E49.7003
M73 P13 R605
;WIPE_START
G1 F600
G1 X701.503 Y293.984 E-10
;WIPE_END
G1 Z29 F15000
G1 X608.092 Y706.016 Z29
G1 Z28
G1 E17 F9000
G1 F2779.614
G1 X619.604 Y706.016 E49.70059
G1 X706.016 Y619.604 E527.57393
G1 X706.016 Y608.092 E49.70059
;WIPE_START
G1 F600
G1 X706.016 Y615.092 E-10
;WIPE_END
G1 Z29 F15000
G1 X554.718 Y706.016 Z29
G1 Z28
G1 E17 F9000
G1 F2779.614
G1 X543.206 Y706.016 E49.70059
G1 X293.984 Y456.794 E1521.58569
G1 X293.984 Y445.282 E49.70059
;WIPE_START
G1 F600
G1 X293.984 Y452.282 E-10
;WIPE_END
G1 Z29 F15000
G1 X391.908 Y706.016 Z29
G1 Z28
G1 E17 F9000
G1 F2779.614
G1 X380.396 Y706.016 E49.70059
G1 X293.984 Y619.604 E527.57392
G1 X293.984 Y608.092 E49.70059
; stop printing object Cube id:0 copy 0
;LAYER_CHANGE
;Z:29.5
;HEIGHT:1.5
;BEFORE_LAYER_CHANGE
;29.5
G92 E0

EXCLUDE_OBJECT_END NAME=Cube_id_0_copy_0
;AFTER_LAYER_CHANGE
;29.5
;_SET_FAN_SPEED_CHANGING_LAYER
; printing object Cube id:0 copy 0
;WIPE_START
G1 F600
G1 X293.984 Y615.092 E-10
;WIPE_END
EXCLUDE_OBJECT_START NAME=Cube_id_0_copy_0
G1 Z30.5 F15000
G1 X291.538 Y708.462 Z30.5
G1 Z29.5
G1 E17 F9000
;TYPE:Outer wall
;WIDTH:3.2
G1 F2779.615
G1 X291.538 Y291.538 E1799.91857
G1 X708.462 Y291.538 E1799.91857
G1 X708.462 Y708.462 E1799.91857
G1 X291.838 Y708.462 E1798.62343
M73 P13 R604
;WIPE_START
G1 F600
G1 X291.833 Y701.462 E-10
;WIPE_END
G1 Z30.5 F15000
G1 X293.984 Y608.092 Z30.5
G1 Z29.5
G1 E17 F9000
;TYPE:Sparse infill
;WIDTH:3.2
G1 F2779.614
G1 X293.984 Y619.604 E49.70059
G1 X380.396 Y706.016 E527.57392
G1 X391.908 Y706.016 E49.70059
;WIPE_START
G1 F600
G1 X384.908 Y706.016 E-10
;WIPE_END
G1 Z30.5 F15000
G1 X293.984 Y445.282 Z30.5
G1 Z29.5
G1 E17 F9000
G1 F2779.614
G1 X293.984 Y456.794 E49.70059
G1 X543.206 Y706.016 E1521.58569
G1 X554.718 Y706.016 E49.70059
;WIPE_START
G1 F600
G1 X547.718 Y706.016 E-10
;WIPE_END
G1 Z30.5 F15000
G1 X706.016 Y608.092 Z30.5
G1 Z29.5
G1 E17 F9000
G1 F2779.614
G1 X706.016 Y619.604 E49.70059
G1 X619.604 Y706.016 E527.57393
G1 X608.092 Y706.016 E49.70059
;WIPE_START
G1 F600
G1 X615.092 Y706.016 E-10
;WIPE_END
G1 Z30.5 F15000
G1 X706.016 Y445.282 Z30.5
G1 Z29.5
G1 E17 F9000
G1 F2779.614
G1 X706.016 Y456.794 E49.70059
G1 X456.794 Y706.016 E1521.58571
G1 X445.282 Y706.016 E49.70059
;WIPE_START
G1 F600
G1 X452.282 Y706.016 E-10
;WIPE_END
G1 Z30.5 F15000
G1 X445.282 Y293.984 Z30.5
G1 Z29.5
G1 E17 F9000
G1 F2779.614
G1 X456.794 Y293.984 E49.70059
G1 X706.016 Y543.206 E1521.58569
G1 X706.016 Y554.718 E49.70059
;WIPE_START
G1 F600
G1 X706.016 Y547.718 E-10
;WIPE_END
G1 Z30.5 F15000
G1 X694.503 Y293.984 Z30.5
G1 Z29.5
M73 P13 R603
G1 E17 F9000
G1 F2779.614
G1 X706.016 Y293.984 E49.7003
G1 X293.984 Y706.016 E2515.59704
G1 X305.497 Y706.016 E49.70028
;WIPE_START
G1 F600
G1 X298.497 Y706.016 E-10
;WIPE_END
G1 Z30.5 F15000
G1 X305.497 Y293.984 Z30.5
G1 Z29.5
G1 E17 F9000
G1 F2779.614
G1 X293.984 Y293.984 E49.70059
G1 X706.016 Y706.016 E2515.59745
G1 X694.503 Y706.016 E49.70059
;WIPE_START
G1 F600
G1 X701.503 Y706.016 E-10
;WIPE_END
G1 Z30.5 F15000
G1 X608.092 Y293.984 Z30.5
G1 Z29.5
G1 E17 F9000
G1 F2779.614
G1 X619.604 Y293.984 E49.70059
G1 X706.016 Y380.396 E527.57392
G1 X706.016 Y391.908 E49.70059
;WIPE_START
G1 F600
G1 X706.016 Y384.908 E-10
;WIPE_END
G1 Z30.5 F15000
G1 X554.718 Y293.984 Z30.5
G1 Z29.5
G1 E17 F9000
G1 F2779.614
G1 X543.206 Y293.984 E49.70059
G1 X293.984 Y543.206 E1521.58568
G1 X293.984 Y554.718 E49.70059
;WIPE_START
G1 F600
G1 X293.984 Y547.718 E-10
;WIPE_END
G1 Z30.5 F15000
G1 X391.908 Y293.984 Z30.5
G1 Z29.5
G1 E17 F9000
G1 F2779.614
G1 X380.396 Y293.984 E49.70059
G1 X293.984 Y380.396 E527.5739
G1 X293.984 Y391.908 E49.70059
; stop printing object Cube id:0 copy 0
;LAYER_CHANGE
;Z:31
;HEIGHT:1.5
;BEFORE_LAYER_CHANGE
;31
G92 E0

EXCLUDE_OBJECT_END NAME=Cube_id_0_copy_0
;AFTER_LAYER_CHANGE
;31
;_SET_FAN_SPEED_CHANGING_LAYER
; printing object Cube id:0 copy 0
;WIPE_START
G1 F600
G1 X293.984 Y384.908 E-10
;WIPE_END
EXCLUDE_OBJECT_START NAME=Cube_id_0_copy_0
G1 Z32 F15000
G1 X291.538 Y291.538 Z32
G1 Z31
G1 E17 F9000
;TYPE:Outer wall
;WIDTH:3.2
G1 F2779.615
G1 X708.462 Y291.538 E1799.91857
G1 X708.462 Y708.462 E1799.91857
M73 P13 R602
G1 X291.538 Y708.462 E1799.91857
G1 X291.538 Y291.838 E1798.62343
;WIPE_START
G1 F600
G1 X298.538 Y291.833 E-10
;WIPE_END
G1 Z32 F15000
G1 X293.984 Y391.908 Z32
G1 Z31
G1 E17 F9000
;TYPE:Sparse infill
;WIDTH:3.2
G1 F2779.614
G1 X293.984 Y380.396 E49.70059
G1 X380.396 Y293.984 E527.5739
G1 X391.908 Y293.984 E49.70059
;WIPE_START
G1 F600
G1 X384.908 Y293.984 E-10
;WIPE_END
G1 Z32 F15000
G1 X293.984 Y554.718 Z32
G1 Z31
G1 E17 F9000
G1 F2779.614
G1 X293.984 Y543.206 E49.70059
G1 X543.206 Y293.984 E1521.58568
G1 X554.718 Y293.984 E49.70059
;WIPE_START
G1 F600
G1 X547.718 Y293.984 E-10
;WIPE_END
G1 Z32 F15000
G1 X706.016 Y391.908 Z32
G1 Z31
G1 E17 F9000
G1 F2779.614
G1 X706.016 Y380.396 E49.70059
G1 X619.604 Y293.984 E527.57392
G1 X608.092 Y293.984 E49.70059
;WIPE_START
G1 F600
G1 X615.092 Y293.984 E-10
;WIPE_END
G1 Z32 F15000
G1 X706.016 Y554.718 Z32
G1 Z31
G1 E17 F9000
G1 F2779.614
G1 X706.016 Y543.206 E49.70059
G1 X456.794 Y293.984 E1521.58569
G1 X445.282 Y293.984 E49.70059
M73 P13 R601
;WIPE_START
G1 F600
G1 X452.282 Y293.984 E-10
;WIPE_END
G1 Z32 F15000
G1 X445.282 Y706.016 Z32
G1 Z31
G1 E17 F9000
G1 F2779.614
G1 X456.794 Y706.016 E49.70059
G1 X706.016 Y456.794 E1521.58571
G1 X706.016 Y445.282 E49.70059
;WIPE_START
G1 F600
G1 X706.016 Y452.282 E-10
;WIPE_END
G1 Z32 F15000
G1 X694.503 Y706.016 Z32
G1 Z31
G1 E17 F9000
G1 F2779.614
G1 X706.016 Y706.016 E49.70059
G1 X293.984 Y293.984 E2515.59745
G1 X305.497 Y293.984 E49.70059
;WIPE_START
G1 F600
G1 X298.497 Y293.984 E-10
;WIPE_END
G1 Z32 F15000
G1 X305.497 Y706.016 Z32
G1 Z31
G1 E17 F9000
G1 F2779.614
G1 X293.984 Y706.016 E49.70028
G1 X706.016 Y293.984 E2515.59704
G1 X694.503 Y293.984 E49.7003
M73 P14 R601
;WIPE_START
G1 F600
G1 X701.503 Y293.984 E-10
;WIPE_END
G1 Z32 F15000
G1 X608.092 Y706.016 Z32
G1 Z31
G1 E17 F9000
G1 F2779.614
G1 X619.604 Y706.016 E49.70059
G1 X706.016 Y619.604 E527.57393
G1 X706.016 Y608.092 E49.70059
;WIPE_START
G1 F600
G1 X706.016 Y615.092 E-10
;WIPE_END
G1 Z32 F15000
G1 X554.718 Y706.016 Z32
G1 Z31
G1 E17 F9000
G1 F2779.614
G1 X543.206 Y706.016 E49.70059
G1 X293.984 Y456.794 E1521.58569
G1 X293.984 Y445.282 E49.70059
M73 P14 R600
;WIPE_START
G1 F600
G1 X293.984 Y452.282 E-10
;WIPE_END
G1 Z32 F15000
G1 X391.908 Y706.016 Z32
G1 Z31
G1 E17 F9000
G1 F2779.614
G1 X380.396 Y706.016 E49.70059
G1 X293.984 Y619.604 E527.57392
G1 X293.984 Y608.092 E49.70059
; stop printing object Cube id:0 copy 0
;LAYER_CHANGE
;Z:32.5
;HEIGHT:1.5
;BEFORE_LAYER_CHANGE
;32.5
G92 E0

EXCLUDE_OBJECT_END NAME=Cube_id_0_copy_0
;AFTER_LAYER_CHANGE
;32.5
;_SET_FAN_SPEED_CHANGING_LAYER
; printing object Cube id:0 copy 0
;WIPE_START
G1 F600
G1 X293.984 Y615.092 E-10
;WIPE_END
EXCLUDE_OBJECT_START NAME=Cube_id_0_copy_0
G1 Z33.5 F15000
G1 X291.538 Y708.462 Z33.5
G1 Z32.5
G1 E17 F9000
;TYPE:Outer wall
;WIDTH:3.2
G1 F2779.615
G1 X291.538 Y291.538 E1799.91857
G1 X708.462 Y291.538 E1799.91857
G1 X708.462 Y708.462 E1799.91857
G1 X291.838 Y708.462 E1798.62343
;WIPE_START
G1 F600
G1 X291.833 Y701.462 E-10
;WIPE_END
G1 Z33.5 F15000
G1 X293.984 Y608.092 Z33.5
G1 Z32.5
G1 E17 F9000
;TYPE:Sparse infill
;WIDTH:3.2
G1 F2779.614
G1 X293.984 Y619.604 E49.70059
G1 X380.396 Y706.016 E527.57392
G1 X391.908 Y706.016 E49.70059
;WIPE_START
G1 F600
G1 X384.908 Y706.016 E-10
;WIPE_END
G1 Z33.5 F15000
G1 X293.984 Y445.282 Z33.5
G1 Z32.5
G1 E17 F9000
G1 F2779.614
G1 X293.984 Y456.794 E49.70059
G1 X543.206 Y706.016 E1521.58569
M73 P14 R599
G1 X554.718 Y706.016 E49.70059
;WIPE_START
G1 F600
G1 X547.718 Y706.016 E-10
;WIPE_END
G1 Z33.5 F15000
G1 X706.016 Y608.092 Z33.5
G1 Z32.5
G1 E17 F9000
G1 F2779.614
G1 X706.016 Y619.604 E49.70059
G1 X619.604 Y706.016 E527.57393
G1 X608.092 Y706.016 E49.70059
;WIPE_START
G1 F600
G1 X615.092 Y706.016 E-10
;WIPE_END
G1 Z33.5 F15000
G1 X706.016 Y445.282 Z33.5
G1 Z32.5
G1 E17 F9000
G1 F2779.614
G1 X706.016 Y456.794 E49.70059
G1 X456.794 Y706.016 E1521.58571
G1 X445.282 Y706.016 E49.70059
;WIPE_START
G1 F600
G1 X452.282 Y706.016 E-10
;WIPE_END
G1 Z33.5 F15000
G1 X445.282 Y293.984 Z33.5
G1 Z32.5
G1 E17 F9000
G1 F2779.614
G1 X456.794 Y293.984 E49.70059
G1 X706.016 Y543.206 E1521.58569
G1 X706.016 Y554.718 E49.70059
;WIPE_START
G1 F600
G1 X706.016 Y547.718 E-10
;WIPE_END
G1 Z33.5 F15000
G1 X694.503 Y293.984 Z33.5
G1 Z32.5
G1 E17 F9000
G1 F2779.614
G1 X706.016 Y293.984 E49.7003
G1 X293.984 Y706.016 E2515.59704
G1 X305.497 Y706.016 E49.70028
;WIPE_START
G1 F600
G1 X298.497 Y706.016 E-10
;WIPE_END
G1 Z33.5 F15000
G1 X305.497 Y293.984 Z33.5
G1 Z32.5
G1 E17 F9000
G1 F2779.614
G1 X293.984 Y293.984 E49.70059
G1 X706.016 Y706.016 E2515.59745
G1 X694.503 Y706.016 E49.70059
M73 P14 R598
;WIPE_START
G1 F600
G1 X701.503 Y706.016 E-10
;WIPE_END
G1 Z33.5 F15000
G1 X608.092 Y293.984 Z33.5
G1 Z32.5
G1 E17 F9000
G1 F2779.614
G1 X619.604 Y293.984 E49.70059
G1 X706.016 Y380.396 E527.57392
G1 X706.016 Y391.908 E49.70059
;WIPE_START
G1 F600
G1 X706.016 Y384.908 E-10
;WIPE_END
G1 Z33.5 F15000
G1 X554.718 Y293.984 Z33.5
G1 Z32.5
G1 E17 F9000
G1 F2779.614
G1 X543.206 Y293.984 E49.70059
G1 X293.984 Y543.206 E1521.58568
G1 X293.984 Y554.718 E49.70059
;WIPE_START
G1 F600
G1 X293.984 Y547.718 E-10
;WIPE_END
G1 Z33.5 F15000
G1 X391.908 Y293.984 Z33.5
G1 Z32.5
G1 E17 F9000
G1 F2779.614
G1 X380.396 Y293.984 E49.70059
G1 X293.984 Y380.396 E527.5739
G1 X293.984 Y391.908 E49.70059
; stop printing object Cube id:0 copy 0
;LAYER_CHANGE
;Z:34
;HEIGHT:1.5
;BEFORE_LAYER_CHANGE
;34
G92 E0

EXCLUDE_OBJECT_END NAME=Cube_id_0_copy_0
;AFTER_LAYER_CHANGE
;34
;_SET_FAN_SPEED_CHANGING_LAYER
; printing object Cube id:0 copy 0
;WIPE_START
G1 F600
G1 X293.984 Y384.908 E-10
;WIPE_END
EXCLUDE_OBJECT_START NAME=Cube_id_0_copy_0
G1 Z35 F15000
G1 X291.538 Y291.538 Z35
G1 Z34
G1 E17 F9000
;TYPE:Outer wall
;WIDTH:3.2
G1 F2779.615
G1 X708.462 Y291.538 E1799.91857
G1 X708.462 Y708.462 E1799.91857
G1 X291.538 Y708.462 E1799.91857
G1 X291.538 Y291.838 E1798.62343
M73 P14 R597
;WIPE_START
G1 F600
G1 X298.538 Y291.833 E-10
;WIPE_END
G1 Z35 F15000
G1 X293.984 Y391.908 Z35
G1 Z34
G1 E17 F9000
;TYPE:Sparse infill
;WIDTH:3.2
G1 F2779.614
G1 X293.984 Y380.396 E49.70059
G1 X380.396 Y293.984 E527.5739
G1 X391.908 Y293.984 E49.70059
;WIPE_START
G1 F600
G1 X384.908 Y293.984 E-10
;WIPE_END
G1 Z35 F15000
G1 X293.984 Y554.718 Z35
G1 Z34
G1 E17 F9000
G1 F2779.614
G1 X293.984 Y543.206 E49.70059
G1 X543.206 Y293.984 E1521.58568
G1 X554.718 Y293.984 E49.70059
;WIPE_START
G1 F600
G1 X547.718 Y293.984 E-10
;WIPE_END
G1 Z35 F15000
G1 X706.016 Y391.908 Z35
G1 Z34
G1 E17 F9000
G1 F2779.614
G1 X706.016 Y380.396 E49.70059
G1 X619.604 Y293.984 E527.57392
G1 X608.092 Y293.984 E49.70059
;WIPE_START
G1 F600
G1 X615.092 Y293.984 E-10
;WIPE_END
G1 Z35 F15000
G1 X706.016 Y554.718 Z35
G1 Z34
G1 E17 F9000
G1 F2779.614
G1 X706.016 Y543.206 E49.70059
G1 X456.794 Y293.984 E1521.58569
G1 X445.282 Y293.984 E49.70059
;WIPE_START
G1 F600
G1 X452.282 Y293.984 E-10
;WIPE_END
G1 Z35 F15000
G1 X445.282 Y706.016 Z35
G1 Z34
G1 E17 F9000
G1 F2779.614
G1 X456.794 Y706.016 E49.70059
G1 X706.016 Y456.794 E1521.58571
G1 X706.016 Y445.282 E49.70059
;WIPE_START
G1 F600
G1 X706.016 Y452.282 E-10
;WIPE_END
G1 Z35 F15000
G1 X694.503 Y706.016 Z35
G1 Z34
G1 E17 F9000
G1 F2779.614
G1 X706.016 Y706.016 E49.70059
G1 X293.984 Y293.984 E2515.59745
G1 X305.497 Y293.984 E49.70059
M73 P14 R596
;WIPE_START
G1 F600
G1 X298.497 Y293.984 E-10
;WIPE_END
G1 Z35 F15000
G1 X305.497 Y706.016 Z35
G1 Z34
G1 E17 F9000
G1 F2779.614
G1 X293.984 Y706.016 E49.70028
G1 X706.016 Y293.984 E2515.59704
G1 X694.503 Y293.984 E49.7003
;WIPE_START
G1 F600
G1 X701.503 Y293.984 E-10
;WIPE_END
G1 Z35 F15000
G1 X608.092 Y706.016 Z35
G1 Z34
G1 E17 F9000
G1 F2779.614
G1 X619.604 Y706.016 E49.70059
G1 X706.016 Y619.604 E527.57393
G1 X706.016 Y608.092 E49.70059
;WIPE_START
G1 F600
G1 X706.016 Y615.092 E-10
;WIPE_END
G1 Z35 F15000
G1 X554.718 Y706.016 Z35
G1 Z34
G1 E17 F9000
G1 F2779.614
G1 X543.206 Y706.016 E49.70059
G1 X293.984 Y456.794 E1521.58569
G1 X293.984 Y445.282 E49.70059
;WIPE_START
G1 F600
G1 X293.984 Y452.282 E-10
;WIPE_END
G1 Z35 F15000
G1 X391.908 Y706.016 Z35
G1 Z34
G1 E17 F9000
G1 F2779.614
G1 X380.396 Y706.016 E49.70059
G1 X293.984 Y619.604 E527.57392
G1 X293.984 Y608.092 E49.70059
; stop printing object Cube id:0 copy 0
;LAYER_CHANGE
;Z:35.5
;HEIGHT:1.5
;BEFORE_LAYER_CHANGE
;35.5
G92 E0

EXCLUDE_OBJECT_END NAME=Cube_id_0_copy_0
;AFTER_LAYER_CHANGE
;35.5
;_SET_FAN_SPEED_CHANGING_LAYER
; printing object Cube id:0 copy 0
;WIPE_START
G1 F600
G1 X293.984 Y615.092 E-10
;WIPE_END
EXCLUDE_OBJECT_START NAME=Cube_id_0_copy_0
G1 Z36.5 F15000
G1 X291.538 Y708.462 Z36.5
G1 Z35.5
G1 E17 F9000
;TYPE:Outer wall
;WIDTH:3.2
G1 F2779.615
G1 X291.538 Y291.538 E1799.91857
G1 X708.462 Y291.538 E1799.91857
M73 P14 R595
G1 X708.462 Y708.462 E1799.91857
G1 X291.838 Y708.462 E1798.62343
;WIPE_START
G1 F600
G1 X291.833 Y701.462 E-10
;WIPE_END
G1 Z36.5 F15000
G1 X293.984 Y608.092 Z36.5
G1 Z35.5
G1 E17 F9000
;TYPE:Sparse infill
;WIDTH:3.2
G1 F2779.614
G1 X293.984 Y619.604 E49.70059
G1 X380.396 Y706.016 E527.57392
G1 X391.908 Y706.016 E49.70059
;WIPE_START
G1 F600
G1 X384.908 Y706.016 E-10
;WIPE_END
G1 Z36.5 F15000
G1 X293.984 Y445.282 Z36.5
G1 Z35.5
G1 E17 F9000
G1 F2779.614
G1 X293.984 Y456.794 E49.70059
G1 X543.206 Y706.016 E1521.58569
G1 X554.718 Y706.016 E49.70059
;WIPE_START
G1 F600
G1 X547.718 Y706.016 E-10
;WIPE_END
G1 Z36.5 F15000
G1 X706.016 Y608.092 Z36.5
G1 Z35.5
G1 E17 F9000
G1 F2779.614
G1 X706.016 Y619.604 E49.70059
G1 X619.604 Y706.016 E527.57393
G1 X608.092 Y706.016 E49.70059
;WIPE_START
G1 F600
G1 X615.092 Y706.016 E-10
;WIPE_END
G1 Z36.5 F15000
G1 X706.016 Y445.282 Z36.5
G1 Z35.5
G1 E17 F9000
G1 F2779.614
G1 X706.016 Y456.794 E49.70059
G1 X456.794 Y706.016 E1521.58571
G1 X445.282 Y706.016 E49.70059
M73 P14 R594
;WIPE_START
G1 F600
G1 X452.282 Y706.016 E-10
;WIPE_END
G1 Z36.5 F15000
G1 X445.282 Y293.984 Z36.5
G1 Z35.5
G1 E17 F9000
G1 F2779.614
G1 X456.794 Y293.984 E49.70059
G1 X706.016 Y543.206 E1521.58569
G1 X706.016 Y554.718 E49.70059
;WIPE_START
G1 F600
G1 X706.016 Y547.718 E-10
;WIPE_END
G1 Z36.5 F15000
G1 X694.503 Y293.984 Z36.5
G1 Z35.5
G1 E17 F9000
G1 F2779.614
G1 X706.016 Y293.984 E49.7003
G1 X293.984 Y706.016 E2515.59704
G1 X305.497 Y706.016 E49.70028
;WIPE_START
G1 F600
G1 X298.497 Y706.016 E-10
;WIPE_END
G1 Z36.5 F15000
G1 X305.497 Y293.984 Z36.5
G1 Z35.5
G1 E17 F9000
G1 F2779.614
G1 X293.984 Y293.984 E49.70059
G1 X706.016 Y706.016 E2515.59745
G1 X694.503 Y706.016 E49.70059
M73 P15 R594
;WIPE_START
G1 F600
G1 X701.503 Y706.016 E-10
;WIPE_END
G1 Z36.5 F15000
G1 X608.092 Y293.984 Z36.5
G1 Z35.5
G1 E17 F9000
G1 F2779.614
G1 X619.604 Y293.984 E49.70059
G1 X706.016 Y380.396 E527.57392
G1 X706.016 Y391.908 E49.70059
;WIPE_START
G1 F600
G1 X706.016 Y384.908 E-10
;WIPE_END
G1 Z36.5 F15000
G1 X554.718 Y293.984 Z36.5
G1 Z35.5
G1 E17 F9000
G1 F2779.614
G1 X543.206 Y293.984 E49.70059
G1 X293.984 Y543.206 E1521.58568
G1 X293.984 Y554.718 E49.70059
M73 P15 R593
;WIPE_START
G1 F600
G1 X293.984 Y547.718 E-10
;WIPE_END
G1 Z36.5 F15000
G1 X391.908 Y293.984 Z36.5
G1 Z35.5
G1 E17 F9000
G1 F2779.614
G1 X380.396 Y293.984 E49.70059
G1 X293.984 Y380.396 E527.5739
G1 X293.984 Y391.908 E49.70059
; stop printing object Cube id:0 copy 0
;LAYER_CHANGE
;Z:37
;HEIGHT:1.5
;BEFORE_LAYER_CHANGE
;37
G92 E0

EXCLUDE_OBJECT_END NAME=Cube_id_0_copy_0
;AFTER_LAYER_CHANGE
;37
;_SET_FAN_SPEED_CHANGING_LAYER
; printing object Cube id:0 copy 0
;WIPE_START
G1 F600
G1 X293.984 Y384.908 E-10
;WIPE_END
EXCLUDE_OBJECT_START NAME=Cube_id_0_copy_0
G1 Z38 F15000
G1 X291.538 Y291.538 Z38
G1 Z37
G1 E17 F9000
;TYPE:Outer wall
;WIDTH:3.2
G1 F2779.615
G1 X708.462 Y291.538 E1799.91857
G1 X708.462 Y708.462 E1799.91857
G1 X291.538 Y708.462 E1799.91857
G1 X291.538 Y291.838 E1798.62343
;WIPE_START
G1 F600
G1 X298.538 Y291.833 E-10
;WIPE_END
G1 Z38 F15000
G1 X293.984 Y391.908 Z38
G1 Z37
G1 E17 F9000
;TYPE:Sparse infill
;WIDTH:3.2
G1 F2779.614
G1 X293.984 Y380.396 E49.70059
G1 X380.396 Y293.984 E527.5739
G1 X391.908 Y293.984 E49.70059
;WIPE_START
G1 F600
G1 X384.908 Y293.984 E-10
;WIPE_END
G1 Z38 F15000
G1 X293.984 Y554.718 Z38
G1 Z37
G1 E17 F9000
G1 F2779.614
G1 X293.984 Y543.206 E49.70059
G1 X543.206 Y293.984 E1521.58568
G1 X554.718 Y293.984 E49.70059
M73 P15 R592
;WIPE_START
G1 F600
G1 X547.718 Y293.984 E-10
;WIPE_END
G1 Z38 F15000
G1 X706.016 Y391.908 Z38
G1 Z37
G1 E17 F9000
G1 F2779.614
G1 X706.016 Y380.396 E49.70059
G1 X619.604 Y293.984 E527.57392
G1 X608.092 Y293.984 E49.70059
;WIPE_START
G1 F600
G1 X615.092 Y293.984 E-10
;WIPE_END
G1 Z38 F15000
G1 X706.016 Y554.718 Z38
G1 Z37
G1 E17 F9000
G1 F2779.614
G1 X706.016 Y543.206 E49.70059
G1 X456.794 Y293.984 E1521.58569
G1 X445.282 Y293.984 E49.70059
;WIPE_START
G1 F600
G1 X452.282 Y293.984 E-10
;WIPE_END
G1 Z38 F15000
G1 X445.282 Y706.016 Z38
G1 Z37
G1 E17 F9000
G1 F2779.614
G1 X456.794 Y706.016 E49.70059
G1 X706.016 Y456.794 E1521.58571
G1 X706.016 Y445.282 E49.70059
;WIPE_START
G1 F600
G1 X706.016 Y452.282 E-10
;WIPE_END
G1 Z38 F15000
G1 X694.503 Y706.016 Z38
G1 Z37
G1 E17 F9000
G1 F2779.614
G1 X706.016 Y706.016 E49.70059
G1 X293.984 Y293.984 E2515.59745
G1 X305.497 Y293.984 E49.70059
;WIPE_START
G1 F600
G1 X298.497 Y293.984 E-10
;WIPE_END
G1 Z38 F15000
G1 X305.497 Y706.016 Z38
G1 Z37
G1 E17 F9000
G1 F2779.614
G1 X293.984 Y706.016 E49.70028
G1 X706.016 Y293.984 E2515.59704
G1 X694.503 Y293.984 E49.7003
M73 P15 R591
;WIPE_START
G1 F600
G1 X701.503 Y293.984 E-10
;WIPE_END
G1 Z38 F15000
G1 X608.092 Y706.016 Z38
G1 Z37
G1 E17 F9000
G1 F2779.614
G1 X619.604 Y706.016 E49.70059
G1 X706.016 Y619.604 E527.57393
G1 X706.016 Y608.092 E49.70059
;WIPE_START
G1 F600
G1 X706.016 Y615.092 E-10
;WIPE_END
G1 Z38 F15000
G1 X554.718 Y706.016 Z38
G1 Z37
G1 E17 F9000
G1 F2779.614
G1 X543.206 Y706.016 E49.70059
G1 X293.984 Y456.794 E1521.58569
G1 X293.984 Y445.282 E49.70059
;WIPE_START
G1 F600
G1 X293.984 Y452.282 E-10
;WIPE_END
G1 Z38 F15000
G1 X391.908 Y706.016 Z38
G1 Z37
G1 E17 F9000
G1 F2779.614
G1 X380.396 Y706.016 E49.70059
G1 X293.984 Y619.604 E527.57392
G1 X293.984 Y608.092 E49.70059
; stop printing object Cube id:0 copy 0
;LAYER_CHANGE
;Z:38.5
;HEIGHT:1.5
;BEFORE_LAYER_CHANGE
;38.5
G92 E0

EXCLUDE_OBJECT_END NAME=Cube_id_0_copy_0
;AFTER_LAYER_CHANGE
;38.5
;_SET_FAN_SPEED_CHANGING_LAYER
; printing object Cube id:0 copy 0
;WIPE_START
G1 F600
G1 X293.984 Y615.092 E-10
;WIPE_END
EXCLUDE_OBJECT_START NAME=Cube_id_0_copy_0
G1 Z39.5 F15000
G1 X291.538 Y708.462 Z39.5
G1 Z38.5
G1 E17 F9000
;TYPE:Outer wall
;WIDTH:3.2
G1 F2779.615
G1 X291.538 Y291.538 E1799.91857
G1 X708.462 Y291.538 E1799.91857
G1 X708.462 Y708.462 E1799.91857
G1 X291.838 Y708.462 E1798.62343
;WIPE_START
G1 F600
M73 P15 R590
G1 X291.833 Y701.462 E-10
;WIPE_END
G1 Z39.5 F15000
G1 X293.984 Y608.092 Z39.5
G1 Z38.5
G1 E17 F9000
;TYPE:Sparse infill
;WIDTH:3.2
G1 F2779.614
G1 X293.984 Y619.604 E49.70059
G1 X380.396 Y706.016 E527.57392
G1 X391.908 Y706.016 E49.70059
;WIPE_START
G1 F600
G1 X384.908 Y706.016 E-10
;WIPE_END
G1 Z39.5 F15000
G1 X293.984 Y445.282 Z39.5
G1 Z38.5
G1 E17 F9000
G1 F2779.614
G1 X293.984 Y456.794 E49.70059
G1 X543.206 Y706.016 E1521.58569
G1 X554.718 Y706.016 E49.70059
;WIPE_START
G1 F600
G1 X547.718 Y706.016 E-10
;WIPE_END
G1 Z39.5 F15000
G1 X706.016 Y608.092 Z39.5
G1 Z38.5
G1 E17 F9000
G1 F2779.614
G1 X706.016 Y619.604 E49.70059
G1 X619.604 Y706.016 E527.57393
G1 X608.092 Y706.016 E49.70059
;WIPE_START
G1 F600
G1 X615.092 Y706.016 E-10
;WIPE_END
G1 Z39.5 F15000
G1 X706.016 Y445.282 Z39.5
G1 Z38.5
G1 E17 F9000
G1 F2779.614
G1 X706.016 Y456.794 E49.70059
G1 X456.794 Y706.016 E1521.58571
G1 X445.282 Y706.016 E49.70059
;WIPE_START
G1 F600
G1 X452.282 Y706.016 E-10
;WIPE_END
G1 Z39.5 F15000
G1 X445.282 Y293.984 Z39.5
G1 Z38.5
G1 E17 F9000
G1 F2779.614
G1 X456.794 Y293.984 E49.70059
G1 X706.016 Y543.206 E1521.58569
G1 X706.016 Y554.718 E49.70059
;WIPE_START
G1 F600
G1 X706.016 Y547.718 E-10
;WIPE_END
G1 Z39.5 F15000
G1 X694.503 Y293.984 Z39.5
G1 Z38.5
G1 E17 F9000
G1 F2779.614
G1 X706.016 Y293.984 E49.7003
G1 X293.984 Y706.016 E2515.59704
G1 X305.497 Y706.016 E49.70028
M73 P15 R589
;WIPE_START
G1 F600
G1 X298.497 Y706.016 E-10
;WIPE_END
G1 Z39.5 F15000
G1 X305.497 Y293.984 Z39.5
G1 Z38.5
G1 E17 F9000
G1 F2779.614
G1 X293.984 Y293.984 E49.70059
G1 X706.016 Y706.016 E2515.59745
G1 X694.503 Y706.016 E49.70059
;WIPE_START
G1 F600
G1 X701.503 Y706.016 E-10
;WIPE_END
G1 Z39.5 F15000
G1 X608.092 Y293.984 Z39.5
G1 Z38.5
G1 E17 F9000
G1 F2779.614
G1 X619.604 Y293.984 E49.70059
G1 X706.016 Y380.396 E527.57392
G1 X706.016 Y391.908 E49.70059
;WIPE_START
G1 F600
G1 X706.016 Y384.908 E-10
;WIPE_END
G1 Z39.5 F15000
G1 X554.718 Y293.984 Z39.5
G1 Z38.5
G1 E17 F9000
G1 F2779.614
G1 X543.206 Y293.984 E49.70059
G1 X293.984 Y543.206 E1521.58568
G1 X293.984 Y554.718 E49.70059
;WIPE_START
G1 F600
G1 X293.984 Y547.718 E-10
;WIPE_END
G1 Z39.5 F15000
G1 X391.908 Y293.984 Z39.5
G1 Z38.5
G1 E17 F9000
G1 F2779.614
G1 X380.396 Y293.984 E49.70059
G1 X293.984 Y380.396 E527.5739
G1 X293.984 Y391.908 E49.70059
; stop printing object Cube id:0 copy 0
;LAYER_CHANGE
;Z:40
;HEIGHT:1.5
;BEFORE_LAYER_CHANGE
;40
G92 E0

EXCLUDE_OBJECT_END NAME=Cube_id_0_copy_0
;AFTER_LAYER_CHANGE
;40
;_SET_FAN_SPEED_CHANGING_LAYER
; printing object Cube id:0 copy 0
;WIPE_START
G1 F600
G1 X293.984 Y384.908 E-10
;WIPE_END
EXCLUDE_OBJECT_START NAME=Cube_id_0_copy_0
G1 Z41 F15000
G1 X291.538 Y291.538 Z41
G1 Z40
G1 E17 F9000
;TYPE:Outer wall
;WIDTH:3.2
G1 F2779.615
G1 X708.462 Y291.538 E1799.91857
G1 X708.462 Y708.462 E1799.91857
M73 P15 R588
G1 X291.538 Y708.462 E1799.91857
G1 X291.538 Y291.838 E1798.62343
;WIPE_START
G1 F600
G1 X298.538 Y291.833 E-10
;WIPE_END
G1 Z41 F15000
G1 X293.984 Y391.908 Z41
G1 Z40
G1 E17 F9000
;TYPE:Sparse infill
;WIDTH:3.2
G1 F2779.614
G1 X293.984 Y380.396 E49.70059
G1 X380.396 Y293.984 E527.5739
G1 X391.908 Y293.984 E49.70059
;WIPE_START
G1 F600
G1 X384.908 Y293.984 E-10
;WIPE_END
G1 Z41 F15000
G1 X293.984 Y554.718 Z41
G1 Z40
G1 E17 F9000
G1 F2779.614
G1 X293.984 Y543.206 E49.70059
G1 X543.206 Y293.984 E1521.58568
G1 X554.718 Y293.984 E49.70059
;WIPE_START
G1 F600
G1 X547.718 Y293.984 E-10
;WIPE_END
G1 Z41 F15000
G1 X706.016 Y391.908 Z41
G1 Z40
G1 E17 F9000
G1 F2779.614
G1 X706.016 Y380.396 E49.70059
G1 X619.604 Y293.984 E527.57392
G1 X608.092 Y293.984 E49.70059
;WIPE_START
G1 F600
G1 X615.092 Y293.984 E-10
;WIPE_END
G1 Z41 F15000
G1 X706.016 Y554.718 Z41
G1 Z40
G1 E17 F9000
G1 F2779.614
G1 X706.016 Y543.206 E49.70059
G1 X456.794 Y293.984 E1521.58569
G1 X445.282 Y293.984 E49.70059
M73 P15 R587
;WIPE_START
G1 F600
G1 X452.282 Y293.984 E-10
;WIPE_END
G1 Z41 F15000
G1 X445.282 Y706.016 Z41
G1 Z40
G1 E17 F9000
G1 F2779.614
G1 X456.794 Y706.016 E49.70059
G1 X706.016 Y456.794 E1521.58571
G1 X706.016 Y445.282 E49.70059
;WIPE_START
G1 F600
G1 X706.016 Y452.282 E-10
;WIPE_END
G1 Z41 F15000
G1 X694.503 Y706.016 Z41
G1 Z40
G1 E17 F9000
G1 F2779.614
G1 X706.016 Y706.016 E49.70059
G1 X293.984 Y293.984 E2515.59745
G1 X305.497 Y293.984 E49.70059
;WIPE_START
G1 F600
G1 X298.497 Y293.984 E-10
;WIPE_END
G1 Z41 F15000
G1 X305.497 Y706.016 Z41
G1 Z40
G1 E17 F9000
G1 F2779.614
G1 X293.984 Y706.016 E49.70028
G1 X706.016 Y293.984 E2515.59704
G1 X694.503 Y293.984 E49.7003
M73 P16 R587
;WIPE_START
G1 F600
G1 X701.503 Y293.984 E-10
;WIPE_END
G1 Z41 F15000
G1 X608.092 Y706.016 Z41
G1 Z40
G1 E17 F9000
G1 F2779.614
G1 X619.604 Y706.016 E49.70059
G1 X706.016 Y619.604 E527.57393
G1 X706.016 Y608.092 E49.70059
;WIPE_START
G1 F600
G1 X706.016 Y615.092 E-10
;WIPE_END
G1 Z41 F15000
G1 X554.718 Y706.016 Z41
G1 Z40
G1 E17 F9000
G1 F2779.614
G1 X543.206 Y706.016 E49.70059
G1 X293.984 Y456.794 E1521.58569
G1 X293.984 Y445.282 E49.70059
M73 P16 R586
;WIPE_START
G1 F600
G1 X293.984 Y452.282 E-10
;WIPE_END
G1 Z41 F15000
G1 X391.908 Y706.016 Z41
G1 Z40
G1 E17 F9000
G1 F2779.614
G1 X380.396 Y706.016 E49.70059
G1 X293.984 Y619.604 E527.57392
G1 X293.984 Y608.092 E49.70059
; stop printing object Cube id:0 copy 0
;LAYER_CHANGE
;Z:41.5
;HEIGHT:1.5
;BEFORE_LAYER_CHANGE
;41.5
G92 E0

EXCLUDE_OBJECT_END NAME=Cube_id_0_copy_0
;AFTER_LAYER_CHANGE
;41.5
;_SET_FAN_SPEED_CHANGING_LAYER
; printing object Cube id:0 copy 0
;WIPE_START
G1 F600
G1 X293.984 Y615.092 E-10
;WIPE_END
EXCLUDE_OBJECT_START NAME=Cube_id_0_copy_0
G1 Z42.5 F15000
G1 X291.538 Y708.462 Z42.5
G1 Z41.5
G1 E17 F9000
;TYPE:Outer wall
;WIDTH:3.2
G1 F2779.615
G1 X291.538 Y291.538 E1799.91857
G1 X708.462 Y291.538 E1799.91857
G1 X708.462 Y708.462 E1799.91857
G1 X291.838 Y708.462 E1798.62343
;WIPE_START
G1 F600
G1 X291.833 Y701.462 E-10
;WIPE_END
G1 Z42.5 F15000
G1 X293.984 Y608.092 Z42.5
G1 Z41.5
G1 E17 F9000
;TYPE:Sparse infill
;WIDTH:3.2
G1 F2779.614
G1 X293.984 Y619.604 E49.70059
G1 X380.396 Y706.016 E527.57392
G1 X391.908 Y706.016 E49.70059
;WIPE_START
G1 F600
G1 X384.908 Y706.016 E-10
;WIPE_END
G1 Z42.5 F15000
G1 X293.984 Y445.282 Z42.5
G1 Z41.5
G1 E17 F9000
G1 F2779.614
G1 X293.984 Y456.794 E49.70059
G1 X543.206 Y706.016 E1521.58569
G1 X554.718 Y706.016 E49.70059
M73 P16 R585
;WIPE_START
G1 F600
G1 X547.718 Y706.016 E-10
;WIPE_END
G1 Z42.5 F15000
G1 X706.016 Y608.092 Z42.5
G1 Z41.5
G1 E17 F9000
G1 F2779.614
G1 X706.016 Y619.604 E49.70059
G1 X619.604 Y706.016 E527.57393
G1 X608.092 Y706.016 E49.70059
;WIPE_START
G1 F600
G1 X615.092 Y706.016 E-10
;WIPE_END
G1 Z42.5 F15000
G1 X706.016 Y445.282 Z42.5
G1 Z41.5
G1 E17 F9000
G1 F2779.614
G1 X706.016 Y456.794 E49.70059
G1 X456.794 Y706.016 E1521.58571
G1 X445.282 Y706.016 E49.70059
;WIPE_START
G1 F600
G1 X452.282 Y706.016 E-10
;WIPE_END
G1 Z42.5 F15000
G1 X445.282 Y293.984 Z42.5
G1 Z41.5
G1 E17 F9000
G1 F2779.614
G1 X456.794 Y293.984 E49.70059
G1 X706.016 Y543.206 E1521.58569
G1 X706.016 Y554.718 E49.70059
;WIPE_START
G1 F600
G1 X706.016 Y547.718 E-10
;WIPE_END
G1 Z42.5 F15000
G1 X694.503 Y293.984 Z42.5
G1 Z41.5
G1 E17 F9000
G1 F2779.614
G1 X706.016 Y293.984 E49.7003
G1 X293.984 Y706.016 E2515.59704
G1 X305.497 Y706.016 E49.70028
;WIPE_START
G1 F600
G1 X298.497 Y706.016 E-10
;WIPE_END
G1 Z42.5 F15000
G1 X305.497 Y293.984 Z42.5
G1 Z41.5
G1 E17 F9000
G1 F2779.614
G1 X293.984 Y293.984 E49.70059
G1 X706.016 Y706.016 E2515.59745
G1 X694.503 Y706.016 E49.70059
M73 P16 R584
;WIPE_START
G1 F600
G1 X701.503 Y706.016 E-10
;WIPE_END
G1 Z42.5 F15000
G1 X608.092 Y293.984 Z42.5
G1 Z41.5
G1 E17 F9000
G1 F2779.614
G1 X619.604 Y293.984 E49.70059
G1 X706.016 Y380.396 E527.57392
G1 X706.016 Y391.908 E49.70059
;WIPE_START
G1 F600
G1 X706.016 Y384.908 E-10
;WIPE_END
G1 Z42.5 F15000
G1 X554.718 Y293.984 Z42.5
G1 Z41.5
G1 E17 F9000
G1 F2779.614
G1 X543.206 Y293.984 E49.70059
G1 X293.984 Y543.206 E1521.58568
G1 X293.984 Y554.718 E49.70059
;WIPE_START
G1 F600
G1 X293.984 Y547.718 E-10
;WIPE_END
G1 Z42.5 F15000
G1 X391.908 Y293.984 Z42.5
G1 Z41.5
G1 E17 F9000
G1 F2779.614
G1 X380.396 Y293.984 E49.70059
G1 X293.984 Y380.396 E527.5739
G1 X293.984 Y391.908 E49.70059
; stop printing object Cube id:0 copy 0
;LAYER_CHANGE
;Z:43
;HEIGHT:1.5
;BEFORE_LAYER_CHANGE
;43
G92 E0

EXCLUDE_OBJECT_END NAME=Cube_id_0_copy_0
;AFTER_LAYER_CHANGE
;43
;_SET_FAN_SPEED_CHANGING_LAYER
; printing object Cube id:0 copy 0
;WIPE_START
G1 F600
G1 X293.984 Y384.908 E-10
;WIPE_END
EXCLUDE_OBJECT_START NAME=Cube_id_0_copy_0
G1 Z44 F15000
G1 X291.538 Y291.538 Z44
G1 Z43
G1 E17 F9000
;TYPE:Outer wall
;WIDTH:3.2
G1 F2779.615
G1 X708.462 Y291.538 E1799.91857
G1 X708.462 Y708.462 E1799.91857
G1 X291.538 Y708.462 E1799.91857
G1 X291.538 Y291.838 E1798.62343
;WIPE_START
G1 F600
M73 P16 R583
G1 X298.538 Y291.833 E-10
;WIPE_END
G1 Z44 F15000
G1 X293.984 Y391.908 Z44
G1 Z43
G1 E17 F9000
;TYPE:Sparse infill
;WIDTH:3.2
G1 F2779.614
G1 X293.984 Y380.396 E49.70059
G1 X380.396 Y293.984 E527.5739
G1 X391.908 Y293.984 E49.70059
;WIPE_START
G1 F600
G1 X384.908 Y293.984 E-10
;WIPE_END
G1 Z44 F15000
G1 X293.984 Y554.718 Z44
G1 Z43
G1 E17 F9000
G1 F2779.614
G1 X293.984 Y543.206 E49.70059
G1 X543.206 Y293.984 E1521.58568
G1 X554.718 Y293.984 E49.70059
;WIPE_START
G1 F600
G1 X547.718 Y293.984 E-10
;WIPE_END
G1 Z44 F15000
G1 X706.016 Y391.908 Z44
G1 Z43
G1 E17 F9000
G1 F2779.614
G1 X706.016 Y380.396 E49.70059
G1 X619.604 Y293.984 E527.57392
G1 X608.092 Y293.984 E49.70059
;WIPE_START
G1 F600
G1 X615.092 Y293.984 E-10
;WIPE_END
G1 Z44 F15000
G1 X706.016 Y554.718 Z44
G1 Z43
G1 E17 F9000
G1 F2779.614
G1 X706.016 Y543.206 E49.70059
G1 X456.794 Y293.984 E1521.58569
G1 X445.282 Y293.984 E49.70059
;WIPE_START
G1 F600
G1 X452.282 Y293.984 E-10
;WIPE_END
G1 Z44 F15000
G1 X445.282 Y706.016 Z44
G1 Z43
G1 E17 F9000
G1 F2779.614
G1 X456.794 Y706.016 E49.70059
G1 X706.016 Y456.794 E1521.58571
G1 X706.016 Y445.282 E49.70059
;WIPE_START
G1 F600
G1 X706.016 Y452.282 E-10
;WIPE_END
G1 Z44 F15000
G1 X694.503 Y706.016 Z44
G1 Z43
G1 E17 F9000
G1 F2779.614
G1 X706.016 Y706.016 E49.70059
G1 X293.984 Y293.984 E2515.59745
G1 X305.497 Y293.984 E49.70059
M73 P16 R582
;WIPE_START
G1 F600
G1 X298.497 Y293.984 E-10
;WIPE_END
G1 Z44 F15000
G1 X305.497 Y706.016 Z44
G1 Z43
G1 E17 F9000
G1 F2779.614
G1 X293.984 Y706.016 E49.70028
G1 X706.016 Y293.984 E2515.59704
G1 X694.503 Y293.984 E49.7003
;WIPE_START
G1 F600
G1 X701.503 Y293.984 E-10
;WIPE_END
G1 Z44 F15000
G1 X608.092 Y706.016 Z44
G1 Z43
G1 E17 F9000
G1 F2779.614
G1 X619.604 Y706.016 E49.70059
G1 X706.016 Y619.604 E527.57393
G1 X706.016 Y608.092 E49.70059
;WIPE_START
G1 F600
G1 X706.016 Y615.092 E-10
;WIPE_END
G1 Z44 F15000
G1 X554.718 Y706.016 Z44
G1 Z43
G1 E17 F9000
G1 F2779.614
G1 X543.206 Y706.016 E49.70059
G1 X293.984 Y456.794 E1521.58569
G1 X293.984 Y445.282 E49.70059
;WIPE_START
G1 F600
G1 X293.984 Y452.282 E-10
;WIPE_END
G1 Z44 F15000
G1 X391.908 Y706.016 Z44
G1 Z43
G1 E17 F9000
G1 F2779.614
G1 X380.396 Y706.016 E49.70059
G1 X293.984 Y619.604 E527.57392
G1 X293.984 Y608.092 E49.70059
; stop printing object Cube id:0 copy 0
;LAYER_CHANGE
;Z:44.5
;HEIGHT:1.5
;BEFORE_LAYER_CHANGE
;44.5
G92 E0

EXCLUDE_OBJECT_END NAME=Cube_id_0_copy_0
;AFTER_LAYER_CHANGE
;44.5
;_SET_FAN_SPEED_CHANGING_LAYER
; printing object Cube id:0 copy 0
;WIPE_START
G1 F600
G1 X293.984 Y615.092 E-10
;WIPE_END
EXCLUDE_OBJECT_START NAME=Cube_id_0_copy_0
G1 Z45.5 F15000
G1 X291.538 Y708.462 Z45.5
G1 Z44.5
G1 E17 F9000
;TYPE:Outer wall
;WIDTH:3.2
G1 F2779.615
G1 X291.538 Y291.538 E1799.91857
G1 X708.462 Y291.538 E1799.91857
G1 X708.462 Y708.462 E1799.91857
M73 P16 R581
G1 X291.838 Y708.462 E1798.62343
;WIPE_START
G1 F600
G1 X291.833 Y701.462 E-10
;WIPE_END
G1 Z45.5 F15000
G1 X293.984 Y608.092 Z45.5
G1 Z44.5
G1 E17 F9000
;TYPE:Sparse infill
;WIDTH:3.2
G1 F2779.614
G1 X293.984 Y619.604 E49.70059
G1 X380.396 Y706.016 E527.57392
G1 X391.908 Y706.016 E49.70059
;WIPE_START
G1 F600
G1 X384.908 Y706.016 E-10
;WIPE_END
G1 Z45.5 F15000
G1 X293.984 Y445.282 Z45.5
G1 Z44.5
G1 E17 F9000
G1 F2779.614
G1 X293.984 Y456.794 E49.70059
G1 X543.206 Y706.016 E1521.58569
G1 X554.718 Y706.016 E49.70059
;WIPE_START
G1 F600
G1 X547.718 Y706.016 E-10
;WIPE_END
G1 Z45.5 F15000
G1 X706.016 Y608.092 Z45.5
G1 Z44.5
G1 E17 F9000
G1 F2779.614
G1 X706.016 Y619.604 E49.70059
G1 X619.604 Y706.016 E527.57393
G1 X608.092 Y706.016 E49.70059
;WIPE_START
G1 F600
G1 X615.092 Y706.016 E-10
;WIPE_END
G1 Z45.5 F15000
G1 X706.016 Y445.282 Z45.5
G1 Z44.5
G1 E17 F9000
G1 F2779.614
G1 X706.016 Y456.794 E49.70059
G1 X456.794 Y706.016 E1521.58571
G1 X445.282 Y706.016 E49.70059
;WIPE_START
G1 F600
G1 X452.282 Y706.016 E-10
;WIPE_END
G1 Z45.5 F15000
G1 X445.282 Y293.984 Z45.5
G1 Z44.5
M73 P16 R580
G1 E17 F9000
G1 F2779.614
G1 X456.794 Y293.984 E49.70059
G1 X706.016 Y543.206 E1521.58569
G1 X706.016 Y554.718 E49.70059
;WIPE_START
G1 F600
G1 X706.016 Y547.718 E-10
;WIPE_END
G1 Z45.5 F15000
G1 X694.503 Y293.984 Z45.5
G1 Z44.5
G1 E17 F9000
G1 F2779.614
G1 X706.016 Y293.984 E49.7003
G1 X293.984 Y706.016 E2515.59704
G1 X305.497 Y706.016 E49.70028
;WIPE_START
G1 F600
G1 X298.497 Y706.016 E-10
;WIPE_END
G1 Z45.5 F15000
G1 X305.497 Y293.984 Z45.5
G1 Z44.5
G1 E17 F9000
G1 F2779.614
G1 X293.984 Y293.984 E49.70059
G1 X706.016 Y706.016 E2515.59745
G1 X694.503 Y706.016 E49.70059
;WIPE_START
G1 F600
G1 X701.503 Y706.016 E-10
;WIPE_END
G1 Z45.5 F15000
G1 X608.092 Y293.984 Z45.5
G1 Z44.5
M73 P17 R580
G1 E17 F9000
G1 F2779.614
G1 X619.604 Y293.984 E49.70059
G1 X706.016 Y380.396 E527.57392
G1 X706.016 Y391.908 E49.70059
;WIPE_START
G1 F600
G1 X706.016 Y384.908 E-10
;WIPE_END
G1 Z45.5 F15000
G1 X554.718 Y293.984 Z45.5
G1 Z44.5
G1 E17 F9000
G1 F2779.614
G1 X543.206 Y293.984 E49.70059
G1 X293.984 Y543.206 E1521.58568
G1 X293.984 Y554.718 E49.70059
;WIPE_START
G1 F600
M73 P17 R579
G1 X293.984 Y547.718 E-10
;WIPE_END
G1 Z45.5 F15000
G1 X391.908 Y293.984 Z45.5
G1 Z44.5
G1 E17 F9000
G1 F2779.614
G1 X380.396 Y293.984 E49.70059
G1 X293.984 Y380.396 E527.5739
G1 X293.984 Y391.908 E49.70059
; stop printing object Cube id:0 copy 0
;LAYER_CHANGE
;Z:46
;HEIGHT:1.5
;BEFORE_LAYER_CHANGE
;46
G92 E0

EXCLUDE_OBJECT_END NAME=Cube_id_0_copy_0
;AFTER_LAYER_CHANGE
;46
;_SET_FAN_SPEED_CHANGING_LAYER
; printing object Cube id:0 copy 0
;WIPE_START
G1 F600
G1 X293.984 Y384.908 E-10
;WIPE_END
EXCLUDE_OBJECT_START NAME=Cube_id_0_copy_0
G1 Z47 F15000
G1 X291.538 Y291.538 Z47
G1 Z46
G1 E17 F9000
;TYPE:Outer wall
;WIDTH:3.2
G1 F2779.615
G1 X708.462 Y291.538 E1799.91857
G1 X708.462 Y708.462 E1799.91857
G1 X291.538 Y708.462 E1799.91857
G1 X291.538 Y291.838 E1798.62343
;WIPE_START
G1 F600
G1 X298.538 Y291.833 E-10
;WIPE_END
G1 Z47 F15000
G1 X293.984 Y391.908 Z47
G1 Z46
G1 E17 F9000
;TYPE:Sparse infill
;WIDTH:3.2
G1 F2779.614
G1 X293.984 Y380.396 E49.70059
G1 X380.396 Y293.984 E527.5739
G1 X391.908 Y293.984 E49.70059
;WIPE_START
G1 F600
G1 X384.908 Y293.984 E-10
;WIPE_END
G1 Z47 F15000
G1 X293.984 Y554.718 Z47
G1 Z46
G1 E17 F9000
G1 F2779.614
G1 X293.984 Y543.206 E49.70059
G1 X543.206 Y293.984 E1521.58568
G1 X554.718 Y293.984 E49.70059
M73 P17 R578
;WIPE_START
G1 F600
G1 X547.718 Y293.984 E-10
;WIPE_END
G1 Z47 F15000
G1 X706.016 Y391.908 Z47
G1 Z46
G1 E17 F9000
G1 F2779.614
G1 X706.016 Y380.396 E49.70059
G1 X619.604 Y293.984 E527.57392
G1 X608.092 Y293.984 E49.70059
;WIPE_START
G1 F600
G1 X615.092 Y293.984 E-10
;WIPE_END
G1 Z47 F15000
G1 X706.016 Y554.718 Z47
G1 Z46
G1 E17 F9000
G1 F2779.614
G1 X706.016 Y543.206 E49.70059
G1 X456.794 Y293.984 E1521.58569
G1 X445.282 Y293.984 E49.70059
;WIPE_START
G1 F600
G1 X452.282 Y293.984 E-10
;WIPE_END
G1 Z47 F15000
G1 X445.282 Y706.016 Z47
G1 Z46
G1 E17 F9000
G1 F2779.614
G1 X456.794 Y706.016 E49.70059
G1 X706.016 Y456.794 E1521.58571
G1 X706.016 Y445.282 E49.70059
;WIPE_START
G1 F600
G1 X706.016 Y452.282 E-10
;WIPE_END
G1 Z47 F15000
G1 X694.503 Y706.016 Z47
G1 Z46
G1 E17 F9000
G1 F2779.614
G1 X706.016 Y706.016 E49.70059
G1 X293.984 Y293.984 E2515.59745
G1 X305.497 Y293.984 E49.70059
;WIPE_START
G1 F600
G1 X298.497 Y293.984 E-10
;WIPE_END
G1 Z47 F15000
G1 X305.497 Y706.016 Z47
G1 Z46
G1 E17 F9000
G1 F2779.614
G1 X293.984 Y706.016 E49.70028
G1 X706.016 Y293.984 E2515.59704
G1 X694.503 Y293.984 E49.7003
M73 P17 R577
;WIPE_START
G1 F600
G1 X701.503 Y293.984 E-10
;WIPE_END
G1 Z47 F15000
G1 X608.092 Y706.016 Z47
G1 Z46
G1 E17 F9000
G1 F2779.614
G1 X619.604 Y706.016 E49.70059
G1 X706.016 Y619.604 E527.57393
G1 X706.016 Y608.092 E49.70059
;WIPE_START
G1 F600
G1 X706.016 Y615.092 E-10
;WIPE_END
G1 Z47 F15000
G1 X554.718 Y706.016 Z47
G1 Z46
G1 E17 F9000
G1 F2779.614
G1 X543.206 Y706.016 E49.70059
G1 X293.984 Y456.794 E1521.58569
G1 X293.984 Y445.282 E49.70059
;WIPE_START
G1 F600
G1 X293.984 Y452.282 E-10
;WIPE_END
G1 Z47 F15000
G1 X391.908 Y706.016 Z47
G1 Z46
G1 E17 F9000
G1 F2779.614
G1 X380.396 Y706.016 E49.70059
G1 X293.984 Y619.604 E527.57392
G1 X293.984 Y608.092 E49.70059
; stop printing object Cube id:0 copy 0
;LAYER_CHANGE
;Z:47.5
;HEIGHT:1.5
;BEFORE_LAYER_CHANGE
;47.5
G92 E0

EXCLUDE_OBJECT_END NAME=Cube_id_0_copy_0
;AFTER_LAYER_CHANGE
;47.5
;_SET_FAN_SPEED_CHANGING_LAYER
; printing object Cube id:0 copy 0
;WIPE_START
G1 F600
G1 X293.984 Y615.092 E-10
;WIPE_END
EXCLUDE_OBJECT_START NAME=Cube_id_0_copy_0
G1 Z48.5 F15000
G1 X291.538 Y708.462 Z48.5
G1 Z47.5
G1 E17 F9000
;TYPE:Outer wall
;WIDTH:3.2
G1 F2779.615
G1 X291.538 Y291.538 E1799.91857
G1 X708.462 Y291.538 E1799.91857
G1 X708.462 Y708.462 E1799.91857
G1 X291.838 Y708.462 E1798.62343
;WIPE_START
G1 F600
M73 P17 R576
G1 X291.833 Y701.462 E-10
;WIPE_END
G1 Z48.5 F15000
G1 X293.984 Y608.092 Z48.5
G1 Z47.5
G1 E17 F9000
;TYPE:Sparse infill
;WIDTH:3.2
G1 F2779.614
G1 X293.984 Y619.604 E49.70059
G1 X380.396 Y706.016 E527.57392
G1 X391.908 Y706.016 E49.70059
;WIPE_START
G1 F600
G1 X384.908 Y706.016 E-10
;WIPE_END
G1 Z48.5 F15000
G1 X293.984 Y445.282 Z48.5
G1 Z47.5
G1 E17 F9000
G1 F2779.614
G1 X293.984 Y456.794 E49.70059
G1 X543.206 Y706.016 E1521.58569
G1 X554.718 Y706.016 E49.70059
;WIPE_START
G1 F600
G1 X547.718 Y706.016 E-10
;WIPE_END
G1 Z48.5 F15000
G1 X706.016 Y608.092 Z48.5
G1 Z47.5
G1 E17 F9000
G1 F2779.614
G1 X706.016 Y619.604 E49.70059
G1 X619.604 Y706.016 E527.57393
G1 X608.092 Y706.016 E49.70059
;WIPE_START
G1 F600
G1 X615.092 Y706.016 E-10
;WIPE_END
G1 Z48.5 F15000
G1 X706.016 Y445.282 Z48.5
G1 Z47.5
G1 E17 F9000
G1 F2779.614
G1 X706.016 Y456.794 E49.70059
G1 X456.794 Y706.016 E1521.58571
G1 X445.282 Y706.016 E49.70059
;WIPE_START
G1 F600
G1 X452.282 Y706.016 E-10
;WIPE_END
G1 Z48.5 F15000
G1 X445.282 Y293.984 Z48.5
G1 Z47.5
G1 E17 F9000
G1 F2779.614
G1 X456.794 Y293.984 E49.70059
G1 X706.016 Y543.206 E1521.58569
G1 X706.016 Y554.718 E49.70059
;WIPE_START
G1 F600
G1 X706.016 Y547.718 E-10
;WIPE_END
G1 Z48.5 F15000
G1 X694.503 Y293.984 Z48.5
G1 Z47.5
G1 E17 F9000
G1 F2779.614
G1 X706.016 Y293.984 E49.7003
G1 X293.984 Y706.016 E2515.59704
G1 X305.497 Y706.016 E49.70028
M73 P17 R575
;WIPE_START
G1 F600
G1 X298.497 Y706.016 E-10
;WIPE_END
G1 Z48.5 F15000
G1 X305.497 Y293.984 Z48.5
G1 Z47.5
G1 E17 F9000
G1 F2779.614
G1 X293.984 Y293.984 E49.70059
G1 X706.016 Y706.016 E2515.59745
G1 X694.503 Y706.016 E49.70059
;WIPE_START
G1 F600
G1 X701.503 Y706.016 E-10
;WIPE_END
G1 Z48.5 F15000
G1 X608.092 Y293.984 Z48.5
G1 Z47.5
G1 E17 F9000
G1 F2779.614
G1 X619.604 Y293.984 E49.70059
G1 X706.016 Y380.396 E527.57392
G1 X706.016 Y391.908 E49.70059
;WIPE_START
G1 F600
G1 X706.016 Y384.908 E-10
;WIPE_END
G1 Z48.5 F15000
G1 X554.718 Y293.984 Z48.5
G1 Z47.5
G1 E17 F9000
G1 F2779.614
G1 X543.206 Y293.984 E49.70059
G1 X293.984 Y543.206 E1521.58568
G1 X293.984 Y554.718 E49.70059
;WIPE_START
G1 F600
G1 X293.984 Y547.718 E-10
;WIPE_END
G1 Z48.5 F15000
G1 X391.908 Y293.984 Z48.5
G1 Z47.5
G1 E17 F9000
G1 F2779.614
G1 X380.396 Y293.984 E49.70059
G1 X293.984 Y380.396 E527.5739
G1 X293.984 Y391.908 E49.70059
; stop printing object Cube id:0 copy 0
;LAYER_CHANGE
;Z:49
;HEIGHT:1.5
;BEFORE_LAYER_CHANGE
;49
G92 E0

EXCLUDE_OBJECT_END NAME=Cube_id_0_copy_0
;AFTER_LAYER_CHANGE
;49
;_SET_FAN_SPEED_CHANGING_LAYER
; printing object Cube id:0 copy 0
;WIPE_START
G1 F600
G1 X293.984 Y384.908 E-10
;WIPE_END
EXCLUDE_OBJECT_START NAME=Cube_id_0_copy_0
G1 Z50 F15000
G1 X291.538 Y291.538 Z50
G1 Z49
G1 E17 F9000
;TYPE:Outer wall
;WIDTH:3.2
G1 F2779.615
G1 X708.462 Y291.538 E1799.91857
G1 X708.462 Y708.462 E1799.91857
G1 X291.538 Y708.462 E1799.91857
M73 P17 R574
G1 X291.538 Y291.838 E1798.62343
;WIPE_START
G1 F600
G1 X298.538 Y291.833 E-10
;WIPE_END
G1 Z50 F15000
G1 X293.984 Y391.908 Z50
G1 Z49
G1 E17 F9000
;TYPE:Sparse infill
;WIDTH:3.2
G1 F2779.614
G1 X293.984 Y380.396 E49.70059
G1 X380.396 Y293.984 E527.5739
G1 X391.908 Y293.984 E49.70059
;WIPE_START
G1 F600
G1 X384.908 Y293.984 E-10
;WIPE_END
G1 Z50 F15000
G1 X293.984 Y554.718 Z50
G1 Z49
G1 E17 F9000
G1 F2779.614
G1 X293.984 Y543.206 E49.70059
G1 X543.206 Y293.984 E1521.58568
G1 X554.718 Y293.984 E49.70059
;WIPE_START
G1 F600
G1 X547.718 Y293.984 E-10
;WIPE_END
G1 Z50 F15000
G1 X706.016 Y391.908 Z50
G1 Z49
G1 E17 F9000
G1 F2779.614
G1 X706.016 Y380.396 E49.70059
G1 X619.604 Y293.984 E527.57392
G1 X608.092 Y293.984 E49.70059
;WIPE_START
G1 F600
G1 X615.092 Y293.984 E-10
;WIPE_END
G1 Z50 F15000
G1 X706.016 Y554.718 Z50
G1 Z49
G1 E17 F9000
G1 F2779.614
G1 X706.016 Y543.206 E49.70059
G1 X456.794 Y293.984 E1521.58569
G1 X445.282 Y293.984 E49.70059
;WIPE_START
G1 F600
G1 X452.282 Y293.984 E-10
;WIPE_END
G1 Z50 F15000
G1 X445.282 Y706.016 Z50
G1 Z49
G1 E17 F9000
G1 F2779.614
G1 X456.794 Y706.016 E49.70059
G1 X706.016 Y456.794 E1521.58571
G1 X706.016 Y445.282 E49.70059
M73 P17 R573
;WIPE_START
G1 F600
G1 X706.016 Y452.282 E-10
;WIPE_END
G1 Z50 F15000
G1 X694.503 Y706.016 Z50
G1 Z49
G1 E17 F9000
G1 F2779.614
G1 X706.016 Y706.016 E49.70059
G1 X293.984 Y293.984 E2515.59745
G1 X305.497 Y293.984 E49.70059
;WIPE_START
G1 F600
G1 X298.497 Y293.984 E-10
;WIPE_END
G1 Z50 F15000
G1 X305.497 Y706.016 Z50
G1 Z49
G1 E17 F9000
G1 F2779.614
G1 X293.984 Y706.016 E49.70028
G1 X706.016 Y293.984 E2515.59704
G1 X694.503 Y293.984 E49.7003
;WIPE_START
G1 F600
G1 X701.503 Y293.984 E-10
;WIPE_END
G1 Z50 F15000
G1 X608.092 Y706.016 Z50
G1 Z49
G1 E17 F9000
G1 F2779.614
G1 X619.604 Y706.016 E49.70059
G1 X706.016 Y619.604 E527.57393
M73 P18 R573
G1 X706.016 Y608.092 E49.70059
;WIPE_START
G1 F600
G1 X706.016 Y615.092 E-10
;WIPE_END
G1 Z50 F15000
G1 X554.718 Y706.016 Z50
G1 Z49
G1 E17 F9000
G1 F2779.614
G1 X543.206 Y706.016 E49.70059
G1 X293.984 Y456.794 E1521.58569
G1 X293.984 Y445.282 E49.70059
;WIPE_START
G1 F600
G1 X293.984 Y452.282 E-10
;WIPE_END
G1 Z50 F15000
G1 X391.908 Y706.016 Z50
G1 Z49
G1 E17 F9000
G1 F2779.614
M73 P18 R572
G1 X380.396 Y706.016 E49.70059
G1 X293.984 Y619.604 E527.57392
G1 X293.984 Y608.092 E49.70059
; stop printing object Cube id:0 copy 0
;LAYER_CHANGE
;Z:50.5
;HEIGHT:1.5
;BEFORE_LAYER_CHANGE
;50.5
G92 E0

EXCLUDE_OBJECT_END NAME=Cube_id_0_copy_0
;AFTER_LAYER_CHANGE
;50.5
;_SET_FAN_SPEED_CHANGING_LAYER
; printing object Cube id:0 copy 0
;WIPE_START
G1 F600
G1 X293.984 Y615.092 E-10
;WIPE_END
EXCLUDE_OBJECT_START NAME=Cube_id_0_copy_0
G1 Z51.5 F15000
G1 X291.538 Y708.462 Z51.5
G1 Z50.5
G1 E17 F9000
;TYPE:Outer wall
;WIDTH:3.2
G1 F2779.615
G1 X291.538 Y291.538 E1799.91857
G1 X708.462 Y291.538 E1799.91857
G1 X708.462 Y708.462 E1799.91857
G1 X291.838 Y708.462 E1798.62343
;WIPE_START
G1 F600
G1 X291.833 Y701.462 E-10
;WIPE_END
G1 Z51.5 F15000
G1 X293.984 Y608.092 Z51.5
G1 Z50.5
G1 E17 F9000
;TYPE:Sparse infill
;WIDTH:3.2
G1 F2779.614
G1 X293.984 Y619.604 E49.70059
G1 X380.396 Y706.016 E527.57392
G1 X391.908 Y706.016 E49.70059
;WIPE_START
G1 F600
G1 X384.908 Y706.016 E-10
;WIPE_END
G1 Z51.5 F15000
G1 X293.984 Y445.282 Z51.5
G1 Z50.5
G1 E17 F9000
G1 F2779.614
G1 X293.984 Y456.794 E49.70059
G1 X543.206 Y706.016 E1521.58569
G1 X554.718 Y706.016 E49.70059
;WIPE_START
G1 F600
G1 X547.718 Y706.016 E-10
;WIPE_END
G1 Z51.5 F15000
G1 X706.016 Y608.092 Z51.5
G1 Z50.5
M73 P18 R571
G1 E17 F9000
G1 F2779.614
G1 X706.016 Y619.604 E49.70059
G1 X619.604 Y706.016 E527.57393
G1 X608.092 Y706.016 E49.70059
;WIPE_START
G1 F600
G1 X615.092 Y706.016 E-10
;WIPE_END
G1 Z51.5 F15000
G1 X706.016 Y445.282 Z51.5
G1 Z50.5
G1 E17 F9000
G1 F2779.614
G1 X706.016 Y456.794 E49.70059
G1 X456.794 Y706.016 E1521.58571
G1 X445.282 Y706.016 E49.70059
;WIPE_START
G1 F600
G1 X452.282 Y706.016 E-10
;WIPE_END
G1 Z51.5 F15000
G1 X445.282 Y293.984 Z51.5
G1 Z50.5
G1 E17 F9000
G1 F2779.614
G1 X456.794 Y293.984 E49.70059
G1 X706.016 Y543.206 E1521.58569
G1 X706.016 Y554.718 E49.70059
;WIPE_START
G1 F600
G1 X706.016 Y547.718 E-10
;WIPE_END
G1 Z51.5 F15000
G1 X694.503 Y293.984 Z51.5
G1 Z50.5
G1 E17 F9000
G1 F2779.614
G1 X706.016 Y293.984 E49.7003
G1 X293.984 Y706.016 E2515.59704
G1 X305.497 Y706.016 E49.70028
;WIPE_START
G1 F600
G1 X298.497 Y706.016 E-10
;WIPE_END
G1 Z51.5 F15000
G1 X305.497 Y293.984 Z51.5
G1 Z50.5
G1 E17 F9000
G1 F2779.614
G1 X293.984 Y293.984 E49.70059
G1 X706.016 Y706.016 E2515.59745
G1 X694.503 Y706.016 E49.70059
;WIPE_START
G1 F600
G1 X701.503 Y706.016 E-10
;WIPE_END
G1 Z51.5 F15000
M73 P18 R570
G1 X608.092 Y293.984 Z51.5
G1 Z50.5
G1 E17 F9000
G1 F2779.614
G1 X619.604 Y293.984 E49.70059
G1 X706.016 Y380.396 E527.57392
G1 X706.016 Y391.908 E49.70059
;WIPE_START
G1 F600
G1 X706.016 Y384.908 E-10
;WIPE_END
G1 Z51.5 F15000
G1 X554.718 Y293.984 Z51.5
G1 Z50.5
G1 E17 F9000
G1 F2779.614
G1 X543.206 Y293.984 E49.70059
G1 X293.984 Y543.206 E1521.58568
G1 X293.984 Y554.718 E49.70059
;WIPE_START
G1 F600
G1 X293.984 Y547.718 E-10
;WIPE_END
G1 Z51.5 F15000
G1 X391.908 Y293.984 Z51.5
G1 Z50.5
G1 E17 F9000
G1 F2779.614
G1 X380.396 Y293.984 E49.70059
G1 X293.984 Y380.396 E527.5739
G1 X293.984 Y391.908 E49.70059
; stop printing object Cube id:0 copy 0
;LAYER_CHANGE
;Z:52
;HEIGHT:1.5
;BEFORE_LAYER_CHANGE
;52
G92 E0

EXCLUDE_OBJECT_END NAME=Cube_id_0_copy_0
;AFTER_LAYER_CHANGE
;52
;_SET_FAN_SPEED_CHANGING_LAYER
; printing object Cube id:0 copy 0
;WIPE_START
G1 F600
G1 X293.984 Y384.908 E-10
;WIPE_END
EXCLUDE_OBJECT_START NAME=Cube_id_0_copy_0
G1 Z53 F15000
G1 X291.538 Y291.538 Z53
G1 Z52
G1 E17 F9000
;TYPE:Outer wall
;WIDTH:3.2
G1 F2779.615
G1 X708.462 Y291.538 E1799.91857
G1 X708.462 Y708.462 E1799.91857
G1 X291.538 Y708.462 E1799.91857
G1 X291.538 Y291.838 E1798.62343
;WIPE_START
G1 F600
M73 P18 R569
G1 X298.538 Y291.833 E-10
;WIPE_END
G1 Z53 F15000
G1 X293.984 Y391.908 Z53
G1 Z52
G1 E17 F9000
;TYPE:Sparse infill
;WIDTH:3.2
G1 F2779.614
G1 X293.984 Y380.396 E49.70059
G1 X380.396 Y293.984 E527.5739
G1 X391.908 Y293.984 E49.70059
;WIPE_START
G1 F600
G1 X384.908 Y293.984 E-10
;WIPE_END
G1 Z53 F15000
G1 X293.984 Y554.718 Z53
G1 Z52
G1 E17 F9000
G1 F2779.614
G1 X293.984 Y543.206 E49.70059
G1 X543.206 Y293.984 E1521.58568
G1 X554.718 Y293.984 E49.70059
;WIPE_START
G1 F600
G1 X547.718 Y293.984 E-10
;WIPE_END
G1 Z53 F15000
G1 X706.016 Y391.908 Z53
G1 Z52
G1 E17 F9000
G1 F2779.614
G1 X706.016 Y380.396 E49.70059
G1 X619.604 Y293.984 E527.57392
G1 X608.092 Y293.984 E49.70059
;WIPE_START
G1 F600
G1 X615.092 Y293.984 E-10
;WIPE_END
G1 Z53 F15000
G1 X706.016 Y554.718 Z53
G1 Z52
G1 E17 F9000
G1 F2779.614
G1 X706.016 Y543.206 E49.70059
G1 X456.794 Y293.984 E1521.58569
G1 X445.282 Y293.984 E49.70059
;WIPE_START
G1 F600
G1 X452.282 Y293.984 E-10
;WIPE_END
G1 Z53 F15000
G1 X445.282 Y706.016 Z53
G1 Z52
G1 E17 F9000
G1 F2779.614
G1 X456.794 Y706.016 E49.70059
G1 X706.016 Y456.794 E1521.58571
G1 X706.016 Y445.282 E49.70059
;WIPE_START
G1 F600
G1 X706.016 Y452.282 E-10
;WIPE_END
G1 Z53 F15000
G1 X694.503 Y706.016 Z53
G1 Z52
G1 E17 F9000
G1 F2779.614
G1 X706.016 Y706.016 E49.70059
G1 X293.984 Y293.984 E2515.59745
G1 X305.497 Y293.984 E49.70059
M73 P18 R568
;WIPE_START
G1 F600
G1 X298.497 Y293.984 E-10
;WIPE_END
G1 Z53 F15000
G1 X305.497 Y706.016 Z53
G1 Z52
G1 E17 F9000
G1 F2779.614
G1 X293.984 Y706.016 E49.70028
G1 X706.016 Y293.984 E2515.59704
G1 X694.503 Y293.984 E49.7003
;WIPE_START
G1 F600
G1 X701.503 Y293.984 E-10
;WIPE_END
G1 Z53 F15000
G1 X608.092 Y706.016 Z53
G1 Z52
G1 E17 F9000
G1 F2779.614
G1 X619.604 Y706.016 E49.70059
G1 X706.016 Y619.604 E527.57393
G1 X706.016 Y608.092 E49.70059
;WIPE_START
G1 F600
G1 X706.016 Y615.092 E-10
;WIPE_END
G1 Z53 F15000
G1 X554.718 Y706.016 Z53
G1 Z52
G1 E17 F9000
G1 F2779.614
G1 X543.206 Y706.016 E49.70059
G1 X293.984 Y456.794 E1521.58569
G1 X293.984 Y445.282 E49.70059
;WIPE_START
G1 F600
G1 X293.984 Y452.282 E-10
;WIPE_END
G1 Z53 F15000
G1 X391.908 Y706.016 Z53
G1 Z52
G1 E17 F9000
G1 F2779.614
G1 X380.396 Y706.016 E49.70059
G1 X293.984 Y619.604 E527.57392
G1 X293.984 Y608.092 E49.70059
; stop printing object Cube id:0 copy 0
;LAYER_CHANGE
;Z:53.5
;HEIGHT:1.5
;BEFORE_LAYER_CHANGE
;53.5
G92 E0

EXCLUDE_OBJECT_END NAME=Cube_id_0_copy_0
;AFTER_LAYER_CHANGE
;53.5
;_SET_FAN_SPEED_CHANGING_LAYER
; printing object Cube id:0 copy 0
;WIPE_START
G1 F600
G1 X293.984 Y615.092 E-10
;WIPE_END
EXCLUDE_OBJECT_START NAME=Cube_id_0_copy_0
G1 Z54.5 F15000
G1 X291.538 Y708.462 Z54.5
G1 Z53.5
G1 E17 F9000
;TYPE:Outer wall
;WIDTH:3.2
G1 F2779.615
G1 X291.538 Y291.538 E1799.91857
G1 X708.462 Y291.538 E1799.91857
G1 X708.462 Y708.462 E1799.91857
M73 P18 R567
G1 X291.838 Y708.462 E1798.62343
;WIPE_START
G1 F600
G1 X291.833 Y701.462 E-10
;WIPE_END
G1 Z54.5 F15000
G1 X293.984 Y608.092 Z54.5
G1 Z53.5
G1 E17 F9000
;TYPE:Sparse infill
;WIDTH:3.2
G1 F2779.614
G1 X293.984 Y619.604 E49.70059
G1 X380.396 Y706.016 E527.57392
G1 X391.908 Y706.016 E49.70059
;WIPE_START
G1 F600
G1 X384.908 Y706.016 E-10
;WIPE_END
G1 Z54.5 F15000
G1 X293.984 Y445.282 Z54.5
G1 Z53.5
G1 E17 F9000
G1 F2779.614
G1 X293.984 Y456.794 E49.70059
G1 X543.206 Y706.016 E1521.58569
G1 X554.718 Y706.016 E49.70059
;WIPE_START
G1 F600
G1 X547.718 Y706.016 E-10
;WIPE_END
G1 Z54.5 F15000
G1 X706.016 Y608.092 Z54.5
G1 Z53.5
G1 E17 F9000
G1 F2779.614
G1 X706.016 Y619.604 E49.70059
G1 X619.604 Y706.016 E527.57393
G1 X608.092 Y706.016 E49.70059
;WIPE_START
G1 F600
G1 X615.092 Y706.016 E-10
;WIPE_END
G1 Z54.5 F15000
G1 X706.016 Y445.282 Z54.5
G1 Z53.5
G1 E17 F9000
G1 F2779.614
G1 X706.016 Y456.794 E49.70059
G1 X456.794 Y706.016 E1521.58571
G1 X445.282 Y706.016 E49.70059
;WIPE_START
G1 F600
G1 X452.282 Y706.016 E-10
;WIPE_END
G1 Z54.5 F15000
G1 X445.282 Y293.984 Z54.5
G1 Z53.5
G1 E17 F9000
G1 F2779.614
G1 X456.794 Y293.984 E49.70059
G1 X706.016 Y543.206 E1521.58569
G1 X706.016 Y554.718 E49.70059
M73 P18 R566
;WIPE_START
G1 F600
G1 X706.016 Y547.718 E-10
;WIPE_END
G1 Z54.5 F15000
G1 X694.503 Y293.984 Z54.5
G1 Z53.5
G1 E17 F9000
G1 F2779.614
G1 X706.016 Y293.984 E49.7003
G1 X293.984 Y706.016 E2515.59704
G1 X305.497 Y706.016 E49.70028
;WIPE_START
G1 F600
G1 X298.497 Y706.016 E-10
;WIPE_END
G1 Z54.5 F15000
G1 X305.497 Y293.984 Z54.5
G1 Z53.5
G1 E17 F9000
G1 F2779.614
G1 X293.984 Y293.984 E49.70059
G1 X706.016 Y706.016 E2515.59745
G1 X694.503 Y706.016 E49.70059
;WIPE_START
G1 F600
G1 X701.503 Y706.016 E-10
;WIPE_END
G1 Z54.5 F15000
G1 X608.092 Y293.984 Z54.5
G1 Z53.5
G1 E17 F9000
G1 F2779.614
G1 X619.604 Y293.984 E49.70059
G1 X706.016 Y380.396 E527.57392
G1 X706.016 Y391.908 E49.70059
M73 P19 R566
;WIPE_START
G1 F600
G1 X706.016 Y384.908 E-10
;WIPE_END
G1 Z54.5 F15000
G1 X554.718 Y293.984 Z54.5
G1 Z53.5
G1 E17 F9000
G1 F2779.614
G1 X543.206 Y293.984 E49.70059
G1 X293.984 Y543.206 E1521.58568
G1 X293.984 Y554.718 E49.70059
;WIPE_START
G1 F600
G1 X293.984 Y547.718 E-10
;WIPE_END
G1 Z54.5 F15000
G1 X391.908 Y293.984 Z54.5
G1 Z53.5
G1 E17 F9000
G1 F2779.614
G1 X380.396 Y293.984 E49.70059
G1 X293.984 Y380.396 E527.5739
G1 X293.984 Y391.908 E49.70059
M73 P19 R565
; stop printing object Cube id:0 copy 0
;LAYER_CHANGE
;Z:55
;HEIGHT:1.5
;BEFORE_LAYER_CHANGE
;55
G92 E0

EXCLUDE_OBJECT_END NAME=Cube_id_0_copy_0
;AFTER_LAYER_CHANGE
;55
;_SET_FAN_SPEED_CHANGING_LAYER
; printing object Cube id:0 copy 0
;WIPE_START
G1 F600
G1 X293.984 Y384.908 E-10
;WIPE_END
EXCLUDE_OBJECT_START NAME=Cube_id_0_copy_0
G1 Z56 F15000
G1 X291.538 Y291.538 Z56
G1 Z55
G1 E17 F9000
;TYPE:Outer wall
;WIDTH:3.2
G1 F2779.615
G1 X708.462 Y291.538 E1799.91857
G1 X708.462 Y708.462 E1799.91857
G1 X291.538 Y708.462 E1799.91857
G1 X291.538 Y291.838 E1798.62343
;WIPE_START
G1 F600
G1 X298.538 Y291.833 E-10
;WIPE_END
G1 Z56 F15000
G1 X293.984 Y391.908 Z56
G1 Z55
G1 E17 F9000
;TYPE:Sparse infill
;WIDTH:3.2
G1 F2779.614
G1 X293.984 Y380.396 E49.70059
G1 X380.396 Y293.984 E527.5739
G1 X391.908 Y293.984 E49.70059
;WIPE_START
G1 F600
G1 X384.908 Y293.984 E-10
;WIPE_END
G1 Z56 F15000
G1 X293.984 Y554.718 Z56
G1 Z55
G1 E17 F9000
G1 F2779.614
G1 X293.984 Y543.206 E49.70059
G1 X543.206 Y293.984 E1521.58568
G1 X554.718 Y293.984 E49.70059
;WIPE_START
G1 F600
G1 X547.718 Y293.984 E-10
;WIPE_END
G1 Z56 F15000
G1 X706.016 Y391.908 Z56
G1 Z55
G1 E17 F9000
G1 F2779.614
G1 X706.016 Y380.396 E49.70059
G1 X619.604 Y293.984 E527.57392
G1 X608.092 Y293.984 E49.70059
M73 P19 R564
;WIPE_START
G1 F600
G1 X615.092 Y293.984 E-10
;WIPE_END
G1 Z56 F15000
G1 X706.016 Y554.718 Z56
G1 Z55
G1 E17 F9000
G1 F2779.614
G1 X706.016 Y543.206 E49.70059
G1 X456.794 Y293.984 E1521.58569
G1 X445.282 Y293.984 E49.70059
;WIPE_START
G1 F600
G1 X452.282 Y293.984 E-10
;WIPE_END
G1 Z56 F15000
G1 X445.282 Y706.016 Z56
G1 Z55
G1 E17 F9000
G1 F2779.614
G1 X456.794 Y706.016 E49.70059
G1 X706.016 Y456.794 E1521.58571
G1 X706.016 Y445.282 E49.70059
;WIPE_START
G1 F600
G1 X706.016 Y452.282 E-10
;WIPE_END
G1 Z56 F15000
G1 X694.503 Y706.016 Z56
G1 Z55
G1 E17 F9000
G1 F2779.614
G1 X706.016 Y706.016 E49.70059
G1 X293.984 Y293.984 E2515.59745
G1 X305.497 Y293.984 E49.70059
;WIPE_START
G1 F600
G1 X298.497 Y293.984 E-10
;WIPE_END
G1 Z56 F15000
G1 X305.497 Y706.016 Z56
G1 Z55
G1 E17 F9000
G1 F2779.614
G1 X293.984 Y706.016 E49.70028
G1 X706.016 Y293.984 E2515.59704
G1 X694.503 Y293.984 E49.7003
;WIPE_START
G1 F600
G1 X701.503 Y293.984 E-10
;WIPE_END
G1 Z56 F15000
G1 X608.092 Y706.016 Z56
G1 Z55
G1 E17 F9000
G1 F2779.614
M73 P19 R563
G1 X619.604 Y706.016 E49.70059
G1 X706.016 Y619.604 E527.57393
G1 X706.016 Y608.092 E49.70059
;WIPE_START
G1 F600
G1 X706.016 Y615.092 E-10
;WIPE_END
G1 Z56 F15000
G1 X554.718 Y706.016 Z56
G1 Z55
G1 E17 F9000
G1 F2779.614
G1 X543.206 Y706.016 E49.70059
G1 X293.984 Y456.794 E1521.58569
G1 X293.984 Y445.282 E49.70059
;WIPE_START
G1 F600
G1 X293.984 Y452.282 E-10
;WIPE_END
G1 Z56 F15000
G1 X391.908 Y706.016 Z56
G1 Z55
G1 E17 F9000
G1 F2779.614
G1 X380.396 Y706.016 E49.70059
G1 X293.984 Y619.604 E527.57392
G1 X293.984 Y608.092 E49.70059
; stop printing object Cube id:0 copy 0
;LAYER_CHANGE
;Z:56.5
;HEIGHT:1.5
;BEFORE_LAYER_CHANGE
;56.5
G92 E0

EXCLUDE_OBJECT_END NAME=Cube_id_0_copy_0
;AFTER_LAYER_CHANGE
;56.5
;_SET_FAN_SPEED_CHANGING_LAYER
; printing object Cube id:0 copy 0
;WIPE_START
G1 F600
G1 X293.984 Y615.092 E-10
;WIPE_END
EXCLUDE_OBJECT_START NAME=Cube_id_0_copy_0
G1 Z57.5 F15000
G1 X291.538 Y708.462 Z57.5
G1 Z56.5
G1 E17 F9000
;TYPE:Outer wall
;WIDTH:3.2
G1 F2779.615
G1 X291.538 Y291.538 E1799.91857
G1 X708.462 Y291.538 E1799.91857
G1 X708.462 Y708.462 E1799.91857
G1 X291.838 Y708.462 E1798.62343
;WIPE_START
G1 F600
G1 X291.833 Y701.462 E-10
;WIPE_END
G1 Z57.5 F15000
G1 X293.984 Y608.092 Z57.5
G1 Z56.5
M73 P19 R562
G1 E17 F9000
;TYPE:Sparse infill
;WIDTH:3.2
G1 F2779.614
G1 X293.984 Y619.604 E49.70059
G1 X380.396 Y706.016 E527.57392
G1 X391.908 Y706.016 E49.70059
;WIPE_START
G1 F600
G1 X384.908 Y706.016 E-10
;WIPE_END
G1 Z57.5 F15000
G1 X293.984 Y445.282 Z57.5
G1 Z56.5
G1 E17 F9000
G1 F2779.614
G1 X293.984 Y456.794 E49.70059
G1 X543.206 Y706.016 E1521.58569
G1 X554.718 Y706.016 E49.70059
;WIPE_START
G1 F600
G1 X547.718 Y706.016 E-10
;WIPE_END
G1 Z57.5 F15000
G1 X706.016 Y608.092 Z57.5
G1 Z56.5
G1 E17 F9000
G1 F2779.614
G1 X706.016 Y619.604 E49.70059
G1 X619.604 Y706.016 E527.57393
G1 X608.092 Y706.016 E49.70059
;WIPE_START
G1 F600
G1 X615.092 Y706.016 E-10
;WIPE_END
G1 Z57.5 F15000
G1 X706.016 Y445.282 Z57.5
G1 Z56.5
G1 E17 F9000
G1 F2779.614
G1 X706.016 Y456.794 E49.70059
G1 X456.794 Y706.016 E1521.58571
G1 X445.282 Y706.016 E49.70059
;WIPE_START
G1 F600
G1 X452.282 Y706.016 E-10
;WIPE_END
G1 Z57.5 F15000
G1 X445.282 Y293.984 Z57.5
G1 Z56.5
G1 E17 F9000
G1 F2779.614
G1 X456.794 Y293.984 E49.70059
G1 X706.016 Y543.206 E1521.58569
G1 X706.016 Y554.718 E49.70059
;WIPE_START
G1 F600
G1 X706.016 Y547.718 E-10
;WIPE_END
G1 Z57.5 F15000
G1 X694.503 Y293.984 Z57.5
G1 Z56.5
G1 E17 F9000
G1 F2779.614
G1 X706.016 Y293.984 E49.7003
G1 X293.984 Y706.016 E2515.59704
G1 X305.497 Y706.016 E49.70028
;WIPE_START
G1 F600
G1 X298.497 Y706.016 E-10
;WIPE_END
G1 Z57.5 F15000
M73 P19 R561
G1 X305.497 Y293.984 Z57.5
G1 Z56.5
G1 E17 F9000
G1 F2779.614
G1 X293.984 Y293.984 E49.70059
G1 X706.016 Y706.016 E2515.59745
G1 X694.503 Y706.016 E49.70059
;WIPE_START
G1 F600
G1 X701.503 Y706.016 E-10
;WIPE_END
G1 Z57.5 F15000
G1 X608.092 Y293.984 Z57.5
G1 Z56.5
G1 E17 F9000
G1 F2779.614
G1 X619.604 Y293.984 E49.70059
G1 X706.016 Y380.396 E527.57392
G1 X706.016 Y391.908 E49.70059
;WIPE_START
G1 F600
G1 X706.016 Y384.908 E-10
;WIPE_END
G1 Z57.5 F15000
G1 X554.718 Y293.984 Z57.5
G1 Z56.5
G1 E17 F9000
G1 F2779.614
G1 X543.206 Y293.984 E49.70059
G1 X293.984 Y543.206 E1521.58568
G1 X293.984 Y554.718 E49.70059
;WIPE_START
G1 F600
G1 X293.984 Y547.718 E-10
;WIPE_END
G1 Z57.5 F15000
G1 X391.908 Y293.984 Z57.5
G1 Z56.5
G1 E17 F9000
G1 F2779.614
G1 X380.396 Y293.984 E49.70059
G1 X293.984 Y380.396 E527.5739
G1 X293.984 Y391.908 E49.70059
; stop printing object Cube id:0 copy 0
;LAYER_CHANGE
;Z:58
;HEIGHT:1.5
;BEFORE_LAYER_CHANGE
;58
G92 E0

EXCLUDE_OBJECT_END NAME=Cube_id_0_copy_0
;AFTER_LAYER_CHANGE
;58
;_SET_FAN_SPEED_CHANGING_LAYER
; printing object Cube id:0 copy 0
;WIPE_START
G1 F600
G1 X293.984 Y384.908 E-10
;WIPE_END
EXCLUDE_OBJECT_START NAME=Cube_id_0_copy_0
G1 Z59 F15000
G1 X291.538 Y291.538 Z59
G1 Z58
G1 E17 F9000
;TYPE:Outer wall
;WIDTH:3.2
G1 F2779.615
G1 X708.462 Y291.538 E1799.91857
G1 X708.462 Y708.462 E1799.91857
G1 X291.538 Y708.462 E1799.91857
G1 X291.538 Y291.838 E1798.62343
M73 P19 R560
;WIPE_START
G1 F600
G1 X298.538 Y291.833 E-10
;WIPE_END
G1 Z59 F15000
G1 X293.984 Y391.908 Z59
G1 Z58
G1 E17 F9000
;TYPE:Sparse infill
;WIDTH:3.2
G1 F2779.614
G1 X293.984 Y380.396 E49.70059
G1 X380.396 Y293.984 E527.5739
G1 X391.908 Y293.984 E49.70059
;WIPE_START
G1 F600
G1 X384.908 Y293.984 E-10
;WIPE_END
G1 Z59 F15000
G1 X293.984 Y554.718 Z59
G1 Z58
G1 E17 F9000
G1 F2779.614
G1 X293.984 Y543.206 E49.70059
G1 X543.206 Y293.984 E1521.58568
G1 X554.718 Y293.984 E49.70059
;WIPE_START
G1 F600
G1 X547.718 Y293.984 E-10
;WIPE_END
G1 Z59 F15000
G1 X706.016 Y391.908 Z59
G1 Z58
G1 E17 F9000
G1 F2779.614
G1 X706.016 Y380.396 E49.70059
G1 X619.604 Y293.984 E527.57392
G1 X608.092 Y293.984 E49.70059
;WIPE_START
G1 F600
G1 X615.092 Y293.984 E-10
;WIPE_END
G1 Z59 F15000
G1 X706.016 Y554.718 Z59
G1 Z58
G1 E17 F9000
G1 F2779.614
G1 X706.016 Y543.206 E49.70059
G1 X456.794 Y293.984 E1521.58569
G1 X445.282 Y293.984 E49.70059
;WIPE_START
G1 F600
G1 X452.282 Y293.984 E-10
;WIPE_END
G1 Z59 F15000
G1 X445.282 Y706.016 Z59
G1 Z58
G1 E17 F9000
G1 F2779.614
G1 X456.794 Y706.016 E49.70059
G1 X706.016 Y456.794 E1521.58571
G1 X706.016 Y445.282 E49.70059
M73 P19 R559
;WIPE_START
G1 F600
G1 X706.016 Y452.282 E-10
;WIPE_END
G1 Z59 F15000
G1 X694.503 Y706.016 Z59
G1 Z58
G1 E17 F9000
G1 F2779.614
G1 X706.016 Y706.016 E49.70059
G1 X293.984 Y293.984 E2515.59745
G1 X305.497 Y293.984 E49.70059
;WIPE_START
G1 F600
G1 X298.497 Y293.984 E-10
;WIPE_END
G1 Z59 F15000
G1 X305.497 Y706.016 Z59
G1 Z58
G1 E17 F9000
G1 F2779.614
G1 X293.984 Y706.016 E49.70028
G1 X706.016 Y293.984 E2515.59704
G1 X694.503 Y293.984 E49.7003
;WIPE_START
G1 F600
G1 X701.503 Y293.984 E-10
;WIPE_END
G1 Z59 F15000
G1 X608.092 Y706.016 Z59
G1 Z58
G1 E17 F9000
G1 F2779.614
G1 X619.604 Y706.016 E49.70059
G1 X706.016 Y619.604 E527.57393
G1 X706.016 Y608.092 E49.70059
;WIPE_START
G1 F600
G1 X706.016 Y615.092 E-10
;WIPE_END
G1 Z59 F15000
M73 P20 R559
G1 X554.718 Y706.016 Z59
G1 Z58
G1 E17 F9000
G1 F2779.614
G1 X543.206 Y706.016 E49.70059
G1 X293.984 Y456.794 E1521.58569
G1 X293.984 Y445.282 E49.70059
;WIPE_START
G1 F600
G1 X293.984 Y452.282 E-10
;WIPE_END
G1 Z59 F15000
G1 X391.908 Y706.016 Z59
G1 Z58
G1 E17 F9000
G1 F2779.614
G1 X380.396 Y706.016 E49.70059
G1 X293.984 Y619.604 E527.57392
G1 X293.984 Y608.092 E49.70059
; stop printing object Cube id:0 copy 0
;LAYER_CHANGE
;Z:59.5
;HEIGHT:1.5
;BEFORE_LAYER_CHANGE
;59.5
G92 E0

EXCLUDE_OBJECT_END NAME=Cube_id_0_copy_0
;AFTER_LAYER_CHANGE
;59.5
;_SET_FAN_SPEED_CHANGING_LAYER
; printing object Cube id:0 copy 0
;WIPE_START
G1 F600
G1 X293.984 Y615.092 E-10
;WIPE_END
EXCLUDE_OBJECT_START NAME=Cube_id_0_copy_0
G1 Z60.5 F15000
G1 X291.538 Y708.462 Z60.5
G1 Z59.5
M73 P20 R558
G1 E17 F9000
;TYPE:Outer wall
;WIDTH:3.2
G1 F2779.615
G1 X291.538 Y291.538 E1799.91857
G1 X708.462 Y291.538 E1799.91857
G1 X708.462 Y708.462 E1799.91857
G1 X291.838 Y708.462 E1798.62343
;WIPE_START
G1 F600
G1 X291.833 Y701.462 E-10
;WIPE_END
G1 Z60.5 F15000
G1 X293.984 Y608.092 Z60.5
G1 Z59.5
G1 E17 F9000
;TYPE:Sparse infill
;WIDTH:3.2
G1 F2779.614
G1 X293.984 Y619.604 E49.70059
G1 X380.396 Y706.016 E527.57392
G1 X391.908 Y706.016 E49.70059
;WIPE_START
G1 F600
G1 X384.908 Y706.016 E-10
;WIPE_END
G1 Z60.5 F15000
G1 X293.984 Y445.282 Z60.5
G1 Z59.5
G1 E17 F9000
G1 F2779.614
G1 X293.984 Y456.794 E49.70059
G1 X543.206 Y706.016 E1521.58569
G1 X554.718 Y706.016 E49.70059
;WIPE_START
G1 F600
G1 X547.718 Y706.016 E-10
;WIPE_END
G1 Z60.5 F15000
G1 X706.016 Y608.092 Z60.5
G1 Z59.5
G1 E17 F9000
G1 F2779.614
G1 X706.016 Y619.604 E49.70059
G1 X619.604 Y706.016 E527.57393
G1 X608.092 Y706.016 E49.70059
;WIPE_START
G1 F600
G1 X615.092 Y706.016 E-10
;WIPE_END
G1 Z60.5 F15000
M73 P20 R557
G1 X706.016 Y445.282 Z60.5
G1 Z59.5
G1 E17 F9000
G1 F2779.614
G1 X706.016 Y456.794 E49.70059
G1 X456.794 Y706.016 E1521.58571
G1 X445.282 Y706.016 E49.70059
;WIPE_START
G1 F600
G1 X452.282 Y706.016 E-10
;WIPE_END
G1 Z60.5 F15000
G1 X445.282 Y293.984 Z60.5
G1 Z59.5
G1 E17 F9000
G1 F2779.614
G1 X456.794 Y293.984 E49.70059
G1 X706.016 Y543.206 E1521.58569
G1 X706.016 Y554.718 E49.70059
;WIPE_START
G1 F600
G1 X706.016 Y547.718 E-10
;WIPE_END
G1 Z60.5 F15000
G1 X694.503 Y293.984 Z60.5
G1 Z59.5
G1 E17 F9000
G1 F2779.614
G1 X706.016 Y293.984 E49.7003
G1 X293.984 Y706.016 E2515.59704
G1 X305.497 Y706.016 E49.70028
;WIPE_START
G1 F600
G1 X298.497 Y706.016 E-10
;WIPE_END
G1 Z60.5 F15000
G1 X305.497 Y293.984 Z60.5
G1 Z59.5
G1 E17 F9000
G1 F2779.614
G1 X293.984 Y293.984 E49.70059
G1 X706.016 Y706.016 E2515.59745
G1 X694.503 Y706.016 E49.70059
;WIPE_START
G1 F600
G1 X701.503 Y706.016 E-10
;WIPE_END
G1 Z60.5 F15000
G1 X608.092 Y293.984 Z60.5
G1 Z59.5
G1 E17 F9000
G1 F2779.614
G1 X619.604 Y293.984 E49.70059
G1 X706.016 Y380.396 E527.57392
G1 X706.016 Y391.908 E49.70059
M73 P20 R556
;WIPE_START
G1 F600
G1 X706.016 Y384.908 E-10
;WIPE_END
G1 Z60.5 F15000
G1 X554.718 Y293.984 Z60.5
G1 Z59.5
G1 E17 F9000
G1 F2779.614
G1 X543.206 Y293.984 E49.70059
G1 X293.984 Y543.206 E1521.58568
G1 X293.984 Y554.718 E49.70059
;WIPE_START
G1 F600
G1 X293.984 Y547.718 E-10
;WIPE_END
G1 Z60.5 F15000
G1 X391.908 Y293.984 Z60.5
G1 Z59.5
G1 E17 F9000
G1 F2779.614
G1 X380.396 Y293.984 E49.70059
G1 X293.984 Y380.396 E527.5739
G1 X293.984 Y391.908 E49.70059
; stop printing object Cube id:0 copy 0
;LAYER_CHANGE
;Z:61
;HEIGHT:1.5
;BEFORE_LAYER_CHANGE
;61
G92 E0

EXCLUDE_OBJECT_END NAME=Cube_id_0_copy_0
;AFTER_LAYER_CHANGE
;61
;_SET_FAN_SPEED_CHANGING_LAYER
; printing object Cube id:0 copy 0
;WIPE_START
G1 F600
G1 X293.984 Y384.908 E-10
;WIPE_END
EXCLUDE_OBJECT_START NAME=Cube_id_0_copy_0
G1 Z62 F15000
G1 X291.538 Y291.538 Z62
G1 Z61
G1 E17 F9000
;TYPE:Outer wall
;WIDTH:3.2
G1 F2779.615
G1 X708.462 Y291.538 E1799.91857
G1 X708.462 Y708.462 E1799.91857
G1 X291.538 Y708.462 E1799.91857
G1 X291.538 Y291.838 E1798.62343
;WIPE_START
G1 F600
G1 X298.538 Y291.833 E-10
;WIPE_END
G1 Z62 F15000
G1 X293.984 Y391.908 Z62
G1 Z61
G1 E17 F9000
;TYPE:Sparse infill
;WIDTH:3.2
G1 F2779.614
G1 X293.984 Y380.396 E49.70059
G1 X380.396 Y293.984 E527.5739
G1 X391.908 Y293.984 E49.70059
M73 P20 R555
;WIPE_START
G1 F600
G1 X384.908 Y293.984 E-10
;WIPE_END
G1 Z62 F15000
G1 X293.984 Y554.718 Z62
G1 Z61
G1 E17 F9000
G1 F2779.614
G1 X293.984 Y543.206 E49.70059
G1 X543.206 Y293.984 E1521.58568
G1 X554.718 Y293.984 E49.70059
;WIPE_START
G1 F600
G1 X547.718 Y293.984 E-10
;WIPE_END
G1 Z62 F15000
G1 X706.016 Y391.908 Z62
G1 Z61
G1 E17 F9000
G1 F2779.614
G1 X706.016 Y380.396 E49.70059
G1 X619.604 Y293.984 E527.57392
G1 X608.092 Y293.984 E49.70059
;WIPE_START
G1 F600
G1 X615.092 Y293.984 E-10
;WIPE_END
G1 Z62 F15000
G1 X706.016 Y554.718 Z62
G1 Z61
G1 E17 F9000
G1 F2779.614
G1 X706.016 Y543.206 E49.70059
G1 X456.794 Y293.984 E1521.58569
G1 X445.282 Y293.984 E49.70059
;WIPE_START
G1 F600
G1 X452.282 Y293.984 E-10
;WIPE_END
G1 Z62 F15000
G1 X445.282 Y706.016 Z62
G1 Z61
G1 E17 F9000
G1 F2779.614
G1 X456.794 Y706.016 E49.70059
G1 X706.016 Y456.794 E1521.58571
G1 X706.016 Y445.282 E49.70059
;WIPE_START
G1 F600
G1 X706.016 Y452.282 E-10
;WIPE_END
G1 Z62 F15000
G1 X694.503 Y706.016 Z62
G1 Z61
G1 E17 F9000
G1 F2779.614
G1 X706.016 Y706.016 E49.70059
G1 X293.984 Y293.984 E2515.59745
G1 X305.497 Y293.984 E49.70059
;WIPE_START
G1 F600
G1 X298.497 Y293.984 E-10
;WIPE_END
G1 Z62 F15000
G1 X305.497 Y706.016 Z62
G1 Z61
G1 E17 F9000
G1 F2779.614
M73 P20 R554
G1 X293.984 Y706.016 E49.70028
G1 X706.016 Y293.984 E2515.59704
G1 X694.503 Y293.984 E49.7003
;WIPE_START
G1 F600
G1 X701.503 Y293.984 E-10
;WIPE_END
G1 Z62 F15000
G1 X608.092 Y706.016 Z62
G1 Z61
G1 E17 F9000
G1 F2779.614
G1 X619.604 Y706.016 E49.70059
G1 X706.016 Y619.604 E527.57393
G1 X706.016 Y608.092 E49.70059
;WIPE_START
G1 F600
G1 X706.016 Y615.092 E-10
;WIPE_END
G1 Z62 F15000
G1 X554.718 Y706.016 Z62
G1 Z61
G1 E17 F9000
G1 F2779.614
G1 X543.206 Y706.016 E49.70059
G1 X293.984 Y456.794 E1521.58569
G1 X293.984 Y445.282 E49.70059
;WIPE_START
G1 F600
G1 X293.984 Y452.282 E-10
;WIPE_END
G1 Z62 F15000
G1 X391.908 Y706.016 Z62
G1 Z61
G1 E17 F9000
G1 F2779.614
G1 X380.396 Y706.016 E49.70059
G1 X293.984 Y619.604 E527.57392
G1 X293.984 Y608.092 E49.70059
; stop printing object Cube id:0 copy 0
;LAYER_CHANGE
;Z:62.5
;HEIGHT:1.5
;BEFORE_LAYER_CHANGE
;62.5
G92 E0

EXCLUDE_OBJECT_END NAME=Cube_id_0_copy_0
;AFTER_LAYER_CHANGE
;62.5
;_SET_FAN_SPEED_CHANGING_LAYER
; printing object Cube id:0 copy 0
;WIPE_START
G1 F600
G1 X293.984 Y615.092 E-10
;WIPE_END
EXCLUDE_OBJECT_START NAME=Cube_id_0_copy_0
G1 Z63.5 F15000
G1 X291.538 Y708.462 Z63.5
G1 Z62.5
G1 E17 F9000
;TYPE:Outer wall
;WIDTH:3.2
G1 F2779.615
G1 X291.538 Y291.538 E1799.91857
G1 X708.462 Y291.538 E1799.91857
G1 X708.462 Y708.462 E1799.91857
G1 X291.838 Y708.462 E1798.62343
M73 P20 R553
;WIPE_START
G1 F600
G1 X291.833 Y701.462 E-10
;WIPE_END
G1 Z63.5 F15000
G1 X293.984 Y608.092 Z63.5
G1 Z62.5
G1 E17 F9000
;TYPE:Sparse infill
;WIDTH:3.2
G1 F2779.614
G1 X293.984 Y619.604 E49.70059
G1 X380.396 Y706.016 E527.57392
G1 X391.908 Y706.016 E49.70059
;WIPE_START
G1 F600
G1 X384.908 Y706.016 E-10
;WIPE_END
G1 Z63.5 F15000
G1 X293.984 Y445.282 Z63.5
G1 Z62.5
G1 E17 F9000
G1 F2779.614
G1 X293.984 Y456.794 E49.70059
G1 X543.206 Y706.016 E1521.58569
G1 X554.718 Y706.016 E49.70059
;WIPE_START
G1 F600
G1 X547.718 Y706.016 E-10
;WIPE_END
G1 Z63.5 F15000
G1 X706.016 Y608.092 Z63.5
G1 Z62.5
G1 E17 F9000
G1 F2779.614
G1 X706.016 Y619.604 E49.70059
G1 X619.604 Y706.016 E527.57393
G1 X608.092 Y706.016 E49.70059
;WIPE_START
G1 F600
G1 X615.092 Y706.016 E-10
;WIPE_END
G1 Z63.5 F15000
G1 X706.016 Y445.282 Z63.5
G1 Z62.5
G1 E17 F9000
G1 F2779.614
G1 X706.016 Y456.794 E49.70059
G1 X456.794 Y706.016 E1521.58571
G1 X445.282 Y706.016 E49.70059
;WIPE_START
G1 F600
G1 X452.282 Y706.016 E-10
;WIPE_END
G1 Z63.5 F15000
G1 X445.282 Y293.984 Z63.5
G1 Z62.5
G1 E17 F9000
G1 F2779.614
G1 X456.794 Y293.984 E49.70059
G1 X706.016 Y543.206 E1521.58569
G1 X706.016 Y554.718 E49.70059
;WIPE_START
G1 F600
M73 P20 R552
G1 X706.016 Y547.718 E-10
;WIPE_END
G1 Z63.5 F15000
G1 X694.503 Y293.984 Z63.5
G1 Z62.5
G1 E17 F9000
G1 F2779.614
G1 X706.016 Y293.984 E49.7003
G1 X293.984 Y706.016 E2515.59704
G1 X305.497 Y706.016 E49.70028
;WIPE_START
G1 F600
G1 X298.497 Y706.016 E-10
;WIPE_END
G1 Z63.5 F15000
G1 X305.497 Y293.984 Z63.5
G1 Z62.5
G1 E17 F9000
G1 F2779.614
G1 X293.984 Y293.984 E49.70059
G1 X706.016 Y706.016 E2515.59745
G1 X694.503 Y706.016 E49.70059
;WIPE_START
G1 F600
G1 X701.503 Y706.016 E-10
;WIPE_END
G1 Z63.5 F15000
G1 X608.092 Y293.984 Z63.5
G1 Z62.5
G1 E17 F9000
G1 F2779.614
G1 X619.604 Y293.984 E49.70059
G1 X706.016 Y380.396 E527.57392
G1 X706.016 Y391.908 E49.70059
;WIPE_START
G1 F600
G1 X706.016 Y384.908 E-10
;WIPE_END
G1 Z63.5 F15000
G1 X554.718 Y293.984 Z63.5
G1 Z62.5
G1 E17 F9000
G1 F2779.614
G1 X543.206 Y293.984 E49.70059
G1 X293.984 Y543.206 E1521.58568
G1 X293.984 Y554.718 E49.70059
M73 P21 R552
;WIPE_START
G1 F600
G1 X293.984 Y547.718 E-10
;WIPE_END
G1 Z63.5 F15000
G1 X391.908 Y293.984 Z63.5
G1 Z62.5
G1 E17 F9000
G1 F2779.614
G1 X380.396 Y293.984 E49.70059
G1 X293.984 Y380.396 E527.5739
G1 X293.984 Y391.908 E49.70059
; stop printing object Cube id:0 copy 0
;LAYER_CHANGE
;Z:64
;HEIGHT:1.5
;BEFORE_LAYER_CHANGE
;64
G92 E0

EXCLUDE_OBJECT_END NAME=Cube_id_0_copy_0
;AFTER_LAYER_CHANGE
;64
;_SET_FAN_SPEED_CHANGING_LAYER
; printing object Cube id:0 copy 0
;WIPE_START
G1 F600
G1 X293.984 Y384.908 E-10
;WIPE_END
EXCLUDE_OBJECT_START NAME=Cube_id_0_copy_0
G1 Z65 F15000
G1 X291.538 Y291.538 Z65
G1 Z64
G1 E17 F9000
;TYPE:Outer wall
;WIDTH:3.2
G1 F2779.615
G1 X708.462 Y291.538 E1799.91857
G1 X708.462 Y708.462 E1799.91857
M73 P21 R551
G1 X291.538 Y708.462 E1799.91857
G1 X291.538 Y291.838 E1798.62343
;WIPE_START
G1 F600
G1 X298.538 Y291.833 E-10
;WIPE_END
G1 Z65 F15000
G1 X293.984 Y391.908 Z65
G1 Z64
G1 E17 F9000
;TYPE:Sparse infill
;WIDTH:3.2
G1 F2779.614
G1 X293.984 Y380.396 E49.70059
G1 X380.396 Y293.984 E527.5739
G1 X391.908 Y293.984 E49.70059
;WIPE_START
G1 F600
G1 X384.908 Y293.984 E-10
;WIPE_END
G1 Z65 F15000
G1 X293.984 Y554.718 Z65
G1 Z64
G1 E17 F9000
G1 F2779.614
G1 X293.984 Y543.206 E49.70059
G1 X543.206 Y293.984 E1521.58568
G1 X554.718 Y293.984 E49.70059
;WIPE_START
G1 F600
G1 X547.718 Y293.984 E-10
;WIPE_END
G1 Z65 F15000
G1 X706.016 Y391.908 Z65
G1 Z64
G1 E17 F9000
G1 F2779.614
G1 X706.016 Y380.396 E49.70059
G1 X619.604 Y293.984 E527.57392
G1 X608.092 Y293.984 E49.70059
;WIPE_START
G1 F600
G1 X615.092 Y293.984 E-10
;WIPE_END
G1 Z65 F15000
G1 X706.016 Y554.718 Z65
G1 Z64
G1 E17 F9000
G1 F2779.614
G1 X706.016 Y543.206 E49.70059
G1 X456.794 Y293.984 E1521.58569
G1 X445.282 Y293.984 E49.70059
M73 P21 R550
;WIPE_START
G1 F600
G1 X452.282 Y293.984 E-10
;WIPE_END
G1 Z65 F15000
G1 X445.282 Y706.016 Z65
G1 Z64
G1 E17 F9000
G1 F2779.614
G1 X456.794 Y706.016 E49.70059
G1 X706.016 Y456.794 E1521.58571
G1 X706.016 Y445.282 E49.70059
;WIPE_START
G1 F600
G1 X706.016 Y452.282 E-10
;WIPE_END
G1 Z65 F15000
G1 X694.503 Y706.016 Z65
G1 Z64
G1 E17 F9000
G1 F2779.614
G1 X706.016 Y706.016 E49.70059
G1 X293.984 Y293.984 E2515.59745
G1 X305.497 Y293.984 E49.70059
;WIPE_START
G1 F600
G1 X298.497 Y293.984 E-10
;WIPE_END
G1 Z65 F15000
G1 X305.497 Y706.016 Z65
G1 Z64
G1 E17 F9000
G1 F2779.614
G1 X293.984 Y706.016 E49.70028
G1 X706.016 Y293.984 E2515.59704
G1 X694.503 Y293.984 E49.7003
;WIPE_START
G1 F600
G1 X701.503 Y293.984 E-10
;WIPE_END
G1 Z65 F15000
G1 X608.092 Y706.016 Z65
G1 Z64
G1 E17 F9000
G1 F2779.614
G1 X619.604 Y706.016 E49.70059
G1 X706.016 Y619.604 E527.57393
G1 X706.016 Y608.092 E49.70059
;WIPE_START
G1 F600
G1 X706.016 Y615.092 E-10
;WIPE_END
G1 Z65 F15000
G1 X554.718 Y706.016 Z65
G1 Z64
M73 P21 R549
G1 E17 F9000
G1 F2779.614
G1 X543.206 Y706.016 E49.70059
G1 X293.984 Y456.794 E1521.58569
G1 X293.984 Y445.282 E49.70059
;WIPE_START
G1 F600
G1 X293.984 Y452.282 E-10
;WIPE_END
G1 Z65 F15000
G1 X391.908 Y706.016 Z65
G1 Z64
G1 E17 F9000
G1 F2779.614
G1 X380.396 Y706.016 E49.70059
G1 X293.984 Y619.604 E527.57392
G1 X293.984 Y608.092 E49.70059
; stop printing object Cube id:0 copy 0
;LAYER_CHANGE
;Z:65.5
;HEIGHT:1.5
;BEFORE_LAYER_CHANGE
;65.5
G92 E0

EXCLUDE_OBJECT_END NAME=Cube_id_0_copy_0
;AFTER_LAYER_CHANGE
;65.5
;_SET_FAN_SPEED_CHANGING_LAYER
; printing object Cube id:0 copy 0
;WIPE_START
G1 F600
G1 X293.984 Y615.092 E-10
;WIPE_END
EXCLUDE_OBJECT_START NAME=Cube_id_0_copy_0
G1 Z66.5 F15000
G1 X291.538 Y708.462 Z66.5
G1 Z65.5
G1 E17 F9000
;TYPE:Outer wall
;WIDTH:3.2
G1 F2779.615
G1 X291.538 Y291.538 E1799.91857
G1 X708.462 Y291.538 E1799.91857
G1 X708.462 Y708.462 E1799.91857
G1 X291.838 Y708.462 E1798.62343
;WIPE_START
G1 F600
G1 X291.833 Y701.462 E-10
;WIPE_END
G1 Z66.5 F15000
G1 X293.984 Y608.092 Z66.5
G1 Z65.5
G1 E17 F9000
;TYPE:Sparse infill
;WIDTH:3.2
G1 F2779.614
G1 X293.984 Y619.604 E49.70059
G1 X380.396 Y706.016 E527.57392
G1 X391.908 Y706.016 E49.70059
;WIPE_START
G1 F600
G1 X384.908 Y706.016 E-10
;WIPE_END
G1 Z66.5 F15000
M73 P21 R548
G1 X293.984 Y445.282 Z66.5
G1 Z65.5
G1 E17 F9000
G1 F2779.614
G1 X293.984 Y456.794 E49.70059
G1 X543.206 Y706.016 E1521.58569
G1 X554.718 Y706.016 E49.70059
;WIPE_START
G1 F600
G1 X547.718 Y706.016 E-10
;WIPE_END
G1 Z66.5 F15000
G1 X706.016 Y608.092 Z66.5
G1 Z65.5
G1 E17 F9000
G1 F2779.614
G1 X706.016 Y619.604 E49.70059
G1 X619.604 Y706.016 E527.57393
G1 X608.092 Y706.016 E49.70059
;WIPE_START
G1 F600
G1 X615.092 Y706.016 E-10
;WIPE_END
G1 Z66.5 F15000
G1 X706.016 Y445.282 Z66.5
G1 Z65.5
G1 E17 F9000
G1 F2779.614
G1 X706.016 Y456.794 E49.70059
G1 X456.794 Y706.016 E1521.58571
G1 X445.282 Y706.016 E49.70059
;WIPE_START
G1 F600
G1 X452.282 Y706.016 E-10
;WIPE_END
G1 Z66.5 F15000
G1 X445.282 Y293.984 Z66.5
G1 Z65.5
G1 E17 F9000
G1 F2779.614
G1 X456.794 Y293.984 E49.70059
G1 X706.016 Y543.206 E1521.58569
G1 X706.016 Y554.718 E49.70059
;WIPE_START
G1 F600
G1 X706.016 Y547.718 E-10
;WIPE_END
G1 Z66.5 F15000
G1 X694.503 Y293.984 Z66.5
G1 Z65.5
G1 E17 F9000
G1 F2779.614
G1 X706.016 Y293.984 E49.7003
G1 X293.984 Y706.016 E2515.59704
G1 X305.497 Y706.016 E49.70028
;WIPE_START
G1 F600
G1 X298.497 Y706.016 E-10
;WIPE_END
G1 Z66.5 F15000
G1 X305.497 Y293.984 Z66.5
G1 Z65.5
G1 E17 F9000
G1 F2779.614
G1 X293.984 Y293.984 E49.70059
G1 X706.016 Y706.016 E2515.59745
G1 X694.503 Y706.016 E49.70059
M73 P21 R547
;WIPE_START
G1 F600
G1 X701.503 Y706.016 E-10
;WIPE_END
G1 Z66.5 F15000
G1 X608.092 Y293.984 Z66.5
G1 Z65.5
G1 E17 F9000
G1 F2779.614
G1 X619.604 Y293.984 E49.70059
G1 X706.016 Y380.396 E527.57392
G1 X706.016 Y391.908 E49.70059
;WIPE_START
G1 F600
G1 X706.016 Y384.908 E-10
;WIPE_END
G1 Z66.5 F15000
G1 X554.718 Y293.984 Z66.5
G1 Z65.5
G1 E17 F9000
G1 F2779.614
G1 X543.206 Y293.984 E49.70059
G1 X293.984 Y543.206 E1521.58568
G1 X293.984 Y554.718 E49.70059
;WIPE_START
G1 F600
G1 X293.984 Y547.718 E-10
;WIPE_END
G1 Z66.5 F15000
G1 X391.908 Y293.984 Z66.5
G1 Z65.5
G1 E17 F9000
G1 F2779.614
G1 X380.396 Y293.984 E49.70059
G1 X293.984 Y380.396 E527.5739
G1 X293.984 Y391.908 E49.70059
; stop printing object Cube id:0 copy 0
;LAYER_CHANGE
;Z:67
;HEIGHT:1.5
;BEFORE_LAYER_CHANGE
;67
G92 E0

EXCLUDE_OBJECT_END NAME=Cube_id_0_copy_0
;AFTER_LAYER_CHANGE
;67
;_SET_FAN_SPEED_CHANGING_LAYER
; printing object Cube id:0 copy 0
;WIPE_START
G1 F600
G1 X293.984 Y384.908 E-10
;WIPE_END
EXCLUDE_OBJECT_START NAME=Cube_id_0_copy_0
G1 Z68 F15000
G1 X291.538 Y291.538 Z68
G1 Z67
G1 E17 F9000
;TYPE:Outer wall
;WIDTH:3.2
G1 F2779.615
G1 X708.462 Y291.538 E1799.91857
G1 X708.462 Y708.462 E1799.91857
G1 X291.538 Y708.462 E1799.91857
G1 X291.538 Y291.838 E1798.62343
M73 P21 R546
;WIPE_START
G1 F600
G1 X298.538 Y291.833 E-10
;WIPE_END
G1 Z68 F15000
G1 X293.984 Y391.908 Z68
G1 Z67
G1 E17 F9000
;TYPE:Sparse infill
;WIDTH:3.2
G1 F2779.614
G1 X293.984 Y380.396 E49.70059
G1 X380.396 Y293.984 E527.5739
G1 X391.908 Y293.984 E49.70059
;WIPE_START
G1 F600
G1 X384.908 Y293.984 E-10
;WIPE_END
G1 Z68 F15000
G1 X293.984 Y554.718 Z68
G1 Z67
G1 E17 F9000
G1 F2779.614
G1 X293.984 Y543.206 E49.70059
G1 X543.206 Y293.984 E1521.58568
G1 X554.718 Y293.984 E49.70059
;WIPE_START
G1 F600
G1 X547.718 Y293.984 E-10
;WIPE_END
G1 Z68 F15000
G1 X706.016 Y391.908 Z68
G1 Z67
G1 E17 F9000
G1 F2779.614
G1 X706.016 Y380.396 E49.70059
G1 X619.604 Y293.984 E527.57392
G1 X608.092 Y293.984 E49.70059
;WIPE_START
G1 F600
G1 X615.092 Y293.984 E-10
;WIPE_END
G1 Z68 F15000
G1 X706.016 Y554.718 Z68
G1 Z67
G1 E17 F9000
G1 F2779.614
G1 X706.016 Y543.206 E49.70059
G1 X456.794 Y293.984 E1521.58569
G1 X445.282 Y293.984 E49.70059
;WIPE_START
G1 F600
G1 X452.282 Y293.984 E-10
;WIPE_END
G1 Z68 F15000
G1 X445.282 Y706.016 Z68
G1 Z67
G1 E17 F9000
G1 F2779.614
G1 X456.794 Y706.016 E49.70059
G1 X706.016 Y456.794 E1521.58571
G1 X706.016 Y445.282 E49.70059
;WIPE_START
G1 F600
G1 X706.016 Y452.282 E-10
;WIPE_END
G1 Z68 F15000
G1 X694.503 Y706.016 Z68
G1 Z67
G1 E17 F9000
M73 P21 R545
G1 F2779.614
G1 X706.016 Y706.016 E49.70059
G1 X293.984 Y293.984 E2515.59745
G1 X305.497 Y293.984 E49.70059
;WIPE_START
G1 F600
G1 X298.497 Y293.984 E-10
;WIPE_END
G1 Z68 F15000
G1 X305.497 Y706.016 Z68
G1 Z67
G1 E17 F9000
G1 F2779.614
G1 X293.984 Y706.016 E49.70028
G1 X706.016 Y293.984 E2515.59704
G1 X694.503 Y293.984 E49.7003
;WIPE_START
G1 F600
G1 X701.503 Y293.984 E-10
;WIPE_END
G1 Z68 F15000
G1 X608.092 Y706.016 Z68
G1 Z67
G1 E17 F9000
G1 F2779.614
G1 X619.604 Y706.016 E49.70059
G1 X706.016 Y619.604 E527.57393
G1 X706.016 Y608.092 E49.70059
;WIPE_START
G1 F600
G1 X706.016 Y615.092 E-10
;WIPE_END
G1 Z68 F15000
G1 X554.718 Y706.016 Z68
G1 Z67
G1 E17 F9000
G1 F2779.614
G1 X543.206 Y706.016 E49.70059
G1 X293.984 Y456.794 E1521.58569
G1 X293.984 Y445.282 E49.70059
M73 P22 R545
;WIPE_START
G1 F600
G1 X293.984 Y452.282 E-10
;WIPE_END
G1 Z68 F15000
G1 X391.908 Y706.016 Z68
G1 Z67
G1 E17 F9000
G1 F2779.614
G1 X380.396 Y706.016 E49.70059
G1 X293.984 Y619.604 E527.57392
G1 X293.984 Y608.092 E49.70059
; stop printing object Cube id:0 copy 0
;LAYER_CHANGE
;Z:68.5
;HEIGHT:1.5
;BEFORE_LAYER_CHANGE
;68.5
G92 E0

EXCLUDE_OBJECT_END NAME=Cube_id_0_copy_0
;AFTER_LAYER_CHANGE
;68.5
;_SET_FAN_SPEED_CHANGING_LAYER
; printing object Cube id:0 copy 0
;WIPE_START
G1 F600
G1 X293.984 Y615.092 E-10
;WIPE_END
EXCLUDE_OBJECT_START NAME=Cube_id_0_copy_0
G1 Z69.5 F15000
G1 X291.538 Y708.462 Z69.5
G1 Z68.5
G1 E17 F9000
;TYPE:Outer wall
;WIDTH:3.2
G1 F2779.615
G1 X291.538 Y291.538 E1799.91857
G1 X708.462 Y291.538 E1799.91857
M73 P22 R544
G1 X708.462 Y708.462 E1799.91857
G1 X291.838 Y708.462 E1798.62343
;WIPE_START
G1 F600
G1 X291.833 Y701.462 E-10
;WIPE_END
G1 Z69.5 F15000
G1 X293.984 Y608.092 Z69.5
G1 Z68.5
G1 E17 F9000
;TYPE:Sparse infill
;WIDTH:3.2
G1 F2779.614
G1 X293.984 Y619.604 E49.70059
G1 X380.396 Y706.016 E527.57392
G1 X391.908 Y706.016 E49.70059
;WIPE_START
G1 F600
G1 X384.908 Y706.016 E-10
;WIPE_END
G1 Z69.5 F15000
G1 X293.984 Y445.282 Z69.5
G1 Z68.5
G1 E17 F9000
G1 F2779.614
G1 X293.984 Y456.794 E49.70059
G1 X543.206 Y706.016 E1521.58569
G1 X554.718 Y706.016 E49.70059
;WIPE_START
G1 F600
G1 X547.718 Y706.016 E-10
;WIPE_END
G1 Z69.5 F15000
G1 X706.016 Y608.092 Z69.5
G1 Z68.5
G1 E17 F9000
G1 F2779.614
G1 X706.016 Y619.604 E49.70059
G1 X619.604 Y706.016 E527.57393
G1 X608.092 Y706.016 E49.70059
;WIPE_START
G1 F600
G1 X615.092 Y706.016 E-10
;WIPE_END
G1 Z69.5 F15000
G1 X706.016 Y445.282 Z69.5
G1 Z68.5
G1 E17 F9000
G1 F2779.614
G1 X706.016 Y456.794 E49.70059
G1 X456.794 Y706.016 E1521.58571
G1 X445.282 Y706.016 E49.70059
M73 P22 R543
;WIPE_START
G1 F600
G1 X452.282 Y706.016 E-10
;WIPE_END
G1 Z69.5 F15000
G1 X445.282 Y293.984 Z69.5
G1 Z68.5
G1 E17 F9000
G1 F2779.614
G1 X456.794 Y293.984 E49.70059
G1 X706.016 Y543.206 E1521.58569
G1 X706.016 Y554.718 E49.70059
;WIPE_START
G1 F600
G1 X706.016 Y547.718 E-10
;WIPE_END
G1 Z69.5 F15000
G1 X694.503 Y293.984 Z69.5
G1 Z68.5
G1 E17 F9000
G1 F2779.614
G1 X706.016 Y293.984 E49.7003
G1 X293.984 Y706.016 E2515.59704
G1 X305.497 Y706.016 E49.70028
;WIPE_START
G1 F600
G1 X298.497 Y706.016 E-10
;WIPE_END
G1 Z69.5 F15000
G1 X305.497 Y293.984 Z69.5
G1 Z68.5
G1 E17 F9000
G1 F2779.614
G1 X293.984 Y293.984 E49.70059
G1 X706.016 Y706.016 E2515.59745
G1 X694.503 Y706.016 E49.70059
;WIPE_START
G1 F600
G1 X701.503 Y706.016 E-10
;WIPE_END
G1 Z69.5 F15000
G1 X608.092 Y293.984 Z69.5
G1 Z68.5
G1 E17 F9000
G1 F2779.614
G1 X619.604 Y293.984 E49.70059
G1 X706.016 Y380.396 E527.57392
G1 X706.016 Y391.908 E49.70059
;WIPE_START
G1 F600
G1 X706.016 Y384.908 E-10
;WIPE_END
G1 Z69.5 F15000
G1 X554.718 Y293.984 Z69.5
G1 Z68.5
G1 E17 F9000
G1 F2779.614
G1 X543.206 Y293.984 E49.70059
G1 X293.984 Y543.206 E1521.58568
G1 X293.984 Y554.718 E49.70059
M73 P22 R542
;WIPE_START
G1 F600
G1 X293.984 Y547.718 E-10
;WIPE_END
G1 Z69.5 F15000
G1 X391.908 Y293.984 Z69.5
G1 Z68.5
G1 E17 F9000
G1 F2779.614
G1 X380.396 Y293.984 E49.70059
G1 X293.984 Y380.396 E527.5739
G1 X293.984 Y391.908 E49.70059
; stop printing object Cube id:0 copy 0
;LAYER_CHANGE
;Z:70
;HEIGHT:1.5
;BEFORE_LAYER_CHANGE
;70
G92 E0

EXCLUDE_OBJECT_END NAME=Cube_id_0_copy_0
;AFTER_LAYER_CHANGE
;70
;_SET_FAN_SPEED_CHANGING_LAYER
; printing object Cube id:0 copy 0
;WIPE_START
G1 F600
G1 X293.984 Y384.908 E-10
;WIPE_END
EXCLUDE_OBJECT_START NAME=Cube_id_0_copy_0
G1 Z71 F15000
G1 X291.538 Y291.538 Z71
G1 Z70
G1 E17 F9000
;TYPE:Outer wall
;WIDTH:3.2
G1 F2779.615
G1 X708.462 Y291.538 E1799.91857
G1 X708.462 Y708.462 E1799.91857
G1 X291.538 Y708.462 E1799.91857
G1 X291.538 Y291.838 E1798.62343
;WIPE_START
G1 F600
G1 X298.538 Y291.833 E-10
;WIPE_END
G1 Z71 F15000
G1 X293.984 Y391.908 Z71
G1 Z70
G1 E17 F9000
;TYPE:Sparse infill
;WIDTH:3.2
G1 F2779.614
G1 X293.984 Y380.396 E49.70059
G1 X380.396 Y293.984 E527.5739
G1 X391.908 Y293.984 E49.70059
;WIPE_START
G1 F600
G1 X384.908 Y293.984 E-10
;WIPE_END
G1 Z71 F15000
G1 X293.984 Y554.718 Z71
G1 Z70
G1 E17 F9000
G1 F2779.614
G1 X293.984 Y543.206 E49.70059
G1 X543.206 Y293.984 E1521.58568
G1 X554.718 Y293.984 E49.70059
M73 P22 R541
;WIPE_START
G1 F600
G1 X547.718 Y293.984 E-10
;WIPE_END
G1 Z71 F15000
G1 X706.016 Y391.908 Z71
G1 Z70
G1 E17 F9000
G1 F2779.614
G1 X706.016 Y380.396 E49.70059
G1 X619.604 Y293.984 E527.57392
G1 X608.092 Y293.984 E49.70059
;WIPE_START
G1 F600
G1 X615.092 Y293.984 E-10
;WIPE_END
G1 Z71 F15000
G1 X706.016 Y554.718 Z71
G1 Z70
G1 E17 F9000
G1 F2779.614
G1 X706.016 Y543.206 E49.70059
G1 X456.794 Y293.984 E1521.58569
G1 X445.282 Y293.984 E49.70059
;WIPE_START
G1 F600
G1 X452.282 Y293.984 E-10
;WIPE_END
G1 Z71 F15000
G1 X445.282 Y706.016 Z71
G1 Z70
G1 E17 F9000
G1 F2779.614
G1 X456.794 Y706.016 E49.70059
G1 X706.016 Y456.794 E1521.58571
G1 X706.016 Y445.282 E49.70059
;WIPE_START
G1 F600
G1 X706.016 Y452.282 E-10
;WIPE_END
G1 Z71 F15000
G1 X694.503 Y706.016 Z71
G1 Z70
G1 E17 F9000
G1 F2779.614
G1 X706.016 Y706.016 E49.70059
G1 X293.984 Y293.984 E2515.59745
G1 X305.497 Y293.984 E49.70059
;WIPE_START
G1 F600
G1 X298.497 Y293.984 E-10
;WIPE_END
G1 Z71 F15000
G1 X305.497 Y706.016 Z71
G1 Z70
G1 E17 F9000
G1 F2779.614
G1 X293.984 Y706.016 E49.70028
G1 X706.016 Y293.984 E2515.59704
G1 X694.503 Y293.984 E49.7003
M73 P22 R540
;WIPE_START
G1 F600
G1 X701.503 Y293.984 E-10
;WIPE_END
G1 Z71 F15000
G1 X608.092 Y706.016 Z71
G1 Z70
G1 E17 F9000
G1 F2779.614
G1 X619.604 Y706.016 E49.70059
G1 X706.016 Y619.604 E527.57393
G1 X706.016 Y608.092 E49.70059
;WIPE_START
G1 F600
G1 X706.016 Y615.092 E-10
;WIPE_END
G1 Z71 F15000
G1 X554.718 Y706.016 Z71
G1 Z70
G1 E17 F9000
G1 F2779.614
G1 X543.206 Y706.016 E49.70059
G1 X293.984 Y456.794 E1521.58569
G1 X293.984 Y445.282 E49.70059
;WIPE_START
G1 F600
G1 X293.984 Y452.282 E-10
;WIPE_END
G1 Z71 F15000
G1 X391.908 Y706.016 Z71
G1 Z70
G1 E17 F9000
G1 F2779.614
G1 X380.396 Y706.016 E49.70059
G1 X293.984 Y619.604 E527.57392
G1 X293.984 Y608.092 E49.70059
; stop printing object Cube id:0 copy 0
;LAYER_CHANGE
;Z:71.5
;HEIGHT:1.5
;BEFORE_LAYER_CHANGE
;71.5
G92 E0

EXCLUDE_OBJECT_END NAME=Cube_id_0_copy_0
;AFTER_LAYER_CHANGE
;71.5
;_SET_FAN_SPEED_CHANGING_LAYER
; printing object Cube id:0 copy 0
;WIPE_START
G1 F600
G1 X293.984 Y615.092 E-10
;WIPE_END
EXCLUDE_OBJECT_START NAME=Cube_id_0_copy_0
G1 Z72.5 F15000
G1 X291.538 Y708.462 Z72.5
G1 Z71.5
G1 E17 F9000
;TYPE:Outer wall
;WIDTH:3.2
G1 F2779.615
G1 X291.538 Y291.538 E1799.91857
G1 X708.462 Y291.538 E1799.91857
G1 X708.462 Y708.462 E1799.91857
G1 X291.838 Y708.462 E1798.62343
M73 P22 R539
;WIPE_START
G1 F600
G1 X291.833 Y701.462 E-10
;WIPE_END
G1 Z72.5 F15000
G1 X293.984 Y608.092 Z72.5
G1 Z71.5
G1 E17 F9000
;TYPE:Sparse infill
;WIDTH:3.2
G1 F2779.614
G1 X293.984 Y619.604 E49.70059
G1 X380.396 Y706.016 E527.57392
G1 X391.908 Y706.016 E49.70059
;WIPE_START
G1 F600
G1 X384.908 Y706.016 E-10
;WIPE_END
G1 Z72.5 F15000
G1 X293.984 Y445.282 Z72.5
G1 Z71.5
G1 E17 F9000
G1 F2779.614
G1 X293.984 Y456.794 E49.70059
G1 X543.206 Y706.016 E1521.58569
G1 X554.718 Y706.016 E49.70059
;WIPE_START
G1 F600
G1 X547.718 Y706.016 E-10
;WIPE_END
G1 Z72.5 F15000
G1 X706.016 Y608.092 Z72.5
G1 Z71.5
G1 E17 F9000
G1 F2779.614
G1 X706.016 Y619.604 E49.70059
G1 X619.604 Y706.016 E527.57393
G1 X608.092 Y706.016 E49.70059
;WIPE_START
G1 F600
G1 X615.092 Y706.016 E-10
;WIPE_END
G1 Z72.5 F15000
G1 X706.016 Y445.282 Z72.5
G1 Z71.5
G1 E17 F9000
G1 F2779.614
G1 X706.016 Y456.794 E49.70059
G1 X456.794 Y706.016 E1521.58571
G1 X445.282 Y706.016 E49.70059
;WIPE_START
G1 F600
G1 X452.282 Y706.016 E-10
;WIPE_END
G1 Z72.5 F15000
G1 X445.282 Y293.984 Z72.5
G1 Z71.5
G1 E17 F9000
G1 F2779.614
G1 X456.794 Y293.984 E49.70059
G1 X706.016 Y543.206 E1521.58569
G1 X706.016 Y554.718 E49.70059
;WIPE_START
G1 F600
G1 X706.016 Y547.718 E-10
;WIPE_END
G1 Z72.5 F15000
G1 X694.503 Y293.984 Z72.5
G1 Z71.5
G1 E17 F9000
G1 F2779.614
G1 X706.016 Y293.984 E49.7003
G1 X293.984 Y706.016 E2515.59704
G1 X305.497 Y706.016 E49.70028
M73 P22 R538
;WIPE_START
G1 F600
G1 X298.497 Y706.016 E-10
;WIPE_END
G1 Z72.5 F15000
G1 X305.497 Y293.984 Z72.5
G1 Z71.5
G1 E17 F9000
G1 F2779.614
G1 X293.984 Y293.984 E49.70059
G1 X706.016 Y706.016 E2515.59745
G1 X694.503 Y706.016 E49.70059
;WIPE_START
G1 F600
G1 X701.503 Y706.016 E-10
;WIPE_END
G1 Z72.5 F15000
G1 X608.092 Y293.984 Z72.5
G1 Z71.5
G1 E17 F9000
G1 F2779.614
G1 X619.604 Y293.984 E49.70059
G1 X706.016 Y380.396 E527.57392
G1 X706.016 Y391.908 E49.70059
;WIPE_START
G1 F600
G1 X706.016 Y384.908 E-10
;WIPE_END
G1 Z72.5 F15000
G1 X554.718 Y293.984 Z72.5
G1 Z71.5
G1 E17 F9000
G1 F2779.614
G1 X543.206 Y293.984 E49.70059
G1 X293.984 Y543.206 E1521.58568
G1 X293.984 Y554.718 E49.70059
M73 P23 R538
;WIPE_START
G1 F600
G1 X293.984 Y547.718 E-10
;WIPE_END
G1 Z72.5 F15000
G1 X391.908 Y293.984 Z72.5
G1 Z71.5
G1 E17 F9000
G1 F2779.614
G1 X380.396 Y293.984 E49.70059
G1 X293.984 Y380.396 E527.5739
G1 X293.984 Y391.908 E49.70059
; stop printing object Cube id:0 copy 0
;LAYER_CHANGE
;Z:73
;HEIGHT:1.5
;BEFORE_LAYER_CHANGE
;73
G92 E0

EXCLUDE_OBJECT_END NAME=Cube_id_0_copy_0
;AFTER_LAYER_CHANGE
;73
;_SET_FAN_SPEED_CHANGING_LAYER
; printing object Cube id:0 copy 0
;WIPE_START
G1 F600
G1 X293.984 Y384.908 E-10
;WIPE_END
EXCLUDE_OBJECT_START NAME=Cube_id_0_copy_0
G1 Z74 F15000
G1 X291.538 Y291.538 Z74
G1 Z73
G1 E17 F9000
;TYPE:Outer wall
;WIDTH:3.2
G1 F2779.615
G1 X708.462 Y291.538 E1799.91857
G1 X708.462 Y708.462 E1799.91857
M73 P23 R537
G1 X291.538 Y708.462 E1799.91857
G1 X291.538 Y291.838 E1798.62343
;WIPE_START
G1 F600
G1 X298.538 Y291.833 E-10
;WIPE_END
G1 Z74 F15000
G1 X293.984 Y391.908 Z74
G1 Z73
G1 E17 F9000
;TYPE:Sparse infill
;WIDTH:3.2
G1 F2779.614
G1 X293.984 Y380.396 E49.70059
G1 X380.396 Y293.984 E527.5739
G1 X391.908 Y293.984 E49.70059
;WIPE_START
G1 F600
G1 X384.908 Y293.984 E-10
;WIPE_END
G1 Z74 F15000
G1 X293.984 Y554.718 Z74
G1 Z73
G1 E17 F9000
G1 F2779.614
G1 X293.984 Y543.206 E49.70059
G1 X543.206 Y293.984 E1521.58568
G1 X554.718 Y293.984 E49.70059
;WIPE_START
G1 F600
G1 X547.718 Y293.984 E-10
;WIPE_END
G1 Z74 F15000
G1 X706.016 Y391.908 Z74
G1 Z73
G1 E17 F9000
G1 F2779.614
G1 X706.016 Y380.396 E49.70059
G1 X619.604 Y293.984 E527.57392
G1 X608.092 Y293.984 E49.70059
;WIPE_START
G1 F600
G1 X615.092 Y293.984 E-10
;WIPE_END
G1 Z74 F15000
G1 X706.016 Y554.718 Z74
G1 Z73
G1 E17 F9000
G1 F2779.614
G1 X706.016 Y543.206 E49.70059
G1 X456.794 Y293.984 E1521.58569
G1 X445.282 Y293.984 E49.70059
M73 P23 R536
;WIPE_START
G1 F600
G1 X452.282 Y293.984 E-10
;WIPE_END
G1 Z74 F15000
G1 X445.282 Y706.016 Z74
G1 Z73
G1 E17 F9000
G1 F2779.614
G1 X456.794 Y706.016 E49.70059
G1 X706.016 Y456.794 E1521.58571
G1 X706.016 Y445.282 E49.70059
;WIPE_START
G1 F600
G1 X706.016 Y452.282 E-10
;WIPE_END
G1 Z74 F15000
G1 X694.503 Y706.016 Z74
G1 Z73
G1 E17 F9000
G1 F2779.614
G1 X706.016 Y706.016 E49.70059
G1 X293.984 Y293.984 E2515.59745
G1 X305.497 Y293.984 E49.70059
;WIPE_START
G1 F600
G1 X298.497 Y293.984 E-10
;WIPE_END
G1 Z74 F15000
G1 X305.497 Y706.016 Z74
G1 Z73
G1 E17 F9000
G1 F2779.614
G1 X293.984 Y706.016 E49.70028
G1 X706.016 Y293.984 E2515.59704
G1 X694.503 Y293.984 E49.7003
;WIPE_START
G1 F600
G1 X701.503 Y293.984 E-10
;WIPE_END
G1 Z74 F15000
G1 X608.092 Y706.016 Z74
G1 Z73
G1 E17 F9000
G1 F2779.614
G1 X619.604 Y706.016 E49.70059
G1 X706.016 Y619.604 E527.57393
G1 X706.016 Y608.092 E49.70059
;WIPE_START
G1 F600
G1 X706.016 Y615.092 E-10
;WIPE_END
G1 Z74 F15000
G1 X554.718 Y706.016 Z74
G1 Z73
G1 E17 F9000
G1 F2779.614
G1 X543.206 Y706.016 E49.70059
G1 X293.984 Y456.794 E1521.58569
G1 X293.984 Y445.282 E49.70059
M73 P23 R535
;WIPE_START
G1 F600
G1 X293.984 Y452.282 E-10
;WIPE_END
G1 Z74 F15000
G1 X391.908 Y706.016 Z74
G1 Z73
G1 E17 F9000
G1 F2779.614
G1 X380.396 Y706.016 E49.70059
G1 X293.984 Y619.604 E527.57392
G1 X293.984 Y608.092 E49.70059
; stop printing object Cube id:0 copy 0
;LAYER_CHANGE
;Z:74.5
;HEIGHT:1.5
;BEFORE_LAYER_CHANGE
;74.5
G92 E0

EXCLUDE_OBJECT_END NAME=Cube_id_0_copy_0
;AFTER_LAYER_CHANGE
;74.5
;_SET_FAN_SPEED_CHANGING_LAYER
; printing object Cube id:0 copy 0
;WIPE_START
G1 F600
G1 X293.984 Y615.092 E-10
;WIPE_END
EXCLUDE_OBJECT_START NAME=Cube_id_0_copy_0
G1 Z75.5 F15000
G1 X291.538 Y708.462 Z75.5
G1 Z74.5
G1 E17 F9000
;TYPE:Outer wall
;WIDTH:3.2
G1 F2779.615
G1 X291.538 Y291.538 E1799.91857
G1 X708.462 Y291.538 E1799.91857
G1 X708.462 Y708.462 E1799.91857
G1 X291.838 Y708.462 E1798.62343
;WIPE_START
G1 F600
G1 X291.833 Y701.462 E-10
;WIPE_END
G1 Z75.5 F15000
G1 X293.984 Y608.092 Z75.5
G1 Z74.5
G1 E17 F9000
;TYPE:Sparse infill
;WIDTH:3.2
G1 F2779.614
G1 X293.984 Y619.604 E49.70059
G1 X380.396 Y706.016 E527.57392
G1 X391.908 Y706.016 E49.70059
;WIPE_START
G1 F600
G1 X384.908 Y706.016 E-10
;WIPE_END
G1 Z75.5 F15000
G1 X293.984 Y445.282 Z75.5
G1 Z74.5
G1 E17 F9000
G1 F2779.614
G1 X293.984 Y456.794 E49.70059
G1 X543.206 Y706.016 E1521.58569
G1 X554.718 Y706.016 E49.70059
M73 P23 R534
;WIPE_START
G1 F600
G1 X547.718 Y706.016 E-10
;WIPE_END
G1 Z75.5 F15000
G1 X706.016 Y608.092 Z75.5
G1 Z74.5
G1 E17 F9000
G1 F2779.614
G1 X706.016 Y619.604 E49.70059
G1 X619.604 Y706.016 E527.57393
G1 X608.092 Y706.016 E49.70059
;WIPE_START
G1 F600
G1 X615.092 Y706.016 E-10
;WIPE_END
G1 Z75.5 F15000
G1 X706.016 Y445.282 Z75.5
G1 Z74.5
G1 E17 F9000
G1 F2779.614
G1 X706.016 Y456.794 E49.70059
G1 X456.794 Y706.016 E1521.58571
G1 X445.282 Y706.016 E49.70059
;WIPE_START
G1 F600
G1 X452.282 Y706.016 E-10
;WIPE_END
G1 Z75.5 F15000
G1 X445.282 Y293.984 Z75.5
G1 Z74.5
G1 E17 F9000
G1 F2779.614
G1 X456.794 Y293.984 E49.70059
G1 X706.016 Y543.206 E1521.58569
G1 X706.016 Y554.718 E49.70059
;WIPE_START
G1 F600
G1 X706.016 Y547.718 E-10
;WIPE_END
G1 Z75.5 F15000
G1 X694.503 Y293.984 Z75.5
G1 Z74.5
G1 E17 F9000
G1 F2779.614
G1 X706.016 Y293.984 E49.7003
G1 X293.984 Y706.016 E2515.59704
G1 X305.497 Y706.016 E49.70028
;WIPE_START
G1 F600
G1 X298.497 Y706.016 E-10
;WIPE_END
G1 Z75.5 F15000
G1 X305.497 Y293.984 Z75.5
G1 Z74.5
G1 E17 F9000
G1 F2779.614
G1 X293.984 Y293.984 E49.70059
G1 X706.016 Y706.016 E2515.59745
G1 X694.503 Y706.016 E49.70059
M73 P23 R533
;WIPE_START
G1 F600
G1 X701.503 Y706.016 E-10
;WIPE_END
G1 Z75.5 F15000
G1 X608.092 Y293.984 Z75.5
G1 Z74.5
G1 E17 F9000
G1 F2779.614
G1 X619.604 Y293.984 E49.70059
G1 X706.016 Y380.396 E527.57392
G1 X706.016 Y391.908 E49.70059
;WIPE_START
G1 F600
G1 X706.016 Y384.908 E-10
;WIPE_END
G1 Z75.5 F15000
G1 X554.718 Y293.984 Z75.5
G1 Z74.5
G1 E17 F9000
G1 F2779.614
G1 X543.206 Y293.984 E49.70059
G1 X293.984 Y543.206 E1521.58568
G1 X293.984 Y554.718 E49.70059
;WIPE_START
G1 F600
G1 X293.984 Y547.718 E-10
;WIPE_END
G1 Z75.5 F15000
G1 X391.908 Y293.984 Z75.5
G1 Z74.5
G1 E17 F9000
G1 F2779.614
G1 X380.396 Y293.984 E49.70059
G1 X293.984 Y380.396 E527.5739
G1 X293.984 Y391.908 E49.70059
; stop printing object Cube id:0 copy 0
;LAYER_CHANGE
;Z:76
;HEIGHT:1.5
;BEFORE_LAYER_CHANGE
;76
G92 E0

EXCLUDE_OBJECT_END NAME=Cube_id_0_copy_0
;AFTER_LAYER_CHANGE
;76
;_SET_FAN_SPEED_CHANGING_LAYER
; printing object Cube id:0 copy 0
;WIPE_START
G1 F600
G1 X293.984 Y384.908 E-10
;WIPE_END
EXCLUDE_OBJECT_START NAME=Cube_id_0_copy_0
G1 Z77 F15000
G1 X291.538 Y291.538 Z77
G1 Z76
G1 E17 F9000
;TYPE:Outer wall
;WIDTH:3.2
G1 F2779.615
G1 X708.462 Y291.538 E1799.91857
G1 X708.462 Y708.462 E1799.91857
G1 X291.538 Y708.462 E1799.91857
G1 X291.538 Y291.838 E1798.62343
;WIPE_START
G1 F600
M73 P23 R532
G1 X298.538 Y291.833 E-10
;WIPE_END
G1 Z77 F15000
G1 X293.984 Y391.908 Z77
G1 Z76
G1 E17 F9000
;TYPE:Sparse infill
;WIDTH:3.2
G1 F2779.614
G1 X293.984 Y380.396 E49.70059
G1 X380.396 Y293.984 E527.5739
G1 X391.908 Y293.984 E49.70059
;WIPE_START
G1 F600
G1 X384.908 Y293.984 E-10
;WIPE_END
G1 Z77 F15000
G1 X293.984 Y554.718 Z77
G1 Z76
G1 E17 F9000
G1 F2779.614
G1 X293.984 Y543.206 E49.70059
G1 X543.206 Y293.984 E1521.58568
G1 X554.718 Y293.984 E49.70059
;WIPE_START
G1 F600
G1 X547.718 Y293.984 E-10
;WIPE_END
G1 Z77 F15000
G1 X706.016 Y391.908 Z77
G1 Z76
G1 E17 F9000
G1 F2779.614
G1 X706.016 Y380.396 E49.70059
G1 X619.604 Y293.984 E527.57392
G1 X608.092 Y293.984 E49.70059
;WIPE_START
G1 F600
G1 X615.092 Y293.984 E-10
;WIPE_END
G1 Z77 F15000
G1 X706.016 Y554.718 Z77
G1 Z76
G1 E17 F9000
G1 F2779.614
G1 X706.016 Y543.206 E49.70059
G1 X456.794 Y293.984 E1521.58569
G1 X445.282 Y293.984 E49.70059
;WIPE_START
G1 F600
G1 X452.282 Y293.984 E-10
;WIPE_END
G1 Z77 F15000
G1 X445.282 Y706.016 Z77
G1 Z76
G1 E17 F9000
G1 F2779.614
G1 X456.794 Y706.016 E49.70059
G1 X706.016 Y456.794 E1521.58571
G1 X706.016 Y445.282 E49.70059
;WIPE_START
G1 F600
G1 X706.016 Y452.282 E-10
;WIPE_END
G1 Z77 F15000
G1 X694.503 Y706.016 Z77
G1 Z76
G1 E17 F9000
G1 F2779.614
G1 X706.016 Y706.016 E49.70059
G1 X293.984 Y293.984 E2515.59745
G1 X305.497 Y293.984 E49.70059
M73 P23 R531
;WIPE_START
G1 F600
G1 X298.497 Y293.984 E-10
;WIPE_END
G1 Z77 F15000
G1 X305.497 Y706.016 Z77
G1 Z76
G1 E17 F9000
G1 F2779.614
G1 X293.984 Y706.016 E49.70028
G1 X706.016 Y293.984 E2515.59704
G1 X694.503 Y293.984 E49.7003
;WIPE_START
G1 F600
G1 X701.503 Y293.984 E-10
;WIPE_END
G1 Z77 F15000
G1 X608.092 Y706.016 Z77
G1 Z76
G1 E17 F9000
G1 F2779.614
G1 X619.604 Y706.016 E49.70059
G1 X706.016 Y619.604 E527.57393
G1 X706.016 Y608.092 E49.70059
;WIPE_START
G1 F600
G1 X706.016 Y615.092 E-10
;WIPE_END
G1 Z77 F15000
G1 X554.718 Y706.016 Z77
G1 Z76
G1 E17 F9000
G1 F2779.614
G1 X543.206 Y706.016 E49.70059
G1 X293.984 Y456.794 E1521.58569
G1 X293.984 Y445.282 E49.70059
M73 P24 R531
;WIPE_START
G1 F600
G1 X293.984 Y452.282 E-10
;WIPE_END
G1 Z77 F15000
G1 X391.908 Y706.016 Z77
G1 Z76
G1 E17 F9000
G1 F2779.614
G1 X380.396 Y706.016 E49.70059
G1 X293.984 Y619.604 E527.57392
G1 X293.984 Y608.092 E49.70059
; stop printing object Cube id:0 copy 0
;LAYER_CHANGE
;Z:77.5
;HEIGHT:1.5
;BEFORE_LAYER_CHANGE
;77.5
G92 E0

EXCLUDE_OBJECT_END NAME=Cube_id_0_copy_0
;AFTER_LAYER_CHANGE
;77.5
;_SET_FAN_SPEED_CHANGING_LAYER
; printing object Cube id:0 copy 0
;WIPE_START
G1 F600
G1 X293.984 Y615.092 E-10
;WIPE_END
EXCLUDE_OBJECT_START NAME=Cube_id_0_copy_0
G1 Z78.5 F15000
G1 X291.538 Y708.462 Z78.5
G1 Z77.5
G1 E17 F9000
;TYPE:Outer wall
;WIDTH:3.2
G1 F2779.615
G1 X291.538 Y291.538 E1799.91857
G1 X708.462 Y291.538 E1799.91857
G1 X708.462 Y708.462 E1799.91857
M73 P24 R530
G1 X291.838 Y708.462 E1798.62343
;WIPE_START
G1 F600
G1 X291.833 Y701.462 E-10
;WIPE_END
G1 Z78.5 F15000
G1 X293.984 Y608.092 Z78.5
G1 Z77.5
G1 E17 F9000
;TYPE:Sparse infill
;WIDTH:3.2
G1 F2779.614
G1 X293.984 Y619.604 E49.70059
G1 X380.396 Y706.016 E527.57392
G1 X391.908 Y706.016 E49.70059
;WIPE_START
G1 F600
G1 X384.908 Y706.016 E-10
;WIPE_END
G1 Z78.5 F15000
G1 X293.984 Y445.282 Z78.5
G1 Z77.5
G1 E17 F9000
G1 F2779.614
G1 X293.984 Y456.794 E49.70059
G1 X543.206 Y706.016 E1521.58569
G1 X554.718 Y706.016 E49.70059
;WIPE_START
G1 F600
G1 X547.718 Y706.016 E-10
;WIPE_END
G1 Z78.5 F15000
G1 X706.016 Y608.092 Z78.5
G1 Z77.5
G1 E17 F9000
G1 F2779.614
G1 X706.016 Y619.604 E49.70059
G1 X619.604 Y706.016 E527.57393
G1 X608.092 Y706.016 E49.70059
;WIPE_START
G1 F600
G1 X615.092 Y706.016 E-10
;WIPE_END
G1 Z78.5 F15000
G1 X706.016 Y445.282 Z78.5
G1 Z77.5
G1 E17 F9000
G1 F2779.614
G1 X706.016 Y456.794 E49.70059
G1 X456.794 Y706.016 E1521.58571
G1 X445.282 Y706.016 E49.70059
M73 P24 R529
;WIPE_START
G1 F600
G1 X452.282 Y706.016 E-10
;WIPE_END
G1 Z78.5 F15000
G1 X445.282 Y293.984 Z78.5
G1 Z77.5
G1 E17 F9000
G1 F2779.614
G1 X456.794 Y293.984 E49.70059
G1 X706.016 Y543.206 E1521.58569
G1 X706.016 Y554.718 E49.70059
;WIPE_START
G1 F600
G1 X706.016 Y547.718 E-10
;WIPE_END
G1 Z78.5 F15000
G1 X694.503 Y293.984 Z78.5
G1 Z77.5
G1 E17 F9000
G1 F2779.614
G1 X706.016 Y293.984 E49.7003
G1 X293.984 Y706.016 E2515.59704
G1 X305.497 Y706.016 E49.70028
;WIPE_START
G1 F600
G1 X298.497 Y706.016 E-10
;WIPE_END
G1 Z78.5 F15000
G1 X305.497 Y293.984 Z78.5
G1 Z77.5
G1 E17 F9000
G1 F2779.614
G1 X293.984 Y293.984 E49.70059
G1 X706.016 Y706.016 E2515.59745
G1 X694.503 Y706.016 E49.70059
;WIPE_START
G1 F600
G1 X701.503 Y706.016 E-10
;WIPE_END
G1 Z78.5 F15000
G1 X608.092 Y293.984 Z78.5
G1 Z77.5
G1 E17 F9000
G1 F2779.614
G1 X619.604 Y293.984 E49.70059
G1 X706.016 Y380.396 E527.57392
G1 X706.016 Y391.908 E49.70059
;WIPE_START
G1 F600
G1 X706.016 Y384.908 E-10
;WIPE_END
G1 Z78.5 F15000
G1 X554.718 Y293.984 Z78.5
G1 Z77.5
G1 E17 F9000
G1 F2779.614
G1 X543.206 Y293.984 E49.70059
G1 X293.984 Y543.206 E1521.58568
G1 X293.984 Y554.718 E49.70059
M73 P24 R528
;WIPE_START
G1 F600
G1 X293.984 Y547.718 E-10
;WIPE_END
G1 Z78.5 F15000
G1 X391.908 Y293.984 Z78.5
G1 Z77.5
G1 E17 F9000
G1 F2779.614
G1 X380.396 Y293.984 E49.70059
G1 X293.984 Y380.396 E527.5739
G1 X293.984 Y391.908 E49.70059
; stop printing object Cube id:0 copy 0
;LAYER_CHANGE
;Z:79
;HEIGHT:1.5
;BEFORE_LAYER_CHANGE
;79
G92 E0

EXCLUDE_OBJECT_END NAME=Cube_id_0_copy_0
;AFTER_LAYER_CHANGE
;79
;_SET_FAN_SPEED_CHANGING_LAYER
; printing object Cube id:0 copy 0
;WIPE_START
G1 F600
G1 X293.984 Y384.908 E-10
;WIPE_END
EXCLUDE_OBJECT_START NAME=Cube_id_0_copy_0
G1 Z80 F15000
G1 X291.538 Y291.538 Z80
G1 Z79
G1 E17 F9000
;TYPE:Outer wall
;WIDTH:3.2
G1 F2779.615
G1 X708.462 Y291.538 E1799.91857
G1 X708.462 Y708.462 E1799.91857
G1 X291.538 Y708.462 E1799.91857
G1 X291.538 Y291.838 E1798.62343
;WIPE_START
G1 F600
G1 X298.538 Y291.833 E-10
;WIPE_END
G1 Z80 F15000
G1 X293.984 Y391.908 Z80
G1 Z79
G1 E17 F9000
;TYPE:Sparse infill
;WIDTH:3.2
G1 F2779.614
G1 X293.984 Y380.396 E49.70059
G1 X380.396 Y293.984 E527.5739
G1 X391.908 Y293.984 E49.70059
;WIPE_START
G1 F600
G1 X384.908 Y293.984 E-10
;WIPE_END
G1 Z80 F15000
G1 X293.984 Y554.718 Z80
G1 Z79
G1 E17 F9000
G1 F2779.614
G1 X293.984 Y543.206 E49.70059
G1 X543.206 Y293.984 E1521.58568
G1 X554.718 Y293.984 E49.70059
M73 P24 R527
;WIPE_START
G1 F600
G1 X547.718 Y293.984 E-10
;WIPE_END
G1 Z80 F15000
G1 X706.016 Y391.908 Z80
G1 Z79
G1 E17 F9000
G1 F2779.614
G1 X706.016 Y380.396 E49.70059
G1 X619.604 Y293.984 E527.57392
G1 X608.092 Y293.984 E49.70059
;WIPE_START
G1 F600
G1 X615.092 Y293.984 E-10
;WIPE_END
G1 Z80 F15000
G1 X706.016 Y554.718 Z80
G1 Z79
G1 E17 F9000
G1 F2779.614
G1 X706.016 Y543.206 E49.70059
G1 X456.794 Y293.984 E1521.58569
G1 X445.282 Y293.984 E49.70059
;WIPE_START
G1 F600
G1 X452.282 Y293.984 E-10
;WIPE_END
G1 Z80 F15000
G1 X445.282 Y706.016 Z80
G1 Z79
G1 E17 F9000
G1 F2779.614
G1 X456.794 Y706.016 E49.70059
G1 X706.016 Y456.794 E1521.58571
G1 X706.016 Y445.282 E49.70059
;WIPE_START
G1 F600
G1 X706.016 Y452.282 E-10
;WIPE_END
G1 Z80 F15000
G1 X694.503 Y706.016 Z80
G1 Z79
G1 E17 F9000
G1 F2779.614
G1 X706.016 Y706.016 E49.70059
G1 X293.984 Y293.984 E2515.59745
G1 X305.497 Y293.984 E49.70059
;WIPE_START
G1 F600
G1 X298.497 Y293.984 E-10
;WIPE_END
G1 Z80 F15000
G1 X305.497 Y706.016 Z80
G1 Z79
G1 E17 F9000
G1 F2779.614
G1 X293.984 Y706.016 E49.70028
G1 X706.016 Y293.984 E2515.59704
G1 X694.503 Y293.984 E49.7003
M73 P24 R526
;WIPE_START
G1 F600
G1 X701.503 Y293.984 E-10
;WIPE_END
G1 Z80 F15000
G1 X608.092 Y706.016 Z80
G1 Z79
G1 E17 F9000
G1 F2779.614
G1 X619.604 Y706.016 E49.70059
G1 X706.016 Y619.604 E527.57393
G1 X706.016 Y608.092 E49.70059
;WIPE_START
G1 F600
G1 X706.016 Y615.092 E-10
;WIPE_END
G1 Z80 F15000
G1 X554.718 Y706.016 Z80
G1 Z79
G1 E17 F9000
G1 F2779.614
G1 X543.206 Y706.016 E49.70059
G1 X293.984 Y456.794 E1521.58569
G1 X293.984 Y445.282 E49.70059
;WIPE_START
G1 F600
G1 X293.984 Y452.282 E-10
;WIPE_END
G1 Z80 F15000
G1 X391.908 Y706.016 Z80
G1 Z79
G1 E17 F9000
G1 F2779.614
G1 X380.396 Y706.016 E49.70059
G1 X293.984 Y619.604 E527.57392
G1 X293.984 Y608.092 E49.70059
; stop printing object Cube id:0 copy 0
;LAYER_CHANGE
;Z:80.5
;HEIGHT:1.5
;BEFORE_LAYER_CHANGE
;80.5
G92 E0

EXCLUDE_OBJECT_END NAME=Cube_id_0_copy_0
;AFTER_LAYER_CHANGE
;80.5
;_SET_FAN_SPEED_CHANGING_LAYER
; printing object Cube id:0 copy 0
;WIPE_START
G1 F600
G1 X293.984 Y615.092 E-10
;WIPE_END
EXCLUDE_OBJECT_START NAME=Cube_id_0_copy_0
G1 Z81.5 F15000
G1 X291.538 Y708.462 Z81.5
G1 Z80.5
G1 E17 F9000
;TYPE:Outer wall
;WIDTH:3.2
G1 F2779.615
G1 X291.538 Y291.538 E1799.91857
G1 X708.462 Y291.538 E1799.91857
G1 X708.462 Y708.462 E1799.91857
G1 X291.838 Y708.462 E1798.62343
;WIPE_START
G1 F600
M73 P24 R525
G1 X291.833 Y701.462 E-10
;WIPE_END
G1 Z81.5 F15000
G1 X293.984 Y608.092 Z81.5
G1 Z80.5
G1 E17 F9000
;TYPE:Sparse infill
;WIDTH:3.2
G1 F2779.614
G1 X293.984 Y619.604 E49.70059
G1 X380.396 Y706.016 E527.57392
G1 X391.908 Y706.016 E49.70059
;WIPE_START
G1 F600
G1 X384.908 Y706.016 E-10
;WIPE_END
G1 Z81.5 F15000
G1 X293.984 Y445.282 Z81.5
G1 Z80.5
G1 E17 F9000
G1 F2779.614
G1 X293.984 Y456.794 E49.70059
G1 X543.206 Y706.016 E1521.58569
G1 X554.718 Y706.016 E49.70059
;WIPE_START
G1 F600
G1 X547.718 Y706.016 E-10
;WIPE_END
G1 Z81.5 F15000
G1 X706.016 Y608.092 Z81.5
G1 Z80.5
G1 E17 F9000
G1 F2779.614
G1 X706.016 Y619.604 E49.70059
G1 X619.604 Y706.016 E527.57393
G1 X608.092 Y706.016 E49.70059
;WIPE_START
G1 F600
G1 X615.092 Y706.016 E-10
;WIPE_END
G1 Z81.5 F15000
G1 X706.016 Y445.282 Z81.5
G1 Z80.5
G1 E17 F9000
G1 F2779.614
G1 X706.016 Y456.794 E49.70059
G1 X456.794 Y706.016 E1521.58571
G1 X445.282 Y706.016 E49.70059
;WIPE_START
G1 F600
G1 X452.282 Y706.016 E-10
;WIPE_END
G1 Z81.5 F15000
G1 X445.282 Y293.984 Z81.5
G1 Z80.5
G1 E17 F9000
G1 F2779.614
G1 X456.794 Y293.984 E49.70059
G1 X706.016 Y543.206 E1521.58569
G1 X706.016 Y554.718 E49.70059
;WIPE_START
G1 F600
G1 X706.016 Y547.718 E-10
;WIPE_END
G1 Z81.5 F15000
G1 X694.503 Y293.984 Z81.5
G1 Z80.5
G1 E17 F9000
G1 F2779.614
G1 X706.016 Y293.984 E49.7003
G1 X293.984 Y706.016 E2515.59704
G1 X305.497 Y706.016 E49.70028
M73 P24 R524
;WIPE_START
G1 F600
G1 X298.497 Y706.016 E-10
;WIPE_END
G1 Z81.5 F15000
G1 X305.497 Y293.984 Z81.5
G1 Z80.5
G1 E17 F9000
G1 F2779.614
G1 X293.984 Y293.984 E49.70059
G1 X706.016 Y706.016 E2515.59745
G1 X694.503 Y706.016 E49.70059
;WIPE_START
G1 F600
G1 X701.503 Y706.016 E-10
;WIPE_END
G1 Z81.5 F15000
G1 X608.092 Y293.984 Z81.5
G1 Z80.5
G1 E17 F9000
G1 F2779.614
G1 X619.604 Y293.984 E49.70059
G1 X706.016 Y380.396 E527.57392
G1 X706.016 Y391.908 E49.70059
;WIPE_START
G1 F600
G1 X706.016 Y384.908 E-10
;WIPE_END
G1 Z81.5 F15000
G1 X554.718 Y293.984 Z81.5
G1 Z80.5
G1 E17 F9000
G1 F2779.614
G1 X543.206 Y293.984 E49.70059
G1 X293.984 Y543.206 E1521.58568
G1 X293.984 Y554.718 E49.70059
M73 P25 R524
;WIPE_START
G1 F600
G1 X293.984 Y547.718 E-10
;WIPE_END
G1 Z81.5 F15000
G1 X391.908 Y293.984 Z81.5
G1 Z80.5
G1 E17 F9000
G1 F2779.614
G1 X380.396 Y293.984 E49.70059
G1 X293.984 Y380.396 E527.5739
G1 X293.984 Y391.908 E49.70059
; stop printing object Cube id:0 copy 0
;LAYER_CHANGE
;Z:82
;HEIGHT:1.5
;BEFORE_LAYER_CHANGE
;82
G92 E0

EXCLUDE_OBJECT_END NAME=Cube_id_0_copy_0
;AFTER_LAYER_CHANGE
;82
;_SET_FAN_SPEED_CHANGING_LAYER
; printing object Cube id:0 copy 0
;WIPE_START
G1 F600
G1 X293.984 Y384.908 E-10
;WIPE_END
EXCLUDE_OBJECT_START NAME=Cube_id_0_copy_0
G1 Z83 F15000
G1 X291.538 Y291.538 Z83
G1 Z82
G1 E17 F9000
;TYPE:Outer wall
;WIDTH:3.2
G1 F2779.615
G1 X708.462 Y291.538 E1799.91857
G1 X708.462 Y708.462 E1799.91857
G1 X291.538 Y708.462 E1799.91857
M73 P25 R523
G1 X291.538 Y291.838 E1798.62343
;WIPE_START
G1 F600
G1 X298.538 Y291.833 E-10
;WIPE_END
G1 Z83 F15000
G1 X293.984 Y391.908 Z83
G1 Z82
G1 E17 F9000
;TYPE:Sparse infill
;WIDTH:3.2
G1 F2779.614
G1 X293.984 Y380.396 E49.70059
G1 X380.396 Y293.984 E527.5739
G1 X391.908 Y293.984 E49.70059
;WIPE_START
G1 F600
G1 X384.908 Y293.984 E-10
;WIPE_END
G1 Z83 F15000
G1 X293.984 Y554.718 Z83
G1 Z82
G1 E17 F9000
G1 F2779.614
G1 X293.984 Y543.206 E49.70059
G1 X543.206 Y293.984 E1521.58568
G1 X554.718 Y293.984 E49.70059
;WIPE_START
G1 F600
G1 X547.718 Y293.984 E-10
;WIPE_END
G1 Z83 F15000
G1 X706.016 Y391.908 Z83
G1 Z82
G1 E17 F9000
G1 F2779.614
G1 X706.016 Y380.396 E49.70059
G1 X619.604 Y293.984 E527.57392
G1 X608.092 Y293.984 E49.70059
;WIPE_START
G1 F600
G1 X615.092 Y293.984 E-10
;WIPE_END
G1 Z83 F15000
G1 X706.016 Y554.718 Z83
G1 Z82
G1 E17 F9000
G1 F2779.614
G1 X706.016 Y543.206 E49.70059
G1 X456.794 Y293.984 E1521.58569
G1 X445.282 Y293.984 E49.70059
;WIPE_START
G1 F600
G1 X452.282 Y293.984 E-10
;WIPE_END
G1 Z83 F15000
G1 X445.282 Y706.016 Z83
G1 Z82
M73 P25 R522
G1 E17 F9000
G1 F2779.614
G1 X456.794 Y706.016 E49.70059
G1 X706.016 Y456.794 E1521.58571
G1 X706.016 Y445.282 E49.70059
;WIPE_START
G1 F600
G1 X706.016 Y452.282 E-10
;WIPE_END
G1 Z83 F15000
G1 X694.503 Y706.016 Z83
G1 Z82
G1 E17 F9000
G1 F2779.614
G1 X706.016 Y706.016 E49.70059
G1 X293.984 Y293.984 E2515.59745
G1 X305.497 Y293.984 E49.70059
;WIPE_START
G1 F600
G1 X298.497 Y293.984 E-10
;WIPE_END
G1 Z83 F15000
G1 X305.497 Y706.016 Z83
G1 Z82
G1 E17 F9000
G1 F2779.614
G1 X293.984 Y706.016 E49.70028
G1 X706.016 Y293.984 E2515.59704
G1 X694.503 Y293.984 E49.7003
;WIPE_START
G1 F600
G1 X701.503 Y293.984 E-10
;WIPE_END
G1 Z83 F15000
G1 X608.092 Y706.016 Z83
G1 Z82
G1 E17 F9000
G1 F2779.614
G1 X619.604 Y706.016 E49.70059
G1 X706.016 Y619.604 E527.57393
G1 X706.016 Y608.092 E49.70059
;WIPE_START
G1 F600
G1 X706.016 Y615.092 E-10
;WIPE_END
G1 Z83 F15000
G1 X554.718 Y706.016 Z83
G1 Z82
G1 E17 F9000
G1 F2779.614
G1 X543.206 Y706.016 E49.70059
G1 X293.984 Y456.794 E1521.58569
G1 X293.984 Y445.282 E49.70059
;WIPE_START
G1 F600
G1 X293.984 Y452.282 E-10
;WIPE_END
G1 Z83 F15000
M73 P25 R521
G1 X391.908 Y706.016 Z83
G1 Z82
G1 E17 F9000
G1 F2779.614
G1 X380.396 Y706.016 E49.70059
G1 X293.984 Y619.604 E527.57392
G1 X293.984 Y608.092 E49.70059
; stop printing object Cube id:0 copy 0
;LAYER_CHANGE
;Z:83.5
;HEIGHT:1.5
;BEFORE_LAYER_CHANGE
;83.5
G92 E0

EXCLUDE_OBJECT_END NAME=Cube_id_0_copy_0
;AFTER_LAYER_CHANGE
;83.5
;_SET_FAN_SPEED_CHANGING_LAYER
; printing object Cube id:0 copy 0
;WIPE_START
G1 F600
G1 X293.984 Y615.092 E-10
;WIPE_END
EXCLUDE_OBJECT_START NAME=Cube_id_0_copy_0
G1 Z84.5 F15000
G1 X291.538 Y708.462 Z84.5
G1 Z83.5
G1 E17 F9000
;TYPE:Outer wall
;WIDTH:3.2
G1 F2779.615
G1 X291.538 Y291.538 E1799.91857
G1 X708.462 Y291.538 E1799.91857
G1 X708.462 Y708.462 E1799.91857
G1 X291.838 Y708.462 E1798.62343
;WIPE_START
G1 F600
G1 X291.833 Y701.462 E-10
;WIPE_END
G1 Z84.5 F15000
G1 X293.984 Y608.092 Z84.5
G1 Z83.5
G1 E17 F9000
;TYPE:Sparse infill
;WIDTH:3.2
G1 F2779.614
G1 X293.984 Y619.604 E49.70059
G1 X380.396 Y706.016 E527.57392
G1 X391.908 Y706.016 E49.70059
;WIPE_START
G1 F600
G1 X384.908 Y706.016 E-10
;WIPE_END
G1 Z84.5 F15000
G1 X293.984 Y445.282 Z84.5
G1 Z83.5
G1 E17 F9000
G1 F2779.614
G1 X293.984 Y456.794 E49.70059
G1 X543.206 Y706.016 E1521.58569
G1 X554.718 Y706.016 E49.70059
M73 P25 R520
;WIPE_START
G1 F600
G1 X547.718 Y706.016 E-10
;WIPE_END
G1 Z84.5 F15000
G1 X706.016 Y608.092 Z84.5
G1 Z83.5
G1 E17 F9000
G1 F2779.614
G1 X706.016 Y619.604 E49.70059
G1 X619.604 Y706.016 E527.57393
G1 X608.092 Y706.016 E49.70059
;WIPE_START
G1 F600
G1 X615.092 Y706.016 E-10
;WIPE_END
G1 Z84.5 F15000
G1 X706.016 Y445.282 Z84.5
G1 Z83.5
G1 E17 F9000
G1 F2779.614
G1 X706.016 Y456.794 E49.70059
G1 X456.794 Y706.016 E1521.58571
G1 X445.282 Y706.016 E49.70059
;WIPE_START
G1 F600
G1 X452.282 Y706.016 E-10
;WIPE_END
G1 Z84.5 F15000
G1 X445.282 Y293.984 Z84.5
G1 Z83.5
G1 E17 F9000
G1 F2779.614
G1 X456.794 Y293.984 E49.70059
G1 X706.016 Y543.206 E1521.58569
G1 X706.016 Y554.718 E49.70059
;WIPE_START
G1 F600
G1 X706.016 Y547.718 E-10
;WIPE_END
G1 Z84.5 F15000
G1 X694.503 Y293.984 Z84.5
G1 Z83.5
G1 E17 F9000
G1 F2779.614
G1 X706.016 Y293.984 E49.7003
G1 X293.984 Y706.016 E2515.59704
G1 X305.497 Y706.016 E49.70028
;WIPE_START
G1 F600
G1 X298.497 Y706.016 E-10
;WIPE_END
G1 Z84.5 F15000
G1 X305.497 Y293.984 Z84.5
G1 Z83.5
G1 E17 F9000
G1 F2779.614
G1 X293.984 Y293.984 E49.70059
G1 X706.016 Y706.016 E2515.59745
G1 X694.503 Y706.016 E49.70059
M73 P25 R519
;WIPE_START
G1 F600
G1 X701.503 Y706.016 E-10
;WIPE_END
G1 Z84.5 F15000
G1 X608.092 Y293.984 Z84.5
G1 Z83.5
G1 E17 F9000
G1 F2779.614
G1 X619.604 Y293.984 E49.70059
G1 X706.016 Y380.396 E527.57392
G1 X706.016 Y391.908 E49.70059
;WIPE_START
G1 F600
G1 X706.016 Y384.908 E-10
;WIPE_END
G1 Z84.5 F15000
G1 X554.718 Y293.984 Z84.5
G1 Z83.5
G1 E17 F9000
G1 F2779.614
G1 X543.206 Y293.984 E49.70059
G1 X293.984 Y543.206 E1521.58568
G1 X293.984 Y554.718 E49.70059
;WIPE_START
G1 F600
G1 X293.984 Y547.718 E-10
;WIPE_END
G1 Z84.5 F15000
G1 X391.908 Y293.984 Z84.5
G1 Z83.5
G1 E17 F9000
G1 F2779.614
G1 X380.396 Y293.984 E49.70059
G1 X293.984 Y380.396 E527.5739
G1 X293.984 Y391.908 E49.70059
; stop printing object Cube id:0 copy 0
;LAYER_CHANGE
;Z:85
;HEIGHT:1.5
;BEFORE_LAYER_CHANGE
;85
G92 E0

EXCLUDE_OBJECT_END NAME=Cube_id_0_copy_0
;AFTER_LAYER_CHANGE
;85
;_SET_FAN_SPEED_CHANGING_LAYER
; printing object Cube id:0 copy 0
;WIPE_START
G1 F600
G1 X293.984 Y384.908 E-10
;WIPE_END
EXCLUDE_OBJECT_START NAME=Cube_id_0_copy_0
G1 Z86 F15000
G1 X291.538 Y291.538 Z86
G1 Z85
G1 E17 F9000
;TYPE:Outer wall
;WIDTH:3.2
G1 F2779.615
G1 X708.462 Y291.538 E1799.91857
G1 X708.462 Y708.462 E1799.91857
G1 X291.538 Y708.462 E1799.91857
G1 X291.538 Y291.838 E1798.62343
;WIPE_START
G1 F600
M73 P25 R518
G1 X298.538 Y291.833 E-10
;WIPE_END
G1 Z86 F15000
G1 X293.984 Y391.908 Z86
G1 Z85
G1 E17 F9000
;TYPE:Sparse infill
;WIDTH:3.2
G1 F2779.614
G1 X293.984 Y380.396 E49.70059
G1 X380.396 Y293.984 E527.5739
G1 X391.908 Y293.984 E49.70059
;WIPE_START
G1 F600
G1 X384.908 Y293.984 E-10
;WIPE_END
G1 Z86 F15000
G1 X293.984 Y554.718 Z86
G1 Z85
G1 E17 F9000
G1 F2779.614
G1 X293.984 Y543.206 E49.70059
G1 X543.206 Y293.984 E1521.58568
G1 X554.718 Y293.984 E49.70059
;WIPE_START
G1 F600
G1 X547.718 Y293.984 E-10
;WIPE_END
G1 Z86 F15000
G1 X706.016 Y391.908 Z86
G1 Z85
G1 E17 F9000
G1 F2779.614
G1 X706.016 Y380.396 E49.70059
G1 X619.604 Y293.984 E527.57392
G1 X608.092 Y293.984 E49.70059
;WIPE_START
G1 F600
G1 X615.092 Y293.984 E-10
;WIPE_END
G1 Z86 F15000
G1 X706.016 Y554.718 Z86
G1 Z85
G1 E17 F9000
G1 F2779.614
G1 X706.016 Y543.206 E49.70059
G1 X456.794 Y293.984 E1521.58569
G1 X445.282 Y293.984 E49.70059
;WIPE_START
G1 F600
G1 X452.282 Y293.984 E-10
;WIPE_END
G1 Z86 F15000
G1 X445.282 Y706.016 Z86
G1 Z85
G1 E17 F9000
G1 F2779.614
G1 X456.794 Y706.016 E49.70059
G1 X706.016 Y456.794 E1521.58571
G1 X706.016 Y445.282 E49.70059
;WIPE_START
G1 F600
G1 X706.016 Y452.282 E-10
;WIPE_END
G1 Z86 F15000
G1 X694.503 Y706.016 Z86
G1 Z85
G1 E17 F9000
G1 F2779.614
G1 X706.016 Y706.016 E49.70059
G1 X293.984 Y293.984 E2515.59745
G1 X305.497 Y293.984 E49.70059
M73 P25 R517
;WIPE_START
G1 F600
G1 X298.497 Y293.984 E-10
;WIPE_END
G1 Z86 F15000
G1 X305.497 Y706.016 Z86
G1 Z85
G1 E17 F9000
G1 F2779.614
G1 X293.984 Y706.016 E49.70028
G1 X706.016 Y293.984 E2515.59704
G1 X694.503 Y293.984 E49.7003
;WIPE_START
G1 F600
G1 X701.503 Y293.984 E-10
;WIPE_END
G1 Z86 F15000
G1 X608.092 Y706.016 Z86
G1 Z85
G1 E17 F9000
G1 F2779.614
G1 X619.604 Y706.016 E49.70059
G1 X706.016 Y619.604 E527.57393
G1 X706.016 Y608.092 E49.70059
;WIPE_START
G1 F600
G1 X706.016 Y615.092 E-10
;WIPE_END
G1 Z86 F15000
G1 X554.718 Y706.016 Z86
G1 Z85
G1 E17 F9000
G1 F2779.614
G1 X543.206 Y706.016 E49.70059
G1 X293.984 Y456.794 E1521.58569
G1 X293.984 Y445.282 E49.70059
;WIPE_START
G1 F600
G1 X293.984 Y452.282 E-10
;WIPE_END
G1 Z86 F15000
G1 X391.908 Y706.016 Z86
G1 Z85
M73 P26 R517
G1 E17 F9000
G1 F2779.614
G1 X380.396 Y706.016 E49.70059
G1 X293.984 Y619.604 E527.57392
G1 X293.984 Y608.092 E49.70059
; stop printing object Cube id:0 copy 0
;LAYER_CHANGE
;Z:86.5
;HEIGHT:1.5
;BEFORE_LAYER_CHANGE
;86.5
G92 E0

EXCLUDE_OBJECT_END NAME=Cube_id_0_copy_0
;AFTER_LAYER_CHANGE
;86.5
;_SET_FAN_SPEED_CHANGING_LAYER
; printing object Cube id:0 copy 0
;WIPE_START
G1 F600
G1 X293.984 Y615.092 E-10
;WIPE_END
EXCLUDE_OBJECT_START NAME=Cube_id_0_copy_0
G1 Z87.5 F15000
G1 X291.538 Y708.462 Z87.5
G1 Z86.5
G1 E17 F9000
;TYPE:Outer wall
;WIDTH:3.2
G1 F2779.615
G1 X291.538 Y291.538 E1799.91857
G1 X708.462 Y291.538 E1799.91857
G1 X708.462 Y708.462 E1799.91857
M73 P26 R516
G1 X291.838 Y708.462 E1798.62343
;WIPE_START
G1 F600
G1 X291.833 Y701.462 E-10
;WIPE_END
G1 Z87.5 F15000
G1 X293.984 Y608.092 Z87.5
G1 Z86.5
G1 E17 F9000
;TYPE:Sparse infill
;WIDTH:3.2
G1 F2779.614
G1 X293.984 Y619.604 E49.70059
G1 X380.396 Y706.016 E527.57392
G1 X391.908 Y706.016 E49.70059
;WIPE_START
G1 F600
G1 X384.908 Y706.016 E-10
;WIPE_END
G1 Z87.5 F15000
G1 X293.984 Y445.282 Z87.5
G1 Z86.5
G1 E17 F9000
G1 F2779.614
G1 X293.984 Y456.794 E49.70059
G1 X543.206 Y706.016 E1521.58569
G1 X554.718 Y706.016 E49.70059
;WIPE_START
G1 F600
G1 X547.718 Y706.016 E-10
;WIPE_END
G1 Z87.5 F15000
G1 X706.016 Y608.092 Z87.5
G1 Z86.5
G1 E17 F9000
G1 F2779.614
G1 X706.016 Y619.604 E49.70059
G1 X619.604 Y706.016 E527.57393
G1 X608.092 Y706.016 E49.70059
;WIPE_START
G1 F600
G1 X615.092 Y706.016 E-10
;WIPE_END
G1 Z87.5 F15000
G1 X706.016 Y445.282 Z87.5
G1 Z86.5
G1 E17 F9000
G1 F2779.614
G1 X706.016 Y456.794 E49.70059
G1 X456.794 Y706.016 E1521.58571
G1 X445.282 Y706.016 E49.70059
;WIPE_START
G1 F600
G1 X452.282 Y706.016 E-10
;WIPE_END
G1 Z87.5 F15000
G1 X445.282 Y293.984 Z87.5
G1 Z86.5
G1 E17 F9000
G1 F2779.614
G1 X456.794 Y293.984 E49.70059
G1 X706.016 Y543.206 E1521.58569
G1 X706.016 Y554.718 E49.70059
M73 P26 R515
;WIPE_START
G1 F600
G1 X706.016 Y547.718 E-10
;WIPE_END
G1 Z87.5 F15000
G1 X694.503 Y293.984 Z87.5
G1 Z86.5
G1 E17 F9000
G1 F2779.614
G1 X706.016 Y293.984 E49.7003
G1 X293.984 Y706.016 E2515.59704
G1 X305.497 Y706.016 E49.70028
;WIPE_START
G1 F600
G1 X298.497 Y706.016 E-10
;WIPE_END
G1 Z87.5 F15000
G1 X305.497 Y293.984 Z87.5
G1 Z86.5
G1 E17 F9000
G1 F2779.614
G1 X293.984 Y293.984 E49.70059
G1 X706.016 Y706.016 E2515.59745
G1 X694.503 Y706.016 E49.70059
;WIPE_START
G1 F600
G1 X701.503 Y706.016 E-10
;WIPE_END
G1 Z87.5 F15000
G1 X608.092 Y293.984 Z87.5
G1 Z86.5
G1 E17 F9000
G1 F2779.614
G1 X619.604 Y293.984 E49.70059
G1 X706.016 Y380.396 E527.57392
G1 X706.016 Y391.908 E49.70059
;WIPE_START
G1 F600
G1 X706.016 Y384.908 E-10
;WIPE_END
G1 Z87.5 F15000
G1 X554.718 Y293.984 Z87.5
G1 Z86.5
G1 E17 F9000
G1 F2779.614
G1 X543.206 Y293.984 E49.70059
G1 X293.984 Y543.206 E1521.58568
G1 X293.984 Y554.718 E49.70059
;WIPE_START
G1 F600
G1 X293.984 Y547.718 E-10
;WIPE_END
G1 Z87.5 F15000
G1 X391.908 Y293.984 Z87.5
G1 Z86.5
G1 E17 F9000
G1 F2779.614
G1 X380.396 Y293.984 E49.70059
G1 X293.984 Y380.396 E527.5739
G1 X293.984 Y391.908 E49.70059
M73 P26 R514
; stop printing object Cube id:0 copy 0
;LAYER_CHANGE
;Z:88
;HEIGHT:1.5
;BEFORE_LAYER_CHANGE
;88
G92 E0

EXCLUDE_OBJECT_END NAME=Cube_id_0_copy_0
;AFTER_LAYER_CHANGE
;88
;_SET_FAN_SPEED_CHANGING_LAYER
; printing object Cube id:0 copy 0
;WIPE_START
G1 F600
G1 X293.984 Y384.908 E-10
;WIPE_END
EXCLUDE_OBJECT_START NAME=Cube_id_0_copy_0
G1 Z89 F15000
G1 X291.538 Y291.538 Z89
G1 Z88
G1 E17 F9000
;TYPE:Outer wall
;WIDTH:3.2
G1 F2779.615
G1 X708.462 Y291.538 E1799.91857
G1 X708.462 Y708.462 E1799.91857
G1 X291.538 Y708.462 E1799.91857
G1 X291.538 Y291.838 E1798.62343
;WIPE_START
G1 F600
G1 X298.538 Y291.833 E-10
;WIPE_END
G1 Z89 F15000
G1 X293.984 Y391.908 Z89
G1 Z88
G1 E17 F9000
;TYPE:Sparse infill
;WIDTH:3.2
G1 F2779.614
G1 X293.984 Y380.396 E49.70059
G1 X380.396 Y293.984 E527.5739
G1 X391.908 Y293.984 E49.70059
;WIPE_START
G1 F600
G1 X384.908 Y293.984 E-10
;WIPE_END
G1 Z89 F15000
G1 X293.984 Y554.718 Z89
G1 Z88
G1 E17 F9000
G1 F2779.614
G1 X293.984 Y543.206 E49.70059
G1 X543.206 Y293.984 E1521.58568
G1 X554.718 Y293.984 E49.70059
;WIPE_START
G1 F600
G1 X547.718 Y293.984 E-10
;WIPE_END
G1 Z89 F15000
G1 X706.016 Y391.908 Z89
G1 Z88
G1 E17 F9000
M73 P26 R513
G1 F2779.614
G1 X706.016 Y380.396 E49.70059
G1 X619.604 Y293.984 E527.57392
G1 X608.092 Y293.984 E49.70059
;WIPE_START
G1 F600
G1 X615.092 Y293.984 E-10
;WIPE_END
G1 Z89 F15000
G1 X706.016 Y554.718 Z89
G1 Z88
G1 E17 F9000
G1 F2779.614
G1 X706.016 Y543.206 E49.70059
G1 X456.794 Y293.984 E1521.58569
G1 X445.282 Y293.984 E49.70059
;WIPE_START
G1 F600
G1 X452.282 Y293.984 E-10
;WIPE_END
G1 Z89 F15000
G1 X445.282 Y706.016 Z89
G1 Z88
G1 E17 F9000
G1 F2779.614
G1 X456.794 Y706.016 E49.70059
G1 X706.016 Y456.794 E1521.58571
G1 X706.016 Y445.282 E49.70059
;WIPE_START
G1 F600
G1 X706.016 Y452.282 E-10
;WIPE_END
G1 Z89 F15000
G1 X694.503 Y706.016 Z89
G1 Z88
G1 E17 F9000
G1 F2779.614
G1 X706.016 Y706.016 E49.70059
G1 X293.984 Y293.984 E2515.59745
G1 X305.497 Y293.984 E49.70059
;WIPE_START
G1 F600
G1 X298.497 Y293.984 E-10
;WIPE_END
G1 Z89 F15000
G1 X305.497 Y706.016 Z89
G1 Z88
G1 E17 F9000
G1 F2779.614
G1 X293.984 Y706.016 E49.70028
G1 X706.016 Y293.984 E2515.59704
G1 X694.503 Y293.984 E49.7003
;WIPE_START
G1 F600
G1 X701.503 Y293.984 E-10
;WIPE_END
G1 Z89 F15000
G1 X608.092 Y706.016 Z89
G1 Z88
M73 P26 R512
G1 E17 F9000
G1 F2779.614
G1 X619.604 Y706.016 E49.70059
G1 X706.016 Y619.604 E527.57393
G1 X706.016 Y608.092 E49.70059
;WIPE_START
G1 F600
G1 X706.016 Y615.092 E-10
;WIPE_END
G1 Z89 F15000
G1 X554.718 Y706.016 Z89
G1 Z88
G1 E17 F9000
G1 F2779.614
G1 X543.206 Y706.016 E49.70059
G1 X293.984 Y456.794 E1521.58569
G1 X293.984 Y445.282 E49.70059
;WIPE_START
G1 F600
G1 X293.984 Y452.282 E-10
;WIPE_END
G1 Z89 F15000
G1 X391.908 Y706.016 Z89
G1 Z88
G1 E17 F9000
G1 F2779.614
G1 X380.396 Y706.016 E49.70059
G1 X293.984 Y619.604 E527.57392
G1 X293.984 Y608.092 E49.70059
; stop printing object Cube id:0 copy 0
;LAYER_CHANGE
;Z:89.5
;HEIGHT:1.5
;BEFORE_LAYER_CHANGE
;89.5
G92 E0

EXCLUDE_OBJECT_END NAME=Cube_id_0_copy_0
;AFTER_LAYER_CHANGE
;89.5
;_SET_FAN_SPEED_CHANGING_LAYER
; printing object Cube id:0 copy 0
;WIPE_START
G1 F600
G1 X293.984 Y615.092 E-10
;WIPE_END
EXCLUDE_OBJECT_START NAME=Cube_id_0_copy_0
G1 Z90.5 F15000
G1 X291.538 Y708.462 Z90.5
G1 Z89.5
G1 E17 F9000
;TYPE:Outer wall
;WIDTH:3.2
G1 F2779.615
G1 X291.538 Y291.538 E1799.91857
G1 X708.462 Y291.538 E1799.91857
G1 X708.462 Y708.462 E1799.91857
G1 X291.838 Y708.462 E1798.62343
;WIPE_START
G1 F600
M73 P26 R511
G1 X291.833 Y701.462 E-10
;WIPE_END
G1 Z90.5 F15000
G1 X293.984 Y608.092 Z90.5
G1 Z89.5
G1 E17 F9000
;TYPE:Sparse infill
;WIDTH:3.2
G1 F2779.614
G1 X293.984 Y619.604 E49.70059
G1 X380.396 Y706.016 E527.57392
G1 X391.908 Y706.016 E49.70059
;WIPE_START
G1 F600
G1 X384.908 Y706.016 E-10
;WIPE_END
G1 Z90.5 F15000
G1 X293.984 Y445.282 Z90.5
G1 Z89.5
G1 E17 F9000
G1 F2779.614
G1 X293.984 Y456.794 E49.70059
G1 X543.206 Y706.016 E1521.58569
G1 X554.718 Y706.016 E49.70059
;WIPE_START
G1 F600
G1 X547.718 Y706.016 E-10
;WIPE_END
G1 Z90.5 F15000
G1 X706.016 Y608.092 Z90.5
G1 Z89.5
G1 E17 F9000
G1 F2779.614
G1 X706.016 Y619.604 E49.70059
G1 X619.604 Y706.016 E527.57393
G1 X608.092 Y706.016 E49.70059
;WIPE_START
G1 F600
G1 X615.092 Y706.016 E-10
;WIPE_END
G1 Z90.5 F15000
G1 X706.016 Y445.282 Z90.5
G1 Z89.5
G1 E17 F9000
G1 F2779.614
G1 X706.016 Y456.794 E49.70059
G1 X456.794 Y706.016 E1521.58571
G1 X445.282 Y706.016 E49.70059
;WIPE_START
G1 F600
G1 X452.282 Y706.016 E-10
;WIPE_END
G1 Z90.5 F15000
G1 X445.282 Y293.984 Z90.5
G1 Z89.5
G1 E17 F9000
G1 F2779.614
G1 X456.794 Y293.984 E49.70059
G1 X706.016 Y543.206 E1521.58569
G1 X706.016 Y554.718 E49.70059
;WIPE_START
G1 F600
G1 X706.016 Y547.718 E-10
;WIPE_END
G1 Z90.5 F15000
G1 X694.503 Y293.984 Z90.5
G1 Z89.5
G1 E17 F9000
G1 F2779.614
G1 X706.016 Y293.984 E49.7003
G1 X293.984 Y706.016 E2515.59704
G1 X305.497 Y706.016 E49.70028
M73 P26 R510
;WIPE_START
G1 F600
G1 X298.497 Y706.016 E-10
;WIPE_END
G1 Z90.5 F15000
G1 X305.497 Y293.984 Z90.5
G1 Z89.5
G1 E17 F9000
G1 F2779.614
G1 X293.984 Y293.984 E49.70059
G1 X706.016 Y706.016 E2515.59745
G1 X694.503 Y706.016 E49.70059
;WIPE_START
G1 F600
G1 X701.503 Y706.016 E-10
;WIPE_END
G1 Z90.5 F15000
G1 X608.092 Y293.984 Z90.5
G1 Z89.5
G1 E17 F9000
G1 F2779.614
G1 X619.604 Y293.984 E49.70059
G1 X706.016 Y380.396 E527.57392
G1 X706.016 Y391.908 E49.70059
;WIPE_START
G1 F600
G1 X706.016 Y384.908 E-10
;WIPE_END
G1 Z90.5 F15000
G1 X554.718 Y293.984 Z90.5
G1 Z89.5
G1 E17 F9000
G1 F2779.614
G1 X543.206 Y293.984 E49.70059
G1 X293.984 Y543.206 E1521.58568
G1 X293.984 Y554.718 E49.70059
;WIPE_START
G1 F600
G1 X293.984 Y547.718 E-10
;WIPE_END
G1 Z90.5 F15000
G1 X391.908 Y293.984 Z90.5
G1 Z89.5
G1 E17 F9000
G1 F2779.614
G1 X380.396 Y293.984 E49.70059
G1 X293.984 Y380.396 E527.5739
G1 X293.984 Y391.908 E49.70059
M73 P27 R510
; stop printing object Cube id:0 copy 0
;LAYER_CHANGE
;Z:91
;HEIGHT:1.5
;BEFORE_LAYER_CHANGE
;91
G92 E0

EXCLUDE_OBJECT_END NAME=Cube_id_0_copy_0
;AFTER_LAYER_CHANGE
;91
;_SET_FAN_SPEED_CHANGING_LAYER
; printing object Cube id:0 copy 0
;WIPE_START
G1 F600
G1 X293.984 Y384.908 E-10
;WIPE_END
EXCLUDE_OBJECT_START NAME=Cube_id_0_copy_0
G1 Z92 F15000
G1 X291.538 Y291.538 Z92
G1 Z91
G1 E17 F9000
;TYPE:Outer wall
;WIDTH:3.2
G1 F2779.615
G1 X708.462 Y291.538 E1799.91857
G1 X708.462 Y708.462 E1799.91857
G1 X291.538 Y708.462 E1799.91857
M73 P27 R509
G1 X291.538 Y291.838 E1798.62343
;WIPE_START
G1 F600
G1 X298.538 Y291.833 E-10
;WIPE_END
G1 Z92 F15000
G1 X293.984 Y391.908 Z92
G1 Z91
G1 E17 F9000
;TYPE:Sparse infill
;WIDTH:3.2
G1 F2779.614
G1 X293.984 Y380.396 E49.70059
G1 X380.396 Y293.984 E527.5739
G1 X391.908 Y293.984 E49.70059
;WIPE_START
G1 F600
G1 X384.908 Y293.984 E-10
;WIPE_END
G1 Z92 F15000
G1 X293.984 Y554.718 Z92
G1 Z91
G1 E17 F9000
G1 F2779.614
G1 X293.984 Y543.206 E49.70059
G1 X543.206 Y293.984 E1521.58568
G1 X554.718 Y293.984 E49.70059
;WIPE_START
G1 F600
G1 X547.718 Y293.984 E-10
;WIPE_END
G1 Z92 F15000
G1 X706.016 Y391.908 Z92
G1 Z91
G1 E17 F9000
G1 F2779.614
G1 X706.016 Y380.396 E49.70059
G1 X619.604 Y293.984 E527.57392
G1 X608.092 Y293.984 E49.70059
;WIPE_START
G1 F600
G1 X615.092 Y293.984 E-10
;WIPE_END
G1 Z92 F15000
G1 X706.016 Y554.718 Z92
G1 Z91
G1 E17 F9000
G1 F2779.614
G1 X706.016 Y543.206 E49.70059
G1 X456.794 Y293.984 E1521.58569
G1 X445.282 Y293.984 E49.70059
;WIPE_START
G1 F600
G1 X452.282 Y293.984 E-10
;WIPE_END
G1 Z92 F15000
G1 X445.282 Y706.016 Z92
G1 Z91
G1 E17 F9000
G1 F2779.614
G1 X456.794 Y706.016 E49.70059
G1 X706.016 Y456.794 E1521.58571
G1 X706.016 Y445.282 E49.70059
M73 P27 R508
;WIPE_START
G1 F600
G1 X706.016 Y452.282 E-10
;WIPE_END
G1 Z92 F15000
G1 X694.503 Y706.016 Z92
G1 Z91
G1 E17 F9000
G1 F2779.614
G1 X706.016 Y706.016 E49.70059
G1 X293.984 Y293.984 E2515.59745
G1 X305.497 Y293.984 E49.70059
;WIPE_START
G1 F600
G1 X298.497 Y293.984 E-10
;WIPE_END
G1 Z92 F15000
G1 X305.497 Y706.016 Z92
G1 Z91
G1 E17 F9000
G1 F2779.614
G1 X293.984 Y706.016 E49.70028
G1 X706.016 Y293.984 E2515.59704
G1 X694.503 Y293.984 E49.7003
;WIPE_START
G1 F600
G1 X701.503 Y293.984 E-10
;WIPE_END
G1 Z92 F15000
G1 X608.092 Y706.016 Z92
G1 Z91
G1 E17 F9000
G1 F2779.614
G1 X619.604 Y706.016 E49.70059
G1 X706.016 Y619.604 E527.57393
G1 X706.016 Y608.092 E49.70059
;WIPE_START
G1 F600
G1 X706.016 Y615.092 E-10
;WIPE_END
G1 Z92 F15000
G1 X554.718 Y706.016 Z92
G1 Z91
G1 E17 F9000
G1 F2779.614
G1 X543.206 Y706.016 E49.70059
G1 X293.984 Y456.794 E1521.58569
G1 X293.984 Y445.282 E49.70059
;WIPE_START
G1 F600
G1 X293.984 Y452.282 E-10
;WIPE_END
G1 Z92 F15000
G1 X391.908 Y706.016 Z92
G1 Z91
G1 E17 F9000
G1 F2779.614
G1 X380.396 Y706.016 E49.70059
G1 X293.984 Y619.604 E527.57392
G1 X293.984 Y608.092 E49.70059
M73 P27 R507
; stop printing object Cube id:0 copy 0
;LAYER_CHANGE
;Z:92.5
;HEIGHT:1.5
;BEFORE_LAYER_CHANGE
;92.5
G92 E0

EXCLUDE_OBJECT_END NAME=Cube_id_0_copy_0
;AFTER_LAYER_CHANGE
;92.5
;_SET_FAN_SPEED_CHANGING_LAYER
; printing object Cube id:0 copy 0
;WIPE_START
G1 F600
G1 X293.984 Y615.092 E-10
;WIPE_END
EXCLUDE_OBJECT_START NAME=Cube_id_0_copy_0
G1 Z93.5 F15000
G1 X291.538 Y708.462 Z93.5
G1 Z92.5
G1 E17 F9000
;TYPE:Outer wall
;WIDTH:3.2
G1 F2779.615
G1 X291.538 Y291.538 E1799.91857
G1 X708.462 Y291.538 E1799.91857
G1 X708.462 Y708.462 E1799.91857
G1 X291.838 Y708.462 E1798.62343
;WIPE_START
G1 F600
G1 X291.833 Y701.462 E-10
;WIPE_END
G1 Z93.5 F15000
G1 X293.984 Y608.092 Z93.5
G1 Z92.5
G1 E17 F9000
;TYPE:Sparse infill
;WIDTH:3.2
G1 F2779.614
G1 X293.984 Y619.604 E49.70059
G1 X380.396 Y706.016 E527.57392
G1 X391.908 Y706.016 E49.70059
;WIPE_START
G1 F600
G1 X384.908 Y706.016 E-10
;WIPE_END
G1 Z93.5 F15000
G1 X293.984 Y445.282 Z93.5
G1 Z92.5
G1 E17 F9000
G1 F2779.614
G1 X293.984 Y456.794 E49.70059
G1 X543.206 Y706.016 E1521.58569
G1 X554.718 Y706.016 E49.70059
;WIPE_START
G1 F600
G1 X547.718 Y706.016 E-10
;WIPE_END
G1 Z93.5 F15000
G1 X706.016 Y608.092 Z93.5
G1 Z92.5
G1 E17 F9000
G1 F2779.614
G1 X706.016 Y619.604 E49.70059
G1 X619.604 Y706.016 E527.57393
G1 X608.092 Y706.016 E49.70059
M73 P27 R506
;WIPE_START
G1 F600
G1 X615.092 Y706.016 E-10
;WIPE_END
G1 Z93.5 F15000
G1 X706.016 Y445.282 Z93.5
G1 Z92.5
G1 E17 F9000
G1 F2779.614
G1 X706.016 Y456.794 E49.70059
G1 X456.794 Y706.016 E1521.58571
G1 X445.282 Y706.016 E49.70059
;WIPE_START
G1 F600
G1 X452.282 Y706.016 E-10
;WIPE_END
G1 Z93.5 F15000
G1 X445.282 Y293.984 Z93.5
G1 Z92.5
G1 E17 F9000
G1 F2779.614
G1 X456.794 Y293.984 E49.70059
G1 X706.016 Y543.206 E1521.58569
G1 X706.016 Y554.718 E49.70059
;WIPE_START
G1 F600
G1 X706.016 Y547.718 E-10
;WIPE_END
G1 Z93.5 F15000
G1 X694.503 Y293.984 Z93.5
G1 Z92.5
G1 E17 F9000
G1 F2779.614
G1 X706.016 Y293.984 E49.7003
G1 X293.984 Y706.016 E2515.59704
G1 X305.497 Y706.016 E49.70028
;WIPE_START
G1 F600
G1 X298.497 Y706.016 E-10
;WIPE_END
G1 Z93.5 F15000
G1 X305.497 Y293.984 Z93.5
G1 Z92.5
G1 E17 F9000
G1 F2779.614
G1 X293.984 Y293.984 E49.70059
G1 X706.016 Y706.016 E2515.59745
G1 X694.503 Y706.016 E49.70059
;WIPE_START
G1 F600
G1 X701.503 Y706.016 E-10
;WIPE_END
G1 Z93.5 F15000
G1 X608.092 Y293.984 Z93.5
G1 Z92.5
G1 E17 F9000
G1 F2779.614
G1 X619.604 Y293.984 E49.70059
G1 X706.016 Y380.396 E527.57392
M73 P27 R505
G1 X706.016 Y391.908 E49.70059
;WIPE_START
G1 F600
G1 X706.016 Y384.908 E-10
;WIPE_END
G1 Z93.5 F15000
G1 X554.718 Y293.984 Z93.5
G1 Z92.5
G1 E17 F9000
G1 F2779.614
G1 X543.206 Y293.984 E49.70059
G1 X293.984 Y543.206 E1521.58568
G1 X293.984 Y554.718 E49.70059
;WIPE_START
G1 F600
G1 X293.984 Y547.718 E-10
;WIPE_END
G1 Z93.5 F15000
G1 X391.908 Y293.984 Z93.5
G1 Z92.5
G1 E17 F9000
G1 F2779.614
G1 X380.396 Y293.984 E49.70059
G1 X293.984 Y380.396 E527.5739
G1 X293.984 Y391.908 E49.70059
; stop printing object Cube id:0 copy 0
;LAYER_CHANGE
;Z:94
;HEIGHT:1.5
;BEFORE_LAYER_CHANGE
;94
G92 E0

EXCLUDE_OBJECT_END NAME=Cube_id_0_copy_0
;AFTER_LAYER_CHANGE
;94
;_SET_FAN_SPEED_CHANGING_LAYER
; printing object Cube id:0 copy 0
;WIPE_START
G1 F600
G1 X293.984 Y384.908 E-10
;WIPE_END
EXCLUDE_OBJECT_START NAME=Cube_id_0_copy_0
G1 Z95 F15000
G1 X291.538 Y291.538 Z95
G1 Z94
G1 E17 F9000
;TYPE:Outer wall
;WIDTH:3.2
G1 F2779.615
G1 X708.462 Y291.538 E1799.91857
G1 X708.462 Y708.462 E1799.91857
G1 X291.538 Y708.462 E1799.91857
G1 X291.538 Y291.838 E1798.62343
;WIPE_START
G1 F600
G1 X298.538 Y291.833 E-10
;WIPE_END
G1 Z95 F15000
G1 X293.984 Y391.908 Z95
G1 Z94
G1 E17 F9000
M73 P27 R504
;TYPE:Sparse infill
;WIDTH:3.2
G1 F2779.614
G1 X293.984 Y380.396 E49.70059
G1 X380.396 Y293.984 E527.5739
G1 X391.908 Y293.984 E49.70059
;WIPE_START
G1 F600
G1 X384.908 Y293.984 E-10
;WIPE_END
G1 Z95 F15000
G1 X293.984 Y554.718 Z95
G1 Z94
G1 E17 F9000
G1 F2779.614
G1 X293.984 Y543.206 E49.70059
G1 X543.206 Y293.984 E1521.58568
G1 X554.718 Y293.984 E49.70059
;WIPE_START
G1 F600
G1 X547.718 Y293.984 E-10
;WIPE_END
G1 Z95 F15000
G1 X706.016 Y391.908 Z95
G1 Z94
G1 E17 F9000
G1 F2779.614
G1 X706.016 Y380.396 E49.70059
G1 X619.604 Y293.984 E527.57392
G1 X608.092 Y293.984 E49.70059
;WIPE_START
G1 F600
G1 X615.092 Y293.984 E-10
;WIPE_END
G1 Z95 F15000
G1 X706.016 Y554.718 Z95
G1 Z94
G1 E17 F9000
G1 F2779.614
G1 X706.016 Y543.206 E49.70059
G1 X456.794 Y293.984 E1521.58569
G1 X445.282 Y293.984 E49.70059
;WIPE_START
G1 F600
G1 X452.282 Y293.984 E-10
;WIPE_END
G1 Z95 F15000
G1 X445.282 Y706.016 Z95
G1 Z94
G1 E17 F9000
G1 F2779.614
G1 X456.794 Y706.016 E49.70059
G1 X706.016 Y456.794 E1521.58571
G1 X706.016 Y445.282 E49.70059
;WIPE_START
G1 F600
G1 X706.016 Y452.282 E-10
;WIPE_END
G1 Z95 F15000
G1 X694.503 Y706.016 Z95
G1 Z94
G1 E17 F9000
G1 F2779.614
G1 X706.016 Y706.016 E49.70059
G1 X293.984 Y293.984 E2515.59745
G1 X305.497 Y293.984 E49.70059
;WIPE_START
G1 F600
G1 X298.497 Y293.984 E-10
;WIPE_END
G1 Z95 F15000
G1 X305.497 Y706.016 Z95
M73 P27 R503
G1 Z94
G1 E17 F9000
G1 F2779.614
G1 X293.984 Y706.016 E49.70028
G1 X706.016 Y293.984 E2515.59704
G1 X694.503 Y293.984 E49.7003
;WIPE_START
G1 F600
G1 X701.503 Y293.984 E-10
;WIPE_END
G1 Z95 F15000
G1 X608.092 Y706.016 Z95
G1 Z94
G1 E17 F9000
G1 F2779.614
G1 X619.604 Y706.016 E49.70059
G1 X706.016 Y619.604 E527.57393
G1 X706.016 Y608.092 E49.70059
;WIPE_START
G1 F600
G1 X706.016 Y615.092 E-10
;WIPE_END
G1 Z95 F15000
G1 X554.718 Y706.016 Z95
G1 Z94
G1 E17 F9000
G1 F2779.614
G1 X543.206 Y706.016 E49.70059
G1 X293.984 Y456.794 E1521.58569
G1 X293.984 Y445.282 E49.70059
;WIPE_START
G1 F600
G1 X293.984 Y452.282 E-10
;WIPE_END
G1 Z95 F15000
G1 X391.908 Y706.016 Z95
G1 Z94
G1 E17 F9000
G1 F2779.614
G1 X380.396 Y706.016 E49.70059
G1 X293.984 Y619.604 E527.57392
G1 X293.984 Y608.092 E49.70059
M73 P28 R503
; stop printing object Cube id:0 copy 0
;LAYER_CHANGE
;Z:95.5
;HEIGHT:1.5
;BEFORE_LAYER_CHANGE
;95.5
G92 E0

EXCLUDE_OBJECT_END NAME=Cube_id_0_copy_0
;AFTER_LAYER_CHANGE
;95.5
;_SET_FAN_SPEED_CHANGING_LAYER
; printing object Cube id:0 copy 0
;WIPE_START
G1 F600
G1 X293.984 Y615.092 E-10
;WIPE_END
EXCLUDE_OBJECT_START NAME=Cube_id_0_copy_0
G1 Z96.5 F15000
G1 X291.538 Y708.462 Z96.5
G1 Z95.5
G1 E17 F9000
;TYPE:Outer wall
;WIDTH:3.2
G1 F2779.615
G1 X291.538 Y291.538 E1799.91857
G1 X708.462 Y291.538 E1799.91857
G1 X708.462 Y708.462 E1799.91857
G1 X291.838 Y708.462 E1798.62343
M73 P28 R502
;WIPE_START
G1 F600
G1 X291.833 Y701.462 E-10
;WIPE_END
G1 Z96.5 F15000
G1 X293.984 Y608.092 Z96.5
G1 Z95.5
G1 E17 F9000
;TYPE:Sparse infill
;WIDTH:3.2
G1 F2779.614
G1 X293.984 Y619.604 E49.70059
G1 X380.396 Y706.016 E527.57392
G1 X391.908 Y706.016 E49.70059
;WIPE_START
G1 F600
G1 X384.908 Y706.016 E-10
;WIPE_END
G1 Z96.5 F15000
G1 X293.984 Y445.282 Z96.5
G1 Z95.5
G1 E17 F9000
G1 F2779.614
G1 X293.984 Y456.794 E49.70059
G1 X543.206 Y706.016 E1521.58569
G1 X554.718 Y706.016 E49.70059
;WIPE_START
G1 F600
G1 X547.718 Y706.016 E-10
;WIPE_END
G1 Z96.5 F15000
G1 X706.016 Y608.092 Z96.5
G1 Z95.5
G1 E17 F9000
G1 F2779.614
G1 X706.016 Y619.604 E49.70059
G1 X619.604 Y706.016 E527.57393
G1 X608.092 Y706.016 E49.70059
;WIPE_START
G1 F600
G1 X615.092 Y706.016 E-10
;WIPE_END
G1 Z96.5 F15000
G1 X706.016 Y445.282 Z96.5
G1 Z95.5
G1 E17 F9000
G1 F2779.614
G1 X706.016 Y456.794 E49.70059
G1 X456.794 Y706.016 E1521.58571
G1 X445.282 Y706.016 E49.70059
;WIPE_START
G1 F600
G1 X452.282 Y706.016 E-10
;WIPE_END
G1 Z96.5 F15000
G1 X445.282 Y293.984 Z96.5
G1 Z95.5
G1 E17 F9000
G1 F2779.614
G1 X456.794 Y293.984 E49.70059
G1 X706.016 Y543.206 E1521.58569
G1 X706.016 Y554.718 E49.70059
M73 P28 R501
;WIPE_START
G1 F600
G1 X706.016 Y547.718 E-10
;WIPE_END
G1 Z96.5 F15000
G1 X694.503 Y293.984 Z96.5
G1 Z95.5
G1 E17 F9000
G1 F2779.614
G1 X706.016 Y293.984 E49.7003
G1 X293.984 Y706.016 E2515.59704
G1 X305.497 Y706.016 E49.70028
;WIPE_START
G1 F600
G1 X298.497 Y706.016 E-10
;WIPE_END
G1 Z96.5 F15000
G1 X305.497 Y293.984 Z96.5
G1 Z95.5
G1 E17 F9000
G1 F2779.614
G1 X293.984 Y293.984 E49.70059
G1 X706.016 Y706.016 E2515.59745
G1 X694.503 Y706.016 E49.70059
;WIPE_START
G1 F600
G1 X701.503 Y706.016 E-10
;WIPE_END
G1 Z96.5 F15000
G1 X608.092 Y293.984 Z96.5
G1 Z95.5
G1 E17 F9000
G1 F2779.614
G1 X619.604 Y293.984 E49.70059
G1 X706.016 Y380.396 E527.57392
G1 X706.016 Y391.908 E49.70059
;WIPE_START
G1 F600
G1 X706.016 Y384.908 E-10
;WIPE_END
G1 Z96.5 F15000
G1 X554.718 Y293.984 Z96.5
G1 Z95.5
G1 E17 F9000
G1 F2779.614
G1 X543.206 Y293.984 E49.70059
G1 X293.984 Y543.206 E1521.58568
G1 X293.984 Y554.718 E49.70059
;WIPE_START
G1 F600
G1 X293.984 Y547.718 E-10
;WIPE_END
G1 Z96.5 F15000
G1 X391.908 Y293.984 Z96.5
G1 Z95.5
G1 E17 F9000
G1 F2779.614
G1 X380.396 Y293.984 E49.70059
G1 X293.984 Y380.396 E527.5739
G1 X293.984 Y391.908 E49.70059
; stop printing object Cube id:0 copy 0
;LAYER_CHANGE
;Z:97
;HEIGHT:1.5
;BEFORE_LAYER_CHANGE
;97
G92 E0

EXCLUDE_OBJECT_END NAME=Cube_id_0_copy_0
;AFTER_LAYER_CHANGE
;97
;_SET_FAN_SPEED_CHANGING_LAYER
; printing object Cube id:0 copy 0
;WIPE_START
G1 F600
G1 X293.984 Y384.908 E-10
;WIPE_END
EXCLUDE_OBJECT_START NAME=Cube_id_0_copy_0
G1 Z98 F15000
G1 X291.538 Y291.538 Z98
G1 Z97
G1 E17 F9000
M73 P28 R500
;TYPE:Outer wall
;WIDTH:3.2
G1 F2779.615
G1 X708.462 Y291.538 E1799.91857
G1 X708.462 Y708.462 E1799.91857
G1 X291.538 Y708.462 E1799.91857
G1 X291.538 Y291.838 E1798.62343
;WIPE_START
G1 F600
G1 X298.538 Y291.833 E-10
;WIPE_END
G1 Z98 F15000
G1 X293.984 Y391.908 Z98
G1 Z97
G1 E17 F9000
;TYPE:Sparse infill
;WIDTH:3.2
G1 F2779.614
G1 X293.984 Y380.396 E49.70059
G1 X380.396 Y293.984 E527.5739
G1 X391.908 Y293.984 E49.70059
;WIPE_START
G1 F600
G1 X384.908 Y293.984 E-10
;WIPE_END
G1 Z98 F15000
G1 X293.984 Y554.718 Z98
G1 Z97
G1 E17 F9000
G1 F2779.614
G1 X293.984 Y543.206 E49.70059
G1 X543.206 Y293.984 E1521.58568
G1 X554.718 Y293.984 E49.70059
;WIPE_START
G1 F600
G1 X547.718 Y293.984 E-10
;WIPE_END
G1 Z98 F15000
G1 X706.016 Y391.908 Z98
G1 Z97
G1 E17 F9000
G1 F2779.614
G1 X706.016 Y380.396 E49.70059
G1 X619.604 Y293.984 E527.57392
G1 X608.092 Y293.984 E49.70059
;WIPE_START
G1 F600
G1 X615.092 Y293.984 E-10
;WIPE_END
G1 Z98 F15000
G1 X706.016 Y554.718 Z98
G1 Z97
M73 P28 R499
G1 E17 F9000
G1 F2779.614
G1 X706.016 Y543.206 E49.70059
G1 X456.794 Y293.984 E1521.58569
G1 X445.282 Y293.984 E49.70059
;WIPE_START
G1 F600
G1 X452.282 Y293.984 E-10
;WIPE_END
G1 Z98 F15000
G1 X445.282 Y706.016 Z98
G1 Z97
G1 E17 F9000
G1 F2779.614
G1 X456.794 Y706.016 E49.70059
G1 X706.016 Y456.794 E1521.58571
G1 X706.016 Y445.282 E49.70059
;WIPE_START
G1 F600
G1 X706.016 Y452.282 E-10
;WIPE_END
G1 Z98 F15000
G1 X694.503 Y706.016 Z98
G1 Z97
G1 E17 F9000
G1 F2779.614
G1 X706.016 Y706.016 E49.70059
G1 X293.984 Y293.984 E2515.59745
G1 X305.497 Y293.984 E49.70059
;WIPE_START
G1 F600
G1 X298.497 Y293.984 E-10
;WIPE_END
G1 Z98 F15000
G1 X305.497 Y706.016 Z98
G1 Z97
G1 E17 F9000
G1 F2779.614
G1 X293.984 Y706.016 E49.70028
G1 X706.016 Y293.984 E2515.59704
G1 X694.503 Y293.984 E49.7003
;WIPE_START
G1 F600
G1 X701.503 Y293.984 E-10
;WIPE_END
G1 Z98 F15000
G1 X608.092 Y706.016 Z98
G1 Z97
G1 E17 F9000
G1 F2779.614
G1 X619.604 Y706.016 E49.70059
G1 X706.016 Y619.604 E527.57393
G1 X706.016 Y608.092 E49.70059
M73 P28 R498
;WIPE_START
G1 F600
G1 X706.016 Y615.092 E-10
;WIPE_END
G1 Z98 F15000
G1 X554.718 Y706.016 Z98
G1 Z97
G1 E17 F9000
G1 F2779.614
G1 X543.206 Y706.016 E49.70059
G1 X293.984 Y456.794 E1521.58569
G1 X293.984 Y445.282 E49.70059
;WIPE_START
G1 F600
G1 X293.984 Y452.282 E-10
;WIPE_END
G1 Z98 F15000
G1 X391.908 Y706.016 Z98
G1 Z97
G1 E17 F9000
G1 F2779.614
G1 X380.396 Y706.016 E49.70059
G1 X293.984 Y619.604 E527.57392
G1 X293.984 Y608.092 E49.70059
; stop printing object Cube id:0 copy 0
;LAYER_CHANGE
;Z:98.5
;HEIGHT:1.5
;BEFORE_LAYER_CHANGE
;98.5
G92 E0

EXCLUDE_OBJECT_END NAME=Cube_id_0_copy_0
;AFTER_LAYER_CHANGE
;98.5
;_SET_FAN_SPEED_CHANGING_LAYER
; printing object Cube id:0 copy 0
;WIPE_START
G1 F600
G1 X293.984 Y615.092 E-10
;WIPE_END
EXCLUDE_OBJECT_START NAME=Cube_id_0_copy_0
G1 Z99.5 F15000
G1 X291.538 Y708.462 Z99.5
G1 Z98.5
G1 E17 F9000
;TYPE:Outer wall
;WIDTH:3.2
G1 F2779.615
G1 X291.538 Y291.538 E1799.91857
G1 X708.462 Y291.538 E1799.91857
G1 X708.462 Y708.462 E1799.91857
G1 X291.838 Y708.462 E1798.62343
;WIPE_START
G1 F600
G1 X291.833 Y701.462 E-10
;WIPE_END
G1 Z99.5 F15000
G1 X293.984 Y608.092 Z99.5
G1 Z98.5
G1 E17 F9000
;TYPE:Sparse infill
;WIDTH:3.2
G1 F2779.614
G1 X293.984 Y619.604 E49.70059
G1 X380.396 Y706.016 E527.57392
G1 X391.908 Y706.016 E49.70059
M73 P28 R497
;WIPE_START
G1 F600
G1 X384.908 Y706.016 E-10
;WIPE_END
G1 Z99.5 F15000
G1 X293.984 Y445.282 Z99.5
G1 Z98.5
G1 E17 F9000
G1 F2779.614
G1 X293.984 Y456.794 E49.70059
G1 X543.206 Y706.016 E1521.58569
G1 X554.718 Y706.016 E49.70059
;WIPE_START
G1 F600
G1 X547.718 Y706.016 E-10
;WIPE_END
G1 Z99.5 F15000
G1 X706.016 Y608.092 Z99.5
G1 Z98.5
G1 E17 F9000
G1 F2779.614
G1 X706.016 Y619.604 E49.70059
G1 X619.604 Y706.016 E527.57393
G1 X608.092 Y706.016 E49.70059
;WIPE_START
G1 F600
G1 X615.092 Y706.016 E-10
;WIPE_END
G1 Z99.5 F15000
G1 X706.016 Y445.282 Z99.5
G1 Z98.5
G1 E17 F9000
G1 F2779.614
G1 X706.016 Y456.794 E49.70059
G1 X456.794 Y706.016 E1521.58571
G1 X445.282 Y706.016 E49.70059
;WIPE_START
G1 F600
G1 X452.282 Y706.016 E-10
;WIPE_END
G1 Z99.5 F15000
G1 X445.282 Y293.984 Z99.5
G1 Z98.5
G1 E17 F9000
G1 F2779.614
G1 X456.794 Y293.984 E49.70059
G1 X706.016 Y543.206 E1521.58569
G1 X706.016 Y554.718 E49.70059
;WIPE_START
G1 F600
G1 X706.016 Y547.718 E-10
;WIPE_END
G1 Z99.5 F15000
G1 X694.503 Y293.984 Z99.5
G1 Z98.5
G1 E17 F9000
G1 F2779.614
G1 X706.016 Y293.984 E49.7003
G1 X293.984 Y706.016 E2515.59704
G1 X305.497 Y706.016 E49.70028
;WIPE_START
G1 F600
G1 X298.497 Y706.016 E-10
;WIPE_END
G1 Z99.5 F15000
G1 X305.497 Y293.984 Z99.5
G1 Z98.5
G1 E17 F9000
G1 F2779.614
G1 X293.984 Y293.984 E49.70059
G1 X706.016 Y706.016 E2515.59745
M73 P28 R496
G1 X694.503 Y706.016 E49.70059
;WIPE_START
G1 F600
G1 X701.503 Y706.016 E-10
;WIPE_END
G1 Z99.5 F15000
G1 X608.092 Y293.984 Z99.5
G1 Z98.5
G1 E17 F9000
G1 F2779.614
G1 X619.604 Y293.984 E49.70059
G1 X706.016 Y380.396 E527.57392
G1 X706.016 Y391.908 E49.70059
;WIPE_START
G1 F600
G1 X706.016 Y384.908 E-10
;WIPE_END
G1 Z99.5 F15000
G1 X554.718 Y293.984 Z99.5
G1 Z98.5
G1 E17 F9000
G1 F2779.614
G1 X543.206 Y293.984 E49.70059
G1 X293.984 Y543.206 E1521.58568
G1 X293.984 Y554.718 E49.70059
;WIPE_START
G1 F600
G1 X293.984 Y547.718 E-10
;WIPE_END
G1 Z99.5 F15000
G1 X391.908 Y293.984 Z99.5
G1 Z98.5
G1 E17 F9000
G1 F2779.614
G1 X380.396 Y293.984 E49.70059
G1 X293.984 Y380.396 E527.5739
G1 X293.984 Y391.908 E49.70059
; stop printing object Cube id:0 copy 0
;LAYER_CHANGE
;Z:100
;HEIGHT:1.5
;BEFORE_LAYER_CHANGE
;100
G92 E0

EXCLUDE_OBJECT_END NAME=Cube_id_0_copy_0
;AFTER_LAYER_CHANGE
;100
;_SET_FAN_SPEED_CHANGING_LAYER
; printing object Cube id:0 copy 0
;WIPE_START
G1 F600
G1 X293.984 Y384.908 E-10
;WIPE_END
EXCLUDE_OBJECT_START NAME=Cube_id_0_copy_0
G1 Z101 F15000
G1 X291.538 Y291.538 Z101
G1 Z100
M73 P29 R496
G1 E17 F9000
;TYPE:Outer wall
;WIDTH:3.2
G1 F2779.615
G1 X708.462 Y291.538 E1799.91857
G1 X708.462 Y708.462 E1799.91857
G1 X291.538 Y708.462 E1799.91857
G1 X291.538 Y291.838 E1798.62343
M73 P29 R495
;WIPE_START
G1 F600
G1 X298.538 Y291.833 E-10
;WIPE_END
G1 Z101 F15000
G1 X293.984 Y391.908 Z101
G1 Z100
G1 E17 F9000
;TYPE:Sparse infill
;WIDTH:3.2
G1 F2779.614
G1 X293.984 Y380.396 E49.70059
G1 X380.396 Y293.984 E527.5739
G1 X391.908 Y293.984 E49.70059
;WIPE_START
G1 F600
G1 X384.908 Y293.984 E-10
;WIPE_END
G1 Z101 F15000
G1 X293.984 Y554.718 Z101
G1 Z100
G1 E17 F9000
G1 F2779.614
G1 X293.984 Y543.206 E49.70059
G1 X543.206 Y293.984 E1521.58568
G1 X554.718 Y293.984 E49.70059
;WIPE_START
G1 F600
G1 X547.718 Y293.984 E-10
;WIPE_END
G1 Z101 F15000
G1 X706.016 Y391.908 Z101
G1 Z100
G1 E17 F9000
G1 F2779.614
G1 X706.016 Y380.396 E49.70059
G1 X619.604 Y293.984 E527.57392
G1 X608.092 Y293.984 E49.70059
;WIPE_START
G1 F600
G1 X615.092 Y293.984 E-10
;WIPE_END
G1 Z101 F15000
G1 X706.016 Y554.718 Z101
G1 Z100
G1 E17 F9000
G1 F2779.614
G1 X706.016 Y543.206 E49.70059
G1 X456.794 Y293.984 E1521.58569
G1 X445.282 Y293.984 E49.70059
;WIPE_START
G1 F600
G1 X452.282 Y293.984 E-10
;WIPE_END
G1 Z101 F15000
G1 X445.282 Y706.016 Z101
G1 Z100
G1 E17 F9000
G1 F2779.614
G1 X456.794 Y706.016 E49.70059
G1 X706.016 Y456.794 E1521.58571
G1 X706.016 Y445.282 E49.70059
;WIPE_START
G1 F600
G1 X706.016 Y452.282 E-10
;WIPE_END
G1 Z101 F15000
M73 P29 R494
G1 X694.503 Y706.016 Z101
G1 Z100
G1 E17 F9000
G1 F2779.614
G1 X706.016 Y706.016 E49.70059
G1 X293.984 Y293.984 E2515.59745
G1 X305.497 Y293.984 E49.70059
;WIPE_START
G1 F600
G1 X298.497 Y293.984 E-10
;WIPE_END
G1 Z101 F15000
G1 X305.497 Y706.016 Z101
G1 Z100
G1 E17 F9000
G1 F2779.614
G1 X293.984 Y706.016 E49.70028
G1 X706.016 Y293.984 E2515.59704
G1 X694.503 Y293.984 E49.7003
;WIPE_START
G1 F600
G1 X701.503 Y293.984 E-10
;WIPE_END
G1 Z101 F15000
G1 X608.092 Y706.016 Z101
G1 Z100
G1 E17 F9000
G1 F2779.614
G1 X619.604 Y706.016 E49.70059
G1 X706.016 Y619.604 E527.57393
G1 X706.016 Y608.092 E49.70059
;WIPE_START
G1 F600
G1 X706.016 Y615.092 E-10
;WIPE_END
G1 Z101 F15000
G1 X554.718 Y706.016 Z101
G1 Z100
G1 E17 F9000
G1 F2779.614
G1 X543.206 Y706.016 E49.70059
G1 X293.984 Y456.794 E1521.58569
G1 X293.984 Y445.282 E49.70059
;WIPE_START
G1 F600
G1 X293.984 Y452.282 E-10
;WIPE_END
G1 Z101 F15000
G1 X391.908 Y706.016 Z101
G1 Z100
G1 E17 F9000
G1 F2779.614
G1 X380.396 Y706.016 E49.70059
G1 X293.984 Y619.604 E527.57392
G1 X293.984 Y608.092 E49.70059
; stop printing object Cube id:0 copy 0
;LAYER_CHANGE
;Z:101.5
;HEIGHT:1.5
;BEFORE_LAYER_CHANGE
;101.5
G92 E0

EXCLUDE_OBJECT_END NAME=Cube_id_0_copy_0
;AFTER_LAYER_CHANGE
;101.5
;_SET_FAN_SPEED_CHANGING_LAYER
; printing object Cube id:0 copy 0
;WIPE_START
G1 F600
G1 X293.984 Y615.092 E-10
;WIPE_END
EXCLUDE_OBJECT_START NAME=Cube_id_0_copy_0
G1 Z102.5 F15000
G1 X291.538 Y708.462 Z102.5
G1 Z101.5
G1 E17 F9000
;TYPE:Outer wall
;WIDTH:3.2
G1 F2779.615
G1 X291.538 Y291.538 E1799.91857
G1 X708.462 Y291.538 E1799.91857
M73 P29 R493
G1 X708.462 Y708.462 E1799.91857
G1 X291.838 Y708.462 E1798.62343
;WIPE_START
G1 F600
G1 X291.833 Y701.462 E-10
;WIPE_END
G1 Z102.5 F15000
G1 X293.984 Y608.092 Z102.5
G1 Z101.5
G1 E17 F9000
;TYPE:Sparse infill
;WIDTH:3.2
G1 F2779.614
G1 X293.984 Y619.604 E49.70059
G1 X380.396 Y706.016 E527.57392
G1 X391.908 Y706.016 E49.70059
;WIPE_START
G1 F600
G1 X384.908 Y706.016 E-10
;WIPE_END
G1 Z102.5 F15000
G1 X293.984 Y445.282 Z102.5
G1 Z101.5
G1 E17 F9000
G1 F2779.614
G1 X293.984 Y456.794 E49.70059
G1 X543.206 Y706.016 E1521.58569
G1 X554.718 Y706.016 E49.70059
;WIPE_START
G1 F600
G1 X547.718 Y706.016 E-10
;WIPE_END
G1 Z102.5 F15000
G1 X706.016 Y608.092 Z102.5
G1 Z101.5
G1 E17 F9000
G1 F2779.614
G1 X706.016 Y619.604 E49.70059
G1 X619.604 Y706.016 E527.57393
G1 X608.092 Y706.016 E49.70059
;WIPE_START
G1 F600
G1 X615.092 Y706.016 E-10
;WIPE_END
G1 Z102.5 F15000
G1 X706.016 Y445.282 Z102.5
G1 Z101.5
G1 E17 F9000
G1 F2779.614
G1 X706.016 Y456.794 E49.70059
G1 X456.794 Y706.016 E1521.58571
G1 X445.282 Y706.016 E49.70059
M73 P29 R492
;WIPE_START
G1 F600
G1 X452.282 Y706.016 E-10
;WIPE_END
G1 Z102.5 F15000
G1 X445.282 Y293.984 Z102.5
G1 Z101.5
G1 E17 F9000
G1 F2779.614
G1 X456.794 Y293.984 E49.70059
G1 X706.016 Y543.206 E1521.58569
G1 X706.016 Y554.718 E49.70059
;WIPE_START
G1 F600
G1 X706.016 Y547.718 E-10
;WIPE_END
G1 Z102.5 F15000
G1 X694.503 Y293.984 Z102.5
G1 Z101.5
G1 E17 F9000
G1 F2779.614
G1 X706.016 Y293.984 E49.7003
G1 X293.984 Y706.016 E2515.59704
G1 X305.497 Y706.016 E49.70028
;WIPE_START
G1 F600
G1 X298.497 Y706.016 E-10
;WIPE_END
G1 Z102.5 F15000
G1 X305.497 Y293.984 Z102.5
G1 Z101.5
G1 E17 F9000
G1 F2779.614
G1 X293.984 Y293.984 E49.70059
G1 X706.016 Y706.016 E2515.59745
G1 X694.503 Y706.016 E49.70059
;WIPE_START
G1 F600
G1 X701.503 Y706.016 E-10
;WIPE_END
G1 Z102.5 F15000
G1 X608.092 Y293.984 Z102.5
G1 Z101.5
G1 E17 F9000
G1 F2779.614
G1 X619.604 Y293.984 E49.70059
G1 X706.016 Y380.396 E527.57392
G1 X706.016 Y391.908 E49.70059
;WIPE_START
G1 F600
G1 X706.016 Y384.908 E-10
;WIPE_END
G1 Z102.5 F15000
G1 X554.718 Y293.984 Z102.5
G1 Z101.5
M73 P29 R491
G1 E17 F9000
G1 F2779.614
G1 X543.206 Y293.984 E49.70059
G1 X293.984 Y543.206 E1521.58568
G1 X293.984 Y554.718 E49.70059
;WIPE_START
G1 F600
G1 X293.984 Y547.718 E-10
;WIPE_END
G1 Z102.5 F15000
G1 X391.908 Y293.984 Z102.5
G1 Z101.5
G1 E17 F9000
G1 F2779.614
G1 X380.396 Y293.984 E49.70059
G1 X293.984 Y380.396 E527.5739
G1 X293.984 Y391.908 E49.70059
; stop printing object Cube id:0 copy 0
;LAYER_CHANGE
;Z:103
;HEIGHT:1.5
;BEFORE_LAYER_CHANGE
;103
G92 E0

EXCLUDE_OBJECT_END NAME=Cube_id_0_copy_0
;AFTER_LAYER_CHANGE
;103
;_SET_FAN_SPEED_CHANGING_LAYER
; printing object Cube id:0 copy 0
;WIPE_START
G1 F600
G1 X293.984 Y384.908 E-10
;WIPE_END
EXCLUDE_OBJECT_START NAME=Cube_id_0_copy_0
G1 Z104 F15000
G1 X291.538 Y291.538 Z104
G1 Z103
G1 E17 F9000
;TYPE:Outer wall
;WIDTH:3.2
G1 F2779.615
G1 X708.462 Y291.538 E1799.91857
G1 X708.462 Y708.462 E1799.91857
G1 X291.538 Y708.462 E1799.91857
G1 X291.538 Y291.838 E1798.62343
;WIPE_START
G1 F600
G1 X298.538 Y291.833 E-10
;WIPE_END
G1 Z104 F15000
G1 X293.984 Y391.908 Z104
G1 Z103
G1 E17 F9000
;TYPE:Sparse infill
;WIDTH:3.2
G1 F2779.614
G1 X293.984 Y380.396 E49.70059
G1 X380.396 Y293.984 E527.5739
G1 X391.908 Y293.984 E49.70059
;WIPE_START
G1 F600
G1 X384.908 Y293.984 E-10
;WIPE_END
G1 Z104 F15000
G1 X293.984 Y554.718 Z104
G1 Z103
M73 P29 R490
G1 E17 F9000
G1 F2779.614
G1 X293.984 Y543.206 E49.70059
G1 X543.206 Y293.984 E1521.58568
G1 X554.718 Y293.984 E49.70059
;WIPE_START
G1 F600
G1 X547.718 Y293.984 E-10
;WIPE_END
G1 Z104 F15000
G1 X706.016 Y391.908 Z104
G1 Z103
G1 E17 F9000
G1 F2779.614
G1 X706.016 Y380.396 E49.70059
G1 X619.604 Y293.984 E527.57392
G1 X608.092 Y293.984 E49.70059
;WIPE_START
G1 F600
G1 X615.092 Y293.984 E-10
;WIPE_END
G1 Z104 F15000
G1 X706.016 Y554.718 Z104
G1 Z103
G1 E17 F9000
G1 F2779.614
G1 X706.016 Y543.206 E49.70059
G1 X456.794 Y293.984 E1521.58569
G1 X445.282 Y293.984 E49.70059
;WIPE_START
G1 F600
G1 X452.282 Y293.984 E-10
;WIPE_END
G1 Z104 F15000
G1 X445.282 Y706.016 Z104
G1 Z103
G1 E17 F9000
G1 F2779.614
G1 X456.794 Y706.016 E49.70059
G1 X706.016 Y456.794 E1521.58571
G1 X706.016 Y445.282 E49.70059
;WIPE_START
G1 F600
G1 X706.016 Y452.282 E-10
;WIPE_END
G1 Z104 F15000
G1 X694.503 Y706.016 Z104
G1 Z103
G1 E17 F9000
G1 F2779.614
G1 X706.016 Y706.016 E49.70059
G1 X293.984 Y293.984 E2515.59745
G1 X305.497 Y293.984 E49.70059
;WIPE_START
G1 F600
G1 X298.497 Y293.984 E-10
;WIPE_END
G1 Z104 F15000
G1 X305.497 Y706.016 Z104
G1 Z103
G1 E17 F9000
G1 F2779.614
G1 X293.984 Y706.016 E49.70028
G1 X706.016 Y293.984 E2515.59704
G1 X694.503 Y293.984 E49.7003
M73 P29 R489
;WIPE_START
G1 F600
G1 X701.503 Y293.984 E-10
;WIPE_END
G1 Z104 F15000
G1 X608.092 Y706.016 Z104
G1 Z103
G1 E17 F9000
G1 F2779.614
G1 X619.604 Y706.016 E49.70059
G1 X706.016 Y619.604 E527.57393
G1 X706.016 Y608.092 E49.70059
;WIPE_START
G1 F600
G1 X706.016 Y615.092 E-10
;WIPE_END
G1 Z104 F15000
G1 X554.718 Y706.016 Z104
G1 Z103
G1 E17 F9000
G1 F2779.614
G1 X543.206 Y706.016 E49.70059
G1 X293.984 Y456.794 E1521.58569
G1 X293.984 Y445.282 E49.70059
;WIPE_START
G1 F600
G1 X293.984 Y452.282 E-10
;WIPE_END
G1 Z104 F15000
G1 X391.908 Y706.016 Z104
G1 Z103
G1 E17 F9000
G1 F2779.614
G1 X380.396 Y706.016 E49.70059
G1 X293.984 Y619.604 E527.57392
G1 X293.984 Y608.092 E49.70059
; stop printing object Cube id:0 copy 0
;LAYER_CHANGE
;Z:104.5
;HEIGHT:1.5
;BEFORE_LAYER_CHANGE
;104.5
G92 E0

EXCLUDE_OBJECT_END NAME=Cube_id_0_copy_0
;AFTER_LAYER_CHANGE
;104.5
;_SET_FAN_SPEED_CHANGING_LAYER
; printing object Cube id:0 copy 0
;WIPE_START
G1 F600
G1 X293.984 Y615.092 E-10
;WIPE_END
EXCLUDE_OBJECT_START NAME=Cube_id_0_copy_0
G1 Z105.5 F15000
G1 X291.538 Y708.462 Z105.5
G1 Z104.5
G1 E17 F9000
;TYPE:Outer wall
;WIDTH:3.2
G1 F2779.615
G1 X291.538 Y291.538 E1799.91857
G1 X708.462 Y291.538 E1799.91857
M73 P30 R489
G1 X708.462 Y708.462 E1799.91857
G1 X291.838 Y708.462 E1798.62343
M73 P30 R488
;WIPE_START
G1 F600
G1 X291.833 Y701.462 E-10
;WIPE_END
G1 Z105.5 F15000
G1 X293.984 Y608.092 Z105.5
G1 Z104.5
G1 E17 F9000
;TYPE:Sparse infill
;WIDTH:3.2
G1 F2779.614
G1 X293.984 Y619.604 E49.70059
G1 X380.396 Y706.016 E527.57392
G1 X391.908 Y706.016 E49.70059
;WIPE_START
G1 F600
G1 X384.908 Y706.016 E-10
;WIPE_END
G1 Z105.5 F15000
G1 X293.984 Y445.282 Z105.5
G1 Z104.5
G1 E17 F9000
G1 F2779.614
G1 X293.984 Y456.794 E49.70059
G1 X543.206 Y706.016 E1521.58569
G1 X554.718 Y706.016 E49.70059
;WIPE_START
G1 F600
G1 X547.718 Y706.016 E-10
;WIPE_END
G1 Z105.5 F15000
G1 X706.016 Y608.092 Z105.5
G1 Z104.5
G1 E17 F9000
G1 F2779.614
G1 X706.016 Y619.604 E49.70059
G1 X619.604 Y706.016 E527.57393
G1 X608.092 Y706.016 E49.70059
;WIPE_START
G1 F600
G1 X615.092 Y706.016 E-10
;WIPE_END
G1 Z105.5 F15000
G1 X706.016 Y445.282 Z105.5
G1 Z104.5
G1 E17 F9000
G1 F2779.614
G1 X706.016 Y456.794 E49.70059
G1 X456.794 Y706.016 E1521.58571
G1 X445.282 Y706.016 E49.70059
;WIPE_START
G1 F600
G1 X452.282 Y706.016 E-10
;WIPE_END
G1 Z105.5 F15000
G1 X445.282 Y293.984 Z105.5
G1 Z104.5
G1 E17 F9000
G1 F2779.614
G1 X456.794 Y293.984 E49.70059
G1 X706.016 Y543.206 E1521.58569
G1 X706.016 Y554.718 E49.70059
;WIPE_START
G1 F600
G1 X706.016 Y547.718 E-10
;WIPE_END
G1 Z105.5 F15000
G1 X694.503 Y293.984 Z105.5
G1 Z104.5
G1 E17 F9000
G1 F2779.614
G1 X706.016 Y293.984 E49.7003
G1 X293.984 Y706.016 E2515.59704
M73 P30 R487
G1 X305.497 Y706.016 E49.70028
;WIPE_START
G1 F600
G1 X298.497 Y706.016 E-10
;WIPE_END
G1 Z105.5 F15000
G1 X305.497 Y293.984 Z105.5
G1 Z104.5
G1 E17 F9000
G1 F2779.614
G1 X293.984 Y293.984 E49.70059
G1 X706.016 Y706.016 E2515.59745
G1 X694.503 Y706.016 E49.70059
;WIPE_START
G1 F600
G1 X701.503 Y706.016 E-10
;WIPE_END
G1 Z105.5 F15000
G1 X608.092 Y293.984 Z105.5
G1 Z104.5
G1 E17 F9000
G1 F2779.614
G1 X619.604 Y293.984 E49.70059
G1 X706.016 Y380.396 E527.57392
G1 X706.016 Y391.908 E49.70059
;WIPE_START
G1 F600
G1 X706.016 Y384.908 E-10
;WIPE_END
G1 Z105.5 F15000
G1 X554.718 Y293.984 Z105.5
G1 Z104.5
G1 E17 F9000
G1 F2779.614
G1 X543.206 Y293.984 E49.70059
G1 X293.984 Y543.206 E1521.58568
G1 X293.984 Y554.718 E49.70059
;WIPE_START
G1 F600
G1 X293.984 Y547.718 E-10
;WIPE_END
G1 Z105.5 F15000
G1 X391.908 Y293.984 Z105.5
G1 Z104.5
G1 E17 F9000
G1 F2779.614
G1 X380.396 Y293.984 E49.70059
G1 X293.984 Y380.396 E527.5739
G1 X293.984 Y391.908 E49.70059
; stop printing object Cube id:0 copy 0
;LAYER_CHANGE
;Z:106
;HEIGHT:1.5
;BEFORE_LAYER_CHANGE
;106
G92 E0

EXCLUDE_OBJECT_END NAME=Cube_id_0_copy_0
;AFTER_LAYER_CHANGE
;106
;_SET_FAN_SPEED_CHANGING_LAYER
; printing object Cube id:0 copy 0
;WIPE_START
G1 F600
G1 X293.984 Y384.908 E-10
;WIPE_END
EXCLUDE_OBJECT_START NAME=Cube_id_0_copy_0
G1 Z107 F15000
G1 X291.538 Y291.538 Z107
G1 Z106
G1 E17 F9000
;TYPE:Outer wall
;WIDTH:3.2
G1 F2779.615
G1 X708.462 Y291.538 E1799.91857
G1 X708.462 Y708.462 E1799.91857
M73 P30 R486
G1 X291.538 Y708.462 E1799.91857
G1 X291.538 Y291.838 E1798.62343
;WIPE_START
G1 F600
G1 X298.538 Y291.833 E-10
;WIPE_END
G1 Z107 F15000
G1 X293.984 Y391.908 Z107
G1 Z106
G1 E17 F9000
;TYPE:Sparse infill
;WIDTH:3.2
G1 F2779.614
G1 X293.984 Y380.396 E49.70059
G1 X380.396 Y293.984 E527.5739
G1 X391.908 Y293.984 E49.70059
;WIPE_START
G1 F600
G1 X384.908 Y293.984 E-10
;WIPE_END
G1 Z107 F15000
G1 X293.984 Y554.718 Z107
G1 Z106
G1 E17 F9000
G1 F2779.614
G1 X293.984 Y543.206 E49.70059
G1 X543.206 Y293.984 E1521.58568
G1 X554.718 Y293.984 E49.70059
;WIPE_START
G1 F600
G1 X547.718 Y293.984 E-10
;WIPE_END
G1 Z107 F15000
G1 X706.016 Y391.908 Z107
G1 Z106
G1 E17 F9000
G1 F2779.614
G1 X706.016 Y380.396 E49.70059
G1 X619.604 Y293.984 E527.57392
G1 X608.092 Y293.984 E49.70059
;WIPE_START
G1 F600
G1 X615.092 Y293.984 E-10
;WIPE_END
G1 Z107 F15000
G1 X706.016 Y554.718 Z107
G1 Z106
G1 E17 F9000
G1 F2779.614
G1 X706.016 Y543.206 E49.70059
G1 X456.794 Y293.984 E1521.58569
G1 X445.282 Y293.984 E49.70059
M73 P30 R485
;WIPE_START
G1 F600
G1 X452.282 Y293.984 E-10
;WIPE_END
G1 Z107 F15000
G1 X445.282 Y706.016 Z107
G1 Z106
G1 E17 F9000
G1 F2779.614
G1 X456.794 Y706.016 E49.70059
G1 X706.016 Y456.794 E1521.58571
G1 X706.016 Y445.282 E49.70059
;WIPE_START
G1 F600
G1 X706.016 Y452.282 E-10
;WIPE_END
G1 Z107 F15000
G1 X694.503 Y706.016 Z107
G1 Z106
G1 E17 F9000
G1 F2779.614
G1 X706.016 Y706.016 E49.70059
G1 X293.984 Y293.984 E2515.59745
G1 X305.497 Y293.984 E49.70059
;WIPE_START
G1 F600
G1 X298.497 Y293.984 E-10
;WIPE_END
G1 Z107 F15000
G1 X305.497 Y706.016 Z107
G1 Z106
G1 E17 F9000
G1 F2779.614
G1 X293.984 Y706.016 E49.70028
G1 X706.016 Y293.984 E2515.59704
G1 X694.503 Y293.984 E49.7003
;WIPE_START
G1 F600
G1 X701.503 Y293.984 E-10
;WIPE_END
G1 Z107 F15000
G1 X608.092 Y706.016 Z107
G1 Z106
G1 E17 F9000
G1 F2779.614
G1 X619.604 Y706.016 E49.70059
G1 X706.016 Y619.604 E527.57393
G1 X706.016 Y608.092 E49.70059
;WIPE_START
G1 F600
G1 X706.016 Y615.092 E-10
;WIPE_END
G1 Z107 F15000
G1 X554.718 Y706.016 Z107
G1 Z106
G1 E17 F9000
G1 F2779.614
G1 X543.206 Y706.016 E49.70059
G1 X293.984 Y456.794 E1521.58569
G1 X293.984 Y445.282 E49.70059
M73 P30 R484
;WIPE_START
G1 F600
G1 X293.984 Y452.282 E-10
;WIPE_END
G1 Z107 F15000
G1 X391.908 Y706.016 Z107
G1 Z106
G1 E17 F9000
G1 F2779.614
G1 X380.396 Y706.016 E49.70059
G1 X293.984 Y619.604 E527.57392
G1 X293.984 Y608.092 E49.70059
; stop printing object Cube id:0 copy 0
;LAYER_CHANGE
;Z:107.5
;HEIGHT:1.5
;BEFORE_LAYER_CHANGE
;107.5
G92 E0

EXCLUDE_OBJECT_END NAME=Cube_id_0_copy_0
;AFTER_LAYER_CHANGE
;107.5
;_SET_FAN_SPEED_CHANGING_LAYER
; printing object Cube id:0 copy 0
;WIPE_START
G1 F600
G1 X293.984 Y615.092 E-10
;WIPE_END
EXCLUDE_OBJECT_START NAME=Cube_id_0_copy_0
G1 Z108.5 F15000
G1 X291.538 Y708.462 Z108.5
G1 Z107.5
G1 E17 F9000
;TYPE:Outer wall
;WIDTH:3.2
G1 F2779.615
G1 X291.538 Y291.538 E1799.91857
G1 X708.462 Y291.538 E1799.91857
G1 X708.462 Y708.462 E1799.91857
G1 X291.838 Y708.462 E1798.62343
;WIPE_START
G1 F600
G1 X291.833 Y701.462 E-10
;WIPE_END
G1 Z108.5 F15000
G1 X293.984 Y608.092 Z108.5
G1 Z107.5
G1 E17 F9000
;TYPE:Sparse infill
;WIDTH:3.2
G1 F2779.614
G1 X293.984 Y619.604 E49.70059
G1 X380.396 Y706.016 E527.57392
G1 X391.908 Y706.016 E49.70059
;WIPE_START
G1 F600
G1 X384.908 Y706.016 E-10
;WIPE_END
G1 Z108.5 F15000
G1 X293.984 Y445.282 Z108.5
G1 Z107.5
G1 E17 F9000
G1 F2779.614
G1 X293.984 Y456.794 E49.70059
G1 X543.206 Y706.016 E1521.58569
G1 X554.718 Y706.016 E49.70059
M73 P30 R483
;WIPE_START
G1 F600
G1 X547.718 Y706.016 E-10
;WIPE_END
G1 Z108.5 F15000
G1 X706.016 Y608.092 Z108.5
G1 Z107.5
G1 E17 F9000
G1 F2779.614
G1 X706.016 Y619.604 E49.70059
G1 X619.604 Y706.016 E527.57393
G1 X608.092 Y706.016 E49.70059
;WIPE_START
G1 F600
G1 X615.092 Y706.016 E-10
;WIPE_END
G1 Z108.5 F15000
G1 X706.016 Y445.282 Z108.5
G1 Z107.5
G1 E17 F9000
G1 F2779.614
G1 X706.016 Y456.794 E49.70059
G1 X456.794 Y706.016 E1521.58571
G1 X445.282 Y706.016 E49.70059
;WIPE_START
G1 F600
G1 X452.282 Y706.016 E-10
;WIPE_END
G1 Z108.5 F15000
G1 X445.282 Y293.984 Z108.5
G1 Z107.5
G1 E17 F9000
G1 F2779.614
G1 X456.794 Y293.984 E49.70059
G1 X706.016 Y543.206 E1521.58569
G1 X706.016 Y554.718 E49.70059
;WIPE_START
G1 F600
G1 X706.016 Y547.718 E-10
;WIPE_END
G1 Z108.5 F15000
G1 X694.503 Y293.984 Z108.5
G1 Z107.5
G1 E17 F9000
G1 F2779.614
G1 X706.016 Y293.984 E49.7003
G1 X293.984 Y706.016 E2515.59704
G1 X305.497 Y706.016 E49.70028
;WIPE_START
G1 F600
G1 X298.497 Y706.016 E-10
;WIPE_END
G1 Z108.5 F15000
G1 X305.497 Y293.984 Z108.5
G1 Z107.5
G1 E17 F9000
G1 F2779.614
G1 X293.984 Y293.984 E49.70059
G1 X706.016 Y706.016 E2515.59745
G1 X694.503 Y706.016 E49.70059
M73 P30 R482
;WIPE_START
G1 F600
G1 X701.503 Y706.016 E-10
;WIPE_END
G1 Z108.5 F15000
G1 X608.092 Y293.984 Z108.5
G1 Z107.5
G1 E17 F9000
G1 F2779.614
G1 X619.604 Y293.984 E49.70059
G1 X706.016 Y380.396 E527.57392
G1 X706.016 Y391.908 E49.70059
;WIPE_START
G1 F600
G1 X706.016 Y384.908 E-10
;WIPE_END
G1 Z108.5 F15000
G1 X554.718 Y293.984 Z108.5
G1 Z107.5
G1 E17 F9000
G1 F2779.614
G1 X543.206 Y293.984 E49.70059
G1 X293.984 Y543.206 E1521.58568
G1 X293.984 Y554.718 E49.70059
;WIPE_START
G1 F600
G1 X293.984 Y547.718 E-10
;WIPE_END
G1 Z108.5 F15000
G1 X391.908 Y293.984 Z108.5
G1 Z107.5
G1 E17 F9000
G1 F2779.614
G1 X380.396 Y293.984 E49.70059
G1 X293.984 Y380.396 E527.5739
G1 X293.984 Y391.908 E49.70059
; stop printing object Cube id:0 copy 0
;LAYER_CHANGE
;Z:109
;HEIGHT:1.5
;BEFORE_LAYER_CHANGE
;109
G92 E0

EXCLUDE_OBJECT_END NAME=Cube_id_0_copy_0
;AFTER_LAYER_CHANGE
;109
;_SET_FAN_SPEED_CHANGING_LAYER
; printing object Cube id:0 copy 0
;WIPE_START
G1 F600
G1 X293.984 Y384.908 E-10
;WIPE_END
EXCLUDE_OBJECT_START NAME=Cube_id_0_copy_0
G1 Z110 F15000
G1 X291.538 Y291.538 Z110
G1 Z109
G1 E17 F9000
;TYPE:Outer wall
;WIDTH:3.2
G1 F2779.615
G1 X708.462 Y291.538 E1799.91857
G1 X708.462 Y708.462 E1799.91857
M73 P31 R482
G1 X291.538 Y708.462 E1799.91857
G1 X291.538 Y291.838 E1798.62343
M73 P31 R481
;WIPE_START
G1 F600
G1 X298.538 Y291.833 E-10
;WIPE_END
G1 Z110 F15000
G1 X293.984 Y391.908 Z110
G1 Z109
G1 E17 F9000
;TYPE:Sparse infill
;WIDTH:3.2
G1 F2779.614
G1 X293.984 Y380.396 E49.70059
G1 X380.396 Y293.984 E527.5739
G1 X391.908 Y293.984 E49.70059
;WIPE_START
G1 F600
G1 X384.908 Y293.984 E-10
;WIPE_END
G1 Z110 F15000
G1 X293.984 Y554.718 Z110
G1 Z109
G1 E17 F9000
G1 F2779.614
G1 X293.984 Y543.206 E49.70059
G1 X543.206 Y293.984 E1521.58568
G1 X554.718 Y293.984 E49.70059
;WIPE_START
G1 F600
G1 X547.718 Y293.984 E-10
;WIPE_END
G1 Z110 F15000
G1 X706.016 Y391.908 Z110
G1 Z109
G1 E17 F9000
G1 F2779.614
G1 X706.016 Y380.396 E49.70059
G1 X619.604 Y293.984 E527.57392
G1 X608.092 Y293.984 E49.70059
;WIPE_START
G1 F600
G1 X615.092 Y293.984 E-10
;WIPE_END
G1 Z110 F15000
G1 X706.016 Y554.718 Z110
G1 Z109
G1 E17 F9000
G1 F2779.614
G1 X706.016 Y543.206 E49.70059
G1 X456.794 Y293.984 E1521.58569
G1 X445.282 Y293.984 E49.70059
;WIPE_START
G1 F600
G1 X452.282 Y293.984 E-10
;WIPE_END
G1 Z110 F15000
G1 X445.282 Y706.016 Z110
G1 Z109
G1 E17 F9000
G1 F2779.614
G1 X456.794 Y706.016 E49.70059
G1 X706.016 Y456.794 E1521.58571
G1 X706.016 Y445.282 E49.70059
;WIPE_START
G1 F600
G1 X706.016 Y452.282 E-10
;WIPE_END
G1 Z110 F15000
G1 X694.503 Y706.016 Z110
G1 Z109
G1 E17 F9000
G1 F2779.614
G1 X706.016 Y706.016 E49.70059
G1 X293.984 Y293.984 E2515.59745
G1 X305.497 Y293.984 E49.70059
M73 P31 R480
;WIPE_START
G1 F600
G1 X298.497 Y293.984 E-10
;WIPE_END
G1 Z110 F15000
G1 X305.497 Y706.016 Z110
G1 Z109
G1 E17 F9000
G1 F2779.614
G1 X293.984 Y706.016 E49.70028
G1 X706.016 Y293.984 E2515.59704
G1 X694.503 Y293.984 E49.7003
;WIPE_START
G1 F600
G1 X701.503 Y293.984 E-10
;WIPE_END
G1 Z110 F15000
G1 X608.092 Y706.016 Z110
G1 Z109
G1 E17 F9000
G1 F2779.614
G1 X619.604 Y706.016 E49.70059
G1 X706.016 Y619.604 E527.57393
G1 X706.016 Y608.092 E49.70059
;WIPE_START
G1 F600
G1 X706.016 Y615.092 E-10
;WIPE_END
G1 Z110 F15000
G1 X554.718 Y706.016 Z110
G1 Z109
G1 E17 F9000
G1 F2779.614
G1 X543.206 Y706.016 E49.70059
G1 X293.984 Y456.794 E1521.58569
G1 X293.984 Y445.282 E49.70059
;WIPE_START
G1 F600
G1 X293.984 Y452.282 E-10
;WIPE_END
G1 Z110 F15000
G1 X391.908 Y706.016 Z110
G1 Z109
G1 E17 F9000
G1 F2779.614
G1 X380.396 Y706.016 E49.70059
G1 X293.984 Y619.604 E527.57392
G1 X293.984 Y608.092 E49.70059
; stop printing object Cube id:0 copy 0
;LAYER_CHANGE
;Z:110.5
;HEIGHT:1.5
;BEFORE_LAYER_CHANGE
;110.5
G92 E0

EXCLUDE_OBJECT_END NAME=Cube_id_0_copy_0
;AFTER_LAYER_CHANGE
;110.5
;_SET_FAN_SPEED_CHANGING_LAYER
; printing object Cube id:0 copy 0
;WIPE_START
G1 F600
G1 X293.984 Y615.092 E-10
;WIPE_END
EXCLUDE_OBJECT_START NAME=Cube_id_0_copy_0
G1 Z111.5 F15000
G1 X291.538 Y708.462 Z111.5
G1 Z110.5
G1 E17 F9000
;TYPE:Outer wall
;WIDTH:3.2
G1 F2779.615
G1 X291.538 Y291.538 E1799.91857
G1 X708.462 Y291.538 E1799.91857
M73 P31 R479
G1 X708.462 Y708.462 E1799.91857
G1 X291.838 Y708.462 E1798.62343
;WIPE_START
G1 F600
G1 X291.833 Y701.462 E-10
;WIPE_END
G1 Z111.5 F15000
G1 X293.984 Y608.092 Z111.5
G1 Z110.5
G1 E17 F9000
;TYPE:Sparse infill
;WIDTH:3.2
G1 F2779.614
G1 X293.984 Y619.604 E49.70059
G1 X380.396 Y706.016 E527.57392
G1 X391.908 Y706.016 E49.70059
;WIPE_START
G1 F600
G1 X384.908 Y706.016 E-10
;WIPE_END
G1 Z111.5 F15000
G1 X293.984 Y445.282 Z111.5
G1 Z110.5
G1 E17 F9000
G1 F2779.614
G1 X293.984 Y456.794 E49.70059
G1 X543.206 Y706.016 E1521.58569
G1 X554.718 Y706.016 E49.70059
;WIPE_START
G1 F600
G1 X547.718 Y706.016 E-10
;WIPE_END
G1 Z111.5 F15000
G1 X706.016 Y608.092 Z111.5
G1 Z110.5
G1 E17 F9000
G1 F2779.614
G1 X706.016 Y619.604 E49.70059
G1 X619.604 Y706.016 E527.57393
G1 X608.092 Y706.016 E49.70059
;WIPE_START
G1 F600
G1 X615.092 Y706.016 E-10
;WIPE_END
G1 Z111.5 F15000
G1 X706.016 Y445.282 Z111.5
G1 Z110.5
G1 E17 F9000
G1 F2779.614
G1 X706.016 Y456.794 E49.70059
G1 X456.794 Y706.016 E1521.58571
G1 X445.282 Y706.016 E49.70059
M73 P31 R478
;WIPE_START
G1 F600
G1 X452.282 Y706.016 E-10
;WIPE_END
G1 Z111.5 F15000
G1 X445.282 Y293.984 Z111.5
G1 Z110.5
G1 E17 F9000
G1 F2779.614
G1 X456.794 Y293.984 E49.70059
G1 X706.016 Y543.206 E1521.58569
G1 X706.016 Y554.718 E49.70059
;WIPE_START
G1 F600
G1 X706.016 Y547.718 E-10
;WIPE_END
G1 Z111.5 F15000
G1 X694.503 Y293.984 Z111.5
G1 Z110.5
G1 E17 F9000
G1 F2779.614
G1 X706.016 Y293.984 E49.7003
G1 X293.984 Y706.016 E2515.59704
G1 X305.497 Y706.016 E49.70028
;WIPE_START
G1 F600
G1 X298.497 Y706.016 E-10
;WIPE_END
G1 Z111.5 F15000
G1 X305.497 Y293.984 Z111.5
G1 Z110.5
G1 E17 F9000
G1 F2779.614
G1 X293.984 Y293.984 E49.70059
G1 X706.016 Y706.016 E2515.59745
G1 X694.503 Y706.016 E49.70059
;WIPE_START
G1 F600
G1 X701.503 Y706.016 E-10
;WIPE_END
G1 Z111.5 F15000
G1 X608.092 Y293.984 Z111.5
G1 Z110.5
G1 E17 F9000
G1 F2779.614
G1 X619.604 Y293.984 E49.70059
G1 X706.016 Y380.396 E527.57392
G1 X706.016 Y391.908 E49.70059
;WIPE_START
G1 F600
G1 X706.016 Y384.908 E-10
;WIPE_END
G1 Z111.5 F15000
G1 X554.718 Y293.984 Z111.5
G1 Z110.5
G1 E17 F9000
G1 F2779.614
G1 X543.206 Y293.984 E49.70059
G1 X293.984 Y543.206 E1521.58568
G1 X293.984 Y554.718 E49.70059
M73 P31 R477
;WIPE_START
G1 F600
G1 X293.984 Y547.718 E-10
;WIPE_END
G1 Z111.5 F15000
G1 X391.908 Y293.984 Z111.5
G1 Z110.5
G1 E17 F9000
G1 F2779.614
G1 X380.396 Y293.984 E49.70059
G1 X293.984 Y380.396 E527.5739
G1 X293.984 Y391.908 E49.70059
; stop printing object Cube id:0 copy 0
;LAYER_CHANGE
;Z:112
;HEIGHT:1.5
;BEFORE_LAYER_CHANGE
;112
G92 E0

EXCLUDE_OBJECT_END NAME=Cube_id_0_copy_0
;AFTER_LAYER_CHANGE
;112
;_SET_FAN_SPEED_CHANGING_LAYER
; printing object Cube id:0 copy 0
;WIPE_START
G1 F600
G1 X293.984 Y384.908 E-10
;WIPE_END
EXCLUDE_OBJECT_START NAME=Cube_id_0_copy_0
G1 Z113 F15000
G1 X291.538 Y291.538 Z113
G1 Z112
G1 E17 F9000
;TYPE:Outer wall
;WIDTH:3.2
G1 F2779.615
G1 X708.462 Y291.538 E1799.91857
G1 X708.462 Y708.462 E1799.91857
G1 X291.538 Y708.462 E1799.91857
G1 X291.538 Y291.838 E1798.62343
;WIPE_START
G1 F600
G1 X298.538 Y291.833 E-10
;WIPE_END
G1 Z113 F15000
G1 X293.984 Y391.908 Z113
G1 Z112
G1 E17 F9000
;TYPE:Sparse infill
;WIDTH:3.2
G1 F2779.614
G1 X293.984 Y380.396 E49.70059
G1 X380.396 Y293.984 E527.5739
G1 X391.908 Y293.984 E49.70059
;WIPE_START
G1 F600
G1 X384.908 Y293.984 E-10
;WIPE_END
G1 Z113 F15000
G1 X293.984 Y554.718 Z113
G1 Z112
G1 E17 F9000
G1 F2779.614
G1 X293.984 Y543.206 E49.70059
G1 X543.206 Y293.984 E1521.58568
G1 X554.718 Y293.984 E49.70059
M73 P31 R476
;WIPE_START
G1 F600
G1 X547.718 Y293.984 E-10
;WIPE_END
G1 Z113 F15000
G1 X706.016 Y391.908 Z113
G1 Z112
G1 E17 F9000
G1 F2779.614
G1 X706.016 Y380.396 E49.70059
G1 X619.604 Y293.984 E527.57392
G1 X608.092 Y293.984 E49.70059
;WIPE_START
G1 F600
G1 X615.092 Y293.984 E-10
;WIPE_END
G1 Z113 F15000
G1 X706.016 Y554.718 Z113
G1 Z112
G1 E17 F9000
G1 F2779.614
G1 X706.016 Y543.206 E49.70059
G1 X456.794 Y293.984 E1521.58569
G1 X445.282 Y293.984 E49.70059
;WIPE_START
G1 F600
G1 X452.282 Y293.984 E-10
;WIPE_END
G1 Z113 F15000
G1 X445.282 Y706.016 Z113
G1 Z112
G1 E17 F9000
G1 F2779.614
G1 X456.794 Y706.016 E49.70059
G1 X706.016 Y456.794 E1521.58571
G1 X706.016 Y445.282 E49.70059
;WIPE_START
G1 F600
G1 X706.016 Y452.282 E-10
;WIPE_END
G1 Z113 F15000
G1 X694.503 Y706.016 Z113
G1 Z112
G1 E17 F9000
G1 F2779.614
G1 X706.016 Y706.016 E49.70059
G1 X293.984 Y293.984 E2515.59745
G1 X305.497 Y293.984 E49.70059
;WIPE_START
G1 F600
G1 X298.497 Y293.984 E-10
;WIPE_END
G1 Z113 F15000
G1 X305.497 Y706.016 Z113
G1 Z112
G1 E17 F9000
G1 F2779.614
G1 X293.984 Y706.016 E49.70028
G1 X706.016 Y293.984 E2515.59704
G1 X694.503 Y293.984 E49.7003
M73 P31 R475
;WIPE_START
G1 F600
G1 X701.503 Y293.984 E-10
;WIPE_END
G1 Z113 F15000
G1 X608.092 Y706.016 Z113
G1 Z112
G1 E17 F9000
G1 F2779.614
G1 X619.604 Y706.016 E49.70059
G1 X706.016 Y619.604 E527.57393
G1 X706.016 Y608.092 E49.70059
;WIPE_START
G1 F600
G1 X706.016 Y615.092 E-10
;WIPE_END
G1 Z113 F15000
G1 X554.718 Y706.016 Z113
G1 Z112
G1 E17 F9000
G1 F2779.614
G1 X543.206 Y706.016 E49.70059
G1 X293.984 Y456.794 E1521.58569
G1 X293.984 Y445.282 E49.70059
;WIPE_START
G1 F600
G1 X293.984 Y452.282 E-10
;WIPE_END
G1 Z113 F15000
G1 X391.908 Y706.016 Z113
G1 Z112
G1 E17 F9000
G1 F2779.614
G1 X380.396 Y706.016 E49.70059
G1 X293.984 Y619.604 E527.57392
G1 X293.984 Y608.092 E49.70059
; stop printing object Cube id:0 copy 0
;LAYER_CHANGE
;Z:113.5
;HEIGHT:1.5
;BEFORE_LAYER_CHANGE
;113.5
G92 E0

EXCLUDE_OBJECT_END NAME=Cube_id_0_copy_0
;AFTER_LAYER_CHANGE
;113.5
;_SET_FAN_SPEED_CHANGING_LAYER
; printing object Cube id:0 copy 0
;WIPE_START
G1 F600
G1 X293.984 Y615.092 E-10
;WIPE_END
EXCLUDE_OBJECT_START NAME=Cube_id_0_copy_0
G1 Z114.5 F15000
G1 X291.538 Y708.462 Z114.5
G1 Z113.5
G1 E17 F9000
;TYPE:Outer wall
;WIDTH:3.2
G1 F2779.615
G1 X291.538 Y291.538 E1799.91857
G1 X708.462 Y291.538 E1799.91857
M73 P32 R475
G1 X708.462 Y708.462 E1799.91857
G1 X291.838 Y708.462 E1798.62343
;WIPE_START
G1 F600
M73 P32 R474
G1 X291.833 Y701.462 E-10
;WIPE_END
G1 Z114.5 F15000
G1 X293.984 Y608.092 Z114.5
G1 Z113.5
G1 E17 F9000
;TYPE:Sparse infill
;WIDTH:3.2
G1 F2779.614
G1 X293.984 Y619.604 E49.70059
G1 X380.396 Y706.016 E527.57392
G1 X391.908 Y706.016 E49.70059
;WIPE_START
G1 F600
G1 X384.908 Y706.016 E-10
;WIPE_END
G1 Z114.5 F15000
G1 X293.984 Y445.282 Z114.5
G1 Z113.5
G1 E17 F9000
G1 F2779.614
G1 X293.984 Y456.794 E49.70059
G1 X543.206 Y706.016 E1521.58569
G1 X554.718 Y706.016 E49.70059
;WIPE_START
G1 F600
G1 X547.718 Y706.016 E-10
;WIPE_END
G1 Z114.5 F15000
G1 X706.016 Y608.092 Z114.5
G1 Z113.5
G1 E17 F9000
G1 F2779.614
G1 X706.016 Y619.604 E49.70059
G1 X619.604 Y706.016 E527.57393
G1 X608.092 Y706.016 E49.70059
;WIPE_START
G1 F600
G1 X615.092 Y706.016 E-10
;WIPE_END
G1 Z114.5 F15000
G1 X706.016 Y445.282 Z114.5
G1 Z113.5
G1 E17 F9000
G1 F2779.614
G1 X706.016 Y456.794 E49.70059
G1 X456.794 Y706.016 E1521.58571
G1 X445.282 Y706.016 E49.70059
;WIPE_START
G1 F600
G1 X452.282 Y706.016 E-10
;WIPE_END
G1 Z114.5 F15000
G1 X445.282 Y293.984 Z114.5
G1 Z113.5
G1 E17 F9000
G1 F2779.614
G1 X456.794 Y293.984 E49.70059
G1 X706.016 Y543.206 E1521.58569
G1 X706.016 Y554.718 E49.70059
;WIPE_START
G1 F600
G1 X706.016 Y547.718 E-10
;WIPE_END
G1 Z114.5 F15000
G1 X694.503 Y293.984 Z114.5
G1 Z113.5
G1 E17 F9000
G1 F2779.614
G1 X706.016 Y293.984 E49.7003
G1 X293.984 Y706.016 E2515.59704
G1 X305.497 Y706.016 E49.70028
M73 P32 R473
;WIPE_START
G1 F600
G1 X298.497 Y706.016 E-10
;WIPE_END
G1 Z114.5 F15000
G1 X305.497 Y293.984 Z114.5
G1 Z113.5
G1 E17 F9000
G1 F2779.614
G1 X293.984 Y293.984 E49.70059
G1 X706.016 Y706.016 E2515.59745
G1 X694.503 Y706.016 E49.70059
;WIPE_START
G1 F600
G1 X701.503 Y706.016 E-10
;WIPE_END
G1 Z114.5 F15000
G1 X608.092 Y293.984 Z114.5
G1 Z113.5
G1 E17 F9000
G1 F2779.614
G1 X619.604 Y293.984 E49.70059
G1 X706.016 Y380.396 E527.57392
G1 X706.016 Y391.908 E49.70059
;WIPE_START
G1 F600
G1 X706.016 Y384.908 E-10
;WIPE_END
G1 Z114.5 F15000
G1 X554.718 Y293.984 Z114.5
G1 Z113.5
G1 E17 F9000
G1 F2779.614
G1 X543.206 Y293.984 E49.70059
G1 X293.984 Y543.206 E1521.58568
G1 X293.984 Y554.718 E49.70059
;WIPE_START
G1 F600
G1 X293.984 Y547.718 E-10
;WIPE_END
G1 Z114.5 F15000
G1 X391.908 Y293.984 Z114.5
G1 Z113.5
G1 E17 F9000
G1 F2779.614
G1 X380.396 Y293.984 E49.70059
G1 X293.984 Y380.396 E527.5739
G1 X293.984 Y391.908 E49.70059
; stop printing object Cube id:0 copy 0
;LAYER_CHANGE
;Z:115
;HEIGHT:1.5
;BEFORE_LAYER_CHANGE
;115
G92 E0

EXCLUDE_OBJECT_END NAME=Cube_id_0_copy_0
;AFTER_LAYER_CHANGE
;115
;_SET_FAN_SPEED_CHANGING_LAYER
; printing object Cube id:0 copy 0
;WIPE_START
G1 F600
G1 X293.984 Y384.908 E-10
;WIPE_END
EXCLUDE_OBJECT_START NAME=Cube_id_0_copy_0
G1 Z116 F15000
G1 X291.538 Y291.538 Z116
G1 Z115
G1 E17 F9000
;TYPE:Outer wall
;WIDTH:3.2
G1 F2779.615
G1 X708.462 Y291.538 E1799.91857
G1 X708.462 Y708.462 E1799.91857
G1 X291.538 Y708.462 E1799.91857
M73 P32 R472
G1 X291.538 Y291.838 E1798.62343
;WIPE_START
G1 F600
G1 X298.538 Y291.833 E-10
;WIPE_END
G1 Z116 F15000
G1 X293.984 Y391.908 Z116
G1 Z115
G1 E17 F9000
;TYPE:Sparse infill
;WIDTH:3.2
G1 F2779.614
G1 X293.984 Y380.396 E49.70059
G1 X380.396 Y293.984 E527.5739
G1 X391.908 Y293.984 E49.70059
;WIPE_START
G1 F600
G1 X384.908 Y293.984 E-10
;WIPE_END
G1 Z116 F15000
G1 X293.984 Y554.718 Z116
G1 Z115
G1 E17 F9000
G1 F2779.614
G1 X293.984 Y543.206 E49.70059
G1 X543.206 Y293.984 E1521.58568
G1 X554.718 Y293.984 E49.70059
;WIPE_START
G1 F600
G1 X547.718 Y293.984 E-10
;WIPE_END
G1 Z116 F15000
G1 X706.016 Y391.908 Z116
G1 Z115
G1 E17 F9000
G1 F2779.614
G1 X706.016 Y380.396 E49.70059
G1 X619.604 Y293.984 E527.57392
G1 X608.092 Y293.984 E49.70059
;WIPE_START
G1 F600
G1 X615.092 Y293.984 E-10
;WIPE_END
G1 Z116 F15000
G1 X706.016 Y554.718 Z116
G1 Z115
G1 E17 F9000
G1 F2779.614
G1 X706.016 Y543.206 E49.70059
G1 X456.794 Y293.984 E1521.58569
G1 X445.282 Y293.984 E49.70059
;WIPE_START
G1 F600
M73 P32 R471
G1 X452.282 Y293.984 E-10
;WIPE_END
G1 Z116 F15000
G1 X445.282 Y706.016 Z116
G1 Z115
G1 E17 F9000
G1 F2779.614
G1 X456.794 Y706.016 E49.70059
G1 X706.016 Y456.794 E1521.58571
G1 X706.016 Y445.282 E49.70059
;WIPE_START
G1 F600
G1 X706.016 Y452.282 E-10
;WIPE_END
G1 Z116 F15000
G1 X694.503 Y706.016 Z116
G1 Z115
G1 E17 F9000
G1 F2779.614
G1 X706.016 Y706.016 E49.70059
G1 X293.984 Y293.984 E2515.59745
G1 X305.497 Y293.984 E49.70059
;WIPE_START
G1 F600
G1 X298.497 Y293.984 E-10
;WIPE_END
G1 Z116 F15000
G1 X305.497 Y706.016 Z116
G1 Z115
G1 E17 F9000
G1 F2779.614
G1 X293.984 Y706.016 E49.70028
G1 X706.016 Y293.984 E2515.59704
G1 X694.503 Y293.984 E49.7003
;WIPE_START
G1 F600
G1 X701.503 Y293.984 E-10
;WIPE_END
G1 Z116 F15000
G1 X608.092 Y706.016 Z116
G1 Z115
G1 E17 F9000
G1 F2779.614
G1 X619.604 Y706.016 E49.70059
G1 X706.016 Y619.604 E527.57393
G1 X706.016 Y608.092 E49.70059
;WIPE_START
G1 F600
G1 X706.016 Y615.092 E-10
;WIPE_END
G1 Z116 F15000
G1 X554.718 Y706.016 Z116
G1 Z115
G1 E17 F9000
G1 F2779.614
G1 X543.206 Y706.016 E49.70059
G1 X293.984 Y456.794 E1521.58569
G1 X293.984 Y445.282 E49.70059
M73 P32 R470
;WIPE_START
G1 F600
G1 X293.984 Y452.282 E-10
;WIPE_END
G1 Z116 F15000
G1 X391.908 Y706.016 Z116
G1 Z115
G1 E17 F9000
G1 F2779.614
G1 X380.396 Y706.016 E49.70059
G1 X293.984 Y619.604 E527.57392
G1 X293.984 Y608.092 E49.70059
; stop printing object Cube id:0 copy 0
;LAYER_CHANGE
;Z:116.5
;HEIGHT:1.5
;BEFORE_LAYER_CHANGE
;116.5
G92 E0

EXCLUDE_OBJECT_END NAME=Cube_id_0_copy_0
;AFTER_LAYER_CHANGE
;116.5
;_SET_FAN_SPEED_CHANGING_LAYER
; printing object Cube id:0 copy 0
;WIPE_START
G1 F600
G1 X293.984 Y615.092 E-10
;WIPE_END
EXCLUDE_OBJECT_START NAME=Cube_id_0_copy_0
G1 Z117.5 F15000
G1 X291.538 Y708.462 Z117.5
G1 Z116.5
G1 E17 F9000
;TYPE:Outer wall
;WIDTH:3.2
G1 F2779.615
G1 X291.538 Y291.538 E1799.91857
G1 X708.462 Y291.538 E1799.91857
G1 X708.462 Y708.462 E1799.91857
G1 X291.838 Y708.462 E1798.62343
;WIPE_START
G1 F600
G1 X291.833 Y701.462 E-10
;WIPE_END
G1 Z117.5 F15000
G1 X293.984 Y608.092 Z117.5
G1 Z116.5
G1 E17 F9000
;TYPE:Sparse infill
;WIDTH:3.2
G1 F2779.614
G1 X293.984 Y619.604 E49.70059
G1 X380.396 Y706.016 E527.57392
G1 X391.908 Y706.016 E49.70059
;WIPE_START
G1 F600
G1 X384.908 Y706.016 E-10
;WIPE_END
G1 Z117.5 F15000
G1 X293.984 Y445.282 Z117.5
G1 Z116.5
G1 E17 F9000
G1 F2779.614
G1 X293.984 Y456.794 E49.70059
G1 X543.206 Y706.016 E1521.58569
G1 X554.718 Y706.016 E49.70059
M73 P32 R469
;WIPE_START
G1 F600
G1 X547.718 Y706.016 E-10
;WIPE_END
G1 Z117.5 F15000
G1 X706.016 Y608.092 Z117.5
G1 Z116.5
G1 E17 F9000
G1 F2779.614
G1 X706.016 Y619.604 E49.70059
G1 X619.604 Y706.016 E527.57393
G1 X608.092 Y706.016 E49.70059
;WIPE_START
G1 F600
G1 X615.092 Y706.016 E-10
;WIPE_END
G1 Z117.5 F15000
G1 X706.016 Y445.282 Z117.5
G1 Z116.5
G1 E17 F9000
G1 F2779.614
G1 X706.016 Y456.794 E49.70059
G1 X456.794 Y706.016 E1521.58571
G1 X445.282 Y706.016 E49.70059
;WIPE_START
G1 F600
G1 X452.282 Y706.016 E-10
;WIPE_END
G1 Z117.5 F15000
G1 X445.282 Y293.984 Z117.5
G1 Z116.5
G1 E17 F9000
G1 F2779.614
G1 X456.794 Y293.984 E49.70059
G1 X706.016 Y543.206 E1521.58569
G1 X706.016 Y554.718 E49.70059
;WIPE_START
G1 F600
G1 X706.016 Y547.718 E-10
;WIPE_END
G1 Z117.5 F15000
G1 X694.503 Y293.984 Z117.5
G1 Z116.5
G1 E17 F9000
G1 F2779.614
G1 X706.016 Y293.984 E49.7003
G1 X293.984 Y706.016 E2515.59704
G1 X305.497 Y706.016 E49.70028
;WIPE_START
G1 F600
G1 X298.497 Y706.016 E-10
;WIPE_END
G1 Z117.5 F15000
G1 X305.497 Y293.984 Z117.5
G1 Z116.5
G1 E17 F9000
G1 F2779.614
G1 X293.984 Y293.984 E49.70059
G1 X706.016 Y706.016 E2515.59745
G1 X694.503 Y706.016 E49.70059
M73 P32 R468
;WIPE_START
G1 F600
G1 X701.503 Y706.016 E-10
;WIPE_END
G1 Z117.5 F15000
G1 X608.092 Y293.984 Z117.5
G1 Z116.5
G1 E17 F9000
G1 F2779.614
G1 X619.604 Y293.984 E49.70059
G1 X706.016 Y380.396 E527.57392
G1 X706.016 Y391.908 E49.70059
;WIPE_START
G1 F600
G1 X706.016 Y384.908 E-10
;WIPE_END
G1 Z117.5 F15000
G1 X554.718 Y293.984 Z117.5
G1 Z116.5
G1 E17 F9000
G1 F2779.614
G1 X543.206 Y293.984 E49.70059
G1 X293.984 Y543.206 E1521.58568
G1 X293.984 Y554.718 E49.70059
;WIPE_START
G1 F600
G1 X293.984 Y547.718 E-10
;WIPE_END
G1 Z117.5 F15000
G1 X391.908 Y293.984 Z117.5
G1 Z116.5
G1 E17 F9000
G1 F2779.614
G1 X380.396 Y293.984 E49.70059
G1 X293.984 Y380.396 E527.5739
G1 X293.984 Y391.908 E49.70059
; stop printing object Cube id:0 copy 0
;LAYER_CHANGE
;Z:118
;HEIGHT:1.5
;BEFORE_LAYER_CHANGE
;118
G92 E0

EXCLUDE_OBJECT_END NAME=Cube_id_0_copy_0
;AFTER_LAYER_CHANGE
;118
;_SET_FAN_SPEED_CHANGING_LAYER
; printing object Cube id:0 copy 0
;WIPE_START
G1 F600
G1 X293.984 Y384.908 E-10
;WIPE_END
EXCLUDE_OBJECT_START NAME=Cube_id_0_copy_0
G1 Z119 F15000
G1 X291.538 Y291.538 Z119
G1 Z118
G1 E17 F9000
;TYPE:Outer wall
;WIDTH:3.2
G1 F2779.615
G1 X708.462 Y291.538 E1799.91857
G1 X708.462 Y708.462 E1799.91857
M73 P33 R468
G1 X291.538 Y708.462 E1799.91857
G1 X291.538 Y291.838 E1798.62343
;WIPE_START
G1 F600
M73 P33 R467
G1 X298.538 Y291.833 E-10
;WIPE_END
G1 Z119 F15000
G1 X293.984 Y391.908 Z119
G1 Z118
G1 E17 F9000
;TYPE:Sparse infill
;WIDTH:3.2
G1 F2779.614
G1 X293.984 Y380.396 E49.70059
G1 X380.396 Y293.984 E527.5739
G1 X391.908 Y293.984 E49.70059
;WIPE_START
G1 F600
G1 X384.908 Y293.984 E-10
;WIPE_END
G1 Z119 F15000
G1 X293.984 Y554.718 Z119
G1 Z118
G1 E17 F9000
G1 F2779.614
G1 X293.984 Y543.206 E49.70059
G1 X543.206 Y293.984 E1521.58568
G1 X554.718 Y293.984 E49.70059
;WIPE_START
G1 F600
G1 X547.718 Y293.984 E-10
;WIPE_END
G1 Z119 F15000
G1 X706.016 Y391.908 Z119
G1 Z118
G1 E17 F9000
G1 F2779.614
G1 X706.016 Y380.396 E49.70059
G1 X619.604 Y293.984 E527.57392
G1 X608.092 Y293.984 E49.70059
;WIPE_START
G1 F600
G1 X615.092 Y293.984 E-10
;WIPE_END
G1 Z119 F15000
G1 X706.016 Y554.718 Z119
G1 Z118
G1 E17 F9000
G1 F2779.614
G1 X706.016 Y543.206 E49.70059
G1 X456.794 Y293.984 E1521.58569
G1 X445.282 Y293.984 E49.70059
;WIPE_START
G1 F600
G1 X452.282 Y293.984 E-10
;WIPE_END
G1 Z119 F15000
G1 X445.282 Y706.016 Z119
G1 Z118
G1 E17 F9000
G1 F2779.614
G1 X456.794 Y706.016 E49.70059
G1 X706.016 Y456.794 E1521.58571
G1 X706.016 Y445.282 E49.70059
;WIPE_START
G1 F600
G1 X706.016 Y452.282 E-10
;WIPE_END
G1 Z119 F15000
G1 X694.503 Y706.016 Z119
G1 Z118
G1 E17 F9000
G1 F2779.614
G1 X706.016 Y706.016 E49.70059
G1 X293.984 Y293.984 E2515.59745
G1 X305.497 Y293.984 E49.70059
M73 P33 R466
;WIPE_START
G1 F600
G1 X298.497 Y293.984 E-10
;WIPE_END
G1 Z119 F15000
G1 X305.497 Y706.016 Z119
G1 Z118
G1 E17 F9000
G1 F2779.614
G1 X293.984 Y706.016 E49.70028
G1 X706.016 Y293.984 E2515.59704
G1 X694.503 Y293.984 E49.7003
;WIPE_START
G1 F600
G1 X701.503 Y293.984 E-10
;WIPE_END
G1 Z119 F15000
G1 X608.092 Y706.016 Z119
G1 Z118
G1 E17 F9000
G1 F2779.614
G1 X619.604 Y706.016 E49.70059
G1 X706.016 Y619.604 E527.57393
G1 X706.016 Y608.092 E49.70059
;WIPE_START
G1 F600
G1 X706.016 Y615.092 E-10
;WIPE_END
G1 Z119 F15000
G1 X554.718 Y706.016 Z119
G1 Z118
G1 E17 F9000
G1 F2779.614
G1 X543.206 Y706.016 E49.70059
G1 X293.984 Y456.794 E1521.58569
G1 X293.984 Y445.282 E49.70059
;WIPE_START
G1 F600
G1 X293.984 Y452.282 E-10
;WIPE_END
G1 Z119 F15000
G1 X391.908 Y706.016 Z119
G1 Z118
G1 E17 F9000
G1 F2779.614
G1 X380.396 Y706.016 E49.70059
G1 X293.984 Y619.604 E527.57392
G1 X293.984 Y608.092 E49.70059
; stop printing object Cube id:0 copy 0
;LAYER_CHANGE
;Z:119.5
;HEIGHT:1.5
;BEFORE_LAYER_CHANGE
;119.5
G92 E0

EXCLUDE_OBJECT_END NAME=Cube_id_0_copy_0
;AFTER_LAYER_CHANGE
;119.5
;_SET_FAN_SPEED_CHANGING_LAYER
; printing object Cube id:0 copy 0
;WIPE_START
G1 F600
G1 X293.984 Y615.092 E-10
;WIPE_END
EXCLUDE_OBJECT_START NAME=Cube_id_0_copy_0
G1 Z120.5 F15000
G1 X291.538 Y708.462 Z120.5
G1 Z119.5
G1 E17 F9000
;TYPE:Outer wall
;WIDTH:3.2
G1 F2779.615
G1 X291.538 Y291.538 E1799.91857
G1 X708.462 Y291.538 E1799.91857
G1 X708.462 Y708.462 E1799.91857
M73 P33 R465
G1 X291.838 Y708.462 E1798.62343
;WIPE_START
G1 F600
G1 X291.833 Y701.462 E-10
;WIPE_END
G1 Z120.5 F15000
G1 X293.984 Y608.092 Z120.5
G1 Z119.5
G1 E17 F9000
;TYPE:Sparse infill
;WIDTH:3.2
G1 F2779.614
G1 X293.984 Y619.604 E49.70059
G1 X380.396 Y706.016 E527.57392
G1 X391.908 Y706.016 E49.70059
;WIPE_START
G1 F600
G1 X384.908 Y706.016 E-10
;WIPE_END
G1 Z120.5 F15000
G1 X293.984 Y445.282 Z120.5
G1 Z119.5
G1 E17 F9000
G1 F2779.614
G1 X293.984 Y456.794 E49.70059
G1 X543.206 Y706.016 E1521.58569
G1 X554.718 Y706.016 E49.70059
;WIPE_START
G1 F600
G1 X547.718 Y706.016 E-10
;WIPE_END
G1 Z120.5 F15000
G1 X706.016 Y608.092 Z120.5
G1 Z119.5
G1 E17 F9000
G1 F2779.614
G1 X706.016 Y619.604 E49.70059
G1 X619.604 Y706.016 E527.57393
G1 X608.092 Y706.016 E49.70059
;WIPE_START
G1 F600
G1 X615.092 Y706.016 E-10
;WIPE_END
G1 Z120.5 F15000
G1 X706.016 Y445.282 Z120.5
G1 Z119.5
G1 E17 F9000
G1 F2779.614
G1 X706.016 Y456.794 E49.70059
G1 X456.794 Y706.016 E1521.58571
G1 X445.282 Y706.016 E49.70059
;WIPE_START
G1 F600
G1 X452.282 Y706.016 E-10
;WIPE_END
G1 Z120.5 F15000
G1 X445.282 Y293.984 Z120.5
G1 Z119.5
M73 P33 R464
G1 E17 F9000
G1 F2779.614
G1 X456.794 Y293.984 E49.70059
G1 X706.016 Y543.206 E1521.58569
G1 X706.016 Y554.718 E49.70059
;WIPE_START
G1 F600
G1 X706.016 Y547.718 E-10
;WIPE_END
G1 Z120.5 F15000
G1 X694.503 Y293.984 Z120.5
G1 Z119.5
G1 E17 F9000
G1 F2779.614
G1 X706.016 Y293.984 E49.7003
G1 X293.984 Y706.016 E2515.59704
G1 X305.497 Y706.016 E49.70028
;WIPE_START
G1 F600
G1 X298.497 Y706.016 E-10
;WIPE_END
G1 Z120.5 F15000
G1 X305.497 Y293.984 Z120.5
G1 Z119.5
G1 E17 F9000
G1 F2779.614
G1 X293.984 Y293.984 E49.70059
G1 X706.016 Y706.016 E2515.59745
G1 X694.503 Y706.016 E49.70059
;WIPE_START
G1 F600
G1 X701.503 Y706.016 E-10
;WIPE_END
G1 Z120.5 F15000
G1 X608.092 Y293.984 Z120.5
G1 Z119.5
G1 E17 F9000
G1 F2779.614
G1 X619.604 Y293.984 E49.70059
G1 X706.016 Y380.396 E527.57392
G1 X706.016 Y391.908 E49.70059
;WIPE_START
G1 F600
G1 X706.016 Y384.908 E-10
;WIPE_END
G1 Z120.5 F15000
G1 X554.718 Y293.984 Z120.5
G1 Z119.5
G1 E17 F9000
G1 F2779.614
G1 X543.206 Y293.984 E49.70059
G1 X293.984 Y543.206 E1521.58568
G1 X293.984 Y554.718 E49.70059
;WIPE_START
G1 F600
G1 X293.984 Y547.718 E-10
;WIPE_END
G1 Z120.5 F15000
G1 X391.908 Y293.984 Z120.5
M73 P33 R463
G1 Z119.5
G1 E17 F9000
G1 F2779.614
G1 X380.396 Y293.984 E49.70059
G1 X293.984 Y380.396 E527.5739
G1 X293.984 Y391.908 E49.70059
; stop printing object Cube id:0 copy 0
;LAYER_CHANGE
;Z:121
;HEIGHT:1.5
;BEFORE_LAYER_CHANGE
;121
G92 E0

EXCLUDE_OBJECT_END NAME=Cube_id_0_copy_0
;AFTER_LAYER_CHANGE
;121
;_SET_FAN_SPEED_CHANGING_LAYER
; printing object Cube id:0 copy 0
;WIPE_START
G1 F600
G1 X293.984 Y384.908 E-10
;WIPE_END
EXCLUDE_OBJECT_START NAME=Cube_id_0_copy_0
G1 Z122 F15000
G1 X291.538 Y291.538 Z122
G1 Z121
G1 E17 F9000
;TYPE:Outer wall
;WIDTH:3.2
G1 F2779.615
G1 X708.462 Y291.538 E1799.91857
G1 X708.462 Y708.462 E1799.91857
G1 X291.538 Y708.462 E1799.91857
G1 X291.538 Y291.838 E1798.62343
;WIPE_START
G1 F600
G1 X298.538 Y291.833 E-10
;WIPE_END
G1 Z122 F15000
G1 X293.984 Y391.908 Z122
G1 Z121
G1 E17 F9000
;TYPE:Sparse infill
;WIDTH:3.2
G1 F2779.614
G1 X293.984 Y380.396 E49.70059
G1 X380.396 Y293.984 E527.5739
G1 X391.908 Y293.984 E49.70059
;WIPE_START
G1 F600
G1 X384.908 Y293.984 E-10
;WIPE_END
G1 Z122 F15000
G1 X293.984 Y554.718 Z122
G1 Z121
G1 E17 F9000
G1 F2779.614
G1 X293.984 Y543.206 E49.70059
G1 X543.206 Y293.984 E1521.58568
G1 X554.718 Y293.984 E49.70059
;WIPE_START
G1 F600
M73 P33 R462
G1 X547.718 Y293.984 E-10
;WIPE_END
G1 Z122 F15000
G1 X706.016 Y391.908 Z122
G1 Z121
G1 E17 F9000
G1 F2779.614
G1 X706.016 Y380.396 E49.70059
G1 X619.604 Y293.984 E527.57392
G1 X608.092 Y293.984 E49.70059
;WIPE_START
G1 F600
G1 X615.092 Y293.984 E-10
;WIPE_END
G1 Z122 F15000
G1 X706.016 Y554.718 Z122
G1 Z121
G1 E17 F9000
G1 F2779.614
G1 X706.016 Y543.206 E49.70059
G1 X456.794 Y293.984 E1521.58569
G1 X445.282 Y293.984 E49.70059
;WIPE_START
G1 F600
G1 X452.282 Y293.984 E-10
;WIPE_END
G1 Z122 F15000
G1 X445.282 Y706.016 Z122
G1 Z121
G1 E17 F9000
G1 F2779.614
G1 X456.794 Y706.016 E49.70059
G1 X706.016 Y456.794 E1521.58571
G1 X706.016 Y445.282 E49.70059
;WIPE_START
G1 F600
G1 X706.016 Y452.282 E-10
;WIPE_END
G1 Z122 F15000
G1 X694.503 Y706.016 Z122
G1 Z121
G1 E17 F9000
G1 F2779.614
G1 X706.016 Y706.016 E49.70059
G1 X293.984 Y293.984 E2515.59745
G1 X305.497 Y293.984 E49.70059
;WIPE_START
G1 F600
G1 X298.497 Y293.984 E-10
;WIPE_END
G1 Z122 F15000
G1 X305.497 Y706.016 Z122
G1 Z121
G1 E17 F9000
G1 F2779.614
G1 X293.984 Y706.016 E49.70028
G1 X706.016 Y293.984 E2515.59704
G1 X694.503 Y293.984 E49.7003
M73 P33 R461
;WIPE_START
G1 F600
G1 X701.503 Y293.984 E-10
;WIPE_END
G1 Z122 F15000
G1 X608.092 Y706.016 Z122
G1 Z121
G1 E17 F9000
G1 F2779.614
G1 X619.604 Y706.016 E49.70059
G1 X706.016 Y619.604 E527.57393
G1 X706.016 Y608.092 E49.70059
;WIPE_START
G1 F600
G1 X706.016 Y615.092 E-10
;WIPE_END
G1 Z122 F15000
G1 X554.718 Y706.016 Z122
G1 Z121
G1 E17 F9000
G1 F2779.614
G1 X543.206 Y706.016 E49.70059
G1 X293.984 Y456.794 E1521.58569
G1 X293.984 Y445.282 E49.70059
;WIPE_START
G1 F600
G1 X293.984 Y452.282 E-10
;WIPE_END
G1 Z122 F15000
G1 X391.908 Y706.016 Z122
G1 Z121
G1 E17 F9000
G1 F2779.614
G1 X380.396 Y706.016 E49.70059
G1 X293.984 Y619.604 E527.57392
G1 X293.984 Y608.092 E49.70059
; stop printing object Cube id:0 copy 0
;LAYER_CHANGE
;Z:122.5
;HEIGHT:1.5
;BEFORE_LAYER_CHANGE
;122.5
G92 E0

EXCLUDE_OBJECT_END NAME=Cube_id_0_copy_0
;AFTER_LAYER_CHANGE
;122.5
;_SET_FAN_SPEED_CHANGING_LAYER
; printing object Cube id:0 copy 0
;WIPE_START
G1 F600
G1 X293.984 Y615.092 E-10
;WIPE_END
EXCLUDE_OBJECT_START NAME=Cube_id_0_copy_0
G1 Z123.5 F15000
G1 X291.538 Y708.462 Z123.5
G1 Z122.5
G1 E17 F9000
;TYPE:Outer wall
;WIDTH:3.2
G1 F2779.615
G1 X291.538 Y291.538 E1799.91857
G1 X708.462 Y291.538 E1799.91857
M73 P34 R461
G1 X708.462 Y708.462 E1799.91857
G1 X291.838 Y708.462 E1798.62343
;WIPE_START
G1 F600
M73 P34 R460
G1 X291.833 Y701.462 E-10
;WIPE_END
G1 Z123.5 F15000
G1 X293.984 Y608.092 Z123.5
G1 Z122.5
G1 E17 F9000
;TYPE:Sparse infill
;WIDTH:3.2
G1 F2779.614
G1 X293.984 Y619.604 E49.70059
G1 X380.396 Y706.016 E527.57392
G1 X391.908 Y706.016 E49.70059
;WIPE_START
G1 F600
G1 X384.908 Y706.016 E-10
;WIPE_END
G1 Z123.5 F15000
G1 X293.984 Y445.282 Z123.5
G1 Z122.5
G1 E17 F9000
G1 F2779.614
G1 X293.984 Y456.794 E49.70059
G1 X543.206 Y706.016 E1521.58569
G1 X554.718 Y706.016 E49.70059
;WIPE_START
G1 F600
G1 X547.718 Y706.016 E-10
;WIPE_END
G1 Z123.5 F15000
G1 X706.016 Y608.092 Z123.5
G1 Z122.5
G1 E17 F9000
G1 F2779.614
G1 X706.016 Y619.604 E49.70059
G1 X619.604 Y706.016 E527.57393
G1 X608.092 Y706.016 E49.70059
;WIPE_START
G1 F600
G1 X615.092 Y706.016 E-10
;WIPE_END
G1 Z123.5 F15000
G1 X706.016 Y445.282 Z123.5
G1 Z122.5
G1 E17 F9000
G1 F2779.614
G1 X706.016 Y456.794 E49.70059
G1 X456.794 Y706.016 E1521.58571
G1 X445.282 Y706.016 E49.70059
;WIPE_START
G1 F600
G1 X452.282 Y706.016 E-10
;WIPE_END
G1 Z123.5 F15000
G1 X445.282 Y293.984 Z123.5
G1 Z122.5
G1 E17 F9000
G1 F2779.614
G1 X456.794 Y293.984 E49.70059
G1 X706.016 Y543.206 E1521.58569
G1 X706.016 Y554.718 E49.70059
;WIPE_START
G1 F600
G1 X706.016 Y547.718 E-10
;WIPE_END
G1 Z123.5 F15000
G1 X694.503 Y293.984 Z123.5
G1 Z122.5
G1 E17 F9000
G1 F2779.614
G1 X706.016 Y293.984 E49.7003
G1 X293.984 Y706.016 E2515.59704
G1 X305.497 Y706.016 E49.70028
M73 P34 R459
;WIPE_START
G1 F600
G1 X298.497 Y706.016 E-10
;WIPE_END
G1 Z123.5 F15000
G1 X305.497 Y293.984 Z123.5
G1 Z122.5
G1 E17 F9000
G1 F2779.614
G1 X293.984 Y293.984 E49.70059
G1 X706.016 Y706.016 E2515.59745
G1 X694.503 Y706.016 E49.70059
;WIPE_START
G1 F600
G1 X701.503 Y706.016 E-10
;WIPE_END
G1 Z123.5 F15000
G1 X608.092 Y293.984 Z123.5
G1 Z122.5
G1 E17 F9000
G1 F2779.614
G1 X619.604 Y293.984 E49.70059
G1 X706.016 Y380.396 E527.57392
G1 X706.016 Y391.908 E49.70059
;WIPE_START
G1 F600
G1 X706.016 Y384.908 E-10
;WIPE_END
G1 Z123.5 F15000
G1 X554.718 Y293.984 Z123.5
G1 Z122.5
G1 E17 F9000
G1 F2779.614
G1 X543.206 Y293.984 E49.70059
G1 X293.984 Y543.206 E1521.58568
G1 X293.984 Y554.718 E49.70059
;WIPE_START
G1 F600
G1 X293.984 Y547.718 E-10
;WIPE_END
G1 Z123.5 F15000
G1 X391.908 Y293.984 Z123.5
G1 Z122.5
G1 E17 F9000
G1 F2779.614
G1 X380.396 Y293.984 E49.70059
G1 X293.984 Y380.396 E527.5739
G1 X293.984 Y391.908 E49.70059
; stop printing object Cube id:0 copy 0
;LAYER_CHANGE
;Z:124
;HEIGHT:1.5
;BEFORE_LAYER_CHANGE
;124
G92 E0

EXCLUDE_OBJECT_END NAME=Cube_id_0_copy_0
;AFTER_LAYER_CHANGE
;124
;_SET_FAN_SPEED_CHANGING_LAYER
; printing object Cube id:0 copy 0
;WIPE_START
G1 F600
G1 X293.984 Y384.908 E-10
;WIPE_END
EXCLUDE_OBJECT_START NAME=Cube_id_0_copy_0
G1 Z125 F15000
G1 X291.538 Y291.538 Z125
G1 Z124
G1 E17 F9000
;TYPE:Outer wall
;WIDTH:3.2
G1 F2779.615
G1 X708.462 Y291.538 E1799.91857
G1 X708.462 Y708.462 E1799.91857
G1 X291.538 Y708.462 E1799.91857
M73 P34 R458
G1 X291.538 Y291.838 E1798.62343
;WIPE_START
G1 F600
G1 X298.538 Y291.833 E-10
;WIPE_END
G1 Z125 F15000
G1 X293.984 Y391.908 Z125
G1 Z124
G1 E17 F9000
;TYPE:Sparse infill
;WIDTH:3.2
G1 F2779.614
G1 X293.984 Y380.396 E49.70059
G1 X380.396 Y293.984 E527.5739
G1 X391.908 Y293.984 E49.70059
;WIPE_START
G1 F600
G1 X384.908 Y293.984 E-10
;WIPE_END
G1 Z125 F15000
G1 X293.984 Y554.718 Z125
G1 Z124
G1 E17 F9000
G1 F2779.614
G1 X293.984 Y543.206 E49.70059
G1 X543.206 Y293.984 E1521.58568
G1 X554.718 Y293.984 E49.70059
;WIPE_START
G1 F600
G1 X547.718 Y293.984 E-10
;WIPE_END
G1 Z125 F15000
G1 X706.016 Y391.908 Z125
G1 Z124
G1 E17 F9000
G1 F2779.614
G1 X706.016 Y380.396 E49.70059
G1 X619.604 Y293.984 E527.57392
G1 X608.092 Y293.984 E49.70059
;WIPE_START
G1 F600
G1 X615.092 Y293.984 E-10
;WIPE_END
G1 Z125 F15000
G1 X706.016 Y554.718 Z125
G1 Z124
G1 E17 F9000
G1 F2779.614
G1 X706.016 Y543.206 E49.70059
G1 X456.794 Y293.984 E1521.58569
G1 X445.282 Y293.984 E49.70059
;WIPE_START
G1 F600
G1 X452.282 Y293.984 E-10
;WIPE_END
G1 Z125 F15000
G1 X445.282 Y706.016 Z125
G1 Z124
G1 E17 F9000
G1 F2779.614
G1 X456.794 Y706.016 E49.70059
G1 X706.016 Y456.794 E1521.58571
G1 X706.016 Y445.282 E49.70059
M73 P34 R457
;WIPE_START
G1 F600
G1 X706.016 Y452.282 E-10
;WIPE_END
G1 Z125 F15000
G1 X694.503 Y706.016 Z125
G1 Z124
G1 E17 F9000
G1 F2779.614
G1 X706.016 Y706.016 E49.70059
G1 X293.984 Y293.984 E2515.59745
G1 X305.497 Y293.984 E49.70059
;WIPE_START
G1 F600
G1 X298.497 Y293.984 E-10
;WIPE_END
G1 Z125 F15000
G1 X305.497 Y706.016 Z125
G1 Z124
G1 E17 F9000
G1 F2779.614
G1 X293.984 Y706.016 E49.70028
G1 X706.016 Y293.984 E2515.59704
G1 X694.503 Y293.984 E49.7003
;WIPE_START
G1 F600
G1 X701.503 Y293.984 E-10
;WIPE_END
G1 Z125 F15000
G1 X608.092 Y706.016 Z125
G1 Z124
G1 E17 F9000
G1 F2779.614
G1 X619.604 Y706.016 E49.70059
G1 X706.016 Y619.604 E527.57393
G1 X706.016 Y608.092 E49.70059
;WIPE_START
G1 F600
G1 X706.016 Y615.092 E-10
;WIPE_END
G1 Z125 F15000
G1 X554.718 Y706.016 Z125
G1 Z124
G1 E17 F9000
G1 F2779.614
G1 X543.206 Y706.016 E49.70059
G1 X293.984 Y456.794 E1521.58569
G1 X293.984 Y445.282 E49.70059
;WIPE_START
G1 F600
G1 X293.984 Y452.282 E-10
;WIPE_END
G1 Z125 F15000
G1 X391.908 Y706.016 Z125
G1 Z124
G1 E17 F9000
G1 F2779.614
G1 X380.396 Y706.016 E49.70059
G1 X293.984 Y619.604 E527.57392
G1 X293.984 Y608.092 E49.70059
M73 P34 R456
; stop printing object Cube id:0 copy 0
;LAYER_CHANGE
;Z:125.5
;HEIGHT:1.5
;BEFORE_LAYER_CHANGE
;125.5
G92 E0

EXCLUDE_OBJECT_END NAME=Cube_id_0_copy_0
;AFTER_LAYER_CHANGE
;125.5
;_SET_FAN_SPEED_CHANGING_LAYER
; printing object Cube id:0 copy 0
;WIPE_START
G1 F600
G1 X293.984 Y615.092 E-10
;WIPE_END
EXCLUDE_OBJECT_START NAME=Cube_id_0_copy_0
G1 Z126.5 F15000
G1 X291.538 Y708.462 Z126.5
G1 Z125.5
G1 E17 F9000
;TYPE:Outer wall
;WIDTH:3.2
G1 F2779.615
G1 X291.538 Y291.538 E1799.91857
G1 X708.462 Y291.538 E1799.91857
G1 X708.462 Y708.462 E1799.91857
G1 X291.838 Y708.462 E1798.62343
;WIPE_START
G1 F600
G1 X291.833 Y701.462 E-10
;WIPE_END
G1 Z126.5 F15000
G1 X293.984 Y608.092 Z126.5
G1 Z125.5
G1 E17 F9000
;TYPE:Sparse infill
;WIDTH:3.2
G1 F2779.614
G1 X293.984 Y619.604 E49.70059
G1 X380.396 Y706.016 E527.57392
G1 X391.908 Y706.016 E49.70059
;WIPE_START
G1 F600
G1 X384.908 Y706.016 E-10
;WIPE_END
G1 Z126.5 F15000
G1 X293.984 Y445.282 Z126.5
G1 Z125.5
G1 E17 F9000
G1 F2779.614
G1 X293.984 Y456.794 E49.70059
G1 X543.206 Y706.016 E1521.58569
G1 X554.718 Y706.016 E49.70059
;WIPE_START
G1 F600
G1 X547.718 Y706.016 E-10
;WIPE_END
G1 Z126.5 F15000
G1 X706.016 Y608.092 Z126.5
G1 Z125.5
G1 E17 F9000
G1 F2779.614
G1 X706.016 Y619.604 E49.70059
G1 X619.604 Y706.016 E527.57393
M73 P34 R455
G1 X608.092 Y706.016 E49.70059
;WIPE_START
G1 F600
G1 X615.092 Y706.016 E-10
;WIPE_END
G1 Z126.5 F15000
G1 X706.016 Y445.282 Z126.5
G1 Z125.5
G1 E17 F9000
G1 F2779.614
G1 X706.016 Y456.794 E49.70059
G1 X456.794 Y706.016 E1521.58571
G1 X445.282 Y706.016 E49.70059
;WIPE_START
G1 F600
G1 X452.282 Y706.016 E-10
;WIPE_END
G1 Z126.5 F15000
G1 X445.282 Y293.984 Z126.5
G1 Z125.5
G1 E17 F9000
G1 F2779.614
G1 X456.794 Y293.984 E49.70059
G1 X706.016 Y543.206 E1521.58569
G1 X706.016 Y554.718 E49.70059
;WIPE_START
G1 F600
G1 X706.016 Y547.718 E-10
;WIPE_END
G1 Z126.5 F15000
G1 X694.503 Y293.984 Z126.5
G1 Z125.5
G1 E17 F9000
G1 F2779.614
G1 X706.016 Y293.984 E49.7003
G1 X293.984 Y706.016 E2515.59704
G1 X305.497 Y706.016 E49.70028
;WIPE_START
G1 F600
G1 X298.497 Y706.016 E-10
;WIPE_END
G1 Z126.5 F15000
G1 X305.497 Y293.984 Z126.5
G1 Z125.5
G1 E17 F9000
G1 F2779.614
G1 X293.984 Y293.984 E49.70059
G1 X706.016 Y706.016 E2515.59745
G1 X694.503 Y706.016 E49.70059
;WIPE_START
G1 F600
G1 X701.503 Y706.016 E-10
;WIPE_END
G1 Z126.5 F15000
G1 X608.092 Y293.984 Z126.5
G1 Z125.5
M73 P34 R454
G1 E17 F9000
G1 F2779.614
G1 X619.604 Y293.984 E49.70059
G1 X706.016 Y380.396 E527.57392
G1 X706.016 Y391.908 E49.70059
;WIPE_START
G1 F600
G1 X706.016 Y384.908 E-10
;WIPE_END
G1 Z126.5 F15000
G1 X554.718 Y293.984 Z126.5
G1 Z125.5
G1 E17 F9000
G1 F2779.614
G1 X543.206 Y293.984 E49.70059
G1 X293.984 Y543.206 E1521.58568
G1 X293.984 Y554.718 E49.70059
;WIPE_START
G1 F600
G1 X293.984 Y547.718 E-10
;WIPE_END
G1 Z126.5 F15000
G1 X391.908 Y293.984 Z126.5
G1 Z125.5
G1 E17 F9000
G1 F2779.614
G1 X380.396 Y293.984 E49.70059
G1 X293.984 Y380.396 E527.5739
G1 X293.984 Y391.908 E49.70059
; stop printing object Cube id:0 copy 0
;LAYER_CHANGE
;Z:127
;HEIGHT:1.5
;BEFORE_LAYER_CHANGE
;127
G92 E0

EXCLUDE_OBJECT_END NAME=Cube_id_0_copy_0
;AFTER_LAYER_CHANGE
;127
;_SET_FAN_SPEED_CHANGING_LAYER
; printing object Cube id:0 copy 0
;WIPE_START
G1 F600
G1 X293.984 Y384.908 E-10
;WIPE_END
EXCLUDE_OBJECT_START NAME=Cube_id_0_copy_0
G1 Z128 F15000
G1 X291.538 Y291.538 Z128
G1 Z127
G1 E17 F9000
;TYPE:Outer wall
;WIDTH:3.2
G1 F2779.615
G1 X708.462 Y291.538 E1799.91857
G1 X708.462 Y708.462 E1799.91857
G1 X291.538 Y708.462 E1799.91857
M73 P35 R454
G1 X291.538 Y291.838 E1798.62343
;WIPE_START
G1 F600
M73 P35 R453
G1 X298.538 Y291.833 E-10
;WIPE_END
G1 Z128 F15000
G1 X293.984 Y391.908 Z128
G1 Z127
G1 E17 F9000
;TYPE:Sparse infill
;WIDTH:3.2
G1 F2779.614
G1 X293.984 Y380.396 E49.70059
G1 X380.396 Y293.984 E527.5739
G1 X391.908 Y293.984 E49.70059
;WIPE_START
G1 F600
G1 X384.908 Y293.984 E-10
;WIPE_END
G1 Z128 F15000
G1 X293.984 Y554.718 Z128
G1 Z127
G1 E17 F9000
G1 F2779.614
G1 X293.984 Y543.206 E49.70059
G1 X543.206 Y293.984 E1521.58568
G1 X554.718 Y293.984 E49.70059
;WIPE_START
G1 F600
G1 X547.718 Y293.984 E-10
;WIPE_END
G1 Z128 F15000
G1 X706.016 Y391.908 Z128
G1 Z127
G1 E17 F9000
G1 F2779.614
G1 X706.016 Y380.396 E49.70059
G1 X619.604 Y293.984 E527.57392
G1 X608.092 Y293.984 E49.70059
;WIPE_START
G1 F600
G1 X615.092 Y293.984 E-10
;WIPE_END
G1 Z128 F15000
G1 X706.016 Y554.718 Z128
G1 Z127
G1 E17 F9000
G1 F2779.614
G1 X706.016 Y543.206 E49.70059
G1 X456.794 Y293.984 E1521.58569
G1 X445.282 Y293.984 E49.70059
;WIPE_START
G1 F600
G1 X452.282 Y293.984 E-10
;WIPE_END
G1 Z128 F15000
G1 X445.282 Y706.016 Z128
G1 Z127
G1 E17 F9000
G1 F2779.614
G1 X456.794 Y706.016 E49.70059
G1 X706.016 Y456.794 E1521.58571
G1 X706.016 Y445.282 E49.70059
;WIPE_START
G1 F600
G1 X706.016 Y452.282 E-10
;WIPE_END
G1 Z128 F15000
G1 X694.503 Y706.016 Z128
G1 Z127
G1 E17 F9000
G1 F2779.614
G1 X706.016 Y706.016 E49.70059
G1 X293.984 Y293.984 E2515.59745
G1 X305.497 Y293.984 E49.70059
M73 P35 R452
;WIPE_START
G1 F600
G1 X298.497 Y293.984 E-10
;WIPE_END
G1 Z128 F15000
G1 X305.497 Y706.016 Z128
G1 Z127
G1 E17 F9000
G1 F2779.614
G1 X293.984 Y706.016 E49.70028
G1 X706.016 Y293.984 E2515.59704
G1 X694.503 Y293.984 E49.7003
;WIPE_START
G1 F600
G1 X701.503 Y293.984 E-10
;WIPE_END
G1 Z128 F15000
G1 X608.092 Y706.016 Z128
G1 Z127
G1 E17 F9000
G1 F2779.614
G1 X619.604 Y706.016 E49.70059
G1 X706.016 Y619.604 E527.57393
G1 X706.016 Y608.092 E49.70059
;WIPE_START
G1 F600
G1 X706.016 Y615.092 E-10
;WIPE_END
G1 Z128 F15000
G1 X554.718 Y706.016 Z128
G1 Z127
G1 E17 F9000
G1 F2779.614
G1 X543.206 Y706.016 E49.70059
G1 X293.984 Y456.794 E1521.58569
G1 X293.984 Y445.282 E49.70059
;WIPE_START
G1 F600
G1 X293.984 Y452.282 E-10
;WIPE_END
G1 Z128 F15000
G1 X391.908 Y706.016 Z128
G1 Z127
G1 E17 F9000
G1 F2779.614
G1 X380.396 Y706.016 E49.70059
G1 X293.984 Y619.604 E527.57392
G1 X293.984 Y608.092 E49.70059
; stop printing object Cube id:0 copy 0
;LAYER_CHANGE
;Z:128.5
;HEIGHT:1.5
;BEFORE_LAYER_CHANGE
;128.5
G92 E0

EXCLUDE_OBJECT_END NAME=Cube_id_0_copy_0
;AFTER_LAYER_CHANGE
;128.5
;_SET_FAN_SPEED_CHANGING_LAYER
; printing object Cube id:0 copy 0
;WIPE_START
G1 F600
G1 X293.984 Y615.092 E-10
;WIPE_END
EXCLUDE_OBJECT_START NAME=Cube_id_0_copy_0
G1 Z129.5 F15000
G1 X291.538 Y708.462 Z129.5
G1 Z128.5
G1 E17 F9000
;TYPE:Outer wall
;WIDTH:3.2
G1 F2779.615
G1 X291.538 Y291.538 E1799.91857
G1 X708.462 Y291.538 E1799.91857
G1 X708.462 Y708.462 E1799.91857
M73 P35 R451
G1 X291.838 Y708.462 E1798.62343
;WIPE_START
G1 F600
G1 X291.833 Y701.462 E-10
;WIPE_END
G1 Z129.5 F15000
G1 X293.984 Y608.092 Z129.5
G1 Z128.5
G1 E17 F9000
;TYPE:Sparse infill
;WIDTH:3.2
G1 F2779.614
G1 X293.984 Y619.604 E49.70059
G1 X380.396 Y706.016 E527.57392
G1 X391.908 Y706.016 E49.70059
;WIPE_START
G1 F600
G1 X384.908 Y706.016 E-10
;WIPE_END
G1 Z129.5 F15000
G1 X293.984 Y445.282 Z129.5
G1 Z128.5
G1 E17 F9000
G1 F2779.614
G1 X293.984 Y456.794 E49.70059
G1 X543.206 Y706.016 E1521.58569
G1 X554.718 Y706.016 E49.70059
;WIPE_START
G1 F600
G1 X547.718 Y706.016 E-10
;WIPE_END
G1 Z129.5 F15000
G1 X706.016 Y608.092 Z129.5
G1 Z128.5
G1 E17 F9000
G1 F2779.614
G1 X706.016 Y619.604 E49.70059
G1 X619.604 Y706.016 E527.57393
G1 X608.092 Y706.016 E49.70059
;WIPE_START
G1 F600
G1 X615.092 Y706.016 E-10
;WIPE_END
G1 Z129.5 F15000
G1 X706.016 Y445.282 Z129.5
G1 Z128.5
G1 E17 F9000
G1 F2779.614
G1 X706.016 Y456.794 E49.70059
G1 X456.794 Y706.016 E1521.58571
G1 X445.282 Y706.016 E49.70059
;WIPE_START
G1 F600
G1 X452.282 Y706.016 E-10
;WIPE_END
G1 Z129.5 F15000
G1 X445.282 Y293.984 Z129.5
G1 Z128.5
G1 E17 F9000
G1 F2779.614
G1 X456.794 Y293.984 E49.70059
G1 X706.016 Y543.206 E1521.58569
G1 X706.016 Y554.718 E49.70059
M73 P35 R450
;WIPE_START
G1 F600
G1 X706.016 Y547.718 E-10
;WIPE_END
G1 Z129.5 F15000
G1 X694.503 Y293.984 Z129.5
G1 Z128.5
G1 E17 F9000
G1 F2779.614
G1 X706.016 Y293.984 E49.7003
G1 X293.984 Y706.016 E2515.59704
G1 X305.497 Y706.016 E49.70028
;WIPE_START
G1 F600
G1 X298.497 Y706.016 E-10
;WIPE_END
G1 Z129.5 F15000
G1 X305.497 Y293.984 Z129.5
G1 Z128.5
G1 E17 F9000
G1 F2779.614
G1 X293.984 Y293.984 E49.70059
G1 X706.016 Y706.016 E2515.59745
G1 X694.503 Y706.016 E49.70059
;WIPE_START
G1 F600
G1 X701.503 Y706.016 E-10
;WIPE_END
G1 Z129.5 F15000
G1 X608.092 Y293.984 Z129.5
G1 Z128.5
G1 E17 F9000
G1 F2779.614
G1 X619.604 Y293.984 E49.70059
G1 X706.016 Y380.396 E527.57392
G1 X706.016 Y391.908 E49.70059
;WIPE_START
G1 F600
G1 X706.016 Y384.908 E-10
;WIPE_END
G1 Z129.5 F15000
G1 X554.718 Y293.984 Z129.5
G1 Z128.5
G1 E17 F9000
G1 F2779.614
G1 X543.206 Y293.984 E49.70059
G1 X293.984 Y543.206 E1521.58568
G1 X293.984 Y554.718 E49.70059
;WIPE_START
G1 F600
G1 X293.984 Y547.718 E-10
;WIPE_END
G1 Z129.5 F15000
G1 X391.908 Y293.984 Z129.5
G1 Z128.5
G1 E17 F9000
G1 F2779.614
G1 X380.396 Y293.984 E49.70059
G1 X293.984 Y380.396 E527.5739
G1 X293.984 Y391.908 E49.70059
; stop printing object Cube id:0 copy 0
;LAYER_CHANGE
;Z:130
;HEIGHT:1.5
;BEFORE_LAYER_CHANGE
;130
G92 E0

EXCLUDE_OBJECT_END NAME=Cube_id_0_copy_0
;AFTER_LAYER_CHANGE
;130
;_SET_FAN_SPEED_CHANGING_LAYER
; printing object Cube id:0 copy 0
;WIPE_START
G1 F600
M73 P35 R449
G1 X293.984 Y384.908 E-10
;WIPE_END
EXCLUDE_OBJECT_START NAME=Cube_id_0_copy_0
G1 Z131 F15000
G1 X291.538 Y291.538 Z131
G1 Z130
G1 E17 F9000
;TYPE:Outer wall
;WIDTH:3.2
G1 F2779.615
G1 X708.462 Y291.538 E1799.91857
G1 X708.462 Y708.462 E1799.91857
G1 X291.538 Y708.462 E1799.91857
G1 X291.538 Y291.838 E1798.62343
;WIPE_START
G1 F600
G1 X298.538 Y291.833 E-10
;WIPE_END
G1 Z131 F15000
G1 X293.984 Y391.908 Z131
G1 Z130
G1 E17 F9000
;TYPE:Sparse infill
;WIDTH:3.2
G1 F2779.614
G1 X293.984 Y380.396 E49.70059
G1 X380.396 Y293.984 E527.5739
G1 X391.908 Y293.984 E49.70059
;WIPE_START
G1 F600
G1 X384.908 Y293.984 E-10
;WIPE_END
G1 Z131 F15000
G1 X293.984 Y554.718 Z131
G1 Z130
G1 E17 F9000
G1 F2779.614
G1 X293.984 Y543.206 E49.70059
G1 X543.206 Y293.984 E1521.58568
G1 X554.718 Y293.984 E49.70059
;WIPE_START
G1 F600
G1 X547.718 Y293.984 E-10
;WIPE_END
G1 Z131 F15000
G1 X706.016 Y391.908 Z131
G1 Z130
G1 E17 F9000
G1 F2779.614
G1 X706.016 Y380.396 E49.70059
G1 X619.604 Y293.984 E527.57392
G1 X608.092 Y293.984 E49.70059
M73 P35 R448
;WIPE_START
G1 F600
G1 X615.092 Y293.984 E-10
;WIPE_END
G1 Z131 F15000
G1 X706.016 Y554.718 Z131
G1 Z130
G1 E17 F9000
G1 F2779.614
G1 X706.016 Y543.206 E49.70059
G1 X456.794 Y293.984 E1521.58569
G1 X445.282 Y293.984 E49.70059
;WIPE_START
G1 F600
G1 X452.282 Y293.984 E-10
;WIPE_END
G1 Z131 F15000
G1 X445.282 Y706.016 Z131
G1 Z130
G1 E17 F9000
G1 F2779.614
G1 X456.794 Y706.016 E49.70059
G1 X706.016 Y456.794 E1521.58571
G1 X706.016 Y445.282 E49.70059
;WIPE_START
G1 F600
G1 X706.016 Y452.282 E-10
;WIPE_END
G1 Z131 F15000
G1 X694.503 Y706.016 Z131
G1 Z130
G1 E17 F9000
G1 F2779.614
G1 X706.016 Y706.016 E49.70059
G1 X293.984 Y293.984 E2515.59745
G1 X305.497 Y293.984 E49.70059
;WIPE_START
G1 F600
G1 X298.497 Y293.984 E-10
;WIPE_END
G1 Z131 F15000
G1 X305.497 Y706.016 Z131
G1 Z130
G1 E17 F9000
G1 F2779.614
G1 X293.984 Y706.016 E49.70028
G1 X706.016 Y293.984 E2515.59704
G1 X694.503 Y293.984 E49.7003
;WIPE_START
G1 F600
G1 X701.503 Y293.984 E-10
;WIPE_END
G1 Z131 F15000
G1 X608.092 Y706.016 Z131
G1 Z130
G1 E17 F9000
G1 F2779.614
G1 X619.604 Y706.016 E49.70059
G1 X706.016 Y619.604 E527.57393
G1 X706.016 Y608.092 E49.70059
M73 P35 R447
;WIPE_START
G1 F600
G1 X706.016 Y615.092 E-10
;WIPE_END
G1 Z131 F15000
G1 X554.718 Y706.016 Z131
G1 Z130
G1 E17 F9000
G1 F2779.614
G1 X543.206 Y706.016 E49.70059
G1 X293.984 Y456.794 E1521.58569
G1 X293.984 Y445.282 E49.70059
;WIPE_START
G1 F600
G1 X293.984 Y452.282 E-10
;WIPE_END
G1 Z131 F15000
G1 X391.908 Y706.016 Z131
G1 Z130
G1 E17 F9000
G1 F2779.614
G1 X380.396 Y706.016 E49.70059
G1 X293.984 Y619.604 E527.57392
G1 X293.984 Y608.092 E49.70059
; stop printing object Cube id:0 copy 0
;LAYER_CHANGE
;Z:131.5
;HEIGHT:1.5
;BEFORE_LAYER_CHANGE
;131.5
G92 E0

EXCLUDE_OBJECT_END NAME=Cube_id_0_copy_0
;AFTER_LAYER_CHANGE
;131.5
;_SET_FAN_SPEED_CHANGING_LAYER
; printing object Cube id:0 copy 0
;WIPE_START
G1 F600
G1 X293.984 Y615.092 E-10
;WIPE_END
EXCLUDE_OBJECT_START NAME=Cube_id_0_copy_0
G1 Z132.5 F15000
G1 X291.538 Y708.462 Z132.5
G1 Z131.5
G1 E17 F9000
;TYPE:Outer wall
;WIDTH:3.2
G1 F2779.615
G1 X291.538 Y291.538 E1799.91857
G1 X708.462 Y291.538 E1799.91857
G1 X708.462 Y708.462 E1799.91857
M73 P36 R447
G1 X291.838 Y708.462 E1798.62343
;WIPE_START
G1 F600
G1 X291.833 Y701.462 E-10
;WIPE_END
G1 Z132.5 F15000
G1 X293.984 Y608.092 Z132.5
G1 Z131.5
G1 E17 F9000
;TYPE:Sparse infill
;WIDTH:3.2
G1 F2779.614
G1 X293.984 Y619.604 E49.70059
G1 X380.396 Y706.016 E527.57392
M73 P36 R446
G1 X391.908 Y706.016 E49.70059
;WIPE_START
G1 F600
G1 X384.908 Y706.016 E-10
;WIPE_END
G1 Z132.5 F15000
G1 X293.984 Y445.282 Z132.5
G1 Z131.5
G1 E17 F9000
G1 F2779.614
G1 X293.984 Y456.794 E49.70059
G1 X543.206 Y706.016 E1521.58569
G1 X554.718 Y706.016 E49.70059
;WIPE_START
G1 F600
G1 X547.718 Y706.016 E-10
;WIPE_END
G1 Z132.5 F15000
G1 X706.016 Y608.092 Z132.5
G1 Z131.5
G1 E17 F9000
G1 F2779.614
G1 X706.016 Y619.604 E49.70059
G1 X619.604 Y706.016 E527.57393
G1 X608.092 Y706.016 E49.70059
;WIPE_START
G1 F600
G1 X615.092 Y706.016 E-10
;WIPE_END
G1 Z132.5 F15000
G1 X706.016 Y445.282 Z132.5
G1 Z131.5
G1 E17 F9000
G1 F2779.614
G1 X706.016 Y456.794 E49.70059
G1 X456.794 Y706.016 E1521.58571
G1 X445.282 Y706.016 E49.70059
;WIPE_START
G1 F600
G1 X452.282 Y706.016 E-10
;WIPE_END
G1 Z132.5 F15000
G1 X445.282 Y293.984 Z132.5
G1 Z131.5
G1 E17 F9000
G1 F2779.614
G1 X456.794 Y293.984 E49.70059
G1 X706.016 Y543.206 E1521.58569
G1 X706.016 Y554.718 E49.70059
;WIPE_START
G1 F600
G1 X706.016 Y547.718 E-10
;WIPE_END
G1 Z132.5 F15000
G1 X694.503 Y293.984 Z132.5
G1 Z131.5
G1 E17 F9000
G1 F2779.614
G1 X706.016 Y293.984 E49.7003
G1 X293.984 Y706.016 E2515.59704
G1 X305.497 Y706.016 E49.70028
;WIPE_START
G1 F600
G1 X298.497 Y706.016 E-10
;WIPE_END
G1 Z132.5 F15000
G1 X305.497 Y293.984 Z132.5
G1 Z131.5
M73 P36 R445
G1 E17 F9000
G1 F2779.614
G1 X293.984 Y293.984 E49.70059
G1 X706.016 Y706.016 E2515.59745
G1 X694.503 Y706.016 E49.70059
;WIPE_START
G1 F600
G1 X701.503 Y706.016 E-10
;WIPE_END
G1 Z132.5 F15000
G1 X608.092 Y293.984 Z132.5
G1 Z131.5
G1 E17 F9000
G1 F2779.614
G1 X619.604 Y293.984 E49.70059
G1 X706.016 Y380.396 E527.57392
G1 X706.016 Y391.908 E49.70059
;WIPE_START
G1 F600
G1 X706.016 Y384.908 E-10
;WIPE_END
G1 Z132.5 F15000
G1 X554.718 Y293.984 Z132.5
G1 Z131.5
G1 E17 F9000
G1 F2779.614
G1 X543.206 Y293.984 E49.70059
G1 X293.984 Y543.206 E1521.58568
G1 X293.984 Y554.718 E49.70059
;WIPE_START
G1 F600
G1 X293.984 Y547.718 E-10
;WIPE_END
G1 Z132.5 F15000
G1 X391.908 Y293.984 Z132.5
G1 Z131.5
G1 E17 F9000
G1 F2779.614
G1 X380.396 Y293.984 E49.70059
G1 X293.984 Y380.396 E527.5739
G1 X293.984 Y391.908 E49.70059
; stop printing object Cube id:0 copy 0
;LAYER_CHANGE
;Z:133
;HEIGHT:1.5
;BEFORE_LAYER_CHANGE
;133
G92 E0

EXCLUDE_OBJECT_END NAME=Cube_id_0_copy_0
;AFTER_LAYER_CHANGE
;133
;_SET_FAN_SPEED_CHANGING_LAYER
; printing object Cube id:0 copy 0
;WIPE_START
G1 F600
G1 X293.984 Y384.908 E-10
;WIPE_END
EXCLUDE_OBJECT_START NAME=Cube_id_0_copy_0
G1 Z134 F15000
G1 X291.538 Y291.538 Z134
G1 Z133
G1 E17 F9000
;TYPE:Outer wall
;WIDTH:3.2
G1 F2779.615
G1 X708.462 Y291.538 E1799.91857
G1 X708.462 Y708.462 E1799.91857
G1 X291.538 Y708.462 E1799.91857
G1 X291.538 Y291.838 E1798.62343
M73 P36 R444
;WIPE_START
G1 F600
G1 X298.538 Y291.833 E-10
;WIPE_END
G1 Z134 F15000
G1 X293.984 Y391.908 Z134
G1 Z133
G1 E17 F9000
;TYPE:Sparse infill
;WIDTH:3.2
G1 F2779.614
G1 X293.984 Y380.396 E49.70059
G1 X380.396 Y293.984 E527.5739
G1 X391.908 Y293.984 E49.70059
;WIPE_START
G1 F600
G1 X384.908 Y293.984 E-10
;WIPE_END
G1 Z134 F15000
G1 X293.984 Y554.718 Z134
G1 Z133
G1 E17 F9000
G1 F2779.614
G1 X293.984 Y543.206 E49.70059
G1 X543.206 Y293.984 E1521.58568
G1 X554.718 Y293.984 E49.70059
;WIPE_START
G1 F600
G1 X547.718 Y293.984 E-10
;WIPE_END
G1 Z134 F15000
G1 X706.016 Y391.908 Z134
G1 Z133
G1 E17 F9000
G1 F2779.614
G1 X706.016 Y380.396 E49.70059
G1 X619.604 Y293.984 E527.57392
G1 X608.092 Y293.984 E49.70059
;WIPE_START
G1 F600
G1 X615.092 Y293.984 E-10
;WIPE_END
G1 Z134 F15000
G1 X706.016 Y554.718 Z134
G1 Z133
G1 E17 F9000
G1 F2779.614
G1 X706.016 Y543.206 E49.70059
G1 X456.794 Y293.984 E1521.58569
G1 X445.282 Y293.984 E49.70059
;WIPE_START
G1 F600
G1 X452.282 Y293.984 E-10
;WIPE_END
G1 Z134 F15000
G1 X445.282 Y706.016 Z134
G1 Z133
G1 E17 F9000
G1 F2779.614
G1 X456.794 Y706.016 E49.70059
G1 X706.016 Y456.794 E1521.58571
G1 X706.016 Y445.282 E49.70059
M73 P36 R443
;WIPE_START
G1 F600
G1 X706.016 Y452.282 E-10
;WIPE_END
G1 Z134 F15000
G1 X694.503 Y706.016 Z134
G1 Z133
G1 E17 F9000
G1 F2779.614
G1 X706.016 Y706.016 E49.70059
G1 X293.984 Y293.984 E2515.59745
G1 X305.497 Y293.984 E49.70059
;WIPE_START
G1 F600
G1 X298.497 Y293.984 E-10
;WIPE_END
G1 Z134 F15000
G1 X305.497 Y706.016 Z134
G1 Z133
G1 E17 F9000
G1 F2779.614
G1 X293.984 Y706.016 E49.70028
G1 X706.016 Y293.984 E2515.59704
G1 X694.503 Y293.984 E49.7003
;WIPE_START
G1 F600
G1 X701.503 Y293.984 E-10
;WIPE_END
G1 Z134 F15000
G1 X608.092 Y706.016 Z134
G1 Z133
G1 E17 F9000
G1 F2779.614
G1 X619.604 Y706.016 E49.70059
G1 X706.016 Y619.604 E527.57393
G1 X706.016 Y608.092 E49.70059
;WIPE_START
G1 F600
G1 X706.016 Y615.092 E-10
;WIPE_END
G1 Z134 F15000
G1 X554.718 Y706.016 Z134
G1 Z133
G1 E17 F9000
G1 F2779.614
G1 X543.206 Y706.016 E49.70059
G1 X293.984 Y456.794 E1521.58569
G1 X293.984 Y445.282 E49.70059
;WIPE_START
G1 F600
G1 X293.984 Y452.282 E-10
;WIPE_END
G1 Z134 F15000
G1 X391.908 Y706.016 Z134
G1 Z133
G1 E17 F9000
G1 F2779.614
G1 X380.396 Y706.016 E49.70059
G1 X293.984 Y619.604 E527.57392
G1 X293.984 Y608.092 E49.70059
; stop printing object Cube id:0 copy 0
;LAYER_CHANGE
;Z:134.5
;HEIGHT:1.5
;BEFORE_LAYER_CHANGE
;134.5
G92 E0

EXCLUDE_OBJECT_END NAME=Cube_id_0_copy_0
;AFTER_LAYER_CHANGE
;134.5
;_SET_FAN_SPEED_CHANGING_LAYER
; printing object Cube id:0 copy 0
;WIPE_START
G1 F600
G1 X293.984 Y615.092 E-10
;WIPE_END
EXCLUDE_OBJECT_START NAME=Cube_id_0_copy_0
G1 Z135.5 F15000
G1 X291.538 Y708.462 Z135.5
G1 Z134.5
G1 E17 F9000
;TYPE:Outer wall
;WIDTH:3.2
G1 F2779.615
G1 X291.538 Y291.538 E1799.91857
G1 X708.462 Y291.538 E1799.91857
M73 P36 R442
G1 X708.462 Y708.462 E1799.91857
G1 X291.838 Y708.462 E1798.62343
;WIPE_START
G1 F600
G1 X291.833 Y701.462 E-10
;WIPE_END
G1 Z135.5 F15000
G1 X293.984 Y608.092 Z135.5
G1 Z134.5
G1 E17 F9000
;TYPE:Sparse infill
;WIDTH:3.2
G1 F2779.614
G1 X293.984 Y619.604 E49.70059
G1 X380.396 Y706.016 E527.57392
G1 X391.908 Y706.016 E49.70059
;WIPE_START
G1 F600
G1 X384.908 Y706.016 E-10
;WIPE_END
G1 Z135.5 F15000
G1 X293.984 Y445.282 Z135.5
G1 Z134.5
G1 E17 F9000
G1 F2779.614
G1 X293.984 Y456.794 E49.70059
G1 X543.206 Y706.016 E1521.58569
G1 X554.718 Y706.016 E49.70059
;WIPE_START
G1 F600
G1 X547.718 Y706.016 E-10
;WIPE_END
G1 Z135.5 F15000
G1 X706.016 Y608.092 Z135.5
G1 Z134.5
G1 E17 F9000
G1 F2779.614
G1 X706.016 Y619.604 E49.70059
G1 X619.604 Y706.016 E527.57393
G1 X608.092 Y706.016 E49.70059
;WIPE_START
G1 F600
G1 X615.092 Y706.016 E-10
;WIPE_END
G1 Z135.5 F15000
G1 X706.016 Y445.282 Z135.5
G1 Z134.5
M73 P36 R441
G1 E17 F9000
G1 F2779.614
G1 X706.016 Y456.794 E49.70059
G1 X456.794 Y706.016 E1521.58571
G1 X445.282 Y706.016 E49.70059
;WIPE_START
G1 F600
G1 X452.282 Y706.016 E-10
;WIPE_END
G1 Z135.5 F15000
G1 X445.282 Y293.984 Z135.5
G1 Z134.5
G1 E17 F9000
G1 F2779.614
G1 X456.794 Y293.984 E49.70059
G1 X706.016 Y543.206 E1521.58569
G1 X706.016 Y554.718 E49.70059
;WIPE_START
G1 F600
G1 X706.016 Y547.718 E-10
;WIPE_END
G1 Z135.5 F15000
G1 X694.503 Y293.984 Z135.5
G1 Z134.5
G1 E17 F9000
G1 F2779.614
G1 X706.016 Y293.984 E49.7003
G1 X293.984 Y706.016 E2515.59704
G1 X305.497 Y706.016 E49.70028
;WIPE_START
G1 F600
G1 X298.497 Y706.016 E-10
;WIPE_END
G1 Z135.5 F15000
G1 X305.497 Y293.984 Z135.5
G1 Z134.5
G1 E17 F9000
G1 F2779.614
G1 X293.984 Y293.984 E49.70059
G1 X706.016 Y706.016 E2515.59745
G1 X694.503 Y706.016 E49.70059
;WIPE_START
G1 F600
G1 X701.503 Y706.016 E-10
;WIPE_END
G1 Z135.5 F15000
G1 X608.092 Y293.984 Z135.5
G1 Z134.5
G1 E17 F9000
G1 F2779.614
G1 X619.604 Y293.984 E49.70059
G1 X706.016 Y380.396 E527.57392
G1 X706.016 Y391.908 E49.70059
M73 P36 R440
;WIPE_START
G1 F600
G1 X706.016 Y384.908 E-10
;WIPE_END
G1 Z135.5 F15000
G1 X554.718 Y293.984 Z135.5
G1 Z134.5
G1 E17 F9000
G1 F2779.614
G1 X543.206 Y293.984 E49.70059
G1 X293.984 Y543.206 E1521.58568
G1 X293.984 Y554.718 E49.70059
;WIPE_START
G1 F600
G1 X293.984 Y547.718 E-10
;WIPE_END
G1 Z135.5 F15000
G1 X391.908 Y293.984 Z135.5
G1 Z134.5
G1 E17 F9000
G1 F2779.614
G1 X380.396 Y293.984 E49.70059
G1 X293.984 Y380.396 E527.5739
G1 X293.984 Y391.908 E49.70059
; stop printing object Cube id:0 copy 0
;LAYER_CHANGE
;Z:136
;HEIGHT:1.5
;BEFORE_LAYER_CHANGE
;136
G92 E0

EXCLUDE_OBJECT_END NAME=Cube_id_0_copy_0
;AFTER_LAYER_CHANGE
;136
;_SET_FAN_SPEED_CHANGING_LAYER
; printing object Cube id:0 copy 0
;WIPE_START
G1 F600
G1 X293.984 Y384.908 E-10
;WIPE_END
EXCLUDE_OBJECT_START NAME=Cube_id_0_copy_0
G1 Z137 F15000
G1 X291.538 Y291.538 Z137
G1 Z136
G1 E17 F9000
;TYPE:Outer wall
;WIDTH:3.2
G1 F2779.615
G1 X708.462 Y291.538 E1799.91857
G1 X708.462 Y708.462 E1799.91857
G1 X291.538 Y708.462 E1799.91857
M73 P37 R440
G1 X291.538 Y291.838 E1798.62343
;WIPE_START
G1 F600
G1 X298.538 Y291.833 E-10
;WIPE_END
G1 Z137 F15000
G1 X293.984 Y391.908 Z137
G1 Z136
G1 E17 F9000
;TYPE:Sparse infill
;WIDTH:3.2
G1 F2779.614
G1 X293.984 Y380.396 E49.70059
G1 X380.396 Y293.984 E527.5739
G1 X391.908 Y293.984 E49.70059
M73 P37 R439
;WIPE_START
G1 F600
G1 X384.908 Y293.984 E-10
;WIPE_END
G1 Z137 F15000
G1 X293.984 Y554.718 Z137
G1 Z136
G1 E17 F9000
G1 F2779.614
G1 X293.984 Y543.206 E49.70059
G1 X543.206 Y293.984 E1521.58568
G1 X554.718 Y293.984 E49.70059
;WIPE_START
G1 F600
G1 X547.718 Y293.984 E-10
;WIPE_END
G1 Z137 F15000
G1 X706.016 Y391.908 Z137
G1 Z136
G1 E17 F9000
G1 F2779.614
G1 X706.016 Y380.396 E49.70059
G1 X619.604 Y293.984 E527.57392
G1 X608.092 Y293.984 E49.70059
;WIPE_START
G1 F600
G1 X615.092 Y293.984 E-10
;WIPE_END
G1 Z137 F15000
G1 X706.016 Y554.718 Z137
G1 Z136
G1 E17 F9000
G1 F2779.614
G1 X706.016 Y543.206 E49.70059
G1 X456.794 Y293.984 E1521.58569
G1 X445.282 Y293.984 E49.70059
;WIPE_START
G1 F600
G1 X452.282 Y293.984 E-10
;WIPE_END
G1 Z137 F15000
G1 X445.282 Y706.016 Z137
G1 Z136
G1 E17 F9000
G1 F2779.614
G1 X456.794 Y706.016 E49.70059
G1 X706.016 Y456.794 E1521.58571
G1 X706.016 Y445.282 E49.70059
;WIPE_START
G1 F600
G1 X706.016 Y452.282 E-10
;WIPE_END
G1 Z137 F15000
G1 X694.503 Y706.016 Z137
G1 Z136
G1 E17 F9000
G1 F2779.614
G1 X706.016 Y706.016 E49.70059
G1 X293.984 Y293.984 E2515.59745
G1 X305.497 Y293.984 E49.70059
;WIPE_START
G1 F600
G1 X298.497 Y293.984 E-10
;WIPE_END
G1 Z137 F15000
G1 X305.497 Y706.016 Z137
G1 Z136
G1 E17 F9000
G1 F2779.614
G1 X293.984 Y706.016 E49.70028
G1 X706.016 Y293.984 E2515.59704
G1 X694.503 Y293.984 E49.7003
M73 P37 R438
;WIPE_START
G1 F600
G1 X701.503 Y293.984 E-10
;WIPE_END
G1 Z137 F15000
G1 X608.092 Y706.016 Z137
G1 Z136
G1 E17 F9000
G1 F2779.614
G1 X619.604 Y706.016 E49.70059
G1 X706.016 Y619.604 E527.57393
G1 X706.016 Y608.092 E49.70059
;WIPE_START
G1 F600
G1 X706.016 Y615.092 E-10
;WIPE_END
G1 Z137 F15000
G1 X554.718 Y706.016 Z137
G1 Z136
G1 E17 F9000
G1 F2779.614
G1 X543.206 Y706.016 E49.70059
G1 X293.984 Y456.794 E1521.58569
G1 X293.984 Y445.282 E49.70059
;WIPE_START
G1 F600
G1 X293.984 Y452.282 E-10
;WIPE_END
G1 Z137 F15000
G1 X391.908 Y706.016 Z137
G1 Z136
G1 E17 F9000
G1 F2779.614
G1 X380.396 Y706.016 E49.70059
G1 X293.984 Y619.604 E527.57392
G1 X293.984 Y608.092 E49.70059
; stop printing object Cube id:0 copy 0
;LAYER_CHANGE
;Z:137.5
;HEIGHT:1.5
;BEFORE_LAYER_CHANGE
;137.5
G92 E0

EXCLUDE_OBJECT_END NAME=Cube_id_0_copy_0
;AFTER_LAYER_CHANGE
;137.5
;_SET_FAN_SPEED_CHANGING_LAYER
; printing object Cube id:0 copy 0
;WIPE_START
G1 F600
G1 X293.984 Y615.092 E-10
;WIPE_END
EXCLUDE_OBJECT_START NAME=Cube_id_0_copy_0
G1 Z138.5 F15000
G1 X291.538 Y708.462 Z138.5
G1 Z137.5
G1 E17 F9000
;TYPE:Outer wall
;WIDTH:3.2
G1 F2779.615
G1 X291.538 Y291.538 E1799.91857
G1 X708.462 Y291.538 E1799.91857
G1 X708.462 Y708.462 E1799.91857
G1 X291.838 Y708.462 E1798.62343
M73 P37 R437
;WIPE_START
G1 F600
G1 X291.833 Y701.462 E-10
;WIPE_END
G1 Z138.5 F15000
G1 X293.984 Y608.092 Z138.5
G1 Z137.5
G1 E17 F9000
;TYPE:Sparse infill
;WIDTH:3.2
G1 F2779.614
G1 X293.984 Y619.604 E49.70059
G1 X380.396 Y706.016 E527.57392
G1 X391.908 Y706.016 E49.70059
;WIPE_START
G1 F600
G1 X384.908 Y706.016 E-10
;WIPE_END
G1 Z138.5 F15000
G1 X293.984 Y445.282 Z138.5
G1 Z137.5
G1 E17 F9000
G1 F2779.614
G1 X293.984 Y456.794 E49.70059
G1 X543.206 Y706.016 E1521.58569
G1 X554.718 Y706.016 E49.70059
;WIPE_START
G1 F600
G1 X547.718 Y706.016 E-10
;WIPE_END
G1 Z138.5 F15000
G1 X706.016 Y608.092 Z138.5
G1 Z137.5
G1 E17 F9000
G1 F2779.614
G1 X706.016 Y619.604 E49.70059
G1 X619.604 Y706.016 E527.57393
G1 X608.092 Y706.016 E49.70059
;WIPE_START
G1 F600
G1 X615.092 Y706.016 E-10
;WIPE_END
G1 Z138.5 F15000
G1 X706.016 Y445.282 Z138.5
G1 Z137.5
G1 E17 F9000
G1 F2779.614
G1 X706.016 Y456.794 E49.70059
G1 X456.794 Y706.016 E1521.58571
G1 X445.282 Y706.016 E49.70059
;WIPE_START
G1 F600
G1 X452.282 Y706.016 E-10
;WIPE_END
G1 Z138.5 F15000
G1 X445.282 Y293.984 Z138.5
G1 Z137.5
G1 E17 F9000
G1 F2779.614
G1 X456.794 Y293.984 E49.70059
G1 X706.016 Y543.206 E1521.58569
G1 X706.016 Y554.718 E49.70059
;WIPE_START
G1 F600
G1 X706.016 Y547.718 E-10
;WIPE_END
G1 Z138.5 F15000
M73 P37 R436
G1 X694.503 Y293.984 Z138.5
G1 Z137.5
G1 E17 F9000
G1 F2779.614
G1 X706.016 Y293.984 E49.7003
G1 X293.984 Y706.016 E2515.59704
G1 X305.497 Y706.016 E49.70028
;WIPE_START
G1 F600
G1 X298.497 Y706.016 E-10
;WIPE_END
G1 Z138.5 F15000
G1 X305.497 Y293.984 Z138.5
G1 Z137.5
G1 E17 F9000
G1 F2779.614
G1 X293.984 Y293.984 E49.70059
G1 X706.016 Y706.016 E2515.59745
G1 X694.503 Y706.016 E49.70059
;WIPE_START
G1 F600
G1 X701.503 Y706.016 E-10
;WIPE_END
G1 Z138.5 F15000
G1 X608.092 Y293.984 Z138.5
G1 Z137.5
G1 E17 F9000
G1 F2779.614
G1 X619.604 Y293.984 E49.70059
G1 X706.016 Y380.396 E527.57392
G1 X706.016 Y391.908 E49.70059
;WIPE_START
G1 F600
G1 X706.016 Y384.908 E-10
;WIPE_END
G1 Z138.5 F15000
G1 X554.718 Y293.984 Z138.5
G1 Z137.5
G1 E17 F9000
G1 F2779.614
G1 X543.206 Y293.984 E49.70059
G1 X293.984 Y543.206 E1521.58568
G1 X293.984 Y554.718 E49.70059
;WIPE_START
G1 F600
G1 X293.984 Y547.718 E-10
;WIPE_END
G1 Z138.5 F15000
G1 X391.908 Y293.984 Z138.5
G1 Z137.5
G1 E17 F9000
G1 F2779.614
G1 X380.396 Y293.984 E49.70059
G1 X293.984 Y380.396 E527.5739
G1 X293.984 Y391.908 E49.70059
; stop printing object Cube id:0 copy 0
;LAYER_CHANGE
;Z:139
;HEIGHT:1.5
;BEFORE_LAYER_CHANGE
;139
G92 E0

EXCLUDE_OBJECT_END NAME=Cube_id_0_copy_0
;AFTER_LAYER_CHANGE
;139
;_SET_FAN_SPEED_CHANGING_LAYER
; printing object Cube id:0 copy 0
;WIPE_START
G1 F600
G1 X293.984 Y384.908 E-10
;WIPE_END
EXCLUDE_OBJECT_START NAME=Cube_id_0_copy_0
G1 Z140 F15000
G1 X291.538 Y291.538 Z140
G1 Z139
G1 E17 F9000
;TYPE:Outer wall
;WIDTH:3.2
G1 F2779.615
G1 X708.462 Y291.538 E1799.91857
G1 X708.462 Y708.462 E1799.91857
M73 P37 R435
G1 X291.538 Y708.462 E1799.91857
G1 X291.538 Y291.838 E1798.62343
;WIPE_START
G1 F600
G1 X298.538 Y291.833 E-10
;WIPE_END
G1 Z140 F15000
G1 X293.984 Y391.908 Z140
G1 Z139
G1 E17 F9000
;TYPE:Sparse infill
;WIDTH:3.2
G1 F2779.614
G1 X293.984 Y380.396 E49.70059
G1 X380.396 Y293.984 E527.5739
G1 X391.908 Y293.984 E49.70059
;WIPE_START
G1 F600
G1 X384.908 Y293.984 E-10
;WIPE_END
G1 Z140 F15000
G1 X293.984 Y554.718 Z140
G1 Z139
G1 E17 F9000
G1 F2779.614
G1 X293.984 Y543.206 E49.70059
G1 X543.206 Y293.984 E1521.58568
G1 X554.718 Y293.984 E49.70059
;WIPE_START
G1 F600
G1 X547.718 Y293.984 E-10
;WIPE_END
G1 Z140 F15000
G1 X706.016 Y391.908 Z140
G1 Z139
G1 E17 F9000
G1 F2779.614
G1 X706.016 Y380.396 E49.70059
G1 X619.604 Y293.984 E527.57392
G1 X608.092 Y293.984 E49.70059
;WIPE_START
G1 F600
G1 X615.092 Y293.984 E-10
;WIPE_END
G1 Z140 F15000
G1 X706.016 Y554.718 Z140
G1 Z139
G1 E17 F9000
G1 F2779.614
G1 X706.016 Y543.206 E49.70059
G1 X456.794 Y293.984 E1521.58569
G1 X445.282 Y293.984 E49.70059
M73 P37 R434
;WIPE_START
G1 F600
G1 X452.282 Y293.984 E-10
;WIPE_END
G1 Z140 F15000
G1 X445.282 Y706.016 Z140
G1 Z139
G1 E17 F9000
G1 F2779.614
G1 X456.794 Y706.016 E49.70059
G1 X706.016 Y456.794 E1521.58571
G1 X706.016 Y445.282 E49.70059
;WIPE_START
G1 F600
G1 X706.016 Y452.282 E-10
;WIPE_END
G1 Z140 F15000
G1 X694.503 Y706.016 Z140
G1 Z139
G1 E17 F9000
G1 F2779.614
G1 X706.016 Y706.016 E49.70059
G1 X293.984 Y293.984 E2515.59745
G1 X305.497 Y293.984 E49.70059
;WIPE_START
G1 F600
G1 X298.497 Y293.984 E-10
;WIPE_END
G1 Z140 F15000
G1 X305.497 Y706.016 Z140
G1 Z139
G1 E17 F9000
G1 F2779.614
G1 X293.984 Y706.016 E49.70028
G1 X706.016 Y293.984 E2515.59704
G1 X694.503 Y293.984 E49.7003
;WIPE_START
G1 F600
G1 X701.503 Y293.984 E-10
;WIPE_END
G1 Z140 F15000
G1 X608.092 Y706.016 Z140
G1 Z139
G1 E17 F9000
G1 F2779.614
G1 X619.604 Y706.016 E49.70059
G1 X706.016 Y619.604 E527.57393
G1 X706.016 Y608.092 E49.70059
;WIPE_START
G1 F600
G1 X706.016 Y615.092 E-10
;WIPE_END
G1 Z140 F15000
G1 X554.718 Y706.016 Z140
G1 Z139
G1 E17 F9000
G1 F2779.614
M73 P37 R433
G1 X543.206 Y706.016 E49.70059
G1 X293.984 Y456.794 E1521.58569
G1 X293.984 Y445.282 E49.70059
;WIPE_START
G1 F600
G1 X293.984 Y452.282 E-10
;WIPE_END
G1 Z140 F15000
G1 X391.908 Y706.016 Z140
G1 Z139
G1 E17 F9000
G1 F2779.614
G1 X380.396 Y706.016 E49.70059
G1 X293.984 Y619.604 E527.57392
G1 X293.984 Y608.092 E49.70059
; stop printing object Cube id:0 copy 0
;LAYER_CHANGE
;Z:140.5
;HEIGHT:1.5
;BEFORE_LAYER_CHANGE
;140.5
G92 E0

EXCLUDE_OBJECT_END NAME=Cube_id_0_copy_0
;AFTER_LAYER_CHANGE
;140.5
;_SET_FAN_SPEED_CHANGING_LAYER
; printing object Cube id:0 copy 0
;WIPE_START
G1 F600
G1 X293.984 Y615.092 E-10
;WIPE_END
EXCLUDE_OBJECT_START NAME=Cube_id_0_copy_0
G1 Z141.5 F15000
G1 X291.538 Y708.462 Z141.5
G1 Z140.5
G1 E17 F9000
;TYPE:Outer wall
;WIDTH:3.2
G1 F2779.615
G1 X291.538 Y291.538 E1799.91857
G1 X708.462 Y291.538 E1799.91857
G1 X708.462 Y708.462 E1799.91857
M73 P38 R433
G1 X291.838 Y708.462 E1798.62343
;WIPE_START
G1 F600
G1 X291.833 Y701.462 E-10
;WIPE_END
G1 Z141.5 F15000
G1 X293.984 Y608.092 Z141.5
G1 Z140.5
G1 E17 F9000
;TYPE:Sparse infill
;WIDTH:3.2
G1 F2779.614
G1 X293.984 Y619.604 E49.70059
G1 X380.396 Y706.016 E527.57392
G1 X391.908 Y706.016 E49.70059
;WIPE_START
G1 F600
G1 X384.908 Y706.016 E-10
;WIPE_END
G1 Z141.5 F15000
G1 X293.984 Y445.282 Z141.5
G1 Z140.5
M73 P38 R432
G1 E17 F9000
G1 F2779.614
G1 X293.984 Y456.794 E49.70059
G1 X543.206 Y706.016 E1521.58569
G1 X554.718 Y706.016 E49.70059
;WIPE_START
G1 F600
G1 X547.718 Y706.016 E-10
;WIPE_END
G1 Z141.5 F15000
G1 X706.016 Y608.092 Z141.5
G1 Z140.5
G1 E17 F9000
G1 F2779.614
G1 X706.016 Y619.604 E49.70059
G1 X619.604 Y706.016 E527.57393
G1 X608.092 Y706.016 E49.70059
;WIPE_START
G1 F600
G1 X615.092 Y706.016 E-10
;WIPE_END
G1 Z141.5 F15000
G1 X706.016 Y445.282 Z141.5
G1 Z140.5
G1 E17 F9000
G1 F2779.614
G1 X706.016 Y456.794 E49.70059
G1 X456.794 Y706.016 E1521.58571
G1 X445.282 Y706.016 E49.70059
;WIPE_START
G1 F600
G1 X452.282 Y706.016 E-10
;WIPE_END
G1 Z141.5 F15000
G1 X445.282 Y293.984 Z141.5
G1 Z140.5
G1 E17 F9000
G1 F2779.614
G1 X456.794 Y293.984 E49.70059
G1 X706.016 Y543.206 E1521.58569
G1 X706.016 Y554.718 E49.70059
;WIPE_START
G1 F600
G1 X706.016 Y547.718 E-10
;WIPE_END
G1 Z141.5 F15000
G1 X694.503 Y293.984 Z141.5
G1 Z140.5
G1 E17 F9000
G1 F2779.614
G1 X706.016 Y293.984 E49.7003
G1 X293.984 Y706.016 E2515.59704
G1 X305.497 Y706.016 E49.70028
;WIPE_START
G1 F600
G1 X298.497 Y706.016 E-10
;WIPE_END
G1 Z141.5 F15000
G1 X305.497 Y293.984 Z141.5
G1 Z140.5
G1 E17 F9000
G1 F2779.614
G1 X293.984 Y293.984 E49.70059
G1 X706.016 Y706.016 E2515.59745
G1 X694.503 Y706.016 E49.70059
M73 P38 R431
;WIPE_START
G1 F600
G1 X701.503 Y706.016 E-10
;WIPE_END
G1 Z141.5 F15000
G1 X608.092 Y293.984 Z141.5
G1 Z140.5
G1 E17 F9000
G1 F2779.614
G1 X619.604 Y293.984 E49.70059
G1 X706.016 Y380.396 E527.57392
G1 X706.016 Y391.908 E49.70059
;WIPE_START
G1 F600
G1 X706.016 Y384.908 E-10
;WIPE_END
G1 Z141.5 F15000
G1 X554.718 Y293.984 Z141.5
G1 Z140.5
G1 E17 F9000
G1 F2779.614
G1 X543.206 Y293.984 E49.70059
G1 X293.984 Y543.206 E1521.58568
G1 X293.984 Y554.718 E49.70059
;WIPE_START
G1 F600
G1 X293.984 Y547.718 E-10
;WIPE_END
G1 Z141.5 F15000
G1 X391.908 Y293.984 Z141.5
G1 Z140.5
G1 E17 F9000
G1 F2779.614
G1 X380.396 Y293.984 E49.70059
G1 X293.984 Y380.396 E527.5739
G1 X293.984 Y391.908 E49.70059
; stop printing object Cube id:0 copy 0
;LAYER_CHANGE
;Z:142
;HEIGHT:1.5
;BEFORE_LAYER_CHANGE
;142
G92 E0

EXCLUDE_OBJECT_END NAME=Cube_id_0_copy_0
;AFTER_LAYER_CHANGE
;142
;_SET_FAN_SPEED_CHANGING_LAYER
; printing object Cube id:0 copy 0
;WIPE_START
G1 F600
G1 X293.984 Y384.908 E-10
;WIPE_END
EXCLUDE_OBJECT_START NAME=Cube_id_0_copy_0
G1 Z143 F15000
G1 X291.538 Y291.538 Z143
G1 Z142
G1 E17 F9000
;TYPE:Outer wall
;WIDTH:3.2
G1 F2779.615
G1 X708.462 Y291.538 E1799.91857
G1 X708.462 Y708.462 E1799.91857
G1 X291.538 Y708.462 E1799.91857
G1 X291.538 Y291.838 E1798.62343
M73 P38 R430
;WIPE_START
G1 F600
G1 X298.538 Y291.833 E-10
;WIPE_END
G1 Z143 F15000
G1 X293.984 Y391.908 Z143
G1 Z142
G1 E17 F9000
;TYPE:Sparse infill
;WIDTH:3.2
G1 F2779.614
G1 X293.984 Y380.396 E49.70059
G1 X380.396 Y293.984 E527.5739
G1 X391.908 Y293.984 E49.70059
;WIPE_START
G1 F600
G1 X384.908 Y293.984 E-10
;WIPE_END
G1 Z143 F15000
G1 X293.984 Y554.718 Z143
G1 Z142
G1 E17 F9000
G1 F2779.614
G1 X293.984 Y543.206 E49.70059
G1 X543.206 Y293.984 E1521.58568
G1 X554.718 Y293.984 E49.70059
;WIPE_START
G1 F600
G1 X547.718 Y293.984 E-10
;WIPE_END
G1 Z143 F15000
G1 X706.016 Y391.908 Z143
G1 Z142
G1 E17 F9000
G1 F2779.614
G1 X706.016 Y380.396 E49.70059
G1 X619.604 Y293.984 E527.57392
G1 X608.092 Y293.984 E49.70059
;WIPE_START
G1 F600
G1 X615.092 Y293.984 E-10
;WIPE_END
G1 Z143 F15000
G1 X706.016 Y554.718 Z143
G1 Z142
G1 E17 F9000
G1 F2779.614
G1 X706.016 Y543.206 E49.70059
G1 X456.794 Y293.984 E1521.58569
G1 X445.282 Y293.984 E49.70059
;WIPE_START
G1 F600
G1 X452.282 Y293.984 E-10
;WIPE_END
G1 Z143 F15000
G1 X445.282 Y706.016 Z143
G1 Z142
G1 E17 F9000
G1 F2779.614
G1 X456.794 Y706.016 E49.70059
G1 X706.016 Y456.794 E1521.58571
G1 X706.016 Y445.282 E49.70059
;WIPE_START
G1 F600
G1 X706.016 Y452.282 E-10
;WIPE_END
G1 Z143 F15000
G1 X694.503 Y706.016 Z143
G1 Z142
G1 E17 F9000
G1 F2779.614
G1 X706.016 Y706.016 E49.70059
G1 X293.984 Y293.984 E2515.59745
G1 X305.497 Y293.984 E49.70059
M73 P38 R429
;WIPE_START
G1 F600
G1 X298.497 Y293.984 E-10
;WIPE_END
G1 Z143 F15000
G1 X305.497 Y706.016 Z143
G1 Z142
G1 E17 F9000
G1 F2779.614
G1 X293.984 Y706.016 E49.70028
G1 X706.016 Y293.984 E2515.59704
G1 X694.503 Y293.984 E49.7003
;WIPE_START
G1 F600
G1 X701.503 Y293.984 E-10
;WIPE_END
G1 Z143 F15000
G1 X608.092 Y706.016 Z143
G1 Z142
G1 E17 F9000
G1 F2779.614
G1 X619.604 Y706.016 E49.70059
G1 X706.016 Y619.604 E527.57393
G1 X706.016 Y608.092 E49.70059
;WIPE_START
G1 F600
G1 X706.016 Y615.092 E-10
;WIPE_END
G1 Z143 F15000
G1 X554.718 Y706.016 Z143
G1 Z142
G1 E17 F9000
G1 F2779.614
G1 X543.206 Y706.016 E49.70059
G1 X293.984 Y456.794 E1521.58569
G1 X293.984 Y445.282 E49.70059
;WIPE_START
G1 F600
G1 X293.984 Y452.282 E-10
;WIPE_END
G1 Z143 F15000
G1 X391.908 Y706.016 Z143
G1 Z142
G1 E17 F9000
G1 F2779.614
G1 X380.396 Y706.016 E49.70059
G1 X293.984 Y619.604 E527.57392
G1 X293.984 Y608.092 E49.70059
; stop printing object Cube id:0 copy 0
;LAYER_CHANGE
;Z:143.5
;HEIGHT:1.5
;BEFORE_LAYER_CHANGE
;143.5
G92 E0

EXCLUDE_OBJECT_END NAME=Cube_id_0_copy_0
;AFTER_LAYER_CHANGE
;143.5
;_SET_FAN_SPEED_CHANGING_LAYER
; printing object Cube id:0 copy 0
;WIPE_START
G1 F600
G1 X293.984 Y615.092 E-10
;WIPE_END
EXCLUDE_OBJECT_START NAME=Cube_id_0_copy_0
G1 Z144.5 F15000
G1 X291.538 Y708.462 Z144.5
G1 Z143.5
G1 E17 F9000
;TYPE:Outer wall
;WIDTH:3.2
G1 F2779.615
G1 X291.538 Y291.538 E1799.91857
G1 X708.462 Y291.538 E1799.91857
M73 P38 R428
G1 X708.462 Y708.462 E1799.91857
G1 X291.838 Y708.462 E1798.62343
;WIPE_START
G1 F600
G1 X291.833 Y701.462 E-10
;WIPE_END
G1 Z144.5 F15000
G1 X293.984 Y608.092 Z144.5
G1 Z143.5
G1 E17 F9000
;TYPE:Sparse infill
;WIDTH:3.2
G1 F2779.614
G1 X293.984 Y619.604 E49.70059
G1 X380.396 Y706.016 E527.57392
G1 X391.908 Y706.016 E49.70059
;WIPE_START
G1 F600
G1 X384.908 Y706.016 E-10
;WIPE_END
G1 Z144.5 F15000
G1 X293.984 Y445.282 Z144.5
G1 Z143.5
G1 E17 F9000
G1 F2779.614
G1 X293.984 Y456.794 E49.70059
G1 X543.206 Y706.016 E1521.58569
G1 X554.718 Y706.016 E49.70059
;WIPE_START
G1 F600
G1 X547.718 Y706.016 E-10
;WIPE_END
G1 Z144.5 F15000
G1 X706.016 Y608.092 Z144.5
G1 Z143.5
G1 E17 F9000
G1 F2779.614
G1 X706.016 Y619.604 E49.70059
G1 X619.604 Y706.016 E527.57393
G1 X608.092 Y706.016 E49.70059
;WIPE_START
G1 F600
G1 X615.092 Y706.016 E-10
;WIPE_END
G1 Z144.5 F15000
G1 X706.016 Y445.282 Z144.5
G1 Z143.5
G1 E17 F9000
G1 F2779.614
G1 X706.016 Y456.794 E49.70059
G1 X456.794 Y706.016 E1521.58571
G1 X445.282 Y706.016 E49.70059
M73 P38 R427
;WIPE_START
G1 F600
G1 X452.282 Y706.016 E-10
;WIPE_END
G1 Z144.5 F15000
G1 X445.282 Y293.984 Z144.5
G1 Z143.5
G1 E17 F9000
G1 F2779.614
G1 X456.794 Y293.984 E49.70059
G1 X706.016 Y543.206 E1521.58569
G1 X706.016 Y554.718 E49.70059
;WIPE_START
G1 F600
G1 X706.016 Y547.718 E-10
;WIPE_END
G1 Z144.5 F15000
G1 X694.503 Y293.984 Z144.5
G1 Z143.5
G1 E17 F9000
G1 F2779.614
G1 X706.016 Y293.984 E49.7003
G1 X293.984 Y706.016 E2515.59704
G1 X305.497 Y706.016 E49.70028
;WIPE_START
G1 F600
G1 X298.497 Y706.016 E-10
;WIPE_END
G1 Z144.5 F15000
G1 X305.497 Y293.984 Z144.5
G1 Z143.5
G1 E17 F9000
G1 F2779.614
G1 X293.984 Y293.984 E49.70059
G1 X706.016 Y706.016 E2515.59745
G1 X694.503 Y706.016 E49.70059
;WIPE_START
G1 F600
G1 X701.503 Y706.016 E-10
;WIPE_END
G1 Z144.5 F15000
G1 X608.092 Y293.984 Z144.5
G1 Z143.5
G1 E17 F9000
G1 F2779.614
G1 X619.604 Y293.984 E49.70059
G1 X706.016 Y380.396 E527.57392
G1 X706.016 Y391.908 E49.70059
;WIPE_START
G1 F600
G1 X706.016 Y384.908 E-10
;WIPE_END
G1 Z144.5 F15000
G1 X554.718 Y293.984 Z144.5
G1 Z143.5
G1 E17 F9000
G1 F2779.614
G1 X543.206 Y293.984 E49.70059
G1 X293.984 Y543.206 E1521.58568
G1 X293.984 Y554.718 E49.70059
M73 P38 R426
;WIPE_START
G1 F600
G1 X293.984 Y547.718 E-10
;WIPE_END
G1 Z144.5 F15000
G1 X391.908 Y293.984 Z144.5
G1 Z143.5
G1 E17 F9000
G1 F2779.614
G1 X380.396 Y293.984 E49.70059
G1 X293.984 Y380.396 E527.5739
G1 X293.984 Y391.908 E49.70059
; stop printing object Cube id:0 copy 0
;LAYER_CHANGE
;Z:145
;HEIGHT:1.5
;BEFORE_LAYER_CHANGE
;145
G92 E0

EXCLUDE_OBJECT_END NAME=Cube_id_0_copy_0
;AFTER_LAYER_CHANGE
;145
;_SET_FAN_SPEED_CHANGING_LAYER
; printing object Cube id:0 copy 0
;WIPE_START
G1 F600
G1 X293.984 Y384.908 E-10
;WIPE_END
EXCLUDE_OBJECT_START NAME=Cube_id_0_copy_0
G1 Z146 F15000
G1 X291.538 Y291.538 Z146
G1 Z145
G1 E17 F9000
;TYPE:Outer wall
;WIDTH:3.2
G1 F2779.615
G1 X708.462 Y291.538 E1799.91857
G1 X708.462 Y708.462 E1799.91857
G1 X291.538 Y708.462 E1799.91857
M73 P39 R426
G1 X291.538 Y291.838 E1798.62343
;WIPE_START
G1 F600
G1 X298.538 Y291.833 E-10
;WIPE_END
G1 Z146 F15000
G1 X293.984 Y391.908 Z146
G1 Z145
G1 E17 F9000
;TYPE:Sparse infill
;WIDTH:3.2
G1 F2779.614
G1 X293.984 Y380.396 E49.70059
G1 X380.396 Y293.984 E527.5739
G1 X391.908 Y293.984 E49.70059
;WIPE_START
G1 F600
G1 X384.908 Y293.984 E-10
;WIPE_END
G1 Z146 F15000
G1 X293.984 Y554.718 Z146
G1 Z145
G1 E17 F9000
G1 F2779.614
G1 X293.984 Y543.206 E49.70059
G1 X543.206 Y293.984 E1521.58568
G1 X554.718 Y293.984 E49.70059
M73 P39 R425
;WIPE_START
G1 F600
G1 X547.718 Y293.984 E-10
;WIPE_END
G1 Z146 F15000
G1 X706.016 Y391.908 Z146
G1 Z145
G1 E17 F9000
G1 F2779.614
G1 X706.016 Y380.396 E49.70059
G1 X619.604 Y293.984 E527.57392
G1 X608.092 Y293.984 E49.70059
;WIPE_START
G1 F600
G1 X615.092 Y293.984 E-10
;WIPE_END
G1 Z146 F15000
G1 X706.016 Y554.718 Z146
G1 Z145
G1 E17 F9000
G1 F2779.614
G1 X706.016 Y543.206 E49.70059
G1 X456.794 Y293.984 E1521.58569
G1 X445.282 Y293.984 E49.70059
;WIPE_START
G1 F600
G1 X452.282 Y293.984 E-10
;WIPE_END
G1 Z146 F15000
G1 X445.282 Y706.016 Z146
G1 Z145
G1 E17 F9000
G1 F2779.614
G1 X456.794 Y706.016 E49.70059
G1 X706.016 Y456.794 E1521.58571
G1 X706.016 Y445.282 E49.70059
;WIPE_START
G1 F600
G1 X706.016 Y452.282 E-10
;WIPE_END
G1 Z146 F15000
G1 X694.503 Y706.016 Z146
G1 Z145
G1 E17 F9000
G1 F2779.614
G1 X706.016 Y706.016 E49.70059
G1 X293.984 Y293.984 E2515.59745
G1 X305.497 Y293.984 E49.70059
;WIPE_START
G1 F600
G1 X298.497 Y293.984 E-10
;WIPE_END
G1 Z146 F15000
G1 X305.497 Y706.016 Z146
G1 Z145
G1 E17 F9000
G1 F2779.614
G1 X293.984 Y706.016 E49.70028
G1 X706.016 Y293.984 E2515.59704
G1 X694.503 Y293.984 E49.7003
M73 P39 R424
;WIPE_START
G1 F600
G1 X701.503 Y293.984 E-10
;WIPE_END
G1 Z146 F15000
G1 X608.092 Y706.016 Z146
G1 Z145
G1 E17 F9000
G1 F2779.614
G1 X619.604 Y706.016 E49.70059
G1 X706.016 Y619.604 E527.57393
G1 X706.016 Y608.092 E49.70059
;WIPE_START
G1 F600
G1 X706.016 Y615.092 E-10
;WIPE_END
G1 Z146 F15000
G1 X554.718 Y706.016 Z146
G1 Z145
G1 E17 F9000
G1 F2779.614
G1 X543.206 Y706.016 E49.70059
G1 X293.984 Y456.794 E1521.58569
G1 X293.984 Y445.282 E49.70059
;WIPE_START
G1 F600
G1 X293.984 Y452.282 E-10
;WIPE_END
G1 Z146 F15000
G1 X391.908 Y706.016 Z146
G1 Z145
G1 E17 F9000
G1 F2779.614
G1 X380.396 Y706.016 E49.70059
G1 X293.984 Y619.604 E527.57392
G1 X293.984 Y608.092 E49.70059
; stop printing object Cube id:0 copy 0
;LAYER_CHANGE
;Z:146.5
;HEIGHT:1.5
;BEFORE_LAYER_CHANGE
;146.5
G92 E0

EXCLUDE_OBJECT_END NAME=Cube_id_0_copy_0
;AFTER_LAYER_CHANGE
;146.5
;_SET_FAN_SPEED_CHANGING_LAYER
; printing object Cube id:0 copy 0
;WIPE_START
G1 F600
G1 X293.984 Y615.092 E-10
;WIPE_END
EXCLUDE_OBJECT_START NAME=Cube_id_0_copy_0
G1 Z147.5 F15000
G1 X291.538 Y708.462 Z147.5
G1 Z146.5
G1 E17 F9000
;TYPE:Outer wall
;WIDTH:3.2
G1 F2779.615
G1 X291.538 Y291.538 E1799.91857
G1 X708.462 Y291.538 E1799.91857
G1 X708.462 Y708.462 E1799.91857
G1 X291.838 Y708.462 E1798.62343
M73 P39 R423
;WIPE_START
G1 F600
G1 X291.833 Y701.462 E-10
;WIPE_END
G1 Z147.5 F15000
G1 X293.984 Y608.092 Z147.5
G1 Z146.5
G1 E17 F9000
;TYPE:Sparse infill
;WIDTH:3.2
G1 F2779.614
G1 X293.984 Y619.604 E49.70059
G1 X380.396 Y706.016 E527.57392
G1 X391.908 Y706.016 E49.70059
;WIPE_START
G1 F600
G1 X384.908 Y706.016 E-10
;WIPE_END
G1 Z147.5 F15000
G1 X293.984 Y445.282 Z147.5
G1 Z146.5
G1 E17 F9000
G1 F2779.614
G1 X293.984 Y456.794 E49.70059
G1 X543.206 Y706.016 E1521.58569
G1 X554.718 Y706.016 E49.70059
;WIPE_START
G1 F600
G1 X547.718 Y706.016 E-10
;WIPE_END
G1 Z147.5 F15000
G1 X706.016 Y608.092 Z147.5
G1 Z146.5
G1 E17 F9000
G1 F2779.614
G1 X706.016 Y619.604 E49.70059
G1 X619.604 Y706.016 E527.57393
G1 X608.092 Y706.016 E49.70059
;WIPE_START
G1 F600
G1 X615.092 Y706.016 E-10
;WIPE_END
G1 Z147.5 F15000
G1 X706.016 Y445.282 Z147.5
G1 Z146.5
G1 E17 F9000
G1 F2779.614
G1 X706.016 Y456.794 E49.70059
G1 X456.794 Y706.016 E1521.58571
G1 X445.282 Y706.016 E49.70059
;WIPE_START
G1 F600
G1 X452.282 Y706.016 E-10
;WIPE_END
G1 Z147.5 F15000
G1 X445.282 Y293.984 Z147.5
G1 Z146.5
G1 E17 F9000
G1 F2779.614
G1 X456.794 Y293.984 E49.70059
G1 X706.016 Y543.206 E1521.58569
G1 X706.016 Y554.718 E49.70059
;WIPE_START
G1 F600
G1 X706.016 Y547.718 E-10
;WIPE_END
G1 Z147.5 F15000
G1 X694.503 Y293.984 Z147.5
G1 Z146.5
G1 E17 F9000
G1 F2779.614
G1 X706.016 Y293.984 E49.7003
G1 X293.984 Y706.016 E2515.59704
G1 X305.497 Y706.016 E49.70028
M73 P39 R422
;WIPE_START
G1 F600
G1 X298.497 Y706.016 E-10
;WIPE_END
G1 Z147.5 F15000
G1 X305.497 Y293.984 Z147.5
G1 Z146.5
G1 E17 F9000
G1 F2779.614
G1 X293.984 Y293.984 E49.70059
G1 X706.016 Y706.016 E2515.59745
G1 X694.503 Y706.016 E49.70059
;WIPE_START
G1 F600
G1 X701.503 Y706.016 E-10
;WIPE_END
G1 Z147.5 F15000
G1 X608.092 Y293.984 Z147.5
G1 Z146.5
G1 E17 F9000
G1 F2779.614
G1 X619.604 Y293.984 E49.70059
G1 X706.016 Y380.396 E527.57392
G1 X706.016 Y391.908 E49.70059
;WIPE_START
G1 F600
G1 X706.016 Y384.908 E-10
;WIPE_END
G1 Z147.5 F15000
G1 X554.718 Y293.984 Z147.5
G1 Z146.5
G1 E17 F9000
G1 F2779.614
G1 X543.206 Y293.984 E49.70059
G1 X293.984 Y543.206 E1521.58568
G1 X293.984 Y554.718 E49.70059
;WIPE_START
G1 F600
G1 X293.984 Y547.718 E-10
;WIPE_END
G1 Z147.5 F15000
G1 X391.908 Y293.984 Z147.5
G1 Z146.5
G1 E17 F9000
G1 F2779.614
G1 X380.396 Y293.984 E49.70059
G1 X293.984 Y380.396 E527.5739
G1 X293.984 Y391.908 E49.70059
; stop printing object Cube id:0 copy 0
;LAYER_CHANGE
;Z:148
;HEIGHT:1.5
;BEFORE_LAYER_CHANGE
;148
G92 E0

EXCLUDE_OBJECT_END NAME=Cube_id_0_copy_0
;AFTER_LAYER_CHANGE
;148
;_SET_FAN_SPEED_CHANGING_LAYER
; printing object Cube id:0 copy 0
;WIPE_START
G1 F600
G1 X293.984 Y384.908 E-10
;WIPE_END
EXCLUDE_OBJECT_START NAME=Cube_id_0_copy_0
G1 Z149 F15000
G1 X291.538 Y291.538 Z149
G1 Z148
G1 E17 F9000
;TYPE:Outer wall
;WIDTH:3.2
G1 F2779.615
G1 X708.462 Y291.538 E1799.91857
G1 X708.462 Y708.462 E1799.91857
M73 P39 R421
G1 X291.538 Y708.462 E1799.91857
G1 X291.538 Y291.838 E1798.62343
;WIPE_START
G1 F600
G1 X298.538 Y291.833 E-10
;WIPE_END
G1 Z149 F15000
G1 X293.984 Y391.908 Z149
G1 Z148
G1 E17 F9000
;TYPE:Sparse infill
;WIDTH:3.2
G1 F2779.614
G1 X293.984 Y380.396 E49.70059
G1 X380.396 Y293.984 E527.5739
G1 X391.908 Y293.984 E49.70059
;WIPE_START
G1 F600
G1 X384.908 Y293.984 E-10
;WIPE_END
G1 Z149 F15000
G1 X293.984 Y554.718 Z149
G1 Z148
G1 E17 F9000
G1 F2779.614
G1 X293.984 Y543.206 E49.70059
G1 X543.206 Y293.984 E1521.58568
G1 X554.718 Y293.984 E49.70059
;WIPE_START
G1 F600
G1 X547.718 Y293.984 E-10
;WIPE_END
G1 Z149 F15000
G1 X706.016 Y391.908 Z149
G1 Z148
G1 E17 F9000
G1 F2779.614
G1 X706.016 Y380.396 E49.70059
G1 X619.604 Y293.984 E527.57392
G1 X608.092 Y293.984 E49.70059
;WIPE_START
G1 F600
G1 X615.092 Y293.984 E-10
;WIPE_END
G1 Z149 F15000
G1 X706.016 Y554.718 Z149
G1 Z148
G1 E17 F9000
G1 F2779.614
G1 X706.016 Y543.206 E49.70059
G1 X456.794 Y293.984 E1521.58569
G1 X445.282 Y293.984 E49.70059
M73 P39 R420
;WIPE_START
G1 F600
G1 X452.282 Y293.984 E-10
;WIPE_END
G1 Z149 F15000
G1 X445.282 Y706.016 Z149
G1 Z148
G1 E17 F9000
G1 F2779.614
G1 X456.794 Y706.016 E49.70059
G1 X706.016 Y456.794 E1521.58571
G1 X706.016 Y445.282 E49.70059
;WIPE_START
G1 F600
G1 X706.016 Y452.282 E-10
;WIPE_END
G1 Z149 F15000
G1 X694.503 Y706.016 Z149
G1 Z148
G1 E17 F9000
G1 F2779.614
G1 X706.016 Y706.016 E49.70059
G1 X293.984 Y293.984 E2515.59745
G1 X305.497 Y293.984 E49.70059
;WIPE_START
G1 F600
G1 X298.497 Y293.984 E-10
;WIPE_END
G1 Z149 F15000
G1 X305.497 Y706.016 Z149
G1 Z148
G1 E17 F9000
G1 F2779.614
G1 X293.984 Y706.016 E49.70028
G1 X706.016 Y293.984 E2515.59704
G1 X694.503 Y293.984 E49.7003
;WIPE_START
G1 F600
G1 X701.503 Y293.984 E-10
;WIPE_END
G1 Z149 F15000
G1 X608.092 Y706.016 Z149
G1 Z148
G1 E17 F9000
G1 F2779.614
G1 X619.604 Y706.016 E49.70059
G1 X706.016 Y619.604 E527.57393
G1 X706.016 Y608.092 E49.70059
;WIPE_START
G1 F600
G1 X706.016 Y615.092 E-10
;WIPE_END
G1 Z149 F15000
G1 X554.718 Y706.016 Z149
G1 Z148
G1 E17 F9000
G1 F2779.614
G1 X543.206 Y706.016 E49.70059
G1 X293.984 Y456.794 E1521.58569
G1 X293.984 Y445.282 E49.70059
M73 P39 R419
;WIPE_START
G1 F600
G1 X293.984 Y452.282 E-10
;WIPE_END
G1 Z149 F15000
G1 X391.908 Y706.016 Z149
G1 Z148
G1 E17 F9000
G1 F2779.614
G1 X380.396 Y706.016 E49.70059
G1 X293.984 Y619.604 E527.57392
G1 X293.984 Y608.092 E49.70059
; stop printing object Cube id:0 copy 0
;LAYER_CHANGE
;Z:149.5
;HEIGHT:1.5
;BEFORE_LAYER_CHANGE
;149.5
G92 E0

EXCLUDE_OBJECT_END NAME=Cube_id_0_copy_0
;AFTER_LAYER_CHANGE
;149.5
;_SET_FAN_SPEED_CHANGING_LAYER
; printing object Cube id:0 copy 0
;WIPE_START
G1 F600
G1 X293.984 Y615.092 E-10
;WIPE_END
EXCLUDE_OBJECT_START NAME=Cube_id_0_copy_0
G1 Z150.5 F15000
G1 X291.538 Y708.462 Z150.5
G1 Z149.5
G1 E17 F9000
;TYPE:Outer wall
;WIDTH:3.2
G1 F2779.615
G1 X291.538 Y291.538 E1799.91857
G1 X708.462 Y291.538 E1799.91857
G1 X708.462 Y708.462 E1799.91857
G1 X291.838 Y708.462 E1798.62343
M73 P40 R419
;WIPE_START
G1 F600
G1 X291.833 Y701.462 E-10
;WIPE_END
G1 Z150.5 F15000
G1 X293.984 Y608.092 Z150.5
G1 Z149.5
G1 E17 F9000
;TYPE:Sparse infill
;WIDTH:3.2
G1 F2779.614
G1 X293.984 Y619.604 E49.70059
G1 X380.396 Y706.016 E527.57392
G1 X391.908 Y706.016 E49.70059
;WIPE_START
G1 F600
G1 X384.908 Y706.016 E-10
;WIPE_END
G1 Z150.5 F15000
G1 X293.984 Y445.282 Z150.5
G1 Z149.5
G1 E17 F9000
G1 F2779.614
G1 X293.984 Y456.794 E49.70059
G1 X543.206 Y706.016 E1521.58569
G1 X554.718 Y706.016 E49.70059
M73 P40 R418
;WIPE_START
G1 F600
G1 X547.718 Y706.016 E-10
;WIPE_END
G1 Z150.5 F15000
G1 X706.016 Y608.092 Z150.5
G1 Z149.5
G1 E17 F9000
G1 F2779.614
G1 X706.016 Y619.604 E49.70059
G1 X619.604 Y706.016 E527.57393
G1 X608.092 Y706.016 E49.70059
;WIPE_START
G1 F600
G1 X615.092 Y706.016 E-10
;WIPE_END
G1 Z150.5 F15000
G1 X706.016 Y445.282 Z150.5
G1 Z149.5
G1 E17 F9000
G1 F2779.614
G1 X706.016 Y456.794 E49.70059
G1 X456.794 Y706.016 E1521.58571
G1 X445.282 Y706.016 E49.70059
;WIPE_START
G1 F600
G1 X452.282 Y706.016 E-10
;WIPE_END
G1 Z150.5 F15000
G1 X445.282 Y293.984 Z150.5
G1 Z149.5
G1 E17 F9000
G1 F2779.614
G1 X456.794 Y293.984 E49.70059
G1 X706.016 Y543.206 E1521.58569
G1 X706.016 Y554.718 E49.70059
;WIPE_START
G1 F600
G1 X706.016 Y547.718 E-10
;WIPE_END
G1 Z150.5 F15000
G1 X694.503 Y293.984 Z150.5
G1 Z149.5
G1 E17 F9000
G1 F2779.614
G1 X706.016 Y293.984 E49.7003
G1 X293.984 Y706.016 E2515.59704
G1 X305.497 Y706.016 E49.70028
;WIPE_START
G1 F600
G1 X298.497 Y706.016 E-10
;WIPE_END
G1 Z150.5 F15000
G1 X305.497 Y293.984 Z150.5
G1 Z149.5
G1 E17 F9000
G1 F2779.614
G1 X293.984 Y293.984 E49.70059
G1 X706.016 Y706.016 E2515.59745
G1 X694.503 Y706.016 E49.70059
M73 P40 R417
;WIPE_START
G1 F600
G1 X701.503 Y706.016 E-10
;WIPE_END
G1 Z150.5 F15000
G1 X608.092 Y293.984 Z150.5
G1 Z149.5
G1 E17 F9000
G1 F2779.614
G1 X619.604 Y293.984 E49.70059
G1 X706.016 Y380.396 E527.57392
G1 X706.016 Y391.908 E49.70059
;WIPE_START
G1 F600
G1 X706.016 Y384.908 E-10
;WIPE_END
G1 Z150.5 F15000
G1 X554.718 Y293.984 Z150.5
G1 Z149.5
G1 E17 F9000
G1 F2779.614
G1 X543.206 Y293.984 E49.70059
G1 X293.984 Y543.206 E1521.58568
G1 X293.984 Y554.718 E49.70059
;WIPE_START
G1 F600
G1 X293.984 Y547.718 E-10
;WIPE_END
G1 Z150.5 F15000
G1 X391.908 Y293.984 Z150.5
G1 Z149.5
G1 E17 F9000
G1 F2779.614
G1 X380.396 Y293.984 E49.70059
G1 X293.984 Y380.396 E527.5739
G1 X293.984 Y391.908 E49.70059
; stop printing object Cube id:0 copy 0
;LAYER_CHANGE
;Z:151
;HEIGHT:1.5
;BEFORE_LAYER_CHANGE
;151
G92 E0

EXCLUDE_OBJECT_END NAME=Cube_id_0_copy_0
;AFTER_LAYER_CHANGE
;151
;_SET_FAN_SPEED_CHANGING_LAYER
; printing object Cube id:0 copy 0
;WIPE_START
G1 F600
G1 X293.984 Y384.908 E-10
;WIPE_END
EXCLUDE_OBJECT_START NAME=Cube_id_0_copy_0
G1 Z152 F15000
G1 X291.538 Y291.538 Z152
G1 Z151
G1 E17 F9000
;TYPE:Outer wall
;WIDTH:3.2
G1 F2779.615
G1 X708.462 Y291.538 E1799.91857
G1 X708.462 Y708.462 E1799.91857
G1 X291.538 Y708.462 E1799.91857
G1 X291.538 Y291.838 E1798.62343
;WIPE_START
G1 F600
M73 P40 R416
G1 X298.538 Y291.833 E-10
;WIPE_END
G1 Z152 F15000
G1 X293.984 Y391.908 Z152
G1 Z151
G1 E17 F9000
;TYPE:Sparse infill
;WIDTH:3.2
G1 F2779.614
G1 X293.984 Y380.396 E49.70059
G1 X380.396 Y293.984 E527.5739
G1 X391.908 Y293.984 E49.70059
;WIPE_START
G1 F600
G1 X384.908 Y293.984 E-10
;WIPE_END
G1 Z152 F15000
G1 X293.984 Y554.718 Z152
G1 Z151
G1 E17 F9000
G1 F2779.614
G1 X293.984 Y543.206 E49.70059
G1 X543.206 Y293.984 E1521.58568
G1 X554.718 Y293.984 E49.70059
;WIPE_START
G1 F600
G1 X547.718 Y293.984 E-10
;WIPE_END
G1 Z152 F15000
G1 X706.016 Y391.908 Z152
G1 Z151
G1 E17 F9000
G1 F2779.614
G1 X706.016 Y380.396 E49.70059
G1 X619.604 Y293.984 E527.57392
G1 X608.092 Y293.984 E49.70059
;WIPE_START
G1 F600
G1 X615.092 Y293.984 E-10
;WIPE_END
G1 Z152 F15000
G1 X706.016 Y554.718 Z152
G1 Z151
G1 E17 F9000
G1 F2779.614
G1 X706.016 Y543.206 E49.70059
G1 X456.794 Y293.984 E1521.58569
G1 X445.282 Y293.984 E49.70059
;WIPE_START
G1 F600
G1 X452.282 Y293.984 E-10
;WIPE_END
G1 Z152 F15000
G1 X445.282 Y706.016 Z152
G1 Z151
G1 E17 F9000
G1 F2779.614
G1 X456.794 Y706.016 E49.70059
G1 X706.016 Y456.794 E1521.58571
G1 X706.016 Y445.282 E49.70059
;WIPE_START
G1 F600
G1 X706.016 Y452.282 E-10
;WIPE_END
G1 Z152 F15000
G1 X694.503 Y706.016 Z152
G1 Z151
G1 E17 F9000
G1 F2779.614
G1 X706.016 Y706.016 E49.70059
G1 X293.984 Y293.984 E2515.59745
G1 X305.497 Y293.984 E49.70059
M73 P40 R415
;WIPE_START
G1 F600
G1 X298.497 Y293.984 E-10
;WIPE_END
G1 Z152 F15000
G1 X305.497 Y706.016 Z152
G1 Z151
G1 E17 F9000
G1 F2779.614
G1 X293.984 Y706.016 E49.70028
G1 X706.016 Y293.984 E2515.59704
G1 X694.503 Y293.984 E49.7003
;WIPE_START
G1 F600
G1 X701.503 Y293.984 E-10
;WIPE_END
G1 Z152 F15000
G1 X608.092 Y706.016 Z152
G1 Z151
G1 E17 F9000
G1 F2779.614
G1 X619.604 Y706.016 E49.70059
G1 X706.016 Y619.604 E527.57393
G1 X706.016 Y608.092 E49.70059
;WIPE_START
G1 F600
G1 X706.016 Y615.092 E-10
;WIPE_END
G1 Z152 F15000
G1 X554.718 Y706.016 Z152
G1 Z151
G1 E17 F9000
G1 F2779.614
G1 X543.206 Y706.016 E49.70059
G1 X293.984 Y456.794 E1521.58569
G1 X293.984 Y445.282 E49.70059
;WIPE_START
G1 F600
G1 X293.984 Y452.282 E-10
;WIPE_END
G1 Z152 F15000
G1 X391.908 Y706.016 Z152
G1 Z151
G1 E17 F9000
G1 F2779.614
G1 X380.396 Y706.016 E49.70059
G1 X293.984 Y619.604 E527.57392
G1 X293.984 Y608.092 E49.70059
; stop printing object Cube id:0 copy 0
;LAYER_CHANGE
;Z:152.5
;HEIGHT:1.5
;BEFORE_LAYER_CHANGE
;152.5
G92 E0

EXCLUDE_OBJECT_END NAME=Cube_id_0_copy_0
;AFTER_LAYER_CHANGE
;152.5
;_SET_FAN_SPEED_CHANGING_LAYER
; printing object Cube id:0 copy 0
;WIPE_START
G1 F600
G1 X293.984 Y615.092 E-10
;WIPE_END
EXCLUDE_OBJECT_START NAME=Cube_id_0_copy_0
G1 Z153.5 F15000
G1 X291.538 Y708.462 Z153.5
G1 Z152.5
G1 E17 F9000
;TYPE:Outer wall
;WIDTH:3.2
G1 F2779.615
G1 X291.538 Y291.538 E1799.91857
G1 X708.462 Y291.538 E1799.91857
G1 X708.462 Y708.462 E1799.91857
M73 P40 R414
G1 X291.838 Y708.462 E1798.62343
;WIPE_START
G1 F600
G1 X291.833 Y701.462 E-10
;WIPE_END
G1 Z153.5 F15000
G1 X293.984 Y608.092 Z153.5
G1 Z152.5
G1 E17 F9000
;TYPE:Sparse infill
;WIDTH:3.2
G1 F2779.614
G1 X293.984 Y619.604 E49.70059
G1 X380.396 Y706.016 E527.57392
G1 X391.908 Y706.016 E49.70059
;WIPE_START
G1 F600
G1 X384.908 Y706.016 E-10
;WIPE_END
G1 Z153.5 F15000
G1 X293.984 Y445.282 Z153.5
G1 Z152.5
G1 E17 F9000
G1 F2779.614
G1 X293.984 Y456.794 E49.70059
G1 X543.206 Y706.016 E1521.58569
G1 X554.718 Y706.016 E49.70059
;WIPE_START
G1 F600
G1 X547.718 Y706.016 E-10
;WIPE_END
G1 Z153.5 F15000
G1 X706.016 Y608.092 Z153.5
G1 Z152.5
G1 E17 F9000
G1 F2779.614
G1 X706.016 Y619.604 E49.70059
G1 X619.604 Y706.016 E527.57393
G1 X608.092 Y706.016 E49.70059
;WIPE_START
G1 F600
G1 X615.092 Y706.016 E-10
;WIPE_END
G1 Z153.5 F15000
G1 X706.016 Y445.282 Z153.5
G1 Z152.5
G1 E17 F9000
G1 F2779.614
G1 X706.016 Y456.794 E49.70059
G1 X456.794 Y706.016 E1521.58571
G1 X445.282 Y706.016 E49.70059
;WIPE_START
G1 F600
G1 X452.282 Y706.016 E-10
;WIPE_END
G1 Z153.5 F15000
M73 P40 R413
G1 X445.282 Y293.984 Z153.5
G1 Z152.5
G1 E17 F9000
G1 F2779.614
G1 X456.794 Y293.984 E49.70059
G1 X706.016 Y543.206 E1521.58569
G1 X706.016 Y554.718 E49.70059
;WIPE_START
G1 F600
G1 X706.016 Y547.718 E-10
;WIPE_END
G1 Z153.5 F15000
G1 X694.503 Y293.984 Z153.5
G1 Z152.5
G1 E17 F9000
G1 F2779.614
G1 X706.016 Y293.984 E49.7003
G1 X293.984 Y706.016 E2515.59704
G1 X305.497 Y706.016 E49.70028
;WIPE_START
G1 F600
G1 X298.497 Y706.016 E-10
;WIPE_END
G1 Z153.5 F15000
G1 X305.497 Y293.984 Z153.5
G1 Z152.5
G1 E17 F9000
G1 F2779.614
G1 X293.984 Y293.984 E49.70059
G1 X706.016 Y706.016 E2515.59745
G1 X694.503 Y706.016 E49.70059
;WIPE_START
G1 F600
G1 X701.503 Y706.016 E-10
;WIPE_END
G1 Z153.5 F15000
G1 X608.092 Y293.984 Z153.5
G1 Z152.5
G1 E17 F9000
G1 F2779.614
G1 X619.604 Y293.984 E49.70059
G1 X706.016 Y380.396 E527.57392
G1 X706.016 Y391.908 E49.70059
;WIPE_START
G1 F600
G1 X706.016 Y384.908 E-10
;WIPE_END
G1 Z153.5 F15000
G1 X554.718 Y293.984 Z153.5
G1 Z152.5
G1 E17 F9000
G1 F2779.614
G1 X543.206 Y293.984 E49.70059
G1 X293.984 Y543.206 E1521.58568
G1 X293.984 Y554.718 E49.70059
M73 P40 R412
;WIPE_START
G1 F600
G1 X293.984 Y547.718 E-10
;WIPE_END
G1 Z153.5 F15000
G1 X391.908 Y293.984 Z153.5
G1 Z152.5
G1 E17 F9000
G1 F2779.614
G1 X380.396 Y293.984 E49.70059
G1 X293.984 Y380.396 E527.5739
G1 X293.984 Y391.908 E49.70059
; stop printing object Cube id:0 copy 0
;LAYER_CHANGE
;Z:154
;HEIGHT:1.5
;BEFORE_LAYER_CHANGE
;154
G92 E0

EXCLUDE_OBJECT_END NAME=Cube_id_0_copy_0
;AFTER_LAYER_CHANGE
;154
;_SET_FAN_SPEED_CHANGING_LAYER
; printing object Cube id:0 copy 0
;WIPE_START
G1 F600
G1 X293.984 Y384.908 E-10
;WIPE_END
EXCLUDE_OBJECT_START NAME=Cube_id_0_copy_0
G1 Z155 F15000
G1 X291.538 Y291.538 Z155
G1 Z154
G1 E17 F9000
;TYPE:Outer wall
;WIDTH:3.2
G1 F2779.615
G1 X708.462 Y291.538 E1799.91857
G1 X708.462 Y708.462 E1799.91857
G1 X291.538 Y708.462 E1799.91857
G1 X291.538 Y291.838 E1798.62343
M73 P41 R412
;WIPE_START
G1 F600
G1 X298.538 Y291.833 E-10
;WIPE_END
G1 Z155 F15000
G1 X293.984 Y391.908 Z155
G1 Z154
G1 E17 F9000
;TYPE:Sparse infill
;WIDTH:3.2
G1 F2779.614
G1 X293.984 Y380.396 E49.70059
G1 X380.396 Y293.984 E527.5739
G1 X391.908 Y293.984 E49.70059
;WIPE_START
G1 F600
G1 X384.908 Y293.984 E-10
;WIPE_END
G1 Z155 F15000
G1 X293.984 Y554.718 Z155
G1 Z154
G1 E17 F9000
G1 F2779.614
G1 X293.984 Y543.206 E49.70059
G1 X543.206 Y293.984 E1521.58568
G1 X554.718 Y293.984 E49.70059
M73 P41 R411
;WIPE_START
G1 F600
G1 X547.718 Y293.984 E-10
;WIPE_END
G1 Z155 F15000
G1 X706.016 Y391.908 Z155
G1 Z154
G1 E17 F9000
G1 F2779.614
G1 X706.016 Y380.396 E49.70059
G1 X619.604 Y293.984 E527.57392
G1 X608.092 Y293.984 E49.70059
;WIPE_START
G1 F600
G1 X615.092 Y293.984 E-10
;WIPE_END
G1 Z155 F15000
G1 X706.016 Y554.718 Z155
G1 Z154
G1 E17 F9000
G1 F2779.614
G1 X706.016 Y543.206 E49.70059
G1 X456.794 Y293.984 E1521.58569
G1 X445.282 Y293.984 E49.70059
;WIPE_START
G1 F600
G1 X452.282 Y293.984 E-10
;WIPE_END
G1 Z155 F15000
G1 X445.282 Y706.016 Z155
G1 Z154
G1 E17 F9000
G1 F2779.614
G1 X456.794 Y706.016 E49.70059
G1 X706.016 Y456.794 E1521.58571
G1 X706.016 Y445.282 E49.70059
;WIPE_START
G1 F600
G1 X706.016 Y452.282 E-10
;WIPE_END
G1 Z155 F15000
G1 X694.503 Y706.016 Z155
G1 Z154
G1 E17 F9000
G1 F2779.614
G1 X706.016 Y706.016 E49.70059
G1 X293.984 Y293.984 E2515.59745
G1 X305.497 Y293.984 E49.70059
;WIPE_START
G1 F600
G1 X298.497 Y293.984 E-10
;WIPE_END
G1 Z155 F15000
G1 X305.497 Y706.016 Z155
G1 Z154
G1 E17 F9000
G1 F2779.614
G1 X293.984 Y706.016 E49.70028
G1 X706.016 Y293.984 E2515.59704
G1 X694.503 Y293.984 E49.7003
M73 P41 R410
;WIPE_START
G1 F600
G1 X701.503 Y293.984 E-10
;WIPE_END
G1 Z155 F15000
G1 X608.092 Y706.016 Z155
G1 Z154
G1 E17 F9000
G1 F2779.614
G1 X619.604 Y706.016 E49.70059
G1 X706.016 Y619.604 E527.57393
G1 X706.016 Y608.092 E49.70059
;WIPE_START
G1 F600
G1 X706.016 Y615.092 E-10
;WIPE_END
G1 Z155 F15000
G1 X554.718 Y706.016 Z155
G1 Z154
G1 E17 F9000
G1 F2779.614
G1 X543.206 Y706.016 E49.70059
G1 X293.984 Y456.794 E1521.58569
G1 X293.984 Y445.282 E49.70059
;WIPE_START
G1 F600
G1 X293.984 Y452.282 E-10
;WIPE_END
G1 Z155 F15000
G1 X391.908 Y706.016 Z155
G1 Z154
G1 E17 F9000
G1 F2779.614
G1 X380.396 Y706.016 E49.70059
G1 X293.984 Y619.604 E527.57392
G1 X293.984 Y608.092 E49.70059
; stop printing object Cube id:0 copy 0
;LAYER_CHANGE
;Z:155.5
;HEIGHT:1.5
;BEFORE_LAYER_CHANGE
;155.5
G92 E0

EXCLUDE_OBJECT_END NAME=Cube_id_0_copy_0
;AFTER_LAYER_CHANGE
;155.5
;_SET_FAN_SPEED_CHANGING_LAYER
; printing object Cube id:0 copy 0
;WIPE_START
G1 F600
G1 X293.984 Y615.092 E-10
;WIPE_END
EXCLUDE_OBJECT_START NAME=Cube_id_0_copy_0
G1 Z156.5 F15000
G1 X291.538 Y708.462 Z156.5
G1 Z155.5
G1 E17 F9000
;TYPE:Outer wall
;WIDTH:3.2
G1 F2779.615
G1 X291.538 Y291.538 E1799.91857
G1 X708.462 Y291.538 E1799.91857
G1 X708.462 Y708.462 E1799.91857
G1 X291.838 Y708.462 E1798.62343
;WIPE_START
G1 F600
M73 P41 R409
G1 X291.833 Y701.462 E-10
;WIPE_END
G1 Z156.5 F15000
G1 X293.984 Y608.092 Z156.5
G1 Z155.5
G1 E17 F9000
;TYPE:Sparse infill
;WIDTH:3.2
G1 F2779.614
G1 X293.984 Y619.604 E49.70059
G1 X380.396 Y706.016 E527.57392
G1 X391.908 Y706.016 E49.70059
;WIPE_START
G1 F600
G1 X384.908 Y706.016 E-10
;WIPE_END
G1 Z156.5 F15000
G1 X293.984 Y445.282 Z156.5
G1 Z155.5
G1 E17 F9000
G1 F2779.614
G1 X293.984 Y456.794 E49.70059
G1 X543.206 Y706.016 E1521.58569
G1 X554.718 Y706.016 E49.70059
;WIPE_START
G1 F600
G1 X547.718 Y706.016 E-10
;WIPE_END
G1 Z156.5 F15000
G1 X706.016 Y608.092 Z156.5
G1 Z155.5
G1 E17 F9000
G1 F2779.614
G1 X706.016 Y619.604 E49.70059
G1 X619.604 Y706.016 E527.57393
G1 X608.092 Y706.016 E49.70059
;WIPE_START
G1 F600
G1 X615.092 Y706.016 E-10
;WIPE_END
G1 Z156.5 F15000
G1 X706.016 Y445.282 Z156.5
G1 Z155.5
G1 E17 F9000
G1 F2779.614
G1 X706.016 Y456.794 E49.70059
G1 X456.794 Y706.016 E1521.58571
G1 X445.282 Y706.016 E49.70059
;WIPE_START
G1 F600
G1 X452.282 Y706.016 E-10
;WIPE_END
G1 Z156.5 F15000
G1 X445.282 Y293.984 Z156.5
G1 Z155.5
G1 E17 F9000
G1 F2779.614
G1 X456.794 Y293.984 E49.70059
G1 X706.016 Y543.206 E1521.58569
G1 X706.016 Y554.718 E49.70059
;WIPE_START
G1 F600
G1 X706.016 Y547.718 E-10
;WIPE_END
G1 Z156.5 F15000
G1 X694.503 Y293.984 Z156.5
G1 Z155.5
G1 E17 F9000
G1 F2779.614
G1 X706.016 Y293.984 E49.7003
G1 X293.984 Y706.016 E2515.59704
G1 X305.497 Y706.016 E49.70028
M73 P41 R408
;WIPE_START
G1 F600
G1 X298.497 Y706.016 E-10
;WIPE_END
G1 Z156.5 F15000
G1 X305.497 Y293.984 Z156.5
G1 Z155.5
G1 E17 F9000
G1 F2779.614
G1 X293.984 Y293.984 E49.70059
G1 X706.016 Y706.016 E2515.59745
G1 X694.503 Y706.016 E49.70059
;WIPE_START
G1 F600
G1 X701.503 Y706.016 E-10
;WIPE_END
G1 Z156.5 F15000
G1 X608.092 Y293.984 Z156.5
G1 Z155.5
G1 E17 F9000
G1 F2779.614
G1 X619.604 Y293.984 E49.70059
G1 X706.016 Y380.396 E527.57392
G1 X706.016 Y391.908 E49.70059
;WIPE_START
G1 F600
G1 X706.016 Y384.908 E-10
;WIPE_END
G1 Z156.5 F15000
G1 X554.718 Y293.984 Z156.5
G1 Z155.5
G1 E17 F9000
G1 F2779.614
G1 X543.206 Y293.984 E49.70059
G1 X293.984 Y543.206 E1521.58568
G1 X293.984 Y554.718 E49.70059
;WIPE_START
G1 F600
G1 X293.984 Y547.718 E-10
;WIPE_END
G1 Z156.5 F15000
G1 X391.908 Y293.984 Z156.5
G1 Z155.5
G1 E17 F9000
G1 F2779.614
G1 X380.396 Y293.984 E49.70059
G1 X293.984 Y380.396 E527.5739
G1 X293.984 Y391.908 E49.70059
; stop printing object Cube id:0 copy 0
;LAYER_CHANGE
;Z:157
;HEIGHT:1.5
;BEFORE_LAYER_CHANGE
;157
G92 E0

EXCLUDE_OBJECT_END NAME=Cube_id_0_copy_0
;AFTER_LAYER_CHANGE
;157
;_SET_FAN_SPEED_CHANGING_LAYER
; printing object Cube id:0 copy 0
;WIPE_START
G1 F600
G1 X293.984 Y384.908 E-10
;WIPE_END
EXCLUDE_OBJECT_START NAME=Cube_id_0_copy_0
G1 Z158 F15000
G1 X291.538 Y291.538 Z158
G1 Z157
G1 E17 F9000
;TYPE:Outer wall
;WIDTH:3.2
G1 F2779.615
G1 X708.462 Y291.538 E1799.91857
G1 X708.462 Y708.462 E1799.91857
G1 X291.538 Y708.462 E1799.91857
M73 P41 R407
G1 X291.538 Y291.838 E1798.62343
;WIPE_START
G1 F600
G1 X298.538 Y291.833 E-10
;WIPE_END
G1 Z158 F15000
G1 X293.984 Y391.908 Z158
G1 Z157
G1 E17 F9000
;TYPE:Sparse infill
;WIDTH:3.2
G1 F2779.614
G1 X293.984 Y380.396 E49.70059
G1 X380.396 Y293.984 E527.5739
G1 X391.908 Y293.984 E49.70059
;WIPE_START
G1 F600
G1 X384.908 Y293.984 E-10
;WIPE_END
G1 Z158 F15000
G1 X293.984 Y554.718 Z158
G1 Z157
G1 E17 F9000
G1 F2779.614
G1 X293.984 Y543.206 E49.70059
G1 X543.206 Y293.984 E1521.58568
G1 X554.718 Y293.984 E49.70059
;WIPE_START
G1 F600
G1 X547.718 Y293.984 E-10
;WIPE_END
G1 Z158 F15000
G1 X706.016 Y391.908 Z158
G1 Z157
G1 E17 F9000
G1 F2779.614
G1 X706.016 Y380.396 E49.70059
G1 X619.604 Y293.984 E527.57392
G1 X608.092 Y293.984 E49.70059
;WIPE_START
G1 F600
G1 X615.092 Y293.984 E-10
;WIPE_END
G1 Z158 F15000
G1 X706.016 Y554.718 Z158
G1 Z157
G1 E17 F9000
G1 F2779.614
G1 X706.016 Y543.206 E49.70059
G1 X456.794 Y293.984 E1521.58569
G1 X445.282 Y293.984 E49.70059
;WIPE_START
G1 F600
G1 X452.282 Y293.984 E-10
;WIPE_END
G1 Z158 F15000
G1 X445.282 Y706.016 Z158
G1 Z157
G1 E17 F9000
M73 P41 R406
G1 F2779.614
G1 X456.794 Y706.016 E49.70059
G1 X706.016 Y456.794 E1521.58571
G1 X706.016 Y445.282 E49.70059
;WIPE_START
G1 F600
G1 X706.016 Y452.282 E-10
;WIPE_END
G1 Z158 F15000
G1 X694.503 Y706.016 Z158
G1 Z157
G1 E17 F9000
G1 F2779.614
G1 X706.016 Y706.016 E49.70059
G1 X293.984 Y293.984 E2515.59745
G1 X305.497 Y293.984 E49.70059
;WIPE_START
G1 F600
G1 X298.497 Y293.984 E-10
;WIPE_END
G1 Z158 F15000
G1 X305.497 Y706.016 Z158
G1 Z157
G1 E17 F9000
G1 F2779.614
G1 X293.984 Y706.016 E49.70028
G1 X706.016 Y293.984 E2515.59704
G1 X694.503 Y293.984 E49.7003
;WIPE_START
G1 F600
G1 X701.503 Y293.984 E-10
;WIPE_END
G1 Z158 F15000
G1 X608.092 Y706.016 Z158
G1 Z157
G1 E17 F9000
G1 F2779.614
G1 X619.604 Y706.016 E49.70059
G1 X706.016 Y619.604 E527.57393
G1 X706.016 Y608.092 E49.70059
;WIPE_START
G1 F600
G1 X706.016 Y615.092 E-10
;WIPE_END
G1 Z158 F15000
G1 X554.718 Y706.016 Z158
G1 Z157
G1 E17 F9000
G1 F2779.614
G1 X543.206 Y706.016 E49.70059
G1 X293.984 Y456.794 E1521.58569
G1 X293.984 Y445.282 E49.70059
;WIPE_START
G1 F600
G1 X293.984 Y452.282 E-10
;WIPE_END
G1 Z158 F15000
G1 X391.908 Y706.016 Z158
G1 Z157
M73 P41 R405
G1 E17 F9000
G1 F2779.614
G1 X380.396 Y706.016 E49.70059
G1 X293.984 Y619.604 E527.57392
G1 X293.984 Y608.092 E49.70059
; stop printing object Cube id:0 copy 0
;LAYER_CHANGE
;Z:158.5
;HEIGHT:1.5
;BEFORE_LAYER_CHANGE
;158.5
G92 E0

EXCLUDE_OBJECT_END NAME=Cube_id_0_copy_0
;AFTER_LAYER_CHANGE
;158.5
;_SET_FAN_SPEED_CHANGING_LAYER
; printing object Cube id:0 copy 0
;WIPE_START
G1 F600
G1 X293.984 Y615.092 E-10
;WIPE_END
EXCLUDE_OBJECT_START NAME=Cube_id_0_copy_0
G1 Z159.5 F15000
G1 X291.538 Y708.462 Z159.5
G1 Z158.5
G1 E17 F9000
;TYPE:Outer wall
;WIDTH:3.2
G1 F2779.615
G1 X291.538 Y291.538 E1799.91857
G1 X708.462 Y291.538 E1799.91857
G1 X708.462 Y708.462 E1799.91857
G1 X291.838 Y708.462 E1798.62343
M73 P42 R405
;WIPE_START
G1 F600
G1 X291.833 Y701.462 E-10
;WIPE_END
G1 Z159.5 F15000
G1 X293.984 Y608.092 Z159.5
G1 Z158.5
G1 E17 F9000
;TYPE:Sparse infill
;WIDTH:3.2
G1 F2779.614
G1 X293.984 Y619.604 E49.70059
G1 X380.396 Y706.016 E527.57392
G1 X391.908 Y706.016 E49.70059
;WIPE_START
G1 F600
G1 X384.908 Y706.016 E-10
;WIPE_END
G1 Z159.5 F15000
G1 X293.984 Y445.282 Z159.5
G1 Z158.5
G1 E17 F9000
G1 F2779.614
G1 X293.984 Y456.794 E49.70059
G1 X543.206 Y706.016 E1521.58569
G1 X554.718 Y706.016 E49.70059
;WIPE_START
G1 F600
G1 X547.718 Y706.016 E-10
;WIPE_END
G1 Z159.5 F15000
M73 P42 R404
G1 X706.016 Y608.092 Z159.5
G1 Z158.5
G1 E17 F9000
G1 F2779.614
G1 X706.016 Y619.604 E49.70059
G1 X619.604 Y706.016 E527.57393
G1 X608.092 Y706.016 E49.70059
;WIPE_START
G1 F600
G1 X615.092 Y706.016 E-10
;WIPE_END
G1 Z159.5 F15000
G1 X706.016 Y445.282 Z159.5
G1 Z158.5
G1 E17 F9000
G1 F2779.614
G1 X706.016 Y456.794 E49.70059
G1 X456.794 Y706.016 E1521.58571
G1 X445.282 Y706.016 E49.70059
;WIPE_START
G1 F600
G1 X452.282 Y706.016 E-10
;WIPE_END
G1 Z159.5 F15000
G1 X445.282 Y293.984 Z159.5
G1 Z158.5
G1 E17 F9000
G1 F2779.614
G1 X456.794 Y293.984 E49.70059
G1 X706.016 Y543.206 E1521.58569
G1 X706.016 Y554.718 E49.70059
;WIPE_START
G1 F600
G1 X706.016 Y547.718 E-10
;WIPE_END
G1 Z159.5 F15000
G1 X694.503 Y293.984 Z159.5
G1 Z158.5
G1 E17 F9000
G1 F2779.614
G1 X706.016 Y293.984 E49.7003
G1 X293.984 Y706.016 E2515.59704
G1 X305.497 Y706.016 E49.70028
;WIPE_START
G1 F600
G1 X298.497 Y706.016 E-10
;WIPE_END
G1 Z159.5 F15000
G1 X305.497 Y293.984 Z159.5
G1 Z158.5
G1 E17 F9000
G1 F2779.614
G1 X293.984 Y293.984 E49.70059
G1 X706.016 Y706.016 E2515.59745
G1 X694.503 Y706.016 E49.70059
M73 P42 R403
;WIPE_START
G1 F600
G1 X701.503 Y706.016 E-10
;WIPE_END
G1 Z159.5 F15000
G1 X608.092 Y293.984 Z159.5
G1 Z158.5
G1 E17 F9000
G1 F2779.614
G1 X619.604 Y293.984 E49.70059
G1 X706.016 Y380.396 E527.57392
G1 X706.016 Y391.908 E49.70059
;WIPE_START
G1 F600
G1 X706.016 Y384.908 E-10
;WIPE_END
G1 Z159.5 F15000
G1 X554.718 Y293.984 Z159.5
G1 Z158.5
G1 E17 F9000
G1 F2779.614
G1 X543.206 Y293.984 E49.70059
G1 X293.984 Y543.206 E1521.58568
G1 X293.984 Y554.718 E49.70059
;WIPE_START
G1 F600
G1 X293.984 Y547.718 E-10
;WIPE_END
G1 Z159.5 F15000
G1 X391.908 Y293.984 Z159.5
G1 Z158.5
G1 E17 F9000
G1 F2779.614
G1 X380.396 Y293.984 E49.70059
G1 X293.984 Y380.396 E527.5739
G1 X293.984 Y391.908 E49.70059
; stop printing object Cube id:0 copy 0
;LAYER_CHANGE
;Z:160
;HEIGHT:1.5
;BEFORE_LAYER_CHANGE
;160
G92 E0

EXCLUDE_OBJECT_END NAME=Cube_id_0_copy_0
;AFTER_LAYER_CHANGE
;160
;_SET_FAN_SPEED_CHANGING_LAYER
; printing object Cube id:0 copy 0
;WIPE_START
G1 F600
G1 X293.984 Y384.908 E-10
;WIPE_END
EXCLUDE_OBJECT_START NAME=Cube_id_0_copy_0
G1 Z161 F15000
G1 X291.538 Y291.538 Z161
G1 Z160
G1 E17 F9000
;TYPE:Outer wall
;WIDTH:3.2
G1 F2779.615
G1 X708.462 Y291.538 E1799.91857
G1 X708.462 Y708.462 E1799.91857
G1 X291.538 Y708.462 E1799.91857
G1 X291.538 Y291.838 E1798.62343
;WIPE_START
G1 F600
M73 P42 R402
G1 X298.538 Y291.833 E-10
;WIPE_END
G1 Z161 F15000
G1 X293.984 Y391.908 Z161
G1 Z160
G1 E17 F9000
;TYPE:Sparse infill
;WIDTH:3.2
G1 F2779.614
G1 X293.984 Y380.396 E49.70059
G1 X380.396 Y293.984 E527.5739
G1 X391.908 Y293.984 E49.70059
;WIPE_START
G1 F600
G1 X384.908 Y293.984 E-10
;WIPE_END
G1 Z161 F15000
G1 X293.984 Y554.718 Z161
G1 Z160
G1 E17 F9000
G1 F2779.614
G1 X293.984 Y543.206 E49.70059
G1 X543.206 Y293.984 E1521.58568
G1 X554.718 Y293.984 E49.70059
;WIPE_START
G1 F600
G1 X547.718 Y293.984 E-10
;WIPE_END
G1 Z161 F15000
G1 X706.016 Y391.908 Z161
G1 Z160
G1 E17 F9000
G1 F2779.614
G1 X706.016 Y380.396 E49.70059
G1 X619.604 Y293.984 E527.57392
G1 X608.092 Y293.984 E49.70059
;WIPE_START
G1 F600
G1 X615.092 Y293.984 E-10
;WIPE_END
G1 Z161 F15000
G1 X706.016 Y554.718 Z161
G1 Z160
G1 E17 F9000
G1 F2779.614
G1 X706.016 Y543.206 E49.70059
G1 X456.794 Y293.984 E1521.58569
G1 X445.282 Y293.984 E49.70059
;WIPE_START
G1 F600
G1 X452.282 Y293.984 E-10
;WIPE_END
G1 Z161 F15000
G1 X445.282 Y706.016 Z161
G1 Z160
G1 E17 F9000
G1 F2779.614
G1 X456.794 Y706.016 E49.70059
G1 X706.016 Y456.794 E1521.58571
G1 X706.016 Y445.282 E49.70059
;WIPE_START
G1 F600
G1 X706.016 Y452.282 E-10
;WIPE_END
G1 Z161 F15000
G1 X694.503 Y706.016 Z161
G1 Z160
G1 E17 F9000
G1 F2779.614
G1 X706.016 Y706.016 E49.70059
G1 X293.984 Y293.984 E2515.59745
G1 X305.497 Y293.984 E49.70059
M73 P42 R401
;WIPE_START
G1 F600
G1 X298.497 Y293.984 E-10
;WIPE_END
G1 Z161 F15000
G1 X305.497 Y706.016 Z161
G1 Z160
G1 E17 F9000
G1 F2779.614
G1 X293.984 Y706.016 E49.70028
G1 X706.016 Y293.984 E2515.59704
G1 X694.503 Y293.984 E49.7003
;WIPE_START
G1 F600
G1 X701.503 Y293.984 E-10
;WIPE_END
G1 Z161 F15000
G1 X608.092 Y706.016 Z161
G1 Z160
G1 E17 F9000
G1 F2779.614
G1 X619.604 Y706.016 E49.70059
G1 X706.016 Y619.604 E527.57393
G1 X706.016 Y608.092 E49.70059
;WIPE_START
G1 F600
G1 X706.016 Y615.092 E-10
;WIPE_END
G1 Z161 F15000
G1 X554.718 Y706.016 Z161
G1 Z160
G1 E17 F9000
G1 F2779.614
G1 X543.206 Y706.016 E49.70059
G1 X293.984 Y456.794 E1521.58569
G1 X293.984 Y445.282 E49.70059
;WIPE_START
G1 F600
G1 X293.984 Y452.282 E-10
;WIPE_END
G1 Z161 F15000
G1 X391.908 Y706.016 Z161
G1 Z160
G1 E17 F9000
G1 F2779.614
G1 X380.396 Y706.016 E49.70059
G1 X293.984 Y619.604 E527.57392
G1 X293.984 Y608.092 E49.70059
; stop printing object Cube id:0 copy 0
;LAYER_CHANGE
;Z:161.5
;HEIGHT:1.5
;BEFORE_LAYER_CHANGE
;161.5
G92 E0

EXCLUDE_OBJECT_END NAME=Cube_id_0_copy_0
;AFTER_LAYER_CHANGE
;161.5
;_SET_FAN_SPEED_CHANGING_LAYER
; printing object Cube id:0 copy 0
;WIPE_START
G1 F600
G1 X293.984 Y615.092 E-10
;WIPE_END
EXCLUDE_OBJECT_START NAME=Cube_id_0_copy_0
G1 Z162.5 F15000
G1 X291.538 Y708.462 Z162.5
G1 Z161.5
G1 E17 F9000
;TYPE:Outer wall
;WIDTH:3.2
G1 F2779.615
G1 X291.538 Y291.538 E1799.91857
G1 X708.462 Y291.538 E1799.91857
G1 X708.462 Y708.462 E1799.91857
M73 P42 R400
G1 X291.838 Y708.462 E1798.62343
;WIPE_START
G1 F600
G1 X291.833 Y701.462 E-10
;WIPE_END
G1 Z162.5 F15000
G1 X293.984 Y608.092 Z162.5
G1 Z161.5
G1 E17 F9000
;TYPE:Sparse infill
;WIDTH:3.2
G1 F2779.614
G1 X293.984 Y619.604 E49.70059
G1 X380.396 Y706.016 E527.57392
G1 X391.908 Y706.016 E49.70059
;WIPE_START
G1 F600
G1 X384.908 Y706.016 E-10
;WIPE_END
G1 Z162.5 F15000
G1 X293.984 Y445.282 Z162.5
G1 Z161.5
G1 E17 F9000
G1 F2779.614
G1 X293.984 Y456.794 E49.70059
G1 X543.206 Y706.016 E1521.58569
G1 X554.718 Y706.016 E49.70059
;WIPE_START
G1 F600
G1 X547.718 Y706.016 E-10
;WIPE_END
G1 Z162.5 F15000
G1 X706.016 Y608.092 Z162.5
G1 Z161.5
G1 E17 F9000
G1 F2779.614
G1 X706.016 Y619.604 E49.70059
G1 X619.604 Y706.016 E527.57393
G1 X608.092 Y706.016 E49.70059
;WIPE_START
G1 F600
G1 X615.092 Y706.016 E-10
;WIPE_END
G1 Z162.5 F15000
G1 X706.016 Y445.282 Z162.5
G1 Z161.5
G1 E17 F9000
G1 F2779.614
G1 X706.016 Y456.794 E49.70059
G1 X456.794 Y706.016 E1521.58571
G1 X445.282 Y706.016 E49.70059
;WIPE_START
G1 F600
G1 X452.282 Y706.016 E-10
;WIPE_END
G1 Z162.5 F15000
G1 X445.282 Y293.984 Z162.5
G1 Z161.5
G1 E17 F9000
G1 F2779.614
G1 X456.794 Y293.984 E49.70059
G1 X706.016 Y543.206 E1521.58569
G1 X706.016 Y554.718 E49.70059
M73 P42 R399
;WIPE_START
G1 F600
G1 X706.016 Y547.718 E-10
;WIPE_END
G1 Z162.5 F15000
G1 X694.503 Y293.984 Z162.5
G1 Z161.5
G1 E17 F9000
G1 F2779.614
G1 X706.016 Y293.984 E49.7003
G1 X293.984 Y706.016 E2515.59704
G1 X305.497 Y706.016 E49.70028
;WIPE_START
G1 F600
G1 X298.497 Y706.016 E-10
;WIPE_END
G1 Z162.5 F15000
G1 X305.497 Y293.984 Z162.5
G1 Z161.5
G1 E17 F9000
G1 F2779.614
G1 X293.984 Y293.984 E49.70059
G1 X706.016 Y706.016 E2515.59745
G1 X694.503 Y706.016 E49.70059
;WIPE_START
G1 F600
G1 X701.503 Y706.016 E-10
;WIPE_END
G1 Z162.5 F15000
G1 X608.092 Y293.984 Z162.5
G1 Z161.5
G1 E17 F9000
G1 F2779.614
G1 X619.604 Y293.984 E49.70059
G1 X706.016 Y380.396 E527.57392
G1 X706.016 Y391.908 E49.70059
;WIPE_START
G1 F600
G1 X706.016 Y384.908 E-10
;WIPE_END
G1 Z162.5 F15000
G1 X554.718 Y293.984 Z162.5
G1 Z161.5
G1 E17 F9000
G1 F2779.614
G1 X543.206 Y293.984 E49.70059
G1 X293.984 Y543.206 E1521.58568
G1 X293.984 Y554.718 E49.70059
;WIPE_START
G1 F600
G1 X293.984 Y547.718 E-10
;WIPE_END
G1 Z162.5 F15000
G1 X391.908 Y293.984 Z162.5
G1 Z161.5
G1 E17 F9000
G1 F2779.614
G1 X380.396 Y293.984 E49.70059
G1 X293.984 Y380.396 E527.5739
G1 X293.984 Y391.908 E49.70059
M73 P42 R398
; stop printing object Cube id:0 copy 0
;LAYER_CHANGE
;Z:163
;HEIGHT:1.5
;BEFORE_LAYER_CHANGE
;163
G92 E0

EXCLUDE_OBJECT_END NAME=Cube_id_0_copy_0
;AFTER_LAYER_CHANGE
;163
;_SET_FAN_SPEED_CHANGING_LAYER
; printing object Cube id:0 copy 0
;WIPE_START
G1 F600
G1 X293.984 Y384.908 E-10
;WIPE_END
EXCLUDE_OBJECT_START NAME=Cube_id_0_copy_0
G1 Z164 F15000
G1 X291.538 Y291.538 Z164
G1 Z163
G1 E17 F9000
;TYPE:Outer wall
;WIDTH:3.2
G1 F2779.615
G1 X708.462 Y291.538 E1799.91857
G1 X708.462 Y708.462 E1799.91857
G1 X291.538 Y708.462 E1799.91857
G1 X291.538 Y291.838 E1798.62343
M73 P43 R398
;WIPE_START
G1 F600
G1 X298.538 Y291.833 E-10
;WIPE_END
G1 Z164 F15000
G1 X293.984 Y391.908 Z164
G1 Z163
G1 E17 F9000
;TYPE:Sparse infill
;WIDTH:3.2
G1 F2779.614
G1 X293.984 Y380.396 E49.70059
G1 X380.396 Y293.984 E527.5739
G1 X391.908 Y293.984 E49.70059
;WIPE_START
G1 F600
G1 X384.908 Y293.984 E-10
;WIPE_END
G1 Z164 F15000
G1 X293.984 Y554.718 Z164
G1 Z163
G1 E17 F9000
G1 F2779.614
G1 X293.984 Y543.206 E49.70059
G1 X543.206 Y293.984 E1521.58568
G1 X554.718 Y293.984 E49.70059
;WIPE_START
G1 F600
G1 X547.718 Y293.984 E-10
;WIPE_END
G1 Z164 F15000
G1 X706.016 Y391.908 Z164
G1 Z163
G1 E17 F9000
G1 F2779.614
G1 X706.016 Y380.396 E49.70059
G1 X619.604 Y293.984 E527.57392
G1 X608.092 Y293.984 E49.70059
M73 P43 R397
;WIPE_START
G1 F600
G1 X615.092 Y293.984 E-10
;WIPE_END
G1 Z164 F15000
G1 X706.016 Y554.718 Z164
G1 Z163
G1 E17 F9000
G1 F2779.614
G1 X706.016 Y543.206 E49.70059
G1 X456.794 Y293.984 E1521.58569
G1 X445.282 Y293.984 E49.70059
;WIPE_START
G1 F600
G1 X452.282 Y293.984 E-10
;WIPE_END
G1 Z164 F15000
G1 X445.282 Y706.016 Z164
G1 Z163
G1 E17 F9000
G1 F2779.614
G1 X456.794 Y706.016 E49.70059
G1 X706.016 Y456.794 E1521.58571
G1 X706.016 Y445.282 E49.70059
;WIPE_START
G1 F600
G1 X706.016 Y452.282 E-10
;WIPE_END
G1 Z164 F15000
G1 X694.503 Y706.016 Z164
G1 Z163
G1 E17 F9000
G1 F2779.614
G1 X706.016 Y706.016 E49.70059
G1 X293.984 Y293.984 E2515.59745
G1 X305.497 Y293.984 E49.70059
;WIPE_START
G1 F600
G1 X298.497 Y293.984 E-10
;WIPE_END
G1 Z164 F15000
G1 X305.497 Y706.016 Z164
G1 Z163
G1 E17 F9000
G1 F2779.614
G1 X293.984 Y706.016 E49.70028
G1 X706.016 Y293.984 E2515.59704
G1 X694.503 Y293.984 E49.7003
;WIPE_START
G1 F600
G1 X701.503 Y293.984 E-10
;WIPE_END
G1 Z164 F15000
G1 X608.092 Y706.016 Z164
G1 Z163
M73 P43 R396
G1 E17 F9000
G1 F2779.614
G1 X619.604 Y706.016 E49.70059
G1 X706.016 Y619.604 E527.57393
G1 X706.016 Y608.092 E49.70059
;WIPE_START
G1 F600
G1 X706.016 Y615.092 E-10
;WIPE_END
G1 Z164 F15000
G1 X554.718 Y706.016 Z164
G1 Z163
G1 E17 F9000
G1 F2779.614
G1 X543.206 Y706.016 E49.70059
G1 X293.984 Y456.794 E1521.58569
G1 X293.984 Y445.282 E49.70059
;WIPE_START
G1 F600
G1 X293.984 Y452.282 E-10
;WIPE_END
G1 Z164 F15000
G1 X391.908 Y706.016 Z164
G1 Z163
G1 E17 F9000
G1 F2779.614
G1 X380.396 Y706.016 E49.70059
G1 X293.984 Y619.604 E527.57392
G1 X293.984 Y608.092 E49.70059
; stop printing object Cube id:0 copy 0
;LAYER_CHANGE
;Z:164.5
;HEIGHT:1.5
;BEFORE_LAYER_CHANGE
;164.5
G92 E0

EXCLUDE_OBJECT_END NAME=Cube_id_0_copy_0
;AFTER_LAYER_CHANGE
;164.5
;_SET_FAN_SPEED_CHANGING_LAYER
; printing object Cube id:0 copy 0
;WIPE_START
G1 F600
G1 X293.984 Y615.092 E-10
;WIPE_END
EXCLUDE_OBJECT_START NAME=Cube_id_0_copy_0
G1 Z165.5 F15000
G1 X291.538 Y708.462 Z165.5
G1 Z164.5
G1 E17 F9000
;TYPE:Outer wall
;WIDTH:3.2
G1 F2779.615
G1 X291.538 Y291.538 E1799.91857
G1 X708.462 Y291.538 E1799.91857
G1 X708.462 Y708.462 E1799.91857
G1 X291.838 Y708.462 E1798.62343
;WIPE_START
G1 F600
G1 X291.833 Y701.462 E-10
;WIPE_END
G1 Z165.5 F15000
M73 P43 R395
G1 X293.984 Y608.092 Z165.5
G1 Z164.5
G1 E17 F9000
;TYPE:Sparse infill
;WIDTH:3.2
G1 F2779.614
G1 X293.984 Y619.604 E49.70059
G1 X380.396 Y706.016 E527.57392
G1 X391.908 Y706.016 E49.70059
;WIPE_START
G1 F600
G1 X384.908 Y706.016 E-10
;WIPE_END
G1 Z165.5 F15000
G1 X293.984 Y445.282 Z165.5
G1 Z164.5
G1 E17 F9000
G1 F2779.614
G1 X293.984 Y456.794 E49.70059
G1 X543.206 Y706.016 E1521.58569
G1 X554.718 Y706.016 E49.70059
;WIPE_START
G1 F600
G1 X547.718 Y706.016 E-10
;WIPE_END
G1 Z165.5 F15000
G1 X706.016 Y608.092 Z165.5
G1 Z164.5
G1 E17 F9000
G1 F2779.614
G1 X706.016 Y619.604 E49.70059
G1 X619.604 Y706.016 E527.57393
G1 X608.092 Y706.016 E49.70059
;WIPE_START
G1 F600
G1 X615.092 Y706.016 E-10
;WIPE_END
G1 Z165.5 F15000
G1 X706.016 Y445.282 Z165.5
G1 Z164.5
G1 E17 F9000
G1 F2779.614
G1 X706.016 Y456.794 E49.70059
G1 X456.794 Y706.016 E1521.58571
G1 X445.282 Y706.016 E49.70059
;WIPE_START
G1 F600
G1 X452.282 Y706.016 E-10
;WIPE_END
G1 Z165.5 F15000
G1 X445.282 Y293.984 Z165.5
G1 Z164.5
G1 E17 F9000
G1 F2779.614
G1 X456.794 Y293.984 E49.70059
G1 X706.016 Y543.206 E1521.58569
G1 X706.016 Y554.718 E49.70059
;WIPE_START
G1 F600
G1 X706.016 Y547.718 E-10
;WIPE_END
G1 Z165.5 F15000
G1 X694.503 Y293.984 Z165.5
G1 Z164.5
G1 E17 F9000
G1 F2779.614
G1 X706.016 Y293.984 E49.7003
G1 X293.984 Y706.016 E2515.59704
G1 X305.497 Y706.016 E49.70028
M73 P43 R394
;WIPE_START
G1 F600
G1 X298.497 Y706.016 E-10
;WIPE_END
G1 Z165.5 F15000
G1 X305.497 Y293.984 Z165.5
G1 Z164.5
G1 E17 F9000
G1 F2779.614
G1 X293.984 Y293.984 E49.70059
G1 X706.016 Y706.016 E2515.59745
G1 X694.503 Y706.016 E49.70059
;WIPE_START
G1 F600
G1 X701.503 Y706.016 E-10
;WIPE_END
G1 Z165.5 F15000
G1 X608.092 Y293.984 Z165.5
G1 Z164.5
G1 E17 F9000
G1 F2779.614
G1 X619.604 Y293.984 E49.70059
G1 X706.016 Y380.396 E527.57392
G1 X706.016 Y391.908 E49.70059
;WIPE_START
G1 F600
G1 X706.016 Y384.908 E-10
;WIPE_END
G1 Z165.5 F15000
G1 X554.718 Y293.984 Z165.5
G1 Z164.5
G1 E17 F9000
G1 F2779.614
G1 X543.206 Y293.984 E49.70059
G1 X293.984 Y543.206 E1521.58568
G1 X293.984 Y554.718 E49.70059
;WIPE_START
G1 F600
G1 X293.984 Y547.718 E-10
;WIPE_END
G1 Z165.5 F15000
G1 X391.908 Y293.984 Z165.5
G1 Z164.5
G1 E17 F9000
G1 F2779.614
G1 X380.396 Y293.984 E49.70059
G1 X293.984 Y380.396 E527.5739
G1 X293.984 Y391.908 E49.70059
; stop printing object Cube id:0 copy 0
;LAYER_CHANGE
;Z:166
;HEIGHT:1.5
;BEFORE_LAYER_CHANGE
;166
G92 E0

EXCLUDE_OBJECT_END NAME=Cube_id_0_copy_0
;AFTER_LAYER_CHANGE
;166
;_SET_FAN_SPEED_CHANGING_LAYER
; printing object Cube id:0 copy 0
;WIPE_START
G1 F600
G1 X293.984 Y384.908 E-10
;WIPE_END
EXCLUDE_OBJECT_START NAME=Cube_id_0_copy_0
G1 Z167 F15000
G1 X291.538 Y291.538 Z167
G1 Z166
G1 E17 F9000
;TYPE:Outer wall
;WIDTH:3.2
G1 F2779.615
G1 X708.462 Y291.538 E1799.91857
G1 X708.462 Y708.462 E1799.91857
G1 X291.538 Y708.462 E1799.91857
M73 P43 R393
G1 X291.538 Y291.838 E1798.62343
;WIPE_START
G1 F600
G1 X298.538 Y291.833 E-10
;WIPE_END
G1 Z167 F15000
G1 X293.984 Y391.908 Z167
G1 Z166
G1 E17 F9000
;TYPE:Sparse infill
;WIDTH:3.2
G1 F2779.614
G1 X293.984 Y380.396 E49.70059
G1 X380.396 Y293.984 E527.5739
G1 X391.908 Y293.984 E49.70059
;WIPE_START
G1 F600
G1 X384.908 Y293.984 E-10
;WIPE_END
G1 Z167 F15000
G1 X293.984 Y554.718 Z167
G1 Z166
G1 E17 F9000
G1 F2779.614
G1 X293.984 Y543.206 E49.70059
G1 X543.206 Y293.984 E1521.58568
G1 X554.718 Y293.984 E49.70059
;WIPE_START
G1 F600
G1 X547.718 Y293.984 E-10
;WIPE_END
G1 Z167 F15000
G1 X706.016 Y391.908 Z167
G1 Z166
G1 E17 F9000
G1 F2779.614
G1 X706.016 Y380.396 E49.70059
G1 X619.604 Y293.984 E527.57392
G1 X608.092 Y293.984 E49.70059
;WIPE_START
G1 F600
G1 X615.092 Y293.984 E-10
;WIPE_END
G1 Z167 F15000
G1 X706.016 Y554.718 Z167
G1 Z166
G1 E17 F9000
G1 F2779.614
G1 X706.016 Y543.206 E49.70059
G1 X456.794 Y293.984 E1521.58569
G1 X445.282 Y293.984 E49.70059
;WIPE_START
G1 F600
G1 X452.282 Y293.984 E-10
;WIPE_END
G1 Z167 F15000
G1 X445.282 Y706.016 Z167
G1 Z166
G1 E17 F9000
G1 F2779.614
G1 X456.794 Y706.016 E49.70059
G1 X706.016 Y456.794 E1521.58571
G1 X706.016 Y445.282 E49.70059
M73 P43 R392
;WIPE_START
G1 F600
G1 X706.016 Y452.282 E-10
;WIPE_END
G1 Z167 F15000
G1 X694.503 Y706.016 Z167
G1 Z166
G1 E17 F9000
G1 F2779.614
G1 X706.016 Y706.016 E49.70059
G1 X293.984 Y293.984 E2515.59745
G1 X305.497 Y293.984 E49.70059
;WIPE_START
G1 F600
G1 X298.497 Y293.984 E-10
;WIPE_END
G1 Z167 F15000
G1 X305.497 Y706.016 Z167
G1 Z166
G1 E17 F9000
G1 F2779.614
G1 X293.984 Y706.016 E49.70028
G1 X706.016 Y293.984 E2515.59704
G1 X694.503 Y293.984 E49.7003
;WIPE_START
G1 F600
G1 X701.503 Y293.984 E-10
;WIPE_END
G1 Z167 F15000
G1 X608.092 Y706.016 Z167
G1 Z166
G1 E17 F9000
G1 F2779.614
G1 X619.604 Y706.016 E49.70059
G1 X706.016 Y619.604 E527.57393
G1 X706.016 Y608.092 E49.70059
;WIPE_START
G1 F600
G1 X706.016 Y615.092 E-10
;WIPE_END
G1 Z167 F15000
G1 X554.718 Y706.016 Z167
G1 Z166
G1 E17 F9000
G1 F2779.614
G1 X543.206 Y706.016 E49.70059
G1 X293.984 Y456.794 E1521.58569
G1 X293.984 Y445.282 E49.70059
;WIPE_START
G1 F600
G1 X293.984 Y452.282 E-10
;WIPE_END
G1 Z167 F15000
G1 X391.908 Y706.016 Z167
G1 Z166
G1 E17 F9000
G1 F2779.614
G1 X380.396 Y706.016 E49.70059
G1 X293.984 Y619.604 E527.57392
G1 X293.984 Y608.092 E49.70059
; stop printing object Cube id:0 copy 0
;LAYER_CHANGE
;Z:167.5
;HEIGHT:1.5
;BEFORE_LAYER_CHANGE
;167.5
G92 E0

EXCLUDE_OBJECT_END NAME=Cube_id_0_copy_0
;AFTER_LAYER_CHANGE
;167.5
;_SET_FAN_SPEED_CHANGING_LAYER
; printing object Cube id:0 copy 0
;WIPE_START
G1 F600
G1 X293.984 Y615.092 E-10
;WIPE_END
EXCLUDE_OBJECT_START NAME=Cube_id_0_copy_0
G1 Z168.5 F15000
M73 P43 R391
G1 X291.538 Y708.462 Z168.5
G1 Z167.5
G1 E17 F9000
;TYPE:Outer wall
;WIDTH:3.2
G1 F2779.615
G1 X291.538 Y291.538 E1799.91857
G1 X708.462 Y291.538 E1799.91857
G1 X708.462 Y708.462 E1799.91857
G1 X291.838 Y708.462 E1798.62343
;WIPE_START
G1 F600
M73 P44 R391
G1 X291.833 Y701.462 E-10
;WIPE_END
G1 Z168.5 F15000
G1 X293.984 Y608.092 Z168.5
G1 Z167.5
G1 E17 F9000
;TYPE:Sparse infill
;WIDTH:3.2
G1 F2779.614
G1 X293.984 Y619.604 E49.70059
G1 X380.396 Y706.016 E527.57392
G1 X391.908 Y706.016 E49.70059
;WIPE_START
G1 F600
G1 X384.908 Y706.016 E-10
;WIPE_END
G1 Z168.5 F15000
G1 X293.984 Y445.282 Z168.5
G1 Z167.5
G1 E17 F9000
G1 F2779.614
G1 X293.984 Y456.794 E49.70059
G1 X543.206 Y706.016 E1521.58569
G1 X554.718 Y706.016 E49.70059
;WIPE_START
G1 F600
G1 X547.718 Y706.016 E-10
;WIPE_END
G1 Z168.5 F15000
G1 X706.016 Y608.092 Z168.5
G1 Z167.5
G1 E17 F9000
G1 F2779.614
G1 X706.016 Y619.604 E49.70059
G1 X619.604 Y706.016 E527.57393
G1 X608.092 Y706.016 E49.70059
M73 P44 R390
;WIPE_START
G1 F600
G1 X615.092 Y706.016 E-10
;WIPE_END
G1 Z168.5 F15000
G1 X706.016 Y445.282 Z168.5
G1 Z167.5
G1 E17 F9000
G1 F2779.614
G1 X706.016 Y456.794 E49.70059
G1 X456.794 Y706.016 E1521.58571
G1 X445.282 Y706.016 E49.70059
;WIPE_START
G1 F600
G1 X452.282 Y706.016 E-10
;WIPE_END
G1 Z168.5 F15000
G1 X445.282 Y293.984 Z168.5
G1 Z167.5
G1 E17 F9000
G1 F2779.614
G1 X456.794 Y293.984 E49.70059
G1 X706.016 Y543.206 E1521.58569
G1 X706.016 Y554.718 E49.70059
;WIPE_START
G1 F600
G1 X706.016 Y547.718 E-10
;WIPE_END
G1 Z168.5 F15000
G1 X694.503 Y293.984 Z168.5
G1 Z167.5
G1 E17 F9000
G1 F2779.614
G1 X706.016 Y293.984 E49.7003
G1 X293.984 Y706.016 E2515.59704
G1 X305.497 Y706.016 E49.70028
;WIPE_START
G1 F600
G1 X298.497 Y706.016 E-10
;WIPE_END
G1 Z168.5 F15000
G1 X305.497 Y293.984 Z168.5
G1 Z167.5
G1 E17 F9000
G1 F2779.614
G1 X293.984 Y293.984 E49.70059
G1 X706.016 Y706.016 E2515.59745
G1 X694.503 Y706.016 E49.70059
;WIPE_START
G1 F600
G1 X701.503 Y706.016 E-10
;WIPE_END
G1 Z168.5 F15000
G1 X608.092 Y293.984 Z168.5
G1 Z167.5
G1 E17 F9000
G1 F2779.614
G1 X619.604 Y293.984 E49.70059
G1 X706.016 Y380.396 E527.57392
G1 X706.016 Y391.908 E49.70059
M73 P44 R389
;WIPE_START
G1 F600
G1 X706.016 Y384.908 E-10
;WIPE_END
G1 Z168.5 F15000
G1 X554.718 Y293.984 Z168.5
G1 Z167.5
G1 E17 F9000
G1 F2779.614
G1 X543.206 Y293.984 E49.70059
G1 X293.984 Y543.206 E1521.58568
G1 X293.984 Y554.718 E49.70059
;WIPE_START
G1 F600
G1 X293.984 Y547.718 E-10
;WIPE_END
G1 Z168.5 F15000
G1 X391.908 Y293.984 Z168.5
G1 Z167.5
G1 E17 F9000
G1 F2779.614
G1 X380.396 Y293.984 E49.70059
G1 X293.984 Y380.396 E527.5739
G1 X293.984 Y391.908 E49.70059
; stop printing object Cube id:0 copy 0
;LAYER_CHANGE
;Z:169
;HEIGHT:1.5
;BEFORE_LAYER_CHANGE
;169
G92 E0

EXCLUDE_OBJECT_END NAME=Cube_id_0_copy_0
;AFTER_LAYER_CHANGE
;169
;_SET_FAN_SPEED_CHANGING_LAYER
; printing object Cube id:0 copy 0
;WIPE_START
G1 F600
G1 X293.984 Y384.908 E-10
;WIPE_END
EXCLUDE_OBJECT_START NAME=Cube_id_0_copy_0
G1 Z170 F15000
G1 X291.538 Y291.538 Z170
G1 Z169
G1 E17 F9000
;TYPE:Outer wall
;WIDTH:3.2
G1 F2779.615
G1 X708.462 Y291.538 E1799.91857
G1 X708.462 Y708.462 E1799.91857
G1 X291.538 Y708.462 E1799.91857
G1 X291.538 Y291.838 E1798.62343
;WIPE_START
G1 F600
G1 X298.538 Y291.833 E-10
;WIPE_END
G1 Z170 F15000
G1 X293.984 Y391.908 Z170
G1 Z169
G1 E17 F9000
;TYPE:Sparse infill
;WIDTH:3.2
G1 F2779.614
G1 X293.984 Y380.396 E49.70059
G1 X380.396 Y293.984 E527.5739
G1 X391.908 Y293.984 E49.70059
M73 P44 R388
;WIPE_START
G1 F600
G1 X384.908 Y293.984 E-10
;WIPE_END
G1 Z170 F15000
G1 X293.984 Y554.718 Z170
G1 Z169
G1 E17 F9000
G1 F2779.614
G1 X293.984 Y543.206 E49.70059
G1 X543.206 Y293.984 E1521.58568
G1 X554.718 Y293.984 E49.70059
;WIPE_START
G1 F600
G1 X547.718 Y293.984 E-10
;WIPE_END
G1 Z170 F15000
G1 X706.016 Y391.908 Z170
G1 Z169
G1 E17 F9000
G1 F2779.614
G1 X706.016 Y380.396 E49.70059
G1 X619.604 Y293.984 E527.57392
G1 X608.092 Y293.984 E49.70059
;WIPE_START
G1 F600
G1 X615.092 Y293.984 E-10
;WIPE_END
G1 Z170 F15000
G1 X706.016 Y554.718 Z170
G1 Z169
G1 E17 F9000
G1 F2779.614
G1 X706.016 Y543.206 E49.70059
G1 X456.794 Y293.984 E1521.58569
G1 X445.282 Y293.984 E49.70059
;WIPE_START
G1 F600
G1 X452.282 Y293.984 E-10
;WIPE_END
G1 Z170 F15000
G1 X445.282 Y706.016 Z170
G1 Z169
G1 E17 F9000
G1 F2779.614
G1 X456.794 Y706.016 E49.70059
G1 X706.016 Y456.794 E1521.58571
G1 X706.016 Y445.282 E49.70059
;WIPE_START
G1 F600
G1 X706.016 Y452.282 E-10
;WIPE_END
G1 Z170 F15000
G1 X694.503 Y706.016 Z170
G1 Z169
G1 E17 F9000
G1 F2779.614
G1 X706.016 Y706.016 E49.70059
G1 X293.984 Y293.984 E2515.59745
G1 X305.497 Y293.984 E49.70059
;WIPE_START
G1 F600
G1 X298.497 Y293.984 E-10
;WIPE_END
G1 Z170 F15000
G1 X305.497 Y706.016 Z170
G1 Z169
M73 P44 R387
G1 E17 F9000
G1 F2779.614
G1 X293.984 Y706.016 E49.70028
G1 X706.016 Y293.984 E2515.59704
G1 X694.503 Y293.984 E49.7003
;WIPE_START
G1 F600
G1 X701.503 Y293.984 E-10
;WIPE_END
G1 Z170 F15000
G1 X608.092 Y706.016 Z170
G1 Z169
G1 E17 F9000
G1 F2779.614
G1 X619.604 Y706.016 E49.70059
G1 X706.016 Y619.604 E527.57393
G1 X706.016 Y608.092 E49.70059
;WIPE_START
G1 F600
G1 X706.016 Y615.092 E-10
;WIPE_END
G1 Z170 F15000
G1 X554.718 Y706.016 Z170
G1 Z169
G1 E17 F9000
G1 F2779.614
G1 X543.206 Y706.016 E49.70059
G1 X293.984 Y456.794 E1521.58569
G1 X293.984 Y445.282 E49.70059
;WIPE_START
G1 F600
G1 X293.984 Y452.282 E-10
;WIPE_END
G1 Z170 F15000
G1 X391.908 Y706.016 Z170
G1 Z169
G1 E17 F9000
G1 F2779.614
G1 X380.396 Y706.016 E49.70059
G1 X293.984 Y619.604 E527.57392
G1 X293.984 Y608.092 E49.70059
; stop printing object Cube id:0 copy 0
;LAYER_CHANGE
;Z:170.5
;HEIGHT:1.5
;BEFORE_LAYER_CHANGE
;170.5
G92 E0

EXCLUDE_OBJECT_END NAME=Cube_id_0_copy_0
;AFTER_LAYER_CHANGE
;170.5
;_SET_FAN_SPEED_CHANGING_LAYER
; printing object Cube id:0 copy 0
;WIPE_START
G1 F600
G1 X293.984 Y615.092 E-10
;WIPE_END
EXCLUDE_OBJECT_START NAME=Cube_id_0_copy_0
G1 Z171.5 F15000
G1 X291.538 Y708.462 Z171.5
G1 Z170.5
G1 E17 F9000
;TYPE:Outer wall
;WIDTH:3.2
G1 F2779.615
G1 X291.538 Y291.538 E1799.91857
G1 X708.462 Y291.538 E1799.91857
G1 X708.462 Y708.462 E1799.91857
G1 X291.838 Y708.462 E1798.62343
M73 P44 R386
;WIPE_START
G1 F600
G1 X291.833 Y701.462 E-10
;WIPE_END
G1 Z171.5 F15000
G1 X293.984 Y608.092 Z171.5
G1 Z170.5
G1 E17 F9000
;TYPE:Sparse infill
;WIDTH:3.2
G1 F2779.614
G1 X293.984 Y619.604 E49.70059
G1 X380.396 Y706.016 E527.57392
G1 X391.908 Y706.016 E49.70059
;WIPE_START
G1 F600
G1 X384.908 Y706.016 E-10
;WIPE_END
G1 Z171.5 F15000
G1 X293.984 Y445.282 Z171.5
G1 Z170.5
G1 E17 F9000
G1 F2779.614
G1 X293.984 Y456.794 E49.70059
G1 X543.206 Y706.016 E1521.58569
G1 X554.718 Y706.016 E49.70059
;WIPE_START
G1 F600
G1 X547.718 Y706.016 E-10
;WIPE_END
G1 Z171.5 F15000
G1 X706.016 Y608.092 Z171.5
G1 Z170.5
G1 E17 F9000
G1 F2779.614
G1 X706.016 Y619.604 E49.70059
G1 X619.604 Y706.016 E527.57393
G1 X608.092 Y706.016 E49.70059
;WIPE_START
G1 F600
G1 X615.092 Y706.016 E-10
;WIPE_END
G1 Z171.5 F15000
G1 X706.016 Y445.282 Z171.5
G1 Z170.5
G1 E17 F9000
G1 F2779.614
G1 X706.016 Y456.794 E49.70059
G1 X456.794 Y706.016 E1521.58571
G1 X445.282 Y706.016 E49.70059
;WIPE_START
G1 F600
G1 X452.282 Y706.016 E-10
;WIPE_END
G1 Z171.5 F15000
G1 X445.282 Y293.984 Z171.5
G1 Z170.5
G1 E17 F9000
G1 F2779.614
G1 X456.794 Y293.984 E49.70059
G1 X706.016 Y543.206 E1521.58569
G1 X706.016 Y554.718 E49.70059
M73 P44 R385
;WIPE_START
G1 F600
G1 X706.016 Y547.718 E-10
;WIPE_END
G1 Z171.5 F15000
G1 X694.503 Y293.984 Z171.5
G1 Z170.5
G1 E17 F9000
G1 F2779.614
G1 X706.016 Y293.984 E49.7003
G1 X293.984 Y706.016 E2515.59704
G1 X305.497 Y706.016 E49.70028
;WIPE_START
G1 F600
G1 X298.497 Y706.016 E-10
;WIPE_END
G1 Z171.5 F15000
G1 X305.497 Y293.984 Z171.5
G1 Z170.5
G1 E17 F9000
G1 F2779.614
G1 X293.984 Y293.984 E49.70059
G1 X706.016 Y706.016 E2515.59745
G1 X694.503 Y706.016 E49.70059
;WIPE_START
G1 F600
G1 X701.503 Y706.016 E-10
;WIPE_END
G1 Z171.5 F15000
G1 X608.092 Y293.984 Z171.5
G1 Z170.5
G1 E17 F9000
G1 F2779.614
G1 X619.604 Y293.984 E49.70059
G1 X706.016 Y380.396 E527.57392
G1 X706.016 Y391.908 E49.70059
;WIPE_START
G1 F600
G1 X706.016 Y384.908 E-10
;WIPE_END
G1 Z171.5 F15000
G1 X554.718 Y293.984 Z171.5
G1 Z170.5
G1 E17 F9000
G1 F2779.614
G1 X543.206 Y293.984 E49.70059
G1 X293.984 Y543.206 E1521.58568
G1 X293.984 Y554.718 E49.70059
;WIPE_START
G1 F600
G1 X293.984 Y547.718 E-10
;WIPE_END
G1 Z171.5 F15000
G1 X391.908 Y293.984 Z171.5
G1 Z170.5
G1 E17 F9000
G1 F2779.614
G1 X380.396 Y293.984 E49.70059
G1 X293.984 Y380.396 E527.5739
G1 X293.984 Y391.908 E49.70059
; stop printing object Cube id:0 copy 0
;LAYER_CHANGE
;Z:172
;HEIGHT:1.5
;BEFORE_LAYER_CHANGE
;172
G92 E0

EXCLUDE_OBJECT_END NAME=Cube_id_0_copy_0
;AFTER_LAYER_CHANGE
;172
;_SET_FAN_SPEED_CHANGING_LAYER
; printing object Cube id:0 copy 0
;WIPE_START
G1 F600
G1 X293.984 Y384.908 E-10
;WIPE_END
EXCLUDE_OBJECT_START NAME=Cube_id_0_copy_0
G1 Z173 F15000
G1 X291.538 Y291.538 Z173
G1 Z172
G1 E17 F9000
;TYPE:Outer wall
;WIDTH:3.2
G1 F2779.615
G1 X708.462 Y291.538 E1799.91857
G1 X708.462 Y708.462 E1799.91857
M73 P44 R384
G1 X291.538 Y708.462 E1799.91857
G1 X291.538 Y291.838 E1798.62343
;WIPE_START
G1 F600
M73 P45 R384
G1 X298.538 Y291.833 E-10
;WIPE_END
G1 Z173 F15000
G1 X293.984 Y391.908 Z173
G1 Z172
G1 E17 F9000
;TYPE:Sparse infill
;WIDTH:3.2
G1 F2779.614
G1 X293.984 Y380.396 E49.70059
G1 X380.396 Y293.984 E527.5739
G1 X391.908 Y293.984 E49.70059
;WIPE_START
G1 F600
G1 X384.908 Y293.984 E-10
;WIPE_END
G1 Z173 F15000
G1 X293.984 Y554.718 Z173
G1 Z172
G1 E17 F9000
G1 F2779.614
G1 X293.984 Y543.206 E49.70059
G1 X543.206 Y293.984 E1521.58568
G1 X554.718 Y293.984 E49.70059
;WIPE_START
G1 F600
G1 X547.718 Y293.984 E-10
;WIPE_END
G1 Z173 F15000
G1 X706.016 Y391.908 Z173
G1 Z172
G1 E17 F9000
G1 F2779.614
G1 X706.016 Y380.396 E49.70059
G1 X619.604 Y293.984 E527.57392
G1 X608.092 Y293.984 E49.70059
;WIPE_START
G1 F600
G1 X615.092 Y293.984 E-10
;WIPE_END
G1 Z173 F15000
G1 X706.016 Y554.718 Z173
G1 Z172
M73 P45 R383
G1 E17 F9000
G1 F2779.614
G1 X706.016 Y543.206 E49.70059
G1 X456.794 Y293.984 E1521.58569
G1 X445.282 Y293.984 E49.70059
;WIPE_START
G1 F600
G1 X452.282 Y293.984 E-10
;WIPE_END
G1 Z173 F15000
G1 X445.282 Y706.016 Z173
G1 Z172
G1 E17 F9000
G1 F2779.614
G1 X456.794 Y706.016 E49.70059
G1 X706.016 Y456.794 E1521.58571
G1 X706.016 Y445.282 E49.70059
;WIPE_START
G1 F600
G1 X706.016 Y452.282 E-10
;WIPE_END
G1 Z173 F15000
G1 X694.503 Y706.016 Z173
G1 Z172
G1 E17 F9000
G1 F2779.614
G1 X706.016 Y706.016 E49.70059
G1 X293.984 Y293.984 E2515.59745
G1 X305.497 Y293.984 E49.70059
;WIPE_START
G1 F600
G1 X298.497 Y293.984 E-10
;WIPE_END
G1 Z173 F15000
G1 X305.497 Y706.016 Z173
G1 Z172
G1 E17 F9000
G1 F2779.614
G1 X293.984 Y706.016 E49.70028
G1 X706.016 Y293.984 E2515.59704
G1 X694.503 Y293.984 E49.7003
;WIPE_START
G1 F600
G1 X701.503 Y293.984 E-10
;WIPE_END
G1 Z173 F15000
G1 X608.092 Y706.016 Z173
G1 Z172
G1 E17 F9000
G1 F2779.614
G1 X619.604 Y706.016 E49.70059
G1 X706.016 Y619.604 E527.57393
G1 X706.016 Y608.092 E49.70059
;WIPE_START
G1 F600
G1 X706.016 Y615.092 E-10
;WIPE_END
G1 Z173 F15000
M73 P45 R382
G1 X554.718 Y706.016 Z173
G1 Z172
G1 E17 F9000
G1 F2779.614
G1 X543.206 Y706.016 E49.70059
G1 X293.984 Y456.794 E1521.58569
G1 X293.984 Y445.282 E49.70059
;WIPE_START
G1 F600
G1 X293.984 Y452.282 E-10
;WIPE_END
G1 Z173 F15000
G1 X391.908 Y706.016 Z173
G1 Z172
G1 E17 F9000
G1 F2779.614
G1 X380.396 Y706.016 E49.70059
G1 X293.984 Y619.604 E527.57392
G1 X293.984 Y608.092 E49.70059
; stop printing object Cube id:0 copy 0
;LAYER_CHANGE
;Z:173.5
;HEIGHT:1.5
;BEFORE_LAYER_CHANGE
;173.5
G92 E0

EXCLUDE_OBJECT_END NAME=Cube_id_0_copy_0
;AFTER_LAYER_CHANGE
;173.5
;_SET_FAN_SPEED_CHANGING_LAYER
; printing object Cube id:0 copy 0
;WIPE_START
G1 F600
G1 X293.984 Y615.092 E-10
;WIPE_END
EXCLUDE_OBJECT_START NAME=Cube_id_0_copy_0
G1 Z174.5 F15000
G1 X291.538 Y708.462 Z174.5
G1 Z173.5
G1 E17 F9000
;TYPE:Outer wall
;WIDTH:3.2
G1 F2779.615
G1 X291.538 Y291.538 E1799.91857
G1 X708.462 Y291.538 E1799.91857
G1 X708.462 Y708.462 E1799.91857
G1 X291.838 Y708.462 E1798.62343
;WIPE_START
G1 F600
G1 X291.833 Y701.462 E-10
;WIPE_END
G1 Z174.5 F15000
G1 X293.984 Y608.092 Z174.5
G1 Z173.5
G1 E17 F9000
;TYPE:Sparse infill
;WIDTH:3.2
G1 F2779.614
G1 X293.984 Y619.604 E49.70059
G1 X380.396 Y706.016 E527.57392
G1 X391.908 Y706.016 E49.70059
;WIPE_START
G1 F600
M73 P45 R381
G1 X384.908 Y706.016 E-10
;WIPE_END
G1 Z174.5 F15000
G1 X293.984 Y445.282 Z174.5
G1 Z173.5
G1 E17 F9000
G1 F2779.614
G1 X293.984 Y456.794 E49.70059
G1 X543.206 Y706.016 E1521.58569
G1 X554.718 Y706.016 E49.70059
;WIPE_START
G1 F600
G1 X547.718 Y706.016 E-10
;WIPE_END
G1 Z174.5 F15000
G1 X706.016 Y608.092 Z174.5
G1 Z173.5
G1 E17 F9000
G1 F2779.614
G1 X706.016 Y619.604 E49.70059
G1 X619.604 Y706.016 E527.57393
G1 X608.092 Y706.016 E49.70059
;WIPE_START
G1 F600
G1 X615.092 Y706.016 E-10
;WIPE_END
G1 Z174.5 F15000
G1 X706.016 Y445.282 Z174.5
G1 Z173.5
G1 E17 F9000
G1 F2779.614
G1 X706.016 Y456.794 E49.70059
G1 X456.794 Y706.016 E1521.58571
G1 X445.282 Y706.016 E49.70059
;WIPE_START
G1 F600
G1 X452.282 Y706.016 E-10
;WIPE_END
G1 Z174.5 F15000
G1 X445.282 Y293.984 Z174.5
G1 Z173.5
G1 E17 F9000
G1 F2779.614
G1 X456.794 Y293.984 E49.70059
G1 X706.016 Y543.206 E1521.58569
G1 X706.016 Y554.718 E49.70059
;WIPE_START
G1 F600
G1 X706.016 Y547.718 E-10
;WIPE_END
G1 Z174.5 F15000
G1 X694.503 Y293.984 Z174.5
G1 Z173.5
G1 E17 F9000
G1 F2779.614
G1 X706.016 Y293.984 E49.7003
G1 X293.984 Y706.016 E2515.59704
G1 X305.497 Y706.016 E49.70028
;WIPE_START
G1 F600
G1 X298.497 Y706.016 E-10
;WIPE_END
G1 Z174.5 F15000
G1 X305.497 Y293.984 Z174.5
G1 Z173.5
G1 E17 F9000
G1 F2779.614
G1 X293.984 Y293.984 E49.70059
G1 X706.016 Y706.016 E2515.59745
G1 X694.503 Y706.016 E49.70059
M73 P45 R380
;WIPE_START
G1 F600
G1 X701.503 Y706.016 E-10
;WIPE_END
G1 Z174.5 F15000
G1 X608.092 Y293.984 Z174.5
G1 Z173.5
G1 E17 F9000
G1 F2779.614
G1 X619.604 Y293.984 E49.70059
G1 X706.016 Y380.396 E527.57392
G1 X706.016 Y391.908 E49.70059
;WIPE_START
G1 F600
G1 X706.016 Y384.908 E-10
;WIPE_END
G1 Z174.5 F15000
G1 X554.718 Y293.984 Z174.5
G1 Z173.5
G1 E17 F9000
G1 F2779.614
G1 X543.206 Y293.984 E49.70059
G1 X293.984 Y543.206 E1521.58568
G1 X293.984 Y554.718 E49.70059
;WIPE_START
G1 F600
G1 X293.984 Y547.718 E-10
;WIPE_END
G1 Z174.5 F15000
G1 X391.908 Y293.984 Z174.5
G1 Z173.5
G1 E17 F9000
G1 F2779.614
G1 X380.396 Y293.984 E49.70059
G1 X293.984 Y380.396 E527.5739
G1 X293.984 Y391.908 E49.70059
; stop printing object Cube id:0 copy 0
;LAYER_CHANGE
;Z:175
;HEIGHT:1.5
;BEFORE_LAYER_CHANGE
;175
G92 E0

EXCLUDE_OBJECT_END NAME=Cube_id_0_copy_0
;AFTER_LAYER_CHANGE
;175
;_SET_FAN_SPEED_CHANGING_LAYER
; printing object Cube id:0 copy 0
;WIPE_START
G1 F600
G1 X293.984 Y384.908 E-10
;WIPE_END
EXCLUDE_OBJECT_START NAME=Cube_id_0_copy_0
G1 Z176 F15000
G1 X291.538 Y291.538 Z176
G1 Z175
G1 E17 F9000
;TYPE:Outer wall
;WIDTH:3.2
G1 F2779.615
G1 X708.462 Y291.538 E1799.91857
G1 X708.462 Y708.462 E1799.91857
G1 X291.538 Y708.462 E1799.91857
G1 X291.538 Y291.838 E1798.62343
M73 P45 R379
;WIPE_START
G1 F600
G1 X298.538 Y291.833 E-10
;WIPE_END
G1 Z176 F15000
G1 X293.984 Y391.908 Z176
G1 Z175
G1 E17 F9000
;TYPE:Sparse infill
;WIDTH:3.2
G1 F2779.614
G1 X293.984 Y380.396 E49.70059
G1 X380.396 Y293.984 E527.5739
G1 X391.908 Y293.984 E49.70059
;WIPE_START
G1 F600
G1 X384.908 Y293.984 E-10
;WIPE_END
G1 Z176 F15000
G1 X293.984 Y554.718 Z176
G1 Z175
G1 E17 F9000
G1 F2779.614
G1 X293.984 Y543.206 E49.70059
G1 X543.206 Y293.984 E1521.58568
G1 X554.718 Y293.984 E49.70059
;WIPE_START
G1 F600
G1 X547.718 Y293.984 E-10
;WIPE_END
G1 Z176 F15000
G1 X706.016 Y391.908 Z176
G1 Z175
G1 E17 F9000
G1 F2779.614
G1 X706.016 Y380.396 E49.70059
G1 X619.604 Y293.984 E527.57392
G1 X608.092 Y293.984 E49.70059
;WIPE_START
G1 F600
G1 X615.092 Y293.984 E-10
;WIPE_END
G1 Z176 F15000
G1 X706.016 Y554.718 Z176
G1 Z175
G1 E17 F9000
G1 F2779.614
G1 X706.016 Y543.206 E49.70059
G1 X456.794 Y293.984 E1521.58569
G1 X445.282 Y293.984 E49.70059
;WIPE_START
G1 F600
G1 X452.282 Y293.984 E-10
;WIPE_END
G1 Z176 F15000
G1 X445.282 Y706.016 Z176
G1 Z175
G1 E17 F9000
G1 F2779.614
G1 X456.794 Y706.016 E49.70059
G1 X706.016 Y456.794 E1521.58571
G1 X706.016 Y445.282 E49.70059
;WIPE_START
G1 F600
G1 X706.016 Y452.282 E-10
;WIPE_END
G1 Z176 F15000
G1 X694.503 Y706.016 Z176
G1 Z175
M73 P45 R378
G1 E17 F9000
G1 F2779.614
G1 X706.016 Y706.016 E49.70059
G1 X293.984 Y293.984 E2515.59745
G1 X305.497 Y293.984 E49.70059
;WIPE_START
G1 F600
G1 X298.497 Y293.984 E-10
;WIPE_END
G1 Z176 F15000
G1 X305.497 Y706.016 Z176
G1 Z175
G1 E17 F9000
G1 F2779.614
G1 X293.984 Y706.016 E49.70028
G1 X706.016 Y293.984 E2515.59704
G1 X694.503 Y293.984 E49.7003
;WIPE_START
G1 F600
G1 X701.503 Y293.984 E-10
;WIPE_END
G1 Z176 F15000
G1 X608.092 Y706.016 Z176
G1 Z175
G1 E17 F9000
G1 F2779.614
G1 X619.604 Y706.016 E49.70059
G1 X706.016 Y619.604 E527.57393
G1 X706.016 Y608.092 E49.70059
;WIPE_START
G1 F600
G1 X706.016 Y615.092 E-10
;WIPE_END
G1 Z176 F15000
G1 X554.718 Y706.016 Z176
G1 Z175
G1 E17 F9000
G1 F2779.614
G1 X543.206 Y706.016 E49.70059
G1 X293.984 Y456.794 E1521.58569
G1 X293.984 Y445.282 E49.70059
;WIPE_START
G1 F600
G1 X293.984 Y452.282 E-10
;WIPE_END
G1 Z176 F15000
G1 X391.908 Y706.016 Z176
G1 Z175
G1 E17 F9000
G1 F2779.614
G1 X380.396 Y706.016 E49.70059
G1 X293.984 Y619.604 E527.57392
G1 X293.984 Y608.092 E49.70059
; stop printing object Cube id:0 copy 0
;LAYER_CHANGE
;Z:176.5
;HEIGHT:1.5
;BEFORE_LAYER_CHANGE
;176.5
G92 E0

EXCLUDE_OBJECT_END NAME=Cube_id_0_copy_0
;AFTER_LAYER_CHANGE
;176.5
;_SET_FAN_SPEED_CHANGING_LAYER
; printing object Cube id:0 copy 0
;WIPE_START
G1 F600
G1 X293.984 Y615.092 E-10
;WIPE_END
EXCLUDE_OBJECT_START NAME=Cube_id_0_copy_0
G1 Z177.5 F15000
G1 X291.538 Y708.462 Z177.5
G1 Z176.5
G1 E17 F9000
;TYPE:Outer wall
;WIDTH:3.2
G1 F2779.615
G1 X291.538 Y291.538 E1799.91857
G1 X708.462 Y291.538 E1799.91857
M73 P45 R377
G1 X708.462 Y708.462 E1799.91857
G1 X291.838 Y708.462 E1798.62343
;WIPE_START
G1 F600
M73 P46 R377
G1 X291.833 Y701.462 E-10
;WIPE_END
G1 Z177.5 F15000
G1 X293.984 Y608.092 Z177.5
G1 Z176.5
G1 E17 F9000
;TYPE:Sparse infill
;WIDTH:3.2
G1 F2779.614
G1 X293.984 Y619.604 E49.70059
G1 X380.396 Y706.016 E527.57392
G1 X391.908 Y706.016 E49.70059
;WIPE_START
G1 F600
G1 X384.908 Y706.016 E-10
;WIPE_END
G1 Z177.5 F15000
G1 X293.984 Y445.282 Z177.5
G1 Z176.5
G1 E17 F9000
G1 F2779.614
G1 X293.984 Y456.794 E49.70059
G1 X543.206 Y706.016 E1521.58569
G1 X554.718 Y706.016 E49.70059
;WIPE_START
G1 F600
G1 X547.718 Y706.016 E-10
;WIPE_END
G1 Z177.5 F15000
G1 X706.016 Y608.092 Z177.5
G1 Z176.5
G1 E17 F9000
G1 F2779.614
G1 X706.016 Y619.604 E49.70059
G1 X619.604 Y706.016 E527.57393
G1 X608.092 Y706.016 E49.70059
;WIPE_START
G1 F600
G1 X615.092 Y706.016 E-10
;WIPE_END
G1 Z177.5 F15000
G1 X706.016 Y445.282 Z177.5
G1 Z176.5
G1 E17 F9000
G1 F2779.614
G1 X706.016 Y456.794 E49.70059
G1 X456.794 Y706.016 E1521.58571
G1 X445.282 Y706.016 E49.70059
M73 P46 R376
;WIPE_START
G1 F600
G1 X452.282 Y706.016 E-10
;WIPE_END
G1 Z177.5 F15000
G1 X445.282 Y293.984 Z177.5
G1 Z176.5
G1 E17 F9000
G1 F2779.614
G1 X456.794 Y293.984 E49.70059
G1 X706.016 Y543.206 E1521.58569
G1 X706.016 Y554.718 E49.70059
;WIPE_START
G1 F600
G1 X706.016 Y547.718 E-10
;WIPE_END
G1 Z177.5 F15000
G1 X694.503 Y293.984 Z177.5
G1 Z176.5
G1 E17 F9000
G1 F2779.614
G1 X706.016 Y293.984 E49.7003
G1 X293.984 Y706.016 E2515.59704
G1 X305.497 Y706.016 E49.70028
;WIPE_START
G1 F600
G1 X298.497 Y706.016 E-10
;WIPE_END
G1 Z177.5 F15000
G1 X305.497 Y293.984 Z177.5
G1 Z176.5
G1 E17 F9000
G1 F2779.614
G1 X293.984 Y293.984 E49.70059
G1 X706.016 Y706.016 E2515.59745
G1 X694.503 Y706.016 E49.70059
;WIPE_START
G1 F600
G1 X701.503 Y706.016 E-10
;WIPE_END
G1 Z177.5 F15000
G1 X608.092 Y293.984 Z177.5
G1 Z176.5
G1 E17 F9000
G1 F2779.614
G1 X619.604 Y293.984 E49.70059
G1 X706.016 Y380.396 E527.57392
G1 X706.016 Y391.908 E49.70059
;WIPE_START
G1 F600
G1 X706.016 Y384.908 E-10
;WIPE_END
G1 Z177.5 F15000
G1 X554.718 Y293.984 Z177.5
G1 Z176.5
G1 E17 F9000
G1 F2779.614
G1 X543.206 Y293.984 E49.70059
G1 X293.984 Y543.206 E1521.58568
G1 X293.984 Y554.718 E49.70059
M73 P46 R375
;WIPE_START
G1 F600
G1 X293.984 Y547.718 E-10
;WIPE_END
G1 Z177.5 F15000
G1 X391.908 Y293.984 Z177.5
G1 Z176.5
G1 E17 F9000
G1 F2779.614
G1 X380.396 Y293.984 E49.70059
G1 X293.984 Y380.396 E527.5739
G1 X293.984 Y391.908 E49.70059
; stop printing object Cube id:0 copy 0
;LAYER_CHANGE
;Z:178
;HEIGHT:1.5
;BEFORE_LAYER_CHANGE
;178
G92 E0

EXCLUDE_OBJECT_END NAME=Cube_id_0_copy_0
;AFTER_LAYER_CHANGE
;178
;_SET_FAN_SPEED_CHANGING_LAYER
; printing object Cube id:0 copy 0
;WIPE_START
G1 F600
G1 X293.984 Y384.908 E-10
;WIPE_END
EXCLUDE_OBJECT_START NAME=Cube_id_0_copy_0
G1 Z179 F15000
G1 X291.538 Y291.538 Z179
G1 Z178
G1 E17 F9000
;TYPE:Outer wall
;WIDTH:3.2
G1 F2779.615
G1 X708.462 Y291.538 E1799.91857
G1 X708.462 Y708.462 E1799.91857
G1 X291.538 Y708.462 E1799.91857
G1 X291.538 Y291.838 E1798.62343
;WIPE_START
G1 F600
G1 X298.538 Y291.833 E-10
;WIPE_END
G1 Z179 F15000
G1 X293.984 Y391.908 Z179
G1 Z178
G1 E17 F9000
;TYPE:Sparse infill
;WIDTH:3.2
G1 F2779.614
G1 X293.984 Y380.396 E49.70059
G1 X380.396 Y293.984 E527.5739
G1 X391.908 Y293.984 E49.70059
;WIPE_START
G1 F600
G1 X384.908 Y293.984 E-10
;WIPE_END
G1 Z179 F15000
G1 X293.984 Y554.718 Z179
G1 Z178
G1 E17 F9000
M73 P46 R374
G1 F2779.614
G1 X293.984 Y543.206 E49.70059
G1 X543.206 Y293.984 E1521.58568
G1 X554.718 Y293.984 E49.70059
;WIPE_START
G1 F600
G1 X547.718 Y293.984 E-10
;WIPE_END
G1 Z179 F15000
G1 X706.016 Y391.908 Z179
G1 Z178
G1 E17 F9000
G1 F2779.614
G1 X706.016 Y380.396 E49.70059
G1 X619.604 Y293.984 E527.57392
G1 X608.092 Y293.984 E49.70059
;WIPE_START
G1 F600
G1 X615.092 Y293.984 E-10
;WIPE_END
G1 Z179 F15000
G1 X706.016 Y554.718 Z179
G1 Z178
G1 E17 F9000
G1 F2779.614
G1 X706.016 Y543.206 E49.70059
G1 X456.794 Y293.984 E1521.58569
G1 X445.282 Y293.984 E49.70059
;WIPE_START
G1 F600
G1 X452.282 Y293.984 E-10
;WIPE_END
G1 Z179 F15000
G1 X445.282 Y706.016 Z179
G1 Z178
G1 E17 F9000
G1 F2779.614
G1 X456.794 Y706.016 E49.70059
G1 X706.016 Y456.794 E1521.58571
G1 X706.016 Y445.282 E49.70059
;WIPE_START
G1 F600
G1 X706.016 Y452.282 E-10
;WIPE_END
G1 Z179 F15000
G1 X694.503 Y706.016 Z179
G1 Z178
G1 E17 F9000
G1 F2779.614
G1 X706.016 Y706.016 E49.70059
G1 X293.984 Y293.984 E2515.59745
G1 X305.497 Y293.984 E49.70059
;WIPE_START
G1 F600
G1 X298.497 Y293.984 E-10
;WIPE_END
G1 Z179 F15000
G1 X305.497 Y706.016 Z179
G1 Z178
G1 E17 F9000
G1 F2779.614
G1 X293.984 Y706.016 E49.70028
G1 X706.016 Y293.984 E2515.59704
G1 X694.503 Y293.984 E49.7003
M73 P46 R373
;WIPE_START
G1 F600
G1 X701.503 Y293.984 E-10
;WIPE_END
G1 Z179 F15000
G1 X608.092 Y706.016 Z179
G1 Z178
G1 E17 F9000
G1 F2779.614
G1 X619.604 Y706.016 E49.70059
G1 X706.016 Y619.604 E527.57393
G1 X706.016 Y608.092 E49.70059
;WIPE_START
G1 F600
G1 X706.016 Y615.092 E-10
;WIPE_END
G1 Z179 F15000
G1 X554.718 Y706.016 Z179
G1 Z178
G1 E17 F9000
G1 F2779.614
G1 X543.206 Y706.016 E49.70059
G1 X293.984 Y456.794 E1521.58569
G1 X293.984 Y445.282 E49.70059
;WIPE_START
G1 F600
G1 X293.984 Y452.282 E-10
;WIPE_END
G1 Z179 F15000
G1 X391.908 Y706.016 Z179
G1 Z178
G1 E17 F9000
G1 F2779.614
G1 X380.396 Y706.016 E49.70059
G1 X293.984 Y619.604 E527.57392
G1 X293.984 Y608.092 E49.70059
; stop printing object Cube id:0 copy 0
;LAYER_CHANGE
;Z:179.5
;HEIGHT:1.5
;BEFORE_LAYER_CHANGE
;179.5
G92 E0

EXCLUDE_OBJECT_END NAME=Cube_id_0_copy_0
;AFTER_LAYER_CHANGE
;179.5
;_SET_FAN_SPEED_CHANGING_LAYER
; printing object Cube id:0 copy 0
;WIPE_START
G1 F600
G1 X293.984 Y615.092 E-10
;WIPE_END
EXCLUDE_OBJECT_START NAME=Cube_id_0_copy_0
G1 Z180.5 F15000
G1 X291.538 Y708.462 Z180.5
G1 Z179.5
G1 E17 F9000
;TYPE:Outer wall
;WIDTH:3.2
G1 F2779.615
G1 X291.538 Y291.538 E1799.91857
G1 X708.462 Y291.538 E1799.91857
G1 X708.462 Y708.462 E1799.91857
G1 X291.838 Y708.462 E1798.62343
M73 P46 R372
;WIPE_START
G1 F600
G1 X291.833 Y701.462 E-10
;WIPE_END
G1 Z180.5 F15000
G1 X293.984 Y608.092 Z180.5
G1 Z179.5
G1 E17 F9000
;TYPE:Sparse infill
;WIDTH:3.2
G1 F2779.614
G1 X293.984 Y619.604 E49.70059
G1 X380.396 Y706.016 E527.57392
G1 X391.908 Y706.016 E49.70059
;WIPE_START
G1 F600
G1 X384.908 Y706.016 E-10
;WIPE_END
G1 Z180.5 F15000
G1 X293.984 Y445.282 Z180.5
G1 Z179.5
G1 E17 F9000
G1 F2779.614
G1 X293.984 Y456.794 E49.70059
G1 X543.206 Y706.016 E1521.58569
G1 X554.718 Y706.016 E49.70059
;WIPE_START
G1 F600
G1 X547.718 Y706.016 E-10
;WIPE_END
G1 Z180.5 F15000
G1 X706.016 Y608.092 Z180.5
G1 Z179.5
G1 E17 F9000
G1 F2779.614
G1 X706.016 Y619.604 E49.70059
G1 X619.604 Y706.016 E527.57393
G1 X608.092 Y706.016 E49.70059
;WIPE_START
G1 F600
G1 X615.092 Y706.016 E-10
;WIPE_END
G1 Z180.5 F15000
G1 X706.016 Y445.282 Z180.5
G1 Z179.5
G1 E17 F9000
G1 F2779.614
G1 X706.016 Y456.794 E49.70059
G1 X456.794 Y706.016 E1521.58571
G1 X445.282 Y706.016 E49.70059
;WIPE_START
G1 F600
G1 X452.282 Y706.016 E-10
;WIPE_END
G1 Z180.5 F15000
G1 X445.282 Y293.984 Z180.5
G1 Z179.5
G1 E17 F9000
G1 F2779.614
G1 X456.794 Y293.984 E49.70059
G1 X706.016 Y543.206 E1521.58569
G1 X706.016 Y554.718 E49.70059
;WIPE_START
G1 F600
G1 X706.016 Y547.718 E-10
;WIPE_END
G1 Z180.5 F15000
G1 X694.503 Y293.984 Z180.5
G1 Z179.5
G1 E17 F9000
G1 F2779.614
G1 X706.016 Y293.984 E49.7003
G1 X293.984 Y706.016 E2515.59704
G1 X305.497 Y706.016 E49.70028
M73 P46 R371
;WIPE_START
G1 F600
G1 X298.497 Y706.016 E-10
;WIPE_END
G1 Z180.5 F15000
G1 X305.497 Y293.984 Z180.5
G1 Z179.5
G1 E17 F9000
G1 F2779.614
G1 X293.984 Y293.984 E49.70059
G1 X706.016 Y706.016 E2515.59745
G1 X694.503 Y706.016 E49.70059
;WIPE_START
G1 F600
G1 X701.503 Y706.016 E-10
;WIPE_END
G1 Z180.5 F15000
G1 X608.092 Y293.984 Z180.5
G1 Z179.5
G1 E17 F9000
G1 F2779.614
G1 X619.604 Y293.984 E49.70059
G1 X706.016 Y380.396 E527.57392
G1 X706.016 Y391.908 E49.70059
;WIPE_START
G1 F600
G1 X706.016 Y384.908 E-10
;WIPE_END
G1 Z180.5 F15000
G1 X554.718 Y293.984 Z180.5
G1 Z179.5
G1 E17 F9000
G1 F2779.614
G1 X543.206 Y293.984 E49.70059
G1 X293.984 Y543.206 E1521.58568
G1 X293.984 Y554.718 E49.70059
;WIPE_START
G1 F600
G1 X293.984 Y547.718 E-10
;WIPE_END
G1 Z180.5 F15000
G1 X391.908 Y293.984 Z180.5
G1 Z179.5
G1 E17 F9000
G1 F2779.614
G1 X380.396 Y293.984 E49.70059
G1 X293.984 Y380.396 E527.5739
G1 X293.984 Y391.908 E49.70059
; stop printing object Cube id:0 copy 0
;LAYER_CHANGE
;Z:181
;HEIGHT:1.5
;BEFORE_LAYER_CHANGE
;181
G92 E0

EXCLUDE_OBJECT_END NAME=Cube_id_0_copy_0
;AFTER_LAYER_CHANGE
;181
;_SET_FAN_SPEED_CHANGING_LAYER
; printing object Cube id:0 copy 0
;WIPE_START
G1 F600
G1 X293.984 Y384.908 E-10
;WIPE_END
EXCLUDE_OBJECT_START NAME=Cube_id_0_copy_0
G1 Z182 F15000
G1 X291.538 Y291.538 Z182
G1 Z181
G1 E17 F9000
;TYPE:Outer wall
;WIDTH:3.2
G1 F2779.615
G1 X708.462 Y291.538 E1799.91857
G1 X708.462 Y708.462 E1799.91857
M73 P46 R370
G1 X291.538 Y708.462 E1799.91857
G1 X291.538 Y291.838 E1798.62343
;WIPE_START
G1 F600
M73 P47 R370
G1 X298.538 Y291.833 E-10
;WIPE_END
G1 Z182 F15000
G1 X293.984 Y391.908 Z182
G1 Z181
G1 E17 F9000
;TYPE:Sparse infill
;WIDTH:3.2
G1 F2779.614
G1 X293.984 Y380.396 E49.70059
G1 X380.396 Y293.984 E527.5739
G1 X391.908 Y293.984 E49.70059
;WIPE_START
G1 F600
G1 X384.908 Y293.984 E-10
;WIPE_END
G1 Z182 F15000
G1 X293.984 Y554.718 Z182
G1 Z181
G1 E17 F9000
G1 F2779.614
G1 X293.984 Y543.206 E49.70059
G1 X543.206 Y293.984 E1521.58568
G1 X554.718 Y293.984 E49.70059
;WIPE_START
G1 F600
G1 X547.718 Y293.984 E-10
;WIPE_END
G1 Z182 F15000
G1 X706.016 Y391.908 Z182
G1 Z181
G1 E17 F9000
G1 F2779.614
G1 X706.016 Y380.396 E49.70059
G1 X619.604 Y293.984 E527.57392
G1 X608.092 Y293.984 E49.70059
;WIPE_START
G1 F600
G1 X615.092 Y293.984 E-10
;WIPE_END
G1 Z182 F15000
G1 X706.016 Y554.718 Z182
G1 Z181
G1 E17 F9000
G1 F2779.614
G1 X706.016 Y543.206 E49.70059
G1 X456.794 Y293.984 E1521.58569
G1 X445.282 Y293.984 E49.70059
M73 P47 R369
;WIPE_START
G1 F600
G1 X452.282 Y293.984 E-10
;WIPE_END
G1 Z182 F15000
G1 X445.282 Y706.016 Z182
G1 Z181
G1 E17 F9000
G1 F2779.614
G1 X456.794 Y706.016 E49.70059
G1 X706.016 Y456.794 E1521.58571
G1 X706.016 Y445.282 E49.70059
;WIPE_START
G1 F600
G1 X706.016 Y452.282 E-10
;WIPE_END
G1 Z182 F15000
G1 X694.503 Y706.016 Z182
G1 Z181
G1 E17 F9000
G1 F2779.614
G1 X706.016 Y706.016 E49.70059
G1 X293.984 Y293.984 E2515.59745
G1 X305.497 Y293.984 E49.70059
;WIPE_START
G1 F600
G1 X298.497 Y293.984 E-10
;WIPE_END
G1 Z182 F15000
G1 X305.497 Y706.016 Z182
G1 Z181
G1 E17 F9000
G1 F2779.614
G1 X293.984 Y706.016 E49.70028
G1 X706.016 Y293.984 E2515.59704
G1 X694.503 Y293.984 E49.7003
;WIPE_START
G1 F600
G1 X701.503 Y293.984 E-10
;WIPE_END
G1 Z182 F15000
G1 X608.092 Y706.016 Z182
G1 Z181
G1 E17 F9000
G1 F2779.614
G1 X619.604 Y706.016 E49.70059
G1 X706.016 Y619.604 E527.57393
G1 X706.016 Y608.092 E49.70059
;WIPE_START
G1 F600
G1 X706.016 Y615.092 E-10
;WIPE_END
G1 Z182 F15000
G1 X554.718 Y706.016 Z182
G1 Z181
G1 E17 F9000
G1 F2779.614
G1 X543.206 Y706.016 E49.70059
G1 X293.984 Y456.794 E1521.58569
G1 X293.984 Y445.282 E49.70059
M73 P47 R368
;WIPE_START
G1 F600
G1 X293.984 Y452.282 E-10
;WIPE_END
G1 Z182 F15000
G1 X391.908 Y706.016 Z182
G1 Z181
G1 E17 F9000
G1 F2779.614
G1 X380.396 Y706.016 E49.70059
G1 X293.984 Y619.604 E527.57392
G1 X293.984 Y608.092 E49.70059
; stop printing object Cube id:0 copy 0
;LAYER_CHANGE
;Z:182.5
;HEIGHT:1.5
;BEFORE_LAYER_CHANGE
;182.5
G92 E0

EXCLUDE_OBJECT_END NAME=Cube_id_0_copy_0
;AFTER_LAYER_CHANGE
;182.5
;_SET_FAN_SPEED_CHANGING_LAYER
; printing object Cube id:0 copy 0
;WIPE_START
G1 F600
G1 X293.984 Y615.092 E-10
;WIPE_END
EXCLUDE_OBJECT_START NAME=Cube_id_0_copy_0
G1 Z183.5 F15000
G1 X291.538 Y708.462 Z183.5
G1 Z182.5
G1 E17 F9000
;TYPE:Outer wall
;WIDTH:3.2
G1 F2779.615
G1 X291.538 Y291.538 E1799.91857
G1 X708.462 Y291.538 E1799.91857
G1 X708.462 Y708.462 E1799.91857
G1 X291.838 Y708.462 E1798.62343
;WIPE_START
G1 F600
G1 X291.833 Y701.462 E-10
;WIPE_END
G1 Z183.5 F15000
G1 X293.984 Y608.092 Z183.5
G1 Z182.5
G1 E17 F9000
;TYPE:Sparse infill
;WIDTH:3.2
G1 F2779.614
G1 X293.984 Y619.604 E49.70059
G1 X380.396 Y706.016 E527.57392
G1 X391.908 Y706.016 E49.70059
;WIPE_START
G1 F600
G1 X384.908 Y706.016 E-10
;WIPE_END
G1 Z183.5 F15000
G1 X293.984 Y445.282 Z183.5
G1 Z182.5
G1 E17 F9000
G1 F2779.614
G1 X293.984 Y456.794 E49.70059
G1 X543.206 Y706.016 E1521.58569
G1 X554.718 Y706.016 E49.70059
M73 P47 R367
;WIPE_START
G1 F600
G1 X547.718 Y706.016 E-10
;WIPE_END
G1 Z183.5 F15000
G1 X706.016 Y608.092 Z183.5
G1 Z182.5
G1 E17 F9000
G1 F2779.614
G1 X706.016 Y619.604 E49.70059
G1 X619.604 Y706.016 E527.57393
G1 X608.092 Y706.016 E49.70059
;WIPE_START
G1 F600
G1 X615.092 Y706.016 E-10
;WIPE_END
G1 Z183.5 F15000
G1 X706.016 Y445.282 Z183.5
G1 Z182.5
G1 E17 F9000
G1 F2779.614
G1 X706.016 Y456.794 E49.70059
G1 X456.794 Y706.016 E1521.58571
G1 X445.282 Y706.016 E49.70059
;WIPE_START
G1 F600
G1 X452.282 Y706.016 E-10
;WIPE_END
G1 Z183.5 F15000
G1 X445.282 Y293.984 Z183.5
G1 Z182.5
G1 E17 F9000
G1 F2779.614
G1 X456.794 Y293.984 E49.70059
G1 X706.016 Y543.206 E1521.58569
G1 X706.016 Y554.718 E49.70059
;WIPE_START
G1 F600
G1 X706.016 Y547.718 E-10
;WIPE_END
G1 Z183.5 F15000
G1 X694.503 Y293.984 Z183.5
G1 Z182.5
G1 E17 F9000
G1 F2779.614
G1 X706.016 Y293.984 E49.7003
G1 X293.984 Y706.016 E2515.59704
G1 X305.497 Y706.016 E49.70028
;WIPE_START
G1 F600
G1 X298.497 Y706.016 E-10
;WIPE_END
G1 Z183.5 F15000
G1 X305.497 Y293.984 Z183.5
G1 Z182.5
G1 E17 F9000
G1 F2779.614
G1 X293.984 Y293.984 E49.70059
G1 X706.016 Y706.016 E2515.59745
G1 X694.503 Y706.016 E49.70059
M73 P47 R366
;WIPE_START
G1 F600
G1 X701.503 Y706.016 E-10
;WIPE_END
G1 Z183.5 F15000
G1 X608.092 Y293.984 Z183.5
G1 Z182.5
G1 E17 F9000
G1 F2779.614
G1 X619.604 Y293.984 E49.70059
G1 X706.016 Y380.396 E527.57392
G1 X706.016 Y391.908 E49.70059
;WIPE_START
G1 F600
G1 X706.016 Y384.908 E-10
;WIPE_END
G1 Z183.5 F15000
G1 X554.718 Y293.984 Z183.5
G1 Z182.5
G1 E17 F9000
G1 F2779.614
G1 X543.206 Y293.984 E49.70059
G1 X293.984 Y543.206 E1521.58568
G1 X293.984 Y554.718 E49.70059
;WIPE_START
G1 F600
G1 X293.984 Y547.718 E-10
;WIPE_END
G1 Z183.5 F15000
G1 X391.908 Y293.984 Z183.5
G1 Z182.5
G1 E17 F9000
G1 F2779.614
G1 X380.396 Y293.984 E49.70059
G1 X293.984 Y380.396 E527.5739
G1 X293.984 Y391.908 E49.70059
; stop printing object Cube id:0 copy 0
;LAYER_CHANGE
;Z:184
;HEIGHT:1.5
;BEFORE_LAYER_CHANGE
;184
G92 E0

EXCLUDE_OBJECT_END NAME=Cube_id_0_copy_0
;AFTER_LAYER_CHANGE
;184
;_SET_FAN_SPEED_CHANGING_LAYER
; printing object Cube id:0 copy 0
;WIPE_START
G1 F600
G1 X293.984 Y384.908 E-10
;WIPE_END
EXCLUDE_OBJECT_START NAME=Cube_id_0_copy_0
G1 Z185 F15000
G1 X291.538 Y291.538 Z185
G1 Z184
G1 E17 F9000
;TYPE:Outer wall
;WIDTH:3.2
G1 F2779.615
G1 X708.462 Y291.538 E1799.91857
G1 X708.462 Y708.462 E1799.91857
G1 X291.538 Y708.462 E1799.91857
G1 X291.538 Y291.838 E1798.62343
;WIPE_START
G1 F600
M73 P47 R365
G1 X298.538 Y291.833 E-10
;WIPE_END
G1 Z185 F15000
G1 X293.984 Y391.908 Z185
G1 Z184
G1 E17 F9000
;TYPE:Sparse infill
;WIDTH:3.2
G1 F2779.614
G1 X293.984 Y380.396 E49.70059
G1 X380.396 Y293.984 E527.5739
G1 X391.908 Y293.984 E49.70059
;WIPE_START
G1 F600
G1 X384.908 Y293.984 E-10
;WIPE_END
G1 Z185 F15000
G1 X293.984 Y554.718 Z185
G1 Z184
G1 E17 F9000
G1 F2779.614
G1 X293.984 Y543.206 E49.70059
G1 X543.206 Y293.984 E1521.58568
G1 X554.718 Y293.984 E49.70059
;WIPE_START
G1 F600
G1 X547.718 Y293.984 E-10
;WIPE_END
G1 Z185 F15000
G1 X706.016 Y391.908 Z185
G1 Z184
G1 E17 F9000
G1 F2779.614
G1 X706.016 Y380.396 E49.70059
G1 X619.604 Y293.984 E527.57392
G1 X608.092 Y293.984 E49.70059
;WIPE_START
G1 F600
G1 X615.092 Y293.984 E-10
;WIPE_END
G1 Z185 F15000
G1 X706.016 Y554.718 Z185
G1 Z184
G1 E17 F9000
G1 F2779.614
G1 X706.016 Y543.206 E49.70059
G1 X456.794 Y293.984 E1521.58569
G1 X445.282 Y293.984 E49.70059
;WIPE_START
G1 F600
G1 X452.282 Y293.984 E-10
;WIPE_END
G1 Z185 F15000
G1 X445.282 Y706.016 Z185
G1 Z184
G1 E17 F9000
G1 F2779.614
G1 X456.794 Y706.016 E49.70059
G1 X706.016 Y456.794 E1521.58571
G1 X706.016 Y445.282 E49.70059
;WIPE_START
G1 F600
G1 X706.016 Y452.282 E-10
;WIPE_END
G1 Z185 F15000
G1 X694.503 Y706.016 Z185
G1 Z184
G1 E17 F9000
G1 F2779.614
G1 X706.016 Y706.016 E49.70059
G1 X293.984 Y293.984 E2515.59745
G1 X305.497 Y293.984 E49.70059
M73 P47 R364
;WIPE_START
G1 F600
G1 X298.497 Y293.984 E-10
;WIPE_END
G1 Z185 F15000
G1 X305.497 Y706.016 Z185
G1 Z184
G1 E17 F9000
G1 F2779.614
G1 X293.984 Y706.016 E49.70028
G1 X706.016 Y293.984 E2515.59704
G1 X694.503 Y293.984 E49.7003
;WIPE_START
G1 F600
G1 X701.503 Y293.984 E-10
;WIPE_END
G1 Z185 F15000
G1 X608.092 Y706.016 Z185
G1 Z184
G1 E17 F9000
G1 F2779.614
G1 X619.604 Y706.016 E49.70059
G1 X706.016 Y619.604 E527.57393
G1 X706.016 Y608.092 E49.70059
;WIPE_START
G1 F600
G1 X706.016 Y615.092 E-10
;WIPE_END
G1 Z185 F15000
G1 X554.718 Y706.016 Z185
G1 Z184
G1 E17 F9000
G1 F2779.614
G1 X543.206 Y706.016 E49.70059
G1 X293.984 Y456.794 E1521.58569
G1 X293.984 Y445.282 E49.70059
;WIPE_START
G1 F600
G1 X293.984 Y452.282 E-10
;WIPE_END
G1 Z185 F15000
G1 X391.908 Y706.016 Z185
G1 Z184
G1 E17 F9000
G1 F2779.614
G1 X380.396 Y706.016 E49.70059
G1 X293.984 Y619.604 E527.57392
G1 X293.984 Y608.092 E49.70059
; stop printing object Cube id:0 copy 0
;LAYER_CHANGE
;Z:185.5
;HEIGHT:1.5
;BEFORE_LAYER_CHANGE
;185.5
G92 E0

EXCLUDE_OBJECT_END NAME=Cube_id_0_copy_0
;AFTER_LAYER_CHANGE
;185.5
;_SET_FAN_SPEED_CHANGING_LAYER
; printing object Cube id:0 copy 0
;WIPE_START
G1 F600
G1 X293.984 Y615.092 E-10
;WIPE_END
EXCLUDE_OBJECT_START NAME=Cube_id_0_copy_0
G1 Z186.5 F15000
G1 X291.538 Y708.462 Z186.5
G1 Z185.5
G1 E17 F9000
;TYPE:Outer wall
;WIDTH:3.2
G1 F2779.615
G1 X291.538 Y291.538 E1799.91857
G1 X708.462 Y291.538 E1799.91857
M73 P47 R363
G1 X708.462 Y708.462 E1799.91857
G1 X291.838 Y708.462 E1798.62343
;WIPE_START
G1 F600
M73 P48 R363
G1 X291.833 Y701.462 E-10
;WIPE_END
G1 Z186.5 F15000
G1 X293.984 Y608.092 Z186.5
G1 Z185.5
G1 E17 F9000
;TYPE:Sparse infill
;WIDTH:3.2
G1 F2779.614
G1 X293.984 Y619.604 E49.70059
G1 X380.396 Y706.016 E527.57392
G1 X391.908 Y706.016 E49.70059
;WIPE_START
G1 F600
G1 X384.908 Y706.016 E-10
;WIPE_END
G1 Z186.5 F15000
G1 X293.984 Y445.282 Z186.5
G1 Z185.5
G1 E17 F9000
G1 F2779.614
G1 X293.984 Y456.794 E49.70059
G1 X543.206 Y706.016 E1521.58569
G1 X554.718 Y706.016 E49.70059
;WIPE_START
G1 F600
G1 X547.718 Y706.016 E-10
;WIPE_END
G1 Z186.5 F15000
G1 X706.016 Y608.092 Z186.5
G1 Z185.5
G1 E17 F9000
G1 F2779.614
G1 X706.016 Y619.604 E49.70059
G1 X619.604 Y706.016 E527.57393
G1 X608.092 Y706.016 E49.70059
;WIPE_START
G1 F600
G1 X615.092 Y706.016 E-10
;WIPE_END
G1 Z186.5 F15000
G1 X706.016 Y445.282 Z186.5
G1 Z185.5
G1 E17 F9000
G1 F2779.614
G1 X706.016 Y456.794 E49.70059
G1 X456.794 Y706.016 E1521.58571
G1 X445.282 Y706.016 E49.70059
M73 P48 R362
;WIPE_START
G1 F600
G1 X452.282 Y706.016 E-10
;WIPE_END
G1 Z186.5 F15000
G1 X445.282 Y293.984 Z186.5
G1 Z185.5
G1 E17 F9000
G1 F2779.614
G1 X456.794 Y293.984 E49.70059
G1 X706.016 Y543.206 E1521.58569
G1 X706.016 Y554.718 E49.70059
;WIPE_START
G1 F600
G1 X706.016 Y547.718 E-10
;WIPE_END
G1 Z186.5 F15000
G1 X694.503 Y293.984 Z186.5
G1 Z185.5
G1 E17 F9000
G1 F2779.614
G1 X706.016 Y293.984 E49.7003
G1 X293.984 Y706.016 E2515.59704
G1 X305.497 Y706.016 E49.70028
;WIPE_START
G1 F600
G1 X298.497 Y706.016 E-10
;WIPE_END
G1 Z186.5 F15000
G1 X305.497 Y293.984 Z186.5
G1 Z185.5
G1 E17 F9000
G1 F2779.614
G1 X293.984 Y293.984 E49.70059
G1 X706.016 Y706.016 E2515.59745
G1 X694.503 Y706.016 E49.70059
;WIPE_START
G1 F600
G1 X701.503 Y706.016 E-10
;WIPE_END
G1 Z186.5 F15000
G1 X608.092 Y293.984 Z186.5
G1 Z185.5
G1 E17 F9000
G1 F2779.614
G1 X619.604 Y293.984 E49.70059
G1 X706.016 Y380.396 E527.57392
G1 X706.016 Y391.908 E49.70059
;WIPE_START
G1 F600
G1 X706.016 Y384.908 E-10
;WIPE_END
G1 Z186.5 F15000
G1 X554.718 Y293.984 Z186.5
G1 Z185.5
G1 E17 F9000
G1 F2779.614
G1 X543.206 Y293.984 E49.70059
G1 X293.984 Y543.206 E1521.58568
G1 X293.984 Y554.718 E49.70059
M73 P48 R361
;WIPE_START
G1 F600
G1 X293.984 Y547.718 E-10
;WIPE_END
G1 Z186.5 F15000
G1 X391.908 Y293.984 Z186.5
G1 Z185.5
G1 E17 F9000
G1 F2779.614
G1 X380.396 Y293.984 E49.70059
G1 X293.984 Y380.396 E527.5739
G1 X293.984 Y391.908 E49.70059
; stop printing object Cube id:0 copy 0
;LAYER_CHANGE
;Z:187
;HEIGHT:1.5
;BEFORE_LAYER_CHANGE
;187
G92 E0

EXCLUDE_OBJECT_END NAME=Cube_id_0_copy_0
;AFTER_LAYER_CHANGE
;187
;_SET_FAN_SPEED_CHANGING_LAYER
; printing object Cube id:0 copy 0
;WIPE_START
G1 F600
G1 X293.984 Y384.908 E-10
;WIPE_END
EXCLUDE_OBJECT_START NAME=Cube_id_0_copy_0
G1 Z188 F15000
G1 X291.538 Y291.538 Z188
G1 Z187
G1 E17 F9000
;TYPE:Outer wall
;WIDTH:3.2
G1 F2779.615
G1 X708.462 Y291.538 E1799.91857
G1 X708.462 Y708.462 E1799.91857
G1 X291.538 Y708.462 E1799.91857
G1 X291.538 Y291.838 E1798.62343
;WIPE_START
G1 F600
G1 X298.538 Y291.833 E-10
;WIPE_END
G1 Z188 F15000
G1 X293.984 Y391.908 Z188
G1 Z187
G1 E17 F9000
;TYPE:Sparse infill
;WIDTH:3.2
G1 F2779.614
G1 X293.984 Y380.396 E49.70059
G1 X380.396 Y293.984 E527.5739
G1 X391.908 Y293.984 E49.70059
;WIPE_START
G1 F600
G1 X384.908 Y293.984 E-10
;WIPE_END
G1 Z188 F15000
G1 X293.984 Y554.718 Z188
G1 Z187
G1 E17 F9000
G1 F2779.614
G1 X293.984 Y543.206 E49.70059
G1 X543.206 Y293.984 E1521.58568
G1 X554.718 Y293.984 E49.70059
M73 P48 R360
;WIPE_START
G1 F600
G1 X547.718 Y293.984 E-10
;WIPE_END
G1 Z188 F15000
G1 X706.016 Y391.908 Z188
G1 Z187
G1 E17 F9000
G1 F2779.614
G1 X706.016 Y380.396 E49.70059
G1 X619.604 Y293.984 E527.57392
G1 X608.092 Y293.984 E49.70059
;WIPE_START
G1 F600
G1 X615.092 Y293.984 E-10
;WIPE_END
G1 Z188 F15000
G1 X706.016 Y554.718 Z188
G1 Z187
G1 E17 F9000
G1 F2779.614
G1 X706.016 Y543.206 E49.70059
G1 X456.794 Y293.984 E1521.58569
G1 X445.282 Y293.984 E49.70059
;WIPE_START
G1 F600
G1 X452.282 Y293.984 E-10
;WIPE_END
G1 Z188 F15000
G1 X445.282 Y706.016 Z188
G1 Z187
G1 E17 F9000
G1 F2779.614
G1 X456.794 Y706.016 E49.70059
G1 X706.016 Y456.794 E1521.58571
G1 X706.016 Y445.282 E49.70059
;WIPE_START
G1 F600
G1 X706.016 Y452.282 E-10
;WIPE_END
G1 Z188 F15000
G1 X694.503 Y706.016 Z188
G1 Z187
G1 E17 F9000
G1 F2779.614
G1 X706.016 Y706.016 E49.70059
G1 X293.984 Y293.984 E2515.59745
G1 X305.497 Y293.984 E49.70059
;WIPE_START
G1 F600
G1 X298.497 Y293.984 E-10
;WIPE_END
G1 Z188 F15000
G1 X305.497 Y706.016 Z188
G1 Z187
G1 E17 F9000
G1 F2779.614
G1 X293.984 Y706.016 E49.70028
G1 X706.016 Y293.984 E2515.59704
G1 X694.503 Y293.984 E49.7003
M73 P48 R359
;WIPE_START
G1 F600
G1 X701.503 Y293.984 E-10
;WIPE_END
G1 Z188 F15000
G1 X608.092 Y706.016 Z188
G1 Z187
G1 E17 F9000
G1 F2779.614
G1 X619.604 Y706.016 E49.70059
G1 X706.016 Y619.604 E527.57393
G1 X706.016 Y608.092 E49.70059
;WIPE_START
G1 F600
G1 X706.016 Y615.092 E-10
;WIPE_END
G1 Z188 F15000
G1 X554.718 Y706.016 Z188
G1 Z187
G1 E17 F9000
G1 F2779.614
G1 X543.206 Y706.016 E49.70059
G1 X293.984 Y456.794 E1521.58569
G1 X293.984 Y445.282 E49.70059
;WIPE_START
G1 F600
G1 X293.984 Y452.282 E-10
;WIPE_END
G1 Z188 F15000
G1 X391.908 Y706.016 Z188
G1 Z187
G1 E17 F9000
G1 F2779.614
G1 X380.396 Y706.016 E49.70059
G1 X293.984 Y619.604 E527.57392
G1 X293.984 Y608.092 E49.70059
; stop printing object Cube id:0 copy 0
;LAYER_CHANGE
;Z:188.5
;HEIGHT:1.5
;BEFORE_LAYER_CHANGE
;188.5
G92 E0

EXCLUDE_OBJECT_END NAME=Cube_id_0_copy_0
;AFTER_LAYER_CHANGE
;188.5
;_SET_FAN_SPEED_CHANGING_LAYER
; printing object Cube id:0 copy 0
;WIPE_START
G1 F600
G1 X293.984 Y615.092 E-10
;WIPE_END
EXCLUDE_OBJECT_START NAME=Cube_id_0_copy_0
G1 Z189.5 F15000
G1 X291.538 Y708.462 Z189.5
G1 Z188.5
G1 E17 F9000
;TYPE:Outer wall
;WIDTH:3.2
G1 F2779.615
G1 X291.538 Y291.538 E1799.91857
G1 X708.462 Y291.538 E1799.91857
G1 X708.462 Y708.462 E1799.91857
G1 X291.838 Y708.462 E1798.62343
;WIPE_START
G1 F600
M73 P48 R358
G1 X291.833 Y701.462 E-10
;WIPE_END
G1 Z189.5 F15000
G1 X293.984 Y608.092 Z189.5
G1 Z188.5
G1 E17 F9000
;TYPE:Sparse infill
;WIDTH:3.2
G1 F2779.614
G1 X293.984 Y619.604 E49.70059
G1 X380.396 Y706.016 E527.57392
G1 X391.908 Y706.016 E49.70059
;WIPE_START
G1 F600
G1 X384.908 Y706.016 E-10
;WIPE_END
G1 Z189.5 F15000
G1 X293.984 Y445.282 Z189.5
G1 Z188.5
G1 E17 F9000
G1 F2779.614
G1 X293.984 Y456.794 E49.70059
G1 X543.206 Y706.016 E1521.58569
G1 X554.718 Y706.016 E49.70059
;WIPE_START
G1 F600
G1 X547.718 Y706.016 E-10
;WIPE_END
G1 Z189.5 F15000
G1 X706.016 Y608.092 Z189.5
G1 Z188.5
G1 E17 F9000
G1 F2779.614
G1 X706.016 Y619.604 E49.70059
G1 X619.604 Y706.016 E527.57393
G1 X608.092 Y706.016 E49.70059
;WIPE_START
G1 F600
G1 X615.092 Y706.016 E-10
;WIPE_END
G1 Z189.5 F15000
G1 X706.016 Y445.282 Z189.5
G1 Z188.5
G1 E17 F9000
G1 F2779.614
G1 X706.016 Y456.794 E49.70059
G1 X456.794 Y706.016 E1521.58571
G1 X445.282 Y706.016 E49.70059
;WIPE_START
G1 F600
G1 X452.282 Y706.016 E-10
;WIPE_END
G1 Z189.5 F15000
G1 X445.282 Y293.984 Z189.5
G1 Z188.5
G1 E17 F9000
G1 F2779.614
G1 X456.794 Y293.984 E49.70059
G1 X706.016 Y543.206 E1521.58569
G1 X706.016 Y554.718 E49.70059
;WIPE_START
G1 F600
G1 X706.016 Y547.718 E-10
;WIPE_END
G1 Z189.5 F15000
G1 X694.503 Y293.984 Z189.5
G1 Z188.5
G1 E17 F9000
G1 F2779.614
G1 X706.016 Y293.984 E49.7003
G1 X293.984 Y706.016 E2515.59704
G1 X305.497 Y706.016 E49.70028
M73 P48 R357
;WIPE_START
G1 F600
G1 X298.497 Y706.016 E-10
;WIPE_END
G1 Z189.5 F15000
G1 X305.497 Y293.984 Z189.5
G1 Z188.5
G1 E17 F9000
G1 F2779.614
G1 X293.984 Y293.984 E49.70059
G1 X706.016 Y706.016 E2515.59745
G1 X694.503 Y706.016 E49.70059
;WIPE_START
G1 F600
G1 X701.503 Y706.016 E-10
;WIPE_END
G1 Z189.5 F15000
G1 X608.092 Y293.984 Z189.5
G1 Z188.5
G1 E17 F9000
G1 F2779.614
G1 X619.604 Y293.984 E49.70059
G1 X706.016 Y380.396 E527.57392
G1 X706.016 Y391.908 E49.70059
;WIPE_START
G1 F600
G1 X706.016 Y384.908 E-10
;WIPE_END
G1 Z189.5 F15000
G1 X554.718 Y293.984 Z189.5
G1 Z188.5
G1 E17 F9000
G1 F2779.614
G1 X543.206 Y293.984 E49.70059
G1 X293.984 Y543.206 E1521.58568
G1 X293.984 Y554.718 E49.70059
;WIPE_START
G1 F600
G1 X293.984 Y547.718 E-10
;WIPE_END
G1 Z189.5 F15000
G1 X391.908 Y293.984 Z189.5
G1 Z188.5
G1 E17 F9000
G1 F2779.614
G1 X380.396 Y293.984 E49.70059
G1 X293.984 Y380.396 E527.5739
G1 X293.984 Y391.908 E49.70059
; stop printing object Cube id:0 copy 0
;LAYER_CHANGE
;Z:190
;HEIGHT:1.5
;BEFORE_LAYER_CHANGE
;190
G92 E0

EXCLUDE_OBJECT_END NAME=Cube_id_0_copy_0
;AFTER_LAYER_CHANGE
;190
;_SET_FAN_SPEED_CHANGING_LAYER
; printing object Cube id:0 copy 0
;WIPE_START
G1 F600
G1 X293.984 Y384.908 E-10
;WIPE_END
EXCLUDE_OBJECT_START NAME=Cube_id_0_copy_0
G1 Z191 F15000
G1 X291.538 Y291.538 Z191
G1 Z190
G1 E17 F9000
;TYPE:Outer wall
;WIDTH:3.2
G1 F2779.615
G1 X708.462 Y291.538 E1799.91857
G1 X708.462 Y708.462 E1799.91857
G1 X291.538 Y708.462 E1799.91857
M73 P48 R356
G1 X291.538 Y291.838 E1798.62343
;WIPE_START
G1 F600
G1 X298.538 Y291.833 E-10
;WIPE_END
G1 Z191 F15000
G1 X293.984 Y391.908 Z191
G1 Z190
M73 P49 R356
G1 E17 F9000
;TYPE:Sparse infill
;WIDTH:3.2
G1 F2779.614
G1 X293.984 Y380.396 E49.70059
G1 X380.396 Y293.984 E527.5739
G1 X391.908 Y293.984 E49.70059
;WIPE_START
G1 F600
G1 X384.908 Y293.984 E-10
;WIPE_END
G1 Z191 F15000
G1 X293.984 Y554.718 Z191
G1 Z190
G1 E17 F9000
G1 F2779.614
G1 X293.984 Y543.206 E49.70059
G1 X543.206 Y293.984 E1521.58568
G1 X554.718 Y293.984 E49.70059
;WIPE_START
G1 F600
G1 X547.718 Y293.984 E-10
;WIPE_END
G1 Z191 F15000
G1 X706.016 Y391.908 Z191
G1 Z190
G1 E17 F9000
G1 F2779.614
G1 X706.016 Y380.396 E49.70059
G1 X619.604 Y293.984 E527.57392
G1 X608.092 Y293.984 E49.70059
;WIPE_START
G1 F600
G1 X615.092 Y293.984 E-10
;WIPE_END
G1 Z191 F15000
G1 X706.016 Y554.718 Z191
G1 Z190
G1 E17 F9000
G1 F2779.614
G1 X706.016 Y543.206 E49.70059
G1 X456.794 Y293.984 E1521.58569
G1 X445.282 Y293.984 E49.70059
;WIPE_START
G1 F600
G1 X452.282 Y293.984 E-10
;WIPE_END
G1 Z191 F15000
G1 X445.282 Y706.016 Z191
G1 Z190
M73 P49 R355
G1 E17 F9000
G1 F2779.614
G1 X456.794 Y706.016 E49.70059
G1 X706.016 Y456.794 E1521.58571
G1 X706.016 Y445.282 E49.70059
;WIPE_START
G1 F600
G1 X706.016 Y452.282 E-10
;WIPE_END
G1 Z191 F15000
G1 X694.503 Y706.016 Z191
G1 Z190
G1 E17 F9000
G1 F2779.614
G1 X706.016 Y706.016 E49.70059
G1 X293.984 Y293.984 E2515.59745
G1 X305.497 Y293.984 E49.70059
;WIPE_START
G1 F600
G1 X298.497 Y293.984 E-10
;WIPE_END
G1 Z191 F15000
G1 X305.497 Y706.016 Z191
G1 Z190
G1 E17 F9000
G1 F2779.614
G1 X293.984 Y706.016 E49.70028
G1 X706.016 Y293.984 E2515.59704
G1 X694.503 Y293.984 E49.7003
;WIPE_START
G1 F600
G1 X701.503 Y293.984 E-10
;WIPE_END
G1 Z191 F15000
G1 X608.092 Y706.016 Z191
G1 Z190
G1 E17 F9000
G1 F2779.614
G1 X619.604 Y706.016 E49.70059
G1 X706.016 Y619.604 E527.57393
G1 X706.016 Y608.092 E49.70059
;WIPE_START
G1 F600
G1 X706.016 Y615.092 E-10
;WIPE_END
G1 Z191 F15000
G1 X554.718 Y706.016 Z191
G1 Z190
G1 E17 F9000
G1 F2779.614
G1 X543.206 Y706.016 E49.70059
G1 X293.984 Y456.794 E1521.58569
G1 X293.984 Y445.282 E49.70059
;WIPE_START
G1 F600
M73 P49 R354
G1 X293.984 Y452.282 E-10
;WIPE_END
G1 Z191 F15000
G1 X391.908 Y706.016 Z191
G1 Z190
G1 E17 F9000
G1 F2779.614
G1 X380.396 Y706.016 E49.70059
G1 X293.984 Y619.604 E527.57392
G1 X293.984 Y608.092 E49.70059
; stop printing object Cube id:0 copy 0
;LAYER_CHANGE
;Z:191.5
;HEIGHT:1.5
;BEFORE_LAYER_CHANGE
;191.5
G92 E0

EXCLUDE_OBJECT_END NAME=Cube_id_0_copy_0
;AFTER_LAYER_CHANGE
;191.5
;_SET_FAN_SPEED_CHANGING_LAYER
; printing object Cube id:0 copy 0
;WIPE_START
G1 F600
G1 X293.984 Y615.092 E-10
;WIPE_END
EXCLUDE_OBJECT_START NAME=Cube_id_0_copy_0
G1 Z192.5 F15000
G1 X291.538 Y708.462 Z192.5
G1 Z191.5
G1 E17 F9000
;TYPE:Outer wall
;WIDTH:3.2
G1 F2779.615
G1 X291.538 Y291.538 E1799.91857
G1 X708.462 Y291.538 E1799.91857
G1 X708.462 Y708.462 E1799.91857
G1 X291.838 Y708.462 E1798.62343
;WIPE_START
G1 F600
G1 X291.833 Y701.462 E-10
;WIPE_END
G1 Z192.5 F15000
G1 X293.984 Y608.092 Z192.5
G1 Z191.5
G1 E17 F9000
;TYPE:Sparse infill
;WIDTH:3.2
G1 F2779.614
G1 X293.984 Y619.604 E49.70059
G1 X380.396 Y706.016 E527.57392
G1 X391.908 Y706.016 E49.70059
;WIPE_START
G1 F600
G1 X384.908 Y706.016 E-10
;WIPE_END
G1 Z192.5 F15000
G1 X293.984 Y445.282 Z192.5
G1 Z191.5
G1 E17 F9000
G1 F2779.614
G1 X293.984 Y456.794 E49.70059
G1 X543.206 Y706.016 E1521.58569
G1 X554.718 Y706.016 E49.70059
M73 P49 R353
;WIPE_START
G1 F600
G1 X547.718 Y706.016 E-10
;WIPE_END
G1 Z192.5 F15000
G1 X706.016 Y608.092 Z192.5
G1 Z191.5
G1 E17 F9000
G1 F2779.614
G1 X706.016 Y619.604 E49.70059
G1 X619.604 Y706.016 E527.57393
G1 X608.092 Y706.016 E49.70059
;WIPE_START
G1 F600
G1 X615.092 Y706.016 E-10
;WIPE_END
G1 Z192.5 F15000
G1 X706.016 Y445.282 Z192.5
G1 Z191.5
G1 E17 F9000
G1 F2779.614
G1 X706.016 Y456.794 E49.70059
G1 X456.794 Y706.016 E1521.58571
G1 X445.282 Y706.016 E49.70059
;WIPE_START
G1 F600
G1 X452.282 Y706.016 E-10
;WIPE_END
G1 Z192.5 F15000
G1 X445.282 Y293.984 Z192.5
G1 Z191.5
G1 E17 F9000
G1 F2779.614
G1 X456.794 Y293.984 E49.70059
G1 X706.016 Y543.206 E1521.58569
G1 X706.016 Y554.718 E49.70059
;WIPE_START
G1 F600
G1 X706.016 Y547.718 E-10
;WIPE_END
G1 Z192.5 F15000
G1 X694.503 Y293.984 Z192.5
G1 Z191.5
G1 E17 F9000
G1 F2779.614
G1 X706.016 Y293.984 E49.7003
G1 X293.984 Y706.016 E2515.59704
G1 X305.497 Y706.016 E49.70028
;WIPE_START
G1 F600
G1 X298.497 Y706.016 E-10
;WIPE_END
G1 Z192.5 F15000
G1 X305.497 Y293.984 Z192.5
G1 Z191.5
G1 E17 F9000
G1 F2779.614
G1 X293.984 Y293.984 E49.70059
G1 X706.016 Y706.016 E2515.59745
G1 X694.503 Y706.016 E49.70059
M73 P49 R352
;WIPE_START
G1 F600
G1 X701.503 Y706.016 E-10
;WIPE_END
G1 Z192.5 F15000
G1 X608.092 Y293.984 Z192.5
G1 Z191.5
G1 E17 F9000
G1 F2779.614
G1 X619.604 Y293.984 E49.70059
G1 X706.016 Y380.396 E527.57392
G1 X706.016 Y391.908 E49.70059
;WIPE_START
G1 F600
G1 X706.016 Y384.908 E-10
;WIPE_END
G1 Z192.5 F15000
G1 X554.718 Y293.984 Z192.5
G1 Z191.5
G1 E17 F9000
G1 F2779.614
G1 X543.206 Y293.984 E49.70059
G1 X293.984 Y543.206 E1521.58568
G1 X293.984 Y554.718 E49.70059
;WIPE_START
G1 F600
G1 X293.984 Y547.718 E-10
;WIPE_END
G1 Z192.5 F15000
G1 X391.908 Y293.984 Z192.5
G1 Z191.5
G1 E17 F9000
G1 F2779.614
G1 X380.396 Y293.984 E49.70059
G1 X293.984 Y380.396 E527.5739
G1 X293.984 Y391.908 E49.70059
; stop printing object Cube id:0 copy 0
;LAYER_CHANGE
;Z:193
;HEIGHT:1.5
;BEFORE_LAYER_CHANGE
;193
G92 E0

EXCLUDE_OBJECT_END NAME=Cube_id_0_copy_0
;AFTER_LAYER_CHANGE
;193
;_SET_FAN_SPEED_CHANGING_LAYER
; printing object Cube id:0 copy 0
;WIPE_START
G1 F600
G1 X293.984 Y384.908 E-10
;WIPE_END
EXCLUDE_OBJECT_START NAME=Cube_id_0_copy_0
G1 Z194 F15000
G1 X291.538 Y291.538 Z194
G1 Z193
G1 E17 F9000
;TYPE:Outer wall
;WIDTH:3.2
G1 F2779.615
G1 X708.462 Y291.538 E1799.91857
G1 X708.462 Y708.462 E1799.91857
G1 X291.538 Y708.462 E1799.91857
G1 X291.538 Y291.838 E1798.62343
;WIPE_START
G1 F600
M73 P49 R351
G1 X298.538 Y291.833 E-10
;WIPE_END
G1 Z194 F15000
G1 X293.984 Y391.908 Z194
G1 Z193
G1 E17 F9000
;TYPE:Sparse infill
;WIDTH:3.2
G1 F2779.614
G1 X293.984 Y380.396 E49.70059
G1 X380.396 Y293.984 E527.5739
G1 X391.908 Y293.984 E49.70059
;WIPE_START
G1 F600
G1 X384.908 Y293.984 E-10
;WIPE_END
G1 Z194 F15000
G1 X293.984 Y554.718 Z194
G1 Z193
G1 E17 F9000
G1 F2779.614
G1 X293.984 Y543.206 E49.70059
G1 X543.206 Y293.984 E1521.58568
G1 X554.718 Y293.984 E49.70059
;WIPE_START
G1 F600
G1 X547.718 Y293.984 E-10
;WIPE_END
G1 Z194 F15000
G1 X706.016 Y391.908 Z194
G1 Z193
G1 E17 F9000
G1 F2779.614
G1 X706.016 Y380.396 E49.70059
G1 X619.604 Y293.984 E527.57392
G1 X608.092 Y293.984 E49.70059
;WIPE_START
G1 F600
G1 X615.092 Y293.984 E-10
;WIPE_END
G1 Z194 F15000
G1 X706.016 Y554.718 Z194
G1 Z193
G1 E17 F9000
G1 F2779.614
G1 X706.016 Y543.206 E49.70059
G1 X456.794 Y293.984 E1521.58569
G1 X445.282 Y293.984 E49.70059
;WIPE_START
G1 F600
G1 X452.282 Y293.984 E-10
;WIPE_END
G1 Z194 F15000
G1 X445.282 Y706.016 Z194
G1 Z193
G1 E17 F9000
G1 F2779.614
G1 X456.794 Y706.016 E49.70059
G1 X706.016 Y456.794 E1521.58571
G1 X706.016 Y445.282 E49.70059
;WIPE_START
G1 F600
G1 X706.016 Y452.282 E-10
;WIPE_END
G1 Z194 F15000
G1 X694.503 Y706.016 Z194
G1 Z193
G1 E17 F9000
G1 F2779.614
G1 X706.016 Y706.016 E49.70059
G1 X293.984 Y293.984 E2515.59745
G1 X305.497 Y293.984 E49.70059
M73 P49 R350
;WIPE_START
G1 F600
G1 X298.497 Y293.984 E-10
;WIPE_END
G1 Z194 F15000
G1 X305.497 Y706.016 Z194
G1 Z193
G1 E17 F9000
G1 F2779.614
G1 X293.984 Y706.016 E49.70028
G1 X706.016 Y293.984 E2515.59704
G1 X694.503 Y293.984 E49.7003
;WIPE_START
G1 F600
G1 X701.503 Y293.984 E-10
;WIPE_END
G1 Z194 F15000
G1 X608.092 Y706.016 Z194
G1 Z193
G1 E17 F9000
G1 F2779.614
G1 X619.604 Y706.016 E49.70059
G1 X706.016 Y619.604 E527.57393
G1 X706.016 Y608.092 E49.70059
;WIPE_START
G1 F600
G1 X706.016 Y615.092 E-10
;WIPE_END
G1 Z194 F15000
G1 X554.718 Y706.016 Z194
G1 Z193
G1 E17 F9000
G1 F2779.614
G1 X543.206 Y706.016 E49.70059
G1 X293.984 Y456.794 E1521.58569
G1 X293.984 Y445.282 E49.70059
;WIPE_START
G1 F600
G1 X293.984 Y452.282 E-10
;WIPE_END
G1 Z194 F15000
G1 X391.908 Y706.016 Z194
G1 Z193
G1 E17 F9000
G1 F2779.614
G1 X380.396 Y706.016 E49.70059
G1 X293.984 Y619.604 E527.57392
G1 X293.984 Y608.092 E49.70059
; stop printing object Cube id:0 copy 0
;LAYER_CHANGE
;Z:194.5
;HEIGHT:1.5
;BEFORE_LAYER_CHANGE
;194.5
G92 E0

EXCLUDE_OBJECT_END NAME=Cube_id_0_copy_0
;AFTER_LAYER_CHANGE
;194.5
;_SET_FAN_SPEED_CHANGING_LAYER
; printing object Cube id:0 copy 0
;WIPE_START
G1 F600
G1 X293.984 Y615.092 E-10
;WIPE_END
EXCLUDE_OBJECT_START NAME=Cube_id_0_copy_0
G1 Z195.5 F15000
G1 X291.538 Y708.462 Z195.5
G1 Z194.5
G1 E17 F9000
;TYPE:Outer wall
;WIDTH:3.2
G1 F2779.615
G1 X291.538 Y291.538 E1799.91857
G1 X708.462 Y291.538 E1799.91857
G1 X708.462 Y708.462 E1799.91857
M73 P49 R349
G1 X291.838 Y708.462 E1798.62343
;WIPE_START
G1 F600
G1 X291.833 Y701.462 E-10
;WIPE_END
G1 Z195.5 F15000
G1 X293.984 Y608.092 Z195.5
G1 Z194.5
G1 E17 F9000
;TYPE:Sparse infill
;WIDTH:3.2
G1 F2779.614
G1 X293.984 Y619.604 E49.70059
G1 X380.396 Y706.016 E527.57392
G1 X391.908 Y706.016 E49.70059
M73 P50 R349
;WIPE_START
G1 F600
G1 X384.908 Y706.016 E-10
;WIPE_END
G1 Z195.5 F15000
G1 X293.984 Y445.282 Z195.5
G1 Z194.5
G1 E17 F9000
G1 F2779.614
G1 X293.984 Y456.794 E49.70059
G1 X543.206 Y706.016 E1521.58569
G1 X554.718 Y706.016 E49.70059
;WIPE_START
G1 F600
G1 X547.718 Y706.016 E-10
;WIPE_END
G1 Z195.5 F15000
G1 X706.016 Y608.092 Z195.5
G1 Z194.5
G1 E17 F9000
G1 F2779.614
G1 X706.016 Y619.604 E49.70059
G1 X619.604 Y706.016 E527.57393
G1 X608.092 Y706.016 E49.70059
;WIPE_START
G1 F600
G1 X615.092 Y706.016 E-10
;WIPE_END
G1 Z195.5 F15000
G1 X706.016 Y445.282 Z195.5
G1 Z194.5
G1 E17 F9000
G1 F2779.614
G1 X706.016 Y456.794 E49.70059
G1 X456.794 Y706.016 E1521.58571
G1 X445.282 Y706.016 E49.70059
;WIPE_START
G1 F600
G1 X452.282 Y706.016 E-10
;WIPE_END
G1 Z195.5 F15000
G1 X445.282 Y293.984 Z195.5
G1 Z194.5
G1 E17 F9000
G1 F2779.614
G1 X456.794 Y293.984 E49.70059
G1 X706.016 Y543.206 E1521.58569
G1 X706.016 Y554.718 E49.70059
M73 P50 R348
;WIPE_START
G1 F600
G1 X706.016 Y547.718 E-10
;WIPE_END
G1 Z195.5 F15000
G1 X694.503 Y293.984 Z195.5
G1 Z194.5
G1 E17 F9000
G1 F2779.614
G1 X706.016 Y293.984 E49.7003
G1 X293.984 Y706.016 E2515.59704
G1 X305.497 Y706.016 E49.70028
;WIPE_START
G1 F600
G1 X298.497 Y706.016 E-10
;WIPE_END
G1 Z195.5 F15000
G1 X305.497 Y293.984 Z195.5
G1 Z194.5
G1 E17 F9000
G1 F2779.614
G1 X293.984 Y293.984 E49.70059
G1 X706.016 Y706.016 E2515.59745
G1 X694.503 Y706.016 E49.70059
;WIPE_START
G1 F600
G1 X701.503 Y706.016 E-10
;WIPE_END
G1 Z195.5 F15000
G1 X608.092 Y293.984 Z195.5
G1 Z194.5
G1 E17 F9000
G1 F2779.614
G1 X619.604 Y293.984 E49.70059
G1 X706.016 Y380.396 E527.57392
G1 X706.016 Y391.908 E49.70059
;WIPE_START
G1 F600
G1 X706.016 Y384.908 E-10
;WIPE_END
G1 Z195.5 F15000
G1 X554.718 Y293.984 Z195.5
G1 Z194.5
G1 E17 F9000
G1 F2779.614
G1 X543.206 Y293.984 E49.70059
G1 X293.984 Y543.206 E1521.58568
G1 X293.984 Y554.718 E49.70059
;WIPE_START
G1 F600
G1 X293.984 Y547.718 E-10
;WIPE_END
G1 Z195.5 F15000
G1 X391.908 Y293.984 Z195.5
G1 Z194.5
G1 E17 F9000
M73 P50 R347
G1 F2779.614
G1 X380.396 Y293.984 E49.70059
G1 X293.984 Y380.396 E527.5739
G1 X293.984 Y391.908 E49.70059
; stop printing object Cube id:0 copy 0
;LAYER_CHANGE
;Z:196
;HEIGHT:1.5
;BEFORE_LAYER_CHANGE
;196
G92 E0

EXCLUDE_OBJECT_END NAME=Cube_id_0_copy_0
;AFTER_LAYER_CHANGE
;196
;_SET_FAN_SPEED_CHANGING_LAYER
; printing object Cube id:0 copy 0
;WIPE_START
G1 F600
G1 X293.984 Y384.908 E-10
;WIPE_END
EXCLUDE_OBJECT_START NAME=Cube_id_0_copy_0
G1 Z197 F15000
G1 X291.538 Y291.538 Z197
G1 Z196
G1 E17 F9000
;TYPE:Outer wall
;WIDTH:3.2
G1 F2779.615
G1 X708.462 Y291.538 E1799.91857
G1 X708.462 Y708.462 E1799.91857
G1 X291.538 Y708.462 E1799.91857
G1 X291.538 Y291.838 E1798.62343
;WIPE_START
G1 F600
G1 X298.538 Y291.833 E-10
;WIPE_END
G1 Z197 F15000
G1 X293.984 Y391.908 Z197
G1 Z196
G1 E17 F9000
;TYPE:Sparse infill
;WIDTH:3.2
G1 F2779.614
G1 X293.984 Y380.396 E49.70059
G1 X380.396 Y293.984 E527.5739
G1 X391.908 Y293.984 E49.70059
;WIPE_START
G1 F600
G1 X384.908 Y293.984 E-10
;WIPE_END
G1 Z197 F15000
G1 X293.984 Y554.718 Z197
G1 Z196
G1 E17 F9000
G1 F2779.614
G1 X293.984 Y543.206 E49.70059
G1 X543.206 Y293.984 E1521.58568
G1 X554.718 Y293.984 E49.70059
;WIPE_START
G1 F600
G1 X547.718 Y293.984 E-10
;WIPE_END
G1 Z197 F15000
G1 X706.016 Y391.908 Z197
G1 Z196
M73 P50 R346
G1 E17 F9000
G1 F2779.614
G1 X706.016 Y380.396 E49.70059
G1 X619.604 Y293.984 E527.57392
G1 X608.092 Y293.984 E49.70059
;WIPE_START
G1 F600
G1 X615.092 Y293.984 E-10
;WIPE_END
G1 Z197 F15000
G1 X706.016 Y554.718 Z197
G1 Z196
G1 E17 F9000
G1 F2779.614
G1 X706.016 Y543.206 E49.70059
G1 X456.794 Y293.984 E1521.58569
G1 X445.282 Y293.984 E49.70059
;WIPE_START
G1 F600
G1 X452.282 Y293.984 E-10
;WIPE_END
G1 Z197 F15000
G1 X445.282 Y706.016 Z197
G1 Z196
G1 E17 F9000
G1 F2779.614
G1 X456.794 Y706.016 E49.70059
G1 X706.016 Y456.794 E1521.58571
G1 X706.016 Y445.282 E49.70059
;WIPE_START
G1 F600
G1 X706.016 Y452.282 E-10
;WIPE_END
G1 Z197 F15000
G1 X694.503 Y706.016 Z197
G1 Z196
G1 E17 F9000
G1 F2779.614
G1 X706.016 Y706.016 E49.70059
G1 X293.984 Y293.984 E2515.59745
G1 X305.497 Y293.984 E49.70059
;WIPE_START
G1 F600
G1 X298.497 Y293.984 E-10
;WIPE_END
G1 Z197 F15000
G1 X305.497 Y706.016 Z197
G1 Z196
G1 E17 F9000
G1 F2779.614
G1 X293.984 Y706.016 E49.70028
G1 X706.016 Y293.984 E2515.59704
G1 X694.503 Y293.984 E49.7003
;WIPE_START
G1 F600
G1 X701.503 Y293.984 E-10
;WIPE_END
G1 Z197 F15000
M73 P50 R345
G1 X608.092 Y706.016 Z197
G1 Z196
G1 E17 F9000
G1 F2779.614
G1 X619.604 Y706.016 E49.70059
G1 X706.016 Y619.604 E527.57393
G1 X706.016 Y608.092 E49.70059
;WIPE_START
G1 F600
G1 X706.016 Y615.092 E-10
;WIPE_END
G1 Z197 F15000
G1 X554.718 Y706.016 Z197
G1 Z196
G1 E17 F9000
G1 F2779.614
G1 X543.206 Y706.016 E49.70059
G1 X293.984 Y456.794 E1521.58569
G1 X293.984 Y445.282 E49.70059
;WIPE_START
G1 F600
G1 X293.984 Y452.282 E-10
;WIPE_END
G1 Z197 F15000
G1 X391.908 Y706.016 Z197
G1 Z196
G1 E17 F9000
G1 F2779.614
G1 X380.396 Y706.016 E49.70059
G1 X293.984 Y619.604 E527.57392
G1 X293.984 Y608.092 E49.70059
; stop printing object Cube id:0 copy 0
;LAYER_CHANGE
;Z:197.5
;HEIGHT:1.5
;BEFORE_LAYER_CHANGE
;197.5
G92 E0

EXCLUDE_OBJECT_END NAME=Cube_id_0_copy_0
;AFTER_LAYER_CHANGE
;197.5
;_SET_FAN_SPEED_CHANGING_LAYER
; printing object Cube id:0 copy 0
;WIPE_START
G1 F600
G1 X293.984 Y615.092 E-10
;WIPE_END
EXCLUDE_OBJECT_START NAME=Cube_id_0_copy_0
G1 Z198.5 F15000
G1 X291.538 Y708.462 Z198.5
G1 Z197.5
G1 E17 F9000
;TYPE:Outer wall
;WIDTH:3.2
G1 F2779.615
G1 X291.538 Y291.538 E1799.91857
G1 X708.462 Y291.538 E1799.91857
G1 X708.462 Y708.462 E1799.91857
G1 X291.838 Y708.462 E1798.62343
;WIPE_START
G1 F600
M73 P50 R344
G1 X291.833 Y701.462 E-10
;WIPE_END
G1 Z198.5 F15000
G1 X293.984 Y608.092 Z198.5
G1 Z197.5
G1 E17 F9000
;TYPE:Sparse infill
;WIDTH:3.2
G1 F2779.614
G1 X293.984 Y619.604 E49.70059
G1 X380.396 Y706.016 E527.57392
G1 X391.908 Y706.016 E49.70059
;WIPE_START
G1 F600
G1 X384.908 Y706.016 E-10
;WIPE_END
G1 Z198.5 F15000
G1 X293.984 Y445.282 Z198.5
G1 Z197.5
G1 E17 F9000
G1 F2779.614
G1 X293.984 Y456.794 E49.70059
G1 X543.206 Y706.016 E1521.58569
G1 X554.718 Y706.016 E49.70059
;WIPE_START
G1 F600
G1 X547.718 Y706.016 E-10
;WIPE_END
G1 Z198.5 F15000
G1 X706.016 Y608.092 Z198.5
G1 Z197.5
G1 E17 F9000
G1 F2779.614
G1 X706.016 Y619.604 E49.70059
G1 X619.604 Y706.016 E527.57393
G1 X608.092 Y706.016 E49.70059
;WIPE_START
G1 F600
G1 X615.092 Y706.016 E-10
;WIPE_END
G1 Z198.5 F15000
G1 X706.016 Y445.282 Z198.5
G1 Z197.5
G1 E17 F9000
G1 F2779.614
G1 X706.016 Y456.794 E49.70059
G1 X456.794 Y706.016 E1521.58571
G1 X445.282 Y706.016 E49.70059
;WIPE_START
G1 F600
G1 X452.282 Y706.016 E-10
;WIPE_END
G1 Z198.5 F15000
G1 X445.282 Y293.984 Z198.5
G1 Z197.5
G1 E17 F9000
G1 F2779.614
G1 X456.794 Y293.984 E49.70059
G1 X706.016 Y543.206 E1521.58569
G1 X706.016 Y554.718 E49.70059
;WIPE_START
G1 F600
G1 X706.016 Y547.718 E-10
;WIPE_END
G1 Z198.5 F15000
G1 X694.503 Y293.984 Z198.5
G1 Z197.5
G1 E17 F9000
G1 F2779.614
G1 X706.016 Y293.984 E49.7003
G1 X293.984 Y706.016 E2515.59704
G1 X305.497 Y706.016 E49.70028
M73 P50 R343
;WIPE_START
G1 F600
G1 X298.497 Y706.016 E-10
;WIPE_END
G1 Z198.5 F15000
G1 X305.497 Y293.984 Z198.5
G1 Z197.5
G1 E17 F9000
G1 F2779.614
G1 X293.984 Y293.984 E49.70059
G1 X706.016 Y706.016 E2515.59745
G1 X694.503 Y706.016 E49.70059
;WIPE_START
G1 F600
G1 X701.503 Y706.016 E-10
;WIPE_END
G1 Z198.5 F15000
G1 X608.092 Y293.984 Z198.5
G1 Z197.5
G1 E17 F9000
G1 F2779.614
G1 X619.604 Y293.984 E49.70059
G1 X706.016 Y380.396 E527.57392
G1 X706.016 Y391.908 E49.70059
;WIPE_START
G1 F600
G1 X706.016 Y384.908 E-10
;WIPE_END
G1 Z198.5 F15000
G1 X554.718 Y293.984 Z198.5
G1 Z197.5
G1 E17 F9000
G1 F2779.614
G1 X543.206 Y293.984 E49.70059
G1 X293.984 Y543.206 E1521.58568
G1 X293.984 Y554.718 E49.70059
;WIPE_START
G1 F600
G1 X293.984 Y547.718 E-10
;WIPE_END
G1 Z198.5 F15000
G1 X391.908 Y293.984 Z198.5
G1 Z197.5
G1 E17 F9000
G1 F2779.614
G1 X380.396 Y293.984 E49.70059
G1 X293.984 Y380.396 E527.5739
G1 X293.984 Y391.908 E49.70059
; stop printing object Cube id:0 copy 0
;LAYER_CHANGE
;Z:199
;HEIGHT:1.5
;BEFORE_LAYER_CHANGE
;199
G92 E0

EXCLUDE_OBJECT_END NAME=Cube_id_0_copy_0
;AFTER_LAYER_CHANGE
;199
;_SET_FAN_SPEED_CHANGING_LAYER
; printing object Cube id:0 copy 0
;WIPE_START
G1 F600
G1 X293.984 Y384.908 E-10
;WIPE_END
EXCLUDE_OBJECT_START NAME=Cube_id_0_copy_0
G1 Z200 F15000
G1 X291.538 Y291.538 Z200
G1 Z199
G1 E17 F9000
;TYPE:Outer wall
;WIDTH:3.2
G1 F2779.615
G1 X708.462 Y291.538 E1799.91857
G1 X708.462 Y708.462 E1799.91857
G1 X291.538 Y708.462 E1799.91857
M73 P50 R342
G1 X291.538 Y291.838 E1798.62343
;WIPE_START
G1 F600
G1 X298.538 Y291.833 E-10
;WIPE_END
G1 Z200 F15000
G1 X293.984 Y391.908 Z200
G1 Z199
G1 E17 F9000
;TYPE:Sparse infill
;WIDTH:3.2
G1 F2779.614
G1 X293.984 Y380.396 E49.70059
G1 X380.396 Y293.984 E527.5739
G1 X391.908 Y293.984 E49.70059
;WIPE_START
G1 F600
M73 P51 R342
G1 X384.908 Y293.984 E-10
;WIPE_END
G1 Z200 F15000
G1 X293.984 Y554.718 Z200
G1 Z199
G1 E17 F9000
G1 F2779.614
G1 X293.984 Y543.206 E49.70059
G1 X543.206 Y293.984 E1521.58568
G1 X554.718 Y293.984 E49.70059
;WIPE_START
G1 F600
G1 X547.718 Y293.984 E-10
;WIPE_END
G1 Z200 F15000
G1 X706.016 Y391.908 Z200
G1 Z199
G1 E17 F9000
G1 F2779.614
G1 X706.016 Y380.396 E49.70059
G1 X619.604 Y293.984 E527.57392
G1 X608.092 Y293.984 E49.70059
;WIPE_START
G1 F600
G1 X615.092 Y293.984 E-10
;WIPE_END
G1 Z200 F15000
G1 X706.016 Y554.718 Z200
G1 Z199
G1 E17 F9000
G1 F2779.614
G1 X706.016 Y543.206 E49.70059
G1 X456.794 Y293.984 E1521.58569
G1 X445.282 Y293.984 E49.70059
;WIPE_START
G1 F600
G1 X452.282 Y293.984 E-10
;WIPE_END
G1 Z200 F15000
G1 X445.282 Y706.016 Z200
G1 Z199
G1 E17 F9000
G1 F2779.614
G1 X456.794 Y706.016 E49.70059
G1 X706.016 Y456.794 E1521.58571
G1 X706.016 Y445.282 E49.70059
M73 P51 R341
;WIPE_START
G1 F600
G1 X706.016 Y452.282 E-10
;WIPE_END
G1 Z200 F15000
G1 X694.503 Y706.016 Z200
G1 Z199
G1 E17 F9000
G1 F2779.614
G1 X706.016 Y706.016 E49.70059
G1 X293.984 Y293.984 E2515.59745
G1 X305.497 Y293.984 E49.70059
;WIPE_START
G1 F600
G1 X298.497 Y293.984 E-10
;WIPE_END
G1 Z200 F15000
G1 X305.497 Y706.016 Z200
G1 Z199
G1 E17 F9000
G1 F2779.614
G1 X293.984 Y706.016 E49.70028
G1 X706.016 Y293.984 E2515.59704
G1 X694.503 Y293.984 E49.7003
;WIPE_START
G1 F600
G1 X701.503 Y293.984 E-10
;WIPE_END
G1 Z200 F15000
G1 X608.092 Y706.016 Z200
G1 Z199
G1 E17 F9000
G1 F2779.614
G1 X619.604 Y706.016 E49.70059
G1 X706.016 Y619.604 E527.57393
G1 X706.016 Y608.092 E49.70059
;WIPE_START
G1 F600
G1 X706.016 Y615.092 E-10
;WIPE_END
G1 Z200 F15000
G1 X554.718 Y706.016 Z200
G1 Z199
G1 E17 F9000
G1 F2779.614
G1 X543.206 Y706.016 E49.70059
G1 X293.984 Y456.794 E1521.58569
G1 X293.984 Y445.282 E49.70059
;WIPE_START
G1 F600
G1 X293.984 Y452.282 E-10
;WIPE_END
G1 Z200 F15000
G1 X391.908 Y706.016 Z200
G1 Z199
G1 E17 F9000
G1 F2779.614
G1 X380.396 Y706.016 E49.70059
G1 X293.984 Y619.604 E527.57392
G1 X293.984 Y608.092 E49.70059
M73 P51 R340
; stop printing object Cube id:0 copy 0
;LAYER_CHANGE
;Z:200.5
;HEIGHT:1.5
;BEFORE_LAYER_CHANGE
;200.5
G92 E0

EXCLUDE_OBJECT_END NAME=Cube_id_0_copy_0
;AFTER_LAYER_CHANGE
;200.5
;_SET_FAN_SPEED_CHANGING_LAYER
; printing object Cube id:0 copy 0
;WIPE_START
G1 F600
G1 X293.984 Y615.092 E-10
;WIPE_END
EXCLUDE_OBJECT_START NAME=Cube_id_0_copy_0
G1 Z201.5 F15000
G1 X291.538 Y708.462 Z201.5
G1 Z200.5
G1 E17 F9000
;TYPE:Outer wall
;WIDTH:3.2
G1 F2779.615
G1 X291.538 Y291.538 E1799.91857
G1 X708.462 Y291.538 E1799.91857
G1 X708.462 Y708.462 E1799.91857
G1 X291.838 Y708.462 E1798.62343
;WIPE_START
G1 F600
G1 X291.833 Y701.462 E-10
;WIPE_END
G1 Z201.5 F15000
G1 X293.984 Y608.092 Z201.5
G1 Z200.5
G1 E17 F9000
;TYPE:Sparse infill
;WIDTH:3.2
G1 F2779.614
G1 X293.984 Y619.604 E49.70059
G1 X380.396 Y706.016 E527.57392
G1 X391.908 Y706.016 E49.70059
;WIPE_START
G1 F600
G1 X384.908 Y706.016 E-10
;WIPE_END
G1 Z201.5 F15000
G1 X293.984 Y445.282 Z201.5
G1 Z200.5
G1 E17 F9000
G1 F2779.614
G1 X293.984 Y456.794 E49.70059
G1 X543.206 Y706.016 E1521.58569
G1 X554.718 Y706.016 E49.70059
;WIPE_START
G1 F600
G1 X547.718 Y706.016 E-10
;WIPE_END
G1 Z201.5 F15000
G1 X706.016 Y608.092 Z201.5
G1 Z200.5
G1 E17 F9000
G1 F2779.614
G1 X706.016 Y619.604 E49.70059
G1 X619.604 Y706.016 E527.57393
G1 X608.092 Y706.016 E49.70059
M73 P51 R339
;WIPE_START
G1 F600
G1 X615.092 Y706.016 E-10
;WIPE_END
G1 Z201.5 F15000
G1 X706.016 Y445.282 Z201.5
G1 Z200.5
G1 E17 F9000
G1 F2779.614
G1 X706.016 Y456.794 E49.70059
G1 X456.794 Y706.016 E1521.58571
G1 X445.282 Y706.016 E49.70059
;WIPE_START
G1 F600
G1 X452.282 Y706.016 E-10
;WIPE_END
G1 Z201.5 F15000
G1 X445.282 Y293.984 Z201.5
G1 Z200.5
G1 E17 F9000
G1 F2779.614
G1 X456.794 Y293.984 E49.70059
G1 X706.016 Y543.206 E1521.58569
G1 X706.016 Y554.718 E49.70059
;WIPE_START
G1 F600
G1 X706.016 Y547.718 E-10
;WIPE_END
G1 Z201.5 F15000
G1 X694.503 Y293.984 Z201.5
G1 Z200.5
G1 E17 F9000
G1 F2779.614
G1 X706.016 Y293.984 E49.7003
G1 X293.984 Y706.016 E2515.59704
G1 X305.497 Y706.016 E49.70028
;WIPE_START
G1 F600
G1 X298.497 Y706.016 E-10
;WIPE_END
G1 Z201.5 F15000
G1 X305.497 Y293.984 Z201.5
G1 Z200.5
G1 E17 F9000
G1 F2779.614
G1 X293.984 Y293.984 E49.70059
G1 X706.016 Y706.016 E2515.59745
G1 X694.503 Y706.016 E49.70059
;WIPE_START
G1 F600
G1 X701.503 Y706.016 E-10
;WIPE_END
G1 Z201.5 F15000
G1 X608.092 Y293.984 Z201.5
G1 Z200.5
G1 E17 F9000
M73 P51 R338
G1 F2779.614
G1 X619.604 Y293.984 E49.70059
G1 X706.016 Y380.396 E527.57392
G1 X706.016 Y391.908 E49.70059
;WIPE_START
G1 F600
G1 X706.016 Y384.908 E-10
;WIPE_END
G1 Z201.5 F15000
G1 X554.718 Y293.984 Z201.5
G1 Z200.5
G1 E17 F9000
G1 F2779.614
G1 X543.206 Y293.984 E49.70059
G1 X293.984 Y543.206 E1521.58568
G1 X293.984 Y554.718 E49.70059
;WIPE_START
G1 F600
G1 X293.984 Y547.718 E-10
;WIPE_END
G1 Z201.5 F15000
G1 X391.908 Y293.984 Z201.5
G1 Z200.5
G1 E17 F9000
G1 F2779.614
G1 X380.396 Y293.984 E49.70059
G1 X293.984 Y380.396 E527.5739
G1 X293.984 Y391.908 E49.70059
; stop printing object Cube id:0 copy 0
;LAYER_CHANGE
;Z:202
;HEIGHT:1.5
;BEFORE_LAYER_CHANGE
;202
G92 E0

EXCLUDE_OBJECT_END NAME=Cube_id_0_copy_0
;AFTER_LAYER_CHANGE
;202
;_SET_FAN_SPEED_CHANGING_LAYER
; printing object Cube id:0 copy 0
;WIPE_START
G1 F600
G1 X293.984 Y384.908 E-10
;WIPE_END
EXCLUDE_OBJECT_START NAME=Cube_id_0_copy_0
G1 Z203 F15000
G1 X291.538 Y291.538 Z203
G1 Z202
G1 E17 F9000
;TYPE:Outer wall
;WIDTH:3.2
G1 F2779.615
G1 X708.462 Y291.538 E1799.91857
G1 X708.462 Y708.462 E1799.91857
G1 X291.538 Y708.462 E1799.91857
G1 X291.538 Y291.838 E1798.62343
;WIPE_START
G1 F600
G1 X298.538 Y291.833 E-10
;WIPE_END
G1 Z203 F15000
G1 X293.984 Y391.908 Z203
G1 Z202
M73 P51 R337
G1 E17 F9000
;TYPE:Sparse infill
;WIDTH:3.2
G1 F2779.614
G1 X293.984 Y380.396 E49.70059
G1 X380.396 Y293.984 E527.5739
G1 X391.908 Y293.984 E49.70059
;WIPE_START
G1 F600
G1 X384.908 Y293.984 E-10
;WIPE_END
G1 Z203 F15000
G1 X293.984 Y554.718 Z203
G1 Z202
G1 E17 F9000
G1 F2779.614
G1 X293.984 Y543.206 E49.70059
G1 X543.206 Y293.984 E1521.58568
G1 X554.718 Y293.984 E49.70059
;WIPE_START
G1 F600
G1 X547.718 Y293.984 E-10
;WIPE_END
G1 Z203 F15000
G1 X706.016 Y391.908 Z203
G1 Z202
G1 E17 F9000
G1 F2779.614
G1 X706.016 Y380.396 E49.70059
G1 X619.604 Y293.984 E527.57392
G1 X608.092 Y293.984 E49.70059
;WIPE_START
G1 F600
G1 X615.092 Y293.984 E-10
;WIPE_END
G1 Z203 F15000
G1 X706.016 Y554.718 Z203
G1 Z202
G1 E17 F9000
G1 F2779.614
G1 X706.016 Y543.206 E49.70059
G1 X456.794 Y293.984 E1521.58569
G1 X445.282 Y293.984 E49.70059
;WIPE_START
G1 F600
G1 X452.282 Y293.984 E-10
;WIPE_END
G1 Z203 F15000
G1 X445.282 Y706.016 Z203
G1 Z202
G1 E17 F9000
G1 F2779.614
G1 X456.794 Y706.016 E49.70059
G1 X706.016 Y456.794 E1521.58571
G1 X706.016 Y445.282 E49.70059
;WIPE_START
G1 F600
G1 X706.016 Y452.282 E-10
;WIPE_END
G1 Z203 F15000
G1 X694.503 Y706.016 Z203
G1 Z202
G1 E17 F9000
G1 F2779.614
G1 X706.016 Y706.016 E49.70059
G1 X293.984 Y293.984 E2515.59745
G1 X305.497 Y293.984 E49.70059
;WIPE_START
G1 F600
G1 X298.497 Y293.984 E-10
;WIPE_END
G1 Z203 F15000
M73 P51 R336
G1 X305.497 Y706.016 Z203
G1 Z202
G1 E17 F9000
G1 F2779.614
G1 X293.984 Y706.016 E49.70028
G1 X706.016 Y293.984 E2515.59704
G1 X694.503 Y293.984 E49.7003
;WIPE_START
G1 F600
G1 X701.503 Y293.984 E-10
;WIPE_END
G1 Z203 F15000
G1 X608.092 Y706.016 Z203
G1 Z202
G1 E17 F9000
G1 F2779.614
G1 X619.604 Y706.016 E49.70059
G1 X706.016 Y619.604 E527.57393
G1 X706.016 Y608.092 E49.70059
;WIPE_START
G1 F600
G1 X706.016 Y615.092 E-10
;WIPE_END
G1 Z203 F15000
G1 X554.718 Y706.016 Z203
G1 Z202
G1 E17 F9000
G1 F2779.614
G1 X543.206 Y706.016 E49.70059
G1 X293.984 Y456.794 E1521.58569
G1 X293.984 Y445.282 E49.70059
;WIPE_START
G1 F600
G1 X293.984 Y452.282 E-10
;WIPE_END
G1 Z203 F15000
G1 X391.908 Y706.016 Z203
G1 Z202
G1 E17 F9000
G1 F2779.614
G1 X380.396 Y706.016 E49.70059
G1 X293.984 Y619.604 E527.57392
G1 X293.984 Y608.092 E49.70059
; stop printing object Cube id:0 copy 0
;LAYER_CHANGE
;Z:203.5
;HEIGHT:1.5
;BEFORE_LAYER_CHANGE
;203.5
G92 E0

EXCLUDE_OBJECT_END NAME=Cube_id_0_copy_0
;AFTER_LAYER_CHANGE
;203.5
;_SET_FAN_SPEED_CHANGING_LAYER
; printing object Cube id:0 copy 0
;WIPE_START
G1 F600
G1 X293.984 Y615.092 E-10
;WIPE_END
EXCLUDE_OBJECT_START NAME=Cube_id_0_copy_0
G1 Z204.5 F15000
G1 X291.538 Y708.462 Z204.5
G1 Z203.5
G1 E17 F9000
;TYPE:Outer wall
;WIDTH:3.2
G1 F2779.615
G1 X291.538 Y291.538 E1799.91857
G1 X708.462 Y291.538 E1799.91857
G1 X708.462 Y708.462 E1799.91857
M73 P51 R335
G1 X291.838 Y708.462 E1798.62343
;WIPE_START
G1 F600
G1 X291.833 Y701.462 E-10
;WIPE_END
G1 Z204.5 F15000
G1 X293.984 Y608.092 Z204.5
G1 Z203.5
G1 E17 F9000
;TYPE:Sparse infill
;WIDTH:3.2
G1 F2779.614
G1 X293.984 Y619.604 E49.70059
G1 X380.396 Y706.016 E527.57392
G1 X391.908 Y706.016 E49.70059
;WIPE_START
G1 F600
G1 X384.908 Y706.016 E-10
;WIPE_END
G1 Z204.5 F15000
G1 X293.984 Y445.282 Z204.5
G1 Z203.5
M73 P52 R335
G1 E17 F9000
G1 F2779.614
G1 X293.984 Y456.794 E49.70059
G1 X543.206 Y706.016 E1521.58569
G1 X554.718 Y706.016 E49.70059
;WIPE_START
G1 F600
G1 X547.718 Y706.016 E-10
;WIPE_END
G1 Z204.5 F15000
G1 X706.016 Y608.092 Z204.5
G1 Z203.5
G1 E17 F9000
G1 F2779.614
G1 X706.016 Y619.604 E49.70059
G1 X619.604 Y706.016 E527.57393
G1 X608.092 Y706.016 E49.70059
;WIPE_START
G1 F600
G1 X615.092 Y706.016 E-10
;WIPE_END
G1 Z204.5 F15000
G1 X706.016 Y445.282 Z204.5
G1 Z203.5
G1 E17 F9000
G1 F2779.614
G1 X706.016 Y456.794 E49.70059
G1 X456.794 Y706.016 E1521.58571
G1 X445.282 Y706.016 E49.70059
;WIPE_START
G1 F600
G1 X452.282 Y706.016 E-10
;WIPE_END
G1 Z204.5 F15000
G1 X445.282 Y293.984 Z204.5
G1 Z203.5
G1 E17 F9000
G1 F2779.614
G1 X456.794 Y293.984 E49.70059
G1 X706.016 Y543.206 E1521.58569
G1 X706.016 Y554.718 E49.70059
M73 P52 R334
;WIPE_START
G1 F600
G1 X706.016 Y547.718 E-10
;WIPE_END
G1 Z204.5 F15000
G1 X694.503 Y293.984 Z204.5
G1 Z203.5
G1 E17 F9000
G1 F2779.614
G1 X706.016 Y293.984 E49.7003
G1 X293.984 Y706.016 E2515.59704
G1 X305.497 Y706.016 E49.70028
;WIPE_START
G1 F600
G1 X298.497 Y706.016 E-10
;WIPE_END
G1 Z204.5 F15000
G1 X305.497 Y293.984 Z204.5
G1 Z203.5
G1 E17 F9000
G1 F2779.614
G1 X293.984 Y293.984 E49.70059
G1 X706.016 Y706.016 E2515.59745
G1 X694.503 Y706.016 E49.70059
;WIPE_START
G1 F600
G1 X701.503 Y706.016 E-10
;WIPE_END
G1 Z204.5 F15000
G1 X608.092 Y293.984 Z204.5
G1 Z203.5
G1 E17 F9000
G1 F2779.614
G1 X619.604 Y293.984 E49.70059
G1 X706.016 Y380.396 E527.57392
G1 X706.016 Y391.908 E49.70059
;WIPE_START
G1 F600
G1 X706.016 Y384.908 E-10
;WIPE_END
G1 Z204.5 F15000
G1 X554.718 Y293.984 Z204.5
G1 Z203.5
G1 E17 F9000
G1 F2779.614
G1 X543.206 Y293.984 E49.70059
G1 X293.984 Y543.206 E1521.58568
G1 X293.984 Y554.718 E49.70059
;WIPE_START
G1 F600
G1 X293.984 Y547.718 E-10
;WIPE_END
G1 Z204.5 F15000
G1 X391.908 Y293.984 Z204.5
G1 Z203.5
G1 E17 F9000
G1 F2779.614
G1 X380.396 Y293.984 E49.70059
G1 X293.984 Y380.396 E527.5739
G1 X293.984 Y391.908 E49.70059
; stop printing object Cube id:0 copy 0
;LAYER_CHANGE
;Z:205
;HEIGHT:1.5
;BEFORE_LAYER_CHANGE
;205
G92 E0

EXCLUDE_OBJECT_END NAME=Cube_id_0_copy_0
;AFTER_LAYER_CHANGE
;205
;_SET_FAN_SPEED_CHANGING_LAYER
; printing object Cube id:0 copy 0
;WIPE_START
G1 F600
G1 X293.984 Y384.908 E-10
;WIPE_END
EXCLUDE_OBJECT_START NAME=Cube_id_0_copy_0
G1 Z206 F15000
G1 X291.538 Y291.538 Z206
G1 Z205
M73 P52 R333
G1 E17 F9000
;TYPE:Outer wall
;WIDTH:3.2
G1 F2779.615
G1 X708.462 Y291.538 E1799.91857
G1 X708.462 Y708.462 E1799.91857
G1 X291.538 Y708.462 E1799.91857
G1 X291.538 Y291.838 E1798.62343
;WIPE_START
G1 F600
G1 X298.538 Y291.833 E-10
;WIPE_END
G1 Z206 F15000
G1 X293.984 Y391.908 Z206
G1 Z205
G1 E17 F9000
;TYPE:Sparse infill
;WIDTH:3.2
G1 F2779.614
G1 X293.984 Y380.396 E49.70059
G1 X380.396 Y293.984 E527.5739
G1 X391.908 Y293.984 E49.70059
;WIPE_START
G1 F600
G1 X384.908 Y293.984 E-10
;WIPE_END
G1 Z206 F15000
G1 X293.984 Y554.718 Z206
G1 Z205
G1 E17 F9000
G1 F2779.614
G1 X293.984 Y543.206 E49.70059
G1 X543.206 Y293.984 E1521.58568
G1 X554.718 Y293.984 E49.70059
;WIPE_START
G1 F600
G1 X547.718 Y293.984 E-10
;WIPE_END
G1 Z206 F15000
G1 X706.016 Y391.908 Z206
G1 Z205
G1 E17 F9000
G1 F2779.614
G1 X706.016 Y380.396 E49.70059
G1 X619.604 Y293.984 E527.57392
G1 X608.092 Y293.984 E49.70059
;WIPE_START
G1 F600
G1 X615.092 Y293.984 E-10
;WIPE_END
G1 Z206 F15000
M73 P52 R332
G1 X706.016 Y554.718 Z206
G1 Z205
G1 E17 F9000
G1 F2779.614
G1 X706.016 Y543.206 E49.70059
G1 X456.794 Y293.984 E1521.58569
G1 X445.282 Y293.984 E49.70059
;WIPE_START
G1 F600
G1 X452.282 Y293.984 E-10
;WIPE_END
G1 Z206 F15000
G1 X445.282 Y706.016 Z206
G1 Z205
G1 E17 F9000
G1 F2779.614
G1 X456.794 Y706.016 E49.70059
G1 X706.016 Y456.794 E1521.58571
G1 X706.016 Y445.282 E49.70059
;WIPE_START
G1 F600
G1 X706.016 Y452.282 E-10
;WIPE_END
G1 Z206 F15000
G1 X694.503 Y706.016 Z206
G1 Z205
G1 E17 F9000
G1 F2779.614
G1 X706.016 Y706.016 E49.70059
G1 X293.984 Y293.984 E2515.59745
G1 X305.497 Y293.984 E49.70059
;WIPE_START
G1 F600
G1 X298.497 Y293.984 E-10
;WIPE_END
G1 Z206 F15000
G1 X305.497 Y706.016 Z206
G1 Z205
G1 E17 F9000
G1 F2779.614
G1 X293.984 Y706.016 E49.70028
G1 X706.016 Y293.984 E2515.59704
G1 X694.503 Y293.984 E49.7003
;WIPE_START
G1 F600
G1 X701.503 Y293.984 E-10
;WIPE_END
G1 Z206 F15000
G1 X608.092 Y706.016 Z206
G1 Z205
G1 E17 F9000
G1 F2779.614
G1 X619.604 Y706.016 E49.70059
G1 X706.016 Y619.604 E527.57393
G1 X706.016 Y608.092 E49.70059
M73 P52 R331
;WIPE_START
G1 F600
G1 X706.016 Y615.092 E-10
;WIPE_END
G1 Z206 F15000
G1 X554.718 Y706.016 Z206
G1 Z205
G1 E17 F9000
G1 F2779.614
G1 X543.206 Y706.016 E49.70059
G1 X293.984 Y456.794 E1521.58569
G1 X293.984 Y445.282 E49.70059
;WIPE_START
G1 F600
G1 X293.984 Y452.282 E-10
;WIPE_END
G1 Z206 F15000
G1 X391.908 Y706.016 Z206
G1 Z205
G1 E17 F9000
G1 F2779.614
G1 X380.396 Y706.016 E49.70059
G1 X293.984 Y619.604 E527.57392
G1 X293.984 Y608.092 E49.70059
; stop printing object Cube id:0 copy 0
;LAYER_CHANGE
;Z:206.5
;HEIGHT:1.5
;BEFORE_LAYER_CHANGE
;206.5
G92 E0

EXCLUDE_OBJECT_END NAME=Cube_id_0_copy_0
;AFTER_LAYER_CHANGE
;206.5
;_SET_FAN_SPEED_CHANGING_LAYER
; printing object Cube id:0 copy 0
;WIPE_START
G1 F600
G1 X293.984 Y615.092 E-10
;WIPE_END
EXCLUDE_OBJECT_START NAME=Cube_id_0_copy_0
G1 Z207.5 F15000
G1 X291.538 Y708.462 Z207.5
G1 Z206.5
G1 E17 F9000
;TYPE:Outer wall
;WIDTH:3.2
G1 F2779.615
G1 X291.538 Y291.538 E1799.91857
G1 X708.462 Y291.538 E1799.91857
G1 X708.462 Y708.462 E1799.91857
G1 X291.838 Y708.462 E1798.62343
;WIPE_START
G1 F600
G1 X291.833 Y701.462 E-10
;WIPE_END
G1 Z207.5 F15000
G1 X293.984 Y608.092 Z207.5
G1 Z206.5
G1 E17 F9000
;TYPE:Sparse infill
;WIDTH:3.2
G1 F2779.614
G1 X293.984 Y619.604 E49.70059
G1 X380.396 Y706.016 E527.57392
G1 X391.908 Y706.016 E49.70059
M73 P52 R330
;WIPE_START
G1 F600
G1 X384.908 Y706.016 E-10
;WIPE_END
G1 Z207.5 F15000
G1 X293.984 Y445.282 Z207.5
G1 Z206.5
G1 E17 F9000
G1 F2779.614
G1 X293.984 Y456.794 E49.70059
G1 X543.206 Y706.016 E1521.58569
G1 X554.718 Y706.016 E49.70059
;WIPE_START
G1 F600
G1 X547.718 Y706.016 E-10
;WIPE_END
G1 Z207.5 F15000
G1 X706.016 Y608.092 Z207.5
G1 Z206.5
G1 E17 F9000
G1 F2779.614
G1 X706.016 Y619.604 E49.70059
G1 X619.604 Y706.016 E527.57393
G1 X608.092 Y706.016 E49.70059
;WIPE_START
G1 F600
G1 X615.092 Y706.016 E-10
;WIPE_END
G1 Z207.5 F15000
G1 X706.016 Y445.282 Z207.5
G1 Z206.5
G1 E17 F9000
G1 F2779.614
G1 X706.016 Y456.794 E49.70059
G1 X456.794 Y706.016 E1521.58571
G1 X445.282 Y706.016 E49.70059
;WIPE_START
G1 F600
G1 X452.282 Y706.016 E-10
;WIPE_END
G1 Z207.5 F15000
G1 X445.282 Y293.984 Z207.5
G1 Z206.5
G1 E17 F9000
G1 F2779.614
G1 X456.794 Y293.984 E49.70059
G1 X706.016 Y543.206 E1521.58569
G1 X706.016 Y554.718 E49.70059
;WIPE_START
G1 F600
G1 X706.016 Y547.718 E-10
;WIPE_END
G1 Z207.5 F15000
G1 X694.503 Y293.984 Z207.5
G1 Z206.5
G1 E17 F9000
G1 F2779.614
G1 X706.016 Y293.984 E49.7003
G1 X293.984 Y706.016 E2515.59704
G1 X305.497 Y706.016 E49.70028
;WIPE_START
G1 F600
G1 X298.497 Y706.016 E-10
;WIPE_END
G1 Z207.5 F15000
G1 X305.497 Y293.984 Z207.5
G1 Z206.5
G1 E17 F9000
M73 P52 R329
G1 F2779.614
G1 X293.984 Y293.984 E49.70059
G1 X706.016 Y706.016 E2515.59745
G1 X694.503 Y706.016 E49.70059
;WIPE_START
G1 F600
G1 X701.503 Y706.016 E-10
;WIPE_END
G1 Z207.5 F15000
G1 X608.092 Y293.984 Z207.5
G1 Z206.5
G1 E17 F9000
G1 F2779.614
G1 X619.604 Y293.984 E49.70059
G1 X706.016 Y380.396 E527.57392
G1 X706.016 Y391.908 E49.70059
;WIPE_START
G1 F600
G1 X706.016 Y384.908 E-10
;WIPE_END
G1 Z207.5 F15000
G1 X554.718 Y293.984 Z207.5
G1 Z206.5
G1 E17 F9000
G1 F2779.614
G1 X543.206 Y293.984 E49.70059
G1 X293.984 Y543.206 E1521.58568
G1 X293.984 Y554.718 E49.70059
;WIPE_START
G1 F600
G1 X293.984 Y547.718 E-10
;WIPE_END
G1 Z207.5 F15000
G1 X391.908 Y293.984 Z207.5
G1 Z206.5
G1 E17 F9000
G1 F2779.614
G1 X380.396 Y293.984 E49.70059
G1 X293.984 Y380.396 E527.5739
G1 X293.984 Y391.908 E49.70059
; stop printing object Cube id:0 copy 0
;LAYER_CHANGE
;Z:208
;HEIGHT:1.5
;BEFORE_LAYER_CHANGE
;208
G92 E0

EXCLUDE_OBJECT_END NAME=Cube_id_0_copy_0
;AFTER_LAYER_CHANGE
;208
;_SET_FAN_SPEED_CHANGING_LAYER
; printing object Cube id:0 copy 0
;WIPE_START
G1 F600
G1 X293.984 Y384.908 E-10
;WIPE_END
EXCLUDE_OBJECT_START NAME=Cube_id_0_copy_0
G1 Z209 F15000
G1 X291.538 Y291.538 Z209
G1 Z208
G1 E17 F9000
;TYPE:Outer wall
;WIDTH:3.2
G1 F2779.615
G1 X708.462 Y291.538 E1799.91857
G1 X708.462 Y708.462 E1799.91857
G1 X291.538 Y708.462 E1799.91857
G1 X291.538 Y291.838 E1798.62343
M73 P52 R328
;WIPE_START
G1 F600
G1 X298.538 Y291.833 E-10
;WIPE_END
G1 Z209 F15000
G1 X293.984 Y391.908 Z209
G1 Z208
G1 E17 F9000
;TYPE:Sparse infill
;WIDTH:3.2
G1 F2779.614
G1 X293.984 Y380.396 E49.70059
G1 X380.396 Y293.984 E527.5739
G1 X391.908 Y293.984 E49.70059
;WIPE_START
G1 F600
G1 X384.908 Y293.984 E-10
;WIPE_END
G1 Z209 F15000
G1 X293.984 Y554.718 Z209
G1 Z208
G1 E17 F9000
G1 F2779.614
G1 X293.984 Y543.206 E49.70059
G1 X543.206 Y293.984 E1521.58568
G1 X554.718 Y293.984 E49.70059
M73 P53 R328
;WIPE_START
G1 F600
G1 X547.718 Y293.984 E-10
;WIPE_END
G1 Z209 F15000
G1 X706.016 Y391.908 Z209
G1 Z208
G1 E17 F9000
G1 F2779.614
G1 X706.016 Y380.396 E49.70059
G1 X619.604 Y293.984 E527.57392
G1 X608.092 Y293.984 E49.70059
;WIPE_START
G1 F600
G1 X615.092 Y293.984 E-10
;WIPE_END
G1 Z209 F15000
G1 X706.016 Y554.718 Z209
G1 Z208
G1 E17 F9000
G1 F2779.614
G1 X706.016 Y543.206 E49.70059
G1 X456.794 Y293.984 E1521.58569
G1 X445.282 Y293.984 E49.70059
;WIPE_START
G1 F600
G1 X452.282 Y293.984 E-10
;WIPE_END
G1 Z209 F15000
G1 X445.282 Y706.016 Z209
G1 Z208
G1 E17 F9000
G1 F2779.614
G1 X456.794 Y706.016 E49.70059
G1 X706.016 Y456.794 E1521.58571
G1 X706.016 Y445.282 E49.70059
M73 P53 R327
;WIPE_START
G1 F600
G1 X706.016 Y452.282 E-10
;WIPE_END
G1 Z209 F15000
G1 X694.503 Y706.016 Z209
G1 Z208
G1 E17 F9000
G1 F2779.614
G1 X706.016 Y706.016 E49.70059
G1 X293.984 Y293.984 E2515.59745
G1 X305.497 Y293.984 E49.70059
;WIPE_START
G1 F600
G1 X298.497 Y293.984 E-10
;WIPE_END
G1 Z209 F15000
G1 X305.497 Y706.016 Z209
G1 Z208
G1 E17 F9000
G1 F2779.614
G1 X293.984 Y706.016 E49.70028
G1 X706.016 Y293.984 E2515.59704
G1 X694.503 Y293.984 E49.7003
;WIPE_START
G1 F600
G1 X701.503 Y293.984 E-10
;WIPE_END
G1 Z209 F15000
G1 X608.092 Y706.016 Z209
G1 Z208
G1 E17 F9000
G1 F2779.614
G1 X619.604 Y706.016 E49.70059
G1 X706.016 Y619.604 E527.57393
G1 X706.016 Y608.092 E49.70059
;WIPE_START
G1 F600
G1 X706.016 Y615.092 E-10
;WIPE_END
G1 Z209 F15000
G1 X554.718 Y706.016 Z209
G1 Z208
G1 E17 F9000
G1 F2779.614
G1 X543.206 Y706.016 E49.70059
G1 X293.984 Y456.794 E1521.58569
G1 X293.984 Y445.282 E49.70059
;WIPE_START
G1 F600
G1 X293.984 Y452.282 E-10
;WIPE_END
G1 Z209 F15000
G1 X391.908 Y706.016 Z209
G1 Z208
G1 E17 F9000
G1 F2779.614
G1 X380.396 Y706.016 E49.70059
G1 X293.984 Y619.604 E527.57392
G1 X293.984 Y608.092 E49.70059
; stop printing object Cube id:0 copy 0
;LAYER_CHANGE
;Z:209.5
;HEIGHT:1.5
;BEFORE_LAYER_CHANGE
;209.5
G92 E0

EXCLUDE_OBJECT_END NAME=Cube_id_0_copy_0
;AFTER_LAYER_CHANGE
;209.5
;_SET_FAN_SPEED_CHANGING_LAYER
; printing object Cube id:0 copy 0
;WIPE_START
G1 F600
G1 X293.984 Y615.092 E-10
;WIPE_END
EXCLUDE_OBJECT_START NAME=Cube_id_0_copy_0
G1 Z210.5 F15000
G1 X291.538 Y708.462 Z210.5
G1 Z209.5
G1 E17 F9000
;TYPE:Outer wall
;WIDTH:3.2
G1 F2779.615
G1 X291.538 Y291.538 E1799.91857
G1 X708.462 Y291.538 E1799.91857
M73 P53 R326
G1 X708.462 Y708.462 E1799.91857
G1 X291.838 Y708.462 E1798.62343
;WIPE_START
G1 F600
G1 X291.833 Y701.462 E-10
;WIPE_END
G1 Z210.5 F15000
G1 X293.984 Y608.092 Z210.5
G1 Z209.5
G1 E17 F9000
;TYPE:Sparse infill
;WIDTH:3.2
G1 F2779.614
G1 X293.984 Y619.604 E49.70059
G1 X380.396 Y706.016 E527.57392
G1 X391.908 Y706.016 E49.70059
;WIPE_START
G1 F600
G1 X384.908 Y706.016 E-10
;WIPE_END
G1 Z210.5 F15000
G1 X293.984 Y445.282 Z210.5
G1 Z209.5
G1 E17 F9000
G1 F2779.614
G1 X293.984 Y456.794 E49.70059
G1 X543.206 Y706.016 E1521.58569
G1 X554.718 Y706.016 E49.70059
;WIPE_START
G1 F600
G1 X547.718 Y706.016 E-10
;WIPE_END
G1 Z210.5 F15000
G1 X706.016 Y608.092 Z210.5
G1 Z209.5
G1 E17 F9000
G1 F2779.614
G1 X706.016 Y619.604 E49.70059
G1 X619.604 Y706.016 E527.57393
G1 X608.092 Y706.016 E49.70059
;WIPE_START
G1 F600
G1 X615.092 Y706.016 E-10
;WIPE_END
G1 Z210.5 F15000
G1 X706.016 Y445.282 Z210.5
G1 Z209.5
G1 E17 F9000
G1 F2779.614
G1 X706.016 Y456.794 E49.70059
G1 X456.794 Y706.016 E1521.58571
G1 X445.282 Y706.016 E49.70059
M73 P53 R325
;WIPE_START
G1 F600
G1 X452.282 Y706.016 E-10
;WIPE_END
G1 Z210.5 F15000
G1 X445.282 Y293.984 Z210.5
G1 Z209.5
G1 E17 F9000
G1 F2779.614
G1 X456.794 Y293.984 E49.70059
G1 X706.016 Y543.206 E1521.58569
G1 X706.016 Y554.718 E49.70059
;WIPE_START
G1 F600
G1 X706.016 Y547.718 E-10
;WIPE_END
G1 Z210.5 F15000
G1 X694.503 Y293.984 Z210.5
G1 Z209.5
G1 E17 F9000
G1 F2779.614
G1 X706.016 Y293.984 E49.7003
G1 X293.984 Y706.016 E2515.59704
G1 X305.497 Y706.016 E49.70028
;WIPE_START
G1 F600
G1 X298.497 Y706.016 E-10
;WIPE_END
G1 Z210.5 F15000
G1 X305.497 Y293.984 Z210.5
G1 Z209.5
G1 E17 F9000
G1 F2779.614
G1 X293.984 Y293.984 E49.70059
G1 X706.016 Y706.016 E2515.59745
G1 X694.503 Y706.016 E49.70059
;WIPE_START
G1 F600
G1 X701.503 Y706.016 E-10
;WIPE_END
G1 Z210.5 F15000
G1 X608.092 Y293.984 Z210.5
G1 Z209.5
G1 E17 F9000
G1 F2779.614
G1 X619.604 Y293.984 E49.70059
G1 X706.016 Y380.396 E527.57392
G1 X706.016 Y391.908 E49.70059
;WIPE_START
G1 F600
G1 X706.016 Y384.908 E-10
;WIPE_END
G1 Z210.5 F15000
G1 X554.718 Y293.984 Z210.5
G1 Z209.5
M73 P53 R324
G1 E17 F9000
G1 F2779.614
G1 X543.206 Y293.984 E49.70059
G1 X293.984 Y543.206 E1521.58568
G1 X293.984 Y554.718 E49.70059
;WIPE_START
G1 F600
G1 X293.984 Y547.718 E-10
;WIPE_END
G1 Z210.5 F15000
G1 X391.908 Y293.984 Z210.5
G1 Z209.5
G1 E17 F9000
G1 F2779.614
G1 X380.396 Y293.984 E49.70059
G1 X293.984 Y380.396 E527.5739
G1 X293.984 Y391.908 E49.70059
; stop printing object Cube id:0 copy 0
;LAYER_CHANGE
;Z:211
;HEIGHT:1.5
;BEFORE_LAYER_CHANGE
;211
G92 E0

EXCLUDE_OBJECT_END NAME=Cube_id_0_copy_0
;AFTER_LAYER_CHANGE
;211
;_SET_FAN_SPEED_CHANGING_LAYER
; printing object Cube id:0 copy 0
;WIPE_START
G1 F600
G1 X293.984 Y384.908 E-10
;WIPE_END
EXCLUDE_OBJECT_START NAME=Cube_id_0_copy_0
G1 Z212 F15000
G1 X291.538 Y291.538 Z212
G1 Z211
G1 E17 F9000
;TYPE:Outer wall
;WIDTH:3.2
G1 F2779.615
G1 X708.462 Y291.538 E1799.91857
G1 X708.462 Y708.462 E1799.91857
G1 X291.538 Y708.462 E1799.91857
G1 X291.538 Y291.838 E1798.62343
;WIPE_START
G1 F600
G1 X298.538 Y291.833 E-10
;WIPE_END
G1 Z212 F15000
G1 X293.984 Y391.908 Z212
G1 Z211
G1 E17 F9000
;TYPE:Sparse infill
;WIDTH:3.2
G1 F2779.614
G1 X293.984 Y380.396 E49.70059
G1 X380.396 Y293.984 E527.5739
G1 X391.908 Y293.984 E49.70059
;WIPE_START
G1 F600
G1 X384.908 Y293.984 E-10
;WIPE_END
G1 Z212 F15000
M73 P53 R323
G1 X293.984 Y554.718 Z212
G1 Z211
G1 E17 F9000
G1 F2779.614
G1 X293.984 Y543.206 E49.70059
G1 X543.206 Y293.984 E1521.58568
G1 X554.718 Y293.984 E49.70059
;WIPE_START
G1 F600
G1 X547.718 Y293.984 E-10
;WIPE_END
G1 Z212 F15000
G1 X706.016 Y391.908 Z212
G1 Z211
G1 E17 F9000
G1 F2779.614
G1 X706.016 Y380.396 E49.70059
G1 X619.604 Y293.984 E527.57392
G1 X608.092 Y293.984 E49.70059
;WIPE_START
G1 F600
G1 X615.092 Y293.984 E-10
;WIPE_END
G1 Z212 F15000
G1 X706.016 Y554.718 Z212
G1 Z211
G1 E17 F9000
G1 F2779.614
G1 X706.016 Y543.206 E49.70059
G1 X456.794 Y293.984 E1521.58569
G1 X445.282 Y293.984 E49.70059
;WIPE_START
G1 F600
G1 X452.282 Y293.984 E-10
;WIPE_END
G1 Z212 F15000
G1 X445.282 Y706.016 Z212
G1 Z211
G1 E17 F9000
G1 F2779.614
G1 X456.794 Y706.016 E49.70059
G1 X706.016 Y456.794 E1521.58571
G1 X706.016 Y445.282 E49.70059
;WIPE_START
G1 F600
G1 X706.016 Y452.282 E-10
;WIPE_END
G1 Z212 F15000
G1 X694.503 Y706.016 Z212
G1 Z211
G1 E17 F9000
G1 F2779.614
G1 X706.016 Y706.016 E49.70059
G1 X293.984 Y293.984 E2515.59745
G1 X305.497 Y293.984 E49.70059
;WIPE_START
G1 F600
G1 X298.497 Y293.984 E-10
;WIPE_END
G1 Z212 F15000
G1 X305.497 Y706.016 Z212
G1 Z211
G1 E17 F9000
G1 F2779.614
G1 X293.984 Y706.016 E49.70028
G1 X706.016 Y293.984 E2515.59704
G1 X694.503 Y293.984 E49.7003
M73 P53 R322
;WIPE_START
G1 F600
G1 X701.503 Y293.984 E-10
;WIPE_END
G1 Z212 F15000
G1 X608.092 Y706.016 Z212
G1 Z211
G1 E17 F9000
G1 F2779.614
G1 X619.604 Y706.016 E49.70059
G1 X706.016 Y619.604 E527.57393
G1 X706.016 Y608.092 E49.70059
;WIPE_START
G1 F600
G1 X706.016 Y615.092 E-10
;WIPE_END
G1 Z212 F15000
G1 X554.718 Y706.016 Z212
G1 Z211
G1 E17 F9000
G1 F2779.614
G1 X543.206 Y706.016 E49.70059
G1 X293.984 Y456.794 E1521.58569
G1 X293.984 Y445.282 E49.70059
;WIPE_START
G1 F600
G1 X293.984 Y452.282 E-10
;WIPE_END
G1 Z212 F15000
G1 X391.908 Y706.016 Z212
G1 Z211
G1 E17 F9000
G1 F2779.614
G1 X380.396 Y706.016 E49.70059
G1 X293.984 Y619.604 E527.57392
G1 X293.984 Y608.092 E49.70059
; stop printing object Cube id:0 copy 0
;LAYER_CHANGE
;Z:212.5
;HEIGHT:1.5
;BEFORE_LAYER_CHANGE
;212.5
G92 E0

EXCLUDE_OBJECT_END NAME=Cube_id_0_copy_0
;AFTER_LAYER_CHANGE
;212.5
;_SET_FAN_SPEED_CHANGING_LAYER
; printing object Cube id:0 copy 0
;WIPE_START
G1 F600
G1 X293.984 Y615.092 E-10
;WIPE_END
EXCLUDE_OBJECT_START NAME=Cube_id_0_copy_0
G1 Z213.5 F15000
G1 X291.538 Y708.462 Z213.5
G1 Z212.5
G1 E17 F9000
;TYPE:Outer wall
;WIDTH:3.2
G1 F2779.615
G1 X291.538 Y291.538 E1799.91857
G1 X708.462 Y291.538 E1799.91857
G1 X708.462 Y708.462 E1799.91857
G1 X291.838 Y708.462 E1798.62343
M73 P53 R321
;WIPE_START
G1 F600
G1 X291.833 Y701.462 E-10
;WIPE_END
G1 Z213.5 F15000
G1 X293.984 Y608.092 Z213.5
G1 Z212.5
G1 E17 F9000
;TYPE:Sparse infill
;WIDTH:3.2
G1 F2779.614
G1 X293.984 Y619.604 E49.70059
G1 X380.396 Y706.016 E527.57392
G1 X391.908 Y706.016 E49.70059
;WIPE_START
G1 F600
G1 X384.908 Y706.016 E-10
;WIPE_END
G1 Z213.5 F15000
G1 X293.984 Y445.282 Z213.5
G1 Z212.5
G1 E17 F9000
G1 F2779.614
G1 X293.984 Y456.794 E49.70059
G1 X543.206 Y706.016 E1521.58569
G1 X554.718 Y706.016 E49.70059
M73 P54 R321
;WIPE_START
G1 F600
G1 X547.718 Y706.016 E-10
;WIPE_END
G1 Z213.5 F15000
G1 X706.016 Y608.092 Z213.5
G1 Z212.5
G1 E17 F9000
G1 F2779.614
G1 X706.016 Y619.604 E49.70059
G1 X619.604 Y706.016 E527.57393
G1 X608.092 Y706.016 E49.70059
;WIPE_START
G1 F600
G1 X615.092 Y706.016 E-10
;WIPE_END
G1 Z213.5 F15000
G1 X706.016 Y445.282 Z213.5
G1 Z212.5
G1 E17 F9000
G1 F2779.614
G1 X706.016 Y456.794 E49.70059
G1 X456.794 Y706.016 E1521.58571
G1 X445.282 Y706.016 E49.70059
;WIPE_START
G1 F600
G1 X452.282 Y706.016 E-10
;WIPE_END
G1 Z213.5 F15000
G1 X445.282 Y293.984 Z213.5
G1 Z212.5
G1 E17 F9000
G1 F2779.614
G1 X456.794 Y293.984 E49.70059
G1 X706.016 Y543.206 E1521.58569
G1 X706.016 Y554.718 E49.70059
;WIPE_START
G1 F600
G1 X706.016 Y547.718 E-10
;WIPE_END
G1 Z213.5 F15000
G1 X694.503 Y293.984 Z213.5
G1 Z212.5
M73 P54 R320
G1 E17 F9000
G1 F2779.614
G1 X706.016 Y293.984 E49.7003
G1 X293.984 Y706.016 E2515.59704
G1 X305.497 Y706.016 E49.70028
;WIPE_START
G1 F600
G1 X298.497 Y706.016 E-10
;WIPE_END
G1 Z213.5 F15000
G1 X305.497 Y293.984 Z213.5
G1 Z212.5
G1 E17 F9000
G1 F2779.614
G1 X293.984 Y293.984 E49.70059
G1 X706.016 Y706.016 E2515.59745
G1 X694.503 Y706.016 E49.70059
;WIPE_START
G1 F600
G1 X701.503 Y706.016 E-10
;WIPE_END
G1 Z213.5 F15000
G1 X608.092 Y293.984 Z213.5
G1 Z212.5
G1 E17 F9000
G1 F2779.614
G1 X619.604 Y293.984 E49.70059
G1 X706.016 Y380.396 E527.57392
G1 X706.016 Y391.908 E49.70059
;WIPE_START
G1 F600
G1 X706.016 Y384.908 E-10
;WIPE_END
G1 Z213.5 F15000
G1 X554.718 Y293.984 Z213.5
G1 Z212.5
G1 E17 F9000
G1 F2779.614
G1 X543.206 Y293.984 E49.70059
G1 X293.984 Y543.206 E1521.58568
G1 X293.984 Y554.718 E49.70059
;WIPE_START
G1 F600
G1 X293.984 Y547.718 E-10
;WIPE_END
G1 Z213.5 F15000
G1 X391.908 Y293.984 Z213.5
G1 Z212.5
G1 E17 F9000
G1 F2779.614
G1 X380.396 Y293.984 E49.70059
G1 X293.984 Y380.396 E527.5739
G1 X293.984 Y391.908 E49.70059
; stop printing object Cube id:0 copy 0
;LAYER_CHANGE
;Z:214
;HEIGHT:1.5
;BEFORE_LAYER_CHANGE
;214
G92 E0

EXCLUDE_OBJECT_END NAME=Cube_id_0_copy_0
;AFTER_LAYER_CHANGE
;214
;_SET_FAN_SPEED_CHANGING_LAYER
; printing object Cube id:0 copy 0
;WIPE_START
G1 F600
G1 X293.984 Y384.908 E-10
;WIPE_END
EXCLUDE_OBJECT_START NAME=Cube_id_0_copy_0
G1 Z215 F15000
G1 X291.538 Y291.538 Z215
G1 Z214
G1 E17 F9000
;TYPE:Outer wall
;WIDTH:3.2
G1 F2779.615
G1 X708.462 Y291.538 E1799.91857
G1 X708.462 Y708.462 E1799.91857
M73 P54 R319
G1 X291.538 Y708.462 E1799.91857
G1 X291.538 Y291.838 E1798.62343
;WIPE_START
G1 F600
G1 X298.538 Y291.833 E-10
;WIPE_END
G1 Z215 F15000
G1 X293.984 Y391.908 Z215
G1 Z214
G1 E17 F9000
;TYPE:Sparse infill
;WIDTH:3.2
G1 F2779.614
G1 X293.984 Y380.396 E49.70059
G1 X380.396 Y293.984 E527.5739
G1 X391.908 Y293.984 E49.70059
;WIPE_START
G1 F600
G1 X384.908 Y293.984 E-10
;WIPE_END
G1 Z215 F15000
G1 X293.984 Y554.718 Z215
G1 Z214
G1 E17 F9000
G1 F2779.614
G1 X293.984 Y543.206 E49.70059
G1 X543.206 Y293.984 E1521.58568
G1 X554.718 Y293.984 E49.70059
;WIPE_START
G1 F600
G1 X547.718 Y293.984 E-10
;WIPE_END
G1 Z215 F15000
G1 X706.016 Y391.908 Z215
G1 Z214
G1 E17 F9000
G1 F2779.614
G1 X706.016 Y380.396 E49.70059
G1 X619.604 Y293.984 E527.57392
G1 X608.092 Y293.984 E49.70059
;WIPE_START
G1 F600
G1 X615.092 Y293.984 E-10
;WIPE_END
G1 Z215 F15000
G1 X706.016 Y554.718 Z215
G1 Z214
G1 E17 F9000
G1 F2779.614
G1 X706.016 Y543.206 E49.70059
G1 X456.794 Y293.984 E1521.58569
G1 X445.282 Y293.984 E49.70059
M73 P54 R318
;WIPE_START
G1 F600
G1 X452.282 Y293.984 E-10
;WIPE_END
G1 Z215 F15000
G1 X445.282 Y706.016 Z215
G1 Z214
G1 E17 F9000
G1 F2779.614
G1 X456.794 Y706.016 E49.70059
G1 X706.016 Y456.794 E1521.58571
G1 X706.016 Y445.282 E49.70059
;WIPE_START
G1 F600
G1 X706.016 Y452.282 E-10
;WIPE_END
G1 Z215 F15000
G1 X694.503 Y706.016 Z215
G1 Z214
G1 E17 F9000
G1 F2779.614
G1 X706.016 Y706.016 E49.70059
G1 X293.984 Y293.984 E2515.59745
G1 X305.497 Y293.984 E49.70059
;WIPE_START
G1 F600
G1 X298.497 Y293.984 E-10
;WIPE_END
G1 Z215 F15000
G1 X305.497 Y706.016 Z215
G1 Z214
G1 E17 F9000
G1 F2779.614
G1 X293.984 Y706.016 E49.70028
G1 X706.016 Y293.984 E2515.59704
G1 X694.503 Y293.984 E49.7003
;WIPE_START
G1 F600
G1 X701.503 Y293.984 E-10
;WIPE_END
G1 Z215 F15000
G1 X608.092 Y706.016 Z215
G1 Z214
G1 E17 F9000
G1 F2779.614
G1 X619.604 Y706.016 E49.70059
G1 X706.016 Y619.604 E527.57393
G1 X706.016 Y608.092 E49.70059
;WIPE_START
G1 F600
G1 X706.016 Y615.092 E-10
;WIPE_END
G1 Z215 F15000
G1 X554.718 Y706.016 Z215
G1 Z214
G1 E17 F9000
G1 F2779.614
G1 X543.206 Y706.016 E49.70059
G1 X293.984 Y456.794 E1521.58569
G1 X293.984 Y445.282 E49.70059
M73 P54 R317
;WIPE_START
G1 F600
G1 X293.984 Y452.282 E-10
;WIPE_END
G1 Z215 F15000
G1 X391.908 Y706.016 Z215
G1 Z214
G1 E17 F9000
G1 F2779.614
G1 X380.396 Y706.016 E49.70059
G1 X293.984 Y619.604 E527.57392
G1 X293.984 Y608.092 E49.70059
; stop printing object Cube id:0 copy 0
;LAYER_CHANGE
;Z:215.5
;HEIGHT:1.5
;BEFORE_LAYER_CHANGE
;215.5
G92 E0

EXCLUDE_OBJECT_END NAME=Cube_id_0_copy_0
;AFTER_LAYER_CHANGE
;215.5
;_SET_FAN_SPEED_CHANGING_LAYER
; printing object Cube id:0 copy 0
;WIPE_START
G1 F600
G1 X293.984 Y615.092 E-10
;WIPE_END
EXCLUDE_OBJECT_START NAME=Cube_id_0_copy_0
G1 Z216.5 F15000
G1 X291.538 Y708.462 Z216.5
G1 Z215.5
G1 E17 F9000
;TYPE:Outer wall
;WIDTH:3.2
G1 F2779.615
G1 X291.538 Y291.538 E1799.91857
G1 X708.462 Y291.538 E1799.91857
G1 X708.462 Y708.462 E1799.91857
G1 X291.838 Y708.462 E1798.62343
;WIPE_START
G1 F600
G1 X291.833 Y701.462 E-10
;WIPE_END
G1 Z216.5 F15000
G1 X293.984 Y608.092 Z216.5
G1 Z215.5
G1 E17 F9000
;TYPE:Sparse infill
;WIDTH:3.2
G1 F2779.614
G1 X293.984 Y619.604 E49.70059
G1 X380.396 Y706.016 E527.57392
G1 X391.908 Y706.016 E49.70059
;WIPE_START
G1 F600
G1 X384.908 Y706.016 E-10
;WIPE_END
G1 Z216.5 F15000
G1 X293.984 Y445.282 Z216.5
G1 Z215.5
G1 E17 F9000
G1 F2779.614
G1 X293.984 Y456.794 E49.70059
G1 X543.206 Y706.016 E1521.58569
G1 X554.718 Y706.016 E49.70059
M73 P54 R316
;WIPE_START
G1 F600
G1 X547.718 Y706.016 E-10
;WIPE_END
G1 Z216.5 F15000
G1 X706.016 Y608.092 Z216.5
G1 Z215.5
G1 E17 F9000
G1 F2779.614
G1 X706.016 Y619.604 E49.70059
G1 X619.604 Y706.016 E527.57393
G1 X608.092 Y706.016 E49.70059
;WIPE_START
G1 F600
G1 X615.092 Y706.016 E-10
;WIPE_END
G1 Z216.5 F15000
G1 X706.016 Y445.282 Z216.5
G1 Z215.5
G1 E17 F9000
G1 F2779.614
G1 X706.016 Y456.794 E49.70059
G1 X456.794 Y706.016 E1521.58571
G1 X445.282 Y706.016 E49.70059
;WIPE_START
G1 F600
G1 X452.282 Y706.016 E-10
;WIPE_END
G1 Z216.5 F15000
G1 X445.282 Y293.984 Z216.5
G1 Z215.5
G1 E17 F9000
G1 F2779.614
G1 X456.794 Y293.984 E49.70059
G1 X706.016 Y543.206 E1521.58569
G1 X706.016 Y554.718 E49.70059
;WIPE_START
G1 F600
G1 X706.016 Y547.718 E-10
;WIPE_END
G1 Z216.5 F15000
G1 X694.503 Y293.984 Z216.5
G1 Z215.5
G1 E17 F9000
G1 F2779.614
G1 X706.016 Y293.984 E49.7003
G1 X293.984 Y706.016 E2515.59704
G1 X305.497 Y706.016 E49.70028
;WIPE_START
G1 F600
G1 X298.497 Y706.016 E-10
;WIPE_END
G1 Z216.5 F15000
G1 X305.497 Y293.984 Z216.5
G1 Z215.5
G1 E17 F9000
G1 F2779.614
G1 X293.984 Y293.984 E49.70059
G1 X706.016 Y706.016 E2515.59745
G1 X694.503 Y706.016 E49.70059
M73 P54 R315
;WIPE_START
G1 F600
G1 X701.503 Y706.016 E-10
;WIPE_END
G1 Z216.5 F15000
G1 X608.092 Y293.984 Z216.5
G1 Z215.5
G1 E17 F9000
G1 F2779.614
G1 X619.604 Y293.984 E49.70059
G1 X706.016 Y380.396 E527.57392
G1 X706.016 Y391.908 E49.70059
;WIPE_START
G1 F600
G1 X706.016 Y384.908 E-10
;WIPE_END
G1 Z216.5 F15000
G1 X554.718 Y293.984 Z216.5
G1 Z215.5
G1 E17 F9000
G1 F2779.614
G1 X543.206 Y293.984 E49.70059
G1 X293.984 Y543.206 E1521.58568
G1 X293.984 Y554.718 E49.70059
;WIPE_START
G1 F600
G1 X293.984 Y547.718 E-10
;WIPE_END
G1 Z216.5 F15000
G1 X391.908 Y293.984 Z216.5
G1 Z215.5
G1 E17 F9000
G1 F2779.614
G1 X380.396 Y293.984 E49.70059
G1 X293.984 Y380.396 E527.5739
G1 X293.984 Y391.908 E49.70059
; stop printing object Cube id:0 copy 0
;LAYER_CHANGE
;Z:217
;HEIGHT:1.5
;BEFORE_LAYER_CHANGE
;217
G92 E0

EXCLUDE_OBJECT_END NAME=Cube_id_0_copy_0
;AFTER_LAYER_CHANGE
;217
;_SET_FAN_SPEED_CHANGING_LAYER
; printing object Cube id:0 copy 0
;WIPE_START
G1 F600
G1 X293.984 Y384.908 E-10
;WIPE_END
EXCLUDE_OBJECT_START NAME=Cube_id_0_copy_0
G1 Z218 F15000
G1 X291.538 Y291.538 Z218
G1 Z217
G1 E17 F9000
;TYPE:Outer wall
;WIDTH:3.2
G1 F2779.615
G1 X708.462 Y291.538 E1799.91857
G1 X708.462 Y708.462 E1799.91857
G1 X291.538 Y708.462 E1799.91857
G1 X291.538 Y291.838 E1798.62343
M73 P54 R314
;WIPE_START
G1 F600
G1 X298.538 Y291.833 E-10
;WIPE_END
G1 Z218 F15000
G1 X293.984 Y391.908 Z218
G1 Z217
G1 E17 F9000
;TYPE:Sparse infill
;WIDTH:3.2
G1 F2779.614
G1 X293.984 Y380.396 E49.70059
G1 X380.396 Y293.984 E527.5739
G1 X391.908 Y293.984 E49.70059
;WIPE_START
G1 F600
G1 X384.908 Y293.984 E-10
;WIPE_END
G1 Z218 F15000
G1 X293.984 Y554.718 Z218
G1 Z217
G1 E17 F9000
G1 F2779.614
G1 X293.984 Y543.206 E49.70059
G1 X543.206 Y293.984 E1521.58568
G1 X554.718 Y293.984 E49.70059
M73 P55 R314
;WIPE_START
G1 F600
G1 X547.718 Y293.984 E-10
;WIPE_END
G1 Z218 F15000
G1 X706.016 Y391.908 Z218
G1 Z217
G1 E17 F9000
G1 F2779.614
G1 X706.016 Y380.396 E49.70059
G1 X619.604 Y293.984 E527.57392
G1 X608.092 Y293.984 E49.70059
;WIPE_START
G1 F600
G1 X615.092 Y293.984 E-10
;WIPE_END
G1 Z218 F15000
G1 X706.016 Y554.718 Z218
G1 Z217
G1 E17 F9000
G1 F2779.614
G1 X706.016 Y543.206 E49.70059
G1 X456.794 Y293.984 E1521.58569
G1 X445.282 Y293.984 E49.70059
;WIPE_START
G1 F600
G1 X452.282 Y293.984 E-10
;WIPE_END
G1 Z218 F15000
G1 X445.282 Y706.016 Z218
G1 Z217
G1 E17 F9000
G1 F2779.614
G1 X456.794 Y706.016 E49.70059
G1 X706.016 Y456.794 E1521.58571
G1 X706.016 Y445.282 E49.70059
;WIPE_START
G1 F600
G1 X706.016 Y452.282 E-10
;WIPE_END
G1 Z218 F15000
G1 X694.503 Y706.016 Z218
G1 Z217
G1 E17 F9000
G1 F2779.614
G1 X706.016 Y706.016 E49.70059
G1 X293.984 Y293.984 E2515.59745
G1 X305.497 Y293.984 E49.70059
M73 P55 R313
;WIPE_START
G1 F600
G1 X298.497 Y293.984 E-10
;WIPE_END
G1 Z218 F15000
G1 X305.497 Y706.016 Z218
G1 Z217
G1 E17 F9000
G1 F2779.614
G1 X293.984 Y706.016 E49.70028
G1 X706.016 Y293.984 E2515.59704
G1 X694.503 Y293.984 E49.7003
;WIPE_START
G1 F600
G1 X701.503 Y293.984 E-10
;WIPE_END
G1 Z218 F15000
G1 X608.092 Y706.016 Z218
G1 Z217
G1 E17 F9000
G1 F2779.614
G1 X619.604 Y706.016 E49.70059
G1 X706.016 Y619.604 E527.57393
G1 X706.016 Y608.092 E49.70059
;WIPE_START
G1 F600
G1 X706.016 Y615.092 E-10
;WIPE_END
G1 Z218 F15000
G1 X554.718 Y706.016 Z218
G1 Z217
G1 E17 F9000
G1 F2779.614
G1 X543.206 Y706.016 E49.70059
G1 X293.984 Y456.794 E1521.58569
G1 X293.984 Y445.282 E49.70059
;WIPE_START
G1 F600
G1 X293.984 Y452.282 E-10
;WIPE_END
G1 Z218 F15000
G1 X391.908 Y706.016 Z218
G1 Z217
G1 E17 F9000
G1 F2779.614
G1 X380.396 Y706.016 E49.70059
G1 X293.984 Y619.604 E527.57392
G1 X293.984 Y608.092 E49.70059
; stop printing object Cube id:0 copy 0
;LAYER_CHANGE
;Z:218.5
;HEIGHT:1.5
;BEFORE_LAYER_CHANGE
;218.5
G92 E0

EXCLUDE_OBJECT_END NAME=Cube_id_0_copy_0
;AFTER_LAYER_CHANGE
;218.5
;_SET_FAN_SPEED_CHANGING_LAYER
; printing object Cube id:0 copy 0
;WIPE_START
G1 F600
G1 X293.984 Y615.092 E-10
;WIPE_END
EXCLUDE_OBJECT_START NAME=Cube_id_0_copy_0
G1 Z219.5 F15000
G1 X291.538 Y708.462 Z219.5
G1 Z218.5
G1 E17 F9000
;TYPE:Outer wall
;WIDTH:3.2
G1 F2779.615
G1 X291.538 Y291.538 E1799.91857
G1 X708.462 Y291.538 E1799.91857
M73 P55 R312
G1 X708.462 Y708.462 E1799.91857
G1 X291.838 Y708.462 E1798.62343
;WIPE_START
G1 F600
G1 X291.833 Y701.462 E-10
;WIPE_END
G1 Z219.5 F15000
G1 X293.984 Y608.092 Z219.5
G1 Z218.5
G1 E17 F9000
;TYPE:Sparse infill
;WIDTH:3.2
G1 F2779.614
G1 X293.984 Y619.604 E49.70059
G1 X380.396 Y706.016 E527.57392
G1 X391.908 Y706.016 E49.70059
;WIPE_START
G1 F600
G1 X384.908 Y706.016 E-10
;WIPE_END
G1 Z219.5 F15000
G1 X293.984 Y445.282 Z219.5
G1 Z218.5
G1 E17 F9000
G1 F2779.614
G1 X293.984 Y456.794 E49.70059
G1 X543.206 Y706.016 E1521.58569
G1 X554.718 Y706.016 E49.70059
;WIPE_START
G1 F600
G1 X547.718 Y706.016 E-10
;WIPE_END
G1 Z219.5 F15000
G1 X706.016 Y608.092 Z219.5
G1 Z218.5
G1 E17 F9000
G1 F2779.614
G1 X706.016 Y619.604 E49.70059
G1 X619.604 Y706.016 E527.57393
G1 X608.092 Y706.016 E49.70059
;WIPE_START
G1 F600
G1 X615.092 Y706.016 E-10
;WIPE_END
G1 Z219.5 F15000
G1 X706.016 Y445.282 Z219.5
G1 Z218.5
G1 E17 F9000
G1 F2779.614
G1 X706.016 Y456.794 E49.70059
G1 X456.794 Y706.016 E1521.58571
G1 X445.282 Y706.016 E49.70059
M73 P55 R311
;WIPE_START
G1 F600
G1 X452.282 Y706.016 E-10
;WIPE_END
G1 Z219.5 F15000
G1 X445.282 Y293.984 Z219.5
G1 Z218.5
G1 E17 F9000
G1 F2779.614
G1 X456.794 Y293.984 E49.70059
G1 X706.016 Y543.206 E1521.58569
G1 X706.016 Y554.718 E49.70059
;WIPE_START
G1 F600
G1 X706.016 Y547.718 E-10
;WIPE_END
G1 Z219.5 F15000
G1 X694.503 Y293.984 Z219.5
G1 Z218.5
G1 E17 F9000
G1 F2779.614
G1 X706.016 Y293.984 E49.7003
G1 X293.984 Y706.016 E2515.59704
G1 X305.497 Y706.016 E49.70028
;WIPE_START
G1 F600
G1 X298.497 Y706.016 E-10
;WIPE_END
G1 Z219.5 F15000
G1 X305.497 Y293.984 Z219.5
G1 Z218.5
G1 E17 F9000
G1 F2779.614
G1 X293.984 Y293.984 E49.70059
G1 X706.016 Y706.016 E2515.59745
G1 X694.503 Y706.016 E49.70059
;WIPE_START
G1 F600
G1 X701.503 Y706.016 E-10
;WIPE_END
G1 Z219.5 F15000
G1 X608.092 Y293.984 Z219.5
G1 Z218.5
G1 E17 F9000
G1 F2779.614
G1 X619.604 Y293.984 E49.70059
G1 X706.016 Y380.396 E527.57392
G1 X706.016 Y391.908 E49.70059
;WIPE_START
G1 F600
G1 X706.016 Y384.908 E-10
;WIPE_END
G1 Z219.5 F15000
G1 X554.718 Y293.984 Z219.5
G1 Z218.5
G1 E17 F9000
G1 F2779.614
G1 X543.206 Y293.984 E49.70059
G1 X293.984 Y543.206 E1521.58568
G1 X293.984 Y554.718 E49.70059
M73 P55 R310
;WIPE_START
G1 F600
G1 X293.984 Y547.718 E-10
;WIPE_END
G1 Z219.5 F15000
G1 X391.908 Y293.984 Z219.5
G1 Z218.5
G1 E17 F9000
G1 F2779.614
G1 X380.396 Y293.984 E49.70059
G1 X293.984 Y380.396 E527.5739
G1 X293.984 Y391.908 E49.70059
; stop printing object Cube id:0 copy 0
;LAYER_CHANGE
;Z:220
;HEIGHT:1.5
;BEFORE_LAYER_CHANGE
;220
G92 E0

EXCLUDE_OBJECT_END NAME=Cube_id_0_copy_0
;AFTER_LAYER_CHANGE
;220
;_SET_FAN_SPEED_CHANGING_LAYER
; printing object Cube id:0 copy 0
;WIPE_START
G1 F600
G1 X293.984 Y384.908 E-10
;WIPE_END
EXCLUDE_OBJECT_START NAME=Cube_id_0_copy_0
G1 Z221 F15000
G1 X291.538 Y291.538 Z221
G1 Z220
G1 E17 F9000
;TYPE:Outer wall
;WIDTH:3.2
G1 F2779.615
G1 X708.462 Y291.538 E1799.91857
G1 X708.462 Y708.462 E1799.91857
G1 X291.538 Y708.462 E1799.91857
G1 X291.538 Y291.838 E1798.62343
;WIPE_START
G1 F600
G1 X298.538 Y291.833 E-10
;WIPE_END
G1 Z221 F15000
G1 X293.984 Y391.908 Z221
G1 Z220
G1 E17 F9000
;TYPE:Sparse infill
;WIDTH:3.2
G1 F2779.614
G1 X293.984 Y380.396 E49.70059
G1 X380.396 Y293.984 E527.5739
G1 X391.908 Y293.984 E49.70059
;WIPE_START
G1 F600
G1 X384.908 Y293.984 E-10
;WIPE_END
G1 Z221 F15000
G1 X293.984 Y554.718 Z221
G1 Z220
G1 E17 F9000
G1 F2779.614
G1 X293.984 Y543.206 E49.70059
G1 X543.206 Y293.984 E1521.58568
G1 X554.718 Y293.984 E49.70059
M73 P55 R309
;WIPE_START
G1 F600
G1 X547.718 Y293.984 E-10
;WIPE_END
G1 Z221 F15000
G1 X706.016 Y391.908 Z221
G1 Z220
G1 E17 F9000
G1 F2779.614
G1 X706.016 Y380.396 E49.70059
G1 X619.604 Y293.984 E527.57392
G1 X608.092 Y293.984 E49.70059
;WIPE_START
G1 F600
G1 X615.092 Y293.984 E-10
;WIPE_END
G1 Z221 F15000
G1 X706.016 Y554.718 Z221
G1 Z220
G1 E17 F9000
G1 F2779.614
G1 X706.016 Y543.206 E49.70059
G1 X456.794 Y293.984 E1521.58569
G1 X445.282 Y293.984 E49.70059
;WIPE_START
G1 F600
G1 X452.282 Y293.984 E-10
;WIPE_END
G1 Z221 F15000
G1 X445.282 Y706.016 Z221
G1 Z220
G1 E17 F9000
G1 F2779.614
G1 X456.794 Y706.016 E49.70059
G1 X706.016 Y456.794 E1521.58571
G1 X706.016 Y445.282 E49.70059
;WIPE_START
G1 F600
G1 X706.016 Y452.282 E-10
;WIPE_END
G1 Z221 F15000
G1 X694.503 Y706.016 Z221
G1 Z220
G1 E17 F9000
G1 F2779.614
G1 X706.016 Y706.016 E49.70059
G1 X293.984 Y293.984 E2515.59745
G1 X305.497 Y293.984 E49.70059
;WIPE_START
G1 F600
G1 X298.497 Y293.984 E-10
;WIPE_END
G1 Z221 F15000
G1 X305.497 Y706.016 Z221
G1 Z220
G1 E17 F9000
G1 F2779.614
G1 X293.984 Y706.016 E49.70028
G1 X706.016 Y293.984 E2515.59704
G1 X694.503 Y293.984 E49.7003
M73 P55 R308
;WIPE_START
G1 F600
G1 X701.503 Y293.984 E-10
;WIPE_END
G1 Z221 F15000
G1 X608.092 Y706.016 Z221
G1 Z220
G1 E17 F9000
G1 F2779.614
G1 X619.604 Y706.016 E49.70059
G1 X706.016 Y619.604 E527.57393
G1 X706.016 Y608.092 E49.70059
;WIPE_START
G1 F600
G1 X706.016 Y615.092 E-10
;WIPE_END
G1 Z221 F15000
G1 X554.718 Y706.016 Z221
G1 Z220
G1 E17 F9000
G1 F2779.614
G1 X543.206 Y706.016 E49.70059
G1 X293.984 Y456.794 E1521.58569
G1 X293.984 Y445.282 E49.70059
;WIPE_START
G1 F600
G1 X293.984 Y452.282 E-10
;WIPE_END
G1 Z221 F15000
G1 X391.908 Y706.016 Z221
G1 Z220
G1 E17 F9000
G1 F2779.614
G1 X380.396 Y706.016 E49.70059
G1 X293.984 Y619.604 E527.57392
G1 X293.984 Y608.092 E49.70059
; stop printing object Cube id:0 copy 0
;LAYER_CHANGE
;Z:221.5
;HEIGHT:1.5
;BEFORE_LAYER_CHANGE
;221.5
G92 E0

EXCLUDE_OBJECT_END NAME=Cube_id_0_copy_0
;AFTER_LAYER_CHANGE
;221.5
;_SET_FAN_SPEED_CHANGING_LAYER
; printing object Cube id:0 copy 0
;WIPE_START
G1 F600
G1 X293.984 Y615.092 E-10
;WIPE_END
EXCLUDE_OBJECT_START NAME=Cube_id_0_copy_0
G1 Z222.5 F15000
G1 X291.538 Y708.462 Z222.5
G1 Z221.5
G1 E17 F9000
;TYPE:Outer wall
;WIDTH:3.2
G1 F2779.615
G1 X291.538 Y291.538 E1799.91857
G1 X708.462 Y291.538 E1799.91857
G1 X708.462 Y708.462 E1799.91857
G1 X291.838 Y708.462 E1798.62343
;WIPE_START
G1 F600
M73 P55 R307
G1 X291.833 Y701.462 E-10
;WIPE_END
G1 Z222.5 F15000
G1 X293.984 Y608.092 Z222.5
G1 Z221.5
G1 E17 F9000
;TYPE:Sparse infill
;WIDTH:3.2
G1 F2779.614
G1 X293.984 Y619.604 E49.70059
G1 X380.396 Y706.016 E527.57392
G1 X391.908 Y706.016 E49.70059
;WIPE_START
G1 F600
G1 X384.908 Y706.016 E-10
;WIPE_END
G1 Z222.5 F15000
G1 X293.984 Y445.282 Z222.5
G1 Z221.5
G1 E17 F9000
G1 F2779.614
G1 X293.984 Y456.794 E49.70059
G1 X543.206 Y706.016 E1521.58569
G1 X554.718 Y706.016 E49.70059
M73 P56 R307
;WIPE_START
G1 F600
G1 X547.718 Y706.016 E-10
;WIPE_END
G1 Z222.5 F15000
G1 X706.016 Y608.092 Z222.5
G1 Z221.5
G1 E17 F9000
G1 F2779.614
G1 X706.016 Y619.604 E49.70059
G1 X619.604 Y706.016 E527.57393
G1 X608.092 Y706.016 E49.70059
;WIPE_START
G1 F600
G1 X615.092 Y706.016 E-10
;WIPE_END
G1 Z222.5 F15000
G1 X706.016 Y445.282 Z222.5
G1 Z221.5
G1 E17 F9000
G1 F2779.614
G1 X706.016 Y456.794 E49.70059
G1 X456.794 Y706.016 E1521.58571
G1 X445.282 Y706.016 E49.70059
;WIPE_START
G1 F600
G1 X452.282 Y706.016 E-10
;WIPE_END
G1 Z222.5 F15000
G1 X445.282 Y293.984 Z222.5
G1 Z221.5
G1 E17 F9000
G1 F2779.614
G1 X456.794 Y293.984 E49.70059
G1 X706.016 Y543.206 E1521.58569
G1 X706.016 Y554.718 E49.70059
;WIPE_START
G1 F600
G1 X706.016 Y547.718 E-10
;WIPE_END
G1 Z222.5 F15000
G1 X694.503 Y293.984 Z222.5
G1 Z221.5
G1 E17 F9000
G1 F2779.614
G1 X706.016 Y293.984 E49.7003
G1 X293.984 Y706.016 E2515.59704
G1 X305.497 Y706.016 E49.70028
M73 P56 R306
;WIPE_START
G1 F600
G1 X298.497 Y706.016 E-10
;WIPE_END
G1 Z222.5 F15000
G1 X305.497 Y293.984 Z222.5
G1 Z221.5
G1 E17 F9000
G1 F2779.614
G1 X293.984 Y293.984 E49.70059
G1 X706.016 Y706.016 E2515.59745
G1 X694.503 Y706.016 E49.70059
;WIPE_START
G1 F600
G1 X701.503 Y706.016 E-10
;WIPE_END
G1 Z222.5 F15000
G1 X608.092 Y293.984 Z222.5
G1 Z221.5
G1 E17 F9000
G1 F2779.614
G1 X619.604 Y293.984 E49.70059
G1 X706.016 Y380.396 E527.57392
G1 X706.016 Y391.908 E49.70059
;WIPE_START
G1 F600
G1 X706.016 Y384.908 E-10
;WIPE_END
G1 Z222.5 F15000
G1 X554.718 Y293.984 Z222.5
G1 Z221.5
G1 E17 F9000
G1 F2779.614
G1 X543.206 Y293.984 E49.70059
G1 X293.984 Y543.206 E1521.58568
G1 X293.984 Y554.718 E49.70059
;WIPE_START
G1 F600
G1 X293.984 Y547.718 E-10
;WIPE_END
G1 Z222.5 F15000
G1 X391.908 Y293.984 Z222.5
G1 Z221.5
G1 E17 F9000
G1 F2779.614
G1 X380.396 Y293.984 E49.70059
G1 X293.984 Y380.396 E527.5739
G1 X293.984 Y391.908 E49.70059
; stop printing object Cube id:0 copy 0
;LAYER_CHANGE
;Z:223
;HEIGHT:1.5
;BEFORE_LAYER_CHANGE
;223
G92 E0

EXCLUDE_OBJECT_END NAME=Cube_id_0_copy_0
;AFTER_LAYER_CHANGE
;223
;_SET_FAN_SPEED_CHANGING_LAYER
; printing object Cube id:0 copy 0
;WIPE_START
G1 F600
G1 X293.984 Y384.908 E-10
;WIPE_END
EXCLUDE_OBJECT_START NAME=Cube_id_0_copy_0
G1 Z224 F15000
G1 X291.538 Y291.538 Z224
G1 Z223
G1 E17 F9000
;TYPE:Outer wall
;WIDTH:3.2
G1 F2779.615
G1 X708.462 Y291.538 E1799.91857
G1 X708.462 Y708.462 E1799.91857
M73 P56 R305
G1 X291.538 Y708.462 E1799.91857
G1 X291.538 Y291.838 E1798.62343
;WIPE_START
G1 F600
G1 X298.538 Y291.833 E-10
;WIPE_END
G1 Z224 F15000
G1 X293.984 Y391.908 Z224
G1 Z223
G1 E17 F9000
;TYPE:Sparse infill
;WIDTH:3.2
G1 F2779.614
G1 X293.984 Y380.396 E49.70059
G1 X380.396 Y293.984 E527.5739
G1 X391.908 Y293.984 E49.70059
;WIPE_START
G1 F600
G1 X384.908 Y293.984 E-10
;WIPE_END
G1 Z224 F15000
G1 X293.984 Y554.718 Z224
G1 Z223
G1 E17 F9000
G1 F2779.614
G1 X293.984 Y543.206 E49.70059
G1 X543.206 Y293.984 E1521.58568
G1 X554.718 Y293.984 E49.70059
;WIPE_START
G1 F600
G1 X547.718 Y293.984 E-10
;WIPE_END
G1 Z224 F15000
G1 X706.016 Y391.908 Z224
G1 Z223
G1 E17 F9000
G1 F2779.614
G1 X706.016 Y380.396 E49.70059
G1 X619.604 Y293.984 E527.57392
G1 X608.092 Y293.984 E49.70059
;WIPE_START
G1 F600
G1 X615.092 Y293.984 E-10
;WIPE_END
G1 Z224 F15000
G1 X706.016 Y554.718 Z224
G1 Z223
G1 E17 F9000
G1 F2779.614
G1 X706.016 Y543.206 E49.70059
G1 X456.794 Y293.984 E1521.58569
G1 X445.282 Y293.984 E49.70059
M73 P56 R304
;WIPE_START
G1 F600
G1 X452.282 Y293.984 E-10
;WIPE_END
G1 Z224 F15000
G1 X445.282 Y706.016 Z224
G1 Z223
G1 E17 F9000
G1 F2779.614
G1 X456.794 Y706.016 E49.70059
G1 X706.016 Y456.794 E1521.58571
G1 X706.016 Y445.282 E49.70059
;WIPE_START
G1 F600
G1 X706.016 Y452.282 E-10
;WIPE_END
G1 Z224 F15000
G1 X694.503 Y706.016 Z224
G1 Z223
G1 E17 F9000
G1 F2779.614
G1 X706.016 Y706.016 E49.70059
G1 X293.984 Y293.984 E2515.59745
G1 X305.497 Y293.984 E49.70059
;WIPE_START
G1 F600
G1 X298.497 Y293.984 E-10
;WIPE_END
G1 Z224 F15000
G1 X305.497 Y706.016 Z224
G1 Z223
G1 E17 F9000
G1 F2779.614
G1 X293.984 Y706.016 E49.70028
G1 X706.016 Y293.984 E2515.59704
G1 X694.503 Y293.984 E49.7003
;WIPE_START
G1 F600
G1 X701.503 Y293.984 E-10
;WIPE_END
G1 Z224 F15000
G1 X608.092 Y706.016 Z224
G1 Z223
G1 E17 F9000
G1 F2779.614
G1 X619.604 Y706.016 E49.70059
G1 X706.016 Y619.604 E527.57393
G1 X706.016 Y608.092 E49.70059
;WIPE_START
G1 F600
G1 X706.016 Y615.092 E-10
;WIPE_END
G1 Z224 F15000
G1 X554.718 Y706.016 Z224
G1 Z223
G1 E17 F9000
G1 F2779.614
G1 X543.206 Y706.016 E49.70059
G1 X293.984 Y456.794 E1521.58569
G1 X293.984 Y445.282 E49.70059
M73 P56 R303
;WIPE_START
G1 F600
G1 X293.984 Y452.282 E-10
;WIPE_END
G1 Z224 F15000
G1 X391.908 Y706.016 Z224
G1 Z223
G1 E17 F9000
G1 F2779.614
G1 X380.396 Y706.016 E49.70059
G1 X293.984 Y619.604 E527.57392
G1 X293.984 Y608.092 E49.70059
; stop printing object Cube id:0 copy 0
;LAYER_CHANGE
;Z:224.5
;HEIGHT:1.5
;BEFORE_LAYER_CHANGE
;224.5
G92 E0

EXCLUDE_OBJECT_END NAME=Cube_id_0_copy_0
;AFTER_LAYER_CHANGE
;224.5
;_SET_FAN_SPEED_CHANGING_LAYER
; printing object Cube id:0 copy 0
;WIPE_START
G1 F600
G1 X293.984 Y615.092 E-10
;WIPE_END
EXCLUDE_OBJECT_START NAME=Cube_id_0_copy_0
G1 Z225.5 F15000
G1 X291.538 Y708.462 Z225.5
G1 Z224.5
G1 E17 F9000
;TYPE:Outer wall
;WIDTH:3.2
G1 F2779.615
G1 X291.538 Y291.538 E1799.91857
G1 X708.462 Y291.538 E1799.91857
G1 X708.462 Y708.462 E1799.91857
G1 X291.838 Y708.462 E1798.62343
;WIPE_START
G1 F600
G1 X291.833 Y701.462 E-10
;WIPE_END
G1 Z225.5 F15000
G1 X293.984 Y608.092 Z225.5
G1 Z224.5
G1 E17 F9000
;TYPE:Sparse infill
;WIDTH:3.2
G1 F2779.614
G1 X293.984 Y619.604 E49.70059
G1 X380.396 Y706.016 E527.57392
G1 X391.908 Y706.016 E49.70059
;WIPE_START
G1 F600
G1 X384.908 Y706.016 E-10
;WIPE_END
G1 Z225.5 F15000
G1 X293.984 Y445.282 Z225.5
G1 Z224.5
G1 E17 F9000
G1 F2779.614
G1 X293.984 Y456.794 E49.70059
G1 X543.206 Y706.016 E1521.58569
G1 X554.718 Y706.016 E49.70059
M73 P56 R302
;WIPE_START
G1 F600
G1 X547.718 Y706.016 E-10
;WIPE_END
G1 Z225.5 F15000
G1 X706.016 Y608.092 Z225.5
G1 Z224.5
G1 E17 F9000
G1 F2779.614
G1 X706.016 Y619.604 E49.70059
G1 X619.604 Y706.016 E527.57393
G1 X608.092 Y706.016 E49.70059
;WIPE_START
G1 F600
G1 X615.092 Y706.016 E-10
;WIPE_END
G1 Z225.5 F15000
G1 X706.016 Y445.282 Z225.5
G1 Z224.5
G1 E17 F9000
G1 F2779.614
G1 X706.016 Y456.794 E49.70059
G1 X456.794 Y706.016 E1521.58571
G1 X445.282 Y706.016 E49.70059
;WIPE_START
G1 F600
G1 X452.282 Y706.016 E-10
;WIPE_END
G1 Z225.5 F15000
G1 X445.282 Y293.984 Z225.5
G1 Z224.5
G1 E17 F9000
G1 F2779.614
G1 X456.794 Y293.984 E49.70059
G1 X706.016 Y543.206 E1521.58569
G1 X706.016 Y554.718 E49.70059
;WIPE_START
G1 F600
G1 X706.016 Y547.718 E-10
;WIPE_END
G1 Z225.5 F15000
G1 X694.503 Y293.984 Z225.5
G1 Z224.5
G1 E17 F9000
G1 F2779.614
G1 X706.016 Y293.984 E49.7003
G1 X293.984 Y706.016 E2515.59704
G1 X305.497 Y706.016 E49.70028
;WIPE_START
G1 F600
G1 X298.497 Y706.016 E-10
;WIPE_END
G1 Z225.5 F15000
G1 X305.497 Y293.984 Z225.5
G1 Z224.5
G1 E17 F9000
G1 F2779.614
G1 X293.984 Y293.984 E49.70059
G1 X706.016 Y706.016 E2515.59745
G1 X694.503 Y706.016 E49.70059
M73 P56 R301
;WIPE_START
G1 F600
G1 X701.503 Y706.016 E-10
;WIPE_END
G1 Z225.5 F15000
G1 X608.092 Y293.984 Z225.5
G1 Z224.5
G1 E17 F9000
G1 F2779.614
G1 X619.604 Y293.984 E49.70059
G1 X706.016 Y380.396 E527.57392
G1 X706.016 Y391.908 E49.70059
;WIPE_START
G1 F600
G1 X706.016 Y384.908 E-10
;WIPE_END
G1 Z225.5 F15000
G1 X554.718 Y293.984 Z225.5
G1 Z224.5
G1 E17 F9000
G1 F2779.614
G1 X543.206 Y293.984 E49.70059
G1 X293.984 Y543.206 E1521.58568
G1 X293.984 Y554.718 E49.70059
;WIPE_START
G1 F600
G1 X293.984 Y547.718 E-10
;WIPE_END
G1 Z225.5 F15000
G1 X391.908 Y293.984 Z225.5
G1 Z224.5
G1 E17 F9000
G1 F2779.614
G1 X380.396 Y293.984 E49.70059
G1 X293.984 Y380.396 E527.5739
G1 X293.984 Y391.908 E49.70059
; stop printing object Cube id:0 copy 0
;LAYER_CHANGE
;Z:226
;HEIGHT:1.5
;BEFORE_LAYER_CHANGE
;226
G92 E0

EXCLUDE_OBJECT_END NAME=Cube_id_0_copy_0
;AFTER_LAYER_CHANGE
;226
;_SET_FAN_SPEED_CHANGING_LAYER
; printing object Cube id:0 copy 0
;WIPE_START
G1 F600
G1 X293.984 Y384.908 E-10
;WIPE_END
EXCLUDE_OBJECT_START NAME=Cube_id_0_copy_0
G1 Z227 F15000
G1 X291.538 Y291.538 Z227
G1 Z226
G1 E17 F9000
;TYPE:Outer wall
;WIDTH:3.2
G1 F2779.615
G1 X708.462 Y291.538 E1799.91857
G1 X708.462 Y708.462 E1799.91857
G1 X291.538 Y708.462 E1799.91857
G1 X291.538 Y291.838 E1798.62343
;WIPE_START
G1 F600
M73 P56 R300
G1 X298.538 Y291.833 E-10
;WIPE_END
G1 Z227 F15000
G1 X293.984 Y391.908 Z227
G1 Z226
G1 E17 F9000
;TYPE:Sparse infill
;WIDTH:3.2
G1 F2779.614
G1 X293.984 Y380.396 E49.70059
G1 X380.396 Y293.984 E527.5739
G1 X391.908 Y293.984 E49.70059
;WIPE_START
G1 F600
G1 X384.908 Y293.984 E-10
;WIPE_END
G1 Z227 F15000
G1 X293.984 Y554.718 Z227
G1 Z226
G1 E17 F9000
G1 F2779.614
G1 X293.984 Y543.206 E49.70059
G1 X543.206 Y293.984 E1521.58568
G1 X554.718 Y293.984 E49.70059
;WIPE_START
G1 F600
G1 X547.718 Y293.984 E-10
;WIPE_END
G1 Z227 F15000
M73 P57 R300
G1 X706.016 Y391.908 Z227
G1 Z226
G1 E17 F9000
G1 F2779.614
G1 X706.016 Y380.396 E49.70059
G1 X619.604 Y293.984 E527.57392
G1 X608.092 Y293.984 E49.70059
;WIPE_START
G1 F600
G1 X615.092 Y293.984 E-10
;WIPE_END
G1 Z227 F15000
G1 X706.016 Y554.718 Z227
G1 Z226
G1 E17 F9000
G1 F2779.614
G1 X706.016 Y543.206 E49.70059
G1 X456.794 Y293.984 E1521.58569
G1 X445.282 Y293.984 E49.70059
;WIPE_START
G1 F600
G1 X452.282 Y293.984 E-10
;WIPE_END
G1 Z227 F15000
G1 X445.282 Y706.016 Z227
G1 Z226
G1 E17 F9000
G1 F2779.614
G1 X456.794 Y706.016 E49.70059
G1 X706.016 Y456.794 E1521.58571
G1 X706.016 Y445.282 E49.70059
;WIPE_START
G1 F600
G1 X706.016 Y452.282 E-10
;WIPE_END
G1 Z227 F15000
G1 X694.503 Y706.016 Z227
G1 Z226
G1 E17 F9000
G1 F2779.614
G1 X706.016 Y706.016 E49.70059
G1 X293.984 Y293.984 E2515.59745
G1 X305.497 Y293.984 E49.70059
M73 P57 R299
;WIPE_START
G1 F600
G1 X298.497 Y293.984 E-10
;WIPE_END
G1 Z227 F15000
G1 X305.497 Y706.016 Z227
G1 Z226
G1 E17 F9000
G1 F2779.614
G1 X293.984 Y706.016 E49.70028
G1 X706.016 Y293.984 E2515.59704
G1 X694.503 Y293.984 E49.7003
;WIPE_START
G1 F600
G1 X701.503 Y293.984 E-10
;WIPE_END
G1 Z227 F15000
G1 X608.092 Y706.016 Z227
G1 Z226
G1 E17 F9000
G1 F2779.614
G1 X619.604 Y706.016 E49.70059
G1 X706.016 Y619.604 E527.57393
G1 X706.016 Y608.092 E49.70059
;WIPE_START
G1 F600
G1 X706.016 Y615.092 E-10
;WIPE_END
G1 Z227 F15000
G1 X554.718 Y706.016 Z227
G1 Z226
G1 E17 F9000
G1 F2779.614
G1 X543.206 Y706.016 E49.70059
G1 X293.984 Y456.794 E1521.58569
G1 X293.984 Y445.282 E49.70059
;WIPE_START
G1 F600
G1 X293.984 Y452.282 E-10
;WIPE_END
G1 Z227 F15000
G1 X391.908 Y706.016 Z227
G1 Z226
G1 E17 F9000
G1 F2779.614
G1 X380.396 Y706.016 E49.70059
G1 X293.984 Y619.604 E527.57392
G1 X293.984 Y608.092 E49.70059
; stop printing object Cube id:0 copy 0
;LAYER_CHANGE
;Z:227.5
;HEIGHT:1.5
;BEFORE_LAYER_CHANGE
;227.5
G92 E0

EXCLUDE_OBJECT_END NAME=Cube_id_0_copy_0
;AFTER_LAYER_CHANGE
;227.5
;_SET_FAN_SPEED_CHANGING_LAYER
; printing object Cube id:0 copy 0
;WIPE_START
G1 F600
G1 X293.984 Y615.092 E-10
;WIPE_END
EXCLUDE_OBJECT_START NAME=Cube_id_0_copy_0
G1 Z228.5 F15000
G1 X291.538 Y708.462 Z228.5
G1 Z227.5
G1 E17 F9000
;TYPE:Outer wall
;WIDTH:3.2
G1 F2779.615
G1 X291.538 Y291.538 E1799.91857
G1 X708.462 Y291.538 E1799.91857
G1 X708.462 Y708.462 E1799.91857
M73 P57 R298
G1 X291.838 Y708.462 E1798.62343
;WIPE_START
G1 F600
G1 X291.833 Y701.462 E-10
;WIPE_END
G1 Z228.5 F15000
G1 X293.984 Y608.092 Z228.5
G1 Z227.5
G1 E17 F9000
;TYPE:Sparse infill
;WIDTH:3.2
G1 F2779.614
G1 X293.984 Y619.604 E49.70059
G1 X380.396 Y706.016 E527.57392
G1 X391.908 Y706.016 E49.70059
;WIPE_START
G1 F600
G1 X384.908 Y706.016 E-10
;WIPE_END
G1 Z228.5 F15000
G1 X293.984 Y445.282 Z228.5
G1 Z227.5
G1 E17 F9000
G1 F2779.614
G1 X293.984 Y456.794 E49.70059
G1 X543.206 Y706.016 E1521.58569
G1 X554.718 Y706.016 E49.70059
;WIPE_START
G1 F600
G1 X547.718 Y706.016 E-10
;WIPE_END
G1 Z228.5 F15000
G1 X706.016 Y608.092 Z228.5
G1 Z227.5
G1 E17 F9000
G1 F2779.614
G1 X706.016 Y619.604 E49.70059
G1 X619.604 Y706.016 E527.57393
G1 X608.092 Y706.016 E49.70059
;WIPE_START
G1 F600
G1 X615.092 Y706.016 E-10
;WIPE_END
G1 Z228.5 F15000
G1 X706.016 Y445.282 Z228.5
G1 Z227.5
G1 E17 F9000
G1 F2779.614
G1 X706.016 Y456.794 E49.70059
G1 X456.794 Y706.016 E1521.58571
G1 X445.282 Y706.016 E49.70059
;WIPE_START
G1 F600
G1 X452.282 Y706.016 E-10
;WIPE_END
G1 Z228.5 F15000
G1 X445.282 Y293.984 Z228.5
G1 Z227.5
M73 P57 R297
G1 E17 F9000
G1 F2779.614
G1 X456.794 Y293.984 E49.70059
G1 X706.016 Y543.206 E1521.58569
G1 X706.016 Y554.718 E49.70059
;WIPE_START
G1 F600
G1 X706.016 Y547.718 E-10
;WIPE_END
G1 Z228.5 F15000
G1 X694.503 Y293.984 Z228.5
G1 Z227.5
G1 E17 F9000
G1 F2779.614
G1 X706.016 Y293.984 E49.7003
G1 X293.984 Y706.016 E2515.59704
G1 X305.497 Y706.016 E49.70028
;WIPE_START
G1 F600
G1 X298.497 Y706.016 E-10
;WIPE_END
G1 Z228.5 F15000
G1 X305.497 Y293.984 Z228.5
G1 Z227.5
G1 E17 F9000
G1 F2779.614
G1 X293.984 Y293.984 E49.70059
G1 X706.016 Y706.016 E2515.59745
G1 X694.503 Y706.016 E49.70059
;WIPE_START
G1 F600
G1 X701.503 Y706.016 E-10
;WIPE_END
G1 Z228.5 F15000
G1 X608.092 Y293.984 Z228.5
G1 Z227.5
G1 E17 F9000
G1 F2779.614
G1 X619.604 Y293.984 E49.70059
G1 X706.016 Y380.396 E527.57392
G1 X706.016 Y391.908 E49.70059
;WIPE_START
G1 F600
G1 X706.016 Y384.908 E-10
;WIPE_END
G1 Z228.5 F15000
G1 X554.718 Y293.984 Z228.5
G1 Z227.5
G1 E17 F9000
G1 F2779.614
G1 X543.206 Y293.984 E49.70059
G1 X293.984 Y543.206 E1521.58568
G1 X293.984 Y554.718 E49.70059
;WIPE_START
G1 F600
G1 X293.984 Y547.718 E-10
;WIPE_END
G1 Z228.5 F15000
M73 P57 R296
G1 X391.908 Y293.984 Z228.5
G1 Z227.5
G1 E17 F9000
G1 F2779.614
G1 X380.396 Y293.984 E49.70059
G1 X293.984 Y380.396 E527.5739
G1 X293.984 Y391.908 E49.70059
; stop printing object Cube id:0 copy 0
;LAYER_CHANGE
;Z:229
;HEIGHT:1.5
;BEFORE_LAYER_CHANGE
;229
G92 E0

EXCLUDE_OBJECT_END NAME=Cube_id_0_copy_0
;AFTER_LAYER_CHANGE
;229
;_SET_FAN_SPEED_CHANGING_LAYER
; printing object Cube id:0 copy 0
;WIPE_START
G1 F600
G1 X293.984 Y384.908 E-10
;WIPE_END
EXCLUDE_OBJECT_START NAME=Cube_id_0_copy_0
G1 Z230 F15000
G1 X291.538 Y291.538 Z230
G1 Z229
G1 E17 F9000
;TYPE:Outer wall
;WIDTH:3.2
G1 F2779.615
G1 X708.462 Y291.538 E1799.91857
G1 X708.462 Y708.462 E1799.91857
G1 X291.538 Y708.462 E1799.91857
G1 X291.538 Y291.838 E1798.62343
;WIPE_START
G1 F600
G1 X298.538 Y291.833 E-10
;WIPE_END
G1 Z230 F15000
G1 X293.984 Y391.908 Z230
G1 Z229
G1 E17 F9000
;TYPE:Sparse infill
;WIDTH:3.2
G1 F2779.614
G1 X293.984 Y380.396 E49.70059
G1 X380.396 Y293.984 E527.5739
G1 X391.908 Y293.984 E49.70059
;WIPE_START
G1 F600
G1 X384.908 Y293.984 E-10
;WIPE_END
G1 Z230 F15000
G1 X293.984 Y554.718 Z230
G1 Z229
G1 E17 F9000
G1 F2779.614
G1 X293.984 Y543.206 E49.70059
G1 X543.206 Y293.984 E1521.58568
G1 X554.718 Y293.984 E49.70059
M73 P57 R295
;WIPE_START
G1 F600
G1 X547.718 Y293.984 E-10
;WIPE_END
G1 Z230 F15000
G1 X706.016 Y391.908 Z230
G1 Z229
G1 E17 F9000
G1 F2779.614
G1 X706.016 Y380.396 E49.70059
G1 X619.604 Y293.984 E527.57392
G1 X608.092 Y293.984 E49.70059
;WIPE_START
G1 F600
G1 X615.092 Y293.984 E-10
;WIPE_END
G1 Z230 F15000
G1 X706.016 Y554.718 Z230
G1 Z229
G1 E17 F9000
G1 F2779.614
G1 X706.016 Y543.206 E49.70059
G1 X456.794 Y293.984 E1521.58569
G1 X445.282 Y293.984 E49.70059
;WIPE_START
G1 F600
G1 X452.282 Y293.984 E-10
;WIPE_END
G1 Z230 F15000
G1 X445.282 Y706.016 Z230
G1 Z229
G1 E17 F9000
G1 F2779.614
G1 X456.794 Y706.016 E49.70059
G1 X706.016 Y456.794 E1521.58571
G1 X706.016 Y445.282 E49.70059
;WIPE_START
G1 F600
G1 X706.016 Y452.282 E-10
;WIPE_END
G1 Z230 F15000
G1 X694.503 Y706.016 Z230
G1 Z229
G1 E17 F9000
G1 F2779.614
G1 X706.016 Y706.016 E49.70059
G1 X293.984 Y293.984 E2515.59745
G1 X305.497 Y293.984 E49.70059
;WIPE_START
G1 F600
G1 X298.497 Y293.984 E-10
;WIPE_END
G1 Z230 F15000
G1 X305.497 Y706.016 Z230
G1 Z229
G1 E17 F9000
G1 F2779.614
G1 X293.984 Y706.016 E49.70028
G1 X706.016 Y293.984 E2515.59704
G1 X694.503 Y293.984 E49.7003
M73 P57 R294
;WIPE_START
G1 F600
G1 X701.503 Y293.984 E-10
;WIPE_END
G1 Z230 F15000
G1 X608.092 Y706.016 Z230
G1 Z229
G1 E17 F9000
G1 F2779.614
G1 X619.604 Y706.016 E49.70059
G1 X706.016 Y619.604 E527.57393
G1 X706.016 Y608.092 E49.70059
;WIPE_START
G1 F600
G1 X706.016 Y615.092 E-10
;WIPE_END
G1 Z230 F15000
G1 X554.718 Y706.016 Z230
G1 Z229
G1 E17 F9000
G1 F2779.614
G1 X543.206 Y706.016 E49.70059
G1 X293.984 Y456.794 E1521.58569
G1 X293.984 Y445.282 E49.70059
;WIPE_START
G1 F600
G1 X293.984 Y452.282 E-10
;WIPE_END
G1 Z230 F15000
G1 X391.908 Y706.016 Z230
G1 Z229
G1 E17 F9000
G1 F2779.614
G1 X380.396 Y706.016 E49.70059
G1 X293.984 Y619.604 E527.57392
G1 X293.984 Y608.092 E49.70059
; stop printing object Cube id:0 copy 0
;LAYER_CHANGE
;Z:230.5
;HEIGHT:1.5
;BEFORE_LAYER_CHANGE
;230.5
G92 E0

EXCLUDE_OBJECT_END NAME=Cube_id_0_copy_0
;AFTER_LAYER_CHANGE
;230.5
;_SET_FAN_SPEED_CHANGING_LAYER
; printing object Cube id:0 copy 0
;WIPE_START
G1 F600
G1 X293.984 Y615.092 E-10
;WIPE_END
EXCLUDE_OBJECT_START NAME=Cube_id_0_copy_0
G1 Z231.5 F15000
G1 X291.538 Y708.462 Z231.5
G1 Z230.5
G1 E17 F9000
;TYPE:Outer wall
;WIDTH:3.2
G1 F2779.615
G1 X291.538 Y291.538 E1799.91857
G1 X708.462 Y291.538 E1799.91857
G1 X708.462 Y708.462 E1799.91857
G1 X291.838 Y708.462 E1798.62343
;WIPE_START
G1 F600
M73 P57 R293
G1 X291.833 Y701.462 E-10
;WIPE_END
G1 Z231.5 F15000
G1 X293.984 Y608.092 Z231.5
G1 Z230.5
G1 E17 F9000
;TYPE:Sparse infill
;WIDTH:3.2
G1 F2779.614
G1 X293.984 Y619.604 E49.70059
G1 X380.396 Y706.016 E527.57392
G1 X391.908 Y706.016 E49.70059
;WIPE_START
G1 F600
G1 X384.908 Y706.016 E-10
;WIPE_END
G1 Z231.5 F15000
G1 X293.984 Y445.282 Z231.5
G1 Z230.5
G1 E17 F9000
G1 F2779.614
G1 X293.984 Y456.794 E49.70059
G1 X543.206 Y706.016 E1521.58569
G1 X554.718 Y706.016 E49.70059
;WIPE_START
G1 F600
G1 X547.718 Y706.016 E-10
;WIPE_END
G1 Z231.5 F15000
G1 X706.016 Y608.092 Z231.5
G1 Z230.5
G1 E17 F9000
G1 F2779.614
G1 X706.016 Y619.604 E49.70059
G1 X619.604 Y706.016 E527.57393
M73 P58 R293
G1 X608.092 Y706.016 E49.70059
;WIPE_START
G1 F600
G1 X615.092 Y706.016 E-10
;WIPE_END
G1 Z231.5 F15000
G1 X706.016 Y445.282 Z231.5
G1 Z230.5
G1 E17 F9000
G1 F2779.614
G1 X706.016 Y456.794 E49.70059
G1 X456.794 Y706.016 E1521.58571
G1 X445.282 Y706.016 E49.70059
;WIPE_START
G1 F600
G1 X452.282 Y706.016 E-10
;WIPE_END
G1 Z231.5 F15000
G1 X445.282 Y293.984 Z231.5
G1 Z230.5
G1 E17 F9000
G1 F2779.614
G1 X456.794 Y293.984 E49.70059
G1 X706.016 Y543.206 E1521.58569
G1 X706.016 Y554.718 E49.70059
;WIPE_START
G1 F600
G1 X706.016 Y547.718 E-10
;WIPE_END
G1 Z231.5 F15000
G1 X694.503 Y293.984 Z231.5
G1 Z230.5
G1 E17 F9000
G1 F2779.614
G1 X706.016 Y293.984 E49.7003
G1 X293.984 Y706.016 E2515.59704
G1 X305.497 Y706.016 E49.70028
M73 P58 R292
;WIPE_START
G1 F600
G1 X298.497 Y706.016 E-10
;WIPE_END
G1 Z231.5 F15000
G1 X305.497 Y293.984 Z231.5
G1 Z230.5
G1 E17 F9000
G1 F2779.614
G1 X293.984 Y293.984 E49.70059
G1 X706.016 Y706.016 E2515.59745
G1 X694.503 Y706.016 E49.70059
;WIPE_START
G1 F600
G1 X701.503 Y706.016 E-10
;WIPE_END
G1 Z231.5 F15000
G1 X608.092 Y293.984 Z231.5
G1 Z230.5
G1 E17 F9000
G1 F2779.614
G1 X619.604 Y293.984 E49.70059
G1 X706.016 Y380.396 E527.57392
G1 X706.016 Y391.908 E49.70059
;WIPE_START
G1 F600
G1 X706.016 Y384.908 E-10
;WIPE_END
G1 Z231.5 F15000
G1 X554.718 Y293.984 Z231.5
G1 Z230.5
G1 E17 F9000
G1 F2779.614
G1 X543.206 Y293.984 E49.70059
G1 X293.984 Y543.206 E1521.58568
G1 X293.984 Y554.718 E49.70059
;WIPE_START
G1 F600
G1 X293.984 Y547.718 E-10
;WIPE_END
G1 Z231.5 F15000
G1 X391.908 Y293.984 Z231.5
G1 Z230.5
G1 E17 F9000
G1 F2779.614
G1 X380.396 Y293.984 E49.70059
G1 X293.984 Y380.396 E527.5739
G1 X293.984 Y391.908 E49.70059
; stop printing object Cube id:0 copy 0
;LAYER_CHANGE
;Z:232
;HEIGHT:1.5
;BEFORE_LAYER_CHANGE
;232
G92 E0

EXCLUDE_OBJECT_END NAME=Cube_id_0_copy_0
;AFTER_LAYER_CHANGE
;232
;_SET_FAN_SPEED_CHANGING_LAYER
; printing object Cube id:0 copy 0
;WIPE_START
G1 F600
G1 X293.984 Y384.908 E-10
;WIPE_END
EXCLUDE_OBJECT_START NAME=Cube_id_0_copy_0
G1 Z233 F15000
G1 X291.538 Y291.538 Z233
G1 Z232
G1 E17 F9000
;TYPE:Outer wall
;WIDTH:3.2
G1 F2779.615
G1 X708.462 Y291.538 E1799.91857
G1 X708.462 Y708.462 E1799.91857
G1 X291.538 Y708.462 E1799.91857
M73 P58 R291
G1 X291.538 Y291.838 E1798.62343
;WIPE_START
G1 F600
G1 X298.538 Y291.833 E-10
;WIPE_END
G1 Z233 F15000
G1 X293.984 Y391.908 Z233
G1 Z232
G1 E17 F9000
;TYPE:Sparse infill
;WIDTH:3.2
G1 F2779.614
G1 X293.984 Y380.396 E49.70059
G1 X380.396 Y293.984 E527.5739
G1 X391.908 Y293.984 E49.70059
;WIPE_START
G1 F600
G1 X384.908 Y293.984 E-10
;WIPE_END
G1 Z233 F15000
G1 X293.984 Y554.718 Z233
G1 Z232
G1 E17 F9000
G1 F2779.614
G1 X293.984 Y543.206 E49.70059
G1 X543.206 Y293.984 E1521.58568
G1 X554.718 Y293.984 E49.70059
;WIPE_START
G1 F600
G1 X547.718 Y293.984 E-10
;WIPE_END
G1 Z233 F15000
G1 X706.016 Y391.908 Z233
G1 Z232
G1 E17 F9000
G1 F2779.614
G1 X706.016 Y380.396 E49.70059
G1 X619.604 Y293.984 E527.57392
G1 X608.092 Y293.984 E49.70059
;WIPE_START
G1 F600
G1 X615.092 Y293.984 E-10
;WIPE_END
G1 Z233 F15000
G1 X706.016 Y554.718 Z233
G1 Z232
G1 E17 F9000
G1 F2779.614
G1 X706.016 Y543.206 E49.70059
G1 X456.794 Y293.984 E1521.58569
G1 X445.282 Y293.984 E49.70059
;WIPE_START
G1 F600
G1 X452.282 Y293.984 E-10
;WIPE_END
G1 Z233 F15000
G1 X445.282 Y706.016 Z233
G1 Z232
G1 E17 F9000
G1 F2779.614
G1 X456.794 Y706.016 E49.70059
G1 X706.016 Y456.794 E1521.58571
G1 X706.016 Y445.282 E49.70059
M73 P58 R290
;WIPE_START
G1 F600
G1 X706.016 Y452.282 E-10
;WIPE_END
G1 Z233 F15000
G1 X694.503 Y706.016 Z233
G1 Z232
G1 E17 F9000
G1 F2779.614
G1 X706.016 Y706.016 E49.70059
G1 X293.984 Y293.984 E2515.59745
G1 X305.497 Y293.984 E49.70059
;WIPE_START
G1 F600
G1 X298.497 Y293.984 E-10
;WIPE_END
G1 Z233 F15000
G1 X305.497 Y706.016 Z233
G1 Z232
G1 E17 F9000
G1 F2779.614
G1 X293.984 Y706.016 E49.70028
G1 X706.016 Y293.984 E2515.59704
G1 X694.503 Y293.984 E49.7003
;WIPE_START
G1 F600
G1 X701.503 Y293.984 E-10
;WIPE_END
G1 Z233 F15000
G1 X608.092 Y706.016 Z233
G1 Z232
G1 E17 F9000
G1 F2779.614
G1 X619.604 Y706.016 E49.70059
G1 X706.016 Y619.604 E527.57393
G1 X706.016 Y608.092 E49.70059
;WIPE_START
G1 F600
G1 X706.016 Y615.092 E-10
;WIPE_END
G1 Z233 F15000
G1 X554.718 Y706.016 Z233
G1 Z232
G1 E17 F9000
G1 F2779.614
G1 X543.206 Y706.016 E49.70059
G1 X293.984 Y456.794 E1521.58569
G1 X293.984 Y445.282 E49.70059
;WIPE_START
G1 F600
G1 X293.984 Y452.282 E-10
;WIPE_END
G1 Z233 F15000
G1 X391.908 Y706.016 Z233
G1 Z232
G1 E17 F9000
G1 F2779.614
G1 X380.396 Y706.016 E49.70059
G1 X293.984 Y619.604 E527.57392
G1 X293.984 Y608.092 E49.70059
M73 P58 R289
; stop printing object Cube id:0 copy 0
;LAYER_CHANGE
;Z:233.5
;HEIGHT:1.5
;BEFORE_LAYER_CHANGE
;233.5
G92 E0

EXCLUDE_OBJECT_END NAME=Cube_id_0_copy_0
;AFTER_LAYER_CHANGE
;233.5
;_SET_FAN_SPEED_CHANGING_LAYER
; printing object Cube id:0 copy 0
;WIPE_START
G1 F600
G1 X293.984 Y615.092 E-10
;WIPE_END
EXCLUDE_OBJECT_START NAME=Cube_id_0_copy_0
G1 Z234.5 F15000
G1 X291.538 Y708.462 Z234.5
G1 Z233.5
G1 E17 F9000
;TYPE:Outer wall
;WIDTH:3.2
G1 F2779.615
G1 X291.538 Y291.538 E1799.91857
G1 X708.462 Y291.538 E1799.91857
G1 X708.462 Y708.462 E1799.91857
G1 X291.838 Y708.462 E1798.62343
;WIPE_START
G1 F600
G1 X291.833 Y701.462 E-10
;WIPE_END
G1 Z234.5 F15000
G1 X293.984 Y608.092 Z234.5
G1 Z233.5
G1 E17 F9000
;TYPE:Sparse infill
;WIDTH:3.2
G1 F2779.614
G1 X293.984 Y619.604 E49.70059
G1 X380.396 Y706.016 E527.57392
G1 X391.908 Y706.016 E49.70059
;WIPE_START
G1 F600
G1 X384.908 Y706.016 E-10
;WIPE_END
G1 Z234.5 F15000
G1 X293.984 Y445.282 Z234.5
G1 Z233.5
G1 E17 F9000
G1 F2779.614
G1 X293.984 Y456.794 E49.70059
G1 X543.206 Y706.016 E1521.58569
G1 X554.718 Y706.016 E49.70059
;WIPE_START
G1 F600
G1 X547.718 Y706.016 E-10
;WIPE_END
G1 Z234.5 F15000
G1 X706.016 Y608.092 Z234.5
G1 Z233.5
G1 E17 F9000
G1 F2779.614
M73 P58 R288
G1 X706.016 Y619.604 E49.70059
G1 X619.604 Y706.016 E527.57393
G1 X608.092 Y706.016 E49.70059
;WIPE_START
G1 F600
G1 X615.092 Y706.016 E-10
;WIPE_END
G1 Z234.5 F15000
G1 X706.016 Y445.282 Z234.5
G1 Z233.5
G1 E17 F9000
G1 F2779.614
G1 X706.016 Y456.794 E49.70059
G1 X456.794 Y706.016 E1521.58571
G1 X445.282 Y706.016 E49.70059
;WIPE_START
G1 F600
G1 X452.282 Y706.016 E-10
;WIPE_END
G1 Z234.5 F15000
G1 X445.282 Y293.984 Z234.5
G1 Z233.5
G1 E17 F9000
G1 F2779.614
G1 X456.794 Y293.984 E49.70059
G1 X706.016 Y543.206 E1521.58569
G1 X706.016 Y554.718 E49.70059
;WIPE_START
G1 F600
G1 X706.016 Y547.718 E-10
;WIPE_END
G1 Z234.5 F15000
G1 X694.503 Y293.984 Z234.5
G1 Z233.5
G1 E17 F9000
G1 F2779.614
G1 X706.016 Y293.984 E49.7003
G1 X293.984 Y706.016 E2515.59704
G1 X305.497 Y706.016 E49.70028
;WIPE_START
G1 F600
G1 X298.497 Y706.016 E-10
;WIPE_END
G1 Z234.5 F15000
G1 X305.497 Y293.984 Z234.5
G1 Z233.5
G1 E17 F9000
G1 F2779.614
G1 X293.984 Y293.984 E49.70059
G1 X706.016 Y706.016 E2515.59745
G1 X694.503 Y706.016 E49.70059
;WIPE_START
G1 F600
G1 X701.503 Y706.016 E-10
;WIPE_END
G1 Z234.5 F15000
G1 X608.092 Y293.984 Z234.5
G1 Z233.5
M73 P58 R287
G1 E17 F9000
G1 F2779.614
G1 X619.604 Y293.984 E49.70059
G1 X706.016 Y380.396 E527.57392
G1 X706.016 Y391.908 E49.70059
;WIPE_START
G1 F600
G1 X706.016 Y384.908 E-10
;WIPE_END
G1 Z234.5 F15000
G1 X554.718 Y293.984 Z234.5
G1 Z233.5
G1 E17 F9000
G1 F2779.614
G1 X543.206 Y293.984 E49.70059
G1 X293.984 Y543.206 E1521.58568
G1 X293.984 Y554.718 E49.70059
;WIPE_START
G1 F600
G1 X293.984 Y547.718 E-10
;WIPE_END
G1 Z234.5 F15000
G1 X391.908 Y293.984 Z234.5
G1 Z233.5
G1 E17 F9000
G1 F2779.614
G1 X380.396 Y293.984 E49.70059
G1 X293.984 Y380.396 E527.5739
G1 X293.984 Y391.908 E49.70059
; stop printing object Cube id:0 copy 0
;LAYER_CHANGE
;Z:235
;HEIGHT:1.5
;BEFORE_LAYER_CHANGE
;235
G92 E0

EXCLUDE_OBJECT_END NAME=Cube_id_0_copy_0
;AFTER_LAYER_CHANGE
;235
;_SET_FAN_SPEED_CHANGING_LAYER
; printing object Cube id:0 copy 0
;WIPE_START
G1 F600
G1 X293.984 Y384.908 E-10
;WIPE_END
EXCLUDE_OBJECT_START NAME=Cube_id_0_copy_0
G1 Z236 F15000
G1 X291.538 Y291.538 Z236
G1 Z235
G1 E17 F9000
;TYPE:Outer wall
;WIDTH:3.2
G1 F2779.615
G1 X708.462 Y291.538 E1799.91857
G1 X708.462 Y708.462 E1799.91857
G1 X291.538 Y708.462 E1799.91857
G1 X291.538 Y291.838 E1798.62343
;WIPE_START
G1 F600
M73 P58 R286
G1 X298.538 Y291.833 E-10
;WIPE_END
G1 Z236 F15000
G1 X293.984 Y391.908 Z236
G1 Z235
G1 E17 F9000
;TYPE:Sparse infill
;WIDTH:3.2
G1 F2779.614
G1 X293.984 Y380.396 E49.70059
G1 X380.396 Y293.984 E527.5739
G1 X391.908 Y293.984 E49.70059
;WIPE_START
G1 F600
G1 X384.908 Y293.984 E-10
;WIPE_END
G1 Z236 F15000
G1 X293.984 Y554.718 Z236
G1 Z235
G1 E17 F9000
G1 F2779.614
G1 X293.984 Y543.206 E49.70059
G1 X543.206 Y293.984 E1521.58568
G1 X554.718 Y293.984 E49.70059
;WIPE_START
G1 F600
G1 X547.718 Y293.984 E-10
;WIPE_END
G1 Z236 F15000
G1 X706.016 Y391.908 Z236
G1 Z235
G1 E17 F9000
G1 F2779.614
G1 X706.016 Y380.396 E49.70059
G1 X619.604 Y293.984 E527.57392
G1 X608.092 Y293.984 E49.70059
M73 P59 R286
;WIPE_START
G1 F600
G1 X615.092 Y293.984 E-10
;WIPE_END
G1 Z236 F15000
G1 X706.016 Y554.718 Z236
G1 Z235
G1 E17 F9000
G1 F2779.614
G1 X706.016 Y543.206 E49.70059
G1 X456.794 Y293.984 E1521.58569
G1 X445.282 Y293.984 E49.70059
;WIPE_START
G1 F600
G1 X452.282 Y293.984 E-10
;WIPE_END
G1 Z236 F15000
G1 X445.282 Y706.016 Z236
G1 Z235
G1 E17 F9000
G1 F2779.614
G1 X456.794 Y706.016 E49.70059
G1 X706.016 Y456.794 E1521.58571
G1 X706.016 Y445.282 E49.70059
;WIPE_START
G1 F600
G1 X706.016 Y452.282 E-10
;WIPE_END
G1 Z236 F15000
G1 X694.503 Y706.016 Z236
G1 Z235
G1 E17 F9000
G1 F2779.614
G1 X706.016 Y706.016 E49.70059
G1 X293.984 Y293.984 E2515.59745
G1 X305.497 Y293.984 E49.70059
M73 P59 R285
;WIPE_START
G1 F600
G1 X298.497 Y293.984 E-10
;WIPE_END
G1 Z236 F15000
G1 X305.497 Y706.016 Z236
G1 Z235
G1 E17 F9000
G1 F2779.614
G1 X293.984 Y706.016 E49.70028
G1 X706.016 Y293.984 E2515.59704
G1 X694.503 Y293.984 E49.7003
;WIPE_START
G1 F600
G1 X701.503 Y293.984 E-10
;WIPE_END
G1 Z236 F15000
G1 X608.092 Y706.016 Z236
G1 Z235
G1 E17 F9000
G1 F2779.614
G1 X619.604 Y706.016 E49.70059
G1 X706.016 Y619.604 E527.57393
G1 X706.016 Y608.092 E49.70059
;WIPE_START
G1 F600
G1 X706.016 Y615.092 E-10
;WIPE_END
G1 Z236 F15000
G1 X554.718 Y706.016 Z236
G1 Z235
G1 E17 F9000
G1 F2779.614
G1 X543.206 Y706.016 E49.70059
G1 X293.984 Y456.794 E1521.58569
G1 X293.984 Y445.282 E49.70059
;WIPE_START
G1 F600
G1 X293.984 Y452.282 E-10
;WIPE_END
G1 Z236 F15000
G1 X391.908 Y706.016 Z236
G1 Z235
G1 E17 F9000
G1 F2779.614
G1 X380.396 Y706.016 E49.70059
G1 X293.984 Y619.604 E527.57392
G1 X293.984 Y608.092 E49.70059
; stop printing object Cube id:0 copy 0
;LAYER_CHANGE
;Z:236.5
;HEIGHT:1.5
;BEFORE_LAYER_CHANGE
;236.5
G92 E0

EXCLUDE_OBJECT_END NAME=Cube_id_0_copy_0
;AFTER_LAYER_CHANGE
;236.5
;_SET_FAN_SPEED_CHANGING_LAYER
; printing object Cube id:0 copy 0
;WIPE_START
G1 F600
G1 X293.984 Y615.092 E-10
;WIPE_END
EXCLUDE_OBJECT_START NAME=Cube_id_0_copy_0
G1 Z237.5 F15000
G1 X291.538 Y708.462 Z237.5
G1 Z236.5
G1 E17 F9000
;TYPE:Outer wall
;WIDTH:3.2
G1 F2779.615
G1 X291.538 Y291.538 E1799.91857
G1 X708.462 Y291.538 E1799.91857
G1 X708.462 Y708.462 E1799.91857
M73 P59 R284
G1 X291.838 Y708.462 E1798.62343
;WIPE_START
G1 F600
G1 X291.833 Y701.462 E-10
;WIPE_END
G1 Z237.5 F15000
G1 X293.984 Y608.092 Z237.5
G1 Z236.5
G1 E17 F9000
;TYPE:Sparse infill
;WIDTH:3.2
G1 F2779.614
G1 X293.984 Y619.604 E49.70059
G1 X380.396 Y706.016 E527.57392
G1 X391.908 Y706.016 E49.70059
;WIPE_START
G1 F600
G1 X384.908 Y706.016 E-10
;WIPE_END
G1 Z237.5 F15000
G1 X293.984 Y445.282 Z237.5
G1 Z236.5
G1 E17 F9000
G1 F2779.614
G1 X293.984 Y456.794 E49.70059
G1 X543.206 Y706.016 E1521.58569
G1 X554.718 Y706.016 E49.70059
;WIPE_START
G1 F600
G1 X547.718 Y706.016 E-10
;WIPE_END
G1 Z237.5 F15000
G1 X706.016 Y608.092 Z237.5
G1 Z236.5
G1 E17 F9000
G1 F2779.614
G1 X706.016 Y619.604 E49.70059
G1 X619.604 Y706.016 E527.57393
G1 X608.092 Y706.016 E49.70059
;WIPE_START
G1 F600
G1 X615.092 Y706.016 E-10
;WIPE_END
G1 Z237.5 F15000
G1 X706.016 Y445.282 Z237.5
G1 Z236.5
G1 E17 F9000
G1 F2779.614
G1 X706.016 Y456.794 E49.70059
G1 X456.794 Y706.016 E1521.58571
G1 X445.282 Y706.016 E49.70059
;WIPE_START
G1 F600
G1 X452.282 Y706.016 E-10
;WIPE_END
G1 Z237.5 F15000
G1 X445.282 Y293.984 Z237.5
G1 Z236.5
G1 E17 F9000
G1 F2779.614
G1 X456.794 Y293.984 E49.70059
G1 X706.016 Y543.206 E1521.58569
G1 X706.016 Y554.718 E49.70059
M73 P59 R283
;WIPE_START
G1 F600
G1 X706.016 Y547.718 E-10
;WIPE_END
G1 Z237.5 F15000
G1 X694.503 Y293.984 Z237.5
G1 Z236.5
G1 E17 F9000
G1 F2779.614
G1 X706.016 Y293.984 E49.7003
G1 X293.984 Y706.016 E2515.59704
G1 X305.497 Y706.016 E49.70028
;WIPE_START
G1 F600
G1 X298.497 Y706.016 E-10
;WIPE_END
G1 Z237.5 F15000
G1 X305.497 Y293.984 Z237.5
G1 Z236.5
G1 E17 F9000
G1 F2779.614
G1 X293.984 Y293.984 E49.70059
G1 X706.016 Y706.016 E2515.59745
G1 X694.503 Y706.016 E49.70059
;WIPE_START
G1 F600
G1 X701.503 Y706.016 E-10
;WIPE_END
G1 Z237.5 F15000
G1 X608.092 Y293.984 Z237.5
G1 Z236.5
G1 E17 F9000
G1 F2779.614
G1 X619.604 Y293.984 E49.70059
G1 X706.016 Y380.396 E527.57392
G1 X706.016 Y391.908 E49.70059
;WIPE_START
G1 F600
G1 X706.016 Y384.908 E-10
;WIPE_END
G1 Z237.5 F15000
G1 X554.718 Y293.984 Z237.5
G1 Z236.5
G1 E17 F9000
G1 F2779.614
G1 X543.206 Y293.984 E49.70059
G1 X293.984 Y543.206 E1521.58568
G1 X293.984 Y554.718 E49.70059
;WIPE_START
G1 F600
G1 X293.984 Y547.718 E-10
;WIPE_END
G1 Z237.5 F15000
G1 X391.908 Y293.984 Z237.5
G1 Z236.5
G1 E17 F9000
G1 F2779.614
G1 X380.396 Y293.984 E49.70059
G1 X293.984 Y380.396 E527.5739
G1 X293.984 Y391.908 E49.70059
M73 P59 R282
; stop printing object Cube id:0 copy 0
;LAYER_CHANGE
;Z:238
;HEIGHT:1.5
;BEFORE_LAYER_CHANGE
;238
G92 E0

EXCLUDE_OBJECT_END NAME=Cube_id_0_copy_0
;AFTER_LAYER_CHANGE
;238
;_SET_FAN_SPEED_CHANGING_LAYER
; printing object Cube id:0 copy 0
;WIPE_START
G1 F600
G1 X293.984 Y384.908 E-10
;WIPE_END
EXCLUDE_OBJECT_START NAME=Cube_id_0_copy_0
G1 Z239 F15000
G1 X291.538 Y291.538 Z239
G1 Z238
G1 E17 F9000
;TYPE:Outer wall
;WIDTH:3.2
G1 F2779.615
G1 X708.462 Y291.538 E1799.91857
G1 X708.462 Y708.462 E1799.91857
G1 X291.538 Y708.462 E1799.91857
G1 X291.538 Y291.838 E1798.62343
;WIPE_START
G1 F600
G1 X298.538 Y291.833 E-10
;WIPE_END
G1 Z239 F15000
G1 X293.984 Y391.908 Z239
G1 Z238
G1 E17 F9000
;TYPE:Sparse infill
;WIDTH:3.2
G1 F2779.614
G1 X293.984 Y380.396 E49.70059
G1 X380.396 Y293.984 E527.5739
G1 X391.908 Y293.984 E49.70059
;WIPE_START
G1 F600
G1 X384.908 Y293.984 E-10
;WIPE_END
G1 Z239 F15000
G1 X293.984 Y554.718 Z239
G1 Z238
G1 E17 F9000
G1 F2779.614
G1 X293.984 Y543.206 E49.70059
G1 X543.206 Y293.984 E1521.58568
G1 X554.718 Y293.984 E49.70059
;WIPE_START
G1 F600
G1 X547.718 Y293.984 E-10
;WIPE_END
G1 Z239 F15000
G1 X706.016 Y391.908 Z239
G1 Z238
G1 E17 F9000
G1 F2779.614
G1 X706.016 Y380.396 E49.70059
G1 X619.604 Y293.984 E527.57392
G1 X608.092 Y293.984 E49.70059
M73 P59 R281
;WIPE_START
G1 F600
G1 X615.092 Y293.984 E-10
;WIPE_END
G1 Z239 F15000
G1 X706.016 Y554.718 Z239
G1 Z238
G1 E17 F9000
G1 F2779.614
G1 X706.016 Y543.206 E49.70059
G1 X456.794 Y293.984 E1521.58569
G1 X445.282 Y293.984 E49.70059
;WIPE_START
G1 F600
G1 X452.282 Y293.984 E-10
;WIPE_END
G1 Z239 F15000
G1 X445.282 Y706.016 Z239
G1 Z238
G1 E17 F9000
G1 F2779.614
G1 X456.794 Y706.016 E49.70059
G1 X706.016 Y456.794 E1521.58571
G1 X706.016 Y445.282 E49.70059
;WIPE_START
G1 F600
G1 X706.016 Y452.282 E-10
;WIPE_END
G1 Z239 F15000
G1 X694.503 Y706.016 Z239
G1 Z238
G1 E17 F9000
G1 F2779.614
G1 X706.016 Y706.016 E49.70059
G1 X293.984 Y293.984 E2515.59745
G1 X305.497 Y293.984 E49.70059
;WIPE_START
G1 F600
G1 X298.497 Y293.984 E-10
;WIPE_END
G1 Z239 F15000
G1 X305.497 Y706.016 Z239
G1 Z238
G1 E17 F9000
G1 F2779.614
G1 X293.984 Y706.016 E49.70028
G1 X706.016 Y293.984 E2515.59704
G1 X694.503 Y293.984 E49.7003
;WIPE_START
G1 F600
G1 X701.503 Y293.984 E-10
;WIPE_END
G1 Z239 F15000
G1 X608.092 Y706.016 Z239
G1 Z238
G1 E17 F9000
G1 F2779.614
G1 X619.604 Y706.016 E49.70059
G1 X706.016 Y619.604 E527.57393
G1 X706.016 Y608.092 E49.70059
M73 P59 R280
;WIPE_START
G1 F600
G1 X706.016 Y615.092 E-10
;WIPE_END
G1 Z239 F15000
G1 X554.718 Y706.016 Z239
G1 Z238
G1 E17 F9000
G1 F2779.614
G1 X543.206 Y706.016 E49.70059
G1 X293.984 Y456.794 E1521.58569
G1 X293.984 Y445.282 E49.70059
;WIPE_START
G1 F600
G1 X293.984 Y452.282 E-10
;WIPE_END
G1 Z239 F15000
G1 X391.908 Y706.016 Z239
G1 Z238
G1 E17 F9000
G1 F2779.614
G1 X380.396 Y706.016 E49.70059
G1 X293.984 Y619.604 E527.57392
G1 X293.984 Y608.092 E49.70059
; stop printing object Cube id:0 copy 0
;LAYER_CHANGE
;Z:239.5
;HEIGHT:1.5
;BEFORE_LAYER_CHANGE
;239.5
G92 E0

EXCLUDE_OBJECT_END NAME=Cube_id_0_copy_0
;AFTER_LAYER_CHANGE
;239.5
;_SET_FAN_SPEED_CHANGING_LAYER
; printing object Cube id:0 copy 0
;WIPE_START
G1 F600
G1 X293.984 Y615.092 E-10
;WIPE_END
EXCLUDE_OBJECT_START NAME=Cube_id_0_copy_0
G1 Z240.5 F15000
G1 X291.538 Y708.462 Z240.5
G1 Z239.5
G1 E17 F9000
;TYPE:Outer wall
;WIDTH:3.2
G1 F2779.615
G1 X291.538 Y291.538 E1799.91857
G1 X708.462 Y291.538 E1799.91857
G1 X708.462 Y708.462 E1799.91857
G1 X291.838 Y708.462 E1798.62343
;WIPE_START
G1 F600
G1 X291.833 Y701.462 E-10
;WIPE_END
G1 Z240.5 F15000
G1 X293.984 Y608.092 Z240.5
G1 Z239.5
G1 E17 F9000
;TYPE:Sparse infill
;WIDTH:3.2
G1 F2779.614
M73 P59 R279
G1 X293.984 Y619.604 E49.70059
G1 X380.396 Y706.016 E527.57392
G1 X391.908 Y706.016 E49.70059
;WIPE_START
G1 F600
G1 X384.908 Y706.016 E-10
;WIPE_END
G1 Z240.5 F15000
G1 X293.984 Y445.282 Z240.5
G1 Z239.5
G1 E17 F9000
G1 F2779.614
G1 X293.984 Y456.794 E49.70059
G1 X543.206 Y706.016 E1521.58569
G1 X554.718 Y706.016 E49.70059
;WIPE_START
G1 F600
G1 X547.718 Y706.016 E-10
;WIPE_END
G1 Z240.5 F15000
G1 X706.016 Y608.092 Z240.5
G1 Z239.5
G1 E17 F9000
G1 F2779.614
G1 X706.016 Y619.604 E49.70059
G1 X619.604 Y706.016 E527.57393
G1 X608.092 Y706.016 E49.70059
;WIPE_START
G1 F600
G1 X615.092 Y706.016 E-10
;WIPE_END
G1 Z240.5 F15000
M73 P60 R279
G1 X706.016 Y445.282 Z240.5
G1 Z239.5
G1 E17 F9000
G1 F2779.614
G1 X706.016 Y456.794 E49.70059
G1 X456.794 Y706.016 E1521.58571
G1 X445.282 Y706.016 E49.70059
;WIPE_START
G1 F600
G1 X452.282 Y706.016 E-10
;WIPE_END
G1 Z240.5 F15000
G1 X445.282 Y293.984 Z240.5
G1 Z239.5
G1 E17 F9000
G1 F2779.614
G1 X456.794 Y293.984 E49.70059
G1 X706.016 Y543.206 E1521.58569
G1 X706.016 Y554.718 E49.70059
;WIPE_START
G1 F600
G1 X706.016 Y547.718 E-10
;WIPE_END
G1 Z240.5 F15000
G1 X694.503 Y293.984 Z240.5
G1 Z239.5
G1 E17 F9000
G1 F2779.614
G1 X706.016 Y293.984 E49.7003
G1 X293.984 Y706.016 E2515.59704
G1 X305.497 Y706.016 E49.70028
;WIPE_START
G1 F600
G1 X298.497 Y706.016 E-10
;WIPE_END
G1 Z240.5 F15000
G1 X305.497 Y293.984 Z240.5
G1 Z239.5
M73 P60 R278
G1 E17 F9000
G1 F2779.614
G1 X293.984 Y293.984 E49.70059
G1 X706.016 Y706.016 E2515.59745
G1 X694.503 Y706.016 E49.70059
;WIPE_START
G1 F600
G1 X701.503 Y706.016 E-10
;WIPE_END
G1 Z240.5 F15000
G1 X608.092 Y293.984 Z240.5
G1 Z239.5
G1 E17 F9000
G1 F2779.614
G1 X619.604 Y293.984 E49.70059
G1 X706.016 Y380.396 E527.57392
G1 X706.016 Y391.908 E49.70059
;WIPE_START
G1 F600
G1 X706.016 Y384.908 E-10
;WIPE_END
G1 Z240.5 F15000
G1 X554.718 Y293.984 Z240.5
G1 Z239.5
G1 E17 F9000
G1 F2779.614
G1 X543.206 Y293.984 E49.70059
G1 X293.984 Y543.206 E1521.58568
G1 X293.984 Y554.718 E49.70059
;WIPE_START
G1 F600
G1 X293.984 Y547.718 E-10
;WIPE_END
G1 Z240.5 F15000
G1 X391.908 Y293.984 Z240.5
G1 Z239.5
G1 E17 F9000
G1 F2779.614
G1 X380.396 Y293.984 E49.70059
G1 X293.984 Y380.396 E527.5739
G1 X293.984 Y391.908 E49.70059
; stop printing object Cube id:0 copy 0
;LAYER_CHANGE
;Z:241
;HEIGHT:1.5
;BEFORE_LAYER_CHANGE
;241
G92 E0

EXCLUDE_OBJECT_END NAME=Cube_id_0_copy_0
;AFTER_LAYER_CHANGE
;241
;_SET_FAN_SPEED_CHANGING_LAYER
; printing object Cube id:0 copy 0
;WIPE_START
G1 F600
G1 X293.984 Y384.908 E-10
;WIPE_END
EXCLUDE_OBJECT_START NAME=Cube_id_0_copy_0
G1 Z242 F15000
G1 X291.538 Y291.538 Z242
G1 Z241
G1 E17 F9000
;TYPE:Outer wall
;WIDTH:3.2
G1 F2779.615
G1 X708.462 Y291.538 E1799.91857
G1 X708.462 Y708.462 E1799.91857
G1 X291.538 Y708.462 E1799.91857
G1 X291.538 Y291.838 E1798.62343
M73 P60 R277
;WIPE_START
G1 F600
G1 X298.538 Y291.833 E-10
;WIPE_END
G1 Z242 F15000
G1 X293.984 Y391.908 Z242
G1 Z241
G1 E17 F9000
;TYPE:Sparse infill
;WIDTH:3.2
G1 F2779.614
G1 X293.984 Y380.396 E49.70059
G1 X380.396 Y293.984 E527.5739
G1 X391.908 Y293.984 E49.70059
;WIPE_START
G1 F600
G1 X384.908 Y293.984 E-10
;WIPE_END
G1 Z242 F15000
G1 X293.984 Y554.718 Z242
G1 Z241
G1 E17 F9000
G1 F2779.614
G1 X293.984 Y543.206 E49.70059
G1 X543.206 Y293.984 E1521.58568
G1 X554.718 Y293.984 E49.70059
;WIPE_START
G1 F600
G1 X547.718 Y293.984 E-10
;WIPE_END
G1 Z242 F15000
G1 X706.016 Y391.908 Z242
G1 Z241
G1 E17 F9000
G1 F2779.614
G1 X706.016 Y380.396 E49.70059
G1 X619.604 Y293.984 E527.57392
G1 X608.092 Y293.984 E49.70059
;WIPE_START
G1 F600
G1 X615.092 Y293.984 E-10
;WIPE_END
G1 Z242 F15000
G1 X706.016 Y554.718 Z242
G1 Z241
G1 E17 F9000
G1 F2779.614
G1 X706.016 Y543.206 E49.70059
G1 X456.794 Y293.984 E1521.58569
G1 X445.282 Y293.984 E49.70059
;WIPE_START
G1 F600
G1 X452.282 Y293.984 E-10
;WIPE_END
G1 Z242 F15000
G1 X445.282 Y706.016 Z242
G1 Z241
G1 E17 F9000
G1 F2779.614
G1 X456.794 Y706.016 E49.70059
G1 X706.016 Y456.794 E1521.58571
G1 X706.016 Y445.282 E49.70059
M73 P60 R276
;WIPE_START
G1 F600
G1 X706.016 Y452.282 E-10
;WIPE_END
G1 Z242 F15000
G1 X694.503 Y706.016 Z242
G1 Z241
G1 E17 F9000
G1 F2779.614
G1 X706.016 Y706.016 E49.70059
G1 X293.984 Y293.984 E2515.59745
G1 X305.497 Y293.984 E49.70059
;WIPE_START
G1 F600
G1 X298.497 Y293.984 E-10
;WIPE_END
G1 Z242 F15000
G1 X305.497 Y706.016 Z242
G1 Z241
G1 E17 F9000
G1 F2779.614
G1 X293.984 Y706.016 E49.70028
G1 X706.016 Y293.984 E2515.59704
G1 X694.503 Y293.984 E49.7003
;WIPE_START
G1 F600
G1 X701.503 Y293.984 E-10
;WIPE_END
G1 Z242 F15000
G1 X608.092 Y706.016 Z242
G1 Z241
G1 E17 F9000
G1 F2779.614
G1 X619.604 Y706.016 E49.70059
G1 X706.016 Y619.604 E527.57393
G1 X706.016 Y608.092 E49.70059
;WIPE_START
G1 F600
G1 X706.016 Y615.092 E-10
;WIPE_END
G1 Z242 F15000
G1 X554.718 Y706.016 Z242
G1 Z241
G1 E17 F9000
G1 F2779.614
G1 X543.206 Y706.016 E49.70059
G1 X293.984 Y456.794 E1521.58569
G1 X293.984 Y445.282 E49.70059
;WIPE_START
G1 F600
G1 X293.984 Y452.282 E-10
;WIPE_END
G1 Z242 F15000
G1 X391.908 Y706.016 Z242
G1 Z241
G1 E17 F9000
G1 F2779.614
G1 X380.396 Y706.016 E49.70059
G1 X293.984 Y619.604 E527.57392
G1 X293.984 Y608.092 E49.70059
; stop printing object Cube id:0 copy 0
;LAYER_CHANGE
;Z:242.5
;HEIGHT:1.5
;BEFORE_LAYER_CHANGE
;242.5
G92 E0

EXCLUDE_OBJECT_END NAME=Cube_id_0_copy_0
;AFTER_LAYER_CHANGE
;242.5
;_SET_FAN_SPEED_CHANGING_LAYER
; printing object Cube id:0 copy 0
;WIPE_START
G1 F600
G1 X293.984 Y615.092 E-10
;WIPE_END
EXCLUDE_OBJECT_START NAME=Cube_id_0_copy_0
G1 Z243.5 F15000
G1 X291.538 Y708.462 Z243.5
G1 Z242.5
G1 E17 F9000
;TYPE:Outer wall
;WIDTH:3.2
G1 F2779.615
M73 P60 R275
G1 X291.538 Y291.538 E1799.91857
G1 X708.462 Y291.538 E1799.91857
G1 X708.462 Y708.462 E1799.91857
G1 X291.838 Y708.462 E1798.62343
;WIPE_START
G1 F600
G1 X291.833 Y701.462 E-10
;WIPE_END
G1 Z243.5 F15000
G1 X293.984 Y608.092 Z243.5
G1 Z242.5
G1 E17 F9000
;TYPE:Sparse infill
;WIDTH:3.2
G1 F2779.614
G1 X293.984 Y619.604 E49.70059
G1 X380.396 Y706.016 E527.57392
G1 X391.908 Y706.016 E49.70059
;WIPE_START
G1 F600
G1 X384.908 Y706.016 E-10
;WIPE_END
G1 Z243.5 F15000
G1 X293.984 Y445.282 Z243.5
G1 Z242.5
G1 E17 F9000
G1 F2779.614
G1 X293.984 Y456.794 E49.70059
G1 X543.206 Y706.016 E1521.58569
G1 X554.718 Y706.016 E49.70059
;WIPE_START
G1 F600
G1 X547.718 Y706.016 E-10
;WIPE_END
G1 Z243.5 F15000
G1 X706.016 Y608.092 Z243.5
G1 Z242.5
G1 E17 F9000
G1 F2779.614
G1 X706.016 Y619.604 E49.70059
G1 X619.604 Y706.016 E527.57393
G1 X608.092 Y706.016 E49.70059
;WIPE_START
G1 F600
G1 X615.092 Y706.016 E-10
;WIPE_END
G1 Z243.5 F15000
G1 X706.016 Y445.282 Z243.5
G1 Z242.5
M73 P60 R274
G1 E17 F9000
G1 F2779.614
G1 X706.016 Y456.794 E49.70059
G1 X456.794 Y706.016 E1521.58571
G1 X445.282 Y706.016 E49.70059
;WIPE_START
G1 F600
G1 X452.282 Y706.016 E-10
;WIPE_END
G1 Z243.5 F15000
G1 X445.282 Y293.984 Z243.5
G1 Z242.5
G1 E17 F9000
G1 F2779.614
G1 X456.794 Y293.984 E49.70059
G1 X706.016 Y543.206 E1521.58569
G1 X706.016 Y554.718 E49.70059
;WIPE_START
G1 F600
G1 X706.016 Y547.718 E-10
;WIPE_END
G1 Z243.5 F15000
G1 X694.503 Y293.984 Z243.5
G1 Z242.5
G1 E17 F9000
G1 F2779.614
G1 X706.016 Y293.984 E49.7003
G1 X293.984 Y706.016 E2515.59704
G1 X305.497 Y706.016 E49.70028
;WIPE_START
G1 F600
G1 X298.497 Y706.016 E-10
;WIPE_END
G1 Z243.5 F15000
G1 X305.497 Y293.984 Z243.5
G1 Z242.5
G1 E17 F9000
G1 F2779.614
G1 X293.984 Y293.984 E49.70059
G1 X706.016 Y706.016 E2515.59745
G1 X694.503 Y706.016 E49.70059
;WIPE_START
G1 F600
G1 X701.503 Y706.016 E-10
;WIPE_END
G1 Z243.5 F15000
G1 X608.092 Y293.984 Z243.5
G1 Z242.5
G1 E17 F9000
G1 F2779.614
G1 X619.604 Y293.984 E49.70059
G1 X706.016 Y380.396 E527.57392
G1 X706.016 Y391.908 E49.70059
M73 P60 R273
;WIPE_START
G1 F600
G1 X706.016 Y384.908 E-10
;WIPE_END
G1 Z243.5 F15000
G1 X554.718 Y293.984 Z243.5
G1 Z242.5
G1 E17 F9000
G1 F2779.614
G1 X543.206 Y293.984 E49.70059
G1 X293.984 Y543.206 E1521.58568
G1 X293.984 Y554.718 E49.70059
;WIPE_START
G1 F600
G1 X293.984 Y547.718 E-10
;WIPE_END
G1 Z243.5 F15000
G1 X391.908 Y293.984 Z243.5
G1 Z242.5
G1 E17 F9000
G1 F2779.614
G1 X380.396 Y293.984 E49.70059
G1 X293.984 Y380.396 E527.5739
G1 X293.984 Y391.908 E49.70059
; stop printing object Cube id:0 copy 0
;LAYER_CHANGE
;Z:244
;HEIGHT:1.5
;BEFORE_LAYER_CHANGE
;244
G92 E0

EXCLUDE_OBJECT_END NAME=Cube_id_0_copy_0
;AFTER_LAYER_CHANGE
;244
;_SET_FAN_SPEED_CHANGING_LAYER
; printing object Cube id:0 copy 0
;WIPE_START
G1 F600
G1 X293.984 Y384.908 E-10
;WIPE_END
EXCLUDE_OBJECT_START NAME=Cube_id_0_copy_0
G1 Z245 F15000
G1 X291.538 Y291.538 Z245
G1 Z244
G1 E17 F9000
;TYPE:Outer wall
;WIDTH:3.2
G1 F2779.615
G1 X708.462 Y291.538 E1799.91857
G1 X708.462 Y708.462 E1799.91857
G1 X291.538 Y708.462 E1799.91857
G1 X291.538 Y291.838 E1798.62343
;WIPE_START
G1 F600
G1 X298.538 Y291.833 E-10
;WIPE_END
G1 Z245 F15000
G1 X293.984 Y391.908 Z245
G1 Z244
G1 E17 F9000
;TYPE:Sparse infill
;WIDTH:3.2
G1 F2779.614
G1 X293.984 Y380.396 E49.70059
G1 X380.396 Y293.984 E527.5739
G1 X391.908 Y293.984 E49.70059
M73 P60 R272
;WIPE_START
G1 F600
G1 X384.908 Y293.984 E-10
;WIPE_END
G1 Z245 F15000
G1 X293.984 Y554.718 Z245
G1 Z244
G1 E17 F9000
G1 F2779.614
G1 X293.984 Y543.206 E49.70059
G1 X543.206 Y293.984 E1521.58568
G1 X554.718 Y293.984 E49.70059
;WIPE_START
G1 F600
G1 X547.718 Y293.984 E-10
;WIPE_END
G1 Z245 F15000
G1 X706.016 Y391.908 Z245
G1 Z244
G1 E17 F9000
G1 F2779.614
G1 X706.016 Y380.396 E49.70059
G1 X619.604 Y293.984 E527.57392
G1 X608.092 Y293.984 E49.70059
;WIPE_START
G1 F600
G1 X615.092 Y293.984 E-10
;WIPE_END
G1 Z245 F15000
G1 X706.016 Y554.718 Z245
G1 Z244
G1 E17 F9000
G1 F2779.614
G1 X706.016 Y543.206 E49.70059
G1 X456.794 Y293.984 E1521.58569
M73 P61 R272
G1 X445.282 Y293.984 E49.70059
;WIPE_START
G1 F600
G1 X452.282 Y293.984 E-10
;WIPE_END
G1 Z245 F15000
G1 X445.282 Y706.016 Z245
G1 Z244
G1 E17 F9000
G1 F2779.614
G1 X456.794 Y706.016 E49.70059
G1 X706.016 Y456.794 E1521.58571
G1 X706.016 Y445.282 E49.70059
;WIPE_START
G1 F600
G1 X706.016 Y452.282 E-10
;WIPE_END
G1 Z245 F15000
G1 X694.503 Y706.016 Z245
G1 Z244
G1 E17 F9000
G1 F2779.614
G1 X706.016 Y706.016 E49.70059
G1 X293.984 Y293.984 E2515.59745
G1 X305.497 Y293.984 E49.70059
;WIPE_START
G1 F600
G1 X298.497 Y293.984 E-10
;WIPE_END
G1 Z245 F15000
G1 X305.497 Y706.016 Z245
G1 Z244
G1 E17 F9000
G1 F2779.614
G1 X293.984 Y706.016 E49.70028
G1 X706.016 Y293.984 E2515.59704
G1 X694.503 Y293.984 E49.7003
M73 P61 R271
;WIPE_START
G1 F600
G1 X701.503 Y293.984 E-10
;WIPE_END
G1 Z245 F15000
G1 X608.092 Y706.016 Z245
G1 Z244
G1 E17 F9000
G1 F2779.614
G1 X619.604 Y706.016 E49.70059
G1 X706.016 Y619.604 E527.57393
G1 X706.016 Y608.092 E49.70059
;WIPE_START
G1 F600
G1 X706.016 Y615.092 E-10
;WIPE_END
G1 Z245 F15000
G1 X554.718 Y706.016 Z245
G1 Z244
G1 E17 F9000
G1 F2779.614
G1 X543.206 Y706.016 E49.70059
G1 X293.984 Y456.794 E1521.58569
G1 X293.984 Y445.282 E49.70059
;WIPE_START
G1 F600
G1 X293.984 Y452.282 E-10
;WIPE_END
G1 Z245 F15000
G1 X391.908 Y706.016 Z245
G1 Z244
G1 E17 F9000
G1 F2779.614
G1 X380.396 Y706.016 E49.70059
G1 X293.984 Y619.604 E527.57392
G1 X293.984 Y608.092 E49.70059
; stop printing object Cube id:0 copy 0
;LAYER_CHANGE
;Z:245.5
;HEIGHT:1.5
;BEFORE_LAYER_CHANGE
;245.5
G92 E0

EXCLUDE_OBJECT_END NAME=Cube_id_0_copy_0
;AFTER_LAYER_CHANGE
;245.5
;_SET_FAN_SPEED_CHANGING_LAYER
; printing object Cube id:0 copy 0
;WIPE_START
G1 F600
G1 X293.984 Y615.092 E-10
;WIPE_END
EXCLUDE_OBJECT_START NAME=Cube_id_0_copy_0
G1 Z246.5 F15000
G1 X291.538 Y708.462 Z246.5
G1 Z245.5
G1 E17 F9000
;TYPE:Outer wall
;WIDTH:3.2
G1 F2779.615
G1 X291.538 Y291.538 E1799.91857
G1 X708.462 Y291.538 E1799.91857
G1 X708.462 Y708.462 E1799.91857
G1 X291.838 Y708.462 E1798.62343
M73 P61 R270
;WIPE_START
G1 F600
G1 X291.833 Y701.462 E-10
;WIPE_END
G1 Z246.5 F15000
G1 X293.984 Y608.092 Z246.5
G1 Z245.5
G1 E17 F9000
;TYPE:Sparse infill
;WIDTH:3.2
G1 F2779.614
G1 X293.984 Y619.604 E49.70059
G1 X380.396 Y706.016 E527.57392
G1 X391.908 Y706.016 E49.70059
;WIPE_START
G1 F600
G1 X384.908 Y706.016 E-10
;WIPE_END
G1 Z246.5 F15000
G1 X293.984 Y445.282 Z246.5
G1 Z245.5
G1 E17 F9000
G1 F2779.614
G1 X293.984 Y456.794 E49.70059
G1 X543.206 Y706.016 E1521.58569
G1 X554.718 Y706.016 E49.70059
;WIPE_START
G1 F600
G1 X547.718 Y706.016 E-10
;WIPE_END
G1 Z246.5 F15000
G1 X706.016 Y608.092 Z246.5
G1 Z245.5
G1 E17 F9000
G1 F2779.614
G1 X706.016 Y619.604 E49.70059
G1 X619.604 Y706.016 E527.57393
G1 X608.092 Y706.016 E49.70059
;WIPE_START
G1 F600
G1 X615.092 Y706.016 E-10
;WIPE_END
G1 Z246.5 F15000
G1 X706.016 Y445.282 Z246.5
G1 Z245.5
G1 E17 F9000
G1 F2779.614
G1 X706.016 Y456.794 E49.70059
G1 X456.794 Y706.016 E1521.58571
G1 X445.282 Y706.016 E49.70059
;WIPE_START
G1 F600
G1 X452.282 Y706.016 E-10
;WIPE_END
G1 Z246.5 F15000
G1 X445.282 Y293.984 Z246.5
G1 Z245.5
G1 E17 F9000
G1 F2779.614
G1 X456.794 Y293.984 E49.70059
G1 X706.016 Y543.206 E1521.58569
G1 X706.016 Y554.718 E49.70059
;WIPE_START
G1 F600
G1 X706.016 Y547.718 E-10
;WIPE_END
G1 Z246.5 F15000
M73 P61 R269
G1 X694.503 Y293.984 Z246.5
G1 Z245.5
G1 E17 F9000
G1 F2779.614
G1 X706.016 Y293.984 E49.7003
G1 X293.984 Y706.016 E2515.59704
G1 X305.497 Y706.016 E49.70028
;WIPE_START
G1 F600
G1 X298.497 Y706.016 E-10
;WIPE_END
G1 Z246.5 F15000
G1 X305.497 Y293.984 Z246.5
G1 Z245.5
G1 E17 F9000
G1 F2779.614
G1 X293.984 Y293.984 E49.70059
G1 X706.016 Y706.016 E2515.59745
G1 X694.503 Y706.016 E49.70059
;WIPE_START
G1 F600
G1 X701.503 Y706.016 E-10
;WIPE_END
G1 Z246.5 F15000
G1 X608.092 Y293.984 Z246.5
G1 Z245.5
G1 E17 F9000
G1 F2779.614
G1 X619.604 Y293.984 E49.70059
G1 X706.016 Y380.396 E527.57392
G1 X706.016 Y391.908 E49.70059
;WIPE_START
G1 F600
G1 X706.016 Y384.908 E-10
;WIPE_END
G1 Z246.5 F15000
G1 X554.718 Y293.984 Z246.5
G1 Z245.5
G1 E17 F9000
G1 F2779.614
G1 X543.206 Y293.984 E49.70059
G1 X293.984 Y543.206 E1521.58568
G1 X293.984 Y554.718 E49.70059
;WIPE_START
G1 F600
G1 X293.984 Y547.718 E-10
;WIPE_END
G1 Z246.5 F15000
G1 X391.908 Y293.984 Z246.5
G1 Z245.5
G1 E17 F9000
G1 F2779.614
G1 X380.396 Y293.984 E49.70059
G1 X293.984 Y380.396 E527.5739
G1 X293.984 Y391.908 E49.70059
; stop printing object Cube id:0 copy 0
;LAYER_CHANGE
;Z:247
;HEIGHT:1.5
;BEFORE_LAYER_CHANGE
;247
G92 E0

EXCLUDE_OBJECT_END NAME=Cube_id_0_copy_0
;AFTER_LAYER_CHANGE
;247
;_SET_FAN_SPEED_CHANGING_LAYER
; printing object Cube id:0 copy 0
;WIPE_START
G1 F600
G1 X293.984 Y384.908 E-10
;WIPE_END
EXCLUDE_OBJECT_START NAME=Cube_id_0_copy_0
G1 Z248 F15000
G1 X291.538 Y291.538 Z248
G1 Z247
G1 E17 F9000
;TYPE:Outer wall
;WIDTH:3.2
G1 F2779.615
G1 X708.462 Y291.538 E1799.91857
G1 X708.462 Y708.462 E1799.91857
M73 P61 R268
G1 X291.538 Y708.462 E1799.91857
G1 X291.538 Y291.838 E1798.62343
;WIPE_START
G1 F600
G1 X298.538 Y291.833 E-10
;WIPE_END
G1 Z248 F15000
G1 X293.984 Y391.908 Z248
G1 Z247
G1 E17 F9000
;TYPE:Sparse infill
;WIDTH:3.2
G1 F2779.614
G1 X293.984 Y380.396 E49.70059
G1 X380.396 Y293.984 E527.5739
G1 X391.908 Y293.984 E49.70059
;WIPE_START
G1 F600
G1 X384.908 Y293.984 E-10
;WIPE_END
G1 Z248 F15000
G1 X293.984 Y554.718 Z248
G1 Z247
G1 E17 F9000
G1 F2779.614
G1 X293.984 Y543.206 E49.70059
G1 X543.206 Y293.984 E1521.58568
G1 X554.718 Y293.984 E49.70059
;WIPE_START
G1 F600
G1 X547.718 Y293.984 E-10
;WIPE_END
G1 Z248 F15000
G1 X706.016 Y391.908 Z248
G1 Z247
G1 E17 F9000
G1 F2779.614
G1 X706.016 Y380.396 E49.70059
G1 X619.604 Y293.984 E527.57392
G1 X608.092 Y293.984 E49.70059
;WIPE_START
G1 F600
G1 X615.092 Y293.984 E-10
;WIPE_END
G1 Z248 F15000
G1 X706.016 Y554.718 Z248
G1 Z247
G1 E17 F9000
G1 F2779.614
G1 X706.016 Y543.206 E49.70059
G1 X456.794 Y293.984 E1521.58569
G1 X445.282 Y293.984 E49.70059
M73 P61 R267
;WIPE_START
G1 F600
G1 X452.282 Y293.984 E-10
;WIPE_END
G1 Z248 F15000
G1 X445.282 Y706.016 Z248
G1 Z247
G1 E17 F9000
G1 F2779.614
G1 X456.794 Y706.016 E49.70059
G1 X706.016 Y456.794 E1521.58571
G1 X706.016 Y445.282 E49.70059
;WIPE_START
G1 F600
G1 X706.016 Y452.282 E-10
;WIPE_END
G1 Z248 F15000
G1 X694.503 Y706.016 Z248
G1 Z247
G1 E17 F9000
G1 F2779.614
G1 X706.016 Y706.016 E49.70059
G1 X293.984 Y293.984 E2515.59745
G1 X305.497 Y293.984 E49.70059
;WIPE_START
G1 F600
G1 X298.497 Y293.984 E-10
;WIPE_END
G1 Z248 F15000
G1 X305.497 Y706.016 Z248
G1 Z247
G1 E17 F9000
G1 F2779.614
G1 X293.984 Y706.016 E49.70028
G1 X706.016 Y293.984 E2515.59704
G1 X694.503 Y293.984 E49.7003
;WIPE_START
G1 F600
G1 X701.503 Y293.984 E-10
;WIPE_END
G1 Z248 F15000
G1 X608.092 Y706.016 Z248
G1 Z247
G1 E17 F9000
G1 F2779.614
G1 X619.604 Y706.016 E49.70059
G1 X706.016 Y619.604 E527.57393
G1 X706.016 Y608.092 E49.70059
;WIPE_START
G1 F600
G1 X706.016 Y615.092 E-10
;WIPE_END
G1 Z248 F15000
G1 X554.718 Y706.016 Z248
G1 Z247
G1 E17 F9000
G1 F2779.614
M73 P61 R266
G1 X543.206 Y706.016 E49.70059
G1 X293.984 Y456.794 E1521.58569
G1 X293.984 Y445.282 E49.70059
;WIPE_START
G1 F600
G1 X293.984 Y452.282 E-10
;WIPE_END
G1 Z248 F15000
G1 X391.908 Y706.016 Z248
G1 Z247
G1 E17 F9000
G1 F2779.614
G1 X380.396 Y706.016 E49.70059
G1 X293.984 Y619.604 E527.57392
G1 X293.984 Y608.092 E49.70059
; stop printing object Cube id:0 copy 0
;LAYER_CHANGE
;Z:248.5
;HEIGHT:1.5
;BEFORE_LAYER_CHANGE
;248.5
G92 E0

EXCLUDE_OBJECT_END NAME=Cube_id_0_copy_0
;AFTER_LAYER_CHANGE
;248.5
;_SET_FAN_SPEED_CHANGING_LAYER
; printing object Cube id:0 copy 0
;WIPE_START
G1 F600
G1 X293.984 Y615.092 E-10
;WIPE_END
EXCLUDE_OBJECT_START NAME=Cube_id_0_copy_0
G1 Z249.5 F15000
G1 X291.538 Y708.462 Z249.5
G1 Z248.5
G1 E17 F9000
;TYPE:Outer wall
;WIDTH:3.2
G1 F2779.615
G1 X291.538 Y291.538 E1799.91857
G1 X708.462 Y291.538 E1799.91857
G1 X708.462 Y708.462 E1799.91857
G1 X291.838 Y708.462 E1798.62343
;WIPE_START
G1 F600
G1 X291.833 Y701.462 E-10
;WIPE_END
G1 Z249.5 F15000
G1 X293.984 Y608.092 Z249.5
G1 Z248.5
G1 E17 F9000
;TYPE:Sparse infill
;WIDTH:3.2
G1 F2779.614
G1 X293.984 Y619.604 E49.70059
G1 X380.396 Y706.016 E527.57392
G1 X391.908 Y706.016 E49.70059
;WIPE_START
G1 F600
G1 X384.908 Y706.016 E-10
;WIPE_END
G1 Z249.5 F15000
G1 X293.984 Y445.282 Z249.5
G1 Z248.5
M73 P61 R265
G1 E17 F9000
G1 F2779.614
G1 X293.984 Y456.794 E49.70059
G1 X543.206 Y706.016 E1521.58569
G1 X554.718 Y706.016 E49.70059
;WIPE_START
G1 F600
G1 X547.718 Y706.016 E-10
;WIPE_END
G1 Z249.5 F15000
G1 X706.016 Y608.092 Z249.5
G1 Z248.5
G1 E17 F9000
G1 F2779.614
G1 X706.016 Y619.604 E49.70059
G1 X619.604 Y706.016 E527.57393
G1 X608.092 Y706.016 E49.70059
;WIPE_START
G1 F600
G1 X615.092 Y706.016 E-10
;WIPE_END
G1 Z249.5 F15000
G1 X706.016 Y445.282 Z249.5
G1 Z248.5
G1 E17 F9000
G1 F2779.614
G1 X706.016 Y456.794 E49.70059
G1 X456.794 Y706.016 E1521.58571
G1 X445.282 Y706.016 E49.70059
M73 P62 R265
;WIPE_START
G1 F600
G1 X452.282 Y706.016 E-10
;WIPE_END
G1 Z249.5 F15000
G1 X445.282 Y293.984 Z249.5
G1 Z248.5
G1 E17 F9000
G1 F2779.614
G1 X456.794 Y293.984 E49.70059
G1 X706.016 Y543.206 E1521.58569
G1 X706.016 Y554.718 E49.70059
;WIPE_START
G1 F600
G1 X706.016 Y547.718 E-10
;WIPE_END
G1 Z249.5 F15000
G1 X694.503 Y293.984 Z249.5
G1 Z248.5
G1 E17 F9000
G1 F2779.614
G1 X706.016 Y293.984 E49.7003
G1 X293.984 Y706.016 E2515.59704
G1 X305.497 Y706.016 E49.70028
;WIPE_START
G1 F600
G1 X298.497 Y706.016 E-10
;WIPE_END
G1 Z249.5 F15000
G1 X305.497 Y293.984 Z249.5
G1 Z248.5
G1 E17 F9000
G1 F2779.614
G1 X293.984 Y293.984 E49.70059
G1 X706.016 Y706.016 E2515.59745
G1 X694.503 Y706.016 E49.70059
M73 P62 R264
;WIPE_START
G1 F600
G1 X701.503 Y706.016 E-10
;WIPE_END
G1 Z249.5 F15000
G1 X608.092 Y293.984 Z249.5
G1 Z248.5
G1 E17 F9000
G1 F2779.614
G1 X619.604 Y293.984 E49.70059
G1 X706.016 Y380.396 E527.57392
G1 X706.016 Y391.908 E49.70059
;WIPE_START
G1 F600
G1 X706.016 Y384.908 E-10
;WIPE_END
G1 Z249.5 F15000
G1 X554.718 Y293.984 Z249.5
G1 Z248.5
G1 E17 F9000
G1 F2779.614
G1 X543.206 Y293.984 E49.70059
G1 X293.984 Y543.206 E1521.58568
G1 X293.984 Y554.718 E49.70059
;WIPE_START
G1 F600
G1 X293.984 Y547.718 E-10
;WIPE_END
G1 Z249.5 F15000
G1 X391.908 Y293.984 Z249.5
G1 Z248.5
G1 E17 F9000
G1 F2779.614
G1 X380.396 Y293.984 E49.70059
G1 X293.984 Y380.396 E527.5739
G1 X293.984 Y391.908 E49.70059
; stop printing object Cube id:0 copy 0
;LAYER_CHANGE
;Z:250
;HEIGHT:1.5
;BEFORE_LAYER_CHANGE
;250
G92 E0

EXCLUDE_OBJECT_END NAME=Cube_id_0_copy_0
;AFTER_LAYER_CHANGE
;250
;_SET_FAN_SPEED_CHANGING_LAYER
; printing object Cube id:0 copy 0
;WIPE_START
G1 F600
G1 X293.984 Y384.908 E-10
;WIPE_END
EXCLUDE_OBJECT_START NAME=Cube_id_0_copy_0
G1 Z251 F15000
G1 X291.538 Y291.538 Z251
G1 Z250
G1 E17 F9000
;TYPE:Outer wall
;WIDTH:3.2
G1 F2779.615
G1 X708.462 Y291.538 E1799.91857
G1 X708.462 Y708.462 E1799.91857
G1 X291.538 Y708.462 E1799.91857
G1 X291.538 Y291.838 E1798.62343
M73 P62 R263
;WIPE_START
G1 F600
G1 X298.538 Y291.833 E-10
;WIPE_END
G1 Z251 F15000
G1 X293.984 Y391.908 Z251
G1 Z250
G1 E17 F9000
;TYPE:Sparse infill
;WIDTH:3.2
G1 F2779.614
G1 X293.984 Y380.396 E49.70059
G1 X380.396 Y293.984 E527.5739
G1 X391.908 Y293.984 E49.70059
;WIPE_START
G1 F600
G1 X384.908 Y293.984 E-10
;WIPE_END
G1 Z251 F15000
G1 X293.984 Y554.718 Z251
G1 Z250
G1 E17 F9000
G1 F2779.614
G1 X293.984 Y543.206 E49.70059
G1 X543.206 Y293.984 E1521.58568
G1 X554.718 Y293.984 E49.70059
;WIPE_START
G1 F600
G1 X547.718 Y293.984 E-10
;WIPE_END
G1 Z251 F15000
G1 X706.016 Y391.908 Z251
G1 Z250
G1 E17 F9000
G1 F2779.614
G1 X706.016 Y380.396 E49.70059
G1 X619.604 Y293.984 E527.57392
G1 X608.092 Y293.984 E49.70059
;WIPE_START
G1 F600
G1 X615.092 Y293.984 E-10
;WIPE_END
G1 Z251 F15000
G1 X706.016 Y554.718 Z251
G1 Z250
G1 E17 F9000
G1 F2779.614
G1 X706.016 Y543.206 E49.70059
G1 X456.794 Y293.984 E1521.58569
G1 X445.282 Y293.984 E49.70059
;WIPE_START
G1 F600
G1 X452.282 Y293.984 E-10
;WIPE_END
G1 Z251 F15000
G1 X445.282 Y706.016 Z251
G1 Z250
G1 E17 F9000
G1 F2779.614
G1 X456.794 Y706.016 E49.70059
G1 X706.016 Y456.794 E1521.58571
G1 X706.016 Y445.282 E49.70059
;WIPE_START
G1 F600
G1 X706.016 Y452.282 E-10
;WIPE_END
G1 Z251 F15000
G1 X694.503 Y706.016 Z251
G1 Z250
G1 E17 F9000
G1 F2779.614
G1 X706.016 Y706.016 E49.70059
G1 X293.984 Y293.984 E2515.59745
M73 P62 R262
G1 X305.497 Y293.984 E49.70059
;WIPE_START
G1 F600
G1 X298.497 Y293.984 E-10
;WIPE_END
G1 Z251 F15000
G1 X305.497 Y706.016 Z251
G1 Z250
G1 E17 F9000
G1 F2779.614
G1 X293.984 Y706.016 E49.70028
G1 X706.016 Y293.984 E2515.59704
G1 X694.503 Y293.984 E49.7003
;WIPE_START
G1 F600
G1 X701.503 Y293.984 E-10
;WIPE_END
G1 Z251 F15000
G1 X608.092 Y706.016 Z251
G1 Z250
G1 E17 F9000
G1 F2779.614
G1 X619.604 Y706.016 E49.70059
G1 X706.016 Y619.604 E527.57393
G1 X706.016 Y608.092 E49.70059
;WIPE_START
G1 F600
G1 X706.016 Y615.092 E-10
;WIPE_END
G1 Z251 F15000
G1 X554.718 Y706.016 Z251
G1 Z250
G1 E17 F9000
G1 F2779.614
G1 X543.206 Y706.016 E49.70059
G1 X293.984 Y456.794 E1521.58569
G1 X293.984 Y445.282 E49.70059
;WIPE_START
G1 F600
G1 X293.984 Y452.282 E-10
;WIPE_END
G1 Z251 F15000
G1 X391.908 Y706.016 Z251
G1 Z250
G1 E17 F9000
G1 F2779.614
G1 X380.396 Y706.016 E49.70059
G1 X293.984 Y619.604 E527.57392
G1 X293.984 Y608.092 E49.70059
; stop printing object Cube id:0 copy 0
;LAYER_CHANGE
;Z:251.5
;HEIGHT:1.5
;BEFORE_LAYER_CHANGE
;251.5
G92 E0

EXCLUDE_OBJECT_END NAME=Cube_id_0_copy_0
;AFTER_LAYER_CHANGE
;251.5
;_SET_FAN_SPEED_CHANGING_LAYER
; printing object Cube id:0 copy 0
;WIPE_START
G1 F600
G1 X293.984 Y615.092 E-10
;WIPE_END
EXCLUDE_OBJECT_START NAME=Cube_id_0_copy_0
G1 Z252.5 F15000
G1 X291.538 Y708.462 Z252.5
G1 Z251.5
G1 E17 F9000
;TYPE:Outer wall
;WIDTH:3.2
G1 F2779.615
G1 X291.538 Y291.538 E1799.91857
G1 X708.462 Y291.538 E1799.91857
M73 P62 R261
G1 X708.462 Y708.462 E1799.91857
G1 X291.838 Y708.462 E1798.62343
;WIPE_START
G1 F600
G1 X291.833 Y701.462 E-10
;WIPE_END
G1 Z252.5 F15000
G1 X293.984 Y608.092 Z252.5
G1 Z251.5
G1 E17 F9000
;TYPE:Sparse infill
;WIDTH:3.2
G1 F2779.614
G1 X293.984 Y619.604 E49.70059
G1 X380.396 Y706.016 E527.57392
G1 X391.908 Y706.016 E49.70059
;WIPE_START
G1 F600
G1 X384.908 Y706.016 E-10
;WIPE_END
G1 Z252.5 F15000
G1 X293.984 Y445.282 Z252.5
G1 Z251.5
G1 E17 F9000
G1 F2779.614
G1 X293.984 Y456.794 E49.70059
G1 X543.206 Y706.016 E1521.58569
G1 X554.718 Y706.016 E49.70059
;WIPE_START
G1 F600
G1 X547.718 Y706.016 E-10
;WIPE_END
G1 Z252.5 F15000
G1 X706.016 Y608.092 Z252.5
G1 Z251.5
G1 E17 F9000
G1 F2779.614
G1 X706.016 Y619.604 E49.70059
G1 X619.604 Y706.016 E527.57393
G1 X608.092 Y706.016 E49.70059
;WIPE_START
G1 F600
G1 X615.092 Y706.016 E-10
;WIPE_END
G1 Z252.5 F15000
G1 X706.016 Y445.282 Z252.5
G1 Z251.5
G1 E17 F9000
G1 F2779.614
G1 X706.016 Y456.794 E49.70059
G1 X456.794 Y706.016 E1521.58571
G1 X445.282 Y706.016 E49.70059
M73 P62 R260
;WIPE_START
G1 F600
G1 X452.282 Y706.016 E-10
;WIPE_END
G1 Z252.5 F15000
G1 X445.282 Y293.984 Z252.5
G1 Z251.5
G1 E17 F9000
G1 F2779.614
G1 X456.794 Y293.984 E49.70059
G1 X706.016 Y543.206 E1521.58569
G1 X706.016 Y554.718 E49.70059
;WIPE_START
G1 F600
G1 X706.016 Y547.718 E-10
;WIPE_END
G1 Z252.5 F15000
G1 X694.503 Y293.984 Z252.5
G1 Z251.5
G1 E17 F9000
G1 F2779.614
G1 X706.016 Y293.984 E49.7003
G1 X293.984 Y706.016 E2515.59704
G1 X305.497 Y706.016 E49.70028
;WIPE_START
G1 F600
G1 X298.497 Y706.016 E-10
;WIPE_END
G1 Z252.5 F15000
G1 X305.497 Y293.984 Z252.5
G1 Z251.5
G1 E17 F9000
G1 F2779.614
G1 X293.984 Y293.984 E49.70059
G1 X706.016 Y706.016 E2515.59745
G1 X694.503 Y706.016 E49.70059
;WIPE_START
G1 F600
G1 X701.503 Y706.016 E-10
;WIPE_END
G1 Z252.5 F15000
G1 X608.092 Y293.984 Z252.5
G1 Z251.5
G1 E17 F9000
G1 F2779.614
G1 X619.604 Y293.984 E49.70059
G1 X706.016 Y380.396 E527.57392
G1 X706.016 Y391.908 E49.70059
;WIPE_START
G1 F600
G1 X706.016 Y384.908 E-10
;WIPE_END
G1 Z252.5 F15000
G1 X554.718 Y293.984 Z252.5
G1 Z251.5
G1 E17 F9000
G1 F2779.614
G1 X543.206 Y293.984 E49.70059
G1 X293.984 Y543.206 E1521.58568
G1 X293.984 Y554.718 E49.70059
M73 P62 R259
;WIPE_START
G1 F600
G1 X293.984 Y547.718 E-10
;WIPE_END
G1 Z252.5 F15000
G1 X391.908 Y293.984 Z252.5
G1 Z251.5
G1 E17 F9000
G1 F2779.614
G1 X380.396 Y293.984 E49.70059
G1 X293.984 Y380.396 E527.5739
G1 X293.984 Y391.908 E49.70059
; stop printing object Cube id:0 copy 0
;LAYER_CHANGE
;Z:253
;HEIGHT:1.5
;BEFORE_LAYER_CHANGE
;253
G92 E0

EXCLUDE_OBJECT_END NAME=Cube_id_0_copy_0
;AFTER_LAYER_CHANGE
;253
;_SET_FAN_SPEED_CHANGING_LAYER
; printing object Cube id:0 copy 0
;WIPE_START
G1 F600
G1 X293.984 Y384.908 E-10
;WIPE_END
EXCLUDE_OBJECT_START NAME=Cube_id_0_copy_0
G1 Z254 F15000
G1 X291.538 Y291.538 Z254
G1 Z253
G1 E17 F9000
;TYPE:Outer wall
;WIDTH:3.2
G1 F2779.615
G1 X708.462 Y291.538 E1799.91857
G1 X708.462 Y708.462 E1799.91857
G1 X291.538 Y708.462 E1799.91857
G1 X291.538 Y291.838 E1798.62343
;WIPE_START
G1 F600
G1 X298.538 Y291.833 E-10
;WIPE_END
G1 Z254 F15000
G1 X293.984 Y391.908 Z254
G1 Z253
G1 E17 F9000
;TYPE:Sparse infill
;WIDTH:3.2
G1 F2779.614
G1 X293.984 Y380.396 E49.70059
G1 X380.396 Y293.984 E527.5739
G1 X391.908 Y293.984 E49.70059
;WIPE_START
G1 F600
G1 X384.908 Y293.984 E-10
;WIPE_END
G1 Z254 F15000
G1 X293.984 Y554.718 Z254
G1 Z253
G1 E17 F9000
G1 F2779.614
G1 X293.984 Y543.206 E49.70059
G1 X543.206 Y293.984 E1521.58568
G1 X554.718 Y293.984 E49.70059
M73 P62 R258
;WIPE_START
G1 F600
G1 X547.718 Y293.984 E-10
;WIPE_END
G1 Z254 F15000
G1 X706.016 Y391.908 Z254
G1 Z253
G1 E17 F9000
G1 F2779.614
G1 X706.016 Y380.396 E49.70059
G1 X619.604 Y293.984 E527.57392
G1 X608.092 Y293.984 E49.70059
;WIPE_START
G1 F600
G1 X615.092 Y293.984 E-10
;WIPE_END
G1 Z254 F15000
G1 X706.016 Y554.718 Z254
G1 Z253
G1 E17 F9000
G1 F2779.614
G1 X706.016 Y543.206 E49.70059
G1 X456.794 Y293.984 E1521.58569
G1 X445.282 Y293.984 E49.70059
M73 P63 R258
;WIPE_START
G1 F600
G1 X452.282 Y293.984 E-10
;WIPE_END
G1 Z254 F15000
G1 X445.282 Y706.016 Z254
G1 Z253
G1 E17 F9000
G1 F2779.614
G1 X456.794 Y706.016 E49.70059
G1 X706.016 Y456.794 E1521.58571
G1 X706.016 Y445.282 E49.70059
;WIPE_START
G1 F600
G1 X706.016 Y452.282 E-10
;WIPE_END
G1 Z254 F15000
G1 X694.503 Y706.016 Z254
G1 Z253
G1 E17 F9000
G1 F2779.614
G1 X706.016 Y706.016 E49.70059
G1 X293.984 Y293.984 E2515.59745
G1 X305.497 Y293.984 E49.70059
;WIPE_START
G1 F600
G1 X298.497 Y293.984 E-10
;WIPE_END
G1 Z254 F15000
G1 X305.497 Y706.016 Z254
G1 Z253
G1 E17 F9000
G1 F2779.614
G1 X293.984 Y706.016 E49.70028
G1 X706.016 Y293.984 E2515.59704
G1 X694.503 Y293.984 E49.7003
M73 P63 R257
;WIPE_START
G1 F600
G1 X701.503 Y293.984 E-10
;WIPE_END
G1 Z254 F15000
G1 X608.092 Y706.016 Z254
G1 Z253
G1 E17 F9000
G1 F2779.614
G1 X619.604 Y706.016 E49.70059
G1 X706.016 Y619.604 E527.57393
G1 X706.016 Y608.092 E49.70059
;WIPE_START
G1 F600
G1 X706.016 Y615.092 E-10
;WIPE_END
G1 Z254 F15000
G1 X554.718 Y706.016 Z254
G1 Z253
G1 E17 F9000
G1 F2779.614
G1 X543.206 Y706.016 E49.70059
G1 X293.984 Y456.794 E1521.58569
G1 X293.984 Y445.282 E49.70059
;WIPE_START
G1 F600
G1 X293.984 Y452.282 E-10
;WIPE_END
G1 Z254 F15000
G1 X391.908 Y706.016 Z254
G1 Z253
G1 E17 F9000
G1 F2779.614
G1 X380.396 Y706.016 E49.70059
G1 X293.984 Y619.604 E527.57392
G1 X293.984 Y608.092 E49.70059
; stop printing object Cube id:0 copy 0
;LAYER_CHANGE
;Z:254.5
;HEIGHT:1.5
;BEFORE_LAYER_CHANGE
;254.5
G92 E0

EXCLUDE_OBJECT_END NAME=Cube_id_0_copy_0
;AFTER_LAYER_CHANGE
;254.5
;_SET_FAN_SPEED_CHANGING_LAYER
; printing object Cube id:0 copy 0
;WIPE_START
G1 F600
G1 X293.984 Y615.092 E-10
;WIPE_END
EXCLUDE_OBJECT_START NAME=Cube_id_0_copy_0
G1 Z255.5 F15000
G1 X291.538 Y708.462 Z255.5
G1 Z254.5
G1 E17 F9000
;TYPE:Outer wall
;WIDTH:3.2
G1 F2779.615
G1 X291.538 Y291.538 E1799.91857
G1 X708.462 Y291.538 E1799.91857
G1 X708.462 Y708.462 E1799.91857
G1 X291.838 Y708.462 E1798.62343
M73 P63 R256
;WIPE_START
G1 F600
G1 X291.833 Y701.462 E-10
;WIPE_END
G1 Z255.5 F15000
G1 X293.984 Y608.092 Z255.5
G1 Z254.5
G1 E17 F9000
;TYPE:Sparse infill
;WIDTH:3.2
G1 F2779.614
G1 X293.984 Y619.604 E49.70059
G1 X380.396 Y706.016 E527.57392
G1 X391.908 Y706.016 E49.70059
;WIPE_START
G1 F600
G1 X384.908 Y706.016 E-10
;WIPE_END
G1 Z255.5 F15000
G1 X293.984 Y445.282 Z255.5
G1 Z254.5
G1 E17 F9000
G1 F2779.614
G1 X293.984 Y456.794 E49.70059
G1 X543.206 Y706.016 E1521.58569
G1 X554.718 Y706.016 E49.70059
;WIPE_START
G1 F600
G1 X547.718 Y706.016 E-10
;WIPE_END
G1 Z255.5 F15000
G1 X706.016 Y608.092 Z255.5
G1 Z254.5
G1 E17 F9000
G1 F2779.614
G1 X706.016 Y619.604 E49.70059
G1 X619.604 Y706.016 E527.57393
G1 X608.092 Y706.016 E49.70059
;WIPE_START
G1 F600
G1 X615.092 Y706.016 E-10
;WIPE_END
G1 Z255.5 F15000
G1 X706.016 Y445.282 Z255.5
G1 Z254.5
G1 E17 F9000
G1 F2779.614
G1 X706.016 Y456.794 E49.70059
G1 X456.794 Y706.016 E1521.58571
G1 X445.282 Y706.016 E49.70059
;WIPE_START
G1 F600
G1 X452.282 Y706.016 E-10
;WIPE_END
G1 Z255.5 F15000
G1 X445.282 Y293.984 Z255.5
G1 Z254.5
G1 E17 F9000
G1 F2779.614
G1 X456.794 Y293.984 E49.70059
G1 X706.016 Y543.206 E1521.58569
G1 X706.016 Y554.718 E49.70059
;WIPE_START
G1 F600
G1 X706.016 Y547.718 E-10
;WIPE_END
G1 Z255.5 F15000
G1 X694.503 Y293.984 Z255.5
G1 Z254.5
G1 E17 F9000
G1 F2779.614
G1 X706.016 Y293.984 E49.7003
G1 X293.984 Y706.016 E2515.59704
G1 X305.497 Y706.016 E49.70028
M73 P63 R255
;WIPE_START
G1 F600
G1 X298.497 Y706.016 E-10
;WIPE_END
G1 Z255.5 F15000
G1 X305.497 Y293.984 Z255.5
G1 Z254.5
G1 E17 F9000
G1 F2779.614
G1 X293.984 Y293.984 E49.70059
G1 X706.016 Y706.016 E2515.59745
G1 X694.503 Y706.016 E49.70059
;WIPE_START
G1 F600
G1 X701.503 Y706.016 E-10
;WIPE_END
G1 Z255.5 F15000
G1 X608.092 Y293.984 Z255.5
G1 Z254.5
G1 E17 F9000
G1 F2779.614
G1 X619.604 Y293.984 E49.70059
G1 X706.016 Y380.396 E527.57392
G1 X706.016 Y391.908 E49.70059
;WIPE_START
G1 F600
G1 X706.016 Y384.908 E-10
;WIPE_END
G1 Z255.5 F15000
G1 X554.718 Y293.984 Z255.5
G1 Z254.5
G1 E17 F9000
G1 F2779.614
G1 X543.206 Y293.984 E49.70059
G1 X293.984 Y543.206 E1521.58568
G1 X293.984 Y554.718 E49.70059
;WIPE_START
G1 F600
G1 X293.984 Y547.718 E-10
;WIPE_END
G1 Z255.5 F15000
G1 X391.908 Y293.984 Z255.5
G1 Z254.5
G1 E17 F9000
G1 F2779.614
G1 X380.396 Y293.984 E49.70059
G1 X293.984 Y380.396 E527.5739
G1 X293.984 Y391.908 E49.70059
; stop printing object Cube id:0 copy 0
;LAYER_CHANGE
;Z:256
;HEIGHT:1.5
;BEFORE_LAYER_CHANGE
;256
G92 E0

EXCLUDE_OBJECT_END NAME=Cube_id_0_copy_0
;AFTER_LAYER_CHANGE
;256
;_SET_FAN_SPEED_CHANGING_LAYER
; printing object Cube id:0 copy 0
;WIPE_START
G1 F600
G1 X293.984 Y384.908 E-10
;WIPE_END
EXCLUDE_OBJECT_START NAME=Cube_id_0_copy_0
G1 Z257 F15000
G1 X291.538 Y291.538 Z257
G1 Z256
G1 E17 F9000
;TYPE:Outer wall
;WIDTH:3.2
G1 F2779.615
G1 X708.462 Y291.538 E1799.91857
G1 X708.462 Y708.462 E1799.91857
M73 P63 R254
G1 X291.538 Y708.462 E1799.91857
G1 X291.538 Y291.838 E1798.62343
;WIPE_START
G1 F600
G1 X298.538 Y291.833 E-10
;WIPE_END
G1 Z257 F15000
G1 X293.984 Y391.908 Z257
G1 Z256
G1 E17 F9000
;TYPE:Sparse infill
;WIDTH:3.2
G1 F2779.614
G1 X293.984 Y380.396 E49.70059
G1 X380.396 Y293.984 E527.5739
G1 X391.908 Y293.984 E49.70059
;WIPE_START
G1 F600
G1 X384.908 Y293.984 E-10
;WIPE_END
G1 Z257 F15000
G1 X293.984 Y554.718 Z257
G1 Z256
G1 E17 F9000
G1 F2779.614
G1 X293.984 Y543.206 E49.70059
G1 X543.206 Y293.984 E1521.58568
G1 X554.718 Y293.984 E49.70059
;WIPE_START
G1 F600
G1 X547.718 Y293.984 E-10
;WIPE_END
G1 Z257 F15000
G1 X706.016 Y391.908 Z257
G1 Z256
G1 E17 F9000
G1 F2779.614
G1 X706.016 Y380.396 E49.70059
G1 X619.604 Y293.984 E527.57392
G1 X608.092 Y293.984 E49.70059
;WIPE_START
G1 F600
G1 X615.092 Y293.984 E-10
;WIPE_END
G1 Z257 F15000
G1 X706.016 Y554.718 Z257
G1 Z256
G1 E17 F9000
G1 F2779.614
G1 X706.016 Y543.206 E49.70059
G1 X456.794 Y293.984 E1521.58569
G1 X445.282 Y293.984 E49.70059
M73 P63 R253
;WIPE_START
G1 F600
G1 X452.282 Y293.984 E-10
;WIPE_END
G1 Z257 F15000
G1 X445.282 Y706.016 Z257
G1 Z256
G1 E17 F9000
G1 F2779.614
G1 X456.794 Y706.016 E49.70059
G1 X706.016 Y456.794 E1521.58571
G1 X706.016 Y445.282 E49.70059
;WIPE_START
G1 F600
G1 X706.016 Y452.282 E-10
;WIPE_END
G1 Z257 F15000
G1 X694.503 Y706.016 Z257
G1 Z256
G1 E17 F9000
G1 F2779.614
G1 X706.016 Y706.016 E49.70059
G1 X293.984 Y293.984 E2515.59745
G1 X305.497 Y293.984 E49.70059
;WIPE_START
G1 F600
G1 X298.497 Y293.984 E-10
;WIPE_END
G1 Z257 F15000
G1 X305.497 Y706.016 Z257
G1 Z256
G1 E17 F9000
G1 F2779.614
G1 X293.984 Y706.016 E49.70028
G1 X706.016 Y293.984 E2515.59704
G1 X694.503 Y293.984 E49.7003
;WIPE_START
G1 F600
G1 X701.503 Y293.984 E-10
;WIPE_END
G1 Z257 F15000
G1 X608.092 Y706.016 Z257
G1 Z256
G1 E17 F9000
G1 F2779.614
G1 X619.604 Y706.016 E49.70059
G1 X706.016 Y619.604 E527.57393
G1 X706.016 Y608.092 E49.70059
;WIPE_START
G1 F600
G1 X706.016 Y615.092 E-10
;WIPE_END
G1 Z257 F15000
G1 X554.718 Y706.016 Z257
G1 Z256
G1 E17 F9000
G1 F2779.614
G1 X543.206 Y706.016 E49.70059
G1 X293.984 Y456.794 E1521.58569
G1 X293.984 Y445.282 E49.70059
M73 P63 R252
;WIPE_START
G1 F600
G1 X293.984 Y452.282 E-10
;WIPE_END
G1 Z257 F15000
G1 X391.908 Y706.016 Z257
G1 Z256
G1 E17 F9000
G1 F2779.614
G1 X380.396 Y706.016 E49.70059
G1 X293.984 Y619.604 E527.57392
G1 X293.984 Y608.092 E49.70059
; stop printing object Cube id:0 copy 0
;LAYER_CHANGE
;Z:257.5
;HEIGHT:1.5
;BEFORE_LAYER_CHANGE
;257.5
G92 E0

EXCLUDE_OBJECT_END NAME=Cube_id_0_copy_0
;AFTER_LAYER_CHANGE
;257.5
;_SET_FAN_SPEED_CHANGING_LAYER
; printing object Cube id:0 copy 0
;WIPE_START
G1 F600
G1 X293.984 Y615.092 E-10
;WIPE_END
EXCLUDE_OBJECT_START NAME=Cube_id_0_copy_0
G1 Z258.5 F15000
G1 X291.538 Y708.462 Z258.5
G1 Z257.5
G1 E17 F9000
;TYPE:Outer wall
;WIDTH:3.2
G1 F2779.615
G1 X291.538 Y291.538 E1799.91857
G1 X708.462 Y291.538 E1799.91857
G1 X708.462 Y708.462 E1799.91857
G1 X291.838 Y708.462 E1798.62343
;WIPE_START
G1 F600
G1 X291.833 Y701.462 E-10
;WIPE_END
G1 Z258.5 F15000
G1 X293.984 Y608.092 Z258.5
G1 Z257.5
G1 E17 F9000
;TYPE:Sparse infill
;WIDTH:3.2
G1 F2779.614
G1 X293.984 Y619.604 E49.70059
G1 X380.396 Y706.016 E527.57392
G1 X391.908 Y706.016 E49.70059
;WIPE_START
G1 F600
G1 X384.908 Y706.016 E-10
;WIPE_END
G1 Z258.5 F15000
G1 X293.984 Y445.282 Z258.5
G1 Z257.5
G1 E17 F9000
G1 F2779.614
G1 X293.984 Y456.794 E49.70059
G1 X543.206 Y706.016 E1521.58569
G1 X554.718 Y706.016 E49.70059
M73 P63 R251
;WIPE_START
G1 F600
G1 X547.718 Y706.016 E-10
;WIPE_END
G1 Z258.5 F15000
G1 X706.016 Y608.092 Z258.5
G1 Z257.5
G1 E17 F9000
G1 F2779.614
G1 X706.016 Y619.604 E49.70059
G1 X619.604 Y706.016 E527.57393
G1 X608.092 Y706.016 E49.70059
;WIPE_START
G1 F600
G1 X615.092 Y706.016 E-10
;WIPE_END
G1 Z258.5 F15000
G1 X706.016 Y445.282 Z258.5
G1 Z257.5
G1 E17 F9000
G1 F2779.614
G1 X706.016 Y456.794 E49.70059
G1 X456.794 Y706.016 E1521.58571
G1 X445.282 Y706.016 E49.70059
M73 P64 R251
;WIPE_START
G1 F600
G1 X452.282 Y706.016 E-10
;WIPE_END
G1 Z258.5 F15000
G1 X445.282 Y293.984 Z258.5
G1 Z257.5
G1 E17 F9000
G1 F2779.614
G1 X456.794 Y293.984 E49.70059
G1 X706.016 Y543.206 E1521.58569
G1 X706.016 Y554.718 E49.70059
;WIPE_START
G1 F600
G1 X706.016 Y547.718 E-10
;WIPE_END
G1 Z258.5 F15000
G1 X694.503 Y293.984 Z258.5
G1 Z257.5
G1 E17 F9000
G1 F2779.614
G1 X706.016 Y293.984 E49.7003
G1 X293.984 Y706.016 E2515.59704
G1 X305.497 Y706.016 E49.70028
;WIPE_START
G1 F600
G1 X298.497 Y706.016 E-10
;WIPE_END
G1 Z258.5 F15000
G1 X305.497 Y293.984 Z258.5
G1 Z257.5
G1 E17 F9000
G1 F2779.614
G1 X293.984 Y293.984 E49.70059
G1 X706.016 Y706.016 E2515.59745
G1 X694.503 Y706.016 E49.70059
M73 P64 R250
;WIPE_START
G1 F600
G1 X701.503 Y706.016 E-10
;WIPE_END
G1 Z258.5 F15000
G1 X608.092 Y293.984 Z258.5
G1 Z257.5
G1 E17 F9000
G1 F2779.614
G1 X619.604 Y293.984 E49.70059
G1 X706.016 Y380.396 E527.57392
G1 X706.016 Y391.908 E49.70059
;WIPE_START
G1 F600
G1 X706.016 Y384.908 E-10
;WIPE_END
G1 Z258.5 F15000
G1 X554.718 Y293.984 Z258.5
G1 Z257.5
G1 E17 F9000
G1 F2779.614
G1 X543.206 Y293.984 E49.70059
G1 X293.984 Y543.206 E1521.58568
G1 X293.984 Y554.718 E49.70059
;WIPE_START
G1 F600
G1 X293.984 Y547.718 E-10
;WIPE_END
G1 Z258.5 F15000
G1 X391.908 Y293.984 Z258.5
G1 Z257.5
G1 E17 F9000
G1 F2779.614
G1 X380.396 Y293.984 E49.70059
G1 X293.984 Y380.396 E527.5739
G1 X293.984 Y391.908 E49.70059
; stop printing object Cube id:0 copy 0
;LAYER_CHANGE
;Z:259
;HEIGHT:1.5
;BEFORE_LAYER_CHANGE
;259
G92 E0

EXCLUDE_OBJECT_END NAME=Cube_id_0_copy_0
;AFTER_LAYER_CHANGE
;259
;_SET_FAN_SPEED_CHANGING_LAYER
; printing object Cube id:0 copy 0
;WIPE_START
G1 F600
G1 X293.984 Y384.908 E-10
;WIPE_END
EXCLUDE_OBJECT_START NAME=Cube_id_0_copy_0
G1 Z260 F15000
G1 X291.538 Y291.538 Z260
G1 Z259
G1 E17 F9000
;TYPE:Outer wall
;WIDTH:3.2
G1 F2779.615
G1 X708.462 Y291.538 E1799.91857
G1 X708.462 Y708.462 E1799.91857
G1 X291.538 Y708.462 E1799.91857
G1 X291.538 Y291.838 E1798.62343
;WIPE_START
G1 F600
M73 P64 R249
G1 X298.538 Y291.833 E-10
;WIPE_END
G1 Z260 F15000
G1 X293.984 Y391.908 Z260
G1 Z259
G1 E17 F9000
;TYPE:Sparse infill
;WIDTH:3.2
G1 F2779.614
G1 X293.984 Y380.396 E49.70059
G1 X380.396 Y293.984 E527.5739
G1 X391.908 Y293.984 E49.70059
;WIPE_START
G1 F600
G1 X384.908 Y293.984 E-10
;WIPE_END
G1 Z260 F15000
G1 X293.984 Y554.718 Z260
G1 Z259
G1 E17 F9000
G1 F2779.614
G1 X293.984 Y543.206 E49.70059
G1 X543.206 Y293.984 E1521.58568
G1 X554.718 Y293.984 E49.70059
;WIPE_START
G1 F600
G1 X547.718 Y293.984 E-10
;WIPE_END
G1 Z260 F15000
G1 X706.016 Y391.908 Z260
G1 Z259
G1 E17 F9000
G1 F2779.614
G1 X706.016 Y380.396 E49.70059
G1 X619.604 Y293.984 E527.57392
G1 X608.092 Y293.984 E49.70059
;WIPE_START
G1 F600
G1 X615.092 Y293.984 E-10
;WIPE_END
G1 Z260 F15000
G1 X706.016 Y554.718 Z260
G1 Z259
G1 E17 F9000
G1 F2779.614
G1 X706.016 Y543.206 E49.70059
G1 X456.794 Y293.984 E1521.58569
G1 X445.282 Y293.984 E49.70059
;WIPE_START
G1 F600
G1 X452.282 Y293.984 E-10
;WIPE_END
G1 Z260 F15000
G1 X445.282 Y706.016 Z260
G1 Z259
G1 E17 F9000
G1 F2779.614
G1 X456.794 Y706.016 E49.70059
G1 X706.016 Y456.794 E1521.58571
G1 X706.016 Y445.282 E49.70059
;WIPE_START
G1 F600
G1 X706.016 Y452.282 E-10
;WIPE_END
G1 Z260 F15000
G1 X694.503 Y706.016 Z260
G1 Z259
G1 E17 F9000
G1 F2779.614
G1 X706.016 Y706.016 E49.70059
G1 X293.984 Y293.984 E2515.59745
G1 X305.497 Y293.984 E49.70059
M73 P64 R248
;WIPE_START
G1 F600
G1 X298.497 Y293.984 E-10
;WIPE_END
G1 Z260 F15000
G1 X305.497 Y706.016 Z260
G1 Z259
G1 E17 F9000
G1 F2779.614
G1 X293.984 Y706.016 E49.70028
G1 X706.016 Y293.984 E2515.59704
G1 X694.503 Y293.984 E49.7003
;WIPE_START
G1 F600
G1 X701.503 Y293.984 E-10
;WIPE_END
G1 Z260 F15000
G1 X608.092 Y706.016 Z260
G1 Z259
G1 E17 F9000
G1 F2779.614
G1 X619.604 Y706.016 E49.70059
G1 X706.016 Y619.604 E527.57393
G1 X706.016 Y608.092 E49.70059
;WIPE_START
G1 F600
G1 X706.016 Y615.092 E-10
;WIPE_END
G1 Z260 F15000
G1 X554.718 Y706.016 Z260
G1 Z259
G1 E17 F9000
G1 F2779.614
G1 X543.206 Y706.016 E49.70059
G1 X293.984 Y456.794 E1521.58569
G1 X293.984 Y445.282 E49.70059
;WIPE_START
G1 F600
G1 X293.984 Y452.282 E-10
;WIPE_END
G1 Z260 F15000
G1 X391.908 Y706.016 Z260
G1 Z259
G1 E17 F9000
G1 F2779.614
G1 X380.396 Y706.016 E49.70059
G1 X293.984 Y619.604 E527.57392
G1 X293.984 Y608.092 E49.70059
; stop printing object Cube id:0 copy 0
;LAYER_CHANGE
;Z:260.5
;HEIGHT:1.5
;BEFORE_LAYER_CHANGE
;260.5
G92 E0

EXCLUDE_OBJECT_END NAME=Cube_id_0_copy_0
;AFTER_LAYER_CHANGE
;260.5
;_SET_FAN_SPEED_CHANGING_LAYER
; printing object Cube id:0 copy 0
;WIPE_START
G1 F600
G1 X293.984 Y615.092 E-10
;WIPE_END
EXCLUDE_OBJECT_START NAME=Cube_id_0_copy_0
G1 Z261.5 F15000
G1 X291.538 Y708.462 Z261.5
G1 Z260.5
G1 E17 F9000
;TYPE:Outer wall
;WIDTH:3.2
G1 F2779.615
G1 X291.538 Y291.538 E1799.91857
G1 X708.462 Y291.538 E1799.91857
G1 X708.462 Y708.462 E1799.91857
M73 P64 R247
G1 X291.838 Y708.462 E1798.62343
;WIPE_START
G1 F600
G1 X291.833 Y701.462 E-10
;WIPE_END
G1 Z261.5 F15000
G1 X293.984 Y608.092 Z261.5
G1 Z260.5
G1 E17 F9000
;TYPE:Sparse infill
;WIDTH:3.2
G1 F2779.614
G1 X293.984 Y619.604 E49.70059
G1 X380.396 Y706.016 E527.57392
G1 X391.908 Y706.016 E49.70059
;WIPE_START
G1 F600
G1 X384.908 Y706.016 E-10
;WIPE_END
G1 Z261.5 F15000
G1 X293.984 Y445.282 Z261.5
G1 Z260.5
G1 E17 F9000
G1 F2779.614
G1 X293.984 Y456.794 E49.70059
G1 X543.206 Y706.016 E1521.58569
G1 X554.718 Y706.016 E49.70059
;WIPE_START
G1 F600
G1 X547.718 Y706.016 E-10
;WIPE_END
G1 Z261.5 F15000
G1 X706.016 Y608.092 Z261.5
G1 Z260.5
G1 E17 F9000
G1 F2779.614
G1 X706.016 Y619.604 E49.70059
G1 X619.604 Y706.016 E527.57393
G1 X608.092 Y706.016 E49.70059
;WIPE_START
G1 F600
G1 X615.092 Y706.016 E-10
;WIPE_END
G1 Z261.5 F15000
G1 X706.016 Y445.282 Z261.5
G1 Z260.5
G1 E17 F9000
G1 F2779.614
G1 X706.016 Y456.794 E49.70059
G1 X456.794 Y706.016 E1521.58571
G1 X445.282 Y706.016 E49.70059
;WIPE_START
G1 F600
G1 X452.282 Y706.016 E-10
;WIPE_END
G1 Z261.5 F15000
M73 P64 R246
G1 X445.282 Y293.984 Z261.5
G1 Z260.5
G1 E17 F9000
G1 F2779.614
G1 X456.794 Y293.984 E49.70059
G1 X706.016 Y543.206 E1521.58569
G1 X706.016 Y554.718 E49.70059
;WIPE_START
G1 F600
G1 X706.016 Y547.718 E-10
;WIPE_END
G1 Z261.5 F15000
G1 X694.503 Y293.984 Z261.5
G1 Z260.5
G1 E17 F9000
G1 F2779.614
G1 X706.016 Y293.984 E49.7003
G1 X293.984 Y706.016 E2515.59704
G1 X305.497 Y706.016 E49.70028
;WIPE_START
G1 F600
G1 X298.497 Y706.016 E-10
;WIPE_END
G1 Z261.5 F15000
G1 X305.497 Y293.984 Z261.5
G1 Z260.5
G1 E17 F9000
G1 F2779.614
G1 X293.984 Y293.984 E49.70059
G1 X706.016 Y706.016 E2515.59745
G1 X694.503 Y706.016 E49.70059
;WIPE_START
G1 F600
G1 X701.503 Y706.016 E-10
;WIPE_END
G1 Z261.5 F15000
G1 X608.092 Y293.984 Z261.5
G1 Z260.5
G1 E17 F9000
G1 F2779.614
G1 X619.604 Y293.984 E49.70059
G1 X706.016 Y380.396 E527.57392
G1 X706.016 Y391.908 E49.70059
;WIPE_START
G1 F600
G1 X706.016 Y384.908 E-10
;WIPE_END
G1 Z261.5 F15000
G1 X554.718 Y293.984 Z261.5
G1 Z260.5
G1 E17 F9000
G1 F2779.614
G1 X543.206 Y293.984 E49.70059
G1 X293.984 Y543.206 E1521.58568
G1 X293.984 Y554.718 E49.70059
M73 P64 R245
;WIPE_START
G1 F600
G1 X293.984 Y547.718 E-10
;WIPE_END
G1 Z261.5 F15000
G1 X391.908 Y293.984 Z261.5
G1 Z260.5
G1 E17 F9000
G1 F2779.614
G1 X380.396 Y293.984 E49.70059
G1 X293.984 Y380.396 E527.5739
G1 X293.984 Y391.908 E49.70059
; stop printing object Cube id:0 copy 0
;LAYER_CHANGE
;Z:262
;HEIGHT:1.5
;BEFORE_LAYER_CHANGE
;262
G92 E0

EXCLUDE_OBJECT_END NAME=Cube_id_0_copy_0
;AFTER_LAYER_CHANGE
;262
;_SET_FAN_SPEED_CHANGING_LAYER
; printing object Cube id:0 copy 0
;WIPE_START
G1 F600
G1 X293.984 Y384.908 E-10
;WIPE_END
EXCLUDE_OBJECT_START NAME=Cube_id_0_copy_0
G1 Z263 F15000
G1 X291.538 Y291.538 Z263
G1 Z262
G1 E17 F9000
;TYPE:Outer wall
;WIDTH:3.2
G1 F2779.615
G1 X708.462 Y291.538 E1799.91857
G1 X708.462 Y708.462 E1799.91857
G1 X291.538 Y708.462 E1799.91857
G1 X291.538 Y291.838 E1798.62343
;WIPE_START
G1 F600
G1 X298.538 Y291.833 E-10
;WIPE_END
G1 Z263 F15000
G1 X293.984 Y391.908 Z263
G1 Z262
G1 E17 F9000
;TYPE:Sparse infill
;WIDTH:3.2
G1 F2779.614
G1 X293.984 Y380.396 E49.70059
G1 X380.396 Y293.984 E527.5739
G1 X391.908 Y293.984 E49.70059
;WIPE_START
G1 F600
G1 X384.908 Y293.984 E-10
;WIPE_END
G1 Z263 F15000
G1 X293.984 Y554.718 Z263
G1 Z262
G1 E17 F9000
G1 F2779.614
G1 X293.984 Y543.206 E49.70059
G1 X543.206 Y293.984 E1521.58568
G1 X554.718 Y293.984 E49.70059
M73 P64 R244
;WIPE_START
G1 F600
G1 X547.718 Y293.984 E-10
;WIPE_END
G1 Z263 F15000
G1 X706.016 Y391.908 Z263
G1 Z262
G1 E17 F9000
G1 F2779.614
G1 X706.016 Y380.396 E49.70059
G1 X619.604 Y293.984 E527.57392
G1 X608.092 Y293.984 E49.70059
;WIPE_START
G1 F600
G1 X615.092 Y293.984 E-10
;WIPE_END
G1 Z263 F15000
G1 X706.016 Y554.718 Z263
G1 Z262
G1 E17 F9000
G1 F2779.614
G1 X706.016 Y543.206 E49.70059
G1 X456.794 Y293.984 E1521.58569
G1 X445.282 Y293.984 E49.70059
M73 P65 R244
;WIPE_START
G1 F600
G1 X452.282 Y293.984 E-10
;WIPE_END
G1 Z263 F15000
G1 X445.282 Y706.016 Z263
G1 Z262
G1 E17 F9000
G1 F2779.614
G1 X456.794 Y706.016 E49.70059
G1 X706.016 Y456.794 E1521.58571
G1 X706.016 Y445.282 E49.70059
;WIPE_START
G1 F600
G1 X706.016 Y452.282 E-10
;WIPE_END
G1 Z263 F15000
G1 X694.503 Y706.016 Z263
G1 Z262
G1 E17 F9000
G1 F2779.614
G1 X706.016 Y706.016 E49.70059
G1 X293.984 Y293.984 E2515.59745
G1 X305.497 Y293.984 E49.70059
;WIPE_START
G1 F600
G1 X298.497 Y293.984 E-10
;WIPE_END
G1 Z263 F15000
G1 X305.497 Y706.016 Z263
G1 Z262
G1 E17 F9000
G1 F2779.614
G1 X293.984 Y706.016 E49.70028
G1 X706.016 Y293.984 E2515.59704
G1 X694.503 Y293.984 E49.7003
M73 P65 R243
;WIPE_START
G1 F600
G1 X701.503 Y293.984 E-10
;WIPE_END
G1 Z263 F15000
G1 X608.092 Y706.016 Z263
G1 Z262
G1 E17 F9000
G1 F2779.614
G1 X619.604 Y706.016 E49.70059
G1 X706.016 Y619.604 E527.57393
G1 X706.016 Y608.092 E49.70059
;WIPE_START
G1 F600
G1 X706.016 Y615.092 E-10
;WIPE_END
G1 Z263 F15000
G1 X554.718 Y706.016 Z263
G1 Z262
G1 E17 F9000
G1 F2779.614
G1 X543.206 Y706.016 E49.70059
G1 X293.984 Y456.794 E1521.58569
G1 X293.984 Y445.282 E49.70059
;WIPE_START
G1 F600
G1 X293.984 Y452.282 E-10
;WIPE_END
G1 Z263 F15000
G1 X391.908 Y706.016 Z263
G1 Z262
G1 E17 F9000
G1 F2779.614
G1 X380.396 Y706.016 E49.70059
G1 X293.984 Y619.604 E527.57392
G1 X293.984 Y608.092 E49.70059
; stop printing object Cube id:0 copy 0
;LAYER_CHANGE
;Z:263.5
;HEIGHT:1.5
;BEFORE_LAYER_CHANGE
;263.5
G92 E0

EXCLUDE_OBJECT_END NAME=Cube_id_0_copy_0
;AFTER_LAYER_CHANGE
;263.5
;_SET_FAN_SPEED_CHANGING_LAYER
; printing object Cube id:0 copy 0
;WIPE_START
G1 F600
G1 X293.984 Y615.092 E-10
;WIPE_END
EXCLUDE_OBJECT_START NAME=Cube_id_0_copy_0
G1 Z264.5 F15000
G1 X291.538 Y708.462 Z264.5
G1 Z263.5
G1 E17 F9000
;TYPE:Outer wall
;WIDTH:3.2
G1 F2779.615
G1 X291.538 Y291.538 E1799.91857
G1 X708.462 Y291.538 E1799.91857
G1 X708.462 Y708.462 E1799.91857
G1 X291.838 Y708.462 E1798.62343
;WIPE_START
G1 F600
M73 P65 R242
G1 X291.833 Y701.462 E-10
;WIPE_END
G1 Z264.5 F15000
G1 X293.984 Y608.092 Z264.5
G1 Z263.5
G1 E17 F9000
;TYPE:Sparse infill
;WIDTH:3.2
G1 F2779.614
G1 X293.984 Y619.604 E49.70059
G1 X380.396 Y706.016 E527.57392
G1 X391.908 Y706.016 E49.70059
;WIPE_START
G1 F600
G1 X384.908 Y706.016 E-10
;WIPE_END
G1 Z264.5 F15000
G1 X293.984 Y445.282 Z264.5
G1 Z263.5
G1 E17 F9000
G1 F2779.614
G1 X293.984 Y456.794 E49.70059
G1 X543.206 Y706.016 E1521.58569
G1 X554.718 Y706.016 E49.70059
;WIPE_START
G1 F600
G1 X547.718 Y706.016 E-10
;WIPE_END
G1 Z264.5 F15000
G1 X706.016 Y608.092 Z264.5
G1 Z263.5
G1 E17 F9000
G1 F2779.614
G1 X706.016 Y619.604 E49.70059
G1 X619.604 Y706.016 E527.57393
G1 X608.092 Y706.016 E49.70059
;WIPE_START
G1 F600
G1 X615.092 Y706.016 E-10
;WIPE_END
G1 Z264.5 F15000
G1 X706.016 Y445.282 Z264.5
G1 Z263.5
G1 E17 F9000
G1 F2779.614
G1 X706.016 Y456.794 E49.70059
G1 X456.794 Y706.016 E1521.58571
G1 X445.282 Y706.016 E49.70059
;WIPE_START
G1 F600
G1 X452.282 Y706.016 E-10
;WIPE_END
G1 Z264.5 F15000
G1 X445.282 Y293.984 Z264.5
G1 Z263.5
G1 E17 F9000
G1 F2779.614
G1 X456.794 Y293.984 E49.70059
G1 X706.016 Y543.206 E1521.58569
G1 X706.016 Y554.718 E49.70059
;WIPE_START
G1 F600
G1 X706.016 Y547.718 E-10
;WIPE_END
G1 Z264.5 F15000
G1 X694.503 Y293.984 Z264.5
G1 Z263.5
G1 E17 F9000
G1 F2779.614
G1 X706.016 Y293.984 E49.7003
G1 X293.984 Y706.016 E2515.59704
G1 X305.497 Y706.016 E49.70028
M73 P65 R241
;WIPE_START
G1 F600
G1 X298.497 Y706.016 E-10
;WIPE_END
G1 Z264.5 F15000
G1 X305.497 Y293.984 Z264.5
G1 Z263.5
G1 E17 F9000
G1 F2779.614
G1 X293.984 Y293.984 E49.70059
G1 X706.016 Y706.016 E2515.59745
G1 X694.503 Y706.016 E49.70059
;WIPE_START
G1 F600
G1 X701.503 Y706.016 E-10
;WIPE_END
G1 Z264.5 F15000
G1 X608.092 Y293.984 Z264.5
G1 Z263.5
G1 E17 F9000
G1 F2779.614
G1 X619.604 Y293.984 E49.70059
G1 X706.016 Y380.396 E527.57392
G1 X706.016 Y391.908 E49.70059
;WIPE_START
G1 F600
G1 X706.016 Y384.908 E-10
;WIPE_END
G1 Z264.5 F15000
G1 X554.718 Y293.984 Z264.5
G1 Z263.5
G1 E17 F9000
G1 F2779.614
G1 X543.206 Y293.984 E49.70059
G1 X293.984 Y543.206 E1521.58568
G1 X293.984 Y554.718 E49.70059
;WIPE_START
G1 F600
G1 X293.984 Y547.718 E-10
;WIPE_END
G1 Z264.5 F15000
G1 X391.908 Y293.984 Z264.5
G1 Z263.5
G1 E17 F9000
G1 F2779.614
G1 X380.396 Y293.984 E49.70059
G1 X293.984 Y380.396 E527.5739
G1 X293.984 Y391.908 E49.70059
; stop printing object Cube id:0 copy 0
;LAYER_CHANGE
;Z:265
;HEIGHT:1.5
;BEFORE_LAYER_CHANGE
;265
G92 E0

EXCLUDE_OBJECT_END NAME=Cube_id_0_copy_0
;AFTER_LAYER_CHANGE
;265
;_SET_FAN_SPEED_CHANGING_LAYER
; printing object Cube id:0 copy 0
;WIPE_START
G1 F600
G1 X293.984 Y384.908 E-10
;WIPE_END
EXCLUDE_OBJECT_START NAME=Cube_id_0_copy_0
G1 Z266 F15000
G1 X291.538 Y291.538 Z266
G1 Z265
G1 E17 F9000
;TYPE:Outer wall
;WIDTH:3.2
G1 F2779.615
G1 X708.462 Y291.538 E1799.91857
G1 X708.462 Y708.462 E1799.91857
G1 X291.538 Y708.462 E1799.91857
M73 P65 R240
G1 X291.538 Y291.838 E1798.62343
;WIPE_START
G1 F600
G1 X298.538 Y291.833 E-10
;WIPE_END
G1 Z266 F15000
G1 X293.984 Y391.908 Z266
G1 Z265
G1 E17 F9000
;TYPE:Sparse infill
;WIDTH:3.2
G1 F2779.614
G1 X293.984 Y380.396 E49.70059
G1 X380.396 Y293.984 E527.5739
G1 X391.908 Y293.984 E49.70059
;WIPE_START
G1 F600
G1 X384.908 Y293.984 E-10
;WIPE_END
G1 Z266 F15000
G1 X293.984 Y554.718 Z266
G1 Z265
G1 E17 F9000
G1 F2779.614
G1 X293.984 Y543.206 E49.70059
G1 X543.206 Y293.984 E1521.58568
G1 X554.718 Y293.984 E49.70059
;WIPE_START
G1 F600
G1 X547.718 Y293.984 E-10
;WIPE_END
G1 Z266 F15000
G1 X706.016 Y391.908 Z266
G1 Z265
G1 E17 F9000
G1 F2779.614
G1 X706.016 Y380.396 E49.70059
G1 X619.604 Y293.984 E527.57392
G1 X608.092 Y293.984 E49.70059
;WIPE_START
G1 F600
G1 X615.092 Y293.984 E-10
;WIPE_END
G1 Z266 F15000
G1 X706.016 Y554.718 Z266
G1 Z265
G1 E17 F9000
G1 F2779.614
G1 X706.016 Y543.206 E49.70059
G1 X456.794 Y293.984 E1521.58569
G1 X445.282 Y293.984 E49.70059
;WIPE_START
G1 F600
G1 X452.282 Y293.984 E-10
;WIPE_END
G1 Z266 F15000
G1 X445.282 Y706.016 Z266
G1 Z265
G1 E17 F9000
M73 P65 R239
G1 F2779.614
G1 X456.794 Y706.016 E49.70059
G1 X706.016 Y456.794 E1521.58571
G1 X706.016 Y445.282 E49.70059
;WIPE_START
G1 F600
G1 X706.016 Y452.282 E-10
;WIPE_END
G1 Z266 F15000
G1 X694.503 Y706.016 Z266
G1 Z265
G1 E17 F9000
G1 F2779.614
G1 X706.016 Y706.016 E49.70059
G1 X293.984 Y293.984 E2515.59745
G1 X305.497 Y293.984 E49.70059
;WIPE_START
G1 F600
G1 X298.497 Y293.984 E-10
;WIPE_END
G1 Z266 F15000
G1 X305.497 Y706.016 Z266
G1 Z265
G1 E17 F9000
G1 F2779.614
G1 X293.984 Y706.016 E49.70028
G1 X706.016 Y293.984 E2515.59704
G1 X694.503 Y293.984 E49.7003
;WIPE_START
G1 F600
G1 X701.503 Y293.984 E-10
;WIPE_END
G1 Z266 F15000
G1 X608.092 Y706.016 Z266
G1 Z265
G1 E17 F9000
G1 F2779.614
G1 X619.604 Y706.016 E49.70059
G1 X706.016 Y619.604 E527.57393
G1 X706.016 Y608.092 E49.70059
;WIPE_START
G1 F600
G1 X706.016 Y615.092 E-10
;WIPE_END
G1 Z266 F15000
G1 X554.718 Y706.016 Z266
G1 Z265
G1 E17 F9000
G1 F2779.614
G1 X543.206 Y706.016 E49.70059
G1 X293.984 Y456.794 E1521.58569
G1 X293.984 Y445.282 E49.70059
;WIPE_START
G1 F600
G1 X293.984 Y452.282 E-10
;WIPE_END
G1 Z266 F15000
G1 X391.908 Y706.016 Z266
G1 Z265
M73 P65 R238
G1 E17 F9000
G1 F2779.614
G1 X380.396 Y706.016 E49.70059
G1 X293.984 Y619.604 E527.57392
G1 X293.984 Y608.092 E49.70059
; stop printing object Cube id:0 copy 0
;LAYER_CHANGE
;Z:266.5
;HEIGHT:1.5
;BEFORE_LAYER_CHANGE
;266.5
G92 E0

EXCLUDE_OBJECT_END NAME=Cube_id_0_copy_0
;AFTER_LAYER_CHANGE
;266.5
;_SET_FAN_SPEED_CHANGING_LAYER
; printing object Cube id:0 copy 0
;WIPE_START
G1 F600
G1 X293.984 Y615.092 E-10
;WIPE_END
EXCLUDE_OBJECT_START NAME=Cube_id_0_copy_0
G1 Z267.5 F15000
G1 X291.538 Y708.462 Z267.5
G1 Z266.5
G1 E17 F9000
;TYPE:Outer wall
;WIDTH:3.2
G1 F2779.615
G1 X291.538 Y291.538 E1799.91857
G1 X708.462 Y291.538 E1799.91857
G1 X708.462 Y708.462 E1799.91857
G1 X291.838 Y708.462 E1798.62343
;WIPE_START
G1 F600
G1 X291.833 Y701.462 E-10
;WIPE_END
G1 Z267.5 F15000
G1 X293.984 Y608.092 Z267.5
G1 Z266.5
G1 E17 F9000
;TYPE:Sparse infill
;WIDTH:3.2
G1 F2779.614
G1 X293.984 Y619.604 E49.70059
G1 X380.396 Y706.016 E527.57392
G1 X391.908 Y706.016 E49.70059
;WIPE_START
G1 F600
G1 X384.908 Y706.016 E-10
;WIPE_END
G1 Z267.5 F15000
G1 X293.984 Y445.282 Z267.5
G1 Z266.5
G1 E17 F9000
G1 F2779.614
G1 X293.984 Y456.794 E49.70059
G1 X543.206 Y706.016 E1521.58569
G1 X554.718 Y706.016 E49.70059
;WIPE_START
G1 F600
G1 X547.718 Y706.016 E-10
;WIPE_END
G1 Z267.5 F15000
M73 P65 R237
G1 X706.016 Y608.092 Z267.5
G1 Z266.5
G1 E17 F9000
G1 F2779.614
G1 X706.016 Y619.604 E49.70059
G1 X619.604 Y706.016 E527.57393
G1 X608.092 Y706.016 E49.70059
;WIPE_START
G1 F600
G1 X615.092 Y706.016 E-10
;WIPE_END
G1 Z267.5 F15000
G1 X706.016 Y445.282 Z267.5
G1 Z266.5
G1 E17 F9000
G1 F2779.614
G1 X706.016 Y456.794 E49.70059
G1 X456.794 Y706.016 E1521.58571
G1 X445.282 Y706.016 E49.70059
;WIPE_START
G1 F600
G1 X452.282 Y706.016 E-10
;WIPE_END
G1 Z267.5 F15000
G1 X445.282 Y293.984 Z267.5
G1 Z266.5
M73 P66 R237
G1 E17 F9000
G1 F2779.614
G1 X456.794 Y293.984 E49.70059
G1 X706.016 Y543.206 E1521.58569
G1 X706.016 Y554.718 E49.70059
;WIPE_START
G1 F600
G1 X706.016 Y547.718 E-10
;WIPE_END
G1 Z267.5 F15000
G1 X694.503 Y293.984 Z267.5
G1 Z266.5
G1 E17 F9000
G1 F2779.614
G1 X706.016 Y293.984 E49.7003
G1 X293.984 Y706.016 E2515.59704
G1 X305.497 Y706.016 E49.70028
;WIPE_START
G1 F600
G1 X298.497 Y706.016 E-10
;WIPE_END
G1 Z267.5 F15000
G1 X305.497 Y293.984 Z267.5
G1 Z266.5
G1 E17 F9000
G1 F2779.614
G1 X293.984 Y293.984 E49.70059
G1 X706.016 Y706.016 E2515.59745
G1 X694.503 Y706.016 E49.70059
M73 P66 R236
;WIPE_START
G1 F600
G1 X701.503 Y706.016 E-10
;WIPE_END
G1 Z267.5 F15000
G1 X608.092 Y293.984 Z267.5
G1 Z266.5
G1 E17 F9000
G1 F2779.614
G1 X619.604 Y293.984 E49.70059
G1 X706.016 Y380.396 E527.57392
G1 X706.016 Y391.908 E49.70059
;WIPE_START
G1 F600
G1 X706.016 Y384.908 E-10
;WIPE_END
G1 Z267.5 F15000
G1 X554.718 Y293.984 Z267.5
G1 Z266.5
G1 E17 F9000
G1 F2779.614
G1 X543.206 Y293.984 E49.70059
G1 X293.984 Y543.206 E1521.58568
G1 X293.984 Y554.718 E49.70059
;WIPE_START
G1 F600
G1 X293.984 Y547.718 E-10
;WIPE_END
G1 Z267.5 F15000
G1 X391.908 Y293.984 Z267.5
G1 Z266.5
G1 E17 F9000
G1 F2779.614
G1 X380.396 Y293.984 E49.70059
G1 X293.984 Y380.396 E527.5739
G1 X293.984 Y391.908 E49.70059
; stop printing object Cube id:0 copy 0
;LAYER_CHANGE
;Z:268
;HEIGHT:1.5
;BEFORE_LAYER_CHANGE
;268
G92 E0

EXCLUDE_OBJECT_END NAME=Cube_id_0_copy_0
;AFTER_LAYER_CHANGE
;268
;_SET_FAN_SPEED_CHANGING_LAYER
; printing object Cube id:0 copy 0
;WIPE_START
G1 F600
G1 X293.984 Y384.908 E-10
;WIPE_END
EXCLUDE_OBJECT_START NAME=Cube_id_0_copy_0
G1 Z269 F15000
G1 X291.538 Y291.538 Z269
G1 Z268
G1 E17 F9000
;TYPE:Outer wall
;WIDTH:3.2
G1 F2779.615
G1 X708.462 Y291.538 E1799.91857
G1 X708.462 Y708.462 E1799.91857
G1 X291.538 Y708.462 E1799.91857
G1 X291.538 Y291.838 E1798.62343
;WIPE_START
G1 F600
M73 P66 R235
G1 X298.538 Y291.833 E-10
;WIPE_END
G1 Z269 F15000
G1 X293.984 Y391.908 Z269
G1 Z268
G1 E17 F9000
;TYPE:Sparse infill
;WIDTH:3.2
G1 F2779.614
G1 X293.984 Y380.396 E49.70059
G1 X380.396 Y293.984 E527.5739
G1 X391.908 Y293.984 E49.70059
;WIPE_START
G1 F600
G1 X384.908 Y293.984 E-10
;WIPE_END
G1 Z269 F15000
G1 X293.984 Y554.718 Z269
G1 Z268
G1 E17 F9000
G1 F2779.614
G1 X293.984 Y543.206 E49.70059
G1 X543.206 Y293.984 E1521.58568
G1 X554.718 Y293.984 E49.70059
;WIPE_START
G1 F600
G1 X547.718 Y293.984 E-10
;WIPE_END
G1 Z269 F15000
G1 X706.016 Y391.908 Z269
G1 Z268
G1 E17 F9000
G1 F2779.614
G1 X706.016 Y380.396 E49.70059
G1 X619.604 Y293.984 E527.57392
G1 X608.092 Y293.984 E49.70059
;WIPE_START
G1 F600
G1 X615.092 Y293.984 E-10
;WIPE_END
G1 Z269 F15000
G1 X706.016 Y554.718 Z269
G1 Z268
G1 E17 F9000
G1 F2779.614
G1 X706.016 Y543.206 E49.70059
G1 X456.794 Y293.984 E1521.58569
G1 X445.282 Y293.984 E49.70059
;WIPE_START
G1 F600
G1 X452.282 Y293.984 E-10
;WIPE_END
G1 Z269 F15000
G1 X445.282 Y706.016 Z269
G1 Z268
G1 E17 F9000
G1 F2779.614
G1 X456.794 Y706.016 E49.70059
G1 X706.016 Y456.794 E1521.58571
G1 X706.016 Y445.282 E49.70059
;WIPE_START
G1 F600
G1 X706.016 Y452.282 E-10
;WIPE_END
G1 Z269 F15000
G1 X694.503 Y706.016 Z269
G1 Z268
G1 E17 F9000
G1 F2779.614
G1 X706.016 Y706.016 E49.70059
G1 X293.984 Y293.984 E2515.59745
G1 X305.497 Y293.984 E49.70059
M73 P66 R234
;WIPE_START
G1 F600
G1 X298.497 Y293.984 E-10
;WIPE_END
G1 Z269 F15000
G1 X305.497 Y706.016 Z269
G1 Z268
G1 E17 F9000
G1 F2779.614
G1 X293.984 Y706.016 E49.70028
G1 X706.016 Y293.984 E2515.59704
G1 X694.503 Y293.984 E49.7003
;WIPE_START
G1 F600
G1 X701.503 Y293.984 E-10
;WIPE_END
G1 Z269 F15000
G1 X608.092 Y706.016 Z269
G1 Z268
G1 E17 F9000
G1 F2779.614
G1 X619.604 Y706.016 E49.70059
G1 X706.016 Y619.604 E527.57393
G1 X706.016 Y608.092 E49.70059
;WIPE_START
G1 F600
G1 X706.016 Y615.092 E-10
;WIPE_END
G1 Z269 F15000
G1 X554.718 Y706.016 Z269
G1 Z268
G1 E17 F9000
G1 F2779.614
G1 X543.206 Y706.016 E49.70059
G1 X293.984 Y456.794 E1521.58569
G1 X293.984 Y445.282 E49.70059
;WIPE_START
G1 F600
G1 X293.984 Y452.282 E-10
;WIPE_END
G1 Z269 F15000
G1 X391.908 Y706.016 Z269
G1 Z268
G1 E17 F9000
G1 F2779.614
G1 X380.396 Y706.016 E49.70059
G1 X293.984 Y619.604 E527.57392
G1 X293.984 Y608.092 E49.70059
; stop printing object Cube id:0 copy 0
;LAYER_CHANGE
;Z:269.5
;HEIGHT:1.5
;BEFORE_LAYER_CHANGE
;269.5
G92 E0

EXCLUDE_OBJECT_END NAME=Cube_id_0_copy_0
;AFTER_LAYER_CHANGE
;269.5
;_SET_FAN_SPEED_CHANGING_LAYER
; printing object Cube id:0 copy 0
;WIPE_START
G1 F600
G1 X293.984 Y615.092 E-10
;WIPE_END
EXCLUDE_OBJECT_START NAME=Cube_id_0_copy_0
G1 Z270.5 F15000
G1 X291.538 Y708.462 Z270.5
G1 Z269.5
G1 E17 F9000
;TYPE:Outer wall
;WIDTH:3.2
G1 F2779.615
G1 X291.538 Y291.538 E1799.91857
G1 X708.462 Y291.538 E1799.91857
G1 X708.462 Y708.462 E1799.91857
M73 P66 R233
G1 X291.838 Y708.462 E1798.62343
;WIPE_START
G1 F600
G1 X291.833 Y701.462 E-10
;WIPE_END
G1 Z270.5 F15000
G1 X293.984 Y608.092 Z270.5
G1 Z269.5
G1 E17 F9000
;TYPE:Sparse infill
;WIDTH:3.2
G1 F2779.614
G1 X293.984 Y619.604 E49.70059
G1 X380.396 Y706.016 E527.57392
G1 X391.908 Y706.016 E49.70059
;WIPE_START
G1 F600
G1 X384.908 Y706.016 E-10
;WIPE_END
G1 Z270.5 F15000
G1 X293.984 Y445.282 Z270.5
G1 Z269.5
G1 E17 F9000
G1 F2779.614
G1 X293.984 Y456.794 E49.70059
G1 X543.206 Y706.016 E1521.58569
G1 X554.718 Y706.016 E49.70059
;WIPE_START
G1 F600
G1 X547.718 Y706.016 E-10
;WIPE_END
G1 Z270.5 F15000
G1 X706.016 Y608.092 Z270.5
G1 Z269.5
G1 E17 F9000
G1 F2779.614
G1 X706.016 Y619.604 E49.70059
G1 X619.604 Y706.016 E527.57393
G1 X608.092 Y706.016 E49.70059
;WIPE_START
G1 F600
G1 X615.092 Y706.016 E-10
;WIPE_END
G1 Z270.5 F15000
G1 X706.016 Y445.282 Z270.5
G1 Z269.5
G1 E17 F9000
G1 F2779.614
G1 X706.016 Y456.794 E49.70059
G1 X456.794 Y706.016 E1521.58571
G1 X445.282 Y706.016 E49.70059
;WIPE_START
G1 F600
G1 X452.282 Y706.016 E-10
;WIPE_END
G1 Z270.5 F15000
G1 X445.282 Y293.984 Z270.5
G1 Z269.5
G1 E17 F9000
G1 F2779.614
G1 X456.794 Y293.984 E49.70059
G1 X706.016 Y543.206 E1521.58569
G1 X706.016 Y554.718 E49.70059
M73 P66 R232
;WIPE_START
G1 F600
G1 X706.016 Y547.718 E-10
;WIPE_END
G1 Z270.5 F15000
G1 X694.503 Y293.984 Z270.5
G1 Z269.5
G1 E17 F9000
G1 F2779.614
G1 X706.016 Y293.984 E49.7003
G1 X293.984 Y706.016 E2515.59704
G1 X305.497 Y706.016 E49.70028
;WIPE_START
G1 F600
G1 X298.497 Y706.016 E-10
;WIPE_END
G1 Z270.5 F15000
G1 X305.497 Y293.984 Z270.5
G1 Z269.5
G1 E17 F9000
G1 F2779.614
G1 X293.984 Y293.984 E49.70059
G1 X706.016 Y706.016 E2515.59745
G1 X694.503 Y706.016 E49.70059
;WIPE_START
G1 F600
G1 X701.503 Y706.016 E-10
;WIPE_END
G1 Z270.5 F15000
G1 X608.092 Y293.984 Z270.5
G1 Z269.5
G1 E17 F9000
G1 F2779.614
G1 X619.604 Y293.984 E49.70059
G1 X706.016 Y380.396 E527.57392
G1 X706.016 Y391.908 E49.70059
;WIPE_START
G1 F600
G1 X706.016 Y384.908 E-10
;WIPE_END
G1 Z270.5 F15000
G1 X554.718 Y293.984 Z270.5
G1 Z269.5
G1 E17 F9000
G1 F2779.614
G1 X543.206 Y293.984 E49.70059
G1 X293.984 Y543.206 E1521.58568
G1 X293.984 Y554.718 E49.70059
;WIPE_START
G1 F600
G1 X293.984 Y547.718 E-10
;WIPE_END
G1 Z270.5 F15000
G1 X391.908 Y293.984 Z270.5
G1 Z269.5
G1 E17 F9000
G1 F2779.614
G1 X380.396 Y293.984 E49.70059
G1 X293.984 Y380.396 E527.5739
G1 X293.984 Y391.908 E49.70059
M73 P66 R231
; stop printing object Cube id:0 copy 0
;LAYER_CHANGE
;Z:271
;HEIGHT:1.5
;BEFORE_LAYER_CHANGE
;271
G92 E0

EXCLUDE_OBJECT_END NAME=Cube_id_0_copy_0
;AFTER_LAYER_CHANGE
;271
;_SET_FAN_SPEED_CHANGING_LAYER
; printing object Cube id:0 copy 0
;WIPE_START
G1 F600
G1 X293.984 Y384.908 E-10
;WIPE_END
EXCLUDE_OBJECT_START NAME=Cube_id_0_copy_0
G1 Z272 F15000
G1 X291.538 Y291.538 Z272
G1 Z271
G1 E17 F9000
;TYPE:Outer wall
;WIDTH:3.2
G1 F2779.615
G1 X708.462 Y291.538 E1799.91857
G1 X708.462 Y708.462 E1799.91857
G1 X291.538 Y708.462 E1799.91857
G1 X291.538 Y291.838 E1798.62343
;WIPE_START
G1 F600
G1 X298.538 Y291.833 E-10
;WIPE_END
G1 Z272 F15000
G1 X293.984 Y391.908 Z272
G1 Z271
G1 E17 F9000
;TYPE:Sparse infill
;WIDTH:3.2
G1 F2779.614
G1 X293.984 Y380.396 E49.70059
G1 X380.396 Y293.984 E527.5739
G1 X391.908 Y293.984 E49.70059
;WIPE_START
G1 F600
G1 X384.908 Y293.984 E-10
;WIPE_END
G1 Z272 F15000
G1 X293.984 Y554.718 Z272
G1 Z271
G1 E17 F9000
G1 F2779.614
G1 X293.984 Y543.206 E49.70059
G1 X543.206 Y293.984 E1521.58568
G1 X554.718 Y293.984 E49.70059
;WIPE_START
G1 F600
G1 X547.718 Y293.984 E-10
;WIPE_END
G1 Z272 F15000
G1 X706.016 Y391.908 Z272
G1 Z271
G1 E17 F9000
G1 F2779.614
G1 X706.016 Y380.396 E49.70059
G1 X619.604 Y293.984 E527.57392
G1 X608.092 Y293.984 E49.70059
M73 P66 R230
;WIPE_START
G1 F600
G1 X615.092 Y293.984 E-10
;WIPE_END
G1 Z272 F15000
G1 X706.016 Y554.718 Z272
G1 Z271
G1 E17 F9000
G1 F2779.614
G1 X706.016 Y543.206 E49.70059
G1 X456.794 Y293.984 E1521.58569
G1 X445.282 Y293.984 E49.70059
;WIPE_START
G1 F600
G1 X452.282 Y293.984 E-10
;WIPE_END
G1 Z272 F15000
G1 X445.282 Y706.016 Z272
G1 Z271
G1 E17 F9000
G1 F2779.614
G1 X456.794 Y706.016 E49.70059
G1 X706.016 Y456.794 E1521.58571
M73 P67 R230
G1 X706.016 Y445.282 E49.70059
;WIPE_START
G1 F600
G1 X706.016 Y452.282 E-10
;WIPE_END
G1 Z272 F15000
G1 X694.503 Y706.016 Z272
G1 Z271
G1 E17 F9000
G1 F2779.614
G1 X706.016 Y706.016 E49.70059
G1 X293.984 Y293.984 E2515.59745
G1 X305.497 Y293.984 E49.70059
;WIPE_START
G1 F600
G1 X298.497 Y293.984 E-10
;WIPE_END
G1 Z272 F15000
G1 X305.497 Y706.016 Z272
G1 Z271
G1 E17 F9000
G1 F2779.614
G1 X293.984 Y706.016 E49.70028
G1 X706.016 Y293.984 E2515.59704
G1 X694.503 Y293.984 E49.7003
;WIPE_START
G1 F600
G1 X701.503 Y293.984 E-10
;WIPE_END
G1 Z272 F15000
G1 X608.092 Y706.016 Z272
G1 Z271
M73 P67 R229
G1 E17 F9000
G1 F2779.614
G1 X619.604 Y706.016 E49.70059
G1 X706.016 Y619.604 E527.57393
G1 X706.016 Y608.092 E49.70059
;WIPE_START
G1 F600
G1 X706.016 Y615.092 E-10
;WIPE_END
G1 Z272 F15000
G1 X554.718 Y706.016 Z272
G1 Z271
G1 E17 F9000
G1 F2779.614
G1 X543.206 Y706.016 E49.70059
G1 X293.984 Y456.794 E1521.58569
G1 X293.984 Y445.282 E49.70059
;WIPE_START
G1 F600
G1 X293.984 Y452.282 E-10
;WIPE_END
G1 Z272 F15000
G1 X391.908 Y706.016 Z272
G1 Z271
G1 E17 F9000
G1 F2779.614
G1 X380.396 Y706.016 E49.70059
G1 X293.984 Y619.604 E527.57392
G1 X293.984 Y608.092 E49.70059
; stop printing object Cube id:0 copy 0
;LAYER_CHANGE
;Z:272.5
;HEIGHT:1.5
;BEFORE_LAYER_CHANGE
;272.5
G92 E0

EXCLUDE_OBJECT_END NAME=Cube_id_0_copy_0
;AFTER_LAYER_CHANGE
;272.5
;_SET_FAN_SPEED_CHANGING_LAYER
; printing object Cube id:0 copy 0
;WIPE_START
G1 F600
G1 X293.984 Y615.092 E-10
;WIPE_END
EXCLUDE_OBJECT_START NAME=Cube_id_0_copy_0
G1 Z273.5 F15000
G1 X291.538 Y708.462 Z273.5
G1 Z272.5
G1 E17 F9000
;TYPE:Outer wall
;WIDTH:3.2
G1 F2779.615
G1 X291.538 Y291.538 E1799.91857
G1 X708.462 Y291.538 E1799.91857
G1 X708.462 Y708.462 E1799.91857
G1 X291.838 Y708.462 E1798.62343
;WIPE_START
G1 F600
M73 P67 R228
G1 X291.833 Y701.462 E-10
;WIPE_END
G1 Z273.5 F15000
G1 X293.984 Y608.092 Z273.5
G1 Z272.5
G1 E17 F9000
;TYPE:Sparse infill
;WIDTH:3.2
G1 F2779.614
G1 X293.984 Y619.604 E49.70059
G1 X380.396 Y706.016 E527.57392
G1 X391.908 Y706.016 E49.70059
;WIPE_START
G1 F600
G1 X384.908 Y706.016 E-10
;WIPE_END
G1 Z273.5 F15000
G1 X293.984 Y445.282 Z273.5
G1 Z272.5
G1 E17 F9000
G1 F2779.614
G1 X293.984 Y456.794 E49.70059
G1 X543.206 Y706.016 E1521.58569
G1 X554.718 Y706.016 E49.70059
;WIPE_START
G1 F600
G1 X547.718 Y706.016 E-10
;WIPE_END
G1 Z273.5 F15000
G1 X706.016 Y608.092 Z273.5
G1 Z272.5
G1 E17 F9000
G1 F2779.614
G1 X706.016 Y619.604 E49.70059
G1 X619.604 Y706.016 E527.57393
G1 X608.092 Y706.016 E49.70059
;WIPE_START
G1 F600
G1 X615.092 Y706.016 E-10
;WIPE_END
G1 Z273.5 F15000
G1 X706.016 Y445.282 Z273.5
G1 Z272.5
G1 E17 F9000
G1 F2779.614
G1 X706.016 Y456.794 E49.70059
G1 X456.794 Y706.016 E1521.58571
G1 X445.282 Y706.016 E49.70059
;WIPE_START
G1 F600
G1 X452.282 Y706.016 E-10
;WIPE_END
G1 Z273.5 F15000
G1 X445.282 Y293.984 Z273.5
G1 Z272.5
G1 E17 F9000
G1 F2779.614
G1 X456.794 Y293.984 E49.70059
G1 X706.016 Y543.206 E1521.58569
G1 X706.016 Y554.718 E49.70059
;WIPE_START
G1 F600
G1 X706.016 Y547.718 E-10
;WIPE_END
G1 Z273.5 F15000
G1 X694.503 Y293.984 Z273.5
G1 Z272.5
G1 E17 F9000
G1 F2779.614
G1 X706.016 Y293.984 E49.7003
G1 X293.984 Y706.016 E2515.59704
G1 X305.497 Y706.016 E49.70028
M73 P67 R227
;WIPE_START
G1 F600
G1 X298.497 Y706.016 E-10
;WIPE_END
G1 Z273.5 F15000
G1 X305.497 Y293.984 Z273.5
G1 Z272.5
G1 E17 F9000
G1 F2779.614
G1 X293.984 Y293.984 E49.70059
G1 X706.016 Y706.016 E2515.59745
G1 X694.503 Y706.016 E49.70059
;WIPE_START
G1 F600
G1 X701.503 Y706.016 E-10
;WIPE_END
G1 Z273.5 F15000
G1 X608.092 Y293.984 Z273.5
G1 Z272.5
G1 E17 F9000
G1 F2779.614
G1 X619.604 Y293.984 E49.70059
G1 X706.016 Y380.396 E527.57392
G1 X706.016 Y391.908 E49.70059
;WIPE_START
G1 F600
G1 X706.016 Y384.908 E-10
;WIPE_END
G1 Z273.5 F15000
G1 X554.718 Y293.984 Z273.5
G1 Z272.5
G1 E17 F9000
G1 F2779.614
G1 X543.206 Y293.984 E49.70059
G1 X293.984 Y543.206 E1521.58568
G1 X293.984 Y554.718 E49.70059
;WIPE_START
G1 F600
G1 X293.984 Y547.718 E-10
;WIPE_END
G1 Z273.5 F15000
G1 X391.908 Y293.984 Z273.5
G1 Z272.5
G1 E17 F9000
G1 F2779.614
G1 X380.396 Y293.984 E49.70059
G1 X293.984 Y380.396 E527.5739
G1 X293.984 Y391.908 E49.70059
; stop printing object Cube id:0 copy 0
;LAYER_CHANGE
;Z:274
;HEIGHT:1.5
;BEFORE_LAYER_CHANGE
;274
G92 E0

EXCLUDE_OBJECT_END NAME=Cube_id_0_copy_0
;AFTER_LAYER_CHANGE
;274
;_SET_FAN_SPEED_CHANGING_LAYER
; printing object Cube id:0 copy 0
;WIPE_START
G1 F600
G1 X293.984 Y384.908 E-10
;WIPE_END
EXCLUDE_OBJECT_START NAME=Cube_id_0_copy_0
G1 Z275 F15000
G1 X291.538 Y291.538 Z275
G1 Z274
G1 E17 F9000
;TYPE:Outer wall
;WIDTH:3.2
G1 F2779.615
G1 X708.462 Y291.538 E1799.91857
G1 X708.462 Y708.462 E1799.91857
G1 X291.538 Y708.462 E1799.91857
M73 P67 R226
G1 X291.538 Y291.838 E1798.62343
;WIPE_START
G1 F600
G1 X298.538 Y291.833 E-10
;WIPE_END
G1 Z275 F15000
G1 X293.984 Y391.908 Z275
G1 Z274
G1 E17 F9000
;TYPE:Sparse infill
;WIDTH:3.2
G1 F2779.614
G1 X293.984 Y380.396 E49.70059
G1 X380.396 Y293.984 E527.5739
G1 X391.908 Y293.984 E49.70059
;WIPE_START
G1 F600
G1 X384.908 Y293.984 E-10
;WIPE_END
G1 Z275 F15000
G1 X293.984 Y554.718 Z275
G1 Z274
G1 E17 F9000
G1 F2779.614
G1 X293.984 Y543.206 E49.70059
G1 X543.206 Y293.984 E1521.58568
G1 X554.718 Y293.984 E49.70059
;WIPE_START
G1 F600
G1 X547.718 Y293.984 E-10
;WIPE_END
G1 Z275 F15000
G1 X706.016 Y391.908 Z275
G1 Z274
G1 E17 F9000
G1 F2779.614
G1 X706.016 Y380.396 E49.70059
G1 X619.604 Y293.984 E527.57392
G1 X608.092 Y293.984 E49.70059
;WIPE_START
G1 F600
G1 X615.092 Y293.984 E-10
;WIPE_END
G1 Z275 F15000
G1 X706.016 Y554.718 Z275
G1 Z274
G1 E17 F9000
G1 F2779.614
G1 X706.016 Y543.206 E49.70059
G1 X456.794 Y293.984 E1521.58569
G1 X445.282 Y293.984 E49.70059
;WIPE_START
G1 F600
G1 X452.282 Y293.984 E-10
;WIPE_END
G1 Z275 F15000
G1 X445.282 Y706.016 Z275
G1 Z274
G1 E17 F9000
G1 F2779.614
G1 X456.794 Y706.016 E49.70059
G1 X706.016 Y456.794 E1521.58571
G1 X706.016 Y445.282 E49.70059
M73 P67 R225
;WIPE_START
G1 F600
G1 X706.016 Y452.282 E-10
;WIPE_END
G1 Z275 F15000
G1 X694.503 Y706.016 Z275
G1 Z274
G1 E17 F9000
G1 F2779.614
G1 X706.016 Y706.016 E49.70059
G1 X293.984 Y293.984 E2515.59745
G1 X305.497 Y293.984 E49.70059
;WIPE_START
G1 F600
G1 X298.497 Y293.984 E-10
;WIPE_END
G1 Z275 F15000
G1 X305.497 Y706.016 Z275
G1 Z274
G1 E17 F9000
G1 F2779.614
G1 X293.984 Y706.016 E49.70028
G1 X706.016 Y293.984 E2515.59704
G1 X694.503 Y293.984 E49.7003
;WIPE_START
G1 F600
G1 X701.503 Y293.984 E-10
;WIPE_END
G1 Z275 F15000
G1 X608.092 Y706.016 Z275
G1 Z274
G1 E17 F9000
G1 F2779.614
G1 X619.604 Y706.016 E49.70059
G1 X706.016 Y619.604 E527.57393
G1 X706.016 Y608.092 E49.70059
;WIPE_START
G1 F600
G1 X706.016 Y615.092 E-10
;WIPE_END
G1 Z275 F15000
G1 X554.718 Y706.016 Z275
G1 Z274
G1 E17 F9000
G1 F2779.614
G1 X543.206 Y706.016 E49.70059
G1 X293.984 Y456.794 E1521.58569
G1 X293.984 Y445.282 E49.70059
;WIPE_START
G1 F600
G1 X293.984 Y452.282 E-10
;WIPE_END
G1 Z275 F15000
G1 X391.908 Y706.016 Z275
G1 Z274
G1 E17 F9000
G1 F2779.614
G1 X380.396 Y706.016 E49.70059
G1 X293.984 Y619.604 E527.57392
G1 X293.984 Y608.092 E49.70059
; stop printing object Cube id:0 copy 0
;LAYER_CHANGE
;Z:275.5
;HEIGHT:1.5
;BEFORE_LAYER_CHANGE
;275.5
G92 E0

EXCLUDE_OBJECT_END NAME=Cube_id_0_copy_0
;AFTER_LAYER_CHANGE
;275.5
;_SET_FAN_SPEED_CHANGING_LAYER
; printing object Cube id:0 copy 0
;WIPE_START
G1 F600
G1 X293.984 Y615.092 E-10
;WIPE_END
EXCLUDE_OBJECT_START NAME=Cube_id_0_copy_0
G1 Z276.5 F15000
M73 P67 R224
G1 X291.538 Y708.462 Z276.5
G1 Z275.5
G1 E17 F9000
;TYPE:Outer wall
;WIDTH:3.2
G1 F2779.615
G1 X291.538 Y291.538 E1799.91857
G1 X708.462 Y291.538 E1799.91857
G1 X708.462 Y708.462 E1799.91857
G1 X291.838 Y708.462 E1798.62343
;WIPE_START
G1 F600
G1 X291.833 Y701.462 E-10
;WIPE_END
G1 Z276.5 F15000
G1 X293.984 Y608.092 Z276.5
G1 Z275.5
G1 E17 F9000
;TYPE:Sparse infill
;WIDTH:3.2
G1 F2779.614
G1 X293.984 Y619.604 E49.70059
G1 X380.396 Y706.016 E527.57392
G1 X391.908 Y706.016 E49.70059
;WIPE_START
G1 F600
G1 X384.908 Y706.016 E-10
;WIPE_END
G1 Z276.5 F15000
G1 X293.984 Y445.282 Z276.5
G1 Z275.5
G1 E17 F9000
G1 F2779.614
G1 X293.984 Y456.794 E49.70059
G1 X543.206 Y706.016 E1521.58569
G1 X554.718 Y706.016 E49.70059
;WIPE_START
G1 F600
G1 X547.718 Y706.016 E-10
;WIPE_END
G1 Z276.5 F15000
G1 X706.016 Y608.092 Z276.5
G1 Z275.5
G1 E17 F9000
G1 F2779.614
G1 X706.016 Y619.604 E49.70059
G1 X619.604 Y706.016 E527.57393
G1 X608.092 Y706.016 E49.70059
M73 P67 R223
;WIPE_START
G1 F600
G1 X615.092 Y706.016 E-10
;WIPE_END
G1 Z276.5 F15000
G1 X706.016 Y445.282 Z276.5
G1 Z275.5
G1 E17 F9000
G1 F2779.614
G1 X706.016 Y456.794 E49.70059
G1 X456.794 Y706.016 E1521.58571
G1 X445.282 Y706.016 E49.70059
;WIPE_START
G1 F600
G1 X452.282 Y706.016 E-10
;WIPE_END
G1 Z276.5 F15000
G1 X445.282 Y293.984 Z276.5
G1 Z275.5
G1 E17 F9000
G1 F2779.614
G1 X456.794 Y293.984 E49.70059
G1 X706.016 Y543.206 E1521.58569
G1 X706.016 Y554.718 E49.70059
M73 P68 R223
;WIPE_START
G1 F600
G1 X706.016 Y547.718 E-10
;WIPE_END
G1 Z276.5 F15000
G1 X694.503 Y293.984 Z276.5
G1 Z275.5
G1 E17 F9000
G1 F2779.614
G1 X706.016 Y293.984 E49.7003
G1 X293.984 Y706.016 E2515.59704
G1 X305.497 Y706.016 E49.70028
;WIPE_START
G1 F600
G1 X298.497 Y706.016 E-10
;WIPE_END
G1 Z276.5 F15000
G1 X305.497 Y293.984 Z276.5
G1 Z275.5
G1 E17 F9000
G1 F2779.614
G1 X293.984 Y293.984 E49.70059
G1 X706.016 Y706.016 E2515.59745
G1 X694.503 Y706.016 E49.70059
;WIPE_START
G1 F600
G1 X701.503 Y706.016 E-10
;WIPE_END
G1 Z276.5 F15000
G1 X608.092 Y293.984 Z276.5
G1 Z275.5
G1 E17 F9000
G1 F2779.614
G1 X619.604 Y293.984 E49.70059
G1 X706.016 Y380.396 E527.57392
G1 X706.016 Y391.908 E49.70059
M73 P68 R222
;WIPE_START
G1 F600
G1 X706.016 Y384.908 E-10
;WIPE_END
G1 Z276.5 F15000
G1 X554.718 Y293.984 Z276.5
G1 Z275.5
G1 E17 F9000
G1 F2779.614
G1 X543.206 Y293.984 E49.70059
G1 X293.984 Y543.206 E1521.58568
G1 X293.984 Y554.718 E49.70059
;WIPE_START
G1 F600
G1 X293.984 Y547.718 E-10
;WIPE_END
G1 Z276.5 F15000
G1 X391.908 Y293.984 Z276.5
G1 Z275.5
G1 E17 F9000
G1 F2779.614
G1 X380.396 Y293.984 E49.70059
G1 X293.984 Y380.396 E527.5739
G1 X293.984 Y391.908 E49.70059
; stop printing object Cube id:0 copy 0
;LAYER_CHANGE
;Z:277
;HEIGHT:1.5
;BEFORE_LAYER_CHANGE
;277
G92 E0

EXCLUDE_OBJECT_END NAME=Cube_id_0_copy_0
;AFTER_LAYER_CHANGE
;277
;_SET_FAN_SPEED_CHANGING_LAYER
; printing object Cube id:0 copy 0
;WIPE_START
G1 F600
G1 X293.984 Y384.908 E-10
;WIPE_END
EXCLUDE_OBJECT_START NAME=Cube_id_0_copy_0
G1 Z278 F15000
G1 X291.538 Y291.538 Z278
G1 Z277
G1 E17 F9000
;TYPE:Outer wall
;WIDTH:3.2
G1 F2779.615
G1 X708.462 Y291.538 E1799.91857
G1 X708.462 Y708.462 E1799.91857
G1 X291.538 Y708.462 E1799.91857
G1 X291.538 Y291.838 E1798.62343
;WIPE_START
G1 F600
G1 X298.538 Y291.833 E-10
;WIPE_END
G1 Z278 F15000
G1 X293.984 Y391.908 Z278
G1 Z277
G1 E17 F9000
;TYPE:Sparse infill
;WIDTH:3.2
G1 F2779.614
G1 X293.984 Y380.396 E49.70059
G1 X380.396 Y293.984 E527.5739
G1 X391.908 Y293.984 E49.70059
M73 P68 R221
;WIPE_START
G1 F600
G1 X384.908 Y293.984 E-10
;WIPE_END
G1 Z278 F15000
G1 X293.984 Y554.718 Z278
G1 Z277
G1 E17 F9000
G1 F2779.614
G1 X293.984 Y543.206 E49.70059
G1 X543.206 Y293.984 E1521.58568
G1 X554.718 Y293.984 E49.70059
;WIPE_START
G1 F600
G1 X547.718 Y293.984 E-10
;WIPE_END
G1 Z278 F15000
G1 X706.016 Y391.908 Z278
G1 Z277
G1 E17 F9000
G1 F2779.614
G1 X706.016 Y380.396 E49.70059
G1 X619.604 Y293.984 E527.57392
G1 X608.092 Y293.984 E49.70059
;WIPE_START
G1 F600
G1 X615.092 Y293.984 E-10
;WIPE_END
G1 Z278 F15000
G1 X706.016 Y554.718 Z278
G1 Z277
G1 E17 F9000
G1 F2779.614
G1 X706.016 Y543.206 E49.70059
G1 X456.794 Y293.984 E1521.58569
G1 X445.282 Y293.984 E49.70059
;WIPE_START
G1 F600
G1 X452.282 Y293.984 E-10
;WIPE_END
G1 Z278 F15000
G1 X445.282 Y706.016 Z278
G1 Z277
G1 E17 F9000
G1 F2779.614
G1 X456.794 Y706.016 E49.70059
G1 X706.016 Y456.794 E1521.58571
G1 X706.016 Y445.282 E49.70059
;WIPE_START
G1 F600
G1 X706.016 Y452.282 E-10
;WIPE_END
G1 Z278 F15000
G1 X694.503 Y706.016 Z278
G1 Z277
G1 E17 F9000
G1 F2779.614
G1 X706.016 Y706.016 E49.70059
G1 X293.984 Y293.984 E2515.59745
G1 X305.497 Y293.984 E49.70059
;WIPE_START
G1 F600
G1 X298.497 Y293.984 E-10
;WIPE_END
G1 Z278 F15000
G1 X305.497 Y706.016 Z278
G1 Z277
M73 P68 R220
G1 E17 F9000
G1 F2779.614
G1 X293.984 Y706.016 E49.70028
G1 X706.016 Y293.984 E2515.59704
G1 X694.503 Y293.984 E49.7003
;WIPE_START
G1 F600
G1 X701.503 Y293.984 E-10
;WIPE_END
G1 Z278 F15000
G1 X608.092 Y706.016 Z278
G1 Z277
G1 E17 F9000
G1 F2779.614
G1 X619.604 Y706.016 E49.70059
G1 X706.016 Y619.604 E527.57393
G1 X706.016 Y608.092 E49.70059
;WIPE_START
G1 F600
G1 X706.016 Y615.092 E-10
;WIPE_END
G1 Z278 F15000
G1 X554.718 Y706.016 Z278
G1 Z277
G1 E17 F9000
G1 F2779.614
G1 X543.206 Y706.016 E49.70059
G1 X293.984 Y456.794 E1521.58569
G1 X293.984 Y445.282 E49.70059
;WIPE_START
G1 F600
G1 X293.984 Y452.282 E-10
;WIPE_END
G1 Z278 F15000
G1 X391.908 Y706.016 Z278
G1 Z277
G1 E17 F9000
G1 F2779.614
G1 X380.396 Y706.016 E49.70059
G1 X293.984 Y619.604 E527.57392
G1 X293.984 Y608.092 E49.70059
; stop printing object Cube id:0 copy 0
;LAYER_CHANGE
;Z:278.5
;HEIGHT:1.5
;BEFORE_LAYER_CHANGE
;278.5
G92 E0

EXCLUDE_OBJECT_END NAME=Cube_id_0_copy_0
;AFTER_LAYER_CHANGE
;278.5
;_SET_FAN_SPEED_CHANGING_LAYER
; printing object Cube id:0 copy 0
;WIPE_START
G1 F600
G1 X293.984 Y615.092 E-10
;WIPE_END
EXCLUDE_OBJECT_START NAME=Cube_id_0_copy_0
G1 Z279.5 F15000
G1 X291.538 Y708.462 Z279.5
G1 Z278.5
G1 E17 F9000
;TYPE:Outer wall
;WIDTH:3.2
G1 F2779.615
G1 X291.538 Y291.538 E1799.91857
G1 X708.462 Y291.538 E1799.91857
G1 X708.462 Y708.462 E1799.91857
G1 X291.838 Y708.462 E1798.62343
M73 P68 R219
;WIPE_START
G1 F600
G1 X291.833 Y701.462 E-10
;WIPE_END
G1 Z279.5 F15000
G1 X293.984 Y608.092 Z279.5
G1 Z278.5
G1 E17 F9000
;TYPE:Sparse infill
;WIDTH:3.2
G1 F2779.614
G1 X293.984 Y619.604 E49.70059
G1 X380.396 Y706.016 E527.57392
G1 X391.908 Y706.016 E49.70059
;WIPE_START
G1 F600
G1 X384.908 Y706.016 E-10
;WIPE_END
G1 Z279.5 F15000
G1 X293.984 Y445.282 Z279.5
G1 Z278.5
G1 E17 F9000
G1 F2779.614
G1 X293.984 Y456.794 E49.70059
G1 X543.206 Y706.016 E1521.58569
G1 X554.718 Y706.016 E49.70059
;WIPE_START
G1 F600
G1 X547.718 Y706.016 E-10
;WIPE_END
G1 Z279.5 F15000
G1 X706.016 Y608.092 Z279.5
G1 Z278.5
G1 E17 F9000
G1 F2779.614
G1 X706.016 Y619.604 E49.70059
G1 X619.604 Y706.016 E527.57393
G1 X608.092 Y706.016 E49.70059
;WIPE_START
G1 F600
G1 X615.092 Y706.016 E-10
;WIPE_END
G1 Z279.5 F15000
G1 X706.016 Y445.282 Z279.5
G1 Z278.5
G1 E17 F9000
G1 F2779.614
G1 X706.016 Y456.794 E49.70059
G1 X456.794 Y706.016 E1521.58571
G1 X445.282 Y706.016 E49.70059
;WIPE_START
G1 F600
G1 X452.282 Y706.016 E-10
;WIPE_END
G1 Z279.5 F15000
G1 X445.282 Y293.984 Z279.5
G1 Z278.5
G1 E17 F9000
G1 F2779.614
G1 X456.794 Y293.984 E49.70059
G1 X706.016 Y543.206 E1521.58569
G1 X706.016 Y554.718 E49.70059
M73 P68 R218
;WIPE_START
G1 F600
G1 X706.016 Y547.718 E-10
;WIPE_END
G1 Z279.5 F15000
G1 X694.503 Y293.984 Z279.5
G1 Z278.5
G1 E17 F9000
G1 F2779.614
G1 X706.016 Y293.984 E49.7003
G1 X293.984 Y706.016 E2515.59704
G1 X305.497 Y706.016 E49.70028
;WIPE_START
G1 F600
G1 X298.497 Y706.016 E-10
;WIPE_END
G1 Z279.5 F15000
G1 X305.497 Y293.984 Z279.5
G1 Z278.5
G1 E17 F9000
G1 F2779.614
G1 X293.984 Y293.984 E49.70059
G1 X706.016 Y706.016 E2515.59745
G1 X694.503 Y706.016 E49.70059
;WIPE_START
G1 F600
G1 X701.503 Y706.016 E-10
;WIPE_END
G1 Z279.5 F15000
G1 X608.092 Y293.984 Z279.5
G1 Z278.5
G1 E17 F9000
G1 F2779.614
G1 X619.604 Y293.984 E49.70059
G1 X706.016 Y380.396 E527.57392
G1 X706.016 Y391.908 E49.70059
;WIPE_START
G1 F600
G1 X706.016 Y384.908 E-10
;WIPE_END
G1 Z279.5 F15000
G1 X554.718 Y293.984 Z279.5
G1 Z278.5
G1 E17 F9000
G1 F2779.614
G1 X543.206 Y293.984 E49.70059
G1 X293.984 Y543.206 E1521.58568
G1 X293.984 Y554.718 E49.70059
;WIPE_START
G1 F600
G1 X293.984 Y547.718 E-10
;WIPE_END
G1 Z279.5 F15000
G1 X391.908 Y293.984 Z279.5
G1 Z278.5
G1 E17 F9000
G1 F2779.614
G1 X380.396 Y293.984 E49.70059
G1 X293.984 Y380.396 E527.5739
G1 X293.984 Y391.908 E49.70059
; stop printing object Cube id:0 copy 0
;LAYER_CHANGE
;Z:280
;HEIGHT:1.5
;BEFORE_LAYER_CHANGE
;280
G92 E0

EXCLUDE_OBJECT_END NAME=Cube_id_0_copy_0
;AFTER_LAYER_CHANGE
;280
;_SET_FAN_SPEED_CHANGING_LAYER
; printing object Cube id:0 copy 0
;WIPE_START
G1 F600
G1 X293.984 Y384.908 E-10
;WIPE_END
EXCLUDE_OBJECT_START NAME=Cube_id_0_copy_0
G1 Z281 F15000
G1 X291.538 Y291.538 Z281
G1 Z280
G1 E17 F9000
;TYPE:Outer wall
;WIDTH:3.2
G1 F2779.615
G1 X708.462 Y291.538 E1799.91857
G1 X708.462 Y708.462 E1799.91857
M73 P68 R217
G1 X291.538 Y708.462 E1799.91857
G1 X291.538 Y291.838 E1798.62343
;WIPE_START
G1 F600
G1 X298.538 Y291.833 E-10
;WIPE_END
G1 Z281 F15000
G1 X293.984 Y391.908 Z281
G1 Z280
G1 E17 F9000
;TYPE:Sparse infill
;WIDTH:3.2
G1 F2779.614
G1 X293.984 Y380.396 E49.70059
G1 X380.396 Y293.984 E527.5739
G1 X391.908 Y293.984 E49.70059
;WIPE_START
G1 F600
G1 X384.908 Y293.984 E-10
;WIPE_END
G1 Z281 F15000
G1 X293.984 Y554.718 Z281
G1 Z280
G1 E17 F9000
G1 F2779.614
G1 X293.984 Y543.206 E49.70059
G1 X543.206 Y293.984 E1521.58568
G1 X554.718 Y293.984 E49.70059
;WIPE_START
G1 F600
G1 X547.718 Y293.984 E-10
;WIPE_END
G1 Z281 F15000
G1 X706.016 Y391.908 Z281
G1 Z280
G1 E17 F9000
G1 F2779.614
G1 X706.016 Y380.396 E49.70059
G1 X619.604 Y293.984 E527.57392
G1 X608.092 Y293.984 E49.70059
;WIPE_START
G1 F600
G1 X615.092 Y293.984 E-10
;WIPE_END
G1 Z281 F15000
G1 X706.016 Y554.718 Z281
G1 Z280
M73 P68 R216
G1 E17 F9000
G1 F2779.614
G1 X706.016 Y543.206 E49.70059
G1 X456.794 Y293.984 E1521.58569
G1 X445.282 Y293.984 E49.70059
;WIPE_START
G1 F600
G1 X452.282 Y293.984 E-10
;WIPE_END
G1 Z281 F15000
G1 X445.282 Y706.016 Z281
G1 Z280
G1 E17 F9000
G1 F2779.614
G1 X456.794 Y706.016 E49.70059
G1 X706.016 Y456.794 E1521.58571
G1 X706.016 Y445.282 E49.70059
M73 P69 R216
;WIPE_START
G1 F600
G1 X706.016 Y452.282 E-10
;WIPE_END
G1 Z281 F15000
G1 X694.503 Y706.016 Z281
G1 Z280
G1 E17 F9000
G1 F2779.614
G1 X706.016 Y706.016 E49.70059
G1 X293.984 Y293.984 E2515.59745
G1 X305.497 Y293.984 E49.70059
;WIPE_START
G1 F600
G1 X298.497 Y293.984 E-10
;WIPE_END
G1 Z281 F15000
G1 X305.497 Y706.016 Z281
G1 Z280
G1 E17 F9000
G1 F2779.614
G1 X293.984 Y706.016 E49.70028
G1 X706.016 Y293.984 E2515.59704
G1 X694.503 Y293.984 E49.7003
;WIPE_START
G1 F600
G1 X701.503 Y293.984 E-10
;WIPE_END
G1 Z281 F15000
G1 X608.092 Y706.016 Z281
G1 Z280
G1 E17 F9000
G1 F2779.614
G1 X619.604 Y706.016 E49.70059
G1 X706.016 Y619.604 E527.57393
G1 X706.016 Y608.092 E49.70059
;WIPE_START
G1 F600
G1 X706.016 Y615.092 E-10
;WIPE_END
G1 Z281 F15000
M73 P69 R215
G1 X554.718 Y706.016 Z281
G1 Z280
G1 E17 F9000
G1 F2779.614
G1 X543.206 Y706.016 E49.70059
G1 X293.984 Y456.794 E1521.58569
G1 X293.984 Y445.282 E49.70059
;WIPE_START
G1 F600
G1 X293.984 Y452.282 E-10
;WIPE_END
G1 Z281 F15000
G1 X391.908 Y706.016 Z281
G1 Z280
G1 E17 F9000
G1 F2779.614
G1 X380.396 Y706.016 E49.70059
G1 X293.984 Y619.604 E527.57392
G1 X293.984 Y608.092 E49.70059
; stop printing object Cube id:0 copy 0
;LAYER_CHANGE
;Z:281.5
;HEIGHT:1.5
;BEFORE_LAYER_CHANGE
;281.5
G92 E0

EXCLUDE_OBJECT_END NAME=Cube_id_0_copy_0
;AFTER_LAYER_CHANGE
;281.5
;_SET_FAN_SPEED_CHANGING_LAYER
; printing object Cube id:0 copy 0
;WIPE_START
G1 F600
G1 X293.984 Y615.092 E-10
;WIPE_END
EXCLUDE_OBJECT_START NAME=Cube_id_0_copy_0
G1 Z282.5 F15000
G1 X291.538 Y708.462 Z282.5
G1 Z281.5
G1 E17 F9000
;TYPE:Outer wall
;WIDTH:3.2
G1 F2779.615
G1 X291.538 Y291.538 E1799.91857
G1 X708.462 Y291.538 E1799.91857
G1 X708.462 Y708.462 E1799.91857
G1 X291.838 Y708.462 E1798.62343
;WIPE_START
G1 F600
G1 X291.833 Y701.462 E-10
;WIPE_END
G1 Z282.5 F15000
G1 X293.984 Y608.092 Z282.5
G1 Z281.5
G1 E17 F9000
;TYPE:Sparse infill
;WIDTH:3.2
G1 F2779.614
G1 X293.984 Y619.604 E49.70059
G1 X380.396 Y706.016 E527.57392
G1 X391.908 Y706.016 E49.70059
;WIPE_START
G1 F600
M73 P69 R214
G1 X384.908 Y706.016 E-10
;WIPE_END
G1 Z282.5 F15000
G1 X293.984 Y445.282 Z282.5
G1 Z281.5
G1 E17 F9000
G1 F2779.614
G1 X293.984 Y456.794 E49.70059
G1 X543.206 Y706.016 E1521.58569
G1 X554.718 Y706.016 E49.70059
;WIPE_START
G1 F600
G1 X547.718 Y706.016 E-10
;WIPE_END
G1 Z282.5 F15000
G1 X706.016 Y608.092 Z282.5
G1 Z281.5
G1 E17 F9000
G1 F2779.614
G1 X706.016 Y619.604 E49.70059
G1 X619.604 Y706.016 E527.57393
G1 X608.092 Y706.016 E49.70059
;WIPE_START
G1 F600
G1 X615.092 Y706.016 E-10
;WIPE_END
G1 Z282.5 F15000
G1 X706.016 Y445.282 Z282.5
G1 Z281.5
G1 E17 F9000
G1 F2779.614
G1 X706.016 Y456.794 E49.70059
G1 X456.794 Y706.016 E1521.58571
G1 X445.282 Y706.016 E49.70059
;WIPE_START
G1 F600
G1 X452.282 Y706.016 E-10
;WIPE_END
G1 Z282.5 F15000
G1 X445.282 Y293.984 Z282.5
G1 Z281.5
G1 E17 F9000
G1 F2779.614
G1 X456.794 Y293.984 E49.70059
G1 X706.016 Y543.206 E1521.58569
G1 X706.016 Y554.718 E49.70059
;WIPE_START
G1 F600
G1 X706.016 Y547.718 E-10
;WIPE_END
G1 Z282.5 F15000
G1 X694.503 Y293.984 Z282.5
G1 Z281.5
G1 E17 F9000
G1 F2779.614
G1 X706.016 Y293.984 E49.7003
G1 X293.984 Y706.016 E2515.59704
G1 X305.497 Y706.016 E49.70028
;WIPE_START
G1 F600
G1 X298.497 Y706.016 E-10
;WIPE_END
G1 Z282.5 F15000
G1 X305.497 Y293.984 Z282.5
G1 Z281.5
G1 E17 F9000
G1 F2779.614
G1 X293.984 Y293.984 E49.70059
G1 X706.016 Y706.016 E2515.59745
G1 X694.503 Y706.016 E49.70059
M73 P69 R213
;WIPE_START
G1 F600
G1 X701.503 Y706.016 E-10
;WIPE_END
G1 Z282.5 F15000
G1 X608.092 Y293.984 Z282.5
G1 Z281.5
G1 E17 F9000
G1 F2779.614
G1 X619.604 Y293.984 E49.70059
G1 X706.016 Y380.396 E527.57392
G1 X706.016 Y391.908 E49.70059
;WIPE_START
G1 F600
G1 X706.016 Y384.908 E-10
;WIPE_END
G1 Z282.5 F15000
G1 X554.718 Y293.984 Z282.5
G1 Z281.5
G1 E17 F9000
G1 F2779.614
G1 X543.206 Y293.984 E49.70059
G1 X293.984 Y543.206 E1521.58568
G1 X293.984 Y554.718 E49.70059
;WIPE_START
G1 F600
G1 X293.984 Y547.718 E-10
;WIPE_END
G1 Z282.5 F15000
G1 X391.908 Y293.984 Z282.5
G1 Z281.5
G1 E17 F9000
G1 F2779.614
G1 X380.396 Y293.984 E49.70059
G1 X293.984 Y380.396 E527.5739
G1 X293.984 Y391.908 E49.70059
; stop printing object Cube id:0 copy 0
;LAYER_CHANGE
;Z:283
;HEIGHT:1.5
;BEFORE_LAYER_CHANGE
;283
G92 E0

EXCLUDE_OBJECT_END NAME=Cube_id_0_copy_0
;AFTER_LAYER_CHANGE
;283
;_SET_FAN_SPEED_CHANGING_LAYER
; printing object Cube id:0 copy 0
;WIPE_START
G1 F600
G1 X293.984 Y384.908 E-10
;WIPE_END
EXCLUDE_OBJECT_START NAME=Cube_id_0_copy_0
G1 Z284 F15000
G1 X291.538 Y291.538 Z284
G1 Z283
G1 E17 F9000
;TYPE:Outer wall
;WIDTH:3.2
G1 F2779.615
G1 X708.462 Y291.538 E1799.91857
G1 X708.462 Y708.462 E1799.91857
G1 X291.538 Y708.462 E1799.91857
G1 X291.538 Y291.838 E1798.62343
M73 P69 R212
;WIPE_START
G1 F600
G1 X298.538 Y291.833 E-10
;WIPE_END
G1 Z284 F15000
G1 X293.984 Y391.908 Z284
G1 Z283
G1 E17 F9000
;TYPE:Sparse infill
;WIDTH:3.2
G1 F2779.614
G1 X293.984 Y380.396 E49.70059
G1 X380.396 Y293.984 E527.5739
G1 X391.908 Y293.984 E49.70059
;WIPE_START
G1 F600
G1 X384.908 Y293.984 E-10
;WIPE_END
G1 Z284 F15000
G1 X293.984 Y554.718 Z284
G1 Z283
G1 E17 F9000
G1 F2779.614
G1 X293.984 Y543.206 E49.70059
G1 X543.206 Y293.984 E1521.58568
G1 X554.718 Y293.984 E49.70059
;WIPE_START
G1 F600
G1 X547.718 Y293.984 E-10
;WIPE_END
G1 Z284 F15000
G1 X706.016 Y391.908 Z284
G1 Z283
G1 E17 F9000
G1 F2779.614
G1 X706.016 Y380.396 E49.70059
G1 X619.604 Y293.984 E527.57392
G1 X608.092 Y293.984 E49.70059
;WIPE_START
G1 F600
G1 X615.092 Y293.984 E-10
;WIPE_END
G1 Z284 F15000
G1 X706.016 Y554.718 Z284
G1 Z283
G1 E17 F9000
G1 F2779.614
G1 X706.016 Y543.206 E49.70059
G1 X456.794 Y293.984 E1521.58569
G1 X445.282 Y293.984 E49.70059
;WIPE_START
G1 F600
G1 X452.282 Y293.984 E-10
;WIPE_END
G1 Z284 F15000
G1 X445.282 Y706.016 Z284
G1 Z283
G1 E17 F9000
G1 F2779.614
G1 X456.794 Y706.016 E49.70059
G1 X706.016 Y456.794 E1521.58571
G1 X706.016 Y445.282 E49.70059
;WIPE_START
G1 F600
G1 X706.016 Y452.282 E-10
;WIPE_END
G1 Z284 F15000
G1 X694.503 Y706.016 Z284
G1 Z283
M73 P69 R211
G1 E17 F9000
G1 F2779.614
G1 X706.016 Y706.016 E49.70059
G1 X293.984 Y293.984 E2515.59745
G1 X305.497 Y293.984 E49.70059
;WIPE_START
G1 F600
G1 X298.497 Y293.984 E-10
;WIPE_END
G1 Z284 F15000
G1 X305.497 Y706.016 Z284
G1 Z283
G1 E17 F9000
G1 F2779.614
G1 X293.984 Y706.016 E49.70028
G1 X706.016 Y293.984 E2515.59704
G1 X694.503 Y293.984 E49.7003
;WIPE_START
G1 F600
G1 X701.503 Y293.984 E-10
;WIPE_END
G1 Z284 F15000
G1 X608.092 Y706.016 Z284
G1 Z283
G1 E17 F9000
G1 F2779.614
G1 X619.604 Y706.016 E49.70059
G1 X706.016 Y619.604 E527.57393
G1 X706.016 Y608.092 E49.70059
;WIPE_START
G1 F600
G1 X706.016 Y615.092 E-10
;WIPE_END
G1 Z284 F15000
G1 X554.718 Y706.016 Z284
G1 Z283
G1 E17 F9000
G1 F2779.614
G1 X543.206 Y706.016 E49.70059
G1 X293.984 Y456.794 E1521.58569
G1 X293.984 Y445.282 E49.70059
;WIPE_START
G1 F600
G1 X293.984 Y452.282 E-10
;WIPE_END
G1 Z284 F15000
G1 X391.908 Y706.016 Z284
G1 Z283
G1 E17 F9000
G1 F2779.614
G1 X380.396 Y706.016 E49.70059
G1 X293.984 Y619.604 E527.57392
G1 X293.984 Y608.092 E49.70059
; stop printing object Cube id:0 copy 0
;LAYER_CHANGE
;Z:284.5
;HEIGHT:1.5
;BEFORE_LAYER_CHANGE
;284.5
G92 E0

EXCLUDE_OBJECT_END NAME=Cube_id_0_copy_0
;AFTER_LAYER_CHANGE
;284.5
;_SET_FAN_SPEED_CHANGING_LAYER
; printing object Cube id:0 copy 0
;WIPE_START
G1 F600
G1 X293.984 Y615.092 E-10
;WIPE_END
EXCLUDE_OBJECT_START NAME=Cube_id_0_copy_0
G1 Z285.5 F15000
G1 X291.538 Y708.462 Z285.5
G1 Z284.5
G1 E17 F9000
;TYPE:Outer wall
;WIDTH:3.2
G1 F2779.615
G1 X291.538 Y291.538 E1799.91857
G1 X708.462 Y291.538 E1799.91857
M73 P69 R210
G1 X708.462 Y708.462 E1799.91857
G1 X291.838 Y708.462 E1798.62343
;WIPE_START
G1 F600
G1 X291.833 Y701.462 E-10
;WIPE_END
G1 Z285.5 F15000
G1 X293.984 Y608.092 Z285.5
G1 Z284.5
G1 E17 F9000
;TYPE:Sparse infill
;WIDTH:3.2
G1 F2779.614
G1 X293.984 Y619.604 E49.70059
G1 X380.396 Y706.016 E527.57392
G1 X391.908 Y706.016 E49.70059
;WIPE_START
G1 F600
G1 X384.908 Y706.016 E-10
;WIPE_END
G1 Z285.5 F15000
G1 X293.984 Y445.282 Z285.5
G1 Z284.5
G1 E17 F9000
G1 F2779.614
G1 X293.984 Y456.794 E49.70059
G1 X543.206 Y706.016 E1521.58569
G1 X554.718 Y706.016 E49.70059
;WIPE_START
G1 F600
G1 X547.718 Y706.016 E-10
;WIPE_END
G1 Z285.5 F15000
G1 X706.016 Y608.092 Z285.5
G1 Z284.5
G1 E17 F9000
G1 F2779.614
G1 X706.016 Y619.604 E49.70059
G1 X619.604 Y706.016 E527.57393
G1 X608.092 Y706.016 E49.70059
;WIPE_START
G1 F600
G1 X615.092 Y706.016 E-10
;WIPE_END
G1 Z285.5 F15000
G1 X706.016 Y445.282 Z285.5
G1 Z284.5
G1 E17 F9000
G1 F2779.614
G1 X706.016 Y456.794 E49.70059
G1 X456.794 Y706.016 E1521.58571
G1 X445.282 Y706.016 E49.70059
M73 P69 R209
;WIPE_START
G1 F600
G1 X452.282 Y706.016 E-10
;WIPE_END
G1 Z285.5 F15000
G1 X445.282 Y293.984 Z285.5
G1 Z284.5
G1 E17 F9000
G1 F2779.614
G1 X456.794 Y293.984 E49.70059
G1 X706.016 Y543.206 E1521.58569
G1 X706.016 Y554.718 E49.70059
M73 P70 R209
;WIPE_START
G1 F600
G1 X706.016 Y547.718 E-10
;WIPE_END
G1 Z285.5 F15000
G1 X694.503 Y293.984 Z285.5
G1 Z284.5
G1 E17 F9000
G1 F2779.614
G1 X706.016 Y293.984 E49.7003
G1 X293.984 Y706.016 E2515.59704
G1 X305.497 Y706.016 E49.70028
;WIPE_START
G1 F600
G1 X298.497 Y706.016 E-10
;WIPE_END
G1 Z285.5 F15000
G1 X305.497 Y293.984 Z285.5
G1 Z284.5
G1 E17 F9000
G1 F2779.614
G1 X293.984 Y293.984 E49.70059
G1 X706.016 Y706.016 E2515.59745
G1 X694.503 Y706.016 E49.70059
;WIPE_START
G1 F600
G1 X701.503 Y706.016 E-10
;WIPE_END
G1 Z285.5 F15000
G1 X608.092 Y293.984 Z285.5
G1 Z284.5
G1 E17 F9000
G1 F2779.614
G1 X619.604 Y293.984 E49.70059
G1 X706.016 Y380.396 E527.57392
G1 X706.016 Y391.908 E49.70059
;WIPE_START
G1 F600
G1 X706.016 Y384.908 E-10
;WIPE_END
G1 Z285.5 F15000
G1 X554.718 Y293.984 Z285.5
G1 Z284.5
G1 E17 F9000
G1 F2779.614
G1 X543.206 Y293.984 E49.70059
G1 X293.984 Y543.206 E1521.58568
G1 X293.984 Y554.718 E49.70059
M73 P70 R208
;WIPE_START
G1 F600
G1 X293.984 Y547.718 E-10
;WIPE_END
G1 Z285.5 F15000
G1 X391.908 Y293.984 Z285.5
G1 Z284.5
G1 E17 F9000
G1 F2779.614
G1 X380.396 Y293.984 E49.70059
G1 X293.984 Y380.396 E527.5739
G1 X293.984 Y391.908 E49.70059
; stop printing object Cube id:0 copy 0
;LAYER_CHANGE
;Z:286
;HEIGHT:1.5
;BEFORE_LAYER_CHANGE
;286
G92 E0

EXCLUDE_OBJECT_END NAME=Cube_id_0_copy_0
;AFTER_LAYER_CHANGE
;286
;_SET_FAN_SPEED_CHANGING_LAYER
; printing object Cube id:0 copy 0
;WIPE_START
G1 F600
G1 X293.984 Y384.908 E-10
;WIPE_END
EXCLUDE_OBJECT_START NAME=Cube_id_0_copy_0
G1 Z287 F15000
G1 X291.538 Y291.538 Z287
G1 Z286
G1 E17 F9000
;TYPE:Outer wall
;WIDTH:3.2
G1 F2779.615
G1 X708.462 Y291.538 E1799.91857
G1 X708.462 Y708.462 E1799.91857
G1 X291.538 Y708.462 E1799.91857
G1 X291.538 Y291.838 E1798.62343
;WIPE_START
G1 F600
G1 X298.538 Y291.833 E-10
;WIPE_END
G1 Z287 F15000
G1 X293.984 Y391.908 Z287
G1 Z286
G1 E17 F9000
;TYPE:Sparse infill
;WIDTH:3.2
G1 F2779.614
G1 X293.984 Y380.396 E49.70059
G1 X380.396 Y293.984 E527.5739
G1 X391.908 Y293.984 E49.70059
;WIPE_START
G1 F600
G1 X384.908 Y293.984 E-10
;WIPE_END
G1 Z287 F15000
G1 X293.984 Y554.718 Z287
G1 Z286
G1 E17 F9000
M73 P70 R207
G1 F2779.614
G1 X293.984 Y543.206 E49.70059
G1 X543.206 Y293.984 E1521.58568
G1 X554.718 Y293.984 E49.70059
;WIPE_START
G1 F600
G1 X547.718 Y293.984 E-10
;WIPE_END
G1 Z287 F15000
G1 X706.016 Y391.908 Z287
G1 Z286
G1 E17 F9000
G1 F2779.614
G1 X706.016 Y380.396 E49.70059
G1 X619.604 Y293.984 E527.57392
G1 X608.092 Y293.984 E49.70059
;WIPE_START
G1 F600
G1 X615.092 Y293.984 E-10
;WIPE_END
G1 Z287 F15000
G1 X706.016 Y554.718 Z287
G1 Z286
G1 E17 F9000
G1 F2779.614
G1 X706.016 Y543.206 E49.70059
G1 X456.794 Y293.984 E1521.58569
G1 X445.282 Y293.984 E49.70059
;WIPE_START
G1 F600
G1 X452.282 Y293.984 E-10
;WIPE_END
G1 Z287 F15000
G1 X445.282 Y706.016 Z287
G1 Z286
G1 E17 F9000
G1 F2779.614
G1 X456.794 Y706.016 E49.70059
G1 X706.016 Y456.794 E1521.58571
G1 X706.016 Y445.282 E49.70059
;WIPE_START
G1 F600
G1 X706.016 Y452.282 E-10
;WIPE_END
G1 Z287 F15000
G1 X694.503 Y706.016 Z287
G1 Z286
G1 E17 F9000
G1 F2779.614
G1 X706.016 Y706.016 E49.70059
G1 X293.984 Y293.984 E2515.59745
G1 X305.497 Y293.984 E49.70059
;WIPE_START
G1 F600
G1 X298.497 Y293.984 E-10
;WIPE_END
G1 Z287 F15000
G1 X305.497 Y706.016 Z287
G1 Z286
G1 E17 F9000
G1 F2779.614
G1 X293.984 Y706.016 E49.70028
G1 X706.016 Y293.984 E2515.59704
G1 X694.503 Y293.984 E49.7003
M73 P70 R206
;WIPE_START
G1 F600
G1 X701.503 Y293.984 E-10
;WIPE_END
G1 Z287 F15000
G1 X608.092 Y706.016 Z287
G1 Z286
G1 E17 F9000
G1 F2779.614
G1 X619.604 Y706.016 E49.70059
G1 X706.016 Y619.604 E527.57393
G1 X706.016 Y608.092 E49.70059
;WIPE_START
G1 F600
G1 X706.016 Y615.092 E-10
;WIPE_END
G1 Z287 F15000
G1 X554.718 Y706.016 Z287
G1 Z286
G1 E17 F9000
G1 F2779.614
G1 X543.206 Y706.016 E49.70059
G1 X293.984 Y456.794 E1521.58569
G1 X293.984 Y445.282 E49.70059
;WIPE_START
G1 F600
G1 X293.984 Y452.282 E-10
;WIPE_END
G1 Z287 F15000
G1 X391.908 Y706.016 Z287
G1 Z286
G1 E17 F9000
G1 F2779.614
G1 X380.396 Y706.016 E49.70059
G1 X293.984 Y619.604 E527.57392
G1 X293.984 Y608.092 E49.70059
; stop printing object Cube id:0 copy 0
;LAYER_CHANGE
;Z:287.5
;HEIGHT:1.5
;BEFORE_LAYER_CHANGE
;287.5
G92 E0

EXCLUDE_OBJECT_END NAME=Cube_id_0_copy_0
;AFTER_LAYER_CHANGE
;287.5
;_SET_FAN_SPEED_CHANGING_LAYER
; printing object Cube id:0 copy 0
;WIPE_START
G1 F600
G1 X293.984 Y615.092 E-10
;WIPE_END
EXCLUDE_OBJECT_START NAME=Cube_id_0_copy_0
G1 Z288.5 F15000
G1 X291.538 Y708.462 Z288.5
G1 Z287.5
G1 E17 F9000
;TYPE:Outer wall
;WIDTH:3.2
G1 F2779.615
G1 X291.538 Y291.538 E1799.91857
G1 X708.462 Y291.538 E1799.91857
G1 X708.462 Y708.462 E1799.91857
G1 X291.838 Y708.462 E1798.62343
M73 P70 R205
;WIPE_START
G1 F600
G1 X291.833 Y701.462 E-10
;WIPE_END
G1 Z288.5 F15000
G1 X293.984 Y608.092 Z288.5
G1 Z287.5
G1 E17 F9000
;TYPE:Sparse infill
;WIDTH:3.2
G1 F2779.614
G1 X293.984 Y619.604 E49.70059
G1 X380.396 Y706.016 E527.57392
G1 X391.908 Y706.016 E49.70059
;WIPE_START
G1 F600
G1 X384.908 Y706.016 E-10
;WIPE_END
G1 Z288.5 F15000
G1 X293.984 Y445.282 Z288.5
G1 Z287.5
G1 E17 F9000
G1 F2779.614
G1 X293.984 Y456.794 E49.70059
G1 X543.206 Y706.016 E1521.58569
G1 X554.718 Y706.016 E49.70059
;WIPE_START
G1 F600
G1 X547.718 Y706.016 E-10
;WIPE_END
G1 Z288.5 F15000
G1 X706.016 Y608.092 Z288.5
G1 Z287.5
G1 E17 F9000
G1 F2779.614
G1 X706.016 Y619.604 E49.70059
G1 X619.604 Y706.016 E527.57393
G1 X608.092 Y706.016 E49.70059
;WIPE_START
G1 F600
G1 X615.092 Y706.016 E-10
;WIPE_END
G1 Z288.5 F15000
G1 X706.016 Y445.282 Z288.5
G1 Z287.5
G1 E17 F9000
G1 F2779.614
G1 X706.016 Y456.794 E49.70059
G1 X456.794 Y706.016 E1521.58571
G1 X445.282 Y706.016 E49.70059
;WIPE_START
G1 F600
G1 X452.282 Y706.016 E-10
;WIPE_END
G1 Z288.5 F15000
G1 X445.282 Y293.984 Z288.5
G1 Z287.5
G1 E17 F9000
G1 F2779.614
G1 X456.794 Y293.984 E49.70059
G1 X706.016 Y543.206 E1521.58569
G1 X706.016 Y554.718 E49.70059
;WIPE_START
G1 F600
G1 X706.016 Y547.718 E-10
;WIPE_END
G1 Z288.5 F15000
G1 X694.503 Y293.984 Z288.5
G1 Z287.5
G1 E17 F9000
G1 F2779.614
G1 X706.016 Y293.984 E49.7003
G1 X293.984 Y706.016 E2515.59704
G1 X305.497 Y706.016 E49.70028
M73 P70 R204
;WIPE_START
G1 F600
G1 X298.497 Y706.016 E-10
;WIPE_END
G1 Z288.5 F15000
G1 X305.497 Y293.984 Z288.5
G1 Z287.5
G1 E17 F9000
G1 F2779.614
G1 X293.984 Y293.984 E49.70059
G1 X706.016 Y706.016 E2515.59745
G1 X694.503 Y706.016 E49.70059
;WIPE_START
G1 F600
G1 X701.503 Y706.016 E-10
;WIPE_END
G1 Z288.5 F15000
G1 X608.092 Y293.984 Z288.5
G1 Z287.5
G1 E17 F9000
G1 F2779.614
G1 X619.604 Y293.984 E49.70059
G1 X706.016 Y380.396 E527.57392
G1 X706.016 Y391.908 E49.70059
;WIPE_START
G1 F600
G1 X706.016 Y384.908 E-10
;WIPE_END
G1 Z288.5 F15000
G1 X554.718 Y293.984 Z288.5
G1 Z287.5
G1 E17 F9000
G1 F2779.614
G1 X543.206 Y293.984 E49.70059
G1 X293.984 Y543.206 E1521.58568
G1 X293.984 Y554.718 E49.70059
;WIPE_START
G1 F600
G1 X293.984 Y547.718 E-10
;WIPE_END
G1 Z288.5 F15000
G1 X391.908 Y293.984 Z288.5
G1 Z287.5
G1 E17 F9000
G1 F2779.614
G1 X380.396 Y293.984 E49.70059
G1 X293.984 Y380.396 E527.5739
G1 X293.984 Y391.908 E49.70059
; stop printing object Cube id:0 copy 0
;LAYER_CHANGE
;Z:289
;HEIGHT:1.5
;BEFORE_LAYER_CHANGE
;289
G92 E0

EXCLUDE_OBJECT_END NAME=Cube_id_0_copy_0
;AFTER_LAYER_CHANGE
;289
;_SET_FAN_SPEED_CHANGING_LAYER
; printing object Cube id:0 copy 0
;WIPE_START
G1 F600
G1 X293.984 Y384.908 E-10
;WIPE_END
EXCLUDE_OBJECT_START NAME=Cube_id_0_copy_0
G1 Z290 F15000
G1 X291.538 Y291.538 Z290
G1 Z289
G1 E17 F9000
;TYPE:Outer wall
;WIDTH:3.2
G1 F2779.615
G1 X708.462 Y291.538 E1799.91857
G1 X708.462 Y708.462 E1799.91857
M73 P70 R203
G1 X291.538 Y708.462 E1799.91857
G1 X291.538 Y291.838 E1798.62343
;WIPE_START
G1 F600
G1 X298.538 Y291.833 E-10
;WIPE_END
G1 Z290 F15000
G1 X293.984 Y391.908 Z290
G1 Z289
G1 E17 F9000
;TYPE:Sparse infill
;WIDTH:3.2
G1 F2779.614
G1 X293.984 Y380.396 E49.70059
G1 X380.396 Y293.984 E527.5739
G1 X391.908 Y293.984 E49.70059
;WIPE_START
G1 F600
G1 X384.908 Y293.984 E-10
;WIPE_END
G1 Z290 F15000
G1 X293.984 Y554.718 Z290
G1 Z289
G1 E17 F9000
G1 F2779.614
G1 X293.984 Y543.206 E49.70059
G1 X543.206 Y293.984 E1521.58568
G1 X554.718 Y293.984 E49.70059
;WIPE_START
G1 F600
G1 X547.718 Y293.984 E-10
;WIPE_END
G1 Z290 F15000
G1 X706.016 Y391.908 Z290
G1 Z289
G1 E17 F9000
G1 F2779.614
G1 X706.016 Y380.396 E49.70059
G1 X619.604 Y293.984 E527.57392
G1 X608.092 Y293.984 E49.70059
;WIPE_START
G1 F600
G1 X615.092 Y293.984 E-10
;WIPE_END
G1 Z290 F15000
G1 X706.016 Y554.718 Z290
G1 Z289
G1 E17 F9000
G1 F2779.614
G1 X706.016 Y543.206 E49.70059
G1 X456.794 Y293.984 E1521.58569
G1 X445.282 Y293.984 E49.70059
M73 P70 R202
;WIPE_START
G1 F600
G1 X452.282 Y293.984 E-10
;WIPE_END
G1 Z290 F15000
G1 X445.282 Y706.016 Z290
G1 Z289
G1 E17 F9000
G1 F2779.614
G1 X456.794 Y706.016 E49.70059
G1 X706.016 Y456.794 E1521.58571
G1 X706.016 Y445.282 E49.70059
M73 P71 R202
;WIPE_START
G1 F600
G1 X706.016 Y452.282 E-10
;WIPE_END
G1 Z290 F15000
G1 X694.503 Y706.016 Z290
G1 Z289
G1 E17 F9000
G1 F2779.614
G1 X706.016 Y706.016 E49.70059
G1 X293.984 Y293.984 E2515.59745
G1 X305.497 Y293.984 E49.70059
;WIPE_START
G1 F600
G1 X298.497 Y293.984 E-10
;WIPE_END
G1 Z290 F15000
G1 X305.497 Y706.016 Z290
G1 Z289
G1 E17 F9000
G1 F2779.614
G1 X293.984 Y706.016 E49.70028
G1 X706.016 Y293.984 E2515.59704
G1 X694.503 Y293.984 E49.7003
;WIPE_START
G1 F600
G1 X701.503 Y293.984 E-10
;WIPE_END
G1 Z290 F15000
G1 X608.092 Y706.016 Z290
G1 Z289
G1 E17 F9000
G1 F2779.614
G1 X619.604 Y706.016 E49.70059
G1 X706.016 Y619.604 E527.57393
G1 X706.016 Y608.092 E49.70059
;WIPE_START
G1 F600
G1 X706.016 Y615.092 E-10
;WIPE_END
G1 Z290 F15000
G1 X554.718 Y706.016 Z290
G1 Z289
G1 E17 F9000
G1 F2779.614
G1 X543.206 Y706.016 E49.70059
G1 X293.984 Y456.794 E1521.58569
G1 X293.984 Y445.282 E49.70059
M73 P71 R201
;WIPE_START
G1 F600
G1 X293.984 Y452.282 E-10
;WIPE_END
G1 Z290 F15000
G1 X391.908 Y706.016 Z290
G1 Z289
G1 E17 F9000
G1 F2779.614
G1 X380.396 Y706.016 E49.70059
G1 X293.984 Y619.604 E527.57392
G1 X293.984 Y608.092 E49.70059
; stop printing object Cube id:0 copy 0
;LAYER_CHANGE
;Z:290.5
;HEIGHT:1.5
;BEFORE_LAYER_CHANGE
;290.5
G92 E0

EXCLUDE_OBJECT_END NAME=Cube_id_0_copy_0
;AFTER_LAYER_CHANGE
;290.5
;_SET_FAN_SPEED_CHANGING_LAYER
; printing object Cube id:0 copy 0
;WIPE_START
G1 F600
G1 X293.984 Y615.092 E-10
;WIPE_END
EXCLUDE_OBJECT_START NAME=Cube_id_0_copy_0
G1 Z291.5 F15000
G1 X291.538 Y708.462 Z291.5
G1 Z290.5
G1 E17 F9000
;TYPE:Outer wall
;WIDTH:3.2
G1 F2779.615
G1 X291.538 Y291.538 E1799.91857
G1 X708.462 Y291.538 E1799.91857
G1 X708.462 Y708.462 E1799.91857
G1 X291.838 Y708.462 E1798.62343
;WIPE_START
G1 F600
G1 X291.833 Y701.462 E-10
;WIPE_END
G1 Z291.5 F15000
G1 X293.984 Y608.092 Z291.5
G1 Z290.5
G1 E17 F9000
;TYPE:Sparse infill
;WIDTH:3.2
G1 F2779.614
G1 X293.984 Y619.604 E49.70059
G1 X380.396 Y706.016 E527.57392
G1 X391.908 Y706.016 E49.70059
;WIPE_START
G1 F600
G1 X384.908 Y706.016 E-10
;WIPE_END
G1 Z291.5 F15000
G1 X293.984 Y445.282 Z291.5
G1 Z290.5
G1 E17 F9000
G1 F2779.614
G1 X293.984 Y456.794 E49.70059
G1 X543.206 Y706.016 E1521.58569
G1 X554.718 Y706.016 E49.70059
M73 P71 R200
;WIPE_START
G1 F600
G1 X547.718 Y706.016 E-10
;WIPE_END
G1 Z291.5 F15000
G1 X706.016 Y608.092 Z291.5
G1 Z290.5
G1 E17 F9000
G1 F2779.614
G1 X706.016 Y619.604 E49.70059
G1 X619.604 Y706.016 E527.57393
G1 X608.092 Y706.016 E49.70059
;WIPE_START
G1 F600
G1 X615.092 Y706.016 E-10
;WIPE_END
G1 Z291.5 F15000
G1 X706.016 Y445.282 Z291.5
G1 Z290.5
G1 E17 F9000
G1 F2779.614
G1 X706.016 Y456.794 E49.70059
G1 X456.794 Y706.016 E1521.58571
G1 X445.282 Y706.016 E49.70059
;WIPE_START
G1 F600
G1 X452.282 Y706.016 E-10
;WIPE_END
G1 Z291.5 F15000
G1 X445.282 Y293.984 Z291.5
G1 Z290.5
G1 E17 F9000
G1 F2779.614
G1 X456.794 Y293.984 E49.70059
G1 X706.016 Y543.206 E1521.58569
G1 X706.016 Y554.718 E49.70059
;WIPE_START
G1 F600
G1 X706.016 Y547.718 E-10
;WIPE_END
G1 Z291.5 F15000
G1 X694.503 Y293.984 Z291.5
G1 Z290.5
G1 E17 F9000
G1 F2779.614
G1 X706.016 Y293.984 E49.7003
G1 X293.984 Y706.016 E2515.59704
G1 X305.497 Y706.016 E49.70028
;WIPE_START
G1 F600
G1 X298.497 Y706.016 E-10
;WIPE_END
G1 Z291.5 F15000
G1 X305.497 Y293.984 Z291.5
G1 Z290.5
G1 E17 F9000
G1 F2779.614
G1 X293.984 Y293.984 E49.70059
G1 X706.016 Y706.016 E2515.59745
G1 X694.503 Y706.016 E49.70059
M73 P71 R199
;WIPE_START
G1 F600
G1 X701.503 Y706.016 E-10
;WIPE_END
G1 Z291.5 F15000
G1 X608.092 Y293.984 Z291.5
G1 Z290.5
G1 E17 F9000
G1 F2779.614
G1 X619.604 Y293.984 E49.70059
G1 X706.016 Y380.396 E527.57392
G1 X706.016 Y391.908 E49.70059
;WIPE_START
G1 F600
G1 X706.016 Y384.908 E-10
;WIPE_END
G1 Z291.5 F15000
G1 X554.718 Y293.984 Z291.5
G1 Z290.5
G1 E17 F9000
G1 F2779.614
G1 X543.206 Y293.984 E49.70059
G1 X293.984 Y543.206 E1521.58568
G1 X293.984 Y554.718 E49.70059
;WIPE_START
G1 F600
G1 X293.984 Y547.718 E-10
;WIPE_END
G1 Z291.5 F15000
G1 X391.908 Y293.984 Z291.5
G1 Z290.5
G1 E17 F9000
G1 F2779.614
G1 X380.396 Y293.984 E49.70059
G1 X293.984 Y380.396 E527.5739
G1 X293.984 Y391.908 E49.70059
; stop printing object Cube id:0 copy 0
;LAYER_CHANGE
;Z:292
;HEIGHT:1.5
;BEFORE_LAYER_CHANGE
;292
G92 E0

EXCLUDE_OBJECT_END NAME=Cube_id_0_copy_0
;AFTER_LAYER_CHANGE
;292
;_SET_FAN_SPEED_CHANGING_LAYER
; printing object Cube id:0 copy 0
;WIPE_START
G1 F600
G1 X293.984 Y384.908 E-10
;WIPE_END
EXCLUDE_OBJECT_START NAME=Cube_id_0_copy_0
G1 Z293 F15000
G1 X291.538 Y291.538 Z293
G1 Z292
G1 E17 F9000
;TYPE:Outer wall
;WIDTH:3.2
G1 F2779.615
G1 X708.462 Y291.538 E1799.91857
G1 X708.462 Y708.462 E1799.91857
G1 X291.538 Y708.462 E1799.91857
G1 X291.538 Y291.838 E1798.62343
M73 P71 R198
;WIPE_START
G1 F600
G1 X298.538 Y291.833 E-10
;WIPE_END
G1 Z293 F15000
G1 X293.984 Y391.908 Z293
G1 Z292
G1 E17 F9000
;TYPE:Sparse infill
;WIDTH:3.2
G1 F2779.614
G1 X293.984 Y380.396 E49.70059
G1 X380.396 Y293.984 E527.5739
G1 X391.908 Y293.984 E49.70059
;WIPE_START
G1 F600
G1 X384.908 Y293.984 E-10
;WIPE_END
G1 Z293 F15000
G1 X293.984 Y554.718 Z293
G1 Z292
G1 E17 F9000
G1 F2779.614
G1 X293.984 Y543.206 E49.70059
G1 X543.206 Y293.984 E1521.58568
G1 X554.718 Y293.984 E49.70059
;WIPE_START
G1 F600
G1 X547.718 Y293.984 E-10
;WIPE_END
G1 Z293 F15000
G1 X706.016 Y391.908 Z293
G1 Z292
G1 E17 F9000
G1 F2779.614
G1 X706.016 Y380.396 E49.70059
G1 X619.604 Y293.984 E527.57392
G1 X608.092 Y293.984 E49.70059
;WIPE_START
G1 F600
G1 X615.092 Y293.984 E-10
;WIPE_END
G1 Z293 F15000
G1 X706.016 Y554.718 Z293
G1 Z292
G1 E17 F9000
G1 F2779.614
G1 X706.016 Y543.206 E49.70059
G1 X456.794 Y293.984 E1521.58569
G1 X445.282 Y293.984 E49.70059
;WIPE_START
G1 F600
G1 X452.282 Y293.984 E-10
;WIPE_END
G1 Z293 F15000
G1 X445.282 Y706.016 Z293
G1 Z292
G1 E17 F9000
G1 F2779.614
G1 X456.794 Y706.016 E49.70059
G1 X706.016 Y456.794 E1521.58571
G1 X706.016 Y445.282 E49.70059
;WIPE_START
G1 F600
G1 X706.016 Y452.282 E-10
;WIPE_END
G1 Z293 F15000
G1 X694.503 Y706.016 Z293
G1 Z292
G1 E17 F9000
G1 F2779.614
G1 X706.016 Y706.016 E49.70059
G1 X293.984 Y293.984 E2515.59745
G1 X305.497 Y293.984 E49.70059
M73 P71 R197
;WIPE_START
G1 F600
G1 X298.497 Y293.984 E-10
;WIPE_END
G1 Z293 F15000
G1 X305.497 Y706.016 Z293
G1 Z292
G1 E17 F9000
G1 F2779.614
G1 X293.984 Y706.016 E49.70028
G1 X706.016 Y293.984 E2515.59704
G1 X694.503 Y293.984 E49.7003
;WIPE_START
G1 F600
G1 X701.503 Y293.984 E-10
;WIPE_END
G1 Z293 F15000
G1 X608.092 Y706.016 Z293
G1 Z292
G1 E17 F9000
G1 F2779.614
G1 X619.604 Y706.016 E49.70059
G1 X706.016 Y619.604 E527.57393
G1 X706.016 Y608.092 E49.70059
;WIPE_START
G1 F600
G1 X706.016 Y615.092 E-10
;WIPE_END
G1 Z293 F15000
G1 X554.718 Y706.016 Z293
G1 Z292
G1 E17 F9000
G1 F2779.614
G1 X543.206 Y706.016 E49.70059
G1 X293.984 Y456.794 E1521.58569
G1 X293.984 Y445.282 E49.70059
;WIPE_START
G1 F600
G1 X293.984 Y452.282 E-10
;WIPE_END
G1 Z293 F15000
G1 X391.908 Y706.016 Z293
G1 Z292
G1 E17 F9000
G1 F2779.614
G1 X380.396 Y706.016 E49.70059
G1 X293.984 Y619.604 E527.57392
G1 X293.984 Y608.092 E49.70059
; stop printing object Cube id:0 copy 0
;LAYER_CHANGE
;Z:293.5
;HEIGHT:1.5
;BEFORE_LAYER_CHANGE
;293.5
G92 E0

EXCLUDE_OBJECT_END NAME=Cube_id_0_copy_0
;AFTER_LAYER_CHANGE
;293.5
;_SET_FAN_SPEED_CHANGING_LAYER
; printing object Cube id:0 copy 0
;WIPE_START
G1 F600
G1 X293.984 Y615.092 E-10
;WIPE_END
EXCLUDE_OBJECT_START NAME=Cube_id_0_copy_0
G1 Z294.5 F15000
G1 X291.538 Y708.462 Z294.5
G1 Z293.5
G1 E17 F9000
;TYPE:Outer wall
;WIDTH:3.2
G1 F2779.615
G1 X291.538 Y291.538 E1799.91857
G1 X708.462 Y291.538 E1799.91857
M73 P71 R196
G1 X708.462 Y708.462 E1799.91857
G1 X291.838 Y708.462 E1798.62343
;WIPE_START
G1 F600
G1 X291.833 Y701.462 E-10
;WIPE_END
G1 Z294.5 F15000
G1 X293.984 Y608.092 Z294.5
G1 Z293.5
G1 E17 F9000
;TYPE:Sparse infill
;WIDTH:3.2
G1 F2779.614
G1 X293.984 Y619.604 E49.70059
G1 X380.396 Y706.016 E527.57392
G1 X391.908 Y706.016 E49.70059
;WIPE_START
G1 F600
G1 X384.908 Y706.016 E-10
;WIPE_END
G1 Z294.5 F15000
G1 X293.984 Y445.282 Z294.5
G1 Z293.5
G1 E17 F9000
G1 F2779.614
G1 X293.984 Y456.794 E49.70059
G1 X543.206 Y706.016 E1521.58569
G1 X554.718 Y706.016 E49.70059
;WIPE_START
G1 F600
G1 X547.718 Y706.016 E-10
;WIPE_END
G1 Z294.5 F15000
G1 X706.016 Y608.092 Z294.5
G1 Z293.5
G1 E17 F9000
G1 F2779.614
G1 X706.016 Y619.604 E49.70059
G1 X619.604 Y706.016 E527.57393
G1 X608.092 Y706.016 E49.70059
;WIPE_START
G1 F600
G1 X615.092 Y706.016 E-10
;WIPE_END
G1 Z294.5 F15000
G1 X706.016 Y445.282 Z294.5
G1 Z293.5
G1 E17 F9000
G1 F2779.614
G1 X706.016 Y456.794 E49.70059
G1 X456.794 Y706.016 E1521.58571
G1 X445.282 Y706.016 E49.70059
M73 P71 R195
;WIPE_START
G1 F600
G1 X452.282 Y706.016 E-10
;WIPE_END
G1 Z294.5 F15000
G1 X445.282 Y293.984 Z294.5
G1 Z293.5
G1 E17 F9000
G1 F2779.614
G1 X456.794 Y293.984 E49.70059
G1 X706.016 Y543.206 E1521.58569
G1 X706.016 Y554.718 E49.70059
;WIPE_START
G1 F600
G1 X706.016 Y547.718 E-10
;WIPE_END
G1 Z294.5 F15000
G1 X694.503 Y293.984 Z294.5
G1 Z293.5
M73 P72 R195
G1 E17 F9000
G1 F2779.614
G1 X706.016 Y293.984 E49.7003
G1 X293.984 Y706.016 E2515.59704
G1 X305.497 Y706.016 E49.70028
;WIPE_START
G1 F600
G1 X298.497 Y706.016 E-10
;WIPE_END
G1 Z294.5 F15000
G1 X305.497 Y293.984 Z294.5
G1 Z293.5
G1 E17 F9000
G1 F2779.614
G1 X293.984 Y293.984 E49.70059
G1 X706.016 Y706.016 E2515.59745
G1 X694.503 Y706.016 E49.70059
;WIPE_START
G1 F600
G1 X701.503 Y706.016 E-10
;WIPE_END
G1 Z294.5 F15000
G1 X608.092 Y293.984 Z294.5
G1 Z293.5
G1 E17 F9000
G1 F2779.614
G1 X619.604 Y293.984 E49.70059
G1 X706.016 Y380.396 E527.57392
G1 X706.016 Y391.908 E49.70059
;WIPE_START
G1 F600
G1 X706.016 Y384.908 E-10
;WIPE_END
G1 Z294.5 F15000
G1 X554.718 Y293.984 Z294.5
G1 Z293.5
G1 E17 F9000
G1 F2779.614
G1 X543.206 Y293.984 E49.70059
G1 X293.984 Y543.206 E1521.58568
G1 X293.984 Y554.718 E49.70059
M73 P72 R194
;WIPE_START
G1 F600
G1 X293.984 Y547.718 E-10
;WIPE_END
G1 Z294.5 F15000
G1 X391.908 Y293.984 Z294.5
G1 Z293.5
G1 E17 F9000
G1 F2779.614
G1 X380.396 Y293.984 E49.70059
G1 X293.984 Y380.396 E527.5739
G1 X293.984 Y391.908 E49.70059
; stop printing object Cube id:0 copy 0
;LAYER_CHANGE
;Z:295
;HEIGHT:1.5
;BEFORE_LAYER_CHANGE
;295
G92 E0

EXCLUDE_OBJECT_END NAME=Cube_id_0_copy_0
;AFTER_LAYER_CHANGE
;295
;_SET_FAN_SPEED_CHANGING_LAYER
; printing object Cube id:0 copy 0
;WIPE_START
G1 F600
G1 X293.984 Y384.908 E-10
;WIPE_END
EXCLUDE_OBJECT_START NAME=Cube_id_0_copy_0
G1 Z296 F15000
G1 X291.538 Y291.538 Z296
G1 Z295
G1 E17 F9000
;TYPE:Outer wall
;WIDTH:3.2
G1 F2779.615
G1 X708.462 Y291.538 E1799.91857
G1 X708.462 Y708.462 E1799.91857
G1 X291.538 Y708.462 E1799.91857
G1 X291.538 Y291.838 E1798.62343
;WIPE_START
G1 F600
G1 X298.538 Y291.833 E-10
;WIPE_END
G1 Z296 F15000
G1 X293.984 Y391.908 Z296
G1 Z295
G1 E17 F9000
;TYPE:Sparse infill
;WIDTH:3.2
G1 F2779.614
G1 X293.984 Y380.396 E49.70059
G1 X380.396 Y293.984 E527.5739
G1 X391.908 Y293.984 E49.70059
;WIPE_START
G1 F600
G1 X384.908 Y293.984 E-10
;WIPE_END
G1 Z296 F15000
G1 X293.984 Y554.718 Z296
G1 Z295
G1 E17 F9000
G1 F2779.614
G1 X293.984 Y543.206 E49.70059
G1 X543.206 Y293.984 E1521.58568
G1 X554.718 Y293.984 E49.70059
M73 P72 R193
;WIPE_START
G1 F600
G1 X547.718 Y293.984 E-10
;WIPE_END
G1 Z296 F15000
G1 X706.016 Y391.908 Z296
G1 Z295
G1 E17 F9000
G1 F2779.614
G1 X706.016 Y380.396 E49.70059
G1 X619.604 Y293.984 E527.57392
G1 X608.092 Y293.984 E49.70059
;WIPE_START
G1 F600
G1 X615.092 Y293.984 E-10
;WIPE_END
G1 Z296 F15000
G1 X706.016 Y554.718 Z296
G1 Z295
G1 E17 F9000
G1 F2779.614
G1 X706.016 Y543.206 E49.70059
G1 X456.794 Y293.984 E1521.58569
G1 X445.282 Y293.984 E49.70059
;WIPE_START
G1 F600
G1 X452.282 Y293.984 E-10
;WIPE_END
G1 Z296 F15000
G1 X445.282 Y706.016 Z296
G1 Z295
G1 E17 F9000
G1 F2779.614
G1 X456.794 Y706.016 E49.70059
G1 X706.016 Y456.794 E1521.58571
G1 X706.016 Y445.282 E49.70059
;WIPE_START
G1 F600
G1 X706.016 Y452.282 E-10
;WIPE_END
G1 Z296 F15000
G1 X694.503 Y706.016 Z296
G1 Z295
G1 E17 F9000
G1 F2779.614
G1 X706.016 Y706.016 E49.70059
G1 X293.984 Y293.984 E2515.59745
G1 X305.497 Y293.984 E49.70059
;WIPE_START
G1 F600
G1 X298.497 Y293.984 E-10
;WIPE_END
G1 Z296 F15000
G1 X305.497 Y706.016 Z296
G1 Z295
G1 E17 F9000
G1 F2779.614
G1 X293.984 Y706.016 E49.70028
G1 X706.016 Y293.984 E2515.59704
G1 X694.503 Y293.984 E49.7003
M73 P72 R192
;WIPE_START
G1 F600
G1 X701.503 Y293.984 E-10
;WIPE_END
G1 Z296 F15000
G1 X608.092 Y706.016 Z296
G1 Z295
G1 E17 F9000
G1 F2779.614
G1 X619.604 Y706.016 E49.70059
G1 X706.016 Y619.604 E527.57393
G1 X706.016 Y608.092 E49.70059
;WIPE_START
G1 F600
G1 X706.016 Y615.092 E-10
;WIPE_END
G1 Z296 F15000
G1 X554.718 Y706.016 Z296
G1 Z295
G1 E17 F9000
G1 F2779.614
G1 X543.206 Y706.016 E49.70059
G1 X293.984 Y456.794 E1521.58569
G1 X293.984 Y445.282 E49.70059
;WIPE_START
G1 F600
G1 X293.984 Y452.282 E-10
;WIPE_END
G1 Z296 F15000
G1 X391.908 Y706.016 Z296
G1 Z295
G1 E17 F9000
G1 F2779.614
G1 X380.396 Y706.016 E49.70059
G1 X293.984 Y619.604 E527.57392
G1 X293.984 Y608.092 E49.70059
; stop printing object Cube id:0 copy 0
;LAYER_CHANGE
;Z:296.5
;HEIGHT:1.5
;BEFORE_LAYER_CHANGE
;296.5
G92 E0

EXCLUDE_OBJECT_END NAME=Cube_id_0_copy_0
;AFTER_LAYER_CHANGE
;296.5
;_SET_FAN_SPEED_CHANGING_LAYER
; printing object Cube id:0 copy 0
;WIPE_START
G1 F600
G1 X293.984 Y615.092 E-10
;WIPE_END
EXCLUDE_OBJECT_START NAME=Cube_id_0_copy_0
G1 Z297.5 F15000
G1 X291.538 Y708.462 Z297.5
G1 Z296.5
G1 E17 F9000
;TYPE:Outer wall
;WIDTH:3.2
G1 F2779.615
G1 X291.538 Y291.538 E1799.91857
G1 X708.462 Y291.538 E1799.91857
G1 X708.462 Y708.462 E1799.91857
G1 X291.838 Y708.462 E1798.62343
;WIPE_START
G1 F600
M73 P72 R191
G1 X291.833 Y701.462 E-10
;WIPE_END
G1 Z297.5 F15000
G1 X293.984 Y608.092 Z297.5
G1 Z296.5
G1 E17 F9000
;TYPE:Sparse infill
;WIDTH:3.2
G1 F2779.614
G1 X293.984 Y619.604 E49.70059
G1 X380.396 Y706.016 E527.57392
G1 X391.908 Y706.016 E49.70059
;WIPE_START
G1 F600
G1 X384.908 Y706.016 E-10
;WIPE_END
G1 Z297.5 F15000
G1 X293.984 Y445.282 Z297.5
G1 Z296.5
G1 E17 F9000
G1 F2779.614
G1 X293.984 Y456.794 E49.70059
G1 X543.206 Y706.016 E1521.58569
G1 X554.718 Y706.016 E49.70059
;WIPE_START
G1 F600
G1 X547.718 Y706.016 E-10
;WIPE_END
G1 Z297.5 F15000
G1 X706.016 Y608.092 Z297.5
G1 Z296.5
G1 E17 F9000
G1 F2779.614
G1 X706.016 Y619.604 E49.70059
G1 X619.604 Y706.016 E527.57393
G1 X608.092 Y706.016 E49.70059
;WIPE_START
G1 F600
G1 X615.092 Y706.016 E-10
;WIPE_END
G1 Z297.5 F15000
G1 X706.016 Y445.282 Z297.5
G1 Z296.5
G1 E17 F9000
G1 F2779.614
G1 X706.016 Y456.794 E49.70059
G1 X456.794 Y706.016 E1521.58571
G1 X445.282 Y706.016 E49.70059
;WIPE_START
G1 F600
G1 X452.282 Y706.016 E-10
;WIPE_END
G1 Z297.5 F15000
G1 X445.282 Y293.984 Z297.5
G1 Z296.5
G1 E17 F9000
G1 F2779.614
G1 X456.794 Y293.984 E49.70059
G1 X706.016 Y543.206 E1521.58569
G1 X706.016 Y554.718 E49.70059
;WIPE_START
G1 F600
G1 X706.016 Y547.718 E-10
;WIPE_END
G1 Z297.5 F15000
G1 X694.503 Y293.984 Z297.5
G1 Z296.5
G1 E17 F9000
G1 F2779.614
G1 X706.016 Y293.984 E49.7003
G1 X293.984 Y706.016 E2515.59704
G1 X305.497 Y706.016 E49.70028
M73 P72 R190
;WIPE_START
G1 F600
G1 X298.497 Y706.016 E-10
;WIPE_END
G1 Z297.5 F15000
G1 X305.497 Y293.984 Z297.5
G1 Z296.5
G1 E17 F9000
G1 F2779.614
G1 X293.984 Y293.984 E49.70059
G1 X706.016 Y706.016 E2515.59745
G1 X694.503 Y706.016 E49.70059
;WIPE_START
G1 F600
G1 X701.503 Y706.016 E-10
;WIPE_END
G1 Z297.5 F15000
G1 X608.092 Y293.984 Z297.5
G1 Z296.5
G1 E17 F9000
G1 F2779.614
G1 X619.604 Y293.984 E49.70059
G1 X706.016 Y380.396 E527.57392
G1 X706.016 Y391.908 E49.70059
;WIPE_START
G1 F600
G1 X706.016 Y384.908 E-10
;WIPE_END
G1 Z297.5 F15000
G1 X554.718 Y293.984 Z297.5
G1 Z296.5
G1 E17 F9000
G1 F2779.614
G1 X543.206 Y293.984 E49.70059
G1 X293.984 Y543.206 E1521.58568
G1 X293.984 Y554.718 E49.70059
;WIPE_START
G1 F600
G1 X293.984 Y547.718 E-10
;WIPE_END
G1 Z297.5 F15000
G1 X391.908 Y293.984 Z297.5
G1 Z296.5
G1 E17 F9000
G1 F2779.614
G1 X380.396 Y293.984 E49.70059
G1 X293.984 Y380.396 E527.5739
G1 X293.984 Y391.908 E49.70059
; stop printing object Cube id:0 copy 0
;LAYER_CHANGE
;Z:298
;HEIGHT:1.5
;BEFORE_LAYER_CHANGE
;298
G92 E0

EXCLUDE_OBJECT_END NAME=Cube_id_0_copy_0
;AFTER_LAYER_CHANGE
;298
;_SET_FAN_SPEED_CHANGING_LAYER
; printing object Cube id:0 copy 0
;WIPE_START
G1 F600
G1 X293.984 Y384.908 E-10
;WIPE_END
EXCLUDE_OBJECT_START NAME=Cube_id_0_copy_0
G1 Z299 F15000
G1 X291.538 Y291.538 Z299
G1 Z298
G1 E17 F9000
;TYPE:Outer wall
;WIDTH:3.2
G1 F2779.615
G1 X708.462 Y291.538 E1799.91857
G1 X708.462 Y708.462 E1799.91857
G1 X291.538 Y708.462 E1799.91857
M73 P72 R189
G1 X291.538 Y291.838 E1798.62343
;WIPE_START
G1 F600
G1 X298.538 Y291.833 E-10
;WIPE_END
G1 Z299 F15000
G1 X293.984 Y391.908 Z299
G1 Z298
G1 E17 F9000
;TYPE:Sparse infill
;WIDTH:3.2
G1 F2779.614
G1 X293.984 Y380.396 E49.70059
G1 X380.396 Y293.984 E527.5739
G1 X391.908 Y293.984 E49.70059
;WIPE_START
G1 F600
G1 X384.908 Y293.984 E-10
;WIPE_END
G1 Z299 F15000
G1 X293.984 Y554.718 Z299
G1 Z298
G1 E17 F9000
G1 F2779.614
G1 X293.984 Y543.206 E49.70059
G1 X543.206 Y293.984 E1521.58568
G1 X554.718 Y293.984 E49.70059
;WIPE_START
G1 F600
G1 X547.718 Y293.984 E-10
;WIPE_END
G1 Z299 F15000
G1 X706.016 Y391.908 Z299
G1 Z298
G1 E17 F9000
G1 F2779.614
G1 X706.016 Y380.396 E49.70059
G1 X619.604 Y293.984 E527.57392
G1 X608.092 Y293.984 E49.70059
;WIPE_START
G1 F600
G1 X615.092 Y293.984 E-10
;WIPE_END
G1 Z299 F15000
G1 X706.016 Y554.718 Z299
G1 Z298
G1 E17 F9000
G1 F2779.614
G1 X706.016 Y543.206 E49.70059
G1 X456.794 Y293.984 E1521.58569
G1 X445.282 Y293.984 E49.70059
;WIPE_START
G1 F600
G1 X452.282 Y293.984 E-10
;WIPE_END
G1 Z299 F15000
G1 X445.282 Y706.016 Z299
G1 Z298
M73 P72 R188
G1 E17 F9000
G1 F2779.614
G1 X456.794 Y706.016 E49.70059
G1 X706.016 Y456.794 E1521.58571
G1 X706.016 Y445.282 E49.70059
;WIPE_START
G1 F600
G1 X706.016 Y452.282 E-10
;WIPE_END
G1 Z299 F15000
G1 X694.503 Y706.016 Z299
G1 Z298
G1 E17 F9000
G1 F2779.614
G1 X706.016 Y706.016 E49.70059
G1 X293.984 Y293.984 E2515.59745
G1 X305.497 Y293.984 E49.70059
M73 P73 R188
;WIPE_START
G1 F600
G1 X298.497 Y293.984 E-10
;WIPE_END
G1 Z299 F15000
G1 X305.497 Y706.016 Z299
G1 Z298
G1 E17 F9000
G1 F2779.614
G1 X293.984 Y706.016 E49.70028
G1 X706.016 Y293.984 E2515.59704
G1 X694.503 Y293.984 E49.7003
;WIPE_START
G1 F600
G1 X701.503 Y293.984 E-10
;WIPE_END
G1 Z299 F15000
G1 X608.092 Y706.016 Z299
G1 Z298
G1 E17 F9000
G1 F2779.614
G1 X619.604 Y706.016 E49.70059
G1 X706.016 Y619.604 E527.57393
G1 X706.016 Y608.092 E49.70059
;WIPE_START
G1 F600
G1 X706.016 Y615.092 E-10
;WIPE_END
G1 Z299 F15000
G1 X554.718 Y706.016 Z299
G1 Z298
G1 E17 F9000
G1 F2779.614
G1 X543.206 Y706.016 E49.70059
G1 X293.984 Y456.794 E1521.58569
G1 X293.984 Y445.282 E49.70059
;WIPE_START
G1 F600
M73 P73 R187
G1 X293.984 Y452.282 E-10
;WIPE_END
G1 Z299 F15000
G1 X391.908 Y706.016 Z299
G1 Z298
G1 E17 F9000
G1 F2779.614
G1 X380.396 Y706.016 E49.70059
G1 X293.984 Y619.604 E527.57392
G1 X293.984 Y608.092 E49.70059
; stop printing object Cube id:0 copy 0
;LAYER_CHANGE
;Z:299.5
;HEIGHT:1.5
;BEFORE_LAYER_CHANGE
;299.5
G92 E0

EXCLUDE_OBJECT_END NAME=Cube_id_0_copy_0
;AFTER_LAYER_CHANGE
;299.5
;_SET_FAN_SPEED_CHANGING_LAYER
; printing object Cube id:0 copy 0
;WIPE_START
G1 F600
G1 X293.984 Y615.092 E-10
;WIPE_END
EXCLUDE_OBJECT_START NAME=Cube_id_0_copy_0
G1 Z300.5 F15000
G1 X291.538 Y708.462 Z300.5
G1 Z299.5
G1 E17 F9000
;TYPE:Outer wall
;WIDTH:3.2
G1 F2779.615
G1 X291.538 Y291.538 E1799.91857
G1 X708.462 Y291.538 E1799.91857
G1 X708.462 Y708.462 E1799.91857
G1 X291.838 Y708.462 E1798.62343
;WIPE_START
G1 F600
G1 X291.833 Y701.462 E-10
;WIPE_END
G1 Z300.5 F15000
G1 X293.984 Y608.092 Z300.5
G1 Z299.5
G1 E17 F9000
;TYPE:Sparse infill
;WIDTH:3.2
G1 F2779.614
G1 X293.984 Y619.604 E49.70059
G1 X380.396 Y706.016 E527.57392
G1 X391.908 Y706.016 E49.70059
;WIPE_START
G1 F600
G1 X384.908 Y706.016 E-10
;WIPE_END
G1 Z300.5 F15000
G1 X293.984 Y445.282 Z300.5
G1 Z299.5
G1 E17 F9000
G1 F2779.614
G1 X293.984 Y456.794 E49.70059
G1 X543.206 Y706.016 E1521.58569
G1 X554.718 Y706.016 E49.70059
M73 P73 R186
;WIPE_START
G1 F600
G1 X547.718 Y706.016 E-10
;WIPE_END
G1 Z300.5 F15000
G1 X706.016 Y608.092 Z300.5
G1 Z299.5
G1 E17 F9000
G1 F2779.614
G1 X706.016 Y619.604 E49.70059
G1 X619.604 Y706.016 E527.57393
G1 X608.092 Y706.016 E49.70059
;WIPE_START
G1 F600
G1 X615.092 Y706.016 E-10
;WIPE_END
G1 Z300.5 F15000
G1 X706.016 Y445.282 Z300.5
G1 Z299.5
G1 E17 F9000
G1 F2779.614
G1 X706.016 Y456.794 E49.70059
G1 X456.794 Y706.016 E1521.58571
G1 X445.282 Y706.016 E49.70059
;WIPE_START
G1 F600
G1 X452.282 Y706.016 E-10
;WIPE_END
G1 Z300.5 F15000
G1 X445.282 Y293.984 Z300.5
G1 Z299.5
G1 E17 F9000
G1 F2779.614
G1 X456.794 Y293.984 E49.70059
G1 X706.016 Y543.206 E1521.58569
G1 X706.016 Y554.718 E49.70059
;WIPE_START
G1 F600
G1 X706.016 Y547.718 E-10
;WIPE_END
G1 Z300.5 F15000
G1 X694.503 Y293.984 Z300.5
G1 Z299.5
G1 E17 F9000
G1 F2779.614
G1 X706.016 Y293.984 E49.7003
G1 X293.984 Y706.016 E2515.59704
G1 X305.497 Y706.016 E49.70028
;WIPE_START
G1 F600
G1 X298.497 Y706.016 E-10
;WIPE_END
G1 Z300.5 F15000
G1 X305.497 Y293.984 Z300.5
G1 Z299.5
G1 E17 F9000
G1 F2779.614
G1 X293.984 Y293.984 E49.70059
G1 X706.016 Y706.016 E2515.59745
G1 X694.503 Y706.016 E49.70059
M73 P73 R185
;WIPE_START
G1 F600
G1 X701.503 Y706.016 E-10
;WIPE_END
G1 Z300.5 F15000
G1 X608.092 Y293.984 Z300.5
G1 Z299.5
G1 E17 F9000
G1 F2779.614
G1 X619.604 Y293.984 E49.70059
G1 X706.016 Y380.396 E527.57392
G1 X706.016 Y391.908 E49.70059
;WIPE_START
G1 F600
G1 X706.016 Y384.908 E-10
;WIPE_END
G1 Z300.5 F15000
G1 X554.718 Y293.984 Z300.5
G1 Z299.5
G1 E17 F9000
G1 F2779.614
G1 X543.206 Y293.984 E49.70059
G1 X293.984 Y543.206 E1521.58568
G1 X293.984 Y554.718 E49.70059
;WIPE_START
G1 F600
G1 X293.984 Y547.718 E-10
;WIPE_END
G1 Z300.5 F15000
G1 X391.908 Y293.984 Z300.5
G1 Z299.5
G1 E17 F9000
G1 F2779.614
G1 X380.396 Y293.984 E49.70059
G1 X293.984 Y380.396 E527.5739
G1 X293.984 Y391.908 E49.70059
; stop printing object Cube id:0 copy 0
;LAYER_CHANGE
;Z:301
;HEIGHT:1.5
;BEFORE_LAYER_CHANGE
;301
G92 E0

EXCLUDE_OBJECT_END NAME=Cube_id_0_copy_0
;AFTER_LAYER_CHANGE
;301
;_SET_FAN_SPEED_CHANGING_LAYER
; printing object Cube id:0 copy 0
;WIPE_START
G1 F600
G1 X293.984 Y384.908 E-10
;WIPE_END
EXCLUDE_OBJECT_START NAME=Cube_id_0_copy_0
G1 Z302 F15000
G1 X291.538 Y291.538 Z302
G1 Z301
G1 E17 F9000
;TYPE:Outer wall
;WIDTH:3.2
G1 F2779.615
G1 X708.462 Y291.538 E1799.91857
G1 X708.462 Y708.462 E1799.91857
G1 X291.538 Y708.462 E1799.91857
G1 X291.538 Y291.838 E1798.62343
;WIPE_START
G1 F600
M73 P73 R184
G1 X298.538 Y291.833 E-10
;WIPE_END
G1 Z302 F15000
G1 X293.984 Y391.908 Z302
G1 Z301
G1 E17 F9000
;TYPE:Sparse infill
;WIDTH:3.2
G1 F2779.614
G1 X293.984 Y380.396 E49.70059
G1 X380.396 Y293.984 E527.5739
G1 X391.908 Y293.984 E49.70059
;WIPE_START
G1 F600
G1 X384.908 Y293.984 E-10
;WIPE_END
G1 Z302 F15000
G1 X293.984 Y554.718 Z302
G1 Z301
G1 E17 F9000
G1 F2779.614
G1 X293.984 Y543.206 E49.70059
G1 X543.206 Y293.984 E1521.58568
G1 X554.718 Y293.984 E49.70059
;WIPE_START
G1 F600
G1 X547.718 Y293.984 E-10
;WIPE_END
G1 Z302 F15000
G1 X706.016 Y391.908 Z302
G1 Z301
G1 E17 F9000
G1 F2779.614
G1 X706.016 Y380.396 E49.70059
G1 X619.604 Y293.984 E527.57392
G1 X608.092 Y293.984 E49.70059
;WIPE_START
G1 F600
G1 X615.092 Y293.984 E-10
;WIPE_END
G1 Z302 F15000
G1 X706.016 Y554.718 Z302
G1 Z301
G1 E17 F9000
G1 F2779.614
G1 X706.016 Y543.206 E49.70059
G1 X456.794 Y293.984 E1521.58569
G1 X445.282 Y293.984 E49.70059
;WIPE_START
G1 F600
G1 X452.282 Y293.984 E-10
;WIPE_END
G1 Z302 F15000
G1 X445.282 Y706.016 Z302
G1 Z301
G1 E17 F9000
G1 F2779.614
G1 X456.794 Y706.016 E49.70059
G1 X706.016 Y456.794 E1521.58571
G1 X706.016 Y445.282 E49.70059
;WIPE_START
G1 F600
G1 X706.016 Y452.282 E-10
;WIPE_END
G1 Z302 F15000
G1 X694.503 Y706.016 Z302
G1 Z301
G1 E17 F9000
G1 F2779.614
G1 X706.016 Y706.016 E49.70059
G1 X293.984 Y293.984 E2515.59745
G1 X305.497 Y293.984 E49.70059
M73 P73 R183
;WIPE_START
G1 F600
G1 X298.497 Y293.984 E-10
;WIPE_END
G1 Z302 F15000
G1 X305.497 Y706.016 Z302
G1 Z301
G1 E17 F9000
G1 F2779.614
G1 X293.984 Y706.016 E49.70028
G1 X706.016 Y293.984 E2515.59704
G1 X694.503 Y293.984 E49.7003
;WIPE_START
G1 F600
G1 X701.503 Y293.984 E-10
;WIPE_END
G1 Z302 F15000
G1 X608.092 Y706.016 Z302
G1 Z301
G1 E17 F9000
G1 F2779.614
G1 X619.604 Y706.016 E49.70059
G1 X706.016 Y619.604 E527.57393
G1 X706.016 Y608.092 E49.70059
;WIPE_START
G1 F600
G1 X706.016 Y615.092 E-10
;WIPE_END
G1 Z302 F15000
G1 X554.718 Y706.016 Z302
G1 Z301
G1 E17 F9000
G1 F2779.614
G1 X543.206 Y706.016 E49.70059
G1 X293.984 Y456.794 E1521.58569
G1 X293.984 Y445.282 E49.70059
;WIPE_START
G1 F600
G1 X293.984 Y452.282 E-10
;WIPE_END
G1 Z302 F15000
G1 X391.908 Y706.016 Z302
G1 Z301
G1 E17 F9000
G1 F2779.614
G1 X380.396 Y706.016 E49.70059
G1 X293.984 Y619.604 E527.57392
G1 X293.984 Y608.092 E49.70059
; stop printing object Cube id:0 copy 0
;LAYER_CHANGE
;Z:302.5
;HEIGHT:1.5
;BEFORE_LAYER_CHANGE
;302.5
G92 E0

EXCLUDE_OBJECT_END NAME=Cube_id_0_copy_0
;AFTER_LAYER_CHANGE
;302.5
;_SET_FAN_SPEED_CHANGING_LAYER
; printing object Cube id:0 copy 0
;WIPE_START
G1 F600
G1 X293.984 Y615.092 E-10
;WIPE_END
EXCLUDE_OBJECT_START NAME=Cube_id_0_copy_0
G1 Z303.5 F15000
G1 X291.538 Y708.462 Z303.5
G1 Z302.5
G1 E17 F9000
;TYPE:Outer wall
;WIDTH:3.2
G1 F2779.615
G1 X291.538 Y291.538 E1799.91857
G1 X708.462 Y291.538 E1799.91857
G1 X708.462 Y708.462 E1799.91857
M73 P73 R182
G1 X291.838 Y708.462 E1798.62343
;WIPE_START
G1 F600
G1 X291.833 Y701.462 E-10
;WIPE_END
G1 Z303.5 F15000
G1 X293.984 Y608.092 Z303.5
G1 Z302.5
G1 E17 F9000
;TYPE:Sparse infill
;WIDTH:3.2
G1 F2779.614
G1 X293.984 Y619.604 E49.70059
G1 X380.396 Y706.016 E527.57392
G1 X391.908 Y706.016 E49.70059
;WIPE_START
G1 F600
G1 X384.908 Y706.016 E-10
;WIPE_END
G1 Z303.5 F15000
G1 X293.984 Y445.282 Z303.5
G1 Z302.5
G1 E17 F9000
G1 F2779.614
G1 X293.984 Y456.794 E49.70059
G1 X543.206 Y706.016 E1521.58569
G1 X554.718 Y706.016 E49.70059
;WIPE_START
G1 F600
G1 X547.718 Y706.016 E-10
;WIPE_END
G1 Z303.5 F15000
G1 X706.016 Y608.092 Z303.5
G1 Z302.5
G1 E17 F9000
G1 F2779.614
G1 X706.016 Y619.604 E49.70059
G1 X619.604 Y706.016 E527.57393
G1 X608.092 Y706.016 E49.70059
;WIPE_START
G1 F600
G1 X615.092 Y706.016 E-10
;WIPE_END
G1 Z303.5 F15000
G1 X706.016 Y445.282 Z303.5
G1 Z302.5
G1 E17 F9000
G1 F2779.614
G1 X706.016 Y456.794 E49.70059
G1 X456.794 Y706.016 E1521.58571
G1 X445.282 Y706.016 E49.70059
;WIPE_START
G1 F600
G1 X452.282 Y706.016 E-10
;WIPE_END
G1 Z303.5 F15000
G1 X445.282 Y293.984 Z303.5
G1 Z302.5
G1 E17 F9000
G1 F2779.614
G1 X456.794 Y293.984 E49.70059
G1 X706.016 Y543.206 E1521.58569
G1 X706.016 Y554.718 E49.70059
M73 P73 R181
;WIPE_START
G1 F600
G1 X706.016 Y547.718 E-10
;WIPE_END
G1 Z303.5 F15000
G1 X694.503 Y293.984 Z303.5
G1 Z302.5
G1 E17 F9000
G1 F2779.614
G1 X706.016 Y293.984 E49.7003
G1 X293.984 Y706.016 E2515.59704
G1 X305.497 Y706.016 E49.70028
M73 P74 R181
;WIPE_START
G1 F600
G1 X298.497 Y706.016 E-10
;WIPE_END
G1 Z303.5 F15000
G1 X305.497 Y293.984 Z303.5
G1 Z302.5
G1 E17 F9000
G1 F2779.614
G1 X293.984 Y293.984 E49.70059
G1 X706.016 Y706.016 E2515.59745
G1 X694.503 Y706.016 E49.70059
;WIPE_START
G1 F600
G1 X701.503 Y706.016 E-10
;WIPE_END
G1 Z303.5 F15000
G1 X608.092 Y293.984 Z303.5
G1 Z302.5
G1 E17 F9000
G1 F2779.614
G1 X619.604 Y293.984 E49.70059
G1 X706.016 Y380.396 E527.57392
G1 X706.016 Y391.908 E49.70059
;WIPE_START
G1 F600
G1 X706.016 Y384.908 E-10
;WIPE_END
G1 Z303.5 F15000
G1 X554.718 Y293.984 Z303.5
G1 Z302.5
G1 E17 F9000
G1 F2779.614
G1 X543.206 Y293.984 E49.70059
G1 X293.984 Y543.206 E1521.58568
G1 X293.984 Y554.718 E49.70059
;WIPE_START
G1 F600
G1 X293.984 Y547.718 E-10
;WIPE_END
G1 Z303.5 F15000
G1 X391.908 Y293.984 Z303.5
G1 Z302.5
G1 E17 F9000
M73 P74 R180
G1 F2779.614
G1 X380.396 Y293.984 E49.70059
G1 X293.984 Y380.396 E527.5739
G1 X293.984 Y391.908 E49.70059
; stop printing object Cube id:0 copy 0
;LAYER_CHANGE
;Z:304
;HEIGHT:1.5
;BEFORE_LAYER_CHANGE
;304
G92 E0

EXCLUDE_OBJECT_END NAME=Cube_id_0_copy_0
;AFTER_LAYER_CHANGE
;304
;_SET_FAN_SPEED_CHANGING_LAYER
; printing object Cube id:0 copy 0
;WIPE_START
G1 F600
G1 X293.984 Y384.908 E-10
;WIPE_END
EXCLUDE_OBJECT_START NAME=Cube_id_0_copy_0
G1 Z305 F15000
G1 X291.538 Y291.538 Z305
G1 Z304
G1 E17 F9000
;TYPE:Outer wall
;WIDTH:3.2
G1 F2779.615
G1 X708.462 Y291.538 E1799.91857
G1 X708.462 Y708.462 E1799.91857
G1 X291.538 Y708.462 E1799.91857
G1 X291.538 Y291.838 E1798.62343
;WIPE_START
G1 F600
G1 X298.538 Y291.833 E-10
;WIPE_END
G1 Z305 F15000
G1 X293.984 Y391.908 Z305
G1 Z304
G1 E17 F9000
;TYPE:Sparse infill
;WIDTH:3.2
G1 F2779.614
G1 X293.984 Y380.396 E49.70059
G1 X380.396 Y293.984 E527.5739
G1 X391.908 Y293.984 E49.70059
;WIPE_START
G1 F600
G1 X384.908 Y293.984 E-10
;WIPE_END
G1 Z305 F15000
G1 X293.984 Y554.718 Z305
G1 Z304
G1 E17 F9000
G1 F2779.614
G1 X293.984 Y543.206 E49.70059
G1 X543.206 Y293.984 E1521.58568
G1 X554.718 Y293.984 E49.70059
;WIPE_START
G1 F600
G1 X547.718 Y293.984 E-10
;WIPE_END
G1 Z305 F15000
G1 X706.016 Y391.908 Z305
G1 Z304
M73 P74 R179
G1 E17 F9000
G1 F2779.614
G1 X706.016 Y380.396 E49.70059
G1 X619.604 Y293.984 E527.57392
G1 X608.092 Y293.984 E49.70059
;WIPE_START
G1 F600
G1 X615.092 Y293.984 E-10
;WIPE_END
G1 Z305 F15000
G1 X706.016 Y554.718 Z305
G1 Z304
G1 E17 F9000
G1 F2779.614
G1 X706.016 Y543.206 E49.70059
G1 X456.794 Y293.984 E1521.58569
G1 X445.282 Y293.984 E49.70059
;WIPE_START
G1 F600
G1 X452.282 Y293.984 E-10
;WIPE_END
G1 Z305 F15000
G1 X445.282 Y706.016 Z305
G1 Z304
G1 E17 F9000
G1 F2779.614
G1 X456.794 Y706.016 E49.70059
G1 X706.016 Y456.794 E1521.58571
G1 X706.016 Y445.282 E49.70059
;WIPE_START
G1 F600
G1 X706.016 Y452.282 E-10
;WIPE_END
G1 Z305 F15000
G1 X694.503 Y706.016 Z305
G1 Z304
G1 E17 F9000
G1 F2779.614
G1 X706.016 Y706.016 E49.70059
G1 X293.984 Y293.984 E2515.59745
G1 X305.497 Y293.984 E49.70059
;WIPE_START
G1 F600
G1 X298.497 Y293.984 E-10
;WIPE_END
G1 Z305 F15000
G1 X305.497 Y706.016 Z305
G1 Z304
G1 E17 F9000
G1 F2779.614
G1 X293.984 Y706.016 E49.70028
G1 X706.016 Y293.984 E2515.59704
G1 X694.503 Y293.984 E49.7003
;WIPE_START
G1 F600
G1 X701.503 Y293.984 E-10
;WIPE_END
G1 Z305 F15000
M73 P74 R178
G1 X608.092 Y706.016 Z305
G1 Z304
G1 E17 F9000
G1 F2779.614
G1 X619.604 Y706.016 E49.70059
G1 X706.016 Y619.604 E527.57393
G1 X706.016 Y608.092 E49.70059
;WIPE_START
G1 F600
G1 X706.016 Y615.092 E-10
;WIPE_END
G1 Z305 F15000
G1 X554.718 Y706.016 Z305
G1 Z304
G1 E17 F9000
G1 F2779.614
G1 X543.206 Y706.016 E49.70059
G1 X293.984 Y456.794 E1521.58569
G1 X293.984 Y445.282 E49.70059
;WIPE_START
G1 F600
G1 X293.984 Y452.282 E-10
;WIPE_END
G1 Z305 F15000
G1 X391.908 Y706.016 Z305
G1 Z304
G1 E17 F9000
G1 F2779.614
G1 X380.396 Y706.016 E49.70059
G1 X293.984 Y619.604 E527.57392
G1 X293.984 Y608.092 E49.70059
; stop printing object Cube id:0 copy 0
;LAYER_CHANGE
;Z:305.5
;HEIGHT:1.5
;BEFORE_LAYER_CHANGE
;305.5
G92 E0

EXCLUDE_OBJECT_END NAME=Cube_id_0_copy_0
;AFTER_LAYER_CHANGE
;305.5
;_SET_FAN_SPEED_CHANGING_LAYER
; printing object Cube id:0 copy 0
;WIPE_START
G1 F600
G1 X293.984 Y615.092 E-10
;WIPE_END
EXCLUDE_OBJECT_START NAME=Cube_id_0_copy_0
G1 Z306.5 F15000
G1 X291.538 Y708.462 Z306.5
G1 Z305.5
G1 E17 F9000
;TYPE:Outer wall
;WIDTH:3.2
G1 F2779.615
G1 X291.538 Y291.538 E1799.91857
G1 X708.462 Y291.538 E1799.91857
G1 X708.462 Y708.462 E1799.91857
G1 X291.838 Y708.462 E1798.62343
;WIPE_START
G1 F600
M73 P74 R177
G1 X291.833 Y701.462 E-10
;WIPE_END
G1 Z306.5 F15000
G1 X293.984 Y608.092 Z306.5
G1 Z305.5
G1 E17 F9000
;TYPE:Sparse infill
;WIDTH:3.2
G1 F2779.614
G1 X293.984 Y619.604 E49.70059
G1 X380.396 Y706.016 E527.57392
G1 X391.908 Y706.016 E49.70059
;WIPE_START
G1 F600
G1 X384.908 Y706.016 E-10
;WIPE_END
G1 Z306.5 F15000
G1 X293.984 Y445.282 Z306.5
G1 Z305.5
G1 E17 F9000
G1 F2779.614
G1 X293.984 Y456.794 E49.70059
G1 X543.206 Y706.016 E1521.58569
G1 X554.718 Y706.016 E49.70059
;WIPE_START
G1 F600
G1 X547.718 Y706.016 E-10
;WIPE_END
G1 Z306.5 F15000
G1 X706.016 Y608.092 Z306.5
G1 Z305.5
G1 E17 F9000
G1 F2779.614
G1 X706.016 Y619.604 E49.70059
G1 X619.604 Y706.016 E527.57393
G1 X608.092 Y706.016 E49.70059
;WIPE_START
G1 F600
G1 X615.092 Y706.016 E-10
;WIPE_END
G1 Z306.5 F15000
G1 X706.016 Y445.282 Z306.5
G1 Z305.5
G1 E17 F9000
G1 F2779.614
G1 X706.016 Y456.794 E49.70059
G1 X456.794 Y706.016 E1521.58571
G1 X445.282 Y706.016 E49.70059
;WIPE_START
G1 F600
G1 X452.282 Y706.016 E-10
;WIPE_END
G1 Z306.5 F15000
G1 X445.282 Y293.984 Z306.5
G1 Z305.5
G1 E17 F9000
G1 F2779.614
G1 X456.794 Y293.984 E49.70059
G1 X706.016 Y543.206 E1521.58569
G1 X706.016 Y554.718 E49.70059
;WIPE_START
G1 F600
G1 X706.016 Y547.718 E-10
;WIPE_END
G1 Z306.5 F15000
G1 X694.503 Y293.984 Z306.5
G1 Z305.5
G1 E17 F9000
G1 F2779.614
G1 X706.016 Y293.984 E49.7003
G1 X293.984 Y706.016 E2515.59704
G1 X305.497 Y706.016 E49.70028
M73 P74 R176
;WIPE_START
G1 F600
G1 X298.497 Y706.016 E-10
;WIPE_END
G1 Z306.5 F15000
G1 X305.497 Y293.984 Z306.5
G1 Z305.5
G1 E17 F9000
G1 F2779.614
G1 X293.984 Y293.984 E49.70059
G1 X706.016 Y706.016 E2515.59745
G1 X694.503 Y706.016 E49.70059
;WIPE_START
G1 F600
G1 X701.503 Y706.016 E-10
;WIPE_END
G1 Z306.5 F15000
G1 X608.092 Y293.984 Z306.5
G1 Z305.5
G1 E17 F9000
G1 F2779.614
G1 X619.604 Y293.984 E49.70059
G1 X706.016 Y380.396 E527.57392
G1 X706.016 Y391.908 E49.70059
;WIPE_START
G1 F600
G1 X706.016 Y384.908 E-10
;WIPE_END
G1 Z306.5 F15000
G1 X554.718 Y293.984 Z306.5
G1 Z305.5
G1 E17 F9000
G1 F2779.614
G1 X543.206 Y293.984 E49.70059
G1 X293.984 Y543.206 E1521.58568
G1 X293.984 Y554.718 E49.70059
;WIPE_START
G1 F600
G1 X293.984 Y547.718 E-10
;WIPE_END
G1 Z306.5 F15000
G1 X391.908 Y293.984 Z306.5
G1 Z305.5
G1 E17 F9000
G1 F2779.614
G1 X380.396 Y293.984 E49.70059
G1 X293.984 Y380.396 E527.5739
G1 X293.984 Y391.908 E49.70059
; stop printing object Cube id:0 copy 0
;LAYER_CHANGE
;Z:307
;HEIGHT:1.5
;BEFORE_LAYER_CHANGE
;307
G92 E0

EXCLUDE_OBJECT_END NAME=Cube_id_0_copy_0
;AFTER_LAYER_CHANGE
;307
;_SET_FAN_SPEED_CHANGING_LAYER
; printing object Cube id:0 copy 0
;WIPE_START
G1 F600
G1 X293.984 Y384.908 E-10
;WIPE_END
EXCLUDE_OBJECT_START NAME=Cube_id_0_copy_0
G1 Z308 F15000
G1 X291.538 Y291.538 Z308
G1 Z307
G1 E17 F9000
;TYPE:Outer wall
;WIDTH:3.2
G1 F2779.615
G1 X708.462 Y291.538 E1799.91857
G1 X708.462 Y708.462 E1799.91857
G1 X291.538 Y708.462 E1799.91857
M73 P74 R175
G1 X291.538 Y291.838 E1798.62343
;WIPE_START
G1 F600
G1 X298.538 Y291.833 E-10
;WIPE_END
G1 Z308 F15000
G1 X293.984 Y391.908 Z308
G1 Z307
G1 E17 F9000
;TYPE:Sparse infill
;WIDTH:3.2
G1 F2779.614
G1 X293.984 Y380.396 E49.70059
G1 X380.396 Y293.984 E527.5739
G1 X391.908 Y293.984 E49.70059
;WIPE_START
G1 F600
G1 X384.908 Y293.984 E-10
;WIPE_END
G1 Z308 F15000
G1 X293.984 Y554.718 Z308
G1 Z307
G1 E17 F9000
G1 F2779.614
G1 X293.984 Y543.206 E49.70059
G1 X543.206 Y293.984 E1521.58568
G1 X554.718 Y293.984 E49.70059
;WIPE_START
G1 F600
G1 X547.718 Y293.984 E-10
;WIPE_END
G1 Z308 F15000
G1 X706.016 Y391.908 Z308
G1 Z307
G1 E17 F9000
G1 F2779.614
G1 X706.016 Y380.396 E49.70059
G1 X619.604 Y293.984 E527.57392
G1 X608.092 Y293.984 E49.70059
;WIPE_START
G1 F600
G1 X615.092 Y293.984 E-10
;WIPE_END
G1 Z308 F15000
G1 X706.016 Y554.718 Z308
G1 Z307
G1 E17 F9000
G1 F2779.614
G1 X706.016 Y543.206 E49.70059
G1 X456.794 Y293.984 E1521.58569
G1 X445.282 Y293.984 E49.70059
;WIPE_START
G1 F600
G1 X452.282 Y293.984 E-10
;WIPE_END
G1 Z308 F15000
G1 X445.282 Y706.016 Z308
G1 Z307
G1 E17 F9000
G1 F2779.614
G1 X456.794 Y706.016 E49.70059
G1 X706.016 Y456.794 E1521.58571
G1 X706.016 Y445.282 E49.70059
M73 P74 R174
;WIPE_START
G1 F600
G1 X706.016 Y452.282 E-10
;WIPE_END
G1 Z308 F15000
G1 X694.503 Y706.016 Z308
G1 Z307
G1 E17 F9000
G1 F2779.614
G1 X706.016 Y706.016 E49.70059
G1 X293.984 Y293.984 E2515.59745
G1 X305.497 Y293.984 E49.70059
M73 P75 R174
;WIPE_START
G1 F600
G1 X298.497 Y293.984 E-10
;WIPE_END
G1 Z308 F15000
G1 X305.497 Y706.016 Z308
G1 Z307
G1 E17 F9000
G1 F2779.614
G1 X293.984 Y706.016 E49.70028
G1 X706.016 Y293.984 E2515.59704
G1 X694.503 Y293.984 E49.7003
;WIPE_START
G1 F600
G1 X701.503 Y293.984 E-10
;WIPE_END
G1 Z308 F15000
G1 X608.092 Y706.016 Z308
G1 Z307
G1 E17 F9000
G1 F2779.614
G1 X619.604 Y706.016 E49.70059
G1 X706.016 Y619.604 E527.57393
G1 X706.016 Y608.092 E49.70059
;WIPE_START
G1 F600
G1 X706.016 Y615.092 E-10
;WIPE_END
G1 Z308 F15000
G1 X554.718 Y706.016 Z308
G1 Z307
G1 E17 F9000
G1 F2779.614
G1 X543.206 Y706.016 E49.70059
G1 X293.984 Y456.794 E1521.58569
G1 X293.984 Y445.282 E49.70059
;WIPE_START
G1 F600
G1 X293.984 Y452.282 E-10
;WIPE_END
G1 Z308 F15000
G1 X391.908 Y706.016 Z308
G1 Z307
G1 E17 F9000
G1 F2779.614
G1 X380.396 Y706.016 E49.70059
G1 X293.984 Y619.604 E527.57392
G1 X293.984 Y608.092 E49.70059
M73 P75 R173
; stop printing object Cube id:0 copy 0
;LAYER_CHANGE
;Z:308.5
;HEIGHT:1.5
;BEFORE_LAYER_CHANGE
;308.5
G92 E0

EXCLUDE_OBJECT_END NAME=Cube_id_0_copy_0
;AFTER_LAYER_CHANGE
;308.5
;_SET_FAN_SPEED_CHANGING_LAYER
; printing object Cube id:0 copy 0
;WIPE_START
G1 F600
G1 X293.984 Y615.092 E-10
;WIPE_END
EXCLUDE_OBJECT_START NAME=Cube_id_0_copy_0
G1 Z309.5 F15000
G1 X291.538 Y708.462 Z309.5
G1 Z308.5
G1 E17 F9000
;TYPE:Outer wall
;WIDTH:3.2
G1 F2779.615
G1 X291.538 Y291.538 E1799.91857
G1 X708.462 Y291.538 E1799.91857
G1 X708.462 Y708.462 E1799.91857
G1 X291.838 Y708.462 E1798.62343
;WIPE_START
G1 F600
G1 X291.833 Y701.462 E-10
;WIPE_END
G1 Z309.5 F15000
G1 X293.984 Y608.092 Z309.5
G1 Z308.5
G1 E17 F9000
;TYPE:Sparse infill
;WIDTH:3.2
G1 F2779.614
G1 X293.984 Y619.604 E49.70059
G1 X380.396 Y706.016 E527.57392
G1 X391.908 Y706.016 E49.70059
;WIPE_START
G1 F600
G1 X384.908 Y706.016 E-10
;WIPE_END
G1 Z309.5 F15000
G1 X293.984 Y445.282 Z309.5
G1 Z308.5
G1 E17 F9000
G1 F2779.614
G1 X293.984 Y456.794 E49.70059
G1 X543.206 Y706.016 E1521.58569
G1 X554.718 Y706.016 E49.70059
;WIPE_START
G1 F600
G1 X547.718 Y706.016 E-10
;WIPE_END
G1 Z309.5 F15000
G1 X706.016 Y608.092 Z309.5
G1 Z308.5
G1 E17 F9000
G1 F2779.614
G1 X706.016 Y619.604 E49.70059
G1 X619.604 Y706.016 E527.57393
G1 X608.092 Y706.016 E49.70059
M73 P75 R172
;WIPE_START
G1 F600
G1 X615.092 Y706.016 E-10
;WIPE_END
G1 Z309.5 F15000
G1 X706.016 Y445.282 Z309.5
G1 Z308.5
G1 E17 F9000
G1 F2779.614
G1 X706.016 Y456.794 E49.70059
G1 X456.794 Y706.016 E1521.58571
G1 X445.282 Y706.016 E49.70059
;WIPE_START
G1 F600
G1 X452.282 Y706.016 E-10
;WIPE_END
G1 Z309.5 F15000
G1 X445.282 Y293.984 Z309.5
G1 Z308.5
G1 E17 F9000
G1 F2779.614
G1 X456.794 Y293.984 E49.70059
G1 X706.016 Y543.206 E1521.58569
G1 X706.016 Y554.718 E49.70059
;WIPE_START
G1 F600
G1 X706.016 Y547.718 E-10
;WIPE_END
G1 Z309.5 F15000
G1 X694.503 Y293.984 Z309.5
G1 Z308.5
G1 E17 F9000
G1 F2779.614
G1 X706.016 Y293.984 E49.7003
G1 X293.984 Y706.016 E2515.59704
G1 X305.497 Y706.016 E49.70028
;WIPE_START
G1 F600
G1 X298.497 Y706.016 E-10
;WIPE_END
G1 Z309.5 F15000
G1 X305.497 Y293.984 Z309.5
G1 Z308.5
G1 E17 F9000
G1 F2779.614
G1 X293.984 Y293.984 E49.70059
G1 X706.016 Y706.016 E2515.59745
G1 X694.503 Y706.016 E49.70059
;WIPE_START
G1 F600
G1 X701.503 Y706.016 E-10
;WIPE_END
G1 Z309.5 F15000
G1 X608.092 Y293.984 Z309.5
G1 Z308.5
G1 E17 F9000
M73 P75 R171
G1 F2779.614
G1 X619.604 Y293.984 E49.70059
G1 X706.016 Y380.396 E527.57392
G1 X706.016 Y391.908 E49.70059
;WIPE_START
G1 F600
G1 X706.016 Y384.908 E-10
;WIPE_END
G1 Z309.5 F15000
G1 X554.718 Y293.984 Z309.5
G1 Z308.5
G1 E17 F9000
G1 F2779.614
G1 X543.206 Y293.984 E49.70059
G1 X293.984 Y543.206 E1521.58568
G1 X293.984 Y554.718 E49.70059
;WIPE_START
G1 F600
G1 X293.984 Y547.718 E-10
;WIPE_END
G1 Z309.5 F15000
G1 X391.908 Y293.984 Z309.5
G1 Z308.5
G1 E17 F9000
G1 F2779.614
G1 X380.396 Y293.984 E49.70059
G1 X293.984 Y380.396 E527.5739
G1 X293.984 Y391.908 E49.70059
; stop printing object Cube id:0 copy 0
;LAYER_CHANGE
;Z:310
;HEIGHT:1.5
;BEFORE_LAYER_CHANGE
;310
G92 E0

EXCLUDE_OBJECT_END NAME=Cube_id_0_copy_0
;AFTER_LAYER_CHANGE
;310
;_SET_FAN_SPEED_CHANGING_LAYER
; printing object Cube id:0 copy 0
;WIPE_START
G1 F600
G1 X293.984 Y384.908 E-10
;WIPE_END
EXCLUDE_OBJECT_START NAME=Cube_id_0_copy_0
G1 Z311 F15000
G1 X291.538 Y291.538 Z311
G1 Z310
G1 E17 F9000
;TYPE:Outer wall
;WIDTH:3.2
G1 F2779.615
G1 X708.462 Y291.538 E1799.91857
G1 X708.462 Y708.462 E1799.91857
G1 X291.538 Y708.462 E1799.91857
G1 X291.538 Y291.838 E1798.62343
;WIPE_START
G1 F600
G1 X298.538 Y291.833 E-10
;WIPE_END
G1 Z311 F15000
G1 X293.984 Y391.908 Z311
M73 P75 R170
G1 Z310
G1 E17 F9000
;TYPE:Sparse infill
;WIDTH:3.2
G1 F2779.614
G1 X293.984 Y380.396 E49.70059
G1 X380.396 Y293.984 E527.5739
G1 X391.908 Y293.984 E49.70059
;WIPE_START
G1 F600
G1 X384.908 Y293.984 E-10
;WIPE_END
G1 Z311 F15000
G1 X293.984 Y554.718 Z311
G1 Z310
G1 E17 F9000
G1 F2779.614
G1 X293.984 Y543.206 E49.70059
G1 X543.206 Y293.984 E1521.58568
G1 X554.718 Y293.984 E49.70059
;WIPE_START
G1 F600
G1 X547.718 Y293.984 E-10
;WIPE_END
G1 Z311 F15000
G1 X706.016 Y391.908 Z311
G1 Z310
G1 E17 F9000
G1 F2779.614
G1 X706.016 Y380.396 E49.70059
G1 X619.604 Y293.984 E527.57392
G1 X608.092 Y293.984 E49.70059
;WIPE_START
G1 F600
G1 X615.092 Y293.984 E-10
;WIPE_END
G1 Z311 F15000
G1 X706.016 Y554.718 Z311
G1 Z310
G1 E17 F9000
G1 F2779.614
G1 X706.016 Y543.206 E49.70059
G1 X456.794 Y293.984 E1521.58569
G1 X445.282 Y293.984 E49.70059
;WIPE_START
G1 F600
G1 X452.282 Y293.984 E-10
;WIPE_END
G1 Z311 F15000
G1 X445.282 Y706.016 Z311
G1 Z310
G1 E17 F9000
G1 F2779.614
G1 X456.794 Y706.016 E49.70059
G1 X706.016 Y456.794 E1521.58571
G1 X706.016 Y445.282 E49.70059
;WIPE_START
G1 F600
G1 X706.016 Y452.282 E-10
;WIPE_END
G1 Z311 F15000
G1 X694.503 Y706.016 Z311
G1 Z310
G1 E17 F9000
G1 F2779.614
G1 X706.016 Y706.016 E49.70059
G1 X293.984 Y293.984 E2515.59745
G1 X305.497 Y293.984 E49.70059
;WIPE_START
G1 F600
G1 X298.497 Y293.984 E-10
;WIPE_END
G1 Z311 F15000
M73 P75 R169
G1 X305.497 Y706.016 Z311
G1 Z310
G1 E17 F9000
G1 F2779.614
G1 X293.984 Y706.016 E49.70028
G1 X706.016 Y293.984 E2515.59704
G1 X694.503 Y293.984 E49.7003
;WIPE_START
G1 F600
G1 X701.503 Y293.984 E-10
;WIPE_END
G1 Z311 F15000
G1 X608.092 Y706.016 Z311
G1 Z310
G1 E17 F9000
G1 F2779.614
G1 X619.604 Y706.016 E49.70059
G1 X706.016 Y619.604 E527.57393
G1 X706.016 Y608.092 E49.70059
;WIPE_START
G1 F600
G1 X706.016 Y615.092 E-10
;WIPE_END
G1 Z311 F15000
G1 X554.718 Y706.016 Z311
G1 Z310
G1 E17 F9000
G1 F2779.614
G1 X543.206 Y706.016 E49.70059
G1 X293.984 Y456.794 E1521.58569
G1 X293.984 Y445.282 E49.70059
;WIPE_START
G1 F600
G1 X293.984 Y452.282 E-10
;WIPE_END
G1 Z311 F15000
G1 X391.908 Y706.016 Z311
G1 Z310
G1 E17 F9000
G1 F2779.614
G1 X380.396 Y706.016 E49.70059
G1 X293.984 Y619.604 E527.57392
G1 X293.984 Y608.092 E49.70059
; stop printing object Cube id:0 copy 0
;LAYER_CHANGE
;Z:311.5
;HEIGHT:1.5
;BEFORE_LAYER_CHANGE
;311.5
G92 E0

EXCLUDE_OBJECT_END NAME=Cube_id_0_copy_0
;AFTER_LAYER_CHANGE
;311.5
;_SET_FAN_SPEED_CHANGING_LAYER
; printing object Cube id:0 copy 0
;WIPE_START
G1 F600
G1 X293.984 Y615.092 E-10
;WIPE_END
EXCLUDE_OBJECT_START NAME=Cube_id_0_copy_0
G1 Z312.5 F15000
G1 X291.538 Y708.462 Z312.5
G1 Z311.5
G1 E17 F9000
;TYPE:Outer wall
;WIDTH:3.2
G1 F2779.615
G1 X291.538 Y291.538 E1799.91857
G1 X708.462 Y291.538 E1799.91857
G1 X708.462 Y708.462 E1799.91857
M73 P75 R168
G1 X291.838 Y708.462 E1798.62343
;WIPE_START
G1 F600
G1 X291.833 Y701.462 E-10
;WIPE_END
G1 Z312.5 F15000
G1 X293.984 Y608.092 Z312.5
G1 Z311.5
G1 E17 F9000
;TYPE:Sparse infill
;WIDTH:3.2
G1 F2779.614
G1 X293.984 Y619.604 E49.70059
G1 X380.396 Y706.016 E527.57392
G1 X391.908 Y706.016 E49.70059
;WIPE_START
G1 F600
G1 X384.908 Y706.016 E-10
;WIPE_END
G1 Z312.5 F15000
G1 X293.984 Y445.282 Z312.5
G1 Z311.5
G1 E17 F9000
G1 F2779.614
G1 X293.984 Y456.794 E49.70059
G1 X543.206 Y706.016 E1521.58569
G1 X554.718 Y706.016 E49.70059
;WIPE_START
G1 F600
G1 X547.718 Y706.016 E-10
;WIPE_END
G1 Z312.5 F15000
G1 X706.016 Y608.092 Z312.5
G1 Z311.5
G1 E17 F9000
G1 F2779.614
G1 X706.016 Y619.604 E49.70059
G1 X619.604 Y706.016 E527.57393
G1 X608.092 Y706.016 E49.70059
;WIPE_START
G1 F600
G1 X615.092 Y706.016 E-10
;WIPE_END
G1 Z312.5 F15000
G1 X706.016 Y445.282 Z312.5
G1 Z311.5
G1 E17 F9000
G1 F2779.614
G1 X706.016 Y456.794 E49.70059
G1 X456.794 Y706.016 E1521.58571
G1 X445.282 Y706.016 E49.70059
;WIPE_START
G1 F600
G1 X452.282 Y706.016 E-10
;WIPE_END
G1 Z312.5 F15000
G1 X445.282 Y293.984 Z312.5
G1 Z311.5
G1 E17 F9000
G1 F2779.614
G1 X456.794 Y293.984 E49.70059
G1 X706.016 Y543.206 E1521.58569
G1 X706.016 Y554.718 E49.70059
M73 P75 R167
;WIPE_START
G1 F600
G1 X706.016 Y547.718 E-10
;WIPE_END
G1 Z312.5 F15000
G1 X694.503 Y293.984 Z312.5
G1 Z311.5
G1 E17 F9000
G1 F2779.614
G1 X706.016 Y293.984 E49.7003
G1 X293.984 Y706.016 E2515.59704
G1 X305.497 Y706.016 E49.70028
M73 P76 R167
;WIPE_START
G1 F600
G1 X298.497 Y706.016 E-10
;WIPE_END
G1 Z312.5 F15000
G1 X305.497 Y293.984 Z312.5
G1 Z311.5
G1 E17 F9000
G1 F2779.614
G1 X293.984 Y293.984 E49.70059
G1 X706.016 Y706.016 E2515.59745
G1 X694.503 Y706.016 E49.70059
;WIPE_START
G1 F600
G1 X701.503 Y706.016 E-10
;WIPE_END
G1 Z312.5 F15000
G1 X608.092 Y293.984 Z312.5
G1 Z311.5
G1 E17 F9000
G1 F2779.614
G1 X619.604 Y293.984 E49.70059
G1 X706.016 Y380.396 E527.57392
G1 X706.016 Y391.908 E49.70059
;WIPE_START
G1 F600
G1 X706.016 Y384.908 E-10
;WIPE_END
G1 Z312.5 F15000
G1 X554.718 Y293.984 Z312.5
G1 Z311.5
G1 E17 F9000
G1 F2779.614
G1 X543.206 Y293.984 E49.70059
G1 X293.984 Y543.206 E1521.58568
G1 X293.984 Y554.718 E49.70059
;WIPE_START
G1 F600
G1 X293.984 Y547.718 E-10
;WIPE_END
G1 Z312.5 F15000
G1 X391.908 Y293.984 Z312.5
G1 Z311.5
G1 E17 F9000
G1 F2779.614
G1 X380.396 Y293.984 E49.70059
G1 X293.984 Y380.396 E527.5739
G1 X293.984 Y391.908 E49.70059
; stop printing object Cube id:0 copy 0
;LAYER_CHANGE
;Z:313
;HEIGHT:1.5
;BEFORE_LAYER_CHANGE
;313
G92 E0

EXCLUDE_OBJECT_END NAME=Cube_id_0_copy_0
;AFTER_LAYER_CHANGE
;313
;_SET_FAN_SPEED_CHANGING_LAYER
; printing object Cube id:0 copy 0
;WIPE_START
G1 F600
G1 X293.984 Y384.908 E-10
;WIPE_END
EXCLUDE_OBJECT_START NAME=Cube_id_0_copy_0
G1 Z314 F15000
G1 X291.538 Y291.538 Z314
G1 Z313
M73 P76 R166
G1 E17 F9000
;TYPE:Outer wall
;WIDTH:3.2
G1 F2779.615
G1 X708.462 Y291.538 E1799.91857
G1 X708.462 Y708.462 E1799.91857
G1 X291.538 Y708.462 E1799.91857
G1 X291.538 Y291.838 E1798.62343
;WIPE_START
G1 F600
G1 X298.538 Y291.833 E-10
;WIPE_END
G1 Z314 F15000
G1 X293.984 Y391.908 Z314
G1 Z313
G1 E17 F9000
;TYPE:Sparse infill
;WIDTH:3.2
G1 F2779.614
G1 X293.984 Y380.396 E49.70059
G1 X380.396 Y293.984 E527.5739
G1 X391.908 Y293.984 E49.70059
;WIPE_START
G1 F600
G1 X384.908 Y293.984 E-10
;WIPE_END
G1 Z314 F15000
G1 X293.984 Y554.718 Z314
G1 Z313
G1 E17 F9000
G1 F2779.614
G1 X293.984 Y543.206 E49.70059
G1 X543.206 Y293.984 E1521.58568
G1 X554.718 Y293.984 E49.70059
;WIPE_START
G1 F600
G1 X547.718 Y293.984 E-10
;WIPE_END
G1 Z314 F15000
G1 X706.016 Y391.908 Z314
G1 Z313
G1 E17 F9000
G1 F2779.614
G1 X706.016 Y380.396 E49.70059
G1 X619.604 Y293.984 E527.57392
G1 X608.092 Y293.984 E49.70059
;WIPE_START
G1 F600
G1 X615.092 Y293.984 E-10
;WIPE_END
G1 Z314 F15000
M73 P76 R165
G1 X706.016 Y554.718 Z314
G1 Z313
G1 E17 F9000
G1 F2779.614
G1 X706.016 Y543.206 E49.70059
G1 X456.794 Y293.984 E1521.58569
G1 X445.282 Y293.984 E49.70059
;WIPE_START
G1 F600
G1 X452.282 Y293.984 E-10
;WIPE_END
G1 Z314 F15000
G1 X445.282 Y706.016 Z314
G1 Z313
G1 E17 F9000
G1 F2779.614
G1 X456.794 Y706.016 E49.70059
G1 X706.016 Y456.794 E1521.58571
G1 X706.016 Y445.282 E49.70059
;WIPE_START
G1 F600
G1 X706.016 Y452.282 E-10
;WIPE_END
G1 Z314 F15000
G1 X694.503 Y706.016 Z314
G1 Z313
G1 E17 F9000
G1 F2779.614
G1 X706.016 Y706.016 E49.70059
G1 X293.984 Y293.984 E2515.59745
G1 X305.497 Y293.984 E49.70059
;WIPE_START
G1 F600
G1 X298.497 Y293.984 E-10
;WIPE_END
G1 Z314 F15000
G1 X305.497 Y706.016 Z314
G1 Z313
G1 E17 F9000
G1 F2779.614
G1 X293.984 Y706.016 E49.70028
G1 X706.016 Y293.984 E2515.59704
G1 X694.503 Y293.984 E49.7003
;WIPE_START
G1 F600
G1 X701.503 Y293.984 E-10
;WIPE_END
G1 Z314 F15000
G1 X608.092 Y706.016 Z314
G1 Z313
G1 E17 F9000
G1 F2779.614
G1 X619.604 Y706.016 E49.70059
G1 X706.016 Y619.604 E527.57393
G1 X706.016 Y608.092 E49.70059
M73 P76 R164
;WIPE_START
G1 F600
G1 X706.016 Y615.092 E-10
;WIPE_END
G1 Z314 F15000
G1 X554.718 Y706.016 Z314
G1 Z313
G1 E17 F9000
G1 F2779.614
G1 X543.206 Y706.016 E49.70059
G1 X293.984 Y456.794 E1521.58569
G1 X293.984 Y445.282 E49.70059
;WIPE_START
G1 F600
G1 X293.984 Y452.282 E-10
;WIPE_END
G1 Z314 F15000
G1 X391.908 Y706.016 Z314
G1 Z313
G1 E17 F9000
G1 F2779.614
G1 X380.396 Y706.016 E49.70059
G1 X293.984 Y619.604 E527.57392
G1 X293.984 Y608.092 E49.70059
; stop printing object Cube id:0 copy 0
;LAYER_CHANGE
;Z:314.5
;HEIGHT:1.5
;BEFORE_LAYER_CHANGE
;314.5
G92 E0

EXCLUDE_OBJECT_END NAME=Cube_id_0_copy_0
;AFTER_LAYER_CHANGE
;314.5
;_SET_FAN_SPEED_CHANGING_LAYER
; printing object Cube id:0 copy 0
;WIPE_START
G1 F600
G1 X293.984 Y615.092 E-10
;WIPE_END
EXCLUDE_OBJECT_START NAME=Cube_id_0_copy_0
G1 Z315.5 F15000
G1 X291.538 Y708.462 Z315.5
G1 Z314.5
G1 E17 F9000
;TYPE:Outer wall
;WIDTH:3.2
G1 F2779.615
G1 X291.538 Y291.538 E1799.91857
G1 X708.462 Y291.538 E1799.91857
G1 X708.462 Y708.462 E1799.91857
G1 X291.838 Y708.462 E1798.62343
;WIPE_START
G1 F600
G1 X291.833 Y701.462 E-10
;WIPE_END
G1 Z315.5 F15000
G1 X293.984 Y608.092 Z315.5
G1 Z314.5
G1 E17 F9000
;TYPE:Sparse infill
;WIDTH:3.2
G1 F2779.614
G1 X293.984 Y619.604 E49.70059
G1 X380.396 Y706.016 E527.57392
G1 X391.908 Y706.016 E49.70059
M73 P76 R163
;WIPE_START
G1 F600
G1 X384.908 Y706.016 E-10
;WIPE_END
G1 Z315.5 F15000
G1 X293.984 Y445.282 Z315.5
G1 Z314.5
G1 E17 F9000
G1 F2779.614
G1 X293.984 Y456.794 E49.70059
G1 X543.206 Y706.016 E1521.58569
G1 X554.718 Y706.016 E49.70059
;WIPE_START
G1 F600
G1 X547.718 Y706.016 E-10
;WIPE_END
G1 Z315.5 F15000
G1 X706.016 Y608.092 Z315.5
G1 Z314.5
G1 E17 F9000
G1 F2779.614
G1 X706.016 Y619.604 E49.70059
G1 X619.604 Y706.016 E527.57393
G1 X608.092 Y706.016 E49.70059
;WIPE_START
G1 F600
G1 X615.092 Y706.016 E-10
;WIPE_END
G1 Z315.5 F15000
G1 X706.016 Y445.282 Z315.5
G1 Z314.5
G1 E17 F9000
G1 F2779.614
G1 X706.016 Y456.794 E49.70059
G1 X456.794 Y706.016 E1521.58571
G1 X445.282 Y706.016 E49.70059
;WIPE_START
G1 F600
G1 X452.282 Y706.016 E-10
;WIPE_END
G1 Z315.5 F15000
G1 X445.282 Y293.984 Z315.5
G1 Z314.5
G1 E17 F9000
G1 F2779.614
G1 X456.794 Y293.984 E49.70059
G1 X706.016 Y543.206 E1521.58569
G1 X706.016 Y554.718 E49.70059
;WIPE_START
G1 F600
G1 X706.016 Y547.718 E-10
;WIPE_END
G1 Z315.5 F15000
G1 X694.503 Y293.984 Z315.5
G1 Z314.5
G1 E17 F9000
G1 F2779.614
G1 X706.016 Y293.984 E49.7003
G1 X293.984 Y706.016 E2515.59704
G1 X305.497 Y706.016 E49.70028
;WIPE_START
G1 F600
G1 X298.497 Y706.016 E-10
;WIPE_END
G1 Z315.5 F15000
G1 X305.497 Y293.984 Z315.5
G1 Z314.5
M73 P76 R162
G1 E17 F9000
G1 F2779.614
G1 X293.984 Y293.984 E49.70059
G1 X706.016 Y706.016 E2515.59745
G1 X694.503 Y706.016 E49.70059
;WIPE_START
G1 F600
G1 X701.503 Y706.016 E-10
;WIPE_END
G1 Z315.5 F15000
G1 X608.092 Y293.984 Z315.5
G1 Z314.5
G1 E17 F9000
G1 F2779.614
G1 X619.604 Y293.984 E49.70059
G1 X706.016 Y380.396 E527.57392
G1 X706.016 Y391.908 E49.70059
;WIPE_START
G1 F600
G1 X706.016 Y384.908 E-10
;WIPE_END
G1 Z315.5 F15000
G1 X554.718 Y293.984 Z315.5
G1 Z314.5
G1 E17 F9000
G1 F2779.614
G1 X543.206 Y293.984 E49.70059
G1 X293.984 Y543.206 E1521.58568
G1 X293.984 Y554.718 E49.70059
;WIPE_START
G1 F600
G1 X293.984 Y547.718 E-10
;WIPE_END
G1 Z315.5 F15000
G1 X391.908 Y293.984 Z315.5
G1 Z314.5
G1 E17 F9000
G1 F2779.614
G1 X380.396 Y293.984 E49.70059
G1 X293.984 Y380.396 E527.5739
G1 X293.984 Y391.908 E49.70059
; stop printing object Cube id:0 copy 0
;LAYER_CHANGE
;Z:316
;HEIGHT:1.5
;BEFORE_LAYER_CHANGE
;316
G92 E0

EXCLUDE_OBJECT_END NAME=Cube_id_0_copy_0
;AFTER_LAYER_CHANGE
;316
;_SET_FAN_SPEED_CHANGING_LAYER
; printing object Cube id:0 copy 0
;WIPE_START
G1 F600
G1 X293.984 Y384.908 E-10
;WIPE_END
EXCLUDE_OBJECT_START NAME=Cube_id_0_copy_0
G1 Z317 F15000
G1 X291.538 Y291.538 Z317
G1 Z316
G1 E17 F9000
;TYPE:Outer wall
;WIDTH:3.2
G1 F2779.615
G1 X708.462 Y291.538 E1799.91857
G1 X708.462 Y708.462 E1799.91857
G1 X291.538 Y708.462 E1799.91857
G1 X291.538 Y291.838 E1798.62343
M73 P76 R161
;WIPE_START
G1 F600
G1 X298.538 Y291.833 E-10
;WIPE_END
G1 Z317 F15000
G1 X293.984 Y391.908 Z317
G1 Z316
G1 E17 F9000
;TYPE:Sparse infill
;WIDTH:3.2
G1 F2779.614
G1 X293.984 Y380.396 E49.70059
G1 X380.396 Y293.984 E527.5739
G1 X391.908 Y293.984 E49.70059
;WIPE_START
G1 F600
G1 X384.908 Y293.984 E-10
;WIPE_END
G1 Z317 F15000
G1 X293.984 Y554.718 Z317
G1 Z316
G1 E17 F9000
G1 F2779.614
G1 X293.984 Y543.206 E49.70059
G1 X543.206 Y293.984 E1521.58568
G1 X554.718 Y293.984 E49.70059
;WIPE_START
G1 F600
G1 X547.718 Y293.984 E-10
;WIPE_END
G1 Z317 F15000
G1 X706.016 Y391.908 Z317
G1 Z316
G1 E17 F9000
G1 F2779.614
G1 X706.016 Y380.396 E49.70059
G1 X619.604 Y293.984 E527.57392
G1 X608.092 Y293.984 E49.70059
;WIPE_START
G1 F600
G1 X615.092 Y293.984 E-10
;WIPE_END
G1 Z317 F15000
G1 X706.016 Y554.718 Z317
G1 Z316
G1 E17 F9000
G1 F2779.614
G1 X706.016 Y543.206 E49.70059
G1 X456.794 Y293.984 E1521.58569
G1 X445.282 Y293.984 E49.70059
;WIPE_START
G1 F600
G1 X452.282 Y293.984 E-10
;WIPE_END
G1 Z317 F15000
G1 X445.282 Y706.016 Z317
G1 Z316
G1 E17 F9000
G1 F2779.614
G1 X456.794 Y706.016 E49.70059
G1 X706.016 Y456.794 E1521.58571
G1 X706.016 Y445.282 E49.70059
M73 P76 R160
;WIPE_START
G1 F600
G1 X706.016 Y452.282 E-10
;WIPE_END
G1 Z317 F15000
G1 X694.503 Y706.016 Z317
G1 Z316
G1 E17 F9000
G1 F2779.614
G1 X706.016 Y706.016 E49.70059
G1 X293.984 Y293.984 E2515.59745
G1 X305.497 Y293.984 E49.70059
M73 P77 R160
;WIPE_START
G1 F600
G1 X298.497 Y293.984 E-10
;WIPE_END
G1 Z317 F15000
G1 X305.497 Y706.016 Z317
G1 Z316
G1 E17 F9000
G1 F2779.614
G1 X293.984 Y706.016 E49.70028
G1 X706.016 Y293.984 E2515.59704
G1 X694.503 Y293.984 E49.7003
;WIPE_START
G1 F600
G1 X701.503 Y293.984 E-10
;WIPE_END
G1 Z317 F15000
G1 X608.092 Y706.016 Z317
G1 Z316
G1 E17 F9000
G1 F2779.614
G1 X619.604 Y706.016 E49.70059
G1 X706.016 Y619.604 E527.57393
G1 X706.016 Y608.092 E49.70059
;WIPE_START
G1 F600
G1 X706.016 Y615.092 E-10
;WIPE_END
G1 Z317 F15000
G1 X554.718 Y706.016 Z317
G1 Z316
G1 E17 F9000
G1 F2779.614
G1 X543.206 Y706.016 E49.70059
G1 X293.984 Y456.794 E1521.58569
G1 X293.984 Y445.282 E49.70059
;WIPE_START
G1 F600
G1 X293.984 Y452.282 E-10
;WIPE_END
G1 Z317 F15000
G1 X391.908 Y706.016 Z317
G1 Z316
G1 E17 F9000
G1 F2779.614
G1 X380.396 Y706.016 E49.70059
G1 X293.984 Y619.604 E527.57392
G1 X293.984 Y608.092 E49.70059
; stop printing object Cube id:0 copy 0
;LAYER_CHANGE
;Z:317.5
;HEIGHT:1.5
;BEFORE_LAYER_CHANGE
;317.5
G92 E0

EXCLUDE_OBJECT_END NAME=Cube_id_0_copy_0
;AFTER_LAYER_CHANGE
;317.5
;_SET_FAN_SPEED_CHANGING_LAYER
; printing object Cube id:0 copy 0
;WIPE_START
G1 F600
G1 X293.984 Y615.092 E-10
;WIPE_END
EXCLUDE_OBJECT_START NAME=Cube_id_0_copy_0
G1 Z318.5 F15000
G1 X291.538 Y708.462 Z318.5
G1 Z317.5
G1 E17 F9000
;TYPE:Outer wall
;WIDTH:3.2
G1 F2779.615
G1 X291.538 Y291.538 E1799.91857
G1 X708.462 Y291.538 E1799.91857
M73 P77 R159
G1 X708.462 Y708.462 E1799.91857
G1 X291.838 Y708.462 E1798.62343
;WIPE_START
G1 F600
G1 X291.833 Y701.462 E-10
;WIPE_END
G1 Z318.5 F15000
G1 X293.984 Y608.092 Z318.5
G1 Z317.5
G1 E17 F9000
;TYPE:Sparse infill
;WIDTH:3.2
G1 F2779.614
G1 X293.984 Y619.604 E49.70059
G1 X380.396 Y706.016 E527.57392
G1 X391.908 Y706.016 E49.70059
;WIPE_START
G1 F600
G1 X384.908 Y706.016 E-10
;WIPE_END
G1 Z318.5 F15000
G1 X293.984 Y445.282 Z318.5
G1 Z317.5
G1 E17 F9000
G1 F2779.614
G1 X293.984 Y456.794 E49.70059
G1 X543.206 Y706.016 E1521.58569
G1 X554.718 Y706.016 E49.70059
;WIPE_START
G1 F600
G1 X547.718 Y706.016 E-10
;WIPE_END
G1 Z318.5 F15000
G1 X706.016 Y608.092 Z318.5
G1 Z317.5
G1 E17 F9000
G1 F2779.614
G1 X706.016 Y619.604 E49.70059
G1 X619.604 Y706.016 E527.57393
G1 X608.092 Y706.016 E49.70059
;WIPE_START
G1 F600
G1 X615.092 Y706.016 E-10
;WIPE_END
G1 Z318.5 F15000
G1 X706.016 Y445.282 Z318.5
G1 Z317.5
G1 E17 F9000
G1 F2779.614
G1 X706.016 Y456.794 E49.70059
G1 X456.794 Y706.016 E1521.58571
G1 X445.282 Y706.016 E49.70059
M73 P77 R158
;WIPE_START
G1 F600
G1 X452.282 Y706.016 E-10
;WIPE_END
G1 Z318.5 F15000
G1 X445.282 Y293.984 Z318.5
G1 Z317.5
G1 E17 F9000
G1 F2779.614
G1 X456.794 Y293.984 E49.70059
G1 X706.016 Y543.206 E1521.58569
G1 X706.016 Y554.718 E49.70059
;WIPE_START
G1 F600
G1 X706.016 Y547.718 E-10
;WIPE_END
G1 Z318.5 F15000
G1 X694.503 Y293.984 Z318.5
G1 Z317.5
G1 E17 F9000
G1 F2779.614
G1 X706.016 Y293.984 E49.7003
G1 X293.984 Y706.016 E2515.59704
G1 X305.497 Y706.016 E49.70028
;WIPE_START
G1 F600
G1 X298.497 Y706.016 E-10
;WIPE_END
G1 Z318.5 F15000
G1 X305.497 Y293.984 Z318.5
G1 Z317.5
G1 E17 F9000
G1 F2779.614
G1 X293.984 Y293.984 E49.70059
G1 X706.016 Y706.016 E2515.59745
G1 X694.503 Y706.016 E49.70059
;WIPE_START
G1 F600
G1 X701.503 Y706.016 E-10
;WIPE_END
G1 Z318.5 F15000
G1 X608.092 Y293.984 Z318.5
G1 Z317.5
G1 E17 F9000
G1 F2779.614
G1 X619.604 Y293.984 E49.70059
G1 X706.016 Y380.396 E527.57392
G1 X706.016 Y391.908 E49.70059
;WIPE_START
G1 F600
G1 X706.016 Y384.908 E-10
;WIPE_END
G1 Z318.5 F15000
G1 X554.718 Y293.984 Z318.5
G1 Z317.5
M73 P77 R157
G1 E17 F9000
G1 F2779.614
G1 X543.206 Y293.984 E49.70059
G1 X293.984 Y543.206 E1521.58568
G1 X293.984 Y554.718 E49.70059
;WIPE_START
G1 F600
G1 X293.984 Y547.718 E-10
;WIPE_END
G1 Z318.5 F15000
G1 X391.908 Y293.984 Z318.5
G1 Z317.5
G1 E17 F9000
G1 F2779.614
G1 X380.396 Y293.984 E49.70059
G1 X293.984 Y380.396 E527.5739
G1 X293.984 Y391.908 E49.70059
; stop printing object Cube id:0 copy 0
;LAYER_CHANGE
;Z:319
;HEIGHT:1.5
;BEFORE_LAYER_CHANGE
;319
G92 E0

EXCLUDE_OBJECT_END NAME=Cube_id_0_copy_0
;AFTER_LAYER_CHANGE
;319
;_SET_FAN_SPEED_CHANGING_LAYER
; printing object Cube id:0 copy 0
;WIPE_START
G1 F600
G1 X293.984 Y384.908 E-10
;WIPE_END
EXCLUDE_OBJECT_START NAME=Cube_id_0_copy_0
G1 Z320 F15000
G1 X291.538 Y291.538 Z320
G1 Z319
G1 E17 F9000
;TYPE:Outer wall
;WIDTH:3.2
G1 F2779.615
G1 X708.462 Y291.538 E1799.91857
G1 X708.462 Y708.462 E1799.91857
G1 X291.538 Y708.462 E1799.91857
G1 X291.538 Y291.838 E1798.62343
;WIPE_START
G1 F600
G1 X298.538 Y291.833 E-10
;WIPE_END
G1 Z320 F15000
G1 X293.984 Y391.908 Z320
G1 Z319
G1 E17 F9000
;TYPE:Sparse infill
;WIDTH:3.2
G1 F2779.614
G1 X293.984 Y380.396 E49.70059
G1 X380.396 Y293.984 E527.5739
G1 X391.908 Y293.984 E49.70059
;WIPE_START
G1 F600
G1 X384.908 Y293.984 E-10
;WIPE_END
G1 Z320 F15000
M73 P77 R156
G1 X293.984 Y554.718 Z320
G1 Z319
G1 E17 F9000
G1 F2779.614
G1 X293.984 Y543.206 E49.70059
G1 X543.206 Y293.984 E1521.58568
G1 X554.718 Y293.984 E49.70059
;WIPE_START
G1 F600
G1 X547.718 Y293.984 E-10
;WIPE_END
G1 Z320 F15000
G1 X706.016 Y391.908 Z320
G1 Z319
G1 E17 F9000
G1 F2779.614
G1 X706.016 Y380.396 E49.70059
G1 X619.604 Y293.984 E527.57392
G1 X608.092 Y293.984 E49.70059
;WIPE_START
G1 F600
G1 X615.092 Y293.984 E-10
;WIPE_END
G1 Z320 F15000
G1 X706.016 Y554.718 Z320
G1 Z319
G1 E17 F9000
G1 F2779.614
G1 X706.016 Y543.206 E49.70059
G1 X456.794 Y293.984 E1521.58569
G1 X445.282 Y293.984 E49.70059
;WIPE_START
G1 F600
G1 X452.282 Y293.984 E-10
;WIPE_END
G1 Z320 F15000
G1 X445.282 Y706.016 Z320
G1 Z319
G1 E17 F9000
G1 F2779.614
G1 X456.794 Y706.016 E49.70059
G1 X706.016 Y456.794 E1521.58571
G1 X706.016 Y445.282 E49.70059
;WIPE_START
G1 F600
G1 X706.016 Y452.282 E-10
;WIPE_END
G1 Z320 F15000
G1 X694.503 Y706.016 Z320
G1 Z319
G1 E17 F9000
G1 F2779.614
G1 X706.016 Y706.016 E49.70059
G1 X293.984 Y293.984 E2515.59745
G1 X305.497 Y293.984 E49.70059
;WIPE_START
G1 F600
G1 X298.497 Y293.984 E-10
;WIPE_END
G1 Z320 F15000
G1 X305.497 Y706.016 Z320
G1 Z319
G1 E17 F9000
G1 F2779.614
G1 X293.984 Y706.016 E49.70028
G1 X706.016 Y293.984 E2515.59704
G1 X694.503 Y293.984 E49.7003
M73 P77 R155
;WIPE_START
G1 F600
G1 X701.503 Y293.984 E-10
;WIPE_END
G1 Z320 F15000
G1 X608.092 Y706.016 Z320
G1 Z319
G1 E17 F9000
G1 F2779.614
G1 X619.604 Y706.016 E49.70059
G1 X706.016 Y619.604 E527.57393
G1 X706.016 Y608.092 E49.70059
;WIPE_START
G1 F600
G1 X706.016 Y615.092 E-10
;WIPE_END
G1 Z320 F15000
G1 X554.718 Y706.016 Z320
G1 Z319
G1 E17 F9000
G1 F2779.614
G1 X543.206 Y706.016 E49.70059
G1 X293.984 Y456.794 E1521.58569
G1 X293.984 Y445.282 E49.70059
;WIPE_START
G1 F600
G1 X293.984 Y452.282 E-10
;WIPE_END
G1 Z320 F15000
G1 X391.908 Y706.016 Z320
G1 Z319
G1 E17 F9000
G1 F2779.614
G1 X380.396 Y706.016 E49.70059
G1 X293.984 Y619.604 E527.57392
G1 X293.984 Y608.092 E49.70059
; stop printing object Cube id:0 copy 0
;LAYER_CHANGE
;Z:320.5
;HEIGHT:1.5
;BEFORE_LAYER_CHANGE
;320.5
G92 E0

EXCLUDE_OBJECT_END NAME=Cube_id_0_copy_0
;AFTER_LAYER_CHANGE
;320.5
;_SET_FAN_SPEED_CHANGING_LAYER
; printing object Cube id:0 copy 0
;WIPE_START
G1 F600
G1 X293.984 Y615.092 E-10
;WIPE_END
EXCLUDE_OBJECT_START NAME=Cube_id_0_copy_0
G1 Z321.5 F15000
G1 X291.538 Y708.462 Z321.5
G1 Z320.5
G1 E17 F9000
;TYPE:Outer wall
;WIDTH:3.2
G1 F2779.615
G1 X291.538 Y291.538 E1799.91857
G1 X708.462 Y291.538 E1799.91857
G1 X708.462 Y708.462 E1799.91857
G1 X291.838 Y708.462 E1798.62343
M73 P77 R154
;WIPE_START
G1 F600
G1 X291.833 Y701.462 E-10
;WIPE_END
G1 Z321.5 F15000
G1 X293.984 Y608.092 Z321.5
G1 Z320.5
G1 E17 F9000
;TYPE:Sparse infill
;WIDTH:3.2
G1 F2779.614
G1 X293.984 Y619.604 E49.70059
G1 X380.396 Y706.016 E527.57392
G1 X391.908 Y706.016 E49.70059
;WIPE_START
G1 F600
G1 X384.908 Y706.016 E-10
;WIPE_END
G1 Z321.5 F15000
G1 X293.984 Y445.282 Z321.5
G1 Z320.5
G1 E17 F9000
G1 F2779.614
G1 X293.984 Y456.794 E49.70059
G1 X543.206 Y706.016 E1521.58569
G1 X554.718 Y706.016 E49.70059
;WIPE_START
G1 F600
G1 X547.718 Y706.016 E-10
;WIPE_END
G1 Z321.5 F15000
G1 X706.016 Y608.092 Z321.5
G1 Z320.5
G1 E17 F9000
G1 F2779.614
G1 X706.016 Y619.604 E49.70059
G1 X619.604 Y706.016 E527.57393
G1 X608.092 Y706.016 E49.70059
;WIPE_START
G1 F600
G1 X615.092 Y706.016 E-10
;WIPE_END
G1 Z321.5 F15000
G1 X706.016 Y445.282 Z321.5
G1 Z320.5
G1 E17 F9000
G1 F2779.614
G1 X706.016 Y456.794 E49.70059
G1 X456.794 Y706.016 E1521.58571
G1 X445.282 Y706.016 E49.70059
;WIPE_START
G1 F600
G1 X452.282 Y706.016 E-10
;WIPE_END
G1 Z321.5 F15000
G1 X445.282 Y293.984 Z321.5
G1 Z320.5
G1 E17 F9000
G1 F2779.614
G1 X456.794 Y293.984 E49.70059
G1 X706.016 Y543.206 E1521.58569
G1 X706.016 Y554.718 E49.70059
;WIPE_START
G1 F600
G1 X706.016 Y547.718 E-10
;WIPE_END
G1 Z321.5 F15000
G1 X694.503 Y293.984 Z321.5
G1 Z320.5
M73 P77 R153
G1 E17 F9000
G1 F2779.614
G1 X706.016 Y293.984 E49.7003
G1 X293.984 Y706.016 E2515.59704
G1 X305.497 Y706.016 E49.70028
M73 P78 R153
;WIPE_START
G1 F600
G1 X298.497 Y706.016 E-10
;WIPE_END
G1 Z321.5 F15000
G1 X305.497 Y293.984 Z321.5
G1 Z320.5
G1 E17 F9000
G1 F2779.614
G1 X293.984 Y293.984 E49.70059
G1 X706.016 Y706.016 E2515.59745
G1 X694.503 Y706.016 E49.70059
;WIPE_START
G1 F600
G1 X701.503 Y706.016 E-10
;WIPE_END
G1 Z321.5 F15000
G1 X608.092 Y293.984 Z321.5
G1 Z320.5
G1 E17 F9000
G1 F2779.614
G1 X619.604 Y293.984 E49.70059
G1 X706.016 Y380.396 E527.57392
G1 X706.016 Y391.908 E49.70059
;WIPE_START
G1 F600
G1 X706.016 Y384.908 E-10
;WIPE_END
G1 Z321.5 F15000
G1 X554.718 Y293.984 Z321.5
G1 Z320.5
G1 E17 F9000
G1 F2779.614
G1 X543.206 Y293.984 E49.70059
G1 X293.984 Y543.206 E1521.58568
G1 X293.984 Y554.718 E49.70059
;WIPE_START
G1 F600
G1 X293.984 Y547.718 E-10
;WIPE_END
G1 Z321.5 F15000
G1 X391.908 Y293.984 Z321.5
G1 Z320.5
G1 E17 F9000
G1 F2779.614
G1 X380.396 Y293.984 E49.70059
G1 X293.984 Y380.396 E527.5739
G1 X293.984 Y391.908 E49.70059
; stop printing object Cube id:0 copy 0
;LAYER_CHANGE
;Z:322
;HEIGHT:1.5
;BEFORE_LAYER_CHANGE
;322
G92 E0

EXCLUDE_OBJECT_END NAME=Cube_id_0_copy_0
;AFTER_LAYER_CHANGE
;322
;_SET_FAN_SPEED_CHANGING_LAYER
; printing object Cube id:0 copy 0
;WIPE_START
G1 F600
G1 X293.984 Y384.908 E-10
;WIPE_END
EXCLUDE_OBJECT_START NAME=Cube_id_0_copy_0
G1 Z323 F15000
G1 X291.538 Y291.538 Z323
G1 Z322
G1 E17 F9000
;TYPE:Outer wall
;WIDTH:3.2
G1 F2779.615
G1 X708.462 Y291.538 E1799.91857
G1 X708.462 Y708.462 E1799.91857
M73 P78 R152
G1 X291.538 Y708.462 E1799.91857
G1 X291.538 Y291.838 E1798.62343
;WIPE_START
G1 F600
G1 X298.538 Y291.833 E-10
;WIPE_END
G1 Z323 F15000
G1 X293.984 Y391.908 Z323
G1 Z322
G1 E17 F9000
;TYPE:Sparse infill
;WIDTH:3.2
G1 F2779.614
G1 X293.984 Y380.396 E49.70059
G1 X380.396 Y293.984 E527.5739
G1 X391.908 Y293.984 E49.70059
;WIPE_START
G1 F600
G1 X384.908 Y293.984 E-10
;WIPE_END
G1 Z323 F15000
G1 X293.984 Y554.718 Z323
G1 Z322
G1 E17 F9000
G1 F2779.614
G1 X293.984 Y543.206 E49.70059
G1 X543.206 Y293.984 E1521.58568
G1 X554.718 Y293.984 E49.70059
;WIPE_START
G1 F600
G1 X547.718 Y293.984 E-10
;WIPE_END
G1 Z323 F15000
G1 X706.016 Y391.908 Z323
G1 Z322
G1 E17 F9000
G1 F2779.614
G1 X706.016 Y380.396 E49.70059
G1 X619.604 Y293.984 E527.57392
G1 X608.092 Y293.984 E49.70059
;WIPE_START
G1 F600
G1 X615.092 Y293.984 E-10
;WIPE_END
G1 Z323 F15000
G1 X706.016 Y554.718 Z323
G1 Z322
G1 E17 F9000
G1 F2779.614
G1 X706.016 Y543.206 E49.70059
G1 X456.794 Y293.984 E1521.58569
G1 X445.282 Y293.984 E49.70059
M73 P78 R151
;WIPE_START
G1 F600
G1 X452.282 Y293.984 E-10
;WIPE_END
G1 Z323 F15000
G1 X445.282 Y706.016 Z323
G1 Z322
G1 E17 F9000
G1 F2779.614
G1 X456.794 Y706.016 E49.70059
G1 X706.016 Y456.794 E1521.58571
G1 X706.016 Y445.282 E49.70059
;WIPE_START
G1 F600
G1 X706.016 Y452.282 E-10
;WIPE_END
G1 Z323 F15000
G1 X694.503 Y706.016 Z323
G1 Z322
G1 E17 F9000
G1 F2779.614
G1 X706.016 Y706.016 E49.70059
G1 X293.984 Y293.984 E2515.59745
G1 X305.497 Y293.984 E49.70059
;WIPE_START
G1 F600
G1 X298.497 Y293.984 E-10
;WIPE_END
G1 Z323 F15000
G1 X305.497 Y706.016 Z323
G1 Z322
G1 E17 F9000
G1 F2779.614
G1 X293.984 Y706.016 E49.70028
G1 X706.016 Y293.984 E2515.59704
G1 X694.503 Y293.984 E49.7003
;WIPE_START
G1 F600
G1 X701.503 Y293.984 E-10
;WIPE_END
G1 Z323 F15000
G1 X608.092 Y706.016 Z323
G1 Z322
G1 E17 F9000
G1 F2779.614
G1 X619.604 Y706.016 E49.70059
G1 X706.016 Y619.604 E527.57393
G1 X706.016 Y608.092 E49.70059
;WIPE_START
G1 F600
G1 X706.016 Y615.092 E-10
;WIPE_END
G1 Z323 F15000
G1 X554.718 Y706.016 Z323
G1 Z322
G1 E17 F9000
G1 F2779.614
G1 X543.206 Y706.016 E49.70059
G1 X293.984 Y456.794 E1521.58569
G1 X293.984 Y445.282 E49.70059
M73 P78 R150
;WIPE_START
G1 F600
G1 X293.984 Y452.282 E-10
;WIPE_END
G1 Z323 F15000
G1 X391.908 Y706.016 Z323
G1 Z322
G1 E17 F9000
G1 F2779.614
G1 X380.396 Y706.016 E49.70059
G1 X293.984 Y619.604 E527.57392
G1 X293.984 Y608.092 E49.70059
; stop printing object Cube id:0 copy 0
;LAYER_CHANGE
;Z:323.5
;HEIGHT:1.5
;BEFORE_LAYER_CHANGE
;323.5
G92 E0

EXCLUDE_OBJECT_END NAME=Cube_id_0_copy_0
;AFTER_LAYER_CHANGE
;323.5
;_SET_FAN_SPEED_CHANGING_LAYER
; printing object Cube id:0 copy 0
;WIPE_START
G1 F600
G1 X293.984 Y615.092 E-10
;WIPE_END
EXCLUDE_OBJECT_START NAME=Cube_id_0_copy_0
G1 Z324.5 F15000
G1 X291.538 Y708.462 Z324.5
G1 Z323.5
G1 E17 F9000
;TYPE:Outer wall
;WIDTH:3.2
G1 F2779.615
G1 X291.538 Y291.538 E1799.91857
G1 X708.462 Y291.538 E1799.91857
G1 X708.462 Y708.462 E1799.91857
G1 X291.838 Y708.462 E1798.62343
;WIPE_START
G1 F600
G1 X291.833 Y701.462 E-10
;WIPE_END
G1 Z324.5 F15000
G1 X293.984 Y608.092 Z324.5
G1 Z323.5
G1 E17 F9000
;TYPE:Sparse infill
;WIDTH:3.2
G1 F2779.614
G1 X293.984 Y619.604 E49.70059
G1 X380.396 Y706.016 E527.57392
G1 X391.908 Y706.016 E49.70059
;WIPE_START
G1 F600
G1 X384.908 Y706.016 E-10
;WIPE_END
G1 Z324.5 F15000
G1 X293.984 Y445.282 Z324.5
G1 Z323.5
G1 E17 F9000
G1 F2779.614
G1 X293.984 Y456.794 E49.70059
G1 X543.206 Y706.016 E1521.58569
G1 X554.718 Y706.016 E49.70059
M73 P78 R149
;WIPE_START
G1 F600
G1 X547.718 Y706.016 E-10
;WIPE_END
G1 Z324.5 F15000
G1 X706.016 Y608.092 Z324.5
G1 Z323.5
G1 E17 F9000
G1 F2779.614
G1 X706.016 Y619.604 E49.70059
G1 X619.604 Y706.016 E527.57393
G1 X608.092 Y706.016 E49.70059
;WIPE_START
G1 F600
G1 X615.092 Y706.016 E-10
;WIPE_END
G1 Z324.5 F15000
G1 X706.016 Y445.282 Z324.5
G1 Z323.5
G1 E17 F9000
G1 F2779.614
G1 X706.016 Y456.794 E49.70059
G1 X456.794 Y706.016 E1521.58571
G1 X445.282 Y706.016 E49.70059
;WIPE_START
G1 F600
G1 X452.282 Y706.016 E-10
;WIPE_END
G1 Z324.5 F15000
G1 X445.282 Y293.984 Z324.5
G1 Z323.5
G1 E17 F9000
G1 F2779.614
G1 X456.794 Y293.984 E49.70059
G1 X706.016 Y543.206 E1521.58569
G1 X706.016 Y554.718 E49.70059
;WIPE_START
G1 F600
G1 X706.016 Y547.718 E-10
;WIPE_END
G1 Z324.5 F15000
G1 X694.503 Y293.984 Z324.5
G1 Z323.5
G1 E17 F9000
G1 F2779.614
G1 X706.016 Y293.984 E49.7003
G1 X293.984 Y706.016 E2515.59704
G1 X305.497 Y706.016 E49.70028
;WIPE_START
G1 F600
G1 X298.497 Y706.016 E-10
;WIPE_END
G1 Z324.5 F15000
G1 X305.497 Y293.984 Z324.5
G1 Z323.5
G1 E17 F9000
G1 F2779.614
G1 X293.984 Y293.984 E49.70059
G1 X706.016 Y706.016 E2515.59745
G1 X694.503 Y706.016 E49.70059
M73 P78 R148
;WIPE_START
G1 F600
G1 X701.503 Y706.016 E-10
;WIPE_END
G1 Z324.5 F15000
G1 X608.092 Y293.984 Z324.5
G1 Z323.5
G1 E17 F9000
G1 F2779.614
G1 X619.604 Y293.984 E49.70059
G1 X706.016 Y380.396 E527.57392
G1 X706.016 Y391.908 E49.70059
;WIPE_START
G1 F600
G1 X706.016 Y384.908 E-10
;WIPE_END
G1 Z324.5 F15000
G1 X554.718 Y293.984 Z324.5
G1 Z323.5
G1 E17 F9000
G1 F2779.614
G1 X543.206 Y293.984 E49.70059
G1 X293.984 Y543.206 E1521.58568
G1 X293.984 Y554.718 E49.70059
;WIPE_START
G1 F600
G1 X293.984 Y547.718 E-10
;WIPE_END
G1 Z324.5 F15000
G1 X391.908 Y293.984 Z324.5
G1 Z323.5
G1 E17 F9000
G1 F2779.614
G1 X380.396 Y293.984 E49.70059
G1 X293.984 Y380.396 E527.5739
G1 X293.984 Y391.908 E49.70059
; stop printing object Cube id:0 copy 0
;LAYER_CHANGE
;Z:325
;HEIGHT:1.5
;BEFORE_LAYER_CHANGE
;325
G92 E0

EXCLUDE_OBJECT_END NAME=Cube_id_0_copy_0
;AFTER_LAYER_CHANGE
;325
;_SET_FAN_SPEED_CHANGING_LAYER
; printing object Cube id:0 copy 0
;WIPE_START
G1 F600
G1 X293.984 Y384.908 E-10
;WIPE_END
EXCLUDE_OBJECT_START NAME=Cube_id_0_copy_0
G1 Z326 F15000
G1 X291.538 Y291.538 Z326
G1 Z325
G1 E17 F9000
;TYPE:Outer wall
;WIDTH:3.2
G1 F2779.615
G1 X708.462 Y291.538 E1799.91857
G1 X708.462 Y708.462 E1799.91857
G1 X291.538 Y708.462 E1799.91857
G1 X291.538 Y291.838 E1798.62343
M73 P78 R147
;WIPE_START
G1 F600
G1 X298.538 Y291.833 E-10
;WIPE_END
G1 Z326 F15000
G1 X293.984 Y391.908 Z326
G1 Z325
G1 E17 F9000
;TYPE:Sparse infill
;WIDTH:3.2
G1 F2779.614
G1 X293.984 Y380.396 E49.70059
G1 X380.396 Y293.984 E527.5739
G1 X391.908 Y293.984 E49.70059
;WIPE_START
G1 F600
G1 X384.908 Y293.984 E-10
;WIPE_END
G1 Z326 F15000
G1 X293.984 Y554.718 Z326
G1 Z325
G1 E17 F9000
G1 F2779.614
G1 X293.984 Y543.206 E49.70059
G1 X543.206 Y293.984 E1521.58568
G1 X554.718 Y293.984 E49.70059
;WIPE_START
G1 F600
G1 X547.718 Y293.984 E-10
;WIPE_END
G1 Z326 F15000
G1 X706.016 Y391.908 Z326
G1 Z325
G1 E17 F9000
G1 F2779.614
G1 X706.016 Y380.396 E49.70059
G1 X619.604 Y293.984 E527.57392
G1 X608.092 Y293.984 E49.70059
;WIPE_START
G1 F600
G1 X615.092 Y293.984 E-10
;WIPE_END
G1 Z326 F15000
G1 X706.016 Y554.718 Z326
G1 Z325
G1 E17 F9000
G1 F2779.614
G1 X706.016 Y543.206 E49.70059
G1 X456.794 Y293.984 E1521.58569
G1 X445.282 Y293.984 E49.70059
;WIPE_START
G1 F600
G1 X452.282 Y293.984 E-10
;WIPE_END
G1 Z326 F15000
G1 X445.282 Y706.016 Z326
G1 Z325
G1 E17 F9000
G1 F2779.614
G1 X456.794 Y706.016 E49.70059
G1 X706.016 Y456.794 E1521.58571
G1 X706.016 Y445.282 E49.70059
;WIPE_START
G1 F600
G1 X706.016 Y452.282 E-10
;WIPE_END
G1 Z326 F15000
G1 X694.503 Y706.016 Z326
G1 Z325
G1 E17 F9000
G1 F2779.614
G1 X706.016 Y706.016 E49.70059
G1 X293.984 Y293.984 E2515.59745
G1 X305.497 Y293.984 E49.70059
M73 P79 R146
;WIPE_START
G1 F600
G1 X298.497 Y293.984 E-10
;WIPE_END
G1 Z326 F15000
G1 X305.497 Y706.016 Z326
G1 Z325
G1 E17 F9000
G1 F2779.614
G1 X293.984 Y706.016 E49.70028
G1 X706.016 Y293.984 E2515.59704
G1 X694.503 Y293.984 E49.7003
;WIPE_START
G1 F600
G1 X701.503 Y293.984 E-10
;WIPE_END
G1 Z326 F15000
G1 X608.092 Y706.016 Z326
G1 Z325
G1 E17 F9000
G1 F2779.614
G1 X619.604 Y706.016 E49.70059
G1 X706.016 Y619.604 E527.57393
G1 X706.016 Y608.092 E49.70059
;WIPE_START
G1 F600
G1 X706.016 Y615.092 E-10
;WIPE_END
G1 Z326 F15000
G1 X554.718 Y706.016 Z326
G1 Z325
G1 E17 F9000
G1 F2779.614
G1 X543.206 Y706.016 E49.70059
G1 X293.984 Y456.794 E1521.58569
G1 X293.984 Y445.282 E49.70059
;WIPE_START
G1 F600
G1 X293.984 Y452.282 E-10
;WIPE_END
G1 Z326 F15000
G1 X391.908 Y706.016 Z326
G1 Z325
G1 E17 F9000
G1 F2779.614
G1 X380.396 Y706.016 E49.70059
G1 X293.984 Y619.604 E527.57392
G1 X293.984 Y608.092 E49.70059
; stop printing object Cube id:0 copy 0
;LAYER_CHANGE
;Z:326.5
;HEIGHT:1.5
;BEFORE_LAYER_CHANGE
;326.5
G92 E0

EXCLUDE_OBJECT_END NAME=Cube_id_0_copy_0
;AFTER_LAYER_CHANGE
;326.5
;_SET_FAN_SPEED_CHANGING_LAYER
; printing object Cube id:0 copy 0
;WIPE_START
G1 F600
G1 X293.984 Y615.092 E-10
;WIPE_END
EXCLUDE_OBJECT_START NAME=Cube_id_0_copy_0
G1 Z327.5 F15000
G1 X291.538 Y708.462 Z327.5
G1 Z326.5
G1 E17 F9000
;TYPE:Outer wall
;WIDTH:3.2
G1 F2779.615
G1 X291.538 Y291.538 E1799.91857
G1 X708.462 Y291.538 E1799.91857
M73 P79 R145
G1 X708.462 Y708.462 E1799.91857
G1 X291.838 Y708.462 E1798.62343
;WIPE_START
G1 F600
G1 X291.833 Y701.462 E-10
;WIPE_END
G1 Z327.5 F15000
G1 X293.984 Y608.092 Z327.5
G1 Z326.5
G1 E17 F9000
;TYPE:Sparse infill
;WIDTH:3.2
G1 F2779.614
G1 X293.984 Y619.604 E49.70059
G1 X380.396 Y706.016 E527.57392
G1 X391.908 Y706.016 E49.70059
;WIPE_START
G1 F600
G1 X384.908 Y706.016 E-10
;WIPE_END
G1 Z327.5 F15000
G1 X293.984 Y445.282 Z327.5
G1 Z326.5
G1 E17 F9000
G1 F2779.614
G1 X293.984 Y456.794 E49.70059
G1 X543.206 Y706.016 E1521.58569
G1 X554.718 Y706.016 E49.70059
;WIPE_START
G1 F600
G1 X547.718 Y706.016 E-10
;WIPE_END
G1 Z327.5 F15000
G1 X706.016 Y608.092 Z327.5
G1 Z326.5
G1 E17 F9000
G1 F2779.614
G1 X706.016 Y619.604 E49.70059
G1 X619.604 Y706.016 E527.57393
G1 X608.092 Y706.016 E49.70059
;WIPE_START
G1 F600
G1 X615.092 Y706.016 E-10
;WIPE_END
G1 Z327.5 F15000
G1 X706.016 Y445.282 Z327.5
G1 Z326.5
G1 E17 F9000
G1 F2779.614
G1 X706.016 Y456.794 E49.70059
G1 X456.794 Y706.016 E1521.58571
G1 X445.282 Y706.016 E49.70059
M73 P79 R144
;WIPE_START
G1 F600
G1 X452.282 Y706.016 E-10
;WIPE_END
G1 Z327.5 F15000
G1 X445.282 Y293.984 Z327.5
G1 Z326.5
G1 E17 F9000
G1 F2779.614
G1 X456.794 Y293.984 E49.70059
G1 X706.016 Y543.206 E1521.58569
G1 X706.016 Y554.718 E49.70059
;WIPE_START
G1 F600
G1 X706.016 Y547.718 E-10
;WIPE_END
G1 Z327.5 F15000
G1 X694.503 Y293.984 Z327.5
G1 Z326.5
G1 E17 F9000
G1 F2779.614
G1 X706.016 Y293.984 E49.7003
G1 X293.984 Y706.016 E2515.59704
G1 X305.497 Y706.016 E49.70028
;WIPE_START
G1 F600
G1 X298.497 Y706.016 E-10
;WIPE_END
G1 Z327.5 F15000
G1 X305.497 Y293.984 Z327.5
G1 Z326.5
G1 E17 F9000
G1 F2779.614
G1 X293.984 Y293.984 E49.70059
G1 X706.016 Y706.016 E2515.59745
G1 X694.503 Y706.016 E49.70059
;WIPE_START
G1 F600
G1 X701.503 Y706.016 E-10
;WIPE_END
G1 Z327.5 F15000
G1 X608.092 Y293.984 Z327.5
G1 Z326.5
G1 E17 F9000
G1 F2779.614
G1 X619.604 Y293.984 E49.70059
G1 X706.016 Y380.396 E527.57392
G1 X706.016 Y391.908 E49.70059
;WIPE_START
G1 F600
G1 X706.016 Y384.908 E-10
;WIPE_END
G1 Z327.5 F15000
G1 X554.718 Y293.984 Z327.5
G1 Z326.5
G1 E17 F9000
G1 F2779.614
G1 X543.206 Y293.984 E49.70059
G1 X293.984 Y543.206 E1521.58568
G1 X293.984 Y554.718 E49.70059
M73 P79 R143
;WIPE_START
G1 F600
G1 X293.984 Y547.718 E-10
;WIPE_END
G1 Z327.5 F15000
G1 X391.908 Y293.984 Z327.5
G1 Z326.5
G1 E17 F9000
G1 F2779.614
G1 X380.396 Y293.984 E49.70059
G1 X293.984 Y380.396 E527.5739
G1 X293.984 Y391.908 E49.70059
; stop printing object Cube id:0 copy 0
;LAYER_CHANGE
;Z:328
;HEIGHT:1.5
;BEFORE_LAYER_CHANGE
;328
G92 E0

EXCLUDE_OBJECT_END NAME=Cube_id_0_copy_0
;AFTER_LAYER_CHANGE
;328
;_SET_FAN_SPEED_CHANGING_LAYER
; printing object Cube id:0 copy 0
;WIPE_START
G1 F600
G1 X293.984 Y384.908 E-10
;WIPE_END
EXCLUDE_OBJECT_START NAME=Cube_id_0_copy_0
G1 Z329 F15000
G1 X291.538 Y291.538 Z329
G1 Z328
G1 E17 F9000
;TYPE:Outer wall
;WIDTH:3.2
G1 F2779.615
G1 X708.462 Y291.538 E1799.91857
G1 X708.462 Y708.462 E1799.91857
G1 X291.538 Y708.462 E1799.91857
G1 X291.538 Y291.838 E1798.62343
;WIPE_START
G1 F600
G1 X298.538 Y291.833 E-10
;WIPE_END
G1 Z329 F15000
G1 X293.984 Y391.908 Z329
G1 Z328
G1 E17 F9000
;TYPE:Sparse infill
;WIDTH:3.2
G1 F2779.614
G1 X293.984 Y380.396 E49.70059
G1 X380.396 Y293.984 E527.5739
G1 X391.908 Y293.984 E49.70059
;WIPE_START
G1 F600
G1 X384.908 Y293.984 E-10
;WIPE_END
G1 Z329 F15000
G1 X293.984 Y554.718 Z329
G1 Z328
G1 E17 F9000
G1 F2779.614
G1 X293.984 Y543.206 E49.70059
G1 X543.206 Y293.984 E1521.58568
G1 X554.718 Y293.984 E49.70059
M73 P79 R142
;WIPE_START
G1 F600
G1 X547.718 Y293.984 E-10
;WIPE_END
G1 Z329 F15000
G1 X706.016 Y391.908 Z329
G1 Z328
G1 E17 F9000
G1 F2779.614
G1 X706.016 Y380.396 E49.70059
G1 X619.604 Y293.984 E527.57392
G1 X608.092 Y293.984 E49.70059
;WIPE_START
G1 F600
G1 X615.092 Y293.984 E-10
;WIPE_END
G1 Z329 F15000
G1 X706.016 Y554.718 Z329
G1 Z328
G1 E17 F9000
G1 F2779.614
G1 X706.016 Y543.206 E49.70059
G1 X456.794 Y293.984 E1521.58569
G1 X445.282 Y293.984 E49.70059
;WIPE_START
G1 F600
G1 X452.282 Y293.984 E-10
;WIPE_END
G1 Z329 F15000
G1 X445.282 Y706.016 Z329
G1 Z328
G1 E17 F9000
G1 F2779.614
G1 X456.794 Y706.016 E49.70059
G1 X706.016 Y456.794 E1521.58571
G1 X706.016 Y445.282 E49.70059
;WIPE_START
G1 F600
G1 X706.016 Y452.282 E-10
;WIPE_END
G1 Z329 F15000
G1 X694.503 Y706.016 Z329
G1 Z328
G1 E17 F9000
G1 F2779.614
G1 X706.016 Y706.016 E49.70059
G1 X293.984 Y293.984 E2515.59745
G1 X305.497 Y293.984 E49.70059
;WIPE_START
G1 F600
G1 X298.497 Y293.984 E-10
;WIPE_END
G1 Z329 F15000
G1 X305.497 Y706.016 Z329
G1 Z328
G1 E17 F9000
G1 F2779.614
G1 X293.984 Y706.016 E49.70028
G1 X706.016 Y293.984 E2515.59704
G1 X694.503 Y293.984 E49.7003
M73 P79 R141
;WIPE_START
G1 F600
G1 X701.503 Y293.984 E-10
;WIPE_END
G1 Z329 F15000
G1 X608.092 Y706.016 Z329
G1 Z328
G1 E17 F9000
G1 F2779.614
G1 X619.604 Y706.016 E49.70059
G1 X706.016 Y619.604 E527.57393
G1 X706.016 Y608.092 E49.70059
;WIPE_START
G1 F600
G1 X706.016 Y615.092 E-10
;WIPE_END
G1 Z329 F15000
G1 X554.718 Y706.016 Z329
G1 Z328
G1 E17 F9000
G1 F2779.614
G1 X543.206 Y706.016 E49.70059
G1 X293.984 Y456.794 E1521.58569
G1 X293.984 Y445.282 E49.70059
;WIPE_START
G1 F600
G1 X293.984 Y452.282 E-10
;WIPE_END
G1 Z329 F15000
G1 X391.908 Y706.016 Z329
G1 Z328
G1 E17 F9000
G1 F2779.614
G1 X380.396 Y706.016 E49.70059
G1 X293.984 Y619.604 E527.57392
G1 X293.984 Y608.092 E49.70059
; stop printing object Cube id:0 copy 0
;LAYER_CHANGE
;Z:329.5
;HEIGHT:1.5
;BEFORE_LAYER_CHANGE
;329.5
G92 E0

EXCLUDE_OBJECT_END NAME=Cube_id_0_copy_0
;AFTER_LAYER_CHANGE
;329.5
;_SET_FAN_SPEED_CHANGING_LAYER
; printing object Cube id:0 copy 0
;WIPE_START
G1 F600
G1 X293.984 Y615.092 E-10
;WIPE_END
EXCLUDE_OBJECT_START NAME=Cube_id_0_copy_0
G1 Z330.5 F15000
G1 X291.538 Y708.462 Z330.5
G1 Z329.5
G1 E17 F9000
;TYPE:Outer wall
;WIDTH:3.2
G1 F2779.615
G1 X291.538 Y291.538 E1799.91857
G1 X708.462 Y291.538 E1799.91857
G1 X708.462 Y708.462 E1799.91857
G1 X291.838 Y708.462 E1798.62343
;WIPE_START
G1 F600
M73 P79 R140
G1 X291.833 Y701.462 E-10
;WIPE_END
G1 Z330.5 F15000
G1 X293.984 Y608.092 Z330.5
G1 Z329.5
G1 E17 F9000
;TYPE:Sparse infill
;WIDTH:3.2
G1 F2779.614
G1 X293.984 Y619.604 E49.70059
G1 X380.396 Y706.016 E527.57392
G1 X391.908 Y706.016 E49.70059
;WIPE_START
G1 F600
G1 X384.908 Y706.016 E-10
;WIPE_END
G1 Z330.5 F15000
G1 X293.984 Y445.282 Z330.5
G1 Z329.5
G1 E17 F9000
G1 F2779.614
G1 X293.984 Y456.794 E49.70059
G1 X543.206 Y706.016 E1521.58569
G1 X554.718 Y706.016 E49.70059
;WIPE_START
G1 F600
G1 X547.718 Y706.016 E-10
;WIPE_END
G1 Z330.5 F15000
G1 X706.016 Y608.092 Z330.5
G1 Z329.5
G1 E17 F9000
G1 F2779.614
G1 X706.016 Y619.604 E49.70059
G1 X619.604 Y706.016 E527.57393
G1 X608.092 Y706.016 E49.70059
;WIPE_START
G1 F600
G1 X615.092 Y706.016 E-10
;WIPE_END
G1 Z330.5 F15000
G1 X706.016 Y445.282 Z330.5
G1 Z329.5
G1 E17 F9000
G1 F2779.614
G1 X706.016 Y456.794 E49.70059
G1 X456.794 Y706.016 E1521.58571
G1 X445.282 Y706.016 E49.70059
;WIPE_START
G1 F600
G1 X452.282 Y706.016 E-10
;WIPE_END
G1 Z330.5 F15000
G1 X445.282 Y293.984 Z330.5
G1 Z329.5
G1 E17 F9000
G1 F2779.614
G1 X456.794 Y293.984 E49.70059
G1 X706.016 Y543.206 E1521.58569
G1 X706.016 Y554.718 E49.70059
;WIPE_START
G1 F600
G1 X706.016 Y547.718 E-10
;WIPE_END
G1 Z330.5 F15000
G1 X694.503 Y293.984 Z330.5
G1 Z329.5
G1 E17 F9000
G1 F2779.614
G1 X706.016 Y293.984 E49.7003
G1 X293.984 Y706.016 E2515.59704
G1 X305.497 Y706.016 E49.70028
M73 P79 R139
;WIPE_START
G1 F600
G1 X298.497 Y706.016 E-10
;WIPE_END
G1 Z330.5 F15000
G1 X305.497 Y293.984 Z330.5
G1 Z329.5
M73 P80 R139
G1 E17 F9000
G1 F2779.614
G1 X293.984 Y293.984 E49.70059
G1 X706.016 Y706.016 E2515.59745
G1 X694.503 Y706.016 E49.70059
;WIPE_START
G1 F600
G1 X701.503 Y706.016 E-10
;WIPE_END
G1 Z330.5 F15000
G1 X608.092 Y293.984 Z330.5
G1 Z329.5
G1 E17 F9000
G1 F2779.614
G1 X619.604 Y293.984 E49.70059
G1 X706.016 Y380.396 E527.57392
G1 X706.016 Y391.908 E49.70059
;WIPE_START
G1 F600
G1 X706.016 Y384.908 E-10
;WIPE_END
G1 Z330.5 F15000
G1 X554.718 Y293.984 Z330.5
G1 Z329.5
G1 E17 F9000
G1 F2779.614
G1 X543.206 Y293.984 E49.70059
G1 X293.984 Y543.206 E1521.58568
G1 X293.984 Y554.718 E49.70059
;WIPE_START
G1 F600
G1 X293.984 Y547.718 E-10
;WIPE_END
G1 Z330.5 F15000
G1 X391.908 Y293.984 Z330.5
G1 Z329.5
G1 E17 F9000
G1 F2779.614
G1 X380.396 Y293.984 E49.70059
G1 X293.984 Y380.396 E527.5739
G1 X293.984 Y391.908 E49.70059
; stop printing object Cube id:0 copy 0
;LAYER_CHANGE
;Z:331
;HEIGHT:1.5
;BEFORE_LAYER_CHANGE
;331
G92 E0

EXCLUDE_OBJECT_END NAME=Cube_id_0_copy_0
;AFTER_LAYER_CHANGE
;331
;_SET_FAN_SPEED_CHANGING_LAYER
; printing object Cube id:0 copy 0
;WIPE_START
G1 F600
G1 X293.984 Y384.908 E-10
;WIPE_END
EXCLUDE_OBJECT_START NAME=Cube_id_0_copy_0
G1 Z332 F15000
G1 X291.538 Y291.538 Z332
G1 Z331
G1 E17 F9000
;TYPE:Outer wall
;WIDTH:3.2
G1 F2779.615
G1 X708.462 Y291.538 E1799.91857
G1 X708.462 Y708.462 E1799.91857
M73 P80 R138
G1 X291.538 Y708.462 E1799.91857
G1 X291.538 Y291.838 E1798.62343
;WIPE_START
G1 F600
G1 X298.538 Y291.833 E-10
;WIPE_END
G1 Z332 F15000
G1 X293.984 Y391.908 Z332
G1 Z331
G1 E17 F9000
;TYPE:Sparse infill
;WIDTH:3.2
G1 F2779.614
G1 X293.984 Y380.396 E49.70059
G1 X380.396 Y293.984 E527.5739
G1 X391.908 Y293.984 E49.70059
;WIPE_START
G1 F600
G1 X384.908 Y293.984 E-10
;WIPE_END
G1 Z332 F15000
G1 X293.984 Y554.718 Z332
G1 Z331
G1 E17 F9000
G1 F2779.614
G1 X293.984 Y543.206 E49.70059
G1 X543.206 Y293.984 E1521.58568
G1 X554.718 Y293.984 E49.70059
;WIPE_START
G1 F600
G1 X547.718 Y293.984 E-10
;WIPE_END
G1 Z332 F15000
G1 X706.016 Y391.908 Z332
G1 Z331
G1 E17 F9000
G1 F2779.614
G1 X706.016 Y380.396 E49.70059
G1 X619.604 Y293.984 E527.57392
G1 X608.092 Y293.984 E49.70059
;WIPE_START
G1 F600
G1 X615.092 Y293.984 E-10
;WIPE_END
G1 Z332 F15000
G1 X706.016 Y554.718 Z332
G1 Z331
G1 E17 F9000
G1 F2779.614
G1 X706.016 Y543.206 E49.70059
G1 X456.794 Y293.984 E1521.58569
G1 X445.282 Y293.984 E49.70059
M73 P80 R137
;WIPE_START
G1 F600
G1 X452.282 Y293.984 E-10
;WIPE_END
G1 Z332 F15000
G1 X445.282 Y706.016 Z332
G1 Z331
G1 E17 F9000
G1 F2779.614
G1 X456.794 Y706.016 E49.70059
G1 X706.016 Y456.794 E1521.58571
G1 X706.016 Y445.282 E49.70059
;WIPE_START
G1 F600
G1 X706.016 Y452.282 E-10
;WIPE_END
G1 Z332 F15000
G1 X694.503 Y706.016 Z332
G1 Z331
G1 E17 F9000
G1 F2779.614
G1 X706.016 Y706.016 E49.70059
G1 X293.984 Y293.984 E2515.59745
G1 X305.497 Y293.984 E49.70059
;WIPE_START
G1 F600
G1 X298.497 Y293.984 E-10
;WIPE_END
G1 Z332 F15000
G1 X305.497 Y706.016 Z332
G1 Z331
G1 E17 F9000
G1 F2779.614
G1 X293.984 Y706.016 E49.70028
G1 X706.016 Y293.984 E2515.59704
G1 X694.503 Y293.984 E49.7003
;WIPE_START
G1 F600
G1 X701.503 Y293.984 E-10
;WIPE_END
G1 Z332 F15000
G1 X608.092 Y706.016 Z332
G1 Z331
G1 E17 F9000
G1 F2779.614
G1 X619.604 Y706.016 E49.70059
G1 X706.016 Y619.604 E527.57393
G1 X706.016 Y608.092 E49.70059
;WIPE_START
G1 F600
G1 X706.016 Y615.092 E-10
;WIPE_END
G1 Z332 F15000
G1 X554.718 Y706.016 Z332
G1 Z331
G1 E17 F9000
G1 F2779.614
G1 X543.206 Y706.016 E49.70059
G1 X293.984 Y456.794 E1521.58569
G1 X293.984 Y445.282 E49.70059
M73 P80 R136
;WIPE_START
G1 F600
G1 X293.984 Y452.282 E-10
;WIPE_END
G1 Z332 F15000
G1 X391.908 Y706.016 Z332
G1 Z331
G1 E17 F9000
G1 F2779.614
G1 X380.396 Y706.016 E49.70059
G1 X293.984 Y619.604 E527.57392
G1 X293.984 Y608.092 E49.70059
; stop printing object Cube id:0 copy 0
;LAYER_CHANGE
;Z:332.5
;HEIGHT:1.5
;BEFORE_LAYER_CHANGE
;332.5
G92 E0

EXCLUDE_OBJECT_END NAME=Cube_id_0_copy_0
;AFTER_LAYER_CHANGE
;332.5
;_SET_FAN_SPEED_CHANGING_LAYER
; printing object Cube id:0 copy 0
;WIPE_START
G1 F600
G1 X293.984 Y615.092 E-10
;WIPE_END
EXCLUDE_OBJECT_START NAME=Cube_id_0_copy_0
G1 Z333.5 F15000
G1 X291.538 Y708.462 Z333.5
G1 Z332.5
G1 E17 F9000
;TYPE:Outer wall
;WIDTH:3.2
G1 F2779.615
G1 X291.538 Y291.538 E1799.91857
G1 X708.462 Y291.538 E1799.91857
G1 X708.462 Y708.462 E1799.91857
G1 X291.838 Y708.462 E1798.62343
;WIPE_START
G1 F600
G1 X291.833 Y701.462 E-10
;WIPE_END
G1 Z333.5 F15000
G1 X293.984 Y608.092 Z333.5
G1 Z332.5
G1 E17 F9000
;TYPE:Sparse infill
;WIDTH:3.2
G1 F2779.614
G1 X293.984 Y619.604 E49.70059
G1 X380.396 Y706.016 E527.57392
G1 X391.908 Y706.016 E49.70059
;WIPE_START
G1 F600
G1 X384.908 Y706.016 E-10
;WIPE_END
G1 Z333.5 F15000
G1 X293.984 Y445.282 Z333.5
G1 Z332.5
G1 E17 F9000
G1 F2779.614
G1 X293.984 Y456.794 E49.70059
G1 X543.206 Y706.016 E1521.58569
G1 X554.718 Y706.016 E49.70059
M73 P80 R135
;WIPE_START
G1 F600
G1 X547.718 Y706.016 E-10
;WIPE_END
G1 Z333.5 F15000
G1 X706.016 Y608.092 Z333.5
G1 Z332.5
G1 E17 F9000
G1 F2779.614
G1 X706.016 Y619.604 E49.70059
G1 X619.604 Y706.016 E527.57393
G1 X608.092 Y706.016 E49.70059
;WIPE_START
G1 F600
G1 X615.092 Y706.016 E-10
;WIPE_END
G1 Z333.5 F15000
G1 X706.016 Y445.282 Z333.5
G1 Z332.5
G1 E17 F9000
G1 F2779.614
G1 X706.016 Y456.794 E49.70059
G1 X456.794 Y706.016 E1521.58571
G1 X445.282 Y706.016 E49.70059
;WIPE_START
G1 F600
G1 X452.282 Y706.016 E-10
;WIPE_END
G1 Z333.5 F15000
G1 X445.282 Y293.984 Z333.5
G1 Z332.5
G1 E17 F9000
G1 F2779.614
G1 X456.794 Y293.984 E49.70059
G1 X706.016 Y543.206 E1521.58569
G1 X706.016 Y554.718 E49.70059
;WIPE_START
G1 F600
G1 X706.016 Y547.718 E-10
;WIPE_END
G1 Z333.5 F15000
G1 X694.503 Y293.984 Z333.5
G1 Z332.5
G1 E17 F9000
G1 F2779.614
G1 X706.016 Y293.984 E49.7003
G1 X293.984 Y706.016 E2515.59704
G1 X305.497 Y706.016 E49.70028
;WIPE_START
G1 F600
G1 X298.497 Y706.016 E-10
;WIPE_END
G1 Z333.5 F15000
G1 X305.497 Y293.984 Z333.5
G1 Z332.5
G1 E17 F9000
G1 F2779.614
G1 X293.984 Y293.984 E49.70059
G1 X706.016 Y706.016 E2515.59745
G1 X694.503 Y706.016 E49.70059
M73 P80 R134
;WIPE_START
G1 F600
G1 X701.503 Y706.016 E-10
;WIPE_END
G1 Z333.5 F15000
G1 X608.092 Y293.984 Z333.5
G1 Z332.5
G1 E17 F9000
G1 F2779.614
G1 X619.604 Y293.984 E49.70059
G1 X706.016 Y380.396 E527.57392
G1 X706.016 Y391.908 E49.70059
;WIPE_START
G1 F600
G1 X706.016 Y384.908 E-10
;WIPE_END
G1 Z333.5 F15000
G1 X554.718 Y293.984 Z333.5
G1 Z332.5
G1 E17 F9000
G1 F2779.614
G1 X543.206 Y293.984 E49.70059
G1 X293.984 Y543.206 E1521.58568
G1 X293.984 Y554.718 E49.70059
;WIPE_START
G1 F600
G1 X293.984 Y547.718 E-10
;WIPE_END
G1 Z333.5 F15000
G1 X391.908 Y293.984 Z333.5
G1 Z332.5
G1 E17 F9000
G1 F2779.614
G1 X380.396 Y293.984 E49.70059
G1 X293.984 Y380.396 E527.5739
G1 X293.984 Y391.908 E49.70059
; stop printing object Cube id:0 copy 0
;LAYER_CHANGE
;Z:334
;HEIGHT:1.5
;BEFORE_LAYER_CHANGE
;334
G92 E0

EXCLUDE_OBJECT_END NAME=Cube_id_0_copy_0
;AFTER_LAYER_CHANGE
;334
;_SET_FAN_SPEED_CHANGING_LAYER
; printing object Cube id:0 copy 0
;WIPE_START
G1 F600
G1 X293.984 Y384.908 E-10
;WIPE_END
EXCLUDE_OBJECT_START NAME=Cube_id_0_copy_0
G1 Z335 F15000
G1 X291.538 Y291.538 Z335
G1 Z334
G1 E17 F9000
;TYPE:Outer wall
;WIDTH:3.2
G1 F2779.615
G1 X708.462 Y291.538 E1799.91857
G1 X708.462 Y708.462 E1799.91857
G1 X291.538 Y708.462 E1799.91857
G1 X291.538 Y291.838 E1798.62343
;WIPE_START
G1 F600
M73 P80 R133
G1 X298.538 Y291.833 E-10
;WIPE_END
G1 Z335 F15000
G1 X293.984 Y391.908 Z335
G1 Z334
G1 E17 F9000
;TYPE:Sparse infill
;WIDTH:3.2
G1 F2779.614
G1 X293.984 Y380.396 E49.70059
G1 X380.396 Y293.984 E527.5739
G1 X391.908 Y293.984 E49.70059
;WIPE_START
G1 F600
G1 X384.908 Y293.984 E-10
;WIPE_END
G1 Z335 F15000
G1 X293.984 Y554.718 Z335
G1 Z334
G1 E17 F9000
G1 F2779.614
G1 X293.984 Y543.206 E49.70059
G1 X543.206 Y293.984 E1521.58568
G1 X554.718 Y293.984 E49.70059
;WIPE_START
G1 F600
G1 X547.718 Y293.984 E-10
;WIPE_END
G1 Z335 F15000
G1 X706.016 Y391.908 Z335
G1 Z334
G1 E17 F9000
G1 F2779.614
G1 X706.016 Y380.396 E49.70059
G1 X619.604 Y293.984 E527.57392
G1 X608.092 Y293.984 E49.70059
;WIPE_START
G1 F600
G1 X615.092 Y293.984 E-10
;WIPE_END
G1 Z335 F15000
G1 X706.016 Y554.718 Z335
G1 Z334
G1 E17 F9000
G1 F2779.614
G1 X706.016 Y543.206 E49.70059
G1 X456.794 Y293.984 E1521.58569
G1 X445.282 Y293.984 E49.70059
;WIPE_START
G1 F600
G1 X452.282 Y293.984 E-10
;WIPE_END
G1 Z335 F15000
G1 X445.282 Y706.016 Z335
G1 Z334
G1 E17 F9000
G1 F2779.614
G1 X456.794 Y706.016 E49.70059
G1 X706.016 Y456.794 E1521.58571
G1 X706.016 Y445.282 E49.70059
;WIPE_START
G1 F600
G1 X706.016 Y452.282 E-10
;WIPE_END
G1 Z335 F15000
G1 X694.503 Y706.016 Z335
G1 Z334
G1 E17 F9000
G1 F2779.614
G1 X706.016 Y706.016 E49.70059
G1 X293.984 Y293.984 E2515.59745
G1 X305.497 Y293.984 E49.70059
M73 P80 R132
;WIPE_START
G1 F600
G1 X298.497 Y293.984 E-10
;WIPE_END
G1 Z335 F15000
G1 X305.497 Y706.016 Z335
G1 Z334
G1 E17 F9000
G1 F2779.614
G1 X293.984 Y706.016 E49.70028
G1 X706.016 Y293.984 E2515.59704
M73 P81 R132
G1 X694.503 Y293.984 E49.7003
;WIPE_START
G1 F600
G1 X701.503 Y293.984 E-10
;WIPE_END
G1 Z335 F15000
G1 X608.092 Y706.016 Z335
G1 Z334
G1 E17 F9000
G1 F2779.614
G1 X619.604 Y706.016 E49.70059
G1 X706.016 Y619.604 E527.57393
G1 X706.016 Y608.092 E49.70059
;WIPE_START
G1 F600
G1 X706.016 Y615.092 E-10
;WIPE_END
G1 Z335 F15000
G1 X554.718 Y706.016 Z335
G1 Z334
G1 E17 F9000
G1 F2779.614
G1 X543.206 Y706.016 E49.70059
G1 X293.984 Y456.794 E1521.58569
G1 X293.984 Y445.282 E49.70059
;WIPE_START
G1 F600
G1 X293.984 Y452.282 E-10
;WIPE_END
G1 Z335 F15000
G1 X391.908 Y706.016 Z335
G1 Z334
G1 E17 F9000
G1 F2779.614
G1 X380.396 Y706.016 E49.70059
G1 X293.984 Y619.604 E527.57392
G1 X293.984 Y608.092 E49.70059
; stop printing object Cube id:0 copy 0
;LAYER_CHANGE
;Z:335.5
;HEIGHT:1.5
;BEFORE_LAYER_CHANGE
;335.5
G92 E0

EXCLUDE_OBJECT_END NAME=Cube_id_0_copy_0
;AFTER_LAYER_CHANGE
;335.5
;_SET_FAN_SPEED_CHANGING_LAYER
; printing object Cube id:0 copy 0
;WIPE_START
G1 F600
G1 X293.984 Y615.092 E-10
;WIPE_END
EXCLUDE_OBJECT_START NAME=Cube_id_0_copy_0
G1 Z336.5 F15000
G1 X291.538 Y708.462 Z336.5
G1 Z335.5
G1 E17 F9000
;TYPE:Outer wall
;WIDTH:3.2
G1 F2779.615
G1 X291.538 Y291.538 E1799.91857
G1 X708.462 Y291.538 E1799.91857
G1 X708.462 Y708.462 E1799.91857
M73 P81 R131
G1 X291.838 Y708.462 E1798.62343
;WIPE_START
G1 F600
G1 X291.833 Y701.462 E-10
;WIPE_END
G1 Z336.5 F15000
G1 X293.984 Y608.092 Z336.5
G1 Z335.5
G1 E17 F9000
;TYPE:Sparse infill
;WIDTH:3.2
G1 F2779.614
G1 X293.984 Y619.604 E49.70059
G1 X380.396 Y706.016 E527.57392
G1 X391.908 Y706.016 E49.70059
;WIPE_START
G1 F600
G1 X384.908 Y706.016 E-10
;WIPE_END
G1 Z336.5 F15000
G1 X293.984 Y445.282 Z336.5
G1 Z335.5
G1 E17 F9000
G1 F2779.614
G1 X293.984 Y456.794 E49.70059
G1 X543.206 Y706.016 E1521.58569
G1 X554.718 Y706.016 E49.70059
;WIPE_START
G1 F600
G1 X547.718 Y706.016 E-10
;WIPE_END
G1 Z336.5 F15000
G1 X706.016 Y608.092 Z336.5
G1 Z335.5
G1 E17 F9000
G1 F2779.614
G1 X706.016 Y619.604 E49.70059
G1 X619.604 Y706.016 E527.57393
G1 X608.092 Y706.016 E49.70059
;WIPE_START
G1 F600
G1 X615.092 Y706.016 E-10
;WIPE_END
G1 Z336.5 F15000
G1 X706.016 Y445.282 Z336.5
G1 Z335.5
G1 E17 F9000
G1 F2779.614
G1 X706.016 Y456.794 E49.70059
G1 X456.794 Y706.016 E1521.58571
G1 X445.282 Y706.016 E49.70059
;WIPE_START
G1 F600
G1 X452.282 Y706.016 E-10
;WIPE_END
G1 Z336.5 F15000
G1 X445.282 Y293.984 Z336.5
G1 Z335.5
M73 P81 R130
G1 E17 F9000
G1 F2779.614
G1 X456.794 Y293.984 E49.70059
G1 X706.016 Y543.206 E1521.58569
G1 X706.016 Y554.718 E49.70059
;WIPE_START
G1 F600
G1 X706.016 Y547.718 E-10
;WIPE_END
G1 Z336.5 F15000
G1 X694.503 Y293.984 Z336.5
G1 Z335.5
G1 E17 F9000
G1 F2779.614
G1 X706.016 Y293.984 E49.7003
G1 X293.984 Y706.016 E2515.59704
G1 X305.497 Y706.016 E49.70028
;WIPE_START
G1 F600
G1 X298.497 Y706.016 E-10
;WIPE_END
G1 Z336.5 F15000
G1 X305.497 Y293.984 Z336.5
G1 Z335.5
G1 E17 F9000
G1 F2779.614
G1 X293.984 Y293.984 E49.70059
G1 X706.016 Y706.016 E2515.59745
G1 X694.503 Y706.016 E49.70059
;WIPE_START
G1 F600
G1 X701.503 Y706.016 E-10
;WIPE_END
G1 Z336.5 F15000
G1 X608.092 Y293.984 Z336.5
G1 Z335.5
G1 E17 F9000
G1 F2779.614
G1 X619.604 Y293.984 E49.70059
G1 X706.016 Y380.396 E527.57392
G1 X706.016 Y391.908 E49.70059
;WIPE_START
G1 F600
G1 X706.016 Y384.908 E-10
;WIPE_END
G1 Z336.5 F15000
G1 X554.718 Y293.984 Z336.5
G1 Z335.5
G1 E17 F9000
G1 F2779.614
G1 X543.206 Y293.984 E49.70059
G1 X293.984 Y543.206 E1521.58568
G1 X293.984 Y554.718 E49.70059
;WIPE_START
G1 F600
G1 X293.984 Y547.718 E-10
;WIPE_END
G1 Z336.5 F15000
M73 P81 R129
G1 X391.908 Y293.984 Z336.5
G1 Z335.5
G1 E17 F9000
G1 F2779.614
G1 X380.396 Y293.984 E49.70059
G1 X293.984 Y380.396 E527.5739
G1 X293.984 Y391.908 E49.70059
; stop printing object Cube id:0 copy 0
;LAYER_CHANGE
;Z:337
;HEIGHT:1.5
;BEFORE_LAYER_CHANGE
;337
G92 E0

EXCLUDE_OBJECT_END NAME=Cube_id_0_copy_0
;AFTER_LAYER_CHANGE
;337
;_SET_FAN_SPEED_CHANGING_LAYER
; printing object Cube id:0 copy 0
;WIPE_START
G1 F600
G1 X293.984 Y384.908 E-10
;WIPE_END
EXCLUDE_OBJECT_START NAME=Cube_id_0_copy_0
G1 Z338 F15000
G1 X291.538 Y291.538 Z338
G1 Z337
G1 E17 F9000
;TYPE:Outer wall
;WIDTH:3.2
G1 F2779.615
G1 X708.462 Y291.538 E1799.91857
G1 X708.462 Y708.462 E1799.91857
G1 X291.538 Y708.462 E1799.91857
G1 X291.538 Y291.838 E1798.62343
;WIPE_START
G1 F600
G1 X298.538 Y291.833 E-10
;WIPE_END
G1 Z338 F15000
G1 X293.984 Y391.908 Z338
G1 Z337
G1 E17 F9000
;TYPE:Sparse infill
;WIDTH:3.2
G1 F2779.614
G1 X293.984 Y380.396 E49.70059
G1 X380.396 Y293.984 E527.5739
G1 X391.908 Y293.984 E49.70059
;WIPE_START
G1 F600
G1 X384.908 Y293.984 E-10
;WIPE_END
G1 Z338 F15000
G1 X293.984 Y554.718 Z338
G1 Z337
G1 E17 F9000
G1 F2779.614
G1 X293.984 Y543.206 E49.70059
G1 X543.206 Y293.984 E1521.58568
G1 X554.718 Y293.984 E49.70059
M73 P81 R128
;WIPE_START
G1 F600
G1 X547.718 Y293.984 E-10
;WIPE_END
G1 Z338 F15000
G1 X706.016 Y391.908 Z338
G1 Z337
G1 E17 F9000
G1 F2779.614
G1 X706.016 Y380.396 E49.70059
G1 X619.604 Y293.984 E527.57392
G1 X608.092 Y293.984 E49.70059
;WIPE_START
G1 F600
G1 X615.092 Y293.984 E-10
;WIPE_END
G1 Z338 F15000
G1 X706.016 Y554.718 Z338
G1 Z337
G1 E17 F9000
G1 F2779.614
G1 X706.016 Y543.206 E49.70059
G1 X456.794 Y293.984 E1521.58569
G1 X445.282 Y293.984 E49.70059
;WIPE_START
G1 F600
G1 X452.282 Y293.984 E-10
;WIPE_END
G1 Z338 F15000
G1 X445.282 Y706.016 Z338
G1 Z337
G1 E17 F9000
G1 F2779.614
G1 X456.794 Y706.016 E49.70059
G1 X706.016 Y456.794 E1521.58571
G1 X706.016 Y445.282 E49.70059
;WIPE_START
G1 F600
G1 X706.016 Y452.282 E-10
;WIPE_END
G1 Z338 F15000
G1 X694.503 Y706.016 Z338
G1 Z337
G1 E17 F9000
G1 F2779.614
G1 X706.016 Y706.016 E49.70059
G1 X293.984 Y293.984 E2515.59745
G1 X305.497 Y293.984 E49.70059
;WIPE_START
G1 F600
G1 X298.497 Y293.984 E-10
;WIPE_END
G1 Z338 F15000
G1 X305.497 Y706.016 Z338
G1 Z337
G1 E17 F9000
G1 F2779.614
G1 X293.984 Y706.016 E49.70028
G1 X706.016 Y293.984 E2515.59704
G1 X694.503 Y293.984 E49.7003
M73 P81 R127
;WIPE_START
G1 F600
G1 X701.503 Y293.984 E-10
;WIPE_END
G1 Z338 F15000
G1 X608.092 Y706.016 Z338
G1 Z337
G1 E17 F9000
G1 F2779.614
G1 X619.604 Y706.016 E49.70059
G1 X706.016 Y619.604 E527.57393
G1 X706.016 Y608.092 E49.70059
;WIPE_START
G1 F600
G1 X706.016 Y615.092 E-10
;WIPE_END
G1 Z338 F15000
G1 X554.718 Y706.016 Z338
G1 Z337
G1 E17 F9000
G1 F2779.614
G1 X543.206 Y706.016 E49.70059
G1 X293.984 Y456.794 E1521.58569
G1 X293.984 Y445.282 E49.70059
;WIPE_START
G1 F600
G1 X293.984 Y452.282 E-10
;WIPE_END
G1 Z338 F15000
G1 X391.908 Y706.016 Z338
G1 Z337
G1 E17 F9000
G1 F2779.614
G1 X380.396 Y706.016 E49.70059
G1 X293.984 Y619.604 E527.57392
G1 X293.984 Y608.092 E49.70059
; stop printing object Cube id:0 copy 0
;LAYER_CHANGE
;Z:338.5
;HEIGHT:1.5
;BEFORE_LAYER_CHANGE
;338.5
G92 E0

EXCLUDE_OBJECT_END NAME=Cube_id_0_copy_0
;AFTER_LAYER_CHANGE
;338.5
;_SET_FAN_SPEED_CHANGING_LAYER
; printing object Cube id:0 copy 0
;WIPE_START
G1 F600
G1 X293.984 Y615.092 E-10
;WIPE_END
EXCLUDE_OBJECT_START NAME=Cube_id_0_copy_0
G1 Z339.5 F15000
G1 X291.538 Y708.462 Z339.5
G1 Z338.5
G1 E17 F9000
;TYPE:Outer wall
;WIDTH:3.2
G1 F2779.615
G1 X291.538 Y291.538 E1799.91857
G1 X708.462 Y291.538 E1799.91857
G1 X708.462 Y708.462 E1799.91857
G1 X291.838 Y708.462 E1798.62343
;WIPE_START
G1 F600
M73 P81 R126
G1 X291.833 Y701.462 E-10
;WIPE_END
G1 Z339.5 F15000
G1 X293.984 Y608.092 Z339.5
G1 Z338.5
G1 E17 F9000
;TYPE:Sparse infill
;WIDTH:3.2
G1 F2779.614
G1 X293.984 Y619.604 E49.70059
G1 X380.396 Y706.016 E527.57392
G1 X391.908 Y706.016 E49.70059
;WIPE_START
G1 F600
G1 X384.908 Y706.016 E-10
;WIPE_END
G1 Z339.5 F15000
G1 X293.984 Y445.282 Z339.5
G1 Z338.5
G1 E17 F9000
G1 F2779.614
G1 X293.984 Y456.794 E49.70059
G1 X543.206 Y706.016 E1521.58569
G1 X554.718 Y706.016 E49.70059
;WIPE_START
G1 F600
G1 X547.718 Y706.016 E-10
;WIPE_END
G1 Z339.5 F15000
G1 X706.016 Y608.092 Z339.5
G1 Z338.5
G1 E17 F9000
G1 F2779.614
G1 X706.016 Y619.604 E49.70059
G1 X619.604 Y706.016 E527.57393
G1 X608.092 Y706.016 E49.70059
;WIPE_START
G1 F600
G1 X615.092 Y706.016 E-10
;WIPE_END
G1 Z339.5 F15000
G1 X706.016 Y445.282 Z339.5
G1 Z338.5
G1 E17 F9000
G1 F2779.614
G1 X706.016 Y456.794 E49.70059
G1 X456.794 Y706.016 E1521.58571
G1 X445.282 Y706.016 E49.70059
;WIPE_START
G1 F600
G1 X452.282 Y706.016 E-10
;WIPE_END
G1 Z339.5 F15000
G1 X445.282 Y293.984 Z339.5
G1 Z338.5
G1 E17 F9000
G1 F2779.614
G1 X456.794 Y293.984 E49.70059
G1 X706.016 Y543.206 E1521.58569
G1 X706.016 Y554.718 E49.70059
;WIPE_START
G1 F600
G1 X706.016 Y547.718 E-10
;WIPE_END
G1 Z339.5 F15000
G1 X694.503 Y293.984 Z339.5
G1 Z338.5
G1 E17 F9000
G1 F2779.614
G1 X706.016 Y293.984 E49.7003
G1 X293.984 Y706.016 E2515.59704
G1 X305.497 Y706.016 E49.70028
M73 P81 R125
;WIPE_START
G1 F600
G1 X298.497 Y706.016 E-10
;WIPE_END
G1 Z339.5 F15000
G1 X305.497 Y293.984 Z339.5
G1 Z338.5
G1 E17 F9000
G1 F2779.614
G1 X293.984 Y293.984 E49.70059
G1 X706.016 Y706.016 E2515.59745
G1 X694.503 Y706.016 E49.70059
M73 P82 R125
;WIPE_START
G1 F600
G1 X701.503 Y706.016 E-10
;WIPE_END
G1 Z339.5 F15000
G1 X608.092 Y293.984 Z339.5
G1 Z338.5
G1 E17 F9000
G1 F2779.614
G1 X619.604 Y293.984 E49.70059
G1 X706.016 Y380.396 E527.57392
G1 X706.016 Y391.908 E49.70059
;WIPE_START
G1 F600
G1 X706.016 Y384.908 E-10
;WIPE_END
G1 Z339.5 F15000
G1 X554.718 Y293.984 Z339.5
G1 Z338.5
G1 E17 F9000
G1 F2779.614
G1 X543.206 Y293.984 E49.70059
G1 X293.984 Y543.206 E1521.58568
G1 X293.984 Y554.718 E49.70059
;WIPE_START
G1 F600
G1 X293.984 Y547.718 E-10
;WIPE_END
G1 Z339.5 F15000
G1 X391.908 Y293.984 Z339.5
G1 Z338.5
G1 E17 F9000
G1 F2779.614
G1 X380.396 Y293.984 E49.70059
G1 X293.984 Y380.396 E527.5739
G1 X293.984 Y391.908 E49.70059
; stop printing object Cube id:0 copy 0
;LAYER_CHANGE
;Z:340
;HEIGHT:1.5
;BEFORE_LAYER_CHANGE
;340
G92 E0

EXCLUDE_OBJECT_END NAME=Cube_id_0_copy_0
;AFTER_LAYER_CHANGE
;340
;_SET_FAN_SPEED_CHANGING_LAYER
; printing object Cube id:0 copy 0
;WIPE_START
G1 F600
G1 X293.984 Y384.908 E-10
;WIPE_END
EXCLUDE_OBJECT_START NAME=Cube_id_0_copy_0
G1 Z341 F15000
G1 X291.538 Y291.538 Z341
G1 Z340
G1 E17 F9000
;TYPE:Outer wall
;WIDTH:3.2
G1 F2779.615
G1 X708.462 Y291.538 E1799.91857
G1 X708.462 Y708.462 E1799.91857
G1 X291.538 Y708.462 E1799.91857
M73 P82 R124
G1 X291.538 Y291.838 E1798.62343
;WIPE_START
G1 F600
G1 X298.538 Y291.833 E-10
;WIPE_END
G1 Z341 F15000
G1 X293.984 Y391.908 Z341
G1 Z340
G1 E17 F9000
;TYPE:Sparse infill
;WIDTH:3.2
G1 F2779.614
G1 X293.984 Y380.396 E49.70059
G1 X380.396 Y293.984 E527.5739
G1 X391.908 Y293.984 E49.70059
;WIPE_START
G1 F600
G1 X384.908 Y293.984 E-10
;WIPE_END
G1 Z341 F15000
G1 X293.984 Y554.718 Z341
G1 Z340
G1 E17 F9000
G1 F2779.614
G1 X293.984 Y543.206 E49.70059
G1 X543.206 Y293.984 E1521.58568
G1 X554.718 Y293.984 E49.70059
;WIPE_START
G1 F600
G1 X547.718 Y293.984 E-10
;WIPE_END
G1 Z341 F15000
G1 X706.016 Y391.908 Z341
G1 Z340
G1 E17 F9000
G1 F2779.614
G1 X706.016 Y380.396 E49.70059
G1 X619.604 Y293.984 E527.57392
G1 X608.092 Y293.984 E49.70059
;WIPE_START
G1 F600
G1 X615.092 Y293.984 E-10
;WIPE_END
G1 Z341 F15000
G1 X706.016 Y554.718 Z341
G1 Z340
G1 E17 F9000
G1 F2779.614
G1 X706.016 Y543.206 E49.70059
G1 X456.794 Y293.984 E1521.58569
G1 X445.282 Y293.984 E49.70059
;WIPE_START
G1 F600
G1 X452.282 Y293.984 E-10
;WIPE_END
G1 Z341 F15000
G1 X445.282 Y706.016 Z341
G1 Z340
G1 E17 F9000
G1 F2779.614
G1 X456.794 Y706.016 E49.70059
G1 X706.016 Y456.794 E1521.58571
G1 X706.016 Y445.282 E49.70059
M73 P82 R123
;WIPE_START
G1 F600
G1 X706.016 Y452.282 E-10
;WIPE_END
G1 Z341 F15000
G1 X694.503 Y706.016 Z341
G1 Z340
G1 E17 F9000
G1 F2779.614
G1 X706.016 Y706.016 E49.70059
G1 X293.984 Y293.984 E2515.59745
G1 X305.497 Y293.984 E49.70059
;WIPE_START
G1 F600
G1 X298.497 Y293.984 E-10
;WIPE_END
G1 Z341 F15000
G1 X305.497 Y706.016 Z341
G1 Z340
G1 E17 F9000
G1 F2779.614
G1 X293.984 Y706.016 E49.70028
G1 X706.016 Y293.984 E2515.59704
G1 X694.503 Y293.984 E49.7003
;WIPE_START
G1 F600
G1 X701.503 Y293.984 E-10
;WIPE_END
G1 Z341 F15000
G1 X608.092 Y706.016 Z341
G1 Z340
G1 E17 F9000
G1 F2779.614
G1 X619.604 Y706.016 E49.70059
G1 X706.016 Y619.604 E527.57393
G1 X706.016 Y608.092 E49.70059
;WIPE_START
G1 F600
G1 X706.016 Y615.092 E-10
;WIPE_END
G1 Z341 F15000
G1 X554.718 Y706.016 Z341
G1 Z340
G1 E17 F9000
G1 F2779.614
G1 X543.206 Y706.016 E49.70059
G1 X293.984 Y456.794 E1521.58569
G1 X293.984 Y445.282 E49.70059
;WIPE_START
G1 F600
G1 X293.984 Y452.282 E-10
;WIPE_END
G1 Z341 F15000
G1 X391.908 Y706.016 Z341
G1 Z340
G1 E17 F9000
G1 F2779.614
G1 X380.396 Y706.016 E49.70059
G1 X293.984 Y619.604 E527.57392
G1 X293.984 Y608.092 E49.70059
M73 P82 R122
; stop printing object Cube id:0 copy 0
;LAYER_CHANGE
;Z:341.5
;HEIGHT:1.5
;BEFORE_LAYER_CHANGE
;341.5
G92 E0

EXCLUDE_OBJECT_END NAME=Cube_id_0_copy_0
;AFTER_LAYER_CHANGE
;341.5
;_SET_FAN_SPEED_CHANGING_LAYER
; printing object Cube id:0 copy 0
;WIPE_START
G1 F600
G1 X293.984 Y615.092 E-10
;WIPE_END
EXCLUDE_OBJECT_START NAME=Cube_id_0_copy_0
G1 Z342.5 F15000
G1 X291.538 Y708.462 Z342.5
G1 Z341.5
G1 E17 F9000
;TYPE:Outer wall
;WIDTH:3.2
G1 F2779.615
G1 X291.538 Y291.538 E1799.91857
G1 X708.462 Y291.538 E1799.91857
G1 X708.462 Y708.462 E1799.91857
G1 X291.838 Y708.462 E1798.62343
;WIPE_START
G1 F600
G1 X291.833 Y701.462 E-10
;WIPE_END
G1 Z342.5 F15000
G1 X293.984 Y608.092 Z342.5
G1 Z341.5
G1 E17 F9000
;TYPE:Sparse infill
;WIDTH:3.2
G1 F2779.614
G1 X293.984 Y619.604 E49.70059
G1 X380.396 Y706.016 E527.57392
G1 X391.908 Y706.016 E49.70059
;WIPE_START
G1 F600
G1 X384.908 Y706.016 E-10
;WIPE_END
G1 Z342.5 F15000
G1 X293.984 Y445.282 Z342.5
G1 Z341.5
G1 E17 F9000
G1 F2779.614
G1 X293.984 Y456.794 E49.70059
G1 X543.206 Y706.016 E1521.58569
G1 X554.718 Y706.016 E49.70059
;WIPE_START
G1 F600
G1 X547.718 Y706.016 E-10
;WIPE_END
G1 Z342.5 F15000
G1 X706.016 Y608.092 Z342.5
G1 Z341.5
G1 E17 F9000
G1 F2779.614
M73 P82 R121
G1 X706.016 Y619.604 E49.70059
G1 X619.604 Y706.016 E527.57393
G1 X608.092 Y706.016 E49.70059
;WIPE_START
G1 F600
G1 X615.092 Y706.016 E-10
;WIPE_END
G1 Z342.5 F15000
G1 X706.016 Y445.282 Z342.5
G1 Z341.5
G1 E17 F9000
G1 F2779.614
G1 X706.016 Y456.794 E49.70059
G1 X456.794 Y706.016 E1521.58571
G1 X445.282 Y706.016 E49.70059
;WIPE_START
G1 F600
G1 X452.282 Y706.016 E-10
;WIPE_END
G1 Z342.5 F15000
G1 X445.282 Y293.984 Z342.5
G1 Z341.5
G1 E17 F9000
G1 F2779.614
G1 X456.794 Y293.984 E49.70059
G1 X706.016 Y543.206 E1521.58569
G1 X706.016 Y554.718 E49.70059
;WIPE_START
G1 F600
G1 X706.016 Y547.718 E-10
;WIPE_END
G1 Z342.5 F15000
G1 X694.503 Y293.984 Z342.5
G1 Z341.5
G1 E17 F9000
G1 F2779.614
G1 X706.016 Y293.984 E49.7003
G1 X293.984 Y706.016 E2515.59704
G1 X305.497 Y706.016 E49.70028
;WIPE_START
G1 F600
G1 X298.497 Y706.016 E-10
;WIPE_END
G1 Z342.5 F15000
G1 X305.497 Y293.984 Z342.5
G1 Z341.5
G1 E17 F9000
G1 F2779.614
G1 X293.984 Y293.984 E49.70059
G1 X706.016 Y706.016 E2515.59745
G1 X694.503 Y706.016 E49.70059
;WIPE_START
G1 F600
G1 X701.503 Y706.016 E-10
;WIPE_END
G1 Z342.5 F15000
G1 X608.092 Y293.984 Z342.5
G1 Z341.5
M73 P82 R120
G1 E17 F9000
G1 F2779.614
G1 X619.604 Y293.984 E49.70059
G1 X706.016 Y380.396 E527.57392
G1 X706.016 Y391.908 E49.70059
;WIPE_START
G1 F600
G1 X706.016 Y384.908 E-10
;WIPE_END
G1 Z342.5 F15000
G1 X554.718 Y293.984 Z342.5
G1 Z341.5
G1 E17 F9000
G1 F2779.614
G1 X543.206 Y293.984 E49.70059
G1 X293.984 Y543.206 E1521.58568
G1 X293.984 Y554.718 E49.70059
;WIPE_START
G1 F600
G1 X293.984 Y547.718 E-10
;WIPE_END
G1 Z342.5 F15000
G1 X391.908 Y293.984 Z342.5
G1 Z341.5
G1 E17 F9000
G1 F2779.614
G1 X380.396 Y293.984 E49.70059
G1 X293.984 Y380.396 E527.5739
G1 X293.984 Y391.908 E49.70059
; stop printing object Cube id:0 copy 0
;LAYER_CHANGE
;Z:343
;HEIGHT:1.5
;BEFORE_LAYER_CHANGE
;343
G92 E0

EXCLUDE_OBJECT_END NAME=Cube_id_0_copy_0
;AFTER_LAYER_CHANGE
;343
;_SET_FAN_SPEED_CHANGING_LAYER
; printing object Cube id:0 copy 0
;WIPE_START
G1 F600
G1 X293.984 Y384.908 E-10
;WIPE_END
EXCLUDE_OBJECT_START NAME=Cube_id_0_copy_0
G1 Z344 F15000
G1 X291.538 Y291.538 Z344
G1 Z343
G1 E17 F9000
;TYPE:Outer wall
;WIDTH:3.2
G1 F2779.615
G1 X708.462 Y291.538 E1799.91857
G1 X708.462 Y708.462 E1799.91857
G1 X291.538 Y708.462 E1799.91857
G1 X291.538 Y291.838 E1798.62343
;WIPE_START
G1 F600
M73 P82 R119
G1 X298.538 Y291.833 E-10
;WIPE_END
G1 Z344 F15000
G1 X293.984 Y391.908 Z344
G1 Z343
G1 E17 F9000
;TYPE:Sparse infill
;WIDTH:3.2
G1 F2779.614
G1 X293.984 Y380.396 E49.70059
G1 X380.396 Y293.984 E527.5739
G1 X391.908 Y293.984 E49.70059
;WIPE_START
G1 F600
G1 X384.908 Y293.984 E-10
;WIPE_END
G1 Z344 F15000
G1 X293.984 Y554.718 Z344
G1 Z343
G1 E17 F9000
G1 F2779.614
G1 X293.984 Y543.206 E49.70059
G1 X543.206 Y293.984 E1521.58568
G1 X554.718 Y293.984 E49.70059
;WIPE_START
G1 F600
G1 X547.718 Y293.984 E-10
;WIPE_END
G1 Z344 F15000
G1 X706.016 Y391.908 Z344
G1 Z343
G1 E17 F9000
G1 F2779.614
G1 X706.016 Y380.396 E49.70059
G1 X619.604 Y293.984 E527.57392
G1 X608.092 Y293.984 E49.70059
;WIPE_START
G1 F600
G1 X615.092 Y293.984 E-10
;WIPE_END
G1 Z344 F15000
G1 X706.016 Y554.718 Z344
G1 Z343
G1 E17 F9000
G1 F2779.614
G1 X706.016 Y543.206 E49.70059
G1 X456.794 Y293.984 E1521.58569
G1 X445.282 Y293.984 E49.70059
;WIPE_START
G1 F600
G1 X452.282 Y293.984 E-10
;WIPE_END
G1 Z344 F15000
G1 X445.282 Y706.016 Z344
G1 Z343
G1 E17 F9000
G1 F2779.614
G1 X456.794 Y706.016 E49.70059
G1 X706.016 Y456.794 E1521.58571
G1 X706.016 Y445.282 E49.70059
;WIPE_START
G1 F600
G1 X706.016 Y452.282 E-10
;WIPE_END
G1 Z344 F15000
G1 X694.503 Y706.016 Z344
G1 Z343
G1 E17 F9000
G1 F2779.614
G1 X706.016 Y706.016 E49.70059
G1 X293.984 Y293.984 E2515.59745
G1 X305.497 Y293.984 E49.70059
M73 P82 R118
;WIPE_START
G1 F600
G1 X298.497 Y293.984 E-10
;WIPE_END
G1 Z344 F15000
G1 X305.497 Y706.016 Z344
G1 Z343
G1 E17 F9000
G1 F2779.614
G1 X293.984 Y706.016 E49.70028
G1 X706.016 Y293.984 E2515.59704
G1 X694.503 Y293.984 E49.7003
M73 P83 R118
;WIPE_START
G1 F600
G1 X701.503 Y293.984 E-10
;WIPE_END
G1 Z344 F15000
G1 X608.092 Y706.016 Z344
G1 Z343
G1 E17 F9000
G1 F2779.614
G1 X619.604 Y706.016 E49.70059
G1 X706.016 Y619.604 E527.57393
G1 X706.016 Y608.092 E49.70059
;WIPE_START
G1 F600
G1 X706.016 Y615.092 E-10
;WIPE_END
G1 Z344 F15000
G1 X554.718 Y706.016 Z344
G1 Z343
G1 E17 F9000
G1 F2779.614
G1 X543.206 Y706.016 E49.70059
G1 X293.984 Y456.794 E1521.58569
G1 X293.984 Y445.282 E49.70059
;WIPE_START
G1 F600
G1 X293.984 Y452.282 E-10
;WIPE_END
G1 Z344 F15000
G1 X391.908 Y706.016 Z344
G1 Z343
G1 E17 F9000
G1 F2779.614
G1 X380.396 Y706.016 E49.70059
G1 X293.984 Y619.604 E527.57392
G1 X293.984 Y608.092 E49.70059
; stop printing object Cube id:0 copy 0
;LAYER_CHANGE
;Z:344.5
;HEIGHT:1.5
;BEFORE_LAYER_CHANGE
;344.5
G92 E0

EXCLUDE_OBJECT_END NAME=Cube_id_0_copy_0
;AFTER_LAYER_CHANGE
;344.5
;_SET_FAN_SPEED_CHANGING_LAYER
; printing object Cube id:0 copy 0
;WIPE_START
G1 F600
G1 X293.984 Y615.092 E-10
;WIPE_END
EXCLUDE_OBJECT_START NAME=Cube_id_0_copy_0
G1 Z345.5 F15000
G1 X291.538 Y708.462 Z345.5
G1 Z344.5
G1 E17 F9000
;TYPE:Outer wall
;WIDTH:3.2
G1 F2779.615
G1 X291.538 Y291.538 E1799.91857
G1 X708.462 Y291.538 E1799.91857
G1 X708.462 Y708.462 E1799.91857
M73 P83 R117
G1 X291.838 Y708.462 E1798.62343
;WIPE_START
G1 F600
G1 X291.833 Y701.462 E-10
;WIPE_END
G1 Z345.5 F15000
G1 X293.984 Y608.092 Z345.5
G1 Z344.5
G1 E17 F9000
;TYPE:Sparse infill
;WIDTH:3.2
G1 F2779.614
G1 X293.984 Y619.604 E49.70059
G1 X380.396 Y706.016 E527.57392
G1 X391.908 Y706.016 E49.70059
;WIPE_START
G1 F600
G1 X384.908 Y706.016 E-10
;WIPE_END
G1 Z345.5 F15000
G1 X293.984 Y445.282 Z345.5
G1 Z344.5
G1 E17 F9000
G1 F2779.614
G1 X293.984 Y456.794 E49.70059
G1 X543.206 Y706.016 E1521.58569
G1 X554.718 Y706.016 E49.70059
;WIPE_START
G1 F600
G1 X547.718 Y706.016 E-10
;WIPE_END
G1 Z345.5 F15000
G1 X706.016 Y608.092 Z345.5
G1 Z344.5
G1 E17 F9000
G1 F2779.614
G1 X706.016 Y619.604 E49.70059
G1 X619.604 Y706.016 E527.57393
G1 X608.092 Y706.016 E49.70059
;WIPE_START
G1 F600
G1 X615.092 Y706.016 E-10
;WIPE_END
G1 Z345.5 F15000
G1 X706.016 Y445.282 Z345.5
G1 Z344.5
G1 E17 F9000
G1 F2779.614
G1 X706.016 Y456.794 E49.70059
G1 X456.794 Y706.016 E1521.58571
G1 X445.282 Y706.016 E49.70059
;WIPE_START
G1 F600
G1 X452.282 Y706.016 E-10
;WIPE_END
G1 Z345.5 F15000
G1 X445.282 Y293.984 Z345.5
G1 Z344.5
G1 E17 F9000
G1 F2779.614
G1 X456.794 Y293.984 E49.70059
G1 X706.016 Y543.206 E1521.58569
G1 X706.016 Y554.718 E49.70059
M73 P83 R116
;WIPE_START
G1 F600
G1 X706.016 Y547.718 E-10
;WIPE_END
G1 Z345.5 F15000
G1 X694.503 Y293.984 Z345.5
G1 Z344.5
G1 E17 F9000
G1 F2779.614
G1 X706.016 Y293.984 E49.7003
G1 X293.984 Y706.016 E2515.59704
G1 X305.497 Y706.016 E49.70028
;WIPE_START
G1 F600
G1 X298.497 Y706.016 E-10
;WIPE_END
G1 Z345.5 F15000
G1 X305.497 Y293.984 Z345.5
G1 Z344.5
G1 E17 F9000
G1 F2779.614
G1 X293.984 Y293.984 E49.70059
G1 X706.016 Y706.016 E2515.59745
G1 X694.503 Y706.016 E49.70059
;WIPE_START
G1 F600
G1 X701.503 Y706.016 E-10
;WIPE_END
G1 Z345.5 F15000
G1 X608.092 Y293.984 Z345.5
G1 Z344.5
G1 E17 F9000
G1 F2779.614
G1 X619.604 Y293.984 E49.70059
G1 X706.016 Y380.396 E527.57392
G1 X706.016 Y391.908 E49.70059
;WIPE_START
G1 F600
G1 X706.016 Y384.908 E-10
;WIPE_END
G1 Z345.5 F15000
G1 X554.718 Y293.984 Z345.5
G1 Z344.5
G1 E17 F9000
G1 F2779.614
G1 X543.206 Y293.984 E49.70059
G1 X293.984 Y543.206 E1521.58568
G1 X293.984 Y554.718 E49.70059
;WIPE_START
G1 F600
G1 X293.984 Y547.718 E-10
;WIPE_END
G1 Z345.5 F15000
G1 X391.908 Y293.984 Z345.5
G1 Z344.5
G1 E17 F9000
G1 F2779.614
G1 X380.396 Y293.984 E49.70059
G1 X293.984 Y380.396 E527.5739
G1 X293.984 Y391.908 E49.70059
M73 P83 R115
; stop printing object Cube id:0 copy 0
;LAYER_CHANGE
;Z:346
;HEIGHT:1.5
;BEFORE_LAYER_CHANGE
;346
G92 E0

EXCLUDE_OBJECT_END NAME=Cube_id_0_copy_0
;AFTER_LAYER_CHANGE
;346
;_SET_FAN_SPEED_CHANGING_LAYER
; printing object Cube id:0 copy 0
;WIPE_START
G1 F600
G1 X293.984 Y384.908 E-10
;WIPE_END
EXCLUDE_OBJECT_START NAME=Cube_id_0_copy_0
G1 Z347 F15000
G1 X291.538 Y291.538 Z347
G1 Z346
G1 E17 F9000
;TYPE:Outer wall
;WIDTH:3.2
G1 F2779.615
G1 X708.462 Y291.538 E1799.91857
G1 X708.462 Y708.462 E1799.91857
G1 X291.538 Y708.462 E1799.91857
G1 X291.538 Y291.838 E1798.62343
;WIPE_START
G1 F600
G1 X298.538 Y291.833 E-10
;WIPE_END
G1 Z347 F15000
G1 X293.984 Y391.908 Z347
G1 Z346
G1 E17 F9000
;TYPE:Sparse infill
;WIDTH:3.2
G1 F2779.614
G1 X293.984 Y380.396 E49.70059
G1 X380.396 Y293.984 E527.5739
G1 X391.908 Y293.984 E49.70059
;WIPE_START
G1 F600
G1 X384.908 Y293.984 E-10
;WIPE_END
G1 Z347 F15000
G1 X293.984 Y554.718 Z347
G1 Z346
G1 E17 F9000
G1 F2779.614
G1 X293.984 Y543.206 E49.70059
G1 X543.206 Y293.984 E1521.58568
G1 X554.718 Y293.984 E49.70059
;WIPE_START
G1 F600
G1 X547.718 Y293.984 E-10
;WIPE_END
G1 Z347 F15000
G1 X706.016 Y391.908 Z347
G1 Z346
G1 E17 F9000
G1 F2779.614
G1 X706.016 Y380.396 E49.70059
G1 X619.604 Y293.984 E527.57392
G1 X608.092 Y293.984 E49.70059
M73 P83 R114
;WIPE_START
G1 F600
G1 X615.092 Y293.984 E-10
;WIPE_END
G1 Z347 F15000
G1 X706.016 Y554.718 Z347
G1 Z346
G1 E17 F9000
G1 F2779.614
G1 X706.016 Y543.206 E49.70059
G1 X456.794 Y293.984 E1521.58569
G1 X445.282 Y293.984 E49.70059
;WIPE_START
G1 F600
G1 X452.282 Y293.984 E-10
;WIPE_END
G1 Z347 F15000
G1 X445.282 Y706.016 Z347
G1 Z346
G1 E17 F9000
G1 F2779.614
G1 X456.794 Y706.016 E49.70059
G1 X706.016 Y456.794 E1521.58571
G1 X706.016 Y445.282 E49.70059
;WIPE_START
G1 F600
G1 X706.016 Y452.282 E-10
;WIPE_END
G1 Z347 F15000
G1 X694.503 Y706.016 Z347
G1 Z346
G1 E17 F9000
G1 F2779.614
G1 X706.016 Y706.016 E49.70059
G1 X293.984 Y293.984 E2515.59745
G1 X305.497 Y293.984 E49.70059
;WIPE_START
G1 F600
G1 X298.497 Y293.984 E-10
;WIPE_END
G1 Z347 F15000
G1 X305.497 Y706.016 Z347
G1 Z346
G1 E17 F9000
G1 F2779.614
G1 X293.984 Y706.016 E49.70028
G1 X706.016 Y293.984 E2515.59704
G1 X694.503 Y293.984 E49.7003
;WIPE_START
G1 F600
G1 X701.503 Y293.984 E-10
;WIPE_END
G1 Z347 F15000
G1 X608.092 Y706.016 Z347
G1 Z346
G1 E17 F9000
G1 F2779.614
G1 X619.604 Y706.016 E49.70059
G1 X706.016 Y619.604 E527.57393
G1 X706.016 Y608.092 E49.70059
M73 P83 R113
;WIPE_START
G1 F600
G1 X706.016 Y615.092 E-10
;WIPE_END
G1 Z347 F15000
G1 X554.718 Y706.016 Z347
G1 Z346
G1 E17 F9000
G1 F2779.614
G1 X543.206 Y706.016 E49.70059
G1 X293.984 Y456.794 E1521.58569
G1 X293.984 Y445.282 E49.70059
;WIPE_START
G1 F600
G1 X293.984 Y452.282 E-10
;WIPE_END
G1 Z347 F15000
G1 X391.908 Y706.016 Z347
G1 Z346
G1 E17 F9000
G1 F2779.614
G1 X380.396 Y706.016 E49.70059
G1 X293.984 Y619.604 E527.57392
G1 X293.984 Y608.092 E49.70059
; stop printing object Cube id:0 copy 0
;LAYER_CHANGE
;Z:347.5
;HEIGHT:1.5
;BEFORE_LAYER_CHANGE
;347.5
G92 E0

EXCLUDE_OBJECT_END NAME=Cube_id_0_copy_0
;AFTER_LAYER_CHANGE
;347.5
;_SET_FAN_SPEED_CHANGING_LAYER
; printing object Cube id:0 copy 0
;WIPE_START
G1 F600
G1 X293.984 Y615.092 E-10
;WIPE_END
EXCLUDE_OBJECT_START NAME=Cube_id_0_copy_0
G1 Z348.5 F15000
G1 X291.538 Y708.462 Z348.5
G1 Z347.5
G1 E17 F9000
;TYPE:Outer wall
;WIDTH:3.2
G1 F2779.615
G1 X291.538 Y291.538 E1799.91857
G1 X708.462 Y291.538 E1799.91857
G1 X708.462 Y708.462 E1799.91857
G1 X291.838 Y708.462 E1798.62343
;WIPE_START
G1 F600
G1 X291.833 Y701.462 E-10
;WIPE_END
G1 Z348.5 F15000
G1 X293.984 Y608.092 Z348.5
G1 Z347.5
G1 E17 F9000
;TYPE:Sparse infill
;WIDTH:3.2
G1 F2779.614
M73 P83 R112
G1 X293.984 Y619.604 E49.70059
G1 X380.396 Y706.016 E527.57392
G1 X391.908 Y706.016 E49.70059
;WIPE_START
G1 F600
G1 X384.908 Y706.016 E-10
;WIPE_END
G1 Z348.5 F15000
G1 X293.984 Y445.282 Z348.5
G1 Z347.5
G1 E17 F9000
G1 F2779.614
G1 X293.984 Y456.794 E49.70059
G1 X543.206 Y706.016 E1521.58569
G1 X554.718 Y706.016 E49.70059
;WIPE_START
G1 F600
G1 X547.718 Y706.016 E-10
;WIPE_END
G1 Z348.5 F15000
G1 X706.016 Y608.092 Z348.5
G1 Z347.5
G1 E17 F9000
G1 F2779.614
G1 X706.016 Y619.604 E49.70059
G1 X619.604 Y706.016 E527.57393
G1 X608.092 Y706.016 E49.70059
;WIPE_START
G1 F600
G1 X615.092 Y706.016 E-10
;WIPE_END
G1 Z348.5 F15000
G1 X706.016 Y445.282 Z348.5
G1 Z347.5
G1 E17 F9000
G1 F2779.614
G1 X706.016 Y456.794 E49.70059
G1 X456.794 Y706.016 E1521.58571
G1 X445.282 Y706.016 E49.70059
;WIPE_START
G1 F600
G1 X452.282 Y706.016 E-10
;WIPE_END
G1 Z348.5 F15000
G1 X445.282 Y293.984 Z348.5
G1 Z347.5
G1 E17 F9000
G1 F2779.614
G1 X456.794 Y293.984 E49.70059
G1 X706.016 Y543.206 E1521.58569
G1 X706.016 Y554.718 E49.70059
;WIPE_START
G1 F600
G1 X706.016 Y547.718 E-10
;WIPE_END
G1 Z348.5 F15000
G1 X694.503 Y293.984 Z348.5
G1 Z347.5
G1 E17 F9000
G1 F2779.614
G1 X706.016 Y293.984 E49.7003
G1 X293.984 Y706.016 E2515.59704
G1 X305.497 Y706.016 E49.70028
;WIPE_START
G1 F600
G1 X298.497 Y706.016 E-10
;WIPE_END
G1 Z348.5 F15000
G1 X305.497 Y293.984 Z348.5
G1 Z347.5
M73 P83 R111
G1 E17 F9000
G1 F2779.614
G1 X293.984 Y293.984 E49.70059
G1 X706.016 Y706.016 E2515.59745
G1 X694.503 Y706.016 E49.70059
M73 P84 R111
;WIPE_START
G1 F600
G1 X701.503 Y706.016 E-10
;WIPE_END
G1 Z348.5 F15000
G1 X608.092 Y293.984 Z348.5
G1 Z347.5
G1 E17 F9000
G1 F2779.614
G1 X619.604 Y293.984 E49.70059
G1 X706.016 Y380.396 E527.57392
G1 X706.016 Y391.908 E49.70059
;WIPE_START
G1 F600
G1 X706.016 Y384.908 E-10
;WIPE_END
G1 Z348.5 F15000
G1 X554.718 Y293.984 Z348.5
G1 Z347.5
G1 E17 F9000
G1 F2779.614
G1 X543.206 Y293.984 E49.70059
G1 X293.984 Y543.206 E1521.58568
G1 X293.984 Y554.718 E49.70059
;WIPE_START
G1 F600
G1 X293.984 Y547.718 E-10
;WIPE_END
G1 Z348.5 F15000
G1 X391.908 Y293.984 Z348.5
G1 Z347.5
G1 E17 F9000
G1 F2779.614
G1 X380.396 Y293.984 E49.70059
G1 X293.984 Y380.396 E527.5739
G1 X293.984 Y391.908 E49.70059
; stop printing object Cube id:0 copy 0
;LAYER_CHANGE
;Z:349
;HEIGHT:1.5
;BEFORE_LAYER_CHANGE
;349
G92 E0

EXCLUDE_OBJECT_END NAME=Cube_id_0_copy_0
;AFTER_LAYER_CHANGE
;349
;_SET_FAN_SPEED_CHANGING_LAYER
; printing object Cube id:0 copy 0
;WIPE_START
G1 F600
G1 X293.984 Y384.908 E-10
;WIPE_END
EXCLUDE_OBJECT_START NAME=Cube_id_0_copy_0
G1 Z350 F15000
G1 X291.538 Y291.538 Z350
G1 Z349
G1 E17 F9000
;TYPE:Outer wall
;WIDTH:3.2
G1 F2779.615
G1 X708.462 Y291.538 E1799.91857
G1 X708.462 Y708.462 E1799.91857
G1 X291.538 Y708.462 E1799.91857
G1 X291.538 Y291.838 E1798.62343
M73 P84 R110
;WIPE_START
G1 F600
G1 X298.538 Y291.833 E-10
;WIPE_END
G1 Z350 F15000
G1 X293.984 Y391.908 Z350
G1 Z349
G1 E17 F9000
;TYPE:Sparse infill
;WIDTH:3.2
G1 F2779.614
G1 X293.984 Y380.396 E49.70059
G1 X380.396 Y293.984 E527.5739
G1 X391.908 Y293.984 E49.70059
;WIPE_START
G1 F600
G1 X384.908 Y293.984 E-10
;WIPE_END
G1 Z350 F15000
G1 X293.984 Y554.718 Z350
G1 Z349
G1 E17 F9000
G1 F2779.614
G1 X293.984 Y543.206 E49.70059
G1 X543.206 Y293.984 E1521.58568
G1 X554.718 Y293.984 E49.70059
;WIPE_START
G1 F600
G1 X547.718 Y293.984 E-10
;WIPE_END
G1 Z350 F15000
G1 X706.016 Y391.908 Z350
G1 Z349
G1 E17 F9000
G1 F2779.614
G1 X706.016 Y380.396 E49.70059
G1 X619.604 Y293.984 E527.57392
G1 X608.092 Y293.984 E49.70059
;WIPE_START
G1 F600
G1 X615.092 Y293.984 E-10
;WIPE_END
G1 Z350 F15000
G1 X706.016 Y554.718 Z350
G1 Z349
G1 E17 F9000
G1 F2779.614
G1 X706.016 Y543.206 E49.70059
G1 X456.794 Y293.984 E1521.58569
G1 X445.282 Y293.984 E49.70059
;WIPE_START
G1 F600
G1 X452.282 Y293.984 E-10
;WIPE_END
G1 Z350 F15000
G1 X445.282 Y706.016 Z350
G1 Z349
G1 E17 F9000
G1 F2779.614
G1 X456.794 Y706.016 E49.70059
G1 X706.016 Y456.794 E1521.58571
G1 X706.016 Y445.282 E49.70059
M73 P84 R109
;WIPE_START
G1 F600
G1 X706.016 Y452.282 E-10
;WIPE_END
G1 Z350 F15000
G1 X694.503 Y706.016 Z350
G1 Z349
G1 E17 F9000
G1 F2779.614
G1 X706.016 Y706.016 E49.70059
G1 X293.984 Y293.984 E2515.59745
G1 X305.497 Y293.984 E49.70059
;WIPE_START
G1 F600
G1 X298.497 Y293.984 E-10
;WIPE_END
G1 Z350 F15000
G1 X305.497 Y706.016 Z350
G1 Z349
G1 E17 F9000
G1 F2779.614
G1 X293.984 Y706.016 E49.70028
G1 X706.016 Y293.984 E2515.59704
G1 X694.503 Y293.984 E49.7003
;WIPE_START
G1 F600
G1 X701.503 Y293.984 E-10
;WIPE_END
G1 Z350 F15000
G1 X608.092 Y706.016 Z350
G1 Z349
G1 E17 F9000
G1 F2779.614
G1 X619.604 Y706.016 E49.70059
G1 X706.016 Y619.604 E527.57393
G1 X706.016 Y608.092 E49.70059
;WIPE_START
G1 F600
G1 X706.016 Y615.092 E-10
;WIPE_END
G1 Z350 F15000
G1 X554.718 Y706.016 Z350
G1 Z349
G1 E17 F9000
G1 F2779.614
G1 X543.206 Y706.016 E49.70059
G1 X293.984 Y456.794 E1521.58569
G1 X293.984 Y445.282 E49.70059
;WIPE_START
G1 F600
G1 X293.984 Y452.282 E-10
;WIPE_END
G1 Z350 F15000
G1 X391.908 Y706.016 Z350
G1 Z349
G1 E17 F9000
G1 F2779.614
G1 X380.396 Y706.016 E49.70059
G1 X293.984 Y619.604 E527.57392
G1 X293.984 Y608.092 E49.70059
; stop printing object Cube id:0 copy 0
;LAYER_CHANGE
;Z:350.5
;HEIGHT:1.5
;BEFORE_LAYER_CHANGE
;350.5
G92 E0

EXCLUDE_OBJECT_END NAME=Cube_id_0_copy_0
;AFTER_LAYER_CHANGE
;350.5
;_SET_FAN_SPEED_CHANGING_LAYER
; printing object Cube id:0 copy 0
;WIPE_START
G1 F600
G1 X293.984 Y615.092 E-10
;WIPE_END
EXCLUDE_OBJECT_START NAME=Cube_id_0_copy_0
G1 Z351.5 F15000
G1 X291.538 Y708.462 Z351.5
G1 Z350.5
G1 E17 F9000
;TYPE:Outer wall
;WIDTH:3.2
G1 F2779.615
M73 P84 R108
G1 X291.538 Y291.538 E1799.91857
G1 X708.462 Y291.538 E1799.91857
G1 X708.462 Y708.462 E1799.91857
G1 X291.838 Y708.462 E1798.62343
;WIPE_START
G1 F600
G1 X291.833 Y701.462 E-10
;WIPE_END
G1 Z351.5 F15000
G1 X293.984 Y608.092 Z351.5
G1 Z350.5
G1 E17 F9000
;TYPE:Sparse infill
;WIDTH:3.2
G1 F2779.614
G1 X293.984 Y619.604 E49.70059
G1 X380.396 Y706.016 E527.57392
G1 X391.908 Y706.016 E49.70059
;WIPE_START
G1 F600
G1 X384.908 Y706.016 E-10
;WIPE_END
G1 Z351.5 F15000
G1 X293.984 Y445.282 Z351.5
G1 Z350.5
G1 E17 F9000
G1 F2779.614
G1 X293.984 Y456.794 E49.70059
G1 X543.206 Y706.016 E1521.58569
G1 X554.718 Y706.016 E49.70059
;WIPE_START
G1 F600
G1 X547.718 Y706.016 E-10
;WIPE_END
G1 Z351.5 F15000
G1 X706.016 Y608.092 Z351.5
G1 Z350.5
G1 E17 F9000
G1 F2779.614
G1 X706.016 Y619.604 E49.70059
G1 X619.604 Y706.016 E527.57393
G1 X608.092 Y706.016 E49.70059
;WIPE_START
G1 F600
G1 X615.092 Y706.016 E-10
;WIPE_END
G1 Z351.5 F15000
G1 X706.016 Y445.282 Z351.5
G1 Z350.5
M73 P84 R107
G1 E17 F9000
G1 F2779.614
G1 X706.016 Y456.794 E49.70059
G1 X456.794 Y706.016 E1521.58571
G1 X445.282 Y706.016 E49.70059
;WIPE_START
G1 F600
G1 X452.282 Y706.016 E-10
;WIPE_END
G1 Z351.5 F15000
G1 X445.282 Y293.984 Z351.5
G1 Z350.5
G1 E17 F9000
G1 F2779.614
G1 X456.794 Y293.984 E49.70059
G1 X706.016 Y543.206 E1521.58569
G1 X706.016 Y554.718 E49.70059
;WIPE_START
G1 F600
G1 X706.016 Y547.718 E-10
;WIPE_END
G1 Z351.5 F15000
G1 X694.503 Y293.984 Z351.5
G1 Z350.5
G1 E17 F9000
G1 F2779.614
G1 X706.016 Y293.984 E49.7003
G1 X293.984 Y706.016 E2515.59704
G1 X305.497 Y706.016 E49.70028
;WIPE_START
G1 F600
G1 X298.497 Y706.016 E-10
;WIPE_END
G1 Z351.5 F15000
G1 X305.497 Y293.984 Z351.5
G1 Z350.5
G1 E17 F9000
G1 F2779.614
G1 X293.984 Y293.984 E49.70059
G1 X706.016 Y706.016 E2515.59745
G1 X694.503 Y706.016 E49.70059
;WIPE_START
G1 F600
G1 X701.503 Y706.016 E-10
;WIPE_END
G1 Z351.5 F15000
G1 X608.092 Y293.984 Z351.5
G1 Z350.5
G1 E17 F9000
G1 F2779.614
G1 X619.604 Y293.984 E49.70059
G1 X706.016 Y380.396 E527.57392
G1 X706.016 Y391.908 E49.70059
M73 P84 R106
;WIPE_START
G1 F600
G1 X706.016 Y384.908 E-10
;WIPE_END
G1 Z351.5 F15000
G1 X554.718 Y293.984 Z351.5
G1 Z350.5
G1 E17 F9000
G1 F2779.614
G1 X543.206 Y293.984 E49.70059
G1 X293.984 Y543.206 E1521.58568
G1 X293.984 Y554.718 E49.70059
;WIPE_START
G1 F600
G1 X293.984 Y547.718 E-10
;WIPE_END
G1 Z351.5 F15000
G1 X391.908 Y293.984 Z351.5
G1 Z350.5
G1 E17 F9000
G1 F2779.614
G1 X380.396 Y293.984 E49.70059
G1 X293.984 Y380.396 E527.5739
G1 X293.984 Y391.908 E49.70059
; stop printing object Cube id:0 copy 0
;LAYER_CHANGE
;Z:352
;HEIGHT:1.5
;BEFORE_LAYER_CHANGE
;352
G92 E0

EXCLUDE_OBJECT_END NAME=Cube_id_0_copy_0
;AFTER_LAYER_CHANGE
;352
;_SET_FAN_SPEED_CHANGING_LAYER
; printing object Cube id:0 copy 0
;WIPE_START
G1 F600
G1 X293.984 Y384.908 E-10
;WIPE_END
EXCLUDE_OBJECT_START NAME=Cube_id_0_copy_0
G1 Z353 F15000
G1 X291.538 Y291.538 Z353
G1 Z352
G1 E17 F9000
;TYPE:Outer wall
;WIDTH:3.2
G1 F2779.615
G1 X708.462 Y291.538 E1799.91857
G1 X708.462 Y708.462 E1799.91857
G1 X291.538 Y708.462 E1799.91857
G1 X291.538 Y291.838 E1798.62343
;WIPE_START
G1 F600
G1 X298.538 Y291.833 E-10
;WIPE_END
G1 Z353 F15000
G1 X293.984 Y391.908 Z353
G1 Z352
G1 E17 F9000
;TYPE:Sparse infill
;WIDTH:3.2
G1 F2779.614
G1 X293.984 Y380.396 E49.70059
G1 X380.396 Y293.984 E527.5739
G1 X391.908 Y293.984 E49.70059
M73 P84 R105
;WIPE_START
G1 F600
G1 X384.908 Y293.984 E-10
;WIPE_END
G1 Z353 F15000
G1 X293.984 Y554.718 Z353
G1 Z352
G1 E17 F9000
G1 F2779.614
G1 X293.984 Y543.206 E49.70059
G1 X543.206 Y293.984 E1521.58568
G1 X554.718 Y293.984 E49.70059
;WIPE_START
G1 F600
G1 X547.718 Y293.984 E-10
;WIPE_END
G1 Z353 F15000
G1 X706.016 Y391.908 Z353
G1 Z352
G1 E17 F9000
G1 F2779.614
G1 X706.016 Y380.396 E49.70059
G1 X619.604 Y293.984 E527.57392
G1 X608.092 Y293.984 E49.70059
;WIPE_START
G1 F600
G1 X615.092 Y293.984 E-10
;WIPE_END
G1 Z353 F15000
G1 X706.016 Y554.718 Z353
G1 Z352
G1 E17 F9000
G1 F2779.614
G1 X706.016 Y543.206 E49.70059
G1 X456.794 Y293.984 E1521.58569
G1 X445.282 Y293.984 E49.70059
;WIPE_START
G1 F600
G1 X452.282 Y293.984 E-10
;WIPE_END
G1 Z353 F15000
G1 X445.282 Y706.016 Z353
G1 Z352
G1 E17 F9000
G1 F2779.614
G1 X456.794 Y706.016 E49.70059
G1 X706.016 Y456.794 E1521.58571
G1 X706.016 Y445.282 E49.70059
;WIPE_START
G1 F600
G1 X706.016 Y452.282 E-10
;WIPE_END
G1 Z353 F15000
G1 X694.503 Y706.016 Z353
G1 Z352
G1 E17 F9000
G1 F2779.614
G1 X706.016 Y706.016 E49.70059
G1 X293.984 Y293.984 E2515.59745
G1 X305.497 Y293.984 E49.70059
;WIPE_START
G1 F600
G1 X298.497 Y293.984 E-10
;WIPE_END
G1 Z353 F15000
G1 X305.497 Y706.016 Z353
G1 Z352
G1 E17 F9000
G1 F2779.614
G1 X293.984 Y706.016 E49.70028
G1 X706.016 Y293.984 E2515.59704
G1 X694.503 Y293.984 E49.7003
M73 P85 R104
;WIPE_START
G1 F600
G1 X701.503 Y293.984 E-10
;WIPE_END
G1 Z353 F15000
G1 X608.092 Y706.016 Z353
G1 Z352
G1 E17 F9000
G1 F2779.614
G1 X619.604 Y706.016 E49.70059
G1 X706.016 Y619.604 E527.57393
G1 X706.016 Y608.092 E49.70059
;WIPE_START
G1 F600
G1 X706.016 Y615.092 E-10
;WIPE_END
G1 Z353 F15000
G1 X554.718 Y706.016 Z353
G1 Z352
G1 E17 F9000
G1 F2779.614
G1 X543.206 Y706.016 E49.70059
G1 X293.984 Y456.794 E1521.58569
G1 X293.984 Y445.282 E49.70059
;WIPE_START
G1 F600
G1 X293.984 Y452.282 E-10
;WIPE_END
G1 Z353 F15000
G1 X391.908 Y706.016 Z353
G1 Z352
G1 E17 F9000
G1 F2779.614
G1 X380.396 Y706.016 E49.70059
G1 X293.984 Y619.604 E527.57392
G1 X293.984 Y608.092 E49.70059
; stop printing object Cube id:0 copy 0
;LAYER_CHANGE
;Z:353.5
;HEIGHT:1.5
;BEFORE_LAYER_CHANGE
;353.5
G92 E0

EXCLUDE_OBJECT_END NAME=Cube_id_0_copy_0
;AFTER_LAYER_CHANGE
;353.5
;_SET_FAN_SPEED_CHANGING_LAYER
; printing object Cube id:0 copy 0
;WIPE_START
G1 F600
G1 X293.984 Y615.092 E-10
;WIPE_END
EXCLUDE_OBJECT_START NAME=Cube_id_0_copy_0
G1 Z354.5 F15000
G1 X291.538 Y708.462 Z354.5
G1 Z353.5
G1 E17 F9000
;TYPE:Outer wall
;WIDTH:3.2
G1 F2779.615
G1 X291.538 Y291.538 E1799.91857
G1 X708.462 Y291.538 E1799.91857
G1 X708.462 Y708.462 E1799.91857
G1 X291.838 Y708.462 E1798.62343
M73 P85 R103
;WIPE_START
G1 F600
G1 X291.833 Y701.462 E-10
;WIPE_END
G1 Z354.5 F15000
G1 X293.984 Y608.092 Z354.5
G1 Z353.5
G1 E17 F9000
;TYPE:Sparse infill
;WIDTH:3.2
G1 F2779.614
G1 X293.984 Y619.604 E49.70059
G1 X380.396 Y706.016 E527.57392
G1 X391.908 Y706.016 E49.70059
;WIPE_START
G1 F600
G1 X384.908 Y706.016 E-10
;WIPE_END
G1 Z354.5 F15000
G1 X293.984 Y445.282 Z354.5
G1 Z353.5
G1 E17 F9000
G1 F2779.614
G1 X293.984 Y456.794 E49.70059
G1 X543.206 Y706.016 E1521.58569
G1 X554.718 Y706.016 E49.70059
;WIPE_START
G1 F600
G1 X547.718 Y706.016 E-10
;WIPE_END
G1 Z354.5 F15000
G1 X706.016 Y608.092 Z354.5
G1 Z353.5
G1 E17 F9000
G1 F2779.614
G1 X706.016 Y619.604 E49.70059
G1 X619.604 Y706.016 E527.57393
G1 X608.092 Y706.016 E49.70059
;WIPE_START
G1 F600
G1 X615.092 Y706.016 E-10
;WIPE_END
G1 Z354.5 F15000
G1 X706.016 Y445.282 Z354.5
G1 Z353.5
G1 E17 F9000
G1 F2779.614
G1 X706.016 Y456.794 E49.70059
G1 X456.794 Y706.016 E1521.58571
G1 X445.282 Y706.016 E49.70059
;WIPE_START
G1 F600
G1 X452.282 Y706.016 E-10
;WIPE_END
G1 Z354.5 F15000
G1 X445.282 Y293.984 Z354.5
G1 Z353.5
G1 E17 F9000
G1 F2779.614
G1 X456.794 Y293.984 E49.70059
G1 X706.016 Y543.206 E1521.58569
G1 X706.016 Y554.718 E49.70059
;WIPE_START
G1 F600
G1 X706.016 Y547.718 E-10
;WIPE_END
G1 Z354.5 F15000
M73 P85 R102
G1 X694.503 Y293.984 Z354.5
G1 Z353.5
G1 E17 F9000
G1 F2779.614
G1 X706.016 Y293.984 E49.7003
G1 X293.984 Y706.016 E2515.59704
G1 X305.497 Y706.016 E49.70028
;WIPE_START
G1 F600
G1 X298.497 Y706.016 E-10
;WIPE_END
G1 Z354.5 F15000
G1 X305.497 Y293.984 Z354.5
G1 Z353.5
G1 E17 F9000
G1 F2779.614
G1 X293.984 Y293.984 E49.70059
G1 X706.016 Y706.016 E2515.59745
G1 X694.503 Y706.016 E49.70059
;WIPE_START
G1 F600
G1 X701.503 Y706.016 E-10
;WIPE_END
G1 Z354.5 F15000
G1 X608.092 Y293.984 Z354.5
G1 Z353.5
G1 E17 F9000
G1 F2779.614
G1 X619.604 Y293.984 E49.70059
G1 X706.016 Y380.396 E527.57392
G1 X706.016 Y391.908 E49.70059
;WIPE_START
G1 F600
G1 X706.016 Y384.908 E-10
;WIPE_END
G1 Z354.5 F15000
G1 X554.718 Y293.984 Z354.5
G1 Z353.5
G1 E17 F9000
G1 F2779.614
G1 X543.206 Y293.984 E49.70059
G1 X293.984 Y543.206 E1521.58568
G1 X293.984 Y554.718 E49.70059
;WIPE_START
G1 F600
G1 X293.984 Y547.718 E-10
;WIPE_END
G1 Z354.5 F15000
G1 X391.908 Y293.984 Z354.5
G1 Z353.5
G1 E17 F9000
G1 F2779.614
G1 X380.396 Y293.984 E49.70059
G1 X293.984 Y380.396 E527.5739
G1 X293.984 Y391.908 E49.70059
; stop printing object Cube id:0 copy 0
;LAYER_CHANGE
;Z:355
;HEIGHT:1.5
;BEFORE_LAYER_CHANGE
;355
G92 E0

EXCLUDE_OBJECT_END NAME=Cube_id_0_copy_0
;AFTER_LAYER_CHANGE
;355
;_SET_FAN_SPEED_CHANGING_LAYER
; printing object Cube id:0 copy 0
;WIPE_START
G1 F600
G1 X293.984 Y384.908 E-10
;WIPE_END
EXCLUDE_OBJECT_START NAME=Cube_id_0_copy_0
G1 Z356 F15000
G1 X291.538 Y291.538 Z356
G1 Z355
G1 E17 F9000
;TYPE:Outer wall
;WIDTH:3.2
G1 F2779.615
G1 X708.462 Y291.538 E1799.91857
G1 X708.462 Y708.462 E1799.91857
M73 P85 R101
G1 X291.538 Y708.462 E1799.91857
G1 X291.538 Y291.838 E1798.62343
;WIPE_START
G1 F600
G1 X298.538 Y291.833 E-10
;WIPE_END
G1 Z356 F15000
G1 X293.984 Y391.908 Z356
G1 Z355
G1 E17 F9000
;TYPE:Sparse infill
;WIDTH:3.2
G1 F2779.614
G1 X293.984 Y380.396 E49.70059
G1 X380.396 Y293.984 E527.5739
G1 X391.908 Y293.984 E49.70059
;WIPE_START
G1 F600
G1 X384.908 Y293.984 E-10
;WIPE_END
G1 Z356 F15000
G1 X293.984 Y554.718 Z356
G1 Z355
G1 E17 F9000
G1 F2779.614
G1 X293.984 Y543.206 E49.70059
G1 X543.206 Y293.984 E1521.58568
G1 X554.718 Y293.984 E49.70059
;WIPE_START
G1 F600
G1 X547.718 Y293.984 E-10
;WIPE_END
G1 Z356 F15000
G1 X706.016 Y391.908 Z356
G1 Z355
G1 E17 F9000
G1 F2779.614
G1 X706.016 Y380.396 E49.70059
G1 X619.604 Y293.984 E527.57392
G1 X608.092 Y293.984 E49.70059
;WIPE_START
G1 F600
G1 X615.092 Y293.984 E-10
;WIPE_END
G1 Z356 F15000
G1 X706.016 Y554.718 Z356
G1 Z355
G1 E17 F9000
G1 F2779.614
G1 X706.016 Y543.206 E49.70059
G1 X456.794 Y293.984 E1521.58569
G1 X445.282 Y293.984 E49.70059
M73 P85 R100
;WIPE_START
G1 F600
G1 X452.282 Y293.984 E-10
;WIPE_END
G1 Z356 F15000
G1 X445.282 Y706.016 Z356
G1 Z355
G1 E17 F9000
G1 F2779.614
G1 X456.794 Y706.016 E49.70059
G1 X706.016 Y456.794 E1521.58571
G1 X706.016 Y445.282 E49.70059
;WIPE_START
G1 F600
G1 X706.016 Y452.282 E-10
;WIPE_END
G1 Z356 F15000
G1 X694.503 Y706.016 Z356
G1 Z355
G1 E17 F9000
G1 F2779.614
G1 X706.016 Y706.016 E49.70059
G1 X293.984 Y293.984 E2515.59745
G1 X305.497 Y293.984 E49.70059
;WIPE_START
G1 F600
G1 X298.497 Y293.984 E-10
;WIPE_END
G1 Z356 F15000
G1 X305.497 Y706.016 Z356
G1 Z355
G1 E17 F9000
G1 F2779.614
G1 X293.984 Y706.016 E49.70028
G1 X706.016 Y293.984 E2515.59704
G1 X694.503 Y293.984 E49.7003
;WIPE_START
G1 F600
G1 X701.503 Y293.984 E-10
;WIPE_END
G1 Z356 F15000
G1 X608.092 Y706.016 Z356
G1 Z355
G1 E17 F9000
G1 F2779.614
G1 X619.604 Y706.016 E49.70059
G1 X706.016 Y619.604 E527.57393
G1 X706.016 Y608.092 E49.70059
;WIPE_START
G1 F600
G1 X706.016 Y615.092 E-10
;WIPE_END
G1 Z356 F15000
G1 X554.718 Y706.016 Z356
G1 Z355
G1 E17 F9000
G1 F2779.614
M73 P85 R99
G1 X543.206 Y706.016 E49.70059
G1 X293.984 Y456.794 E1521.58569
G1 X293.984 Y445.282 E49.70059
;WIPE_START
G1 F600
G1 X293.984 Y452.282 E-10
;WIPE_END
G1 Z356 F15000
G1 X391.908 Y706.016 Z356
G1 Z355
G1 E17 F9000
G1 F2779.614
G1 X380.396 Y706.016 E49.70059
G1 X293.984 Y619.604 E527.57392
G1 X293.984 Y608.092 E49.70059
; stop printing object Cube id:0 copy 0
;LAYER_CHANGE
;Z:356.5
;HEIGHT:1.5
;BEFORE_LAYER_CHANGE
;356.5
G92 E0

EXCLUDE_OBJECT_END NAME=Cube_id_0_copy_0
;AFTER_LAYER_CHANGE
;356.5
;_SET_FAN_SPEED_CHANGING_LAYER
; printing object Cube id:0 copy 0
;WIPE_START
G1 F600
G1 X293.984 Y615.092 E-10
;WIPE_END
EXCLUDE_OBJECT_START NAME=Cube_id_0_copy_0
G1 Z357.5 F15000
G1 X291.538 Y708.462 Z357.5
G1 Z356.5
G1 E17 F9000
;TYPE:Outer wall
;WIDTH:3.2
G1 F2779.615
G1 X291.538 Y291.538 E1799.91857
G1 X708.462 Y291.538 E1799.91857
G1 X708.462 Y708.462 E1799.91857
G1 X291.838 Y708.462 E1798.62343
;WIPE_START
G1 F600
G1 X291.833 Y701.462 E-10
;WIPE_END
G1 Z357.5 F15000
G1 X293.984 Y608.092 Z357.5
G1 Z356.5
G1 E17 F9000
;TYPE:Sparse infill
;WIDTH:3.2
G1 F2779.614
G1 X293.984 Y619.604 E49.70059
G1 X380.396 Y706.016 E527.57392
G1 X391.908 Y706.016 E49.70059
;WIPE_START
G1 F600
G1 X384.908 Y706.016 E-10
;WIPE_END
G1 Z357.5 F15000
G1 X293.984 Y445.282 Z357.5
G1 Z356.5
M73 P85 R98
G1 E17 F9000
G1 F2779.614
G1 X293.984 Y456.794 E49.70059
G1 X543.206 Y706.016 E1521.58569
G1 X554.718 Y706.016 E49.70059
;WIPE_START
G1 F600
G1 X547.718 Y706.016 E-10
;WIPE_END
G1 Z357.5 F15000
G1 X706.016 Y608.092 Z357.5
G1 Z356.5
G1 E17 F9000
G1 F2779.614
G1 X706.016 Y619.604 E49.70059
G1 X619.604 Y706.016 E527.57393
G1 X608.092 Y706.016 E49.70059
;WIPE_START
G1 F600
G1 X615.092 Y706.016 E-10
;WIPE_END
G1 Z357.5 F15000
G1 X706.016 Y445.282 Z357.5
G1 Z356.5
G1 E17 F9000
G1 F2779.614
G1 X706.016 Y456.794 E49.70059
G1 X456.794 Y706.016 E1521.58571
G1 X445.282 Y706.016 E49.70059
;WIPE_START
G1 F600
G1 X452.282 Y706.016 E-10
;WIPE_END
G1 Z357.5 F15000
G1 X445.282 Y293.984 Z357.5
G1 Z356.5
G1 E17 F9000
G1 F2779.614
G1 X456.794 Y293.984 E49.70059
G1 X706.016 Y543.206 E1521.58569
G1 X706.016 Y554.718 E49.70059
;WIPE_START
G1 F600
G1 X706.016 Y547.718 E-10
;WIPE_END
G1 Z357.5 F15000
G1 X694.503 Y293.984 Z357.5
G1 Z356.5
G1 E17 F9000
G1 F2779.614
G1 X706.016 Y293.984 E49.7003
G1 X293.984 Y706.016 E2515.59704
G1 X305.497 Y706.016 E49.70028
;WIPE_START
G1 F600
G1 X298.497 Y706.016 E-10
;WIPE_END
G1 Z357.5 F15000
G1 X305.497 Y293.984 Z357.5
G1 Z356.5
G1 E17 F9000
G1 F2779.614
G1 X293.984 Y293.984 E49.70059
G1 X706.016 Y706.016 E2515.59745
G1 X694.503 Y706.016 E49.70059
M73 P86 R97
;WIPE_START
G1 F600
G1 X701.503 Y706.016 E-10
;WIPE_END
G1 Z357.5 F15000
G1 X608.092 Y293.984 Z357.5
G1 Z356.5
G1 E17 F9000
G1 F2779.614
G1 X619.604 Y293.984 E49.70059
G1 X706.016 Y380.396 E527.57392
G1 X706.016 Y391.908 E49.70059
;WIPE_START
G1 F600
G1 X706.016 Y384.908 E-10
;WIPE_END
G1 Z357.5 F15000
G1 X554.718 Y293.984 Z357.5
G1 Z356.5
G1 E17 F9000
G1 F2779.614
G1 X543.206 Y293.984 E49.70059
G1 X293.984 Y543.206 E1521.58568
G1 X293.984 Y554.718 E49.70059
;WIPE_START
G1 F600
G1 X293.984 Y547.718 E-10
;WIPE_END
G1 Z357.5 F15000
G1 X391.908 Y293.984 Z357.5
G1 Z356.5
G1 E17 F9000
G1 F2779.614
G1 X380.396 Y293.984 E49.70059
G1 X293.984 Y380.396 E527.5739
G1 X293.984 Y391.908 E49.70059
; stop printing object Cube id:0 copy 0
;LAYER_CHANGE
;Z:358
;HEIGHT:1.5
;BEFORE_LAYER_CHANGE
;358
G92 E0

EXCLUDE_OBJECT_END NAME=Cube_id_0_copy_0
;AFTER_LAYER_CHANGE
;358
;_SET_FAN_SPEED_CHANGING_LAYER
; printing object Cube id:0 copy 0
;WIPE_START
G1 F600
G1 X293.984 Y384.908 E-10
;WIPE_END
EXCLUDE_OBJECT_START NAME=Cube_id_0_copy_0
G1 Z359 F15000
G1 X291.538 Y291.538 Z359
G1 Z358
G1 E17 F9000
;TYPE:Outer wall
;WIDTH:3.2
G1 F2779.615
G1 X708.462 Y291.538 E1799.91857
G1 X708.462 Y708.462 E1799.91857
G1 X291.538 Y708.462 E1799.91857
G1 X291.538 Y291.838 E1798.62343
M73 P86 R96
;WIPE_START
G1 F600
G1 X298.538 Y291.833 E-10
;WIPE_END
G1 Z359 F15000
G1 X293.984 Y391.908 Z359
G1 Z358
G1 E17 F9000
;TYPE:Sparse infill
;WIDTH:3.2
G1 F2779.614
G1 X293.984 Y380.396 E49.70059
G1 X380.396 Y293.984 E527.5739
G1 X391.908 Y293.984 E49.70059
;WIPE_START
G1 F600
G1 X384.908 Y293.984 E-10
;WIPE_END
G1 Z359 F15000
G1 X293.984 Y554.718 Z359
G1 Z358
G1 E17 F9000
G1 F2779.614
G1 X293.984 Y543.206 E49.70059
G1 X543.206 Y293.984 E1521.58568
G1 X554.718 Y293.984 E49.70059
;WIPE_START
G1 F600
G1 X547.718 Y293.984 E-10
;WIPE_END
G1 Z359 F15000
G1 X706.016 Y391.908 Z359
G1 Z358
G1 E17 F9000
G1 F2779.614
G1 X706.016 Y380.396 E49.70059
G1 X619.604 Y293.984 E527.57392
G1 X608.092 Y293.984 E49.70059
;WIPE_START
G1 F600
G1 X615.092 Y293.984 E-10
;WIPE_END
G1 Z359 F15000
G1 X706.016 Y554.718 Z359
G1 Z358
G1 E17 F9000
G1 F2779.614
G1 X706.016 Y543.206 E49.70059
G1 X456.794 Y293.984 E1521.58569
G1 X445.282 Y293.984 E49.70059
;WIPE_START
G1 F600
G1 X452.282 Y293.984 E-10
;WIPE_END
G1 Z359 F15000
G1 X445.282 Y706.016 Z359
G1 Z358
G1 E17 F9000
G1 F2779.614
G1 X456.794 Y706.016 E49.70059
G1 X706.016 Y456.794 E1521.58571
G1 X706.016 Y445.282 E49.70059
;WIPE_START
G1 F600
G1 X706.016 Y452.282 E-10
;WIPE_END
G1 Z359 F15000
G1 X694.503 Y706.016 Z359
G1 Z358
G1 E17 F9000
G1 F2779.614
G1 X706.016 Y706.016 E49.70059
G1 X293.984 Y293.984 E2515.59745
M73 P86 R95
G1 X305.497 Y293.984 E49.70059
;WIPE_START
G1 F600
G1 X298.497 Y293.984 E-10
;WIPE_END
G1 Z359 F15000
G1 X305.497 Y706.016 Z359
G1 Z358
G1 E17 F9000
G1 F2779.614
G1 X293.984 Y706.016 E49.70028
G1 X706.016 Y293.984 E2515.59704
G1 X694.503 Y293.984 E49.7003
;WIPE_START
G1 F600
G1 X701.503 Y293.984 E-10
;WIPE_END
G1 Z359 F15000
G1 X608.092 Y706.016 Z359
G1 Z358
G1 E17 F9000
G1 F2779.614
G1 X619.604 Y706.016 E49.70059
G1 X706.016 Y619.604 E527.57393
G1 X706.016 Y608.092 E49.70059
;WIPE_START
G1 F600
G1 X706.016 Y615.092 E-10
;WIPE_END
G1 Z359 F15000
G1 X554.718 Y706.016 Z359
G1 Z358
G1 E17 F9000
G1 F2779.614
G1 X543.206 Y706.016 E49.70059
G1 X293.984 Y456.794 E1521.58569
G1 X293.984 Y445.282 E49.70059
;WIPE_START
G1 F600
G1 X293.984 Y452.282 E-10
;WIPE_END
G1 Z359 F15000
G1 X391.908 Y706.016 Z359
G1 Z358
G1 E17 F9000
G1 F2779.614
G1 X380.396 Y706.016 E49.70059
G1 X293.984 Y619.604 E527.57392
G1 X293.984 Y608.092 E49.70059
; stop printing object Cube id:0 copy 0
;LAYER_CHANGE
;Z:359.5
;HEIGHT:1.5
;BEFORE_LAYER_CHANGE
;359.5
G92 E0

EXCLUDE_OBJECT_END NAME=Cube_id_0_copy_0
;AFTER_LAYER_CHANGE
;359.5
;_SET_FAN_SPEED_CHANGING_LAYER
; printing object Cube id:0 copy 0
;WIPE_START
G1 F600
G1 X293.984 Y615.092 E-10
;WIPE_END
EXCLUDE_OBJECT_START NAME=Cube_id_0_copy_0
G1 Z360.5 F15000
G1 X291.538 Y708.462 Z360.5
G1 Z359.5
G1 E17 F9000
;TYPE:Outer wall
;WIDTH:3.2
G1 F2779.615
G1 X291.538 Y291.538 E1799.91857
G1 X708.462 Y291.538 E1799.91857
M73 P86 R94
G1 X708.462 Y708.462 E1799.91857
G1 X291.838 Y708.462 E1798.62343
;WIPE_START
G1 F600
G1 X291.833 Y701.462 E-10
;WIPE_END
G1 Z360.5 F15000
G1 X293.984 Y608.092 Z360.5
G1 Z359.5
G1 E17 F9000
;TYPE:Sparse infill
;WIDTH:3.2
G1 F2779.614
G1 X293.984 Y619.604 E49.70059
G1 X380.396 Y706.016 E527.57392
G1 X391.908 Y706.016 E49.70059
;WIPE_START
G1 F600
G1 X384.908 Y706.016 E-10
;WIPE_END
G1 Z360.5 F15000
G1 X293.984 Y445.282 Z360.5
G1 Z359.5
G1 E17 F9000
G1 F2779.614
G1 X293.984 Y456.794 E49.70059
G1 X543.206 Y706.016 E1521.58569
G1 X554.718 Y706.016 E49.70059
;WIPE_START
G1 F600
G1 X547.718 Y706.016 E-10
;WIPE_END
G1 Z360.5 F15000
G1 X706.016 Y608.092 Z360.5
G1 Z359.5
G1 E17 F9000
G1 F2779.614
G1 X706.016 Y619.604 E49.70059
G1 X619.604 Y706.016 E527.57393
G1 X608.092 Y706.016 E49.70059
;WIPE_START
G1 F600
G1 X615.092 Y706.016 E-10
;WIPE_END
G1 Z360.5 F15000
G1 X706.016 Y445.282 Z360.5
G1 Z359.5
G1 E17 F9000
G1 F2779.614
G1 X706.016 Y456.794 E49.70059
G1 X456.794 Y706.016 E1521.58571
G1 X445.282 Y706.016 E49.70059
M73 P86 R93
;WIPE_START
G1 F600
G1 X452.282 Y706.016 E-10
;WIPE_END
G1 Z360.5 F15000
G1 X445.282 Y293.984 Z360.5
G1 Z359.5
G1 E17 F9000
G1 F2779.614
G1 X456.794 Y293.984 E49.70059
G1 X706.016 Y543.206 E1521.58569
G1 X706.016 Y554.718 E49.70059
;WIPE_START
G1 F600
G1 X706.016 Y547.718 E-10
;WIPE_END
G1 Z360.5 F15000
G1 X694.503 Y293.984 Z360.5
G1 Z359.5
G1 E17 F9000
G1 F2779.614
G1 X706.016 Y293.984 E49.7003
G1 X293.984 Y706.016 E2515.59704
G1 X305.497 Y706.016 E49.70028
;WIPE_START
G1 F600
G1 X298.497 Y706.016 E-10
;WIPE_END
G1 Z360.5 F15000
G1 X305.497 Y293.984 Z360.5
G1 Z359.5
G1 E17 F9000
G1 F2779.614
G1 X293.984 Y293.984 E49.70059
G1 X706.016 Y706.016 E2515.59745
G1 X694.503 Y706.016 E49.70059
;WIPE_START
G1 F600
G1 X701.503 Y706.016 E-10
;WIPE_END
G1 Z360.5 F15000
G1 X608.092 Y293.984 Z360.5
G1 Z359.5
G1 E17 F9000
G1 F2779.614
G1 X619.604 Y293.984 E49.70059
G1 X706.016 Y380.396 E527.57392
G1 X706.016 Y391.908 E49.70059
;WIPE_START
G1 F600
G1 X706.016 Y384.908 E-10
;WIPE_END
G1 Z360.5 F15000
G1 X554.718 Y293.984 Z360.5
G1 Z359.5
G1 E17 F9000
G1 F2779.614
G1 X543.206 Y293.984 E49.70059
G1 X293.984 Y543.206 E1521.58568
G1 X293.984 Y554.718 E49.70059
M73 P86 R92
;WIPE_START
G1 F600
G1 X293.984 Y547.718 E-10
;WIPE_END
G1 Z360.5 F15000
G1 X391.908 Y293.984 Z360.5
G1 Z359.5
G1 E17 F9000
G1 F2779.614
G1 X380.396 Y293.984 E49.70059
G1 X293.984 Y380.396 E527.5739
G1 X293.984 Y391.908 E49.70059
; stop printing object Cube id:0 copy 0
;LAYER_CHANGE
;Z:361
;HEIGHT:1.5
;BEFORE_LAYER_CHANGE
;361
G92 E0

EXCLUDE_OBJECT_END NAME=Cube_id_0_copy_0
;AFTER_LAYER_CHANGE
;361
;_SET_FAN_SPEED_CHANGING_LAYER
; printing object Cube id:0 copy 0
;WIPE_START
G1 F600
G1 X293.984 Y384.908 E-10
;WIPE_END
EXCLUDE_OBJECT_START NAME=Cube_id_0_copy_0
G1 Z362 F15000
G1 X291.538 Y291.538 Z362
G1 Z361
G1 E17 F9000
;TYPE:Outer wall
;WIDTH:3.2
G1 F2779.615
G1 X708.462 Y291.538 E1799.91857
G1 X708.462 Y708.462 E1799.91857
G1 X291.538 Y708.462 E1799.91857
G1 X291.538 Y291.838 E1798.62343
;WIPE_START
G1 F600
G1 X298.538 Y291.833 E-10
;WIPE_END
G1 Z362 F15000
G1 X293.984 Y391.908 Z362
G1 Z361
G1 E17 F9000
;TYPE:Sparse infill
;WIDTH:3.2
G1 F2779.614
G1 X293.984 Y380.396 E49.70059
G1 X380.396 Y293.984 E527.5739
G1 X391.908 Y293.984 E49.70059
;WIPE_START
G1 F600
G1 X384.908 Y293.984 E-10
;WIPE_END
G1 Z362 F15000
G1 X293.984 Y554.718 Z362
G1 Z361
G1 E17 F9000
G1 F2779.614
G1 X293.984 Y543.206 E49.70059
G1 X543.206 Y293.984 E1521.58568
G1 X554.718 Y293.984 E49.70059
M73 P86 R91
;WIPE_START
G1 F600
G1 X547.718 Y293.984 E-10
;WIPE_END
G1 Z362 F15000
G1 X706.016 Y391.908 Z362
G1 Z361
G1 E17 F9000
G1 F2779.614
G1 X706.016 Y380.396 E49.70059
G1 X619.604 Y293.984 E527.57392
G1 X608.092 Y293.984 E49.70059
;WIPE_START
G1 F600
G1 X615.092 Y293.984 E-10
;WIPE_END
G1 Z362 F15000
G1 X706.016 Y554.718 Z362
G1 Z361
G1 E17 F9000
G1 F2779.614
G1 X706.016 Y543.206 E49.70059
G1 X456.794 Y293.984 E1521.58569
G1 X445.282 Y293.984 E49.70059
;WIPE_START
G1 F600
G1 X452.282 Y293.984 E-10
;WIPE_END
G1 Z362 F15000
G1 X445.282 Y706.016 Z362
G1 Z361
G1 E17 F9000
G1 F2779.614
G1 X456.794 Y706.016 E49.70059
G1 X706.016 Y456.794 E1521.58571
G1 X706.016 Y445.282 E49.70059
;WIPE_START
G1 F600
G1 X706.016 Y452.282 E-10
;WIPE_END
G1 Z362 F15000
G1 X694.503 Y706.016 Z362
G1 Z361
G1 E17 F9000
G1 F2779.614
G1 X706.016 Y706.016 E49.70059
G1 X293.984 Y293.984 E2515.59745
G1 X305.497 Y293.984 E49.70059
;WIPE_START
G1 F600
G1 X298.497 Y293.984 E-10
;WIPE_END
G1 Z362 F15000
G1 X305.497 Y706.016 Z362
G1 Z361
G1 E17 F9000
G1 F2779.614
G1 X293.984 Y706.016 E49.70028
G1 X706.016 Y293.984 E2515.59704
G1 X694.503 Y293.984 E49.7003
M73 P87 R90
;WIPE_START
G1 F600
G1 X701.503 Y293.984 E-10
;WIPE_END
G1 Z362 F15000
G1 X608.092 Y706.016 Z362
G1 Z361
G1 E17 F9000
G1 F2779.614
G1 X619.604 Y706.016 E49.70059
G1 X706.016 Y619.604 E527.57393
G1 X706.016 Y608.092 E49.70059
;WIPE_START
G1 F600
G1 X706.016 Y615.092 E-10
;WIPE_END
G1 Z362 F15000
G1 X554.718 Y706.016 Z362
G1 Z361
G1 E17 F9000
G1 F2779.614
G1 X543.206 Y706.016 E49.70059
G1 X293.984 Y456.794 E1521.58569
G1 X293.984 Y445.282 E49.70059
;WIPE_START
G1 F600
G1 X293.984 Y452.282 E-10
;WIPE_END
G1 Z362 F15000
G1 X391.908 Y706.016 Z362
G1 Z361
G1 E17 F9000
G1 F2779.614
G1 X380.396 Y706.016 E49.70059
G1 X293.984 Y619.604 E527.57392
G1 X293.984 Y608.092 E49.70059
; stop printing object Cube id:0 copy 0
;LAYER_CHANGE
;Z:362.5
;HEIGHT:1.5
;BEFORE_LAYER_CHANGE
;362.5
G92 E0

EXCLUDE_OBJECT_END NAME=Cube_id_0_copy_0
;AFTER_LAYER_CHANGE
;362.5
;_SET_FAN_SPEED_CHANGING_LAYER
; printing object Cube id:0 copy 0
;WIPE_START
G1 F600
G1 X293.984 Y615.092 E-10
;WIPE_END
EXCLUDE_OBJECT_START NAME=Cube_id_0_copy_0
G1 Z363.5 F15000
G1 X291.538 Y708.462 Z363.5
G1 Z362.5
G1 E17 F9000
;TYPE:Outer wall
;WIDTH:3.2
G1 F2779.615
G1 X291.538 Y291.538 E1799.91857
G1 X708.462 Y291.538 E1799.91857
G1 X708.462 Y708.462 E1799.91857
G1 X291.838 Y708.462 E1798.62343
M73 P87 R89
;WIPE_START
G1 F600
G1 X291.833 Y701.462 E-10
;WIPE_END
G1 Z363.5 F15000
G1 X293.984 Y608.092 Z363.5
G1 Z362.5
G1 E17 F9000
;TYPE:Sparse infill
;WIDTH:3.2
G1 F2779.614
G1 X293.984 Y619.604 E49.70059
G1 X380.396 Y706.016 E527.57392
G1 X391.908 Y706.016 E49.70059
;WIPE_START
G1 F600
G1 X384.908 Y706.016 E-10
;WIPE_END
G1 Z363.5 F15000
G1 X293.984 Y445.282 Z363.5
G1 Z362.5
G1 E17 F9000
G1 F2779.614
G1 X293.984 Y456.794 E49.70059
G1 X543.206 Y706.016 E1521.58569
G1 X554.718 Y706.016 E49.70059
;WIPE_START
G1 F600
G1 X547.718 Y706.016 E-10
;WIPE_END
G1 Z363.5 F15000
G1 X706.016 Y608.092 Z363.5
G1 Z362.5
G1 E17 F9000
G1 F2779.614
G1 X706.016 Y619.604 E49.70059
G1 X619.604 Y706.016 E527.57393
G1 X608.092 Y706.016 E49.70059
;WIPE_START
G1 F600
G1 X615.092 Y706.016 E-10
;WIPE_END
G1 Z363.5 F15000
G1 X706.016 Y445.282 Z363.5
G1 Z362.5
G1 E17 F9000
G1 F2779.614
G1 X706.016 Y456.794 E49.70059
G1 X456.794 Y706.016 E1521.58571
G1 X445.282 Y706.016 E49.70059
;WIPE_START
G1 F600
G1 X452.282 Y706.016 E-10
;WIPE_END
G1 Z363.5 F15000
G1 X445.282 Y293.984 Z363.5
G1 Z362.5
G1 E17 F9000
G1 F2779.614
G1 X456.794 Y293.984 E49.70059
G1 X706.016 Y543.206 E1521.58569
G1 X706.016 Y554.718 E49.70059
;WIPE_START
G1 F600
G1 X706.016 Y547.718 E-10
;WIPE_END
G1 Z363.5 F15000
G1 X694.503 Y293.984 Z363.5
G1 Z362.5
G1 E17 F9000
G1 F2779.614
G1 X706.016 Y293.984 E49.7003
G1 X293.984 Y706.016 E2515.59704
G1 X305.497 Y706.016 E49.70028
M73 P87 R88
;WIPE_START
G1 F600
G1 X298.497 Y706.016 E-10
;WIPE_END
G1 Z363.5 F15000
G1 X305.497 Y293.984 Z363.5
G1 Z362.5
G1 E17 F9000
G1 F2779.614
G1 X293.984 Y293.984 E49.70059
G1 X706.016 Y706.016 E2515.59745
G1 X694.503 Y706.016 E49.70059
;WIPE_START
G1 F600
G1 X701.503 Y706.016 E-10
;WIPE_END
G1 Z363.5 F15000
G1 X608.092 Y293.984 Z363.5
G1 Z362.5
G1 E17 F9000
G1 F2779.614
G1 X619.604 Y293.984 E49.70059
G1 X706.016 Y380.396 E527.57392
G1 X706.016 Y391.908 E49.70059
;WIPE_START
G1 F600
G1 X706.016 Y384.908 E-10
;WIPE_END
G1 Z363.5 F15000
G1 X554.718 Y293.984 Z363.5
G1 Z362.5
G1 E17 F9000
G1 F2779.614
G1 X543.206 Y293.984 E49.70059
G1 X293.984 Y543.206 E1521.58568
G1 X293.984 Y554.718 E49.70059
;WIPE_START
G1 F600
G1 X293.984 Y547.718 E-10
;WIPE_END
G1 Z363.5 F15000
G1 X391.908 Y293.984 Z363.5
G1 Z362.5
G1 E17 F9000
G1 F2779.614
G1 X380.396 Y293.984 E49.70059
G1 X293.984 Y380.396 E527.5739
G1 X293.984 Y391.908 E49.70059
; stop printing object Cube id:0 copy 0
;LAYER_CHANGE
;Z:364
;HEIGHT:1.5
;BEFORE_LAYER_CHANGE
;364
G92 E0

EXCLUDE_OBJECT_END NAME=Cube_id_0_copy_0
;AFTER_LAYER_CHANGE
;364
;_SET_FAN_SPEED_CHANGING_LAYER
; printing object Cube id:0 copy 0
;WIPE_START
G1 F600
G1 X293.984 Y384.908 E-10
;WIPE_END
EXCLUDE_OBJECT_START NAME=Cube_id_0_copy_0
G1 Z365 F15000
G1 X291.538 Y291.538 Z365
G1 Z364
G1 E17 F9000
;TYPE:Outer wall
;WIDTH:3.2
G1 F2779.615
G1 X708.462 Y291.538 E1799.91857
G1 X708.462 Y708.462 E1799.91857
M73 P87 R87
G1 X291.538 Y708.462 E1799.91857
G1 X291.538 Y291.838 E1798.62343
;WIPE_START
G1 F600
G1 X298.538 Y291.833 E-10
;WIPE_END
G1 Z365 F15000
G1 X293.984 Y391.908 Z365
G1 Z364
G1 E17 F9000
;TYPE:Sparse infill
;WIDTH:3.2
G1 F2779.614
G1 X293.984 Y380.396 E49.70059
G1 X380.396 Y293.984 E527.5739
G1 X391.908 Y293.984 E49.70059
;WIPE_START
G1 F600
G1 X384.908 Y293.984 E-10
;WIPE_END
G1 Z365 F15000
G1 X293.984 Y554.718 Z365
G1 Z364
G1 E17 F9000
G1 F2779.614
G1 X293.984 Y543.206 E49.70059
G1 X543.206 Y293.984 E1521.58568
G1 X554.718 Y293.984 E49.70059
;WIPE_START
G1 F600
G1 X547.718 Y293.984 E-10
;WIPE_END
G1 Z365 F15000
G1 X706.016 Y391.908 Z365
G1 Z364
G1 E17 F9000
G1 F2779.614
G1 X706.016 Y380.396 E49.70059
G1 X619.604 Y293.984 E527.57392
G1 X608.092 Y293.984 E49.70059
;WIPE_START
G1 F600
G1 X615.092 Y293.984 E-10
;WIPE_END
G1 Z365 F15000
G1 X706.016 Y554.718 Z365
G1 Z364
G1 E17 F9000
G1 F2779.614
G1 X706.016 Y543.206 E49.70059
G1 X456.794 Y293.984 E1521.58569
G1 X445.282 Y293.984 E49.70059
M73 P87 R86
;WIPE_START
G1 F600
G1 X452.282 Y293.984 E-10
;WIPE_END
G1 Z365 F15000
G1 X445.282 Y706.016 Z365
G1 Z364
G1 E17 F9000
G1 F2779.614
G1 X456.794 Y706.016 E49.70059
G1 X706.016 Y456.794 E1521.58571
G1 X706.016 Y445.282 E49.70059
;WIPE_START
G1 F600
G1 X706.016 Y452.282 E-10
;WIPE_END
G1 Z365 F15000
G1 X694.503 Y706.016 Z365
G1 Z364
G1 E17 F9000
G1 F2779.614
G1 X706.016 Y706.016 E49.70059
G1 X293.984 Y293.984 E2515.59745
G1 X305.497 Y293.984 E49.70059
;WIPE_START
G1 F600
G1 X298.497 Y293.984 E-10
;WIPE_END
G1 Z365 F15000
G1 X305.497 Y706.016 Z365
G1 Z364
G1 E17 F9000
G1 F2779.614
G1 X293.984 Y706.016 E49.70028
G1 X706.016 Y293.984 E2515.59704
G1 X694.503 Y293.984 E49.7003
;WIPE_START
G1 F600
G1 X701.503 Y293.984 E-10
;WIPE_END
G1 Z365 F15000
G1 X608.092 Y706.016 Z365
G1 Z364
G1 E17 F9000
G1 F2779.614
G1 X619.604 Y706.016 E49.70059
G1 X706.016 Y619.604 E527.57393
G1 X706.016 Y608.092 E49.70059
;WIPE_START
G1 F600
G1 X706.016 Y615.092 E-10
;WIPE_END
G1 Z365 F15000
G1 X554.718 Y706.016 Z365
G1 Z364
G1 E17 F9000
G1 F2779.614
G1 X543.206 Y706.016 E49.70059
G1 X293.984 Y456.794 E1521.58569
G1 X293.984 Y445.282 E49.70059
M73 P87 R85
;WIPE_START
G1 F600
G1 X293.984 Y452.282 E-10
;WIPE_END
G1 Z365 F15000
G1 X391.908 Y706.016 Z365
G1 Z364
G1 E17 F9000
G1 F2779.614
G1 X380.396 Y706.016 E49.70059
G1 X293.984 Y619.604 E527.57392
G1 X293.984 Y608.092 E49.70059
; stop printing object Cube id:0 copy 0
;LAYER_CHANGE
;Z:365.5
;HEIGHT:1.5
;BEFORE_LAYER_CHANGE
;365.5
G92 E0

EXCLUDE_OBJECT_END NAME=Cube_id_0_copy_0
;AFTER_LAYER_CHANGE
;365.5
;_SET_FAN_SPEED_CHANGING_LAYER
; printing object Cube id:0 copy 0
;WIPE_START
G1 F600
G1 X293.984 Y615.092 E-10
;WIPE_END
EXCLUDE_OBJECT_START NAME=Cube_id_0_copy_0
G1 Z366.5 F15000
G1 X291.538 Y708.462 Z366.5
G1 Z365.5
G1 E17 F9000
;TYPE:Outer wall
;WIDTH:3.2
G1 F2779.615
G1 X291.538 Y291.538 E1799.91857
G1 X708.462 Y291.538 E1799.91857
G1 X708.462 Y708.462 E1799.91857
G1 X291.838 Y708.462 E1798.62343
;WIPE_START
G1 F600
G1 X291.833 Y701.462 E-10
;WIPE_END
G1 Z366.5 F15000
G1 X293.984 Y608.092 Z366.5
G1 Z365.5
G1 E17 F9000
;TYPE:Sparse infill
;WIDTH:3.2
G1 F2779.614
G1 X293.984 Y619.604 E49.70059
G1 X380.396 Y706.016 E527.57392
G1 X391.908 Y706.016 E49.70059
;WIPE_START
G1 F600
G1 X384.908 Y706.016 E-10
;WIPE_END
G1 Z366.5 F15000
G1 X293.984 Y445.282 Z366.5
G1 Z365.5
G1 E17 F9000
G1 F2779.614
G1 X293.984 Y456.794 E49.70059
G1 X543.206 Y706.016 E1521.58569
G1 X554.718 Y706.016 E49.70059
M73 P87 R84
;WIPE_START
G1 F600
G1 X547.718 Y706.016 E-10
;WIPE_END
G1 Z366.5 F15000
G1 X706.016 Y608.092 Z366.5
G1 Z365.5
G1 E17 F9000
G1 F2779.614
G1 X706.016 Y619.604 E49.70059
G1 X619.604 Y706.016 E527.57393
G1 X608.092 Y706.016 E49.70059
;WIPE_START
G1 F600
G1 X615.092 Y706.016 E-10
;WIPE_END
G1 Z366.5 F15000
G1 X706.016 Y445.282 Z366.5
G1 Z365.5
G1 E17 F9000
G1 F2779.614
G1 X706.016 Y456.794 E49.70059
G1 X456.794 Y706.016 E1521.58571
G1 X445.282 Y706.016 E49.70059
;WIPE_START
G1 F600
G1 X452.282 Y706.016 E-10
;WIPE_END
G1 Z366.5 F15000
G1 X445.282 Y293.984 Z366.5
G1 Z365.5
G1 E17 F9000
G1 F2779.614
G1 X456.794 Y293.984 E49.70059
G1 X706.016 Y543.206 E1521.58569
G1 X706.016 Y554.718 E49.70059
;WIPE_START
G1 F600
G1 X706.016 Y547.718 E-10
;WIPE_END
G1 Z366.5 F15000
G1 X694.503 Y293.984 Z366.5
G1 Z365.5
G1 E17 F9000
G1 F2779.614
G1 X706.016 Y293.984 E49.7003
G1 X293.984 Y706.016 E2515.59704
G1 X305.497 Y706.016 E49.70028
;WIPE_START
G1 F600
G1 X298.497 Y706.016 E-10
;WIPE_END
G1 Z366.5 F15000
G1 X305.497 Y293.984 Z366.5
G1 Z365.5
G1 E17 F9000
G1 F2779.614
G1 X293.984 Y293.984 E49.70059
G1 X706.016 Y706.016 E2515.59745
G1 X694.503 Y706.016 E49.70059
M73 P87 R83
;WIPE_START
G1 F600
G1 X701.503 Y706.016 E-10
;WIPE_END
G1 Z366.5 F15000
M73 P88 R83
G1 X608.092 Y293.984 Z366.5
G1 Z365.5
G1 E17 F9000
G1 F2779.614
G1 X619.604 Y293.984 E49.70059
G1 X706.016 Y380.396 E527.57392
G1 X706.016 Y391.908 E49.70059
;WIPE_START
G1 F600
G1 X706.016 Y384.908 E-10
;WIPE_END
G1 Z366.5 F15000
G1 X554.718 Y293.984 Z366.5
G1 Z365.5
G1 E17 F9000
G1 F2779.614
G1 X543.206 Y293.984 E49.70059
G1 X293.984 Y543.206 E1521.58568
G1 X293.984 Y554.718 E49.70059
;WIPE_START
G1 F600
G1 X293.984 Y547.718 E-10
;WIPE_END
G1 Z366.5 F15000
G1 X391.908 Y293.984 Z366.5
G1 Z365.5
G1 E17 F9000
G1 F2779.614
G1 X380.396 Y293.984 E49.70059
G1 X293.984 Y380.396 E527.5739
G1 X293.984 Y391.908 E49.70059
; stop printing object Cube id:0 copy 0
;LAYER_CHANGE
;Z:367
;HEIGHT:1.5
;BEFORE_LAYER_CHANGE
;367
G92 E0

EXCLUDE_OBJECT_END NAME=Cube_id_0_copy_0
;AFTER_LAYER_CHANGE
;367
;_SET_FAN_SPEED_CHANGING_LAYER
; printing object Cube id:0 copy 0
;WIPE_START
G1 F600
G1 X293.984 Y384.908 E-10
;WIPE_END
EXCLUDE_OBJECT_START NAME=Cube_id_0_copy_0
G1 Z368 F15000
G1 X291.538 Y291.538 Z368
G1 Z367
G1 E17 F9000
;TYPE:Outer wall
;WIDTH:3.2
G1 F2779.615
G1 X708.462 Y291.538 E1799.91857
G1 X708.462 Y708.462 E1799.91857
G1 X291.538 Y708.462 E1799.91857
G1 X291.538 Y291.838 E1798.62343
;WIPE_START
G1 F600
M73 P88 R82
G1 X298.538 Y291.833 E-10
;WIPE_END
G1 Z368 F15000
G1 X293.984 Y391.908 Z368
G1 Z367
G1 E17 F9000
;TYPE:Sparse infill
;WIDTH:3.2
G1 F2779.614
G1 X293.984 Y380.396 E49.70059
G1 X380.396 Y293.984 E527.5739
G1 X391.908 Y293.984 E49.70059
;WIPE_START
G1 F600
G1 X384.908 Y293.984 E-10
;WIPE_END
G1 Z368 F15000
G1 X293.984 Y554.718 Z368
G1 Z367
G1 E17 F9000
G1 F2779.614
G1 X293.984 Y543.206 E49.70059
G1 X543.206 Y293.984 E1521.58568
G1 X554.718 Y293.984 E49.70059
;WIPE_START
G1 F600
G1 X547.718 Y293.984 E-10
;WIPE_END
G1 Z368 F15000
G1 X706.016 Y391.908 Z368
G1 Z367
G1 E17 F9000
G1 F2779.614
G1 X706.016 Y380.396 E49.70059
G1 X619.604 Y293.984 E527.57392
G1 X608.092 Y293.984 E49.70059
;WIPE_START
G1 F600
G1 X615.092 Y293.984 E-10
;WIPE_END
G1 Z368 F15000
G1 X706.016 Y554.718 Z368
G1 Z367
G1 E17 F9000
G1 F2779.614
G1 X706.016 Y543.206 E49.70059
G1 X456.794 Y293.984 E1521.58569
G1 X445.282 Y293.984 E49.70059
;WIPE_START
G1 F600
G1 X452.282 Y293.984 E-10
;WIPE_END
G1 Z368 F15000
G1 X445.282 Y706.016 Z368
G1 Z367
G1 E17 F9000
G1 F2779.614
G1 X456.794 Y706.016 E49.70059
G1 X706.016 Y456.794 E1521.58571
G1 X706.016 Y445.282 E49.70059
;WIPE_START
G1 F600
G1 X706.016 Y452.282 E-10
;WIPE_END
G1 Z368 F15000
G1 X694.503 Y706.016 Z368
G1 Z367
G1 E17 F9000
G1 F2779.614
G1 X706.016 Y706.016 E49.70059
G1 X293.984 Y293.984 E2515.59745
G1 X305.497 Y293.984 E49.70059
M73 P88 R81
;WIPE_START
G1 F600
G1 X298.497 Y293.984 E-10
;WIPE_END
G1 Z368 F15000
G1 X305.497 Y706.016 Z368
G1 Z367
G1 E17 F9000
G1 F2779.614
G1 X293.984 Y706.016 E49.70028
G1 X706.016 Y293.984 E2515.59704
G1 X694.503 Y293.984 E49.7003
;WIPE_START
G1 F600
G1 X701.503 Y293.984 E-10
;WIPE_END
G1 Z368 F15000
G1 X608.092 Y706.016 Z368
G1 Z367
G1 E17 F9000
G1 F2779.614
G1 X619.604 Y706.016 E49.70059
G1 X706.016 Y619.604 E527.57393
G1 X706.016 Y608.092 E49.70059
;WIPE_START
G1 F600
G1 X706.016 Y615.092 E-10
;WIPE_END
G1 Z368 F15000
G1 X554.718 Y706.016 Z368
G1 Z367
G1 E17 F9000
G1 F2779.614
G1 X543.206 Y706.016 E49.70059
G1 X293.984 Y456.794 E1521.58569
G1 X293.984 Y445.282 E49.70059
;WIPE_START
G1 F600
G1 X293.984 Y452.282 E-10
;WIPE_END
G1 Z368 F15000
G1 X391.908 Y706.016 Z368
G1 Z367
G1 E17 F9000
G1 F2779.614
G1 X380.396 Y706.016 E49.70059
G1 X293.984 Y619.604 E527.57392
G1 X293.984 Y608.092 E49.70059
; stop printing object Cube id:0 copy 0
;LAYER_CHANGE
;Z:368.5
;HEIGHT:1.5
;BEFORE_LAYER_CHANGE
;368.5
G92 E0

EXCLUDE_OBJECT_END NAME=Cube_id_0_copy_0
;AFTER_LAYER_CHANGE
;368.5
;_SET_FAN_SPEED_CHANGING_LAYER
; printing object Cube id:0 copy 0
;WIPE_START
G1 F600
G1 X293.984 Y615.092 E-10
;WIPE_END
EXCLUDE_OBJECT_START NAME=Cube_id_0_copy_0
G1 Z369.5 F15000
G1 X291.538 Y708.462 Z369.5
G1 Z368.5
G1 E17 F9000
;TYPE:Outer wall
;WIDTH:3.2
G1 F2779.615
G1 X291.538 Y291.538 E1799.91857
G1 X708.462 Y291.538 E1799.91857
G1 X708.462 Y708.462 E1799.91857
M73 P88 R80
G1 X291.838 Y708.462 E1798.62343
;WIPE_START
G1 F600
G1 X291.833 Y701.462 E-10
;WIPE_END
G1 Z369.5 F15000
G1 X293.984 Y608.092 Z369.5
G1 Z368.5
G1 E17 F9000
;TYPE:Sparse infill
;WIDTH:3.2
G1 F2779.614
G1 X293.984 Y619.604 E49.70059
G1 X380.396 Y706.016 E527.57392
G1 X391.908 Y706.016 E49.70059
;WIPE_START
G1 F600
G1 X384.908 Y706.016 E-10
;WIPE_END
G1 Z369.5 F15000
G1 X293.984 Y445.282 Z369.5
G1 Z368.5
G1 E17 F9000
G1 F2779.614
G1 X293.984 Y456.794 E49.70059
G1 X543.206 Y706.016 E1521.58569
G1 X554.718 Y706.016 E49.70059
;WIPE_START
G1 F600
G1 X547.718 Y706.016 E-10
;WIPE_END
G1 Z369.5 F15000
G1 X706.016 Y608.092 Z369.5
G1 Z368.5
G1 E17 F9000
G1 F2779.614
G1 X706.016 Y619.604 E49.70059
G1 X619.604 Y706.016 E527.57393
G1 X608.092 Y706.016 E49.70059
;WIPE_START
G1 F600
G1 X615.092 Y706.016 E-10
;WIPE_END
G1 Z369.5 F15000
G1 X706.016 Y445.282 Z369.5
G1 Z368.5
G1 E17 F9000
G1 F2779.614
G1 X706.016 Y456.794 E49.70059
G1 X456.794 Y706.016 E1521.58571
G1 X445.282 Y706.016 E49.70059
;WIPE_START
G1 F600
G1 X452.282 Y706.016 E-10
;WIPE_END
G1 Z369.5 F15000
M73 P88 R79
G1 X445.282 Y293.984 Z369.5
G1 Z368.5
G1 E17 F9000
G1 F2779.614
G1 X456.794 Y293.984 E49.70059
G1 X706.016 Y543.206 E1521.58569
G1 X706.016 Y554.718 E49.70059
;WIPE_START
G1 F600
G1 X706.016 Y547.718 E-10
;WIPE_END
G1 Z369.5 F15000
G1 X694.503 Y293.984 Z369.5
G1 Z368.5
G1 E17 F9000
G1 F2779.614
G1 X706.016 Y293.984 E49.7003
G1 X293.984 Y706.016 E2515.59704
G1 X305.497 Y706.016 E49.70028
;WIPE_START
G1 F600
G1 X298.497 Y706.016 E-10
;WIPE_END
G1 Z369.5 F15000
G1 X305.497 Y293.984 Z369.5
G1 Z368.5
G1 E17 F9000
G1 F2779.614
G1 X293.984 Y293.984 E49.70059
G1 X706.016 Y706.016 E2515.59745
G1 X694.503 Y706.016 E49.70059
;WIPE_START
G1 F600
G1 X701.503 Y706.016 E-10
;WIPE_END
G1 Z369.5 F15000
G1 X608.092 Y293.984 Z369.5
G1 Z368.5
G1 E17 F9000
G1 F2779.614
G1 X619.604 Y293.984 E49.70059
G1 X706.016 Y380.396 E527.57392
G1 X706.016 Y391.908 E49.70059
;WIPE_START
G1 F600
G1 X706.016 Y384.908 E-10
;WIPE_END
G1 Z369.5 F15000
G1 X554.718 Y293.984 Z369.5
G1 Z368.5
G1 E17 F9000
G1 F2779.614
G1 X543.206 Y293.984 E49.70059
G1 X293.984 Y543.206 E1521.58568
G1 X293.984 Y554.718 E49.70059
M73 P88 R78
;WIPE_START
G1 F600
G1 X293.984 Y547.718 E-10
;WIPE_END
G1 Z369.5 F15000
G1 X391.908 Y293.984 Z369.5
G1 Z368.5
G1 E17 F9000
G1 F2779.614
G1 X380.396 Y293.984 E49.70059
G1 X293.984 Y380.396 E527.5739
G1 X293.984 Y391.908 E49.70059
; stop printing object Cube id:0 copy 0
;LAYER_CHANGE
;Z:370
;HEIGHT:1.5
;BEFORE_LAYER_CHANGE
;370
G92 E0

EXCLUDE_OBJECT_END NAME=Cube_id_0_copy_0
;AFTER_LAYER_CHANGE
;370
;_SET_FAN_SPEED_CHANGING_LAYER
; printing object Cube id:0 copy 0
;WIPE_START
G1 F600
G1 X293.984 Y384.908 E-10
;WIPE_END
EXCLUDE_OBJECT_START NAME=Cube_id_0_copy_0
G1 Z371 F15000
G1 X291.538 Y291.538 Z371
G1 Z370
G1 E17 F9000
;TYPE:Outer wall
;WIDTH:3.2
G1 F2779.615
G1 X708.462 Y291.538 E1799.91857
G1 X708.462 Y708.462 E1799.91857
G1 X291.538 Y708.462 E1799.91857
G1 X291.538 Y291.838 E1798.62343
;WIPE_START
G1 F600
G1 X298.538 Y291.833 E-10
;WIPE_END
G1 Z371 F15000
G1 X293.984 Y391.908 Z371
G1 Z370
G1 E17 F9000
;TYPE:Sparse infill
;WIDTH:3.2
G1 F2779.614
G1 X293.984 Y380.396 E49.70059
G1 X380.396 Y293.984 E527.5739
G1 X391.908 Y293.984 E49.70059
;WIPE_START
G1 F600
G1 X384.908 Y293.984 E-10
;WIPE_END
G1 Z371 F15000
G1 X293.984 Y554.718 Z371
G1 Z370
G1 E17 F9000
G1 F2779.614
G1 X293.984 Y543.206 E49.70059
G1 X543.206 Y293.984 E1521.58568
G1 X554.718 Y293.984 E49.70059
M73 P88 R77
;WIPE_START
G1 F600
G1 X547.718 Y293.984 E-10
;WIPE_END
G1 Z371 F15000
G1 X706.016 Y391.908 Z371
G1 Z370
G1 E17 F9000
G1 F2779.614
G1 X706.016 Y380.396 E49.70059
G1 X619.604 Y293.984 E527.57392
G1 X608.092 Y293.984 E49.70059
;WIPE_START
G1 F600
G1 X615.092 Y293.984 E-10
;WIPE_END
G1 Z371 F15000
G1 X706.016 Y554.718 Z371
G1 Z370
G1 E17 F9000
G1 F2779.614
G1 X706.016 Y543.206 E49.70059
G1 X456.794 Y293.984 E1521.58569
G1 X445.282 Y293.984 E49.70059
;WIPE_START
G1 F600
G1 X452.282 Y293.984 E-10
;WIPE_END
G1 Z371 F15000
G1 X445.282 Y706.016 Z371
G1 Z370
G1 E17 F9000
G1 F2779.614
G1 X456.794 Y706.016 E49.70059
G1 X706.016 Y456.794 E1521.58571
G1 X706.016 Y445.282 E49.70059
;WIPE_START
G1 F600
G1 X706.016 Y452.282 E-10
;WIPE_END
G1 Z371 F15000
G1 X694.503 Y706.016 Z371
G1 Z370
G1 E17 F9000
G1 F2779.614
G1 X706.016 Y706.016 E49.70059
G1 X293.984 Y293.984 E2515.59745
G1 X305.497 Y293.984 E49.70059
;WIPE_START
G1 F600
G1 X298.497 Y293.984 E-10
;WIPE_END
G1 Z371 F15000
G1 X305.497 Y706.016 Z371
G1 Z370
G1 E17 F9000
G1 F2779.614
G1 X293.984 Y706.016 E49.70028
G1 X706.016 Y293.984 E2515.59704
G1 X694.503 Y293.984 E49.7003
M73 P88 R76
;WIPE_START
G1 F600
G1 X701.503 Y293.984 E-10
;WIPE_END
G1 Z371 F15000
G1 X608.092 Y706.016 Z371
G1 Z370
M73 P89 R76
G1 E17 F9000
G1 F2779.614
G1 X619.604 Y706.016 E49.70059
G1 X706.016 Y619.604 E527.57393
G1 X706.016 Y608.092 E49.70059
;WIPE_START
G1 F600
G1 X706.016 Y615.092 E-10
;WIPE_END
G1 Z371 F15000
G1 X554.718 Y706.016 Z371
G1 Z370
G1 E17 F9000
G1 F2779.614
G1 X543.206 Y706.016 E49.70059
G1 X293.984 Y456.794 E1521.58569
G1 X293.984 Y445.282 E49.70059
;WIPE_START
G1 F600
G1 X293.984 Y452.282 E-10
;WIPE_END
G1 Z371 F15000
G1 X391.908 Y706.016 Z371
G1 Z370
G1 E17 F9000
G1 F2779.614
G1 X380.396 Y706.016 E49.70059
G1 X293.984 Y619.604 E527.57392
G1 X293.984 Y608.092 E49.70059
; stop printing object Cube id:0 copy 0
;LAYER_CHANGE
;Z:371.5
;HEIGHT:1.5
;BEFORE_LAYER_CHANGE
;371.5
G92 E0

EXCLUDE_OBJECT_END NAME=Cube_id_0_copy_0
;AFTER_LAYER_CHANGE
;371.5
;_SET_FAN_SPEED_CHANGING_LAYER
; printing object Cube id:0 copy 0
;WIPE_START
G1 F600
G1 X293.984 Y615.092 E-10
;WIPE_END
EXCLUDE_OBJECT_START NAME=Cube_id_0_copy_0
G1 Z372.5 F15000
G1 X291.538 Y708.462 Z372.5
G1 Z371.5
G1 E17 F9000
;TYPE:Outer wall
;WIDTH:3.2
G1 F2779.615
G1 X291.538 Y291.538 E1799.91857
G1 X708.462 Y291.538 E1799.91857
G1 X708.462 Y708.462 E1799.91857
G1 X291.838 Y708.462 E1798.62343
;WIPE_START
G1 F600
M73 P89 R75
G1 X291.833 Y701.462 E-10
;WIPE_END
G1 Z372.5 F15000
G1 X293.984 Y608.092 Z372.5
G1 Z371.5
G1 E17 F9000
;TYPE:Sparse infill
;WIDTH:3.2
G1 F2779.614
G1 X293.984 Y619.604 E49.70059
G1 X380.396 Y706.016 E527.57392
G1 X391.908 Y706.016 E49.70059
;WIPE_START
G1 F600
G1 X384.908 Y706.016 E-10
;WIPE_END
G1 Z372.5 F15000
G1 X293.984 Y445.282 Z372.5
G1 Z371.5
G1 E17 F9000
G1 F2779.614
G1 X293.984 Y456.794 E49.70059
G1 X543.206 Y706.016 E1521.58569
G1 X554.718 Y706.016 E49.70059
;WIPE_START
G1 F600
G1 X547.718 Y706.016 E-10
;WIPE_END
G1 Z372.5 F15000
G1 X706.016 Y608.092 Z372.5
G1 Z371.5
G1 E17 F9000
G1 F2779.614
G1 X706.016 Y619.604 E49.70059
G1 X619.604 Y706.016 E527.57393
G1 X608.092 Y706.016 E49.70059
;WIPE_START
G1 F600
G1 X615.092 Y706.016 E-10
;WIPE_END
G1 Z372.5 F15000
G1 X706.016 Y445.282 Z372.5
G1 Z371.5
G1 E17 F9000
G1 F2779.614
G1 X706.016 Y456.794 E49.70059
G1 X456.794 Y706.016 E1521.58571
G1 X445.282 Y706.016 E49.70059
;WIPE_START
G1 F600
G1 X452.282 Y706.016 E-10
;WIPE_END
G1 Z372.5 F15000
G1 X445.282 Y293.984 Z372.5
G1 Z371.5
G1 E17 F9000
G1 F2779.614
G1 X456.794 Y293.984 E49.70059
G1 X706.016 Y543.206 E1521.58569
G1 X706.016 Y554.718 E49.70059
;WIPE_START
G1 F600
G1 X706.016 Y547.718 E-10
;WIPE_END
G1 Z372.5 F15000
G1 X694.503 Y293.984 Z372.5
G1 Z371.5
G1 E17 F9000
G1 F2779.614
G1 X706.016 Y293.984 E49.7003
G1 X293.984 Y706.016 E2515.59704
G1 X305.497 Y706.016 E49.70028
M73 P89 R74
;WIPE_START
G1 F600
G1 X298.497 Y706.016 E-10
;WIPE_END
G1 Z372.5 F15000
G1 X305.497 Y293.984 Z372.5
G1 Z371.5
G1 E17 F9000
G1 F2779.614
G1 X293.984 Y293.984 E49.70059
G1 X706.016 Y706.016 E2515.59745
G1 X694.503 Y706.016 E49.70059
;WIPE_START
G1 F600
G1 X701.503 Y706.016 E-10
;WIPE_END
G1 Z372.5 F15000
G1 X608.092 Y293.984 Z372.5
G1 Z371.5
G1 E17 F9000
G1 F2779.614
G1 X619.604 Y293.984 E49.70059
G1 X706.016 Y380.396 E527.57392
G1 X706.016 Y391.908 E49.70059
;WIPE_START
G1 F600
G1 X706.016 Y384.908 E-10
;WIPE_END
G1 Z372.5 F15000
G1 X554.718 Y293.984 Z372.5
G1 Z371.5
G1 E17 F9000
G1 F2779.614
G1 X543.206 Y293.984 E49.70059
G1 X293.984 Y543.206 E1521.58568
G1 X293.984 Y554.718 E49.70059
;WIPE_START
G1 F600
G1 X293.984 Y547.718 E-10
;WIPE_END
G1 Z372.5 F15000
G1 X391.908 Y293.984 Z372.5
G1 Z371.5
G1 E17 F9000
G1 F2779.614
G1 X380.396 Y293.984 E49.70059
G1 X293.984 Y380.396 E527.5739
G1 X293.984 Y391.908 E49.70059
; stop printing object Cube id:0 copy 0
;LAYER_CHANGE
;Z:373
;HEIGHT:1.5
;BEFORE_LAYER_CHANGE
;373
G92 E0

EXCLUDE_OBJECT_END NAME=Cube_id_0_copy_0
;AFTER_LAYER_CHANGE
;373
;_SET_FAN_SPEED_CHANGING_LAYER
; printing object Cube id:0 copy 0
;WIPE_START
G1 F600
G1 X293.984 Y384.908 E-10
;WIPE_END
EXCLUDE_OBJECT_START NAME=Cube_id_0_copy_0
G1 Z374 F15000
G1 X291.538 Y291.538 Z374
G1 Z373
G1 E17 F9000
;TYPE:Outer wall
;WIDTH:3.2
G1 F2779.615
G1 X708.462 Y291.538 E1799.91857
G1 X708.462 Y708.462 E1799.91857
G1 X291.538 Y708.462 E1799.91857
M73 P89 R73
G1 X291.538 Y291.838 E1798.62343
;WIPE_START
G1 F600
G1 X298.538 Y291.833 E-10
;WIPE_END
G1 Z374 F15000
G1 X293.984 Y391.908 Z374
G1 Z373
G1 E17 F9000
;TYPE:Sparse infill
;WIDTH:3.2
G1 F2779.614
G1 X293.984 Y380.396 E49.70059
G1 X380.396 Y293.984 E527.5739
G1 X391.908 Y293.984 E49.70059
;WIPE_START
G1 F600
G1 X384.908 Y293.984 E-10
;WIPE_END
G1 Z374 F15000
G1 X293.984 Y554.718 Z374
G1 Z373
G1 E17 F9000
G1 F2779.614
G1 X293.984 Y543.206 E49.70059
G1 X543.206 Y293.984 E1521.58568
G1 X554.718 Y293.984 E49.70059
;WIPE_START
G1 F600
G1 X547.718 Y293.984 E-10
;WIPE_END
G1 Z374 F15000
G1 X706.016 Y391.908 Z374
G1 Z373
G1 E17 F9000
G1 F2779.614
G1 X706.016 Y380.396 E49.70059
G1 X619.604 Y293.984 E527.57392
G1 X608.092 Y293.984 E49.70059
;WIPE_START
G1 F600
G1 X615.092 Y293.984 E-10
;WIPE_END
G1 Z374 F15000
G1 X706.016 Y554.718 Z374
G1 Z373
G1 E17 F9000
G1 F2779.614
G1 X706.016 Y543.206 E49.70059
G1 X456.794 Y293.984 E1521.58569
G1 X445.282 Y293.984 E49.70059
;WIPE_START
G1 F600
G1 X452.282 Y293.984 E-10
;WIPE_END
G1 Z374 F15000
G1 X445.282 Y706.016 Z374
G1 Z373
G1 E17 F9000
M73 P89 R72
G1 F2779.614
G1 X456.794 Y706.016 E49.70059
G1 X706.016 Y456.794 E1521.58571
G1 X706.016 Y445.282 E49.70059
;WIPE_START
G1 F600
G1 X706.016 Y452.282 E-10
;WIPE_END
G1 Z374 F15000
G1 X694.503 Y706.016 Z374
G1 Z373
G1 E17 F9000
G1 F2779.614
G1 X706.016 Y706.016 E49.70059
G1 X293.984 Y293.984 E2515.59745
G1 X305.497 Y293.984 E49.70059
;WIPE_START
G1 F600
G1 X298.497 Y293.984 E-10
;WIPE_END
G1 Z374 F15000
G1 X305.497 Y706.016 Z374
G1 Z373
G1 E17 F9000
G1 F2779.614
G1 X293.984 Y706.016 E49.70028
G1 X706.016 Y293.984 E2515.59704
G1 X694.503 Y293.984 E49.7003
;WIPE_START
G1 F600
G1 X701.503 Y293.984 E-10
;WIPE_END
G1 Z374 F15000
G1 X608.092 Y706.016 Z374
G1 Z373
G1 E17 F9000
G1 F2779.614
G1 X619.604 Y706.016 E49.70059
G1 X706.016 Y619.604 E527.57393
G1 X706.016 Y608.092 E49.70059
;WIPE_START
G1 F600
G1 X706.016 Y615.092 E-10
;WIPE_END
G1 Z374 F15000
G1 X554.718 Y706.016 Z374
G1 Z373
G1 E17 F9000
G1 F2779.614
G1 X543.206 Y706.016 E49.70059
G1 X293.984 Y456.794 E1521.58569
G1 X293.984 Y445.282 E49.70059
;WIPE_START
G1 F600
G1 X293.984 Y452.282 E-10
;WIPE_END
G1 Z374 F15000
G1 X391.908 Y706.016 Z374
G1 Z373
M73 P89 R71
G1 E17 F9000
G1 F2779.614
G1 X380.396 Y706.016 E49.70059
G1 X293.984 Y619.604 E527.57392
G1 X293.984 Y608.092 E49.70059
; stop printing object Cube id:0 copy 0
;LAYER_CHANGE
;Z:374.5
;HEIGHT:1.5
;BEFORE_LAYER_CHANGE
;374.5
G92 E0

EXCLUDE_OBJECT_END NAME=Cube_id_0_copy_0
;AFTER_LAYER_CHANGE
;374.5
;_SET_FAN_SPEED_CHANGING_LAYER
; printing object Cube id:0 copy 0
;WIPE_START
G1 F600
G1 X293.984 Y615.092 E-10
;WIPE_END
EXCLUDE_OBJECT_START NAME=Cube_id_0_copy_0
G1 Z375.5 F15000
G1 X291.538 Y708.462 Z375.5
G1 Z374.5
G1 E17 F9000
;TYPE:Outer wall
;WIDTH:3.2
G1 F2779.615
G1 X291.538 Y291.538 E1799.91857
G1 X708.462 Y291.538 E1799.91857
G1 X708.462 Y708.462 E1799.91857
G1 X291.838 Y708.462 E1798.62343
;WIPE_START
G1 F600
G1 X291.833 Y701.462 E-10
;WIPE_END
G1 Z375.5 F15000
G1 X293.984 Y608.092 Z375.5
G1 Z374.5
G1 E17 F9000
;TYPE:Sparse infill
;WIDTH:3.2
G1 F2779.614
G1 X293.984 Y619.604 E49.70059
G1 X380.396 Y706.016 E527.57392
G1 X391.908 Y706.016 E49.70059
;WIPE_START
G1 F600
G1 X384.908 Y706.016 E-10
;WIPE_END
G1 Z375.5 F15000
G1 X293.984 Y445.282 Z375.5
G1 Z374.5
G1 E17 F9000
G1 F2779.614
G1 X293.984 Y456.794 E49.70059
G1 X543.206 Y706.016 E1521.58569
G1 X554.718 Y706.016 E49.70059
;WIPE_START
G1 F600
G1 X547.718 Y706.016 E-10
;WIPE_END
G1 Z375.5 F15000
M73 P89 R70
G1 X706.016 Y608.092 Z375.5
G1 Z374.5
G1 E17 F9000
G1 F2779.614
G1 X706.016 Y619.604 E49.70059
G1 X619.604 Y706.016 E527.57393
G1 X608.092 Y706.016 E49.70059
;WIPE_START
G1 F600
G1 X615.092 Y706.016 E-10
;WIPE_END
G1 Z375.5 F15000
G1 X706.016 Y445.282 Z375.5
G1 Z374.5
G1 E17 F9000
G1 F2779.614
G1 X706.016 Y456.794 E49.70059
G1 X456.794 Y706.016 E1521.58571
G1 X445.282 Y706.016 E49.70059
;WIPE_START
G1 F600
G1 X452.282 Y706.016 E-10
;WIPE_END
G1 Z375.5 F15000
G1 X445.282 Y293.984 Z375.5
G1 Z374.5
G1 E17 F9000
G1 F2779.614
G1 X456.794 Y293.984 E49.70059
G1 X706.016 Y543.206 E1521.58569
G1 X706.016 Y554.718 E49.70059
;WIPE_START
G1 F600
G1 X706.016 Y547.718 E-10
;WIPE_END
G1 Z375.5 F15000
G1 X694.503 Y293.984 Z375.5
G1 Z374.5
G1 E17 F9000
G1 F2779.614
G1 X706.016 Y293.984 E49.7003
G1 X293.984 Y706.016 E2515.59704
G1 X305.497 Y706.016 E49.70028
;WIPE_START
G1 F600
G1 X298.497 Y706.016 E-10
;WIPE_END
G1 Z375.5 F15000
G1 X305.497 Y293.984 Z375.5
G1 Z374.5
G1 E17 F9000
G1 F2779.614
G1 X293.984 Y293.984 E49.70059
G1 X706.016 Y706.016 E2515.59745
G1 X694.503 Y706.016 E49.70059
M73 P89 R69
;WIPE_START
G1 F600
G1 X701.503 Y706.016 E-10
;WIPE_END
G1 Z375.5 F15000
G1 X608.092 Y293.984 Z375.5
G1 Z374.5
G1 E17 F9000
G1 F2779.614
G1 X619.604 Y293.984 E49.70059
G1 X706.016 Y380.396 E527.57392
G1 X706.016 Y391.908 E49.70059
M73 P90 R69
;WIPE_START
G1 F600
G1 X706.016 Y384.908 E-10
;WIPE_END
G1 Z375.5 F15000
G1 X554.718 Y293.984 Z375.5
G1 Z374.5
G1 E17 F9000
G1 F2779.614
G1 X543.206 Y293.984 E49.70059
G1 X293.984 Y543.206 E1521.58568
G1 X293.984 Y554.718 E49.70059
;WIPE_START
G1 F600
G1 X293.984 Y547.718 E-10
;WIPE_END
G1 Z375.5 F15000
G1 X391.908 Y293.984 Z375.5
G1 Z374.5
G1 E17 F9000
G1 F2779.614
G1 X380.396 Y293.984 E49.70059
G1 X293.984 Y380.396 E527.5739
G1 X293.984 Y391.908 E49.70059
; stop printing object Cube id:0 copy 0
;LAYER_CHANGE
;Z:376
;HEIGHT:1.5
;BEFORE_LAYER_CHANGE
;376
G92 E0

EXCLUDE_OBJECT_END NAME=Cube_id_0_copy_0
;AFTER_LAYER_CHANGE
;376
;_SET_FAN_SPEED_CHANGING_LAYER
; printing object Cube id:0 copy 0
;WIPE_START
G1 F600
G1 X293.984 Y384.908 E-10
;WIPE_END
EXCLUDE_OBJECT_START NAME=Cube_id_0_copy_0
G1 Z377 F15000
G1 X291.538 Y291.538 Z377
G1 Z376
G1 E17 F9000
;TYPE:Outer wall
;WIDTH:3.2
G1 F2779.615
G1 X708.462 Y291.538 E1799.91857
G1 X708.462 Y708.462 E1799.91857
G1 X291.538 Y708.462 E1799.91857
G1 X291.538 Y291.838 E1798.62343
;WIPE_START
G1 F600
M73 P90 R68
G1 X298.538 Y291.833 E-10
;WIPE_END
G1 Z377 F15000
G1 X293.984 Y391.908 Z377
G1 Z376
G1 E17 F9000
;TYPE:Sparse infill
;WIDTH:3.2
G1 F2779.614
G1 X293.984 Y380.396 E49.70059
G1 X380.396 Y293.984 E527.5739
G1 X391.908 Y293.984 E49.70059
;WIPE_START
G1 F600
G1 X384.908 Y293.984 E-10
;WIPE_END
G1 Z377 F15000
G1 X293.984 Y554.718 Z377
G1 Z376
G1 E17 F9000
G1 F2779.614
G1 X293.984 Y543.206 E49.70059
G1 X543.206 Y293.984 E1521.58568
G1 X554.718 Y293.984 E49.70059
;WIPE_START
G1 F600
G1 X547.718 Y293.984 E-10
;WIPE_END
G1 Z377 F15000
G1 X706.016 Y391.908 Z377
G1 Z376
G1 E17 F9000
G1 F2779.614
G1 X706.016 Y380.396 E49.70059
G1 X619.604 Y293.984 E527.57392
G1 X608.092 Y293.984 E49.70059
;WIPE_START
G1 F600
G1 X615.092 Y293.984 E-10
;WIPE_END
G1 Z377 F15000
G1 X706.016 Y554.718 Z377
G1 Z376
G1 E17 F9000
G1 F2779.614
G1 X706.016 Y543.206 E49.70059
G1 X456.794 Y293.984 E1521.58569
G1 X445.282 Y293.984 E49.70059
;WIPE_START
G1 F600
G1 X452.282 Y293.984 E-10
;WIPE_END
G1 Z377 F15000
G1 X445.282 Y706.016 Z377
G1 Z376
G1 E17 F9000
G1 F2779.614
G1 X456.794 Y706.016 E49.70059
G1 X706.016 Y456.794 E1521.58571
G1 X706.016 Y445.282 E49.70059
;WIPE_START
G1 F600
G1 X706.016 Y452.282 E-10
;WIPE_END
G1 Z377 F15000
G1 X694.503 Y706.016 Z377
G1 Z376
G1 E17 F9000
G1 F2779.614
G1 X706.016 Y706.016 E49.70059
G1 X293.984 Y293.984 E2515.59745
G1 X305.497 Y293.984 E49.70059
M73 P90 R67
;WIPE_START
G1 F600
G1 X298.497 Y293.984 E-10
;WIPE_END
G1 Z377 F15000
G1 X305.497 Y706.016 Z377
G1 Z376
G1 E17 F9000
G1 F2779.614
G1 X293.984 Y706.016 E49.70028
G1 X706.016 Y293.984 E2515.59704
G1 X694.503 Y293.984 E49.7003
;WIPE_START
G1 F600
G1 X701.503 Y293.984 E-10
;WIPE_END
G1 Z377 F15000
G1 X608.092 Y706.016 Z377
G1 Z376
G1 E17 F9000
G1 F2779.614
G1 X619.604 Y706.016 E49.70059
G1 X706.016 Y619.604 E527.57393
G1 X706.016 Y608.092 E49.70059
;WIPE_START
G1 F600
G1 X706.016 Y615.092 E-10
;WIPE_END
G1 Z377 F15000
G1 X554.718 Y706.016 Z377
G1 Z376
G1 E17 F9000
G1 F2779.614
G1 X543.206 Y706.016 E49.70059
G1 X293.984 Y456.794 E1521.58569
G1 X293.984 Y445.282 E49.70059
;WIPE_START
G1 F600
G1 X293.984 Y452.282 E-10
;WIPE_END
G1 Z377 F15000
G1 X391.908 Y706.016 Z377
G1 Z376
G1 E17 F9000
G1 F2779.614
G1 X380.396 Y706.016 E49.70059
G1 X293.984 Y619.604 E527.57392
G1 X293.984 Y608.092 E49.70059
; stop printing object Cube id:0 copy 0
;LAYER_CHANGE
;Z:377.5
;HEIGHT:1.5
;BEFORE_LAYER_CHANGE
;377.5
G92 E0

EXCLUDE_OBJECT_END NAME=Cube_id_0_copy_0
;AFTER_LAYER_CHANGE
;377.5
;_SET_FAN_SPEED_CHANGING_LAYER
; printing object Cube id:0 copy 0
;WIPE_START
G1 F600
G1 X293.984 Y615.092 E-10
;WIPE_END
EXCLUDE_OBJECT_START NAME=Cube_id_0_copy_0
G1 Z378.5 F15000
G1 X291.538 Y708.462 Z378.5
G1 Z377.5
G1 E17 F9000
;TYPE:Outer wall
;WIDTH:3.2
G1 F2779.615
G1 X291.538 Y291.538 E1799.91857
G1 X708.462 Y291.538 E1799.91857
G1 X708.462 Y708.462 E1799.91857
M73 P90 R66
G1 X291.838 Y708.462 E1798.62343
;WIPE_START
G1 F600
G1 X291.833 Y701.462 E-10
;WIPE_END
G1 Z378.5 F15000
G1 X293.984 Y608.092 Z378.5
G1 Z377.5
G1 E17 F9000
;TYPE:Sparse infill
;WIDTH:3.2
G1 F2779.614
G1 X293.984 Y619.604 E49.70059
G1 X380.396 Y706.016 E527.57392
G1 X391.908 Y706.016 E49.70059
;WIPE_START
G1 F600
G1 X384.908 Y706.016 E-10
;WIPE_END
G1 Z378.5 F15000
G1 X293.984 Y445.282 Z378.5
G1 Z377.5
G1 E17 F9000
G1 F2779.614
G1 X293.984 Y456.794 E49.70059
G1 X543.206 Y706.016 E1521.58569
G1 X554.718 Y706.016 E49.70059
;WIPE_START
G1 F600
G1 X547.718 Y706.016 E-10
;WIPE_END
G1 Z378.5 F15000
G1 X706.016 Y608.092 Z378.5
G1 Z377.5
G1 E17 F9000
G1 F2779.614
G1 X706.016 Y619.604 E49.70059
G1 X619.604 Y706.016 E527.57393
G1 X608.092 Y706.016 E49.70059
;WIPE_START
G1 F600
G1 X615.092 Y706.016 E-10
;WIPE_END
G1 Z378.5 F15000
G1 X706.016 Y445.282 Z378.5
G1 Z377.5
G1 E17 F9000
G1 F2779.614
G1 X706.016 Y456.794 E49.70059
G1 X456.794 Y706.016 E1521.58571
G1 X445.282 Y706.016 E49.70059
;WIPE_START
G1 F600
G1 X452.282 Y706.016 E-10
;WIPE_END
G1 Z378.5 F15000
G1 X445.282 Y293.984 Z378.5
G1 Z377.5
G1 E17 F9000
G1 F2779.614
G1 X456.794 Y293.984 E49.70059
G1 X706.016 Y543.206 E1521.58569
G1 X706.016 Y554.718 E49.70059
M73 P90 R65
;WIPE_START
G1 F600
G1 X706.016 Y547.718 E-10
;WIPE_END
G1 Z378.5 F15000
G1 X694.503 Y293.984 Z378.5
G1 Z377.5
G1 E17 F9000
G1 F2779.614
G1 X706.016 Y293.984 E49.7003
G1 X293.984 Y706.016 E2515.59704
G1 X305.497 Y706.016 E49.70028
;WIPE_START
G1 F600
G1 X298.497 Y706.016 E-10
;WIPE_END
G1 Z378.5 F15000
G1 X305.497 Y293.984 Z378.5
G1 Z377.5
G1 E17 F9000
G1 F2779.614
G1 X293.984 Y293.984 E49.70059
G1 X706.016 Y706.016 E2515.59745
G1 X694.503 Y706.016 E49.70059
;WIPE_START
G1 F600
G1 X701.503 Y706.016 E-10
;WIPE_END
G1 Z378.5 F15000
G1 X608.092 Y293.984 Z378.5
G1 Z377.5
G1 E17 F9000
G1 F2779.614
G1 X619.604 Y293.984 E49.70059
G1 X706.016 Y380.396 E527.57392
G1 X706.016 Y391.908 E49.70059
;WIPE_START
G1 F600
G1 X706.016 Y384.908 E-10
;WIPE_END
G1 Z378.5 F15000
G1 X554.718 Y293.984 Z378.5
G1 Z377.5
G1 E17 F9000
G1 F2779.614
G1 X543.206 Y293.984 E49.70059
G1 X293.984 Y543.206 E1521.58568
G1 X293.984 Y554.718 E49.70059
;WIPE_START
G1 F600
G1 X293.984 Y547.718 E-10
;WIPE_END
G1 Z378.5 F15000
G1 X391.908 Y293.984 Z378.5
G1 Z377.5
G1 E17 F9000
G1 F2779.614
G1 X380.396 Y293.984 E49.70059
G1 X293.984 Y380.396 E527.5739
G1 X293.984 Y391.908 E49.70059
M73 P90 R64
; stop printing object Cube id:0 copy 0
;LAYER_CHANGE
;Z:379
;HEIGHT:1.5
;BEFORE_LAYER_CHANGE
;379
G92 E0

EXCLUDE_OBJECT_END NAME=Cube_id_0_copy_0
;AFTER_LAYER_CHANGE
;379
;_SET_FAN_SPEED_CHANGING_LAYER
; printing object Cube id:0 copy 0
;WIPE_START
G1 F600
G1 X293.984 Y384.908 E-10
;WIPE_END
EXCLUDE_OBJECT_START NAME=Cube_id_0_copy_0
G1 Z380 F15000
G1 X291.538 Y291.538 Z380
G1 Z379
G1 E17 F9000
;TYPE:Outer wall
;WIDTH:3.2
G1 F2779.615
G1 X708.462 Y291.538 E1799.91857
G1 X708.462 Y708.462 E1799.91857
G1 X291.538 Y708.462 E1799.91857
G1 X291.538 Y291.838 E1798.62343
;WIPE_START
G1 F600
G1 X298.538 Y291.833 E-10
;WIPE_END
G1 Z380 F15000
G1 X293.984 Y391.908 Z380
G1 Z379
G1 E17 F9000
;TYPE:Sparse infill
;WIDTH:3.2
G1 F2779.614
G1 X293.984 Y380.396 E49.70059
G1 X380.396 Y293.984 E527.5739
G1 X391.908 Y293.984 E49.70059
;WIPE_START
G1 F600
G1 X384.908 Y293.984 E-10
;WIPE_END
G1 Z380 F15000
G1 X293.984 Y554.718 Z380
G1 Z379
G1 E17 F9000
G1 F2779.614
G1 X293.984 Y543.206 E49.70059
G1 X543.206 Y293.984 E1521.58568
G1 X554.718 Y293.984 E49.70059
;WIPE_START
G1 F600
G1 X547.718 Y293.984 E-10
;WIPE_END
G1 Z380 F15000
G1 X706.016 Y391.908 Z380
G1 Z379
G1 E17 F9000
G1 F2779.614
G1 X706.016 Y380.396 E49.70059
G1 X619.604 Y293.984 E527.57392
G1 X608.092 Y293.984 E49.70059
M73 P90 R63
;WIPE_START
G1 F600
G1 X615.092 Y293.984 E-10
;WIPE_END
G1 Z380 F15000
G1 X706.016 Y554.718 Z380
G1 Z379
G1 E17 F9000
G1 F2779.614
G1 X706.016 Y543.206 E49.70059
G1 X456.794 Y293.984 E1521.58569
G1 X445.282 Y293.984 E49.70059
;WIPE_START
G1 F600
G1 X452.282 Y293.984 E-10
;WIPE_END
G1 Z380 F15000
G1 X445.282 Y706.016 Z380
G1 Z379
G1 E17 F9000
G1 F2779.614
G1 X456.794 Y706.016 E49.70059
G1 X706.016 Y456.794 E1521.58571
G1 X706.016 Y445.282 E49.70059
;WIPE_START
G1 F600
G1 X706.016 Y452.282 E-10
;WIPE_END
G1 Z380 F15000
G1 X694.503 Y706.016 Z380
G1 Z379
G1 E17 F9000
G1 F2779.614
G1 X706.016 Y706.016 E49.70059
G1 X293.984 Y293.984 E2515.59745
G1 X305.497 Y293.984 E49.70059
;WIPE_START
G1 F600
G1 X298.497 Y293.984 E-10
;WIPE_END
G1 Z380 F15000
G1 X305.497 Y706.016 Z380
G1 Z379
G1 E17 F9000
G1 F2779.614
G1 X293.984 Y706.016 E49.70028
G1 X706.016 Y293.984 E2515.59704
G1 X694.503 Y293.984 E49.7003
;WIPE_START
G1 F600
G1 X701.503 Y293.984 E-10
;WIPE_END
G1 Z380 F15000
G1 X608.092 Y706.016 Z380
G1 Z379
M73 P90 R62
G1 E17 F9000
G1 F2779.614
G1 X619.604 Y706.016 E49.70059
G1 X706.016 Y619.604 E527.57393
G1 X706.016 Y608.092 E49.70059
;WIPE_START
G1 F600
M73 P91 R62
G1 X706.016 Y615.092 E-10
;WIPE_END
G1 Z380 F15000
G1 X554.718 Y706.016 Z380
G1 Z379
G1 E17 F9000
G1 F2779.614
G1 X543.206 Y706.016 E49.70059
G1 X293.984 Y456.794 E1521.58569
G1 X293.984 Y445.282 E49.70059
;WIPE_START
G1 F600
G1 X293.984 Y452.282 E-10
;WIPE_END
G1 Z380 F15000
G1 X391.908 Y706.016 Z380
G1 Z379
G1 E17 F9000
G1 F2779.614
G1 X380.396 Y706.016 E49.70059
G1 X293.984 Y619.604 E527.57392
G1 X293.984 Y608.092 E49.70059
; stop printing object Cube id:0 copy 0
;LAYER_CHANGE
;Z:380.5
;HEIGHT:1.5
;BEFORE_LAYER_CHANGE
;380.5
G92 E0

EXCLUDE_OBJECT_END NAME=Cube_id_0_copy_0
;AFTER_LAYER_CHANGE
;380.5
;_SET_FAN_SPEED_CHANGING_LAYER
; printing object Cube id:0 copy 0
;WIPE_START
G1 F600
G1 X293.984 Y615.092 E-10
;WIPE_END
EXCLUDE_OBJECT_START NAME=Cube_id_0_copy_0
G1 Z381.5 F15000
G1 X291.538 Y708.462 Z381.5
G1 Z380.5
G1 E17 F9000
;TYPE:Outer wall
;WIDTH:3.2
G1 F2779.615
G1 X291.538 Y291.538 E1799.91857
G1 X708.462 Y291.538 E1799.91857
G1 X708.462 Y708.462 E1799.91857
G1 X291.838 Y708.462 E1798.62343
;WIPE_START
G1 F600
M73 P91 R61
G1 X291.833 Y701.462 E-10
;WIPE_END
G1 Z381.5 F15000
G1 X293.984 Y608.092 Z381.5
G1 Z380.5
G1 E17 F9000
;TYPE:Sparse infill
;WIDTH:3.2
G1 F2779.614
G1 X293.984 Y619.604 E49.70059
G1 X380.396 Y706.016 E527.57392
G1 X391.908 Y706.016 E49.70059
;WIPE_START
G1 F600
G1 X384.908 Y706.016 E-10
;WIPE_END
G1 Z381.5 F15000
G1 X293.984 Y445.282 Z381.5
G1 Z380.5
G1 E17 F9000
G1 F2779.614
G1 X293.984 Y456.794 E49.70059
G1 X543.206 Y706.016 E1521.58569
G1 X554.718 Y706.016 E49.70059
;WIPE_START
G1 F600
G1 X547.718 Y706.016 E-10
;WIPE_END
G1 Z381.5 F15000
G1 X706.016 Y608.092 Z381.5
G1 Z380.5
G1 E17 F9000
G1 F2779.614
G1 X706.016 Y619.604 E49.70059
G1 X619.604 Y706.016 E527.57393
G1 X608.092 Y706.016 E49.70059
;WIPE_START
G1 F600
G1 X615.092 Y706.016 E-10
;WIPE_END
G1 Z381.5 F15000
G1 X706.016 Y445.282 Z381.5
G1 Z380.5
G1 E17 F9000
G1 F2779.614
G1 X706.016 Y456.794 E49.70059
G1 X456.794 Y706.016 E1521.58571
G1 X445.282 Y706.016 E49.70059
;WIPE_START
G1 F600
G1 X452.282 Y706.016 E-10
;WIPE_END
G1 Z381.5 F15000
G1 X445.282 Y293.984 Z381.5
G1 Z380.5
G1 E17 F9000
G1 F2779.614
G1 X456.794 Y293.984 E49.70059
G1 X706.016 Y543.206 E1521.58569
G1 X706.016 Y554.718 E49.70059
;WIPE_START
G1 F600
G1 X706.016 Y547.718 E-10
;WIPE_END
G1 Z381.5 F15000
G1 X694.503 Y293.984 Z381.5
G1 Z380.5
G1 E17 F9000
G1 F2779.614
G1 X706.016 Y293.984 E49.7003
G1 X293.984 Y706.016 E2515.59704
G1 X305.497 Y706.016 E49.70028
M73 P91 R60
;WIPE_START
G1 F600
G1 X298.497 Y706.016 E-10
;WIPE_END
G1 Z381.5 F15000
G1 X305.497 Y293.984 Z381.5
G1 Z380.5
G1 E17 F9000
G1 F2779.614
G1 X293.984 Y293.984 E49.70059
G1 X706.016 Y706.016 E2515.59745
G1 X694.503 Y706.016 E49.70059
;WIPE_START
G1 F600
G1 X701.503 Y706.016 E-10
;WIPE_END
G1 Z381.5 F15000
G1 X608.092 Y293.984 Z381.5
G1 Z380.5
G1 E17 F9000
G1 F2779.614
G1 X619.604 Y293.984 E49.70059
G1 X706.016 Y380.396 E527.57392
G1 X706.016 Y391.908 E49.70059
;WIPE_START
G1 F600
G1 X706.016 Y384.908 E-10
;WIPE_END
G1 Z381.5 F15000
G1 X554.718 Y293.984 Z381.5
G1 Z380.5
G1 E17 F9000
G1 F2779.614
G1 X543.206 Y293.984 E49.70059
G1 X293.984 Y543.206 E1521.58568
G1 X293.984 Y554.718 E49.70059
;WIPE_START
G1 F600
G1 X293.984 Y547.718 E-10
;WIPE_END
G1 Z381.5 F15000
G1 X391.908 Y293.984 Z381.5
G1 Z380.5
G1 E17 F9000
G1 F2779.614
G1 X380.396 Y293.984 E49.70059
G1 X293.984 Y380.396 E527.5739
G1 X293.984 Y391.908 E49.70059
; stop printing object Cube id:0 copy 0
;LAYER_CHANGE
;Z:382
;HEIGHT:1.5
;BEFORE_LAYER_CHANGE
;382
G92 E0

EXCLUDE_OBJECT_END NAME=Cube_id_0_copy_0
;AFTER_LAYER_CHANGE
;382
;_SET_FAN_SPEED_CHANGING_LAYER
; printing object Cube id:0 copy 0
;WIPE_START
G1 F600
G1 X293.984 Y384.908 E-10
;WIPE_END
EXCLUDE_OBJECT_START NAME=Cube_id_0_copy_0
G1 Z383 F15000
G1 X291.538 Y291.538 Z383
G1 Z382
G1 E17 F9000
;TYPE:Outer wall
;WIDTH:3.2
G1 F2779.615
G1 X708.462 Y291.538 E1799.91857
G1 X708.462 Y708.462 E1799.91857
G1 X291.538 Y708.462 E1799.91857
M73 P91 R59
G1 X291.538 Y291.838 E1798.62343
;WIPE_START
G1 F600
G1 X298.538 Y291.833 E-10
;WIPE_END
G1 Z383 F15000
G1 X293.984 Y391.908 Z383
G1 Z382
G1 E17 F9000
;TYPE:Sparse infill
;WIDTH:3.2
G1 F2779.614
G1 X293.984 Y380.396 E49.70059
G1 X380.396 Y293.984 E527.5739
G1 X391.908 Y293.984 E49.70059
;WIPE_START
G1 F600
G1 X384.908 Y293.984 E-10
;WIPE_END
G1 Z383 F15000
G1 X293.984 Y554.718 Z383
G1 Z382
G1 E17 F9000
G1 F2779.614
G1 X293.984 Y543.206 E49.70059
G1 X543.206 Y293.984 E1521.58568
G1 X554.718 Y293.984 E49.70059
;WIPE_START
G1 F600
G1 X547.718 Y293.984 E-10
;WIPE_END
G1 Z383 F15000
G1 X706.016 Y391.908 Z383
G1 Z382
G1 E17 F9000
G1 F2779.614
G1 X706.016 Y380.396 E49.70059
G1 X619.604 Y293.984 E527.57392
G1 X608.092 Y293.984 E49.70059
;WIPE_START
G1 F600
G1 X615.092 Y293.984 E-10
;WIPE_END
G1 Z383 F15000
G1 X706.016 Y554.718 Z383
G1 Z382
G1 E17 F9000
G1 F2779.614
G1 X706.016 Y543.206 E49.70059
G1 X456.794 Y293.984 E1521.58569
G1 X445.282 Y293.984 E49.70059
;WIPE_START
G1 F600
G1 X452.282 Y293.984 E-10
;WIPE_END
G1 Z383 F15000
G1 X445.282 Y706.016 Z383
G1 Z382
G1 E17 F9000
G1 F2779.614
G1 X456.794 Y706.016 E49.70059
G1 X706.016 Y456.794 E1521.58571
G1 X706.016 Y445.282 E49.70059
M73 P91 R58
;WIPE_START
G1 F600
G1 X706.016 Y452.282 E-10
;WIPE_END
G1 Z383 F15000
G1 X694.503 Y706.016 Z383
G1 Z382
G1 E17 F9000
G1 F2779.614
G1 X706.016 Y706.016 E49.70059
G1 X293.984 Y293.984 E2515.59745
G1 X305.497 Y293.984 E49.70059
;WIPE_START
G1 F600
G1 X298.497 Y293.984 E-10
;WIPE_END
G1 Z383 F15000
G1 X305.497 Y706.016 Z383
G1 Z382
G1 E17 F9000
G1 F2779.614
G1 X293.984 Y706.016 E49.70028
G1 X706.016 Y293.984 E2515.59704
G1 X694.503 Y293.984 E49.7003
;WIPE_START
G1 F600
G1 X701.503 Y293.984 E-10
;WIPE_END
G1 Z383 F15000
G1 X608.092 Y706.016 Z383
G1 Z382
G1 E17 F9000
G1 F2779.614
G1 X619.604 Y706.016 E49.70059
G1 X706.016 Y619.604 E527.57393
G1 X706.016 Y608.092 E49.70059
;WIPE_START
G1 F600
G1 X706.016 Y615.092 E-10
;WIPE_END
G1 Z383 F15000
G1 X554.718 Y706.016 Z383
G1 Z382
G1 E17 F9000
G1 F2779.614
G1 X543.206 Y706.016 E49.70059
G1 X293.984 Y456.794 E1521.58569
G1 X293.984 Y445.282 E49.70059
;WIPE_START
G1 F600
G1 X293.984 Y452.282 E-10
;WIPE_END
G1 Z383 F15000
G1 X391.908 Y706.016 Z383
G1 Z382
G1 E17 F9000
G1 F2779.614
G1 X380.396 Y706.016 E49.70059
G1 X293.984 Y619.604 E527.57392
G1 X293.984 Y608.092 E49.70059
; stop printing object Cube id:0 copy 0
;LAYER_CHANGE
;Z:383.5
;HEIGHT:1.5
;BEFORE_LAYER_CHANGE
;383.5
G92 E0

EXCLUDE_OBJECT_END NAME=Cube_id_0_copy_0
;AFTER_LAYER_CHANGE
;383.5
;_SET_FAN_SPEED_CHANGING_LAYER
; printing object Cube id:0 copy 0
;WIPE_START
G1 F600
G1 X293.984 Y615.092 E-10
;WIPE_END
EXCLUDE_OBJECT_START NAME=Cube_id_0_copy_0
G1 Z384.5 F15000
M73 P91 R57
G1 X291.538 Y708.462 Z384.5
G1 Z383.5
G1 E17 F9000
;TYPE:Outer wall
;WIDTH:3.2
G1 F2779.615
G1 X291.538 Y291.538 E1799.91857
G1 X708.462 Y291.538 E1799.91857
G1 X708.462 Y708.462 E1799.91857
G1 X291.838 Y708.462 E1798.62343
;WIPE_START
G1 F600
G1 X291.833 Y701.462 E-10
;WIPE_END
G1 Z384.5 F15000
G1 X293.984 Y608.092 Z384.5
G1 Z383.5
G1 E17 F9000
;TYPE:Sparse infill
;WIDTH:3.2
G1 F2779.614
G1 X293.984 Y619.604 E49.70059
G1 X380.396 Y706.016 E527.57392
G1 X391.908 Y706.016 E49.70059
;WIPE_START
G1 F600
G1 X384.908 Y706.016 E-10
;WIPE_END
G1 Z384.5 F15000
G1 X293.984 Y445.282 Z384.5
G1 Z383.5
G1 E17 F9000
G1 F2779.614
G1 X293.984 Y456.794 E49.70059
G1 X543.206 Y706.016 E1521.58569
G1 X554.718 Y706.016 E49.70059
;WIPE_START
G1 F600
G1 X547.718 Y706.016 E-10
;WIPE_END
G1 Z384.5 F15000
G1 X706.016 Y608.092 Z384.5
G1 Z383.5
G1 E17 F9000
G1 F2779.614
G1 X706.016 Y619.604 E49.70059
G1 X619.604 Y706.016 E527.57393
G1 X608.092 Y706.016 E49.70059
M73 P91 R56
;WIPE_START
G1 F600
G1 X615.092 Y706.016 E-10
;WIPE_END
G1 Z384.5 F15000
G1 X706.016 Y445.282 Z384.5
G1 Z383.5
G1 E17 F9000
G1 F2779.614
G1 X706.016 Y456.794 E49.70059
G1 X456.794 Y706.016 E1521.58571
G1 X445.282 Y706.016 E49.70059
;WIPE_START
G1 F600
G1 X452.282 Y706.016 E-10
;WIPE_END
G1 Z384.5 F15000
G1 X445.282 Y293.984 Z384.5
G1 Z383.5
G1 E17 F9000
G1 F2779.614
G1 X456.794 Y293.984 E49.70059
G1 X706.016 Y543.206 E1521.58569
G1 X706.016 Y554.718 E49.70059
;WIPE_START
G1 F600
G1 X706.016 Y547.718 E-10
;WIPE_END
G1 Z384.5 F15000
G1 X694.503 Y293.984 Z384.5
G1 Z383.5
G1 E17 F9000
G1 F2779.614
G1 X706.016 Y293.984 E49.7003
G1 X293.984 Y706.016 E2515.59704
G1 X305.497 Y706.016 E49.70028
;WIPE_START
G1 F600
G1 X298.497 Y706.016 E-10
;WIPE_END
G1 Z384.5 F15000
G1 X305.497 Y293.984 Z384.5
G1 Z383.5
G1 E17 F9000
G1 F2779.614
G1 X293.984 Y293.984 E49.70059
G1 X706.016 Y706.016 E2515.59745
G1 X694.503 Y706.016 E49.70059
;WIPE_START
G1 F600
G1 X701.503 Y706.016 E-10
;WIPE_END
G1 Z384.5 F15000
G1 X608.092 Y293.984 Z384.5
G1 Z383.5
G1 E17 F9000
G1 F2779.614
G1 X619.604 Y293.984 E49.70059
G1 X706.016 Y380.396 E527.57392
G1 X706.016 Y391.908 E49.70059
M73 P91 R55
;WIPE_START
G1 F600
G1 X706.016 Y384.908 E-10
;WIPE_END
G1 Z384.5 F15000
G1 X554.718 Y293.984 Z384.5
G1 Z383.5
M73 P92 R55
G1 E17 F9000
G1 F2779.614
G1 X543.206 Y293.984 E49.70059
G1 X293.984 Y543.206 E1521.58568
G1 X293.984 Y554.718 E49.70059
;WIPE_START
G1 F600
G1 X293.984 Y547.718 E-10
;WIPE_END
G1 Z384.5 F15000
G1 X391.908 Y293.984 Z384.5
G1 Z383.5
G1 E17 F9000
G1 F2779.614
G1 X380.396 Y293.984 E49.70059
G1 X293.984 Y380.396 E527.5739
G1 X293.984 Y391.908 E49.70059
; stop printing object Cube id:0 copy 0
;LAYER_CHANGE
;Z:385
;HEIGHT:1.5
;BEFORE_LAYER_CHANGE
;385
G92 E0

EXCLUDE_OBJECT_END NAME=Cube_id_0_copy_0
;AFTER_LAYER_CHANGE
;385
;_SET_FAN_SPEED_CHANGING_LAYER
; printing object Cube id:0 copy 0
;WIPE_START
G1 F600
G1 X293.984 Y384.908 E-10
;WIPE_END
EXCLUDE_OBJECT_START NAME=Cube_id_0_copy_0
G1 Z386 F15000
G1 X291.538 Y291.538 Z386
G1 Z385
G1 E17 F9000
;TYPE:Outer wall
;WIDTH:3.2
G1 F2779.615
G1 X708.462 Y291.538 E1799.91857
G1 X708.462 Y708.462 E1799.91857
G1 X291.538 Y708.462 E1799.91857
G1 X291.538 Y291.838 E1798.62343
;WIPE_START
G1 F600
G1 X298.538 Y291.833 E-10
;WIPE_END
G1 Z386 F15000
G1 X293.984 Y391.908 Z386
G1 Z385
G1 E17 F9000
;TYPE:Sparse infill
;WIDTH:3.2
G1 F2779.614
G1 X293.984 Y380.396 E49.70059
G1 X380.396 Y293.984 E527.5739
G1 X391.908 Y293.984 E49.70059
M73 P92 R54
;WIPE_START
G1 F600
G1 X384.908 Y293.984 E-10
;WIPE_END
G1 Z386 F15000
G1 X293.984 Y554.718 Z386
G1 Z385
G1 E17 F9000
G1 F2779.614
G1 X293.984 Y543.206 E49.70059
G1 X543.206 Y293.984 E1521.58568
G1 X554.718 Y293.984 E49.70059
;WIPE_START
G1 F600
G1 X547.718 Y293.984 E-10
;WIPE_END
G1 Z386 F15000
G1 X706.016 Y391.908 Z386
G1 Z385
G1 E17 F9000
G1 F2779.614
G1 X706.016 Y380.396 E49.70059
G1 X619.604 Y293.984 E527.57392
G1 X608.092 Y293.984 E49.70059
;WIPE_START
G1 F600
G1 X615.092 Y293.984 E-10
;WIPE_END
G1 Z386 F15000
G1 X706.016 Y554.718 Z386
G1 Z385
G1 E17 F9000
G1 F2779.614
G1 X706.016 Y543.206 E49.70059
G1 X456.794 Y293.984 E1521.58569
G1 X445.282 Y293.984 E49.70059
;WIPE_START
G1 F600
G1 X452.282 Y293.984 E-10
;WIPE_END
G1 Z386 F15000
G1 X445.282 Y706.016 Z386
G1 Z385
G1 E17 F9000
G1 F2779.614
G1 X456.794 Y706.016 E49.70059
G1 X706.016 Y456.794 E1521.58571
G1 X706.016 Y445.282 E49.70059
;WIPE_START
G1 F600
G1 X706.016 Y452.282 E-10
;WIPE_END
G1 Z386 F15000
G1 X694.503 Y706.016 Z386
G1 Z385
G1 E17 F9000
G1 F2779.614
G1 X706.016 Y706.016 E49.70059
G1 X293.984 Y293.984 E2515.59745
G1 X305.497 Y293.984 E49.70059
;WIPE_START
G1 F600
G1 X298.497 Y293.984 E-10
;WIPE_END
G1 Z386 F15000
G1 X305.497 Y706.016 Z386
G1 Z385
M73 P92 R53
G1 E17 F9000
G1 F2779.614
G1 X293.984 Y706.016 E49.70028
G1 X706.016 Y293.984 E2515.59704
G1 X694.503 Y293.984 E49.7003
;WIPE_START
G1 F600
G1 X701.503 Y293.984 E-10
;WIPE_END
G1 Z386 F15000
G1 X608.092 Y706.016 Z386
G1 Z385
G1 E17 F9000
G1 F2779.614
G1 X619.604 Y706.016 E49.70059
G1 X706.016 Y619.604 E527.57393
G1 X706.016 Y608.092 E49.70059
;WIPE_START
G1 F600
G1 X706.016 Y615.092 E-10
;WIPE_END
G1 Z386 F15000
G1 X554.718 Y706.016 Z386
G1 Z385
G1 E17 F9000
G1 F2779.614
G1 X543.206 Y706.016 E49.70059
G1 X293.984 Y456.794 E1521.58569
G1 X293.984 Y445.282 E49.70059
;WIPE_START
G1 F600
G1 X293.984 Y452.282 E-10
;WIPE_END
G1 Z386 F15000
G1 X391.908 Y706.016 Z386
G1 Z385
G1 E17 F9000
G1 F2779.614
G1 X380.396 Y706.016 E49.70059
G1 X293.984 Y619.604 E527.57392
G1 X293.984 Y608.092 E49.70059
; stop printing object Cube id:0 copy 0
;LAYER_CHANGE
;Z:386.5
;HEIGHT:1.5
;BEFORE_LAYER_CHANGE
;386.5
G92 E0

EXCLUDE_OBJECT_END NAME=Cube_id_0_copy_0
;AFTER_LAYER_CHANGE
;386.5
;_SET_FAN_SPEED_CHANGING_LAYER
; printing object Cube id:0 copy 0
;WIPE_START
G1 F600
G1 X293.984 Y615.092 E-10
;WIPE_END
EXCLUDE_OBJECT_START NAME=Cube_id_0_copy_0
G1 Z387.5 F15000
G1 X291.538 Y708.462 Z387.5
G1 Z386.5
G1 E17 F9000
;TYPE:Outer wall
;WIDTH:3.2
G1 F2779.615
G1 X291.538 Y291.538 E1799.91857
G1 X708.462 Y291.538 E1799.91857
G1 X708.462 Y708.462 E1799.91857
G1 X291.838 Y708.462 E1798.62343
M73 P92 R52
;WIPE_START
G1 F600
G1 X291.833 Y701.462 E-10
;WIPE_END
G1 Z387.5 F15000
G1 X293.984 Y608.092 Z387.5
G1 Z386.5
G1 E17 F9000
;TYPE:Sparse infill
;WIDTH:3.2
G1 F2779.614
G1 X293.984 Y619.604 E49.70059
G1 X380.396 Y706.016 E527.57392
G1 X391.908 Y706.016 E49.70059
;WIPE_START
G1 F600
G1 X384.908 Y706.016 E-10
;WIPE_END
G1 Z387.5 F15000
G1 X293.984 Y445.282 Z387.5
G1 Z386.5
G1 E17 F9000
G1 F2779.614
G1 X293.984 Y456.794 E49.70059
G1 X543.206 Y706.016 E1521.58569
G1 X554.718 Y706.016 E49.70059
;WIPE_START
G1 F600
G1 X547.718 Y706.016 E-10
;WIPE_END
G1 Z387.5 F15000
G1 X706.016 Y608.092 Z387.5
G1 Z386.5
G1 E17 F9000
G1 F2779.614
G1 X706.016 Y619.604 E49.70059
G1 X619.604 Y706.016 E527.57393
G1 X608.092 Y706.016 E49.70059
;WIPE_START
G1 F600
G1 X615.092 Y706.016 E-10
;WIPE_END
G1 Z387.5 F15000
G1 X706.016 Y445.282 Z387.5
G1 Z386.5
G1 E17 F9000
G1 F2779.614
G1 X706.016 Y456.794 E49.70059
G1 X456.794 Y706.016 E1521.58571
G1 X445.282 Y706.016 E49.70059
;WIPE_START
G1 F600
G1 X452.282 Y706.016 E-10
;WIPE_END
G1 Z387.5 F15000
G1 X445.282 Y293.984 Z387.5
G1 Z386.5
G1 E17 F9000
G1 F2779.614
G1 X456.794 Y293.984 E49.70059
G1 X706.016 Y543.206 E1521.58569
G1 X706.016 Y554.718 E49.70059
M73 P92 R51
;WIPE_START
G1 F600
G1 X706.016 Y547.718 E-10
;WIPE_END
G1 Z387.5 F15000
G1 X694.503 Y293.984 Z387.5
G1 Z386.5
G1 E17 F9000
G1 F2779.614
G1 X706.016 Y293.984 E49.7003
G1 X293.984 Y706.016 E2515.59704
G1 X305.497 Y706.016 E49.70028
;WIPE_START
G1 F600
G1 X298.497 Y706.016 E-10
;WIPE_END
G1 Z387.5 F15000
G1 X305.497 Y293.984 Z387.5
G1 Z386.5
G1 E17 F9000
G1 F2779.614
G1 X293.984 Y293.984 E49.70059
G1 X706.016 Y706.016 E2515.59745
G1 X694.503 Y706.016 E49.70059
;WIPE_START
G1 F600
G1 X701.503 Y706.016 E-10
;WIPE_END
G1 Z387.5 F15000
G1 X608.092 Y293.984 Z387.5
G1 Z386.5
G1 E17 F9000
G1 F2779.614
G1 X619.604 Y293.984 E49.70059
G1 X706.016 Y380.396 E527.57392
G1 X706.016 Y391.908 E49.70059
;WIPE_START
G1 F600
G1 X706.016 Y384.908 E-10
;WIPE_END
G1 Z387.5 F15000
G1 X554.718 Y293.984 Z387.5
G1 Z386.5
G1 E17 F9000
G1 F2779.614
G1 X543.206 Y293.984 E49.70059
G1 X293.984 Y543.206 E1521.58568
G1 X293.984 Y554.718 E49.70059
;WIPE_START
G1 F600
G1 X293.984 Y547.718 E-10
;WIPE_END
G1 Z387.5 F15000
G1 X391.908 Y293.984 Z387.5
G1 Z386.5
G1 E17 F9000
G1 F2779.614
G1 X380.396 Y293.984 E49.70059
G1 X293.984 Y380.396 E527.5739
G1 X293.984 Y391.908 E49.70059
; stop printing object Cube id:0 copy 0
;LAYER_CHANGE
;Z:388
;HEIGHT:1.5
;BEFORE_LAYER_CHANGE
;388
G92 E0

EXCLUDE_OBJECT_END NAME=Cube_id_0_copy_0
;AFTER_LAYER_CHANGE
;388
;_SET_FAN_SPEED_CHANGING_LAYER
; printing object Cube id:0 copy 0
;WIPE_START
G1 F600
G1 X293.984 Y384.908 E-10
;WIPE_END
EXCLUDE_OBJECT_START NAME=Cube_id_0_copy_0
G1 Z389 F15000
G1 X291.538 Y291.538 Z389
G1 Z388
G1 E17 F9000
;TYPE:Outer wall
;WIDTH:3.2
G1 F2779.615
G1 X708.462 Y291.538 E1799.91857
G1 X708.462 Y708.462 E1799.91857
M73 P92 R50
G1 X291.538 Y708.462 E1799.91857
G1 X291.538 Y291.838 E1798.62343
;WIPE_START
G1 F600
G1 X298.538 Y291.833 E-10
;WIPE_END
G1 Z389 F15000
G1 X293.984 Y391.908 Z389
G1 Z388
G1 E17 F9000
;TYPE:Sparse infill
;WIDTH:3.2
G1 F2779.614
G1 X293.984 Y380.396 E49.70059
G1 X380.396 Y293.984 E527.5739
G1 X391.908 Y293.984 E49.70059
;WIPE_START
G1 F600
G1 X384.908 Y293.984 E-10
;WIPE_END
G1 Z389 F15000
G1 X293.984 Y554.718 Z389
G1 Z388
G1 E17 F9000
G1 F2779.614
G1 X293.984 Y543.206 E49.70059
G1 X543.206 Y293.984 E1521.58568
G1 X554.718 Y293.984 E49.70059
;WIPE_START
G1 F600
G1 X547.718 Y293.984 E-10
;WIPE_END
G1 Z389 F15000
G1 X706.016 Y391.908 Z389
G1 Z388
G1 E17 F9000
G1 F2779.614
G1 X706.016 Y380.396 E49.70059
G1 X619.604 Y293.984 E527.57392
G1 X608.092 Y293.984 E49.70059
;WIPE_START
G1 F600
G1 X615.092 Y293.984 E-10
;WIPE_END
G1 Z389 F15000
G1 X706.016 Y554.718 Z389
G1 Z388
M73 P92 R49
G1 E17 F9000
G1 F2779.614
G1 X706.016 Y543.206 E49.70059
G1 X456.794 Y293.984 E1521.58569
G1 X445.282 Y293.984 E49.70059
;WIPE_START
G1 F600
G1 X452.282 Y293.984 E-10
;WIPE_END
G1 Z389 F15000
G1 X445.282 Y706.016 Z389
G1 Z388
G1 E17 F9000
G1 F2779.614
G1 X456.794 Y706.016 E49.70059
G1 X706.016 Y456.794 E1521.58571
G1 X706.016 Y445.282 E49.70059
;WIPE_START
G1 F600
G1 X706.016 Y452.282 E-10
;WIPE_END
G1 Z389 F15000
G1 X694.503 Y706.016 Z389
G1 Z388
G1 E17 F9000
G1 F2779.614
G1 X706.016 Y706.016 E49.70059
G1 X293.984 Y293.984 E2515.59745
G1 X305.497 Y293.984 E49.70059
;WIPE_START
G1 F600
G1 X298.497 Y293.984 E-10
;WIPE_END
G1 Z389 F15000
G1 X305.497 Y706.016 Z389
G1 Z388
G1 E17 F9000
G1 F2779.614
G1 X293.984 Y706.016 E49.70028
G1 X706.016 Y293.984 E2515.59704
G1 X694.503 Y293.984 E49.7003
;WIPE_START
G1 F600
G1 X701.503 Y293.984 E-10
;WIPE_END
G1 Z389 F15000
G1 X608.092 Y706.016 Z389
G1 Z388
G1 E17 F9000
G1 F2779.614
G1 X619.604 Y706.016 E49.70059
G1 X706.016 Y619.604 E527.57393
G1 X706.016 Y608.092 E49.70059
;WIPE_START
G1 F600
G1 X706.016 Y615.092 E-10
;WIPE_END
G1 Z389 F15000
M73 P92 R48
G1 X554.718 Y706.016 Z389
G1 Z388
G1 E17 F9000
G1 F2779.614
G1 X543.206 Y706.016 E49.70059
G1 X293.984 Y456.794 E1521.58569
G1 X293.984 Y445.282 E49.70059
M73 P93 R48
;WIPE_START
G1 F600
G1 X293.984 Y452.282 E-10
;WIPE_END
G1 Z389 F15000
G1 X391.908 Y706.016 Z389
G1 Z388
G1 E17 F9000
G1 F2779.614
G1 X380.396 Y706.016 E49.70059
G1 X293.984 Y619.604 E527.57392
G1 X293.984 Y608.092 E49.70059
; stop printing object Cube id:0 copy 0
;LAYER_CHANGE
;Z:389.5
;HEIGHT:1.5
;BEFORE_LAYER_CHANGE
;389.5
G92 E0

EXCLUDE_OBJECT_END NAME=Cube_id_0_copy_0
;AFTER_LAYER_CHANGE
;389.5
;_SET_FAN_SPEED_CHANGING_LAYER
; printing object Cube id:0 copy 0
;WIPE_START
G1 F600
G1 X293.984 Y615.092 E-10
;WIPE_END
EXCLUDE_OBJECT_START NAME=Cube_id_0_copy_0
G1 Z390.5 F15000
G1 X291.538 Y708.462 Z390.5
G1 Z389.5
G1 E17 F9000
;TYPE:Outer wall
;WIDTH:3.2
G1 F2779.615
G1 X291.538 Y291.538 E1799.91857
G1 X708.462 Y291.538 E1799.91857
G1 X708.462 Y708.462 E1799.91857
G1 X291.838 Y708.462 E1798.62343
;WIPE_START
G1 F600
G1 X291.833 Y701.462 E-10
;WIPE_END
G1 Z390.5 F15000
G1 X293.984 Y608.092 Z390.5
G1 Z389.5
G1 E17 F9000
;TYPE:Sparse infill
;WIDTH:3.2
G1 F2779.614
G1 X293.984 Y619.604 E49.70059
G1 X380.396 Y706.016 E527.57392
G1 X391.908 Y706.016 E49.70059
;WIPE_START
G1 F600
M73 P93 R47
G1 X384.908 Y706.016 E-10
;WIPE_END
G1 Z390.5 F15000
G1 X293.984 Y445.282 Z390.5
G1 Z389.5
G1 E17 F9000
G1 F2779.614
G1 X293.984 Y456.794 E49.70059
G1 X543.206 Y706.016 E1521.58569
G1 X554.718 Y706.016 E49.70059
;WIPE_START
G1 F600
G1 X547.718 Y706.016 E-10
;WIPE_END
G1 Z390.5 F15000
G1 X706.016 Y608.092 Z390.5
G1 Z389.5
G1 E17 F9000
G1 F2779.614
G1 X706.016 Y619.604 E49.70059
G1 X619.604 Y706.016 E527.57393
G1 X608.092 Y706.016 E49.70059
;WIPE_START
G1 F600
G1 X615.092 Y706.016 E-10
;WIPE_END
G1 Z390.5 F15000
G1 X706.016 Y445.282 Z390.5
G1 Z389.5
G1 E17 F9000
G1 F2779.614
G1 X706.016 Y456.794 E49.70059
G1 X456.794 Y706.016 E1521.58571
G1 X445.282 Y706.016 E49.70059
;WIPE_START
G1 F600
G1 X452.282 Y706.016 E-10
;WIPE_END
G1 Z390.5 F15000
G1 X445.282 Y293.984 Z390.5
G1 Z389.5
G1 E17 F9000
G1 F2779.614
G1 X456.794 Y293.984 E49.70059
G1 X706.016 Y543.206 E1521.58569
G1 X706.016 Y554.718 E49.70059
;WIPE_START
G1 F600
G1 X706.016 Y547.718 E-10
;WIPE_END
G1 Z390.5 F15000
G1 X694.503 Y293.984 Z390.5
G1 Z389.5
G1 E17 F9000
G1 F2779.614
G1 X706.016 Y293.984 E49.7003
G1 X293.984 Y706.016 E2515.59704
G1 X305.497 Y706.016 E49.70028
;WIPE_START
G1 F600
G1 X298.497 Y706.016 E-10
;WIPE_END
G1 Z390.5 F15000
G1 X305.497 Y293.984 Z390.5
G1 Z389.5
G1 E17 F9000
G1 F2779.614
G1 X293.984 Y293.984 E49.70059
G1 X706.016 Y706.016 E2515.59745
G1 X694.503 Y706.016 E49.70059
M73 P93 R46
;WIPE_START
G1 F600
G1 X701.503 Y706.016 E-10
;WIPE_END
G1 Z390.5 F15000
G1 X608.092 Y293.984 Z390.5
G1 Z389.5
G1 E17 F9000
G1 F2779.614
G1 X619.604 Y293.984 E49.70059
G1 X706.016 Y380.396 E527.57392
G1 X706.016 Y391.908 E49.70059
;WIPE_START
G1 F600
G1 X706.016 Y384.908 E-10
;WIPE_END
G1 Z390.5 F15000
G1 X554.718 Y293.984 Z390.5
G1 Z389.5
G1 E17 F9000
G1 F2779.614
G1 X543.206 Y293.984 E49.70059
G1 X293.984 Y543.206 E1521.58568
G1 X293.984 Y554.718 E49.70059
;WIPE_START
G1 F600
G1 X293.984 Y547.718 E-10
;WIPE_END
G1 Z390.5 F15000
G1 X391.908 Y293.984 Z390.5
G1 Z389.5
G1 E17 F9000
G1 F2779.614
G1 X380.396 Y293.984 E49.70059
G1 X293.984 Y380.396 E527.5739
G1 X293.984 Y391.908 E49.70059
; stop printing object Cube id:0 copy 0
;LAYER_CHANGE
;Z:391
;HEIGHT:1.5
;BEFORE_LAYER_CHANGE
;391
G92 E0

EXCLUDE_OBJECT_END NAME=Cube_id_0_copy_0
;AFTER_LAYER_CHANGE
;391
;_SET_FAN_SPEED_CHANGING_LAYER
; printing object Cube id:0 copy 0
;WIPE_START
G1 F600
G1 X293.984 Y384.908 E-10
;WIPE_END
EXCLUDE_OBJECT_START NAME=Cube_id_0_copy_0
G1 Z392 F15000
G1 X291.538 Y291.538 Z392
G1 Z391
G1 E17 F9000
;TYPE:Outer wall
;WIDTH:3.2
G1 F2779.615
G1 X708.462 Y291.538 E1799.91857
G1 X708.462 Y708.462 E1799.91857
G1 X291.538 Y708.462 E1799.91857
G1 X291.538 Y291.838 E1798.62343
M73 P93 R45
;WIPE_START
G1 F600
G1 X298.538 Y291.833 E-10
;WIPE_END
G1 Z392 F15000
G1 X293.984 Y391.908 Z392
G1 Z391
G1 E17 F9000
;TYPE:Sparse infill
;WIDTH:3.2
G1 F2779.614
G1 X293.984 Y380.396 E49.70059
G1 X380.396 Y293.984 E527.5739
G1 X391.908 Y293.984 E49.70059
;WIPE_START
G1 F600
G1 X384.908 Y293.984 E-10
;WIPE_END
G1 Z392 F15000
G1 X293.984 Y554.718 Z392
G1 Z391
G1 E17 F9000
G1 F2779.614
G1 X293.984 Y543.206 E49.70059
G1 X543.206 Y293.984 E1521.58568
G1 X554.718 Y293.984 E49.70059
;WIPE_START
G1 F600
G1 X547.718 Y293.984 E-10
;WIPE_END
G1 Z392 F15000
G1 X706.016 Y391.908 Z392
G1 Z391
G1 E17 F9000
G1 F2779.614
G1 X706.016 Y380.396 E49.70059
G1 X619.604 Y293.984 E527.57392
G1 X608.092 Y293.984 E49.70059
;WIPE_START
G1 F600
G1 X615.092 Y293.984 E-10
;WIPE_END
G1 Z392 F15000
G1 X706.016 Y554.718 Z392
G1 Z391
G1 E17 F9000
G1 F2779.614
G1 X706.016 Y543.206 E49.70059
G1 X456.794 Y293.984 E1521.58569
G1 X445.282 Y293.984 E49.70059
;WIPE_START
G1 F600
G1 X452.282 Y293.984 E-10
;WIPE_END
G1 Z392 F15000
G1 X445.282 Y706.016 Z392
G1 Z391
G1 E17 F9000
G1 F2779.614
G1 X456.794 Y706.016 E49.70059
G1 X706.016 Y456.794 E1521.58571
G1 X706.016 Y445.282 E49.70059
;WIPE_START
G1 F600
G1 X706.016 Y452.282 E-10
;WIPE_END
G1 Z392 F15000
G1 X694.503 Y706.016 Z392
G1 Z391
M73 P93 R44
G1 E17 F9000
G1 F2779.614
G1 X706.016 Y706.016 E49.70059
G1 X293.984 Y293.984 E2515.59745
G1 X305.497 Y293.984 E49.70059
;WIPE_START
G1 F600
G1 X298.497 Y293.984 E-10
;WIPE_END
G1 Z392 F15000
G1 X305.497 Y706.016 Z392
G1 Z391
G1 E17 F9000
G1 F2779.614
G1 X293.984 Y706.016 E49.70028
G1 X706.016 Y293.984 E2515.59704
G1 X694.503 Y293.984 E49.7003
;WIPE_START
G1 F600
G1 X701.503 Y293.984 E-10
;WIPE_END
G1 Z392 F15000
G1 X608.092 Y706.016 Z392
G1 Z391
G1 E17 F9000
G1 F2779.614
G1 X619.604 Y706.016 E49.70059
G1 X706.016 Y619.604 E527.57393
G1 X706.016 Y608.092 E49.70059
;WIPE_START
G1 F600
G1 X706.016 Y615.092 E-10
;WIPE_END
G1 Z392 F15000
G1 X554.718 Y706.016 Z392
G1 Z391
G1 E17 F9000
G1 F2779.614
G1 X543.206 Y706.016 E49.70059
G1 X293.984 Y456.794 E1521.58569
G1 X293.984 Y445.282 E49.70059
;WIPE_START
G1 F600
G1 X293.984 Y452.282 E-10
;WIPE_END
G1 Z392 F15000
G1 X391.908 Y706.016 Z392
G1 Z391
G1 E17 F9000
G1 F2779.614
G1 X380.396 Y706.016 E49.70059
G1 X293.984 Y619.604 E527.57392
G1 X293.984 Y608.092 E49.70059
; stop printing object Cube id:0 copy 0
;LAYER_CHANGE
;Z:392.5
;HEIGHT:1.5
;BEFORE_LAYER_CHANGE
;392.5
G92 E0

EXCLUDE_OBJECT_END NAME=Cube_id_0_copy_0
;AFTER_LAYER_CHANGE
;392.5
;_SET_FAN_SPEED_CHANGING_LAYER
; printing object Cube id:0 copy 0
;WIPE_START
G1 F600
G1 X293.984 Y615.092 E-10
;WIPE_END
EXCLUDE_OBJECT_START NAME=Cube_id_0_copy_0
G1 Z393.5 F15000
G1 X291.538 Y708.462 Z393.5
G1 Z392.5
G1 E17 F9000
;TYPE:Outer wall
;WIDTH:3.2
G1 F2779.615
G1 X291.538 Y291.538 E1799.91857
G1 X708.462 Y291.538 E1799.91857
M73 P93 R43
G1 X708.462 Y708.462 E1799.91857
G1 X291.838 Y708.462 E1798.62343
;WIPE_START
G1 F600
G1 X291.833 Y701.462 E-10
;WIPE_END
G1 Z393.5 F15000
G1 X293.984 Y608.092 Z393.5
G1 Z392.5
G1 E17 F9000
;TYPE:Sparse infill
;WIDTH:3.2
G1 F2779.614
G1 X293.984 Y619.604 E49.70059
G1 X380.396 Y706.016 E527.57392
G1 X391.908 Y706.016 E49.70059
;WIPE_START
G1 F600
G1 X384.908 Y706.016 E-10
;WIPE_END
G1 Z393.5 F15000
G1 X293.984 Y445.282 Z393.5
G1 Z392.5
G1 E17 F9000
G1 F2779.614
G1 X293.984 Y456.794 E49.70059
G1 X543.206 Y706.016 E1521.58569
G1 X554.718 Y706.016 E49.70059
;WIPE_START
G1 F600
G1 X547.718 Y706.016 E-10
;WIPE_END
G1 Z393.5 F15000
G1 X706.016 Y608.092 Z393.5
G1 Z392.5
G1 E17 F9000
G1 F2779.614
G1 X706.016 Y619.604 E49.70059
G1 X619.604 Y706.016 E527.57393
G1 X608.092 Y706.016 E49.70059
;WIPE_START
G1 F600
G1 X615.092 Y706.016 E-10
;WIPE_END
G1 Z393.5 F15000
G1 X706.016 Y445.282 Z393.5
G1 Z392.5
G1 E17 F9000
G1 F2779.614
G1 X706.016 Y456.794 E49.70059
G1 X456.794 Y706.016 E1521.58571
G1 X445.282 Y706.016 E49.70059
M73 P93 R42
;WIPE_START
G1 F600
G1 X452.282 Y706.016 E-10
;WIPE_END
G1 Z393.5 F15000
G1 X445.282 Y293.984 Z393.5
G1 Z392.5
G1 E17 F9000
G1 F2779.614
G1 X456.794 Y293.984 E49.70059
G1 X706.016 Y543.206 E1521.58569
G1 X706.016 Y554.718 E49.70059
;WIPE_START
G1 F600
G1 X706.016 Y547.718 E-10
;WIPE_END
G1 Z393.5 F15000
G1 X694.503 Y293.984 Z393.5
G1 Z392.5
G1 E17 F9000
G1 F2779.614
G1 X706.016 Y293.984 E49.7003
G1 X293.984 Y706.016 E2515.59704
G1 X305.497 Y706.016 E49.70028
;WIPE_START
G1 F600
G1 X298.497 Y706.016 E-10
;WIPE_END
G1 Z393.5 F15000
G1 X305.497 Y293.984 Z393.5
G1 Z392.5
G1 E17 F9000
G1 F2779.614
G1 X293.984 Y293.984 E49.70059
G1 X706.016 Y706.016 E2515.59745
G1 X694.503 Y706.016 E49.70059
;WIPE_START
G1 F600
G1 X701.503 Y706.016 E-10
;WIPE_END
G1 Z393.5 F15000
G1 X608.092 Y293.984 Z393.5
G1 Z392.5
G1 E17 F9000
G1 F2779.614
G1 X619.604 Y293.984 E49.70059
G1 X706.016 Y380.396 E527.57392
G1 X706.016 Y391.908 E49.70059
;WIPE_START
G1 F600
G1 X706.016 Y384.908 E-10
;WIPE_END
G1 Z393.5 F15000
G1 X554.718 Y293.984 Z393.5
G1 Z392.5
G1 E17 F9000
G1 F2779.614
G1 X543.206 Y293.984 E49.70059
G1 X293.984 Y543.206 E1521.58568
G1 X293.984 Y554.718 E49.70059
M73 P94 R41
;WIPE_START
G1 F600
G1 X293.984 Y547.718 E-10
;WIPE_END
G1 Z393.5 F15000
G1 X391.908 Y293.984 Z393.5
G1 Z392.5
G1 E17 F9000
G1 F2779.614
G1 X380.396 Y293.984 E49.70059
G1 X293.984 Y380.396 E527.5739
G1 X293.984 Y391.908 E49.70059
; stop printing object Cube id:0 copy 0
;LAYER_CHANGE
;Z:394
;HEIGHT:1.5
;BEFORE_LAYER_CHANGE
;394
G92 E0

EXCLUDE_OBJECT_END NAME=Cube_id_0_copy_0
;AFTER_LAYER_CHANGE
;394
;_SET_FAN_SPEED_CHANGING_LAYER
; printing object Cube id:0 copy 0
;WIPE_START
G1 F600
G1 X293.984 Y384.908 E-10
;WIPE_END
EXCLUDE_OBJECT_START NAME=Cube_id_0_copy_0
G1 Z395 F15000
G1 X291.538 Y291.538 Z395
G1 Z394
G1 E17 F9000
;TYPE:Outer wall
;WIDTH:3.2
G1 F2779.615
G1 X708.462 Y291.538 E1799.91857
G1 X708.462 Y708.462 E1799.91857
G1 X291.538 Y708.462 E1799.91857
G1 X291.538 Y291.838 E1798.62343
;WIPE_START
G1 F600
G1 X298.538 Y291.833 E-10
;WIPE_END
G1 Z395 F15000
G1 X293.984 Y391.908 Z395
G1 Z394
G1 E17 F9000
;TYPE:Sparse infill
;WIDTH:3.2
G1 F2779.614
G1 X293.984 Y380.396 E49.70059
G1 X380.396 Y293.984 E527.5739
G1 X391.908 Y293.984 E49.70059
;WIPE_START
G1 F600
G1 X384.908 Y293.984 E-10
;WIPE_END
G1 Z395 F15000
G1 X293.984 Y554.718 Z395
G1 Z394
G1 E17 F9000
M73 P94 R40
G1 F2779.614
G1 X293.984 Y543.206 E49.70059
G1 X543.206 Y293.984 E1521.58568
G1 X554.718 Y293.984 E49.70059
;WIPE_START
G1 F600
G1 X547.718 Y293.984 E-10
;WIPE_END
G1 Z395 F15000
G1 X706.016 Y391.908 Z395
G1 Z394
G1 E17 F9000
G1 F2779.614
G1 X706.016 Y380.396 E49.70059
G1 X619.604 Y293.984 E527.57392
G1 X608.092 Y293.984 E49.70059
;WIPE_START
G1 F600
G1 X615.092 Y293.984 E-10
;WIPE_END
G1 Z395 F15000
G1 X706.016 Y554.718 Z395
G1 Z394
G1 E17 F9000
G1 F2779.614
G1 X706.016 Y543.206 E49.70059
G1 X456.794 Y293.984 E1521.58569
G1 X445.282 Y293.984 E49.70059
;WIPE_START
G1 F600
G1 X452.282 Y293.984 E-10
;WIPE_END
G1 Z395 F15000
G1 X445.282 Y706.016 Z395
G1 Z394
G1 E17 F9000
G1 F2779.614
G1 X456.794 Y706.016 E49.70059
G1 X706.016 Y456.794 E1521.58571
G1 X706.016 Y445.282 E49.70059
;WIPE_START
G1 F600
G1 X706.016 Y452.282 E-10
;WIPE_END
G1 Z395 F15000
G1 X694.503 Y706.016 Z395
G1 Z394
G1 E17 F9000
G1 F2779.614
G1 X706.016 Y706.016 E49.70059
G1 X293.984 Y293.984 E2515.59745
G1 X305.497 Y293.984 E49.70059
;WIPE_START
G1 F600
G1 X298.497 Y293.984 E-10
;WIPE_END
G1 Z395 F15000
G1 X305.497 Y706.016 Z395
G1 Z394
G1 E17 F9000
G1 F2779.614
G1 X293.984 Y706.016 E49.70028
G1 X706.016 Y293.984 E2515.59704
G1 X694.503 Y293.984 E49.7003
M73 P94 R39
;WIPE_START
G1 F600
G1 X701.503 Y293.984 E-10
;WIPE_END
G1 Z395 F15000
G1 X608.092 Y706.016 Z395
G1 Z394
G1 E17 F9000
G1 F2779.614
G1 X619.604 Y706.016 E49.70059
G1 X706.016 Y619.604 E527.57393
G1 X706.016 Y608.092 E49.70059
;WIPE_START
G1 F600
G1 X706.016 Y615.092 E-10
;WIPE_END
G1 Z395 F15000
G1 X554.718 Y706.016 Z395
G1 Z394
G1 E17 F9000
G1 F2779.614
G1 X543.206 Y706.016 E49.70059
G1 X293.984 Y456.794 E1521.58569
G1 X293.984 Y445.282 E49.70059
;WIPE_START
G1 F600
G1 X293.984 Y452.282 E-10
;WIPE_END
G1 Z395 F15000
G1 X391.908 Y706.016 Z395
G1 Z394
G1 E17 F9000
G1 F2779.614
G1 X380.396 Y706.016 E49.70059
G1 X293.984 Y619.604 E527.57392
G1 X293.984 Y608.092 E49.70059
; stop printing object Cube id:0 copy 0
;LAYER_CHANGE
;Z:395.5
;HEIGHT:1.5
;BEFORE_LAYER_CHANGE
;395.5
G92 E0

EXCLUDE_OBJECT_END NAME=Cube_id_0_copy_0
;AFTER_LAYER_CHANGE
;395.5
;_SET_FAN_SPEED_CHANGING_LAYER
; printing object Cube id:0 copy 0
;WIPE_START
G1 F600
G1 X293.984 Y615.092 E-10
;WIPE_END
EXCLUDE_OBJECT_START NAME=Cube_id_0_copy_0
G1 Z396.5 F15000
G1 X291.538 Y708.462 Z396.5
G1 Z395.5
G1 E17 F9000
;TYPE:Outer wall
;WIDTH:3.2
G1 F2779.615
G1 X291.538 Y291.538 E1799.91857
G1 X708.462 Y291.538 E1799.91857
G1 X708.462 Y708.462 E1799.91857
G1 X291.838 Y708.462 E1798.62343
M73 P94 R38
;WIPE_START
G1 F600
G1 X291.833 Y701.462 E-10
;WIPE_END
G1 Z396.5 F15000
G1 X293.984 Y608.092 Z396.5
G1 Z395.5
G1 E17 F9000
;TYPE:Sparse infill
;WIDTH:3.2
G1 F2779.614
G1 X293.984 Y619.604 E49.70059
G1 X380.396 Y706.016 E527.57392
G1 X391.908 Y706.016 E49.70059
;WIPE_START
G1 F600
G1 X384.908 Y706.016 E-10
;WIPE_END
G1 Z396.5 F15000
G1 X293.984 Y445.282 Z396.5
G1 Z395.5
G1 E17 F9000
G1 F2779.614
G1 X293.984 Y456.794 E49.70059
G1 X543.206 Y706.016 E1521.58569
G1 X554.718 Y706.016 E49.70059
;WIPE_START
G1 F600
G1 X547.718 Y706.016 E-10
;WIPE_END
G1 Z396.5 F15000
G1 X706.016 Y608.092 Z396.5
G1 Z395.5
G1 E17 F9000
G1 F2779.614
G1 X706.016 Y619.604 E49.70059
G1 X619.604 Y706.016 E527.57393
G1 X608.092 Y706.016 E49.70059
;WIPE_START
G1 F600
G1 X615.092 Y706.016 E-10
;WIPE_END
G1 Z396.5 F15000
G1 X706.016 Y445.282 Z396.5
G1 Z395.5
G1 E17 F9000
G1 F2779.614
G1 X706.016 Y456.794 E49.70059
G1 X456.794 Y706.016 E1521.58571
G1 X445.282 Y706.016 E49.70059
;WIPE_START
G1 F600
G1 X452.282 Y706.016 E-10
;WIPE_END
G1 Z396.5 F15000
G1 X445.282 Y293.984 Z396.5
G1 Z395.5
G1 E17 F9000
G1 F2779.614
G1 X456.794 Y293.984 E49.70059
G1 X706.016 Y543.206 E1521.58569
G1 X706.016 Y554.718 E49.70059
;WIPE_START
G1 F600
G1 X706.016 Y547.718 E-10
;WIPE_END
G1 Z396.5 F15000
G1 X694.503 Y293.984 Z396.5
G1 Z395.5
G1 E17 F9000
G1 F2779.614
G1 X706.016 Y293.984 E49.7003
G1 X293.984 Y706.016 E2515.59704
G1 X305.497 Y706.016 E49.70028
M73 P94 R37
;WIPE_START
G1 F600
G1 X298.497 Y706.016 E-10
;WIPE_END
G1 Z396.5 F15000
G1 X305.497 Y293.984 Z396.5
G1 Z395.5
G1 E17 F9000
G1 F2779.614
G1 X293.984 Y293.984 E49.70059
G1 X706.016 Y706.016 E2515.59745
G1 X694.503 Y706.016 E49.70059
;WIPE_START
G1 F600
G1 X701.503 Y706.016 E-10
;WIPE_END
G1 Z396.5 F15000
G1 X608.092 Y293.984 Z396.5
G1 Z395.5
G1 E17 F9000
G1 F2779.614
G1 X619.604 Y293.984 E49.70059
G1 X706.016 Y380.396 E527.57392
G1 X706.016 Y391.908 E49.70059
;WIPE_START
G1 F600
G1 X706.016 Y384.908 E-10
;WIPE_END
G1 Z396.5 F15000
G1 X554.718 Y293.984 Z396.5
G1 Z395.5
G1 E17 F9000
G1 F2779.614
G1 X543.206 Y293.984 E49.70059
G1 X293.984 Y543.206 E1521.58568
G1 X293.984 Y554.718 E49.70059
;WIPE_START
G1 F600
G1 X293.984 Y547.718 E-10
;WIPE_END
G1 Z396.5 F15000
G1 X391.908 Y293.984 Z396.5
G1 Z395.5
G1 E17 F9000
G1 F2779.614
G1 X380.396 Y293.984 E49.70059
G1 X293.984 Y380.396 E527.5739
G1 X293.984 Y391.908 E49.70059
; stop printing object Cube id:0 copy 0
;LAYER_CHANGE
;Z:397
;HEIGHT:1.5
;BEFORE_LAYER_CHANGE
;397
G92 E0

EXCLUDE_OBJECT_END NAME=Cube_id_0_copy_0
;AFTER_LAYER_CHANGE
;397
;_SET_FAN_SPEED_CHANGING_LAYER
; printing object Cube id:0 copy 0
;WIPE_START
G1 F600
G1 X293.984 Y384.908 E-10
;WIPE_END
EXCLUDE_OBJECT_START NAME=Cube_id_0_copy_0
G1 Z398 F15000
G1 X291.538 Y291.538 Z398
G1 Z397
G1 E17 F9000
;TYPE:Outer wall
;WIDTH:3.2
G1 F2779.615
G1 X708.462 Y291.538 E1799.91857
G1 X708.462 Y708.462 E1799.91857
M73 P94 R36
G1 X291.538 Y708.462 E1799.91857
G1 X291.538 Y291.838 E1798.62343
;WIPE_START
G1 F600
G1 X298.538 Y291.833 E-10
;WIPE_END
G1 Z398 F15000
G1 X293.984 Y391.908 Z398
G1 Z397
G1 E17 F9000
;TYPE:Sparse infill
;WIDTH:3.2
G1 F2779.614
G1 X293.984 Y380.396 E49.70059
G1 X380.396 Y293.984 E527.5739
G1 X391.908 Y293.984 E49.70059
;WIPE_START
G1 F600
G1 X384.908 Y293.984 E-10
;WIPE_END
G1 Z398 F15000
G1 X293.984 Y554.718 Z398
G1 Z397
G1 E17 F9000
G1 F2779.614
G1 X293.984 Y543.206 E49.70059
G1 X543.206 Y293.984 E1521.58568
G1 X554.718 Y293.984 E49.70059
;WIPE_START
G1 F600
G1 X547.718 Y293.984 E-10
;WIPE_END
G1 Z398 F15000
G1 X706.016 Y391.908 Z398
G1 Z397
G1 E17 F9000
G1 F2779.614
G1 X706.016 Y380.396 E49.70059
G1 X619.604 Y293.984 E527.57392
G1 X608.092 Y293.984 E49.70059
;WIPE_START
G1 F600
G1 X615.092 Y293.984 E-10
;WIPE_END
G1 Z398 F15000
G1 X706.016 Y554.718 Z398
G1 Z397
G1 E17 F9000
G1 F2779.614
G1 X706.016 Y543.206 E49.70059
G1 X456.794 Y293.984 E1521.58569
G1 X445.282 Y293.984 E49.70059
M73 P94 R35
;WIPE_START
G1 F600
G1 X452.282 Y293.984 E-10
;WIPE_END
G1 Z398 F15000
G1 X445.282 Y706.016 Z398
G1 Z397
G1 E17 F9000
G1 F2779.614
G1 X456.794 Y706.016 E49.70059
G1 X706.016 Y456.794 E1521.58571
G1 X706.016 Y445.282 E49.70059
;WIPE_START
G1 F600
G1 X706.016 Y452.282 E-10
;WIPE_END
G1 Z398 F15000
G1 X694.503 Y706.016 Z398
G1 Z397
G1 E17 F9000
G1 F2779.614
G1 X706.016 Y706.016 E49.70059
G1 X293.984 Y293.984 E2515.59745
G1 X305.497 Y293.984 E49.70059
;WIPE_START
G1 F600
G1 X298.497 Y293.984 E-10
;WIPE_END
G1 Z398 F15000
G1 X305.497 Y706.016 Z398
G1 Z397
G1 E17 F9000
G1 F2779.614
G1 X293.984 Y706.016 E49.70028
G1 X706.016 Y293.984 E2515.59704
G1 X694.503 Y293.984 E49.7003
;WIPE_START
G1 F600
G1 X701.503 Y293.984 E-10
;WIPE_END
G1 Z398 F15000
G1 X608.092 Y706.016 Z398
G1 Z397
G1 E17 F9000
G1 F2779.614
G1 X619.604 Y706.016 E49.70059
G1 X706.016 Y619.604 E527.57393
G1 X706.016 Y608.092 E49.70059
;WIPE_START
G1 F600
G1 X706.016 Y615.092 E-10
;WIPE_END
G1 Z398 F15000
G1 X554.718 Y706.016 Z398
G1 Z397
G1 E17 F9000
G1 F2779.614
G1 X543.206 Y706.016 E49.70059
G1 X293.984 Y456.794 E1521.58569
G1 X293.984 Y445.282 E49.70059
M73 P95 R34
;WIPE_START
G1 F600
G1 X293.984 Y452.282 E-10
;WIPE_END
G1 Z398 F15000
G1 X391.908 Y706.016 Z398
G1 Z397
G1 E17 F9000
G1 F2779.614
G1 X380.396 Y706.016 E49.70059
G1 X293.984 Y619.604 E527.57392
G1 X293.984 Y608.092 E49.70059
; stop printing object Cube id:0 copy 0
;LAYER_CHANGE
;Z:398.5
;HEIGHT:1.5
;BEFORE_LAYER_CHANGE
;398.5
G92 E0

EXCLUDE_OBJECT_END NAME=Cube_id_0_copy_0
;AFTER_LAYER_CHANGE
;398.5
;_SET_FAN_SPEED_CHANGING_LAYER
; printing object Cube id:0 copy 0
;WIPE_START
G1 F600
G1 X293.984 Y615.092 E-10
;WIPE_END
EXCLUDE_OBJECT_START NAME=Cube_id_0_copy_0
G1 Z399.5 F15000
G1 X291.538 Y708.462 Z399.5
G1 Z398.5
G1 E17 F9000
;TYPE:Outer wall
;WIDTH:3.2
G1 F2779.615
G1 X291.538 Y291.538 E1799.91857
G1 X708.462 Y291.538 E1799.91857
G1 X708.462 Y708.462 E1799.91857
G1 X291.838 Y708.462 E1798.62343
;WIPE_START
G1 F600
G1 X291.833 Y701.462 E-10
;WIPE_END
G1 Z399.5 F15000
G1 X293.984 Y608.092 Z399.5
G1 Z398.5
G1 E17 F9000
;TYPE:Sparse infill
;WIDTH:3.2
G1 F2779.614
G1 X293.984 Y619.604 E49.70059
G1 X380.396 Y706.016 E527.57392
G1 X391.908 Y706.016 E49.70059
;WIPE_START
G1 F600
G1 X384.908 Y706.016 E-10
;WIPE_END
G1 Z399.5 F15000
G1 X293.984 Y445.282 Z399.5
G1 Z398.5
G1 E17 F9000
G1 F2779.614
G1 X293.984 Y456.794 E49.70059
G1 X543.206 Y706.016 E1521.58569
G1 X554.718 Y706.016 E49.70059
M73 P95 R33
;WIPE_START
G1 F600
G1 X547.718 Y706.016 E-10
;WIPE_END
G1 Z399.5 F15000
G1 X706.016 Y608.092 Z399.5
G1 Z398.5
G1 E17 F9000
G1 F2779.614
G1 X706.016 Y619.604 E49.70059
G1 X619.604 Y706.016 E527.57393
G1 X608.092 Y706.016 E49.70059
;WIPE_START
G1 F600
G1 X615.092 Y706.016 E-10
;WIPE_END
G1 Z399.5 F15000
G1 X706.016 Y445.282 Z399.5
G1 Z398.5
G1 E17 F9000
G1 F2779.614
G1 X706.016 Y456.794 E49.70059
G1 X456.794 Y706.016 E1521.58571
G1 X445.282 Y706.016 E49.70059
;WIPE_START
G1 F600
G1 X452.282 Y706.016 E-10
;WIPE_END
G1 Z399.5 F15000
G1 X445.282 Y293.984 Z399.5
G1 Z398.5
G1 E17 F9000
G1 F2779.614
G1 X456.794 Y293.984 E49.70059
G1 X706.016 Y543.206 E1521.58569
G1 X706.016 Y554.718 E49.70059
;WIPE_START
G1 F600
G1 X706.016 Y547.718 E-10
;WIPE_END
G1 Z399.5 F15000
G1 X694.503 Y293.984 Z399.5
G1 Z398.5
G1 E17 F9000
G1 F2779.614
G1 X706.016 Y293.984 E49.7003
G1 X293.984 Y706.016 E2515.59704
G1 X305.497 Y706.016 E49.70028
;WIPE_START
G1 F600
G1 X298.497 Y706.016 E-10
;WIPE_END
G1 Z399.5 F15000
G1 X305.497 Y293.984 Z399.5
G1 Z398.5
G1 E17 F9000
G1 F2779.614
G1 X293.984 Y293.984 E49.70059
G1 X706.016 Y706.016 E2515.59745
G1 X694.503 Y706.016 E49.70059
M73 P95 R32
;WIPE_START
G1 F600
G1 X701.503 Y706.016 E-10
;WIPE_END
G1 Z399.5 F15000
G1 X608.092 Y293.984 Z399.5
G1 Z398.5
G1 E17 F9000
G1 F2779.614
G1 X619.604 Y293.984 E49.70059
G1 X706.016 Y380.396 E527.57392
G1 X706.016 Y391.908 E49.70059
;WIPE_START
G1 F600
G1 X706.016 Y384.908 E-10
;WIPE_END
G1 Z399.5 F15000
G1 X554.718 Y293.984 Z399.5
G1 Z398.5
G1 E17 F9000
G1 F2779.614
G1 X543.206 Y293.984 E49.70059
G1 X293.984 Y543.206 E1521.58568
G1 X293.984 Y554.718 E49.70059
;WIPE_START
G1 F600
G1 X293.984 Y547.718 E-10
;WIPE_END
G1 Z399.5 F15000
G1 X391.908 Y293.984 Z399.5
G1 Z398.5
G1 E17 F9000
G1 F2779.614
G1 X380.396 Y293.984 E49.70059
G1 X293.984 Y380.396 E527.5739
G1 X293.984 Y391.908 E49.70059
; stop printing object Cube id:0 copy 0
;LAYER_CHANGE
;Z:400
;HEIGHT:1.5
;BEFORE_LAYER_CHANGE
;400
G92 E0

EXCLUDE_OBJECT_END NAME=Cube_id_0_copy_0
;AFTER_LAYER_CHANGE
;400
;_SET_FAN_SPEED_CHANGING_LAYER
; printing object Cube id:0 copy 0
;WIPE_START
G1 F600
G1 X293.984 Y384.908 E-10
;WIPE_END
EXCLUDE_OBJECT_START NAME=Cube_id_0_copy_0
G1 Z401 F15000
G1 X291.538 Y291.538 Z401
G1 Z400
G1 E17 F9000
;TYPE:Outer wall
;WIDTH:3.2
G1 F2779.615
G1 X708.462 Y291.538 E1799.91857
G1 X708.462 Y708.462 E1799.91857
G1 X291.538 Y708.462 E1799.91857
G1 X291.538 Y291.838 E1798.62343
;WIPE_START
G1 F600
M73 P95 R31
G1 X298.538 Y291.833 E-10
;WIPE_END
G1 Z401 F15000
G1 X293.984 Y391.908 Z401
G1 Z400
G1 E17 F9000
;TYPE:Sparse infill
;WIDTH:3.2
G1 F2779.614
G1 X293.984 Y380.396 E49.70059
G1 X380.396 Y293.984 E527.5739
G1 X391.908 Y293.984 E49.70059
;WIPE_START
G1 F600
G1 X384.908 Y293.984 E-10
;WIPE_END
G1 Z401 F15000
G1 X293.984 Y554.718 Z401
G1 Z400
G1 E17 F9000
G1 F2779.614
G1 X293.984 Y543.206 E49.70059
G1 X543.206 Y293.984 E1521.58568
G1 X554.718 Y293.984 E49.70059
;WIPE_START
G1 F600
G1 X547.718 Y293.984 E-10
;WIPE_END
G1 Z401 F15000
G1 X706.016 Y391.908 Z401
G1 Z400
G1 E17 F9000
G1 F2779.614
G1 X706.016 Y380.396 E49.70059
G1 X619.604 Y293.984 E527.57392
G1 X608.092 Y293.984 E49.70059
;WIPE_START
G1 F600
G1 X615.092 Y293.984 E-10
;WIPE_END
G1 Z401 F15000
G1 X706.016 Y554.718 Z401
G1 Z400
G1 E17 F9000
G1 F2779.614
G1 X706.016 Y543.206 E49.70059
G1 X456.794 Y293.984 E1521.58569
G1 X445.282 Y293.984 E49.70059
;WIPE_START
G1 F600
G1 X452.282 Y293.984 E-10
;WIPE_END
G1 Z401 F15000
G1 X445.282 Y706.016 Z401
G1 Z400
G1 E17 F9000
G1 F2779.614
G1 X456.794 Y706.016 E49.70059
G1 X706.016 Y456.794 E1521.58571
G1 X706.016 Y445.282 E49.70059
;WIPE_START
G1 F600
G1 X706.016 Y452.282 E-10
;WIPE_END
G1 Z401 F15000
G1 X694.503 Y706.016 Z401
G1 Z400
G1 E17 F9000
G1 F2779.614
G1 X706.016 Y706.016 E49.70059
G1 X293.984 Y293.984 E2515.59745
G1 X305.497 Y293.984 E49.70059
M73 P95 R30
;WIPE_START
G1 F600
G1 X298.497 Y293.984 E-10
;WIPE_END
G1 Z401 F15000
G1 X305.497 Y706.016 Z401
G1 Z400
G1 E17 F9000
G1 F2779.614
G1 X293.984 Y706.016 E49.70028
G1 X706.016 Y293.984 E2515.59704
G1 X694.503 Y293.984 E49.7003
;WIPE_START
G1 F600
G1 X701.503 Y293.984 E-10
;WIPE_END
G1 Z401 F15000
G1 X608.092 Y706.016 Z401
G1 Z400
G1 E17 F9000
G1 F2779.614
G1 X619.604 Y706.016 E49.70059
G1 X706.016 Y619.604 E527.57393
G1 X706.016 Y608.092 E49.70059
;WIPE_START
G1 F600
G1 X706.016 Y615.092 E-10
;WIPE_END
G1 Z401 F15000
G1 X554.718 Y706.016 Z401
G1 Z400
G1 E17 F9000
G1 F2779.614
G1 X543.206 Y706.016 E49.70059
G1 X293.984 Y456.794 E1521.58569
G1 X293.984 Y445.282 E49.70059
;WIPE_START
G1 F600
G1 X293.984 Y452.282 E-10
;WIPE_END
G1 Z401 F15000
G1 X391.908 Y706.016 Z401
G1 Z400
G1 E17 F9000
G1 F2779.614
G1 X380.396 Y706.016 E49.70059
G1 X293.984 Y619.604 E527.57392
G1 X293.984 Y608.092 E49.70059
; stop printing object Cube id:0 copy 0
;LAYER_CHANGE
;Z:401.5
;HEIGHT:1.5
;BEFORE_LAYER_CHANGE
;401.5
G92 E0

EXCLUDE_OBJECT_END NAME=Cube_id_0_copy_0
;AFTER_LAYER_CHANGE
;401.5
;_SET_FAN_SPEED_CHANGING_LAYER
; printing object Cube id:0 copy 0
;WIPE_START
G1 F600
G1 X293.984 Y615.092 E-10
;WIPE_END
EXCLUDE_OBJECT_START NAME=Cube_id_0_copy_0
G1 Z402.5 F15000
G1 X291.538 Y708.462 Z402.5
G1 Z401.5
G1 E17 F9000
;TYPE:Outer wall
;WIDTH:3.2
G1 F2779.615
G1 X291.538 Y291.538 E1799.91857
G1 X708.462 Y291.538 E1799.91857
M73 P95 R29
G1 X708.462 Y708.462 E1799.91857
G1 X291.838 Y708.462 E1798.62343
;WIPE_START
G1 F600
G1 X291.833 Y701.462 E-10
;WIPE_END
G1 Z402.5 F15000
G1 X293.984 Y608.092 Z402.5
G1 Z401.5
G1 E17 F9000
;TYPE:Sparse infill
;WIDTH:3.2
G1 F2779.614
G1 X293.984 Y619.604 E49.70059
G1 X380.396 Y706.016 E527.57392
G1 X391.908 Y706.016 E49.70059
;WIPE_START
G1 F600
G1 X384.908 Y706.016 E-10
;WIPE_END
G1 Z402.5 F15000
G1 X293.984 Y445.282 Z402.5
G1 Z401.5
G1 E17 F9000
G1 F2779.614
G1 X293.984 Y456.794 E49.70059
G1 X543.206 Y706.016 E1521.58569
G1 X554.718 Y706.016 E49.70059
;WIPE_START
G1 F600
G1 X547.718 Y706.016 E-10
;WIPE_END
G1 Z402.5 F15000
G1 X706.016 Y608.092 Z402.5
G1 Z401.5
G1 E17 F9000
G1 F2779.614
G1 X706.016 Y619.604 E49.70059
G1 X619.604 Y706.016 E527.57393
G1 X608.092 Y706.016 E49.70059
;WIPE_START
G1 F600
G1 X615.092 Y706.016 E-10
;WIPE_END
G1 Z402.5 F15000
G1 X706.016 Y445.282 Z402.5
G1 Z401.5
G1 E17 F9000
G1 F2779.614
G1 X706.016 Y456.794 E49.70059
G1 X456.794 Y706.016 E1521.58571
G1 X445.282 Y706.016 E49.70059
M73 P95 R28
;WIPE_START
G1 F600
G1 X452.282 Y706.016 E-10
;WIPE_END
G1 Z402.5 F15000
G1 X445.282 Y293.984 Z402.5
G1 Z401.5
G1 E17 F9000
G1 F2779.614
G1 X456.794 Y293.984 E49.70059
G1 X706.016 Y543.206 E1521.58569
G1 X706.016 Y554.718 E49.70059
;WIPE_START
G1 F600
G1 X706.016 Y547.718 E-10
;WIPE_END
G1 Z402.5 F15000
G1 X694.503 Y293.984 Z402.5
G1 Z401.5
G1 E17 F9000
G1 F2779.614
G1 X706.016 Y293.984 E49.7003
G1 X293.984 Y706.016 E2515.59704
G1 X305.497 Y706.016 E49.70028
;WIPE_START
G1 F600
G1 X298.497 Y706.016 E-10
;WIPE_END
G1 Z402.5 F15000
G1 X305.497 Y293.984 Z402.5
G1 Z401.5
G1 E17 F9000
G1 F2779.614
G1 X293.984 Y293.984 E49.70059
G1 X706.016 Y706.016 E2515.59745
G1 X694.503 Y706.016 E49.70059
;WIPE_START
G1 F600
G1 X701.503 Y706.016 E-10
;WIPE_END
G1 Z402.5 F15000
G1 X608.092 Y293.984 Z402.5
G1 Z401.5
G1 E17 F9000
G1 F2779.614
G1 X619.604 Y293.984 E49.70059
G1 X706.016 Y380.396 E527.57392
G1 X706.016 Y391.908 E49.70059
;WIPE_START
G1 F600
G1 X706.016 Y384.908 E-10
;WIPE_END
G1 Z402.5 F15000
G1 X554.718 Y293.984 Z402.5
G1 Z401.5
G1 E17 F9000
G1 F2779.614
G1 X543.206 Y293.984 E49.70059
G1 X293.984 Y543.206 E1521.58568
G1 X293.984 Y554.718 E49.70059
M73 P96 R27
;WIPE_START
G1 F600
G1 X293.984 Y547.718 E-10
;WIPE_END
G1 Z402.5 F15000
G1 X391.908 Y293.984 Z402.5
G1 Z401.5
G1 E17 F9000
G1 F2779.614
G1 X380.396 Y293.984 E49.70059
G1 X293.984 Y380.396 E527.5739
G1 X293.984 Y391.908 E49.70059
; stop printing object Cube id:0 copy 0
;LAYER_CHANGE
;Z:403
;HEIGHT:1.5
;BEFORE_LAYER_CHANGE
;403
G92 E0

EXCLUDE_OBJECT_END NAME=Cube_id_0_copy_0
;AFTER_LAYER_CHANGE
;403
;_SET_FAN_SPEED_CHANGING_LAYER
; printing object Cube id:0 copy 0
;WIPE_START
G1 F600
G1 X293.984 Y384.908 E-10
;WIPE_END
EXCLUDE_OBJECT_START NAME=Cube_id_0_copy_0
G1 Z404 F15000
G1 X291.538 Y291.538 Z404
G1 Z403
G1 E17 F9000
;TYPE:Outer wall
;WIDTH:3.2
G1 F2779.615
G1 X708.462 Y291.538 E1799.91857
G1 X708.462 Y708.462 E1799.91857
G1 X291.538 Y708.462 E1799.91857
G1 X291.538 Y291.838 E1798.62343
;WIPE_START
G1 F600
G1 X298.538 Y291.833 E-10
;WIPE_END
G1 Z404 F15000
G1 X293.984 Y391.908 Z404
G1 Z403
G1 E17 F9000
;TYPE:Sparse infill
;WIDTH:3.2
G1 F2779.614
G1 X293.984 Y380.396 E49.70059
G1 X380.396 Y293.984 E527.5739
G1 X391.908 Y293.984 E49.70059
;WIPE_START
G1 F600
G1 X384.908 Y293.984 E-10
;WIPE_END
G1 Z404 F15000
G1 X293.984 Y554.718 Z404
G1 Z403
G1 E17 F9000
G1 F2779.614
G1 X293.984 Y543.206 E49.70059
G1 X543.206 Y293.984 E1521.58568
G1 X554.718 Y293.984 E49.70059
M73 P96 R26
;WIPE_START
G1 F600
G1 X547.718 Y293.984 E-10
;WIPE_END
G1 Z404 F15000
G1 X706.016 Y391.908 Z404
G1 Z403
G1 E17 F9000
G1 F2779.614
G1 X706.016 Y380.396 E49.70059
G1 X619.604 Y293.984 E527.57392
G1 X608.092 Y293.984 E49.70059
;WIPE_START
G1 F600
G1 X615.092 Y293.984 E-10
;WIPE_END
G1 Z404 F15000
G1 X706.016 Y554.718 Z404
G1 Z403
G1 E17 F9000
G1 F2779.614
G1 X706.016 Y543.206 E49.70059
G1 X456.794 Y293.984 E1521.58569
G1 X445.282 Y293.984 E49.70059
;WIPE_START
G1 F600
G1 X452.282 Y293.984 E-10
;WIPE_END
G1 Z404 F15000
G1 X445.282 Y706.016 Z404
G1 Z403
G1 E17 F9000
G1 F2779.614
G1 X456.794 Y706.016 E49.70059
G1 X706.016 Y456.794 E1521.58571
G1 X706.016 Y445.282 E49.70059
;WIPE_START
G1 F600
G1 X706.016 Y452.282 E-10
;WIPE_END
G1 Z404 F15000
G1 X694.503 Y706.016 Z404
G1 Z403
G1 E17 F9000
G1 F2779.614
G1 X706.016 Y706.016 E49.70059
G1 X293.984 Y293.984 E2515.59745
G1 X305.497 Y293.984 E49.70059
;WIPE_START
G1 F600
G1 X298.497 Y293.984 E-10
;WIPE_END
G1 Z404 F15000
G1 X305.497 Y706.016 Z404
G1 Z403
G1 E17 F9000
G1 F2779.614
G1 X293.984 Y706.016 E49.70028
G1 X706.016 Y293.984 E2515.59704
G1 X694.503 Y293.984 E49.7003
M73 P96 R25
;WIPE_START
G1 F600
G1 X701.503 Y293.984 E-10
;WIPE_END
G1 Z404 F15000
G1 X608.092 Y706.016 Z404
G1 Z403
G1 E17 F9000
G1 F2779.614
G1 X619.604 Y706.016 E49.70059
G1 X706.016 Y619.604 E527.57393
G1 X706.016 Y608.092 E49.70059
;WIPE_START
G1 F600
G1 X706.016 Y615.092 E-10
;WIPE_END
G1 Z404 F15000
G1 X554.718 Y706.016 Z404
G1 Z403
G1 E17 F9000
G1 F2779.614
G1 X543.206 Y706.016 E49.70059
G1 X293.984 Y456.794 E1521.58569
G1 X293.984 Y445.282 E49.70059
;WIPE_START
G1 F600
G1 X293.984 Y452.282 E-10
;WIPE_END
G1 Z404 F15000
G1 X391.908 Y706.016 Z404
G1 Z403
G1 E17 F9000
G1 F2779.614
G1 X380.396 Y706.016 E49.70059
G1 X293.984 Y619.604 E527.57392
G1 X293.984 Y608.092 E49.70059
; stop printing object Cube id:0 copy 0
;LAYER_CHANGE
;Z:404.5
;HEIGHT:1.5
;BEFORE_LAYER_CHANGE
;404.5
G92 E0

EXCLUDE_OBJECT_END NAME=Cube_id_0_copy_0
;AFTER_LAYER_CHANGE
;404.5
;_SET_FAN_SPEED_CHANGING_LAYER
; printing object Cube id:0 copy 0
;WIPE_START
G1 F600
G1 X293.984 Y615.092 E-10
;WIPE_END
EXCLUDE_OBJECT_START NAME=Cube_id_0_copy_0
G1 Z405.5 F15000
G1 X291.538 Y708.462 Z405.5
G1 Z404.5
G1 E17 F9000
;TYPE:Outer wall
;WIDTH:3.2
G1 F2779.615
G1 X291.538 Y291.538 E1799.91857
G1 X708.462 Y291.538 E1799.91857
G1 X708.462 Y708.462 E1799.91857
G1 X291.838 Y708.462 E1798.62343
;WIPE_START
G1 F600
M73 P96 R24
G1 X291.833 Y701.462 E-10
;WIPE_END
G1 Z405.5 F15000
G1 X293.984 Y608.092 Z405.5
G1 Z404.5
G1 E17 F9000
;TYPE:Sparse infill
;WIDTH:3.2
G1 F2779.614
G1 X293.984 Y619.604 E49.70059
G1 X380.396 Y706.016 E527.57392
G1 X391.908 Y706.016 E49.70059
;WIPE_START
G1 F600
G1 X384.908 Y706.016 E-10
;WIPE_END
G1 Z405.5 F15000
G1 X293.984 Y445.282 Z405.5
G1 Z404.5
G1 E17 F9000
G1 F2779.614
G1 X293.984 Y456.794 E49.70059
G1 X543.206 Y706.016 E1521.58569
G1 X554.718 Y706.016 E49.70059
;WIPE_START
G1 F600
G1 X547.718 Y706.016 E-10
;WIPE_END
G1 Z405.5 F15000
G1 X706.016 Y608.092 Z405.5
G1 Z404.5
G1 E17 F9000
G1 F2779.614
G1 X706.016 Y619.604 E49.70059
G1 X619.604 Y706.016 E527.57393
G1 X608.092 Y706.016 E49.70059
;WIPE_START
G1 F600
G1 X615.092 Y706.016 E-10
;WIPE_END
G1 Z405.5 F15000
G1 X706.016 Y445.282 Z405.5
G1 Z404.5
G1 E17 F9000
G1 F2779.614
G1 X706.016 Y456.794 E49.70059
G1 X456.794 Y706.016 E1521.58571
G1 X445.282 Y706.016 E49.70059
;WIPE_START
G1 F600
G1 X452.282 Y706.016 E-10
;WIPE_END
G1 Z405.5 F15000
G1 X445.282 Y293.984 Z405.5
G1 Z404.5
G1 E17 F9000
G1 F2779.614
G1 X456.794 Y293.984 E49.70059
G1 X706.016 Y543.206 E1521.58569
G1 X706.016 Y554.718 E49.70059
;WIPE_START
G1 F600
G1 X706.016 Y547.718 E-10
;WIPE_END
G1 Z405.5 F15000
G1 X694.503 Y293.984 Z405.5
G1 Z404.5
G1 E17 F9000
G1 F2779.614
G1 X706.016 Y293.984 E49.7003
G1 X293.984 Y706.016 E2515.59704
G1 X305.497 Y706.016 E49.70028
M73 P96 R23
;WIPE_START
G1 F600
G1 X298.497 Y706.016 E-10
;WIPE_END
G1 Z405.5 F15000
G1 X305.497 Y293.984 Z405.5
G1 Z404.5
G1 E17 F9000
G1 F2779.614
G1 X293.984 Y293.984 E49.70059
G1 X706.016 Y706.016 E2515.59745
G1 X694.503 Y706.016 E49.70059
;WIPE_START
G1 F600
G1 X701.503 Y706.016 E-10
;WIPE_END
G1 Z405.5 F15000
G1 X608.092 Y293.984 Z405.5
G1 Z404.5
G1 E17 F9000
G1 F2779.614
G1 X619.604 Y293.984 E49.70059
G1 X706.016 Y380.396 E527.57392
G1 X706.016 Y391.908 E49.70059
;WIPE_START
G1 F600
G1 X706.016 Y384.908 E-10
;WIPE_END
G1 Z405.5 F15000
G1 X554.718 Y293.984 Z405.5
G1 Z404.5
G1 E17 F9000
G1 F2779.614
G1 X543.206 Y293.984 E49.70059
G1 X293.984 Y543.206 E1521.58568
G1 X293.984 Y554.718 E49.70059
;WIPE_START
G1 F600
G1 X293.984 Y547.718 E-10
;WIPE_END
G1 Z405.5 F15000
G1 X391.908 Y293.984 Z405.5
G1 Z404.5
G1 E17 F9000
G1 F2779.614
G1 X380.396 Y293.984 E49.70059
G1 X293.984 Y380.396 E527.5739
G1 X293.984 Y391.908 E49.70059
; stop printing object Cube id:0 copy 0
;LAYER_CHANGE
;Z:406
;HEIGHT:1.5
;BEFORE_LAYER_CHANGE
;406
G92 E0

EXCLUDE_OBJECT_END NAME=Cube_id_0_copy_0
;AFTER_LAYER_CHANGE
;406
;_SET_FAN_SPEED_CHANGING_LAYER
; printing object Cube id:0 copy 0
;WIPE_START
G1 F600
G1 X293.984 Y384.908 E-10
;WIPE_END
EXCLUDE_OBJECT_START NAME=Cube_id_0_copy_0
G1 Z407 F15000
G1 X291.538 Y291.538 Z407
G1 Z406
G1 E17 F9000
;TYPE:Outer wall
;WIDTH:3.2
G1 F2779.615
G1 X708.462 Y291.538 E1799.91857
G1 X708.462 Y708.462 E1799.91857
G1 X291.538 Y708.462 E1799.91857
M73 P96 R22
G1 X291.538 Y291.838 E1798.62343
;WIPE_START
G1 F600
G1 X298.538 Y291.833 E-10
;WIPE_END
G1 Z407 F15000
G1 X293.984 Y391.908 Z407
G1 Z406
G1 E17 F9000
;TYPE:Sparse infill
;WIDTH:3.2
G1 F2779.614
G1 X293.984 Y380.396 E49.70059
G1 X380.396 Y293.984 E527.5739
G1 X391.908 Y293.984 E49.70059
;WIPE_START
G1 F600
G1 X384.908 Y293.984 E-10
;WIPE_END
G1 Z407 F15000
G1 X293.984 Y554.718 Z407
G1 Z406
G1 E17 F9000
G1 F2779.614
G1 X293.984 Y543.206 E49.70059
G1 X543.206 Y293.984 E1521.58568
G1 X554.718 Y293.984 E49.70059
;WIPE_START
G1 F600
G1 X547.718 Y293.984 E-10
;WIPE_END
G1 Z407 F15000
G1 X706.016 Y391.908 Z407
G1 Z406
G1 E17 F9000
G1 F2779.614
G1 X706.016 Y380.396 E49.70059
G1 X619.604 Y293.984 E527.57392
G1 X608.092 Y293.984 E49.70059
;WIPE_START
G1 F600
G1 X615.092 Y293.984 E-10
;WIPE_END
G1 Z407 F15000
G1 X706.016 Y554.718 Z407
G1 Z406
G1 E17 F9000
G1 F2779.614
G1 X706.016 Y543.206 E49.70059
G1 X456.794 Y293.984 E1521.58569
G1 X445.282 Y293.984 E49.70059
;WIPE_START
G1 F600
G1 X452.282 Y293.984 E-10
;WIPE_END
G1 Z407 F15000
G1 X445.282 Y706.016 Z407
G1 Z406
M73 P96 R21
G1 E17 F9000
G1 F2779.614
G1 X456.794 Y706.016 E49.70059
G1 X706.016 Y456.794 E1521.58571
G1 X706.016 Y445.282 E49.70059
;WIPE_START
G1 F600
G1 X706.016 Y452.282 E-10
;WIPE_END
G1 Z407 F15000
G1 X694.503 Y706.016 Z407
G1 Z406
G1 E17 F9000
G1 F2779.614
G1 X706.016 Y706.016 E49.70059
G1 X293.984 Y293.984 E2515.59745
G1 X305.497 Y293.984 E49.70059
;WIPE_START
G1 F600
G1 X298.497 Y293.984 E-10
;WIPE_END
G1 Z407 F15000
G1 X305.497 Y706.016 Z407
G1 Z406
G1 E17 F9000
G1 F2779.614
G1 X293.984 Y706.016 E49.70028
G1 X706.016 Y293.984 E2515.59704
G1 X694.503 Y293.984 E49.7003
;WIPE_START
G1 F600
G1 X701.503 Y293.984 E-10
;WIPE_END
G1 Z407 F15000
G1 X608.092 Y706.016 Z407
G1 Z406
G1 E17 F9000
G1 F2779.614
G1 X619.604 Y706.016 E49.70059
G1 X706.016 Y619.604 E527.57393
G1 X706.016 Y608.092 E49.70059
;WIPE_START
G1 F600
G1 X706.016 Y615.092 E-10
;WIPE_END
G1 Z407 F15000
G1 X554.718 Y706.016 Z407
G1 Z406
G1 E17 F9000
G1 F2779.614
G1 X543.206 Y706.016 E49.70059
G1 X293.984 Y456.794 E1521.58569
G1 X293.984 Y445.282 E49.70059
;WIPE_START
G1 F600
M73 P96 R20
G1 X293.984 Y452.282 E-10
;WIPE_END
G1 Z407 F15000
G1 X391.908 Y706.016 Z407
M73 P97 R20
G1 Z406
G1 E17 F9000
G1 F2779.614
G1 X380.396 Y706.016 E49.70059
G1 X293.984 Y619.604 E527.57392
G1 X293.984 Y608.092 E49.70059
; stop printing object Cube id:0 copy 0
;LAYER_CHANGE
;Z:407.5
;HEIGHT:1.5
;BEFORE_LAYER_CHANGE
;407.5
G92 E0

EXCLUDE_OBJECT_END NAME=Cube_id_0_copy_0
;AFTER_LAYER_CHANGE
;407.5
;_SET_FAN_SPEED_CHANGING_LAYER
; printing object Cube id:0 copy 0
;WIPE_START
G1 F600
G1 X293.984 Y615.092 E-10
;WIPE_END
EXCLUDE_OBJECT_START NAME=Cube_id_0_copy_0
G1 Z408.5 F15000
G1 X291.538 Y708.462 Z408.5
G1 Z407.5
G1 E17 F9000
;TYPE:Outer wall
;WIDTH:3.2
G1 F2779.615
G1 X291.538 Y291.538 E1799.91857
G1 X708.462 Y291.538 E1799.91857
G1 X708.462 Y708.462 E1799.91857
G1 X291.838 Y708.462 E1798.62343
;WIPE_START
G1 F600
G1 X291.833 Y701.462 E-10
;WIPE_END
G1 Z408.5 F15000
G1 X293.984 Y608.092 Z408.5
G1 Z407.5
G1 E17 F9000
;TYPE:Sparse infill
;WIDTH:3.2
G1 F2779.614
G1 X293.984 Y619.604 E49.70059
G1 X380.396 Y706.016 E527.57392
G1 X391.908 Y706.016 E49.70059
;WIPE_START
G1 F600
G1 X384.908 Y706.016 E-10
;WIPE_END
G1 Z408.5 F15000
G1 X293.984 Y445.282 Z408.5
G1 Z407.5
G1 E17 F9000
G1 F2779.614
G1 X293.984 Y456.794 E49.70059
G1 X543.206 Y706.016 E1521.58569
G1 X554.718 Y706.016 E49.70059
M73 P97 R19
;WIPE_START
G1 F600
G1 X547.718 Y706.016 E-10
;WIPE_END
G1 Z408.5 F15000
G1 X706.016 Y608.092 Z408.5
G1 Z407.5
G1 E17 F9000
G1 F2779.614
G1 X706.016 Y619.604 E49.70059
G1 X619.604 Y706.016 E527.57393
G1 X608.092 Y706.016 E49.70059
;WIPE_START
G1 F600
G1 X615.092 Y706.016 E-10
;WIPE_END
G1 Z408.5 F15000
G1 X706.016 Y445.282 Z408.5
G1 Z407.5
G1 E17 F9000
G1 F2779.614
G1 X706.016 Y456.794 E49.70059
G1 X456.794 Y706.016 E1521.58571
G1 X445.282 Y706.016 E49.70059
;WIPE_START
G1 F600
G1 X452.282 Y706.016 E-10
;WIPE_END
G1 Z408.5 F15000
G1 X445.282 Y293.984 Z408.5
G1 Z407.5
G1 E17 F9000
G1 F2779.614
G1 X456.794 Y293.984 E49.70059
G1 X706.016 Y543.206 E1521.58569
G1 X706.016 Y554.718 E49.70059
;WIPE_START
G1 F600
G1 X706.016 Y547.718 E-10
;WIPE_END
G1 Z408.5 F15000
G1 X694.503 Y293.984 Z408.5
G1 Z407.5
G1 E17 F9000
G1 F2779.614
G1 X706.016 Y293.984 E49.7003
G1 X293.984 Y706.016 E2515.59704
G1 X305.497 Y706.016 E49.70028
;WIPE_START
G1 F600
G1 X298.497 Y706.016 E-10
;WIPE_END
G1 Z408.5 F15000
G1 X305.497 Y293.984 Z408.5
G1 Z407.5
G1 E17 F9000
G1 F2779.614
G1 X293.984 Y293.984 E49.70059
G1 X706.016 Y706.016 E2515.59745
G1 X694.503 Y706.016 E49.70059
M73 P97 R18
;WIPE_START
G1 F600
G1 X701.503 Y706.016 E-10
;WIPE_END
G1 Z408.5 F15000
G1 X608.092 Y293.984 Z408.5
G1 Z407.5
G1 E17 F9000
G1 F2779.614
G1 X619.604 Y293.984 E49.70059
G1 X706.016 Y380.396 E527.57392
G1 X706.016 Y391.908 E49.70059
;WIPE_START
G1 F600
G1 X706.016 Y384.908 E-10
;WIPE_END
G1 Z408.5 F15000
G1 X554.718 Y293.984 Z408.5
G1 Z407.5
G1 E17 F9000
G1 F2779.614
G1 X543.206 Y293.984 E49.70059
G1 X293.984 Y543.206 E1521.58568
G1 X293.984 Y554.718 E49.70059
;WIPE_START
G1 F600
G1 X293.984 Y547.718 E-10
;WIPE_END
G1 Z408.5 F15000
G1 X391.908 Y293.984 Z408.5
G1 Z407.5
G1 E17 F9000
G1 F2779.614
G1 X380.396 Y293.984 E49.70059
G1 X293.984 Y380.396 E527.5739
G1 X293.984 Y391.908 E49.70059
; stop printing object Cube id:0 copy 0
;LAYER_CHANGE
;Z:409
;HEIGHT:1.5
;BEFORE_LAYER_CHANGE
;409
G92 E0

EXCLUDE_OBJECT_END NAME=Cube_id_0_copy_0
;AFTER_LAYER_CHANGE
;409
;_SET_FAN_SPEED_CHANGING_LAYER
; printing object Cube id:0 copy 0
;WIPE_START
G1 F600
G1 X293.984 Y384.908 E-10
;WIPE_END
EXCLUDE_OBJECT_START NAME=Cube_id_0_copy_0
G1 Z410 F15000
G1 X291.538 Y291.538 Z410
G1 Z409
G1 E17 F9000
;TYPE:Outer wall
;WIDTH:3.2
G1 F2779.615
G1 X708.462 Y291.538 E1799.91857
G1 X708.462 Y708.462 E1799.91857
G1 X291.538 Y708.462 E1799.91857
G1 X291.538 Y291.838 E1798.62343
;WIPE_START
G1 F600
M73 P97 R17
G1 X298.538 Y291.833 E-10
;WIPE_END
G1 Z410 F15000
G1 X293.984 Y391.908 Z410
G1 Z409
G1 E17 F9000
;TYPE:Sparse infill
;WIDTH:3.2
G1 F2779.614
G1 X293.984 Y380.396 E49.70059
G1 X380.396 Y293.984 E527.5739
G1 X391.908 Y293.984 E49.70059
;WIPE_START
G1 F600
G1 X384.908 Y293.984 E-10
;WIPE_END
G1 Z410 F15000
G1 X293.984 Y554.718 Z410
G1 Z409
G1 E17 F9000
G1 F2779.614
G1 X293.984 Y543.206 E49.70059
G1 X543.206 Y293.984 E1521.58568
G1 X554.718 Y293.984 E49.70059
;WIPE_START
G1 F600
G1 X547.718 Y293.984 E-10
;WIPE_END
G1 Z410 F15000
G1 X706.016 Y391.908 Z410
G1 Z409
G1 E17 F9000
G1 F2779.614
G1 X706.016 Y380.396 E49.70059
G1 X619.604 Y293.984 E527.57392
G1 X608.092 Y293.984 E49.70059
;WIPE_START
G1 F600
G1 X615.092 Y293.984 E-10
;WIPE_END
G1 Z410 F15000
G1 X706.016 Y554.718 Z410
G1 Z409
G1 E17 F9000
G1 F2779.614
G1 X706.016 Y543.206 E49.70059
G1 X456.794 Y293.984 E1521.58569
G1 X445.282 Y293.984 E49.70059
;WIPE_START
G1 F600
G1 X452.282 Y293.984 E-10
;WIPE_END
G1 Z410 F15000
G1 X445.282 Y706.016 Z410
G1 Z409
G1 E17 F9000
G1 F2779.614
G1 X456.794 Y706.016 E49.70059
G1 X706.016 Y456.794 E1521.58571
G1 X706.016 Y445.282 E49.70059
;WIPE_START
G1 F600
G1 X706.016 Y452.282 E-10
;WIPE_END
G1 Z410 F15000
G1 X694.503 Y706.016 Z410
G1 Z409
G1 E17 F9000
G1 F2779.614
G1 X706.016 Y706.016 E49.70059
G1 X293.984 Y293.984 E2515.59745
G1 X305.497 Y293.984 E49.70059
M73 P97 R16
;WIPE_START
G1 F600
G1 X298.497 Y293.984 E-10
;WIPE_END
G1 Z410 F15000
G1 X305.497 Y706.016 Z410
G1 Z409
G1 E17 F9000
G1 F2779.614
G1 X293.984 Y706.016 E49.70028
G1 X706.016 Y293.984 E2515.59704
G1 X694.503 Y293.984 E49.7003
;WIPE_START
G1 F600
G1 X701.503 Y293.984 E-10
;WIPE_END
G1 Z410 F15000
G1 X608.092 Y706.016 Z410
G1 Z409
G1 E17 F9000
G1 F2779.614
G1 X619.604 Y706.016 E49.70059
G1 X706.016 Y619.604 E527.57393
G1 X706.016 Y608.092 E49.70059
;WIPE_START
G1 F600
G1 X706.016 Y615.092 E-10
;WIPE_END
G1 Z410 F15000
G1 X554.718 Y706.016 Z410
G1 Z409
G1 E17 F9000
G1 F2779.614
G1 X543.206 Y706.016 E49.70059
G1 X293.984 Y456.794 E1521.58569
G1 X293.984 Y445.282 E49.70059
;WIPE_START
G1 F600
G1 X293.984 Y452.282 E-10
;WIPE_END
G1 Z410 F15000
G1 X391.908 Y706.016 Z410
G1 Z409
G1 E17 F9000
G1 F2779.614
G1 X380.396 Y706.016 E49.70059
G1 X293.984 Y619.604 E527.57392
G1 X293.984 Y608.092 E49.70059
; stop printing object Cube id:0 copy 0
;LAYER_CHANGE
;Z:410.5
;HEIGHT:1.5
;BEFORE_LAYER_CHANGE
;410.5
G92 E0

EXCLUDE_OBJECT_END NAME=Cube_id_0_copy_0
;AFTER_LAYER_CHANGE
;410.5
;_SET_FAN_SPEED_CHANGING_LAYER
; printing object Cube id:0 copy 0
;WIPE_START
G1 F600
G1 X293.984 Y615.092 E-10
;WIPE_END
EXCLUDE_OBJECT_START NAME=Cube_id_0_copy_0
G1 Z411.5 F15000
G1 X291.538 Y708.462 Z411.5
G1 Z410.5
G1 E17 F9000
;TYPE:Outer wall
;WIDTH:3.2
G1 F2779.615
G1 X291.538 Y291.538 E1799.91857
G1 X708.462 Y291.538 E1799.91857
G1 X708.462 Y708.462 E1799.91857
M73 P97 R15
G1 X291.838 Y708.462 E1798.62343
;WIPE_START
G1 F600
G1 X291.833 Y701.462 E-10
;WIPE_END
G1 Z411.5 F15000
G1 X293.984 Y608.092 Z411.5
G1 Z410.5
G1 E17 F9000
;TYPE:Sparse infill
;WIDTH:3.2
G1 F2779.614
G1 X293.984 Y619.604 E49.70059
G1 X380.396 Y706.016 E527.57392
G1 X391.908 Y706.016 E49.70059
;WIPE_START
G1 F600
G1 X384.908 Y706.016 E-10
;WIPE_END
G1 Z411.5 F15000
G1 X293.984 Y445.282 Z411.5
G1 Z410.5
G1 E17 F9000
G1 F2779.614
G1 X293.984 Y456.794 E49.70059
G1 X543.206 Y706.016 E1521.58569
G1 X554.718 Y706.016 E49.70059
;WIPE_START
G1 F600
G1 X547.718 Y706.016 E-10
;WIPE_END
G1 Z411.5 F15000
G1 X706.016 Y608.092 Z411.5
G1 Z410.5
G1 E17 F9000
G1 F2779.614
G1 X706.016 Y619.604 E49.70059
G1 X619.604 Y706.016 E527.57393
G1 X608.092 Y706.016 E49.70059
;WIPE_START
G1 F600
G1 X615.092 Y706.016 E-10
;WIPE_END
G1 Z411.5 F15000
G1 X706.016 Y445.282 Z411.5
G1 Z410.5
G1 E17 F9000
G1 F2779.614
G1 X706.016 Y456.794 E49.70059
G1 X456.794 Y706.016 E1521.58571
G1 X445.282 Y706.016 E49.70059
;WIPE_START
G1 F600
G1 X452.282 Y706.016 E-10
;WIPE_END
G1 Z411.5 F15000
G1 X445.282 Y293.984 Z411.5
G1 Z410.5
G1 E17 F9000
G1 F2779.614
G1 X456.794 Y293.984 E49.70059
G1 X706.016 Y543.206 E1521.58569
G1 X706.016 Y554.718 E49.70059
M73 P97 R14
;WIPE_START
G1 F600
G1 X706.016 Y547.718 E-10
;WIPE_END
G1 Z411.5 F15000
G1 X694.503 Y293.984 Z411.5
G1 Z410.5
G1 E17 F9000
G1 F2779.614
G1 X706.016 Y293.984 E49.7003
G1 X293.984 Y706.016 E2515.59704
G1 X305.497 Y706.016 E49.70028
;WIPE_START
G1 F600
G1 X298.497 Y706.016 E-10
;WIPE_END
G1 Z411.5 F15000
G1 X305.497 Y293.984 Z411.5
G1 Z410.5
G1 E17 F9000
G1 F2779.614
G1 X293.984 Y293.984 E49.70059
G1 X706.016 Y706.016 E2515.59745
G1 X694.503 Y706.016 E49.70059
;WIPE_START
G1 F600
G1 X701.503 Y706.016 E-10
;WIPE_END
G1 Z411.5 F15000
G1 X608.092 Y293.984 Z411.5
G1 Z410.5
G1 E17 F9000
G1 F2779.614
G1 X619.604 Y293.984 E49.70059
G1 X706.016 Y380.396 E527.57392
G1 X706.016 Y391.908 E49.70059
;WIPE_START
G1 F600
G1 X706.016 Y384.908 E-10
;WIPE_END
G1 Z411.5 F15000
G1 X554.718 Y293.984 Z411.5
G1 Z410.5
G1 E17 F9000
G1 F2779.614
G1 X543.206 Y293.984 E49.70059
G1 X293.984 Y543.206 E1521.58568
G1 X293.984 Y554.718 E49.70059
;WIPE_START
G1 F600
G1 X293.984 Y547.718 E-10
;WIPE_END
G1 Z411.5 F15000
G1 X391.908 Y293.984 Z411.5
G1 Z410.5
G1 E17 F9000
M73 P97 R13
G1 F2779.614
G1 X380.396 Y293.984 E49.70059
G1 X293.984 Y380.396 E527.5739
M73 P98 R13
G1 X293.984 Y391.908 E49.70059
; stop printing object Cube id:0 copy 0
;LAYER_CHANGE
;Z:412
;HEIGHT:1.5
;BEFORE_LAYER_CHANGE
;412
G92 E0

EXCLUDE_OBJECT_END NAME=Cube_id_0_copy_0
;AFTER_LAYER_CHANGE
;412
;_SET_FAN_SPEED_CHANGING_LAYER
; printing object Cube id:0 copy 0
;WIPE_START
G1 F600
G1 X293.984 Y384.908 E-10
;WIPE_END
EXCLUDE_OBJECT_START NAME=Cube_id_0_copy_0
G1 Z413 F15000
G1 X291.538 Y291.538 Z413
G1 Z412
G1 E17 F9000
;TYPE:Outer wall
;WIDTH:3.2
G1 F2779.615
G1 X708.462 Y291.538 E1799.91857
G1 X708.462 Y708.462 E1799.91857
G1 X291.538 Y708.462 E1799.91857
G1 X291.538 Y291.838 E1798.62343
;WIPE_START
G1 F600
G1 X298.538 Y291.833 E-10
;WIPE_END
G1 Z413 F15000
G1 X293.984 Y391.908 Z413
G1 Z412
G1 E17 F9000
;TYPE:Sparse infill
;WIDTH:3.2
G1 F2779.614
G1 X293.984 Y380.396 E49.70059
G1 X380.396 Y293.984 E527.5739
G1 X391.908 Y293.984 E49.70059
;WIPE_START
G1 F600
G1 X384.908 Y293.984 E-10
;WIPE_END
G1 Z413 F15000
G1 X293.984 Y554.718 Z413
G1 Z412
G1 E17 F9000
G1 F2779.614
G1 X293.984 Y543.206 E49.70059
G1 X543.206 Y293.984 E1521.58568
G1 X554.718 Y293.984 E49.70059
;WIPE_START
G1 F600
G1 X547.718 Y293.984 E-10
;WIPE_END
G1 Z413 F15000
G1 X706.016 Y391.908 Z413
G1 Z412
M73 P98 R12
G1 E17 F9000
G1 F2779.614
G1 X706.016 Y380.396 E49.70059
G1 X619.604 Y293.984 E527.57392
G1 X608.092 Y293.984 E49.70059
;WIPE_START
G1 F600
G1 X615.092 Y293.984 E-10
;WIPE_END
G1 Z413 F15000
G1 X706.016 Y554.718 Z413
G1 Z412
G1 E17 F9000
G1 F2779.614
G1 X706.016 Y543.206 E49.70059
G1 X456.794 Y293.984 E1521.58569
G1 X445.282 Y293.984 E49.70059
;WIPE_START
G1 F600
G1 X452.282 Y293.984 E-10
;WIPE_END
G1 Z413 F15000
G1 X445.282 Y706.016 Z413
G1 Z412
G1 E17 F9000
G1 F2779.614
G1 X456.794 Y706.016 E49.70059
G1 X706.016 Y456.794 E1521.58571
G1 X706.016 Y445.282 E49.70059
;WIPE_START
G1 F600
G1 X706.016 Y452.282 E-10
;WIPE_END
G1 Z413 F15000
G1 X694.503 Y706.016 Z413
G1 Z412
G1 E17 F9000
G1 F2779.614
G1 X706.016 Y706.016 E49.70059
G1 X293.984 Y293.984 E2515.59745
G1 X305.497 Y293.984 E49.70059
;WIPE_START
G1 F600
G1 X298.497 Y293.984 E-10
;WIPE_END
G1 Z413 F15000
G1 X305.497 Y706.016 Z413
G1 Z412
G1 E17 F9000
G1 F2779.614
G1 X293.984 Y706.016 E49.70028
G1 X706.016 Y293.984 E2515.59704
G1 X694.503 Y293.984 E49.7003
;WIPE_START
G1 F600
G1 X701.503 Y293.984 E-10
;WIPE_END
G1 Z413 F15000
M73 P98 R11
G1 X608.092 Y706.016 Z413
G1 Z412
G1 E17 F9000
G1 F2779.614
G1 X619.604 Y706.016 E49.70059
G1 X706.016 Y619.604 E527.57393
G1 X706.016 Y608.092 E49.70059
;WIPE_START
G1 F600
G1 X706.016 Y615.092 E-10
;WIPE_END
G1 Z413 F15000
G1 X554.718 Y706.016 Z413
G1 Z412
G1 E17 F9000
G1 F2779.614
G1 X543.206 Y706.016 E49.70059
G1 X293.984 Y456.794 E1521.58569
G1 X293.984 Y445.282 E49.70059
;WIPE_START
G1 F600
G1 X293.984 Y452.282 E-10
;WIPE_END
G1 Z413 F15000
G1 X391.908 Y706.016 Z413
G1 Z412
G1 E17 F9000
G1 F2779.614
G1 X380.396 Y706.016 E49.70059
G1 X293.984 Y619.604 E527.57392
G1 X293.984 Y608.092 E49.70059
; stop printing object Cube id:0 copy 0
;LAYER_CHANGE
;Z:413.5
;HEIGHT:1.5
;BEFORE_LAYER_CHANGE
;413.5
G92 E0

EXCLUDE_OBJECT_END NAME=Cube_id_0_copy_0
;AFTER_LAYER_CHANGE
;413.5
;_SET_FAN_SPEED_CHANGING_LAYER
; printing object Cube id:0 copy 0
;WIPE_START
G1 F600
G1 X293.984 Y615.092 E-10
;WIPE_END
EXCLUDE_OBJECT_START NAME=Cube_id_0_copy_0
G1 Z414.5 F15000
G1 X291.538 Y708.462 Z414.5
G1 Z413.5
G1 E17 F9000
;TYPE:Outer wall
;WIDTH:3.2
G1 F2779.615
G1 X291.538 Y291.538 E1799.91857
G1 X708.462 Y291.538 E1799.91857
G1 X708.462 Y708.462 E1799.91857
G1 X291.838 Y708.462 E1798.62343
;WIPE_START
G1 F600
M73 P98 R10
G1 X291.833 Y701.462 E-10
;WIPE_END
G1 Z414.5 F15000
G1 X293.984 Y608.092 Z414.5
G1 Z413.5
G1 E17 F9000
;TYPE:Sparse infill
;WIDTH:3.2
G1 F2779.614
G1 X293.984 Y619.604 E49.70059
G1 X380.396 Y706.016 E527.57392
G1 X391.908 Y706.016 E49.70059
;WIPE_START
G1 F600
G1 X384.908 Y706.016 E-10
;WIPE_END
G1 Z414.5 F15000
G1 X293.984 Y445.282 Z414.5
G1 Z413.5
G1 E17 F9000
G1 F2779.614
G1 X293.984 Y456.794 E49.70059
G1 X543.206 Y706.016 E1521.58569
G1 X554.718 Y706.016 E49.70059
;WIPE_START
G1 F600
G1 X547.718 Y706.016 E-10
;WIPE_END
G1 Z414.5 F15000
G1 X706.016 Y608.092 Z414.5
G1 Z413.5
G1 E17 F9000
G1 F2779.614
G1 X706.016 Y619.604 E49.70059
G1 X619.604 Y706.016 E527.57393
G1 X608.092 Y706.016 E49.70059
;WIPE_START
G1 F600
G1 X615.092 Y706.016 E-10
;WIPE_END
G1 Z414.5 F15000
G1 X706.016 Y445.282 Z414.5
G1 Z413.5
G1 E17 F9000
G1 F2779.614
G1 X706.016 Y456.794 E49.70059
G1 X456.794 Y706.016 E1521.58571
G1 X445.282 Y706.016 E49.70059
;WIPE_START
G1 F600
G1 X452.282 Y706.016 E-10
;WIPE_END
G1 Z414.5 F15000
G1 X445.282 Y293.984 Z414.5
G1 Z413.5
G1 E17 F9000
G1 F2779.614
G1 X456.794 Y293.984 E49.70059
G1 X706.016 Y543.206 E1521.58569
G1 X706.016 Y554.718 E49.70059
;WIPE_START
G1 F600
G1 X706.016 Y547.718 E-10
;WIPE_END
G1 Z414.5 F15000
G1 X694.503 Y293.984 Z414.5
G1 Z413.5
G1 E17 F9000
G1 F2779.614
G1 X706.016 Y293.984 E49.7003
G1 X293.984 Y706.016 E2515.59704
G1 X305.497 Y706.016 E49.70028
M73 P98 R9
;WIPE_START
G1 F600
G1 X298.497 Y706.016 E-10
;WIPE_END
G1 Z414.5 F15000
G1 X305.497 Y293.984 Z414.5
G1 Z413.5
G1 E17 F9000
G1 F2779.614
G1 X293.984 Y293.984 E49.70059
G1 X706.016 Y706.016 E2515.59745
G1 X694.503 Y706.016 E49.70059
;WIPE_START
G1 F600
G1 X701.503 Y706.016 E-10
;WIPE_END
G1 Z414.5 F15000
G1 X608.092 Y293.984 Z414.5
G1 Z413.5
G1 E17 F9000
G1 F2779.614
G1 X619.604 Y293.984 E49.70059
G1 X706.016 Y380.396 E527.57392
G1 X706.016 Y391.908 E49.70059
;WIPE_START
G1 F600
G1 X706.016 Y384.908 E-10
;WIPE_END
G1 Z414.5 F15000
G1 X554.718 Y293.984 Z414.5
G1 Z413.5
G1 E17 F9000
G1 F2779.614
G1 X543.206 Y293.984 E49.70059
G1 X293.984 Y543.206 E1521.58568
G1 X293.984 Y554.718 E49.70059
;WIPE_START
G1 F600
G1 X293.984 Y547.718 E-10
;WIPE_END
G1 Z414.5 F15000
G1 X391.908 Y293.984 Z414.5
G1 Z413.5
G1 E17 F9000
G1 F2779.614
G1 X380.396 Y293.984 E49.70059
G1 X293.984 Y380.396 E527.5739
G1 X293.984 Y391.908 E49.70059
; stop printing object Cube id:0 copy 0
;LAYER_CHANGE
;Z:415
;HEIGHT:1.5
;BEFORE_LAYER_CHANGE
;415
G92 E0

EXCLUDE_OBJECT_END NAME=Cube_id_0_copy_0
;AFTER_LAYER_CHANGE
;415
;_SET_FAN_SPEED_CHANGING_LAYER
; printing object Cube id:0 copy 0
;WIPE_START
G1 F600
G1 X293.984 Y384.908 E-10
;WIPE_END
EXCLUDE_OBJECT_START NAME=Cube_id_0_copy_0
G1 Z416 F15000
G1 X291.538 Y291.538 Z416
G1 Z415
G1 E17 F9000
;TYPE:Outer wall
;WIDTH:3.2
G1 F2779.615
G1 X708.462 Y291.538 E1799.91857
G1 X708.462 Y708.462 E1799.91857
G1 X291.538 Y708.462 E1799.91857
M73 P98 R8
G1 X291.538 Y291.838 E1798.62343
;WIPE_START
G1 F600
G1 X298.538 Y291.833 E-10
;WIPE_END
G1 Z416 F15000
G1 X293.984 Y391.908 Z416
G1 Z415
G1 E17 F9000
;TYPE:Sparse infill
;WIDTH:3.2
G1 F2779.614
G1 X293.984 Y380.396 E49.70059
G1 X380.396 Y293.984 E527.5739
G1 X391.908 Y293.984 E49.70059
;WIPE_START
G1 F600
G1 X384.908 Y293.984 E-10
;WIPE_END
G1 Z416 F15000
G1 X293.984 Y554.718 Z416
G1 Z415
G1 E17 F9000
G1 F2779.614
G1 X293.984 Y543.206 E49.70059
G1 X543.206 Y293.984 E1521.58568
G1 X554.718 Y293.984 E49.70059
;WIPE_START
G1 F600
G1 X547.718 Y293.984 E-10
;WIPE_END
G1 Z416 F15000
G1 X706.016 Y391.908 Z416
G1 Z415
G1 E17 F9000
G1 F2779.614
G1 X706.016 Y380.396 E49.70059
G1 X619.604 Y293.984 E527.57392
G1 X608.092 Y293.984 E49.70059
;WIPE_START
G1 F600
G1 X615.092 Y293.984 E-10
;WIPE_END
G1 Z416 F15000
G1 X706.016 Y554.718 Z416
G1 Z415
G1 E17 F9000
G1 F2779.614
G1 X706.016 Y543.206 E49.70059
G1 X456.794 Y293.984 E1521.58569
G1 X445.282 Y293.984 E49.70059
;WIPE_START
G1 F600
G1 X452.282 Y293.984 E-10
;WIPE_END
G1 Z416 F15000
G1 X445.282 Y706.016 Z416
G1 Z415
G1 E17 F9000
G1 F2779.614
G1 X456.794 Y706.016 E49.70059
G1 X706.016 Y456.794 E1521.58571
G1 X706.016 Y445.282 E49.70059
M73 P98 R7
;WIPE_START
G1 F600
G1 X706.016 Y452.282 E-10
;WIPE_END
G1 Z416 F15000
G1 X694.503 Y706.016 Z416
G1 Z415
G1 E17 F9000
G1 F2779.614
G1 X706.016 Y706.016 E49.70059
G1 X293.984 Y293.984 E2515.59745
G1 X305.497 Y293.984 E49.70059
;WIPE_START
G1 F600
G1 X298.497 Y293.984 E-10
;WIPE_END
G1 Z416 F15000
G1 X305.497 Y706.016 Z416
G1 Z415
G1 E17 F9000
G1 F2779.614
G1 X293.984 Y706.016 E49.70028
G1 X706.016 Y293.984 E2515.59704
G1 X694.503 Y293.984 E49.7003
;WIPE_START
G1 F600
G1 X701.503 Y293.984 E-10
;WIPE_END
G1 Z416 F15000
G1 X608.092 Y706.016 Z416
G1 Z415
G1 E17 F9000
G1 F2779.614
G1 X619.604 Y706.016 E49.70059
G1 X706.016 Y619.604 E527.57393
G1 X706.016 Y608.092 E49.70059
;WIPE_START
G1 F600
G1 X706.016 Y615.092 E-10
;WIPE_END
G1 Z416 F15000
G1 X554.718 Y706.016 Z416
G1 Z415
G1 E17 F9000
G1 F2779.614
G1 X543.206 Y706.016 E49.70059
G1 X293.984 Y456.794 E1521.58569
G1 X293.984 Y445.282 E49.70059
;WIPE_START
G1 F600
G1 X293.984 Y452.282 E-10
;WIPE_END
G1 Z416 F15000
G1 X391.908 Y706.016 Z416
G1 Z415
G1 E17 F9000
G1 F2779.614
G1 X380.396 Y706.016 E49.70059
G1 X293.984 Y619.604 E527.57392
G1 X293.984 Y608.092 E49.70059
M73 P99 R6
; stop printing object Cube id:0 copy 0
;LAYER_CHANGE
;Z:416.5
;HEIGHT:1.5
;BEFORE_LAYER_CHANGE
;416.5
G92 E0

EXCLUDE_OBJECT_END NAME=Cube_id_0_copy_0
;AFTER_LAYER_CHANGE
;416.5
;_SET_FAN_SPEED_CHANGING_LAYER
; printing object Cube id:0 copy 0
;WIPE_START
G1 F600
G1 X293.984 Y615.092 E-10
;WIPE_END
EXCLUDE_OBJECT_START NAME=Cube_id_0_copy_0
G1 Z417.5 F15000
G1 X291.538 Y708.462 Z417.5
G1 Z416.5
G1 E17 F9000
;TYPE:Outer wall
;WIDTH:3.2
G1 F2779.615
G1 X291.538 Y291.538 E1799.91857
G1 X708.462 Y291.538 E1799.91857
G1 X708.462 Y708.462 E1799.91857
G1 X291.838 Y708.462 E1798.62343
;WIPE_START
G1 F600
G1 X291.833 Y701.462 E-10
;WIPE_END
G1 Z417.5 F15000
G1 X293.984 Y608.092 Z417.5
G1 Z416.5
G1 E17 F9000
;TYPE:Sparse infill
;WIDTH:3.2
G1 F2779.614
G1 X293.984 Y619.604 E49.70059
G1 X380.396 Y706.016 E527.57392
G1 X391.908 Y706.016 E49.70059
;WIPE_START
G1 F600
G1 X384.908 Y706.016 E-10
;WIPE_END
G1 Z417.5 F15000
G1 X293.984 Y445.282 Z417.5
G1 Z416.5
G1 E17 F9000
G1 F2779.614
G1 X293.984 Y456.794 E49.70059
G1 X543.206 Y706.016 E1521.58569
G1 X554.718 Y706.016 E49.70059
;WIPE_START
G1 F600
G1 X547.718 Y706.016 E-10
;WIPE_END
G1 Z417.5 F15000
G1 X706.016 Y608.092 Z417.5
G1 Z416.5
G1 E17 F9000
G1 F2779.614
G1 X706.016 Y619.604 E49.70059
G1 X619.604 Y706.016 E527.57393
G1 X608.092 Y706.016 E49.70059
M73 P99 R5
;WIPE_START
G1 F600
G1 X615.092 Y706.016 E-10
;WIPE_END
G1 Z417.5 F15000
G1 X706.016 Y445.282 Z417.5
G1 Z416.5
G1 E17 F9000
G1 F2779.614
G1 X706.016 Y456.794 E49.70059
G1 X456.794 Y706.016 E1521.58571
G1 X445.282 Y706.016 E49.70059
;WIPE_START
G1 F600
G1 X452.282 Y706.016 E-10
;WIPE_END
G1 Z417.5 F15000
G1 X445.282 Y293.984 Z417.5
G1 Z416.5
G1 E17 F9000
G1 F2779.614
G1 X456.794 Y293.984 E49.70059
G1 X706.016 Y543.206 E1521.58569
G1 X706.016 Y554.718 E49.70059
;WIPE_START
G1 F600
G1 X706.016 Y547.718 E-10
;WIPE_END
G1 Z417.5 F15000
G1 X694.503 Y293.984 Z417.5
G1 Z416.5
G1 E17 F9000
G1 F2779.614
G1 X706.016 Y293.984 E49.7003
G1 X293.984 Y706.016 E2515.59704
G1 X305.497 Y706.016 E49.70028
;WIPE_START
G1 F600
G1 X298.497 Y706.016 E-10
;WIPE_END
G1 Z417.5 F15000
G1 X305.497 Y293.984 Z417.5
G1 Z416.5
G1 E17 F9000
G1 F2779.614
G1 X293.984 Y293.984 E49.70059
G1 X706.016 Y706.016 E2515.59745
G1 X694.503 Y706.016 E49.70059
;WIPE_START
G1 F600
G1 X701.503 Y706.016 E-10
;WIPE_END
G1 Z417.5 F15000
G1 X608.092 Y293.984 Z417.5
G1 Z416.5
G1 E17 F9000
M73 P99 R4
G1 F2779.614
G1 X619.604 Y293.984 E49.70059
G1 X706.016 Y380.396 E527.57392
G1 X706.016 Y391.908 E49.70059
;WIPE_START
G1 F600
G1 X706.016 Y384.908 E-10
;WIPE_END
G1 Z417.5 F15000
G1 X554.718 Y293.984 Z417.5
G1 Z416.5
G1 E17 F9000
G1 F2779.614
G1 X543.206 Y293.984 E49.70059
G1 X293.984 Y543.206 E1521.58568
G1 X293.984 Y554.718 E49.70059
;WIPE_START
G1 F600
G1 X293.984 Y547.718 E-10
;WIPE_END
G1 Z417.5 F15000
G1 X391.908 Y293.984 Z417.5
G1 Z416.5
G1 E17 F9000
G1 F2779.614
G1 X380.396 Y293.984 E49.70059
G1 X293.984 Y380.396 E527.5739
G1 X293.984 Y391.908 E49.70059
; stop printing object Cube id:0 copy 0
;LAYER_CHANGE
;Z:418
;HEIGHT:1.5
;BEFORE_LAYER_CHANGE
;418
G92 E0

EXCLUDE_OBJECT_END NAME=Cube_id_0_copy_0
;AFTER_LAYER_CHANGE
;418
;_SET_FAN_SPEED_CHANGING_LAYER
; printing object Cube id:0 copy 0
;WIPE_START
G1 F600
G1 X293.984 Y384.908 E-10
;WIPE_END
EXCLUDE_OBJECT_START NAME=Cube_id_0_copy_0
G1 Z419 F15000
G1 X291.538 Y291.538 Z419
G1 Z418
G1 E17 F9000
;TYPE:Outer wall
;WIDTH:3.2
G1 F2779.615
G1 X708.462 Y291.538 E1799.91857
G1 X708.462 Y708.462 E1799.91857
G1 X291.538 Y708.462 E1799.91857
G1 X291.538 Y291.838 E1798.62343
;WIPE_START
G1 F600
G1 X298.538 Y291.833 E-10
;WIPE_END
G1 Z419 F15000
G1 X293.984 Y391.908 Z419
G1 Z418
M73 P99 R3
G1 E17 F9000
;TYPE:Sparse infill
;WIDTH:3.2
G1 F2779.614
G1 X293.984 Y380.396 E49.70059
G1 X380.396 Y293.984 E527.5739
G1 X391.908 Y293.984 E49.70059
;WIPE_START
G1 F600
G1 X384.908 Y293.984 E-10
;WIPE_END
G1 Z419 F15000
G1 X293.984 Y554.718 Z419
G1 Z418
G1 E17 F9000
G1 F2779.614
G1 X293.984 Y543.206 E49.70059
G1 X543.206 Y293.984 E1521.58568
G1 X554.718 Y293.984 E49.70059
;WIPE_START
G1 F600
G1 X547.718 Y293.984 E-10
;WIPE_END
G1 Z419 F15000
G1 X706.016 Y391.908 Z419
G1 Z418
G1 E17 F9000
G1 F2779.614
G1 X706.016 Y380.396 E49.70059
G1 X619.604 Y293.984 E527.57392
G1 X608.092 Y293.984 E49.70059
;WIPE_START
G1 F600
G1 X615.092 Y293.984 E-10
;WIPE_END
G1 Z419 F15000
G1 X706.016 Y554.718 Z419
G1 Z418
G1 E17 F9000
G1 F2779.614
G1 X706.016 Y543.206 E49.70059
G1 X456.794 Y293.984 E1521.58569
G1 X445.282 Y293.984 E49.70059
;WIPE_START
G1 F600
G1 X452.282 Y293.984 E-10
;WIPE_END
G1 Z419 F15000
G1 X445.282 Y706.016 Z419
G1 Z418
G1 E17 F9000
G1 F2779.614
G1 X456.794 Y706.016 E49.70059
G1 X706.016 Y456.794 E1521.58571
G1 X706.016 Y445.282 E49.70059
;WIPE_START
G1 F600
G1 X706.016 Y452.282 E-10
;WIPE_END
G1 Z419 F15000
G1 X694.503 Y706.016 Z419
G1 Z418
G1 E17 F9000
G1 F2779.614
G1 X706.016 Y706.016 E49.70059
G1 X293.984 Y293.984 E2515.59745
G1 X305.497 Y293.984 E49.70059
;WIPE_START
G1 F600
G1 X298.497 Y293.984 E-10
;WIPE_END
G1 Z419 F15000
M73 P99 R2
G1 X305.497 Y706.016 Z419
G1 Z418
G1 E17 F9000
G1 F2779.614
G1 X293.984 Y706.016 E49.70028
G1 X706.016 Y293.984 E2515.59704
G1 X694.503 Y293.984 E49.7003
;WIPE_START
G1 F600
G1 X701.503 Y293.984 E-10
;WIPE_END
G1 Z419 F15000
G1 X608.092 Y706.016 Z419
G1 Z418
G1 E17 F9000
G1 F2779.614
G1 X619.604 Y706.016 E49.70059
G1 X706.016 Y619.604 E527.57393
G1 X706.016 Y608.092 E49.70059
;WIPE_START
G1 F600
G1 X706.016 Y615.092 E-10
;WIPE_END
G1 Z419 F15000
G1 X554.718 Y706.016 Z419
G1 Z418
G1 E17 F9000
G1 F2779.614
G1 X543.206 Y706.016 E49.70059
G1 X293.984 Y456.794 E1521.58569
G1 X293.984 Y445.282 E49.70059
;WIPE_START
G1 F600
G1 X293.984 Y452.282 E-10
;WIPE_END
G1 Z419 F15000
G1 X391.908 Y706.016 Z419
G1 Z418
G1 E17 F9000
G1 F2779.614
G1 X380.396 Y706.016 E49.70059
G1 X293.984 Y619.604 E527.57392
G1 X293.984 Y608.092 E49.70059
; stop printing object Cube id:0 copy 0
;LAYER_CHANGE
;Z:419.5
;HEIGHT:1.5
;BEFORE_LAYER_CHANGE
;419.5
G92 E0

EXCLUDE_OBJECT_END NAME=Cube_id_0_copy_0
;AFTER_LAYER_CHANGE
;419.5
;_SET_FAN_SPEED_CHANGING_LAYER
; printing object Cube id:0 copy 0
;WIPE_START
G1 F600
G1 X293.984 Y615.092 E-10
;WIPE_END
EXCLUDE_OBJECT_START NAME=Cube_id_0_copy_0
G1 Z420.5 F15000
G1 X291.538 Y708.462 Z420.5
G1 Z419.5
G1 E17 F9000
;TYPE:Outer wall
;WIDTH:3.2
G1 F2779.615
G1 X291.538 Y291.538 E1799.91857
G1 X708.462 Y291.538 E1799.91857
G1 X708.462 Y708.462 E1799.91857
M73 P99 R1
G1 X291.838 Y708.462 E1798.62343
;WIPE_START
G1 F600
G1 X291.833 Y701.462 E-10
;WIPE_END
G1 Z420.5 F15000
G1 X294.128 Y608.235 Z420.5
G1 Z419.5
G1 E17 F9000
;TYPE:Sparse infill
;WIDTH:3.2
G1 F2779.614
G1 X294.128 Y619.748 E49.70059
G1 X380.252 Y705.872 E525.81673
G1 X391.765 Y705.872 E49.70059
;WIPE_START
G1 F600
G1 X384.765 Y705.872 E-10
;WIPE_END
G1 Z420.5 F15000
G1 X294.128 Y445.426 Z420.5
G1 Z419.5
G1 E17 F9000
G1 F2779.614
G1 X294.128 Y456.938 E49.70059
G1 X543.062 Y705.872 E1519.82851
G1 X554.574 Y705.872 E49.70059
;WIPE_START
G1 F600
G1 X547.574 Y705.872 E-10
;WIPE_END
G1 Z420.5 F15000
G1 X705.872 Y608.235 Z420.5
G1 Z419.5
G1 E17 F9000
G1 F2779.614
G1 X705.872 Y619.748 E49.70059
G1 X619.748 Y705.872 E525.81675
G1 X608.235 Y705.872 E49.70059
;WIPE_START
G1 F600
G1 X615.235 Y705.872 E-10
;WIPE_END
G1 Z420.5 F15000
G1 X705.872 Y445.426 Z420.5
G1 Z419.5
G1 E17 F9000
G1 F2779.614
G1 X705.872 Y456.938 E49.70059
G1 X456.938 Y705.872 E1519.82852
G1 X445.426 Y705.872 E49.70059
;WIPE_START
G1 F600
G1 X452.426 Y705.872 E-10
;WIPE_END
G1 Z420.5 F15000
G1 X445.426 Y294.128 Z420.5
G1 Z419.5
G1 E17 F9000
G1 F2779.614
G1 X456.938 Y294.128 E49.70059
G1 X705.872 Y543.062 E1519.82851
G1 X705.872 Y554.574 E49.70059
M73 P99 R0
;WIPE_START
G1 F600
G1 X705.872 Y547.574 E-10
;WIPE_END
G1 Z420.5 F15000
G1 X694.359 Y294.128 Z420.5
G1 Z419.5
G1 E17 F9000
G1 F2779.614
G1 X705.872 Y294.128 E49.7003
G1 X294.128 Y705.872 E2513.84008
G1 X305.641 Y705.872 E49.70028
;WIPE_START
G1 F600
G1 X298.641 Y705.872 E-10
;WIPE_END
G1 Z420.5 F15000
G1 X305.641 Y294.128 Z420.5
G1 Z419.5
G1 E17 F9000
G1 F2779.614
G1 X294.128 Y294.128 E49.70059
G1 X705.872 Y705.872 E2513.84027
G1 X694.359 Y705.872 E49.70059
;WIPE_START
G1 F600
G1 X701.359 Y705.872 E-10
;WIPE_END
G1 Z420.5 F15000
G1 X608.235 Y294.128 Z420.5
G1 Z419.5
G1 E17 F9000
G1 F2779.614
G1 X619.748 Y294.128 E49.70059
G1 X705.872 Y380.252 E525.81673
G1 X705.872 Y391.765 E49.70059
;WIPE_START
G1 F600
G1 X705.872 Y384.765 E-10
;WIPE_END
G1 Z420.5 F15000
G1 X554.574 Y294.128 Z420.5
G1 Z419.5
G1 E17 F9000
G1 F2779.614
G1 X543.062 Y294.128 E49.70059
G1 X294.128 Y543.062 E1519.82849
G1 X294.128 Y554.574 E49.70059
;WIPE_START
G1 F600
G1 X294.128 Y547.574 E-10
;WIPE_END
G1 Z420.5 F15000
G1 X391.765 Y294.128 Z420.5
G1 Z419.5
G1 E17 F9000
G1 F2779.614
G1 X380.252 Y294.128 E49.70059
G1 X294.128 Y380.252 E525.81672
G1 X294.128 Y391.765 E49.70059
; stop printing object Cube id:0 copy 0
;WIPE_START
G1 F600
G1 X294.128 Y384.765 E-10
;WIPE_END
EXCLUDE_OBJECT_END NAME=Cube_id_0_copy_0
M106 S0
;TYPE:Custom
; filament end gcode 
M106 P3 S0
END_PRINT
M73 P100 R0
; EXECUTABLE_BLOCK_END

; filament used [mm] = 6433676.87
; filament used [cm3] = 6433.69
; filament used [g] = 7913.43
; filament cost = 55.39
; total filament used [g] = 7913.43
; total filament cost = 55.39
; total layers count = 280
; estimated printing time (normal mode) = 11h 39m 6s
; estimated first layer printing time (normal mode) = 3s

; CONFIG_BLOCK_START
; accel_to_decel_enable = 0
; accel_to_decel_factor = 50%
; activate_air_filtration = 0
; activate_chamber_temp_control = 0
; active_feeder_motor_name = mixing_stepper
; adaptive_bed_mesh_margin = 0
; adaptive_layer_height = 0
; adaptive_layer_min_height = 0.08
; adaptive_layer_surface_step = 1
; adaptive_pressure_advance = 0
; adaptive_pressure_advance_bridges = 0
; adaptive_pressure_advance_model = "0,0,0\n0,0,0"
; adaptive_pressure_advance_overhangs = 0
; additional_cooling_fan_speed = 70
; align_infill_direction_to_model = 0
; alternate_extra_wall = 0
; auxiliary_fan = 0
; bbl_calib_mark_logo = 1
; bbl_use_printhost = 0
; bed_custom_model = 
; bed_custom_texture = 
; bed_exclude_area = 0x0
; bed_mesh_max = 99999,99999
; bed_mesh_min = -99999,-99999
; bed_mesh_probe_distance = 50,50
; before_layer_change_gcode = ;BEFORE_LAYER_CHANGE\n;[layer_z]\nG92 E0\n
; best_object_pos = 0.5,0.5
; bottom_shell_layers = 2
; bottom_shell_thickness = 0
; bottom_solid_infill_flow_ratio = 1
; bottom_surface_density = 100%
; bottom_surface_pattern = monotonic
; bridge_acceleration = 50%
; bridge_angle = 0
; bridge_density = 100%
; bridge_flow = 1
; bridge_no_support = 0
; bridge_speed = 25
; brim_ears_detection_length = 1
; brim_ears_max_angle = 125
; brim_object_gap = 0
; brim_type = outer_only
; brim_width = 20
; calib_flowrate_topinfill_special_order = 0
; chamber_temperature = 0
; change_extrusion_role_gcode = 
; change_filament_gcode = 
; close_fan_the_first_x_layers = 4
; complete_print_exhaust_fan_speed = 70
; cool_plate_temp = 35
; cool_plate_temp_initial_layer = 35
; cooling_tube_length = 5
; cooling_tube_retraction = 91.5
; counterbore_hole_bridging = none
; curr_bed_type = High Temp Plate
; default_acceleration = 1500
; default_bed_type = 
; default_filament_colour = ""
; default_filament_profile = "Generic PLA"
; default_jerk = 5
; default_junction_deviation = 0
; default_print_profile = 1.50mm Standard @Ginger G1
; deretraction_speed = 200
; detect_narrow_internal_solid_infill = 1
; detect_overhang_wall = 1
; detect_thin_wall = 0
; different_settings_to_system = max_volumetric_extrusion_rate_slope_segment_length;seam_slope_type;;
; disable_m73 = 0
; dont_filter_internal_bridges = disabled
; dont_slow_down_outer_wall = 0
; draft_shield = disabled
; during_print_exhaust_fan_speed = 70
; elefant_foot_compensation = 0
; elefant_foot_compensation_layers = 1
; emit_machine_limits_to_gcode = 1
; enable_arc_fitting = 0
; enable_extra_bridge_layer = disabled
; enable_filament_ramming = 1
; enable_long_retraction_when_cut = 0
; enable_overhang_bridge_fan = 0
; enable_overhang_speed = 0
; enable_pressure_advance = 1
; enable_prime_tower = 0
; enable_support = 0
; enforce_support_layers = 0
; eng_plate_temp = 0
; eng_plate_temp_initial_layer = 0
; ensure_vertical_shell_thickness = none
; exclude_object = 1
; extra_loading_move = -2
; extra_perimeters_on_overhangs = 0
; extra_solid_infills = 
; extruder_clearance_height_to_lid = 200
; extruder_clearance_height_to_rod = 100
; extruder_clearance_radius = 200
; extruder_colour = #d72828
; extruder_offset = 0x0
; extruder_rotation_volume = 640
; extrusion_rate_smoothing_external_perimeter_only = 0
; fan_cooling_layer_time = 100
; fan_kickstart = 0
; fan_max_speed = 0
; fan_min_speed = 0
; fan_speedup_overhangs = 1
; fan_speedup_time = 0
; filament_colour = #d72828
; filament_cooling_final_speed = 3.4
; filament_cooling_initial_speed = 2.2
; filament_cooling_moves = 4
; filament_cost = 7
; filament_density = 1.23
; filament_deretraction_speed = 150
; filament_diameter = 1.12838
; filament_end_gcode = "; filament end gcode \nM106 P3 S0\n"
; filament_flow_ratio = 1
; filament_ids = P510eff9
; filament_is_support = 0
; filament_loading_speed = 28
; filament_loading_speed_start = 3
; filament_max_volumetric_speed = 200
; filament_minimal_purge_on_wipe_tower = 15
; filament_multitool_ramming = 0
; filament_multitool_ramming_flow = 10
; filament_multitool_ramming_volume = 10
; filament_notes = ""
; filament_ramming_parameters = "120 100 6.6 6.8 7.2 7.6 7.9 8.2 8.7 9.4 9.9 10.0| 0.05 6.6 0.45 6.8 0.95 7.8 1.45 8.3 1.95 9.7 2.45 10 2.95 7.6 3.45 7.6 3.95 7.6 4.45 7.6 4.95 7.6"
; filament_retract_before_wipe = 0%
; filament_retract_restart_extra = 7
; filament_retract_when_changing_layer = 0
; filament_retraction_length = 10
; filament_retraction_minimum_travel = 0
; filament_retraction_speed = 150
; filament_settings_id = "FormFutura rPETG"
; filament_shrink = 100%
; filament_shrinkage_compensation_z = 100%
; filament_soluble = 0
; filament_stamping_distance = 0
; filament_stamping_loading_speed = 0
; filament_start_gcode = "SET_PRESSURE_ADVANCE EXTRUDER=extruder SMOOTH_TIME=0.4"
; filament_toolchange_delay = 0
; filament_type = PETG
; filament_unloading_speed = 90
; filament_unloading_speed_start = 100
; filament_vendor = FormFutura
; filament_wipe = 1
; filament_wipe_distance = 7
; filament_z_hop = 1
; filament_z_hop_types = Normal Lift
; filename_format = {input_filename_base}_{filament_type[initial_tool]}_{print_time}.gcode
; fill_multiline = 1
; filter_out_gap_fill = 0
; first_layer_print_sequence = 0
; flush_into_infill = 0
; flush_into_objects = 0
; flush_into_support = 1
; flush_multiplier = 0
; flush_volumes_matrix = 0
; flush_volumes_vector = 140,140
; full_fan_speed_layer = 8
; fuzzy_skin = none
; fuzzy_skin_first_layer = 0
; fuzzy_skin_mode = displacement
; fuzzy_skin_noise_type = classic
; fuzzy_skin_octaves = 4
; fuzzy_skin_persistence = 0.5
; fuzzy_skin_point_distance = 0.8
; fuzzy_skin_scale = 1
; fuzzy_skin_thickness = 0.3
; gap_fill_target = nowhere
; gap_infill_speed = 120
; gcode_add_line_number = 0
; gcode_comments = 0
; gcode_flavor = klipper
; gcode_label_objects = 1
; has_scarf_joint_seam = 0
; head_wrap_detect_zone = 
; high_current_on_filament_swap = 0
; hole_to_polyhole = 0
; hole_to_polyhole_threshold = 0.01
; hole_to_polyhole_twisted = 1
; host_type = octoprint
; hot_plate_temp = 80
; hot_plate_temp_initial_layer = 80
; idle_temperature = 0
; independent_support_layer_height = 1
; infill_anchor = 400%
; infill_anchor_max = 30
; infill_combination = 0
; infill_combination_max_layer_height = 100%
; infill_direction = 45
; infill_jerk = 5
; infill_lock_depth = 1
; infill_overhang_angle = 60
; infill_shift_step = 0.4
; infill_wall_overlap = 15%
; initial_layer_acceleration = 300
; initial_layer_infill_speed = 40
; initial_layer_jerk = 1
; initial_layer_line_width = 3.2
; initial_layer_min_bead_width = 85%
; initial_layer_print_height = 1
; initial_layer_speed = 40
; initial_layer_travel_speed = 100%
; inner_wall_acceleration = 1500
; inner_wall_jerk = 5
; inner_wall_line_width = 3.2
; inner_wall_speed = 120
; interface_shells = 0
; interlocking_beam = 0
; interlocking_beam_layer_count = 2
; interlocking_beam_width = 0.8
; interlocking_boundary_avoidance = 2
; interlocking_depth = 2
; interlocking_orientation = 22.5
; internal_bridge_angle = 0
; internal_bridge_density = 100%
; internal_bridge_fan_speed = -1
; internal_bridge_flow = 1
; internal_bridge_speed = 150%
; internal_solid_infill_acceleration = 100%
; internal_solid_infill_line_width = 3.2
; internal_solid_infill_pattern = monotonic
; internal_solid_infill_speed = 120
; ironing_angle = -1
; ironing_fan_speed = -1
; ironing_flow = 10%
; ironing_inset = 0
; ironing_pattern = rectilinear
; ironing_spacing = 0.1
; ironing_speed = 20
; ironing_type = no ironing
; is_infill_first = 0
; lateral_lattice_angle_1 = -45
; lateral_lattice_angle_2 = 45
; layer_change_gcode = ;AFTER_LAYER_CHANGE\n;[layer_z]
; layer_height = 1.5
; line_width = 3.2
; long_retractions_when_cut = 0
; machine_end_gcode = END_PRINT
; machine_load_filament_time = 0
; machine_max_acceleration_e = 1000,5000
; machine_max_acceleration_extruding = 2500,20000
; machine_max_acceleration_retracting = 2500,5000
; machine_max_acceleration_travel = 20000,20000
; machine_max_acceleration_x = 2500,20000
; machine_max_acceleration_y = 2500,20000
; machine_max_acceleration_z = 200,200
; machine_max_jerk_e = 30,2.5
; machine_max_jerk_x = 7,9
; machine_max_jerk_y = 7,9
; machine_max_jerk_z = 1,0.4
; machine_max_junction_deviation = 0,0
; machine_max_speed_e = 500,25
; machine_max_speed_x = 300,200
; machine_max_speed_y = 300,200
; machine_max_speed_z = 8,12
; machine_min_extruding_rate = 0,0
; machine_min_travel_rate = 0,0
; machine_pause_gcode = PAUSE
; machine_start_gcode = START_PRINT BED_TEMPERATURE=[bed_temperature_initial_layer] KAMP_LEVELING=1 EXTRUDER_ROTATION_VOLUME={extruder_rotation_volume[0]} MIXING_STEPPER_ROTATION_VOLUME={mixing_stepper_rotation_volume[0]} PURGE_LAYER_HEIGHT=2 PURGE_PARKING_SPEED=10000 PURGE_LENGHT=500 PURGE_SPEED=400 PURGE_MATERIAL_QUANTITY=15000 EXTRUDER_TEMPERATURE=[nozzle_temperature] EXTRUDER_TEMPERATURE_INITIAL_LAYER=[nozzle_temperature_initial_layer] PRESSURE_ADVANCE=0.2 PRESSURE_ADVANCE_SMOOTH_TIME=0.5 ZONE_1_TEMPERATURE={multi_zone_1_initial_layer[0]} ZONE_2_TEMPERATURE={multi_zone_2_initial_layer[0]} ZONE_3_TEMPERATURE={multi_zone_3_initial_layer[0]}
; machine_tool_change_time = 0
; machine_unload_filament_time = 0
; make_overhang_printable = 0
; make_overhang_printable_angle = 55
; make_overhang_printable_hole_size = 0
; manual_filament_change = 0
; max_bridge_length = 10
; max_layer_height = 2.5
; max_resonance_avoidance_speed = 120
; max_travel_detour_distance = 0
; max_volumetric_extrusion_rate_slope = 200
; max_volumetric_extrusion_rate_slope_segment_length = 0.5
; min_bead_width = 50%
; min_feature_size = 25%
; min_layer_height = 0.1
; min_length_factor = 0.5
; min_resonance_avoidance_speed = 70
; min_skirt_length = 0
; min_width_top_surface = 300%
; minimum_sparse_infill_area = 15
; mixing_stepper_rotation_volume = 8000
; mmu_segmented_region_interlocking_depth = 0
; mmu_segmented_region_max_width = 0
; multi_zone = 1
; multi_zone_10_initial_layer = 200
; multi_zone_10_temperature = 200
; multi_zone_1_initial_layer = 215
; multi_zone_1_temperature = 215
; multi_zone_2_initial_layer = 235
; multi_zone_2_temperature = 235
; multi_zone_3_initial_layer = 235
; multi_zone_3_temperature = 235
; multi_zone_4_initial_layer = 200
; multi_zone_4_temperature = 200
; multi_zone_5_initial_layer = 200
; multi_zone_5_temperature = 200
; multi_zone_6_initial_layer = 200
; multi_zone_6_temperature = 200
; multi_zone_7_initial_layer = 200
; multi_zone_7_temperature = 200
; multi_zone_8_initial_layer = 200
; multi_zone_8_temperature = 200
; multi_zone_9_initial_layer = 200
; multi_zone_9_temperature = 200
; multi_zone_number = 3
; notes = 
; nozzle_diameter = 3
; nozzle_height = 2.5
; nozzle_hrc = 0
; nozzle_temperature = 220
; nozzle_temperature_initial_layer = 220
; nozzle_temperature_range_high = 260
; nozzle_temperature_range_low = 210
; nozzle_type = undefine
; nozzle_volume = 0
; only_one_wall_first_layer = 0
; only_one_wall_top = 0
; ooze_prevention = 0
; other_layers_print_sequence = 0
; other_layers_print_sequence_nums = 0
; outer_wall_acceleration = 1500
; outer_wall_jerk = 5
; outer_wall_line_width = 3.2
; outer_wall_speed = 120
; overhang_1_4_speed = 0
; overhang_2_4_speed = 30
; overhang_3_4_speed = 20
; overhang_4_4_speed = 10
; overhang_fan_speed = 100
; overhang_fan_threshold = 50%
; overhang_reverse = 0
; overhang_reverse_internal_only = 1
; overhang_reverse_threshold = 0%
; parking_pos_retraction = 92
; pellet_ers_mode = 0
; pellet_ers_travel_threshold_mm = 3
; pellet_flow_coefficient = 1
; pellet_modded_printer = 1
; post_process = 
; precise_outer_wall = 0
; precise_z_height = 0
; preferred_orientation = 0
; preheat_steps = 1
; preheat_time = 30
; pressure_advance = 0.25
; prime_tower_brim_width = 3
; prime_tower_width = 60
; prime_volume = 45
; print_compatible_printers = "Ginger G1 3.0 nozzle"
; print_flow_ratio = 1
; print_order = default
; print_sequence = by layer
; print_settings_id = 1.50mm Standard
; printable_area = 0x0,1000x0,1000x1000,0x1000
; printable_height = 1000
; printer_model = Ginger G1
; printer_notes = 
; printer_settings_id = Ginger G1 3.0 nozzle
; printer_structure = undefine
; printer_technology = FFF
; printer_variant = 3.0
; printhost_authorization_type = key
; printhost_ssl_ignore_revoke = 0
; printing_by_object_gcode = 
; purge_in_prime_tower = 1
; raft_contact_distance = 0.1
; raft_expansion = 1.5
; raft_first_layer_density = 100%
; raft_first_layer_expansion = 2
; raft_layers = 0
; reduce_crossing_wall = 0
; reduce_fan_stop_start_freq = 0
; reduce_infill_retraction = 0
; required_nozzle_HRC = 0
; resolution = 0.05
; resonance_avoidance = 0
; retract_before_wipe = 0%
; retract_length_toolchange = 2
; retract_lift_above = 0
; retract_lift_below = 0
; retract_lift_enforce = All Surfaces
; retract_restart_extra = 10
; retract_restart_extra_toolchange = 0
; retract_when_changing_layer = 0
; retraction_distances_when_cut = 18
; retraction_length = 10
; retraction_minimum_travel = 10
; retraction_speed = 30
; role_based_wipe_speed = 0
; scan_first_layer = 0
; scarf_angle_threshold = 155
; scarf_joint_flow_ratio = 1
; scarf_joint_speed = 100%
; scarf_overhang_threshold = 40%
; seam_gap = 10%
; seam_position = nearest
; seam_slope_conditional = 0
; seam_slope_entire_loop = 0
; seam_slope_inner_walls = 0
; seam_slope_min_length = 5
; seam_slope_start_height = 50%
; seam_slope_steps = 10
; seam_slope_type = none
; silent_mode = 0
; single_extruder_multi_material = 1
; single_extruder_multi_material_priming = 0
; single_loop_draft_shield = 0
; skeleton_infill_density = 25%
; skeleton_infill_line_width = 3
; skin_infill_density = 25%
; skin_infill_depth = 2
; skin_infill_line_width = 3
; skirt_distance = 10
; skirt_height = 1
; skirt_loops = 1
; skirt_speed = 50
; skirt_start_angle = -135
; skirt_type = combined
; slice_closing_radius = 0.049
; slicing_mode = regular
; slow_down_for_layer_cooling = 1
; slow_down_layer_time = 50
; slow_down_layers = 0
; slow_down_min_speed = 1
; slowdown_for_curled_perimeters = 0
; small_area_infill_flow_compensation = 0
; small_area_infill_flow_compensation_model = 0,0;"\n0.2,0.4444";"\n0.4,0.6145";"\n0.6,0.7059";"\n0.8,0.7619";"\n1.5,0.8571";"\n10,1";"\n2,0.8889";"\n3,0.9231";"\n5,0.9520"
; small_perimeter_speed = 50%
; small_perimeter_threshold = 0
; solid_infill_direction = 45
; solid_infill_filament = 1
; solid_infill_rotate_template = 
; sparse_infill_acceleration = 1500
; sparse_infill_density = 5%
; sparse_infill_filament = 1
; sparse_infill_line_width = 3.2
; sparse_infill_pattern = grid
; sparse_infill_rotate_template = 
; sparse_infill_speed = 120
; spiral_finishing_flow_ratio = 0
; spiral_mode = 0
; spiral_mode_max_xy_smoothing = 200%
; spiral_mode_smooth = 1
; spiral_starting_flow_ratio = 0
; staggered_inner_seams = 0
; standby_temperature_delta = -5
; start_end_points = 30x-3,54x245
; supertack_plate_temp = 35
; supertack_plate_temp_initial_layer = 35
; support_air_filtration = 0
; support_angle = 0
; support_base_pattern = default
; support_base_pattern_spacing = 2.5
; support_bottom_interface_spacing = 0.5
; support_bottom_z_distance = 0.2
; support_chamber_temp_control = 0
; support_critical_regions_only = 1
; support_expansion = 0
; support_filament = 0
; support_interface_bottom_layers = 0
; support_interface_filament = 0
; support_interface_loop_pattern = 0
; support_interface_not_for_body = 1
; support_interface_pattern = auto
; support_interface_spacing = 2
; support_interface_speed = 80
; support_interface_top_layers = 3
; support_ironing = 0
; support_ironing_flow = 10%
; support_ironing_pattern = rectilinear
; support_ironing_spacing = 0.1
; support_line_width = 3.2
; support_material_interface_fan_speed = -1
; support_multi_bed_types = 0
; support_object_first_layer_gap = 0.2
; support_object_xy_distance = 10
; support_on_build_plate_only = 1
; support_remove_small_overhang = 1
; support_speed = 120
; support_style = default
; support_threshold_angle = 30
; support_threshold_overlap = 50%
; support_top_z_distance = 0.3
; support_type = tree(auto)
; symmetric_infill_y_axis = 0
; temperature_vitrification = 75
; template_custom_gcode = 
; textured_cool_plate_temp = 40
; textured_cool_plate_temp_initial_layer = 40
; textured_plate_temp = 55
; textured_plate_temp_initial_layer = 55
; thick_bridges = 0
; thick_internal_bridges = 0
; thumbnails = 50x50/PNG
; thumbnails_format = PNG
; time_cost = 0
; time_lapse_gcode = 
; timelapse_type = 0
; top_bottom_infill_wall_overlap = 10%
; top_shell_layers = 0
; top_shell_thickness = 0.6
; top_solid_infill_flow_ratio = 1
; top_surface_acceleration = 1500
; top_surface_density = 100%
; top_surface_jerk = 5
; top_surface_line_width = 3.2
; top_surface_pattern = concentric
; top_surface_speed = 120
; travel_acceleration = 1500
; travel_jerk = 5
; travel_slope = 3
; travel_speed = 250
; travel_speed_z = 0
; tree_support_adaptive_layer_height = 1
; tree_support_angle_slow = 30
; tree_support_auto_brim = 1
; tree_support_branch_angle = 40
; tree_support_branch_angle_organic = 50
; tree_support_branch_diameter = 5
; tree_support_branch_diameter_angle = 5
; tree_support_branch_diameter_organic = 10
; tree_support_branch_distance = 5
; tree_support_branch_distance_organic = 1
; tree_support_brim_width = 3
; tree_support_tip_diameter = 9
; tree_support_top_rate = 30%
; tree_support_wall_count = 0
; upward_compatible_machine = 
; use_active_pellet_feeding = 1
; use_extruder_rotation_volume = 1
; use_firmware_retraction = 0
; use_relative_e_distances = 1
; wall_direction = auto
; wall_distribution_count = 1
; wall_filament = 1
; wall_generator = arachne
; wall_loops = 1
; wall_sequence = inner wall/outer wall
; wall_transition_angle = 10
; wall_transition_filter_deviation = 25%
; wall_transition_length = 100%
; wipe = 1
; wipe_before_external_loop = 0
; wipe_distance = 10
; wipe_on_loops = 1
; wipe_speed = 8
; wipe_tower_bridging = 10
; wipe_tower_cone_angle = 0
; wipe_tower_extra_flow = 100%
; wipe_tower_extra_rib_length = 0
; wipe_tower_extra_spacing = 100%
; wipe_tower_filament = 0
; wipe_tower_fillet_wall = 1
; wipe_tower_max_purge_speed = 90
; wipe_tower_no_sparse_layers = 0
; wipe_tower_rib_width = 8
; wipe_tower_rotation_angle = 0
; wipe_tower_wall_type = rectangle
; wipe_tower_x = 165.000
; wipe_tower_x = 165
; wipe_tower_y = 250.000
; wipe_tower_y = 250
; wiping_volumes_extruders = 70,70,70,70,70,70,70,70,70,70
; xy_contour_compensation = 0
; xy_hole_compensation = 0
; z_hop = 1
; z_hop_types = Normal Lift
; z_offset = 0
; first_layer_bed_temperature = 80
; bed_shape = 0x0,1000x0,1000x1000,0x1000
; first_layer_temperature = 220
; first_layer_height = 1.000
; CONFIG_BLOCK_END


